version 1
nodes
  0 "bone_21"  -1
  1 "bone_27"  -1
  2 "bone_29"   1
  3 "bone_30"   2
  4 "bone_26"   1
  5 "bone_3"   4
  6 "bone_28"   4
  7 "bone_7"   6
  8 "bone_10"   6
  9 "bone_11"   6
 10 "bone_12"   6
 11 "bone_13"   6
 12 "bone_0"   4
 13 "bone_14"  12
 14 "bone_1"  13
 15 "bone_5"  14
 16 "bons_041"  15
 17 "bons_40"  16
 18 "bone_23"   4
 19 "bone_24"  18
 20 "bone_2"  19
 21 "bone_19"  20
 22 "bone_20"   4
 23 "bone_34"   1
end
skeleton
time 0
  0 4.103849 8.412075 291.691650 0.000000 -0.000000 0.000000
  1 4.103849 4.420429 140.955078 0.000000 0.000000 0.000000
  2 -0.186268 0.167365 -1.425583 0.000000 -0.000000 0.000000
  3 0.923381 -2.004174 -52.426407 0.000000 -0.000000 0.000000
  4 0.209927 0.167365 1.789505 0.000000 -0.000000 0.000000
  5 -0.585070 76.941765 3.144211 0.000000 -0.000000 0.000000
  6 -0.737603 -0.548838 40.203674 0.000000 -0.000000 0.000000
  7 2.553308 6.731494 96.225998 0.000000 -0.000000 0.000000
  8 25.337776 -9.646732 2.086914 0.000000 -0.000000 0.000000
  9 -23.810329 -7.093720 2.086914 0.000000 -0.000000 0.000000
 10 -7.352507 52.005493 -48.397385 0.000000 -0.000000 0.000000
 11 -0.684172 -0.276030 30.967377 0.000000 -0.000000 0.000000
 12 -13.534458 -1.160922 22.015198 0.000000 -0.000000 0.000000
 13 -20.972830 -0.005867 -27.595078 0.000000 -0.000000 0.000000
 14 -18.070225 -6.045796 -20.586174 -0.000000 0.000000 -0.000000
 15 -107.218307 -31.215200 -98.328796 -0.000000 -0.000000 -0.000000
 16 0.492569 -33.874817 19.443985 0.000000 -0.000000 0.000000
 17 0.000015 -0.000015 -0.000011 -0.000000 0.000000 -0.000000
 18 12.176292 -0.829269 23.085022 0.000000 -0.000000 0.000000
 19 23.438765 1.362875 -28.210831 0.000000 -0.000000 0.000000
 20 17.520042 -4.855559 -21.387665 0.000000 -0.000000 0.000000
 21 6.597038 5.855779 -9.931335 0.000000 -0.000000 0.000000
 22 -0.072890 -1.214048 9.388031 0.000000 -0.000000 0.000000
 23 0.000011 -5.381660 -154.110336 -0.034538 -0.005058 -0.145357
end
triangles
Soldiers_Siege_red_2.TGA
 16 -154.469574 -60.010292 30.104065 -0.480074 -0.033357 -0.876593 0.131794 0.147296 1 16 1.000000
 16 -154.533493 -50.458992 29.775608 -0.027759 -0.572366 -0.819528 0.131794 0.144754 1 16 1.000000
 16 -150.865555 -50.507244 30.185074 0.468958 -0.424858 -0.774322 0.130523 0.144754 1 16 1.000000
Soldiers_Siege_red_2.TGA
 16 -153.257584 -19.183184 4.872638 0.538475 0.831511 -0.136509 0.131229 0.136847 1 16 1.000000
 16 -153.287247 -35.752983 2.073562 0.661297 -0.060249 -0.747702 0.132076 0.140942 1 16 1.000000
 16 -156.710129 -35.756165 2.132033 -0.676690 -0.056085 -0.734127 0.132782 0.140942 1 16 1.000000
Soldiers_Siege_red_2.TGA
 16 -156.710129 -35.756165 2.132033 -0.676690 -0.056085 -0.734127 0.132782 0.140942 1 16 1.000000
 16 -156.653824 -19.185120 4.999393 -0.549928 0.830741 -0.086303 0.132217 0.136847 1 16 1.000000
 16 -153.257584 -19.183184 4.872638 0.538475 0.831511 -0.136509 0.131229 0.136847 1 16 1.000000
Soldiers_Siege_red_2.TGA
 16 -156.220932 -30.246084 24.616018 -0.741304 0.666243 0.081167 0.149444 0.056363 1 16 1.000000
 16 -154.716843 -45.877895 20.211857 -0.058216 -0.619276 -0.783011 0.150856 0.078391 1 16 1.000000
 16 -158.158722 -50.514301 30.356411 -0.502908 -0.394295 -0.769164 0.162152 0.080650 1 16 1.000000
Soldiers_Siege_red_2.TGA
 16 -158.158722 -50.514301 30.356411 -0.502908 -0.394295 -0.769164 0.162152 0.080650 1 16 1.000000
 16 -158.168610 -30.868231 30.164219 -0.780728 0.589131 -0.208298 0.162152 0.057493 1 16 1.000000
 16 -156.220932 -30.246084 24.616018 -0.741304 0.666243 0.081167 0.149444 0.056363 1 16 1.000000
Soldiers_Siege_red_2.TGA
 16 -152.818604 -30.243597 24.506685 0.514358 0.837364 0.185089 0.131370 0.133741 1 16 1.000000
 16 -156.220932 -30.246084 24.616018 -0.741304 0.666243 0.081167 0.132076 0.133600 1 16 1.000000
 16 -158.168610 -30.868231 30.164219 -0.780728 0.589131 -0.208298 0.132076 0.131199 1 16 1.000000
Soldiers_Siege_red_2.TGA
 16 -158.168610 -30.868231 30.164219 -0.780728 0.589131 -0.208298 0.132076 0.131199 1 16 1.000000
 16 -150.875458 -30.861040 29.992878 0.594852 0.791086 0.142595 0.130523 0.131199 1 16 1.000000
 16 -152.818604 -30.243597 24.506685 0.514358 0.837364 0.185089 0.131370 0.133741 1 16 1.000000
Soldiers_Siege_red_2.TGA
 16 -154.716843 -45.877895 20.211857 -0.058216 -0.619276 -0.783011 0.113508 0.078391 1 16 1.000000
 16 -151.945969 -31.975887 24.346081 0.968810 0.157915 -0.190974 0.114850 0.056363 1 16 1.000000
 16 -149.854431 -32.486290 28.991501 0.973617 0.193266 0.121315 0.102142 0.057493 1 16 1.000000
Soldiers_Siege_red_2.TGA
 16 -149.854431 -32.486290 28.991501 0.973617 0.193266 0.121315 0.102142 0.057493 1 16 1.000000
 16 -150.865555 -50.507244 30.185074 0.468958 -0.424858 -0.774322 0.102142 0.080650 1 16 1.000000
 16 -154.716843 -45.877895 20.211857 -0.058216 -0.619276 -0.783011 0.113508 0.078391 1 16 1.000000
Soldiers_Siege_red_2.TGA
 16 -151.945969 -31.975887 24.346081 0.968810 0.157915 -0.190974 0.114850 0.056363 1 16 1.000000
 16 -154.716843 -45.877895 20.211857 -0.058216 -0.619276 -0.783011 0.113508 0.078391 1 16 1.000000
 16 -153.303223 -38.186932 6.958337 0.836015 -0.548613 -0.010096 0.135888 0.071048 1 16 1.000000
Soldiers_Siege_red_2.TGA
 16 -153.303223 -38.186932 6.958337 0.836015 -0.548613 -0.010096 0.135888 0.071048 1 16 1.000000
 16 -153.228683 -21.293957 9.462827 0.606476 0.794515 0.030548 0.133629 0.047892 1 16 1.000000
 16 -151.945969 -31.975887 24.346081 0.968810 0.157915 -0.190974 0.114850 0.056363 1 16 1.000000
Soldiers_Siege_red_2.TGA
 16 -156.501648 -21.298246 9.503001 -0.621668 0.780568 0.065127 0.111390 0.043373 1 16 1.000000
 16 -156.589142 -38.191353 6.964578 -0.844379 -0.529606 0.080888 0.105601 0.063141 1 16 1.000000
 16 -154.716843 -45.877895 20.211857 -0.058216 -0.619276 -0.783011 0.115697 0.066530 1 16 1.000000
Soldiers_Siege_red_2.TGA
 16 -154.716843 -45.877895 20.211857 -0.058216 -0.619276 -0.783011 0.115697 0.066530 1 16 1.000000
 16 -156.220932 -30.246084 24.616018 -0.741304 0.666243 0.081167 0.122616 0.046762 1 16 1.000000
 16 -156.501648 -21.298246 9.503001 -0.621668 0.780568 0.065127 0.111390 0.043373 1 16 1.000000
Soldiers_Siege_red_2.TGA
 16 -153.228683 -21.293957 9.462827 0.606476 0.794515 0.030548 0.131370 0.140519 1 16 1.000000
 16 -156.501648 -21.298246 9.503001 -0.621668 0.780568 0.065127 0.132076 0.140377 1 16 1.000000
 16 -156.220932 -30.246084 24.616018 -0.741304 0.666243 0.081167 0.132076 0.138118 1 16 1.000000
Soldiers_Siege_red_2.TGA
 16 -156.220932 -30.246084 24.616018 -0.741304 0.666243 0.081167 0.132076 0.138118 1 16 1.000000
 16 -152.818604 -30.243597 24.506685 0.514358 0.837364 0.185089 0.131370 0.138118 1 16 1.000000
 16 -153.228683 -21.293957 9.462827 0.606476 0.794515 0.030548 0.131370 0.140519 1 16 1.000000
Soldiers_Siege_red_2.TGA
 16 -156.582306 -22.155336 7.663746 -0.818670 0.573995 0.017586 0.122333 0.137553 1 16 1.000000
 16 -156.646210 -40.295486 3.562243 -0.566978 -0.773532 -0.283167 0.120498 0.142072 1 16 1.000000
 16 -156.589142 -38.191353 6.964578 -0.844379 -0.529606 0.080888 0.122051 0.141507 1 16 1.000000
Soldiers_Siege_red_2.TGA
 16 -156.589142 -38.191353 6.964578 -0.844379 -0.529606 0.080888 0.122051 0.141507 1 16 1.000000
 16 -156.501648 -21.298246 9.503001 -0.621668 0.780568 0.065127 0.123181 0.137412 1 16 1.000000
 16 -156.582306 -22.155336 7.663746 -0.818670 0.573995 0.017586 0.122333 0.137553 1 16 1.000000
Soldiers_Siege_red_2.TGA
 16 -153.186066 -22.153534 7.536993 0.826248 0.563296 -0.003524 0.131370 0.141224 1 16 1.000000
 16 -156.582306 -22.155336 7.663746 -0.818670 0.573995 0.017586 0.132076 0.141224 1 16 1.000000
 16 -156.501648 -21.298246 9.503001 -0.621668 0.780568 0.065127 0.132076 0.140377 1 16 1.000000
Soldiers_Siege_red_2.TGA
 16 -156.501648 -21.298246 9.503001 -0.621668 0.780568 0.065127 0.132076 0.140377 1 16 1.000000
 16 -153.228683 -21.293957 9.462827 0.606476 0.794515 0.030548 0.131370 0.140519 1 16 1.000000
 16 -153.186066 -22.153534 7.536993 0.826248 0.563296 -0.003524 0.131370 0.141224 1 16 1.000000
Soldiers_Siege_red_2.TGA
 16 -153.360291 -40.289265 3.556153 0.560406 -0.776378 -0.288411 0.143796 0.142072 1 16 1.000000
 16 -153.186066 -22.153534 7.536993 0.826248 0.563296 -0.003524 0.141819 0.137553 1 16 1.000000
 16 -153.228683 -21.293957 9.462827 0.606476 0.794515 0.030548 0.140972 0.137412 1 16 1.000000
Soldiers_Siege_red_2.TGA
 16 -153.228683 -21.293957 9.462827 0.606476 0.794515 0.030548 0.140972 0.137412 1 16 1.000000
 16 -153.303223 -38.186932 6.958337 0.836015 -0.548613 -0.010096 0.142101 0.141507 1 16 1.000000
 16 -153.360291 -40.289265 3.556153 0.560406 -0.776378 -0.288411 0.143796 0.142072 1 16 1.000000
Soldiers_Siege_red_2.TGA
 16 -156.646210 -40.295486 3.562243 -0.566978 -0.773532 -0.283167 0.131511 0.142919 1 16 1.000000
 16 -153.360291 -40.289265 3.556153 0.560406 -0.776378 -0.288411 0.132217 0.142919 1 16 1.000000
 16 -153.303223 -38.186932 6.958337 0.836015 -0.548613 -0.010096 0.132217 0.141648 1 16 1.000000
Soldiers_Siege_red_2.TGA
 16 -153.303223 -38.186932 6.958337 0.836015 -0.548613 -0.010096 0.132217 0.141648 1 16 1.000000
 16 -156.589142 -38.191353 6.964578 -0.844379 -0.529606 0.080888 0.131511 0.141648 1 16 1.000000
 16 -156.646210 -40.295486 3.562243 -0.566978 -0.773532 -0.283167 0.131511 0.142919 1 16 1.000000
Soldiers_Siege_red_2.TGA
 16 -156.646210 -40.295486 3.562243 -0.566978 -0.773532 -0.283167 0.120498 0.142072 1 16 1.000000
 16 -156.582306 -22.155336 7.663746 -0.818670 0.573995 0.017586 0.122333 0.137553 1 16 1.000000
 16 -156.586105 -21.410395 6.013324 -0.778907 0.430403 0.456134 0.121627 0.137412 1 16 1.000000
Soldiers_Siege_red_2.TGA
 16 -153.300201 -21.406105 6.007158 0.781855 0.450597 0.430887 0.131229 0.142072 1 16 1.000000
 16 -156.586105 -21.410395 6.013324 -0.778907 0.430403 0.456134 0.132076 0.141930 1 16 1.000000
 16 -156.582306 -22.155336 7.663746 -0.818670 0.573995 0.017586 0.132076 0.141224 1 16 1.000000
Soldiers_Siege_red_2.TGA
 16 -156.582306 -22.155336 7.663746 -0.818670 0.573995 0.017586 0.132076 0.141224 1 16 1.000000
 16 -153.186066 -22.153534 7.536993 0.826248 0.563296 -0.003524 0.131370 0.141224 1 16 1.000000
 16 -153.300201 -21.406105 6.007158 0.781855 0.450597 0.430887 0.131229 0.142072 1 16 1.000000
Soldiers_Siege_red_2.TGA
 16 -153.360291 -40.289265 3.556153 0.560406 -0.776378 -0.288411 0.143796 0.142072 1 16 1.000000
 16 -153.300201 -21.406105 6.007158 0.781855 0.450597 0.430887 0.142666 0.137412 1 16 1.000000
 16 -153.186066 -22.153534 7.536993 0.826248 0.563296 -0.003524 0.141819 0.137553 1 16 1.000000
Soldiers_Siege_red_2.TGA
 16 -156.653824 -19.185120 4.999393 -0.549928 0.830741 -0.086303 0.121204 0.136847 1 16 1.000000
 16 -156.710129 -35.756165 2.132033 -0.676690 -0.056085 -0.734127 0.119933 0.140942 1 16 1.000000
 16 -156.646210 -40.295486 3.562243 -0.566978 -0.773532 -0.283167 0.120498 0.142072 1 16 1.000000
Soldiers_Siege_red_2.TGA
 16 -156.646210 -40.295486 3.562243 -0.566978 -0.773532 -0.283167 0.120498 0.142072 1 16 1.000000
 16 -156.586105 -21.410395 6.013324 -0.778907 0.430403 0.456134 0.121627 0.137412 1 16 1.000000
 16 -156.653824 -19.185120 4.999393 -0.549928 0.830741 -0.086303 0.121204 0.136847 1 16 1.000000
Soldiers_Siege_red_2.TGA
 16 -153.257584 -19.183184 4.872638 0.538475 0.831511 -0.136509 0.133065 0.136847 1 16 1.000000
 16 -156.653824 -19.185120 4.999393 -0.549928 0.830741 -0.086303 0.132217 0.136847 1 16 1.000000
 16 -156.586105 -21.410395 6.013324 -0.778907 0.430403 0.456134 0.132217 0.137412 1 16 1.000000
Soldiers_Siege_red_2.TGA
 16 -156.586105 -21.410395 6.013324 -0.778907 0.430403 0.456134 0.132217 0.137412 1 16 1.000000
 16 -153.300201 -21.406105 6.007158 0.781855 0.450597 0.430887 0.133065 0.137412 1 16 1.000000
 16 -153.257584 -19.183184 4.872638 0.538475 0.831511 -0.136509 0.133065 0.136847 1 16 1.000000
Soldiers_Siege_red_2.TGA
 16 -153.287247 -35.752983 2.073562 0.661297 -0.060249 -0.747702 0.144361 0.140942 1 16 1.000000
 16 -153.257584 -19.183184 4.872638 0.538475 0.831511 -0.136509 0.142948 0.136847 1 16 1.000000
 16 -153.300201 -21.406105 6.007158 0.781855 0.450597 0.430887 0.142666 0.137412 1 16 1.000000
Soldiers_Siege_red_2.TGA
 16 -153.300201 -21.406105 6.007158 0.781855 0.450597 0.430887 0.142666 0.137412 1 16 1.000000
 16 -153.360291 -40.289265 3.556153 0.560406 -0.776378 -0.288411 0.143796 0.142072 1 16 1.000000
 16 -153.287247 -35.752983 2.073562 0.661297 -0.060249 -0.747702 0.144361 0.140942 1 16 1.000000
Soldiers_Siege_red_2.TGA
 16 -156.710129 -35.756165 2.132033 -0.676690 -0.056085 -0.734127 0.132782 0.140942 1 16 1.000000
 16 -153.287247 -35.752983 2.073562 0.661297 -0.060249 -0.747702 0.132076 0.140942 1 16 1.000000
 16 -153.360291 -40.289265 3.556153 0.560406 -0.776378 -0.288411 0.132076 0.142072 1 16 1.000000
Soldiers_Siege_red_2.TGA
 16 -153.360291 -40.289265 3.556153 0.560406 -0.776378 -0.288411 0.132076 0.142072 1 16 1.000000
 16 -156.646210 -40.295486 3.562243 -0.566978 -0.773532 -0.283167 0.132782 0.142072 1 16 1.000000
 16 -156.710129 -35.756165 2.132033 -0.676690 -0.056085 -0.734127 0.132782 0.140942 1 16 1.000000
Soldiers_Siege_red_2.TGA
 16 -150.865555 -50.507244 30.185074 0.468958 -0.424858 -0.774322 0.134194 0.144190 1 16 1.000000
 16 -149.854431 -32.486290 28.991501 0.973617 0.193266 0.121315 0.134194 0.140236 1 16 1.000000
 16 -150.875458 -30.861040 29.992878 0.594852 0.791086 0.142595 0.133629 0.139954 1 16 1.000000
Soldiers_Siege_red_2.TGA
 16 -153.228683 -21.293957 9.462827 0.606476 0.794515 0.030548 0.140972 0.137412 1 16 1.000000
 16 -152.818604 -30.243597 24.506685 0.514358 0.837364 0.185089 0.138713 0.138118 1 16 1.000000
 16 -151.945969 -31.975887 24.346081 0.968810 0.157915 -0.190974 0.138713 0.138542 1 16 1.000000
Soldiers_Siege_red_2.TGA
 16 -149.854431 -32.486290 28.991501 0.973617 0.193266 0.121315 0.130099 0.131623 1 16 1.000000
 16 -151.945969 -31.975887 24.346081 0.968810 0.157915 -0.190974 0.130946 0.133741 1 16 1.000000
 16 -152.818604 -30.243597 24.506685 0.514358 0.837364 0.185089 0.131370 0.133741 1 16 1.000000
Soldiers_Siege_red_2.TGA
 16 -152.818604 -30.243597 24.506685 0.514358 0.837364 0.185089 0.131370 0.133741 1 16 1.000000
 16 -150.875458 -30.861040 29.992878 0.594852 0.791086 0.142595 0.130523 0.131199 1 16 1.000000
 16 -149.854431 -32.486290 28.991501 0.973617 0.193266 0.121315 0.130099 0.131623 1 16 1.000000
Soldiers_Siege_red_2.TGA
 16 -156.589142 -38.191353 6.964578 -0.844379 -0.529606 0.080888 0.131511 0.137412 1 16 1.000000
 16 -153.303223 -38.186932 6.958337 0.836015 -0.548613 -0.010096 0.132217 0.137412 1 16 1.000000
 16 -154.716843 -45.877895 20.211857 -0.058216 -0.619276 -0.783011 0.132217 0.135859 1 16 1.000000
Soldiers_Siege_red_2.TGA
 16 -154.408707 -72.115417 21.852568 0.181933 -0.216328 -0.959220 0.135606 0.149908 1 16 1.000000
 16 -154.658249 -72.178207 21.809126 0.266482 -0.111319 -0.957390 0.135606 0.150049 1 16 1.000000
 16 -154.678040 -66.661880 20.367157 0.225895 -0.245606 -0.942682 0.135888 0.149626 1 16 1.000000
Soldiers_Siege_red_2.TGA
 16 -154.658249 -72.178207 21.809126 0.266482 -0.111319 -0.957390 0.128546 0.150049 1 16 1.000000
 16 -155.181702 -73.362465 22.787603 -0.802284 0.595912 0.035057 0.128687 0.149908 1 16 1.000000
 16 -154.678040 -66.661880 20.367157 0.225895 -0.245606 -0.942682 0.128405 0.149555 1 16 1.000000
Soldiers_Siege_red_2.TGA
 16 -154.658249 -72.178207 21.809126 0.266482 -0.111319 -0.957390 0.132217 0.150473 1 16 1.000000
 16 -154.678040 -66.661880 20.367157 0.225895 -0.245606 -0.942682 0.131935 0.150473 1 16 1.000000
 16 -154.408707 -72.115417 21.852568 0.181933 -0.216328 -0.959220 0.131935 0.150826 1 16 1.000000
Soldiers_Siege_red_2.TGA
 16 -154.408707 -72.115417 21.852568 0.181933 -0.216328 -0.959220 0.131935 0.150826 1 16 1.000000
 16 -154.537277 -76.774902 24.090494 0.046860 -0.613604 -0.788222 0.132217 0.150826 1 16 1.000000
 16 -154.658249 -72.178207 21.809126 0.266482 -0.111319 -0.957390 0.132217 0.150473 1 16 1.000000
Soldiers_Siege_red_2.TGA
 16 -154.658249 -72.178207 21.809126 0.266482 -0.111319 -0.957390 0.132217 0.150261 1 16 1.000000
 16 -154.678040 -66.661880 20.367157 0.225895 -0.245606 -0.942682 0.132076 0.150261 1 16 1.000000
 16 -155.181702 -73.362465 22.787603 -0.802284 0.595912 0.035057 0.131935 0.150614 1 16 1.000000
Soldiers_Siege_red_2.TGA
 16 -155.181702 -73.362465 22.787603 -0.802284 0.595912 0.035057 0.131935 0.150614 1 16 1.000000
 16 -154.076248 -77.001419 25.297283 0.946902 -0.026684 0.320411 0.132217 0.150614 1 16 1.000000
 16 -154.658249 -72.178207 21.809126 0.266482 -0.111319 -0.957390 0.132217 0.150261 1 16 1.000000
Soldiers_Siege_red_2.TGA
 16 -154.408707 -72.115417 21.852568 0.181933 -0.216328 -0.959220 0.135041 0.150826 1 16 1.000000
 16 -154.658249 -72.178207 21.809126 0.266482 -0.111319 -0.957390 0.135041 0.150614 1 16 1.000000
 16 -154.076248 -77.001419 25.297283 0.946902 -0.026684 0.320411 0.134477 0.150967 1 16 1.000000
Soldiers_Siege_red_2.TGA
 16 -154.076248 -77.001419 25.297283 0.946902 -0.026684 0.320411 0.134477 0.150967 1 16 1.000000
 16 -154.537277 -76.774902 24.090494 0.046860 -0.613604 -0.788222 0.134759 0.151179 1 16 1.000000
 16 -154.408707 -72.115417 21.852568 0.181933 -0.216328 -0.959220 0.135041 0.150826 1 16 1.000000
Soldiers_Siege_red_2.TGA
 16 -155.181702 -73.362465 22.787603 -0.802284 0.595912 0.035057 0.129676 0.150967 1 16 1.000000
 16 -154.408707 -72.115417 21.852568 0.181933 -0.216328 -0.959220 0.129676 0.150967 1 16 1.000000
 16 -154.537277 -76.774902 24.090494 0.046860 -0.613604 -0.788222 0.129958 0.151462 1 16 1.000000
Soldiers_Siege_red_2.TGA
 16 -154.537277 -76.774902 24.090494 0.046860 -0.613604 -0.788222 0.129958 0.151462 1 16 1.000000
 16 -155.107895 -77.900551 26.288925 -0.962403 0.259490 0.080283 0.130099 0.151250 1 16 1.000000
 16 -155.181702 -73.362465 22.787603 -0.802284 0.595912 0.035057 0.129676 0.150967 1 16 1.000000
Soldiers_Siege_red_2.TGA
 16 -154.076248 -77.001419 25.297283 0.946902 -0.026684 0.320411 0.131935 0.134023 1 16 1.000000
 16 -155.181702 -73.362465 22.787603 -0.802284 0.595912 0.035057 0.132217 0.134023 1 16 1.000000
 16 -155.107895 -77.900551 26.288925 -0.962403 0.259490 0.080283 0.132217 0.133600 1 16 1.000000
Soldiers_Siege_red_2.TGA
 16 -155.107895 -77.900551 26.288925 -0.962403 0.259490 0.080283 0.132217 0.133600 1 16 1.000000
 16 -154.128723 -79.662842 30.495209 -0.338245 0.878044 0.338569 0.131935 0.133600 1 16 1.000000
 16 -154.076248 -77.001419 25.297283 0.946902 -0.026684 0.320411 0.131935 0.134023 1 16 1.000000
Soldiers_Siege_red_2.TGA
 16 -155.107895 -77.900551 26.288925 -0.962403 0.259490 0.080283 0.130099 0.151250 1 16 1.000000
 16 -154.537277 -76.774902 24.090494 0.046860 -0.613604 -0.788222 0.129958 0.151462 1 16 1.000000
 16 -154.549438 -79.466896 27.147272 0.007831 -0.860146 -0.509987 0.130382 0.151673 1 16 1.000000
Soldiers_Siege_red_2.TGA
 16 -154.537277 -76.774902 24.090494 0.046860 -0.613604 -0.788222 0.133912 0.151673 1 16 1.000000
 16 -154.076248 -77.001419 25.297283 0.946902 -0.026684 0.320411 0.133629 0.151462 1 16 1.000000
 16 -154.128723 -79.662842 30.495209 -0.338245 0.878044 0.338569 0.133347 0.151603 1 16 1.000000
Soldiers_Siege_red_2.TGA
 16 -154.128723 -79.662842 30.495209 -0.338245 0.878044 0.338569 0.133347 0.151603 1 16 1.000000
 16 -154.549438 -79.466896 27.147272 0.007831 -0.860146 -0.509987 0.133347 0.151885 1 16 1.000000
 16 -154.537277 -76.774902 24.090494 0.046860 -0.613604 -0.788222 0.133912 0.151673 1 16 1.000000
Soldiers_Siege_red_2.TGA
 16 -154.128723 -79.662842 30.495209 -0.338245 0.878044 0.338569 0.131935 0.132188 1 16 1.000000
 16 -155.107895 -77.900551 26.288925 -0.962403 0.259490 0.080283 0.132217 0.132188 1 16 1.000000
 16 -154.749542 -79.966797 30.512024 -0.479299 0.818333 0.317179 0.132217 0.131764 1 16 1.000000
Soldiers_Siege_red_2.TGA
 16 -155.107895 -77.900551 26.288925 -0.962403 0.259490 0.080283 0.131511 0.151744 1 16 1.000000
 16 -154.549438 -79.466896 27.147272 0.007831 -0.860146 -0.509987 0.131370 0.152026 1 16 1.000000
 16 -154.749542 -79.966797 30.512024 -0.479299 0.818333 0.317179 0.131935 0.152097 1 16 1.000000
Soldiers_Siege_red_2.TGA
 16 -154.749542 -79.966797 30.512024 -0.479299 0.818333 0.317179 0.131935 0.152097 1 16 1.000000
 16 -154.128723 -79.662842 30.495209 -0.338245 0.878044 0.338569 0.131935 0.151814 1 16 1.000000
 16 -155.107895 -77.900551 26.288925 -0.962403 0.259490 0.080283 0.131511 0.151744 1 16 1.000000
Soldiers_Siege_red_2.TGA
 16 -154.749542 -79.966797 30.512024 0.434865 -0.894118 -0.106977 0.131935 0.131764 1 16 1.000000
 16 -154.549438 -79.466896 27.147272 0.434865 -0.894118 -0.106977 0.132217 0.131764 1 16 1.000000
 16 -154.128723 -79.662842 30.495209 0.434865 -0.894118 -0.106977 0.132217 0.131199 1 16 1.000000
Soldiers_Siege_red_2.TGA
 16 -154.749542 -79.966797 30.512024 -0.479299 0.818333 0.317179 0.131794 0.151885 1 16 1.000000
 16 -154.128723 -79.662842 30.495209 -0.338245 0.878044 0.338569 0.131794 0.152097 1 16 1.000000
 16 -154.549438 -79.466896 27.147272 0.007831 -0.860146 -0.509987 0.132217 0.152097 1 16 1.000000
Soldiers_Siege_red_2.TGA
 16 -154.469574 -60.010292 30.104065 -0.480074 -0.033357 -0.876593 0.132217 0.147296 1 16 1.000000
 16 -158.158722 -50.514301 30.356411 -0.502908 -0.394295 -0.769164 0.133629 0.144754 1 16 1.000000
 16 -154.533493 -50.458992 29.775608 -0.027759 -0.572366 -0.819528 0.132217 0.144754 1 16 1.000000
Soldiers_Siege_red_2.TGA
 16 -154.533493 -50.458992 29.775608 -0.027759 -0.572366 -0.819528 0.132076 0.131482 1 16 1.000000
 16 -158.158722 -50.514301 30.356411 -0.502908 -0.394295 -0.769164 0.130523 0.131199 1 16 1.000000
 16 -154.716843 -45.877895 20.211857 -0.058216 -0.619276 -0.783011 0.131511 0.133741 1 16 1.000000
Soldiers_Siege_red_2.TGA
 16 -154.533493 -50.458992 29.775608 -0.027759 -0.572366 -0.819528 0.132217 0.131482 1 16 1.000000
 16 -154.716843 -45.877895 20.211857 -0.058216 -0.619276 -0.783011 0.132782 0.133741 1 16 1.000000
 16 -150.865555 -50.507244 30.185074 0.468958 -0.424858 -0.774322 0.133629 0.131199 1 16 1.000000
Soldiers_Siege_red_2.TGA
 16 -154.533493 -50.458992 29.775608 0.996000 0.003596 -0.089276 0.131794 0.144754 1 16 1.000000
 16 -154.469574 -60.010292 30.104065 0.156217 -0.379936 -0.911726 0.131935 0.147014 1 16 1.000000
 16 -154.512192 -58.985886 29.669865 0.952797 -0.100586 -0.286464 0.132076 0.146731 1 16 1.000000
Soldiers_Siege_red_2.TGA
 16 -154.512192 -58.985886 29.669865 -0.996000 -0.003596 0.089277 0.132217 0.147014 1 16 1.000000
 16 -154.469574 -60.010292 30.104065 -0.480074 -0.033357 -0.876593 0.132500 0.147296 1 16 1.000000
 16 -154.533493 -50.458992 29.775608 -0.027759 -0.572366 -0.819528 0.132500 0.144754 1 16 1.000000
Soldiers_Siege_red_2.TGA
 16 -154.580643 -54.612640 27.742733 0.999482 0.030625 0.009871 0.130805 0.145884 1 16 1.000000
 16 -154.482529 -56.976200 25.140923 0.999482 0.030625 0.009871 0.130099 0.146166 1 16 1.000000
 16 -154.588257 -57.764690 25.374720 -0.630489 -0.315244 0.709300 0.130099 0.146308 1 16 1.000000
Soldiers_Siege_red_2.TGA
 16 -154.707687 -60.077492 23.868168 -0.990489 0.107274 -0.086161 0.129535 0.146872 1 16 1.000000
 16 -154.588257 -57.764690 25.374720 -0.990489 0.107274 -0.086161 0.130099 0.146308 1 16 1.000000
 16 -154.482529 -56.976200 25.140923 -0.990489 0.107274 -0.086161 0.130099 0.146166 1 16 1.000000
Soldiers_Siege_red_2.TGA
 16 -154.482529 -56.976200 25.140923 -0.985291 0.121041 -0.120627 0.130099 0.146166 1 16 1.000000
 16 -154.528152 -58.926559 23.556616 -0.985291 0.121041 -0.120627 0.129393 0.146731 1 16 1.000000
 16 -154.707687 -60.077492 23.868168 -0.985291 0.121041 -0.120627 0.129535 0.146872 1 16 1.000000
Soldiers_Siege_red_2.TGA
 16 -154.684097 -62.213715 22.663883 -0.975698 0.099328 -0.195313 0.129111 0.147437 1 16 1.000000
 16 -154.707687 -60.077492 23.868168 -0.975698 0.099328 -0.195313 0.129535 0.146872 1 16 1.000000
 16 -154.528152 -58.926559 23.556616 -0.975698 0.099328 -0.195313 0.129393 0.146731 1 16 1.000000
Soldiers_Siege_red_2.TGA
 16 -154.707687 -60.077492 23.868168 0.984581 -0.128301 0.118909 0.129535 0.147155 1 16 1.000000
 16 -154.588257 -57.764690 25.374720 -0.092529 0.001760 0.995709 0.130382 0.146731 1 16 1.000000
 16 -154.482529 -56.976200 25.140923 -0.997083 -0.070905 0.028260 0.130241 0.146590 1 16 1.000000
Soldiers_Siege_red_2.TGA
 16 -154.472626 -57.859840 26.879446 0.999482 0.030625 0.009871 0.130946 0.146449 1 16 1.000000
 16 -154.482529 -56.976200 25.140923 0.999482 0.030625 0.009871 0.130241 0.146590 1 16 1.000000
 16 -154.588257 -57.764690 25.374720 -0.630489 -0.315244 0.709300 0.130382 0.146731 1 16 1.000000
Soldiers_Siege_red_2.TGA
 16 -154.547943 -58.229328 28.403500 0.990312 -0.025660 -0.136468 0.131511 0.146590 1 16 1.000000
 16 -154.469574 -60.010292 30.104065 0.156217 -0.379936 -0.911726 0.132076 0.146872 1 16 1.000000
 16 -154.512192 -58.985886 29.669865 0.952797 -0.100586 -0.286464 0.132217 0.146731 1 16 1.000000
Soldiers_Siege_red_2.TGA
 16 -154.472626 -57.859840 26.879446 0.999482 0.030625 0.009871 0.133347 0.146590 1 16 1.000000
 16 -154.588257 -57.764690 25.374720 -0.630489 -0.315244 0.709300 0.133912 0.146731 1 16 1.000000
 16 -154.482529 -56.976200 25.140923 0.999482 0.030625 0.009871 0.133912 0.146590 1 16 1.000000
Soldiers_Siege_red_2.TGA
 16 -154.528152 -58.926559 23.556616 0.986617 -0.120632 0.109704 0.134759 0.147014 1 16 1.000000
 16 -154.482529 -56.976200 25.140923 -0.997083 -0.070905 0.028260 0.133912 0.146590 1 16 1.000000
 16 -154.588257 -57.764690 25.374720 -0.092529 0.001760 0.995709 0.133912 0.146731 1 16 1.000000
Soldiers_Siege_red_2.TGA
 16 -154.588257 -57.764690 25.374720 -0.092529 0.001760 0.995709 0.133912 0.146731 1 16 1.000000
 16 -154.707687 -60.077492 23.868168 0.984581 -0.128301 0.118909 0.134759 0.147155 1 16 1.000000
 16 -154.528152 -58.926559 23.556616 0.986617 -0.120632 0.109704 0.134759 0.147014 1 16 1.000000
Soldiers_Siege_red_2.TGA
 16 -154.684097 -62.213715 22.663883 0.975698 -0.099328 0.195313 0.135041 0.147437 1 16 1.000000
 16 -154.528152 -58.926559 23.556616 0.975698 -0.099328 0.195313 0.134759 0.147014 1 16 1.000000
 16 -154.707687 -60.077492 23.868168 0.975698 -0.099328 0.195313 0.134759 0.147155 1 16 1.000000
Soldiers_Siege_red_2.TGA
 16 -154.684097 -62.213715 22.663883 -0.975698 0.099328 -0.195313 0.135324 0.147437 1 16 1.000000
 16 -154.707687 -60.077492 23.868168 -0.975698 0.099328 -0.195313 0.134759 0.146731 1 16 1.000000
 16 -154.528152 -58.926559 23.556616 -0.975698 0.099328 -0.195313 0.134759 0.146872 1 16 1.000000
Soldiers_Siege_red_2.TGA
 16 -154.482529 -56.976200 25.140923 -0.985291 0.121041 -0.120627 0.134194 0.146308 1 16 1.000000
 16 -154.528152 -58.926559 23.556616 -0.985291 0.121041 -0.120627 0.134759 0.146872 1 16 1.000000
 16 -154.707687 -60.077492 23.868168 -0.985291 0.121041 -0.120627 0.134759 0.146731 1 16 1.000000
Soldiers_Siege_red_2.TGA
 16 -154.707687 -60.077492 23.868168 0.975698 -0.099328 0.195313 0.134759 0.146731 1 16 1.000000
 16 -154.588257 -57.764690 25.374720 -0.987647 0.095636 -0.124124 0.134194 0.146166 1 16 1.000000
 16 -154.482529 -56.976200 25.140923 -0.987647 0.095637 -0.124124 0.134194 0.146308 1 16 1.000000
Soldiers_Siege_red_2.TGA
 16 -154.580643 -54.612640 27.742733 -0.987647 0.095637 -0.124124 0.132782 0.145884 1 16 1.000000
 16 -154.482529 -56.976200 25.140923 -0.987647 0.095637 -0.124124 0.133347 0.146166 1 16 1.000000
 16 -154.588257 -57.764690 25.374720 -0.987647 0.095636 -0.124124 0.133347 0.145884 1 16 1.000000
Soldiers_Siege_red_2.TGA
 16 -154.533493 -50.458992 29.775608 0.996000 0.003596 -0.089276 0.131794 0.145319 1 16 1.000000
 16 -154.580643 -54.612640 27.742733 -0.989100 -0.035071 -0.143006 0.131370 0.145884 1 16 1.000000
 16 -154.512192 -58.985886 29.669865 0.952797 -0.100586 -0.286464 0.132217 0.146731 1 16 1.000000
Soldiers_Siege_red_2.TGA
 16 -154.472626 -57.859840 26.879446 -0.998367 -0.018878 -0.053915 0.130946 0.146449 1 16 1.000000
 16 -154.547943 -58.229328 28.403500 0.990312 -0.025660 -0.136468 0.131653 0.146449 1 16 1.000000
 16 -154.580643 -54.612640 27.742733 -0.989100 -0.035071 -0.143006 0.131370 0.145884 1 16 1.000000
Soldiers_Siege_red_2.TGA
 16 -154.547943 -58.229328 28.403500 -0.994354 0.010303 0.105609 0.131653 0.146449 1 16 1.000000
 16 -154.512192 -58.985886 29.669865 -0.999662 -0.004358 0.025623 0.132217 0.146731 1 16 1.000000
 16 -154.580643 -54.612640 27.742733 0.989100 0.035071 0.143006 0.131370 0.145884 1 16 1.000000
Soldiers_Siege_red_2.TGA
 16 -154.482529 -56.976200 25.140923 -0.987647 0.095637 -0.124124 0.130241 0.146590 1 16 1.000000
 16 -154.588257 -57.764690 25.374720 -0.987647 0.095636 -0.124124 0.130099 0.146308 1 16 1.000000
 16 -154.707687 -60.077492 23.868168 0.975698 -0.099328 0.195313 0.129535 0.146872 1 16 1.000000
Soldiers_Siege_red_2.TGA
 16 -154.580643 -54.612640 27.742733 0.999482 0.030625 0.009871 0.130805 0.146166 1 16 1.000000
 16 -154.588257 -57.764690 25.374720 -0.630489 -0.315244 0.709300 0.130099 0.146308 1 16 1.000000
 16 -154.482529 -56.976200 25.140923 0.999482 0.030625 0.009871 0.130241 0.146590 1 16 1.000000
Soldiers_Siege_red_2.TGA
 16 -154.482529 -56.976200 25.140923 -0.997083 -0.070905 0.028260 0.130241 0.146590 1 16 1.000000
 16 -154.472626 -57.859840 26.879446 -0.999482 -0.030625 -0.009871 0.130946 0.146449 1 16 1.000000
 16 -154.580643 -54.612640 27.742733 -0.999482 -0.030625 -0.009871 0.130805 0.146166 1 16 1.000000
Soldiers_Siege_red_2.TGA
 16 -154.512192 -58.985886 29.669865 0.952797 -0.100586 -0.286464 0.132076 0.146731 1 16 1.000000
 16 -154.547943 -58.229328 28.403500 0.990312 -0.025660 -0.136468 0.132500 0.146449 1 16 1.000000
 16 -154.580643 -54.612640 27.742733 -0.989100 -0.035071 -0.143006 0.132782 0.145884 1 16 1.000000
Soldiers_Siege_red_2.TGA
 16 -154.472626 -57.859840 26.879446 0.999482 0.030625 0.009871 0.133347 0.146449 1 16 1.000000
 16 -154.482529 -56.976200 25.140923 0.999482 0.030625 0.009871 0.133347 0.146166 1 16 1.000000
 16 -154.580643 -54.612640 27.742733 0.999482 0.030625 0.009871 0.132782 0.145884 1 16 1.000000
Soldiers_Siege_red_2.TGA
 16 -154.580643 -54.612640 27.742733 0.989100 0.035071 0.143006 0.132782 0.145884 1 16 1.000000
 16 -154.547943 -58.229328 28.403500 -0.994354 0.010303 0.105609 0.132500 0.146449 1 16 1.000000
 16 -154.472626 -57.859840 26.879446 0.998367 0.018878 0.053915 0.133347 0.146449 1 16 1.000000
Soldiers_Siege_red_2.TGA
 16 -154.512192 -58.985886 29.669865 0.952797 -0.100586 -0.286464 0.132076 0.146731 1 16 1.000000
 16 -154.580643 -54.612640 27.742733 -0.989100 -0.035071 -0.143006 0.132500 0.145319 1 16 1.000000
 16 -154.533493 -50.458992 29.775608 0.996000 0.003596 -0.089276 0.132217 0.144896 1 16 1.000000
Soldiers_Siege_red_2.TGA
 16 -155.067200 -51.159378 42.230850 0.000312 0.359571 0.933117 0.223788 0.723922 1 16 1.000000
 16 -161.048615 -165.662781 53.643703 -0.381497 -0.411724 0.827614 0.327042 0.977856 1 16 1.000000
 16 -154.899643 -131.821503 73.313568 0.016803 0.146102 0.989127 0.041511 0.975085 1 16 1.000000
Soldiers_Siege_red_2.TGA
 16 -144.597290 -157.365479 38.026821 0.769897 -0.598831 0.220588 0.692236 0.990709 1 16 1.000000
 16 -150.878784 33.313656 41.696278 0.194592 0.906709 0.374182 0.552696 0.641869 1 16 1.000000
 16 -150.263809 -157.162201 44.530144 0.328823 -0.591872 0.735910 0.558314 0.991147 1 16 1.000000
Soldiers_Siege_red_2.TGA
 16 -150.878784 33.313656 41.696278 0.194592 0.906709 0.374182 0.552696 0.641869 1 16 1.000000
 16 -158.991852 32.767376 42.014866 -0.250025 0.896030 0.366901 0.564236 0.642318 1 16 1.000000
 16 -150.263809 -157.162201 44.530144 0.328823 -0.591872 0.735910 0.558314 0.991147 1 16 1.000000
Soldiers_Siege_red_2.TGA
 16 -150.263809 -157.162201 44.530144 0.328823 -0.591872 0.735910 0.558314 0.991147 1 16 1.000000
 16 -158.991852 32.767376 42.014866 -0.250025 0.896030 0.366901 0.564236 0.642318 1 16 1.000000
 16 -159.053452 -157.427429 44.380650 -0.334708 -0.604603 0.722791 0.580826 0.991474 1 16 1.000000
Soldiers_Siege_red_2.TGA
 16 -158.991852 32.767376 42.014866 -0.250025 0.896030 0.366901 0.564236 0.642318 1 16 1.000000
 16 -164.287552 31.481327 36.208466 -0.495502 0.868587 0.005848 0.720185 0.642664 1 16 1.000000
 16 -159.053452 -157.427429 44.380650 -0.334708 -0.604603 0.722791 0.580826 0.991474 1 16 1.000000
Soldiers_Siege_red_2.TGA
 16 -159.053452 -157.427429 44.380650 -0.334708 -0.604603 0.722791 0.580826 0.991474 1 16 1.000000
 16 -164.287552 31.481327 36.208466 -0.495502 0.868587 0.005848 0.720185 0.642664 1 16 1.000000
 16 -164.360107 -157.890137 37.687290 -0.760558 -0.623034 0.182702 0.742937 0.991317 1 16 1.000000
Soldiers_Siege_red_2.TGA
 16 -164.287552 31.481327 36.208466 -0.495502 0.868587 0.005848 0.720185 0.642664 1 16 1.000000
 16 -162.682068 30.424107 28.612045 -0.331758 0.875237 -0.351990 0.903810 0.642640 1 16 1.000000
 16 -164.360107 -157.890137 37.687290 -0.760558 -0.623034 0.182702 0.742937 0.991317 1 16 1.000000
Soldiers_Siege_red_2.TGA
 16 -164.360107 -157.890137 37.687290 -0.760558 -0.623034 0.182702 0.742937 0.991317 1 16 1.000000
 16 -162.682068 30.424107 28.612045 -0.331758 0.875237 -0.351990 0.903810 0.642640 1 16 1.000000
 16 -162.174271 -158.272522 29.493912 -0.586988 -0.645386 -0.488795 0.922459 0.990921 1 16 1.000000
Soldiers_Siege_red_2.TGA
 16 -162.682068 30.424107 28.612045 -0.331758 0.875237 -0.351990 0.903810 0.642640 1 16 1.000000
 16 -155.480576 30.390507 24.983028 -0.071584 0.885603 -0.458895 0.976141 0.642271 1 16 1.000000
 16 -162.174271 -158.272522 29.493912 -0.586988 -0.645386 -0.488795 0.922459 0.990921 1 16 1.000000
Soldiers_Siege_red_2.TGA
 16 -162.174271 -158.272522 29.493912 -0.586988 -0.645386 -0.488795 0.922459 0.990921 1 16 1.000000
 16 -155.480576 30.390507 24.983028 -0.071584 0.885603 -0.458895 0.976141 0.642271 1 16 1.000000
 16 -154.148544 -158.256012 25.969231 0.026836 -0.647265 -0.761791 0.984254 0.990527 1 16 1.000000
Soldiers_Siege_red_2.TGA
 16 -155.480576 30.390507 24.983028 -0.071584 0.885603 -0.458895 0.976141 0.642271 1 16 1.000000
 16 -148.062714 31.407158 28.037689 0.261179 0.873632 -0.410552 0.883020 0.641830 1 16 1.000000
 16 -154.148544 -158.256012 25.969231 0.026836 -0.647265 -0.761791 0.984254 0.990527 1 16 1.000000
Soldiers_Siege_red_2.TGA
 16 -154.148544 -158.256012 25.969231 0.026836 -0.647265 -0.761791 0.984254 0.990527 1 16 1.000000
 16 -148.062714 31.407158 28.037689 0.261179 0.873632 -0.410552 0.883020 0.641830 1 16 1.000000
 16 -146.325836 -157.852386 29.766342 0.631121 -0.624321 -0.460335 0.881796 0.990433 1 16 1.000000
Soldiers_Siege_red_2.TGA
 16 -148.062714 31.407158 28.037689 0.261179 0.873632 -0.410552 0.883020 0.641830 1 16 1.000000
 16 -146.014938 32.707550 35.475979 0.460683 0.887516 -0.009304 0.694569 0.641651 1 16 1.000000
 16 -146.325836 -157.852386 29.766342 0.631121 -0.624321 -0.460335 0.881796 0.990433 1 16 1.000000
Soldiers_Siege_red_2.TGA
 16 -146.325836 -157.852386 29.766342 0.631121 -0.624321 -0.460335 0.881796 0.990433 1 16 1.000000
 16 -146.014938 32.707550 35.475979 0.460683 0.887516 -0.009304 0.694569 0.641651 1 16 1.000000
 16 -144.597290 -157.365479 38.026821 0.769897 -0.598831 0.220588 0.692236 0.990709 1 16 1.000000
Soldiers_Siege_red_2.TGA
 16 -146.014938 32.707550 35.475979 0.460683 0.887516 -0.009304 0.694569 0.641651 1 16 1.000000
 16 -150.878784 33.313656 41.696278 0.194592 0.906709 0.374182 0.552696 0.641869 1 16 1.000000
 16 -144.597290 -157.365479 38.026821 0.769897 -0.598831 0.220588 0.692236 0.990709 1 16 1.000000
Soldiers_Siege_red_2.TGA
 16 -155.409378 14.052677 33.023438 -0.004732 0.999926 0.011212 0.771578 0.641736 1 16 1.000000
 16 -146.014938 32.707550 35.475979 0.460683 0.887516 -0.009304 0.694569 0.641651 1 16 1.000000
 16 -148.062714 31.407158 28.037689 0.261179 0.873632 -0.410552 0.883020 0.641830 1 16 1.000000
Soldiers_Siege_red_2.TGA
 16 -155.409378 14.052677 33.023438 -0.004732 0.999926 0.011212 0.771578 0.641736 1 16 1.000000
 16 -148.062714 31.407158 28.037689 0.261179 0.873632 -0.410552 0.883020 0.641830 1 16 1.000000
 16 -155.480576 30.390507 24.983028 -0.071584 0.885603 -0.458895 0.976141 0.642271 1 16 1.000000
Soldiers_Siege_red_2.TGA
 16 -155.409378 14.052677 33.023438 -0.004732 0.999926 0.011212 0.771578 0.641736 1 16 1.000000
 16 -155.480576 30.390507 24.983028 -0.071584 0.885603 -0.458895 0.976141 0.642271 1 16 1.000000
 16 -162.682068 30.424107 28.612045 -0.331758 0.875237 -0.351990 0.903810 0.642640 1 16 1.000000
Soldiers_Siege_red_2.TGA
 16 -155.409378 14.052677 33.023438 -0.004732 0.999926 0.011212 0.771578 0.641736 1 16 1.000000
 16 -150.878784 33.313656 41.696278 0.194592 0.906709 0.374182 0.552696 0.641869 1 16 1.000000
 16 -146.014938 32.707550 35.475979 0.460683 0.887516 -0.009304 0.694569 0.641651 1 16 1.000000
Soldiers_Siege_red_2.TGA
 16 -155.409378 14.052677 33.023438 -0.004732 0.999926 0.011212 0.771578 0.641736 1 16 1.000000
 16 -158.991852 32.767376 42.014866 -0.250025 0.896030 0.366901 0.564236 0.642318 1 16 1.000000
 16 -150.878784 33.313656 41.696278 0.194592 0.906709 0.374182 0.552696 0.641869 1 16 1.000000
Soldiers_Siege_red_2.TGA
 16 -155.409378 14.052677 33.023438 -0.004732 0.999926 0.011212 0.771578 0.641736 1 16 1.000000
 16 -164.287552 31.481327 36.208466 -0.495502 0.868587 0.005848 0.720185 0.642664 1 16 1.000000
 16 -158.991852 32.767376 42.014866 -0.250025 0.896030 0.366901 0.564236 0.642318 1 16 1.000000
Soldiers_Siege_red_2.TGA
 16 -155.409378 14.052677 33.023438 -0.004732 0.999926 0.011212 0.771578 0.641736 1 16 1.000000
 16 -162.682068 30.424107 28.612045 -0.331758 0.875237 -0.351990 0.903810 0.642640 1 16 1.000000
 16 -164.287552 31.481327 36.208466 -0.495502 0.868587 0.005848 0.720185 0.642664 1 16 1.000000
Soldiers_Siege_red_2.TGA
 16 -149.718842 -165.662781 53.643692 0.380823 -0.420385 0.823559 0.327042 0.977856 1 16 1.000000
 16 -155.067200 -51.159378 42.230850 0.000312 0.359571 0.933117 0.223788 0.723922 1 16 1.000000
 16 -154.899643 -131.821503 73.313568 0.016803 0.146102 0.989127 0.041511 0.975085 1 16 1.000000
Soldiers_Siege_red_2.TGA
 16 -161.048615 -165.662781 53.643703 -0.381497 -0.411724 0.827614 0.327042 0.977856 1 16 1.000000
 16 -149.718842 -165.662781 53.643692 0.380823 -0.420385 0.823559 0.327042 0.977856 1 16 1.000000
 16 -154.899643 -131.821503 73.313568 0.016803 0.146102 0.989127 0.041511 0.975085 1 16 1.000000
Soldiers_Siege_red_2.TGA
 16 -164.360107 -157.890137 37.687290 -0.760558 -0.623034 0.182702 0.769246 0.539041 1 16 1.000000
 16 -162.174271 -158.272522 29.493912 -0.586988 -0.645386 -0.488795 0.777701 0.515444 1 16 1.000000
 16 -154.148544 -158.256012 25.969231 0.026836 -0.647265 -0.761791 0.801445 0.507323 1 16 1.000000
Soldiers_Siege_red_2.TGA
 16 -164.360107 -157.890137 37.687290 -0.760558 -0.623034 0.182702 0.769246 0.539041 1 16 1.000000
 16 -154.148544 -158.256012 25.969231 0.026836 -0.647265 -0.761791 0.801445 0.507323 1 16 1.000000
 16 -146.325836 -157.852386 29.766342 0.631121 -0.624321 -0.460335 0.822598 0.520792 1 16 1.000000
Soldiers_Siege_red_2.TGA
 16 -164.360107 -157.890137 37.687290 -0.760558 -0.623034 0.182702 0.769246 0.539041 1 16 1.000000
 16 -146.325836 -157.852386 29.766342 0.631121 -0.624321 -0.460335 0.822598 0.520792 1 16 1.000000
 16 -159.053452 -157.427429 44.380650 -0.334708 -0.604603 0.722791 0.782463 0.560349 1 16 1.000000
Soldiers_Siege_red_2.TGA
 16 -146.325836 -157.852386 29.766342 0.631121 -0.624321 -0.460335 0.822598 0.520792 1 16 1.000000
 16 -144.597290 -157.365479 38.026821 0.769897 -0.598831 0.220588 0.825232 0.545708 1 16 1.000000
 16 -159.053452 -157.427429 44.380650 -0.334708 -0.604603 0.722791 0.782463 0.560349 1 16 1.000000
Soldiers_Siege_red_2.TGA
 16 -144.597290 -157.365479 38.026821 0.769897 -0.598831 0.220588 0.825232 0.545708 1 16 1.000000
 16 -150.263809 -157.162201 44.530144 0.328823 -0.591872 0.735910 0.807363 0.563310 1 16 1.000000
 16 -159.053452 -157.427429 44.380650 -0.334708 -0.604603 0.722791 0.782463 0.560349 1 16 1.000000
Soldiers_Siege_red_2.TGA
 16 -130.889801 -168.356018 40.147491 0.975089 0.006136 0.221725 0.979384 0.327676 1 16 1.000000
 16 -143.998550 -136.861938 57.352482 0.464849 0.000467 0.885389 0.631307 0.608302 1 16 1.000000
 16 -144.844574 -168.351166 57.477665 0.344641 -0.620358 0.704541 0.981416 0.607160 1 16 1.000000
Soldiers_Siege_red_2.TGA
 16 -143.998550 -136.861938 57.352482 0.464849 0.000467 0.885389 0.631307 0.608302 1 16 1.000000
 16 -165.069931 -136.930634 58.118336 -0.392179 0.010488 0.919830 0.632029 0.611633 1 16 1.000000
 16 -144.844574 -168.351166 57.477665 0.344641 -0.620358 0.704541 0.981416 0.607160 1 16 1.000000
Soldiers_Siege_red_2.TGA
 16 -144.844574 -168.351166 57.477665 0.344641 -0.620358 0.704541 0.981416 0.607160 1 16 1.000000
 16 -165.069931 -136.930634 58.118336 -0.392179 0.010488 0.919830 0.632029 0.611633 1 16 1.000000
 16 -165.802628 -168.435394 58.119049 -0.322021 -0.611134 0.723063 0.982692 0.606358 1 16 1.000000
Soldiers_Siege_red_2.TGA
 16 -165.069931 -136.930634 58.118336 -0.392179 0.010488 0.919830 0.632029 0.611633 1 16 1.000000
 16 -178.899887 -137.087982 42.213032 -0.966566 0.010173 0.256216 0.631234 0.308007 1 16 1.000000
 16 -165.802628 -168.435394 58.119049 -0.322021 -0.611134 0.723063 0.982692 0.606358 1 16 1.000000
Soldiers_Siege_red_2.TGA
 16 -165.802628 -168.435394 58.119049 -0.322021 -0.611134 0.723063 0.982692 0.606358 1 16 1.000000
 16 -178.899887 -137.087982 42.213032 -0.966566 0.010173 0.256216 0.631234 0.308007 1 16 1.000000
 16 -179.075638 -168.528381 42.304813 -0.973056 -0.007689 0.230444 0.980605 0.308703 1 16 1.000000
Soldiers_Siege_red_2.TGA
 16 -178.899887 -137.087982 42.213032 -0.966566 0.010173 0.256216 0.631234 0.308007 1 16 1.000000
 16 -174.827271 -137.214264 21.513477 -0.797863 -0.017840 -0.602573 0.632647 0.609743 1 16 1.000000
 16 -179.075638 -168.528381 42.304813 -0.973056 -0.007689 0.230444 0.980605 0.308703 1 16 1.000000
Soldiers_Siege_red_2.TGA
 16 -179.075638 -168.528381 42.304813 -0.973056 -0.007689 0.230444 0.980605 0.308703 1 16 1.000000
 16 -174.827271 -137.214264 21.513477 -0.797863 -0.017840 -0.602573 0.632647 0.609743 1 16 1.000000
 16 -173.759109 -168.647430 21.747988 -0.780600 -0.031141 -0.624253 0.982162 0.607557 1 16 1.000000
Soldiers_Siege_red_2.TGA
 16 -174.827271 -137.214264 21.513477 -0.797863 -0.017840 -0.602573 0.632647 0.609743 1 16 1.000000
 16 -156.166153 -137.215240 11.706255 -0.052405 0.003926 -0.998618 0.630283 0.308132 1 16 1.000000
 16 -173.759109 -168.647430 21.747988 -0.780600 -0.031141 -0.624253 0.982162 0.607557 1 16 1.000000
Soldiers_Siege_red_2.TGA
 16 -173.759109 -168.647430 21.747988 -0.780600 -0.031141 -0.624253 0.982162 0.607557 1 16 1.000000
 16 -156.166153 -137.215240 11.706255 -0.052405 0.003926 -0.998618 0.630283 0.308132 1 16 1.000000
 16 -154.229935 -168.639130 11.479713 -0.018627 0.004770 -0.999815 0.979054 0.306864 1 16 1.000000
Soldiers_Siege_red_2.TGA
 16 -156.166153 -137.215240 11.706255 -0.052405 0.003926 -0.998618 0.630283 0.308132 1 16 1.000000
 16 -136.857574 -137.089417 20.132725 0.753655 0.046856 -0.655599 0.631345 0.605940 1 16 1.000000
 16 -154.229935 -168.639130 11.479713 -0.018627 0.004770 -0.999815 0.979054 0.306864 1 16 1.000000
Soldiers_Siege_red_2.TGA
 16 -154.229935 -168.639130 11.479713 -0.018627 0.004770 -0.999815 0.979054 0.306864 1 16 1.000000
 16 -136.857574 -137.089417 20.132725 0.753655 0.046856 -0.655599 0.631345 0.605940 1 16 1.000000
 16 -135.124451 -168.508942 19.939888 0.774488 0.033844 -0.631684 0.980526 0.610621 1 16 1.000000
Soldiers_Siege_red_2.TGA
 16 -136.857574 -137.089417 20.132725 0.753655 0.046856 -0.655599 0.631345 0.605940 1 16 1.000000
 16 -131.442902 -136.932602 40.446846 0.978861 0.027482 0.202670 0.629609 0.329291 1 16 1.000000
 16 -135.124451 -168.508942 19.939888 0.774488 0.033844 -0.631684 0.980526 0.610621 1 16 1.000000
Soldiers_Siege_red_2.TGA
 16 -135.124451 -168.508942 19.939888 0.774488 0.033844 -0.631684 0.980526 0.610621 1 16 1.000000
 16 -131.442902 -136.932602 40.446846 0.978861 0.027482 0.202670 0.629609 0.329291 1 16 1.000000
 16 -130.889801 -168.356018 40.147491 0.975089 0.006136 0.221725 0.979384 0.327676 1 16 1.000000
Soldiers_Siege_red_2.TGA
 16 -131.442902 -136.932602 40.446846 0.978861 0.027482 0.202670 0.629609 0.329291 1 16 1.000000
 16 -143.998550 -136.861938 57.352482 0.464849 0.000467 0.885389 0.631307 0.608302 1 16 1.000000
 16 -130.889801 -168.356018 40.147491 0.975089 0.006136 0.221725 0.979384 0.327676 1 16 1.000000
Soldiers_Siege_red_2.TGA
 16 -177.864441 -168.629486 42.778797 0.004573 -0.999958 0.007990 0.769246 0.539041 1 16 1.000000
 16 -172.808090 -168.743286 23.063728 0.004088 -0.999968 0.006822 0.777701 0.515444 1 16 1.000000
 16 -154.215469 -168.735443 13.069803 0.003894 -0.999970 0.006668 0.801445 0.507323 1 16 1.000000
Soldiers_Siege_red_2.TGA
 16 -177.864441 -168.629486 42.778797 0.004573 -0.999958 0.007990 0.769246 0.539041 1 16 1.000000
 16 -154.215469 -168.735443 13.069803 0.003894 -0.999970 0.006668 0.801445 0.507323 1 16 1.000000
 16 -135.988739 -168.610596 21.309799 0.003596 -0.999968 0.007165 0.822598 0.520792 1 16 1.000000
Soldiers_Siege_red_2.TGA
 16 -177.864441 -168.629486 42.778797 0.004573 -0.999958 0.007990 0.769246 0.539041 1 16 1.000000
 16 -135.988739 -168.610596 21.309799 0.003596 -0.999968 0.007165 0.822598 0.520792 1 16 1.000000
 16 -165.802628 -168.435394 58.119049 -0.322021 -0.611134 0.723063 0.782463 0.560349 1 16 1.000000
Soldiers_Siege_red_2.TGA
 16 -135.988739 -168.610596 21.309799 0.003596 -0.999968 0.007165 0.822598 0.520792 1 16 1.000000
 16 -131.933624 -168.464447 40.755608 0.003019 -0.999967 0.007563 0.825232 0.545708 1 16 1.000000
 16 -165.802628 -168.435394 58.119049 -0.322021 -0.611134 0.723063 0.782463 0.560349 1 16 1.000000
Soldiers_Siege_red_2.TGA
 16 -131.933624 -168.464447 40.755608 0.003019 -0.999967 0.007563 0.825232 0.545708 1 16 1.000000
 16 -144.844574 -168.351166 57.477665 0.344641 -0.620358 0.704541 0.807363 0.563310 1 16 1.000000
 16 -165.802628 -168.435394 58.119049 -0.322021 -0.611134 0.723063 0.782463 0.560349 1 16 1.000000
Soldiers_Siege_red_2.TGA
 16 -130.903488 -138.066132 40.147465 0.925415 0.317015 0.207623 0.979384 0.327676 1 16 1.000000
 16 -149.997498 -98.580307 46.017319 0.441218 0.311906 0.841451 0.631307 0.608302 1 16 1.000000
 16 -144.666534 -138.004669 57.512032 0.422235 0.304455 0.853828 0.981416 0.607160 1 16 1.000000
Soldiers_Siege_red_2.TGA
 16 -149.997498 -98.580307 46.017319 0.441218 0.311906 0.841451 0.631307 0.608302 1 16 1.000000
 16 -159.921524 -98.672943 46.378330 -0.372781 0.317877 0.871774 0.632029 0.611633 1 16 1.000000
 16 -144.666534 -138.004669 57.512032 0.422235 0.304455 0.853828 0.981416 0.607160 1 16 1.000000
Soldiers_Siege_red_2.TGA
 16 -144.666534 -138.004669 57.512032 0.422235 0.304455 0.853828 0.981416 0.607160 1 16 1.000000
 16 -159.921524 -98.672943 46.378330 -0.372781 0.317877 0.871774 0.632029 0.611633 1 16 1.000000
 16 -166.147247 -138.090790 57.956966 -0.401601 0.313817 0.860370 0.982692 0.606358 1 16 1.000000
Soldiers_Siege_red_2.TGA
 16 -159.921524 -98.672943 46.378330 -0.372781 0.317877 0.871774 0.632029 0.611633 1 16 1.000000
 16 -166.435562 -98.884529 38.887264 -0.916595 0.319633 0.240186 0.631234 0.308007 1 16 1.000000
 16 -166.147247 -138.090790 57.956966 -0.401601 0.313817 0.860370 0.982692 0.606358 1 16 1.000000
Soldiers_Siege_red_2.TGA
 16 -166.147247 -138.090790 57.956966 -0.401601 0.313817 0.860370 0.982692 0.606358 1 16 1.000000
 16 -166.435562 -98.884529 38.887264 -0.916595 0.319633 0.240186 0.631234 0.308007 1 16 1.000000
 16 -179.089325 -138.237946 42.304787 -0.927351 0.310090 0.209437 0.980605 0.308703 1 16 1.000000
Soldiers_Siege_red_2.TGA
 16 -166.435562 -98.884529 38.887264 -0.916595 0.319633 0.240186 0.631234 0.308007 1 16 1.000000
 16 -164.517578 -99.054649 29.137497 -0.761154 0.298723 -0.575680 0.632647 0.609743 1 16 1.000000
 16 -179.089325 -138.237946 42.304787 -0.927351 0.310090 0.209437 0.980605 0.308703 1 16 1.000000
Soldiers_Siege_red_2.TGA
 16 -179.089325 -138.237946 42.304787 -0.927351 0.310090 0.209437 0.980605 0.308703 1 16 1.000000
 16 -164.517578 -99.054649 29.137497 -0.761154 0.298723 -0.575680 0.632647 0.609743 1 16 1.000000
 16 -173.773544 -138.356995 21.747959 -0.749479 0.288577 -0.595821 0.982162 0.607557 1 16 1.000000
Soldiers_Siege_red_2.TGA
 16 -164.517578 -99.054649 29.137497 -0.761154 0.298723 -0.575680 0.632647 0.609743 1 16 1.000000
 16 -155.727936 -99.056015 24.518925 -0.048891 0.312847 -0.948545 0.630283 0.308132 1 16 1.000000
 16 -173.773544 -138.356995 21.747959 -0.749479 0.288577 -0.595821 0.982162 0.607557 1 16 1.000000
Soldiers_Siege_red_2.TGA
 16 -173.773544 -138.356995 21.747959 -0.749479 0.288577 -0.595821 0.982162 0.607557 1 16 1.000000
 16 -155.727936 -99.056015 24.518925 -0.048891 0.312847 -0.948545 0.630283 0.308132 1 16 1.000000
 16 -154.243622 -138.348236 11.479685 -0.023615 0.313155 -0.949409 0.979054 0.306864 1 16 1.000000
Soldiers_Siege_red_2.TGA
 16 -155.727936 -99.056015 24.518925 -0.048891 0.312847 -0.948545 0.630283 0.308132 1 16 1.000000
 16 -146.633179 -98.887268 28.487446 0.707797 0.342840 -0.617646 0.631345 0.605940 1 16 1.000000
 16 -154.243622 -138.348236 11.479685 -0.023615 0.313155 -0.949409 0.979054 0.306864 1 16 1.000000
Soldiers_Siege_red_2.TGA
 16 -154.243622 -138.348236 11.479685 -0.023615 0.313155 -0.949409 0.979054 0.306864 1 16 1.000000
 16 -146.633179 -98.887268 28.487446 0.707797 0.342840 -0.617646 0.631345 0.605940 1 16 1.000000
 16 -135.138885 -138.219055 19.939859 0.729358 0.336078 -0.595895 0.980526 0.610621 1 16 1.000000
Soldiers_Siege_red_2.TGA
 16 -146.633179 -98.887268 28.487446 0.707797 0.342840 -0.617646 0.631345 0.605940 1 16 1.000000
 16 -144.082977 -98.674316 38.055450 0.924670 0.330632 0.188857 0.629609 0.329291 1 16 1.000000
 16 -135.138885 -138.219055 19.939859 0.729358 0.336078 -0.595895 0.980526 0.610621 1 16 1.000000
Soldiers_Siege_red_2.TGA
 16 -135.138885 -138.219055 19.939859 0.729358 0.336078 -0.595895 0.980526 0.610621 1 16 1.000000
 16 -144.082977 -98.674316 38.055450 0.924670 0.330632 0.188857 0.629609 0.329291 1 16 1.000000
 16 -130.903488 -138.066132 40.147465 0.925415 0.317015 0.207623 0.979384 0.327676 1 16 1.000000
Soldiers_Siege_red_2.TGA
 16 -144.082977 -98.674316 38.055450 0.924670 0.330632 0.188857 0.629609 0.329291 1 16 1.000000
 16 -149.997498 -98.580307 46.017319 0.441218 0.311906 0.841451 0.631307 0.608302 1 16 1.000000
 16 -130.903488 -138.066132 40.147465 0.925415 0.317015 0.207623 0.979384 0.327676 1 16 1.000000
Soldiers_Siege_red_2.TGA
 17 -154.469559 -60.010303 30.104053 -0.480074 -0.033357 -0.876593 0.131794 0.147296 1 17 1.000000
 17 -154.533478 -50.459003 29.775600 -0.027759 -0.572366 -0.819528 0.131794 0.144754 1 17 1.000000
 17 -150.865555 -50.507259 30.185066 0.468958 -0.424858 -0.774322 0.130523 0.144754 1 17 1.000000
Soldiers_Siege_red_2.TGA
 17 -153.257568 -19.183201 4.872633 0.538475 0.831511 -0.136509 0.131229 0.136847 1 17 1.000000
 17 -153.287247 -35.752998 2.073557 0.661297 -0.060249 -0.747702 0.132076 0.140942 1 17 1.000000
 17 -156.710114 -35.756180 2.132029 -0.676690 -0.056085 -0.734127 0.132782 0.140942 1 17 1.000000
Soldiers_Siege_red_2.TGA
 17 -156.710114 -35.756180 2.132029 -0.676690 -0.056085 -0.734127 0.132782 0.140942 1 17 1.000000
 17 -156.653809 -19.185137 4.999387 -0.549928 0.830741 -0.086303 0.132217 0.136847 1 17 1.000000
 17 -153.257568 -19.183201 4.872633 0.538475 0.831511 -0.136509 0.131229 0.136847 1 17 1.000000
Soldiers_Siege_red_2.TGA
 17 -156.220932 -30.246099 24.616011 -0.741304 0.666243 0.081167 0.149444 0.056363 1 17 1.000000
 17 -154.716827 -45.877911 20.211849 -0.058216 -0.619276 -0.783011 0.150856 0.078391 1 17 1.000000
 17 -158.158707 -50.514313 30.356407 -0.502908 -0.394295 -0.769164 0.162152 0.080650 1 17 1.000000
Soldiers_Siege_red_2.TGA
 17 -158.158707 -50.514313 30.356407 -0.502908 -0.394295 -0.769164 0.162152 0.080650 1 17 1.000000
 17 -158.168579 -30.868246 30.164207 -0.780728 0.589131 -0.208298 0.162152 0.057493 1 17 1.000000
 17 -156.220932 -30.246099 24.616011 -0.741304 0.666243 0.081167 0.149444 0.056363 1 17 1.000000
Soldiers_Siege_red_2.TGA
 17 -152.818588 -30.243612 24.506680 0.514358 0.837364 0.185089 0.131370 0.133741 1 17 1.000000
 17 -156.220932 -30.246099 24.616011 -0.741304 0.666243 0.081167 0.132076 0.133600 1 17 1.000000
 17 -158.168579 -30.868246 30.164207 -0.780728 0.589131 -0.208298 0.132076 0.131199 1 17 1.000000
Soldiers_Siege_red_2.TGA
 17 -158.168579 -30.868246 30.164207 -0.780728 0.589131 -0.208298 0.132076 0.131199 1 17 1.000000
 17 -150.875427 -30.861055 29.992867 0.594852 0.791086 0.142595 0.130523 0.131199 1 17 1.000000
 17 -152.818588 -30.243612 24.506680 0.514358 0.837364 0.185089 0.131370 0.133741 1 17 1.000000
Soldiers_Siege_red_2.TGA
 17 -154.716827 -45.877911 20.211849 -0.058216 -0.619276 -0.783011 0.113508 0.078391 1 17 1.000000
 17 -151.945953 -31.975903 24.346071 0.968810 0.157915 -0.190975 0.114850 0.056363 1 17 1.000000
 17 -149.854431 -32.486305 28.991489 0.973617 0.193266 0.121315 0.102142 0.057493 1 17 1.000000
Soldiers_Siege_red_2.TGA
 17 -149.854431 -32.486305 28.991489 0.973617 0.193266 0.121315 0.102142 0.057493 1 17 1.000000
 17 -150.865555 -50.507259 30.185066 0.468958 -0.424858 -0.774322 0.102142 0.080650 1 17 1.000000
 17 -154.716827 -45.877911 20.211849 -0.058216 -0.619276 -0.783011 0.113508 0.078391 1 17 1.000000
Soldiers_Siege_red_2.TGA
 17 -151.945953 -31.975903 24.346071 0.968810 0.157915 -0.190975 0.114850 0.056363 1 17 1.000000
 17 -154.716827 -45.877911 20.211849 -0.058216 -0.619276 -0.783011 0.113508 0.078391 1 17 1.000000
 17 -153.303223 -38.186951 6.958331 0.836015 -0.548613 -0.010096 0.135888 0.071048 1 17 1.000000
Soldiers_Siege_red_2.TGA
 17 -153.303223 -38.186951 6.958331 0.836015 -0.548613 -0.010096 0.135888 0.071048 1 17 1.000000
 17 -153.228683 -21.293974 9.462820 0.606476 0.794515 0.030548 0.133629 0.047892 1 17 1.000000
 17 -151.945953 -31.975903 24.346071 0.968810 0.157915 -0.190975 0.114850 0.056363 1 17 1.000000
Soldiers_Siege_red_2.TGA
 17 -156.501648 -21.298264 9.502995 -0.621668 0.780568 0.065127 0.111390 0.043373 1 17 1.000000
 17 -156.589127 -38.191368 6.964573 -0.844379 -0.529605 0.080888 0.105601 0.063141 1 17 1.000000
 17 -154.716827 -45.877911 20.211849 -0.058216 -0.619276 -0.783011 0.115697 0.066530 1 17 1.000000
Soldiers_Siege_red_2.TGA
 17 -154.716827 -45.877911 20.211849 -0.058216 -0.619276 -0.783011 0.115697 0.066530 1 17 1.000000
 17 -156.220932 -30.246099 24.616011 -0.741304 0.666243 0.081167 0.122616 0.046762 1 17 1.000000
 17 -156.501648 -21.298264 9.502995 -0.621668 0.780568 0.065127 0.111390 0.043373 1 17 1.000000
Soldiers_Siege_red_2.TGA
 17 -153.228683 -21.293974 9.462820 0.606476 0.794515 0.030548 0.131370 0.140519 1 17 1.000000
 17 -156.501648 -21.298264 9.502995 -0.621668 0.780568 0.065127 0.132076 0.140377 1 17 1.000000
 17 -156.220932 -30.246099 24.616011 -0.741304 0.666243 0.081167 0.132076 0.138118 1 17 1.000000
Soldiers_Siege_red_2.TGA
 17 -156.220932 -30.246099 24.616011 -0.741304 0.666243 0.081167 0.132076 0.138118 1 17 1.000000
 17 -152.818588 -30.243612 24.506680 0.514358 0.837364 0.185089 0.131370 0.138118 1 17 1.000000
 17 -153.228683 -21.293974 9.462820 0.606476 0.794515 0.030548 0.131370 0.140519 1 17 1.000000
Soldiers_Siege_red_2.TGA
 17 -156.582306 -22.155354 7.663741 -0.818670 0.573995 0.017586 0.122333 0.137553 1 17 1.000000
 17 -156.646194 -40.295502 3.562239 -0.566977 -0.773532 -0.283167 0.120498 0.142072 1 17 1.000000
 17 -156.589127 -38.191368 6.964573 -0.844379 -0.529605 0.080888 0.122051 0.141507 1 17 1.000000
Soldiers_Siege_red_2.TGA
 17 -156.589127 -38.191368 6.964573 -0.844379 -0.529605 0.080888 0.122051 0.141507 1 17 1.000000
 17 -156.501648 -21.298264 9.502995 -0.621668 0.780568 0.065127 0.123181 0.137412 1 17 1.000000
 17 -156.582306 -22.155354 7.663741 -0.818670 0.573995 0.017586 0.122333 0.137553 1 17 1.000000
Soldiers_Siege_red_2.TGA
 17 -153.186066 -22.153549 7.536987 0.826248 0.563296 -0.003524 0.131370 0.141224 1 17 1.000000
 17 -156.582306 -22.155354 7.663741 -0.818670 0.573995 0.017586 0.132076 0.141224 1 17 1.000000
 17 -156.501648 -21.298264 9.502995 -0.621668 0.780568 0.065127 0.132076 0.140377 1 17 1.000000
Soldiers_Siege_red_2.TGA
 17 -156.501648 -21.298264 9.502995 -0.621668 0.780568 0.065127 0.132076 0.140377 1 17 1.000000
 17 -153.228683 -21.293974 9.462820 0.606476 0.794515 0.030548 0.131370 0.140519 1 17 1.000000
 17 -153.186066 -22.153549 7.536987 0.826248 0.563296 -0.003524 0.131370 0.141224 1 17 1.000000
Soldiers_Siege_red_2.TGA
 17 -153.360291 -40.289284 3.556149 0.560407 -0.776379 -0.288411 0.143796 0.142072 1 17 1.000000
 17 -153.186066 -22.153549 7.536987 0.826248 0.563296 -0.003524 0.141819 0.137553 1 17 1.000000
 17 -153.228683 -21.293974 9.462820 0.606476 0.794515 0.030548 0.140972 0.137412 1 17 1.000000
Soldiers_Siege_red_2.TGA
 17 -153.228683 -21.293974 9.462820 0.606476 0.794515 0.030548 0.140972 0.137412 1 17 1.000000
 17 -153.303223 -38.186951 6.958331 0.836015 -0.548613 -0.010096 0.142101 0.141507 1 17 1.000000
 17 -153.360291 -40.289284 3.556149 0.560407 -0.776379 -0.288411 0.143796 0.142072 1 17 1.000000
Soldiers_Siege_red_2.TGA
 17 -156.646194 -40.295502 3.562239 -0.566977 -0.773532 -0.283167 0.131511 0.142919 1 17 1.000000
 17 -153.360291 -40.289284 3.556149 0.560407 -0.776379 -0.288411 0.132217 0.142919 1 17 1.000000
 17 -153.303223 -38.186951 6.958331 0.836015 -0.548613 -0.010096 0.132217 0.141648 1 17 1.000000
Soldiers_Siege_red_2.TGA
 17 -153.303223 -38.186951 6.958331 0.836015 -0.548613 -0.010096 0.132217 0.141648 1 17 1.000000
 17 -156.589127 -38.191368 6.964573 -0.844379 -0.529605 0.080888 0.131511 0.141648 1 17 1.000000
 17 -156.646194 -40.295502 3.562239 -0.566977 -0.773532 -0.283167 0.131511 0.142919 1 17 1.000000
Soldiers_Siege_red_2.TGA
 17 -156.646194 -40.295502 3.562239 -0.566977 -0.773532 -0.283167 0.120498 0.142072 1 17 1.000000
 17 -156.582306 -22.155354 7.663741 -0.818670 0.573995 0.017586 0.122333 0.137553 1 17 1.000000
 17 -156.586090 -21.410412 6.013319 -0.778907 0.430403 0.456134 0.121627 0.137412 1 17 1.000000
Soldiers_Siege_red_2.TGA
 17 -153.300186 -21.406122 6.007153 0.781855 0.450597 0.430887 0.131229 0.142072 1 17 1.000000
 17 -156.586090 -21.410412 6.013319 -0.778907 0.430403 0.456134 0.132076 0.141930 1 17 1.000000
 17 -156.582306 -22.155354 7.663741 -0.818670 0.573995 0.017586 0.132076 0.141224 1 17 1.000000
Soldiers_Siege_red_2.TGA
 17 -156.582306 -22.155354 7.663741 -0.818670 0.573995 0.017586 0.132076 0.141224 1 17 1.000000
 17 -153.186066 -22.153549 7.536987 0.826248 0.563296 -0.003524 0.131370 0.141224 1 17 1.000000
 17 -153.300186 -21.406122 6.007153 0.781855 0.450597 0.430887 0.131229 0.142072 1 17 1.000000
Soldiers_Siege_red_2.TGA
 17 -153.360291 -40.289284 3.556149 0.560407 -0.776379 -0.288411 0.143796 0.142072 1 17 1.000000
 17 -153.300186 -21.406122 6.007153 0.781855 0.450597 0.430887 0.142666 0.137412 1 17 1.000000
 17 -153.186066 -22.153549 7.536987 0.826248 0.563296 -0.003524 0.141819 0.137553 1 17 1.000000
Soldiers_Siege_red_2.TGA
 17 -156.653809 -19.185137 4.999387 -0.549928 0.830741 -0.086303 0.121204 0.136847 1 17 1.000000
 17 -156.710114 -35.756180 2.132029 -0.676690 -0.056085 -0.734127 0.119933 0.140942 1 17 1.000000
 17 -156.646194 -40.295502 3.562239 -0.566977 -0.773532 -0.283167 0.120498 0.142072 1 17 1.000000
Soldiers_Siege_red_2.TGA
 17 -156.646194 -40.295502 3.562239 -0.566977 -0.773532 -0.283167 0.120498 0.142072 1 17 1.000000
 17 -156.586090 -21.410412 6.013319 -0.778907 0.430403 0.456134 0.121627 0.137412 1 17 1.000000
 17 -156.653809 -19.185137 4.999387 -0.549928 0.830741 -0.086303 0.121204 0.136847 1 17 1.000000
Soldiers_Siege_red_2.TGA
 17 -153.257568 -19.183201 4.872633 0.538475 0.831511 -0.136509 0.133065 0.136847 1 17 1.000000
 17 -156.653809 -19.185137 4.999387 -0.549928 0.830741 -0.086303 0.132217 0.136847 1 17 1.000000
 17 -156.586090 -21.410412 6.013319 -0.778907 0.430403 0.456134 0.132217 0.137412 1 17 1.000000
Soldiers_Siege_red_2.TGA
 17 -156.586090 -21.410412 6.013319 -0.778907 0.430403 0.456134 0.132217 0.137412 1 17 1.000000
 17 -153.300186 -21.406122 6.007153 0.781855 0.450597 0.430887 0.133065 0.137412 1 17 1.000000
 17 -153.257568 -19.183201 4.872633 0.538475 0.831511 -0.136509 0.133065 0.136847 1 17 1.000000
Soldiers_Siege_red_2.TGA
 17 -153.287247 -35.752998 2.073557 0.661297 -0.060249 -0.747702 0.144361 0.140942 1 17 1.000000
 17 -153.257568 -19.183201 4.872633 0.538475 0.831511 -0.136509 0.142948 0.136847 1 17 1.000000
 17 -153.300186 -21.406122 6.007153 0.781855 0.450597 0.430887 0.142666 0.137412 1 17 1.000000
Soldiers_Siege_red_2.TGA
 17 -153.300186 -21.406122 6.007153 0.781855 0.450597 0.430887 0.142666 0.137412 1 17 1.000000
 17 -153.360291 -40.289284 3.556149 0.560407 -0.776379 -0.288411 0.143796 0.142072 1 17 1.000000
 17 -153.287247 -35.752998 2.073557 0.661297 -0.060249 -0.747702 0.144361 0.140942 1 17 1.000000
Soldiers_Siege_red_2.TGA
 17 -156.710114 -35.756180 2.132029 -0.676690 -0.056085 -0.734127 0.132782 0.140942 1 17 1.000000
 17 -153.287247 -35.752998 2.073557 0.661297 -0.060249 -0.747702 0.132076 0.140942 1 17 1.000000
 17 -153.360291 -40.289284 3.556149 0.560407 -0.776379 -0.288411 0.132076 0.142072 1 17 1.000000
Soldiers_Siege_red_2.TGA
 17 -153.360291 -40.289284 3.556149 0.560407 -0.776379 -0.288411 0.132076 0.142072 1 17 1.000000
 17 -156.646194 -40.295502 3.562239 -0.566977 -0.773532 -0.283167 0.132782 0.142072 1 17 1.000000
 17 -156.710114 -35.756180 2.132029 -0.676690 -0.056085 -0.734127 0.132782 0.140942 1 17 1.000000
Soldiers_Siege_red_2.TGA
 17 -150.865555 -50.507259 30.185066 0.468958 -0.424858 -0.774322 0.134194 0.144190 1 17 1.000000
 17 -149.854431 -32.486305 28.991489 0.973617 0.193266 0.121315 0.134194 0.140236 1 17 1.000000
 17 -150.875427 -30.861055 29.992867 0.594852 0.791086 0.142595 0.133629 0.139954 1 17 1.000000
Soldiers_Siege_red_2.TGA
 17 -153.228683 -21.293974 9.462820 0.606476 0.794515 0.030548 0.140972 0.137412 1 17 1.000000
 17 -152.818588 -30.243612 24.506680 0.514358 0.837364 0.185089 0.138713 0.138118 1 17 1.000000
 17 -151.945953 -31.975903 24.346071 0.968810 0.157915 -0.190975 0.138713 0.138542 1 17 1.000000
Soldiers_Siege_red_2.TGA
 17 -149.854431 -32.486305 28.991489 0.973617 0.193266 0.121315 0.130099 0.131623 1 17 1.000000
 17 -151.945953 -31.975903 24.346071 0.968810 0.157915 -0.190975 0.130946 0.133741 1 17 1.000000
 17 -152.818588 -30.243612 24.506680 0.514358 0.837364 0.185089 0.131370 0.133741 1 17 1.000000
Soldiers_Siege_red_2.TGA
 17 -152.818588 -30.243612 24.506680 0.514358 0.837364 0.185089 0.131370 0.133741 1 17 1.000000
 17 -150.875427 -30.861055 29.992867 0.594852 0.791086 0.142595 0.130523 0.131199 1 17 1.000000
 17 -149.854431 -32.486305 28.991489 0.973617 0.193266 0.121315 0.130099 0.131623 1 17 1.000000
Soldiers_Siege_red_2.TGA
 17 -156.589127 -38.191368 6.964573 -0.844379 -0.529605 0.080888 0.131511 0.137412 1 17 1.000000
 17 -153.303223 -38.186951 6.958331 0.836015 -0.548613 -0.010096 0.132217 0.137412 1 17 1.000000
 17 -154.716827 -45.877911 20.211849 -0.058216 -0.619276 -0.783011 0.132217 0.135859 1 17 1.000000
Soldiers_Siege_red_2.TGA
 17 -154.408676 -72.115433 21.852560 0.181933 -0.216328 -0.959220 0.135606 0.149908 1 17 1.000000
 17 -154.658218 -72.178223 21.809118 0.266482 -0.111319 -0.957390 0.135606 0.150049 1 17 1.000000
 17 -154.678009 -66.661896 20.367149 0.225895 -0.245607 -0.942682 0.135888 0.149626 1 17 1.000000
Soldiers_Siege_red_2.TGA
 17 -154.658218 -72.178223 21.809118 0.266482 -0.111319 -0.957390 0.128546 0.150049 1 17 1.000000
 17 -155.181671 -73.362480 22.787596 -0.802284 0.595912 0.035057 0.128687 0.149908 1 17 1.000000
 17 -154.678009 -66.661896 20.367149 0.225895 -0.245607 -0.942682 0.128405 0.149555 1 17 1.000000
Soldiers_Siege_red_2.TGA
 17 -154.658218 -72.178223 21.809118 0.266482 -0.111319 -0.957390 0.132217 0.150473 1 17 1.000000
 17 -154.678009 -66.661896 20.367149 0.225895 -0.245607 -0.942682 0.131935 0.150473 1 17 1.000000
 17 -154.408676 -72.115433 21.852560 0.181933 -0.216328 -0.959220 0.131935 0.150826 1 17 1.000000
Soldiers_Siege_red_2.TGA
 17 -154.408676 -72.115433 21.852560 0.181933 -0.216328 -0.959220 0.131935 0.150826 1 17 1.000000
 17 -154.537247 -76.774918 24.090488 0.046860 -0.613604 -0.788222 0.132217 0.150826 1 17 1.000000
 17 -154.658218 -72.178223 21.809118 0.266482 -0.111319 -0.957390 0.132217 0.150473 1 17 1.000000
Soldiers_Siege_red_2.TGA
 17 -154.658218 -72.178223 21.809118 0.266482 -0.111319 -0.957390 0.132217 0.150261 1 17 1.000000
 17 -154.678009 -66.661896 20.367149 0.225895 -0.245607 -0.942682 0.132076 0.150261 1 17 1.000000
 17 -155.181671 -73.362480 22.787596 -0.802284 0.595912 0.035057 0.131935 0.150614 1 17 1.000000
Soldiers_Siege_red_2.TGA
 17 -155.181671 -73.362480 22.787596 -0.802284 0.595912 0.035057 0.131935 0.150614 1 17 1.000000
 17 -154.076218 -77.001434 25.297276 0.946902 -0.026685 0.320410 0.132217 0.150614 1 17 1.000000
 17 -154.658218 -72.178223 21.809118 0.266482 -0.111319 -0.957390 0.132217 0.150261 1 17 1.000000
Soldiers_Siege_red_2.TGA
 17 -154.408676 -72.115433 21.852560 0.181933 -0.216328 -0.959220 0.135041 0.150826 1 17 1.000000
 17 -154.658218 -72.178223 21.809118 0.266482 -0.111319 -0.957390 0.135041 0.150614 1 17 1.000000
 17 -154.076218 -77.001434 25.297276 0.946902 -0.026685 0.320410 0.134477 0.150967 1 17 1.000000
Soldiers_Siege_red_2.TGA
 17 -154.076218 -77.001434 25.297276 0.946902 -0.026685 0.320410 0.134477 0.150967 1 17 1.000000
 17 -154.537247 -76.774918 24.090488 0.046860 -0.613604 -0.788222 0.134759 0.151179 1 17 1.000000
 17 -154.408676 -72.115433 21.852560 0.181933 -0.216328 -0.959220 0.135041 0.150826 1 17 1.000000
Soldiers_Siege_red_2.TGA
 17 -155.181671 -73.362480 22.787596 -0.802284 0.595912 0.035057 0.129676 0.150967 1 17 1.000000
 17 -154.408676 -72.115433 21.852560 0.181933 -0.216328 -0.959220 0.129676 0.150967 1 17 1.000000
 17 -154.537247 -76.774918 24.090488 0.046860 -0.613604 -0.788222 0.129958 0.151462 1 17 1.000000
Soldiers_Siege_red_2.TGA
 17 -154.537247 -76.774918 24.090488 0.046860 -0.613604 -0.788222 0.129958 0.151462 1 17 1.000000
 17 -155.107880 -77.900574 26.288916 -0.962403 0.259491 0.080283 0.130099 0.151250 1 17 1.000000
 17 -155.181671 -73.362480 22.787596 -0.802284 0.595912 0.035057 0.129676 0.150967 1 17 1.000000
Soldiers_Siege_red_2.TGA
 17 -154.076218 -77.001434 25.297276 0.946902 -0.026685 0.320410 0.131935 0.134023 1 17 1.000000
 17 -155.181671 -73.362480 22.787596 -0.802284 0.595912 0.035057 0.132217 0.134023 1 17 1.000000
 17 -155.107880 -77.900574 26.288916 -0.962403 0.259491 0.080283 0.132217 0.133600 1 17 1.000000
Soldiers_Siege_red_2.TGA
 17 -155.107880 -77.900574 26.288916 -0.962403 0.259491 0.080283 0.132217 0.133600 1 17 1.000000
 17 -154.128723 -79.662857 30.495201 -0.338245 0.878044 0.338569 0.131935 0.133600 1 17 1.000000
 17 -154.076218 -77.001434 25.297276 0.946902 -0.026685 0.320410 0.131935 0.134023 1 17 1.000000
Soldiers_Siege_red_2.TGA
 17 -155.107880 -77.900574 26.288916 -0.962403 0.259491 0.080283 0.130099 0.151250 1 17 1.000000
 17 -154.537247 -76.774918 24.090488 0.046860 -0.613604 -0.788222 0.129958 0.151462 1 17 1.000000
 17 -154.549423 -79.466919 27.147263 0.007831 -0.860146 -0.509987 0.130382 0.151673 1 17 1.000000
Soldiers_Siege_red_2.TGA
 17 -154.537247 -76.774918 24.090488 0.046860 -0.613604 -0.788222 0.133912 0.151673 1 17 1.000000
 17 -154.076218 -77.001434 25.297276 0.946902 -0.026685 0.320410 0.133629 0.151462 1 17 1.000000
 17 -154.128723 -79.662857 30.495201 -0.338245 0.878044 0.338569 0.133347 0.151603 1 17 1.000000
Soldiers_Siege_red_2.TGA
 17 -154.128723 -79.662857 30.495201 -0.338245 0.878044 0.338569 0.133347 0.151603 1 17 1.000000
 17 -154.549423 -79.466919 27.147263 0.007831 -0.860146 -0.509987 0.133347 0.151885 1 17 1.000000
 17 -154.537247 -76.774918 24.090488 0.046860 -0.613604 -0.788222 0.133912 0.151673 1 17 1.000000
Soldiers_Siege_red_2.TGA
 17 -154.128723 -79.662857 30.495201 -0.338245 0.878044 0.338569 0.131935 0.132188 1 17 1.000000
 17 -155.107880 -77.900574 26.288916 -0.962403 0.259491 0.080283 0.132217 0.132188 1 17 1.000000
 17 -154.749527 -79.966812 30.512020 -0.479299 0.818334 0.317180 0.132217 0.131764 1 17 1.000000
Soldiers_Siege_red_2.TGA
 17 -155.107880 -77.900574 26.288916 -0.962403 0.259491 0.080283 0.131511 0.151744 1 17 1.000000
 17 -154.549423 -79.466919 27.147263 0.007831 -0.860146 -0.509987 0.131370 0.152026 1 17 1.000000
 17 -154.749527 -79.966812 30.512020 -0.479299 0.818334 0.317180 0.131935 0.152097 1 17 1.000000
Soldiers_Siege_red_2.TGA
 17 -154.749527 -79.966812 30.512020 -0.479299 0.818334 0.317180 0.131935 0.152097 1 17 1.000000
 17 -154.128723 -79.662857 30.495201 -0.338245 0.878044 0.338569 0.131935 0.151814 1 17 1.000000
 17 -155.107880 -77.900574 26.288916 -0.962403 0.259491 0.080283 0.131511 0.151744 1 17 1.000000
Soldiers_Siege_red_2.TGA
 17 -154.749527 -79.966812 30.512020 0.434865 -0.894118 -0.106977 0.131935 0.131764 1 17 1.000000
 17 -154.549423 -79.466919 27.147263 0.434865 -0.894118 -0.106977 0.132217 0.131764 1 17 1.000000
 17 -154.128723 -79.662857 30.495201 0.434865 -0.894118 -0.106977 0.132217 0.131199 1 17 1.000000
Soldiers_Siege_red_2.TGA
 17 -154.749527 -79.966812 30.512020 -0.479299 0.818334 0.317180 0.131794 0.151885 1 17 1.000000
 17 -154.128723 -79.662857 30.495201 -0.338245 0.878044 0.338569 0.131794 0.152097 1 17 1.000000
 17 -154.549423 -79.466919 27.147263 0.007831 -0.860146 -0.509987 0.132217 0.152097 1 17 1.000000
Soldiers_Siege_red_2.TGA
 17 -154.469559 -60.010303 30.104053 -0.480074 -0.033357 -0.876593 0.132217 0.147296 1 17 1.000000
 17 -158.158707 -50.514313 30.356407 -0.502908 -0.394295 -0.769164 0.133629 0.144754 1 17 1.000000
 17 -154.533478 -50.459003 29.775600 -0.027759 -0.572366 -0.819528 0.132217 0.144754 1 17 1.000000
Soldiers_Siege_red_2.TGA
 17 -154.533478 -50.459003 29.775600 -0.027759 -0.572366 -0.819528 0.132076 0.131482 1 17 1.000000
 17 -158.158707 -50.514313 30.356407 -0.502908 -0.394295 -0.769164 0.130523 0.131199 1 17 1.000000
 17 -154.716827 -45.877911 20.211849 -0.058216 -0.619276 -0.783011 0.131511 0.133741 1 17 1.000000
Soldiers_Siege_red_2.TGA
 17 -154.533478 -50.459003 29.775600 -0.027759 -0.572366 -0.819528 0.132217 0.131482 1 17 1.000000
 17 -154.716827 -45.877911 20.211849 -0.058216 -0.619276 -0.783011 0.132782 0.133741 1 17 1.000000
 17 -150.865555 -50.507259 30.185066 0.468958 -0.424858 -0.774322 0.133629 0.131199 1 17 1.000000
Soldiers_Siege_red_2.TGA
 17 -154.533478 -50.459003 29.775600 0.996001 0.003596 -0.089276 0.131794 0.144754 1 17 1.000000
 17 -154.469559 -60.010303 30.104053 0.156217 -0.379936 -0.911726 0.131935 0.147014 1 17 1.000000
 17 -154.512177 -58.985897 29.669861 0.952797 -0.100586 -0.286464 0.132076 0.146731 1 17 1.000000
Soldiers_Siege_red_2.TGA
 17 -154.512177 -58.985897 29.669861 -0.996001 -0.003596 0.089277 0.132217 0.147014 1 17 1.000000
 17 -154.469559 -60.010303 30.104053 -0.480074 -0.033357 -0.876593 0.132500 0.147296 1 17 1.000000
 17 -154.533478 -50.459003 29.775600 -0.027759 -0.572366 -0.819528 0.132500 0.144754 1 17 1.000000
Soldiers_Siege_red_2.TGA
 17 -154.580612 -54.612652 27.742725 0.999482 0.030624 0.009871 0.130805 0.145884 1 17 1.000000
 17 -154.482498 -56.976212 25.140913 0.999482 0.030624 0.009871 0.130099 0.146166 1 17 1.000000
 17 -154.588242 -57.764702 25.374712 -0.630489 -0.315244 0.709300 0.130099 0.146308 1 17 1.000000
Soldiers_Siege_red_2.TGA
 17 -154.707672 -60.077507 23.868160 -0.990489 0.107274 -0.086161 0.129535 0.146872 1 17 1.000000
 17 -154.588242 -57.764702 25.374712 -0.990489 0.107274 -0.086161 0.130099 0.146308 1 17 1.000000
 17 -154.482498 -56.976212 25.140913 -0.990489 0.107274 -0.086161 0.130099 0.146166 1 17 1.000000
Soldiers_Siege_red_2.TGA
 17 -154.482498 -56.976212 25.140913 -0.985291 0.121042 -0.120627 0.130099 0.146166 1 17 1.000000
 17 -154.528137 -58.926575 23.556606 -0.985291 0.121042 -0.120627 0.129393 0.146731 1 17 1.000000
 17 -154.707672 -60.077507 23.868160 -0.985291 0.121042 -0.120627 0.129535 0.146872 1 17 1.000000
Soldiers_Siege_red_2.TGA
 17 -154.684067 -62.213730 22.663874 -0.975698 0.099328 -0.195313 0.129111 0.147437 1 17 1.000000
 17 -154.707672 -60.077507 23.868160 -0.975698 0.099328 -0.195313 0.129535 0.146872 1 17 1.000000
 17 -154.528137 -58.926575 23.556606 -0.975698 0.099328 -0.195313 0.129393 0.146731 1 17 1.000000
Soldiers_Siege_red_2.TGA
 17 -154.707672 -60.077507 23.868160 0.984581 -0.128301 0.118909 0.129535 0.147155 1 17 1.000000
 17 -154.588242 -57.764702 25.374712 -0.092529 0.001760 0.995709 0.130382 0.146731 1 17 1.000000
 17 -154.482498 -56.976212 25.140913 -0.997083 -0.070905 0.028260 0.130241 0.146590 1 17 1.000000
Soldiers_Siege_red_2.TGA
 17 -154.472595 -57.859852 26.879438 0.999482 0.030624 0.009871 0.130946 0.146449 1 17 1.000000
 17 -154.482498 -56.976212 25.140913 0.999482 0.030624 0.009871 0.130241 0.146590 1 17 1.000000
 17 -154.588242 -57.764702 25.374712 -0.630489 -0.315244 0.709300 0.130382 0.146731 1 17 1.000000
Soldiers_Siege_red_2.TGA
 17 -154.547928 -58.229340 28.403488 0.990312 -0.025660 -0.136468 0.131511 0.146590 1 17 1.000000
 17 -154.469559 -60.010303 30.104053 0.156217 -0.379936 -0.911726 0.132076 0.146872 1 17 1.000000
 17 -154.512177 -58.985897 29.669861 0.952797 -0.100586 -0.286464 0.132217 0.146731 1 17 1.000000
Soldiers_Siege_red_2.TGA
 17 -154.472595 -57.859852 26.879438 0.999482 0.030624 0.009871 0.133347 0.146590 1 17 1.000000
 17 -154.588242 -57.764702 25.374712 -0.630489 -0.315244 0.709300 0.133912 0.146731 1 17 1.000000
 17 -154.482498 -56.976212 25.140913 0.999482 0.030624 0.009871 0.133912 0.146590 1 17 1.000000
Soldiers_Siege_red_2.TGA
 17 -154.528137 -58.926575 23.556606 0.986617 -0.120632 0.109704 0.134759 0.147014 1 17 1.000000
 17 -154.482498 -56.976212 25.140913 -0.997083 -0.070905 0.028260 0.133912 0.146590 1 17 1.000000
 17 -154.588242 -57.764702 25.374712 -0.092529 0.001760 0.995709 0.133912 0.146731 1 17 1.000000
Soldiers_Siege_red_2.TGA
 17 -154.588242 -57.764702 25.374712 -0.092529 0.001760 0.995709 0.133912 0.146731 1 17 1.000000
 17 -154.707672 -60.077507 23.868160 0.984581 -0.128301 0.118909 0.134759 0.147155 1 17 1.000000
 17 -154.528137 -58.926575 23.556606 0.986617 -0.120632 0.109704 0.134759 0.147014 1 17 1.000000
Soldiers_Siege_red_2.TGA
 17 -154.684067 -62.213730 22.663874 0.975698 -0.099328 0.195313 0.135041 0.147437 1 17 1.000000
 17 -154.528137 -58.926575 23.556606 0.975698 -0.099328 0.195313 0.134759 0.147014 1 17 1.000000
 17 -154.707672 -60.077507 23.868160 0.975698 -0.099328 0.195313 0.134759 0.147155 1 17 1.000000
Soldiers_Siege_red_2.TGA
 17 -154.684067 -62.213730 22.663874 -0.975698 0.099328 -0.195313 0.135324 0.147437 1 17 1.000000
 17 -154.707672 -60.077507 23.868160 -0.975698 0.099328 -0.195313 0.134759 0.146731 1 17 1.000000
 17 -154.528137 -58.926575 23.556606 -0.975698 0.099328 -0.195313 0.134759 0.146872 1 17 1.000000
Soldiers_Siege_red_2.TGA
 17 -154.482498 -56.976212 25.140913 -0.985291 0.121042 -0.120627 0.134194 0.146308 1 17 1.000000
 17 -154.528137 -58.926575 23.556606 -0.985291 0.121042 -0.120627 0.134759 0.146872 1 17 1.000000
 17 -154.707672 -60.077507 23.868160 -0.985291 0.121042 -0.120627 0.134759 0.146731 1 17 1.000000
Soldiers_Siege_red_2.TGA
 17 -154.707672 -60.077507 23.868160 0.975698 -0.099328 0.195313 0.134759 0.146731 1 17 1.000000
 17 -154.588242 -57.764702 25.374712 -0.987647 0.095637 -0.124124 0.134194 0.146166 1 17 1.000000
 17 -154.482498 -56.976212 25.140913 -0.987647 0.095637 -0.124124 0.134194 0.146308 1 17 1.000000
Soldiers_Siege_red_2.TGA
 17 -154.580612 -54.612652 27.742725 -0.987647 0.095637 -0.124124 0.132782 0.145884 1 17 1.000000
 17 -154.482498 -56.976212 25.140913 -0.987647 0.095637 -0.124124 0.133347 0.146166 1 17 1.000000
 17 -154.588242 -57.764702 25.374712 -0.987647 0.095637 -0.124124 0.133347 0.145884 1 17 1.000000
Soldiers_Siege_red_2.TGA
 17 -154.533478 -50.459003 29.775600 0.996001 0.003596 -0.089276 0.131794 0.145319 1 17 1.000000
 17 -154.580612 -54.612652 27.742725 -0.989100 -0.035071 -0.143006 0.131370 0.145884 1 17 1.000000
 17 -154.512177 -58.985897 29.669861 0.952797 -0.100586 -0.286464 0.132217 0.146731 1 17 1.000000
Soldiers_Siege_red_2.TGA
 17 -154.472595 -57.859852 26.879438 -0.998367 -0.018878 -0.053915 0.130946 0.146449 1 17 1.000000
 17 -154.547928 -58.229340 28.403488 0.990312 -0.025660 -0.136468 0.131653 0.146449 1 17 1.000000
 17 -154.580612 -54.612652 27.742725 -0.989100 -0.035071 -0.143006 0.131370 0.145884 1 17 1.000000
Soldiers_Siege_red_2.TGA
 17 -154.547928 -58.229340 28.403488 -0.994355 0.010303 0.105609 0.131653 0.146449 1 17 1.000000
 17 -154.512177 -58.985897 29.669861 -0.999662 -0.004358 0.025623 0.132217 0.146731 1 17 1.000000
 17 -154.580612 -54.612652 27.742725 0.989100 0.035071 0.143006 0.131370 0.145884 1 17 1.000000
Soldiers_Siege_red_2.TGA
 17 -154.482498 -56.976212 25.140913 -0.987647 0.095637 -0.124124 0.130241 0.146590 1 17 1.000000
 17 -154.588242 -57.764702 25.374712 -0.987647 0.095637 -0.124124 0.130099 0.146308 1 17 1.000000
 17 -154.707672 -60.077507 23.868160 0.975698 -0.099328 0.195313 0.129535 0.146872 1 17 1.000000
Soldiers_Siege_red_2.TGA
 17 -154.580612 -54.612652 27.742725 0.999482 0.030624 0.009871 0.130805 0.146166 1 17 1.000000
 17 -154.588242 -57.764702 25.374712 -0.630489 -0.315244 0.709300 0.130099 0.146308 1 17 1.000000
 17 -154.482498 -56.976212 25.140913 0.999482 0.030624 0.009871 0.130241 0.146590 1 17 1.000000
Soldiers_Siege_red_2.TGA
 17 -154.482498 -56.976212 25.140913 -0.997083 -0.070905 0.028260 0.130241 0.146590 1 17 1.000000
 17 -154.472595 -57.859852 26.879438 -0.999482 -0.030624 -0.009871 0.130946 0.146449 1 17 1.000000
 17 -154.580612 -54.612652 27.742725 -0.999482 -0.030624 -0.009871 0.130805 0.146166 1 17 1.000000
Soldiers_Siege_red_2.TGA
 17 -154.512177 -58.985897 29.669861 0.952797 -0.100586 -0.286464 0.132076 0.146731 1 17 1.000000
 17 -154.547928 -58.229340 28.403488 0.990312 -0.025660 -0.136468 0.132500 0.146449 1 17 1.000000
 17 -154.580612 -54.612652 27.742725 -0.989100 -0.035071 -0.143006 0.132782 0.145884 1 17 1.000000
Soldiers_Siege_red_2.TGA
 17 -154.472595 -57.859852 26.879438 0.999482 0.030624 0.009871 0.133347 0.146449 1 17 1.000000
 17 -154.482498 -56.976212 25.140913 0.999482 0.030624 0.009871 0.133347 0.146166 1 17 1.000000
 17 -154.580612 -54.612652 27.742725 0.999482 0.030624 0.009871 0.132782 0.145884 1 17 1.000000
Soldiers_Siege_red_2.TGA
 17 -154.580612 -54.612652 27.742725 0.989100 0.035071 0.143006 0.132782 0.145884 1 17 1.000000
 17 -154.547928 -58.229340 28.403488 -0.994355 0.010303 0.105609 0.132500 0.146449 1 17 1.000000
 17 -154.472595 -57.859852 26.879438 0.998367 0.018878 0.053915 0.133347 0.146449 1 17 1.000000
Soldiers_Siege_red_2.TGA
 17 -154.512177 -58.985897 29.669861 0.952797 -0.100586 -0.286464 0.132076 0.146731 1 17 1.000000
 17 -154.580612 -54.612652 27.742725 -0.989100 -0.035071 -0.143006 0.132500 0.145319 1 17 1.000000
 17 -154.533478 -50.459003 29.775600 0.996001 0.003596 -0.089276 0.132217 0.144896 1 17 1.000000
Soldiers_Siege_red_2.TGA
 17 -155.067184 -51.159393 42.230839 0.000312 0.359571 0.933117 0.223788 0.723922 1 17 1.000000
 17 -161.048584 -165.662796 53.643696 -0.381497 -0.411724 0.827614 0.327042 0.977856 1 17 1.000000
 17 -154.899612 -131.821533 73.313553 0.016803 0.146102 0.989127 0.041511 0.975085 1 17 1.000000
Soldiers_Siege_red_2.TGA
 17 -144.597260 -157.365494 38.026810 0.769897 -0.598831 0.220588 0.692236 0.990709 1 17 1.000000
 17 -150.878784 33.313637 41.696266 0.194591 0.906709 0.374182 0.552696 0.641869 1 17 1.000000
 17 -150.263763 -157.162216 44.530132 0.328823 -0.591872 0.735910 0.558314 0.991147 1 17 1.000000
Soldiers_Siege_red_2.TGA
 17 -150.878784 33.313637 41.696266 0.194591 0.906709 0.374182 0.552696 0.641869 1 17 1.000000
 17 -158.991867 32.767361 42.014854 -0.250025 0.896031 0.366901 0.564236 0.642318 1 17 1.000000
 17 -150.263763 -157.162216 44.530132 0.328823 -0.591872 0.735910 0.558314 0.991147 1 17 1.000000
Soldiers_Siege_red_2.TGA
 17 -150.263763 -157.162216 44.530132 0.328823 -0.591872 0.735910 0.558314 0.991147 1 17 1.000000
 17 -158.991867 32.767361 42.014854 -0.250025 0.896031 0.366901 0.564236 0.642318 1 17 1.000000
 17 -159.053421 -157.427429 44.380638 -0.334708 -0.604603 0.722791 0.580826 0.991474 1 17 1.000000
Soldiers_Siege_red_2.TGA
 17 -158.991867 32.767361 42.014854 -0.250025 0.896031 0.366901 0.564236 0.642318 1 17 1.000000
 17 -164.287537 31.481312 36.208454 -0.495502 0.868587 0.005848 0.720185 0.642664 1 17 1.000000
 17 -159.053421 -157.427429 44.380638 -0.334708 -0.604603 0.722791 0.580826 0.991474 1 17 1.000000
Soldiers_Siege_red_2.TGA
 17 -159.053421 -157.427429 44.380638 -0.334708 -0.604603 0.722791 0.580826 0.991474 1 17 1.000000
 17 -164.287537 31.481312 36.208454 -0.495502 0.868587 0.005848 0.720185 0.642664 1 17 1.000000
 17 -164.360077 -157.890137 37.687283 -0.760558 -0.623034 0.182702 0.742937 0.991317 1 17 1.000000
Soldiers_Siege_red_2.TGA
 17 -164.287537 31.481312 36.208454 -0.495502 0.868587 0.005848 0.720185 0.642664 1 17 1.000000
 17 -162.682083 30.424095 28.612041 -0.331758 0.875237 -0.351990 0.903810 0.642640 1 17 1.000000
 17 -164.360077 -157.890137 37.687283 -0.760558 -0.623034 0.182702 0.742937 0.991317 1 17 1.000000
Soldiers_Siege_red_2.TGA
 17 -164.360077 -157.890137 37.687283 -0.760558 -0.623034 0.182702 0.742937 0.991317 1 17 1.000000
 17 -162.682083 30.424095 28.612041 -0.331758 0.875237 -0.351990 0.903810 0.642640 1 17 1.000000
 17 -162.174240 -158.272522 29.493900 -0.586988 -0.645386 -0.488795 0.922459 0.990921 1 17 1.000000
Soldiers_Siege_red_2.TGA
 17 -162.682083 30.424095 28.612041 -0.331758 0.875237 -0.351990 0.903810 0.642640 1 17 1.000000
 17 -155.480576 30.390495 24.983021 -0.071584 0.885602 -0.458895 0.976141 0.642271 1 17 1.000000
 17 -162.174240 -158.272522 29.493900 -0.586988 -0.645386 -0.488795 0.922459 0.990921 1 17 1.000000
Soldiers_Siege_red_2.TGA
 17 -162.174240 -158.272522 29.493900 -0.586988 -0.645386 -0.488795 0.922459 0.990921 1 17 1.000000
 17 -155.480576 30.390495 24.983021 -0.071584 0.885602 -0.458895 0.976141 0.642271 1 17 1.000000
 17 -154.148514 -158.256012 25.969221 0.026836 -0.647266 -0.761791 0.984254 0.990527 1 17 1.000000
Soldiers_Siege_red_2.TGA
 17 -155.480576 30.390495 24.983021 -0.071584 0.885602 -0.458895 0.976141 0.642271 1 17 1.000000
 17 -148.062714 31.407143 28.037678 0.261179 0.873632 -0.410552 0.883020 0.641830 1 17 1.000000
 17 -154.148514 -158.256012 25.969221 0.026836 -0.647266 -0.761791 0.984254 0.990527 1 17 1.000000
Soldiers_Siege_red_2.TGA
 17 -154.148514 -158.256012 25.969221 0.026836 -0.647266 -0.761791 0.984254 0.990527 1 17 1.000000
 17 -148.062714 31.407143 28.037678 0.261179 0.873632 -0.410552 0.883020 0.641830 1 17 1.000000
 17 -146.325806 -157.852402 29.766331 0.631121 -0.624322 -0.460335 0.881796 0.990433 1 17 1.000000
Soldiers_Siege_red_2.TGA
 17 -148.062714 31.407143 28.037678 0.261179 0.873632 -0.410552 0.883020 0.641830 1 17 1.000000
 17 -146.014938 32.707531 35.475967 0.460683 0.887516 -0.009304 0.694569 0.641651 1 17 1.000000
 17 -146.325806 -157.852402 29.766331 0.631121 -0.624322 -0.460335 0.881796 0.990433 1 17 1.000000
Soldiers_Siege_red_2.TGA
 17 -146.325806 -157.852402 29.766331 0.631121 -0.624322 -0.460335 0.881796 0.990433 1 17 1.000000
 17 -146.014938 32.707531 35.475967 0.460683 0.887516 -0.009304 0.694569 0.641651 1 17 1.000000
 17 -144.597260 -157.365494 38.026810 0.769897 -0.598831 0.220588 0.692236 0.990709 1 17 1.000000
Soldiers_Siege_red_2.TGA
 17 -146.014938 32.707531 35.475967 0.460683 0.887516 -0.009304 0.694569 0.641651 1 17 1.000000
 17 -150.878784 33.313637 41.696266 0.194591 0.906709 0.374182 0.552696 0.641869 1 17 1.000000
 17 -144.597260 -157.365494 38.026810 0.769897 -0.598831 0.220588 0.692236 0.990709 1 17 1.000000
Soldiers_Siege_red_2.TGA
 17 -155.409363 14.052662 33.023430 -0.004732 0.999926 0.011212 0.771578 0.641736 1 17 1.000000
 17 -146.014938 32.707531 35.475967 0.460683 0.887516 -0.009304 0.694569 0.641651 1 17 1.000000
 17 -148.062714 31.407143 28.037678 0.261179 0.873632 -0.410552 0.883020 0.641830 1 17 1.000000
Soldiers_Siege_red_2.TGA
 17 -155.409363 14.052662 33.023430 -0.004732 0.999926 0.011212 0.771578 0.641736 1 17 1.000000
 17 -148.062714 31.407143 28.037678 0.261179 0.873632 -0.410552 0.883020 0.641830 1 17 1.000000
 17 -155.480576 30.390495 24.983021 -0.071584 0.885602 -0.458895 0.976141 0.642271 1 17 1.000000
Soldiers_Siege_red_2.TGA
 17 -155.409363 14.052662 33.023430 -0.004732 0.999926 0.011212 0.771578 0.641736 1 17 1.000000
 17 -155.480576 30.390495 24.983021 -0.071584 0.885602 -0.458895 0.976141 0.642271 1 17 1.000000
 17 -162.682083 30.424095 28.612041 -0.331758 0.875237 -0.351990 0.903810 0.642640 1 17 1.000000
Soldiers_Siege_red_2.TGA
 17 -155.409363 14.052662 33.023430 -0.004732 0.999926 0.011212 0.771578 0.641736 1 17 1.000000
 17 -150.878784 33.313637 41.696266 0.194591 0.906709 0.374182 0.552696 0.641869 1 17 1.000000
 17 -146.014938 32.707531 35.475967 0.460683 0.887516 -0.009304 0.694569 0.641651 1 17 1.000000
Soldiers_Siege_red_2.TGA
 17 -155.409363 14.052662 33.023430 -0.004732 0.999926 0.011212 0.771578 0.641736 1 17 1.000000
 17 -158.991867 32.767361 42.014854 -0.250025 0.896031 0.366901 0.564236 0.642318 1 17 1.000000
 17 -150.878784 33.313637 41.696266 0.194591 0.906709 0.374182 0.552696 0.641869 1 17 1.000000
Soldiers_Siege_red_2.TGA
 17 -155.409363 14.052662 33.023430 -0.004732 0.999926 0.011212 0.771578 0.641736 1 17 1.000000
 17 -164.287537 31.481312 36.208454 -0.495502 0.868587 0.005848 0.720185 0.642664 1 17 1.000000
 17 -158.991867 32.767361 42.014854 -0.250025 0.896031 0.366901 0.564236 0.642318 1 17 1.000000
Soldiers_Siege_red_2.TGA
 17 -155.409363 14.052662 33.023430 -0.004732 0.999926 0.011212 0.771578 0.641736 1 17 1.000000
 17 -162.682083 30.424095 28.612041 -0.331758 0.875237 -0.351990 0.903810 0.642640 1 17 1.000000
 17 -164.287537 31.481312 36.208454 -0.495502 0.868587 0.005848 0.720185 0.642664 1 17 1.000000
Soldiers_Siege_red_2.TGA
 17 -149.718826 -165.662796 53.643681 0.380823 -0.420385 0.823559 0.327042 0.977856 1 17 1.000000
 17 -155.067184 -51.159393 42.230839 0.000312 0.359571 0.933117 0.223788 0.723922 1 17 1.000000
 17 -154.899612 -131.821533 73.313553 0.016803 0.146102 0.989127 0.041511 0.975085 1 17 1.000000
Soldiers_Siege_red_2.TGA
 17 -161.048584 -165.662796 53.643696 -0.381497 -0.411724 0.827614 0.327042 0.977856 1 17 1.000000
 17 -149.718826 -165.662796 53.643681 0.380823 -0.420385 0.823559 0.327042 0.977856 1 17 1.000000
 17 -154.899612 -131.821533 73.313553 0.016803 0.146102 0.989127 0.041511 0.975085 1 17 1.000000
Soldiers_Siege_red_2.TGA
 17 -164.360077 -157.890137 37.687283 -0.760558 -0.623034 0.182702 0.769246 0.539041 1 17 1.000000
 17 -162.174240 -158.272522 29.493900 -0.586988 -0.645386 -0.488795 0.777701 0.515444 1 17 1.000000
 17 -154.148514 -158.256012 25.969221 0.026836 -0.647266 -0.761791 0.801445 0.507323 1 17 1.000000
Soldiers_Siege_red_2.TGA
 17 -164.360077 -157.890137 37.687283 -0.760558 -0.623034 0.182702 0.769246 0.539041 1 17 1.000000
 17 -154.148514 -158.256012 25.969221 0.026836 -0.647266 -0.761791 0.801445 0.507323 1 17 1.000000
 17 -146.325806 -157.852402 29.766331 0.631121 -0.624322 -0.460335 0.822598 0.520792 1 17 1.000000
Soldiers_Siege_red_2.TGA
 17 -164.360077 -157.890137 37.687283 -0.760558 -0.623034 0.182702 0.769246 0.539041 1 17 1.000000
 17 -146.325806 -157.852402 29.766331 0.631121 -0.624322 -0.460335 0.822598 0.520792 1 17 1.000000
 17 -159.053421 -157.427429 44.380638 -0.334708 -0.604603 0.722791 0.782463 0.560349 1 17 1.000000
Soldiers_Siege_red_2.TGA
 17 -146.325806 -157.852402 29.766331 0.631121 -0.624322 -0.460335 0.822598 0.520792 1 17 1.000000
 17 -144.597260 -157.365494 38.026810 0.769897 -0.598831 0.220588 0.825232 0.545708 1 17 1.000000
 17 -159.053421 -157.427429 44.380638 -0.334708 -0.604603 0.722791 0.782463 0.560349 1 17 1.000000
Soldiers_Siege_red_2.TGA
 17 -144.597260 -157.365494 38.026810 0.769897 -0.598831 0.220588 0.825232 0.545708 1 17 1.000000
 17 -150.263763 -157.162216 44.530132 0.328823 -0.591872 0.735910 0.807363 0.563310 1 17 1.000000
 17 -159.053421 -157.427429 44.380638 -0.334708 -0.604603 0.722791 0.782463 0.560349 1 17 1.000000
Soldiers_Siege_red_2.TGA
 17 -130.889771 -168.356033 40.147484 0.975089 0.006136 0.221725 0.979384 0.327676 1 17 1.000000
 17 -143.998520 -136.861938 57.352470 0.464849 0.000467 0.885389 0.631307 0.608302 1 17 1.000000
 17 -144.844543 -168.351196 57.477650 0.344641 -0.620359 0.704541 0.981416 0.607160 1 17 1.000000
Soldiers_Siege_red_2.TGA
 17 -143.998520 -136.861938 57.352470 0.464849 0.000467 0.885389 0.631307 0.608302 1 17 1.000000
 17 -165.069916 -136.930649 58.118320 -0.392180 0.010488 0.919830 0.632029 0.611633 1 17 1.000000
 17 -144.844543 -168.351196 57.477650 0.344641 -0.620359 0.704541 0.981416 0.607160 1 17 1.000000
Soldiers_Siege_red_2.TGA
 17 -144.844543 -168.351196 57.477650 0.344641 -0.620359 0.704541 0.981416 0.607160 1 17 1.000000
 17 -165.069916 -136.930649 58.118320 -0.392180 0.010488 0.919830 0.632029 0.611633 1 17 1.000000
 17 -165.802582 -168.435410 58.119038 -0.322021 -0.611134 0.723063 0.982692 0.606358 1 17 1.000000
Soldiers_Siege_red_2.TGA
 17 -165.069916 -136.930649 58.118320 -0.392180 0.010488 0.919830 0.632029 0.611633 1 17 1.000000
 17 -178.899872 -137.087982 42.213024 -0.966567 0.010173 0.256216 0.631234 0.308007 1 17 1.000000
 17 -165.802582 -168.435410 58.119038 -0.322021 -0.611134 0.723063 0.982692 0.606358 1 17 1.000000
Soldiers_Siege_red_2.TGA
 17 -165.802582 -168.435410 58.119038 -0.322021 -0.611134 0.723063 0.982692 0.606358 1 17 1.000000
 17 -178.899872 -137.087982 42.213024 -0.966567 0.010173 0.256216 0.631234 0.308007 1 17 1.000000
 17 -179.075607 -168.528366 42.304806 -0.973056 -0.007689 0.230444 0.980605 0.308703 1 17 1.000000
Soldiers_Siege_red_2.TGA
 17 -178.899872 -137.087982 42.213024 -0.966567 0.010173 0.256216 0.631234 0.308007 1 17 1.000000
 17 -174.827255 -137.214279 21.513472 -0.797863 -0.017840 -0.602573 0.632647 0.609743 1 17 1.000000
 17 -179.075607 -168.528366 42.304806 -0.973056 -0.007689 0.230444 0.980605 0.308703 1 17 1.000000
Soldiers_Siege_red_2.TGA
 17 -179.075607 -168.528366 42.304806 -0.973056 -0.007689 0.230444 0.980605 0.308703 1 17 1.000000
 17 -174.827255 -137.214279 21.513472 -0.797863 -0.017840 -0.602573 0.632647 0.609743 1 17 1.000000
 17 -173.759079 -168.647430 21.747980 -0.780600 -0.031140 -0.624253 0.982162 0.607557 1 17 1.000000
Soldiers_Siege_red_2.TGA
 17 -174.827255 -137.214279 21.513472 -0.797863 -0.017840 -0.602573 0.632647 0.609743 1 17 1.000000
 17 -156.166138 -137.215256 11.706249 -0.052405 0.003926 -0.998618 0.630283 0.308132 1 17 1.000000
 17 -173.759079 -168.647430 21.747980 -0.780600 -0.031140 -0.624253 0.982162 0.607557 1 17 1.000000
Soldiers_Siege_red_2.TGA
 17 -173.759079 -168.647430 21.747980 -0.780600 -0.031140 -0.624253 0.982162 0.607557 1 17 1.000000
 17 -156.166138 -137.215256 11.706249 -0.052405 0.003926 -0.998618 0.630283 0.308132 1 17 1.000000
 17 -154.229904 -168.639130 11.479708 -0.018627 0.004770 -0.999815 0.979054 0.306864 1 17 1.000000
Soldiers_Siege_red_2.TGA
 17 -156.166138 -137.215256 11.706249 -0.052405 0.003926 -0.998618 0.630283 0.308132 1 17 1.000000
 17 -136.857529 -137.089432 20.132715 0.753655 0.046856 -0.655599 0.631345 0.605940 1 17 1.000000
 17 -154.229904 -168.639130 11.479708 -0.018627 0.004770 -0.999815 0.979054 0.306864 1 17 1.000000
Soldiers_Siege_red_2.TGA
 17 -154.229904 -168.639130 11.479708 -0.018627 0.004770 -0.999815 0.979054 0.306864 1 17 1.000000
 17 -136.857529 -137.089432 20.132715 0.753655 0.046856 -0.655599 0.631345 0.605940 1 17 1.000000
 17 -135.124420 -168.508957 19.939878 0.774488 0.033843 -0.631684 0.980526 0.610621 1 17 1.000000
Soldiers_Siege_red_2.TGA
 17 -136.857529 -137.089432 20.132715 0.753655 0.046856 -0.655599 0.631345 0.605940 1 17 1.000000
 17 -131.442871 -136.932632 40.446831 0.978861 0.027482 0.202670 0.629609 0.329291 1 17 1.000000
 17 -135.124420 -168.508957 19.939878 0.774488 0.033843 -0.631684 0.980526 0.610621 1 17 1.000000
Soldiers_Siege_red_2.TGA
 17 -135.124420 -168.508957 19.939878 0.774488 0.033843 -0.631684 0.980526 0.610621 1 17 1.000000
 17 -131.442871 -136.932632 40.446831 0.978861 0.027482 0.202670 0.629609 0.329291 1 17 1.000000
 17 -130.889771 -168.356033 40.147484 0.975089 0.006136 0.221725 0.979384 0.327676 1 17 1.000000
Soldiers_Siege_red_2.TGA
 17 -131.442871 -136.932632 40.446831 0.978861 0.027482 0.202670 0.629609 0.329291 1 17 1.000000
 17 -143.998520 -136.861938 57.352470 0.464849 0.000467 0.885389 0.631307 0.608302 1 17 1.000000
 17 -130.889771 -168.356033 40.147484 0.975089 0.006136 0.221725 0.979384 0.327676 1 17 1.000000
Soldiers_Siege_red_2.TGA
 17 -177.864410 -168.629471 42.778790 0.004573 -0.999958 0.007990 0.769246 0.539041 1 17 1.000000
 17 -172.808075 -168.743286 23.063723 0.004088 -0.999968 0.006822 0.777701 0.515444 1 17 1.000000
 17 -154.215439 -168.735458 13.069798 0.003894 -0.999970 0.006668 0.801445 0.507323 1 17 1.000000
Soldiers_Siege_red_2.TGA
 17 -177.864410 -168.629471 42.778790 0.004573 -0.999958 0.007990 0.769246 0.539041 1 17 1.000000
 17 -154.215439 -168.735458 13.069798 0.003894 -0.999970 0.006668 0.801445 0.507323 1 17 1.000000
 17 -135.988693 -168.610611 21.309790 0.003596 -0.999968 0.007165 0.822598 0.520792 1 17 1.000000
Soldiers_Siege_red_2.TGA
 17 -177.864410 -168.629471 42.778790 0.004573 -0.999958 0.007990 0.769246 0.539041 1 17 1.000000
 17 -135.988693 -168.610611 21.309790 0.003596 -0.999968 0.007165 0.822598 0.520792 1 17 1.000000
 17 -165.802582 -168.435410 58.119038 -0.322021 -0.611134 0.723063 0.782463 0.560349 1 17 1.000000
Soldiers_Siege_red_2.TGA
 17 -135.988693 -168.610611 21.309790 0.003596 -0.999968 0.007165 0.822598 0.520792 1 17 1.000000
 17 -131.933594 -168.464462 40.755596 0.003019 -0.999967 0.007563 0.825232 0.545708 1 17 1.000000
 17 -165.802582 -168.435410 58.119038 -0.322021 -0.611134 0.723063 0.782463 0.560349 1 17 1.000000
Soldiers_Siege_red_2.TGA
 17 -131.933594 -168.464462 40.755596 0.003019 -0.999967 0.007563 0.825232 0.545708 1 17 1.000000
 17 -144.844543 -168.351196 57.477650 0.344641 -0.620359 0.704541 0.807363 0.563310 1 17 1.000000
 17 -165.802582 -168.435410 58.119038 -0.322021 -0.611134 0.723063 0.782463 0.560349 1 17 1.000000
Soldiers_Siege_red_2.TGA
 17 -130.903458 -138.066162 40.147457 0.925415 0.317015 0.207623 0.979384 0.327676 1 17 1.000000
 17 -149.997482 -98.580322 46.017303 0.441218 0.311906 0.841451 0.631307 0.608302 1 17 1.000000
 17 -144.666519 -138.004684 57.512012 0.422235 0.304455 0.853828 0.981416 0.607160 1 17 1.000000
Soldiers_Siege_red_2.TGA
 17 -149.997482 -98.580322 46.017303 0.441218 0.311906 0.841451 0.631307 0.608302 1 17 1.000000
 17 -159.921494 -98.672958 46.378319 -0.372781 0.317877 0.871774 0.632029 0.611633 1 17 1.000000
 17 -144.666519 -138.004684 57.512012 0.422235 0.304455 0.853828 0.981416 0.607160 1 17 1.000000
Soldiers_Siege_red_2.TGA
 17 -144.666519 -138.004684 57.512012 0.422235 0.304455 0.853828 0.981416 0.607160 1 17 1.000000
 17 -159.921494 -98.672958 46.378319 -0.372781 0.317877 0.871774 0.632029 0.611633 1 17 1.000000
 17 -166.147232 -138.090805 57.956955 -0.401601 0.313817 0.860370 0.982692 0.606358 1 17 1.000000
Soldiers_Siege_red_2.TGA
 17 -159.921494 -98.672958 46.378319 -0.372781 0.317877 0.871774 0.632029 0.611633 1 17 1.000000
 17 -166.435547 -98.884537 38.887253 -0.916595 0.319633 0.240186 0.631234 0.308007 1 17 1.000000
 17 -166.147232 -138.090805 57.956955 -0.401601 0.313817 0.860370 0.982692 0.606358 1 17 1.000000
Soldiers_Siege_red_2.TGA
 17 -166.147232 -138.090805 57.956955 -0.401601 0.313817 0.860370 0.982692 0.606358 1 17 1.000000
 17 -166.435547 -98.884537 38.887253 -0.916595 0.319633 0.240186 0.631234 0.308007 1 17 1.000000
 17 -179.089294 -138.237946 42.304779 -0.927352 0.310090 0.209437 0.980605 0.308703 1 17 1.000000
Soldiers_Siege_red_2.TGA
 17 -166.435547 -98.884537 38.887253 -0.916595 0.319633 0.240186 0.631234 0.308007 1 17 1.000000
 17 -164.517548 -99.054657 29.137489 -0.761154 0.298723 -0.575680 0.632647 0.609743 1 17 1.000000
 17 -179.089294 -138.237946 42.304779 -0.927352 0.310090 0.209437 0.980605 0.308703 1 17 1.000000
Soldiers_Siege_red_2.TGA
 17 -179.089294 -138.237946 42.304779 -0.927352 0.310090 0.209437 0.980605 0.308703 1 17 1.000000
 17 -164.517548 -99.054657 29.137489 -0.761154 0.298723 -0.575680 0.632647 0.609743 1 17 1.000000
 17 -173.773529 -138.356995 21.747953 -0.749479 0.288577 -0.595821 0.982162 0.607557 1 17 1.000000
Soldiers_Siege_red_2.TGA
 17 -164.517548 -99.054657 29.137489 -0.761154 0.298723 -0.575680 0.632647 0.609743 1 17 1.000000
 17 -155.727936 -99.056030 24.518917 -0.048891 0.312847 -0.948545 0.630283 0.308132 1 17 1.000000
 17 -173.773529 -138.356995 21.747953 -0.749479 0.288577 -0.595821 0.982162 0.607557 1 17 1.000000
Soldiers_Siege_red_2.TGA
 17 -173.773529 -138.356995 21.747953 -0.749479 0.288577 -0.595821 0.982162 0.607557 1 17 1.000000
 17 -155.727936 -99.056030 24.518917 -0.048891 0.312847 -0.948545 0.630283 0.308132 1 17 1.000000
 17 -154.243591 -138.348251 11.479681 -0.023615 0.313155 -0.949409 0.979054 0.306864 1 17 1.000000
Soldiers_Siege_red_2.TGA
 17 -155.727936 -99.056030 24.518917 -0.048891 0.312847 -0.948545 0.630283 0.308132 1 17 1.000000
 17 -146.633179 -98.887283 28.487434 0.707797 0.342840 -0.617646 0.631345 0.605940 1 17 1.000000
 17 -154.243591 -138.348251 11.479681 -0.023615 0.313155 -0.949409 0.979054 0.306864 1 17 1.000000
Soldiers_Siege_red_2.TGA
 17 -154.243591 -138.348251 11.479681 -0.023615 0.313155 -0.949409 0.979054 0.306864 1 17 1.000000
 17 -146.633179 -98.887283 28.487434 0.707797 0.342840 -0.617646 0.631345 0.605940 1 17 1.000000
 17 -135.138855 -138.219070 19.939852 0.729358 0.336077 -0.595895 0.980526 0.610621 1 17 1.000000
Soldiers_Siege_red_2.TGA
 17 -146.633179 -98.887283 28.487434 0.707797 0.342840 -0.617646 0.631345 0.605940 1 17 1.000000
 17 -144.082947 -98.674332 38.055439 0.924670 0.330632 0.188857 0.629609 0.329291 1 17 1.000000
 17 -135.138855 -138.219070 19.939852 0.729358 0.336077 -0.595895 0.980526 0.610621 1 17 1.000000
Soldiers_Siege_red_2.TGA
 17 -135.138855 -138.219070 19.939852 0.729358 0.336077 -0.595895 0.980526 0.610621 1 17 1.000000
 17 -144.082947 -98.674332 38.055439 0.924670 0.330632 0.188857 0.629609 0.329291 1 17 1.000000
 17 -130.903458 -138.066162 40.147457 0.925415 0.317015 0.207623 0.979384 0.327676 1 17 1.000000
Soldiers_Siege_red_2.TGA
 17 -144.082947 -98.674332 38.055439 0.924670 0.330632 0.188857 0.629609 0.329291 1 17 1.000000
 17 -149.997482 -98.580322 46.017303 0.441218 0.311906 0.841451 0.631307 0.608302 1 17 1.000000
 17 -130.903458 -138.066162 40.147457 0.925415 0.317015 0.207623 0.979384 0.327676 1 17 1.000000
Soldiers_Siege_red_1.tga
 23 26.382698 -15.485140 144.831238 0.347653 -0.871803 0.345104 0.847656 0.203125 1 18 1.000000
 23 44.233654 -1.306772 143.399353 0.738735 -0.463772 0.489067 0.898438 0.257812 1 18 1.000000
 23 25.746304 0.810225 173.541229 0.546511 -0.308511 0.778554 0.843750 0.257812 1 18 1.000000
Soldiers_Siege_red_1.tga
 23 3.889714 19.427299 169.159149 -0.000220 0.893576 0.448912 0.734375 0.339844 1 4 1.000000
 23 26.698322 23.199739 132.444550 0.226896 0.944398 0.237974 0.828125 0.355469 1 18 1.000000
 23 3.894403 25.726398 142.639771 0.000438 0.972930 0.231098 0.734375 0.363281 1 4 1.000000
Soldiers_Siege_red_1.tga
 23 25.746304 0.810225 173.541229 0.546511 -0.308511 0.778554 0.843750 0.257812 1 18 1.000000
 23 44.233654 -1.306772 143.399353 0.738735 -0.463772 0.489067 0.898438 0.257812 1 18 1.000000
 23 25.743244 11.114738 173.541245 0.531763 0.393740 0.749798 0.843750 0.316406 1 18 1.000000
Soldiers_Siege_red_1.tga
 23 25.743244 11.114738 173.541245 0.531763 0.393740 0.749798 0.843750 0.316406 1 18 1.000000
 23 44.233654 -1.306772 143.399353 0.738735 -0.463772 0.489067 0.898438 0.257812 1 18 1.000000
 23 36.420933 14.507002 156.882248 0.623126 0.585454 0.518612 0.898438 0.320312 1 18 1.000000
Soldiers_Siege_red_1.tga
 23 13.353395 0.875078 175.731857 0.650481 -0.553088 0.520546 0.773438 0.265625 1 4 1.000000
 23 25.746304 0.810225 173.541229 0.546511 -0.308511 0.778554 0.843750 0.257812 1 18 1.000000
 23 13.419455 9.093607 175.731857 0.516879 0.533115 0.669794 0.773438 0.296875 1 4 1.000000
Soldiers_Siege_red_1.tga
 23 13.419455 9.093607 175.731857 0.516879 0.533115 0.669794 0.773438 0.296875 1 4 1.000000
 23 25.746304 0.810225 173.541229 0.546511 -0.308511 0.778554 0.843750 0.257812 1 18 1.000000
 23 25.743244 11.114738 173.541245 0.531763 0.393740 0.749798 0.843750 0.316406 1 18 1.000000
Soldiers_Siege_red_1.tga
 23 14.661368 -22.883320 125.324661 0.131473 -0.950513 0.281496 0.777344 0.175781 1 4 1.000000
 23 26.382698 -15.485140 144.831238 0.347653 -0.871803 0.345104 0.847656 0.203125 1 18 1.000000
 23 3.899613 -13.985471 160.395859 0.000286 -0.918070 0.396419 0.734375 0.210937 1 4 1.000000
Soldiers_Siege_red_1.tga
 23 13.353395 0.875078 175.731857 0.650481 -0.553088 0.520546 0.773438 0.265625 1 4 1.000000
 23 19.381775 -9.598869 168.063843 0.315370 -0.765122 0.561364 0.796875 0.226562 1 18 1.000000
 23 25.746304 0.810225 173.541229 0.546511 -0.308511 0.778554 0.843750 0.257812 1 18 1.000000
Soldiers_Siege_red_1.tga
 23 26.698322 23.199739 132.444550 0.226896 0.944398 0.237974 0.828125 0.355469 1 18 1.000000
 23 25.743244 11.114738 173.541245 0.531763 0.393740 0.749798 0.843750 0.316406 1 18 1.000000
 23 36.420933 14.507002 156.882248 0.623126 0.585454 0.518612 0.898438 0.320312 1 18 1.000000
Soldiers_Siege_red_1.tga
 23 25.746304 0.810225 173.541229 0.546511 -0.308511 0.778554 0.843750 0.257812 1 18 1.000000
 23 19.381775 -9.598869 168.063843 0.315370 -0.765122 0.561364 0.796875 0.226562 1 18 1.000000
 23 26.382698 -15.485140 144.831238 0.347653 -0.871803 0.345104 0.847656 0.203125 1 18 1.000000
Soldiers_Siege_red_1.tga
 23 18.210064 16.829720 171.350632 0.255755 0.788186 0.559779 0.792969 0.328125 1 18 1.000000
 23 13.419455 9.093607 175.731857 0.516879 0.533115 0.669794 0.773438 0.296875 1 4 1.000000
 23 25.743244 11.114738 173.541245 0.531763 0.393740 0.749798 0.843750 0.316406 1 18 1.000000
Soldiers_Siege_red_1.tga
 23 25.743244 11.114738 173.541245 0.531763 0.393740 0.749798 0.843750 0.316406 1 18 1.000000
 23 26.698322 23.199739 132.444550 0.226896 0.944398 0.237974 0.828125 0.355469 1 18 1.000000
 23 18.210064 16.829720 171.350632 0.255755 0.788186 0.559779 0.792969 0.328125 1 18 1.000000
Soldiers_Siege_red_1.tga
 23 13.353395 0.875078 175.731857 0.650481 -0.553088 0.520546 0.773438 0.265625 1 4 1.000000
 23 3.897336 -6.317021 171.350662 0.000510 -0.916521 0.399986 0.734375 0.238281 1 4 1.000000
 23 19.381775 -9.598869 168.063843 0.315370 -0.765122 0.561364 0.796875 0.226562 1 18 1.000000
Soldiers_Siege_red_1.tga
 23 26.382698 -15.485140 144.831238 0.347653 -0.871803 0.345104 0.847656 0.203125 1 18 1.000000
 23 19.381775 -9.598869 168.063843 0.315370 -0.765122 0.561364 0.796875 0.226562 1 18 1.000000
 23 3.899613 -13.985471 160.395859 0.000286 -0.918070 0.396419 0.734375 0.210937 1 4 1.000000
Soldiers_Siege_red_1.tga
 23 19.381775 -9.598869 168.063843 0.315370 -0.765122 0.561364 0.796875 0.226562 1 18 1.000000
 23 3.897336 -6.317021 171.350662 0.000510 -0.916521 0.399986 0.734375 0.238281 1 4 1.000000
 23 3.899613 -13.985471 160.395859 0.000286 -0.918070 0.396419 0.734375 0.210937 1 4 1.000000
Soldiers_Siege_red_1.tga
 23 18.210064 16.829720 171.350632 0.255755 0.788186 0.559779 0.792969 0.328125 1 18 1.000000
 23 26.698322 23.199739 132.444550 0.226896 0.944398 0.237974 0.828125 0.355469 1 18 1.000000
 23 3.889714 19.427299 169.159149 -0.000220 0.893576 0.448912 0.734375 0.339844 1 4 1.000000
Soldiers_Siege_red_1.tga
 23 13.419455 9.093607 175.731857 0.516879 0.533115 0.669794 0.773438 0.296875 1 4 1.000000
 23 18.210064 16.829720 171.350632 0.255755 0.788186 0.559779 0.792969 0.328125 1 18 1.000000
 23 3.891729 12.614570 175.731873 0.000223 0.869293 0.494298 0.734375 0.312500 1 4 1.000000
Soldiers_Siege_red_1.tga
 23 3.891729 12.614570 175.731873 0.000223 0.869293 0.494298 0.734375 0.312500 1 4 1.000000
 23 18.210064 16.829720 171.350632 0.255755 0.788186 0.559779 0.792969 0.328125 1 18 1.000000
 23 3.889714 19.427299 169.159149 -0.000220 0.893576 0.448912 0.734375 0.339844 1 4 1.000000
Soldiers_Siege_red_1.tga
 23 -18.553677 -15.498550 144.831253 -0.348222 -0.871808 0.344517 0.847656 0.203125 1 12 1.000000
 23 -17.936817 0.797272 173.541245 -0.547721 -0.308043 0.777889 0.839844 0.257812 1 12 1.000000
 23 -36.285843 -1.330627 143.399353 -0.740939 -0.462660 0.486780 0.894531 0.257812 1 12 1.000000
Soldiers_Siege_red_1.tga
 23 3.889714 19.427299 169.159149 -0.000220 0.893576 0.448912 0.734375 0.339844 1 4 1.000000
 23 3.894403 25.726398 142.639771 0.000438 0.972930 0.231098 0.734375 0.363281 1 4 1.000000
 23 -19.038956 23.186237 132.444580 -0.227855 0.944089 0.238281 0.828125 0.355469 1 12 1.000000
Soldiers_Siege_red_1.tga
 23 -17.936817 0.797272 173.541245 -0.547721 -0.308043 0.777889 0.839844 0.257812 1 12 1.000000
 23 -17.939785 11.101794 173.541260 -0.533485 0.392846 0.749043 0.843750 0.316406 1 12 1.000000
 23 -36.285843 -1.330627 143.399353 -0.740939 -0.462660 0.486780 0.894531 0.257812 1 12 1.000000
Soldiers_Siege_red_1.tga
 23 -17.939785 11.101794 173.541260 -0.533485 0.392846 0.749043 0.843750 0.316406 1 12 1.000000
 23 -28.499310 14.487738 156.882263 -0.623884 0.587879 0.514944 0.894531 0.320312 1 12 1.000000
 23 -36.285843 -1.330627 143.399353 -0.740939 -0.462660 0.486780 0.894531 0.257812 1 12 1.000000
Soldiers_Siege_red_1.tga
 23 -5.543906 0.869487 175.731857 -0.651915 -0.557088 0.514451 0.773438 0.265625 1 4 1.000000
 23 -5.683316 9.087936 175.731873 -0.516784 0.531166 0.671414 0.773438 0.296875 1 4 1.000000
 23 -17.936817 0.797272 173.541245 -0.547721 -0.308043 0.777889 0.839844 0.257812 1 12 1.000000
Soldiers_Siege_red_1.tga
 23 -5.683316 9.087936 175.731873 -0.516784 0.531166 0.671414 0.773438 0.296875 1 4 1.000000
 23 -17.939785 11.101794 173.541260 -0.533485 0.392846 0.749043 0.843750 0.316406 1 12 1.000000
 23 -17.936817 0.797272 173.541245 -0.547721 -0.308043 0.777889 0.839844 0.257812 1 12 1.000000
Soldiers_Siege_red_1.tga
 23 -6.837834 -22.889620 125.324646 -0.131053 -0.950580 0.281464 0.777344 0.175781 1 4 1.000000
 23 3.899613 -13.985471 160.395859 0.000286 -0.918070 0.396419 0.734375 0.210937 1 4 1.000000
 23 -18.553677 -15.498550 144.831253 -0.348222 -0.871808 0.344517 0.847656 0.203125 1 12 1.000000
Soldiers_Siege_red_1.tga
 23 -5.543906 0.869487 175.731857 -0.651915 -0.557088 0.514451 0.773438 0.265625 1 4 1.000000
 23 -17.936817 0.797272 173.541245 -0.547721 -0.308043 0.777889 0.839844 0.257812 1 12 1.000000
 23 -11.634566 -9.608049 168.063873 -0.317374 -0.764649 0.560880 0.796875 0.226562 1 4 1.000000
Soldiers_Siege_red_1.tga
 23 -19.038956 23.186237 132.444580 -0.227855 0.944089 0.238281 0.828125 0.355469 1 12 1.000000
 23 -28.499310 14.487738 156.882263 -0.623884 0.587879 0.514944 0.894531 0.320312 1 12 1.000000
 23 -17.939785 11.101794 173.541260 -0.533485 0.392846 0.749043 0.843750 0.316406 1 12 1.000000
Soldiers_Siege_red_1.tga
 23 -17.936817 0.797272 173.541245 -0.547721 -0.308043 0.777889 0.839844 0.257812 1 12 1.000000
 23 -18.553677 -15.498550 144.831253 -0.348222 -0.871808 0.344517 0.847656 0.203125 1 12 1.000000
 23 -11.634566 -9.608049 168.063873 -0.317374 -0.764649 0.560880 0.796875 0.226562 1 4 1.000000
Soldiers_Siege_red_1.tga
 23 -10.410026 16.821169 171.350647 -0.255847 0.787952 0.560066 0.792969 0.328125 1 12 1.000000
 23 -17.939785 11.101794 173.541260 -0.533485 0.392846 0.749043 0.843750 0.316406 1 12 1.000000
 23 -5.683316 9.087936 175.731873 -0.516784 0.531166 0.671414 0.773438 0.296875 1 4 1.000000
Soldiers_Siege_red_1.tga
 23 -17.939785 11.101794 173.541260 -0.533485 0.392846 0.749043 0.843750 0.316406 1 12 1.000000
 23 -10.410026 16.821169 171.350647 -0.255847 0.787952 0.560066 0.792969 0.328125 1 12 1.000000
 23 -19.038956 23.186237 132.444580 -0.227855 0.944089 0.238281 0.828125 0.355469 1 12 1.000000
Soldiers_Siege_red_1.tga
 23 -5.543906 0.869487 175.731857 -0.651915 -0.557088 0.514451 0.773438 0.265625 1 4 1.000000
 23 -11.634566 -9.608049 168.063873 -0.317374 -0.764649 0.560880 0.796875 0.226562 1 4 1.000000
 23 3.897336 -6.317021 171.350662 0.000510 -0.916521 0.399986 0.734375 0.238281 1 4 1.000000
Soldiers_Siege_red_1.tga
 23 -18.553677 -15.498550 144.831253 -0.348222 -0.871808 0.344517 0.847656 0.203125 1 12 1.000000
 23 3.899613 -13.985471 160.395859 0.000286 -0.918070 0.396419 0.734375 0.210937 1 4 1.000000
 23 -11.634566 -9.608049 168.063873 -0.317374 -0.764649 0.560880 0.796875 0.226562 1 4 1.000000
Soldiers_Siege_red_1.tga
 23 -11.634566 -9.608049 168.063873 -0.317374 -0.764649 0.560880 0.796875 0.226562 1 4 1.000000
 23 3.899613 -13.985471 160.395859 0.000286 -0.918070 0.396419 0.734375 0.210937 1 4 1.000000
 23 3.897336 -6.317021 171.350662 0.000510 -0.916521 0.399986 0.734375 0.238281 1 4 1.000000
Soldiers_Siege_red_1.tga
 23 -10.410026 16.821169 171.350647 -0.255847 0.787952 0.560066 0.792969 0.328125 1 12 1.000000
 23 3.889714 19.427299 169.159149 -0.000220 0.893576 0.448912 0.734375 0.339844 1 4 1.000000
 23 -19.038956 23.186237 132.444580 -0.227855 0.944089 0.238281 0.828125 0.355469 1 12 1.000000
Soldiers_Siege_red_1.tga
 23 3.889714 19.427299 169.159149 -0.000220 0.893576 0.448912 0.734375 0.339844 1 4 1.000000
 23 -10.410026 16.821169 171.350647 -0.255847 0.787952 0.560066 0.792969 0.328125 1 12 1.000000
 23 3.891729 12.614570 175.731873 0.000223 0.869293 0.494298 0.734375 0.312500 1 4 1.000000
Soldiers_Siege_red_1.tga
 23 3.891729 12.614570 175.731873 0.000223 0.869293 0.494298 0.734375 0.312500 1 4 1.000000
 23 -10.410026 16.821169 171.350647 -0.255847 0.787952 0.560066 0.792969 0.328125 1 12 1.000000
 23 -5.683316 9.087936 175.731873 -0.516784 0.531166 0.671414 0.773438 0.296875 1 4 1.000000
Soldiers_Siege_red_1.tga
 23 3.891729 12.614570 175.731873 0.000223 0.869293 0.494298 0.897333 0.351684 1 4 1.000000
 23 3.891729 12.614570 182.599762 0.000098 0.999508 -0.031362 0.897333 0.379028 1 4 1.000000
 23 13.419455 9.093607 175.731857 0.516879 0.533115 0.669794 0.846552 0.351684 1 4 1.000000
Soldiers_Siege_red_1.tga
 23 13.419455 9.093607 175.731857 0.516879 0.533115 0.669794 0.846552 0.351684 1 4 1.000000
 23 3.891729 12.614570 182.599762 0.000098 0.999508 -0.031362 0.897333 0.379028 1 4 1.000000
 23 15.268055 9.094156 182.532257 0.817478 0.531346 -0.222264 0.846552 0.379028 1 4 1.000000
Soldiers_Siege_red_1.tga
 23 13.353395 0.875078 175.731857 0.650481 -0.553088 0.520546 0.846552 0.351684 1 4 1.000000
 23 13.419455 9.093607 175.731857 0.516879 0.533115 0.669794 0.893427 0.351684 1 4 1.000000
 23 15.133595 0.875609 182.532257 0.895938 -0.353221 -0.269316 0.846552 0.379028 1 4 1.000000
Soldiers_Siege_red_1.tga
 23 15.133595 0.875609 182.532257 0.895938 -0.353221 -0.269316 0.846552 0.379028 1 4 1.000000
 23 13.419455 9.093607 175.731857 0.516879 0.533115 0.669794 0.893427 0.351684 1 4 1.000000
 23 15.268055 9.094156 182.532257 0.817478 0.531346 -0.222264 0.893427 0.379028 1 4 1.000000
Soldiers_Siege_red_1.tga
 23 13.353395 0.875078 175.731857 0.650481 -0.553088 0.520546 0.846552 0.351684 1 4 1.000000
 23 15.133595 0.875609 182.532257 0.895938 -0.353221 -0.269316 0.846552 0.379028 1 4 1.000000
 23 3.897336 -6.317021 171.350662 0.000510 -0.916521 0.399986 0.807490 0.339966 1 4 1.000000
Soldiers_Siege_red_1.tga
 23 3.897336 -6.317021 171.350662 0.000510 -0.916521 0.399986 0.807490 0.339966 1 4 1.000000
 23 15.133595 0.875609 182.532257 0.895938 -0.353221 -0.269316 0.846552 0.379028 1 4 1.000000
 23 3.898925 -11.657619 182.259552 0.001105 -0.898145 -0.439699 0.799677 0.379028 1 4 1.000000
Soldiers_Siege_red_1.tga
 23 -5.543906 0.869487 175.731857 -0.651915 -0.557088 0.514451 0.846552 0.351684 1 4 1.000000
 23 -7.392687 0.868938 182.532257 -0.895427 -0.352712 -0.271670 0.846552 0.379028 1 4 1.000000
 23 -5.683316 9.087936 175.731873 -0.516784 0.531166 0.671414 0.893427 0.351684 1 4 1.000000
Soldiers_Siege_red_1.tga
 23 -5.683316 9.087936 175.731873 -0.516784 0.531166 0.671414 0.893427 0.351684 1 4 1.000000
 23 -7.392687 0.868938 182.532257 -0.895427 -0.352712 -0.271670 0.846552 0.379028 1 4 1.000000
 23 -7.463517 9.087414 182.532257 -0.816453 0.536416 -0.213689 0.893427 0.379028 1 4 1.000000
Soldiers_Siege_red_1.tga
 23 -5.543906 0.869487 175.731857 -0.651915 -0.557088 0.514451 0.846552 0.351684 1 4 1.000000
 23 3.897336 -6.317021 171.350662 0.000510 -0.916521 0.399986 0.807490 0.339966 1 4 1.000000
 23 -7.392687 0.868938 182.532257 -0.895427 -0.352712 -0.271670 0.846552 0.379028 1 4 1.000000
Soldiers_Siege_red_1.tga
 23 -7.392687 0.868938 182.532257 -0.895427 -0.352712 -0.271670 0.846552 0.379028 1 4 1.000000
 23 3.897336 -6.317021 171.350662 0.000510 -0.916521 0.399986 0.807490 0.339966 1 4 1.000000
 23 3.898925 -11.657619 182.259552 0.001105 -0.898145 -0.439699 0.799677 0.379028 1 4 1.000000
Soldiers_Siege_red_1.tga
 23 3.891729 12.614570 175.731873 0.000223 0.869293 0.494298 0.897333 0.351684 1 4 1.000000
 23 -5.683316 9.087936 175.731873 -0.516784 0.531166 0.671414 0.846552 0.351684 1 4 1.000000
 23 3.891729 12.614570 182.599762 0.000098 0.999508 -0.031362 0.897333 0.379028 1 4 1.000000
Soldiers_Siege_red_1.tga
 23 3.891729 12.614570 182.599762 0.000098 0.999508 -0.031362 0.897333 0.379028 1 4 1.000000
 23 -5.683316 9.087936 175.731873 -0.516784 0.531166 0.671414 0.846552 0.351684 1 4 1.000000
 23 -7.463517 9.087414 182.532257 -0.816453 0.536416 -0.213689 0.846552 0.379028 1 4 1.000000
Soldiers_Siege_red_1.tga
 23 3.897825 -7.960331 140.675064 0.000141 -0.979766 0.200144 0.042969 0.277344 1 4 1.000000
 23 14.655247 -2.205703 141.223160 0.828073 -0.533497 0.172268 0.070313 0.281250 1 4 1.000000
 23 16.914513 -1.862622 158.203476 0.402938 -0.885803 -0.230205 0.078125 0.324219 2 4 0.500000 18 0.500000
Soldiers_Siege_red_1.tga
 23 3.890893 15.456049 159.299652 -0.000502 0.998410 0.056363 0.550781 0.328125 1 4 1.000000
 23 16.294956 9.909467 170.254456 0.366154 0.624418 0.689952 0.582031 0.355469 2 4 0.500000 18 0.500000
 23 16.842335 11.266119 158.203461 0.371504 0.906496 -0.200625 0.582031 0.324219 2 4 0.500000 18 0.500000
Soldiers_Siege_red_1.tga
 23 9.655385 3.167703 173.541260 0.279691 -0.085275 0.956296 0.269531 0.187500 1 4 1.000000
 23 16.294956 9.909467 170.254456 0.366154 0.624418 0.689952 0.296875 0.210937 2 4 0.500000 18 0.500000
 23 3.892063 11.476257 173.541260 -0.000328 0.776236 0.630442 0.300781 0.164062 1 4 1.000000
Soldiers_Siege_red_1.tga
 23 3.892063 11.476257 173.541260 -0.000328 0.776236 0.630442 0.550781 0.367187 1 4 1.000000
 23 16.294956 9.909467 170.254456 0.366154 0.624418 0.689952 0.582031 0.355469 2 4 0.500000 18 0.500000
 23 3.890893 15.456049 159.299652 -0.000502 0.998410 0.056363 0.550781 0.328125 1 4 1.000000
Soldiers_Siege_red_1.tga
 23 16.294956 9.909467 170.254456 0.366154 0.624418 0.689952 0.296875 0.210937 2 4 0.500000 18 0.500000
 23 9.655385 3.167703 173.541260 0.279691 -0.085275 0.956296 0.269531 0.187500 1 4 1.000000
 23 16.298466 -2.205208 170.254471 0.376427 -0.645092 0.664951 0.246094 0.210937 2 4 0.500000 18 0.500000
Soldiers_Siege_red_1.tga
 23 3.897874 -8.097221 157.109070 0.000018 -0.999530 0.030657 0.042969 0.320312 1 4 1.000000
 23 16.298466 -2.205208 170.254471 0.376427 -0.645092 0.664951 0.074219 0.355469 2 4 0.500000 18 0.500000
 23 3.897350 -6.385419 169.159149 0.000083 -0.909447 0.415819 0.042969 0.355469 1 4 1.000000
Soldiers_Siege_red_1.tga
 23 3.897350 -6.385419 169.159149 0.000083 -0.909447 0.415819 0.230469 0.164062 1 4 1.000000
 23 16.298466 -2.205208 170.254471 0.376427 -0.645092 0.664951 0.246094 0.210937 2 4 0.500000 18 0.500000
 23 9.655385 3.167703 173.541260 0.279691 -0.085275 0.956296 0.269531 0.187500 1 4 1.000000
Soldiers_Siege_red_1.tga
 23 37.982800 23.049259 86.614769 0.739566 0.439004 0.510214 0.660156 0.197577 2 3 0.500000 2 0.500000
 23 3.884358 41.911728 86.614761 -0.000076 0.866296 0.499530 0.550781 0.197577 2 3 0.500000 2 0.500000
 23 14.651916 8.918431 141.223145 0.830223 0.531285 0.168721 0.578125 0.281250 1 4 1.000000
Soldiers_Siege_red_1.tga
 23 14.651916 8.918431 141.223145 0.830223 0.531285 0.168721 0.578125 0.281250 1 4 1.000000
 23 3.884358 41.911728 86.614761 -0.000076 0.866296 0.499530 0.550781 0.197577 2 3 0.500000 2 0.500000
 23 3.891461 13.521769 140.675049 -0.000614 0.982212 0.187775 0.550781 0.277344 1 4 1.000000
Soldiers_Siege_red_1.tga
 23 14.655247 -2.205703 141.223160 0.828073 -0.533497 0.172268 0.382813 0.281250 1 4 1.000000
 23 37.993057 -11.422899 86.614769 0.765805 -0.419368 0.487518 0.343750 0.186633 2 3 0.500000 2 0.500000
 23 14.651916 8.918431 141.223145 0.830223 0.531285 0.168721 0.410156 0.281250 1 4 1.000000
Soldiers_Siege_red_1.tga
 23 14.651916 8.918431 141.223145 0.830223 0.531285 0.168721 0.410156 0.281250 1 4 1.000000
 23 37.993057 -11.422899 86.614769 0.765805 -0.419368 0.487518 0.343750 0.186633 2 3 0.500000 2 0.500000
 23 37.982800 23.049259 86.614769 0.739566 0.439004 0.510214 0.457031 0.186633 2 3 0.500000 2 0.500000
Soldiers_Siege_red_1.tga
 23 3.906801 -33.796268 86.614769 0.000475 -0.872677 0.488299 0.042969 0.197577 2 3 0.500000 2 0.500000
 23 37.993057 -11.422899 86.614769 0.765805 -0.419368 0.487518 0.152344 0.197577 2 3 0.500000 2 0.500000
 23 3.897825 -7.960331 140.675064 0.000141 -0.979766 0.200144 0.042969 0.277344 1 4 1.000000
Soldiers_Siege_red_1.tga
 23 3.897825 -7.960331 140.675064 0.000141 -0.979766 0.200144 0.042969 0.277344 1 4 1.000000
 23 37.993057 -11.422899 86.614769 0.765805 -0.419368 0.487518 0.152344 0.197577 2 3 0.500000 2 0.500000
 23 14.655247 -2.205703 141.223160 0.828073 -0.533497 0.172268 0.070313 0.281250 1 4 1.000000
Soldiers_Siege_red_1.tga
 23 14.655247 -2.205703 141.223160 0.828073 -0.533497 0.172268 0.382813 0.281250 1 4 1.000000
 23 14.651916 8.918431 141.223145 0.830223 0.531285 0.168721 0.410156 0.281250 1 4 1.000000
 23 16.914513 -1.862622 158.203476 0.402938 -0.885803 -0.230205 0.382813 0.324219 2 4 0.500000 18 0.500000
Soldiers_Siege_red_1.tga
 23 16.914513 -1.862622 158.203476 0.402938 -0.885803 -0.230205 0.382813 0.324219 2 4 0.500000 18 0.500000
 23 14.651916 8.918431 141.223145 0.830223 0.531285 0.168721 0.410156 0.281250 1 4 1.000000
 23 16.842335 11.266119 158.203461 0.371504 0.906496 -0.200625 0.417969 0.324219 2 4 0.500000 18 0.500000
Soldiers_Siege_red_1.tga
 23 3.897825 -7.960331 140.675064 0.000141 -0.979766 0.200144 0.042969 0.277344 1 4 1.000000
 23 16.914513 -1.862622 158.203476 0.402938 -0.885803 -0.230205 0.078125 0.324219 2 4 0.500000 18 0.500000
 23 3.897874 -8.097221 157.109070 0.000018 -0.999530 0.030657 0.042969 0.320312 1 4 1.000000
Soldiers_Siege_red_1.tga
 23 3.897874 -8.097221 157.109070 0.000018 -0.999530 0.030657 0.042969 0.320312 1 4 1.000000
 23 16.914513 -1.862622 158.203476 0.402938 -0.885803 -0.230205 0.078125 0.324219 2 4 0.500000 18 0.500000
 23 16.298466 -2.205208 170.254471 0.376427 -0.645092 0.664951 0.074219 0.355469 2 4 0.500000 18 0.500000
Soldiers_Siege_red_1.tga
 23 3.891461 13.521769 140.675049 -0.000614 0.982212 0.187775 0.550781 0.277344 1 4 1.000000
 23 16.842335 11.266119 158.203461 0.371504 0.906496 -0.200625 0.582031 0.324219 2 4 0.500000 18 0.500000
 23 14.651916 8.918431 141.223145 0.830223 0.531285 0.168721 0.578125 0.281250 1 4 1.000000
Soldiers_Siege_red_1.tga
 23 3.890893 15.456049 159.299652 -0.000502 0.998410 0.056363 0.550781 0.328125 1 4 1.000000
 23 16.842335 11.266119 158.203461 0.371504 0.906496 -0.200625 0.582031 0.324219 2 4 0.500000 18 0.500000
 23 3.891461 13.521769 140.675049 -0.000614 0.982212 0.187775 0.550781 0.277344 1 4 1.000000
Soldiers_Siege_red_1.tga
 23 16.298466 -2.205208 170.254471 0.376427 -0.645092 0.664951 0.074219 0.355469 2 4 0.500000 18 0.500000
 23 16.914513 -1.862622 158.203476 0.402938 -0.885803 -0.230205 0.078125 0.324219 2 4 0.500000 18 0.500000
 23 26.294315 0.057284 166.967651 0.609798 -0.526146 0.592720 0.101563 0.347656 1 18 1.000000
Soldiers_Siege_red_1.tga
 23 16.842335 11.266119 158.203461 0.371504 0.906496 -0.200625 0.582031 0.324219 2 4 0.500000 18 0.500000
 23 16.294956 9.909467 170.254456 0.366154 0.624418 0.689952 0.582031 0.355469 2 4 0.500000 18 0.500000
 23 25.059422 8.525646 166.967651 0.558262 0.587359 0.585964 0.605469 0.347656 1 18 1.000000
Soldiers_Siege_red_1.tga
 23 16.294956 9.909467 170.254456 0.366154 0.624418 0.689952 0.296875 0.210937 2 4 0.500000 18 0.500000
 23 16.298466 -2.205208 170.254471 0.376427 -0.645092 0.664951 0.246094 0.210937 2 4 0.500000 18 0.500000
 23 25.059422 8.525646 166.967651 0.558262 0.587359 0.585964 0.289063 0.242187 1 18 1.000000
Soldiers_Siege_red_1.tga
 23 25.059422 8.525646 166.967651 0.558262 0.587359 0.585964 0.289063 0.242187 1 18 1.000000
 23 16.298466 -2.205208 170.254471 0.376427 -0.645092 0.664951 0.246094 0.210937 2 4 0.500000 18 0.500000
 23 26.294315 0.057284 166.967651 0.609798 -0.526146 0.592720 0.253906 0.250000 1 18 1.000000
Soldiers_Siege_red_1.tga
 23 26.294315 0.057284 166.967651 0.609798 -0.526146 0.592720 0.101563 0.347656 1 18 1.000000
 23 16.914513 -1.862622 158.203476 0.402938 -0.885803 -0.230205 0.078125 0.324219 2 4 0.500000 18 0.500000
 23 27.663937 -0.832474 152.726044 0.089298 -0.985986 -0.140920 0.105469 0.312500 1 18 1.000000
Soldiers_Siege_red_1.tga
 23 25.059422 8.525646 166.967651 0.558262 0.587359 0.585964 0.242188 0.347656 1 18 1.000000
 23 26.294315 0.057284 166.967651 0.609798 -0.526146 0.592720 0.207031 0.347656 1 18 1.000000
 23 31.222897 3.824478 157.109055 0.922134 -0.010407 0.386730 0.222656 0.308594 1 18 1.000000
Soldiers_Siege_red_1.tga
 23 24.513218 3.103618 150.535431 -0.656007 -0.078262 -0.750687 0.097656 0.304687 1 18 1.000000
 23 27.663937 -0.832474 152.726044 0.089298 -0.985986 -0.140920 0.105469 0.312500 1 18 1.000000
 23 16.914513 -1.862622 158.203476 0.402938 -0.885803 -0.230205 0.078125 0.324219 2 4 0.500000 18 0.500000
Soldiers_Siege_red_1.tga
 23 16.914513 -1.862622 158.203476 0.402938 -0.885803 -0.230205 0.308594 0.332031 2 4 0.500000 18 0.500000
 23 16.842335 11.266119 158.203461 0.371504 0.906496 -0.200625 0.308594 0.277344 2 4 0.500000 18 0.500000
 23 24.513218 3.103618 150.535431 -0.656007 -0.078262 -0.750687 0.339844 0.312500 1 18 1.000000
Soldiers_Siege_red_1.tga
 23 16.842335 11.266119 158.203461 0.371504 0.906496 -0.200625 0.582031 0.324219 2 4 0.500000 18 0.500000
 23 25.059422 8.525646 166.967651 0.558262 0.587359 0.585964 0.605469 0.347656 1 18 1.000000
 23 27.250206 8.937153 153.822250 0.164187 0.963003 -0.213700 0.609375 0.312500 1 18 1.000000
Soldiers_Siege_red_1.tga
 23 27.663937 -0.832474 152.726044 0.089298 -0.985986 -0.140920 0.105469 0.312500 1 18 1.000000
 23 24.513218 3.103618 150.535431 -0.656007 -0.078262 -0.750687 0.097656 0.304687 1 18 1.000000
 23 38.208065 -0.623871 136.841949 -0.279677 -0.956069 0.087819 0.132813 0.269531 2 19 0.500000 18 0.500000
Soldiers_Siege_red_1.tga
 23 31.222897 3.824478 157.109055 0.922134 -0.010407 0.386730 0.113281 0.320312 1 18 1.000000
 23 27.663937 -0.832474 152.726044 0.089298 -0.985986 -0.140920 0.105469 0.312500 1 18 1.000000
 23 42.588818 3.656735 141.223145 0.715717 0.014212 0.698246 0.144531 0.281250 2 19 0.500000 18 0.500000
Soldiers_Siege_red_1.tga
 23 42.588818 3.656735 141.223145 0.715717 0.014212 0.698246 0.144531 0.281250 2 19 0.500000 18 0.500000
 23 27.663937 -0.832474 152.726044 0.089298 -0.985986 -0.140920 0.105469 0.312500 1 18 1.000000
 23 38.208065 -0.623871 136.841949 -0.279677 -0.956069 0.087819 0.132813 0.269531 2 19 0.500000 18 0.500000
Soldiers_Siege_red_1.tga
 23 26.294315 0.057284 166.967651 0.609798 -0.526146 0.592720 0.101563 0.347656 1 18 1.000000
 23 27.663937 -0.832474 152.726044 0.089298 -0.985986 -0.140920 0.105469 0.312500 1 18 1.000000
 23 31.222897 3.824478 157.109055 0.922134 -0.010407 0.386730 0.113281 0.320312 1 18 1.000000
Soldiers_Siege_red_1.tga
 23 31.222897 3.824478 157.109055 0.922134 -0.010407 0.386730 0.621094 0.320312 1 18 1.000000
 23 27.250206 8.937153 153.822250 0.164187 0.963003 -0.213700 0.609375 0.312500 1 18 1.000000
 23 25.059422 8.525646 166.967651 0.558262 0.587359 0.585964 0.605469 0.347656 1 18 1.000000
Soldiers_Siege_red_1.tga
 23 42.588818 3.656735 141.223145 0.715717 0.014212 0.698246 0.652344 0.281250 2 19 0.500000 18 0.500000
 23 27.250206 8.937153 153.822250 0.164187 0.963003 -0.213700 0.609375 0.312500 1 18 1.000000
 23 31.222897 3.824478 157.109055 0.922134 -0.010407 0.386730 0.621094 0.320312 1 18 1.000000
Soldiers_Siege_red_1.tga
 23 38.068478 8.311266 137.390030 -0.139445 0.988542 -0.057798 0.640625 0.269531 2 19 0.500000 18 0.500000
 23 27.250206 8.937153 153.822250 0.164187 0.963003 -0.213700 0.609375 0.312500 1 18 1.000000
 23 42.588818 3.656735 141.223145 0.715717 0.014212 0.698246 0.652344 0.281250 2 19 0.500000 18 0.500000
Soldiers_Siege_red_1.tga
 23 27.250206 8.937153 153.822250 0.164187 0.963003 -0.213700 0.609375 0.312500 1 18 1.000000
 23 24.513218 3.103618 150.535431 -0.656007 -0.078262 -0.750687 0.605469 0.304687 1 18 1.000000
 23 16.842335 11.266119 158.203461 0.371504 0.906496 -0.200625 0.582031 0.324219 2 4 0.500000 18 0.500000
Soldiers_Siege_red_1.tga
 23 38.068478 8.311266 137.390030 -0.139445 0.988542 -0.057798 0.640625 0.269531 2 19 0.500000 18 0.500000
 23 24.513218 3.103618 150.535431 -0.656007 -0.078262 -0.750687 0.605469 0.304687 1 18 1.000000
 23 27.250206 8.937153 153.822250 0.164187 0.963003 -0.213700 0.609375 0.312500 1 18 1.000000
Soldiers_Siege_red_1.tga
 23 35.194237 3.757248 135.197647 -0.857125 0.054060 -0.512264 0.632813 0.265625 2 19 0.500000 18 0.500000
 23 24.513218 3.103618 150.535431 -0.656007 -0.078262 -0.750687 0.605469 0.304687 1 18 1.000000
 23 38.068478 8.311266 137.390030 -0.139445 0.988542 -0.057798 0.640625 0.269531 2 19 0.500000 18 0.500000
Soldiers_Siege_red_1.tga
 23 38.208065 -0.623871 136.841949 -0.279677 -0.956069 0.087819 0.132813 0.269531 2 19 0.500000 18 0.500000
 23 24.513218 3.103618 150.535431 -0.656007 -0.078262 -0.750687 0.097656 0.304687 1 18 1.000000
 23 35.194237 3.757248 135.197647 -0.857125 0.054060 -0.512264 0.125000 0.265625 2 19 0.500000 18 0.500000
Soldiers_Siege_red_1.tga
 23 3.872586 81.619995 23.212830 -0.000522 0.847505 0.530787 0.542969 0.008312 1 3 1.000000
 23 3.884358 41.911728 86.614761 -0.000076 0.866296 0.499530 0.550781 0.197577 2 3 0.500000 2 0.500000
 23 74.641319 43.896233 23.212830 0.717379 0.425604 0.551568 0.746094 0.008312 1 3 1.000000
Soldiers_Siege_red_1.tga
 23 37.993057 -11.422899 86.614769 0.765805 -0.419368 0.487518 0.343750 0.186633 2 3 0.500000 2 0.500000
 23 74.662659 -27.666279 23.212830 0.747713 -0.398537 0.531125 0.285156 0.008312 1 3 1.000000
 23 37.982800 23.049259 86.614769 0.739566 0.439004 0.510214 0.457031 0.186633 2 3 0.500000 2 0.500000
Soldiers_Siege_red_1.tga
 23 37.982800 23.049259 86.614769 0.739566 0.439004 0.510214 0.457031 0.186633 2 3 0.500000 2 0.500000
 23 74.662659 -27.666279 23.212830 0.747713 -0.398537 0.531125 0.285156 0.008312 1 3 1.000000
 23 74.641319 43.896233 23.212830 0.717379 0.425604 0.551568 0.519531 0.008312 1 3 1.000000
Soldiers_Siege_red_1.tga
 23 37.993057 -11.422899 86.614769 0.765805 -0.419368 0.487518 0.152344 0.197577 2 3 0.500000 2 0.500000
 23 3.906801 -33.796268 86.614769 0.000475 -0.872677 0.488299 0.042969 0.197577 2 3 0.500000 2 0.500000
 23 74.662659 -27.666279 23.212830 0.747713 -0.398537 0.531125 0.265625 0.008312 1 3 1.000000
Soldiers_Siege_red_1.tga
 23 74.662659 -27.666279 23.212830 0.747713 -0.398537 0.531125 0.265625 0.008312 1 3 1.000000
 23 3.906801 -33.796268 86.614769 0.000475 -0.872677 0.488299 0.042969 0.197577 2 3 0.500000 2 0.500000
 23 3.918234 -72.413742 23.212830 -0.000041 -0.854049 0.520192 0.035156 0.008312 1 3 1.000000
Soldiers_Siege_red_1.tga
 23 74.641319 43.896233 23.212830 0.717379 0.425604 0.551568 0.746094 0.008312 1 3 1.000000
 23 3.884358 41.911728 86.614761 -0.000076 0.866296 0.499530 0.550781 0.197577 2 3 0.500000 2 0.500000
 23 37.982800 23.049259 86.614769 0.739566 0.439004 0.510214 0.660156 0.197577 2 3 0.500000 2 0.500000
Soldiers_Siege_red_1.tga
 23 35.194237 3.757248 135.197647 -0.857125 0.054060 -0.512264 0.125000 0.265625 2 19 0.500000 18 0.500000
 23 47.520458 -2.401308 109.454048 -0.870315 -0.097181 -0.482813 0.156250 0.203125 1 20 1.000000
 23 38.208065 -0.623871 136.841949 -0.279677 -0.956069 0.087819 0.132813 0.269531 2 19 0.500000 18 0.500000
Soldiers_Siege_red_1.tga
 23 38.208065 -0.623871 136.841949 -0.279677 -0.956069 0.087819 0.132813 0.269531 2 19 0.500000 18 0.500000
 23 47.520458 -2.401308 109.454048 -0.870315 -0.097181 -0.482813 0.156250 0.203125 1 20 1.000000
 23 56.562038 -15.065470 114.931442 -0.333092 -0.920839 0.202743 0.179688 0.214844 1 20 1.000000
Soldiers_Siege_red_1.tga
 23 38.068478 8.311266 137.390030 -0.139445 0.988542 -0.057798 0.640625 0.269531 2 19 0.500000 18 0.500000
 23 42.588818 3.656735 141.223145 0.715717 0.014212 0.698246 0.652344 0.281250 2 19 0.500000 18 0.500000
 23 56.006554 10.969633 114.931442 -0.147817 0.977283 0.151884 0.687500 0.214844 1 20 1.000000
Soldiers_Siege_red_1.tga
 23 56.006554 10.969633 114.931442 -0.147817 0.977283 0.151884 0.687500 0.214844 1 20 1.000000
 23 42.588818 3.656735 141.223145 0.715717 0.014212 0.698246 0.652344 0.281250 2 19 0.500000 18 0.500000
 23 65.870102 -2.601341 124.243744 0.614635 -0.007949 0.788772 0.710938 0.234375 1 20 1.000000
Soldiers_Siege_red_1.tga
 23 42.588818 3.656735 141.223145 0.715717 0.014212 0.698246 0.144531 0.281250 2 19 0.500000 18 0.500000
 23 38.208065 -0.623871 136.841949 -0.279677 -0.956069 0.087819 0.132813 0.269531 2 19 0.500000 18 0.500000
 23 65.870102 -2.601341 124.243744 0.614635 -0.007949 0.788772 0.203125 0.234375 1 20 1.000000
Soldiers_Siege_red_1.tga
 23 65.870102 -2.601341 124.243744 0.614635 -0.007949 0.788772 0.203125 0.234375 1 20 1.000000
 23 38.208065 -0.623871 136.841949 -0.279677 -0.956069 0.087819 0.132813 0.269531 2 19 0.500000 18 0.500000
 23 56.562038 -15.065470 114.931442 -0.333092 -0.920839 0.202743 0.179688 0.214844 1 20 1.000000
Soldiers_Siege_red_1.tga
 23 35.194237 3.757248 135.197647 -0.857125 0.054060 -0.512264 0.632813 0.265625 2 19 0.500000 18 0.500000
 23 38.068478 8.311266 137.390030 -0.139445 0.988542 -0.057798 0.640625 0.269531 2 19 0.500000 18 0.500000
 23 47.520458 -2.401308 109.454048 -0.870315 -0.097181 -0.482813 0.664063 0.203125 1 20 1.000000
Soldiers_Siege_red_1.tga
 23 47.520458 -2.401308 109.454048 -0.870315 -0.097181 -0.482813 0.664063 0.203125 1 20 1.000000
 23 38.068478 8.311266 137.390030 -0.139445 0.988542 -0.057798 0.640625 0.269531 2 19 0.500000 18 0.500000
 23 56.006554 10.969633 114.931442 -0.147817 0.977283 0.151884 0.687500 0.214844 1 20 1.000000
Soldiers_Siege_red_1.tga
 23 3.897825 -7.960331 140.675064 0.000141 -0.979766 0.200144 0.042969 0.277344 1 4 1.000000
 23 -9.103497 -1.870328 158.203461 -0.402694 -0.885914 -0.230204 0.074219 0.324219 2 4 0.500000 12 0.500000
 23 -6.843957 -2.212076 141.223160 -0.827751 -0.533749 0.173036 0.070313 0.281250 1 4 1.000000
Soldiers_Siege_red_1.tga
 23 3.890893 15.456049 159.299652 -0.000502 0.998410 0.056363 0.550781 0.328125 1 4 1.000000
 23 -9.038966 11.258458 158.203461 -0.372267 0.906186 -0.200611 0.582031 0.324219 2 4 0.500000 12 0.500000
 23 -8.490777 9.902122 170.254471 -0.366885 0.624291 0.689679 0.582031 0.355469 2 4 0.500000 12 0.500000
Soldiers_Siege_red_1.tga
 23 -1.881491 3.164292 173.541260 -0.280815 -0.085086 0.955983 0.269531 0.187500 1 4 1.000000
 23 3.892063 11.476257 173.541260 -0.000328 0.776236 0.630442 0.300781 0.164062 1 4 1.000000
 23 -8.490777 9.902122 170.254471 -0.366885 0.624291 0.689679 0.296875 0.210937 2 4 0.500000 12 0.500000
Soldiers_Siege_red_1.tga
 23 3.892063 11.476257 173.541260 -0.000328 0.776236 0.630442 0.550781 0.367187 1 4 1.000000
 23 3.890893 15.456049 159.299652 -0.000502 0.998410 0.056363 0.550781 0.328125 1 4 1.000000
 23 -8.490777 9.902122 170.254471 -0.366885 0.624291 0.689679 0.582031 0.355469 2 4 0.500000 12 0.500000
Soldiers_Siege_red_1.tga
 23 -8.490777 9.902122 170.254471 -0.366885 0.624291 0.689679 0.296875 0.210937 2 4 0.500000 12 0.500000
 23 -8.487267 -2.212563 170.254471 -0.376328 -0.645359 0.664748 0.246094 0.210937 2 4 0.500000 12 0.500000
 23 -1.881491 3.164292 173.541260 -0.280815 -0.085086 0.955983 0.269531 0.187500 1 4 1.000000
Soldiers_Siege_red_1.tga
 23 3.897874 -8.097221 157.109070 0.000018 -0.999530 0.030657 0.042969 0.320312 1 4 1.000000
 23 3.897350 -6.385419 169.159149 0.000083 -0.909447 0.415819 0.042969 0.355469 1 4 1.000000
 23 -8.487267 -2.212563 170.254471 -0.376328 -0.645359 0.664748 0.074219 0.355469 2 4 0.500000 12 0.500000
Soldiers_Siege_red_1.tga
 23 3.897350 -6.385419 169.159149 0.000083 -0.909447 0.415819 0.230469 0.164062 1 4 1.000000
 23 -1.881491 3.164292 173.541260 -0.280815 -0.085086 0.955983 0.269531 0.187500 1 4 1.000000
 23 -8.487267 -2.212563 170.254471 -0.376328 -0.645359 0.664748 0.246094 0.210937 2 4 0.500000 12 0.500000
Soldiers_Siege_red_1.tga
 23 -30.297600 23.029005 86.614769 -0.740028 0.438853 0.509673 0.660156 0.197577 2 3 0.500000 2 0.500000
 23 -6.847287 8.912058 141.223160 -0.830423 0.530788 0.169298 0.578125 0.281250 1 4 1.000000
 23 3.884358 41.911728 86.614761 -0.000076 0.866296 0.499530 0.550781 0.197577 2 3 0.500000 2 0.500000
Soldiers_Siege_red_1.tga
 23 3.884358 41.911728 86.614761 -0.000076 0.866296 0.499530 0.550781 0.197577 2 3 0.500000 2 0.500000
 23 -6.847287 8.912058 141.223160 -0.830423 0.530788 0.169298 0.578125 0.281250 1 4 1.000000
 23 3.891461 13.521769 140.675049 -0.000614 0.982212 0.187775 0.550781 0.277344 1 4 1.000000
Soldiers_Siege_red_1.tga
 23 -6.843957 -2.212076 141.223160 -0.827751 -0.533749 0.173036 0.382813 0.281250 1 4 1.000000
 23 -6.847287 8.912058 141.223160 -0.830423 0.530788 0.169298 0.410156 0.281250 1 4 1.000000
 23 -30.287338 -11.443151 86.614769 -0.765756 -0.420180 0.486895 0.347656 0.186633 2 3 0.500000 2 0.500000
Soldiers_Siege_red_1.tga
 23 -30.287338 -11.443151 86.614769 -0.765756 -0.420180 0.486895 0.347656 0.186633 2 3 0.500000 2 0.500000
 23 -6.847287 8.912058 141.223160 -0.830423 0.530788 0.169298 0.410156 0.281250 1 4 1.000000
 23 -30.297600 23.029005 86.614769 -0.740028 0.438853 0.509673 0.460938 0.186633 2 3 0.500000 2 0.500000
Soldiers_Siege_red_1.tga
 23 -6.843957 -2.212076 141.223160 -0.827751 -0.533749 0.173036 0.070313 0.281250 1 4 1.000000
 23 -30.287338 -11.443151 86.614769 -0.765756 -0.420180 0.486895 0.152344 0.197577 2 3 0.500000 2 0.500000
 23 3.897825 -7.960331 140.675064 0.000141 -0.979766 0.200144 0.042969 0.277344 1 4 1.000000
Soldiers_Siege_red_1.tga
 23 3.897825 -7.960331 140.675064 0.000141 -0.979766 0.200144 0.042969 0.277344 1 4 1.000000
 23 -30.287338 -11.443151 86.614769 -0.765756 -0.420180 0.486895 0.152344 0.197577 2 3 0.500000 2 0.500000
 23 3.906801 -33.796268 86.614769 0.000475 -0.872677 0.488299 0.042969 0.197577 2 3 0.500000 2 0.500000
Soldiers_Siege_red_1.tga
 23 -6.843957 -2.212076 141.223160 -0.827751 -0.533749 0.173036 0.382813 0.281250 1 4 1.000000
 23 -9.103497 -1.870328 158.203461 -0.402694 -0.885914 -0.230204 0.382813 0.324219 2 4 0.500000 12 0.500000
 23 -6.847287 8.912058 141.223160 -0.830423 0.530788 0.169298 0.410156 0.281250 1 4 1.000000
Soldiers_Siege_red_1.tga
 23 -9.103497 -1.870328 158.203461 -0.402694 -0.885914 -0.230204 0.382813 0.324219 2 4 0.500000 12 0.500000
 23 -9.038966 11.258458 158.203461 -0.372267 0.906186 -0.200611 0.417969 0.324219 2 4 0.500000 12 0.500000
 23 -6.847287 8.912058 141.223160 -0.830423 0.530788 0.169298 0.410156 0.281250 1 4 1.000000
Soldiers_Siege_red_1.tga
 23 3.897825 -7.960331 140.675064 0.000141 -0.979766 0.200144 0.042969 0.277344 1 4 1.000000
 23 3.897874 -8.097221 157.109070 0.000018 -0.999530 0.030657 0.042969 0.320312 1 4 1.000000
 23 -9.103497 -1.870328 158.203461 -0.402694 -0.885914 -0.230204 0.074219 0.324219 2 4 0.500000 12 0.500000
Soldiers_Siege_red_1.tga
 23 3.897874 -8.097221 157.109070 0.000018 -0.999530 0.030657 0.042969 0.320312 1 4 1.000000
 23 -8.487267 -2.212563 170.254471 -0.376328 -0.645359 0.664748 0.074219 0.355469 2 4 0.500000 12 0.500000
 23 -9.103497 -1.870328 158.203461 -0.402694 -0.885914 -0.230204 0.074219 0.324219 2 4 0.500000 12 0.500000
Soldiers_Siege_red_1.tga
 23 3.891461 13.521769 140.675049 -0.000614 0.982212 0.187775 0.550781 0.277344 1 4 1.000000
 23 -6.847287 8.912058 141.223160 -0.830423 0.530788 0.169298 0.578125 0.281250 1 4 1.000000
 23 -9.038966 11.258458 158.203461 -0.372267 0.906186 -0.200611 0.582031 0.324219 2 4 0.500000 12 0.500000
Soldiers_Siege_red_1.tga
 23 3.890893 15.456049 159.299652 -0.000502 0.998410 0.056363 0.550781 0.328125 1 4 1.000000
 23 3.891461 13.521769 140.675049 -0.000614 0.982212 0.187775 0.550781 0.277344 1 4 1.000000
 23 -9.038966 11.258458 158.203461 -0.372267 0.906186 -0.200611 0.582031 0.324219 2 4 0.500000 12 0.500000
Soldiers_Siege_red_1.tga
 23 -8.487267 -2.212563 170.254471 -0.376328 -0.645359 0.664748 0.074219 0.355469 2 4 0.500000 12 0.500000
 23 -18.484375 0.044016 166.967667 -0.609487 -0.526504 0.592722 0.101563 0.347656 1 12 1.000000
 23 -9.103497 -1.870328 158.203461 -0.402694 -0.885914 -0.230204 0.074219 0.324219 2 4 0.500000 12 0.500000
Soldiers_Siege_red_1.tga
 23 -9.038966 11.258458 158.203461 -0.372267 0.906186 -0.200611 0.582031 0.324219 2 4 0.500000 12 0.500000
 23 -17.254349 8.513107 166.967667 -0.558603 0.587032 0.585966 0.605469 0.347656 1 12 1.000000
 23 -8.490777 9.902122 170.254471 -0.366885 0.624291 0.689679 0.582031 0.355469 2 4 0.500000 12 0.500000
Soldiers_Siege_red_1.tga
 23 -8.490777 9.902122 170.254471 -0.366885 0.624291 0.689679 0.296875 0.210937 2 4 0.500000 12 0.500000
 23 -17.254349 8.513107 166.967667 -0.558603 0.587032 0.585966 0.289063 0.242187 1 12 1.000000
 23 -8.487267 -2.212563 170.254471 -0.376328 -0.645359 0.664748 0.246094 0.210937 2 4 0.500000 12 0.500000
Soldiers_Siege_red_1.tga
 23 -17.254349 8.513107 166.967667 -0.558603 0.587032 0.585966 0.289063 0.242187 1 12 1.000000
 23 -18.484375 0.044016 166.967667 -0.609487 -0.526504 0.592722 0.253906 0.250000 1 12 1.000000
 23 -8.487267 -2.212563 170.254471 -0.376328 -0.645359 0.664748 0.246094 0.210937 2 4 0.500000 12 0.500000
Soldiers_Siege_red_1.tga
 23 -18.484375 0.044016 166.967667 -0.609487 -0.526504 0.592722 0.101563 0.347656 1 12 1.000000
 23 -19.853455 -0.846551 152.726059 -0.090067 -0.985667 -0.142648 0.105469 0.312500 1 12 1.000000
 23 -9.103497 -1.870328 158.203461 -0.402694 -0.885914 -0.230204 0.074219 0.324219 2 4 0.500000 12 0.500000
Soldiers_Siege_red_1.tga
 23 -17.254349 8.513107 166.967667 -0.558603 0.587032 0.585966 0.164063 0.347656 1 12 1.000000
 23 -23.415295 3.808284 157.109070 -0.923081 -0.010778 0.384454 0.183594 0.308594 1 12 1.000000
 23 -18.484375 0.044016 166.967667 -0.609487 -0.526504 0.592722 0.199219 0.347656 1 12 1.000000
Soldiers_Siege_red_1.tga
 23 -16.705078 3.091408 150.535446 0.655134 -0.078453 -0.751428 0.097656 0.304687 1 12 1.000000
 23 -9.103497 -1.870328 158.203461 -0.402694 -0.885914 -0.230204 0.074219 0.324219 2 4 0.500000 12 0.500000
 23 -19.853455 -0.846551 152.726059 -0.090067 -0.985667 -0.142648 0.105469 0.312500 1 12 1.000000
Soldiers_Siege_red_1.tga
 23 -9.103497 -1.870328 158.203461 -0.402694 -0.885914 -0.230204 0.300781 0.332031 2 4 0.500000 12 0.500000
 23 -16.705078 3.091408 150.535446 0.655134 -0.078453 -0.751428 0.269531 0.312500 1 12 1.000000
 23 -9.038966 11.258458 158.203461 -0.372267 0.906186 -0.200611 0.300781 0.277344 2 4 0.500000 12 0.500000
Soldiers_Siege_red_1.tga
 23 -9.038966 11.258458 158.203461 -0.372267 0.906186 -0.200611 0.582031 0.324219 2 4 0.500000 12 0.500000
 23 -19.445580 8.923318 153.822250 -0.165915 0.962583 -0.214259 0.609375 0.312500 1 12 1.000000
 23 -17.254349 8.513107 166.967667 -0.558603 0.587032 0.585966 0.605469 0.347656 1 12 1.000000
Soldiers_Siege_red_1.tga
 23 -19.853455 -0.846551 152.726059 -0.090067 -0.985667 -0.142648 0.105469 0.312500 1 12 1.000000
 23 -30.534752 -0.644240 136.841980 0.270939 -0.957567 0.098267 0.132813 0.269531 2 12 0.500000 13 0.500000
 23 -16.705078 3.091408 150.535446 0.655134 -0.078453 -0.751428 0.097656 0.304687 1 12 1.000000
Soldiers_Siege_red_1.tga
 23 -23.415295 3.808284 157.109070 -0.923081 -0.010778 0.384454 0.113281 0.320312 1 12 1.000000
 23 -34.643970 3.633838 141.223160 -0.718092 0.016208 0.695760 0.140625 0.281250 2 12 0.500000 13 0.500000
 23 -19.853455 -0.846551 152.726059 -0.090067 -0.985667 -0.142648 0.105469 0.312500 1 12 1.000000
Soldiers_Siege_red_1.tga
 23 -34.643970 3.633838 141.223160 -0.718092 0.016208 0.695760 0.140625 0.281250 2 12 0.500000 13 0.500000
 23 -30.534752 -0.644240 136.841980 0.270939 -0.957567 0.098267 0.132813 0.269531 2 12 0.500000 13 0.500000
 23 -19.853455 -0.846551 152.726059 -0.090067 -0.985667 -0.142648 0.105469 0.312500 1 12 1.000000
Soldiers_Siege_red_1.tga
 23 -18.484375 0.044016 166.967667 -0.609487 -0.526504 0.592722 0.101563 0.347656 1 12 1.000000
 23 -23.415295 3.808284 157.109070 -0.923081 -0.010778 0.384454 0.113281 0.320312 1 12 1.000000
 23 -19.853455 -0.846551 152.726059 -0.090067 -0.985667 -0.142648 0.105469 0.312500 1 12 1.000000
Soldiers_Siege_red_1.tga
 23 -23.415295 3.808284 157.109070 -0.923081 -0.010778 0.384454 0.621094 0.320312 1 12 1.000000
 23 -17.254349 8.513107 166.967667 -0.558603 0.587032 0.585966 0.605469 0.347656 1 12 1.000000
 23 -19.445580 8.923318 153.822250 -0.165915 0.962583 -0.214259 0.609375 0.312500 1 12 1.000000
Soldiers_Siege_red_1.tga
 23 -34.643970 3.633838 141.223160 -0.718092 0.016208 0.695760 0.652344 0.281250 2 12 0.500000 13 0.500000
 23 -23.415295 3.808284 157.109070 -0.923081 -0.010778 0.384454 0.621094 0.320312 1 12 1.000000
 23 -19.445580 8.923318 153.822250 -0.165915 0.962583 -0.214259 0.609375 0.312500 1 12 1.000000
Soldiers_Siege_red_1.tga
 23 -30.263401 8.291031 137.390045 0.134886 0.989286 -0.055848 0.640625 0.269531 2 12 0.500000 13 0.500000
 23 -34.643970 3.633838 141.223160 -0.718092 0.016208 0.695760 0.652344 0.281250 2 12 0.500000 13 0.500000
 23 -19.445580 8.923318 153.822250 -0.165915 0.962583 -0.214259 0.609375 0.312500 1 12 1.000000
Soldiers_Siege_red_1.tga
 23 -19.445580 8.923318 153.822250 -0.165915 0.962583 -0.214259 0.609375 0.312500 1 12 1.000000
 23 -9.038966 11.258458 158.203461 -0.372267 0.906186 -0.200611 0.582031 0.324219 2 4 0.500000 12 0.500000
 23 -16.705078 3.091408 150.535446 0.655134 -0.078453 -0.751428 0.601563 0.304687 1 12 1.000000
Soldiers_Siege_red_1.tga
 23 -30.263401 8.291031 137.390045 0.134886 0.989286 -0.055848 0.640625 0.269531 2 12 0.500000 13 0.500000
 23 -19.445580 8.923318 153.822250 -0.165915 0.962583 -0.214259 0.609375 0.312500 1 12 1.000000
 23 -16.705078 3.091408 150.535446 0.655134 -0.078453 -0.751428 0.601563 0.304687 1 12 1.000000
Soldiers_Siege_red_1.tga
 23 -27.386368 3.738688 135.197662 0.856376 0.046212 -0.514281 0.632813 0.265625 2 12 0.500000 13 0.500000
 23 -30.263401 8.291031 137.390045 0.134886 0.989286 -0.055848 0.640625 0.269531 2 12 0.500000 13 0.500000
 23 -16.705078 3.091408 150.535446 0.655134 -0.078453 -0.751428 0.601563 0.304687 1 12 1.000000
Soldiers_Siege_red_1.tga
 23 -30.534752 -0.644240 136.841980 0.270939 -0.957567 0.098267 0.132813 0.269531 2 12 0.500000 13 0.500000
 23 -27.386368 3.738688 135.197662 0.856376 0.046212 -0.514281 0.125000 0.265625 2 12 0.500000 13 0.500000
 23 -16.705078 3.091408 150.535446 0.655134 -0.078453 -0.751428 0.097656 0.304687 1 12 1.000000
Soldiers_Siege_red_1.tga
 23 3.872586 81.619995 23.212830 -0.000522 0.847505 0.530787 0.542969 0.008312 1 3 1.000000
 23 -66.748604 43.854378 23.212830 -0.718345 0.425877 0.550100 0.746094 0.008312 1 3 1.000000
 23 3.884358 41.911728 86.614761 -0.000076 0.866296 0.499530 0.550781 0.197577 2 3 0.500000 2 0.500000
Soldiers_Siege_red_1.tga
 23 -30.287338 -11.443151 86.614769 -0.765756 -0.420180 0.486895 0.347656 0.186633 2 3 0.500000 2 0.500000
 23 -30.297600 23.029005 86.614769 -0.740028 0.438853 0.509673 0.460938 0.186633 2 3 0.500000 2 0.500000
 23 -66.727348 -27.708221 23.212830 -0.748247 -0.399624 0.529554 0.285156 0.008312 1 3 1.000000
Soldiers_Siege_red_1.tga
 23 -30.297600 23.029005 86.614769 -0.740028 0.438853 0.509673 0.460938 0.186633 2 3 0.500000 2 0.500000
 23 -66.748604 43.854378 23.212830 -0.718345 0.425877 0.550100 0.519531 0.008312 1 3 1.000000
 23 -66.727348 -27.708221 23.212830 -0.748247 -0.399624 0.529554 0.285156 0.008312 1 3 1.000000
Soldiers_Siege_red_1.tga
 23 -30.287338 -11.443151 86.614769 -0.765756 -0.420180 0.486895 0.152344 0.197577 2 3 0.500000 2 0.500000
 23 -66.727348 -27.708221 23.212830 -0.748247 -0.399624 0.529554 0.265625 0.008312 1 3 1.000000
 23 3.906801 -33.796268 86.614769 0.000475 -0.872677 0.488299 0.042969 0.197577 2 3 0.500000 2 0.500000
Soldiers_Siege_red_1.tga
 23 -66.727348 -27.708221 23.212830 -0.748247 -0.399624 0.529554 0.265625 0.008312 1 3 1.000000
 23 3.918234 -72.413742 23.212830 -0.000041 -0.854049 0.520192 0.035156 0.008312 1 3 1.000000
 23 3.906801 -33.796268 86.614769 0.000475 -0.872677 0.488299 0.042969 0.197577 2 3 0.500000 2 0.500000
Soldiers_Siege_red_1.tga
 23 -66.748604 43.854378 23.212830 -0.718345 0.425877 0.550100 0.746094 0.008312 1 3 1.000000
 23 -30.297600 23.029005 86.614769 -0.740028 0.438853 0.509673 0.660156 0.197577 2 3 0.500000 2 0.500000
 23 3.884358 41.911728 86.614761 -0.000076 0.866296 0.499530 0.550781 0.197577 2 3 0.500000 2 0.500000
Soldiers_Siege_red_1.tga
 23 -27.386368 3.738688 135.197662 0.856376 0.046212 -0.514281 0.125000 0.265625 2 12 0.500000 13 0.500000
 23 -30.534752 -0.644240 136.841980 0.270939 -0.957567 0.098267 0.132813 0.269531 2 12 0.500000 13 0.500000
 23 -39.845867 -2.427183 109.454056 0.854055 -0.023906 -0.519633 0.156250 0.203125 2 13 0.500000 14 0.500000
Soldiers_Siege_red_1.tga
 23 -30.534752 -0.644240 136.841980 0.270939 -0.957567 0.098267 0.132813 0.269531 2 12 0.500000 13 0.500000
 23 -48.606117 -15.096611 114.931442 0.252668 -0.933195 0.255550 0.179688 0.214844 2 13 0.500000 14 0.500000
 23 -39.845867 -2.427183 109.454056 0.854055 -0.023906 -0.519633 0.156250 0.203125 2 13 0.500000 14 0.500000
Soldiers_Siege_red_1.tga
 23 -30.263401 8.291031 137.390045 0.134886 0.989286 -0.055848 0.640625 0.269531 2 12 0.500000 13 0.500000
 23 -48.066204 10.938786 114.931442 0.255272 0.966239 0.034904 0.687500 0.214844 2 13 0.500000 14 0.500000
 23 -34.643970 3.633838 141.223160 -0.718092 0.016208 0.695760 0.652344 0.281250 2 12 0.500000 13 0.500000
Soldiers_Siege_red_1.tga
 23 -48.066204 10.938786 114.931442 0.255272 0.966239 0.034904 0.687500 0.214844 2 13 0.500000 14 0.500000
 23 -58.195538 -2.638103 124.243759 -0.579171 -0.103482 0.808612 0.710938 0.234375 2 13 0.500000 14 0.500000
 23 -34.643970 3.633838 141.223160 -0.718092 0.016208 0.695760 0.652344 0.281250 2 12 0.500000 13 0.500000
Soldiers_Siege_red_1.tga
 23 -34.643970 3.633838 141.223160 -0.718092 0.016208 0.695760 0.140625 0.281250 2 12 0.500000 13 0.500000
 23 -58.195538 -2.638103 124.243759 -0.579171 -0.103482 0.808612 0.203125 0.234375 2 13 0.500000 14 0.500000
 23 -30.534752 -0.644240 136.841980 0.270939 -0.957567 0.098267 0.132813 0.269531 2 12 0.500000 13 0.500000
Soldiers_Siege_red_1.tga
 23 -58.195538 -2.638103 124.243759 -0.579171 -0.103482 0.808612 0.203125 0.234375 2 13 0.500000 14 0.500000
 23 -48.606117 -15.096611 114.931442 0.252668 -0.933195 0.255550 0.179688 0.214844 2 13 0.500000 14 0.500000
 23 -30.534752 -0.644240 136.841980 0.270939 -0.957567 0.098267 0.132813 0.269531 2 12 0.500000 13 0.500000
Soldiers_Siege_red_1.tga
 23 -27.386368 3.738688 135.197662 0.856376 0.046212 -0.514281 0.632813 0.265625 2 12 0.500000 13 0.500000
 23 -39.845867 -2.427183 109.454056 0.854055 -0.023906 -0.519633 0.664063 0.203125 2 13 0.500000 14 0.500000
 23 -30.263401 8.291031 137.390045 0.134886 0.989286 -0.055848 0.640625 0.269531 2 12 0.500000 13 0.500000
Soldiers_Siege_red_1.tga
 23 -39.845867 -2.427183 109.454056 0.854055 -0.023906 -0.519633 0.664063 0.203125 2 13 0.500000 14 0.500000
 23 -48.066204 10.938786 114.931442 0.255272 0.966239 0.034904 0.687500 0.214844 2 13 0.500000 14 0.500000
 23 -30.263401 8.291031 137.390045 0.134886 0.989286 -0.055848 0.640625 0.269531 2 12 0.500000 13 0.500000
Soldiers_Siege_red_1.tga
 23 71.056267 -2.573342 80.380447 -0.878888 -0.059022 -0.473362 0.156250 0.203125 1 20 1.000000
 23 81.045372 -33.439148 85.857849 -0.023144 -0.999732 0.000861 0.179688 0.214844 1 20 1.000000
 23 56.562038 -15.065470 114.931442 -0.333092 -0.920839 0.202743 0.179688 0.214844 1 20 1.000000
Soldiers_Siege_red_1.tga
 23 56.562038 -15.065470 114.931442 -0.333092 -0.920839 0.202743 0.179688 0.214844 1 20 1.000000
 23 47.520458 -2.401308 109.454048 -0.870315 -0.097181 -0.482813 0.156250 0.203125 1 20 1.000000
 23 71.056267 -2.573342 80.380447 -0.878888 -0.059022 -0.473362 0.156250 0.203125 1 20 1.000000
Soldiers_Siege_red_1.tga
 23 91.320129 -3.067928 95.169250 0.798013 0.006009 0.602610 0.710938 0.234375 1 20 1.000000
 23 80.421944 30.008423 85.857841 -0.161498 0.961044 0.224304 0.687500 0.214844 1 20 1.000000
 23 56.006554 10.969633 114.931442 -0.147817 0.977283 0.151884 0.687500 0.214844 1 20 1.000000
Soldiers_Siege_red_1.tga
 23 56.006554 10.969633 114.931442 -0.147817 0.977283 0.151884 0.687500 0.214844 1 20 1.000000
 23 65.870102 -2.601341 124.243744 0.614635 -0.007949 0.788772 0.710938 0.234375 1 20 1.000000
 23 91.320129 -3.067928 95.169250 0.798013 0.006009 0.602610 0.710938 0.234375 1 20 1.000000
Soldiers_Siege_red_1.tga
 23 81.045372 -33.439148 85.857849 -0.023144 -0.999732 0.000861 0.179688 0.214844 1 20 1.000000
 23 91.320129 -3.067928 95.169250 0.798013 0.006009 0.602610 0.203125 0.234375 1 20 1.000000
 23 65.870102 -2.601341 124.243744 0.614635 -0.007949 0.788772 0.203125 0.234375 1 20 1.000000
Soldiers_Siege_red_1.tga
 23 65.870102 -2.601341 124.243744 0.614635 -0.007949 0.788772 0.203125 0.234375 1 20 1.000000
 23 56.562038 -15.065470 114.931442 -0.333092 -0.920839 0.202743 0.179688 0.214844 1 20 1.000000
 23 81.045372 -33.439148 85.857849 -0.023144 -0.999732 0.000861 0.179688 0.214844 1 20 1.000000
Soldiers_Siege_red_1.tga
 23 80.421944 30.008423 85.857841 -0.161498 0.961044 0.224304 0.687500 0.214844 1 20 1.000000
 23 71.056267 -2.573342 80.380447 -0.878888 -0.059022 -0.473362 0.664063 0.203125 1 20 1.000000
 23 47.520458 -2.401308 109.454048 -0.870315 -0.097181 -0.482813 0.664063 0.203125 1 20 1.000000
Soldiers_Siege_red_1.tga
 23 47.520458 -2.401308 109.454048 -0.870315 -0.097181 -0.482813 0.664063 0.203125 1 20 1.000000
 23 56.006554 10.969633 114.931442 -0.147817 0.977283 0.151884 0.687500 0.214844 1 20 1.000000
 23 80.421944 30.008423 85.857841 -0.161498 0.961044 0.224304 0.687500 0.214844 1 20 1.000000
Soldiers_Siege_red_1.tga
 23 -76.975082 -33.485764 85.857025 -0.088675 -0.992793 -0.080620 0.179688 0.214844 1 14 1.000000
 23 -67.306541 -2.614147 80.379601 0.809133 -0.102842 -0.578556 0.156250 0.203125 1 14 1.000000
 23 -39.845867 -2.427183 109.454056 0.854055 -0.023906 -0.519633 0.156250 0.203125 2 13 0.500000 14 0.500000
Soldiers_Siege_red_1.tga
 23 -39.845867 -2.427183 109.454056 0.854055 -0.023906 -0.519633 0.156250 0.203125 2 13 0.500000 14 0.500000
 23 -48.606117 -15.096611 114.931442 0.252668 -0.933195 0.255550 0.179688 0.214844 2 13 0.500000 14 0.500000
 23 -76.975082 -33.485764 85.857025 -0.088675 -0.992793 -0.080620 0.179688 0.214844 1 14 1.000000
Soldiers_Siege_red_1.tga
 23 -76.389168 29.962170 85.856987 0.260644 0.875069 0.407821 0.687500 0.214844 1 14 1.000000
 23 -87.569977 -3.120705 95.168404 -0.814410 -0.110205 0.569728 0.710938 0.234375 1 14 1.000000
 23 -58.195538 -2.638103 124.243759 -0.579171 -0.103482 0.808612 0.710938 0.234375 2 13 0.500000 14 0.500000
Soldiers_Siege_red_1.tga
 23 -58.195538 -2.638103 124.243759 -0.579171 -0.103482 0.808612 0.710938 0.234375 2 13 0.500000 14 0.500000
 23 -48.066204 10.938786 114.931442 0.255272 0.966239 0.034904 0.687500 0.214844 2 13 0.500000 14 0.500000
 23 -76.389168 29.962170 85.856987 0.260644 0.875069 0.407821 0.687500 0.214844 1 14 1.000000
Soldiers_Siege_red_1.tga
 23 -87.569977 -3.120705 95.168404 -0.814410 -0.110205 0.569728 0.203125 0.234375 1 14 1.000000
 23 -76.975082 -33.485764 85.857025 -0.088675 -0.992793 -0.080620 0.179688 0.214844 1 14 1.000000
 23 -48.606117 -15.096611 114.931442 0.252668 -0.933195 0.255550 0.179688 0.214844 2 13 0.500000 14 0.500000
Soldiers_Siege_red_1.tga
 23 -48.606117 -15.096611 114.931442 0.252668 -0.933195 0.255550 0.179688 0.214844 2 13 0.500000 14 0.500000
 23 -58.195538 -2.638103 124.243759 -0.579171 -0.103482 0.808612 0.203125 0.234375 2 13 0.500000 14 0.500000
 23 -87.569977 -3.120705 95.168404 -0.814410 -0.110205 0.569728 0.203125 0.234375 1 14 1.000000
Soldiers_Siege_red_1.tga
 23 -67.306541 -2.614147 80.379601 0.809133 -0.102842 -0.578556 0.664063 0.203125 1 14 1.000000
 23 -76.389168 29.962170 85.856987 0.260644 0.875069 0.407821 0.687500 0.214844 1 14 1.000000
 23 -48.066204 10.938786 114.931442 0.255272 0.966239 0.034904 0.687500 0.214844 2 13 0.500000 14 0.500000
Soldiers_Siege_red_1.tga
 23 -48.066204 10.938786 114.931442 0.255272 0.966239 0.034904 0.687500 0.214844 2 13 0.500000 14 0.500000
 23 -39.845867 -2.427183 109.454056 0.854055 -0.023906 -0.519633 0.664063 0.203125 2 13 0.500000 14 0.500000
 23 -67.306541 -2.614147 80.379601 0.809133 -0.102842 -0.578556 0.664063 0.203125 1 14 1.000000
Soldiers_Siege_red_1.tga
 23 78.440575 14.352383 51.091927 -0.951593 0.242105 -0.189356 0.601563 0.160156 1 20 1.000000
 23 106.015518 -16.508167 56.569336 0.537640 -0.795937 -0.278256 0.644531 0.160156 1 20 1.000000
 23 81.045372 -33.439148 85.857849 -0.023144 -0.999732 0.000861 0.644531 0.207031 1 20 1.000000
Soldiers_Siege_red_1.tga
 23 81.045372 -33.439148 85.857849 -0.023144 -0.999732 0.000861 0.644531 0.207031 1 20 1.000000
 23 71.056267 -2.573342 80.380447 -0.878888 -0.059022 -0.473362 0.601563 0.207031 1 20 1.000000
 23 78.440575 14.352383 51.091927 -0.951593 0.242105 -0.189356 0.601563 0.160156 1 20 1.000000
Soldiers_Siege_red_1.tga
 23 102.676514 13.859094 65.881088 0.831464 0.169058 0.529233 0.601563 0.160156 1 20 1.000000
 23 104.325317 46.939133 56.569336 -0.206849 0.786780 0.581541 0.644531 0.160156 1 20 1.000000
 23 80.421944 30.008423 85.857841 -0.161498 0.961044 0.224304 0.644531 0.207031 1 20 1.000000
Soldiers_Siege_red_1.tga
 23 80.421944 30.008423 85.857841 -0.161498 0.961044 0.224304 0.644531 0.207031 1 20 1.000000
 23 91.320129 -3.067928 95.169250 0.798013 0.006009 0.602610 0.601563 0.207031 1 20 1.000000
 23 102.676514 13.859094 65.881088 0.831464 0.169058 0.529233 0.601563 0.160156 1 20 1.000000
Soldiers_Siege_red_1.tga
 23 106.015518 -16.508167 56.569336 0.537640 -0.795937 -0.278256 0.558594 0.160156 1 20 1.000000
 23 102.676514 13.859094 65.881088 0.831464 0.169058 0.529233 0.601563 0.160156 1 20 1.000000
 23 91.320129 -3.067928 95.169250 0.798013 0.006009 0.602610 0.601563 0.207031 1 20 1.000000
Soldiers_Siege_red_1.tga
 23 91.320129 -3.067928 95.169250 0.798013 0.006009 0.602610 0.601563 0.207031 1 20 1.000000
 23 81.045372 -33.439148 85.857849 -0.023144 -0.999732 0.000861 0.558594 0.207031 1 20 1.000000
 23 106.015518 -16.508167 56.569336 0.537640 -0.795937 -0.278256 0.558594 0.160156 1 20 1.000000
Soldiers_Siege_red_1.tga
 23 104.325317 46.939133 56.569336 -0.206849 0.786780 0.581541 0.558594 0.160156 1 20 1.000000
 23 78.440575 14.352383 51.091927 -0.951593 0.242105 -0.189356 0.601563 0.160156 1 20 1.000000
 23 71.056267 -2.573342 80.380447 -0.878888 -0.059022 -0.473362 0.601563 0.207031 1 20 1.000000
Soldiers_Siege_red_1.tga
 23 71.056267 -2.573342 80.380447 -0.878888 -0.059022 -0.473362 0.601563 0.207031 1 20 1.000000
 23 80.421944 30.008423 85.857841 -0.161498 0.961044 0.224304 0.558594 0.207031 1 20 1.000000
 23 104.325317 46.939133 56.569336 -0.206849 0.786780 0.581541 0.558594 0.160156 1 20 1.000000
Soldiers_Siege_red_1.tga
 23 -101.717941 -16.566746 56.564117 -0.348012 -0.936697 0.038559 0.558594 0.160156 1 14 1.000000
 23 -74.996742 14.309745 51.087044 0.927237 0.071534 -0.367579 0.601563 0.160156 1 14 1.000000
 23 -67.306541 -2.614147 80.379601 0.809133 -0.102842 -0.578556 0.601563 0.207031 1 14 1.000000
Soldiers_Siege_red_1.tga
 23 -67.306541 -2.614147 80.379601 0.809133 -0.102842 -0.578556 0.601563 0.207031 1 14 1.000000
 23 -76.975082 -33.485764 85.857025 -0.088675 -0.992793 -0.080620 0.558594 0.207031 1 14 1.000000
 23 -101.717941 -16.566746 56.564117 -0.348012 -0.936697 0.038559 0.558594 0.160156 1 14 1.000000
Soldiers_Siege_red_1.tga
 23 -100.065529 46.881454 56.564087 0.019853 0.936078 0.351233 0.558594 0.160156 1 14 1.000000
 23 -99.099838 13.802130 65.875954 -0.906834 -0.030918 0.420353 0.601563 0.160156 1 14 1.000000
 23 -87.569977 -3.120705 95.168404 -0.814410 -0.110205 0.569728 0.601563 0.207031 1 14 1.000000
Soldiers_Siege_red_1.tga
 23 -87.569977 -3.120705 95.168404 -0.814410 -0.110205 0.569728 0.601563 0.207031 1 14 1.000000
 23 -76.389168 29.962170 85.856987 0.260644 0.875069 0.407821 0.558594 0.207031 1 14 1.000000
 23 -100.065529 46.881454 56.564087 0.019853 0.936078 0.351233 0.558594 0.160156 1 14 1.000000
Soldiers_Siege_red_1.tga
 23 -99.099838 13.802130 65.875954 -0.906834 -0.030918 0.420353 0.601563 0.160156 1 14 1.000000
 23 -101.717941 -16.566746 56.564117 -0.348012 -0.936697 0.038559 0.601563 0.160156 1 14 1.000000
 23 -76.975082 -33.485764 85.857025 -0.088675 -0.992793 -0.080620 0.644531 0.207031 1 14 1.000000
Soldiers_Siege_red_1.tga
 23 -76.975082 -33.485764 85.857025 -0.088675 -0.992793 -0.080620 0.644531 0.207031 1 14 1.000000
 23 -87.569977 -3.120705 95.168404 -0.814410 -0.110205 0.569728 0.601563 0.207031 1 14 1.000000
 23 -99.099838 13.802130 65.875954 -0.906834 -0.030918 0.420353 0.601563 0.160156 1 14 1.000000
Soldiers_Siege_red_1.tga
 23 -74.996742 14.309745 51.087044 0.927237 0.071534 -0.367579 0.601563 0.160156 1 14 1.000000
 23 -100.065529 46.881454 56.564087 0.019853 0.936078 0.351233 0.644531 0.160156 1 14 1.000000
 23 -76.389168 29.962170 85.856987 0.260644 0.875069 0.407821 0.644531 0.207031 1 14 1.000000
Soldiers_Siege_red_1.tga
 23 -76.389168 29.962170 85.856987 0.260644 0.875069 0.407821 0.644531 0.207031 1 14 1.000000
 23 -67.306541 -2.614147 80.379601 0.809133 -0.102842 -0.578556 0.601563 0.207031 1 14 1.000000
 23 -74.996742 14.309745 51.087044 0.927237 0.071534 -0.367579 0.601563 0.160156 1 14 1.000000
Soldiers_Siege_red_1.tga
 23 -2.547301 -10.803881 169.409348 0.348740 -0.892150 0.287139 0.957031 0.029264 1 4 1.000000
 23 3.960144 -6.673330 174.339569 0.348740 -0.892150 0.287139 0.785156 0.138639 1 4 1.000000
 23 -1.995449 -7.414572 179.269760 0.348740 -0.892150 0.287139 0.957031 0.244107 1 4 1.000000
Soldiers_Siege_red_1.tga
 23 3.960144 -6.673330 174.339569 -0.343998 -0.893600 0.288347 0.785156 0.138639 1 4 1.000000
 23 10.547359 -10.800010 169.409348 -0.343998 -0.893600 0.288347 0.957031 0.029264 1 4 1.000000
 23 10.008915 -7.410970 179.269760 -0.343998 -0.893600 0.288347 0.957031 0.244107 1 4 1.000000
Soldiers_Siege_red_1.tga
 23 -11.306697 39.254028 232.142075 -0.317566 0.883389 0.344640 0.820313 0.873403 1 6 1.000000
 23 -12.130109 45.303734 210.232452 -0.405073 0.883974 0.233465 0.824219 0.811880 1 6 1.000000
 23 -31.137566 20.933762 233.237366 -0.901762 0.344462 0.261098 0.691406 0.881704 1 6 1.000000
Soldiers_Siege_red_1.tga
 23 -31.137566 20.933762 233.237366 -0.901762 0.344462 0.261098 0.691406 0.881704 1 6 1.000000
 23 -12.130109 45.303734 210.232452 -0.405073 0.883974 0.233465 0.824219 0.811880 1 6 1.000000
 23 -34.649555 20.454647 209.136246 -0.979821 0.188325 0.066971 0.699219 0.814810 1 6 1.000000
Soldiers_Siege_red_1.tga
 23 -29.983864 -12.616212 233.237350 -0.891715 -0.421879 0.163896 0.322266 0.862661 1 6 1.000000
 23 -7.587625 -33.921818 212.423050 -0.407903 -0.912549 0.029502 0.394531 0.806997 1 6 1.000000
 23 -9.848874 -28.171185 237.619446 -0.353745 -0.862535 0.361797 0.388672 0.876333 1 6 1.000000
Soldiers_Siege_red_1.tga
 23 -7.587625 -33.921818 212.423050 -0.407903 -0.912549 0.029502 0.394531 0.806997 1 6 1.000000
 23 17.265068 -29.258556 237.619476 0.329128 -0.867490 0.373010 0.451172 0.875845 1 6 1.000000
 23 -9.848874 -28.171185 237.619446 -0.353745 -0.862535 0.361797 0.388672 0.876333 1 6 1.000000
Soldiers_Siege_red_1.tga
 23 24.228905 38.169075 232.142090 0.379639 0.858891 0.343774 0.820313 0.873403 1 6 1.000000
 23 40.715374 20.933767 233.237366 0.914787 0.285999 0.285253 0.691406 0.881704 1 6 1.000000
 23 23.405045 45.588139 210.232468 0.413663 0.880301 0.232280 0.824219 0.811880 1 6 1.000000
Soldiers_Siege_red_1.tga
 23 23.405045 45.588139 210.232468 0.413663 0.880301 0.232280 0.824219 0.811880 1 6 1.000000
 23 40.715374 20.933767 233.237366 0.914787 0.285999 0.285253 0.691406 0.881704 1 6 1.000000
 23 45.049236 20.454651 209.136246 0.987291 0.143659 0.067956 0.699219 0.814810 1 6 1.000000
Soldiers_Siege_red_1.tga
 23 24.228905 38.169075 232.142090 0.379639 0.858891 0.343774 0.820313 0.873403 1 6 1.000000
 23 -11.306697 39.254028 232.142075 -0.317566 0.883389 0.344640 0.964844 0.873403 1 6 1.000000
 23 5.223000 28.714666 252.956314 0.001646 0.644383 0.764701 0.890625 0.931997 1 6 1.000000
Soldiers_Siege_red_1.tga
 23 -24.649559 8.251859 251.861954 -0.683273 0.070369 0.726764 0.593750 0.932974 1 6 1.000000
 23 -14.522038 29.150223 247.791367 -0.419252 0.630814 0.652917 0.691406 0.929067 1 6 1.000000
 23 -31.137566 20.933762 233.237366 -0.901762 0.344462 0.261098 0.691406 0.881704 1 6 1.000000
Soldiers_Siege_red_1.tga
 23 -9.848874 -28.171185 237.619446 -0.353745 -0.862535 0.361797 0.388672 0.876333 1 6 1.000000
 23 17.265068 -29.258556 237.619476 0.329128 -0.867490 0.373010 0.451172 0.875845 1 6 1.000000
 23 2.575590 -19.189629 254.052567 -0.024694 -0.589426 0.807445 0.417969 0.920767 1 6 1.000000
Soldiers_Siege_red_1.tga
 23 32.180859 8.251861 251.861954 0.665641 0.029118 0.745704 0.593750 0.932974 1 6 1.000000
 23 37.801270 -12.616209 233.237350 0.887418 -0.420263 0.189389 0.578125 0.884146 1 6 1.000000
 23 40.715374 20.933767 233.237366 0.914787 0.285999 0.285253 0.691406 0.881704 1 6 1.000000
Soldiers_Siege_red_1.tga
 23 -24.649559 8.251859 251.861954 -0.683273 0.070369 0.726764 0.593750 0.932974 1 6 1.000000
 23 3.843255 7.590750 261.720520 -0.005531 0.063193 0.997986 0.640625 0.978140 1 6 1.000000
 23 -14.522038 29.150223 247.791367 -0.419252 0.630814 0.652917 0.691406 0.929067 1 6 1.000000
Soldiers_Siege_red_1.tga
 23 2.575590 -19.189629 254.052567 -0.024694 -0.589426 0.807445 0.417969 0.920767 1 6 1.000000
 23 3.843255 7.590750 261.720520 -0.005531 0.063193 0.997986 0.396484 0.955923 1 6 1.000000
 23 -15.468116 -13.300887 251.861923 -0.482098 -0.451220 0.750987 0.363281 0.916372 1 6 1.000000
Soldiers_Siege_red_1.tga
 23 32.180859 8.251861 251.861954 0.665641 0.029118 0.745704 0.593750 0.932974 1 6 1.000000
 23 3.843255 7.590750 261.720520 -0.005531 0.063193 0.997986 0.570313 0.978140 1 6 1.000000
 23 23.012108 -13.300883 251.861923 0.472019 -0.445849 0.760537 0.542969 0.931997 1 6 1.000000
Soldiers_Siege_red_1.tga
 23 24.916595 29.150223 248.262741 0.425830 0.611117 0.667236 0.691406 0.929067 1 6 1.000000
 23 3.843255 7.590750 261.720520 -0.005531 0.063193 0.997986 0.640625 0.978140 1 6 1.000000
 23 32.180859 8.251861 251.861954 0.665641 0.029118 0.745704 0.593750 0.932974 1 6 1.000000
Soldiers_Siege_red_1.tga
 23 15.965558 -34.188675 212.423050 0.391024 -0.919010 0.050201 0.445313 0.806997 1 6 1.000000
 23 -7.587625 -33.921818 212.423050 -0.407903 -0.912549 0.029502 0.394531 0.806997 1 6 1.000000
 23 3.739905 -32.515118 187.610062 -0.011307 -0.998028 -0.061742 0.419922 0.771841 1 6 1.000000
Soldiers_Siege_red_1.tga
 23 -31.137566 20.933762 233.237366 -0.901762 0.344462 0.261098 0.691406 0.881704 1 6 1.000000
 23 -27.246147 -7.558661 210.232468 -0.893980 -0.431280 -0.121645 0.574219 0.818716 1 6 1.000000
 23 -29.983864 -12.616212 233.237350 -0.891715 -0.421879 0.163896 0.578125 0.884146 1 6 1.000000
Soldiers_Siege_red_1.tga
 23 15.965558 -34.188675 212.423050 0.391024 -0.919010 0.050201 0.445313 0.806997 1 6 1.000000
 23 37.801270 -12.616209 233.237350 0.887418 -0.420263 0.189389 0.507813 0.864614 1 6 1.000000
 23 17.265068 -29.258556 237.619476 0.329128 -0.867490 0.373010 0.451172 0.875845 1 6 1.000000
Soldiers_Siege_red_1.tga
 23 -29.983864 -12.616212 233.237350 -0.891715 -0.421879 0.163896 0.578125 0.884146 1 6 1.000000
 23 -24.649559 8.251859 251.861954 -0.683273 0.070369 0.726764 0.593750 0.932974 1 6 1.000000
 23 -31.137566 20.933762 233.237366 -0.901762 0.344462 0.261098 0.691406 0.881704 1 6 1.000000
Soldiers_Siege_red_1.tga
 23 -7.587625 -33.921818 212.423050 -0.407903 -0.912549 0.029502 0.394531 0.806997 1 6 1.000000
 23 -27.246147 -7.558661 210.232468 -0.893980 -0.431280 -0.121645 0.330078 0.801138 1 6 1.000000
 23 -14.203078 -21.017714 170.082550 -0.797981 -0.599871 -0.058143 0.365234 0.724966 1 6 1.000000
Soldiers_Siege_red_1.tga
 23 33.966637 -12.881166 208.040970 0.864072 -0.492458 -0.104234 0.507813 0.801138 1 6 1.000000
 23 15.965558 -34.188675 212.423050 0.391024 -0.919010 0.050201 0.445313 0.806997 1 6 1.000000
 23 23.207947 -25.251759 167.891068 0.763317 -0.646000 -0.005502 0.476563 0.719107 1 6 1.000000
Soldiers_Siege_red_1.tga
 23 -27.246147 -7.558661 210.232468 -0.893980 -0.431280 -0.121645 0.574219 0.818716 1 6 1.000000
 23 -27.768238 3.131834 185.035141 -0.855398 -0.517877 0.009864 0.625000 0.744497 1 9 1.000000
 23 -12.700074 -9.471521 185.035156 -0.646279 -0.762477 0.030871 0.554688 0.751333 1 9 1.000000
Soldiers_Siege_red_1.tga
 23 -27.246147 -7.558661 210.232468 -0.893980 -0.431280 -0.121645 0.330078 0.801138 1 6 1.000000
 23 -7.587625 -33.921818 212.423050 -0.407903 -0.912549 0.029502 0.394531 0.806997 1 6 1.000000
 23 -29.983864 -12.616212 233.237350 -0.891715 -0.421879 0.163896 0.322266 0.862661 1 6 1.000000
Soldiers_Siege_red_1.tga
 23 -7.587625 -33.921818 212.423050 -0.407903 -0.912549 0.029502 0.394531 0.806997 1 6 1.000000
 23 15.965558 -34.188675 212.423050 0.391024 -0.919010 0.050201 0.445313 0.806997 1 6 1.000000
 23 17.265068 -29.258556 237.619476 0.329128 -0.867490 0.373010 0.451172 0.875845 1 6 1.000000
Soldiers_Siege_red_1.tga
 23 -34.649555 20.454647 209.136246 -0.979821 0.188325 0.066971 0.699219 0.814810 1 6 1.000000
 23 -27.246147 -7.558661 210.232468 -0.893980 -0.431280 -0.121645 0.574219 0.818716 1 6 1.000000
 23 -31.137566 20.933762 233.237366 -0.901762 0.344462 0.261098 0.691406 0.881704 1 6 1.000000
Soldiers_Siege_red_1.tga
 23 23.405045 45.588139 210.232468 0.413663 0.880301 0.232280 0.824219 0.811880 1 6 1.000000
 23 -12.130109 45.303734 210.232452 -0.405073 0.883974 0.233465 0.964844 0.811880 1 6 1.000000
 23 24.228905 38.169075 232.142090 0.379639 0.858891 0.343774 0.820313 0.873403 1 6 1.000000
Soldiers_Siege_red_1.tga
 23 24.228905 38.169075 232.142090 0.379639 0.858891 0.343774 0.820313 0.873403 1 6 1.000000
 23 -12.130109 45.303734 210.232452 -0.405073 0.883974 0.233465 0.964844 0.811880 1 6 1.000000
 23 -11.306697 39.254028 232.142075 -0.317566 0.883389 0.344640 0.964844 0.873403 1 6 1.000000
Soldiers_Siege_red_1.tga
 23 21.698200 -14.117229 185.035156 0.752226 -0.657893 -0.036521 0.554688 0.751333 1 8 1.000000
 23 36.129696 3.131838 185.035141 0.890276 -0.454381 -0.030778 0.625000 0.744497 1 8 1.000000
 23 33.966637 -12.881166 208.040970 0.864072 -0.492458 -0.104234 0.574219 0.818716 1 6 1.000000
Soldiers_Siege_red_1.tga
 23 33.966637 -12.881166 208.040970 0.864072 -0.492458 -0.104234 0.574219 0.818716 1 6 1.000000
 23 40.715374 20.933767 233.237366 0.914787 0.285999 0.285253 0.691406 0.881704 1 6 1.000000
 23 37.801270 -12.616209 233.237350 0.887418 -0.420263 0.189389 0.578125 0.884146 1 6 1.000000
Soldiers_Siege_red_1.tga
 23 45.049236 20.454651 209.136246 0.987291 0.143659 0.067956 0.699219 0.814810 1 6 1.000000
 23 40.715374 20.933767 233.237366 0.914787 0.285999 0.285253 0.691406 0.881704 1 6 1.000000
 23 33.966637 -12.881166 208.040970 0.864072 -0.492458 -0.104234 0.574219 0.818716 1 6 1.000000
Soldiers_Siege_red_1.tga
 23 43.152756 28.670889 186.130905 0.959588 0.257598 0.113291 0.710938 0.744497 1 6 1.000000
 23 45.049236 20.454651 209.136246 0.987291 0.143659 0.067956 0.699219 0.814810 1 6 1.000000
 23 36.129696 3.131838 185.035141 0.890276 -0.454381 -0.030778 0.625000 0.744497 1 8 1.000000
Soldiers_Siege_red_1.tga
 23 23.405045 45.588139 210.232468 0.413663 0.880301 0.232280 0.824219 0.811880 1 6 1.000000
 23 45.049236 20.454651 209.136246 0.987291 0.143659 0.067956 0.699219 0.814810 1 6 1.000000
 23 20.548534 52.434254 186.130463 0.386799 0.871115 0.302565 0.835938 0.744497 1 6 1.000000
Soldiers_Siege_red_1.tga
 23 -12.130109 45.303734 210.232452 -0.405073 0.883974 0.233465 0.964844 0.811880 1 6 1.000000
 23 23.405045 45.588139 210.232468 0.413663 0.880301 0.232280 0.824219 0.811880 1 6 1.000000
 23 -9.768238 52.425167 187.226669 -0.367585 0.874778 0.315665 0.953125 0.746450 1 6 1.000000
Soldiers_Siege_red_1.tga
 23 -9.768238 52.425167 187.226669 -0.367585 0.874778 0.315665 0.953125 0.746450 1 6 1.000000
 23 23.405045 45.588139 210.232468 0.413663 0.880301 0.232280 0.824219 0.811880 1 6 1.000000
 23 20.548534 52.434254 186.130463 0.386799 0.871115 0.302565 0.835938 0.744497 1 6 1.000000
Soldiers_Siege_red_1.tga
 23 -12.130109 45.303734 210.232452 -0.405073 0.883974 0.233465 0.824219 0.811880 1 6 1.000000
 23 -9.768238 52.425167 187.226669 -0.367585 0.874778 0.315665 0.835938 0.744497 1 6 1.000000
 23 -34.649555 20.454647 209.136246 -0.979821 0.188325 0.066971 0.699219 0.814810 1 6 1.000000
Soldiers_Siege_red_1.tga
 23 -34.649555 20.454647 209.136246 -0.979821 0.188325 0.066971 0.699219 0.814810 1 6 1.000000
 23 -9.768238 52.425167 187.226669 -0.367585 0.874778 0.315665 0.835938 0.744497 1 6 1.000000
 23 -33.174267 28.670881 186.130905 -0.939650 0.297230 0.169448 0.710938 0.744497 1 6 1.000000
Soldiers_Siege_red_1.tga
 23 -27.246147 -7.558661 210.232468 -0.893980 -0.431280 -0.121645 0.574219 0.818716 1 6 1.000000
 23 -34.649555 20.454647 209.136246 -0.979821 0.188325 0.066971 0.699219 0.814810 1 6 1.000000
 23 -27.768238 3.131834 185.035141 -0.855398 -0.517877 0.009864 0.625000 0.744497 1 9 1.000000
Soldiers_Siege_red_1.tga
 23 -15.468116 -13.300887 251.861923 -0.482098 -0.451220 0.750987 0.542969 0.931997 1 6 1.000000
 23 -24.649559 8.251859 251.861954 -0.683273 0.070369 0.726764 0.593750 0.932974 1 6 1.000000
 23 -29.983864 -12.616212 233.237350 -0.891715 -0.421879 0.163896 0.578125 0.884146 1 6 1.000000
Soldiers_Siege_red_1.tga
 23 32.180859 8.251861 251.861954 0.665641 0.029118 0.745704 0.593750 0.932974 1 6 1.000000
 23 23.012108 -13.300883 251.861923 0.472019 -0.445849 0.760537 0.542969 0.931997 1 6 1.000000
 23 37.801270 -12.616209 233.237350 0.887418 -0.420263 0.189389 0.578125 0.884146 1 6 1.000000
Soldiers_Siege_red_1.tga
 23 -9.848874 -28.171185 237.619446 -0.353745 -0.862535 0.361797 0.388672 0.876333 1 6 1.000000
 23 -15.468116 -13.300887 251.861923 -0.482098 -0.451220 0.750987 0.363281 0.916372 1 6 1.000000
 23 -29.983864 -12.616212 233.237350 -0.891715 -0.421879 0.163896 0.322266 0.862661 1 6 1.000000
Soldiers_Siege_red_1.tga
 23 2.575590 -19.189629 254.052567 -0.024694 -0.589426 0.807445 0.417969 0.920767 1 6 1.000000
 23 -15.468116 -13.300887 251.861923 -0.482098 -0.451220 0.750987 0.363281 0.916372 1 6 1.000000
 23 -9.848874 -28.171185 237.619446 -0.353745 -0.862535 0.361797 0.388672 0.876333 1 6 1.000000
Soldiers_Siege_red_1.tga
 23 2.575590 -19.189629 254.052567 -0.024694 -0.589426 0.807445 0.417969 0.920767 1 6 1.000000
 23 17.265068 -29.258556 237.619476 0.329128 -0.867490 0.373010 0.451172 0.875845 1 6 1.000000
 23 23.012108 -13.300883 251.861923 0.472019 -0.445849 0.760537 0.476563 0.915396 1 6 1.000000
Soldiers_Siege_red_1.tga
 23 37.801270 -12.616209 233.237350 0.887418 -0.420263 0.189389 0.507813 0.864614 1 6 1.000000
 23 23.012108 -13.300883 251.861923 0.472019 -0.445849 0.760537 0.476563 0.915396 1 6 1.000000
 23 17.265068 -29.258556 237.619476 0.329128 -0.867490 0.373010 0.451172 0.875845 1 6 1.000000
Soldiers_Siege_red_1.tga
 23 24.916595 29.150223 248.262741 0.425830 0.611117 0.667236 0.691406 0.929067 1 6 1.000000
 23 32.180859 8.251861 251.861954 0.665641 0.029118 0.745704 0.593750 0.932974 1 6 1.000000
 23 40.715374 20.933767 233.237366 0.914787 0.285999 0.285253 0.691406 0.881704 1 6 1.000000
Soldiers_Siege_red_1.tga
 23 24.228905 38.169075 232.142090 0.379639 0.858891 0.343774 0.820313 0.873403 1 6 1.000000
 23 24.916595 29.150223 248.262741 0.425830 0.611117 0.667236 0.691406 0.929067 1 6 1.000000
 23 40.715374 20.933767 233.237366 0.914787 0.285999 0.285253 0.691406 0.881704 1 6 1.000000
Soldiers_Siege_red_1.tga
 23 5.223000 28.714666 252.956314 0.001646 0.644383 0.764701 0.890625 0.931997 1 6 1.000000
 23 24.916595 29.150223 248.262741 0.425830 0.611117 0.667236 0.691406 0.929067 1 6 1.000000
 23 24.228905 38.169075 232.142090 0.379639 0.858891 0.343774 0.820313 0.873403 1 6 1.000000
Soldiers_Siege_red_1.tga
 23 5.223000 28.714666 252.956314 0.001646 0.644383 0.764701 0.890625 0.931997 1 6 1.000000
 23 -11.306697 39.254028 232.142075 -0.317566 0.883389 0.344640 0.820313 0.873403 1 6 1.000000
 23 -14.522038 29.150223 247.791367 -0.419252 0.630814 0.652917 0.691406 0.929067 1 6 1.000000
Soldiers_Siege_red_1.tga
 23 -31.137566 20.933762 233.237366 -0.901762 0.344462 0.261098 0.691406 0.881704 1 6 1.000000
 23 -14.522038 29.150223 247.791367 -0.419252 0.630814 0.652917 0.691406 0.929067 1 6 1.000000
 23 -11.306697 39.254028 232.142075 -0.317566 0.883389 0.344640 0.820313 0.873403 1 6 1.000000
Soldiers_Siege_red_1.tga
 23 5.223000 28.714666 252.956314 0.001646 0.644383 0.764701 0.890625 0.931997 1 6 1.000000
 23 3.843255 7.590750 261.720520 -0.005531 0.063193 0.997986 0.761719 0.978140 1 6 1.000000
 23 24.916595 29.150223 248.262741 0.425830 0.611117 0.667236 0.691406 0.929067 1 6 1.000000
Soldiers_Siege_red_1.tga
 23 -14.522038 29.150223 247.791367 -0.419252 0.630814 0.652917 0.691406 0.929067 1 6 1.000000
 23 3.843255 7.590750 261.720520 -0.005531 0.063193 0.997986 0.761719 0.978140 1 6 1.000000
 23 5.223000 28.714666 252.956314 0.001646 0.644383 0.764701 0.890625 0.931997 1 6 1.000000
Soldiers_Siege_red_1.tga
 23 -15.468116 -13.300887 251.861923 -0.482098 -0.451220 0.750987 0.542969 0.931997 1 6 1.000000
 23 3.843255 7.590750 261.720520 -0.005531 0.063193 0.997986 0.570313 0.978140 1 6 1.000000
 23 -24.649559 8.251859 251.861954 -0.683273 0.070369 0.726764 0.593750 0.932974 1 6 1.000000
Soldiers_Siege_red_1.tga
 23 23.012108 -13.300883 251.861923 0.472019 -0.445849 0.760537 0.476563 0.915396 1 6 1.000000
 23 3.843255 7.590750 261.720520 -0.005531 0.063193 0.997986 0.445313 0.955923 1 6 1.000000
 23 2.575590 -19.189629 254.052567 -0.024694 -0.589426 0.807445 0.417969 0.920767 1 6 1.000000
Soldiers_Siege_red_1.tga
 23 -33.174267 28.670881 186.130905 -0.939650 0.297230 0.169448 0.710938 0.744497 1 6 1.000000
 23 -9.768238 52.425167 187.226669 -0.367585 0.874778 0.315665 0.835938 0.744497 1 6 1.000000
 23 -31.259254 55.431435 134.607269 -0.769019 0.562732 0.303219 0.734375 0.598013 2 6 0.500000 10 0.500000
Soldiers_Siege_red_1.tga
 23 -31.259254 55.431435 134.607269 -0.769019 0.562732 0.303219 0.734375 0.598013 2 6 0.500000 10 0.500000
 23 -9.768238 52.425167 187.226669 -0.367585 0.874778 0.315665 0.835938 0.744497 1 6 1.000000
 23 -7.280817 74.883774 134.503754 -0.296606 0.867515 0.399302 0.839844 0.599966 2 6 0.500000 10 0.500000
Soldiers_Siege_red_1.tga
 23 -27.768238 3.131834 185.035141 -0.855398 -0.517877 0.009864 0.625000 0.744497 1 9 1.000000
 23 -33.174267 28.670881 186.130905 -0.939650 0.297230 0.169448 0.710938 0.744497 1 6 1.000000
 23 -42.997410 25.643957 134.528946 -0.934927 0.276754 0.222078 0.648438 0.598013 2 6 0.500000 10 0.500000
Soldiers_Siege_red_1.tga
 23 -42.997410 25.643957 134.528946 -0.934927 0.276754 0.222078 0.648438 0.598013 2 6 0.500000 10 0.500000
 23 -33.174267 28.670881 186.130905 -0.939650 0.297230 0.169448 0.710938 0.744497 1 6 1.000000
 23 -31.259254 55.431435 134.607269 -0.769019 0.562732 0.303219 0.734375 0.598013 2 6 0.500000 10 0.500000
Soldiers_Siege_red_1.tga
 23 43.152756 28.670889 186.130905 0.959588 0.257598 0.113291 0.710938 0.744497 1 6 1.000000
 23 39.877655 54.904842 134.503738 0.806886 0.521323 0.277772 0.734375 0.598013 1 6 1.000000
 23 20.548534 52.434254 186.130463 0.386799 0.871115 0.302565 0.835938 0.744497 1 6 1.000000
Soldiers_Siege_red_1.tga
 23 20.548534 52.434254 186.130463 0.386799 0.871115 0.302565 0.835938 0.744497 1 6 1.000000
 23 39.877655 54.904842 134.503738 0.806886 0.521323 0.277772 0.734375 0.598013 1 6 1.000000
 23 18.443705 74.891434 134.632462 0.330947 0.857462 0.393997 0.839844 0.599966 2 6 0.500000 10 0.500000
Soldiers_Siege_red_1.tga
 23 20.548534 52.434254 186.130463 0.386799 0.871115 0.302565 0.835938 0.744497 1 6 1.000000
 23 18.443705 74.891434 134.632462 0.330947 0.857462 0.393997 0.839844 0.599966 2 6 0.500000 10 0.500000
 23 -9.768238 52.425167 187.226669 -0.367585 0.874778 0.315665 0.953125 0.746450 1 6 1.000000
Soldiers_Siege_red_1.tga
 23 -9.768238 52.425167 187.226669 -0.367585 0.874778 0.315665 0.953125 0.746450 1 6 1.000000
 23 18.443705 74.891434 134.632462 0.330947 0.857462 0.393997 0.839844 0.599966 2 6 0.500000 10 0.500000
 23 -7.280817 74.883774 134.503754 -0.296606 0.867515 0.399302 0.949219 0.601919 2 6 0.500000 10 0.500000
Soldiers_Siege_red_1.tga
 23 36.129696 3.131838 185.035141 0.890276 -0.454381 -0.030778 0.625000 0.744497 1 8 1.000000
 23 47.716564 30.532309 134.528961 0.960691 0.223347 0.164891 0.648438 0.598013 2 6 0.500000 10 0.500000
 23 43.152756 28.670889 186.130905 0.959588 0.257598 0.113291 0.710938 0.744497 1 6 1.000000
Soldiers_Siege_red_1.tga
 23 43.152756 28.670889 186.130905 0.959588 0.257598 0.113291 0.710938 0.744497 1 6 1.000000
 23 47.716564 30.532309 134.528961 0.960691 0.223347 0.164891 0.648438 0.598013 2 6 0.500000 10 0.500000
 23 39.877655 54.904842 134.503738 0.806886 0.521323 0.277772 0.734375 0.598013 1 6 1.000000
Soldiers_Siege_red_1.tga
 23 47.716564 30.532309 134.528961 0.960691 0.223347 0.164891 0.648438 0.598013 2 6 0.500000 10 0.500000
 23 58.684238 66.413223 61.791862 0.831227 0.474267 0.290057 0.671875 0.402700 1 10 1.000000
 23 39.877655 54.904842 134.503738 0.806886 0.521323 0.277772 0.734375 0.598013 1 6 1.000000
Soldiers_Siege_red_1.tga
 23 39.877655 54.904842 134.503738 0.806886 0.521323 0.277772 0.734375 0.598013 1 6 1.000000
 23 58.684238 66.413223 61.791862 0.831227 0.474267 0.290057 0.671875 0.402700 1 10 1.000000
 23 41.165192 94.343124 61.791870 0.632143 0.695104 0.342381 0.761719 0.402700 1 10 1.000000
Soldiers_Siege_red_1.tga
 23 39.877655 54.904842 134.503738 0.806886 0.521323 0.277772 0.734375 0.598013 1 6 1.000000
 23 41.165192 94.343124 61.791870 0.632143 0.695104 0.342381 0.761719 0.402700 1 10 1.000000
 23 18.443705 74.891434 134.632462 0.330947 0.857462 0.393997 0.839844 0.599966 2 6 0.500000 10 0.500000
Soldiers_Siege_red_1.tga
 23 18.443705 74.891434 134.632462 0.330947 0.857462 0.393997 0.839844 0.599966 2 6 0.500000 10 0.500000
 23 41.165192 94.343124 61.791870 0.632143 0.695104 0.342381 0.761719 0.402700 1 10 1.000000
 23 15.149251 107.964615 63.161209 0.218318 0.888651 0.403282 0.847656 0.402700 1 10 1.000000
Soldiers_Siege_red_1.tga
 23 18.443705 74.891434 134.632462 0.330947 0.857462 0.393997 0.839844 0.599966 2 6 0.500000 10 0.500000
 23 15.149251 107.964615 63.161209 0.218318 0.888651 0.403282 0.847656 0.402700 1 10 1.000000
 23 -7.280817 74.883774 134.503754 -0.296606 0.867515 0.399302 0.949219 0.601919 2 6 0.500000 10 0.500000
Soldiers_Siege_red_1.tga
 23 -7.280817 74.883774 134.503754 -0.296606 0.867515 0.399302 0.949219 0.601919 2 6 0.500000 10 0.500000
 23 15.149251 107.964615 63.161209 0.218318 0.888651 0.403282 0.847656 0.402700 1 10 1.000000
 23 -5.379660 107.959229 63.708961 -0.181275 0.892845 0.412271 0.929688 0.402700 1 10 1.000000
Soldiers_Siege_red_1.tga
 23 -31.259254 55.431435 134.607269 -0.769019 0.562732 0.303219 0.734375 0.598013 2 6 0.500000 10 0.500000
 23 -7.280817 74.883774 134.503754 -0.296606 0.867515 0.399302 0.839844 0.599966 2 6 0.500000 10 0.500000
 23 -32.620415 94.869614 63.708961 -0.611091 0.705314 0.359307 0.761719 0.402700 1 10 1.000000
Soldiers_Siege_red_1.tga
 23 -32.620415 94.869614 63.708961 -0.611091 0.705314 0.359307 0.761719 0.402700 1 10 1.000000
 23 -7.280817 74.883774 134.503754 -0.296606 0.867515 0.399302 0.839844 0.599966 2 6 0.500000 10 0.500000
 23 -5.379660 107.959229 63.708961 -0.181275 0.892845 0.412271 0.847656 0.402700 1 10 1.000000
Soldiers_Siege_red_1.tga
 23 -42.997410 25.643957 134.528946 -0.934927 0.276754 0.222078 0.648438 0.598013 2 6 0.500000 10 0.500000
 23 -31.259254 55.431435 134.607269 -0.769019 0.562732 0.303219 0.734375 0.598013 2 6 0.500000 10 0.500000
 23 -53.521828 61.450096 62.065735 -0.834510 0.465538 0.294731 0.671875 0.402700 1 10 1.000000
Soldiers_Siege_red_1.tga
 23 -27.768238 3.131834 185.035141 -0.855398 -0.517877 0.009864 0.625000 0.744497 1 9 1.000000
 23 -34.649555 20.454647 209.136246 -0.979821 0.188325 0.066971 0.699219 0.814810 1 6 1.000000
 23 -33.174267 28.670881 186.130905 -0.939650 0.297230 0.169448 0.710938 0.744497 1 6 1.000000
Soldiers_Siege_red_1.tga
 23 36.129696 3.131838 185.035141 0.890276 -0.454381 -0.030778 0.625000 0.744497 1 8 1.000000
 23 45.049236 20.454651 209.136246 0.987291 0.143659 0.067956 0.699219 0.814810 1 6 1.000000
 23 33.966637 -12.881166 208.040970 0.864072 -0.492458 -0.104234 0.574219 0.818716 1 6 1.000000
Soldiers_Siege_red_1.tga
 23 -27.768238 3.131834 185.035141 -0.855398 -0.517877 0.009864 0.625000 0.744497 1 9 1.000000
 23 -34.937641 1.108616 160.934937 -0.630691 -0.725819 0.274618 0.613281 0.674185 1 9 1.000000
 23 -12.700074 -9.471521 185.035156 -0.646279 -0.762477 0.030871 0.554688 0.751333 1 9 1.000000
Soldiers_Siege_red_1.tga
 23 -12.700074 -9.471521 185.035156 -0.646279 -0.762477 0.030871 0.554688 0.751333 1 9 1.000000
 23 -34.937641 1.108616 160.934937 -0.630691 -0.725819 0.274618 0.613281 0.674185 1 9 1.000000
 23 -15.425723 -14.742552 164.220840 -0.614354 -0.743618 0.263821 0.542969 0.681997 1 9 1.000000
Soldiers_Siege_red_1.tga
 23 43.244465 1.542592 159.838776 0.708719 -0.640719 0.295291 0.613281 0.674185 1 8 1.000000
 23 24.664330 -16.373892 164.220856 0.677063 -0.690626 0.254208 0.542969 0.681997 1 8 1.000000
 23 43.249599 -15.574599 130.807465 0.602081 -0.732652 0.317365 0.601563 0.584341 1 8 1.000000
Soldiers_Siege_red_1.tga
 23 43.249599 -15.574599 130.807465 0.602081 -0.732652 0.317365 0.601563 0.584341 1 8 1.000000
 23 24.664330 -16.373892 164.220856 0.677063 -0.690626 0.254208 0.542969 0.681997 1 8 1.000000
 23 26.356960 -27.054550 130.807449 0.539419 -0.793750 0.281049 0.531250 0.588247 1 8 1.000000
Soldiers_Siege_red_1.tga
 23 -34.937641 1.108616 160.934937 -0.630691 -0.725819 0.274618 0.613281 0.674185 1 9 1.000000
 23 -34.934036 -10.804960 131.355560 -0.566670 -0.787604 0.242004 0.601563 0.584341 1 9 1.000000
 23 -15.425723 -14.742552 164.220840 -0.614354 -0.743618 0.263821 0.542969 0.681997 1 9 1.000000
Soldiers_Siege_red_1.tga
 23 -15.425723 -14.742552 164.220840 -0.614354 -0.743618 0.263821 0.542969 0.681997 1 9 1.000000
 23 -34.934036 -10.804960 131.355560 -0.566670 -0.787604 0.242004 0.601563 0.584341 1 9 1.000000
 23 -17.113132 -22.137671 130.807465 -0.520103 -0.828006 0.209522 0.531250 0.588247 1 9 1.000000
Soldiers_Siege_red_1.tga
 23 36.129696 3.131838 185.035141 0.890276 -0.454381 -0.030778 0.625000 0.744497 1 8 1.000000
 23 21.698200 -14.117229 185.035156 0.752226 -0.657893 -0.036521 0.554688 0.751333 1 8 1.000000
 23 43.244465 1.542592 159.838776 0.708719 -0.640719 0.295291 0.613281 0.674185 1 8 1.000000
Soldiers_Siege_red_1.tga
 23 43.244465 1.542592 159.838776 0.708719 -0.640719 0.295291 0.613281 0.674185 1 8 1.000000
 23 21.698200 -14.117229 185.035156 0.752226 -0.657893 -0.036521 0.554688 0.751333 1 8 1.000000
 23 24.664330 -16.373892 164.220856 0.677063 -0.690626 0.254208 0.542969 0.681997 1 8 1.000000
Soldiers_Siege_red_1.tga
 23 -53.521828 61.450096 62.065735 -0.834510 0.465538 0.294731 0.671875 0.402700 1 10 1.000000
 23 -31.259254 55.431435 134.607269 -0.769019 0.562732 0.303219 0.734375 0.598013 2 6 0.500000 10 0.500000
 23 -32.620415 94.869614 63.708961 -0.611091 0.705314 0.359307 0.761719 0.402700 1 10 1.000000
Soldiers_Siege_red_1.tga
 23 33.966637 -12.881166 208.040970 0.864072 -0.492458 -0.104234 0.507813 0.801138 1 6 1.000000
 23 37.801270 -12.616209 233.237350 0.887418 -0.420263 0.189389 0.507813 0.864614 1 6 1.000000
 23 15.965558 -34.188675 212.423050 0.391024 -0.919010 0.050201 0.445313 0.806997 1 6 1.000000
Soldiers_Siege_red_1.tga
 23 20.548534 52.434254 186.130463 0.386799 0.871115 0.302565 0.835938 0.744497 1 6 1.000000
 23 45.049236 20.454651 209.136246 0.987291 0.143659 0.067956 0.699219 0.814810 1 6 1.000000
 23 43.152756 28.670889 186.130905 0.959588 0.257598 0.113291 0.710938 0.744497 1 6 1.000000
Soldiers_Siege_red_1.tga
 23 -18.893875 -4.509308 198.729553 -0.925697 -0.230164 -0.300183 0.060059 0.813833 1 6 1.000000
 23 -15.196136 -5.774935 191.608749 -0.735850 -0.124793 -0.665546 0.058350 0.776724 1 6 1.000000
 23 -15.056546 -14.538880 198.181458 -0.746230 -0.649437 0.146194 0.109863 0.844107 1 6 1.000000
Soldiers_Siege_red_1.tga
 23 3.852216 -22.612690 239.810959 0.000455 -0.989795 0.142498 0.166016 0.981314 1 6 1.000000
 23 -16.974445 -12.211571 238.714752 -0.767477 -0.615798 0.178247 0.051514 0.977896 1 6 1.000000
 23 -17.657726 -16.593674 220.091064 -0.685650 -0.727862 -0.010019 0.084961 0.930532 1 6 1.000000
Soldiers_Siege_red_1.tga
 23 -23.827496 8.660931 239.810959 -0.978239 -0.201951 0.047574 0.044678 0.982778 1 6 1.000000
 23 -21.905907 -6.324672 215.709869 -0.963209 -0.258662 -0.072959 0.053955 0.875845 1 6 1.000000
 23 -16.974445 -12.211571 238.714752 -0.767477 -0.615798 0.178247 0.051514 0.977896 1 6 1.000000
Soldiers_Siege_red_1.tga
 23 -7.367577 -0.158159 187.226654 -0.416155 0.065865 -0.906905 0.055908 0.747427 1 6 1.000000
 23 -11.024277 10.667336 190.512527 -0.543391 0.138191 -0.828027 0.046387 0.762075 1 6 1.000000
 23 -0.432833 3.712471 185.035156 -0.673533 0.073866 -0.735457 0.045654 0.746450 1 6 1.000000
Soldiers_Siege_red_1.tga
 23 -15.056546 -14.538880 198.181458 -0.746230 -0.649437 0.146194 0.109863 0.844107 1 6 1.000000
 23 3.851997 -21.927969 189.417267 0.000129 -0.831366 -0.555725 0.166992 0.807974 1 6 1.000000
 23 3.853103 -25.625263 198.181458 0.000462 -0.970438 0.241350 0.166016 0.848989 1 6 1.000000
Soldiers_Siege_red_1.tga
 23 -7.367577 -0.158159 187.226654 -0.416155 0.065865 -0.906905 0.055908 0.747427 1 6 1.000000
 23 -0.432833 3.712471 185.035156 -0.673533 0.073866 -0.735457 0.045654 0.746450 1 6 1.000000
 23 3.876576 -1.318735 183.939865 -0.000268 -0.415291 -0.909689 0.166016 0.713247 1 4 1.000000
Soldiers_Siege_red_1.tga
 23 3.853103 -25.625263 198.181458 0.000462 -0.970438 0.241350 0.166016 0.848989 1 6 1.000000
 23 3.852131 -22.338821 200.372055 0.000466 -0.872632 0.488379 0.166016 0.862661 1 6 1.000000
 23 -14.646054 -13.443310 199.276764 -0.704027 -0.640167 0.307462 0.094238 0.852896 1 6 1.000000
Soldiers_Siege_red_1.tga
 23 -14.646054 -13.443310 199.276764 -0.704027 -0.640167 0.307462 0.094238 0.852896 1 6 1.000000
 23 3.852564 -23.845062 220.091034 0.000427 -0.999296 -0.037506 0.166016 0.935171 1 6 1.000000
 23 -17.657726 -16.593674 220.091064 -0.685650 -0.727862 -0.010019 0.084961 0.930532 1 6 1.000000
Soldiers_Siege_red_1.tga
 23 -15.196136 -5.774935 191.608749 -0.735850 -0.124793 -0.665546 0.058350 0.776724 1 6 1.000000
 23 -7.367577 -0.158159 187.226654 -0.416155 0.065865 -0.906905 0.055908 0.747427 1 6 1.000000
 23 -3.252037 -14.261591 185.035141 -0.354793 -0.362289 -0.861899 0.138672 0.775747 1 6 1.000000
Soldiers_Siege_red_1.tga
 23 -14.646054 -13.443310 199.276764 -0.704027 -0.640167 0.307462 0.094238 0.852896 1 6 1.000000
 23 -17.657726 -16.593674 220.091064 -0.685650 -0.727862 -0.010019 0.084961 0.930532 1 6 1.000000
 23 -21.905907 -6.324672 215.709869 -0.963209 -0.258662 -0.072959 0.053955 0.875845 1 6 1.000000
Soldiers_Siege_red_1.tga
 23 -10.743116 -13.989970 190.512558 -0.612404 -0.541784 -0.575701 0.094238 0.808950 1 6 1.000000
 23 -3.252037 -14.261591 185.035141 -0.354793 -0.362289 -0.861899 0.138672 0.775747 1 6 1.000000
 23 3.851997 -21.927969 189.417267 0.000129 -0.831366 -0.555725 0.166992 0.807974 1 6 1.000000
Soldiers_Siege_red_1.tga
 23 3.876576 -1.318735 183.939865 -0.000268 -0.415291 -0.909689 0.166016 0.713247 1 4 1.000000
 23 -0.432833 3.712471 185.035156 -0.673533 0.073866 -0.735457 0.045654 0.746450 1 6 1.000000
 23 -0.432842 3.780917 176.271866 -0.993609 -0.112720 -0.005899 0.045654 0.685903 1 4 1.000000
Soldiers_Siege_red_1.tga
 23 -0.432842 3.780917 176.271866 -0.993609 -0.112720 -0.005899 0.045654 0.685903 1 4 1.000000
 23 -0.432833 3.712471 185.035156 -0.673533 0.073866 -0.735457 0.045654 0.746450 1 6 1.000000
 23 3.873207 10.008511 185.035141 -0.000321 0.755999 -0.654573 0.014648 0.751333 1 6 1.000000
Soldiers_Siege_red_1.tga
 23 -18.893875 -4.509308 198.729553 -0.925697 -0.230164 -0.300183 0.059815 0.827505 1 6 1.000000
 23 -14.646054 -13.443310 199.276764 -0.704027 -0.640167 0.307462 0.094238 0.852896 1 6 1.000000
 23 -21.905907 -6.324672 215.709869 -0.963209 -0.258662 -0.072959 0.053955 0.875845 1 6 1.000000
Soldiers_Siege_red_1.tga
 23 -21.226589 11.716997 200.372040 -0.923875 -0.009471 -0.382577 0.048096 0.825552 1 6 1.000000
 23 -18.893875 -4.509308 198.729553 -0.925697 -0.230164 -0.300183 0.059815 0.827505 1 6 1.000000
 23 -21.905907 -6.324672 215.709869 -0.963209 -0.258662 -0.072959 0.053955 0.875845 1 6 1.000000
Soldiers_Siege_red_1.tga
 23 -23.827496 8.660931 239.810959 -0.978239 -0.201951 0.047574 0.044678 0.982778 1 6 1.000000
 23 -21.226589 11.716997 200.372040 -0.923875 -0.009471 -0.382577 0.048096 0.825552 1 6 1.000000
 23 -21.905907 -6.324672 215.709869 -0.963209 -0.258662 -0.072959 0.053955 0.875845 1 6 1.000000
Soldiers_Siege_red_1.tga
 23 -21.905907 -6.324672 215.709869 -0.963209 -0.258662 -0.072959 0.053955 0.875845 1 6 1.000000
 23 -17.657726 -16.593674 220.091064 -0.685650 -0.727862 -0.010019 0.084961 0.930532 1 6 1.000000
 23 -16.974445 -12.211571 238.714752 -0.767477 -0.615798 0.178247 0.051514 0.977896 1 6 1.000000
Soldiers_Siege_red_1.tga
 23 -15.196136 -5.774935 191.608749 -0.735850 -0.124793 -0.665546 0.058350 0.776724 1 6 1.000000
 23 -10.743116 -13.989970 190.512558 -0.612404 -0.541784 -0.575701 0.094238 0.808950 1 6 1.000000
 23 -15.056546 -14.538880 198.181458 -0.746230 -0.649437 0.146194 0.109863 0.844107 1 6 1.000000
Soldiers_Siege_red_1.tga
 23 -18.893875 -4.509308 198.729553 -0.925697 -0.230164 -0.300183 0.060059 0.813833 1 6 1.000000
 23 -15.056546 -14.538880 198.181458 -0.746230 -0.649437 0.146194 0.109863 0.844107 1 6 1.000000
 23 -14.646054 -13.443310 199.276764 -0.704027 -0.640167 0.307462 0.094238 0.852896 1 6 1.000000
Soldiers_Siege_red_1.tga
 23 -15.196136 -5.774935 191.608749 -0.735850 -0.124793 -0.665546 0.058350 0.776724 1 6 1.000000
 23 -3.252037 -14.261591 185.035141 -0.354793 -0.362289 -0.861899 0.138672 0.775747 1 6 1.000000
 23 -10.743116 -13.989970 190.512558 -0.612404 -0.541784 -0.575701 0.094238 0.808950 1 6 1.000000
Soldiers_Siege_red_1.tga
 23 -7.367577 -0.158159 187.226654 -0.416155 0.065865 -0.906905 0.055908 0.747427 1 6 1.000000
 23 -15.196136 -5.774935 191.608749 -0.735850 -0.124793 -0.665546 0.058350 0.776724 1 6 1.000000
 23 -11.024277 10.667336 190.512527 -0.543391 0.138191 -0.828027 0.046387 0.762075 1 6 1.000000
Soldiers_Siege_red_1.tga
 23 -15.196136 -5.774935 191.608749 -0.735850 -0.124793 -0.665546 0.058350 0.776724 1 6 1.000000
 23 -18.893875 -4.509308 198.729553 -0.925697 -0.230164 -0.300183 0.060059 0.813833 1 6 1.000000
 23 -21.226589 11.716997 200.372040 -0.923875 -0.009471 -0.382577 0.048096 0.825552 1 6 1.000000
Soldiers_Siege_red_1.tga
 23 -11.024277 10.667336 190.512527 -0.543391 0.138191 -0.828027 0.046387 0.762075 1 6 1.000000
 23 -15.196136 -5.774935 191.608749 -0.735850 -0.124793 -0.665546 0.058350 0.776724 1 6 1.000000
 23 -21.226589 11.716997 200.372040 -0.923875 -0.009471 -0.382577 0.048096 0.825552 1 6 1.000000
Soldiers_Siege_red_1.tga
 23 3.873292 9.734497 176.271851 -0.001122 0.999511 -0.031253 0.014648 0.691763 1 4 1.000000
 23 -0.432842 3.780917 176.271866 -0.993609 -0.112720 -0.005899 0.045654 0.685903 1 4 1.000000
 23 3.873207 10.008511 185.035141 -0.000321 0.755999 -0.654573 0.014648 0.751333 1 6 1.000000
Soldiers_Siege_red_1.tga
 23 3.852564 -23.845062 220.091034 0.000427 -0.999296 -0.037506 0.166016 0.935171 1 6 1.000000
 23 3.852216 -22.612690 239.810959 0.000455 -0.989795 0.142498 0.166016 0.981314 1 6 1.000000
 23 -17.657726 -16.593674 220.091064 -0.685650 -0.727862 -0.010019 0.084961 0.930532 1 6 1.000000
Soldiers_Siege_red_1.tga
 23 3.876576 -1.318735 183.939865 -0.000268 -0.415291 -0.909689 0.166016 0.713247 1 4 1.000000
 23 3.880294 -13.848581 183.939865 0.000034 -0.276397 -0.961044 0.166016 0.770864 1 4 1.000000
 23 -3.252037 -14.261591 185.035141 -0.354793 -0.362289 -0.861899 0.138672 0.775747 1 6 1.000000
Soldiers_Siege_red_1.tga
 23 -7.367577 -0.158159 187.226654 -0.416155 0.065865 -0.906905 0.055908 0.747427 1 6 1.000000
 23 3.876576 -1.318735 183.939865 -0.000268 -0.415291 -0.909689 0.166016 0.713247 1 4 1.000000
 23 -3.252037 -14.261591 185.035141 -0.354793 -0.362289 -0.861899 0.138672 0.775747 1 6 1.000000
Soldiers_Siege_red_1.tga
 23 3.876576 -1.318736 174.080353 -0.000347 -1.000000 0.000000 0.166016 0.674185 1 4 1.000000
 23 3.876576 -1.318735 183.939865 -0.000268 -0.415291 -0.909689 0.166016 0.713247 1 4 1.000000
 23 -0.432842 3.780917 176.271866 -0.993609 -0.112720 -0.005899 0.045654 0.685903 1 4 1.000000
Soldiers_Siege_red_1.tga
 23 -14.646054 -13.443310 199.276764 -0.704027 -0.640167 0.307462 0.094238 0.852896 1 6 1.000000
 23 3.852131 -22.338821 200.372055 0.000466 -0.872632 0.488379 0.166016 0.862661 1 6 1.000000
 23 3.852564 -23.845062 220.091034 0.000427 -0.999296 -0.037506 0.166016 0.935171 1 6 1.000000
Soldiers_Siege_red_1.tga
 23 -15.056546 -14.538880 198.181458 -0.746230 -0.649437 0.146194 0.109863 0.844107 1 6 1.000000
 23 3.853103 -25.625263 198.181458 0.000462 -0.970438 0.241350 0.166016 0.848989 1 6 1.000000
 23 -14.646054 -13.443310 199.276764 -0.704027 -0.640167 0.307462 0.094238 0.852896 1 6 1.000000
Soldiers_Siege_red_1.tga
 23 -15.056546 -14.538880 198.181458 -0.746230 -0.649437 0.146194 0.109863 0.844107 1 6 1.000000
 23 -10.743116 -13.989970 190.512558 -0.612404 -0.541784 -0.575701 0.094238 0.808950 1 6 1.000000
 23 3.851997 -21.927969 189.417267 0.000129 -0.831366 -0.555725 0.166992 0.807974 1 6 1.000000
Soldiers_Siege_red_1.tga
 23 -3.252037 -14.261591 185.035141 -0.354793 -0.362289 -0.861899 0.138672 0.775747 1 6 1.000000
 23 3.880294 -13.848581 183.939865 0.000034 -0.276397 -0.961044 0.166016 0.770864 1 4 1.000000
 23 3.851997 -21.927969 189.417267 0.000129 -0.831366 -0.555725 0.166992 0.807974 1 6 1.000000
Soldiers_Siege_red_1.tga
 23 26.569538 -4.495833 198.729568 0.925834 -0.229615 -0.300182 0.271484 0.813833 1 6 1.000000
 23 22.738239 -14.527719 198.181458 0.746748 -0.648845 0.146179 0.222656 0.844107 1 6 1.000000
 23 22.872608 -5.763636 191.608749 0.737003 -0.124386 -0.664345 0.273438 0.776724 1 6 1.000000
Soldiers_Siege_red_1.tga
 23 3.852216 -22.612690 239.810959 0.000455 -0.989795 0.142498 0.166016 0.981314 1 6 1.000000
 23 25.340679 -16.580980 220.091049 0.686177 -0.727365 -0.010039 0.247070 0.930532 1 6 1.000000
 23 24.654697 -12.199239 238.714737 0.767945 -0.615220 0.178226 0.281250 0.977896 1 6 1.000000
Soldiers_Siege_red_1.tga
 23 31.495331 8.677322 239.810974 0.978359 -0.201369 0.047577 0.296875 0.982778 1 6 1.000000
 23 24.654697 -12.199239 238.714737 0.767945 -0.615220 0.178226 0.281250 0.977896 1 6 1.000000
 23 29.582737 -6.309415 215.709854 0.963363 -0.258088 -0.072958 0.277344 0.875845 1 6 1.000000
Soldiers_Siege_red_1.tga
 23 15.103446 -0.151489 187.226654 0.418480 0.066624 -0.905779 0.271484 0.747427 1 6 1.000000
 23 8.197737 3.715026 185.035141 0.673851 0.074579 -0.735094 0.281250 0.746450 1 6 1.000000
 23 18.691025 10.676149 190.512543 0.544382 0.139402 -0.827173 0.283203 0.762075 1 6 1.000000
Soldiers_Siege_red_1.tga
 23 22.738239 -14.527719 198.181458 0.746748 -0.648845 0.146179 0.222656 0.844107 1 6 1.000000
 23 3.853103 -25.625263 198.181458 0.000462 -0.970438 0.241350 0.166016 0.848989 1 6 1.000000
 23 3.851997 -21.927969 189.417267 0.000129 -0.831366 -0.555725 0.166992 0.807974 1 6 1.000000
Soldiers_Siege_red_1.tga
 23 15.103446 -0.151489 187.226654 0.418480 0.066624 -0.905779 0.271484 0.747427 1 6 1.000000
 23 3.876576 -1.318735 183.939865 -0.000268 -0.415291 -0.909689 0.166016 0.713247 1 4 1.000000
 23 8.197737 3.715026 185.035141 0.673851 0.074579 -0.735094 0.281250 0.746450 1 6 1.000000
Soldiers_Siege_red_1.tga
 23 3.853103 -25.625263 198.181458 0.000462 -0.970438 0.241350 0.166016 0.848989 1 6 1.000000
 23 22.327118 -13.432329 199.276749 0.704530 -0.639627 0.307432 0.238281 0.852896 1 6 1.000000
 23 3.852131 -22.338821 200.372055 0.000466 -0.872632 0.488379 0.166016 0.862661 1 6 1.000000
Soldiers_Siege_red_1.tga
 23 22.327118 -13.432329 199.276749 0.704530 -0.639627 0.307432 0.238281 0.852896 1 6 1.000000
 23 25.340679 -16.580980 220.091049 0.686177 -0.727365 -0.010039 0.247070 0.930532 1 6 1.000000
 23 3.852564 -23.845062 220.091034 0.000427 -0.999296 -0.037506 0.166016 0.935171 1 6 1.000000
Soldiers_Siege_red_1.tga
 23 22.872608 -5.763636 191.608749 0.737003 -0.124386 -0.664345 0.273438 0.776724 1 6 1.000000
 23 11.027598 -14.257269 185.035156 0.357171 -0.363737 -0.860305 0.193359 0.775747 1 6 1.000000
 23 15.103446 -0.151489 187.226654 0.418480 0.066624 -0.905779 0.271484 0.747427 1 6 1.000000
Soldiers_Siege_red_1.tga
 23 22.327118 -13.432329 199.276749 0.704530 -0.639627 0.307432 0.238281 0.852896 1 6 1.000000
 23 29.582737 -6.309415 215.709854 0.963363 -0.258088 -0.072958 0.277344 0.875845 1 6 1.000000
 23 25.340679 -16.580980 220.091049 0.686177 -0.727365 -0.010039 0.247070 0.930532 1 6 1.000000
Soldiers_Siege_red_1.tga
 23 18.424446 -13.981331 190.512543 0.614117 -0.542528 -0.573170 0.238281 0.809927 1 6 1.000000
 23 3.851997 -21.927969 189.417267 0.000129 -0.831366 -0.555725 0.166992 0.807974 1 6 1.000000
 23 11.027598 -14.257269 185.035156 0.357171 -0.363737 -0.860305 0.193359 0.775747 1 6 1.000000
Soldiers_Siege_red_1.tga
 23 3.876576 -1.318735 183.939865 -0.000268 -0.415291 -0.909689 0.166016 0.713247 1 4 1.000000
 23 8.197718 3.783473 176.271851 0.993654 -0.112321 -0.005916 0.281250 0.685903 1 4 1.000000
 23 8.197737 3.715026 185.035141 0.673851 0.074579 -0.735094 0.281250 0.746450 1 6 1.000000
Soldiers_Siege_red_1.tga
 23 8.197718 3.783473 176.271851 0.993654 -0.112321 -0.005916 0.281250 0.685903 1 4 1.000000
 23 3.873207 10.008511 185.035141 -0.000321 0.755999 -0.654573 0.306641 0.751333 1 6 1.000000
 23 8.197737 3.715026 185.035141 0.673851 0.074579 -0.735094 0.281250 0.746450 1 6 1.000000
Soldiers_Siege_red_1.tga
 23 26.569538 -4.495833 198.729568 0.925834 -0.229615 -0.300182 0.271484 0.827505 1 6 1.000000
 23 29.582737 -6.309415 215.709854 0.963363 -0.258088 -0.072958 0.277344 0.875845 1 6 1.000000
 23 22.327118 -13.432329 199.276749 0.704530 -0.639627 0.307432 0.238281 0.852896 1 6 1.000000
Soldiers_Siege_red_1.tga
 23 28.892708 11.731850 200.372055 0.923881 -0.008924 -0.382577 0.283203 0.825552 1 6 1.000000
 23 29.582737 -6.309415 215.709854 0.963363 -0.258088 -0.072958 0.277344 0.875845 1 6 1.000000
 23 26.569538 -4.495833 198.729568 0.925834 -0.229615 -0.300182 0.271484 0.827505 1 6 1.000000
Soldiers_Siege_red_1.tga
 23 31.495331 8.677322 239.810974 0.978359 -0.201369 0.047577 0.296875 0.982778 1 6 1.000000
 23 29.582737 -6.309415 215.709854 0.963363 -0.258088 -0.072958 0.277344 0.875845 1 6 1.000000
 23 28.892708 11.731850 200.372055 0.923881 -0.008924 -0.382577 0.283203 0.825552 1 6 1.000000
Soldiers_Siege_red_1.tga
 23 29.582737 -6.309415 215.709854 0.963363 -0.258088 -0.072958 0.277344 0.875845 1 6 1.000000
 23 24.654697 -12.199239 238.714737 0.767945 -0.615220 0.178226 0.281250 0.977896 1 6 1.000000
 23 25.340679 -16.580980 220.091049 0.686177 -0.727365 -0.010039 0.247070 0.930532 1 6 1.000000
Soldiers_Siege_red_1.tga
 23 22.872608 -5.763636 191.608749 0.737003 -0.124386 -0.664345 0.273438 0.776724 1 6 1.000000
 23 22.738239 -14.527719 198.181458 0.746748 -0.648845 0.146179 0.222656 0.844107 1 6 1.000000
 23 18.424446 -13.981331 190.512543 0.614117 -0.542528 -0.573170 0.238281 0.809927 1 6 1.000000
Soldiers_Siege_red_1.tga
 23 26.569538 -4.495833 198.729568 0.925834 -0.229615 -0.300182 0.271484 0.813833 1 6 1.000000
 23 22.327118 -13.432329 199.276749 0.704530 -0.639627 0.307432 0.238281 0.852896 1 6 1.000000
 23 22.738239 -14.527719 198.181458 0.746748 -0.648845 0.146179 0.222656 0.844107 1 6 1.000000
Soldiers_Siege_red_1.tga
 23 22.872608 -5.763636 191.608749 0.737003 -0.124386 -0.664345 0.273438 0.776724 1 6 1.000000
 23 18.424446 -13.981331 190.512543 0.614117 -0.542528 -0.573170 0.238281 0.809927 1 6 1.000000
 23 11.027598 -14.257269 185.035156 0.357171 -0.363737 -0.860305 0.193359 0.775747 1 6 1.000000
Soldiers_Siege_red_1.tga
 23 15.103446 -0.151489 187.226654 0.418480 0.066624 -0.905779 0.271484 0.747427 1 6 1.000000
 23 18.691025 10.676149 190.512543 0.544382 0.139402 -0.827173 0.283203 0.762075 1 6 1.000000
 23 22.872608 -5.763636 191.608749 0.737003 -0.124386 -0.664345 0.273438 0.776724 1 6 1.000000
Soldiers_Siege_red_1.tga
 23 22.872608 -5.763636 191.608749 0.737003 -0.124386 -0.664345 0.273438 0.776724 1 6 1.000000
 23 28.892708 11.731850 200.372055 0.923881 -0.008924 -0.382577 0.283203 0.825552 1 6 1.000000
 23 26.569538 -4.495833 198.729568 0.925834 -0.229615 -0.300182 0.271484 0.813833 1 6 1.000000
Soldiers_Siege_red_1.tga
 23 18.691025 10.676149 190.512543 0.544382 0.139402 -0.827173 0.283203 0.762075 1 6 1.000000
 23 28.892708 11.731850 200.372055 0.923881 -0.008924 -0.382577 0.283203 0.825552 1 6 1.000000
 23 22.872608 -5.763636 191.608749 0.737003 -0.124386 -0.664345 0.273438 0.776724 1 6 1.000000
Soldiers_Siege_red_1.tga
 23 3.873292 9.734497 176.271851 -0.001122 0.999511 -0.031253 0.306641 0.691763 1 4 1.000000
 23 3.873207 10.008511 185.035141 -0.000321 0.755999 -0.654573 0.306641 0.751333 1 6 1.000000
 23 8.197718 3.783473 176.271851 0.993654 -0.112321 -0.005916 0.281250 0.685903 1 4 1.000000
Soldiers_Siege_red_1.tga
 23 3.852564 -23.845062 220.091034 0.000427 -0.999296 -0.037506 0.166016 0.935171 1 6 1.000000
 23 25.340679 -16.580980 220.091049 0.686177 -0.727365 -0.010039 0.247070 0.930532 1 6 1.000000
 23 3.852216 -22.612690 239.810959 0.000455 -0.989795 0.142498 0.166016 0.981314 1 6 1.000000
Soldiers_Siege_red_1.tga
 23 3.876576 -1.318735 183.939865 -0.000268 -0.415291 -0.909689 0.166016 0.713247 1 4 1.000000
 23 11.027598 -14.257269 185.035156 0.357171 -0.363737 -0.860305 0.193359 0.775747 1 6 1.000000
 23 3.880294 -13.848581 183.939865 0.000034 -0.276397 -0.961044 0.166016 0.770864 1 4 1.000000
Soldiers_Siege_red_1.tga
 23 15.103446 -0.151489 187.226654 0.418480 0.066624 -0.905779 0.271484 0.747427 1 6 1.000000
 23 11.027598 -14.257269 185.035156 0.357171 -0.363737 -0.860305 0.193359 0.775747 1 6 1.000000
 23 3.876576 -1.318735 183.939865 -0.000268 -0.415291 -0.909689 0.166016 0.713247 1 4 1.000000
Soldiers_Siege_red_1.tga
 23 3.876576 -1.318736 174.080353 -0.000347 -1.000000 0.000000 0.166016 0.674185 1 4 1.000000
 23 8.197718 3.783473 176.271851 0.993654 -0.112321 -0.005916 0.281250 0.685903 1 4 1.000000
 23 3.876576 -1.318735 183.939865 -0.000268 -0.415291 -0.909689 0.166016 0.713247 1 4 1.000000
Soldiers_Siege_red_1.tga
 23 22.327118 -13.432329 199.276749 0.704530 -0.639627 0.307432 0.238281 0.852896 1 6 1.000000
 23 3.852564 -23.845062 220.091034 0.000427 -0.999296 -0.037506 0.166016 0.935171 1 6 1.000000
 23 3.852131 -22.338821 200.372055 0.000466 -0.872632 0.488379 0.166016 0.862661 1 6 1.000000
Soldiers_Siege_red_1.tga
 23 22.738239 -14.527719 198.181458 0.746748 -0.648845 0.146179 0.222656 0.844107 1 6 1.000000
 23 22.327118 -13.432329 199.276749 0.704530 -0.639627 0.307432 0.238281 0.852896 1 6 1.000000
 23 3.853103 -25.625263 198.181458 0.000462 -0.970438 0.241350 0.166016 0.848989 1 6 1.000000
Soldiers_Siege_red_1.tga
 23 22.738239 -14.527719 198.181458 0.746748 -0.648845 0.146179 0.222656 0.844107 1 6 1.000000
 23 3.851997 -21.927969 189.417267 0.000129 -0.831366 -0.555725 0.166992 0.807974 1 6 1.000000
 23 18.424446 -13.981331 190.512543 0.614117 -0.542528 -0.573170 0.238281 0.809927 1 6 1.000000
Soldiers_Siege_red_1.tga
 23 11.027598 -14.257269 185.035156 0.357171 -0.363737 -0.860305 0.193359 0.775747 1 6 1.000000
 23 3.851997 -21.927969 189.417267 0.000129 -0.831366 -0.555725 0.166992 0.807974 1 6 1.000000
 23 3.880294 -13.848581 183.939865 0.000034 -0.276397 -0.961044 0.166016 0.770864 1 4 1.000000
Soldiers_Siege_red_1.tga
 23 3.873207 10.008511 185.035141 -0.000321 0.755999 -0.654573 0.306641 0.751333 1 6 1.000000
 23 18.691025 10.676149 190.512543 0.544382 0.139402 -0.827173 0.283203 0.762075 1 6 1.000000
 23 8.197737 3.715026 185.035141 0.673851 0.074579 -0.735094 0.281250 0.746450 1 6 1.000000
Soldiers_Siege_red_1.tga
 23 -11.024277 10.667336 190.512527 -0.543391 0.138191 -0.828027 0.046387 0.762075 1 6 1.000000
 23 3.873207 10.008511 185.035141 -0.000321 0.755999 -0.654573 0.014648 0.751333 1 6 1.000000
 23 -0.432833 3.712471 185.035156 -0.673533 0.073866 -0.735457 0.045654 0.746450 1 6 1.000000
end
