version 1
nodes
  0 "bone34"  -1
  1 "bone31"  -1
  2 "bone17"  -1
  3 "bone16"   2
  4 "bone12"   3
  5 "bone13"   4
  6 "bone15"   5
  7 "bone19"   6
  8 "bone05"   3
  9 "bone18"   8
 10 "bone14"   9
 11 "bone20"  10
 12 "bone02"   2
 13 "bone01"  12
 14 "bone03"  13
 15 "bone10"  14
 16 "bone08"  15
 17 "bone22"  16
 18 "bone23"  16
 19 "bone25"  15
 20 "bone09"  12
 21 "bone04"  20
 22 "bone07"  21
 23 "bone26"  22
 24 "bone06"  12
 25 "bone27"  24
 26 "bone28"  12
end
skeleton
time 0
  0 -5.113562 -3.392895 0.796835 0.000000 -0.000000 0.000000
  1 -7.310884 -0.101110 174.348495 0.000000 -0.000000 0.000000
  2 -5.113562 -3.392895 83.142029 0.000000 -0.000000 0.000000
  3 0.325039 1.113430 -5.098999 0.000000 -0.000000 0.000000
  4 6.206746 -0.124160 -11.733643 0.000000 -0.000000 0.000000
  5 2.376919 1.428908 -19.463913 0.000000 -0.000000 0.000000
  6 1.646507 1.612119 -34.692955 0.000000 -0.000000 0.000000
  7 0.219322 -4.030297 -4.600570 0.000000 -0.000000 0.000000
  8 -6.833118 -0.124160 -11.733643 0.000000 -0.000000 0.000000
  9 -2.998629 1.160222 -19.583824 0.000000 -0.000000 0.000000
 10 -1.356794 1.880806 -34.573051 0.000000 -0.000000 0.000000
 11 -0.258570 -4.030297 -4.908826 0.000000 -0.000000 0.000000
 12 0.325039 1.113430 2.453049 0.000000 -0.000000 0.000000
 13 7.054490 1.815096 15.713699 0.000000 -0.000000 0.000000
 14 12.909767 -0.165815 -12.867264 0.000000 -0.000000 0.000000
 15 11.504262 -9.735168 -11.778580 0.000000 -0.000000 0.000000
 16 3.208382 -2.624762 -3.836349 0.000000 -0.000000 0.000000
 17 1.952637 -90.186768 -0.924713 0.000000 -0.000000 0.000000
 18 -35.001938 9.597218 -70.247452 0.000000 -0.000000 0.000000
 19 3.759453 -1.898643 -3.541321 0.000000 -0.000000 0.000000
 20 -7.698013 1.934285 15.877945 0.000000 -0.000000 0.000000
 21 -12.721180 -0.083345 -12.838242 0.000000 -0.000000 0.000000
 22 -9.167505 -10.101494 -11.648895 0.000000 -0.000000 0.000000
 23 -3.642086 -2.032095 -4.543640 0.000000 -0.000000 0.000000
 24 -0.409780 2.428935 22.341385 0.000000 -0.000000 0.000000
 25 -0.380095 -2.887195 20.845367 0.000000 -0.000000 0.000000
 26 -0.040494 -0.674471 8.862854 0.000000 -0.000000 0.000000
end
triangles
Soldiers_far_green.tga
  0 -5.071872 -9.271675 86.485130 -0.000097 -0.993495 -0.113872 0.198328 0.089686 1 12 1.000000
  0 3.205624 -4.833629 86.994133 0.848613 -0.519976 -0.097367 0.244121 0.093424 1 12 1.000000
  0 2.664728 -3.831128 96.666130 0.373249 -0.913010 -0.164618 0.240383 0.145760 2 12 0.500000 13 0.500000
Soldiers_far_green.tga
  0 -5.071872 7.335719 97.684135 -0.000038 0.994377 0.105894 0.740872 0.153814 1 12 1.000000
  0 1.742078 2.722719 104.302132 0.237463 0.603904 0.760862 0.701809 0.188970 2 12 0.500000 13 0.500000
  0 2.664728 3.995225 97.175133 0.289800 0.952007 -0.098477 0.697903 0.149908 2 12 0.500000 13 0.500000
Soldiers_far_green.tga
  0 -1.487173 -0.789079 106.338135 0.342823 -0.107078 0.933278 0.219823 0.209310 1 12 1.000000
  0 1.742078 2.722719 104.302132 0.237463 0.603904 0.760862 0.238514 0.228001 2 12 0.500000 13 0.500000
  0 -5.071872 5.713274 105.829132 0.000496 0.849956 0.526854 0.203000 0.228001 1 12 1.000000
Soldiers_far_green.tga
  0 -5.071872 5.713274 105.829132 0.000496 0.849956 0.526854 0.740872 0.200689 1 12 1.000000
  0 1.742078 2.722719 104.302132 0.237463 0.603904 0.760862 0.701809 0.188970 2 12 0.500000 13 0.500000
  0 -5.071872 7.335719 97.684135 -0.000038 0.994377 0.105894 0.740872 0.153814 1 12 1.000000
Soldiers_far_green.tga
  0 1.742078 2.722719 104.302132 0.237463 0.603904 0.760862 0.238514 0.228001 2 12 0.500000 13 0.500000
  0 -1.487173 -0.789079 106.338135 0.342823 -0.107078 0.933278 0.219823 0.209310 1 12 1.000000
  0 1.742078 -3.561078 104.302132 0.199057 -0.671090 0.714153 0.236645 0.190618 2 12 0.500000 13 0.500000
Soldiers_far_green.tga
  0 -5.071872 -7.362877 97.175133 0.000505 -0.980450 0.196768 0.198328 0.149498 1 12 1.000000
  0 1.742078 -3.561078 104.302132 0.199057 -0.671090 0.714153 0.236645 0.190618 2 12 0.500000 13 0.500000
  0 -5.071872 -4.547278 104.811134 0.000197 -0.835782 0.549062 0.198328 0.190618 1 12 1.000000
Soldiers_far_green.tga
  0 -5.071872 -4.547278 104.811134 0.000197 -0.835782 0.549062 0.198328 0.190618 1 12 1.000000
  0 1.742078 -3.561078 104.302132 0.199057 -0.671090 0.714153 0.236645 0.190618 2 12 0.500000 13 0.500000
  0 -1.487173 -0.789079 106.338135 0.342823 -0.107078 0.933278 0.219823 0.209310 1 12 1.000000
Soldiers_far_green.tga
  0 3.205624 3.740919 86.994133 0.840105 0.529441 -0.117966 0.693997 0.091314 1 12 1.000000
  0 2.092078 3.231819 82.922134 0.800792 0.541659 0.255611 0.697903 0.067877 1 2 1.000000
  0 -5.071872 7.272120 85.976135 -0.000241 0.984711 -0.174198 0.740872 0.087408 1 12 1.000000
Soldiers_far_green.tga
  0 -5.071872 7.272120 85.976135 -0.000241 0.984711 -0.174198 0.740872 0.087408 1 12 1.000000
  0 2.092078 3.231819 82.922134 0.800792 0.541659 0.255611 0.697903 0.067877 1 2 1.000000
  0 -5.071872 5.872469 82.412636 -0.000264 0.985866 0.167535 0.740872 0.063970 1 2 1.000000
Soldiers_far_green.tga
  0 2.092078 3.231819 82.922134 0.800792 0.541659 0.255611 0.455447 0.066739 1 2 1.000000
  0 3.205624 3.740919 86.994133 0.840105 0.529441 -0.117966 0.451541 0.090176 1 12 1.000000
  0 2.092078 -4.085927 82.922134 0.838600 -0.495076 0.227265 0.496463 0.066739 1 2 1.000000
Soldiers_far_green.tga
  0 2.092078 -4.085927 82.922134 0.838600 -0.495076 0.227265 0.496463 0.066739 1 2 1.000000
  0 3.205624 3.740919 86.994133 0.840105 0.529441 -0.117966 0.451541 0.090176 1 12 1.000000
  0 3.205624 -4.833629 86.994133 0.848613 -0.519976 -0.097367 0.500369 0.090176 1 12 1.000000
Soldiers_far_green.tga
  0 -5.071872 -7.522079 82.412636 -0.000332 -0.977895 0.209095 0.198328 0.067256 1 2 1.000000
  0 2.092078 -4.085927 82.922134 0.838600 -0.495076 0.227265 0.238514 0.070995 1 2 1.000000
  0 -5.071872 -9.271675 86.485130 -0.000097 -0.993495 -0.113872 0.198328 0.089686 1 12 1.000000
Soldiers_far_green.tga
  0 -5.071872 -9.271675 86.485130 -0.000097 -0.993495 -0.113872 0.198328 0.089686 1 12 1.000000
  0 2.092078 -4.085927 82.922134 0.838600 -0.495076 0.227265 0.238514 0.070995 1 2 1.000000
  0 3.205624 -4.833629 86.994133 0.848613 -0.519976 -0.097367 0.244121 0.093424 1 12 1.000000
Soldiers_far_green.tga
  0 3.205624 -4.833629 86.994133 0.848613 -0.519976 -0.097367 0.500369 0.090176 1 12 1.000000
  0 3.205624 3.740919 86.994133 0.840105 0.529441 -0.117966 0.451541 0.090176 1 12 1.000000
  0 2.664728 -3.831128 96.666130 0.373249 -0.913010 -0.164618 0.496463 0.144864 2 12 0.500000 13 0.500000
Soldiers_far_green.tga
  0 2.664728 -3.831128 96.666130 0.373249 -0.913010 -0.164618 0.496463 0.144864 2 12 0.500000 13 0.500000
  0 3.205624 3.740919 86.994133 0.840105 0.529441 -0.117966 0.451541 0.090176 1 12 1.000000
  0 2.664728 3.995225 97.175133 0.289800 0.952007 -0.098477 0.449588 0.148770 2 12 0.500000 13 0.500000
Soldiers_far_green.tga
  0 -5.071872 -9.271675 86.485130 -0.000097 -0.993495 -0.113872 0.198328 0.089686 1 12 1.000000
  0 2.664728 -3.831128 96.666130 0.373249 -0.913010 -0.164618 0.240383 0.145760 2 12 0.500000 13 0.500000
  0 -5.071872 -7.362877 97.175133 0.000505 -0.980450 0.196768 0.198328 0.149498 1 12 1.000000
Soldiers_far_green.tga
  0 -5.071872 -7.362877 97.175133 0.000505 -0.980450 0.196768 0.198328 0.149498 1 12 1.000000
  0 2.664728 -3.831128 96.666130 0.373249 -0.913010 -0.164618 0.240383 0.145760 2 12 0.500000 13 0.500000
  0 1.742078 -3.561078 104.302132 0.199057 -0.671090 0.714153 0.236645 0.190618 2 12 0.500000 13 0.500000
Soldiers_far_green.tga
  0 -5.071872 7.272120 85.976135 -0.000241 0.984711 -0.174198 0.740872 0.087408 1 12 1.000000
  0 -5.071872 7.335719 97.684135 -0.000038 0.994377 0.105894 0.740872 0.153814 1 12 1.000000
  0 3.205624 3.740919 86.994133 0.840105 0.529441 -0.117966 0.693997 0.091314 1 12 1.000000
Soldiers_far_green.tga
  0 1.742078 -3.561078 104.302132 0.199057 -0.671090 0.714153 0.236645 0.190618 2 12 0.500000 13 0.500000
  0 2.664728 -3.831128 96.666130 0.373249 -0.913010 -0.164618 0.240383 0.145760 2 12 0.500000 13 0.500000
  0 7.087123 -4.435877 103.793129 0.470222 -0.673545 0.570288 0.264681 0.186880 1 13 1.000000
Soldiers_far_green.tga
  0 2.664728 3.995225 97.175133 0.289800 0.952007 -0.098477 0.697903 0.149908 2 12 0.500000 13 0.500000
  0 1.742078 2.722719 104.302132 0.237463 0.603904 0.760862 0.701809 0.188970 2 12 0.500000 13 0.500000
  0 6.450778 3.677375 104.302132 0.397685 0.631374 0.665742 0.674465 0.188970 1 13 1.000000
Soldiers_far_green.tga
  0 1.742078 2.722719 104.302132 0.237463 0.603904 0.760862 0.238514 0.228001 2 12 0.500000 13 0.500000
  0 1.742078 -3.561078 104.302132 0.199057 -0.671090 0.714153 0.236645 0.190618 2 12 0.500000 13 0.500000
  0 6.450778 3.677375 104.302132 0.397685 0.631374 0.665742 0.266551 0.228001 1 13 1.000000
Soldiers_far_green.tga
  0 6.450778 3.677375 104.302132 0.397685 0.631374 0.665742 0.266551 0.228001 1 13 1.000000
  0 1.742078 -3.561078 104.302132 0.199057 -0.671090 0.714153 0.236645 0.190618 2 12 0.500000 13 0.500000
  0 7.087123 -4.435877 103.793129 0.470222 -0.673545 0.570288 0.264681 0.186880 1 13 1.000000
Soldiers_far_green.tga
  0 4.732779 3.136174 94.630135 -0.574732 0.571988 -0.585247 0.378177 0.136592 1 13 1.000000
  0 5.114529 -2.127278 94.121132 -0.545692 -0.487460 -0.681618 0.408939 0.136592 1 13 1.000000
  0 2.664728 3.995225 97.175133 0.289800 0.952007 -0.098477 0.373294 0.148311 2 12 0.500000 13 0.500000
Soldiers_far_green.tga
  0 7.087123 -4.435877 103.793129 0.470222 -0.673545 0.570288 0.264681 0.186880 1 13 1.000000
  0 2.664728 -3.831128 96.666130 0.373249 -0.913010 -0.164618 0.240383 0.145760 2 12 0.500000 13 0.500000
  0 7.341679 -3.799628 96.666130 0.277476 -0.957031 -0.084251 0.266551 0.149498 1 13 1.000000
Soldiers_far_green.tga
  0 6.450778 3.677375 104.302132 0.397685 0.631374 0.665742 0.266551 0.228001 1 13 1.000000
  0 7.087123 -4.435877 103.793129 0.470222 -0.673545 0.570288 0.264681 0.186880 1 13 1.000000
  0 9.441480 -0.148578 98.702629 0.904810 0.011887 0.425650 0.296457 0.209310 1 13 1.000000
Soldiers_far_green.tga
  0 5.114529 -2.127278 94.121132 -0.545692 -0.487460 -0.681618 0.255336 0.134545 1 13 1.000000
  0 7.341679 -3.799628 96.666130 0.277476 -0.957031 -0.084251 0.266551 0.149498 1 13 1.000000
  0 2.664728 -3.831128 96.666130 0.373249 -0.913010 -0.164618 0.240383 0.145760 2 12 0.500000 13 0.500000
Soldiers_far_green.tga
  0 2.664728 -3.831128 96.666130 0.373249 -0.913010 -0.164618 0.418704 0.148311 2 12 0.500000 13 0.500000
  0 2.664728 3.995225 97.175133 0.289800 0.952007 -0.098477 0.373294 0.148311 2 12 0.500000 13 0.500000
  0 5.114529 -2.127278 94.121132 -0.545692 -0.487460 -0.681618 0.408939 0.136592 1 13 1.000000
Soldiers_far_green.tga
  0 2.664728 3.995225 97.175133 0.289800 0.952007 -0.098477 0.697903 0.149908 2 12 0.500000 13 0.500000
  0 6.450778 3.677375 104.302132 0.397685 0.631374 0.665742 0.674465 0.188970 1 13 1.000000
  0 7.405278 3.868069 96.157135 0.269834 0.957351 0.103289 0.670559 0.146002 1 13 1.000000
Soldiers_far_green.tga
  0 12.241228 0.137723 85.467133 -0.734466 0.078518 -0.674088 0.290849 0.082209 2 13 0.500000 14 0.500000
  0 7.341679 -3.799628 96.666130 0.277476 -0.957031 -0.084251 0.266551 0.149498 1 13 1.000000
  0 5.114529 -2.127278 94.121132 -0.545692 -0.487460 -0.681618 0.255336 0.134545 1 13 1.000000
Soldiers_far_green.tga
  0 9.441480 -0.148578 98.702629 0.904810 0.011887 0.425650 0.281504 0.156974 1 13 1.000000
  0 7.341679 -3.799628 96.666130 0.277476 -0.957031 -0.084251 0.266551 0.149498 1 13 1.000000
  0 17.586279 0.057872 90.557632 0.706338 0.121485 0.697372 0.320755 0.108377 2 13 0.500000 14 0.500000
Soldiers_far_green.tga
  0 5.114529 -2.127278 94.121132 -0.545692 -0.487460 -0.681618 0.408939 0.136592 1 13 1.000000
  0 4.732779 3.136174 94.630135 -0.574732 0.571988 -0.585247 0.378177 0.136592 1 13 1.000000
  0 12.241228 0.137723 85.467133 -0.734466 0.078518 -0.674088 0.395755 0.097530 2 13 0.500000 14 0.500000
Soldiers_far_green.tga
  0 17.586279 0.057872 90.557632 0.706338 0.121485 0.697372 0.320755 0.108377 2 13 0.500000 14 0.500000
  0 7.341679 -3.799628 96.666130 0.277476 -0.957031 -0.084251 0.266551 0.149498 1 13 1.000000
  0 14.786274 -3.974578 88.521629 -0.188165 -0.947231 0.259513 0.305802 0.097162 2 13 0.500000 14 0.500000
Soldiers_far_green.tga
  0 7.087123 -4.435877 103.793129 0.470222 -0.673545 0.570288 0.264681 0.186880 1 13 1.000000
  0 7.341679 -3.799628 96.666130 0.277476 -0.957031 -0.084251 0.266551 0.149498 1 13 1.000000
  0 9.441480 -0.148578 98.702629 0.904810 0.011887 0.425650 0.281504 0.156974 1 13 1.000000
Soldiers_far_green.tga
  0 9.441480 -0.148578 98.702629 0.904810 0.011887 0.425650 0.651028 0.157720 1 13 1.000000
  0 7.405278 3.868069 96.157135 0.269834 0.957351 0.103289 0.670559 0.146002 1 13 1.000000
  0 6.450778 3.677375 104.302132 0.397685 0.631374 0.665742 0.674465 0.188970 1 13 1.000000
Soldiers_far_green.tga
  0 17.586279 0.057872 90.557632 0.706338 0.121485 0.697372 0.611965 0.106939 2 13 0.500000 14 0.500000
  0 7.405278 3.868069 96.157135 0.269834 0.957351 0.103289 0.670559 0.146002 1 13 1.000000
  0 9.441480 -0.148578 98.702629 0.904810 0.011887 0.425650 0.651028 0.157720 1 13 1.000000
Soldiers_far_green.tga
  0 15.422779 4.281569 87.503136 0.171030 0.976599 -0.130395 0.623684 0.095220 2 13 0.500000 14 0.500000
  0 7.405278 3.868069 96.157135 0.269834 0.957351 0.103289 0.670559 0.146002 1 13 1.000000
  0 17.586279 0.057872 90.557632 0.706338 0.121485 0.697372 0.611965 0.106939 2 13 0.500000 14 0.500000
Soldiers_far_green.tga
  0 7.405278 3.868069 96.157135 0.269834 0.957351 0.103289 0.670559 0.146002 1 13 1.000000
  0 4.732779 3.136174 94.630135 -0.574732 0.571988 -0.585247 0.682278 0.138189 1 13 1.000000
  0 2.664728 3.995225 97.175133 0.289800 0.952007 -0.098477 0.697903 0.149908 2 12 0.500000 13 0.500000
Soldiers_far_green.tga
  0 15.422779 4.281569 87.503136 0.171030 0.976599 -0.130395 0.623684 0.095220 2 13 0.500000 14 0.500000
  0 4.732779 3.136174 94.630135 -0.574732 0.571988 -0.585247 0.682278 0.138189 1 13 1.000000
  0 7.405278 3.868069 96.157135 0.269834 0.957351 0.103289 0.670559 0.146002 1 13 1.000000
Soldiers_far_green.tga
  0 12.241228 0.137723 85.467133 -0.734466 0.078518 -0.674088 0.643215 0.083502 2 13 0.500000 14 0.500000
  0 4.732779 3.136174 94.630135 -0.574732 0.571988 -0.585247 0.682278 0.138189 1 13 1.000000
  0 15.422779 4.281569 87.503136 0.171030 0.976599 -0.130395 0.623684 0.095220 2 13 0.500000 14 0.500000
Soldiers_far_green.tga
  0 -5.071872 5.872469 82.412636 -0.000264 0.985866 0.167535 0.740872 0.063970 1 2 1.000000
  0 2.092078 3.231819 82.922134 0.800792 0.541659 0.255611 0.697903 0.067877 1 2 1.000000
  0 -5.071872 10.708269 75.795135 -0.000073 0.777268 0.629170 0.740872 0.028814 1 3 1.000000
Soldiers_far_green.tga
  0 -5.071872 10.708269 75.795135 -0.000073 0.777268 0.629170 0.740872 0.028814 1 3 1.000000
  0 2.092078 3.231819 82.922134 0.800792 0.541659 0.255611 0.697903 0.067877 1 2 1.000000
  0 6.259878 7.908369 76.813629 0.501663 0.486888 0.715034 0.674465 0.032720 1 3 1.000000
Soldiers_far_green.tga
  0 2.092078 -4.085927 82.922134 0.838600 -0.495076 0.227265 0.496463 0.066739 1 2 1.000000
  0 6.259878 -7.839929 76.813629 0.601571 -0.428805 0.673972 0.519901 0.031583 1 3 1.000000
  0 2.092078 3.231819 82.922134 0.800792 0.541659 0.255611 0.455447 0.066739 1 2 1.000000
Soldiers_far_green.tga
  0 2.092078 3.231819 82.922134 0.800792 0.541659 0.255611 0.455447 0.066739 1 2 1.000000
  0 6.259878 -7.839929 76.813629 0.601571 -0.428805 0.673972 0.519901 0.031583 1 3 1.000000
  0 6.259878 7.908369 76.813629 0.501663 0.486888 0.715034 0.428104 0.031583 1 3 1.000000
Soldiers_far_green.tga
  0 -5.071872 -7.522079 82.412636 -0.000332 -0.977895 0.209095 0.198328 0.067256 1 2 1.000000
  0 -5.071872 -12.389676 76.813629 -0.000138 -0.750983 0.660322 0.198328 0.037350 1 3 1.000000
  0 2.092078 -4.085927 82.922134 0.838600 -0.495076 0.227265 0.238514 0.070995 1 2 1.000000
Soldiers_far_green.tga
  0 2.092078 -4.085927 82.922134 0.838600 -0.495076 0.227265 0.238514 0.070995 1 2 1.000000
  0 -5.071872 -12.389676 76.813629 -0.000138 -0.750983 0.660322 0.198328 0.037350 1 3 1.000000
  0 6.259878 -7.839929 76.813629 0.601571 -0.428805 0.673972 0.260943 0.037350 1 3 1.000000
Soldiers_far_green.tga
  0 21.913279 -10.989726 80.376633 -0.506678 -0.766956 0.393772 0.341315 0.056042 1 14 1.000000
  0 12.241228 0.137723 85.467133 -0.734466 0.078518 -0.674088 0.290849 0.082209 2 13 0.500000 14 0.500000
  0 17.458778 -7.458478 75.795135 -0.613573 -0.246327 -0.750234 0.315148 0.029874 1 14 1.000000
Soldiers_far_green.tga
  0 23.313278 -0.538429 78.340630 0.418229 0.739856 -0.526969 0.592434 0.048345 1 14 1.000000
  0 17.586279 0.057872 90.557632 0.706338 0.121485 0.697372 0.611965 0.106939 2 13 0.500000 14 0.500000
  0 27.385279 -7.903527 84.958130 0.743965 -0.192876 0.639777 0.565090 0.079595 1 14 1.000000
Soldiers_far_green.tga
  0 17.586279 0.057872 90.557632 0.706338 0.121485 0.697372 0.320755 0.108377 2 13 0.500000 14 0.500000
  0 14.786274 -3.974578 88.521629 -0.188165 -0.947231 0.259513 0.305802 0.097162 2 13 0.500000 14 0.500000
  0 21.913279 -10.989726 80.376633 -0.506678 -0.766956 0.393772 0.341315 0.056042 1 14 1.000000
Soldiers_far_green.tga
  0 23.313278 -0.538429 78.340630 0.418229 0.739856 -0.526969 0.592434 0.048345 1 14 1.000000
  0 12.241228 0.137723 85.467133 -0.734466 0.078518 -0.674088 0.643215 0.083502 2 13 0.500000 14 0.500000
  0 15.422779 4.281569 87.503136 0.171030 0.976599 -0.130395 0.623684 0.095220 2 13 0.500000 14 0.500000
Soldiers_far_green.tga
  0 3.205624 3.740919 86.994133 0.840105 0.529441 -0.117966 0.693997 0.091314 1 12 1.000000
  0 -5.071872 7.335719 97.684135 -0.000038 0.994377 0.105894 0.740872 0.153814 1 12 1.000000
  0 2.664728 3.995225 97.175133 0.289800 0.952007 -0.098477 0.697903 0.149908 2 12 0.500000 13 0.500000
Soldiers_far_green.tga
  0 27.639780 -10.735431 81.394630 0.643085 -0.269066 0.716969 0.373091 0.059780 1 14 1.000000
  0 24.458279 -14.553131 78.849632 -0.346112 -0.882767 0.317693 0.354399 0.041089 1 14 1.000000
  0 29.930784 -11.371681 79.358635 0.684385 0.014559 0.728975 0.386174 0.044827 1 14 1.000000
Soldiers_far_green.tga
  0 29.930784 -11.371681 79.358635 0.684385 0.014559 0.728975 0.386174 0.044827 1 14 1.000000
  0 24.458279 -14.553131 78.849632 -0.346112 -0.882767 0.317693 0.354399 0.041089 1 14 1.000000
  0 26.494774 -15.062176 76.813629 -0.144637 -0.984274 0.101418 0.367483 0.029874 1 14 1.000000
Soldiers_far_green.tga
  0 27.385279 -7.362877 75.286133 0.125091 0.975721 -0.179778 0.572903 0.028814 1 14 1.000000
  0 25.349274 -6.726628 77.322632 0.465430 0.672721 -0.575171 0.580715 0.040533 1 14 1.000000
  0 29.930784 -11.371681 79.358635 0.684385 0.014559 0.728975 0.553372 0.048345 1 14 1.000000
Soldiers_far_green.tga
  0 29.930784 -11.371681 79.358635 0.684385 0.014559 0.728975 0.553372 0.048345 1 14 1.000000
  0 25.349274 -6.726628 77.322632 0.465430 0.672721 -0.575171 0.580715 0.040533 1 14 1.000000
  0 27.639780 -10.735431 81.394630 0.643085 -0.269066 0.716969 0.561184 0.060064 1 14 1.000000
Soldiers_far_green.tga
  0 22.040277 -10.480626 76.304131 -0.645923 -0.349611 -0.678643 0.600247 0.021002 1 14 1.000000
  0 25.349274 -6.726628 77.322632 0.465430 0.672721 -0.575171 0.580715 0.040533 1 14 1.000000
  0 24.076778 -10.989726 73.759132 -0.752128 0.018055 -0.658769 0.588528 0.013189 1 14 1.000000
Soldiers_far_green.tga
  0 24.076778 -10.989726 73.759132 -0.752128 0.018055 -0.658769 0.588528 0.013189 1 14 1.000000
  0 25.349274 -6.726628 77.322632 0.465430 0.672721 -0.575171 0.580715 0.040533 1 14 1.000000
  0 27.385279 -7.362877 75.286133 0.125091 0.975721 -0.179778 0.572903 0.028814 1 14 1.000000
Soldiers_far_green.tga
  0 22.040277 -10.480626 76.304131 -0.645923 -0.349611 -0.678643 0.341315 0.029874 1 14 1.000000
  0 24.076778 -10.989726 73.759132 -0.752128 0.018055 -0.658769 0.352530 0.014921 1 14 1.000000
  0 24.458279 -14.553131 78.849632 -0.346112 -0.882767 0.317693 0.354399 0.041089 1 14 1.000000
Soldiers_far_green.tga
  0 24.458279 -14.553131 78.849632 -0.346112 -0.882767 0.317693 0.354399 0.041089 1 14 1.000000
  0 24.076778 -10.989726 73.759132 -0.752128 0.018055 -0.658769 0.352530 0.014921 1 14 1.000000
  0 26.494774 -15.062176 76.813629 -0.144637 -0.984274 0.101418 0.367483 0.029874 1 14 1.000000
Soldiers_far_green.tga
  0 27.385279 -7.903527 84.958130 0.743965 -0.192876 0.639777 0.371221 0.082209 1 14 1.000000
  0 21.913279 -10.989726 80.376633 -0.506678 -0.766956 0.393772 0.341315 0.056042 1 14 1.000000
  0 27.639780 -10.735431 81.394630 0.643085 -0.269066 0.716969 0.373091 0.059780 1 14 1.000000
Soldiers_far_green.tga
  0 27.639780 -10.735431 81.394630 0.643085 -0.269066 0.716969 0.373091 0.059780 1 14 1.000000
  0 21.913279 -10.989726 80.376633 -0.506678 -0.766956 0.393772 0.341315 0.056042 1 14 1.000000
  0 24.458279 -14.553131 78.849632 -0.346112 -0.882767 0.317693 0.354399 0.041089 1 14 1.000000
Soldiers_far_green.tga
  0 23.313278 -0.538429 78.340630 0.418229 0.739856 -0.526969 0.592434 0.048345 1 14 1.000000
  0 27.385279 -7.903527 84.958130 0.743965 -0.192876 0.639777 0.565090 0.079595 1 14 1.000000
  0 25.349274 -6.726628 77.322632 0.465430 0.672721 -0.575171 0.580715 0.040533 1 14 1.000000
Soldiers_far_green.tga
  0 25.349274 -6.726628 77.322632 0.465430 0.672721 -0.575171 0.580715 0.040533 1 14 1.000000
  0 27.385279 -7.903527 84.958130 0.743965 -0.192876 0.639777 0.565090 0.079595 1 14 1.000000
  0 27.639780 -10.735431 81.394630 0.643085 -0.269066 0.716969 0.561184 0.060064 1 14 1.000000
Soldiers_far_green.tga
  0 17.458778 -7.458478 75.795135 -0.613573 -0.246327 -0.750234 0.619778 0.024908 1 14 1.000000
  0 23.313278 -0.538429 78.340630 0.418229 0.739856 -0.526969 0.592434 0.048345 1 14 1.000000
  0 22.040277 -10.480626 76.304131 -0.645923 -0.349611 -0.678643 0.600247 0.021002 1 14 1.000000
Soldiers_far_green.tga
  0 22.040277 -10.480626 76.304131 -0.645923 -0.349611 -0.678643 0.600247 0.021002 1 14 1.000000
  0 23.313278 -0.538429 78.340630 0.418229 0.739856 -0.526969 0.592434 0.048345 1 14 1.000000
  0 25.349274 -6.726628 77.322632 0.465430 0.672721 -0.575171 0.580715 0.040533 1 14 1.000000
Soldiers_far_green.tga
  0 17.458778 -7.458478 75.795135 -0.613573 -0.246327 -0.750234 0.315148 0.029874 1 14 1.000000
  0 22.040277 -10.480626 76.304131 -0.645923 -0.349611 -0.678643 0.341315 0.029874 1 14 1.000000
  0 21.913279 -10.989726 80.376633 -0.506678 -0.766956 0.393772 0.341315 0.056042 1 14 1.000000
Soldiers_far_green.tga
  0 21.913279 -10.989726 80.376633 -0.506678 -0.766956 0.393772 0.341315 0.056042 1 14 1.000000
  0 22.040277 -10.480626 76.304131 -0.645923 -0.349611 -0.678643 0.341315 0.029874 1 14 1.000000
  0 24.458279 -14.553131 78.849632 -0.346112 -0.882767 0.317693 0.354399 0.041089 1 14 1.000000
Soldiers_far_green.tga
  0 14.786274 -3.974578 88.521629 -0.188165 -0.947231 0.259513 0.305802 0.097162 2 13 0.500000 14 0.500000
  0 7.341679 -3.799628 96.666130 0.277476 -0.957031 -0.084251 0.266551 0.149498 1 13 1.000000
  0 12.241228 0.137723 85.467133 -0.734466 0.078518 -0.674088 0.290849 0.082209 2 13 0.500000 14 0.500000
Soldiers_far_green.tga
  0 17.586279 0.057872 90.557632 0.706338 0.121485 0.697372 0.320755 0.108377 2 13 0.500000 14 0.500000
  0 21.913279 -10.989726 80.376633 -0.506678 -0.766956 0.393772 0.341315 0.056042 1 14 1.000000
  0 27.385279 -7.903527 84.958130 0.743965 -0.192876 0.639777 0.371221 0.082209 1 14 1.000000
Soldiers_far_green.tga
  0 14.786274 -3.974578 88.521629 -0.188165 -0.947231 0.259513 0.305802 0.097162 2 13 0.500000 14 0.500000
  0 12.241228 0.137723 85.467133 -0.734466 0.078518 -0.674088 0.290849 0.082209 2 13 0.500000 14 0.500000
  0 21.913279 -10.989726 80.376633 -0.506678 -0.766956 0.393772 0.341315 0.056042 1 14 1.000000
Soldiers_far_green.tga
  0 23.313278 -0.538429 78.340630 0.418229 0.739856 -0.526969 0.592434 0.048345 1 14 1.000000
  0 15.422779 4.281569 87.503136 0.171030 0.976599 -0.130395 0.623684 0.095220 2 13 0.500000 14 0.500000
  0 17.586279 0.057872 90.557632 0.706338 0.121485 0.697372 0.611965 0.106939 2 13 0.500000 14 0.500000
Soldiers_far_green.tga
  0 17.458778 -7.458478 75.795135 -0.613573 -0.246327 -0.750234 0.619778 0.024908 1 14 1.000000
  0 12.241228 0.137723 85.467133 -0.734466 0.078518 -0.674088 0.643215 0.083502 2 13 0.500000 14 0.500000
  0 23.313278 -0.538429 78.340630 0.418229 0.739856 -0.526969 0.592434 0.048345 1 14 1.000000
Soldiers_far_green.tga
  0 -5.071872 -9.271675 86.485130 -0.000097 -0.993495 -0.113872 0.198328 0.089686 1 12 1.000000
  0 -12.829372 -3.831128 96.666130 -0.371872 -0.913440 -0.165342 0.155338 0.145760 2 12 0.500000 20 0.500000
  0 -13.338422 -4.833629 86.994133 -0.848497 -0.519916 -0.098696 0.151600 0.093424 1 12 1.000000
Soldiers_far_green.tga
  0 -5.071872 7.335719 97.684135 -0.000038 0.994377 0.105894 0.740872 0.153814 1 12 1.000000
  0 -12.797571 3.995225 97.175133 -0.291457 0.951393 -0.099522 0.697903 0.149908 2 12 0.500000 20 0.500000
  0 -11.906721 2.722719 104.302132 -0.235871 0.603730 0.761495 0.701809 0.188970 2 12 0.500000 20 0.500000
Soldiers_far_green.tga
  0 -8.645671 -0.789079 106.338135 -0.340203 -0.107379 0.934201 0.176833 0.209310 1 12 1.000000
  0 -5.071872 5.713274 105.829132 0.000496 0.849956 0.526854 0.193655 0.228001 1 12 1.000000
  0 -11.906721 2.722719 104.302132 -0.235871 0.603730 0.761495 0.157207 0.228001 2 12 0.500000 20 0.500000
Soldiers_far_green.tga
  0 -5.071872 5.713274 105.829132 0.000496 0.849956 0.526854 0.740872 0.200689 1 12 1.000000
  0 -5.071872 7.335719 97.684135 -0.000038 0.994377 0.105894 0.740872 0.153814 1 12 1.000000
  0 -11.906721 2.722719 104.302132 -0.235871 0.603730 0.761495 0.701809 0.188970 2 12 0.500000 20 0.500000
Soldiers_far_green.tga
  0 -11.906721 2.722719 104.302132 -0.235871 0.603730 0.761495 0.157207 0.228001 2 12 0.500000 20 0.500000
  0 -11.906721 -3.561078 104.302132 -0.198351 -0.670716 0.714701 0.160011 0.190618 2 12 0.500000 20 0.500000
  0 -8.645671 -0.789079 106.338135 -0.340203 -0.107379 0.934201 0.176833 0.209310 1 12 1.000000
Soldiers_far_green.tga
  0 -5.071872 -7.362877 97.175133 0.000505 -0.980450 0.196768 0.198328 0.149498 1 12 1.000000
  0 -5.071872 -4.547278 104.811134 0.000197 -0.835782 0.549062 0.198328 0.190618 1 12 1.000000
  0 -11.906721 -3.561078 104.302132 -0.198351 -0.670716 0.714701 0.160011 0.190618 2 12 0.500000 20 0.500000
Soldiers_far_green.tga
  0 -5.071872 -4.547278 104.811134 0.000197 -0.835782 0.549062 0.198328 0.190618 1 12 1.000000
  0 -8.645671 -0.789079 106.338135 -0.340203 -0.107379 0.934201 0.176833 0.209310 1 12 1.000000
  0 -11.906721 -3.561078 104.302132 -0.198351 -0.670716 0.714701 0.160011 0.190618 2 12 0.500000 20 0.500000
Soldiers_far_green.tga
  0 -13.338422 3.740919 86.994133 -0.839925 0.529599 -0.118535 0.693997 0.091314 1 12 1.000000
  0 -5.071872 7.272120 85.976135 -0.000241 0.984711 -0.174198 0.740872 0.087408 1 12 1.000000
  0 -12.224872 3.231819 82.922134 -0.800944 0.541479 0.255517 0.697903 0.067877 1 2 1.000000
Soldiers_far_green.tga
  0 -5.071872 7.272120 85.976135 -0.000241 0.984711 -0.174198 0.740872 0.087408 1 12 1.000000
  0 -5.071872 5.872469 82.412636 -0.000264 0.985866 0.167535 0.740872 0.063970 1 2 1.000000
  0 -12.224872 3.231819 82.922134 -0.800944 0.541479 0.255517 0.697903 0.067877 1 2 1.000000
Soldiers_far_green.tga
  0 -12.224872 3.231819 82.922134 -0.800944 0.541479 0.255517 0.455447 0.066739 1 2 1.000000
  0 -12.224872 -4.085927 82.922134 -0.838755 -0.494845 0.227195 0.496463 0.066739 1 2 1.000000
  0 -13.338422 3.740919 86.994133 -0.839925 0.529599 -0.118535 0.451541 0.090176 1 12 1.000000
Soldiers_far_green.tga
  0 -12.224872 -4.085927 82.922134 -0.838755 -0.494845 0.227195 0.496463 0.066739 1 2 1.000000
  0 -13.338422 -4.833629 86.994133 -0.848497 -0.519916 -0.098696 0.500369 0.090176 1 12 1.000000
  0 -13.338422 3.740919 86.994133 -0.839925 0.529599 -0.118535 0.451541 0.090176 1 12 1.000000
Soldiers_far_green.tga
  0 -5.071872 -7.522079 82.412636 -0.000332 -0.977895 0.209095 0.198328 0.067256 1 2 1.000000
  0 -5.071872 -9.271675 86.485130 -0.000097 -0.993495 -0.113872 0.198328 0.089686 1 12 1.000000
  0 -12.224872 -4.085927 82.922134 -0.838755 -0.494845 0.227195 0.158142 0.070995 1 2 1.000000
Soldiers_far_green.tga
  0 -5.071872 -9.271675 86.485130 -0.000097 -0.993495 -0.113872 0.198328 0.089686 1 12 1.000000
  0 -13.338422 -4.833629 86.994133 -0.848497 -0.519916 -0.098696 0.151600 0.093424 1 12 1.000000
  0 -12.224872 -4.085927 82.922134 -0.838755 -0.494845 0.227195 0.158142 0.070995 1 2 1.000000
Soldiers_far_green.tga
  0 -13.338422 -4.833629 86.994133 -0.848497 -0.519916 -0.098696 0.500369 0.090176 1 12 1.000000
  0 -12.829372 -3.831128 96.666130 -0.371872 -0.913440 -0.165342 0.496463 0.144864 2 12 0.500000 20 0.500000
  0 -13.338422 3.740919 86.994133 -0.839925 0.529599 -0.118535 0.451541 0.090176 1 12 1.000000
Soldiers_far_green.tga
  0 -12.829372 -3.831128 96.666130 -0.371872 -0.913440 -0.165342 0.496463 0.144864 2 12 0.500000 20 0.500000
  0 -12.797571 3.995225 97.175133 -0.291457 0.951393 -0.099522 0.449588 0.148770 2 12 0.500000 20 0.500000
  0 -13.338422 3.740919 86.994133 -0.839925 0.529599 -0.118535 0.451541 0.090176 1 12 1.000000
Soldiers_far_green.tga
  0 -5.071872 -9.271675 86.485130 -0.000097 -0.993495 -0.113872 0.198328 0.089686 1 12 1.000000
  0 -5.071872 -7.362877 97.175133 0.000505 -0.980450 0.196768 0.198328 0.149498 1 12 1.000000
  0 -12.829372 -3.831128 96.666130 -0.371872 -0.913440 -0.165342 0.155338 0.145760 2 12 0.500000 20 0.500000
Soldiers_far_green.tga
  0 -5.071872 -7.362877 97.175133 0.000505 -0.980450 0.196768 0.198328 0.149498 1 12 1.000000
  0 -11.906721 -3.561078 104.302132 -0.198351 -0.670716 0.714701 0.160011 0.190618 2 12 0.500000 20 0.500000
  0 -12.829372 -3.831128 96.666130 -0.371872 -0.913440 -0.165342 0.155338 0.145760 2 12 0.500000 20 0.500000
Soldiers_far_green.tga
  0 -5.071872 7.272120 85.976135 -0.000241 0.984711 -0.174198 0.740872 0.087408 1 12 1.000000
  0 -13.338422 3.740919 86.994133 -0.839925 0.529599 -0.118535 0.693997 0.091314 1 12 1.000000
  0 -5.071872 7.335719 97.684135 -0.000038 0.994377 0.105894 0.740872 0.153814 1 12 1.000000
Soldiers_far_green.tga
  0 -11.906721 -3.561078 104.302132 -0.198351 -0.670716 0.714701 0.160011 0.190618 2 12 0.500000 20 0.500000
  0 -17.219921 -4.435877 103.793129 -0.469203 -0.673497 0.571183 0.131039 0.186880 1 20 1.000000
  0 -12.829372 -3.831128 96.666130 -0.371872 -0.913440 -0.165342 0.155338 0.145760 2 12 0.500000 20 0.500000
Soldiers_far_green.tga
  0 -12.797571 3.995225 97.175133 -0.291457 0.951393 -0.099522 0.697903 0.149908 2 12 0.500000 20 0.500000
  0 -16.583622 3.677375 104.302132 -0.397379 0.631554 0.665754 0.674465 0.188970 1 20 1.000000
  0 -11.906721 2.722719 104.302132 -0.235871 0.603730 0.761495 0.701809 0.188970 2 12 0.500000 20 0.500000
Soldiers_far_green.tga
  0 -11.906721 2.722719 104.302132 -0.235871 0.603730 0.761495 0.157207 0.228001 2 12 0.500000 20 0.500000
  0 -16.583622 3.677375 104.302132 -0.397379 0.631554 0.665754 0.130105 0.228001 1 20 1.000000
  0 -11.906721 -3.561078 104.302132 -0.198351 -0.670716 0.714701 0.160011 0.190618 2 12 0.500000 20 0.500000
Soldiers_far_green.tga
  0 -16.583622 3.677375 104.302132 -0.397379 0.631554 0.665754 0.130105 0.228001 1 20 1.000000
  0 -17.219921 -4.435877 103.793129 -0.469203 -0.673497 0.571183 0.131039 0.186880 1 20 1.000000
  0 -11.906721 -3.561078 104.302132 -0.198351 -0.670716 0.714701 0.160011 0.190618 2 12 0.500000 20 0.500000
Soldiers_far_green.tga
  0 -14.929172 3.136174 94.630135 0.556194 0.571925 -0.602951 0.378177 0.136592 1 20 1.000000
  0 -12.797571 3.995225 97.175133 -0.291457 0.951393 -0.099522 0.373294 0.148311 2 12 0.500000 20 0.500000
  0 -15.247372 -2.127278 94.121132 0.531199 -0.477881 -0.699613 0.408939 0.136592 1 20 1.000000
Soldiers_far_green.tga
  0 -17.219921 -4.435877 103.793129 -0.469203 -0.673497 0.571183 0.131039 0.186880 1 20 1.000000
  0 -17.538071 -3.799628 96.666130 -0.280466 -0.956032 -0.085682 0.130105 0.149498 1 20 1.000000
  0 -12.829372 -3.831128 96.666130 -0.371872 -0.913440 -0.165342 0.155338 0.145760 2 12 0.500000 20 0.500000
Soldiers_far_green.tga
  0 -16.583622 3.677375 104.302132 -0.397379 0.631554 0.665754 0.130105 0.228001 1 20 1.000000
  0 -19.574223 -0.148578 98.702629 -0.901184 0.016347 0.433128 0.099264 0.209310 1 20 1.000000
  0 -17.219921 -4.435877 103.793129 -0.469203 -0.673497 0.571183 0.131039 0.186880 1 20 1.000000
Soldiers_far_green.tga
  0 -15.247372 -2.127278 94.121132 0.531199 -0.477881 -0.699613 0.141319 0.134545 1 20 1.000000
  0 -12.829372 -3.831128 96.666130 -0.371872 -0.913440 -0.165342 0.155338 0.145760 2 12 0.500000 20 0.500000
  0 -17.538071 -3.799628 96.666130 -0.280466 -0.956032 -0.085682 0.130105 0.149498 1 20 1.000000
Soldiers_far_green.tga
  0 -12.829372 -3.831128 96.666130 -0.371872 -0.913440 -0.165342 0.418704 0.148311 2 12 0.500000 20 0.500000
  0 -15.247372 -2.127278 94.121132 0.531199 -0.477881 -0.699613 0.408939 0.136592 1 20 1.000000
  0 -12.797571 3.995225 97.175133 -0.291457 0.951393 -0.099522 0.373294 0.148311 2 12 0.500000 20 0.500000
Soldiers_far_green.tga
  0 -12.797571 3.995225 97.175133 -0.291457 0.951393 -0.099522 0.697903 0.149908 2 12 0.500000 20 0.500000
  0 -17.538071 3.868069 96.157135 -0.264424 0.959220 0.099887 0.670559 0.146002 1 20 1.000000
  0 -16.583622 3.677375 104.302132 -0.397379 0.631554 0.665754 0.674465 0.188970 1 20 1.000000
Soldiers_far_green.tga
  0 -22.755821 0.137723 85.976135 0.762679 0.105495 -0.638115 0.104872 0.082209 2 20 0.500000 21 0.500000
  0 -15.247372 -2.127278 94.121132 0.531199 -0.477881 -0.699613 0.141319 0.134545 1 20 1.000000
  0 -17.538071 -3.799628 96.666130 -0.280466 -0.956032 -0.085682 0.130105 0.149498 1 20 1.000000
Soldiers_far_green.tga
  0 -19.574223 -0.148578 98.702629 -0.901184 0.016347 0.433128 0.114217 0.156974 1 20 1.000000
  0 -27.973572 0.057872 90.557632 -0.742804 0.095161 0.662712 0.075900 0.108377 2 20 0.500000 21 0.500000
  0 -17.538071 -3.799628 96.666130 -0.280466 -0.956032 -0.085682 0.130105 0.149498 1 20 1.000000
Soldiers_far_green.tga
  0 -15.247372 -2.127278 94.121132 0.531199 -0.477881 -0.699613 0.408939 0.136592 1 20 1.000000
  0 -22.755821 0.137723 85.976135 0.762679 0.105495 -0.638115 0.395755 0.097530 2 20 0.500000 21 0.500000
  0 -14.929172 3.136174 94.630135 0.556194 0.571925 -0.602951 0.378177 0.136592 1 20 1.000000
Soldiers_far_green.tga
  0 -27.973572 0.057872 90.557632 -0.742804 0.095161 0.662712 0.075900 0.108377 2 20 0.500000 21 0.500000
  0 -25.301022 -3.974578 88.521629 0.167804 -0.937709 0.304211 0.090853 0.097162 2 20 0.500000 21 0.500000
  0 -17.538071 -3.799628 96.666130 -0.280466 -0.956032 -0.085682 0.130105 0.149498 1 20 1.000000
Soldiers_far_green.tga
  0 -17.219921 -4.435877 103.793129 -0.469203 -0.673497 0.571183 0.131039 0.186880 1 20 1.000000
  0 -19.574223 -0.148578 98.702629 -0.901184 0.016347 0.433128 0.114217 0.156974 1 20 1.000000
  0 -17.538071 -3.799628 96.666130 -0.280466 -0.956032 -0.085682 0.130105 0.149498 1 20 1.000000
Soldiers_far_green.tga
  0 -19.574223 -0.148578 98.702629 -0.901184 0.016347 0.433128 0.651028 0.157720 1 20 1.000000
  0 -16.583622 3.677375 104.302132 -0.397379 0.631554 0.665754 0.674465 0.188970 1 20 1.000000
  0 -17.538071 3.868069 96.157135 -0.264424 0.959220 0.099887 0.670559 0.146002 1 20 1.000000
Soldiers_far_green.tga
  0 -27.973572 0.057872 90.557632 -0.742804 0.095161 0.662712 0.611965 0.106939 2 20 0.500000 21 0.500000
  0 -19.574223 -0.148578 98.702629 -0.901184 0.016347 0.433128 0.651028 0.157720 1 20 1.000000
  0 -17.538071 3.868069 96.157135 -0.264424 0.959220 0.099887 0.670559 0.146002 1 20 1.000000
Soldiers_far_green.tga
  0 -25.937372 4.281569 88.012634 -0.223034 0.970805 -0.088283 0.623684 0.095220 2 20 0.500000 21 0.500000
  0 -27.973572 0.057872 90.557632 -0.742804 0.095161 0.662712 0.611965 0.106939 2 20 0.500000 21 0.500000
  0 -17.538071 3.868069 96.157135 -0.264424 0.959220 0.099887 0.670559 0.146002 1 20 1.000000
Soldiers_far_green.tga
  0 -17.538071 3.868069 96.157135 -0.264424 0.959220 0.099887 0.670559 0.146002 1 20 1.000000
  0 -12.797571 3.995225 97.175133 -0.291457 0.951393 -0.099522 0.697903 0.149908 2 12 0.500000 20 0.500000
  0 -14.929172 3.136174 94.630135 0.556194 0.571925 -0.602951 0.682278 0.138189 1 20 1.000000
Soldiers_far_green.tga
  0 -25.937372 4.281569 88.012634 -0.223034 0.970805 -0.088283 0.623684 0.095220 2 20 0.500000 21 0.500000
  0 -17.538071 3.868069 96.157135 -0.264424 0.959220 0.099887 0.670559 0.146002 1 20 1.000000
  0 -14.929172 3.136174 94.630135 0.556194 0.571925 -0.602951 0.682278 0.138189 1 20 1.000000
Soldiers_far_green.tga
  0 -22.755821 0.137723 85.976135 0.762679 0.105495 -0.638115 0.643215 0.083502 2 20 0.500000 21 0.500000
  0 -25.937372 4.281569 88.012634 -0.223034 0.970805 -0.088283 0.623684 0.095220 2 20 0.500000 21 0.500000
  0 -14.929172 3.136174 94.630135 0.556194 0.571925 -0.602951 0.682278 0.138189 1 20 1.000000
Soldiers_far_green.tga
  0 -5.071872 5.872469 82.412636 -0.000264 0.985866 0.167535 0.740872 0.063970 1 2 1.000000
  0 -5.071872 10.708269 75.795135 -0.000073 0.777268 0.629170 0.740872 0.028814 1 3 1.000000
  0 -12.224872 3.231819 82.922134 -0.800944 0.541479 0.255517 0.697903 0.067877 1 2 1.000000
Soldiers_far_green.tga
  0 -5.071872 10.708269 75.795135 -0.000073 0.777268 0.629170 0.740872 0.028814 1 3 1.000000
  0 -16.392721 7.908369 76.813629 -0.501680 0.486870 0.715035 0.674465 0.032720 1 3 1.000000
  0 -12.224872 3.231819 82.922134 -0.800944 0.541479 0.255517 0.697903 0.067877 1 2 1.000000
Soldiers_far_green.tga
  0 -12.224872 -4.085927 82.922134 -0.838755 -0.494845 0.227195 0.496463 0.066739 1 2 1.000000
  0 -12.224872 3.231819 82.922134 -0.800944 0.541479 0.255517 0.455447 0.066739 1 2 1.000000
  0 -16.392721 -7.839929 76.813629 -0.601635 -0.428721 0.673969 0.519901 0.031583 1 3 1.000000
Soldiers_far_green.tga
  0 -12.224872 3.231819 82.922134 -0.800944 0.541479 0.255517 0.455447 0.066739 1 2 1.000000
  0 -16.392721 7.908369 76.813629 -0.501680 0.486870 0.715035 0.428104 0.031583 1 3 1.000000
  0 -16.392721 -7.839929 76.813629 -0.601635 -0.428721 0.673969 0.519901 0.031583 1 3 1.000000
Soldiers_far_green.tga
  0 -5.071872 -7.522079 82.412636 -0.000332 -0.977895 0.209095 0.198328 0.067256 1 2 1.000000
  0 -12.224872 -4.085927 82.922134 -0.838755 -0.494845 0.227195 0.158142 0.070995 1 2 1.000000
  0 -5.071872 -12.389676 76.813629 -0.000138 -0.750983 0.660322 0.198328 0.037350 1 3 1.000000
Soldiers_far_green.tga
  0 -12.224872 -4.085927 82.922134 -0.838755 -0.494845 0.227195 0.158142 0.070995 1 2 1.000000
  0 -16.392721 -7.839929 76.813629 -0.601635 -0.428721 0.673969 0.134778 0.037350 1 3 1.000000
  0 -5.071872 -12.389676 76.813629 -0.000138 -0.750983 0.660322 0.198328 0.037350 1 3 1.000000
Soldiers_far_green.tga
  0 -30.773272 -10.989726 79.867630 0.521440 -0.755433 0.396763 0.055340 0.056042 1 21 1.000000
  0 -26.319122 -7.458478 75.286133 0.658785 -0.215954 -0.720671 0.080106 0.029874 1 21 1.000000
  0 -22.755821 0.137723 85.976135 0.762679 0.105495 -0.638115 0.104872 0.082209 2 20 0.500000 21 0.500000
Soldiers_far_green.tga
  0 -32.173172 -0.538429 77.831635 -0.375199 0.742612 -0.554755 0.592434 0.048345 1 21 1.000000
  0 -36.372787 -7.903527 84.449135 -0.762610 -0.220095 0.608263 0.565090 0.079595 1 21 1.000000
  0 -27.973572 0.057872 90.557632 -0.742804 0.095161 0.662712 0.611965 0.106939 2 20 0.500000 21 0.500000
Soldiers_far_green.tga
  0 -27.973572 0.057872 90.557632 -0.742804 0.095161 0.662712 0.075900 0.108377 2 20 0.500000 21 0.500000
  0 -30.773272 -10.989726 79.867630 0.521440 -0.755433 0.396763 0.055340 0.056042 1 21 1.000000
  0 -25.301022 -3.974578 88.521629 0.167804 -0.937709 0.304211 0.090853 0.097162 2 20 0.500000 21 0.500000
Soldiers_far_green.tga
  0 -32.173172 -0.538429 77.831635 -0.375199 0.742612 -0.554755 0.592434 0.048345 1 21 1.000000
  0 -25.937372 4.281569 88.012634 -0.223034 0.970805 -0.088283 0.623684 0.095220 2 20 0.500000 21 0.500000
  0 -22.755821 0.137723 85.976135 0.762679 0.105495 -0.638115 0.643215 0.083502 2 20 0.500000 21 0.500000
Soldiers_far_green.tga
  0 -13.338422 3.740919 86.994133 -0.839925 0.529599 -0.118535 0.693997 0.091314 1 12 1.000000
  0 -12.797571 3.995225 97.175133 -0.291457 0.951393 -0.099522 0.697903 0.149908 2 12 0.500000 20 0.500000
  0 -5.071872 7.335719 97.684135 -0.000038 0.994377 0.105894 0.740872 0.153814 1 12 1.000000
Soldiers_far_green.tga
  0 -36.500084 -10.735431 80.885635 -0.644115 -0.279330 0.712103 0.023098 0.059780 1 21 1.000000
  0 -38.790779 -11.371681 78.849632 -0.681273 0.019011 0.731782 0.010715 0.048565 1 21 1.000000
  0 -33.318542 -14.553131 78.340630 0.346079 -0.882772 0.317716 0.041322 0.044827 1 21 1.000000
Soldiers_far_green.tga
  0 -38.790779 -11.371681 78.849632 -0.681273 0.019011 0.731782 0.010715 0.048565 1 21 1.000000
  0 -35.354717 -15.062176 76.304131 0.144726 -0.984270 0.101326 0.029640 0.029874 1 21 1.000000
  0 -33.318542 -14.553131 78.340630 0.346079 -0.882772 0.317716 0.041322 0.044827 1 21 1.000000
Soldiers_far_green.tga
  0 -36.372787 -7.362877 74.777130 -0.138346 0.977625 -0.158463 0.572903 0.028814 1 21 1.000000
  0 -38.790779 -11.371681 78.849632 -0.681273 0.019011 0.731782 0.553372 0.048345 1 21 1.000000
  0 -34.209358 -6.726628 76.813629 -0.460642 0.670369 -0.581734 0.580715 0.040533 1 21 1.000000
Soldiers_far_green.tga
  0 -38.790779 -11.371681 78.849632 -0.681273 0.019011 0.731782 0.553372 0.048345 1 21 1.000000
  0 -36.500084 -10.735431 80.885635 -0.644115 -0.279330 0.712103 0.561184 0.060064 1 21 1.000000
  0 -34.209358 -6.726628 76.813629 -0.460642 0.670369 -0.581734 0.580715 0.040533 1 21 1.000000
Soldiers_far_green.tga
  0 -30.900522 -10.480626 75.795135 0.645942 -0.349597 -0.678632 0.600247 0.021002 1 21 1.000000
  0 -32.936737 -10.989726 73.250130 0.748496 0.022779 -0.662748 0.588528 0.013189 1 21 1.000000
  0 -34.209358 -6.726628 76.813629 -0.460642 0.670369 -0.581734 0.580715 0.040533 1 21 1.000000
Soldiers_far_green.tga
  0 -32.936737 -10.989726 73.250130 0.748496 0.022779 -0.662748 0.588528 0.013189 1 21 1.000000
  0 -36.372787 -7.362877 74.777130 -0.138346 0.977625 -0.158463 0.572903 0.028814 1 21 1.000000
  0 -34.209358 -6.726628 76.813629 -0.460642 0.670369 -0.581734 0.580715 0.040533 1 21 1.000000
Soldiers_far_green.tga
  0 -30.900522 -10.480626 75.795135 0.645942 -0.349597 -0.678632 0.054873 0.029874 1 21 1.000000
  0 -33.318542 -14.553131 78.340630 0.346079 -0.882772 0.317716 0.041322 0.044827 1 21 1.000000
  0 -32.936737 -10.989726 73.250130 0.748496 0.022779 -0.662748 0.042723 0.014921 1 21 1.000000
Soldiers_far_green.tga
  0 -33.318542 -14.553131 78.340630 0.346079 -0.882772 0.317716 0.041322 0.044827 1 21 1.000000
  0 -35.354717 -15.062176 76.304131 0.144726 -0.984270 0.101326 0.029640 0.029874 1 21 1.000000
  0 -32.936737 -10.989726 73.250130 0.748496 0.022779 -0.662748 0.042723 0.014921 1 21 1.000000
Soldiers_far_green.tga
  0 -36.372787 -7.903527 84.449135 -0.762610 -0.220095 0.608263 0.024266 0.082209 1 21 1.000000
  0 -36.500084 -10.735431 80.885635 -0.644115 -0.279330 0.712103 0.023098 0.059780 1 21 1.000000
  0 -30.773272 -10.989726 79.867630 0.521440 -0.755433 0.396763 0.055340 0.056042 1 21 1.000000
Soldiers_far_green.tga
  0 -36.500084 -10.735431 80.885635 -0.644115 -0.279330 0.712103 0.023098 0.059780 1 21 1.000000
  0 -33.318542 -14.553131 78.340630 0.346079 -0.882772 0.317716 0.041322 0.044827 1 21 1.000000
  0 -30.773272 -10.989726 79.867630 0.521440 -0.755433 0.396763 0.055340 0.056042 1 21 1.000000
Soldiers_far_green.tga
  0 -32.173172 -0.538429 77.831635 -0.375199 0.742612 -0.554755 0.592434 0.048345 1 21 1.000000
  0 -34.209358 -6.726628 76.813629 -0.460642 0.670369 -0.581734 0.580715 0.040533 1 21 1.000000
  0 -36.372787 -7.903527 84.449135 -0.762610 -0.220095 0.608263 0.565090 0.079595 1 21 1.000000
Soldiers_far_green.tga
  0 -34.209358 -6.726628 76.813629 -0.460642 0.670369 -0.581734 0.580715 0.040533 1 21 1.000000
  0 -36.500084 -10.735431 80.885635 -0.644115 -0.279330 0.712103 0.561184 0.060064 1 21 1.000000
  0 -36.372787 -7.903527 84.449135 -0.762610 -0.220095 0.608263 0.565090 0.079595 1 21 1.000000
Soldiers_far_green.tga
  0 -26.319122 -7.458478 75.286133 0.658785 -0.215954 -0.720671 0.619778 0.024908 1 21 1.000000
  0 -30.900522 -10.480626 75.795135 0.645942 -0.349597 -0.678632 0.600247 0.021002 1 21 1.000000
  0 -32.173172 -0.538429 77.831635 -0.375199 0.742612 -0.554755 0.592434 0.048345 1 21 1.000000
Soldiers_far_green.tga
  0 -30.900522 -10.480626 75.795135 0.645942 -0.349597 -0.678632 0.600247 0.021002 1 21 1.000000
  0 -34.209358 -6.726628 76.813629 -0.460642 0.670369 -0.581734 0.580715 0.040533 1 21 1.000000
  0 -32.173172 -0.538429 77.831635 -0.375199 0.742612 -0.554755 0.592434 0.048345 1 21 1.000000
Soldiers_far_green.tga
  0 -26.319122 -7.458478 75.286133 0.658785 -0.215954 -0.720671 0.080106 0.029874 1 21 1.000000
  0 -30.773272 -10.989726 79.867630 0.521440 -0.755433 0.396763 0.055340 0.056042 1 21 1.000000
  0 -30.900522 -10.480626 75.795135 0.645942 -0.349597 -0.678632 0.054873 0.029874 1 21 1.000000
Soldiers_far_green.tga
  0 -30.773272 -10.989726 79.867630 0.521440 -0.755433 0.396763 0.055340 0.056042 1 21 1.000000
  0 -33.318542 -14.553131 78.340630 0.346079 -0.882772 0.317716 0.041322 0.044827 1 21 1.000000
  0 -30.900522 -10.480626 75.795135 0.645942 -0.349597 -0.678632 0.054873 0.029874 1 21 1.000000
Soldiers_far_green.tga
  0 -25.301022 -3.974578 88.521629 0.167804 -0.937709 0.304211 0.090853 0.097162 2 20 0.500000 21 0.500000
  0 -22.755821 0.137723 85.976135 0.762679 0.105495 -0.638115 0.104872 0.082209 2 20 0.500000 21 0.500000
  0 -17.538071 -3.799628 96.666130 -0.280466 -0.956032 -0.085682 0.130105 0.149498 1 20 1.000000
Soldiers_far_green.tga
  0 -27.973572 0.057872 90.557632 -0.742804 0.095161 0.662712 0.075900 0.108377 2 20 0.500000 21 0.500000
  0 -36.372787 -7.903527 84.449135 -0.762610 -0.220095 0.608263 0.024266 0.082209 1 21 1.000000
  0 -30.773272 -10.989726 79.867630 0.521440 -0.755433 0.396763 0.055340 0.056042 1 21 1.000000
Soldiers_far_green.tga
  0 -25.301022 -3.974578 88.521629 0.167804 -0.937709 0.304211 0.090853 0.097162 2 20 0.500000 21 0.500000
  0 -30.773272 -10.989726 79.867630 0.521440 -0.755433 0.396763 0.055340 0.056042 1 21 1.000000
  0 -22.755821 0.137723 85.976135 0.762679 0.105495 -0.638115 0.104872 0.082209 2 20 0.500000 21 0.500000
Soldiers_far_green.tga
  0 -32.173172 -0.538429 77.831635 -0.375199 0.742612 -0.554755 0.592434 0.048345 1 21 1.000000
  0 -27.973572 0.057872 90.557632 -0.742804 0.095161 0.662712 0.611965 0.106939 2 20 0.500000 21 0.500000
  0 -25.937372 4.281569 88.012634 -0.223034 0.970805 -0.088283 0.623684 0.095220 2 20 0.500000 21 0.500000
Soldiers_far_green.tga
  0 -26.319122 -7.458478 75.286133 0.658785 -0.215954 -0.720671 0.619778 0.024908 1 21 1.000000
  0 -32.173172 -0.538429 77.831635 -0.375199 0.742612 -0.554755 0.592434 0.048345 1 21 1.000000
  0 -22.755821 0.137723 85.976135 0.762679 0.105495 -0.638115 0.643215 0.083502 2 20 0.500000 21 0.500000
Soldiers_far_green.tga
  0 -5.071872 14.462770 113.464630 0.000721 0.738710 -0.674023 0.011057 0.791199 1 24 1.000000
  0 -10.506872 10.326270 112.446632 -0.406706 0.504033 -0.761933 0.024008 0.784947 1 24 1.000000
  0 -5.071872 19.425701 122.118629 0.000061 0.838711 -0.544577 0.011057 0.864438 1 24 1.000000
Soldiers_far_green.tga
  0 -17.029022 -3.958827 114.992134 -0.959942 -0.225317 -0.166567 0.052589 0.823353 1 24 1.000000
  0 -14.992822 -4.610827 111.937630 -0.738148 -0.110892 -0.665463 0.051026 0.789413 1 24 1.000000
  0 -14.929172 -9.208076 114.992134 -0.747106 -0.647254 0.151309 0.097693 0.839430 1 24 1.000000
Soldiers_far_green.tga
  0 -12.829371 3.963670 111.428635 -0.537457 0.242356 -0.807715 0.040085 0.776016 1 24 1.000000
  0 -10.506872 10.326270 112.446632 -0.406706 0.504033 -0.761933 0.024008 0.784947 1 24 1.000000
  0 -7.532123 0.336322 108.374130 -0.650573 0.121797 -0.749613 0.039415 0.761725 1 24 1.000000
Soldiers_far_green.tga
  0 -5.071872 -13.344131 136.372116 -0.015311 -0.988393 0.151142 0.149496 0.976529 1 24 1.000000
  0 -15.947322 -7.967078 136.372116 -0.765608 -0.620085 0.171285 0.044774 0.973403 1 24 1.000000
  0 -16.265423 -10.226275 126.191132 -0.681791 -0.731374 -0.015923 0.075365 0.914008 1 24 1.000000
Soldiers_far_green.tga
  0 -19.446972 2.913425 136.372116 -0.996168 -0.083210 0.026934 0.038522 0.977869 1 24 1.000000
  0 -18.492573 -4.881429 124.154633 -0.964451 -0.252286 -0.078647 0.047007 0.880068 1 24 1.000000
  0 -15.947322 -7.967078 136.372116 -0.765608 -0.620085 0.171285 0.044774 0.973403 1 24 1.000000
Soldiers_far_green.tga
  0 -18.110722 4.504325 116.519135 -0.895383 0.185976 -0.404602 0.041648 0.834071 1 24 1.000000
  0 -17.029022 -3.958827 114.992134 -0.959942 -0.225317 -0.166567 0.052589 0.823353 1 24 1.000000
  0 -16.774521 -3.926778 116.010132 -0.960787 -0.277262 0.003755 0.052366 0.835857 1 24 1.000000
Soldiers_far_green.tga
  0 -11.461322 -1.691178 109.392632 -0.454956 0.086783 -0.886275 0.048793 0.762618 1 24 1.000000
  0 -12.829371 3.963670 111.428635 -0.537457 0.242356 -0.807715 0.040085 0.776016 1 24 1.000000
  0 -7.532123 0.336322 108.374130 -0.650573 0.121797 -0.749613 0.039415 0.761725 1 24 1.000000
Soldiers_far_green.tga
  0 -14.929172 -9.208076 114.992134 -0.747106 -0.647254 0.151309 0.097693 0.839430 1 24 1.000000
  0 -5.071872 -13.089625 110.919632 -0.000089 -0.831624 -0.555339 0.150390 0.812635 1 24 1.000000
  0 -5.071872 -14.998576 114.992134 -0.000207 -0.984958 0.172796 0.149496 0.844789 1 24 1.000000
Soldiers_far_green.tga
  0 -11.461322 -1.691178 109.392632 -0.454956 0.086783 -0.886275 0.048793 0.762618 1 24 1.000000
  0 -7.532123 0.336322 108.374130 -0.650573 0.121797 -0.749613 0.039415 0.761725 1 24 1.000000
  0 -5.071872 -2.284377 107.865135 0.000665 -0.434048 -0.900889 0.149496 0.731358 1 24 1.000000
Soldiers_far_green.tga
  0 -10.506872 10.326270 112.446632 -0.406706 0.504033 -0.761933 0.024008 0.784947 1 24 1.000000
  0 -5.071872 14.462770 113.464630 0.000721 0.738710 -0.674023 0.011057 0.791199 1 24 1.000000
  0 -5.071872 3.613274 108.883629 0.000454 0.591822 -0.806069 0.011057 0.766191 1 24 1.000000
Soldiers_far_green.tga
  0 -5.071872 -14.998576 114.992134 -0.000207 -0.984958 0.172796 0.149496 0.844789 1 24 1.000000
  0 -5.071872 -13.280526 116.519135 -0.000252 -0.916389 0.400289 0.149496 0.856400 1 24 1.000000
  0 -14.738272 -8.667425 115.501129 -0.714756 -0.621077 0.321539 0.083850 0.848361 1 24 1.000000
Soldiers_far_green.tga
  0 -14.738272 -8.667425 115.501129 -0.714756 -0.621077 0.321539 0.083850 0.848361 1 24 1.000000
  0 -5.071872 -14.044129 127.209129 -0.000153 -0.999762 -0.021826 0.149496 0.918921 1 24 1.000000
  0 -16.265423 -10.226275 126.191132 -0.681791 -0.731374 -0.015923 0.075365 0.914008 1 24 1.000000
Soldiers_far_green.tga
  0 -14.992822 -4.610827 111.937630 -0.738148 -0.110892 -0.665463 0.051026 0.789413 1 24 1.000000
  0 -11.461322 -1.691178 109.392632 -0.454956 0.086783 -0.886275 0.048793 0.762618 1 24 1.000000
  0 -9.138772 -9.048881 108.374130 -0.344554 -0.378273 -0.859181 0.124488 0.788520 1 24 1.000000
Soldiers_far_green.tga
  0 -17.029022 -3.958827 114.992134 -0.959942 -0.225317 -0.166567 0.052589 0.823353 1 24 1.000000
  0 -14.738272 -8.667425 115.501129 -0.714756 -0.621077 0.321539 0.083850 0.848361 1 24 1.000000
  0 -16.774521 -3.926778 116.010132 -0.960787 -0.277262 0.003755 0.052366 0.835857 1 24 1.000000
Soldiers_far_green.tga
  0 -14.738272 -8.667425 115.501129 -0.714756 -0.621077 0.321539 0.083850 0.848361 1 24 1.000000
  0 -16.265423 -10.226275 126.191132 -0.681791 -0.731374 -0.015923 0.075365 0.914008 1 24 1.000000
  0 -18.492573 -4.881429 124.154633 -0.964451 -0.252286 -0.078647 0.047007 0.880068 1 24 1.000000
Soldiers_far_green.tga
  0 -18.110722 4.504325 116.519135 -0.895383 0.185976 -0.404602 0.041648 0.834071 1 24 1.000000
  0 -15.629122 13.380969 120.082634 -0.713049 0.555883 -0.427264 0.028474 0.849254 1 24 1.000000
  0 -10.506872 10.326270 112.446632 -0.406706 0.504033 -0.761933 0.024008 0.784947 1 24 1.000000
Soldiers_far_green.tga
  0 -12.670271 -8.921725 110.919632 -0.618185 -0.516443 -0.592566 0.109751 0.814421 1 24 1.000000
  0 -9.138772 -9.048881 108.374130 -0.344554 -0.378273 -0.859181 0.124488 0.788520 1 24 1.000000
  0 -5.071872 -13.089625 110.919632 -0.000089 -0.831624 -0.555339 0.150390 0.812635 1 24 1.000000
Soldiers_far_green.tga
  0 -5.071872 -2.284377 107.865135 0.000665 -0.434048 -0.900889 0.149496 0.731358 1 24 1.000000
  0 -7.532123 0.336322 108.374130 -0.650573 0.121797 -0.749613 0.039415 0.761725 1 24 1.000000
  0 -7.532123 0.352622 103.793129 -0.988919 -0.148301 -0.006703 0.039415 0.722426 1 12 1.000000
Soldiers_far_green.tga
  0 -7.532123 0.352622 103.793129 -0.988919 -0.148301 -0.006703 0.039415 0.722426 1 12 1.000000
  0 -7.532123 0.336322 108.374130 -0.650573 0.121797 -0.749613 0.039415 0.761725 1 24 1.000000
  0 -5.071872 3.613274 108.883629 0.000454 0.591822 -0.806069 0.011057 0.766191 1 24 1.000000
Soldiers_far_green.tga
  0 -16.774521 -3.926778 116.010132 -0.960787 -0.277262 0.003755 0.052366 0.835857 1 24 1.000000
  0 -14.738272 -8.667425 115.501129 -0.714756 -0.621077 0.321539 0.083850 0.848361 1 24 1.000000
  0 -18.492573 -4.881429 124.154633 -0.964451 -0.252286 -0.078647 0.047007 0.880068 1 24 1.000000
Soldiers_far_green.tga
  0 -18.110722 4.504325 116.519135 -0.895383 0.185976 -0.404602 0.041648 0.834071 1 24 1.000000
  0 -16.774521 -3.926778 116.010132 -0.960787 -0.277262 0.003755 0.052366 0.835857 1 24 1.000000
  0 -18.492573 -4.881429 124.154633 -0.964451 -0.252286 -0.078647 0.047007 0.880068 1 24 1.000000
Soldiers_far_green.tga
  0 -19.446972 2.913425 136.372116 -0.996168 -0.083210 0.026934 0.038522 0.977869 1 24 1.000000
  0 -18.110722 4.504325 116.519135 -0.895383 0.185976 -0.404602 0.041648 0.834071 1 24 1.000000
  0 -18.492573 -4.881429 124.154633 -0.964451 -0.252286 -0.078647 0.047007 0.880068 1 24 1.000000
Soldiers_far_green.tga
  0 -18.492573 -4.881429 124.154633 -0.964451 -0.252286 -0.078647 0.047007 0.880068 1 24 1.000000
  0 -16.265423 -10.226275 126.191132 -0.681791 -0.731374 -0.015923 0.075365 0.914008 1 24 1.000000
  0 -15.947322 -7.967078 136.372116 -0.765608 -0.620085 0.171285 0.044774 0.973403 1 24 1.000000
Soldiers_far_green.tga
  0 -14.992822 -4.610827 111.937630 -0.738148 -0.110892 -0.665463 0.051026 0.789413 1 24 1.000000
  0 -12.670271 -8.921725 110.919632 -0.618185 -0.516443 -0.592566 0.109751 0.814421 1 24 1.000000
  0 -14.929172 -9.208076 114.992134 -0.747106 -0.647254 0.151309 0.097693 0.839430 1 24 1.000000
Soldiers_far_green.tga
  0 -17.029022 -3.958827 114.992134 -0.959942 -0.225317 -0.166567 0.052589 0.823353 1 24 1.000000
  0 -14.929172 -9.208076 114.992134 -0.747106 -0.647254 0.151309 0.097693 0.839430 1 24 1.000000
  0 -14.738272 -8.667425 115.501129 -0.714756 -0.621077 0.321539 0.083850 0.848361 1 24 1.000000
Soldiers_far_green.tga
  0 -14.992822 -4.610827 111.937630 -0.738148 -0.110892 -0.665463 0.051026 0.789413 1 24 1.000000
  0 -9.138772 -9.048881 108.374130 -0.344554 -0.378273 -0.859181 0.124488 0.788520 1 24 1.000000
  0 -12.670271 -8.921725 110.919632 -0.618185 -0.516443 -0.592566 0.109751 0.814421 1 24 1.000000
Soldiers_far_green.tga
  0 -11.461322 -1.691178 109.392632 -0.454956 0.086783 -0.886275 0.048793 0.762618 1 24 1.000000
  0 -14.992822 -4.610827 111.937630 -0.738148 -0.110892 -0.665463 0.051026 0.789413 1 24 1.000000
  0 -12.829371 3.963670 111.428635 -0.537457 0.242356 -0.807715 0.040085 0.776016 1 24 1.000000
Soldiers_far_green.tga
  0 -10.506872 10.326270 112.446632 -0.406706 0.504033 -0.761933 0.024008 0.784947 1 24 1.000000
  0 -5.071872 3.613274 108.883629 0.000454 0.591822 -0.806069 0.011057 0.766191 1 24 1.000000
  0 -7.532123 0.336322 108.374130 -0.650573 0.121797 -0.749613 0.039415 0.761725 1 24 1.000000
Soldiers_far_green.tga
  0 -14.992822 -4.610827 111.937630 -0.738148 -0.110892 -0.665463 0.051026 0.789413 1 24 1.000000
  0 -17.029022 -3.958827 114.992134 -0.959942 -0.225317 -0.166567 0.052589 0.823353 1 24 1.000000
  0 -18.110722 4.504325 116.519135 -0.895383 0.185976 -0.404602 0.041648 0.834071 1 24 1.000000
Soldiers_far_green.tga
  0 -10.506872 10.326270 112.446632 -0.406706 0.504033 -0.761933 0.024008 0.784947 1 24 1.000000
  0 -15.629122 13.380969 120.082634 -0.713049 0.555883 -0.427264 0.028474 0.849254 1 24 1.000000
  0 -5.071872 19.425701 122.118629 0.000061 0.838711 -0.544577 0.011057 0.864438 1 24 1.000000
Soldiers_far_green.tga
  0 -12.829371 3.963670 111.428635 -0.537457 0.242356 -0.807715 0.040085 0.776016 1 24 1.000000
  0 -18.110722 4.504325 116.519135 -0.895383 0.185976 -0.404602 0.041648 0.834071 1 24 1.000000
  0 -10.506872 10.326270 112.446632 -0.406706 0.504033 -0.761933 0.024008 0.784947 1 24 1.000000
Soldiers_far_green.tga
  0 -12.829371 3.963670 111.428635 -0.537457 0.242356 -0.807715 0.040085 0.776016 1 24 1.000000
  0 -14.992822 -4.610827 111.937630 -0.738148 -0.110892 -0.665463 0.051026 0.789413 1 24 1.000000
  0 -18.110722 4.504325 116.519135 -0.895383 0.185976 -0.404602 0.041648 0.834071 1 24 1.000000
Soldiers_far_green.tga
  0 -5.071872 3.454570 104.302132 0.000540 0.999400 -0.034620 0.011057 0.727785 1 12 1.000000
  0 -7.532123 0.352622 103.793129 -0.988919 -0.148301 -0.006703 0.039415 0.722426 1 12 1.000000
  0 -5.071872 3.613274 108.883629 0.000454 0.591822 -0.806069 0.011057 0.766191 1 24 1.000000
Soldiers_far_green.tga
  0 -5.071872 -14.044129 127.209129 -0.000153 -0.999762 -0.021826 0.149496 0.918921 1 24 1.000000
  0 -5.071872 -13.344131 136.372116 -0.015311 -0.988393 0.151142 0.149496 0.976529 1 24 1.000000
  0 -16.265423 -10.226275 126.191132 -0.681791 -0.731374 -0.015923 0.075365 0.914008 1 24 1.000000
Soldiers_far_green.tga
  0 -5.071872 -2.284377 107.865135 0.000665 -0.434048 -0.900889 0.149496 0.731358 1 24 1.000000
  0 -5.071872 -8.826125 107.865135 0.000263 -0.289611 -0.957144 0.149496 0.784054 1 24 1.000000
  0 -9.138772 -9.048881 108.374130 -0.344554 -0.378273 -0.859181 0.124488 0.788520 1 24 1.000000
Soldiers_far_green.tga
  0 -11.461322 -1.691178 109.392632 -0.454956 0.086783 -0.886275 0.048793 0.762618 1 24 1.000000
  0 -5.071872 -2.284377 107.865135 0.000665 -0.434048 -0.900889 0.149496 0.731358 1 24 1.000000
  0 -9.138772 -9.048881 108.374130 -0.344554 -0.378273 -0.859181 0.124488 0.788520 1 24 1.000000
Soldiers_far_green.tga
  0 -5.071872 -2.284377 102.774635 0.000405 -1.000000 0.000000 0.149496 0.720640 1 12 1.000000
  0 -5.071872 -2.284377 107.865135 0.000665 -0.434048 -0.900889 0.149496 0.731358 1 24 1.000000
  0 -7.532123 0.352622 103.793129 -0.988919 -0.148301 -0.006703 0.039415 0.722426 1 12 1.000000
Soldiers_far_green.tga
  0 -14.738272 -8.667425 115.501129 -0.714756 -0.621077 0.321539 0.083850 0.848361 1 24 1.000000
  0 -5.071872 -13.280526 116.519135 -0.000252 -0.916389 0.400289 0.149496 0.856400 1 24 1.000000
  0 -5.071872 -14.044129 127.209129 -0.000153 -0.999762 -0.021826 0.149496 0.918921 1 24 1.000000
Soldiers_far_green.tga
  0 -14.929172 -9.208076 114.992134 -0.747106 -0.647254 0.151309 0.097693 0.839430 1 24 1.000000
  0 -5.071872 -14.998576 114.992134 -0.000207 -0.984958 0.172796 0.149496 0.844789 1 24 1.000000
  0 -14.738272 -8.667425 115.501129 -0.714756 -0.621077 0.321539 0.083850 0.848361 1 24 1.000000
Soldiers_far_green.tga
  0 -14.929172 -9.208076 114.992134 -0.747106 -0.647254 0.151309 0.097693 0.839430 1 24 1.000000
  0 -12.670271 -8.921725 110.919632 -0.618185 -0.516443 -0.592566 0.109751 0.814421 1 24 1.000000
  0 -5.071872 -13.089625 110.919632 -0.000089 -0.831624 -0.555339 0.150390 0.812635 1 24 1.000000
Soldiers_far_green.tga
  0 -9.138772 -9.048881 108.374130 -0.344554 -0.378273 -0.859181 0.124488 0.788520 1 24 1.000000
  0 -5.071872 -8.826125 107.865135 0.000263 -0.289611 -0.957144 0.149496 0.784054 1 24 1.000000
  0 -5.071872 -13.089625 110.919632 -0.000089 -0.831624 -0.555339 0.150390 0.812635 1 24 1.000000
Soldiers_far_green.tga
  0 -18.110722 4.504325 116.519135 -0.895383 0.185976 -0.404602 0.041648 0.834071 1 24 1.000000
  0 -19.446972 2.913425 136.372116 -0.996168 -0.083210 0.026934 0.038522 0.977869 1 24 1.000000
  0 -15.629122 13.380969 120.082634 -0.713049 0.555883 -0.427264 0.028474 0.849254 1 24 1.000000
Soldiers_far_green.tga
  0 -5.071872 14.462770 113.464630 0.000721 0.738710 -0.674023 0.278111 0.791199 1 24 1.000000
  0 -5.071872 19.425701 122.118629 0.000061 0.838711 -0.544577 0.278111 0.864438 1 24 1.000000
  0 0.342228 10.326270 112.446632 0.405805 0.504288 -0.762244 0.269179 0.784947 1 24 1.000000
Soldiers_far_green.tga
  0 6.896229 -3.958827 114.992134 0.959941 -0.225320 -0.166565 0.245957 0.823353 1 24 1.000000
  0 4.796378 -9.208076 114.992134 0.746952 -0.647426 0.151336 0.201299 0.840323 1 24 1.000000
  0 4.860023 -4.610827 111.937630 0.737121 -0.110634 -0.666643 0.247744 0.789413 1 24 1.000000
Soldiers_far_green.tga
  0 2.696579 3.963670 111.428635 0.536822 0.243075 -0.807921 0.256675 0.776016 1 24 1.000000
  0 -2.616621 0.336322 108.374130 0.651127 0.121455 -0.749188 0.254889 0.761725 1 24 1.000000
  0 0.342228 10.326270 112.446632 0.405805 0.504288 -0.762244 0.269179 0.784947 1 24 1.000000
Soldiers_far_green.tga
  0 -5.071872 -13.344131 136.372116 -0.015311 -0.988393 0.151142 0.149496 0.976529 1 24 1.000000
  0 6.132628 -10.226275 126.191132 0.685830 -0.727761 -0.001163 0.223628 0.914008 1 24 1.000000
  0 5.750829 -7.967078 134.610184 0.799212 -0.557680 0.224172 0.254889 0.973403 1 24 1.000000
Soldiers_far_green.tga
  0 7.552351 2.913425 136.372116 0.994996 0.002193 0.099887 0.269179 0.977869 1 24 1.000000
  0 5.750829 -7.967078 134.610184 0.799212 -0.557680 0.224172 0.254889 0.973403 1 24 1.000000
  0 8.359729 -4.881429 124.154633 0.975994 -0.214031 -0.040323 0.251316 0.880068 1 24 1.000000
Soldiers_far_green.tga
  0 7.977973 4.504325 116.519135 0.906072 0.192062 -0.377023 0.256675 0.834071 1 24 1.000000
  0 6.641724 -3.926778 116.010132 0.960786 -0.277265 0.003760 0.245957 0.835857 1 24 1.000000
  0 6.896229 -3.958827 114.992134 0.959941 -0.225320 -0.166565 0.245957 0.823353 1 24 1.000000
Soldiers_far_green.tga
  0 1.296729 -1.691178 109.392632 0.452971 0.086003 -0.887367 0.245957 0.762618 1 24 1.000000
  0 -2.616621 0.336322 108.374130 0.651127 0.121455 -0.749188 0.254889 0.761725 1 24 1.000000
  0 2.696579 3.963670 111.428635 0.536822 0.243075 -0.807921 0.256675 0.776016 1 24 1.000000
Soldiers_far_green.tga
  0 4.796378 -9.208076 114.992134 0.746952 -0.647426 0.151336 0.201299 0.840323 1 24 1.000000
  0 -5.071872 -14.998576 114.992134 -0.000207 -0.984958 0.172796 0.149496 0.844789 1 24 1.000000
  0 -5.071872 -13.089625 110.919632 -0.000089 -0.831624 -0.555339 0.150390 0.812635 1 24 1.000000
Soldiers_far_green.tga
  0 1.296729 -1.691178 109.392632 0.452971 0.086003 -0.887367 0.245957 0.762618 1 24 1.000000
  0 -5.071872 -2.284377 107.865135 0.000665 -0.434048 -0.900889 0.149496 0.731358 1 24 1.000000
  0 -2.616621 0.336322 108.374130 0.651127 0.121455 -0.749188 0.254889 0.761725 1 24 1.000000
Soldiers_far_green.tga
  0 0.342228 10.326270 112.446632 0.405805 0.504288 -0.762244 0.269179 0.784947 1 24 1.000000
  0 -5.071872 3.613274 108.883629 0.000454 0.591822 -0.806069 0.278111 0.766191 1 24 1.000000
  0 -5.071872 14.462770 113.464630 0.000721 0.738710 -0.674023 0.278111 0.791199 1 24 1.000000
Soldiers_far_green.tga
  0 -5.071872 -14.998576 114.992134 -0.000207 -0.984958 0.172796 0.149496 0.844789 1 24 1.000000
  0 4.605478 -8.667425 115.501129 0.714620 -0.621211 0.321582 0.215590 0.848361 1 24 1.000000
  0 -5.071872 -13.280526 116.519135 -0.000252 -0.916389 0.400289 0.149496 0.856400 1 24 1.000000
Soldiers_far_green.tga
  0 4.605478 -8.667425 115.501129 0.714620 -0.621211 0.321582 0.215590 0.848361 1 24 1.000000
  0 6.132628 -10.226275 126.191132 0.685830 -0.727761 -0.001163 0.223628 0.914008 1 24 1.000000
  0 -5.071872 -14.044129 127.209129 -0.000153 -0.999762 -0.021826 0.149496 0.918921 1 24 1.000000
Soldiers_far_green.tga
  0 4.860023 -4.610827 111.937630 0.737121 -0.110634 -0.666643 0.247744 0.789413 1 24 1.000000
  0 -1.025824 -9.048881 108.374130 0.343241 -0.377341 -0.860116 0.174505 0.788520 1 24 1.000000
  0 1.296729 -1.691178 109.392632 0.452971 0.086003 -0.887367 0.245957 0.762618 1 24 1.000000
Soldiers_far_green.tga
  0 6.896229 -3.958827 114.992134 0.959941 -0.225320 -0.166565 0.245957 0.823353 1 24 1.000000
  0 6.641724 -3.926778 116.010132 0.960786 -0.277265 0.003760 0.245957 0.835857 1 24 1.000000
  0 4.605478 -8.667425 115.501129 0.714620 -0.621211 0.321582 0.215590 0.848361 1 24 1.000000
Soldiers_far_green.tga
  0 4.605478 -8.667425 115.501129 0.714620 -0.621211 0.321582 0.215590 0.848361 1 24 1.000000
  0 8.359729 -4.881429 124.154633 0.975994 -0.214031 -0.040323 0.251316 0.880068 1 24 1.000000
  0 6.132628 -10.226275 126.191132 0.685830 -0.727761 -0.001163 0.223628 0.914008 1 24 1.000000
Soldiers_far_green.tga
  0 7.977973 4.504325 116.519135 0.906072 0.192062 -0.377023 0.256675 0.834071 1 24 1.000000
  0 0.342228 10.326270 112.446632 0.405805 0.504288 -0.762244 0.269179 0.784947 1 24 1.000000
  0 5.496328 13.380969 120.082634 0.730672 0.552296 -0.401357 0.265607 0.849254 1 24 1.000000
Soldiers_far_green.tga
  0 2.537478 -8.921725 110.919632 0.617096 -0.515624 -0.594411 0.189688 0.814421 1 24 1.000000
  0 -5.071872 -13.089625 110.919632 -0.000089 -0.831624 -0.555339 0.150390 0.812635 1 24 1.000000
  0 -1.025824 -9.048881 108.374130 0.343241 -0.377341 -0.860116 0.174505 0.788520 1 24 1.000000
Soldiers_far_green.tga
  0 -5.071872 -2.284377 107.865135 0.000665 -0.434048 -0.900889 0.149496 0.731358 1 24 1.000000
  0 -2.616621 0.352622 103.793129 0.988941 -0.148161 -0.006691 0.254889 0.722426 1 12 1.000000
  0 -2.616621 0.336322 108.374130 0.651127 0.121455 -0.749188 0.254889 0.761725 1 24 1.000000
Soldiers_far_green.tga
  0 -2.616621 0.352622 103.793129 0.988941 -0.148161 -0.006691 0.254889 0.722426 1 12 1.000000
  0 -5.071872 3.613274 108.883629 0.000454 0.591822 -0.806069 0.278111 0.766191 1 24 1.000000
  0 -2.616621 0.336322 108.374130 0.651127 0.121455 -0.749188 0.254889 0.761725 1 24 1.000000
Soldiers_far_green.tga
  0 6.641724 -3.926778 116.010132 0.960786 -0.277265 0.003760 0.245957 0.835857 1 24 1.000000
  0 8.359729 -4.881429 124.154633 0.975994 -0.214031 -0.040323 0.251316 0.880068 1 24 1.000000
  0 4.605478 -8.667425 115.501129 0.714620 -0.621211 0.321582 0.215590 0.848361 1 24 1.000000
Soldiers_far_green.tga
  0 7.977973 4.504325 116.519135 0.906072 0.192062 -0.377023 0.256675 0.834071 1 24 1.000000
  0 8.359729 -4.881429 124.154633 0.975994 -0.214031 -0.040323 0.251316 0.880068 1 24 1.000000
  0 6.641724 -3.926778 116.010132 0.960786 -0.277265 0.003760 0.245957 0.835857 1 24 1.000000
Soldiers_far_green.tga
  0 7.552351 2.913425 136.372116 0.994996 0.002193 0.099887 0.269179 0.977869 1 24 1.000000
  0 8.359729 -4.881429 124.154633 0.975994 -0.214031 -0.040323 0.251316 0.880068 1 24 1.000000
  0 7.977973 4.504325 116.519135 0.906072 0.192062 -0.377023 0.256675 0.834071 1 24 1.000000
Soldiers_far_green.tga
  0 8.359729 -4.881429 124.154633 0.975994 -0.214031 -0.040323 0.251316 0.880068 1 24 1.000000
  0 5.750829 -7.967078 134.610184 0.799212 -0.557680 0.224172 0.254889 0.973403 1 24 1.000000
  0 6.132628 -10.226275 126.191132 0.685830 -0.727761 -0.001163 0.223628 0.914008 1 24 1.000000
Soldiers_far_green.tga
  0 4.860023 -4.610827 111.937630 0.737121 -0.110634 -0.666643 0.247744 0.789413 1 24 1.000000
  0 4.796378 -9.208076 114.992134 0.746952 -0.647426 0.151336 0.201299 0.840323 1 24 1.000000
  0 2.537478 -8.921725 110.919632 0.617096 -0.515624 -0.594411 0.189688 0.814421 1 24 1.000000
Soldiers_far_green.tga
  0 6.896229 -3.958827 114.992134 0.959941 -0.225320 -0.166565 0.245957 0.823353 1 24 1.000000
  0 4.605478 -8.667425 115.501129 0.714620 -0.621211 0.321582 0.215590 0.848361 1 24 1.000000
  0 4.796378 -9.208076 114.992134 0.746952 -0.647426 0.151336 0.201299 0.840323 1 24 1.000000
Soldiers_far_green.tga
  0 4.860023 -4.610827 111.937630 0.737121 -0.110634 -0.666643 0.247744 0.789413 1 24 1.000000
  0 2.537478 -8.921725 110.919632 0.617096 -0.515624 -0.594411 0.189688 0.814421 1 24 1.000000
  0 -1.025824 -9.048881 108.374130 0.343241 -0.377341 -0.860116 0.174505 0.788520 1 24 1.000000
Soldiers_far_green.tga
  0 1.296729 -1.691178 109.392632 0.452971 0.086003 -0.887367 0.245957 0.762618 1 24 1.000000
  0 2.696579 3.963670 111.428635 0.536822 0.243075 -0.807921 0.256675 0.776016 1 24 1.000000
  0 4.860023 -4.610827 111.937630 0.737121 -0.110634 -0.666643 0.247744 0.789413 1 24 1.000000
Soldiers_far_green.tga
  0 0.342228 10.326270 112.446632 0.405805 0.504288 -0.762244 0.269179 0.784947 1 24 1.000000
  0 -2.616621 0.336322 108.374130 0.651127 0.121455 -0.749188 0.254889 0.761725 1 24 1.000000
  0 -5.071872 3.613274 108.883629 0.000454 0.591822 -0.806069 0.278111 0.766191 1 24 1.000000
Soldiers_far_green.tga
  0 4.860023 -4.610827 111.937630 0.737121 -0.110634 -0.666643 0.247744 0.789413 1 24 1.000000
  0 7.977973 4.504325 116.519135 0.906072 0.192062 -0.377023 0.256675 0.834071 1 24 1.000000
  0 6.896229 -3.958827 114.992134 0.959941 -0.225320 -0.166565 0.245957 0.823353 1 24 1.000000
Soldiers_far_green.tga
  0 0.342228 10.326270 112.446632 0.405805 0.504288 -0.762244 0.269179 0.784947 1 24 1.000000
  0 -5.071872 19.425701 122.118629 0.000061 0.838711 -0.544577 0.278111 0.864438 1 24 1.000000
  0 5.496328 13.380969 120.082634 0.730672 0.552296 -0.401357 0.265607 0.849254 1 24 1.000000
Soldiers_far_green.tga
  0 2.696579 3.963670 111.428635 0.536822 0.243075 -0.807921 0.256675 0.776016 1 24 1.000000
  0 0.342228 10.326270 112.446632 0.405805 0.504288 -0.762244 0.269179 0.784947 1 24 1.000000
  0 7.977973 4.504325 116.519135 0.906072 0.192062 -0.377023 0.256675 0.834071 1 24 1.000000
Soldiers_far_green.tga
  0 2.696579 3.963670 111.428635 0.536822 0.243075 -0.807921 0.256675 0.776016 1 24 1.000000
  0 7.977973 4.504325 116.519135 0.906072 0.192062 -0.377023 0.256675 0.834071 1 24 1.000000
  0 4.860023 -4.610827 111.937630 0.737121 -0.110634 -0.666643 0.247744 0.789413 1 24 1.000000
Soldiers_far_green.tga
  0 -5.071872 3.454570 104.302132 0.000540 0.999400 -0.034620 0.278111 0.727785 1 12 1.000000
  0 -5.071872 3.613274 108.883629 0.000454 0.591822 -0.806069 0.278111 0.766191 1 24 1.000000
  0 -2.616621 0.352622 103.793129 0.988941 -0.148161 -0.006691 0.254889 0.722426 1 12 1.000000
Soldiers_far_green.tga
  0 -5.071872 -14.044129 127.209129 -0.000153 -0.999762 -0.021826 0.149496 0.918921 1 24 1.000000
  0 6.132628 -10.226275 126.191132 0.685830 -0.727761 -0.001163 0.223628 0.914008 1 24 1.000000
  0 -5.071872 -13.344131 136.372116 -0.015311 -0.988393 0.151142 0.149496 0.976529 1 24 1.000000
Soldiers_far_green.tga
  0 -5.071872 -2.284377 107.865135 0.000665 -0.434048 -0.900889 0.149496 0.731358 1 24 1.000000
  0 -1.025824 -9.048881 108.374130 0.343241 -0.377341 -0.860116 0.174505 0.788520 1 24 1.000000
  0 -5.071872 -8.826125 107.865135 0.000263 -0.289611 -0.957144 0.149496 0.784054 1 24 1.000000
Soldiers_far_green.tga
  0 1.296729 -1.691178 109.392632 0.452971 0.086003 -0.887367 0.245957 0.762618 1 24 1.000000
  0 -1.025824 -9.048881 108.374130 0.343241 -0.377341 -0.860116 0.174505 0.788520 1 24 1.000000
  0 -5.071872 -2.284377 107.865135 0.000665 -0.434048 -0.900889 0.149496 0.731358 1 24 1.000000
Soldiers_far_green.tga
  0 -5.071872 -2.284377 102.774635 0.000405 -1.000000 0.000000 0.149496 0.720640 1 12 1.000000
  0 -2.616621 0.352622 103.793129 0.988941 -0.148161 -0.006691 0.254889 0.722426 1 12 1.000000
  0 -5.071872 -2.284377 107.865135 0.000665 -0.434048 -0.900889 0.149496 0.731358 1 24 1.000000
Soldiers_far_green.tga
  0 4.605478 -8.667425 115.501129 0.714620 -0.621211 0.321582 0.215590 0.848361 1 24 1.000000
  0 -5.071872 -14.044129 127.209129 -0.000153 -0.999762 -0.021826 0.149496 0.918921 1 24 1.000000
  0 -5.071872 -13.280526 116.519135 -0.000252 -0.916389 0.400289 0.149496 0.856400 1 24 1.000000
Soldiers_far_green.tga
  0 4.796378 -9.208076 114.992134 0.746952 -0.647426 0.151336 0.201299 0.840323 1 24 1.000000
  0 4.605478 -8.667425 115.501129 0.714620 -0.621211 0.321582 0.215590 0.848361 1 24 1.000000
  0 -5.071872 -14.998576 114.992134 -0.000207 -0.984958 0.172796 0.149496 0.844789 1 24 1.000000
Soldiers_far_green.tga
  0 4.796378 -9.208076 114.992134 0.746952 -0.647426 0.151336 0.201299 0.840323 1 24 1.000000
  0 -5.071872 -13.089625 110.919632 -0.000089 -0.831624 -0.555339 0.150390 0.812635 1 24 1.000000
  0 2.537478 -8.921725 110.919632 0.617096 -0.515624 -0.594411 0.189688 0.814421 1 24 1.000000
Soldiers_far_green.tga
  0 -1.025824 -9.048881 108.374130 0.343241 -0.377341 -0.860116 0.174505 0.788520 1 24 1.000000
  0 -5.071872 -13.089625 110.919632 -0.000089 -0.831624 -0.555339 0.150390 0.812635 1 24 1.000000
  0 -5.071872 -8.826125 107.865135 0.000263 -0.289611 -0.957144 0.149496 0.784054 1 24 1.000000
Soldiers_far_green.tga
  0 7.977973 4.504325 116.519135 0.906072 0.192062 -0.377023 0.256675 0.834071 1 24 1.000000
  0 5.496328 13.380969 120.082634 0.730672 0.552296 -0.401357 0.265607 0.849254 1 24 1.000000
  0 7.552351 2.913425 136.372116 0.994996 0.002193 0.099887 0.269179 0.977869 1 24 1.000000
Soldiers_far_green.tga
  0 24.967276 -11.116880 76.304131 -0.921686 0.119079 -0.369209 0.864973 0.206266 1 15 1.000000
  0 26.876280 -15.762126 75.795135 -0.366661 -0.905588 0.213236 0.864973 0.206266 1 15 1.000000
  0 26.239780 -12.835126 78.340630 -0.192821 -0.667444 0.719263 0.863214 0.206266 1 15 1.000000
Soldiers_far_green.tga
  0 26.367281 -8.985331 76.813629 -0.261240 0.958960 -0.110221 0.847380 0.221891 1 15 1.000000
  0 27.894281 -10.862576 78.849632 0.507358 0.103343 0.855516 0.842102 0.221891 1 15 1.000000
  0 30.439791 -8.285478 73.250130 -0.007085 0.968928 -0.247240 0.849139 0.214078 1 15 1.000000
Soldiers_far_green.tga
  0 27.894281 -10.862576 78.849632 0.507358 0.103343 0.855516 0.870251 0.268766 1 15 1.000000
  0 26.239780 -12.835126 78.340630 -0.192821 -0.667444 0.719263 0.872010 0.264860 1 15 1.000000
  0 26.876280 -15.762126 75.795135 -0.366661 -0.905588 0.213236 0.875528 0.268766 1 15 1.000000
Soldiers_far_green.tga
  0 31.712290 -12.071525 68.668633 -0.098941 0.116087 -0.988299 0.856176 0.264860 1 15 1.000000
  0 31.203287 -15.253079 70.195633 -0.170056 -0.686513 -0.706951 0.857936 0.264860 1 15 1.000000
  0 30.439791 -8.285478 73.250130 -0.007085 0.968928 -0.247240 0.854417 0.264860 1 15 1.000000
Soldiers_far_green.tga
  0 30.439791 -8.285478 73.250130 -0.007085 0.968928 -0.247240 0.854417 0.264860 1 15 1.000000
  0 31.203287 -15.253079 70.195633 -0.170056 -0.686513 -0.706951 0.857936 0.264860 1 15 1.000000
  0 26.876280 -15.762126 75.795135 -0.366661 -0.905588 0.213236 0.859695 0.268766 1 15 1.000000
Soldiers_far_green.tga
  0 30.439791 -8.285478 73.250130 -0.007085 0.968928 -0.247240 0.849139 0.214078 1 15 1.000000
  0 33.748283 -11.625976 75.286133 0.765189 0.166793 0.621824 0.842102 0.214078 1 15 1.000000
  0 33.748283 -10.544181 71.723129 0.793501 0.521858 -0.313083 0.845621 0.206266 1 15 1.000000
Soldiers_far_green.tga
  0 33.748283 -11.625976 75.286133 0.765189 0.166793 0.621824 0.872010 0.190641 1 15 1.000000
  0 34.257790 -14.553130 73.250130 0.807684 -0.577598 0.118436 0.873769 0.190641 1 15 1.000000
  0 33.748283 -10.544181 71.723129 0.793501 0.521858 -0.313083 0.873769 0.194547 1 15 1.000000
Soldiers_far_green.tga
  0 30.439791 -8.285478 73.250130 -0.007085 0.968928 -0.247240 0.849139 0.214078 1 15 1.000000
  0 27.894281 -13.980426 70.195633 0.059336 -0.388244 -0.919645 0.854417 0.214078 1 15 1.000000
  0 24.967276 -11.116880 76.304131 -0.921686 0.119079 -0.369209 0.849139 0.221891 1 15 1.000000
Soldiers_far_green.tga
  0 33.748283 -11.625976 75.286133 0.765189 0.166793 0.621824 0.875528 0.206266 1 15 1.000000
  0 26.876280 -15.762126 75.795135 -0.366661 -0.905588 0.213236 0.872010 0.202360 1 15 1.000000
  0 34.257790 -14.553130 73.250130 0.807684 -0.577598 0.118436 0.875528 0.206266 1 15 1.000000
Soldiers_far_green.tga
  0 26.876280 -15.762126 75.795135 -0.366661 -0.905588 0.213236 0.864973 0.206266 1 15 1.000000
  0 24.967276 -11.116880 76.304131 -0.921686 0.119079 -0.369209 0.864973 0.206266 1 15 1.000000
  0 27.894281 -13.980426 70.195633 0.059336 -0.388244 -0.919645 0.868491 0.206266 1 15 1.000000
Soldiers_far_green.tga
  0 30.439791 -8.285478 73.250130 -0.007085 0.968928 -0.247240 0.861454 0.237516 1 15 1.000000
  0 26.876280 -15.762126 75.795135 -0.366661 -0.905588 0.213236 0.856176 0.237516 1 15 1.000000
  0 27.894281 -13.980426 70.195633 0.059336 -0.388244 -0.919645 0.857936 0.233610 1 15 1.000000
Soldiers_far_green.tga
  0 30.439791 -8.285478 73.250130 -0.007085 0.968928 -0.247240 0.849139 0.214078 1 15 1.000000
  0 33.748283 -10.544181 71.723129 0.793501 0.521858 -0.313083 0.845621 0.206266 1 15 1.000000
  0 31.712290 -12.071525 68.668633 -0.098941 0.116087 -0.988299 0.852658 0.206266 1 15 1.000000
Soldiers_far_green.tga
  0 33.748283 -10.544181 71.723129 0.793501 0.521858 -0.313083 0.873769 0.194547 1 15 1.000000
  0 34.257790 -14.553130 73.250130 0.807684 -0.577598 0.118436 0.873769 0.190641 1 15 1.000000
  0 31.712290 -12.071525 68.668633 -0.098941 0.116087 -0.988299 0.875528 0.190641 1 15 1.000000
Soldiers_far_green.tga
  0 34.257790 -14.553130 73.250130 0.807684 -0.577598 0.118436 0.873769 0.202360 1 15 1.000000
  0 26.876280 -15.762126 75.795135 -0.366661 -0.905588 0.213236 0.872010 0.198453 1 15 1.000000
  0 31.203287 -15.253079 70.195633 -0.170056 -0.686513 -0.706951 0.875528 0.202360 1 15 1.000000
Soldiers_far_green.tga
  0 30.439791 -8.285478 73.250130 -0.007085 0.968928 -0.247240 0.849139 0.214078 1 15 1.000000
  0 24.967276 -11.116880 76.304131 -0.921686 0.119079 -0.369209 0.849139 0.221891 1 15 1.000000
  0 26.367281 -8.985331 76.813629 -0.261240 0.958960 -0.110221 0.847380 0.221891 1 15 1.000000
Soldiers_far_green.tga
  0 27.894281 -10.862576 78.849632 0.507358 0.103343 0.855516 0.870251 0.268766 1 15 1.000000
  0 26.876280 -15.762126 75.795135 -0.366661 -0.905588 0.213236 0.875528 0.268766 1 15 1.000000
  0 33.748283 -11.625976 75.286133 0.765189 0.166793 0.621824 0.870251 0.276578 1 15 1.000000
Soldiers_far_green.tga
  0 30.439791 -8.285478 73.250130 -0.007085 0.968928 -0.247240 0.849139 0.214078 1 15 1.000000
  0 27.894281 -10.862576 78.849632 0.507358 0.103343 0.855516 0.842102 0.221891 1 15 1.000000
  0 33.748283 -11.625976 75.286133 0.765189 0.166793 0.621824 0.842102 0.214078 1 15 1.000000
Soldiers_far_green.tga
  0 31.712290 -12.071525 68.668633 -0.098941 0.116087 -0.988299 0.875528 0.190641 1 15 1.000000
  0 34.257790 -14.553130 73.250130 0.807684 -0.577598 0.118436 0.873769 0.190641 1 15 1.000000
  0 31.203287 -15.253079 70.195633 -0.170056 -0.686513 -0.706951 0.875528 0.190641 1 15 1.000000
Soldiers_far_green.tga
  0 -35.100212 -12.835126 77.831635 0.213988 -0.667093 0.713580 0.863214 0.206266 1 22 1.000000
  0 -35.736519 -15.762126 75.286133 0.331490 -0.905572 0.264676 0.864973 0.206266 1 22 1.000000
  0 -33.827595 -11.116880 75.795135 0.967844 0.101596 -0.230124 0.864973 0.206266 1 22 1.000000
Soldiers_far_green.tga
  0 -38.027222 -8.285478 72.232132 0.094209 0.947163 -0.306606 0.849139 0.214078 1 22 1.000000
  0 -36.881866 -10.862576 78.340630 -0.593746 0.118681 0.795852 0.842102 0.221891 1 22 1.000000
  0 -35.227459 -8.985331 76.304131 0.210469 0.977324 0.023261 0.847380 0.221891 1 22 1.000000
Soldiers_far_green.tga
  0 -35.736519 -15.762126 75.286133 0.331490 -0.905572 0.264676 0.875528 0.268766 1 22 1.000000
  0 -35.100212 -12.835126 77.831635 0.213988 -0.667093 0.713580 0.872010 0.264860 1 22 1.000000
  0 -36.881866 -10.862576 78.340630 -0.593746 0.118681 0.795852 0.870251 0.268766 1 22 1.000000
Soldiers_far_green.tga
  0 -38.027222 -8.285478 72.232132 0.094209 0.947163 -0.306606 0.854417 0.264860 1 22 1.000000
  0 -39.045273 -15.253079 69.177635 0.183582 -0.662478 -0.726237 0.857936 0.264860 1 22 1.000000
  0 -39.554344 -12.071525 68.159630 0.083464 0.132203 -0.987702 0.856176 0.264860 1 22 1.000000
Soldiers_far_green.tga
  0 -35.736519 -15.762126 75.286133 0.331490 -0.905572 0.264676 0.859695 0.268766 1 22 1.000000
  0 -39.045273 -15.253079 69.177635 0.183582 -0.662478 -0.726237 0.857936 0.264860 1 22 1.000000
  0 -38.027222 -8.285478 72.232132 0.094209 0.947163 -0.306606 0.854417 0.264860 1 22 1.000000
Soldiers_far_green.tga
  0 -41.590523 -10.544181 70.704636 -0.773657 0.522686 -0.358126 0.845621 0.206266 1 22 1.000000
  0 -41.590523 -11.625976 74.777130 -0.796704 0.169233 0.580193 0.842102 0.214078 1 22 1.000000
  0 -38.027222 -8.285478 72.232132 0.094209 0.947163 -0.306606 0.849139 0.214078 1 22 1.000000
Soldiers_far_green.tga
  0 -41.590523 -10.544181 70.704636 -0.773657 0.522686 -0.358126 0.873769 0.194547 1 22 1.000000
  0 -42.099625 -14.553130 72.232132 -0.820721 -0.569749 0.042450 0.873769 0.190641 1 22 1.000000
  0 -41.590523 -11.625976 74.777130 -0.796704 0.169233 0.580193 0.872010 0.190641 1 22 1.000000
Soldiers_far_green.tga
  0 -33.827595 -11.116880 75.795135 0.967844 0.101596 -0.230124 0.849139 0.221891 1 22 1.000000
  0 -35.863777 -13.980426 69.177635 0.027637 -0.383716 -0.923037 0.854417 0.214078 1 22 1.000000
  0 -38.027222 -8.285478 72.232132 0.094209 0.947163 -0.306606 0.849139 0.214078 1 22 1.000000
Soldiers_far_green.tga
  0 -42.099625 -14.553130 72.232132 -0.820721 -0.569749 0.042450 0.875528 0.206266 1 22 1.000000
  0 -35.736519 -15.762126 75.286133 0.331490 -0.905572 0.264676 0.872010 0.202360 1 22 1.000000
  0 -41.590523 -11.625976 74.777130 -0.796704 0.169233 0.580193 0.875528 0.206266 1 22 1.000000
Soldiers_far_green.tga
  0 -35.863777 -13.980426 69.177635 0.027637 -0.383716 -0.923037 0.868491 0.206266 1 22 1.000000
  0 -33.827595 -11.116880 75.795135 0.967844 0.101596 -0.230124 0.864973 0.206266 1 22 1.000000
  0 -35.736519 -15.762126 75.286133 0.331490 -0.905572 0.264676 0.864973 0.206266 1 22 1.000000
Soldiers_far_green.tga
  0 -35.863777 -13.980426 69.177635 0.027637 -0.383716 -0.923037 0.857936 0.233610 1 22 1.000000
  0 -35.736519 -15.762126 75.286133 0.331490 -0.905572 0.264676 0.856176 0.237516 1 22 1.000000
  0 -38.027222 -8.285478 72.232132 0.094209 0.947163 -0.306606 0.861454 0.237516 1 22 1.000000
Soldiers_far_green.tga
  0 -39.554344 -12.071525 68.159630 0.083464 0.132203 -0.987702 0.852658 0.206266 1 22 1.000000
  0 -41.590523 -10.544181 70.704636 -0.773657 0.522686 -0.358126 0.845621 0.206266 1 22 1.000000
  0 -38.027222 -8.285478 72.232132 0.094209 0.947163 -0.306606 0.849139 0.214078 1 22 1.000000
Soldiers_far_green.tga
  0 -39.554344 -12.071525 68.159630 0.083464 0.132203 -0.987702 0.875528 0.190641 1 22 1.000000
  0 -42.099625 -14.553130 72.232132 -0.820721 -0.569749 0.042450 0.873769 0.190641 1 22 1.000000
  0 -41.590523 -10.544181 70.704636 -0.773657 0.522686 -0.358126 0.873769 0.194547 1 22 1.000000
Soldiers_far_green.tga
  0 -39.045273 -15.253079 69.177635 0.183582 -0.662478 -0.726237 0.875528 0.202360 1 22 1.000000
  0 -35.736519 -15.762126 75.286133 0.331490 -0.905572 0.264676 0.872010 0.198453 1 22 1.000000
  0 -42.099625 -14.553130 72.232132 -0.820721 -0.569749 0.042450 0.873769 0.202360 1 22 1.000000
Soldiers_far_green.tga
  0 -35.227459 -8.985331 76.304131 0.210469 0.977324 0.023261 0.847380 0.221891 1 22 1.000000
  0 -33.827595 -11.116880 75.795135 0.967844 0.101596 -0.230124 0.849139 0.221891 1 22 1.000000
  0 -38.027222 -8.285478 72.232132 0.094209 0.947163 -0.306606 0.849139 0.214078 1 22 1.000000
Soldiers_far_green.tga
  0 -41.590523 -11.625976 74.777130 -0.796704 0.169233 0.580193 0.870251 0.276578 1 22 1.000000
  0 -35.736519 -15.762126 75.286133 0.331490 -0.905572 0.264676 0.875528 0.268766 1 22 1.000000
  0 -36.881866 -10.862576 78.340630 -0.593746 0.118681 0.795852 0.870251 0.268766 1 22 1.000000
Soldiers_far_green.tga
  0 -41.590523 -11.625976 74.777130 -0.796704 0.169233 0.580193 0.842102 0.214078 1 22 1.000000
  0 -36.881866 -10.862576 78.340630 -0.593746 0.118681 0.795852 0.842102 0.221891 1 22 1.000000
  0 -38.027222 -8.285478 72.232132 0.094209 0.947163 -0.306606 0.849139 0.214078 1 22 1.000000
Soldiers_far_green.tga
  0 -39.045273 -15.253079 69.177635 0.183582 -0.662478 -0.726237 0.875528 0.190641 1 22 1.000000
  0 -42.099625 -14.553130 72.232132 -0.820721 -0.569749 0.042450 0.873769 0.190641 1 22 1.000000
  0 -39.554344 -12.071525 68.159630 0.083464 0.132203 -0.987702 0.875528 0.190641 1 22 1.000000
Soldiers_far_green.tga
  0 -13.772121 21.294001 128.953629 -0.356158 0.891117 0.281181 0.768196 0.387647 1 24 1.000000
  0 -14.168772 22.407345 118.147629 -0.407059 0.913332 0.011312 0.776672 0.355009 1 24 1.000000
  0 -25.326572 9.414720 129.229630 -0.938603 0.259576 0.227255 0.718002 0.375542 1 24 1.000000
Soldiers_far_green.tga
  0 -25.326572 9.414720 129.229630 -0.938603 0.259576 0.227255 0.718002 0.375542 1 24 1.000000
  0 -14.168772 22.407345 118.147629 -0.407059 0.913332 0.011312 0.776672 0.355009 1 24 1.000000
  0 -25.216022 9.205619 117.517136 -0.971104 0.238399 0.011093 0.721075 0.337554 1 24 1.000000
Soldiers_far_green.tga
  0 -22.388922 -7.276729 131.054977 -0.881281 -0.406718 0.240674 0.528529 0.370288 1 24 1.000000
  0 -12.075922 -19.159880 124.577431 -0.404036 -0.914623 -0.014840 0.574052 0.330412 1 24 1.000000
  0 -13.125722 -16.639780 133.060135 -0.407988 -0.790713 0.456418 0.569597 0.372747 1 24 1.000000
Soldiers_far_green.tga
  0 -12.075922 -19.159880 124.577431 -0.404036 -0.914623 -0.014840 0.574052 0.330412 1 24 1.000000
  0 -0.675173 -17.158325 132.951187 0.353597 -0.824491 0.441795 0.609125 0.372446 1 24 1.000000
  0 -13.125722 -16.639780 133.060135 -0.407988 -0.790713 0.456418 0.569597 0.372747 1 24 1.000000
Soldiers_far_green.tga
  0 2.545178 21.423260 128.953629 0.428815 0.858234 0.282049 0.768196 0.387647 1 24 1.000000
  0 12.485678 7.700320 129.903122 0.948807 0.186428 0.254969 0.718002 0.375542 1 24 1.000000
  0 2.201529 22.453051 118.071632 0.448469 0.893798 0.000710 0.776672 0.355009 1 24 1.000000
Soldiers_far_green.tga
  0 2.201529 22.453051 118.071632 0.448469 0.893798 0.000710 0.776672 0.355009 1 24 1.000000
  0 12.485678 7.700320 129.903122 0.948807 0.186428 0.254969 0.718002 0.375542 1 24 1.000000
  0 12.165024 7.447120 117.662636 0.981921 0.189288 0.001051 0.721075 0.337554 1 24 1.000000
Soldiers_far_green.tga
  0 2.545178 21.423260 128.953629 0.428815 0.858234 0.282049 0.768196 0.387647 1 24 1.000000
  0 -13.772121 21.294001 128.953629 -0.356158 0.891117 0.281181 0.817536 0.407480 1 24 1.000000
  0 -6.087222 15.963319 139.193130 0.014462 0.636198 0.771390 0.771925 0.439344 1 24 1.000000
Soldiers_far_green.tga
  0 -19.883171 3.199219 138.611618 -0.651241 -0.008842 0.758820 0.679898 0.417260 1 24 1.000000
  0 -17.191422 14.580470 136.893112 -0.513604 0.549567 0.658928 0.742654 0.411196 1 24 1.000000
  0 -25.326572 9.414720 129.229630 -0.938603 0.259576 0.227255 0.718002 0.375542 1 24 1.000000
Soldiers_far_green.tga
  0 -13.125722 -16.639780 133.060135 -0.407988 -0.790713 0.456418 0.569597 0.372747 1 24 1.000000
  0 -0.675173 -17.158325 132.951187 0.353597 -0.824491 0.441795 0.609125 0.372446 1 24 1.000000
  0 -6.087222 -9.856425 141.387619 0.015844 -0.449258 0.893262 0.592061 0.426486 1 24 1.000000
Soldiers_far_green.tga
  0 6.164828 1.330373 138.611618 0.631016 -0.064522 0.773082 0.679898 0.417260 1 24 1.000000
  0 8.789328 -8.898630 131.600510 0.835084 -0.457198 0.305948 0.650374 0.375840 1 24 1.000000
  0 12.485678 7.700320 129.903122 0.948807 0.186428 0.254969 0.718002 0.375542 1 24 1.000000
Soldiers_far_green.tga
  0 -19.883171 3.199219 138.611618 -0.651241 -0.008842 0.758820 0.679898 0.417260 1 24 1.000000
  0 -6.087222 3.723574 144.350632 0.017750 0.055528 0.998299 0.749003 0.453649 1 24 1.000000
  0 -17.191422 14.580470 136.893112 -0.513604 0.549567 0.658928 0.742654 0.411196 1 24 1.000000
Soldiers_far_green.tga
  0 -6.087222 -9.856425 141.387619 0.015844 -0.449258 0.893262 0.592061 0.426486 1 24 1.000000
  0 -6.087222 3.723574 144.350632 0.017750 0.055528 0.998299 0.552373 0.482888 1 24 1.000000
  0 -16.656372 -7.073379 137.581619 -0.539575 -0.365258 0.758581 0.552486 0.400657 1 24 1.000000
Soldiers_far_green.tga
  0 6.164828 1.330373 138.611618 0.631016 -0.064522 0.773082 0.679898 0.417260 1 24 1.000000
  0 -6.087222 3.723574 144.350632 0.017750 0.055528 0.998299 0.632792 0.483906 1 24 1.000000
  0 2.891479 -8.283877 137.498611 0.513342 -0.389216 0.764847 0.627166 0.404544 1 24 1.000000
Soldiers_far_green.tga
  0 4.736228 13.496520 137.049118 0.552621 0.468183 0.689504 0.742654 0.411196 1 24 1.000000
  0 -6.087222 3.723574 144.350632 0.017750 0.055528 0.998299 0.749003 0.453649 1 24 1.000000
  0 6.164828 1.330373 138.611618 0.631016 -0.064522 0.773082 0.679898 0.417260 1 24 1.000000
Soldiers_far_green.tga
  0 -25.326572 9.414720 129.229630 -0.938603 0.259576 0.227255 0.718002 0.375542 1 24 1.000000
  0 -21.261871 -7.473228 123.255913 -0.886912 -0.452078 -0.094940 0.650730 0.329778 1 24 1.000000
  0 -22.388922 -7.276729 131.054977 -0.881281 -0.406718 0.240674 0.650374 0.375840 1 24 1.000000
Soldiers_far_green.tga
  0 -0.675173 -17.158325 132.951187 0.353597 -0.824491 0.441795 0.609125 0.372446 1 24 1.000000
  0 7.905378 -10.129625 122.424042 0.851076 -0.524508 -0.023666 0.650730 0.329778 1 24 1.000000
  0 8.789328 -8.898630 131.600510 0.835084 -0.457198 0.305948 0.650374 0.375840 1 24 1.000000
Soldiers_far_green.tga
  0 -22.388922 -7.276729 131.054977 -0.881281 -0.406718 0.240674 0.650374 0.375840 1 24 1.000000
  0 -19.883171 3.199219 138.611618 -0.651241 -0.008842 0.758820 0.679898 0.417260 1 24 1.000000
  0 -25.326572 9.414720 129.229630 -0.938603 0.259576 0.227255 0.718002 0.375542 1 24 1.000000
Soldiers_far_green.tga
  0 -21.261871 -7.473228 123.255913 -0.886912 -0.452078 -0.094940 0.650730 0.329778 1 24 1.000000
  0 -25.835522 9.718921 103.945633 -0.970867 0.239051 0.016494 0.722364 0.285598 1 24 1.000000
  0 -19.123920 -8.375829 103.114632 -0.738299 -0.672747 -0.048221 0.670784 0.274246 1 24 1.000000
Soldiers_far_green.tga
  0 -21.261871 -7.473228 123.255913 -0.886912 -0.452078 -0.094940 0.650730 0.329778 1 24 1.000000
  0 -19.123920 -8.375829 103.114632 -0.738299 -0.672747 -0.048221 0.670784 0.274246 1 24 1.000000
  0 -15.937021 -10.234176 102.547134 -0.505672 -0.862595 -0.015020 0.652106 0.268554 1 24 1.000000
Soldiers_far_green.tga
  0 -21.261871 -7.473228 123.255913 -0.886912 -0.452078 -0.094940 0.528947 0.329553 1 24 1.000000
  0 -12.075922 -19.159880 124.577431 -0.404036 -0.914623 -0.014840 0.574052 0.330412 1 24 1.000000
  0 -22.388922 -7.276729 131.054977 -0.881281 -0.406718 0.240674 0.528529 0.370288 1 24 1.000000
Soldiers_far_green.tga
  0 -12.075922 -19.159880 124.577431 -0.404036 -0.914623 -0.014840 0.574052 0.330412 1 24 1.000000
  0 -1.247324 -19.270430 124.577431 0.363599 -0.931554 -0.001695 0.609149 0.330334 1 24 1.000000
  0 -0.675173 -17.158325 132.951187 0.353597 -0.824491 0.441795 0.609125 0.372446 1 24 1.000000
Soldiers_far_green.tga
  0 -1.247324 -19.270430 124.577431 0.363599 -0.931554 -0.001695 0.609149 0.330334 1 24 1.000000
  0 7.905378 -10.129625 122.424042 0.851076 -0.524508 -0.023666 0.650730 0.329778 1 24 1.000000
  0 -0.675173 -17.158325 132.951187 0.353597 -0.824491 0.441795 0.609125 0.372446 1 24 1.000000
Soldiers_far_green.tga
  0 -25.216022 9.205619 117.517136 -0.971104 0.238399 0.011093 0.721075 0.337554 1 24 1.000000
  0 -21.261871 -7.473228 123.255913 -0.886912 -0.452078 -0.094940 0.650730 0.329778 1 24 1.000000
  0 -25.326572 9.414720 129.229630 -0.938603 0.259576 0.227255 0.718002 0.375542 1 24 1.000000
Soldiers_far_green.tga
  0 2.201529 22.453051 118.071632 0.448469 0.893798 0.000710 0.776672 0.355009 1 24 1.000000
  0 -14.168772 22.407345 118.147629 -0.407059 0.913332 0.011312 0.827092 0.366693 1 24 1.000000
  0 2.545178 21.423260 128.953629 0.428815 0.858234 0.282049 0.768196 0.387647 1 24 1.000000
Soldiers_far_green.tga
  0 2.545178 21.423260 128.953629 0.428815 0.858234 0.282049 0.768196 0.387647 1 24 1.000000
  0 -14.168772 22.407345 118.147629 -0.407059 0.913332 0.011312 0.827092 0.366693 1 24 1.000000
  0 -13.772121 21.294001 128.953629 -0.356158 0.891117 0.281181 0.817536 0.407480 1 24 1.000000
Soldiers_far_green.tga
  0 7.905378 -10.129625 122.424042 0.851076 -0.524508 -0.023666 0.650730 0.329778 1 24 1.000000
  0 12.485678 7.700320 129.903122 0.948807 0.186428 0.254969 0.718002 0.375542 1 24 1.000000
  0 8.789328 -8.898630 131.600510 0.835084 -0.457198 0.305948 0.650374 0.375840 1 24 1.000000
Soldiers_far_green.tga
  0 6.743078 -11.249781 102.901634 0.661073 -0.750313 0.003693 0.670784 0.274246 1 24 1.000000
  0 12.849274 5.904019 102.855629 0.993397 0.114716 -0.001656 0.722364 0.285598 1 24 1.000000
  0 7.905378 -10.129625 122.424042 0.851076 -0.524508 -0.023666 0.650730 0.329778 1 24 1.000000
Soldiers_far_green.tga
  0 12.165024 7.447120 117.662636 0.981921 0.189288 0.001051 0.721075 0.337554 1 24 1.000000
  0 12.485678 7.700320 129.903122 0.948807 0.186428 0.254969 0.718002 0.375542 1 24 1.000000
  0 7.905378 -10.129625 122.424042 0.851076 -0.524508 -0.023666 0.650730 0.329778 1 24 1.000000
Soldiers_far_green.tga
  0 12.849274 5.904019 102.855629 0.993397 0.114716 -0.001656 0.722364 0.285598 1 24 1.000000
  0 12.165024 7.447120 117.662636 0.981921 0.189288 0.001051 0.721075 0.337554 1 24 1.000000
  0 7.905378 -10.129625 122.424042 0.851076 -0.524508 -0.023666 0.650730 0.329778 1 24 1.000000
Soldiers_far_green.tga
  0 12.165024 7.447120 117.662636 0.981921 0.189288 0.001051 0.721075 0.337554 1 24 1.000000
  0 12.849274 5.904019 102.855629 0.993397 0.114716 -0.001656 0.722364 0.285598 1 24 1.000000
  0 2.201529 22.453051 118.071632 0.448469 0.893798 0.000710 0.776672 0.355009 1 24 1.000000
Soldiers_far_green.tga
  0 2.201529 22.453051 118.071632 0.448469 0.893798 0.000710 0.776672 0.355009 1 24 1.000000
  0 12.849274 5.904019 102.855629 0.993397 0.114716 -0.001656 0.722364 0.285598 1 24 1.000000
  0 2.631629 21.316616 103.741631 0.496620 0.866300 -0.053796 0.779071 0.304066 1 24 1.000000
Soldiers_far_green.tga
  0 -14.168772 22.407345 118.147629 -0.407059 0.913332 0.011312 0.827092 0.366693 1 24 1.000000
  0 2.201529 22.453051 118.071632 0.448469 0.893798 0.000710 0.776672 0.355009 1 24 1.000000
  0 -14.479072 21.303465 103.913132 -0.419371 0.907007 -0.038288 0.828554 0.310978 1 24 1.000000
Soldiers_far_green.tga
  0 -14.479072 21.303465 103.913132 -0.419371 0.907007 -0.038288 0.828554 0.310978 1 24 1.000000
  0 2.201529 22.453051 118.071632 0.448469 0.893798 0.000710 0.776672 0.355009 1 24 1.000000
  0 2.631629 21.316616 103.741631 0.496620 0.866300 -0.053796 0.779071 0.304066 1 24 1.000000
Soldiers_far_green.tga
  0 -14.168772 22.407345 118.147629 -0.407059 0.913332 0.011312 0.776672 0.355009 1 24 1.000000
  0 -14.479072 21.303465 103.913132 -0.419371 0.907007 -0.038288 0.779071 0.304066 1 24 1.000000
  0 -25.216022 9.205619 117.517136 -0.971104 0.238399 0.011093 0.721075 0.337554 1 24 1.000000
Soldiers_far_green.tga
  0 -25.216022 9.205619 117.517136 -0.971104 0.238399 0.011093 0.721075 0.337554 1 24 1.000000
  0 -14.479072 21.303465 103.913132 -0.419371 0.907007 -0.038288 0.779071 0.304066 1 24 1.000000
  0 -25.835522 9.718921 103.945633 -0.970867 0.239051 0.016494 0.722364 0.285598 1 24 1.000000
Soldiers_far_green.tga
  0 -25.835522 9.718921 103.945633 -0.970867 0.239051 0.016494 0.722364 0.285598 1 24 1.000000
  0 -21.261871 -7.473228 123.255913 -0.886912 -0.452078 -0.094940 0.650730 0.329778 1 24 1.000000
  0 -25.216022 9.205619 117.517136 -0.971104 0.238399 0.011093 0.721075 0.337554 1 24 1.000000
Soldiers_far_green.tga
  0 -16.656372 -7.073379 137.581619 -0.539575 -0.365258 0.758581 0.552486 0.400657 1 24 1.000000
  0 -19.883171 3.199219 138.611618 -0.651241 -0.008842 0.758820 0.503365 0.422453 1 24 1.000000
  0 -22.388922 -7.276729 131.054977 -0.881281 -0.406718 0.240674 0.528529 0.370288 1 24 1.000000
Soldiers_far_green.tga
  0 6.164828 1.330373 138.611618 0.631016 -0.064522 0.773082 0.679898 0.417260 1 24 1.000000
  0 2.891479 -8.283877 137.498611 0.513342 -0.389216 0.764847 0.627166 0.404544 1 24 1.000000
  0 8.789328 -8.898630 131.600510 0.835084 -0.457198 0.305948 0.650374 0.375840 1 24 1.000000
Soldiers_far_green.tga
  0 -13.125722 -16.639780 133.060135 -0.407988 -0.790713 0.456418 0.569597 0.372747 1 24 1.000000
  0 -16.656372 -7.073379 137.581619 -0.539575 -0.365258 0.758581 0.552486 0.400657 1 24 1.000000
  0 -22.388922 -7.276729 131.054977 -0.881281 -0.406718 0.240674 0.528529 0.370288 1 24 1.000000
Soldiers_far_green.tga
  0 -6.087222 -9.856425 141.387619 0.015844 -0.449258 0.893262 0.592061 0.426486 1 24 1.000000
  0 -16.656372 -7.073379 137.581619 -0.539575 -0.365258 0.758581 0.552486 0.400657 1 24 1.000000
  0 -13.125722 -16.639780 133.060135 -0.407988 -0.790713 0.456418 0.569597 0.372747 1 24 1.000000
Soldiers_far_green.tga
  0 -6.087222 -9.856425 141.387619 0.015844 -0.449258 0.893262 0.592061 0.426486 1 24 1.000000
  0 -0.675173 -17.158325 132.951187 0.353597 -0.824491 0.441795 0.609125 0.372446 1 24 1.000000
  0 2.891479 -8.283877 137.498611 0.513342 -0.389216 0.764847 0.627166 0.404544 1 24 1.000000
Soldiers_far_green.tga
  0 8.789328 -8.898630 131.600510 0.835084 -0.457198 0.305948 0.650374 0.375840 1 24 1.000000
  0 2.891479 -8.283877 137.498611 0.513342 -0.389216 0.764847 0.627166 0.404544 1 24 1.000000
  0 -0.675173 -17.158325 132.951187 0.353597 -0.824491 0.441795 0.609125 0.372446 1 24 1.000000
Soldiers_far_green.tga
  0 4.736228 13.496520 137.049118 0.552621 0.468183 0.689504 0.742654 0.411196 1 24 1.000000
  0 6.164828 1.330373 138.611618 0.631016 -0.064522 0.773082 0.679898 0.417260 1 24 1.000000
  0 12.485678 7.700320 129.903122 0.948807 0.186428 0.254969 0.718002 0.375542 1 24 1.000000
Soldiers_far_green.tga
  0 2.545178 21.423260 128.953629 0.428815 0.858234 0.282049 0.768196 0.387647 1 24 1.000000
  0 4.736228 13.496520 137.049118 0.552621 0.468183 0.689504 0.742654 0.411196 1 24 1.000000
  0 12.485678 7.700320 129.903122 0.948807 0.186428 0.254969 0.718002 0.375542 1 24 1.000000
Soldiers_far_green.tga
  0 -6.087222 15.963319 139.193130 0.014462 0.636198 0.771390 0.771925 0.439344 1 24 1.000000
  0 4.736228 13.496520 137.049118 0.552621 0.468183 0.689504 0.742654 0.411196 1 24 1.000000
  0 2.545178 21.423260 128.953629 0.428815 0.858234 0.282049 0.768196 0.387647 1 24 1.000000
Soldiers_far_green.tga
  0 -6.087222 15.963319 139.193130 0.014462 0.636198 0.771390 0.771925 0.439344 1 24 1.000000
  0 -13.772121 21.294001 128.953629 -0.356158 0.891117 0.281181 0.768196 0.387647 1 24 1.000000
  0 -17.191422 14.580470 136.893112 -0.513604 0.549567 0.658928 0.742654 0.411196 1 24 1.000000
Soldiers_far_green.tga
  0 -25.326572 9.414720 129.229630 -0.938603 0.259576 0.227255 0.718002 0.375542 1 24 1.000000
  0 -17.191422 14.580470 136.893112 -0.513604 0.549567 0.658928 0.742654 0.411196 1 24 1.000000
  0 -13.772121 21.294001 128.953629 -0.356158 0.891117 0.281181 0.768196 0.387647 1 24 1.000000
Soldiers_far_green.tga
  0 -6.087222 15.963319 139.193130 0.014462 0.636198 0.771390 0.771925 0.439344 1 24 1.000000
  0 -6.087222 3.723574 144.350632 0.017750 0.055528 0.998299 0.749003 0.453649 1 24 1.000000
  0 4.736228 13.496520 137.049118 0.552621 0.468183 0.689504 0.742654 0.411196 1 24 1.000000
Soldiers_far_green.tga
  0 -17.191422 14.580470 136.893112 -0.513604 0.549567 0.658928 0.742654 0.411196 1 24 1.000000
  0 -6.087222 3.723574 144.350632 0.017750 0.055528 0.998299 0.749003 0.453649 1 24 1.000000
  0 -6.087222 15.963319 139.193130 0.014462 0.636198 0.771390 0.771925 0.439344 1 24 1.000000
Soldiers_far_green.tga
  0 -16.656372 -7.073379 137.581619 -0.539575 -0.365258 0.758581 0.552486 0.400657 1 24 1.000000
  0 -6.087222 3.723574 144.350632 0.017750 0.055528 0.998299 0.552373 0.482888 1 24 1.000000
  0 -19.883171 3.199219 138.611618 -0.651241 -0.008842 0.758820 0.503365 0.422453 1 24 1.000000
Soldiers_far_green.tga
  0 2.891479 -8.283877 137.498611 0.513342 -0.389216 0.764847 0.627166 0.404544 1 24 1.000000
  0 -6.087222 3.723574 144.350632 0.017750 0.055528 0.998299 0.632792 0.483906 1 24 1.000000
  0 -6.087222 -9.856425 141.387619 0.015844 -0.449258 0.893262 0.592061 0.426486 1 24 1.000000
Soldiers_far_green.tga
  0 -12.075922 -19.159880 124.577431 -0.404036 -0.914623 -0.014840 0.574052 0.330412 1 24 1.000000
  0 -11.499071 -18.212423 119.810577 -0.416853 -0.882193 -0.219020 0.574289 0.305801 1 24 1.000000
  0 -1.913874 -18.322975 119.810577 0.336203 -0.915600 -0.220555 0.607703 0.305493 1 24 1.000000
Soldiers_far_green.tga
  0 -1.913874 -18.322975 119.810577 0.336203 -0.915600 -0.220555 0.607703 0.305493 1 24 1.000000
  0 -1.247324 -19.270430 124.577431 0.363599 -0.931554 -0.001695 0.609149 0.330334 1 24 1.000000
  0 -12.075922 -19.159880 124.577431 -0.404036 -0.914623 -0.014840 0.574052 0.330412 1 24 1.000000
Soldiers_far_green.tga
  0 7.905378 -10.129625 122.424042 0.851076 -0.524508 -0.023666 0.650730 0.329778 1 24 1.000000
  0 -1.247324 -19.270430 124.577431 0.363599 -0.931554 -0.001695 0.609149 0.330334 1 24 1.000000
  0 -1.913874 -18.322975 119.810577 0.336203 -0.915600 -0.220555 0.607703 0.305493 1 24 1.000000
Soldiers_far_green.tga
  0 -1.913874 -18.322975 119.810577 0.336203 -0.915600 -0.220555 0.607703 0.305493 1 24 1.000000
  0 6.626928 -10.841525 119.697990 0.653992 -0.748270 -0.111297 0.645436 0.311434 1 24 1.000000
  0 7.905378 -10.129625 122.424042 0.851076 -0.524508 -0.023666 0.650730 0.329778 1 24 1.000000
Soldiers_far_green.tga
  0 -11.499071 -18.212423 119.810577 -0.416853 -0.882193 -0.219020 0.574289 0.305801 1 24 1.000000
  0 -12.075922 -19.159880 124.577431 -0.404036 -0.914623 -0.014840 0.574052 0.330412 1 24 1.000000
  0 -21.261871 -7.473228 123.255913 -0.886912 -0.452078 -0.094940 0.528947 0.329553 1 24 1.000000
Soldiers_far_green.tga
  0 -21.261871 -7.473228 123.255913 -0.886912 -0.452078 -0.094940 0.528947 0.329553 1 24 1.000000
  0 -20.022072 -8.185128 119.704063 -0.754317 -0.642583 -0.134506 0.534407 0.308075 1 24 1.000000
  0 -11.499071 -18.212423 119.810577 -0.416853 -0.882193 -0.219020 0.574289 0.305801 1 24 1.000000
Soldiers_far_green.tga
  0 3.200878 -12.352826 102.453629 0.292797 -0.955443 0.037389 0.651214 0.268184 1 24 1.000000
  0 6.743078 -11.249781 102.901634 0.661073 -0.750313 0.003693 0.670784 0.274246 1 24 1.000000
  0 7.905378 -10.129625 122.424042 0.851076 -0.524508 -0.023666 0.650730 0.329778 1 24 1.000000
Soldiers_far_green.tga
  0 20.478779 17.191170 47.952332 0.746704 0.444283 0.495021 0.933724 0.246517 1 5 1.000000
  0 -5.297872 18.358080 66.622643 0.000311 0.801744 0.597668 0.988110 0.280431 2 4 0.500000 8 0.500000
  0 10.195429 10.335719 66.914635 0.693151 0.432074 0.576935 0.954874 0.280431 1 4 1.000000
Soldiers_far_green.tga
  0 10.195429 -5.344829 66.914635 0.749123 -0.426258 0.507068 0.988110 0.280431 1 4 1.000000
  0 20.478779 17.191170 47.952332 0.746704 0.444283 0.495021 0.933724 0.246517 1 5 1.000000
  0 10.195429 10.335719 66.914635 0.693151 0.432074 0.576935 0.954874 0.280431 1 4 1.000000
Soldiers_far_green.tga
  0 10.195429 -5.344829 66.914635 0.749123 -0.426258 0.507068 0.954874 0.280431 1 4 1.000000
  0 -5.297872 -15.044476 66.622643 0.000373 -0.868169 0.496269 0.988110 0.280431 2 4 0.500000 8 0.500000
  0 20.478779 -9.064125 47.952332 0.780688 -0.422495 0.460461 0.933724 0.246517 1 5 1.000000
Soldiers_far_green.tga
  0 29.668283 22.515039 26.948133 0.770514 0.454883 0.446530 0.903509 0.162055 1 5 1.000000
  0 -5.297872 41.258171 26.948133 -0.000311 0.909065 0.416655 0.986599 0.162055 2 5 0.500000 9 0.500000
  0 -5.297872 31.631271 47.952286 0.000154 0.870210 0.492682 0.986599 0.246517 2 5 0.500000 9 0.500000
Soldiers_far_green.tga
  0 20.478779 17.191170 47.952332 0.746704 0.444283 0.495021 0.933724 0.246517 1 5 1.000000
  0 20.478779 -9.064125 47.952332 0.780688 -0.422495 0.460461 0.986599 0.246517 1 5 1.000000
  0 29.668283 22.515039 26.948133 0.770514 0.454883 0.446530 0.903509 0.162055 1 5 1.000000
Soldiers_far_green.tga
  0 29.668283 -13.002426 26.948133 0.800355 -0.423485 0.424373 0.903509 0.162055 1 5 1.000000
  0 20.478779 -9.064125 47.952332 0.780688 -0.422495 0.460461 0.933724 0.246517 1 5 1.000000
  0 -5.297872 -26.130030 47.952286 0.000160 -0.891723 0.452581 0.986599 0.246517 2 5 0.500000 9 0.500000
Soldiers_far_green.tga
  0 -5.297872 18.358080 66.622643 0.000311 0.801744 0.597668 0.988110 0.280431 2 4 0.500000 8 0.500000
  0 -31.156471 17.191170 47.952332 -0.747648 0.444525 0.493376 0.933724 0.246517 1 9 1.000000
  0 -20.800272 10.335719 66.914635 -0.692095 0.431818 0.578392 0.954874 0.280431 1 8 1.000000
Soldiers_far_green.tga
  0 -31.156471 -9.064125 47.952332 -0.781470 -0.422818 0.458835 0.986599 0.246517 1 9 1.000000
  0 -20.800272 -5.344829 66.914635 -0.748095 -0.426025 0.508779 0.988110 0.280431 1 8 1.000000
  0 -31.156471 17.191170 47.952332 -0.747648 0.444525 0.493376 0.933724 0.246517 1 9 1.000000
Soldiers_far_green.tga
  0 -31.156471 -9.064125 47.952332 -0.781470 -0.422818 0.458835 0.986599 0.246517 1 9 1.000000
  0 -40.199913 22.515039 26.948133 -0.771673 0.456599 0.442762 0.903509 0.162055 1 9 1.000000
  0 -40.199913 -13.002425 26.948133 -0.801624 -0.425088 0.420355 0.986599 0.162055 1 9 1.000000
Soldiers_far_green.tga
  0 -40.199913 -13.002425 26.948133 -0.801624 -0.425088 0.420355 0.903509 0.162055 1 9 1.000000
  0 -5.297872 -26.130030 47.952286 0.000160 -0.891723 0.452581 0.986599 0.246517 2 5 0.500000 9 0.500000
  0 -31.156471 -9.064125 47.952332 -0.781470 -0.422818 0.458835 0.933724 0.246517 1 9 1.000000
Soldiers_far_green.tga
  0 -40.199913 22.515039 26.948133 -0.771673 0.456599 0.442762 0.903509 0.162055 1 9 1.000000
  0 -5.297872 31.631271 47.952286 0.000154 0.870210 0.492682 0.986599 0.246517 2 5 0.500000 9 0.500000
  0 -5.297872 41.258171 26.948133 -0.000311 0.909065 0.416655 0.986599 0.162055 2 5 0.500000 9 0.500000
Soldiers_far_green.tga
  0 -20.800272 -5.344829 66.914635 -0.748095 -0.426025 0.508779 0.954874 0.280431 1 8 1.000000
  0 -31.156471 -9.064125 47.952332 -0.781470 -0.422818 0.458835 0.933724 0.246517 1 9 1.000000
  0 -5.297872 -15.044476 66.622643 0.000373 -0.868169 0.496269 0.988110 0.280431 2 4 0.500000 8 0.500000
Soldiers_far_green.tga
  0 -5.297872 -7.167977 80.333633 -0.000265 -0.890712 0.454568 0.986599 0.302375 1 3 1.000000
  0 -20.800272 -5.344829 66.914635 -0.748095 -0.426025 0.508779 0.954874 0.280431 1 8 1.000000
  0 -5.297872 -15.044476 66.622643 0.000373 -0.868169 0.496269 0.988110 0.280431 2 4 0.500000 8 0.500000
Soldiers_far_green.tga
  0 -20.800272 10.335719 66.914635 -0.692095 0.431818 0.578392 0.954874 0.280431 1 8 1.000000
  0 -20.800272 -5.344829 66.914635 -0.748095 -0.426025 0.508779 0.988110 0.280431 1 8 1.000000
  0 -12.303822 -3.411878 80.917130 -0.706619 -0.502543 0.498136 0.986599 0.302375 1 3 1.000000
Soldiers_far_green.tga
  0 -5.297872 6.725174 80.333633 -0.000227 0.794835 0.606826 0.986599 0.302375 1 3 1.000000
  0 -20.800272 10.335719 66.914635 -0.692095 0.431818 0.578392 0.954874 0.280431 1 8 1.000000
  0 -12.303822 3.762474 80.917130 -0.665726 0.433425 0.607414 0.969981 0.302375 1 3 1.000000
Soldiers_far_green.tga
  0 10.195429 10.335719 66.914635 0.693151 0.432074 0.576935 0.954874 0.280431 1 4 1.000000
  0 -5.297872 6.725174 80.333633 -0.000227 0.794835 0.606826 0.986599 0.302375 1 3 1.000000
  0 1.735428 3.762474 80.917130 0.666371 0.433961 0.606323 0.969981 0.302375 1 3 1.000000
Soldiers_far_green.tga
  0 1.735428 -3.411878 80.917130 0.707061 -0.503366 0.496677 0.986599 0.302375 1 3 1.000000
  0 10.195429 10.335719 66.914635 0.693151 0.432074 0.576935 0.954874 0.280431 1 4 1.000000
  0 1.735428 3.762474 80.917130 0.666371 0.433961 0.606323 0.969981 0.302375 1 3 1.000000
Soldiers_far_green.tga
  0 10.195429 -5.344829 66.914635 0.749123 -0.426258 0.507068 0.954874 0.280431 1 4 1.000000
  0 -5.297872 -7.167977 80.333633 -0.000265 -0.890712 0.454568 0.986599 0.302375 1 3 1.000000
  0 -5.297872 -15.044476 66.622643 0.000373 -0.868169 0.496269 0.988110 0.280431 2 4 0.500000 8 0.500000
Soldiers_far_green.tga
  0 1.735428 -3.411878 80.917130 0.707061 -0.503366 0.496677 0.969981 0.302375 1 3 1.000000
  0 -5.297872 -7.167977 80.333633 -0.000265 -0.890712 0.454568 0.986599 0.302375 1 3 1.000000
  0 10.195429 -5.344829 66.914635 0.749123 -0.426258 0.507068 0.954874 0.280431 1 4 1.000000
Soldiers_far_green.tga
  0 -12.303822 -3.411878 80.917130 -0.706619 -0.502543 0.498136 0.969981 0.302375 1 3 1.000000
  0 -20.800272 -5.344829 66.914635 -0.748095 -0.426025 0.508779 0.954874 0.280431 1 8 1.000000
  0 -5.297872 -7.167977 80.333633 -0.000265 -0.890712 0.454568 0.986599 0.302375 1 3 1.000000
Soldiers_far_green.tga
  0 -5.297872 -15.044476 66.622643 0.000373 -0.868169 0.496269 0.988110 0.280431 2 4 0.500000 8 0.500000
  0 -31.156471 -9.064125 47.952332 -0.781470 -0.422818 0.458835 0.933724 0.246517 1 9 1.000000
  0 -5.297872 -26.130030 47.952286 0.000160 -0.891723 0.452581 0.986599 0.246517 2 5 0.500000 9 0.500000
Soldiers_far_green.tga
  0 20.478779 -9.064125 47.952332 0.780688 -0.422495 0.460461 0.933724 0.246517 1 5 1.000000
  0 -5.297872 -15.044476 66.622643 0.000373 -0.868169 0.496269 0.988110 0.280431 2 4 0.500000 8 0.500000
  0 -5.297872 -26.130030 47.952286 0.000160 -0.891723 0.452581 0.986599 0.246517 2 5 0.500000 9 0.500000
Soldiers_far_green.tga
  0 -40.199913 -13.002425 26.948133 -0.801624 -0.425088 0.420355 0.903509 0.162055 1 9 1.000000
  0 -5.297872 -35.319382 26.948133 -0.000338 -0.916157 0.400820 0.986599 0.162055 2 5 0.500000 9 0.500000
  0 -5.297872 -26.130030 47.952286 0.000160 -0.891723 0.452581 0.986599 0.246517 2 5 0.500000 9 0.500000
Soldiers_far_green.tga
  0 29.668283 -13.002426 26.948133 0.800355 -0.423485 0.424373 0.903509 0.162055 1 5 1.000000
  0 -5.297872 -26.130030 47.952286 0.000160 -0.891723 0.452581 0.986599 0.246517 2 5 0.500000 9 0.500000
  0 -5.297872 -35.319382 26.948133 -0.000338 -0.916157 0.400820 0.986599 0.162055 2 5 0.500000 9 0.500000
Soldiers_far_green.tga
  0 10.195429 10.335719 66.914635 0.693151 0.432074 0.576935 0.954874 0.280431 1 4 1.000000
  0 -5.297872 18.358080 66.622643 0.000311 0.801744 0.597668 0.988110 0.280431 2 4 0.500000 8 0.500000
  0 -5.297872 6.725174 80.333633 -0.000227 0.794835 0.606826 0.986599 0.302375 1 3 1.000000
Soldiers_far_green.tga
  0 -5.297872 18.358080 66.622643 0.000311 0.801744 0.597668 0.988110 0.280431 2 4 0.500000 8 0.500000
  0 -20.800272 10.335719 66.914635 -0.692095 0.431818 0.578392 0.954874 0.280431 1 8 1.000000
  0 -5.297872 6.725174 80.333633 -0.000227 0.794835 0.606826 0.986599 0.302375 1 3 1.000000
Soldiers_far_green.tga
  0 -5.297872 31.631271 47.952286 0.000154 0.870210 0.492682 0.986599 0.246517 2 5 0.500000 9 0.500000
  0 -5.297872 18.358080 66.622643 0.000311 0.801744 0.597668 0.988110 0.280431 2 4 0.500000 8 0.500000
  0 20.478779 17.191170 47.952332 0.746704 0.444283 0.495021 0.933724 0.246517 1 5 1.000000
Soldiers_far_green.tga
  0 -5.297872 31.631271 47.952286 0.000154 0.870210 0.492682 0.986599 0.246517 2 5 0.500000 9 0.500000
  0 -31.156471 17.191170 47.952332 -0.747648 0.444525 0.493376 0.933724 0.246517 1 9 1.000000
  0 -5.297872 18.358080 66.622643 0.000311 0.801744 0.597668 0.988110 0.280431 2 4 0.500000 8 0.500000
Soldiers_far_green.tga
  0 -40.199913 22.515039 26.948133 -0.771673 0.456599 0.442762 0.903509 0.162055 1 9 1.000000
  0 -31.156471 17.191170 47.952332 -0.747648 0.444525 0.493376 0.933724 0.246517 1 9 1.000000
  0 -5.297872 31.631271 47.952286 0.000154 0.870210 0.492682 0.986599 0.246517 2 5 0.500000 9 0.500000
Soldiers_far_green.tga
  0 29.668283 22.515039 26.948133 0.770514 0.454883 0.446530 0.903509 0.162055 1 5 1.000000
  0 -5.297872 31.631271 47.952286 0.000154 0.870210 0.492682 0.986599 0.246517 2 5 0.500000 9 0.500000
  0 20.478779 17.191170 47.952332 0.746704 0.444283 0.495021 0.933724 0.246517 1 5 1.000000
Soldiers_far_green.tga
  0 10.195429 -5.344829 66.914635 0.749123 -0.426258 0.507068 0.988110 0.280431 1 4 1.000000
  0 10.195429 10.335719 66.914635 0.693151 0.432074 0.576935 0.954874 0.280431 1 4 1.000000
  0 1.735428 -3.411878 80.917130 0.707061 -0.503366 0.496677 0.986599 0.302375 1 3 1.000000
Soldiers_far_green.tga
  0 20.478779 -9.064125 47.952332 0.780688 -0.422495 0.460461 0.986599 0.246517 1 5 1.000000
  0 20.478779 17.191170 47.952332 0.746704 0.444283 0.495021 0.933724 0.246517 1 5 1.000000
  0 10.195429 -5.344829 66.914635 0.749123 -0.426258 0.507068 0.988110 0.280431 1 4 1.000000
Soldiers_far_green.tga
  0 29.668283 22.515039 26.948133 0.770514 0.454883 0.446530 0.903509 0.162055 1 5 1.000000
  0 20.478779 -9.064125 47.952332 0.780688 -0.422495 0.460461 0.986599 0.246517 1 5 1.000000
  0 29.668283 -13.002426 26.948133 0.800355 -0.423485 0.424373 0.986599 0.162055 1 5 1.000000
Soldiers_far_green.tga
  0 -20.800272 10.335719 66.914635 -0.692095 0.431818 0.578392 0.954874 0.280431 1 8 1.000000
  0 -12.303822 -3.411878 80.917130 -0.706619 -0.502543 0.498136 0.986599 0.302375 1 3 1.000000
  0 -12.303822 3.762474 80.917130 -0.665726 0.433425 0.607414 0.969981 0.302375 1 3 1.000000
Soldiers_far_green.tga
  0 -31.156471 17.191170 47.952332 -0.747648 0.444525 0.493376 0.933724 0.246517 1 9 1.000000
  0 -20.800272 -5.344829 66.914635 -0.748095 -0.426025 0.508779 0.988110 0.280431 1 8 1.000000
  0 -20.800272 10.335719 66.914635 -0.692095 0.431818 0.578392 0.954874 0.280431 1 8 1.000000
Soldiers_far_green.tga
  0 -31.156471 17.191170 47.952332 -0.747648 0.444525 0.493376 0.933724 0.246517 1 9 1.000000
  0 -40.199913 22.515039 26.948133 -0.771673 0.456599 0.442762 0.903509 0.162055 1 9 1.000000
  0 -31.156471 -9.064125 47.952332 -0.781470 -0.422818 0.458835 0.986599 0.246517 1 9 1.000000
Soldiers_far_green.tga
  0 4.142128 2.180475 47.077087 -0.013775 0.998044 0.060983 0.473834 0.464593 1 5 1.000000
  0 8.226278 -1.014478 46.785385 0.975049 0.216463 0.049221 0.473834 0.464593 1 5 1.000000
  0 5.673728 4.327270 12.288885 0.073687 0.976283 0.203572 0.473834 0.558343 2 6 0.500000 5 0.500000
Soldiers_far_green.tga
  0 5.673728 4.327270 12.288885 0.073687 0.976283 0.203572 0.473834 0.558343 2 6 0.500000 5 0.500000
  0 8.226278 -1.014478 46.785385 0.975049 0.216463 0.049221 0.473834 0.464593 1 5 1.000000
  0 8.882678 0.621623 12.288885 0.938448 0.178865 0.295503 0.473834 0.558343 2 6 0.500000 5 0.500000
Soldiers_far_green.tga
  0 1.370728 0.498672 12.288885 -0.937240 0.235126 0.257483 0.473834 0.558343 2 6 0.500000 5 0.500000
  0 -0.306673 -1.242478 46.785385 -0.976107 0.215548 -0.027476 0.473834 0.464593 1 5 1.000000
  0 5.673728 4.327270 12.288885 0.073687 0.976283 0.203572 0.473834 0.558343 2 6 0.500000 5 0.500000
Soldiers_far_green.tga
  0 -0.306673 -1.242478 46.785385 -0.976107 0.215548 -0.027476 0.473834 0.464593 1 5 1.000000
  0 1.370728 0.498672 12.288885 -0.937240 0.235126 0.257483 0.473834 0.558343 2 6 0.500000 5 0.500000
  0 4.142128 -5.171977 44.159882 0.013714 -0.998081 -0.060387 0.473834 0.472405 1 5 1.000000
Soldiers_far_green.tga
  0 4.142128 -5.171977 44.159882 0.013714 -0.998081 -0.060387 0.473834 0.472405 1 5 1.000000
  0 1.370728 0.498672 12.288885 -0.937240 0.235126 0.257483 0.473834 0.558343 2 6 0.500000 5 0.500000
  0 5.017328 -4.150578 12.288885 -0.009717 -0.556244 0.830962 0.473834 0.558343 2 6 0.500000 5 0.500000
Soldiers_far_green.tga
  0 8.226278 -1.014478 46.785385 0.975049 0.216463 0.049221 0.473834 0.464593 1 5 1.000000
  0 4.142128 -5.171977 44.159882 0.013714 -0.998081 -0.060387 0.473834 0.472405 1 5 1.000000
  0 8.882678 0.621623 12.288885 0.938448 0.178865 0.295503 0.473834 0.558343 2 6 0.500000 5 0.500000
Soldiers_far_green.tga
  0 8.882678 0.621623 12.288885 0.938448 0.178865 0.295503 0.473834 0.558343 2 6 0.500000 5 0.500000
  0 4.142128 -5.171977 44.159882 0.013714 -0.998081 -0.060387 0.473834 0.472405 1 5 1.000000
  0 5.017328 -4.150578 12.288885 -0.009717 -0.556244 0.830962 0.473834 0.558343 2 6 0.500000 5 0.500000
Soldiers_far_green.tga
  0 5.017328 -4.150578 12.288885 -0.009717 -0.556244 0.830962 0.812803 0.131174 2 6 0.500000 5 0.500000
  0 9.393178 -16.111429 8.642586 0.591594 -0.572281 0.567900 0.812803 0.131174 1 6 1.000000
  0 8.882678 0.621623 12.288885 0.938448 0.178865 0.295503 0.812803 0.131174 2 6 0.500000 5 0.500000
Soldiers_far_green.tga
  0 5.746629 7.737121 2.716604 0.022956 0.893066 -0.449339 0.812803 0.131174 1 6 1.000000
  0 5.673728 4.327270 12.288885 0.073687 0.976283 0.203572 0.812803 0.131174 2 6 0.500000 5 0.500000
  0 8.882678 0.621623 12.288885 0.938448 0.178865 0.295503 0.812803 0.131174 2 6 0.500000 5 0.500000
Soldiers_far_green.tga
  0 5.746629 7.737121 2.716604 0.022956 0.893066 -0.449339 0.812803 0.131174 1 6 1.000000
  0 11.872879 1.524272 2.716604 0.806178 0.306062 -0.506362 0.812803 0.131174 1 6 1.000000
  0 -1.218271 0.986772 2.716604 -0.796681 0.302262 -0.523389 0.812803 0.131174 1 6 1.000000
Soldiers_far_green.tga
  0 5.746629 7.737121 2.716604 0.022956 0.893066 -0.449339 0.812803 0.131174 1 6 1.000000
  0 1.370728 0.498672 12.288885 -0.937240 0.235126 0.257483 0.812803 0.131174 2 6 0.500000 5 0.500000
  0 5.673728 4.327270 12.288885 0.073687 0.976283 0.203572 0.812803 0.131174 2 6 0.500000 5 0.500000
Soldiers_far_green.tga
  0 8.882678 0.621623 12.288885 0.938448 0.178865 0.295503 0.812803 0.131174 2 6 0.500000 5 0.500000
  0 9.393178 -16.111429 8.642586 0.591594 -0.572281 0.567900 0.812803 0.131174 1 6 1.000000
  0 11.289429 -12.319026 2.716604 0.792575 -0.188536 -0.579895 0.812803 0.131174 1 6 1.000000
Soldiers_far_green.tga
  0 5.746629 -19.393324 2.716604 0.027756 -0.869683 -0.492830 0.812803 0.131174 1 6 1.000000
  0 9.393178 -16.111429 8.642586 0.591594 -0.572281 0.567900 0.812803 0.131174 1 6 1.000000
  0 1.553123 -16.111429 8.642586 -0.579333 -0.594081 0.558069 0.812803 0.131174 1 6 1.000000
Soldiers_far_green.tga
  0 1.370728 0.498672 12.288885 -0.937240 0.235126 0.257483 0.812803 0.131174 2 6 0.500000 5 0.500000
  0 1.553123 -16.111429 8.642586 -0.579333 -0.594081 0.558069 0.812803 0.131174 1 6 1.000000
  0 5.017328 -4.150578 12.288885 -0.009717 -0.556244 0.830962 0.812803 0.131174 2 6 0.500000 5 0.500000
Soldiers_far_green.tga
  0 -0.525423 -12.319026 2.716604 -0.785131 -0.219634 -0.579076 0.812803 0.131174 1 6 1.000000
  0 1.553123 -16.111429 8.642586 -0.579333 -0.594081 0.558069 0.812803 0.131174 1 6 1.000000
  0 1.370728 0.498672 12.288885 -0.937240 0.235126 0.257483 0.812803 0.131174 2 6 0.500000 5 0.500000
Soldiers_far_green.tga
  0 1.553123 -16.111429 8.642586 -0.579333 -0.594081 0.558069 0.812803 0.131174 1 6 1.000000
  0 9.393178 -16.111429 8.642586 0.591594 -0.572281 0.567900 0.812803 0.131174 1 6 1.000000
  0 5.017328 -4.150578 12.288885 -0.009717 -0.556244 0.830962 0.812803 0.131174 2 6 0.500000 5 0.500000
Soldiers_far_green.tga
  0 11.289429 -12.319026 2.716604 0.792575 -0.188536 -0.579895 0.812803 0.131174 1 6 1.000000
  0 9.393178 -16.111429 8.642586 0.591594 -0.572281 0.567900 0.812803 0.131174 1 6 1.000000
  0 5.746629 -19.393324 2.716604 0.027756 -0.869683 -0.492830 0.812803 0.131174 1 6 1.000000
Soldiers_far_green.tga
  0 -0.525423 -12.319026 2.716604 -0.785131 -0.219634 -0.579076 0.812803 0.131174 1 6 1.000000
  0 11.289429 -12.319026 2.716604 0.792575 -0.188536 -0.579895 0.812803 0.131174 1 6 1.000000
  0 5.746629 -19.393324 2.716604 0.027756 -0.869683 -0.492830 0.812803 0.131174 1 6 1.000000
Soldiers_far_green.tga
  0 1.553123 -16.111429 8.642586 -0.579333 -0.594081 0.558069 0.812803 0.131174 1 6 1.000000
  0 -0.525423 -12.319026 2.716604 -0.785131 -0.219634 -0.579076 0.812803 0.131174 1 6 1.000000
  0 5.746629 -19.393324 2.716604 0.027756 -0.869683 -0.492830 0.812803 0.131174 1 6 1.000000
Soldiers_far_green.tga
  0 8.882678 0.621623 12.288885 0.938448 0.178865 0.295503 0.812803 0.131174 2 6 0.500000 5 0.500000
  0 11.872879 1.524272 2.716604 0.806178 0.306062 -0.506362 0.812803 0.131174 1 6 1.000000
  0 5.746629 7.737121 2.716604 0.022956 0.893066 -0.449339 0.812803 0.131174 1 6 1.000000
Soldiers_far_green.tga
  0 -1.218271 0.986772 2.716604 -0.796681 0.302262 -0.523389 0.812803 0.131174 1 6 1.000000
  0 1.370728 0.498672 12.288885 -0.937240 0.235126 0.257483 0.812803 0.131174 2 6 0.500000 5 0.500000
  0 5.746629 7.737121 2.716604 0.022956 0.893066 -0.449339 0.812803 0.131174 1 6 1.000000
Soldiers_far_green.tga
  0 8.882678 0.621623 12.288885 0.938448 0.178865 0.295503 0.812803 0.131174 2 6 0.500000 5 0.500000
  0 11.289429 -12.319026 2.716604 0.792575 -0.188536 -0.579895 0.812803 0.131174 1 6 1.000000
  0 11.872879 1.524272 2.716604 0.806178 0.306062 -0.506362 0.812803 0.131174 1 6 1.000000
Soldiers_far_green.tga
  0 -0.525423 -12.319026 2.716604 -0.785131 -0.219634 -0.579076 0.812803 0.131174 1 6 1.000000
  0 1.370728 0.498672 12.288885 -0.937240 0.235126 0.257483 0.812803 0.131174 2 6 0.500000 5 0.500000
  0 -1.218271 0.986772 2.716604 -0.796681 0.302262 -0.523389 0.812803 0.131174 1 6 1.000000
Soldiers_far_green.tga
  0 -0.525423 -12.319026 2.716604 -0.785131 -0.219634 -0.579076 0.812803 0.131174 1 6 1.000000
  0 11.872879 1.524272 2.716604 0.806178 0.306062 -0.506362 0.812803 0.131174 1 6 1.000000
  0 11.289429 -12.319026 2.716604 0.792575 -0.188536 -0.579895 0.812803 0.131174 1 6 1.000000
Soldiers_far_green.tga
  0 -1.218271 0.986772 2.716604 -0.796681 0.302262 -0.523389 0.812803 0.131174 1 6 1.000000
  0 11.872879 1.524272 2.716604 0.806178 0.306062 -0.506362 0.812803 0.131174 1 6 1.000000
  0 -0.525423 -12.319026 2.716604 -0.785131 -0.219634 -0.579076 0.812803 0.131174 1 6 1.000000
Soldiers_far_green.tga
  0 5.673728 4.327270 12.288885 0.073687 0.976283 0.203572 0.473834 0.558343 2 6 0.500000 5 0.500000
  0 -0.306673 -1.242478 46.785385 -0.976107 0.215548 -0.027476 0.473834 0.464593 1 5 1.000000
  0 4.142128 2.180475 47.077087 -0.013775 0.998044 0.060983 0.473834 0.464593 1 5 1.000000
Soldiers_far_green.tga
  0 -14.710522 2.180475 47.077087 0.012277 0.998058 0.061063 0.473834 0.464593 1 9 1.000000
  0 -16.205622 4.327270 12.288885 -0.063471 0.976931 0.203906 0.473834 0.558343 2 10 0.500000 9 0.500000
  0 -18.758221 -1.014478 46.785385 -0.975065 0.216280 0.049723 0.473834 0.464593 1 9 1.000000
Soldiers_far_green.tga
  0 -16.205622 4.327270 12.288885 -0.063471 0.976931 0.203906 0.473834 0.558343 2 10 0.500000 9 0.500000
  0 -19.487522 0.621624 12.288885 -0.936807 0.184029 0.297534 0.473834 0.558343 2 10 0.500000 9 0.500000
  0 -18.758221 -1.014478 46.785385 -0.975065 0.216280 0.049723 0.473834 0.464593 1 9 1.000000
Soldiers_far_green.tga
  0 -10.279972 -1.242478 46.785385 0.976237 0.214981 -0.027294 0.473834 0.464593 1 9 1.000000
  0 -16.205622 4.327270 12.288885 -0.063471 0.976931 0.203906 0.473834 0.558343 2 10 0.500000 9 0.500000
  0 -14.710522 2.180475 47.077087 0.012277 0.998058 0.061063 0.473834 0.464593 1 9 1.000000
Soldiers_far_green.tga
  0 -10.279972 -1.242478 46.785385 0.976237 0.214981 -0.027294 0.473834 0.464593 1 9 1.000000
  0 -14.710522 -5.171977 44.159882 -0.014169 -0.998115 -0.059712 0.473834 0.472405 1 9 1.000000
  0 -11.975622 0.498672 12.288885 0.938513 0.231472 0.256153 0.473834 0.558343 2 10 0.500000 9 0.500000
Soldiers_far_green.tga
  0 -14.710522 -5.171977 44.159882 -0.014169 -0.998115 -0.059712 0.473834 0.472405 1 9 1.000000
  0 -15.622171 -4.150578 12.288885 0.009114 -0.556058 0.831094 0.473834 0.558343 2 10 0.500000 9 0.500000
  0 -11.975622 0.498672 12.288885 0.938513 0.231472 0.256153 0.473834 0.558343 2 10 0.500000 9 0.500000
Soldiers_far_green.tga
  0 -18.758221 -1.014478 46.785385 -0.975065 0.216280 0.049723 0.473834 0.464593 1 9 1.000000
  0 -19.487522 0.621624 12.288885 -0.936807 0.184029 0.297534 0.473834 0.558343 2 10 0.500000 9 0.500000
  0 -14.710522 -5.171977 44.159882 -0.014169 -0.998115 -0.059712 0.473834 0.472405 1 9 1.000000
Soldiers_far_green.tga
  0 -19.487522 0.621624 12.288885 -0.936807 0.184029 0.297534 0.473834 0.558343 2 10 0.500000 9 0.500000
  0 -15.622171 -4.150578 12.288885 0.009114 -0.556058 0.831094 0.473834 0.558343 2 10 0.500000 9 0.500000
  0 -14.710522 -5.171977 44.159882 -0.014169 -0.998115 -0.059712 0.473834 0.472405 1 9 1.000000
Soldiers_far_green.tga
  0 -15.622171 -4.150578 12.288885 0.009114 -0.556058 0.831094 0.812803 0.131174 2 10 0.500000 9 0.500000
  0 -19.487522 0.621624 12.288885 -0.936807 0.184029 0.297534 0.812803 0.131174 2 10 0.500000 9 0.500000
  0 -19.998022 -16.111429 8.642586 -0.591950 -0.573546 0.566250 0.812803 0.131174 1 10 1.000000
Soldiers_far_green.tga
  0 -16.278522 7.737121 2.716604 -0.017671 0.893135 -0.449441 0.812803 0.131174 1 10 1.000000
  0 -19.487522 0.621624 12.288885 -0.936807 0.184029 0.297534 0.812803 0.131174 2 10 0.500000 9 0.500000
  0 -16.205622 4.327270 12.288885 -0.063471 0.976931 0.203906 0.812803 0.131174 2 10 0.500000 9 0.500000
Soldiers_far_green.tga
  0 -16.278522 7.737121 2.716604 -0.017671 0.893135 -0.449441 0.812803 0.131174 1 10 1.000000
  0 -9.386571 0.986772 2.716604 0.797197 0.300266 -0.523753 0.812803 0.131174 1 10 1.000000
  0 -22.477722 1.524272 2.716604 -0.805583 0.308343 -0.505926 0.812803 0.131174 1 10 1.000000
Soldiers_far_green.tga
  0 -16.278522 7.737121 2.716604 -0.017671 0.893135 -0.449441 0.812803 0.131174 1 10 1.000000
  0 -16.205622 4.327270 12.288885 -0.063471 0.976931 0.203906 0.812803 0.131174 2 10 0.500000 9 0.500000
  0 -11.975622 0.498672 12.288885 0.938513 0.231472 0.256153 0.812803 0.131174 2 10 0.500000 9 0.500000
Soldiers_far_green.tga
  0 -19.487522 0.621624 12.288885 -0.936807 0.184029 0.297534 0.812803 0.131174 2 10 0.500000 9 0.500000
  0 -21.894272 -12.319026 2.716604 -0.792261 -0.190107 -0.579812 0.812803 0.131174 1 10 1.000000
  0 -19.998022 -16.111429 8.642586 -0.591950 -0.573546 0.566250 0.812803 0.131174 1 10 1.000000
Soldiers_far_green.tga
  0 -16.278522 -19.393324 2.716604 -0.022157 -0.869681 -0.493117 0.812803 0.131174 1 10 1.000000
  0 -12.121471 -16.111429 8.642586 0.581100 -0.592510 0.557901 0.812803 0.131174 1 10 1.000000
  0 -19.998022 -16.111429 8.642586 -0.591950 -0.573546 0.566250 0.812803 0.131174 1 10 1.000000
Soldiers_far_green.tga
  0 -11.975622 0.498672 12.288885 0.938513 0.231472 0.256153 0.812803 0.131174 2 10 0.500000 9 0.500000
  0 -15.622171 -4.150578 12.288885 0.009114 -0.556058 0.831094 0.812803 0.131174 2 10 0.500000 9 0.500000
  0 -12.121471 -16.111429 8.642586 0.581100 -0.592510 0.557901 0.812803 0.131174 1 10 1.000000
Soldiers_far_green.tga
  0 -10.079421 -12.319026 2.716604 0.784765 -0.216947 -0.580584 0.812803 0.131174 1 10 1.000000
  0 -11.975622 0.498672 12.288885 0.938513 0.231472 0.256153 0.812803 0.131174 2 10 0.500000 9 0.500000
  0 -12.121471 -16.111429 8.642586 0.581100 -0.592510 0.557901 0.812803 0.131174 1 10 1.000000
Soldiers_far_green.tga
  0 -12.121471 -16.111429 8.642586 0.581100 -0.592510 0.557901 0.812803 0.131174 1 10 1.000000
  0 -15.622171 -4.150578 12.288885 0.009114 -0.556058 0.831094 0.812803 0.131174 2 10 0.500000 9 0.500000
  0 -19.998022 -16.111429 8.642586 -0.591950 -0.573546 0.566250 0.812803 0.131174 1 10 1.000000
Soldiers_far_green.tga
  0 -21.894272 -12.319026 2.716604 -0.792261 -0.190107 -0.579812 0.812803 0.131174 1 10 1.000000
  0 -16.278522 -19.393324 2.716604 -0.022157 -0.869681 -0.493117 0.812803 0.131174 1 10 1.000000
  0 -19.998022 -16.111429 8.642586 -0.591950 -0.573546 0.566250 0.812803 0.131174 1 10 1.000000
Soldiers_far_green.tga
  0 -10.079421 -12.319026 2.716604 0.784765 -0.216947 -0.580584 0.812803 0.131174 1 10 1.000000
  0 -16.278522 -19.393324 2.716604 -0.022157 -0.869681 -0.493117 0.812803 0.131174 1 10 1.000000
  0 -21.894272 -12.319026 2.716604 -0.792261 -0.190107 -0.579812 0.812803 0.131174 1 10 1.000000
Soldiers_far_green.tga
  0 -12.121471 -16.111429 8.642586 0.581100 -0.592510 0.557901 0.812803 0.131174 1 10 1.000000
  0 -16.278522 -19.393324 2.716604 -0.022157 -0.869681 -0.493117 0.812803 0.131174 1 10 1.000000
  0 -10.079421 -12.319026 2.716604 0.784765 -0.216947 -0.580584 0.812803 0.131174 1 10 1.000000
Soldiers_far_green.tga
  0 -19.487522 0.621624 12.288885 -0.936807 0.184029 0.297534 0.812803 0.131174 2 10 0.500000 9 0.500000
  0 -16.278522 7.737121 2.716604 -0.017671 0.893135 -0.449441 0.812803 0.131174 1 10 1.000000
  0 -22.477722 1.524272 2.716604 -0.805583 0.308343 -0.505926 0.812803 0.131174 1 10 1.000000
Soldiers_far_green.tga
  0 -9.386571 0.986772 2.716604 0.797197 0.300266 -0.523753 0.812803 0.131174 1 10 1.000000
  0 -16.278522 7.737121 2.716604 -0.017671 0.893135 -0.449441 0.812803 0.131174 1 10 1.000000
  0 -11.975622 0.498672 12.288885 0.938513 0.231472 0.256153 0.812803 0.131174 2 10 0.500000 9 0.500000
Soldiers_far_green.tga
  0 -19.487522 0.621624 12.288885 -0.936807 0.184029 0.297534 0.812803 0.131174 2 10 0.500000 9 0.500000
  0 -22.477722 1.524272 2.716604 -0.805583 0.308343 -0.505926 0.812803 0.131174 1 10 1.000000
  0 -21.894272 -12.319026 2.716604 -0.792261 -0.190107 -0.579812 0.812803 0.131174 1 10 1.000000
Soldiers_far_green.tga
  0 -10.079421 -12.319026 2.716604 0.784765 -0.216947 -0.580584 0.812803 0.131174 1 10 1.000000
  0 -9.386571 0.986772 2.716604 0.797197 0.300266 -0.523753 0.812803 0.131174 1 10 1.000000
  0 -11.975622 0.498672 12.288885 0.938513 0.231472 0.256153 0.812803 0.131174 2 10 0.500000 9 0.500000
Soldiers_far_green.tga
  0 -10.079421 -12.319026 2.716604 0.784765 -0.216947 -0.580584 0.812803 0.131174 1 10 1.000000
  0 -21.894272 -12.319026 2.716604 -0.792261 -0.190107 -0.579812 0.812803 0.131174 1 10 1.000000
  0 -22.477722 1.524272 2.716604 -0.805583 0.308343 -0.505926 0.812803 0.131174 1 10 1.000000
Soldiers_far_green.tga
  0 -9.386571 0.986772 2.716604 0.797197 0.300266 -0.523753 0.812803 0.131174 1 10 1.000000
  0 -10.079421 -12.319026 2.716604 0.784765 -0.216947 -0.580584 0.812803 0.131174 1 10 1.000000
  0 -22.477722 1.524272 2.716604 -0.805583 0.308343 -0.505926 0.812803 0.131174 1 10 1.000000
Soldiers_far_green.tga
  0 -11.975622 0.498672 12.288885 0.938513 0.231472 0.256153 0.473834 0.558343 2 10 0.500000 9 0.500000
  0 -16.205622 4.327270 12.288885 -0.063471 0.976931 0.203906 0.473834 0.558343 2 10 0.500000 9 0.500000
  0 -10.279972 -1.242478 46.785385 0.976237 0.214981 -0.027294 0.473834 0.464593 1 9 1.000000
Soldiers_far_green.tga
  0 7.463228 25.282845 118.301132 0.468400 0.882531 -0.041711 0.157754 0.671712 1 24 1.000000
  0 -17.751072 25.282845 118.301132 -0.468400 0.882532 -0.041709 0.059046 0.671712 1 24 1.000000
  0 5.753778 26.137680 128.558121 0.385213 0.887027 0.254546 0.151173 0.671712 1 24 1.000000
Soldiers_far_green.tga
  0 5.753778 26.137680 128.558121 0.385213 0.887027 0.254546 0.151173 0.671712 1 24 1.000000
  0 -17.751072 25.282845 118.301132 -0.468400 0.882532 -0.041709 0.059046 0.671712 1 24 1.000000
  0 -16.041672 26.137680 128.558121 -0.385216 0.887026 0.254545 0.065626 0.671712 1 24 1.000000
Soldiers_far_green.tga
  0 -30.358273 4.484369 122.859634 -0.999221 -0.034848 0.018516 0.009692 0.605907 1 24 1.000000
  0 -30.610022 8.046069 131.977127 -0.934602 0.183149 0.304920 0.022853 0.615778 1 24 1.000000
  0 -17.751072 25.282845 118.301132 -0.468400 0.882532 -0.041709 0.059046 0.671712 1 24 1.000000
Soldiers_far_green.tga
  0 -17.751072 25.282845 118.301132 -0.468400 0.882532 -0.041709 0.059046 0.671712 1 24 1.000000
  0 -30.610022 8.046069 131.977127 -0.934602 0.183149 0.304920 0.022853 0.615778 1 24 1.000000
  0 -16.041672 26.137680 128.558121 -0.385216 0.887026 0.254545 0.065626 0.671712 1 24 1.000000
Soldiers_far_green.tga
  0 -30.358273 4.484369 122.859634 -0.999221 -0.034848 0.018516 0.009692 0.605907 1 24 1.000000
  0 -17.027271 -19.732325 134.823135 -0.569772 -0.330307 0.752501 0.068916 0.543392 1 24 1.000000
  0 -30.610022 8.046069 131.977127 -0.934602 0.183149 0.304920 0.022853 0.615778 1 24 1.000000
Soldiers_far_green.tga
  0 -30.610022 8.046069 131.977127 -0.934602 0.183149 0.304920 0.022853 0.615778 1 24 1.000000
  0 -17.027271 -19.732325 134.823135 -0.569772 -0.330307 0.752501 0.068916 0.543392 1 24 1.000000
  0 -16.845871 -9.048381 146.783127 -0.481313 -0.407818 0.775901 0.075497 0.576294 1 24 1.000000
Soldiers_far_green.tga
  0 -17.027271 -19.732325 134.823135 -0.569772 -0.330307 0.752501 0.068916 0.543392 1 24 1.000000
  0 6.739378 -19.732325 134.823135 0.569769 -0.330307 0.752503 0.147883 0.543392 1 24 1.000000
  0 -16.845871 -9.048381 146.783127 -0.481313 -0.407818 0.775901 0.075497 0.576294 1 24 1.000000
Soldiers_far_green.tga
  0 -16.845871 -9.048381 146.783127 -0.481313 -0.407818 0.775901 0.075497 0.576294 1 24 1.000000
  0 6.739378 -19.732325 134.823135 0.569769 -0.330307 0.752503 0.147883 0.543392 1 24 1.000000
  0 6.557979 -9.048381 146.783127 0.481311 -0.407818 0.775902 0.138012 0.576294 1 24 1.000000
Soldiers_far_green.tga
  0 20.070278 4.484369 122.859634 0.999221 -0.034854 0.018498 0.207108 0.605907 1 24 1.000000
  0 20.322279 8.046069 131.977127 0.934605 0.183145 0.304912 0.193947 0.615778 1 24 1.000000
  0 6.739378 -19.732325 134.823135 0.569769 -0.330307 0.752503 0.147883 0.543392 1 24 1.000000
Soldiers_far_green.tga
  0 6.739378 -19.732325 134.823135 0.569769 -0.330307 0.752503 0.147883 0.543392 1 24 1.000000
  0 20.322279 8.046069 131.977127 0.934605 0.183145 0.304912 0.193947 0.615778 1 24 1.000000
  0 6.557979 -9.048381 146.783127 0.481311 -0.407818 0.775902 0.138012 0.576294 1 24 1.000000
Soldiers_far_green.tga
  0 20.070278 4.484369 122.859634 0.999221 -0.034854 0.018498 0.207108 0.605907 1 24 1.000000
  0 7.463228 25.282845 118.301132 0.468400 0.882531 -0.041711 0.157754 0.671712 1 24 1.000000
  0 20.322279 8.046069 131.977127 0.934605 0.183145 0.304912 0.193947 0.615778 1 24 1.000000
Soldiers_far_green.tga
  0 20.322279 8.046069 131.977127 0.934605 0.183145 0.304912 0.193947 0.615778 1 24 1.000000
  0 7.463228 25.282845 118.301132 0.468400 0.882531 -0.041711 0.157754 0.671712 1 24 1.000000
  0 5.753778 26.137680 128.558121 0.385213 0.887027 0.254546 0.151173 0.671712 1 24 1.000000
Soldiers_far_green.tga
  0 5.753778 26.137680 128.558121 0.385213 0.887027 0.254546 0.151173 0.671712 1 24 1.000000
  0 -16.041672 26.137680 128.558121 -0.385216 0.887026 0.254545 0.065626 0.671712 1 24 1.000000
  0 1.159628 21.294001 137.675125 0.221482 0.712728 0.665556 0.131431 0.658551 1 24 1.000000
Soldiers_far_green.tga
  0 1.159628 21.294001 137.675125 0.221482 0.712728 0.665556 0.131431 0.658551 1 24 1.000000
  0 -16.041672 26.137680 128.558121 -0.385216 0.887026 0.254545 0.065626 0.671712 1 24 1.000000
  0 -11.447572 21.294001 137.675125 -0.221488 0.712749 0.665531 0.082077 0.658551 1 24 1.000000
Soldiers_far_green.tga
  0 -30.610022 8.046069 131.977127 -0.934602 0.183149 0.304920 0.022853 0.615778 1 24 1.000000
  0 -17.751072 11.180068 142.233627 -0.492716 0.426258 0.758640 0.059046 0.625648 1 24 1.000000
  0 -16.041672 26.137680 128.558121 -0.385216 0.887026 0.254545 0.065626 0.671712 1 24 1.000000
Soldiers_far_green.tga
  0 -16.041672 26.137680 128.558121 -0.385216 0.887026 0.254545 0.065626 0.671712 1 24 1.000000
  0 -17.751072 11.180068 142.233627 -0.492716 0.426258 0.758640 0.059046 0.625648 1 24 1.000000
  0 -11.447572 21.294001 137.675125 -0.221488 0.712749 0.665531 0.082077 0.658551 1 24 1.000000
Soldiers_far_green.tga
  0 -30.610022 8.046069 131.977127 -0.934602 0.183149 0.304920 0.022853 0.615778 1 24 1.000000
  0 -16.845871 -9.048381 146.783127 -0.481313 -0.407818 0.775901 0.075497 0.576294 1 24 1.000000
  0 -17.751072 11.180068 142.233627 -0.492716 0.426258 0.758640 0.059046 0.625648 1 24 1.000000
Soldiers_far_green.tga
  0 -17.751072 11.180068 142.233627 -0.492716 0.426258 0.758640 0.059046 0.625648 1 24 1.000000
  0 -16.845871 -9.048381 146.783127 -0.481313 -0.407818 0.775901 0.075497 0.576294 1 24 1.000000
  0 -11.447572 1.047723 150.201614 -0.274805 0.111393 0.955026 0.082077 0.605907 1 24 1.000000
Soldiers_far_green.tga
  0 -16.845871 -9.048381 146.783127 -0.481313 -0.407818 0.775901 0.075497 0.576294 1 24 1.000000
  0 6.557979 -9.048381 146.783127 0.481311 -0.407818 0.775902 0.138012 0.576294 1 24 1.000000
  0 -11.447572 1.047723 150.201614 -0.274805 0.111393 0.955026 0.082077 0.605907 1 24 1.000000
Soldiers_far_green.tga
  0 -11.447572 1.047723 150.201614 -0.274805 0.111393 0.955026 0.082077 0.605907 1 24 1.000000
  0 6.557979 -9.048381 146.783127 0.481311 -0.407818 0.775902 0.138012 0.576294 1 24 1.000000
  0 1.159628 1.047723 150.201614 0.274801 0.111421 0.955023 0.131431 0.605907 1 24 1.000000
Soldiers_far_green.tga
  0 20.322279 8.046069 131.977127 0.934605 0.183145 0.304912 0.193947 0.615778 1 24 1.000000
  0 7.463228 11.180068 142.233627 0.492659 0.426272 0.758669 0.157754 0.625648 1 24 1.000000
  0 6.557979 -9.048381 146.783127 0.481311 -0.407818 0.775902 0.138012 0.576294 1 24 1.000000
Soldiers_far_green.tga
  0 6.557979 -9.048381 146.783127 0.481311 -0.407818 0.775902 0.138012 0.576294 1 24 1.000000
  0 7.463228 11.180068 142.233627 0.492659 0.426272 0.758669 0.157754 0.625648 1 24 1.000000
  0 1.159628 1.047723 150.201614 0.274801 0.111421 0.955023 0.131431 0.605907 1 24 1.000000
Soldiers_far_green.tga
  0 20.322279 8.046069 131.977127 0.934605 0.183145 0.304912 0.193947 0.615778 1 24 1.000000
  0 5.753778 26.137680 128.558121 0.385213 0.887027 0.254546 0.151173 0.671712 1 24 1.000000
  0 7.463228 11.180068 142.233627 0.492659 0.426272 0.758669 0.157754 0.625648 1 24 1.000000
Soldiers_far_green.tga
  0 7.463228 11.180068 142.233627 0.492659 0.426272 0.758669 0.157754 0.625648 1 24 1.000000
  0 5.753778 26.137680 128.558121 0.385213 0.887027 0.254546 0.151173 0.671712 1 24 1.000000
  0 1.159628 21.294001 137.675125 0.221482 0.712728 0.665556 0.131431 0.658551 1 24 1.000000
Soldiers_far_green.tga
  0 1.159628 21.294001 137.675125 0.221482 0.712728 0.665556 0.131431 0.658551 1 24 1.000000
  0 -11.447572 21.294001 137.675125 -0.221488 0.712749 0.665531 0.082077 0.658551 1 24 1.000000
  0 -5.150072 12.177268 144.512619 -0.000112 0.527911 0.849300 0.108400 0.628939 1 24 1.000000
Soldiers_far_green.tga
  0 -11.447572 21.294001 137.675125 -0.221488 0.712749 0.665531 0.082077 0.658551 1 24 1.000000
  0 -17.751072 11.180068 142.233627 -0.492716 0.426258 0.758640 0.059046 0.625648 1 24 1.000000
  0 -5.150072 12.177268 144.512619 -0.000112 0.527911 0.849300 0.108400 0.628939 1 24 1.000000
Soldiers_far_green.tga
  0 -17.751072 11.180068 142.233627 -0.492716 0.426258 0.758640 0.059046 0.625648 1 24 1.000000
  0 -11.447572 1.047723 150.201614 -0.274805 0.111393 0.955026 0.082077 0.605907 1 24 1.000000
  0 -5.150072 12.177268 144.512619 -0.000112 0.527911 0.849300 0.108400 0.628939 1 24 1.000000
Soldiers_far_green.tga
  0 -11.447572 1.047723 150.201614 -0.274805 0.111393 0.955026 0.082077 0.605907 1 24 1.000000
  0 1.159628 1.047723 150.201614 0.274801 0.111421 0.955023 0.131431 0.605907 1 24 1.000000
  0 -5.150072 12.177268 144.512619 -0.000112 0.527911 0.849300 0.108400 0.628939 1 24 1.000000
Soldiers_far_green.tga
  0 1.159628 1.047723 150.201614 0.274801 0.111421 0.955023 0.131431 0.605907 1 24 1.000000
  0 7.463228 11.180068 142.233627 0.492659 0.426272 0.758669 0.157754 0.625648 1 24 1.000000
  0 -5.150072 12.177268 144.512619 -0.000112 0.527911 0.849300 0.108400 0.628939 1 24 1.000000
Soldiers_far_green.tga
  0 7.463228 11.180068 142.233627 0.492659 0.426272 0.758669 0.157754 0.625648 1 24 1.000000
  0 1.159628 21.294001 137.675125 0.221482 0.712728 0.665556 0.131431 0.658551 1 24 1.000000
  0 -5.150072 12.177268 144.512619 -0.000112 0.527911 0.849300 0.108400 0.628939 1 24 1.000000
Soldiers_far_green.tga
  0 -30.358273 4.484369 122.859634 -0.999221 -0.034848 0.018516 0.009692 0.605907 1 24 1.000000
  0 -25.542072 -8.753076 122.467133 -0.888813 -0.289634 0.355139 0.042594 0.513779 1 24 1.000000
  0 -17.027271 -19.732325 134.823135 -0.569772 -0.330307 0.752501 0.068916 0.543392 1 24 1.000000
Soldiers_far_green.tga
  0 -17.027271 -19.732325 134.823135 -0.569772 -0.330307 0.752501 0.068916 0.543392 1 24 1.000000
  0 -25.542072 -8.753076 122.467133 -0.888813 -0.289634 0.355139 0.042594 0.513779 1 24 1.000000
  0 -16.969070 -33.459877 134.380630 -0.239913 -0.032293 0.970257 0.082077 0.477586 1 24 1.000000
Soldiers_far_green.tga
  0 6.739378 -19.732325 134.823135 0.569769 -0.330307 0.752503 0.147883 0.543392 1 24 1.000000
  0 -17.027271 -19.732325 134.823135 -0.569772 -0.330307 0.752501 0.068916 0.543392 1 24 1.000000
  0 6.681178 -33.459877 134.380630 0.239913 -0.032293 0.970257 0.131431 0.477586 1 24 1.000000
Soldiers_far_green.tga
  0 6.681178 -33.459877 134.380630 0.239913 -0.032293 0.970257 0.131431 0.477586 1 24 1.000000
  0 -17.027271 -19.732325 134.823135 -0.569772 -0.330307 0.752501 0.068916 0.543392 1 24 1.000000
  0 -16.969070 -33.459877 134.380630 -0.239913 -0.032293 0.970257 0.082077 0.477586 1 24 1.000000
Soldiers_far_green.tga
  0 20.070278 4.484369 122.859634 0.999221 -0.034854 0.018498 0.207108 0.605907 1 24 1.000000
  0 6.739378 -19.732325 134.823135 0.569769 -0.330307 0.752503 0.147883 0.543392 1 24 1.000000
  0 15.254278 -8.753076 122.467133 0.888810 -0.289622 0.355155 0.174205 0.513779 1 24 1.000000
Soldiers_far_green.tga
  0 15.254278 -8.753076 122.467133 0.888810 -0.289622 0.355155 0.174205 0.513779 1 24 1.000000
  0 6.739378 -19.732325 134.823135 0.569769 -0.330307 0.752503 0.147883 0.543392 1 24 1.000000
  0 6.681178 -33.459877 134.380630 0.239913 -0.032293 0.970257 0.131431 0.477586 1 24 1.000000
Soldiers_far_green.tga
 18 26.717781 10.334169 70.340630 -0.566223 -0.727782 -0.386944 0.690352 0.802734 1 18 1.000000
 18 35.053783 10.334169 70.340630 0.566223 -0.727782 -0.386944 0.690352 0.879395 1 18 1.000000
 18 26.717781 15.390620 81.924133 -0.597900 -0.417520 0.684246 0.585304 0.802734 1 18 1.000000
Soldiers_far_green.tga
 18 26.717781 15.390620 81.924133 -0.597900 -0.417520 0.684246 0.585304 0.802734 1 18 1.000000
 18 35.053783 10.334169 70.340630 0.566223 -0.727782 -0.386944 0.690352 0.879395 1 18 1.000000
 18 35.053783 15.390620 81.924133 0.597900 -0.417520 0.684246 0.585304 0.879395 1 18 1.000000
Soldiers_far_green.tga
 18 26.717781 15.390620 81.924133 -0.597900 -0.417520 0.684246 0.585304 0.802734 1 18 1.000000
 18 35.053783 15.390620 81.924133 0.597900 -0.417520 0.684246 0.585304 0.879395 1 18 1.000000
 18 26.717781 31.964371 80.871132 -0.666272 0.310675 0.677911 0.438988 0.802734 1 18 1.000000
Soldiers_far_green.tga
 18 26.717781 31.964371 80.871132 -0.666272 0.310675 0.677911 0.438988 0.802734 1 18 1.000000
 18 35.053783 15.390620 81.924133 0.597900 -0.417520 0.684246 0.585304 0.879395 1 18 1.000000
 18 35.053783 31.964371 80.871132 0.665761 0.308799 0.679268 0.438988 0.879395 1 18 1.000000
Soldiers_far_green.tga
 18 28.999287 39.510674 75.255135 -0.521878 0.781657 0.341549 0.371458 0.823242 1 18 1.000000
 18 32.860291 39.510674 75.255135 0.525642 0.779032 0.341774 0.371458 0.859375 1 18 1.000000
 18 28.999287 39.510674 69.287636 -0.511586 0.695291 -0.504827 0.317058 0.823242 1 18 1.000000
Soldiers_far_green.tga
 18 28.999287 39.510674 69.287636 -0.511586 0.695291 -0.504827 0.317058 0.823242 1 18 1.000000
 18 32.860291 39.510674 75.255135 0.525642 0.779032 0.341774 0.371458 0.859375 1 18 1.000000
 18 32.860291 39.510674 69.287636 0.514672 0.693230 -0.504524 0.317058 0.859375 1 18 1.000000
Soldiers_far_green.tga
 18 26.717781 29.419819 66.830635 -0.679382 0.080404 -0.729366 0.859178 0.802734 1 18 1.000000
 18 35.053783 29.419819 66.830635 0.678922 0.078138 -0.730041 0.859178 0.879395 1 18 1.000000
 18 26.717781 10.334169 70.340630 -0.566223 -0.727782 -0.386944 0.690352 0.802734 1 18 1.000000
Soldiers_far_green.tga
 18 26.717781 10.334169 70.340630 -0.566223 -0.727782 -0.386944 0.690352 0.802734 1 18 1.000000
 18 35.053783 29.419819 66.830635 0.678922 0.078138 -0.730041 0.859178 0.879395 1 18 1.000000
 18 35.053783 10.334169 70.340630 0.566223 -0.727782 -0.386944 0.690352 0.879395 1 18 1.000000
Soldiers_far_green.tga
 18 35.053783 29.419819 66.830635 0.678922 0.078138 -0.730041 0.455078 0.687500 1 18 1.000000
 18 35.053783 31.964371 80.871132 0.665761 0.308799 0.679268 0.455078 0.790039 1 18 1.000000
 18 35.053783 10.334169 70.340630 0.566223 -0.727782 -0.386944 0.314453 0.687500 1 18 1.000000
Soldiers_far_green.tga
 18 35.053783 10.334169 70.340630 0.566223 -0.727782 -0.386944 0.314453 0.687500 1 18 1.000000
 18 35.053783 31.964371 80.871132 0.665761 0.308799 0.679268 0.455078 0.790039 1 18 1.000000
 18 35.053783 15.390620 81.924133 0.597900 -0.417520 0.684246 0.335938 0.777344 1 18 1.000000
Soldiers_far_green.tga
 18 26.717781 29.419819 66.830635 -0.679382 0.080404 -0.729366 0.455078 0.687500 1 18 1.000000
 18 26.717781 10.334169 70.340630 -0.566223 -0.727782 -0.386944 0.314453 0.687500 1 18 1.000000
 18 26.717781 31.964371 80.871132 -0.666272 0.310675 0.677911 0.455078 0.790039 1 18 1.000000
Soldiers_far_green.tga
 18 26.717781 31.964371 80.871132 -0.666272 0.310675 0.677911 0.455078 0.790039 1 18 1.000000
 18 26.717781 10.334169 70.340630 -0.566223 -0.727782 -0.386944 0.314453 0.687500 1 18 1.000000
 18 26.717781 15.390620 81.924133 -0.597900 -0.417520 0.684246 0.335938 0.777344 1 18 1.000000
Soldiers_far_green.tga
 18 26.717781 31.964371 80.871132 -0.666272 0.310675 0.677911 0.438988 0.802734 1 18 1.000000
 18 35.053783 31.964371 80.871132 0.665761 0.308799 0.679268 0.438988 0.879395 1 18 1.000000
 18 28.999287 39.510674 75.255135 -0.521878 0.781657 0.341549 0.371458 0.823242 1 18 1.000000
Soldiers_far_green.tga
 18 28.999287 39.510674 75.255135 -0.521878 0.781657 0.341549 0.371458 0.823242 1 18 1.000000
 18 35.053783 31.964371 80.871132 0.665761 0.308799 0.679268 0.438988 0.879395 1 18 1.000000
 18 32.860291 39.510674 75.255135 0.525642 0.779032 0.341774 0.371458 0.859375 1 18 1.000000
Soldiers_far_green.tga
 18 28.999287 39.510674 69.287636 -0.511586 0.695291 -0.504827 0.542969 0.705078 1 18 1.000000
 18 26.717781 29.419819 66.830635 -0.679382 0.080404 -0.729366 0.455078 0.687500 1 18 1.000000
 18 28.999287 39.510674 75.255135 -0.521878 0.781657 0.341549 0.542969 0.750000 1 18 1.000000
Soldiers_far_green.tga
 18 28.999287 39.510674 75.255135 -0.521878 0.781657 0.341549 0.542969 0.750000 1 18 1.000000
 18 26.717781 29.419819 66.830635 -0.679382 0.080404 -0.729366 0.455078 0.687500 1 18 1.000000
 18 26.717781 31.964371 80.871132 -0.666272 0.310675 0.677911 0.455078 0.790039 1 18 1.000000
Soldiers_far_green.tga
 18 28.999287 39.510674 69.287636 -0.511586 0.695291 -0.504827 0.949219 0.823242 1 18 1.000000
 18 32.860291 39.510674 69.287636 0.514672 0.693230 -0.504524 0.949219 0.859375 1 18 1.000000
 18 26.717781 29.419819 66.830635 -0.679382 0.080404 -0.729366 0.859178 0.802734 1 18 1.000000
Soldiers_far_green.tga
 18 26.717781 29.419819 66.830635 -0.679382 0.080404 -0.729366 0.859178 0.802734 1 18 1.000000
 18 32.860291 39.510674 69.287636 0.514672 0.693230 -0.504524 0.949219 0.859375 1 18 1.000000
 18 35.053783 29.419819 66.830635 0.678922 0.078138 -0.730041 0.859178 0.879395 1 18 1.000000
Soldiers_far_green.tga
 18 35.053783 31.964371 80.871132 0.665761 0.308799 0.679268 0.455078 0.790039 1 18 1.000000
 18 35.053783 29.419819 66.830635 0.678922 0.078138 -0.730041 0.455078 0.687500 1 18 1.000000
 18 32.860291 39.510674 75.255135 0.525642 0.779032 0.341774 0.542969 0.750000 1 18 1.000000
Soldiers_far_green.tga
 18 32.860291 39.510674 75.255135 0.525642 0.779032 0.341774 0.542969 0.750000 1 18 1.000000
 18 35.053783 29.419819 66.830635 0.678922 0.078138 -0.730041 0.455078 0.687500 1 18 1.000000
 18 32.860291 39.510674 69.287636 0.514672 0.693230 -0.504524 0.542969 0.705078 1 18 1.000000
Soldiers_far_green.tga
 18 27.419781 -19.632732 70.692131 -0.577350 -0.577350 -0.577350 0.443359 0.605469 1 18 1.000000
 18 34.351784 -19.632732 70.692131 0.577350 -0.577350 -0.577350 0.443359 0.605469 1 18 1.000000
 18 27.419781 -19.632732 78.765129 -0.598600 -0.658403 0.456272 0.443359 0.654297 1 18 1.000000
Soldiers_far_green.tga
 18 27.419781 -19.632732 78.765129 -0.598600 -0.658403 0.456272 0.443359 0.654297 1 18 1.000000
 18 34.351784 -19.632732 70.692131 0.577350 -0.577350 -0.577350 0.443359 0.605469 1 18 1.000000
 18 34.351784 -19.632732 78.765129 0.598600 -0.658403 0.456272 0.443359 0.654297 1 18 1.000000
Soldiers_far_green.tga
 18 27.419781 -19.632732 78.765129 -0.598600 -0.658403 0.456272 0.443359 0.654297 1 18 1.000000
 18 34.351784 -19.632732 78.765129 0.598600 -0.658403 0.456272 0.443359 0.654297 1 18 1.000000
 18 27.419781 -5.592828 84.030128 -0.657280 0.036316 0.752771 0.582031 0.687500 1 18 1.000000
Soldiers_far_green.tga
 18 27.419781 -5.592828 84.030128 -0.657280 0.036316 0.752771 0.582031 0.687500 1 18 1.000000
 18 34.351784 -19.632732 78.765129 0.598600 -0.658403 0.456272 0.443359 0.654297 1 18 1.000000
 18 34.351784 -5.592828 84.030128 0.656547 0.034172 0.753510 0.582031 0.687500 1 18 1.000000
Soldiers_far_green.tga
 18 29.350285 4.586269 80.520134 -0.528805 0.707520 0.468809 0.679688 0.666016 1 18 1.000000
 18 32.509285 4.586269 80.520134 0.531947 0.705291 0.468612 0.679688 0.666016 1 18 1.000000
 18 29.350285 4.586269 74.202133 -0.528805 0.707520 -0.468808 0.679688 0.626953 1 18 1.000000
Soldiers_far_green.tga
 18 29.350285 4.586269 74.202133 -0.528805 0.707520 -0.468808 0.679688 0.626953 1 18 1.000000
 18 32.509285 4.586269 80.520134 0.531947 0.705291 0.468612 0.679688 0.666016 1 18 1.000000
 18 32.509285 4.586269 74.202133 0.531947 0.705291 -0.468612 0.679688 0.626953 1 18 1.000000
Soldiers_far_green.tga
 18 27.419781 -5.592828 70.692131 -0.685278 0.168317 -0.708564 0.582031 0.605469 1 18 1.000000
 18 34.351784 -5.592828 70.692131 0.684788 0.166218 -0.709533 0.582031 0.605469 1 18 1.000000
 18 27.419781 -19.632732 70.692131 -0.577350 -0.577350 -0.577350 0.443359 0.605469 1 18 1.000000
Soldiers_far_green.tga
 18 27.419781 -19.632732 70.692131 -0.577350 -0.577350 -0.577350 0.443359 0.605469 1 18 1.000000
 18 34.351784 -5.592828 70.692131 0.684788 0.166218 -0.709533 0.582031 0.605469 1 18 1.000000
 18 34.351784 -19.632732 70.692131 0.577350 -0.577350 -0.577350 0.443359 0.605469 1 18 1.000000
Soldiers_far_green.tga
 18 34.351784 -19.632732 70.692131 0.577350 -0.577350 -0.577350 0.443359 0.605469 1 18 1.000000
 18 34.351784 -5.592828 70.692131 0.684788 0.166218 -0.709533 0.582031 0.605469 1 18 1.000000
 18 34.351784 -19.632732 78.765129 0.598600 -0.658403 0.456272 0.443359 0.654297 1 18 1.000000
Soldiers_far_green.tga
 18 34.351784 -19.632732 78.765129 0.598600 -0.658403 0.456272 0.443359 0.654297 1 18 1.000000
 18 34.351784 -5.592828 70.692131 0.684788 0.166218 -0.709533 0.582031 0.605469 1 18 1.000000
 18 34.351784 -5.592828 84.030128 0.656547 0.034172 0.753510 0.582031 0.687500 1 18 1.000000
Soldiers_far_green.tga
 18 27.419781 -19.632732 70.692131 -0.577350 -0.577350 -0.577350 0.443359 0.605469 1 18 1.000000
 18 27.419781 -19.632732 78.765129 -0.598600 -0.658403 0.456272 0.443359 0.654297 1 18 1.000000
 18 27.419781 -5.592828 70.692131 -0.685278 0.168317 -0.708564 0.582031 0.605469 1 18 1.000000
Soldiers_far_green.tga
 18 27.419781 -5.592828 70.692131 -0.685278 0.168317 -0.708564 0.582031 0.605469 1 18 1.000000
 18 27.419781 -19.632732 78.765129 -0.598600 -0.658403 0.456272 0.443359 0.654297 1 18 1.000000
 18 27.419781 -5.592828 84.030128 -0.657280 0.036316 0.752771 0.582031 0.687500 1 18 1.000000
Soldiers_far_green.tga
 18 27.419781 -5.592828 84.030128 -0.657280 0.036316 0.752771 0.582031 0.687500 1 18 1.000000
 18 34.351784 -5.592828 84.030128 0.656547 0.034172 0.753510 0.582031 0.687500 1 18 1.000000
 18 29.350285 4.586269 80.520134 -0.528805 0.707520 0.468809 0.679688 0.666016 1 18 1.000000
Soldiers_far_green.tga
 18 29.350285 4.586269 80.520134 -0.528805 0.707520 0.468809 0.679688 0.666016 1 18 1.000000
 18 34.351784 -5.592828 84.030128 0.656547 0.034172 0.753510 0.582031 0.687500 1 18 1.000000
 18 32.509285 4.586269 80.520134 0.531947 0.705291 0.468612 0.679688 0.666016 1 18 1.000000
Soldiers_far_green.tga
 18 29.350285 4.586269 74.202133 -0.528805 0.707520 -0.468808 0.679688 0.626953 1 18 1.000000
 18 27.419781 -5.592828 70.692131 -0.685278 0.168317 -0.708564 0.582031 0.605469 1 18 1.000000
 18 29.350285 4.586269 80.520134 -0.528805 0.707520 0.468809 0.679688 0.666016 1 18 1.000000
Soldiers_far_green.tga
 18 29.350285 4.586269 80.520134 -0.528805 0.707520 0.468809 0.679688 0.666016 1 18 1.000000
 18 27.419781 -5.592828 70.692131 -0.685278 0.168317 -0.708564 0.582031 0.605469 1 18 1.000000
 18 27.419781 -5.592828 84.030128 -0.657280 0.036316 0.752771 0.582031 0.687500 1 18 1.000000
Soldiers_far_green.tga
 18 29.350285 4.586269 74.202133 -0.528805 0.707520 -0.468808 0.679688 0.626953 1 18 1.000000
 18 32.509285 4.586269 74.202133 0.531947 0.705291 -0.468612 0.679688 0.626953 1 18 1.000000
 18 27.419781 -5.592828 70.692131 -0.685278 0.168317 -0.708564 0.582031 0.605469 1 18 1.000000
Soldiers_far_green.tga
 18 27.419781 -5.592828 70.692131 -0.685278 0.168317 -0.708564 0.582031 0.605469 1 18 1.000000
 18 32.509285 4.586269 74.202133 0.531947 0.705291 -0.468612 0.679688 0.626953 1 18 1.000000
 18 34.351784 -5.592828 70.692131 0.684788 0.166218 -0.709533 0.582031 0.605469 1 18 1.000000
Soldiers_far_green.tga
 18 34.351784 -5.592828 84.030128 0.656547 0.034172 0.753510 0.582031 0.687500 1 18 1.000000
 18 34.351784 -5.592828 70.692131 0.684788 0.166218 -0.709533 0.582031 0.605469 1 18 1.000000
 18 32.509285 4.586269 80.520134 0.531947 0.705291 0.468612 0.679688 0.666016 1 18 1.000000
Soldiers_far_green.tga
 18 32.509285 4.586269 80.520134 0.531947 0.705291 0.468612 0.679688 0.666016 1 18 1.000000
 18 34.351784 -5.592828 70.692131 0.684788 0.166218 -0.709533 0.582031 0.605469 1 18 1.000000
 18 32.509285 4.586269 74.202133 0.531947 0.705291 -0.468612 0.679688 0.626953 1 18 1.000000
Soldiers_far_green.tga
 18 25.664280 -33.848377 66.830635 -0.568196 -0.631646 -0.527424 0.558594 0.712891 1 18 1.000000
 18 36.194786 -33.848377 66.830635 0.568196 -0.631647 -0.527424 0.558594 0.712891 1 18 1.000000
 18 25.664280 -33.848377 75.957130 -0.560352 -0.591071 0.580207 0.558594 0.777344 1 18 1.000000
Soldiers_far_green.tga
 18 25.664280 -33.848377 75.957130 -0.560352 -0.591071 0.580207 0.558594 0.777344 1 18 1.000000
 18 36.194786 -33.848377 66.830635 0.568196 -0.631647 -0.527424 0.558594 0.712891 1 18 1.000000
 18 36.194786 -33.848377 75.957130 0.560352 -0.591071 0.580207 0.558594 0.777344 1 18 1.000000
Soldiers_far_green.tga
 18 25.664280 -33.848377 75.957130 -0.560352 -0.591071 0.580207 0.558594 0.777344 1 18 1.000000
 18 36.194786 -33.848377 75.957130 0.560352 -0.591071 0.580207 0.558594 0.777344 1 18 1.000000
 18 23.733780 2.305019 75.957130 -0.702139 0.049084 0.710346 0.781250 0.777344 1 18 1.000000
Soldiers_far_green.tga
 18 23.733780 2.305019 75.957130 -0.702139 0.049084 0.710346 0.781250 0.777344 1 18 1.000000
 18 36.194786 -33.848377 75.957130 0.560352 -0.591071 0.580207 0.558594 0.777344 1 18 1.000000
 18 38.125294 2.305019 75.957130 0.702468 0.050129 0.709948 0.781250 0.777344 1 18 1.000000
Soldiers_far_green.tga
 18 24.962280 28.147320 72.095634 -0.569625 0.627511 0.530808 0.941406 0.748047 1 18 1.000000
 18 36.808784 28.147320 72.095634 0.568473 0.628451 0.530931 0.941406 0.748047 1 18 1.000000
 18 24.962280 28.147320 65.075630 -0.569977 0.629094 -0.528551 0.941406 0.699219 1 18 1.000000
Soldiers_far_green.tga
 18 24.962280 28.147320 65.075630 -0.569977 0.629094 -0.528551 0.941406 0.699219 1 18 1.000000
 18 36.808784 28.147320 72.095634 0.568473 0.628451 0.530931 0.941406 0.748047 1 18 1.000000
 18 36.808784 28.147320 65.075630 0.568823 0.630037 -0.528672 0.941406 0.699219 1 18 1.000000
Soldiers_far_green.tga
 18 23.733780 2.305019 61.039131 -0.684939 -0.003157 -0.728593 0.781250 0.669922 1 18 1.000000
 18 38.125294 2.305019 61.039131 0.685316 -0.002118 -0.728243 0.781250 0.669922 1 18 1.000000
 18 25.664280 -33.848377 66.830635 -0.568196 -0.631646 -0.527424 0.558594 0.712891 1 18 1.000000
Soldiers_far_green.tga
 18 25.664280 -33.848377 66.830635 -0.568196 -0.631646 -0.527424 0.558594 0.712891 1 18 1.000000
 18 38.125294 2.305019 61.039131 0.685316 -0.002118 -0.728243 0.781250 0.669922 1 18 1.000000
 18 36.194786 -33.848377 66.830635 0.568196 -0.631647 -0.527424 0.558594 0.712891 1 18 1.000000
Soldiers_far_green.tga
 18 38.125294 2.305019 61.039131 0.685316 -0.002118 -0.728243 0.781250 0.669922 1 18 1.000000
 18 38.125294 2.305019 75.957130 0.702468 0.050129 0.709948 0.781250 0.777344 1 18 1.000000
 18 36.194786 -33.848377 66.830635 0.568196 -0.631647 -0.527424 0.558594 0.712891 1 18 1.000000
Soldiers_far_green.tga
 18 36.194786 -33.848377 66.830635 0.568196 -0.631647 -0.527424 0.558594 0.712891 1 18 1.000000
 18 38.125294 2.305019 75.957130 0.702468 0.050129 0.709948 0.781250 0.777344 1 18 1.000000
 18 36.194786 -33.848377 75.957130 0.560352 -0.591071 0.580207 0.558594 0.777344 1 18 1.000000
Soldiers_far_green.tga
 18 23.733780 2.305019 61.039131 -0.684939 -0.003157 -0.728593 0.781250 0.669922 1 18 1.000000
 18 25.664280 -33.848377 66.830635 -0.568196 -0.631646 -0.527424 0.558594 0.712891 1 18 1.000000
 18 23.733780 2.305019 75.957130 -0.702139 0.049084 0.710346 0.781250 0.777344 1 18 1.000000
Soldiers_far_green.tga
 18 23.733780 2.305019 75.957130 -0.702139 0.049084 0.710346 0.781250 0.777344 1 18 1.000000
 18 25.664280 -33.848377 66.830635 -0.568196 -0.631646 -0.527424 0.558594 0.712891 1 18 1.000000
 18 25.664280 -33.848377 75.957130 -0.560352 -0.591071 0.580207 0.558594 0.777344 1 18 1.000000
Soldiers_far_green.tga
 18 23.733780 2.305019 75.957130 -0.702139 0.049084 0.710346 0.781250 0.777344 1 18 1.000000
 18 38.125294 2.305019 75.957130 0.702468 0.050129 0.709948 0.781250 0.777344 1 18 1.000000
 18 24.962280 28.147320 72.095634 -0.569625 0.627511 0.530808 0.941406 0.748047 1 18 1.000000
Soldiers_far_green.tga
 18 24.962280 28.147320 72.095634 -0.569625 0.627511 0.530808 0.941406 0.748047 1 18 1.000000
 18 38.125294 2.305019 75.957130 0.702468 0.050129 0.709948 0.781250 0.777344 1 18 1.000000
 18 36.808784 28.147320 72.095634 0.568473 0.628451 0.530931 0.941406 0.748047 1 18 1.000000
Soldiers_far_green.tga
 18 24.962280 28.147320 65.075630 -0.569977 0.629094 -0.528551 0.941406 0.699219 1 18 1.000000
 18 23.733780 2.305019 61.039131 -0.684939 -0.003157 -0.728593 0.781250 0.669922 1 18 1.000000
 18 24.962280 28.147320 72.095634 -0.569625 0.627511 0.530808 0.941406 0.748047 1 18 1.000000
Soldiers_far_green.tga
 18 24.962280 28.147320 72.095634 -0.569625 0.627511 0.530808 0.941406 0.748047 1 18 1.000000
 18 23.733780 2.305019 61.039131 -0.684939 -0.003157 -0.728593 0.781250 0.669922 1 18 1.000000
 18 23.733780 2.305019 75.957130 -0.702139 0.049084 0.710346 0.781250 0.777344 1 18 1.000000
Soldiers_far_green.tga
 18 24.962280 28.147320 65.075630 -0.569977 0.629094 -0.528551 0.941406 0.699219 1 18 1.000000
 18 36.808784 28.147320 65.075630 0.568823 0.630037 -0.528672 0.941406 0.699219 1 18 1.000000
 18 23.733780 2.305019 61.039131 -0.684939 -0.003157 -0.728593 0.781250 0.669922 1 18 1.000000
Soldiers_far_green.tga
 18 23.733780 2.305019 61.039131 -0.684939 -0.003157 -0.728593 0.781250 0.669922 1 18 1.000000
 18 36.808784 28.147320 65.075630 0.568823 0.630037 -0.528672 0.941406 0.699219 1 18 1.000000
 18 38.125294 2.305019 61.039131 0.685316 -0.002118 -0.728243 0.781250 0.669922 1 18 1.000000
Soldiers_far_green.tga
 18 38.125294 2.305019 75.957130 0.702468 0.050129 0.709948 0.781250 0.777344 1 18 1.000000
 18 38.125294 2.305019 61.039131 0.685316 -0.002118 -0.728243 0.781250 0.669922 1 18 1.000000
 18 36.808784 28.147320 72.095634 0.568473 0.628451 0.530931 0.941406 0.748047 1 18 1.000000
Soldiers_far_green.tga
 18 36.808784 28.147320 72.095634 0.568473 0.628451 0.530931 0.941406 0.748047 1 18 1.000000
 18 38.125294 2.305019 61.039131 0.685316 -0.002118 -0.728243 0.781250 0.669922 1 18 1.000000
 18 36.808784 28.147320 65.075630 0.568823 0.630037 -0.528672 0.941406 0.699219 1 18 1.000000
Soldiers_far_green.tga
 18 20.574780 -4.100679 67.883629 -0.833815 -0.270194 -0.481403 0.583661 0.874767 1 18 1.000000
 18 26.717781 -10.857826 65.427132 0.267279 -0.745988 -0.609970 0.565721 0.874767 1 18 1.000000
 18 20.574780 -4.100679 69.989632 -0.845463 -0.270245 0.460609 0.583661 0.856827 1 18 1.000000
Soldiers_far_green.tga
 18 20.574780 -4.100679 69.989632 -0.845463 -0.270245 0.460609 0.583661 0.856827 1 18 1.000000
 18 26.717781 -10.857826 65.427132 0.267279 -0.745988 -0.609970 0.565721 0.874767 1 18 1.000000
 18 26.717781 -10.857826 72.798134 0.262136 -0.741005 0.618221 0.565721 0.856827 1 18 1.000000
Soldiers_far_green.tga
 18 20.574780 -4.100679 69.989632 -0.845463 -0.270245 0.460609 0.583661 0.856827 1 18 1.000000
 18 26.717781 -10.857826 72.798134 0.262136 -0.741005 0.618221 0.565721 0.856827 1 18 1.000000
 18 20.574780 6.692120 69.989632 -0.846314 0.266299 0.461343 0.583661 0.838289 1 18 1.000000
Soldiers_far_green.tga
 18 20.574780 6.692120 69.989632 -0.846314 0.266299 0.461343 0.583661 0.838289 1 18 1.000000
 18 26.717781 -10.857826 72.798134 0.262136 -0.741005 0.618221 0.565721 0.856827 1 18 1.000000
 18 26.717781 13.580619 72.798134 0.259388 0.742802 0.617223 0.565721 0.838289 1 18 1.000000
Soldiers_far_green.tga
 18 20.574780 6.692120 69.989632 -0.846314 0.266299 0.461343 0.583661 0.838289 1 18 1.000000
 18 26.717781 13.580619 72.798134 0.259388 0.742802 0.617223 0.565721 0.838289 1 18 1.000000
 18 20.574780 6.692120 67.883629 -0.834641 0.266281 -0.482150 0.583661 0.820348 1 18 1.000000
Soldiers_far_green.tga
 18 20.574780 6.692120 67.883629 -0.834641 0.266281 -0.482150 0.583661 0.820348 1 18 1.000000
 18 26.717781 13.580619 72.798134 0.259388 0.742802 0.617223 0.565721 0.838289 1 18 1.000000
 18 26.717781 13.580619 65.427132 0.264412 0.747762 -0.609047 0.565721 0.820348 1 18 1.000000
Soldiers_far_green.tga
 18 20.574780 6.692120 67.883629 -0.834641 0.266281 -0.482150 0.583661 0.820348 1 18 1.000000
 18 26.717781 13.580619 65.427132 0.264412 0.747762 -0.609047 0.565721 0.820348 1 18 1.000000
 18 20.574780 -4.100679 67.883629 -0.833815 -0.270194 -0.481403 0.583661 0.802408 1 18 1.000000
Soldiers_far_green.tga
 18 20.574780 -4.100679 67.883629 -0.833815 -0.270194 -0.481403 0.583661 0.802408 1 18 1.000000
 18 26.717781 13.580619 65.427132 0.264412 0.747762 -0.609047 0.565721 0.820348 1 18 1.000000
 18 26.717781 -10.857826 65.427132 0.267279 -0.745988 -0.609970 0.565721 0.802408 1 18 1.000000
Soldiers_far_green.tga
 18 26.717781 -10.857826 65.427132 0.267279 -0.745988 -0.609970 0.565721 0.874767 1 18 1.000000
 18 26.717781 13.580619 65.427132 0.264412 0.747762 -0.609047 0.547781 0.874767 1 18 1.000000
 18 26.717781 -10.857826 72.798134 0.262136 -0.741005 0.618221 0.565721 0.856827 1 18 1.000000
Soldiers_far_green.tga
 18 26.717781 -10.857826 72.798134 0.262136 -0.741005 0.618221 0.565721 0.856827 1 18 1.000000
 18 26.717781 13.580619 65.427132 0.264412 0.747762 -0.609047 0.547781 0.874767 1 18 1.000000
 18 26.717781 13.580619 72.798134 0.259388 0.742802 0.617223 0.547781 0.856827 1 18 1.000000
Soldiers_far_green.tga
 18 20.574780 6.692120 67.883629 -0.834641 0.266281 -0.482150 0.601602 0.874767 1 18 1.000000
 18 20.574780 -4.100679 67.883629 -0.833815 -0.270194 -0.481403 0.583661 0.874767 1 18 1.000000
 18 20.574780 6.692120 69.989632 -0.846314 0.266299 0.461343 0.601602 0.856827 1 18 1.000000
Soldiers_far_green.tga
 18 20.574780 6.692120 69.989632 -0.846314 0.266299 0.461343 0.601602 0.856827 1 18 1.000000
 18 20.574780 -4.100679 67.883629 -0.833815 -0.270194 -0.481403 0.583661 0.874767 1 18 1.000000
 18 20.574780 -4.100679 69.989632 -0.845463 -0.270245 0.460609 0.583661 0.856827 1 18 1.000000
Soldiers_far_green.tga
 18 30.929287 -114.227501 68.234634 0.001613 -0.681171 -0.732122 0.851720 0.910163 1 18 1.000000
 18 34.088787 -114.227501 71.394135 0.734681 -0.678412 0.000034 0.851721 0.934730 1 18 1.000000
 18 27.770779 -114.227501 71.394135 -0.731405 -0.681944 0.000019 0.851721 0.934730 1 18 1.000000
Soldiers_far_green.tga
 18 27.770779 -114.227501 71.394135 -0.731405 -0.681944 0.000019 0.851721 0.934730 1 18 1.000000
 18 34.088787 -114.227501 71.394135 0.734681 -0.678412 0.000034 0.851721 0.934730 1 18 1.000000
 18 30.929287 -114.227501 74.553131 0.001628 -0.681180 0.732114 0.851721 0.956227 1 18 1.000000
Soldiers_far_green.tga
 18 27.770779 -98.081451 71.394135 -0.986282 0.165067 0.000048 0.493822 0.934730 1 18 1.000000
 18 30.929287 -98.081451 74.553131 0.001201 0.163492 0.986544 0.493822 0.956227 1 18 1.000000
 18 27.770779 -29.636375 71.394135 -1.000000 -0.000000 0.000040 0.847775 0.934730 1 18 1.000000
Soldiers_far_green.tga
 18 27.770779 -29.636375 71.394135 -1.000000 -0.000000 0.000040 0.847775 0.934730 1 18 1.000000
 18 30.929287 -98.081451 74.553131 0.001201 0.163492 0.986544 0.493822 0.956227 1 18 1.000000
 18 30.929287 -29.636375 74.553131 -0.000079 -0.000000 1.000000 0.847775 0.956227 1 18 1.000000
Soldiers_far_green.tga
 18 30.929287 -29.636375 68.234634 -0.000078 0.000000 -1.000000 0.847775 0.910163 1 18 1.000000
 18 34.088787 -29.636375 71.394135 1.000000 -0.000000 0.000040 0.847775 0.934730 1 18 1.000000
 18 30.929287 -98.081451 68.234634 -0.000073 0.165090 -0.986278 0.493822 0.910163 1 18 1.000000
Soldiers_far_green.tga
 18 30.929287 -98.081451 68.234634 -0.000073 0.165090 -0.986278 0.493822 0.910163 1 18 1.000000
 18 34.088787 -29.636375 71.394135 1.000000 -0.000000 0.000040 0.847775 0.934730 1 18 1.000000
 18 34.088787 -98.081451 71.394135 0.987000 0.160712 0.001315 0.493822 0.934730 1 18 1.000000
Soldiers_far_green.tga
 18 30.929287 -98.081451 74.553131 0.001201 0.163492 0.986544 0.493822 0.956227 1 18 1.000000
 18 34.088787 -98.081451 71.394135 0.987000 0.160712 0.001315 0.493822 0.934730 1 18 1.000000
 18 30.929287 -29.636375 74.553131 -0.000079 -0.000000 1.000000 0.847775 0.956227 1 18 1.000000
Soldiers_far_green.tga
 18 30.929287 -29.636375 74.553131 -0.000079 -0.000000 1.000000 0.847775 0.956227 1 18 1.000000
 18 34.088787 -98.081451 71.394135 0.987000 0.160712 0.001315 0.493822 0.934730 1 18 1.000000
 18 34.088787 -29.636375 71.394135 1.000000 -0.000000 0.000040 0.847775 0.934730 1 18 1.000000
Soldiers_far_green.tga
 18 30.929287 -29.636375 68.234634 -0.000078 0.000000 -1.000000 0.847775 0.910163 1 18 1.000000
 18 30.929287 -98.081451 68.234634 -0.000073 0.165090 -0.986278 0.493822 0.910163 1 18 1.000000
 18 27.770779 -29.636375 71.394135 -1.000000 -0.000000 0.000040 0.847775 0.934730 1 18 1.000000
Soldiers_far_green.tga
 18 27.770779 -29.636375 71.394135 -1.000000 -0.000000 0.000040 0.847775 0.934730 1 18 1.000000
 18 30.929287 -98.081451 68.234634 -0.000073 0.165090 -0.986278 0.493822 0.910163 1 18 1.000000
 18 27.770779 -98.081451 71.394135 -0.986282 0.165067 0.000048 0.493822 0.934730 1 18 1.000000
Soldiers_far_green.tga
 18 30.929287 -98.081451 68.234634 -0.000073 0.165090 -0.986278 0.493822 0.910163 1 18 1.000000
 18 34.088787 -98.081451 71.394135 0.987000 0.160712 0.001315 0.493822 0.934730 1 18 1.000000
 18 30.929287 -105.803452 65.777634 0.002949 0.009948 -0.999946 0.659989 0.891737 1 18 1.000000
Soldiers_far_green.tga
 18 30.929287 -105.803452 65.777634 0.002949 0.009948 -0.999946 0.659989 0.891737 1 18 1.000000
 18 34.088787 -98.081451 71.394135 0.987000 0.160712 0.001315 0.493822 0.934730 1 18 1.000000
 18 36.457787 -105.803452 71.394135 0.999952 0.009730 0.000547 0.659989 0.934730 1 18 1.000000
Soldiers_far_green.tga
 18 27.770779 -98.081451 71.394135 -0.986282 0.165067 0.000048 0.493822 0.934730 1 18 1.000000
 18 30.929287 -98.081451 68.234634 -0.000073 0.165090 -0.986278 0.493822 0.910163 1 18 1.000000
 18 25.313780 -105.803452 71.394135 -0.999942 0.010790 0.000022 0.659989 0.934730 1 18 1.000000
Soldiers_far_green.tga
 18 25.313780 -105.803452 71.394135 -0.999942 0.010790 0.000022 0.659989 0.934730 1 18 1.000000
 18 30.929287 -98.081451 68.234634 -0.000073 0.165090 -0.986278 0.493822 0.910163 1 18 1.000000
 18 30.929287 -105.803452 65.777634 0.002949 0.009948 -0.999946 0.659989 0.891737 1 18 1.000000
Soldiers_far_green.tga
 18 25.313780 -105.803452 71.394135 -0.999942 0.010790 0.000022 0.659989 0.934730 1 18 1.000000
 18 30.929287 -105.803452 77.010132 0.003470 0.010792 0.999936 0.659989 0.974652 1 18 1.000000
 18 27.770779 -98.081451 71.394135 -0.986282 0.165067 0.000048 0.493822 0.934730 1 18 1.000000
Soldiers_far_green.tga
 18 27.770779 -98.081451 71.394135 -0.986282 0.165067 0.000048 0.493822 0.934730 1 18 1.000000
 18 30.929287 -105.803452 77.010132 0.003470 0.010792 0.999936 0.659989 0.974652 1 18 1.000000
 18 30.929287 -98.081451 74.553131 0.001201 0.163492 0.986544 0.493822 0.956227 1 18 1.000000
Soldiers_far_green.tga
 18 30.929287 -105.803452 77.010132 0.003470 0.010792 0.999936 0.659989 0.974652 1 18 1.000000
 18 36.457787 -105.803452 71.394135 0.999952 0.009730 0.000547 0.659989 0.934730 1 18 1.000000
 18 30.929287 -98.081451 74.553131 0.001201 0.163492 0.986544 0.493822 0.956227 1 18 1.000000
Soldiers_far_green.tga
 18 30.929287 -98.081451 74.553131 0.001201 0.163492 0.986544 0.493822 0.956227 1 18 1.000000
 18 36.457787 -105.803452 71.394135 0.999952 0.009730 0.000547 0.659989 0.934730 1 18 1.000000
 18 34.088787 -98.081451 71.394135 0.987000 0.160712 0.001315 0.493822 0.934730 1 18 1.000000
Soldiers_far_green.tga
 18 30.929287 -105.803452 65.777634 0.002949 0.009948 -0.999946 0.659989 0.891737 1 18 1.000000
 18 36.457787 -105.803452 71.394135 0.999952 0.009730 0.000547 0.659989 0.934730 1 18 1.000000
 18 30.929287 -114.227501 68.234634 0.001613 -0.681171 -0.732122 0.851720 0.910163 1 18 1.000000
Soldiers_far_green.tga
 18 30.929287 -114.227501 68.234634 0.001613 -0.681171 -0.732122 0.851720 0.910163 1 18 1.000000
 18 36.457787 -105.803452 71.394135 0.999952 0.009730 0.000547 0.659989 0.934730 1 18 1.000000
 18 34.088787 -114.227501 71.394135 0.734681 -0.678412 0.000034 0.851721 0.934730 1 18 1.000000
Soldiers_far_green.tga
 18 25.313780 -105.803452 71.394135 -0.999942 0.010790 0.000022 0.659989 0.934730 1 18 1.000000
 18 30.929287 -105.803452 65.777634 0.002949 0.009948 -0.999946 0.659989 0.891737 1 18 1.000000
 18 27.770779 -114.227501 71.394135 -0.731405 -0.681944 0.000019 0.851721 0.934730 1 18 1.000000
Soldiers_far_green.tga
 18 27.770779 -114.227501 71.394135 -0.731405 -0.681944 0.000019 0.851721 0.934730 1 18 1.000000
 18 30.929287 -105.803452 65.777634 0.002949 0.009948 -0.999946 0.659989 0.891737 1 18 1.000000
 18 30.929287 -114.227501 68.234634 0.001613 -0.681171 -0.732122 0.851720 0.910163 1 18 1.000000
Soldiers_far_green.tga
 18 27.770779 -114.227501 71.394135 -0.731405 -0.681944 0.000019 0.851721 0.934730 1 18 1.000000
 18 30.929287 -114.227501 74.553131 0.001628 -0.681180 0.732114 0.851721 0.956227 1 18 1.000000
 18 25.313780 -105.803452 71.394135 -0.999942 0.010790 0.000022 0.659989 0.934730 1 18 1.000000
Soldiers_far_green.tga
 18 25.313780 -105.803452 71.394135 -0.999942 0.010790 0.000022 0.659989 0.934730 1 18 1.000000
 18 30.929287 -114.227501 74.553131 0.001628 -0.681180 0.732114 0.851721 0.956227 1 18 1.000000
 18 30.929287 -105.803452 77.010132 0.003470 0.010792 0.999936 0.659989 0.974652 1 18 1.000000
Soldiers_far_green.tga
 18 34.088787 -114.227501 71.394135 0.734681 -0.678412 0.000034 0.851721 0.934730 1 18 1.000000
 18 36.457787 -105.803452 71.394135 0.999952 0.009730 0.000547 0.659989 0.934730 1 18 1.000000
 18 30.929287 -114.227501 74.553131 0.001628 -0.681180 0.732114 0.851721 0.956227 1 18 1.000000
Soldiers_far_green.tga
 18 30.929287 -114.227501 74.553131 0.001628 -0.681180 0.732114 0.851721 0.956227 1 18 1.000000
 18 36.457787 -105.803452 71.394135 0.999952 0.009730 0.000547 0.659989 0.934730 1 18 1.000000
 18 30.929287 -105.803452 77.010132 0.003470 0.010792 0.999936 0.659989 0.974652 1 18 1.000000
Soldiers_far_green.tga
 18 32.165474 -2.266231 78.003891 0.716019 -0.000000 0.698081 0.472656 0.554687 1 18 1.000000
 18 32.165474 16.781750 78.003891 0.716019 -0.000000 0.698081 0.628906 0.554687 1 18 1.000000
 18 30.822807 -2.266231 79.381058 0.000033 -0.000000 1.000000 0.472656 0.578132 1 18 1.000000
Soldiers_far_green.tga
 18 30.822807 -2.266231 79.381058 0.000033 -0.000000 1.000000 0.472656 0.578132 1 18 1.000000
 18 32.165474 16.781750 78.003891 0.716019 -0.000000 0.698081 0.628906 0.554687 1 18 1.000000
 18 30.822807 16.781750 79.381058 0.000033 -0.000000 1.000000 0.628906 0.580078 1 18 1.000000
Soldiers_far_green.tga
 18 29.479965 16.781750 78.003891 -0.715973 -0.000000 0.698128 0.628906 0.554687 1 18 1.000000
 18 29.479965 -2.266231 78.003891 -0.715973 -0.000000 0.698128 0.472656 0.554687 1 18 1.000000
 18 30.822807 -2.266231 79.381058 0.000033 -0.000000 1.000000 0.472656 0.578132 1 18 1.000000
Soldiers_far_green.tga
 18 29.479965 16.781750 78.003891 -0.715973 -0.000000 0.698128 0.628906 0.554687 1 18 1.000000
 18 30.822807 -2.266231 79.381058 0.000033 -0.000000 1.000000 0.472656 0.578132 1 18 1.000000
 18 30.822807 16.781750 79.381058 0.000033 -0.000000 1.000000 0.628906 0.580078 1 18 1.000000
end
