version 1
nodes
  0 "bone36"  -1
  1 "bone37"  -1
  2 "bone39"  -1
  3 "bone21"   2
  4 "bone20"   3
  5 "bone07"   4
  6 "bone22"   5
  7 "bone18"   6
  8 "bone25"   7
  9 "bone14"   4
 10 "bone16"   9
 11 "bone19"  10
 12 "bone24"  11
 13 "bone01"   4
 14 "bone15"  13
 15 "bone001"  14
 16 "bone17"  13
 17 "bone38"  16
 18 "bone03"   3
 19 "bone06"  18
 20 "bone13"  19
 21 "bone12"  20
 22 "bone26"  19
 23 "bone08"  18
 24 "bone05"  23
 25 "bone09"  24
 26 "bone11"  25
 27 "bone29"  26
 28 "bone30"  25
 29 "bone02"  18
 30 "bone04"  29
 31 "bone10"  30
 32 "bone31"  31
 33 "bone32"  18
 34 "bone34"   2
end
skeleton
time 0
  0 -2.629148 1.415440 -0.352036 0.000000 -0.000000 0.000000
  1 -2.629148 1.415440 -0.352036 0.000000 -0.000000 0.000000
  2 -2.629148 1.415440 -0.352036 0.000000 -0.000000 0.000000
  3 0.000000 0.809119 99.548950 0.000000 -0.000000 0.000000
  4 0.000000 0.440305 -2.731789 0.000000 -0.000000 0.000000
  5 -8.065217 -1.301253 -17.282547 0.000000 -0.000000 0.000000
  6 -0.883781 2.065766 -34.200714 0.000000 -0.000000 0.000000
  7 -1.767049 1.039488 -33.503738 0.000000 -0.000000 0.000000
  8 0.410545 -3.053424 -6.308685 0.000000 -0.000000 0.000000
  9 8.638525 -0.139325 -16.633003 0.000000 -0.000000 0.000000
 10 1.058080 0.932503 -35.061913 0.000000 -0.000000 0.000000
 11 1.221045 1.156224 -33.292103 0.000000 -0.000000 0.000000
 12 0.085375 -3.198826 -6.249952 0.000000 -0.000000 0.000000
 13 0.213274 1.739023 7.572433 0.000000 -0.000000 0.000000
 14 -2.904730 0.818863 2.596077 -0.000066 -0.001521 0.087253
 15 3.765302 -0.266407 -105.303276 0.017445 -0.006626 0.385211
 16 1.233751 0.818863 2.596077 -0.000095 0.001824 -0.104704
 17 -2.736665 -0.542176 -105.309517 0.017471 0.007558 -0.441260
 18 0.000000 0.440305 2.752579 0.000000 -0.000000 0.000000
 19 0.749370 -1.299137 28.624329 0.000000 -0.000000 0.000000
 20 -0.383533 17.841383 -5.153099 0.000000 -0.000000 0.000000
 21 0.341385 5.572281 -21.207756 0.000000 -0.000000 0.000000
 22 -1.270981 0.784905 10.690903 0.000000 -0.000000 0.000000
 23 -8.160084 -0.723731 19.345650 0.000000 -0.000000 0.000000
 24 -15.198616 0.466469 -18.278648 0.000000 -0.000000 0.000000
 25 -8.028433 -4.482507 -11.667107 0.000000 -0.000000 0.000000
 26 -4.070175 -2.229167 -8.686615 0.000000 -0.000000 0.000000
 27 35.457310 5.719512 -83.014809 0.000000 -0.000000 0.000000
 28 -3.175091 -2.066470 -5.742233 0.000000 -0.000000 0.000000
 29 9.450655 -0.516975 19.516205 0.000000 -0.000000 0.000000
 30 14.230843 0.232843 -18.395630 0.000000 -0.000000 0.000000
 31 8.015638 -4.458899 -11.817970 0.000000 -0.000000 0.000000
 32 2.087149 -1.667406 -5.327339 0.000000 -0.000000 0.000000
 33 0.319299 -0.756850 2.981506 0.000000 -0.000000 0.000000
 34 -2.465699 3.693841 194.748917 0.000000 -0.000000 0.000000
end
triangles
Soldiers_far_red.tga
  0 11.755672 -1.522745 125.344666 0.204136 -0.587618 0.782965 0.690810 0.792241 1 29 1.000000
  0 5.557663 0.067328 124.184822 -0.667258 -0.396901 0.630267 0.649530 0.789580 1 29 1.000000
  0 4.811087 -2.288784 118.382202 -0.780711 -0.621647 -0.063600 0.651250 0.740175 1 29 1.000000
Soldiers_far_red.tga
  0 10.831317 4.572213 125.812241 0.101900 0.495988 0.862329 0.690810 0.792241 1 29 1.000000
  0 4.574101 6.602731 118.995033 -0.766705 0.641595 0.022793 0.651250 0.740175 1 29 1.000000
  0 5.490808 2.518432 124.268806 -0.715236 0.208729 0.666986 0.649530 0.789580 1 29 1.000000
Soldiers_far_red.tga
  0 10.831317 4.572213 125.812241 0.101900 0.495988 0.862329 0.954450 0.082671 1 29 1.000000
  0 5.490808 2.518432 124.268806 -0.715236 0.208729 0.666986 0.964748 0.106523 1 29 1.000000
  0 5.557663 0.067328 124.184822 -0.667258 -0.396901 0.630267 0.975073 0.106196 1 29 1.000000
Soldiers_far_red.tga
  0 11.755672 -1.522745 125.344666 0.204136 -0.587618 0.782965 0.981771 0.080050 1 29 1.000000
  0 10.831317 4.572213 125.812241 0.101900 0.495988 0.862329 0.954450 0.082671 1 29 1.000000
  0 5.557663 0.067328 124.184822 -0.667258 -0.396901 0.630267 0.975073 0.106196 1 29 1.000000
Soldiers_far_red.tga
  0 4.574101 6.602731 118.995033 -0.766705 0.641595 0.022793 0.955070 0.097138 1 29 1.000000
  0 7.910340 5.673722 112.685135 -0.577150 0.521718 -0.628258 0.954450 0.082671 1 29 1.000000
  0 8.379044 -0.779288 111.636497 -0.556032 -0.401456 -0.727779 0.923972 0.077127 1 29 1.000000
Soldiers_far_red.tga
  0 13.788347 -4.756113 115.011627 0.261235 -0.953608 -0.149625 0.713768 0.725625 1 29 1.000000
  0 11.755672 -1.522745 125.344666 0.204136 -0.587618 0.782965 0.690810 0.792241 1 29 1.000000
  0 4.811087 -2.288784 118.382202 -0.780711 -0.621647 -0.063600 0.651250 0.740175 1 29 1.000000
Soldiers_far_red.tga
  0 18.365753 2.245946 120.514633 0.892522 0.005881 0.450965 0.965895 0.049745 1 29 1.000000
  0 10.831317 4.572213 125.812241 0.101900 0.495988 0.862329 0.954450 0.082671 1 29 1.000000
  0 11.755672 -1.522745 125.344666 0.204136 -0.587618 0.782965 0.981771 0.080050 1 29 1.000000
Soldiers_far_red.tga
  0 4.811087 -2.288784 118.382202 -0.780711 -0.621647 -0.063600 0.651250 0.740175 1 29 1.000000
  0 8.379044 -0.779288 111.636497 -0.556032 -0.401456 -0.727779 0.681043 0.698606 1 29 1.000000
  0 13.788347 -4.756113 115.011627 0.261235 -0.953608 -0.149625 0.713768 0.725625 1 29 1.000000
Soldiers_far_red.tga
  0 8.379044 -0.779288 111.636497 -0.556032 -0.401456 -0.727779 0.923972 0.077127 1 29 1.000000
  0 4.811087 -2.288784 118.382202 -0.780711 -0.621647 -0.063600 0.917615 0.095805 1 29 1.000000
  0 4.574101 6.602731 118.995033 -0.766705 0.641595 0.022793 0.955070 0.097138 1 29 1.000000
Soldiers_far_red.tga
  0 14.942402 8.576849 115.714119 0.361175 0.931767 -0.036918 0.713768 0.725625 1 29 1.000000
  0 4.574101 6.602731 118.995033 -0.766705 0.641595 0.022793 0.651250 0.740175 1 29 1.000000
  0 10.831317 4.572213 125.812241 0.101900 0.495988 0.862329 0.690810 0.792241 1 29 1.000000
Soldiers_far_red.tga
  0 14.867729 -1.593787 111.118988 0.028968 -0.972613 -0.230621 0.721924 0.701533 1 29 1.000000
  0 13.788347 -4.756113 115.011627 0.261235 -0.953608 -0.149625 0.713768 0.725625 1 29 1.000000
  0 8.379044 -0.779288 111.636497 -0.556032 -0.401456 -0.727779 0.681043 0.698606 1 29 1.000000
Soldiers_far_red.tga
  0 19.090940 2.288165 114.283028 0.916827 -0.034669 0.397777 0.749907 0.724264 1 29 1.000000
  0 18.365753 2.245946 120.514633 0.892522 0.005881 0.450965 0.739338 0.765553 1 29 1.000000
  0 13.788347 -4.756113 115.011627 0.261235 -0.953608 -0.149625 0.713768 0.725625 1 29 1.000000
Soldiers_far_red.tga
  0 11.775760 2.313586 110.082855 -0.741858 0.017938 -0.670317 0.937002 0.062074 1 29 1.000000
  0 8.379044 -0.779288 111.636497 -0.556032 -0.401456 -0.727779 0.923972 0.077127 1 29 1.000000
  0 7.910340 5.673722 112.685135 -0.577150 0.521718 -0.628258 0.954450 0.082671 1 29 1.000000
Soldiers_far_red.tga
  0 14.867729 -1.593787 111.118988 0.028968 -0.972613 -0.230621 0.721924 0.701533 1 29 1.000000
  0 19.090940 2.288165 114.283028 0.916827 -0.034669 0.397777 0.749907 0.724264 1 29 1.000000
  0 13.788347 -4.756113 115.011627 0.261235 -0.953608 -0.149625 0.713768 0.725625 1 29 1.000000
Soldiers_far_red.tga
  0 18.365753 2.245946 120.514633 0.892522 0.005881 0.450965 0.739338 0.765553 1 29 1.000000
  0 11.755672 -1.522745 125.344666 0.204136 -0.587618 0.782965 0.690810 0.792241 1 29 1.000000
  0 13.788347 -4.756113 115.011627 0.261235 -0.953608 -0.149625 0.713768 0.725625 1 29 1.000000
Soldiers_far_red.tga
  0 10.831317 4.572213 125.812241 0.101900 0.495988 0.862329 0.690810 0.792241 1 29 1.000000
  0 18.365753 2.245946 120.514633 0.892522 0.005881 0.450965 0.739338 0.765553 1 29 1.000000
  0 14.942402 8.576849 115.714119 0.361175 0.931767 -0.036918 0.713768 0.725625 1 29 1.000000
Soldiers_far_red.tga
  0 18.365753 2.245946 120.514633 0.892522 0.005881 0.450965 0.739338 0.765553 1 29 1.000000
  0 19.090940 2.288165 114.283028 0.916827 -0.034669 0.397777 0.749907 0.724264 1 29 1.000000
  0 14.942402 8.576849 115.714119 0.361175 0.931767 -0.036918 0.713768 0.725625 1 29 1.000000
Soldiers_far_red.tga
  0 19.090940 2.288165 114.283028 0.916827 -0.034669 0.397777 0.749907 0.724264 1 29 1.000000
  0 14.484592 6.480166 111.498055 -0.075507 0.981034 -0.178526 0.721924 0.701533 1 29 1.000000
  0 14.942402 8.576849 115.714119 0.361175 0.931767 -0.036918 0.713768 0.725625 1 29 1.000000
Soldiers_far_red.tga
  0 4.574101 6.602731 118.995033 -0.766705 0.641595 0.022793 0.651250 0.740175 1 29 1.000000
  0 14.942402 8.576849 115.714119 0.361175 0.931767 -0.036918 0.713768 0.725625 1 29 1.000000
  0 7.910340 5.673722 112.685135 -0.577150 0.521718 -0.628258 0.681043 0.698606 1 29 1.000000
Soldiers_far_red.tga
  0 14.942402 8.576849 115.714119 0.361175 0.931767 -0.036918 0.713768 0.725625 1 29 1.000000
  0 14.484592 6.480166 111.498055 -0.075507 0.981034 -0.178526 0.721924 0.701533 1 29 1.000000
  0 7.910340 5.673722 112.685135 -0.577150 0.521718 -0.628258 0.681043 0.698606 1 29 1.000000
Soldiers_far_red.tga
  0 14.484592 6.480166 111.498055 -0.075507 0.981034 -0.178526 0.954553 0.051558 1 29 1.000000
  0 11.775760 2.313586 110.082855 -0.741858 0.017938 -0.670317 0.937002 0.062074 1 29 1.000000
  0 7.910340 5.673722 112.685135 -0.577150 0.521718 -0.628258 0.954450 0.082671 1 29 1.000000
Soldiers_far_red.tga
  0 11.775760 2.313586 110.082855 -0.741858 0.017938 -0.670317 0.937002 0.062074 1 29 1.000000
  0 14.867729 -1.593787 111.118988 0.028968 -0.972613 -0.230621 0.920542 0.049745 1 29 1.000000
  0 8.379044 -0.779288 111.636497 -0.556032 -0.401456 -0.727779 0.923972 0.077127 1 29 1.000000
Soldiers_far_red.tga
  0 14.867729 -1.593787 111.118988 0.028968 -0.972613 -0.230621 0.721924 0.701533 1 29 1.000000
  0 11.775760 2.313586 110.082855 -0.741858 0.017938 -0.670317 0.705438 0.690138 1 29 1.000000
  0 11.770653 2.446026 104.550461 -0.997593 -0.057553 -0.038668 0.709612 0.654356 1 29 1.000000
Soldiers_far_red.tga
  0 17.517321 -3.929699 106.053482 -0.247303 -0.922590 0.296088 0.746323 0.669870 1 29 1.000000
  0 14.867729 -1.593787 111.118988 0.028968 -0.972613 -0.230621 0.721924 0.701533 1 29 1.000000
  0 11.770653 2.446026 104.550461 -0.997593 -0.057553 -0.038668 0.709612 0.654356 1 29 1.000000
Soldiers_far_red.tga
  0 14.484592 6.480166 111.498055 -0.075507 0.981034 -0.178526 0.721924 0.701533 1 29 1.000000
  0 19.090940 2.288165 114.283028 0.916827 -0.034669 0.397777 0.749907 0.724264 1 29 1.000000
  0 23.753574 2.404262 111.431091 0.514107 -0.052307 0.856130 0.782878 0.710842 1 29 1.000000
Soldiers_far_red.tga
  0 16.889507 9.296812 106.675064 -0.303978 0.880870 0.362857 0.746323 0.669870 1 29 1.000000
  0 14.484592 6.480166 111.498055 -0.075507 0.981034 -0.178526 0.721924 0.701533 1 29 1.000000
  0 23.753574 2.404262 111.431091 0.514107 -0.052307 0.856130 0.782878 0.710842 1 29 1.000000
Soldiers_far_red.tga
  0 23.753574 2.404262 111.431091 0.514107 -0.052307 0.856130 0.782878 0.710842 1 29 1.000000
  0 19.090940 2.288165 114.283028 0.916827 -0.034669 0.397777 0.749907 0.724264 1 29 1.000000
  0 14.867729 -1.593787 111.118988 0.028968 -0.972613 -0.230621 0.721924 0.701533 1 29 1.000000
Soldiers_far_red.tga
  0 17.517321 -3.929699 106.053482 -0.247303 -0.922590 0.296088 0.746323 0.669870 1 29 1.000000
  0 23.753574 2.404262 111.431091 0.514107 -0.052307 0.856130 0.782878 0.710842 1 29 1.000000
  0 14.867729 -1.593787 111.118988 0.028968 -0.972613 -0.230621 0.721924 0.701533 1 29 1.000000
Soldiers_far_red.tga
  0 11.770653 2.446026 104.550461 -0.997593 -0.057553 -0.038668 0.709612 0.654356 1 29 1.000000
  0 11.775760 2.313586 110.082855 -0.741858 0.017938 -0.670317 0.705438 0.690138 1 29 1.000000
  0 14.484592 6.480166 111.498055 -0.075507 0.981034 -0.178526 0.721924 0.701533 1 29 1.000000
Soldiers_far_red.tga
  0 16.889507 9.296812 106.675064 -0.303978 0.880870 0.362857 0.746323 0.669870 1 29 1.000000
  0 11.770653 2.446026 104.550461 -0.997593 -0.057553 -0.038668 0.709612 0.654356 1 29 1.000000
  0 14.484592 6.480166 111.498055 -0.075507 0.981034 -0.178526 0.721924 0.701533 1 29 1.000000
Soldiers_far_red.tga
  0 5.557663 0.067328 124.184822 -0.667258 -0.396901 0.630267 0.931729 0.125335 1 29 1.000000
  0 5.490808 2.518432 124.268806 -0.715236 0.208729 0.666986 0.932047 0.115010 1 29 1.000000
  0 4.574101 6.602731 118.995033 -0.766705 0.641595 0.022793 0.902665 0.097805 1 29 1.000000
Soldiers_far_red.tga
  0 5.557663 0.067328 124.184822 -0.667258 -0.396901 0.630267 0.931729 0.125335 1 29 1.000000
  0 4.574101 6.602731 118.995033 -0.766705 0.641595 0.022793 0.902665 0.097805 1 29 1.000000
  0 4.811087 -2.288784 118.382202 -0.780711 -0.621647 -0.063600 0.900244 0.135260 1 29 1.000000
Soldiers_far_red.tga
  0 -2.511266 9.888083 118.039467 -0.000003 0.980012 0.198939 0.342261 0.887789 1 18 1.000000
  0 -10.913804 6.790440 117.332436 -0.265905 0.939560 0.215689 0.419324 0.877841 1 18 1.000000
  0 -11.590178 5.188905 126.201492 0.243030 0.545430 0.802148 0.425528 0.956734 1 18 1.000000
Soldiers_far_red.tga
  0 -5.780252 0.965242 127.582634 -0.128512 -0.115387 0.984972 0.503216 0.947562 1 18 1.000000
  0 -2.511266 4.988826 127.894730 -0.000001 0.655088 0.755553 0.490678 0.973567 1 18 1.000000
  0 -11.590178 5.188905 126.201492 0.243030 0.545430 0.802148 0.547686 0.948339 1 18 1.000000
Soldiers_far_red.tga
  0 -2.511266 4.988826 127.894730 -0.000001 0.655088 0.755553 0.342261 0.971921 1 18 1.000000
  0 -2.511266 9.888083 118.039467 -0.000003 0.980012 0.198939 0.342261 0.887789 1 18 1.000000
  0 -11.590178 5.188905 126.201492 0.243030 0.545430 0.802148 0.425528 0.956734 1 18 1.000000
Soldiers_far_red.tga
  0 -11.590178 5.188905 126.201492 0.243030 0.545430 0.802148 0.547686 0.948339 1 18 1.000000
  0 -11.590156 -2.568869 126.201492 0.330140 -0.543215 0.771962 0.547686 0.928595 1 18 1.000000
  0 -5.780252 0.965242 127.582634 -0.128512 -0.115387 0.984972 0.503216 0.947562 1 18 1.000000
Soldiers_far_red.tga
  0 -2.511266 -2.474565 126.246887 0.000000 -0.770081 0.637946 0.478196 0.929159 1 18 1.000000
  0 -5.780252 0.965242 127.582634 -0.128512 -0.115387 0.984972 0.503216 0.947562 1 18 1.000000
  0 -11.590156 -2.568869 126.201492 0.330140 -0.543215 0.771962 0.547686 0.928595 1 18 1.000000
Soldiers_far_red.tga
  0 -10.913804 6.790440 117.332436 -0.265905 0.939560 0.215689 0.705506 0.966104 1 18 1.000000
  0 -12.631790 7.076542 102.213409 -0.789601 0.509215 -0.342390 0.708094 0.829321 1 18 1.000000
  0 -10.951163 -2.895489 117.031700 -0.736336 -0.671273 0.084863 0.617876 0.963378 1 18 1.000000
Soldiers_far_red.tga
  0 -10.951163 -2.895489 117.031700 -0.736336 -0.671273 0.084863 0.617876 0.963378 1 18 1.000000
  0 -12.631790 7.076542 102.213409 -0.789601 0.509215 -0.342390 0.708094 0.829321 1 18 1.000000
  0 -12.431041 -5.068318 102.213409 -0.787367 -0.471120 -0.397617 0.598220 0.829321 1 18 1.000000
Soldiers_far_red.tga
  0 -9.840269 -3.629523 122.762810 -0.332526 -0.911522 0.241980 0.534292 0.901070 1 18 1.000000
  0 -11.590156 -2.568869 126.201492 0.330140 -0.543215 0.771962 0.547686 0.928595 1 18 1.000000
  0 -10.951163 -2.895489 117.031700 -0.736336 -0.671273 0.084863 0.542794 0.861570 1 18 1.000000
Soldiers_far_red.tga
  0 -9.840269 -3.629523 122.762810 -0.332526 -0.911522 0.241980 0.534292 0.901070 1 18 1.000000
  0 -9.152522 -9.254984 112.390060 -0.462330 -0.872175 0.159880 0.529028 0.811884 1 18 1.000000
  0 -2.511266 -4.713671 121.839035 -0.000000 -0.895615 0.444830 0.478196 0.891646 1 18 1.000000
Soldiers_far_red.tga
  0 -10.951163 -2.895489 117.031700 -0.736336 -0.671273 0.084863 0.542794 0.861570 1 18 1.000000
  0 -12.431041 -5.068318 102.213409 -0.787367 -0.471120 -0.397617 0.554122 0.749079 1 18 1.000000
  0 -9.152522 -9.254984 112.390060 -0.462330 -0.872175 0.159880 0.529028 0.811884 1 18 1.000000
Soldiers_far_red.tga
  0 -2.511266 -8.707520 102.213409 -0.000002 -0.909126 -0.416522 0.478196 0.739817 1 18 1.000000
  0 -12.431041 -5.068318 102.213409 -0.787367 -0.471120 -0.397617 0.554122 0.749079 1 18 1.000000
  0 -2.511266 -6.083123 99.336716 -0.000002 -0.861049 -0.508522 0.478196 0.725731 1 3 1.000000
Soldiers_far_red.tga
  0 -2.511266 -6.083123 99.336716 -0.000002 -0.861049 -0.508522 0.478196 0.725731 1 3 1.000000
  0 -12.431041 -5.068318 102.213409 -0.787367 -0.471120 -0.397617 0.554122 0.749079 1 18 1.000000
  0 -10.114035 -2.997627 99.930603 -0.704862 -0.439674 -0.556648 0.536387 0.737871 1 3 1.000000
Soldiers_far_red.tga
  0 -9.152522 -9.254984 112.390060 -0.462330 -0.872175 0.159880 0.529028 0.811884 1 18 1.000000
  0 -9.840269 -3.629523 122.762810 -0.332526 -0.911522 0.241980 0.534292 0.901070 1 18 1.000000
  0 -10.951163 -2.895489 117.031700 -0.736336 -0.671273 0.084863 0.542794 0.861570 1 18 1.000000
Soldiers_far_red.tga
  0 -9.840269 -3.629523 122.762810 -0.332526 -0.911522 0.241980 0.534292 0.901070 1 18 1.000000
  0 -2.511266 -4.713671 121.839035 -0.000000 -0.895615 0.444830 0.478196 0.891646 1 18 1.000000
  0 -2.511266 -2.474565 126.246887 0.000000 -0.770081 0.637946 0.478196 0.929159 1 18 1.000000
Soldiers_far_red.tga
  0 -9.152522 -9.254984 112.390060 -0.462330 -0.872175 0.159880 0.529028 0.811884 1 18 1.000000
  0 -2.511266 -8.516409 112.098396 0.000001 -0.981368 0.192138 0.478196 0.811661 1 18 1.000000
  0 -2.511266 -4.713671 121.839035 -0.000000 -0.895615 0.444830 0.478196 0.891646 1 18 1.000000
Soldiers_far_red.tga
  0 -9.840269 -3.629523 122.762810 -0.332526 -0.911522 0.241980 0.534292 0.901070 1 18 1.000000
  0 -2.511266 -2.474565 126.246887 0.000000 -0.770081 0.637946 0.478196 0.929159 1 18 1.000000
  0 -11.590156 -2.568869 126.201492 0.330140 -0.543215 0.771962 0.547686 0.928595 1 18 1.000000
Soldiers_far_red.tga
  0 -12.631790 7.076542 102.213409 -0.789601 0.509215 -0.342390 0.435081 0.740569 1 18 1.000000
  0 -2.511266 11.252317 102.213409 -0.000002 0.951239 -0.308454 0.342261 0.745313 1 18 1.000000
  0 -10.104320 5.508143 99.930603 -0.703200 0.485109 -0.519787 0.411900 0.718012 1 3 1.000000
Soldiers_far_red.tga
  0 -10.104320 5.508143 99.930603 -0.703200 0.485109 -0.519787 0.411900 0.718012 1 3 1.000000
  0 -2.511266 11.252317 102.213409 -0.000002 0.951239 -0.308454 0.342261 0.745313 1 18 1.000000
  0 -2.511266 8.692039 99.336716 0.000000 0.901130 -0.433549 0.342261 0.716224 1 3 1.000000
Soldiers_far_red.tga
  0 -11.590178 5.188905 126.201492 0.243030 0.545430 0.802148 0.864717 0.946961 1 18 1.000000
  0 -10.913804 6.790440 117.332436 -0.265905 0.939560 0.215689 0.864717 0.886050 1 18 1.000000
  0 -14.828328 7.599719 127.530434 0.643668 0.475081 0.599992 0.905517 0.987569 1 18 1.000000
Soldiers_far_red.tga
  0 -14.828328 7.599719 127.530434 0.643668 0.475081 0.599992 0.905517 0.987569 1 18 1.000000
  0 -10.913804 6.790440 117.332436 -0.265905 0.939560 0.215689 0.864717 0.886050 1 18 1.000000
  0 -13.203199 10.392195 115.761780 0.765552 0.594194 0.246706 0.905517 0.886050 1 18 1.000000
Soldiers_far_red.tga
  0 -11.590178 5.188905 126.201492 0.243030 0.545430 0.802148 0.864717 0.946961 1 18 1.000000
  0 -14.828328 7.599719 127.530434 0.643668 0.475081 0.599992 0.905517 0.987569 1 18 1.000000
  0 -11.590156 -2.568869 126.201492 0.330140 -0.543215 0.771962 0.763198 0.946961 1 18 1.000000
Soldiers_far_red.tga
  0 -11.590156 -2.568869 126.201492 0.330140 -0.543215 0.771962 0.763198 0.946961 1 18 1.000000
  0 -14.828328 7.599719 127.530434 0.643668 0.475081 0.599992 0.905517 0.987569 1 18 1.000000
  0 -14.828328 -5.927873 127.530434 0.678184 -0.524201 0.515053 0.722465 0.987569 1 18 1.000000
Soldiers_far_red.tga
  0 -14.828328 -5.927873 127.530434 0.678184 -0.524201 0.515053 0.722465 0.987569 1 18 1.000000
  0 -10.951163 -2.895489 117.031700 -0.736336 -0.671273 0.084863 0.763198 0.886050 1 18 1.000000
  0 -11.590156 -2.568869 126.201492 0.330140 -0.543215 0.771962 0.763198 0.946961 1 18 1.000000
Soldiers_far_red.tga
  0 -2.511266 9.888083 118.039467 -0.000003 0.980012 0.198939 0.342261 0.887789 1 18 1.000000
  0 6.567794 5.188905 126.201492 -0.243060 0.545419 0.802147 0.425528 0.956734 1 18 1.000000
  0 5.891442 6.790440 117.332436 0.265897 0.939563 0.215685 0.419324 0.877841 1 18 1.000000
Soldiers_far_red.tga
  0 0.757697 0.965242 127.582634 0.128508 -0.115389 0.984973 0.503216 0.947562 1 18 1.000000
  0 6.567794 5.188905 126.201492 -0.243060 0.545419 0.802147 0.547686 0.948339 1 18 1.000000
  0 -2.511266 4.988826 127.894730 -0.000001 0.655088 0.755553 0.490678 0.973567 1 18 1.000000
Soldiers_far_red.tga
  0 -2.511266 4.988826 127.894730 -0.000001 0.655088 0.755553 0.342261 0.971921 1 18 1.000000
  0 6.567794 5.188905 126.201492 -0.243060 0.545419 0.802147 0.425528 0.956734 1 18 1.000000
  0 -2.511266 9.888083 118.039467 -0.000003 0.980012 0.198939 0.342261 0.887789 1 18 1.000000
Soldiers_far_red.tga
  0 6.567794 5.188905 126.201492 -0.243060 0.545419 0.802147 0.547686 0.948339 1 18 1.000000
  0 0.757697 0.965242 127.582634 0.128508 -0.115389 0.984973 0.503216 0.947562 1 18 1.000000
  0 6.567805 -2.568869 126.201492 -0.330176 -0.543193 0.771962 0.547686 0.928595 1 18 1.000000
Soldiers_far_red.tga
  0 -2.511266 -2.474565 126.246887 0.000000 -0.770081 0.637946 0.478196 0.929159 1 18 1.000000
  0 6.567805 -2.568869 126.201492 -0.330176 -0.543193 0.771962 0.547686 0.928595 1 18 1.000000
  0 0.757697 0.965242 127.582634 0.128508 -0.115389 0.984973 0.503216 0.947562 1 18 1.000000
Soldiers_far_red.tga
  0 7.408670 -5.068318 102.213409 0.787367 -0.471117 -0.397620 0.598220 0.829321 1 18 1.000000
  0 5.091479 -2.997627 99.930603 0.704855 -0.439690 -0.556644 0.616952 0.808668 1 3 1.000000
  0 7.609429 7.076542 102.213409 0.789600 0.509214 -0.342393 0.708094 0.829321 1 18 1.000000
Soldiers_far_red.tga
  0 7.609429 7.076542 102.213409 0.789600 0.509214 -0.342393 0.708094 0.829321 1 18 1.000000
  0 5.091479 -2.997627 99.930603 0.704855 -0.439690 -0.556644 0.616952 0.808668 1 3 1.000000
  0 5.081946 5.508030 99.930603 0.703212 0.485097 -0.519783 0.693904 0.808668 1 3 1.000000
Soldiers_far_red.tga
  0 4.817725 -3.629523 122.762810 0.332511 -0.911528 0.241978 0.534292 0.901070 1 18 1.000000
  0 5.928597 -2.895489 117.031700 0.736345 -0.671263 0.084861 0.542794 0.861570 1 18 1.000000
  0 6.567805 -2.568869 126.201492 -0.330176 -0.543193 0.771962 0.547686 0.928595 1 18 1.000000
Soldiers_far_red.tga
  0 -2.511266 8.692039 99.336716 0.000000 0.901130 -0.433549 0.342261 0.716224 1 3 1.000000
  0 -2.511266 11.252317 102.213409 -0.000002 0.951239 -0.308454 0.342261 0.745313 1 18 1.000000
  0 5.081946 5.508030 99.930603 0.703212 0.485097 -0.519783 0.411900 0.718012 1 3 1.000000
Soldiers_far_red.tga
  0 5.081946 5.508030 99.930603 0.703212 0.485097 -0.519783 0.411900 0.718012 1 3 1.000000
  0 -2.511266 11.252317 102.213409 -0.000002 0.951239 -0.308454 0.342261 0.745313 1 18 1.000000
  0 7.609429 7.076542 102.213409 0.789600 0.509214 -0.342393 0.435081 0.740569 1 18 1.000000
Soldiers_far_red.tga
  0 5.091479 -2.997627 99.930603 0.704855 -0.439690 -0.556644 0.536387 0.737871 1 3 1.000000
  0 7.408670 -5.068318 102.213409 0.787367 -0.471117 -0.397620 0.554122 0.749079 1 18 1.000000
  0 -2.511266 -6.083123 99.336716 -0.000002 -0.861049 -0.508522 0.478196 0.725731 1 3 1.000000
Soldiers_far_red.tga
  0 -2.511266 -6.083123 99.336716 -0.000002 -0.861049 -0.508522 0.478196 0.725731 1 3 1.000000
  0 7.408670 -5.068318 102.213409 0.787367 -0.471117 -0.397620 0.554122 0.749079 1 18 1.000000
  0 -2.511266 -8.707520 102.213409 -0.000002 -0.909126 -0.416522 0.478196 0.739817 1 18 1.000000
Soldiers_far_red.tga
  0 4.817725 -3.629523 122.762810 0.332511 -0.911528 0.241978 0.534292 0.901070 1 18 1.000000
  0 -2.511266 -4.713671 121.839035 -0.000000 -0.895615 0.444830 0.478196 0.891646 1 18 1.000000
  0 4.130059 -9.254984 112.390060 0.462333 -0.872173 0.159884 0.529028 0.811884 1 18 1.000000
Soldiers_far_red.tga
  0 5.928597 -2.895489 117.031700 0.736345 -0.671263 0.084861 0.542794 0.861570 1 18 1.000000
  0 4.130059 -9.254984 112.390060 0.462333 -0.872173 0.159884 0.529028 0.811884 1 18 1.000000
  0 7.408670 -5.068318 102.213409 0.787367 -0.471117 -0.397620 0.554122 0.749079 1 18 1.000000
Soldiers_far_red.tga
  0 4.130059 -9.254984 112.390060 0.462333 -0.872173 0.159884 0.529028 0.811884 1 18 1.000000
  0 5.928597 -2.895489 117.031700 0.736345 -0.671263 0.084861 0.542794 0.861570 1 18 1.000000
  0 4.817725 -3.629523 122.762810 0.332511 -0.911528 0.241978 0.534292 0.901070 1 18 1.000000
Soldiers_far_red.tga
  0 4.817725 -3.629523 122.762810 0.332511 -0.911528 0.241978 0.534292 0.901070 1 18 1.000000
  0 -2.511266 -2.474565 126.246887 0.000000 -0.770081 0.637946 0.478196 0.929159 1 18 1.000000
  0 -2.511266 -4.713671 121.839035 -0.000000 -0.895615 0.444830 0.478196 0.891646 1 18 1.000000
Soldiers_far_red.tga
  0 4.130059 -9.254984 112.390060 0.462333 -0.872173 0.159884 0.529028 0.811884 1 18 1.000000
  0 -2.511266 -4.713671 121.839035 -0.000000 -0.895615 0.444830 0.478196 0.891646 1 18 1.000000
  0 -2.511266 -8.516409 112.098396 0.000001 -0.981368 0.192138 0.478196 0.811661 1 18 1.000000
Soldiers_far_red.tga
  0 4.817725 -3.629523 122.762810 0.332511 -0.911528 0.241978 0.534292 0.901070 1 18 1.000000
  0 6.567805 -2.568869 126.201492 -0.330176 -0.543193 0.771962 0.547686 0.928595 1 18 1.000000
  0 -2.511266 -2.474565 126.246887 0.000000 -0.770081 0.637946 0.478196 0.929159 1 18 1.000000
Soldiers_far_red.tga
  0 6.567794 5.188905 126.201492 -0.243060 0.545419 0.802147 0.864717 0.946961 1 18 1.000000
  0 9.805616 7.599719 127.530434 -0.643703 0.475070 0.599962 0.905517 0.987569 1 18 1.000000
  0 5.891442 6.790440 117.332436 0.265897 0.939563 0.215685 0.864717 0.886050 1 18 1.000000
Soldiers_far_red.tga
  0 9.805616 7.599719 127.530434 -0.643703 0.475070 0.599962 0.905517 0.987569 1 18 1.000000
  0 8.180826 10.392195 115.761780 -0.765563 0.594189 0.246684 0.905517 0.886050 1 18 1.000000
  0 5.891442 6.790440 117.332436 0.265897 0.939563 0.215685 0.864717 0.886050 1 18 1.000000
Soldiers_far_red.tga
  0 6.567794 5.188905 126.201492 -0.243060 0.545419 0.802147 0.864717 0.946961 1 18 1.000000
  0 6.567805 -2.568869 126.201492 -0.330176 -0.543193 0.771962 0.763198 0.946961 1 18 1.000000
  0 9.805616 7.599719 127.530434 -0.643703 0.475070 0.599962 0.905517 0.987569 1 18 1.000000
Soldiers_far_red.tga
  0 6.567805 -2.568869 126.201492 -0.330176 -0.543193 0.771962 0.763198 0.946961 1 18 1.000000
  0 9.805616 -5.927873 127.530434 -0.678217 -0.524186 0.515025 0.722465 0.987569 1 18 1.000000
  0 9.805616 7.599719 127.530434 -0.643703 0.475070 0.599962 0.905517 0.987569 1 18 1.000000
Soldiers_far_red.tga
  0 5.928597 -2.895489 117.031700 0.736345 -0.671263 0.084861 0.763198 0.886050 1 18 1.000000
  0 9.805616 -5.927873 127.530434 -0.678217 -0.524186 0.515025 0.722465 0.987569 1 18 1.000000
  0 6.567805 -2.568869 126.201492 -0.330176 -0.543193 0.771962 0.763198 0.946961 1 18 1.000000
Soldiers_far_red.tga
  0 8.231998 -3.688198 115.236328 -0.401661 -0.908650 -0.114121 0.722465 0.886050 1 18 1.000000
  0 9.805616 -5.927873 127.530434 -0.678217 -0.524186 0.515025 0.722465 0.987569 1 18 1.000000
  0 5.928597 -2.895489 117.031700 0.736345 -0.671263 0.084861 0.763198 0.886050 1 18 1.000000
Soldiers_far_red.tga
  0 -13.254348 -3.688198 115.236328 0.401683 -0.908642 -0.114105 0.722465 0.886050 1 18 1.000000
  0 -10.951163 -2.895489 117.031700 -0.736336 -0.671273 0.084863 0.763198 0.886050 1 18 1.000000
  0 -14.828328 -5.927873 127.530434 0.678184 -0.524201 0.515053 0.722465 0.987569 1 18 1.000000
Soldiers_far_red.tga
  0 -2.511266 8.146503 95.987595 -0.000003 0.967389 0.253295 0.624118 0.340226 1 3 1.000000
  0 5.185391 5.321686 96.516891 0.771817 0.530902 0.349917 0.683922 0.344339 1 3 1.000000
  0 -2.511266 18.278896 81.178375 -0.000002 0.872400 0.488792 0.624118 0.225156 3 5 0.333333 9 0.333333 4 0.333333
Soldiers_far_red.tga
  0 -2.511266 18.278896 81.178375 -0.000002 0.872400 0.488792 0.624118 0.225156 3 5 0.333333 9 0.333333 4 0.333333
  0 5.185391 5.321686 96.516891 0.771817 0.530902 0.349917 0.683922 0.344339 1 3 1.000000
  0 15.212730 10.901186 81.178375 0.698932 0.470374 0.538741 0.761836 0.225156 2 9 0.500000 4 0.500000
Soldiers_far_red.tga
  0 15.212730 10.901186 81.178375 0.698932 0.470374 0.538741 0.535220 0.226615 2 9 0.500000 4 0.500000
  0 5.185391 5.321686 96.516891 0.771817 0.530902 0.349917 0.491892 0.345725 1 3 1.000000
  0 15.212730 -7.133223 81.178375 0.733279 -0.438692 0.519472 0.395175 0.226615 2 9 0.500000 4 0.500000
Soldiers_far_red.tga
  0 15.212730 -7.133223 81.178375 0.733279 -0.438692 0.519472 0.395175 0.226615 2 9 0.500000 4 0.500000
  0 5.185391 5.321686 96.516891 0.771817 0.530902 0.349917 0.491892 0.345725 1 3 1.000000
  0 5.185391 -2.561270 96.516891 0.786115 -0.517010 0.338710 0.430679 0.345725 1 3 1.000000
Soldiers_far_red.tga
  0 15.212730 -7.133223 81.178375 0.733279 -0.438692 0.519472 0.892987 0.825599 2 9 0.500000 4 0.500000
  0 5.185391 -2.561270 96.516891 0.786115 -0.517010 0.338710 0.835481 0.913565 1 3 1.000000
  0 -2.511266 -17.016512 81.178375 -0.000002 -0.866564 0.499066 0.791341 0.825599 3 5 0.333333 9 0.333333 4 0.333333
Soldiers_far_red.tga
  0 -2.511266 -17.016512 81.178375 -0.000002 -0.866564 0.499066 0.791341 0.825599 3 5 0.333333 9 0.333333 4 0.333333
  0 5.185391 -2.561270 96.516891 0.786115 -0.517010 0.338710 0.835481 0.913565 1 3 1.000000
  0 -2.511266 -5.206090 96.279701 -0.000004 -0.975358 0.220626 0.791341 0.912204 1 3 1.000000
Soldiers_far_red.tga
  0 5.081946 5.508030 99.930603 0.703212 0.485097 -0.519783 0.683118 0.370863 1 3 1.000000
  0 5.185391 5.321686 96.516891 0.771817 0.530902 0.349917 0.683922 0.344339 1 3 1.000000
  0 -2.511266 8.692039 99.336716 0.000000 0.901130 -0.433549 0.624118 0.366248 1 3 1.000000
Soldiers_far_red.tga
  0 -2.511266 8.692039 99.336716 0.000000 0.901130 -0.433549 0.624118 0.366248 1 3 1.000000
  0 5.185391 5.321686 96.516891 0.771817 0.530902 0.349917 0.683922 0.344339 1 3 1.000000
  0 -2.511266 8.146503 95.987595 -0.000003 0.967389 0.253295 0.624118 0.340226 1 3 1.000000
Soldiers_far_red.tga
  0 5.185391 5.321686 96.516891 0.771817 0.530902 0.349917 0.491892 0.345725 1 3 1.000000
  0 5.081946 5.508030 99.930603 0.703212 0.485097 -0.519783 0.493340 0.372234 1 3 1.000000
  0 5.185391 -2.561270 96.516891 0.786115 -0.517010 0.338710 0.430679 0.345725 1 3 1.000000
Soldiers_far_red.tga
  0 5.185391 -2.561270 96.516891 0.786115 -0.517010 0.338710 0.430679 0.345725 1 3 1.000000
  0 5.081946 5.508030 99.930603 0.703212 0.485097 -0.519783 0.493340 0.372234 1 3 1.000000
  0 5.091479 -2.997627 99.930603 0.704855 -0.439690 -0.556644 0.427290 0.372234 1 3 1.000000
Soldiers_far_red.tga
  0 -2.511266 -5.206090 96.279701 -0.000004 -0.975358 0.220626 0.791341 0.912204 1 3 1.000000
  0 5.185391 -2.561270 96.516891 0.786115 -0.517010 0.338710 0.835481 0.913565 1 3 1.000000
  0 -2.511266 -6.083123 99.336716 -0.000002 -0.861049 -0.508522 0.791341 0.929736 1 3 1.000000
Soldiers_far_red.tga
  0 -2.511266 -6.083123 99.336716 -0.000002 -0.861049 -0.508522 0.791341 0.929736 1 3 1.000000
  0 5.185391 -2.561270 96.516891 0.786115 -0.517010 0.338710 0.835481 0.913565 1 3 1.000000
  0 5.091479 -2.997627 99.930603 0.704855 -0.439690 -0.556644 0.834943 0.933142 1 3 1.000000
Soldiers_far_red.tga
  0 -2.511265 31.937069 53.562542 -0.000001 0.896363 0.443321 0.624118 0.010578 2 5 0.500000 9 0.500000
  0 -2.511266 18.278896 81.178375 -0.000002 0.872400 0.488792 0.624118 0.225156 3 5 0.333333 9 0.333333 4 0.333333
  0 28.930080 18.849739 53.562550 0.725990 0.474981 0.497324 0.868421 0.010578 1 9 1.000000
Soldiers_far_red.tga
  0 15.212730 -7.133223 81.178375 0.733279 -0.438692 0.519472 0.395175 0.226615 2 9 0.500000 4 0.500000
  0 28.930080 -13.142616 53.562550 0.765431 -0.434437 0.474742 0.348511 0.012167 1 9 1.000000
  0 15.212730 10.901186 81.178375 0.698932 0.470374 0.538741 0.535220 0.226615 2 9 0.500000 4 0.500000
Soldiers_far_red.tga
  0 15.212730 10.901186 81.178375 0.698932 0.470374 0.538741 0.535220 0.226615 2 9 0.500000 4 0.500000
  0 28.930080 -13.142616 53.562550 0.765431 -0.434437 0.474742 0.348511 0.012167 1 9 1.000000
  0 28.930080 18.849739 53.562550 0.725990 0.474981 0.497324 0.596943 0.012167 1 9 1.000000
Soldiers_far_red.tga
  0 15.212730 -7.133223 81.178375 0.733279 -0.438692 0.519472 0.892987 0.825599 2 9 0.500000 4 0.500000
  0 -2.511266 -17.016512 81.178375 -0.000002 -0.866564 0.499066 0.791341 0.825599 3 5 0.333333 9 0.333333 4 0.333333
  0 28.930080 -13.142616 53.562550 0.765431 -0.434437 0.474742 0.971656 0.667223 1 9 1.000000
Soldiers_far_red.tga
  0 28.930080 -13.142616 53.562550 0.765431 -0.434437 0.474742 0.971656 0.667223 1 9 1.000000
  0 -2.511266 -17.016512 81.178375 -0.000002 -0.866564 0.499066 0.791341 0.825599 3 5 0.333333 9 0.333333 4 0.333333
  0 -2.511288 -30.675076 53.562542 -0.000001 -0.896358 0.443331 0.791341 0.667223 2 5 0.500000 9 0.500000
Soldiers_far_red.tga
  0 28.930080 18.849739 53.562550 0.725990 0.474981 0.497324 0.868421 0.010578 1 9 1.000000
  0 -2.511266 18.278896 81.178375 -0.000002 0.872400 0.488792 0.624118 0.225156 3 5 0.333333 9 0.333333 4 0.333333
  0 15.212730 10.901186 81.178375 0.698932 0.470374 0.538741 0.761836 0.225156 2 9 0.500000 4 0.500000
Soldiers_far_red.tga
  0 -2.511266 8.146503 95.987595 -0.000003 0.967389 0.253295 0.624118 0.340226 1 3 1.000000
  0 -2.511266 18.278896 81.178375 -0.000002 0.872400 0.488792 0.624118 0.225156 3 5 0.333333 9 0.333333 4 0.333333
  0 -10.207764 5.321686 96.516891 -0.771824 0.530898 0.349908 0.683922 0.344339 1 3 1.000000
Soldiers_far_red.tga
  0 -2.511266 18.278896 81.178375 -0.000002 0.872400 0.488792 0.624118 0.225156 3 5 0.333333 9 0.333333 4 0.333333
  0 -20.234987 10.901186 81.178368 -0.698933 0.470373 0.538741 0.761836 0.225156 2 5 0.500000 4 0.500000
  0 -10.207764 5.321686 96.516891 -0.771824 0.530898 0.349908 0.683922 0.344339 1 3 1.000000
Soldiers_far_red.tga
  0 -20.234987 10.901186 81.178368 -0.698933 0.470373 0.538741 0.535220 0.226615 2 5 0.500000 4 0.500000
  0 -20.234987 -7.133223 81.178368 -0.733281 -0.438689 0.519472 0.395175 0.226615 2 5 0.500000 4 0.500000
  0 -10.207764 5.321686 96.516891 -0.771824 0.530898 0.349908 0.491892 0.345725 1 3 1.000000
Soldiers_far_red.tga
  0 -20.234987 -7.133223 81.178368 -0.733281 -0.438689 0.519472 0.395175 0.226615 2 5 0.500000 4 0.500000
  0 -10.207752 -2.561270 96.516891 -0.786122 -0.517012 0.338690 0.430679 0.345725 1 3 1.000000
  0 -10.207764 5.321686 96.516891 -0.771824 0.530898 0.349908 0.491892 0.345725 1 3 1.000000
Soldiers_far_red.tga
  0 -20.234987 -7.133223 81.178368 -0.733281 -0.438689 0.519472 0.892987 0.825599 2 5 0.500000 4 0.500000
  0 -2.511266 -17.016512 81.178375 -0.000002 -0.866564 0.499066 0.791341 0.825599 3 5 0.333333 9 0.333333 4 0.333333
  0 -10.207752 -2.561270 96.516891 -0.786122 -0.517012 0.338690 0.835481 0.913565 1 3 1.000000
Soldiers_far_red.tga
  0 -2.511266 -17.016512 81.178375 -0.000002 -0.866564 0.499066 0.791341 0.825599 3 5 0.333333 9 0.333333 4 0.333333
  0 -2.511266 -5.206090 96.279701 -0.000004 -0.975358 0.220626 0.791341 0.912204 1 3 1.000000
  0 -10.207752 -2.561270 96.516891 -0.786122 -0.517012 0.338690 0.835481 0.913565 1 3 1.000000
Soldiers_far_red.tga
  0 -10.104320 5.508143 99.930603 -0.703200 0.485109 -0.519787 0.683118 0.370863 1 3 1.000000
  0 -2.511266 8.692039 99.336716 0.000000 0.901130 -0.433549 0.624118 0.366248 1 3 1.000000
  0 -10.207764 5.321686 96.516891 -0.771824 0.530898 0.349908 0.683922 0.344339 1 3 1.000000
Soldiers_far_red.tga
  0 -2.511266 8.692039 99.336716 0.000000 0.901130 -0.433549 0.624118 0.366248 1 3 1.000000
  0 -2.511266 8.146503 95.987595 -0.000003 0.967389 0.253295 0.624118 0.340226 1 3 1.000000
  0 -10.207764 5.321686 96.516891 -0.771824 0.530898 0.349908 0.683922 0.344339 1 3 1.000000
Soldiers_far_red.tga
  0 -10.207764 5.321686 96.516891 -0.771824 0.530898 0.349908 0.491892 0.345725 1 3 1.000000
  0 -10.207752 -2.561270 96.516891 -0.786122 -0.517012 0.338690 0.430679 0.345725 1 3 1.000000
  0 -10.104320 5.508143 99.930603 -0.703200 0.485109 -0.519787 0.493340 0.372234 1 3 1.000000
Soldiers_far_red.tga
  0 -10.207752 -2.561270 96.516891 -0.786122 -0.517012 0.338690 0.430679 0.345725 1 3 1.000000
  0 -10.114035 -2.997627 99.930603 -0.704862 -0.439674 -0.556648 0.427290 0.372234 1 3 1.000000
  0 -10.104320 5.508143 99.930603 -0.703200 0.485109 -0.519787 0.493340 0.372234 1 3 1.000000
Soldiers_far_red.tga
  0 -2.511266 -5.206090 96.279701 -0.000004 -0.975358 0.220626 0.791341 0.912204 1 3 1.000000
  0 -2.511266 -6.083123 99.336716 -0.000002 -0.861049 -0.508522 0.791341 0.929736 1 3 1.000000
  0 -10.207752 -2.561270 96.516891 -0.786122 -0.517012 0.338690 0.835481 0.913565 1 3 1.000000
Soldiers_far_red.tga
  0 -2.511266 -6.083123 99.336716 -0.000002 -0.861049 -0.508522 0.791341 0.929736 1 3 1.000000
  0 -10.114035 -2.997627 99.930603 -0.704862 -0.439674 -0.556648 0.834943 0.933142 1 3 1.000000
  0 -10.207752 -2.561270 96.516891 -0.786122 -0.517012 0.338690 0.835481 0.913565 1 3 1.000000
Soldiers_far_red.tga
  0 -2.511265 31.937069 53.562542 -0.000001 0.896363 0.443321 0.624118 0.010578 2 5 0.500000 9 0.500000
  0 -33.952454 18.849739 53.562538 -0.725990 0.474979 0.497326 0.868421 0.010578 1 5 1.000000
  0 -2.511266 18.278896 81.178375 -0.000002 0.872400 0.488792 0.624118 0.225156 3 5 0.333333 9 0.333333 4 0.333333
Soldiers_far_red.tga
  0 -20.234987 -7.133223 81.178368 -0.733281 -0.438689 0.519472 0.395175 0.226615 2 5 0.500000 4 0.500000
  0 -20.234987 10.901186 81.178368 -0.698933 0.470373 0.538741 0.535220 0.226615 2 5 0.500000 4 0.500000
  0 -33.952454 -13.142616 53.562538 -0.765431 -0.434434 0.474744 0.348511 0.012167 1 5 1.000000
Soldiers_far_red.tga
  0 -20.234987 10.901186 81.178368 -0.698933 0.470373 0.538741 0.535220 0.226615 2 5 0.500000 4 0.500000
  0 -33.952454 18.849739 53.562538 -0.725990 0.474979 0.497326 0.596943 0.012167 1 5 1.000000
  0 -33.952454 -13.142616 53.562538 -0.765431 -0.434434 0.474744 0.348511 0.012167 1 5 1.000000
Soldiers_far_red.tga
  0 -20.234987 -7.133223 81.178368 -0.733281 -0.438689 0.519472 0.892987 0.825599 2 5 0.500000 4 0.500000
  0 -33.952454 -13.142616 53.562538 -0.765431 -0.434434 0.474744 0.971656 0.667223 1 5 1.000000
  0 -2.511266 -17.016512 81.178375 -0.000002 -0.866564 0.499066 0.791341 0.825599 3 5 0.333333 9 0.333333 4 0.333333
Soldiers_far_red.tga
  0 -33.952454 -13.142616 53.562538 -0.765431 -0.434434 0.474744 0.971656 0.667223 1 5 1.000000
  0 -2.511288 -30.675076 53.562542 -0.000001 -0.896358 0.443331 0.791341 0.667223 2 5 0.500000 9 0.500000
  0 -2.511266 -17.016512 81.178375 -0.000002 -0.866564 0.499066 0.791341 0.825599 3 5 0.333333 9 0.333333 4 0.333333
Soldiers_far_red.tga
  0 -33.952454 18.849739 53.562538 -0.725990 0.474979 0.497326 0.868421 0.010578 1 5 1.000000
  0 -20.234987 10.901186 81.178368 -0.698933 0.470373 0.538741 0.761836 0.225156 2 5 0.500000 4 0.500000
  0 -2.511266 18.278896 81.178375 -0.000002 0.872400 0.488792 0.624118 0.225156 3 5 0.333333 9 0.333333 4 0.333333
Soldiers_far_red.tga
  0 -12.431041 -5.068318 102.213409 -0.787367 -0.471120 -0.397617 0.598220 0.829321 1 18 1.000000
  0 -12.631790 7.076542 102.213409 -0.789601 0.509215 -0.342390 0.708094 0.829321 1 18 1.000000
  0 -10.114035 -2.997627 99.930603 -0.704862 -0.439674 -0.556648 0.616952 0.808668 1 3 1.000000
Soldiers_far_red.tga
  0 -10.114035 -2.997627 99.930603 -0.704862 -0.439674 -0.556648 0.616952 0.808668 1 3 1.000000
  0 -12.631790 7.076542 102.213409 -0.789601 0.509215 -0.342390 0.708094 0.829321 1 18 1.000000
  0 -10.104320 5.508143 99.930603 -0.703200 0.485109 -0.519787 0.693904 0.808668 1 3 1.000000
Soldiers_far_red.tga
  0 -12.431041 -5.068318 102.213409 -0.787367 -0.471120 -0.397617 0.554122 0.749079 1 18 1.000000
  0 -2.511266 -8.707520 102.213409 -0.000002 -0.909126 -0.416522 0.478196 0.739817 1 18 1.000000
  0 -9.152522 -9.254984 112.390060 -0.462330 -0.872175 0.159880 0.529028 0.811884 1 18 1.000000
Soldiers_far_red.tga
  0 -9.152522 -9.254984 112.390060 -0.462330 -0.872175 0.159880 0.529028 0.811884 1 18 1.000000
  0 -2.511266 -8.707520 102.213409 -0.000002 -0.909126 -0.416522 0.478196 0.739817 1 18 1.000000
  0 -2.511266 -8.516409 112.098396 0.000001 -0.981368 0.192138 0.478196 0.811661 1 18 1.000000
Soldiers_far_red.tga
  0 -12.631790 7.076542 102.213409 -0.789601 0.509215 -0.342390 0.435081 0.740569 1 18 1.000000
  0 -10.913804 6.790440 117.332436 -0.265905 0.939560 0.215689 0.419324 0.877841 1 18 1.000000
  0 -2.511266 11.252317 102.213409 -0.000002 0.951239 -0.308454 0.342261 0.745313 1 18 1.000000
Soldiers_far_red.tga
  0 -2.511266 11.252317 102.213409 -0.000002 0.951239 -0.308454 0.342261 0.745313 1 18 1.000000
  0 -10.913804 6.790440 117.332436 -0.265905 0.939560 0.215689 0.419324 0.877841 1 18 1.000000
  0 -2.511266 9.888083 118.039467 -0.000003 0.980012 0.198939 0.342261 0.887789 1 18 1.000000
Soldiers_far_red.tga
  0 7.408670 -5.068318 102.213409 0.787367 -0.471117 -0.397620 0.598220 0.829321 1 18 1.000000
  0 7.609429 7.076542 102.213409 0.789600 0.509214 -0.342393 0.708094 0.829321 1 18 1.000000
  0 5.928597 -2.895489 117.031700 0.736345 -0.671263 0.084861 0.617876 0.963378 1 18 1.000000
Soldiers_far_red.tga
  0 5.928597 -2.895489 117.031700 0.736345 -0.671263 0.084861 0.617876 0.963378 1 18 1.000000
  0 7.609429 7.076542 102.213409 0.789600 0.509214 -0.342393 0.708094 0.829321 1 18 1.000000
  0 5.891442 6.790440 117.332436 0.265897 0.939563 0.215685 0.705506 0.966104 1 18 1.000000
Soldiers_far_red.tga
  0 -2.511266 9.888083 118.039467 -0.000003 0.980012 0.198939 0.342261 0.887789 1 18 1.000000
  0 5.891442 6.790440 117.332436 0.265897 0.939563 0.215685 0.419324 0.877841 1 18 1.000000
  0 -2.511266 11.252317 102.213409 -0.000002 0.951239 -0.308454 0.342261 0.745313 1 18 1.000000
Soldiers_far_red.tga
  0 -2.511266 11.252317 102.213409 -0.000002 0.951239 -0.308454 0.342261 0.745313 1 18 1.000000
  0 5.891442 6.790440 117.332436 0.265897 0.939563 0.215685 0.419324 0.877841 1 18 1.000000
  0 7.609429 7.076542 102.213409 0.789600 0.509214 -0.342393 0.435081 0.740569 1 18 1.000000
Soldiers_far_red.tga
  0 7.408670 -5.068318 102.213409 0.787367 -0.471117 -0.397620 0.554122 0.749079 1 18 1.000000
  0 4.130059 -9.254984 112.390060 0.462333 -0.872173 0.159884 0.529028 0.811884 1 18 1.000000
  0 -2.511266 -8.707520 102.213409 -0.000002 -0.909126 -0.416522 0.478196 0.739817 1 18 1.000000
Soldiers_far_red.tga
  0 -2.511266 -8.707520 102.213409 -0.000002 -0.909126 -0.416522 0.478196 0.739817 1 18 1.000000
  0 4.130059 -9.254984 112.390060 0.462333 -0.872173 0.159884 0.529028 0.811884 1 18 1.000000
  0 -2.511266 -8.516409 112.098396 0.000001 -0.981368 0.192138 0.478196 0.811661 1 18 1.000000
Soldiers_far_red.tga
  0 -18.905823 -3.199974 154.408813 -0.240080 -0.968733 0.062595 0.550526 0.658964 1 19 1.000000
  0 -10.208229 -4.796854 163.054321 -0.137789 -0.953444 0.268253 0.573734 0.687562 1 19 1.000000
  0 -26.801039 -1.091150 156.763702 -0.265372 -0.954242 0.137844 0.522730 0.668084 1 19 1.000000
Soldiers_far_red.tga
  0 -26.801039 -1.091150 156.763702 -0.265372 -0.954242 0.137844 0.522730 0.668084 1 19 1.000000
  0 -10.208229 -4.796854 163.054321 -0.137789 -0.953444 0.268253 0.573734 0.687562 1 19 1.000000
  0 -14.859651 -0.959389 173.497437 -0.139528 -0.947958 0.286193 0.558095 0.723435 1 19 1.000000
Soldiers_far_red.tga
  0 -10.208229 -4.796854 163.054321 -0.137789 -0.953444 0.268253 0.573734 0.687562 1 19 1.000000
  0 5.645230 -4.796854 163.054321 0.137784 -0.953445 0.268251 0.617507 0.687562 1 19 1.000000
  0 -14.859651 -0.959389 173.497437 -0.139528 -0.947958 0.286193 0.558095 0.723435 1 19 1.000000
Soldiers_far_red.tga
  0 -14.859651 -0.959389 173.497437 -0.139528 -0.947958 0.286193 0.558095 0.723435 1 19 1.000000
  0 5.645230 -4.796854 163.054321 0.137784 -0.953445 0.268251 0.617507 0.687562 1 19 1.000000
  0 10.297018 -0.959389 173.497437 0.139529 -0.947960 0.286189 0.633146 0.723435 1 19 1.000000
Soldiers_far_red.tga
  0 14.342848 -3.199974 154.408813 0.240075 -0.968735 0.062590 0.640715 0.658964 1 19 1.000000
  0 22.238291 -1.091150 156.763702 0.265366 -0.954244 0.137840 0.668511 0.668084 1 19 1.000000
  0 5.645230 -4.796854 163.054321 0.137784 -0.953445 0.268251 0.617507 0.687562 1 19 1.000000
Soldiers_far_red.tga
  0 5.645230 -4.796854 163.054321 0.137784 -0.953445 0.268251 0.617507 0.687562 1 19 1.000000
  0 22.238291 -1.091150 156.763702 0.265366 -0.954244 0.137840 0.668511 0.668084 1 19 1.000000
  0 10.297018 -0.959389 173.497437 0.139529 -0.947960 0.286189 0.633146 0.723435 1 19 1.000000
Soldiers_far_red.tga
  0 -10.580206 0.067328 124.184822 0.667252 -0.396908 0.630269 0.649530 0.789580 1 23 1.000000
  0 -16.778156 -1.522745 125.344666 -0.204141 -0.587616 0.782965 0.690810 0.792241 1 23 1.000000
  0 -9.833460 -2.288784 118.382202 0.780719 -0.621639 -0.063586 0.651250 0.740175 1 23 1.000000
Soldiers_far_red.tga
  0 -9.596678 6.602731 118.995033 0.766698 0.641604 0.022795 0.651250 0.740175 1 23 1.000000
  0 -15.853687 4.572213 125.812241 -0.101895 0.495989 0.862329 0.690810 0.792241 1 23 1.000000
  0 -10.513181 2.518433 124.268806 0.715270 0.208701 0.666958 0.649530 0.789580 1 23 1.000000
Soldiers_far_red.tga
  0 -10.513181 2.518433 124.268806 0.715270 0.208701 0.666958 0.964748 0.106523 1 23 1.000000
  0 -15.853687 4.572213 125.812241 -0.101895 0.495989 0.862329 0.954450 0.082671 1 23 1.000000
  0 -10.580206 0.067328 124.184822 0.667252 -0.396908 0.630269 0.975073 0.106196 1 23 1.000000
Soldiers_far_red.tga
  0 -15.853687 4.572213 125.812241 -0.101895 0.495989 0.862329 0.954450 0.082671 1 23 1.000000
  0 -16.778156 -1.522745 125.344666 -0.204141 -0.587616 0.782965 0.981771 0.080050 1 23 1.000000
  0 -10.580206 0.067328 124.184822 0.667252 -0.396908 0.630269 0.975073 0.106196 1 23 1.000000
Soldiers_far_red.tga
  0 -12.932894 5.673722 112.685135 0.577137 0.521733 -0.628258 0.954450 0.082671 1 23 1.000000
  0 -9.596678 6.602731 118.995033 0.766698 0.641604 0.022795 0.955070 0.097138 1 23 1.000000
  0 -13.401223 -0.779288 111.636497 0.556040 -0.401439 -0.727782 0.923972 0.077127 1 23 1.000000
Soldiers_far_red.tga
  0 -16.778156 -1.522745 125.344666 -0.204141 -0.587616 0.782965 0.690810 0.792241 1 23 1.000000
  0 -18.810719 -4.756113 115.011627 -0.261232 -0.953610 -0.149621 0.713768 0.725625 1 23 1.000000
  0 -9.833460 -2.288784 118.382202 0.780719 -0.621639 -0.063586 0.651250 0.740175 1 23 1.000000
Soldiers_far_red.tga
  0 -15.853687 4.572213 125.812241 -0.101895 0.495989 0.862329 0.954450 0.082671 1 23 1.000000
  0 -23.388128 2.245946 120.514633 -0.892523 0.005880 0.450964 0.965895 0.049745 1 23 1.000000
  0 -16.778156 -1.522745 125.344666 -0.204141 -0.587616 0.782965 0.981771 0.080050 1 23 1.000000
Soldiers_far_red.tga
  0 -13.401223 -0.779288 111.636497 0.556040 -0.401439 -0.727782 0.681043 0.698606 1 23 1.000000
  0 -9.833460 -2.288784 118.382202 0.780719 -0.621639 -0.063586 0.651250 0.740175 1 23 1.000000
  0 -18.810719 -4.756113 115.011627 -0.261232 -0.953610 -0.149621 0.713768 0.725625 1 23 1.000000
Soldiers_far_red.tga
  0 -9.833460 -2.288784 118.382202 0.780719 -0.621639 -0.063586 0.917615 0.095805 1 23 1.000000
  0 -13.401223 -0.779288 111.636497 0.556040 -0.401439 -0.727782 0.923972 0.077127 1 23 1.000000
  0 -9.596678 6.602731 118.995033 0.766698 0.641604 0.022795 0.955070 0.097138 1 23 1.000000
Soldiers_far_red.tga
  0 -9.596678 6.602731 118.995033 0.766698 0.641604 0.022795 0.651250 0.740175 1 23 1.000000
  0 -19.964888 8.576849 115.714119 -0.361181 0.931764 -0.036920 0.713768 0.725625 1 23 1.000000
  0 -15.853687 4.572213 125.812241 -0.101895 0.495989 0.862329 0.690810 0.792241 1 23 1.000000
Soldiers_far_red.tga
  0 -18.810719 -4.756113 115.011627 -0.261232 -0.953610 -0.149621 0.713768 0.725625 1 23 1.000000
  0 -19.890327 -1.593787 111.118988 -0.028988 -0.972618 -0.230596 0.721924 0.701533 1 23 1.000000
  0 -13.401223 -0.779288 111.636497 0.556040 -0.401439 -0.727782 0.681043 0.698606 1 23 1.000000
Soldiers_far_red.tga
  0 -23.388128 2.245946 120.514633 -0.892523 0.005880 0.450964 0.739338 0.765553 1 23 1.000000
  0 -24.113312 2.288165 114.283028 -0.916821 -0.034682 0.397789 0.749907 0.724264 1 23 1.000000
  0 -18.810719 -4.756113 115.011627 -0.261232 -0.953610 -0.149621 0.713768 0.725625 1 23 1.000000
Soldiers_far_red.tga
  0 -13.401223 -0.779288 111.636497 0.556040 -0.401439 -0.727782 0.923972 0.077127 1 23 1.000000
  0 -16.798473 2.313586 110.082855 0.741881 0.017919 -0.670292 0.937002 0.062074 1 23 1.000000
  0 -12.932894 5.673722 112.685135 0.577137 0.521733 -0.628258 0.954450 0.082671 1 23 1.000000
Soldiers_far_red.tga
  0 -24.113312 2.288165 114.283028 -0.916821 -0.034682 0.397789 0.749907 0.724264 1 23 1.000000
  0 -19.890327 -1.593787 111.118988 -0.028988 -0.972618 -0.230596 0.721924 0.701533 1 23 1.000000
  0 -18.810719 -4.756113 115.011627 -0.261232 -0.953610 -0.149621 0.713768 0.725625 1 23 1.000000
Soldiers_far_red.tga
  0 -16.778156 -1.522745 125.344666 -0.204141 -0.587616 0.782965 0.690810 0.792241 1 23 1.000000
  0 -23.388128 2.245946 120.514633 -0.892523 0.005880 0.450964 0.739338 0.765553 1 23 1.000000
  0 -18.810719 -4.756113 115.011627 -0.261232 -0.953610 -0.149621 0.713768 0.725625 1 23 1.000000
Soldiers_far_red.tga
  0 -23.388128 2.245946 120.514633 -0.892523 0.005880 0.450964 0.739338 0.765553 1 23 1.000000
  0 -15.853687 4.572213 125.812241 -0.101895 0.495989 0.862329 0.690810 0.792241 1 23 1.000000
  0 -19.964888 8.576849 115.714119 -0.361181 0.931764 -0.036920 0.713768 0.725625 1 23 1.000000
Soldiers_far_red.tga
  0 -24.113312 2.288165 114.283028 -0.916821 -0.034682 0.397789 0.749907 0.724264 1 23 1.000000
  0 -23.388128 2.245946 120.514633 -0.892523 0.005880 0.450964 0.739338 0.765553 1 23 1.000000
  0 -19.964888 8.576849 115.714119 -0.361181 0.931764 -0.036920 0.713768 0.725625 1 23 1.000000
Soldiers_far_red.tga
  0 -19.506966 6.480166 111.498055 0.075526 0.981032 -0.178528 0.721924 0.701533 1 23 1.000000
  0 -24.113312 2.288165 114.283028 -0.916821 -0.034682 0.397789 0.749907 0.724264 1 23 1.000000
  0 -19.964888 8.576849 115.714119 -0.361181 0.931764 -0.036920 0.713768 0.725625 1 23 1.000000
Soldiers_far_red.tga
  0 -19.964888 8.576849 115.714119 -0.361181 0.931764 -0.036920 0.713768 0.725625 1 23 1.000000
  0 -9.596678 6.602731 118.995033 0.766698 0.641604 0.022795 0.651250 0.740175 1 23 1.000000
  0 -12.932894 5.673722 112.685135 0.577137 0.521733 -0.628258 0.681043 0.698606 1 23 1.000000
Soldiers_far_red.tga
  0 -19.506966 6.480166 111.498055 0.075526 0.981032 -0.178528 0.721924 0.701533 1 23 1.000000
  0 -19.964888 8.576849 115.714119 -0.361181 0.931764 -0.036920 0.713768 0.725625 1 23 1.000000
  0 -12.932894 5.673722 112.685135 0.577137 0.521733 -0.628258 0.681043 0.698606 1 23 1.000000
Soldiers_far_red.tga
  0 -16.798473 2.313586 110.082855 0.741881 0.017919 -0.670292 0.937002 0.062074 1 23 1.000000
  0 -19.506966 6.480166 111.498055 0.075526 0.981032 -0.178528 0.954553 0.051558 1 23 1.000000
  0 -12.932894 5.673722 112.685135 0.577137 0.521733 -0.628258 0.954450 0.082671 1 23 1.000000
Soldiers_far_red.tga
  0 -19.890327 -1.593787 111.118988 -0.028988 -0.972618 -0.230596 0.920542 0.049745 1 23 1.000000
  0 -16.798473 2.313586 110.082855 0.741881 0.017919 -0.670292 0.937002 0.062074 1 23 1.000000
  0 -13.401223 -0.779288 111.636497 0.556040 -0.401439 -0.727782 0.923972 0.077127 1 23 1.000000
Soldiers_far_red.tga
  0 -16.798473 2.313586 110.082855 0.741881 0.017919 -0.670292 0.705438 0.690138 1 23 1.000000
  0 -19.890327 -1.593787 111.118988 -0.028988 -0.972618 -0.230596 0.721924 0.701533 1 23 1.000000
  0 -16.793024 2.446137 104.550461 0.997595 -0.057550 -0.038629 0.709612 0.654356 1 23 1.000000
Soldiers_far_red.tga
  0 -19.890327 -1.593787 111.118988 -0.028988 -0.972618 -0.230596 0.721924 0.701533 1 23 1.000000
  0 -22.539696 -3.929699 106.053482 0.247310 -0.922587 0.296094 0.746323 0.669870 1 23 1.000000
  0 -16.793024 2.446137 104.550461 0.997595 -0.057550 -0.038629 0.709612 0.654356 1 23 1.000000
Soldiers_far_red.tga
  0 -24.113312 2.288165 114.283028 -0.916821 -0.034682 0.397789 0.749907 0.724264 1 23 1.000000
  0 -19.506966 6.480166 111.498055 0.075526 0.981032 -0.178528 0.721924 0.701533 1 23 1.000000
  0 -28.776175 2.404490 111.431091 -0.514100 -0.052284 0.856136 0.782878 0.710842 1 23 1.000000
Soldiers_far_red.tga
  0 -19.506966 6.480166 111.498055 0.075526 0.981032 -0.178528 0.721924 0.701533 1 23 1.000000
  0 -21.911882 9.296812 106.675064 0.303979 0.880870 0.362857 0.746323 0.669870 1 23 1.000000
  0 -28.776175 2.404490 111.431091 -0.514100 -0.052284 0.856136 0.782878 0.710842 1 23 1.000000
Soldiers_far_red.tga
  0 -24.113312 2.288165 114.283028 -0.916821 -0.034682 0.397789 0.749907 0.724264 1 23 1.000000
  0 -28.776175 2.404490 111.431091 -0.514100 -0.052284 0.856136 0.782878 0.710842 1 23 1.000000
  0 -19.890327 -1.593787 111.118988 -0.028988 -0.972618 -0.230596 0.721924 0.701533 1 23 1.000000
Soldiers_far_red.tga
  0 -28.776175 2.404490 111.431091 -0.514100 -0.052284 0.856136 0.782878 0.710842 1 23 1.000000
  0 -22.539696 -3.929699 106.053482 0.247310 -0.922587 0.296094 0.746323 0.669870 1 23 1.000000
  0 -19.890327 -1.593787 111.118988 -0.028988 -0.972618 -0.230596 0.721924 0.701533 1 23 1.000000
Soldiers_far_red.tga
  0 -16.798473 2.313586 110.082855 0.741881 0.017919 -0.670292 0.705438 0.690138 1 23 1.000000
  0 -16.793024 2.446137 104.550461 0.997595 -0.057550 -0.038629 0.709612 0.654356 1 23 1.000000
  0 -19.506966 6.480166 111.498055 0.075526 0.981032 -0.178528 0.721924 0.701533 1 23 1.000000
Soldiers_far_red.tga
  0 -16.793024 2.446137 104.550461 0.997595 -0.057550 -0.038629 0.709612 0.654356 1 23 1.000000
  0 -21.911882 9.296812 106.675064 0.303979 0.880870 0.362857 0.746323 0.669870 1 23 1.000000
  0 -19.506966 6.480166 111.498055 0.075526 0.981032 -0.178528 0.721924 0.701533 1 23 1.000000
Soldiers_far_red.tga
  0 -10.513181 2.518433 124.268806 0.715270 0.208701 0.666958 0.932047 0.115010 1 23 1.000000
  0 -10.580206 0.067328 124.184822 0.667252 -0.396908 0.630269 0.931729 0.125335 1 23 1.000000
  0 -9.596678 6.602731 118.995033 0.766698 0.641604 0.022795 0.902665 0.097805 1 23 1.000000
Soldiers_far_red.tga
  0 -9.596678 6.602731 118.995033 0.766698 0.641604 0.022795 0.902665 0.097805 1 23 1.000000
  0 -10.580206 0.067328 124.184822 0.667252 -0.396908 0.630269 0.931729 0.125335 1 23 1.000000
  0 -9.833460 -2.288784 118.382202 0.780719 -0.621639 -0.063586 0.900244 0.135260 1 23 1.000000
Soldiers_far_red.tga
  0 -20.333609 2.828706 117.921448 -0.856973 0.098134 0.505932 0.824024 0.646574 1 23 1.000000
  0 -17.889996 5.036602 115.702759 -0.000280 0.999961 0.008785 0.822078 0.632955 1 23 1.000000
  0 -24.328259 5.135339 104.258110 0.111567 0.972627 -0.203837 0.785195 0.633371 1 23 1.000000
Soldiers_far_red.tga
  0 -20.333609 2.828706 117.921448 -0.856973 0.098134 0.505932 0.719736 0.600835 1 23 1.000000
  0 -27.800295 1.954738 104.472145 -0.824968 0.020999 0.564789 0.754729 0.574634 2 23 0.500000 24 0.500000
  0 -18.119013 -0.355296 116.301971 -0.095590 -0.993358 0.064049 0.717479 0.581460 1 23 1.000000
Soldiers_far_red.tga
  0 -24.328259 5.135339 104.258110 0.111567 0.972627 -0.203837 0.781957 0.598977 1 23 1.000000
  0 -15.077433 2.606383 114.275093 0.855828 -0.031738 -0.516286 0.801801 0.595899 1 23 1.000000
  0 -24.366278 1.458798 101.594887 0.808258 -0.196868 -0.554944 0.781957 0.598977 2 23 0.500000 24 0.500000
Soldiers_far_red.tga
  0 -27.800295 1.954738 104.472145 -0.824968 0.020999 0.564789 0.754729 0.574634 2 23 0.500000 24 0.500000
  0 -36.087158 -1.930846 92.919342 -0.771563 0.147606 0.618792 0.807385 0.575285 1 24 1.000000
  0 -33.859055 -4.284461 92.727882 0.113398 -0.801915 0.586577 0.807385 0.575285 1 24 1.000000
Soldiers_far_red.tga
  0 -27.800295 1.954738 104.472145 -0.824968 0.020999 0.564789 0.785195 0.633371 2 23 0.500000 24 0.500000
  0 -25.789412 4.983038 102.668152 0.049743 0.988849 -0.140367 0.785195 0.633371 1 24 1.000000
  0 -27.289261 4.826880 101.035744 -0.080719 0.980333 -0.180087 0.785195 0.633371 1 24 1.000000
Soldiers_far_red.tga
  0 -27.289261 4.826880 101.035744 -0.080719 0.980333 -0.180087 0.781957 0.598977 1 24 1.000000
  0 -24.366278 1.458798 101.594887 0.808258 -0.196868 -0.554944 0.781957 0.598977 2 23 0.500000 24 0.500000
  0 -32.087852 -2.332248 90.119263 0.954015 0.031536 -0.298094 0.754729 0.574634 1 24 1.000000
Soldiers_far_red.tga
  0 -33.859055 -4.284461 92.727882 0.113398 -0.801915 0.586577 0.807385 0.575285 1 24 1.000000
  0 -32.087852 -2.332248 90.119263 0.954015 0.031536 -0.298094 0.807385 0.575285 1 24 1.000000
  0 -24.366278 1.458798 101.594887 0.808258 -0.196868 -0.554944 0.754729 0.574634 2 23 0.500000 24 0.500000
Soldiers_far_red.tga
  0 -18.119013 -0.355296 116.301971 -0.095590 -0.993358 0.064049 0.717479 0.581460 1 23 1.000000
  0 -24.366278 1.458798 101.594887 0.808258 -0.196868 -0.554944 0.754729 0.574634 2 23 0.500000 24 0.500000
  0 -15.077433 2.606383 114.275093 0.855828 -0.031738 -0.516286 0.717479 0.581460 1 23 1.000000
Soldiers_far_red.tga
  0 -27.800295 1.954738 104.472145 -0.824968 0.020999 0.564789 0.785195 0.633371 2 23 0.500000 24 0.500000
  0 -24.328259 5.135339 104.258110 0.111567 0.972627 -0.203837 0.785195 0.633371 1 23 1.000000
  0 -25.789412 4.983038 102.668152 0.049743 0.988849 -0.140367 0.785195 0.633371 1 24 1.000000
Soldiers_far_red.tga
  0 -20.333609 2.828706 117.921448 -0.856973 0.098134 0.505932 0.824024 0.646574 1 23 1.000000
  0 -24.328259 5.135339 104.258110 0.111567 0.972627 -0.203837 0.785195 0.633371 1 23 1.000000
  0 -27.800295 1.954738 104.472145 -0.824968 0.020999 0.564789 0.785195 0.633371 2 23 0.500000 24 0.500000
Soldiers_far_red.tga
  0 -36.087158 -1.930846 92.919342 -0.771563 0.147606 0.618792 0.732190 0.628581 1 24 1.000000
  0 -27.289261 4.826880 101.035744 -0.080719 0.980333 -0.180087 0.785195 0.633371 1 24 1.000000
  0 -33.960625 0.286474 90.731537 0.045262 0.984384 -0.170117 0.732190 0.628581 1 24 1.000000
Soldiers_far_red.tga
  0 -27.800295 1.954738 104.472145 -0.824968 0.020999 0.564789 0.785195 0.633371 2 23 0.500000 24 0.500000
  0 -27.289261 4.826880 101.035744 -0.080719 0.980333 -0.180087 0.785195 0.633371 1 24 1.000000
  0 -36.087158 -1.930846 92.919342 -0.771563 0.147606 0.618792 0.732190 0.628581 1 24 1.000000
Soldiers_far_red.tga
  0 -17.889996 5.036602 115.702759 -0.000280 0.999961 0.008785 0.822078 0.632955 1 23 1.000000
  0 -15.077433 2.606383 114.275093 0.855828 -0.031738 -0.516286 0.822078 0.632955 1 23 1.000000
  0 -24.328259 5.135339 104.258110 0.111567 0.972627 -0.203837 0.785195 0.633371 1 23 1.000000
Soldiers_far_red.tga
  0 -24.328259 5.135339 104.258110 0.111567 0.972627 -0.203837 0.781957 0.598977 1 23 1.000000
  0 -24.366278 1.458798 101.594887 0.808258 -0.196868 -0.554944 0.781957 0.598977 2 23 0.500000 24 0.500000
  0 -25.789412 4.983038 102.668152 0.049743 0.988849 -0.140367 0.781957 0.598977 1 24 1.000000
Soldiers_far_red.tga
  0 -25.789412 4.983038 102.668152 0.049743 0.988849 -0.140367 0.781957 0.598977 1 24 1.000000
  0 -24.366278 1.458798 101.594887 0.808258 -0.196868 -0.554944 0.781957 0.598977 2 23 0.500000 24 0.500000
  0 -27.289261 4.826880 101.035744 -0.080719 0.980333 -0.180087 0.781957 0.598977 1 24 1.000000
Soldiers_far_red.tga
  0 -27.289261 4.826880 101.035744 -0.080719 0.980333 -0.180087 0.785195 0.633371 1 24 1.000000
  0 -32.087852 -2.332248 90.119263 0.954015 0.031536 -0.298094 0.732190 0.628581 1 24 1.000000
  0 -33.960625 0.286474 90.731537 0.045262 0.984384 -0.170117 0.732190 0.628581 1 24 1.000000
Soldiers_far_red.tga
  0 -18.119013 -0.355296 116.301971 -0.095590 -0.993358 0.064049 0.717479 0.581460 1 23 1.000000
  0 -27.800295 1.954738 104.472145 -0.824968 0.020999 0.564789 0.754729 0.574634 2 23 0.500000 24 0.500000
  0 -26.223728 -0.232845 103.058083 0.034396 -0.984508 0.171931 0.754729 0.574634 1 23 1.000000
Soldiers_far_red.tga
  0 -27.800295 1.954738 104.472145 -0.824968 0.020999 0.564789 0.754729 0.574634 2 23 0.500000 24 0.500000
  0 -33.859055 -4.284461 92.727882 0.113398 -0.801915 0.586577 0.807385 0.575285 1 24 1.000000
  0 -26.223728 -0.232845 103.058083 0.034396 -0.984508 0.171931 0.754729 0.574634 1 23 1.000000
Soldiers_far_red.tga
  0 -33.859055 -4.284461 92.727882 0.113398 -0.801915 0.586577 0.807385 0.575285 1 24 1.000000
  0 -24.366278 1.458798 101.594887 0.808258 -0.196868 -0.554944 0.754729 0.574634 2 23 0.500000 24 0.500000
  0 -26.223728 -0.232845 103.058083 0.034396 -0.984508 0.171931 0.754729 0.574634 1 23 1.000000
Soldiers_far_red.tga
  0 -26.223728 -0.232845 103.058083 0.034396 -0.984508 0.171931 0.754729 0.574634 1 23 1.000000
  0 -24.366278 1.458798 101.594887 0.808258 -0.196868 -0.554944 0.754729 0.574634 2 23 0.500000 24 0.500000
  0 -18.119013 -0.355296 116.301971 -0.095590 -0.993358 0.064049 0.717479 0.581460 1 23 1.000000
Soldiers_far_red.tga
  0 -34.348640 -8.128397 89.891487 0.300352 -0.876414 0.376414 0.745475 0.616416 1 25 1.000000
  0 -32.087852 -2.332248 90.119263 0.954015 0.031536 -0.298094 0.745475 0.616416 1 24 1.000000
  0 -33.859055 -4.284461 92.727882 0.113398 -0.801915 0.586577 0.745475 0.616416 1 24 1.000000
Soldiers_far_red.tga
  0 -36.087158 -1.930846 92.919342 -0.771563 0.147606 0.618792 0.732190 0.628581 1 24 1.000000
  0 -33.960625 0.286474 90.731537 0.045262 0.984384 -0.170117 0.732190 0.628581 1 24 1.000000
  0 -36.595695 0.748026 85.425995 0.102055 0.929119 -0.355419 0.717727 0.622633 1 25 1.000000
Soldiers_far_red.tga
  0 -33.859055 -4.284461 92.727882 0.113398 -0.801915 0.586577 0.807385 0.575285 1 24 1.000000
  0 -36.087158 -1.930846 92.919342 -0.771563 0.147606 0.618792 0.807385 0.575285 1 24 1.000000
  0 -34.348640 -8.128397 89.891487 0.300352 -0.876414 0.376414 0.807385 0.575285 1 25 1.000000
Soldiers_far_red.tga
  0 -37.203529 -8.040443 82.106026 0.271137 -0.704406 -0.655970 0.810036 0.603335 1 25 1.000000
  0 -37.928261 -4.304662 80.451706 0.120937 0.070739 -0.990137 0.810036 0.603335 1 25 1.000000
  0 -36.595695 0.748026 85.425995 0.102055 0.929119 -0.355419 0.810036 0.603335 1 25 1.000000
Soldiers_far_red.tga
  0 -37.203529 -8.040443 82.106026 0.271137 -0.704406 -0.655970 0.810036 0.603335 1 25 1.000000
  0 -36.595695 0.748026 85.425995 0.102055 0.929119 -0.355419 0.810036 0.603335 1 25 1.000000
  0 -34.348640 -8.128397 89.891487 0.300352 -0.876414 0.376414 0.810036 0.603335 1 25 1.000000
Soldiers_far_red.tga
  0 -40.844215 -3.228915 88.334908 -0.838660 0.207198 0.503704 0.715288 0.634745 1 25 1.000000
  0 -36.595695 0.748026 85.425995 0.102055 0.929119 -0.355419 0.717727 0.622633 1 25 1.000000
  0 -40.736176 -2.211045 83.727539 -0.785148 0.477340 -0.394575 0.707367 0.626981 1 25 1.000000
Soldiers_far_red.tga
  0 -41.285912 -7.005096 85.909904 -0.815514 -0.574489 0.069994 0.719736 0.600835 1 25 1.000000
  0 -40.844215 -3.228915 88.334908 -0.838660 0.207198 0.503704 0.719736 0.600835 1 25 1.000000
  0 -40.736176 -2.211045 83.727539 -0.785148 0.477340 -0.394575 0.719736 0.600835 1 25 1.000000
Soldiers_far_red.tga
  0 -33.390007 -6.398506 82.674484 0.165035 -0.450388 -0.877448 0.719736 0.600835 1 25 1.000000
  0 -36.595695 0.748026 85.425995 0.102055 0.929119 -0.355419 0.717727 0.622633 1 25 1.000000
  0 -32.087852 -2.332248 90.119263 0.954015 0.031536 -0.298094 0.732190 0.628581 1 24 1.000000
Soldiers_far_red.tga
  0 -34.348640 -8.128397 89.891487 0.300352 -0.876414 0.376414 0.742765 0.599989 1 25 1.000000
  0 -40.844215 -3.228915 88.334908 -0.838660 0.207198 0.503704 0.742765 0.599989 1 25 1.000000
  0 -41.285912 -7.005096 85.909904 -0.815514 -0.574489 0.069994 0.742765 0.599989 1 25 1.000000
Soldiers_far_red.tga
  0 -32.087852 -2.332248 90.119263 0.954015 0.031536 -0.298094 0.745475 0.616416 1 24 1.000000
  0 -34.348640 -8.128397 89.891487 0.300352 -0.876414 0.376414 0.745475 0.616416 1 25 1.000000
  0 -33.390007 -6.398506 82.674484 0.165035 -0.450388 -0.877448 0.745475 0.616416 1 25 1.000000
Soldiers_far_red.tga
  0 -34.348640 -8.128397 89.891487 0.300352 -0.876414 0.376414 0.781614 0.617701 1 25 1.000000
  0 -36.595695 0.748026 85.425995 0.102055 0.929119 -0.355419 0.781614 0.617701 1 25 1.000000
  0 -33.390007 -6.398506 82.674484 0.165035 -0.450388 -0.877448 0.781614 0.617701 1 25 1.000000
Soldiers_far_red.tga
  0 -40.736176 -2.211045 83.727539 -0.785148 0.477340 -0.394575 0.707367 0.626981 1 25 1.000000
  0 -36.595695 0.748026 85.425995 0.102055 0.929119 -0.355419 0.717727 0.622633 1 25 1.000000
  0 -37.928261 -4.304662 80.451706 0.120937 0.070739 -0.990137 0.705875 0.616306 1 25 1.000000
Soldiers_far_red.tga
  0 -41.285912 -7.005096 85.909904 -0.815514 -0.574489 0.069994 0.719736 0.600835 1 25 1.000000
  0 -40.736176 -2.211045 83.727539 -0.785148 0.477340 -0.394575 0.719736 0.600835 1 25 1.000000
  0 -37.928261 -4.304662 80.451706 0.120937 0.070739 -0.990137 0.719736 0.600835 1 25 1.000000
Soldiers_far_red.tga
  0 -34.348640 -8.128397 89.891487 0.300352 -0.876414 0.376414 0.734481 0.600928 1 25 1.000000
  0 -41.285912 -7.005096 85.909904 -0.815514 -0.574489 0.069994 0.742765 0.599989 1 25 1.000000
  0 -37.203529 -8.040443 82.106026 0.271137 -0.704406 -0.655970 0.734481 0.600928 1 25 1.000000
Soldiers_far_red.tga
  0 -32.087852 -2.332248 90.119263 0.954015 0.031536 -0.298094 0.732190 0.628581 1 24 1.000000
  0 -36.595695 0.748026 85.425995 0.102055 0.929119 -0.355419 0.717727 0.622633 1 25 1.000000
  0 -33.960625 0.286474 90.731537 0.045262 0.984384 -0.170117 0.732190 0.628581 1 24 1.000000
Soldiers_far_red.tga
  0 -34.348640 -8.128397 89.891487 0.300352 -0.876414 0.376414 0.807385 0.575285 1 25 1.000000
  0 -36.087158 -1.930846 92.919342 -0.771563 0.147606 0.618792 0.807385 0.575285 1 24 1.000000
  0 -40.844215 -3.228915 88.334908 -0.838660 0.207198 0.503704 0.823085 0.582771 1 25 1.000000
Soldiers_far_red.tga
  0 -36.087158 -1.930846 92.919342 -0.771563 0.147606 0.618792 0.732190 0.628581 1 24 1.000000
  0 -36.595695 0.748026 85.425995 0.102055 0.929119 -0.355419 0.717727 0.622633 1 25 1.000000
  0 -40.844215 -3.228915 88.334908 -0.838660 0.207198 0.503704 0.715288 0.634745 1 25 1.000000
Soldiers_far_red.tga
  0 -41.285912 -7.005096 85.909904 -0.815514 -0.574489 0.069994 0.719736 0.600835 1 25 1.000000
  0 -37.928261 -4.304662 80.451706 0.120937 0.070739 -0.990137 0.719736 0.600835 1 25 1.000000
  0 -37.203529 -8.040443 82.106026 0.271137 -0.704406 -0.655970 0.719736 0.600835 1 25 1.000000
Soldiers_far_red.tga
  0 -2.511164 7.862557 98.579765 -0.051400 0.879096 0.473864 0.813689 0.144636 1 3 1.000000
  0 -26.207840 23.920025 66.220146 -0.051400 0.879097 0.473864 0.889889 0.109404 1 3 1.000000
  0 -39.452179 14.630730 82.016716 -0.051400 0.879097 0.473864 0.889889 0.179868 1 3 1.000000
Soldiers_far_red.tga
  0 21.185577 23.920025 66.220146 0.051400 0.879096 0.473864 0.889889 0.109404 1 3 1.000000
  0 -2.511164 7.862557 98.579765 0.051400 0.879096 0.473864 0.813689 0.144636 1 3 1.000000
  0 34.429909 14.630730 82.016716 0.051400 0.879096 0.473864 0.889889 0.179868 1 3 1.000000
Soldiers_far_red.tga
  0 -2.511368 8.591149 98.414291 0.276063 0.894572 0.351469 0.813122 0.247826 1 3 1.000000
  0 -32.244354 27.463900 73.732567 0.276063 0.894572 0.351469 0.889635 0.198353 1 3 1.000000
  0 -32.244354 13.065847 110.379059 0.276063 0.894572 0.351469 0.889635 0.297299 1 3 1.000000
Soldiers_far_red.tga
  0 27.221979 27.463900 73.732567 -0.276060 0.894573 0.351469 0.889635 0.198353 1 3 1.000000
  0 -2.511368 8.591149 98.414291 -0.276060 0.894573 0.351469 0.813122 0.247826 1 3 1.000000
  0 27.221979 13.065847 110.379059 -0.276060 0.894573 0.351469 0.889635 0.297299 1 3 1.000000
Soldiers_far_red.tga
  0 5.565960 7.633312 78.338463 0.094419 0.995370 -0.017983 0.966723 0.637577 1 9 1.000000
  0 7.039677 6.893600 45.133247 0.002520 0.999071 0.043029 0.961203 0.467590 2 10 0.500000 9 0.500000
  0 -0.463178 1.643328 78.027168 -0.992660 -0.037671 -0.114921 0.989305 0.622715 1 9 1.000000
Soldiers_far_red.tga
  0 -0.463178 1.643328 78.027168 -0.992660 -0.037671 -0.114921 0.989305 0.622715 1 9 1.000000
  0 7.039677 6.893600 45.133247 0.002520 0.999071 0.043029 0.961203 0.467590 2 10 0.500000 9 0.500000
  0 2.545524 3.409193 44.746712 -0.996890 0.048252 -0.062313 0.978036 0.466937 2 10 0.500000 9 0.500000
Soldiers_far_red.tga
  0 5.565960 7.633312 78.338463 0.094419 0.995370 -0.017983 0.966723 0.637577 1 9 1.000000
  0 10.532165 1.643328 79.622131 0.999564 -0.028004 -0.009376 0.948122 0.645001 1 9 1.000000
  0 7.039677 6.893600 45.133247 0.002520 0.999071 0.043029 0.961203 0.467590 2 10 0.500000 9 0.500000
Soldiers_far_red.tga
  0 7.039677 6.893600 45.133247 0.002520 0.999071 0.043029 0.961203 0.467590 2 10 0.500000 9 0.500000
  0 10.532165 1.643328 79.622131 0.999564 -0.028004 -0.009376 0.948122 0.645001 1 9 1.000000
  0 11.259959 3.635260 44.762600 0.996994 0.073870 0.023364 0.945396 0.466937 2 10 0.500000 9 0.500000
Soldiers_far_red.tga
  0 5.565960 -5.149005 79.571838 0.107049 -0.987225 -0.118011 0.901200 0.639444 1 9 1.000000
  0 -0.463178 1.643328 78.027168 -0.992660 -0.037671 -0.114921 0.869121 0.622715 1 9 1.000000
  0 7.039677 -1.247876 48.273682 0.055252 -0.993727 -0.097234 0.897223 0.484927 1 9 1.000000
Soldiers_far_red.tga
  0 7.039677 -1.247876 48.273682 0.055252 -0.993727 -0.097234 0.897223 0.484927 1 9 1.000000
  0 -0.463178 1.643328 78.027168 -0.992660 -0.037671 -0.114921 0.869121 0.622715 1 9 1.000000
  0 2.545524 3.409193 44.746712 -0.996890 0.048252 -0.062313 0.880391 0.466937 2 10 0.500000 9 0.500000
Soldiers_far_red.tga
  0 11.259959 3.635260 44.762600 0.996994 0.073870 0.023364 0.913030 0.466937 2 10 0.500000 9 0.500000
  0 10.532165 1.643328 79.622131 0.999564 -0.028004 -0.009376 0.910304 0.645001 1 9 1.000000
  0 7.039677 -1.247876 48.273682 0.055252 -0.993727 -0.097234 0.897223 0.484927 1 9 1.000000
Soldiers_far_red.tga
  0 7.039677 -1.247876 48.273682 0.055252 -0.993727 -0.097234 0.897223 0.484927 1 9 1.000000
  0 10.532165 1.643328 79.622131 0.999564 -0.028004 -0.009376 0.910304 0.645001 1 9 1.000000
  0 5.565960 -5.149005 79.571838 0.107049 -0.987225 -0.118011 0.901200 0.639444 1 9 1.000000
Soldiers_far_red.tga
  0 7.039677 6.893600 45.133247 0.002520 0.999071 0.043029 0.961203 0.467590 2 10 0.500000 9 0.500000
  0 11.259959 3.635260 44.762600 0.996994 0.073870 0.023364 0.945396 0.466937 2 10 0.500000 9 0.500000
  0 8.629002 9.057809 11.848374 0.068406 0.982573 0.172831 0.955250 0.313261 2 11 0.500000 10 0.500000
Soldiers_far_red.tga
  0 8.629002 9.057809 11.848374 0.068406 0.982573 0.172831 0.955250 0.313261 2 11 0.500000 10 0.500000
  0 11.259959 3.635260 44.762600 0.996994 0.073870 0.023364 0.945396 0.466937 2 10 0.500000 9 0.500000
  0 11.923522 5.300121 11.848373 0.940982 0.173749 0.290457 0.942911 0.313261 2 11 0.500000 10 0.500000
Soldiers_far_red.tga
  0 4.287024 5.173471 11.848373 -0.947690 0.223058 0.228316 0.971513 0.313261 2 11 0.500000 10 0.500000
  0 2.545524 3.409193 44.746712 -0.996890 0.048252 -0.062313 0.978036 0.466937 2 10 0.500000 9 0.500000
  0 8.629002 9.057809 11.848374 0.068406 0.982573 0.172831 0.955250 0.313261 2 11 0.500000 10 0.500000
Soldiers_far_red.tga
  0 7.039677 -1.247876 48.273682 0.055252 -0.993727 -0.097234 0.897223 0.484927 1 9 1.000000
  0 2.545524 3.409193 44.746712 -0.996890 0.048252 -0.062313 0.880391 0.466937 2 10 0.500000 9 0.500000
  0 7.039677 -0.881201 45.012836 0.028786 -0.993876 -0.106682 0.897223 0.469596 2 10 0.500000 9 0.500000
Soldiers_far_red.tga
  0 7.039677 -0.881201 45.012836 0.028786 -0.993876 -0.106682 0.897223 0.469596 2 10 0.500000 9 0.500000
  0 11.259959 3.635260 44.762600 0.996994 0.073870 0.023364 0.913030 0.466937 2 10 0.500000 9 0.500000
  0 7.039677 -1.247876 48.273682 0.055252 -0.993727 -0.097234 0.897223 0.484927 1 9 1.000000
Soldiers_far_red.tga
  0 2.545524 3.409193 44.746712 -0.996890 0.048252 -0.062313 0.880391 0.466937 2 10 0.500000 9 0.500000
  0 4.287024 5.173471 11.848373 -0.947690 0.223058 0.228316 0.886909 0.313261 2 11 0.500000 10 0.500000
  0 7.039678 -0.592372 42.164749 0.014645 -0.996782 -0.078812 0.897000 0.455770 1 10 1.000000
Soldiers_far_red.tga
  0 7.039678 -0.592372 42.164749 0.014645 -0.996782 -0.078812 0.897000 0.455770 1 10 1.000000
  0 4.287024 5.173471 11.848373 -0.947690 0.223058 0.228316 0.886909 0.313261 2 11 0.500000 10 0.500000
  0 7.971500 0.430153 11.848374 -0.015509 -0.642840 0.765844 0.900490 0.312815 2 11 0.500000 10 0.500000
Soldiers_far_red.tga
  0 11.259959 3.635260 44.762600 0.996994 0.073870 0.023364 0.913030 0.466937 2 10 0.500000 9 0.500000
  0 7.039678 -0.592372 42.164749 0.014645 -0.996782 -0.078812 0.897000 0.455770 1 10 1.000000
  0 11.923522 5.300121 11.848373 0.940982 0.173749 0.290457 0.915404 0.313038 2 11 0.500000 10 0.500000
Soldiers_far_red.tga
  0 11.923522 5.300121 11.848373 0.940982 0.173749 0.290457 0.915404 0.313038 2 11 0.500000 10 0.500000
  0 7.039678 -0.592372 42.164749 0.014645 -0.996782 -0.078812 0.897000 0.455770 1 10 1.000000
  0 7.971500 0.430153 11.848374 -0.015509 -0.642840 0.765844 0.900490 0.312815 2 11 0.500000 10 0.500000
Soldiers_far_red.tga
  0 7.039678 -0.592372 42.164749 0.014645 -0.996782 -0.078812 0.897000 0.455770 1 10 1.000000
  0 11.259959 3.635260 44.762600 0.996994 0.073870 0.023364 0.913030 0.466937 2 10 0.500000 9 0.500000
  0 7.039677 -0.881201 45.012836 0.028786 -0.993876 -0.106682 0.897223 0.469596 2 10 0.500000 9 0.500000
Soldiers_far_red.tga
  0 7.039677 -0.881201 45.012836 0.028786 -0.993876 -0.106682 0.897223 0.469596 2 10 0.500000 9 0.500000
  0 2.545524 3.409193 44.746712 -0.996890 0.048252 -0.062313 0.880391 0.466937 2 10 0.500000 9 0.500000
  0 7.039678 -0.592372 42.164749 0.014645 -0.996782 -0.078812 0.897000 0.455770 1 10 1.000000
Soldiers_far_red.tga
  0 7.971500 0.430153 11.848374 -0.015509 -0.642840 0.765844 0.956757 0.215724 2 11 0.500000 10 0.500000
  0 12.439095 -11.675449 6.091383 0.568303 -0.614636 0.547042 0.975059 0.197424 1 11 1.000000
  0 11.923522 5.300121 11.848373 0.940982 0.173749 0.290457 0.975057 0.234025 2 11 0.500000 10 0.500000
Soldiers_far_red.tga
  0 8.732264 12.519857 0.090440 0.003752 0.882942 -0.469468 0.956755 0.285242 1 11 1.000000
  0 8.629002 9.057809 11.848374 0.068406 0.982573 0.172831 0.956756 0.252325 2 11 0.500000 10 0.500000
  0 11.923522 5.300121 11.848373 0.940982 0.173749 0.290457 0.975057 0.234025 2 11 0.500000 10 0.500000
Soldiers_far_red.tga
  0 8.732264 12.519857 0.090440 0.003752 0.882942 -0.469468 0.967258 0.052287 1 11 1.000000
  0 15.734659 6.211881 0.090440 0.802960 0.324186 -0.500158 0.955118 0.063007 1 11 1.000000
  0 1.638157 5.675879 0.090440 -0.786205 0.300863 -0.539781 0.979558 0.063918 1 11 1.000000
Soldiers_far_red.tga
  0 8.732264 12.519857 0.090440 0.003752 0.882942 -0.469468 0.956755 0.285242 1 11 1.000000
  0 4.287024 5.173471 11.848373 -0.947690 0.223058 0.228316 0.938456 0.234024 2 11 0.500000 10 0.500000
  0 8.629002 9.057809 11.848374 0.068406 0.982573 0.172831 0.956756 0.252325 2 11 0.500000 10 0.500000
Soldiers_far_red.tga
  0 11.923522 5.300121 11.848373 0.940982 0.173749 0.290457 0.975057 0.234025 2 11 0.500000 10 0.500000
  0 12.439095 -11.675449 6.091383 0.568303 -0.614636 0.547042 0.975059 0.197424 1 11 1.000000
  0 15.095839 -7.817211 0.090440 0.802767 -0.227337 -0.551256 0.993360 0.197424 1 11 1.000000
Soldiers_far_red.tga
  0 8.732264 -15.068501 0.090440 0.013888 -0.873043 -0.487446 0.960572 0.161250 1 11 1.000000
  0 12.439095 -11.675449 6.091383 0.568303 -0.614636 0.547042 0.975059 0.197424 1 11 1.000000
  0 4.457686 -11.675449 6.091383 -0.585256 -0.626185 0.515138 0.938458 0.197423 1 11 1.000000
Soldiers_far_red.tga
  0 4.287024 5.173471 11.848373 -0.947690 0.223058 0.228316 0.938456 0.234024 2 11 0.500000 10 0.500000
  0 4.457686 -11.675449 6.091383 -0.585256 -0.626185 0.515138 0.938458 0.197423 1 11 1.000000
  0 7.971500 0.430153 11.848374 -0.015509 -0.642840 0.765844 0.956757 0.215724 2 11 0.500000 10 0.500000
Soldiers_far_red.tga
  0 2.343641 -7.875885 0.090440 -0.777664 -0.228259 -0.585779 0.920157 0.197422 1 11 1.000000
  0 4.457686 -11.675449 6.091383 -0.585256 -0.626185 0.515138 0.938458 0.197423 1 11 1.000000
  0 4.287024 5.173471 11.848373 -0.947690 0.223058 0.228316 0.938456 0.234024 2 11 0.500000 10 0.500000
Soldiers_far_red.tga
  0 4.457686 -11.675449 6.091383 -0.585256 -0.626185 0.515138 0.938458 0.197423 1 11 1.000000
  0 12.439095 -11.675449 6.091383 0.568303 -0.614636 0.547042 0.975059 0.197424 1 11 1.000000
  0 7.971500 0.430153 11.848374 -0.015509 -0.642840 0.765844 0.956757 0.215724 2 11 0.500000 10 0.500000
Soldiers_far_red.tga
  0 15.095839 -7.817211 0.090440 0.802767 -0.227337 -0.551256 0.993360 0.197424 1 11 1.000000
  0 12.439095 -11.675449 6.091383 0.568303 -0.614636 0.547042 0.975059 0.197424 1 11 1.000000
  0 8.732264 -15.068501 0.090440 0.013888 -0.873043 -0.487446 0.960572 0.161250 1 11 1.000000
Soldiers_far_red.tga
  0 2.343641 -7.875885 0.090440 -0.777664 -0.228259 -0.585779 0.978335 0.086947 1 11 1.000000
  0 15.095839 -7.817211 0.090440 0.802767 -0.227337 -0.551256 0.956225 0.086847 1 11 1.000000
  0 8.732264 -15.068501 0.090440 0.013888 -0.873043 -0.487446 0.967258 0.099170 1 11 1.000000
Soldiers_far_red.tga
  0 4.457686 -11.675449 6.091383 -0.585256 -0.626185 0.515138 0.938458 0.197423 1 11 1.000000
  0 2.343641 -7.875885 0.090440 -0.777664 -0.228259 -0.585779 0.920157 0.197422 1 11 1.000000
  0 8.732264 -15.068501 0.090440 0.013888 -0.873043 -0.487446 0.960572 0.161250 1 11 1.000000
Soldiers_far_red.tga
  0 11.923522 5.300121 11.848373 0.940982 0.173749 0.290457 0.975057 0.234025 2 11 0.500000 10 0.500000
  0 15.734659 6.211881 0.090440 0.802960 0.324186 -0.500158 0.993358 0.270627 1 11 1.000000
  0 8.732264 12.519857 0.090440 0.003752 0.882942 -0.469468 0.956755 0.285242 1 11 1.000000
Soldiers_far_red.tga
  0 1.638157 5.675879 0.090440 -0.786205 0.300863 -0.539781 0.919478 0.270566 1 11 1.000000
  0 4.287024 5.173471 11.848373 -0.947690 0.223058 0.228316 0.938456 0.234024 2 11 0.500000 10 0.500000
  0 8.732264 12.519857 0.090440 0.003752 0.882942 -0.469468 0.956755 0.285242 1 11 1.000000
Soldiers_far_red.tga
  0 11.923522 5.300121 11.848373 0.940982 0.173749 0.290457 0.975057 0.234025 2 11 0.500000 10 0.500000
  0 15.095839 -7.817211 0.090440 0.802767 -0.227337 -0.551256 0.993360 0.197424 1 11 1.000000
  0 15.734659 6.211881 0.090440 0.802960 0.324186 -0.500158 0.993358 0.270627 1 11 1.000000
Soldiers_far_red.tga
  0 2.343641 -7.875885 0.090440 -0.777664 -0.228259 -0.585779 0.920157 0.197422 1 11 1.000000
  0 4.287024 5.173471 11.848373 -0.947690 0.223058 0.228316 0.938456 0.234024 2 11 0.500000 10 0.500000
  0 1.638157 5.675879 0.090440 -0.786205 0.300863 -0.539781 0.919478 0.270566 1 11 1.000000
Soldiers_far_red.tga
  0 2.343641 -7.875885 0.090440 -0.777664 -0.228259 -0.585779 0.978335 0.086947 1 11 1.000000
  0 15.734659 6.211881 0.090440 0.802960 0.324186 -0.500158 0.955118 0.063007 1 11 1.000000
  0 15.095839 -7.817211 0.090440 0.802767 -0.227337 -0.551256 0.956225 0.086847 1 11 1.000000
Soldiers_far_red.tga
  0 1.638157 5.675879 0.090440 -0.786205 0.300863 -0.539781 0.979558 0.063918 1 11 1.000000
  0 15.734659 6.211881 0.090440 0.802960 0.324186 -0.500158 0.955118 0.063007 1 11 1.000000
  0 2.343641 -7.875885 0.090440 -0.777664 -0.228259 -0.585779 0.978335 0.086947 1 11 1.000000
Soldiers_far_red.tga
  0 -10.588525 7.633540 78.338455 -0.094431 0.995369 -0.017990 0.966723 0.637577 1 5 1.000000
  0 -4.559193 1.643328 78.027161 0.992659 -0.037679 -0.114925 0.989305 0.622715 1 5 1.000000
  0 -12.062229 6.893600 45.133244 -0.002541 0.999071 0.043029 0.961203 0.467590 2 6 0.500000 5 0.500000
Soldiers_far_red.tga
  0 -4.559193 1.643328 78.027161 0.992659 -0.037679 -0.114925 0.989305 0.622715 1 5 1.000000
  0 -7.567884 3.409194 44.746708 0.996890 0.048251 -0.062314 0.978036 0.466937 2 6 0.500000 5 0.500000
  0 -12.062229 6.893600 45.133244 -0.002541 0.999071 0.043029 0.961203 0.467590 2 6 0.500000 5 0.500000
Soldiers_far_red.tga
  0 -10.588525 7.633540 78.338455 -0.094431 0.995369 -0.017990 0.966723 0.637577 1 5 1.000000
  0 -12.062229 6.893600 45.133244 -0.002541 0.999071 0.043029 0.961203 0.467590 2 6 0.500000 5 0.500000
  0 -15.554648 1.643328 79.622124 -0.999564 -0.028010 -0.009377 0.948122 0.645001 1 5 1.000000
Soldiers_far_red.tga
  0 -12.062229 6.893600 45.133244 -0.002541 0.999071 0.043029 0.961203 0.467590 2 6 0.500000 5 0.500000
  0 -16.282330 3.635261 44.762596 -0.996994 0.073870 0.023364 0.945396 0.466937 2 6 0.500000 5 0.500000
  0 -15.554648 1.643328 79.622124 -0.999564 -0.028010 -0.009377 0.948122 0.645001 1 5 1.000000
Soldiers_far_red.tga
  0 -10.588525 -5.149005 79.571831 -0.107058 -0.987224 -0.118011 0.901200 0.639444 1 5 1.000000
  0 -12.062229 -1.247876 48.273674 -0.055271 -0.993726 -0.097234 0.897223 0.484927 1 5 1.000000
  0 -4.559193 1.643328 78.027161 0.992659 -0.037679 -0.114925 0.869121 0.622715 1 5 1.000000
Soldiers_far_red.tga
  0 -12.062229 -1.247876 48.273674 -0.055271 -0.993726 -0.097234 0.897223 0.484927 1 5 1.000000
  0 -7.567884 3.409194 44.746708 0.996890 0.048251 -0.062314 0.880391 0.466937 2 6 0.500000 5 0.500000
  0 -4.559193 1.643328 78.027161 0.992659 -0.037679 -0.114925 0.869121 0.622715 1 5 1.000000
Soldiers_far_red.tga
  0 -16.282330 3.635261 44.762596 -0.996994 0.073870 0.023364 0.913030 0.466937 2 6 0.500000 5 0.500000
  0 -12.062229 -1.247876 48.273674 -0.055271 -0.993726 -0.097234 0.897223 0.484927 1 5 1.000000
  0 -15.554648 1.643328 79.622124 -0.999564 -0.028010 -0.009377 0.910304 0.645001 1 5 1.000000
Soldiers_far_red.tga
  0 -12.062229 -1.247876 48.273674 -0.055271 -0.993726 -0.097234 0.897223 0.484927 1 5 1.000000
  0 -10.588525 -5.149005 79.571831 -0.107058 -0.987224 -0.118011 0.901200 0.639444 1 5 1.000000
  0 -15.554648 1.643328 79.622124 -0.999564 -0.028010 -0.009377 0.910304 0.645001 1 5 1.000000
Soldiers_far_red.tga
  0 -12.062229 6.893600 45.133244 -0.002541 0.999071 0.043029 0.961203 0.467590 2 6 0.500000 5 0.500000
  0 -13.651463 9.057808 11.848375 -0.068397 0.982574 0.172830 0.955250 0.313261 2 7 0.500000 6 0.500000
  0 -16.282330 3.635261 44.762596 -0.996994 0.073870 0.023364 0.945396 0.466937 2 6 0.500000 5 0.500000
Soldiers_far_red.tga
  0 -13.651463 9.057808 11.848375 -0.068397 0.982574 0.172830 0.955250 0.313261 2 7 0.500000 6 0.500000
  0 -16.946117 5.300121 11.848374 -0.940979 0.173759 0.290458 0.942911 0.313261 2 7 0.500000 6 0.500000
  0 -16.282330 3.635261 44.762596 -0.996994 0.073870 0.023364 0.945396 0.466937 2 6 0.500000 5 0.500000
Soldiers_far_red.tga
  0 -7.567884 3.409194 44.746708 0.996890 0.048251 -0.062314 0.978036 0.466937 2 6 0.500000 5 0.500000
  0 -13.651463 9.057808 11.848375 -0.068397 0.982574 0.172830 0.955250 0.313261 2 7 0.500000 6 0.500000
  0 -12.062229 6.893600 45.133244 -0.002541 0.999071 0.043029 0.961203 0.467590 2 6 0.500000 5 0.500000
Soldiers_far_red.tga
  0 -12.062229 -1.247876 48.273674 -0.055271 -0.993726 -0.097234 0.897223 0.484927 1 5 1.000000
  0 -12.062229 -0.881200 45.012833 -0.028807 -0.993876 -0.106682 0.897223 0.469596 2 6 0.500000 5 0.500000
  0 -7.567884 3.409194 44.746708 0.996890 0.048251 -0.062314 0.880391 0.466937 2 6 0.500000 5 0.500000
Soldiers_far_red.tga
  0 -12.062229 -0.881200 45.012833 -0.028807 -0.993876 -0.106682 0.897223 0.469596 2 6 0.500000 5 0.500000
  0 -12.062229 -1.247876 48.273674 -0.055271 -0.993726 -0.097234 0.897223 0.484927 1 5 1.000000
  0 -16.282330 3.635261 44.762596 -0.996994 0.073870 0.023364 0.913030 0.466937 2 6 0.500000 5 0.500000
Soldiers_far_red.tga
  0 -7.567884 3.409194 44.746708 0.996890 0.048251 -0.062314 0.880391 0.466937 2 6 0.500000 5 0.500000
  0 -12.062229 -0.592372 42.164749 -0.014664 -0.996782 -0.078811 0.897000 0.455770 1 6 1.000000
  0 -9.309566 5.173472 11.848374 0.947692 0.223052 0.228316 0.886909 0.313261 2 7 0.500000 6 0.500000
Soldiers_far_red.tga
  0 -12.062229 -0.592372 42.164749 -0.014664 -0.996782 -0.078811 0.897000 0.455770 1 6 1.000000
  0 -12.994051 0.430153 11.848375 0.015506 -0.642841 0.765843 0.900490 0.312815 2 7 0.500000 6 0.500000
  0 -9.309566 5.173472 11.848374 0.947692 0.223052 0.228316 0.886909 0.313261 2 7 0.500000 6 0.500000
Soldiers_far_red.tga
  0 -16.282330 3.635261 44.762596 -0.996994 0.073870 0.023364 0.913030 0.466937 2 6 0.500000 5 0.500000
  0 -16.946117 5.300121 11.848374 -0.940979 0.173759 0.290458 0.915404 0.313038 2 7 0.500000 6 0.500000
  0 -12.062229 -0.592372 42.164749 -0.014664 -0.996782 -0.078811 0.897000 0.455770 1 6 1.000000
Soldiers_far_red.tga
  0 -16.946117 5.300121 11.848374 -0.940979 0.173759 0.290458 0.915404 0.313038 2 7 0.500000 6 0.500000
  0 -12.994051 0.430153 11.848375 0.015506 -0.642841 0.765843 0.900490 0.312815 2 7 0.500000 6 0.500000
  0 -12.062229 -0.592372 42.164749 -0.014664 -0.996782 -0.078811 0.897000 0.455770 1 6 1.000000
Soldiers_far_red.tga
  0 -12.062229 -0.592372 42.164749 -0.014664 -0.996782 -0.078811 0.897000 0.455770 1 6 1.000000
  0 -12.062229 -0.881200 45.012833 -0.028807 -0.993876 -0.106682 0.897223 0.469596 2 6 0.500000 5 0.500000
  0 -16.282330 3.635261 44.762596 -0.996994 0.073870 0.023364 0.913030 0.466937 2 6 0.500000 5 0.500000
Soldiers_far_red.tga
  0 -12.062229 -0.881200 45.012833 -0.028807 -0.993876 -0.106682 0.897223 0.469596 2 6 0.500000 5 0.500000
  0 -12.062229 -0.592372 42.164749 -0.014664 -0.996782 -0.078811 0.897000 0.455770 1 6 1.000000
  0 -7.567884 3.409194 44.746708 0.996890 0.048251 -0.062314 0.880391 0.466937 2 6 0.500000 5 0.500000
Soldiers_far_red.tga
  0 -12.994051 0.430153 11.848375 0.015506 -0.642841 0.765843 0.956757 0.215724 2 7 0.500000 6 0.500000
  0 -16.946117 5.300121 11.848374 -0.940979 0.173759 0.290458 0.975057 0.234025 2 7 0.500000 6 0.500000
  0 -17.461466 -11.675449 6.091386 -0.568287 -0.614645 0.547047 0.975059 0.197424 1 7 1.000000
Soldiers_far_red.tga
  0 -13.754509 12.519857 0.090443 -0.003732 0.882941 -0.469469 0.956755 0.285242 1 7 1.000000
  0 -16.946117 5.300121 11.848374 -0.940979 0.173759 0.290458 0.975057 0.234025 2 7 0.500000 6 0.500000
  0 -13.651463 9.057808 11.848375 -0.068397 0.982574 0.172830 0.956756 0.252325 2 7 0.500000 6 0.500000
Soldiers_far_red.tga
  0 -13.754509 12.519857 0.090443 -0.003732 0.882941 -0.469469 0.967258 0.052287 1 7 1.000000
  0 -6.660722 5.675879 0.090443 0.786206 0.300854 -0.539784 0.979558 0.063918 1 7 1.000000
  0 -20.757145 6.211881 0.090443 -0.802953 0.324198 -0.500162 0.955118 0.063007 1 7 1.000000
Soldiers_far_red.tga
  0 -13.754509 12.519857 0.090443 -0.003732 0.882941 -0.469469 0.956755 0.285242 1 7 1.000000
  0 -13.651463 9.057808 11.848375 -0.068397 0.982574 0.172830 0.956756 0.252325 2 7 0.500000 6 0.500000
  0 -9.309566 5.173472 11.848374 0.947692 0.223052 0.228316 0.938456 0.234024 2 7 0.500000 6 0.500000
Soldiers_far_red.tga
  0 -16.946117 5.300121 11.848374 -0.940979 0.173759 0.290458 0.975057 0.234025 2 7 0.500000 6 0.500000
  0 -20.118549 -7.817211 0.090443 -0.802772 -0.227353 -0.551242 0.993360 0.197424 1 7 1.000000
  0 -17.461466 -11.675449 6.091386 -0.568287 -0.614645 0.547047 0.975059 0.197424 1 7 1.000000
Soldiers_far_red.tga
  0 -13.754509 -15.068501 0.090443 -0.013867 -0.873043 -0.487446 0.960572 0.161250 1 7 1.000000
  0 -9.480059 -11.675449 6.091386 0.585266 -0.626178 0.515136 0.938458 0.197423 1 7 1.000000
  0 -17.461466 -11.675449 6.091386 -0.568287 -0.614645 0.547047 0.975059 0.197424 1 7 1.000000
Soldiers_far_red.tga
  0 -9.309566 5.173472 11.848374 0.947692 0.223052 0.228316 0.938456 0.234024 2 7 0.500000 6 0.500000
  0 -12.994051 0.430153 11.848375 0.015506 -0.642841 0.765843 0.956757 0.215724 2 7 0.500000 6 0.500000
  0 -9.480059 -11.675449 6.091386 0.585266 -0.626178 0.515136 0.938458 0.197423 1 7 1.000000
Soldiers_far_red.tga
  0 -7.366195 -7.875885 0.090443 0.777662 -0.228247 -0.585786 0.920157 0.197422 1 7 1.000000
  0 -9.309566 5.173472 11.848374 0.947692 0.223052 0.228316 0.938456 0.234024 2 7 0.500000 6 0.500000
  0 -9.480059 -11.675449 6.091386 0.585266 -0.626178 0.515136 0.938458 0.197423 1 7 1.000000
Soldiers_far_red.tga
  0 -9.480059 -11.675449 6.091386 0.585266 -0.626178 0.515136 0.938458 0.197423 1 7 1.000000
  0 -12.994051 0.430153 11.848375 0.015506 -0.642841 0.765843 0.956757 0.215724 2 7 0.500000 6 0.500000
  0 -17.461466 -11.675449 6.091386 -0.568287 -0.614645 0.547047 0.975059 0.197424 1 7 1.000000
Soldiers_far_red.tga
  0 -20.118549 -7.817211 0.090443 -0.802772 -0.227353 -0.551242 0.993360 0.197424 1 7 1.000000
  0 -13.754509 -15.068501 0.090443 -0.013867 -0.873043 -0.487446 0.960572 0.161250 1 7 1.000000
  0 -17.461466 -11.675449 6.091386 -0.568287 -0.614645 0.547047 0.975059 0.197424 1 7 1.000000
Soldiers_far_red.tga
  0 -7.366195 -7.875885 0.090443 0.777662 -0.228247 -0.585786 0.978335 0.086947 1 7 1.000000
  0 -13.754509 -15.068501 0.090443 -0.013867 -0.873043 -0.487446 0.967258 0.099170 1 7 1.000000
  0 -20.118549 -7.817211 0.090443 -0.802772 -0.227353 -0.551242 0.956225 0.086847 1 7 1.000000
Soldiers_far_red.tga
  0 -9.480059 -11.675449 6.091386 0.585266 -0.626178 0.515136 0.938458 0.197423 1 7 1.000000
  0 -13.754509 -15.068501 0.090443 -0.013867 -0.873043 -0.487446 0.960572 0.161250 1 7 1.000000
  0 -7.366195 -7.875885 0.090443 0.777662 -0.228247 -0.585786 0.920157 0.197422 1 7 1.000000
Soldiers_far_red.tga
  0 -16.946117 5.300121 11.848374 -0.940979 0.173759 0.290458 0.975057 0.234025 2 7 0.500000 6 0.500000
  0 -13.754509 12.519857 0.090443 -0.003732 0.882941 -0.469469 0.956755 0.285242 1 7 1.000000
  0 -20.757145 6.211881 0.090443 -0.802953 0.324198 -0.500162 0.993358 0.270627 1 7 1.000000
Soldiers_far_red.tga
  0 -6.660722 5.675879 0.090443 0.786206 0.300854 -0.539784 0.919478 0.270566 1 7 1.000000
  0 -13.754509 12.519857 0.090443 -0.003732 0.882941 -0.469469 0.956755 0.285242 1 7 1.000000
  0 -9.309566 5.173472 11.848374 0.947692 0.223052 0.228316 0.938456 0.234024 2 7 0.500000 6 0.500000
Soldiers_far_red.tga
  0 -16.946117 5.300121 11.848374 -0.940979 0.173759 0.290458 0.975057 0.234025 2 7 0.500000 6 0.500000
  0 -20.757145 6.211881 0.090443 -0.802953 0.324198 -0.500162 0.993358 0.270627 1 7 1.000000
  0 -20.118549 -7.817211 0.090443 -0.802772 -0.227353 -0.551242 0.993360 0.197424 1 7 1.000000
Soldiers_far_red.tga
  0 -7.366195 -7.875885 0.090443 0.777662 -0.228247 -0.585786 0.920157 0.197422 1 7 1.000000
  0 -6.660722 5.675879 0.090443 0.786206 0.300854 -0.539784 0.919478 0.270566 1 7 1.000000
  0 -9.309566 5.173472 11.848374 0.947692 0.223052 0.228316 0.938456 0.234024 2 7 0.500000 6 0.500000
Soldiers_far_red.tga
  0 -7.366195 -7.875885 0.090443 0.777662 -0.228247 -0.585786 0.978335 0.086947 1 7 1.000000
  0 -20.118549 -7.817211 0.090443 -0.802772 -0.227353 -0.551242 0.956225 0.086847 1 7 1.000000
  0 -20.757145 6.211881 0.090443 -0.802953 0.324198 -0.500162 0.955118 0.063007 1 7 1.000000
Soldiers_far_red.tga
  0 -6.660722 5.675879 0.090443 0.786206 0.300854 -0.539784 0.979558 0.063918 1 7 1.000000
  0 -7.366195 -7.875885 0.090443 0.777662 -0.228247 -0.585786 0.978335 0.086947 1 7 1.000000
  0 -20.757145 6.211881 0.090443 -0.802953 0.324198 -0.500162 0.955118 0.063007 1 7 1.000000
Soldiers_far_red.tga
  0 8.629002 9.057809 11.848374 0.068406 0.982573 0.172831 0.955250 0.313261 2 11 0.500000 10 0.500000
  0 2.545524 3.409193 44.746712 -0.996890 0.048252 -0.062313 0.978036 0.466937 2 10 0.500000 9 0.500000
  0 7.039677 6.893600 45.133247 0.002520 0.999071 0.043029 0.961203 0.467590 2 10 0.500000 9 0.500000
Soldiers_far_red.tga
  0 -9.309566 5.173472 11.848374 0.947692 0.223052 0.228316 0.971513 0.313261 2 7 0.500000 6 0.500000
  0 -13.651463 9.057808 11.848375 -0.068397 0.982574 0.172830 0.955250 0.313261 2 7 0.500000 6 0.500000
  0 -7.567884 3.409194 44.746708 0.996890 0.048251 -0.062314 0.978036 0.466937 2 6 0.500000 5 0.500000
Soldiers_far_red.tga
  0 -9.590710 4.968737 134.479294 -0.591402 0.282583 -0.755242 0.050425 0.765183 1 19 1.000000
  0 -8.042841 10.772036 135.648209 -0.472340 0.480521 -0.738914 0.036724 0.774867 1 19 1.000000
  0 -5.395869 1.128892 130.784119 -0.699203 0.177917 -0.692431 0.048495 0.748539 1 18 1.000000
Soldiers_far_red.tga
  0 -2.511368 -12.677881 158.833710 -0.000002 -0.991287 0.131719 0.171818 0.984803 1 19 1.000000
  0 -13.572701 -7.181569 158.686188 -0.783800 -0.611058 0.110749 0.056888 0.981426 1 19 1.000000
  0 -13.183690 -9.485594 148.561951 -0.704144 -0.709864 0.016542 0.091521 0.925111 1 19 1.000000
Soldiers_far_red.tga
  0 -17.185011 3.900369 159.003937 -0.995022 -0.088472 -0.045872 0.037880 0.986282 1 19 1.000000
  0 -15.098995 -4.042162 146.310364 -0.974729 -0.213901 -0.064425 0.059386 0.912284 1 19 1.000000
  0 -13.572701 -7.181569 158.686188 -0.783800 -0.611058 0.110749 0.056888 0.981426 1 19 1.000000
Soldiers_far_red.tga
  0 -14.752860 5.522672 140.001587 -0.900926 0.212438 -0.378421 0.057092 0.828330 1 19 1.000000
  0 -14.600446 -3.746076 136.909058 -0.977307 -0.096189 -0.188729 0.065501 0.817262 1 19 1.000000
  0 -14.201877 -3.713957 137.769287 -0.962983 -0.198378 0.182508 0.065190 0.842228 1 19 1.000000
Soldiers_far_red.tga
  0 -7.631472 -0.793361 131.413971 -0.448285 0.164545 -0.878615 0.076268 0.750458 1 19 1.000000
  0 -9.590710 4.968737 134.479294 -0.591402 0.282583 -0.755242 0.050425 0.765183 1 19 1.000000
  0 -5.395869 1.128892 130.784119 -0.699203 0.177917 -0.692431 0.048495 0.748539 1 18 1.000000
Soldiers_far_red.tga
  0 -12.605369 -9.493082 136.674133 -0.718915 -0.690524 -0.079610 0.102634 0.840743 1 19 1.000000
  0 -2.511368 -12.802267 134.236420 -0.000001 -0.860643 -0.509208 0.171680 0.818017 1 19 1.000000
  0 -2.511368 -14.388252 137.461746 -0.000001 -0.952348 0.305015 0.171818 0.833662 1 19 1.000000
Soldiers_far_red.tga
  0 -7.631472 -0.793361 131.413971 -0.448285 0.164545 -0.878615 0.076268 0.750458 1 19 1.000000
  0 -5.395869 1.128892 130.784119 -0.699203 0.177917 -0.692431 0.048495 0.748539 1 18 1.000000
  0 -2.511368 -1.945483 129.744568 -0.000004 -0.362770 -0.931879 0.171818 0.716629 1 18 1.000000
Soldiers_far_red.tga
  0 -8.042841 10.772036 135.648209 -0.472340 0.480521 -0.738914 0.036724 0.774867 1 19 1.000000
  0 -2.511345 13.473722 135.370148 -0.000004 0.570160 -0.821534 0.021080 0.782172 1 19 1.000000
  0 -2.511345 4.977251 131.283478 0.000001 0.640247 -0.768169 0.021080 0.754127 1 18 1.000000
Soldiers_far_red.tga
  0 -2.511368 -14.388252 137.461746 -0.000001 -0.952348 0.305015 0.171818 0.833662 1 19 1.000000
  0 -2.511368 -12.600826 138.209625 -0.000003 -0.816256 0.577691 0.171818 0.855213 1 19 1.000000
  0 -12.648870 -8.853468 137.727310 -0.768751 -0.623187 0.143737 0.095239 0.849663 1 19 1.000000
Soldiers_far_red.tga
  0 -12.648870 -8.853468 137.727310 -0.768751 -0.623187 0.143737 0.095239 0.849663 1 19 1.000000
  0 -2.511368 -13.375038 148.917175 -0.000002 -1.000000 -0.000530 0.171818 0.934923 1 19 1.000000
  0 -13.183690 -9.485594 148.561951 -0.704144 -0.709864 0.016542 0.091521 0.925111 1 19 1.000000
Soldiers_far_red.tga
  0 -11.167504 -2.038431 133.528259 -0.649191 0.127921 -0.749791 0.063835 0.780110 1 19 1.000000
  0 -7.631472 -0.793361 131.413971 -0.448285 0.164545 -0.878615 0.076268 0.750458 1 19 1.000000
  0 -7.277788 -7.958959 130.377838 -0.475726 -0.347248 -0.808148 0.135002 0.764072 1 19 1.000000
Soldiers_far_red.tga
  0 -14.600446 -3.746076 136.909058 -0.977307 -0.096189 -0.188729 0.065501 0.817262 1 19 1.000000
  0 -12.648870 -8.853468 137.727310 -0.768751 -0.623187 0.143737 0.095239 0.849663 1 19 1.000000
  0 -14.201877 -3.713957 137.769287 -0.962983 -0.198378 0.182508 0.065190 0.842228 1 19 1.000000
Soldiers_far_red.tga
  0 -12.648870 -8.853468 137.727310 -0.768751 -0.623187 0.143737 0.095239 0.849663 1 19 1.000000
  0 -13.183690 -9.485594 148.561951 -0.704144 -0.709864 0.016542 0.091521 0.925111 1 19 1.000000
  0 -15.098995 -4.042162 146.310364 -0.974729 -0.213901 -0.064425 0.059386 0.912284 1 19 1.000000
Soldiers_far_red.tga
  0 -14.752860 5.522672 140.001587 -0.900926 0.212438 -0.378421 0.057092 0.828330 1 19 1.000000
  0 -12.022373 14.555143 142.452927 -0.795717 0.438388 -0.417911 0.036390 0.845605 1 19 1.000000
  0 -8.042841 10.772036 135.648209 -0.472340 0.480521 -0.738914 0.036724 0.774867 1 19 1.000000
Soldiers_far_red.tga
  0 -11.332392 -8.332220 133.815384 -0.628975 -0.434484 -0.644682 0.130353 0.808842 1 19 1.000000
  0 -7.277788 -7.958959 130.377838 -0.475726 -0.347248 -0.808148 0.135002 0.764072 1 19 1.000000
  0 -2.511368 -12.802267 134.236420 -0.000001 -0.860643 -0.509208 0.171680 0.818017 1 19 1.000000
Soldiers_far_red.tga
  0 -2.511368 -1.945483 129.744568 -0.000004 -0.362770 -0.931879 0.171818 0.716629 1 18 1.000000
  0 -5.395869 1.128892 130.784119 -0.699203 0.177917 -0.692431 0.048495 0.748539 1 18 1.000000
  0 -5.395869 1.156922 124.428818 -0.991007 -0.133687 -0.005694 0.070537 0.688715 1 18 1.000000
Soldiers_far_red.tga
  0 -5.395869 1.156922 124.428818 -0.991007 -0.133687 -0.005694 0.070537 0.688715 1 18 1.000000
  0 -5.395869 1.128892 130.784119 -0.699203 0.177917 -0.692431 0.048495 0.748539 1 18 1.000000
  0 -2.511345 4.977251 131.283478 0.000001 0.640247 -0.768169 0.021080 0.754127 1 18 1.000000
Soldiers_far_red.tga
  0 -14.201877 -3.713957 137.769287 -0.962983 -0.198378 0.182508 0.065190 0.842228 1 19 1.000000
  0 -12.648870 -8.853468 137.727310 -0.768751 -0.623187 0.143737 0.095239 0.849663 1 19 1.000000
  0 -15.098995 -4.042162 146.310364 -0.974729 -0.213901 -0.064425 0.059386 0.912284 1 19 1.000000
Soldiers_far_red.tga
  0 -14.752860 5.522672 140.001587 -0.900926 0.212438 -0.378421 0.057092 0.828330 1 19 1.000000
  0 -14.201877 -3.713957 137.769287 -0.962983 -0.198378 0.182508 0.065190 0.842228 1 19 1.000000
  0 -15.098995 -4.042162 146.310364 -0.974729 -0.213901 -0.064425 0.059386 0.912284 1 19 1.000000
Soldiers_far_red.tga
  0 -17.185011 3.900369 159.003937 -0.995022 -0.088472 -0.045872 0.037880 0.986282 1 19 1.000000
  0 -14.752860 5.522672 140.001587 -0.900926 0.212438 -0.378421 0.057092 0.828330 1 19 1.000000
  0 -15.098995 -4.042162 146.310364 -0.974729 -0.213901 -0.064425 0.059386 0.912284 1 19 1.000000
Soldiers_far_red.tga
  0 -15.098995 -4.042162 146.310364 -0.974729 -0.213901 -0.064425 0.059386 0.912284 1 19 1.000000
  0 -13.183690 -9.485594 148.561951 -0.704144 -0.709864 0.016542 0.091521 0.925111 1 19 1.000000
  0 -13.572701 -7.181569 158.686188 -0.783800 -0.611058 0.110749 0.056888 0.981426 1 19 1.000000
Soldiers_far_red.tga
  0 -14.600446 -3.746076 136.909058 -0.977307 -0.096189 -0.188729 0.065501 0.817262 1 19 1.000000
  0 -11.332392 -8.332220 133.815384 -0.628975 -0.434484 -0.644682 0.130353 0.808842 1 19 1.000000
  0 -12.605369 -9.493082 136.674133 -0.718915 -0.690524 -0.079610 0.102634 0.840743 1 19 1.000000
Soldiers_far_red.tga
  0 -14.600446 -3.746076 136.909058 -0.977307 -0.096189 -0.188729 0.065501 0.817262 1 19 1.000000
  0 -12.605369 -9.493082 136.674133 -0.718915 -0.690524 -0.079610 0.102634 0.840743 1 19 1.000000
  0 -12.648870 -8.853468 137.727310 -0.768751 -0.623187 0.143737 0.095239 0.849663 1 19 1.000000
Soldiers_far_red.tga
  0 -11.167504 -2.038431 133.528259 -0.649191 0.127921 -0.749791 0.063835 0.780110 1 19 1.000000
  0 -7.277788 -7.958959 130.377838 -0.475726 -0.347248 -0.808148 0.135002 0.764072 1 19 1.000000
  0 -11.332392 -8.332220 133.815384 -0.628975 -0.434484 -0.644682 0.130353 0.808842 1 19 1.000000
Soldiers_far_red.tga
  0 -7.631472 -0.793361 131.413971 -0.448285 0.164545 -0.878615 0.076268 0.750458 1 19 1.000000
  0 -11.167504 -2.038431 133.528259 -0.649191 0.127921 -0.749791 0.063835 0.780110 1 19 1.000000
  0 -9.590710 4.968737 134.479294 -0.591402 0.282583 -0.755242 0.050425 0.765183 1 19 1.000000
Soldiers_far_red.tga
  0 -8.042841 10.772036 135.648209 -0.472340 0.480521 -0.738914 0.036724 0.774867 1 19 1.000000
  0 -2.511345 4.977251 131.283478 0.000001 0.640247 -0.768169 0.021080 0.754127 1 18 1.000000
  0 -5.395869 1.128892 130.784119 -0.699203 0.177917 -0.692431 0.048495 0.748539 1 18 1.000000
Soldiers_far_red.tga
  0 -11.167504 -2.038431 133.528259 -0.649191 0.127921 -0.749791 0.063835 0.780110 1 19 1.000000
  0 -14.600446 -3.746076 136.909058 -0.977307 -0.096189 -0.188729 0.065501 0.817262 1 19 1.000000
  0 -14.752860 5.522672 140.001587 -0.900926 0.212438 -0.378421 0.057092 0.828330 1 19 1.000000
Soldiers_far_red.tga
  0 -9.590710 4.968737 134.479294 -0.591402 0.282583 -0.755242 0.050425 0.765183 1 19 1.000000
  0 -14.752860 5.522672 140.001587 -0.900926 0.212438 -0.378421 0.057092 0.828330 1 19 1.000000
  0 -8.042841 10.772036 135.648209 -0.472340 0.480521 -0.738914 0.036724 0.774867 1 19 1.000000
Soldiers_far_red.tga
  0 -9.590710 4.968737 134.479294 -0.591402 0.282583 -0.755242 0.050425 0.765183 1 19 1.000000
  0 -11.167504 -2.038431 133.528259 -0.649191 0.127921 -0.749791 0.063835 0.780110 1 19 1.000000
  0 -14.752860 5.522672 140.001587 -0.900926 0.212438 -0.378421 0.057092 0.828330 1 19 1.000000
Soldiers_far_red.tga
  0 -2.511368 4.811104 124.928169 0.000000 0.999658 -0.026134 0.043123 0.694303 1 18 1.000000
  0 -5.395869 1.156922 124.428818 -0.991007 -0.133687 -0.005694 0.070537 0.688715 1 18 1.000000
  0 -2.511345 4.977251 131.283478 0.000001 0.640247 -0.768169 0.021080 0.754127 1 18 1.000000
Soldiers_far_red.tga
  0 -2.511368 -13.375038 148.917175 -0.000002 -1.000000 -0.000530 0.171818 0.934923 1 19 1.000000
  0 -2.511368 -12.677881 158.833710 -0.000002 -0.991287 0.131719 0.171818 0.984803 1 19 1.000000
  0 -13.183690 -9.485594 148.561951 -0.704144 -0.709864 0.016542 0.091521 0.925111 1 19 1.000000
Soldiers_far_red.tga
  0 -2.511368 -1.945483 129.744568 -0.000004 -0.362770 -0.931879 0.171818 0.716629 1 18 1.000000
  0 -2.511368 -8.069609 127.945816 -0.000007 -0.279928 -0.960021 0.171818 0.729792 1 19 1.000000
  0 -7.277788 -7.958959 130.377838 -0.475726 -0.347248 -0.808148 0.135002 0.764072 1 19 1.000000
Soldiers_far_red.tga
  0 -7.631472 -0.793361 131.413971 -0.448285 0.164545 -0.878615 0.076268 0.750458 1 19 1.000000
  0 -2.511368 -1.945483 129.744568 -0.000004 -0.362770 -0.931879 0.171818 0.716629 1 18 1.000000
  0 -7.277788 -7.958959 130.377838 -0.475726 -0.347248 -0.808148 0.135002 0.764072 1 19 1.000000
Soldiers_far_red.tga
  0 -2.511368 -1.945483 123.389275 0.000002 -1.000000 0.000000 0.171818 0.677086 1 18 1.000000
  0 -2.511368 -1.945483 129.744568 -0.000004 -0.362770 -0.931879 0.171818 0.716629 1 18 1.000000
  0 -5.395869 1.156922 124.428818 -0.991007 -0.133687 -0.005694 0.070537 0.688715 1 18 1.000000
Soldiers_far_red.tga
  0 -12.648870 -8.853468 137.727310 -0.768751 -0.623187 0.143737 0.095239 0.849663 1 19 1.000000
  0 -2.511368 -12.600826 138.209625 -0.000003 -0.816256 0.577691 0.171818 0.855213 1 19 1.000000
  0 -2.511368 -13.375038 148.917175 -0.000002 -1.000000 -0.000530 0.171818 0.934923 1 19 1.000000
Soldiers_far_red.tga
  0 -12.605369 -9.493082 136.674133 -0.718915 -0.690524 -0.079610 0.102634 0.840743 1 19 1.000000
  0 -2.511368 -14.388252 137.461746 -0.000001 -0.952348 0.305015 0.171818 0.833662 1 19 1.000000
  0 -12.648870 -8.853468 137.727310 -0.768751 -0.623187 0.143737 0.095239 0.849663 1 19 1.000000
Soldiers_far_red.tga
  0 -12.605369 -9.493082 136.674133 -0.718915 -0.690524 -0.079610 0.102634 0.840743 1 19 1.000000
  0 -11.332392 -8.332220 133.815384 -0.628975 -0.434484 -0.644682 0.130353 0.808842 1 19 1.000000
  0 -2.511368 -12.802267 134.236420 -0.000001 -0.860643 -0.509208 0.171680 0.818017 1 19 1.000000
Soldiers_far_red.tga
  0 -7.277788 -7.958959 130.377838 -0.475726 -0.347248 -0.808148 0.135002 0.764072 1 19 1.000000
  0 -2.511368 -8.069609 127.945816 -0.000007 -0.279928 -0.960021 0.171818 0.729792 1 19 1.000000
  0 -2.511368 -12.802267 134.236420 -0.000001 -0.860643 -0.509208 0.171680 0.818017 1 19 1.000000
Soldiers_far_red.tga
  0 -14.752860 5.522672 140.001587 -0.900926 0.212438 -0.378421 0.057092 0.828330 1 19 1.000000
  0 -17.185011 3.900369 159.003937 -0.995022 -0.088472 -0.045872 0.037880 0.986282 1 19 1.000000
  0 -12.022373 14.555143 142.452927 -0.795717 0.438388 -0.417911 0.036390 0.845605 1 19 1.000000
Soldiers_far_red.tga
  0 6.309643 -8.332220 133.815384 0.628979 -0.434487 -0.644676 0.213977 0.808842 1 19 1.000000
  0 9.577733 -3.746076 136.909058 0.977288 -0.096188 -0.188829 0.278136 0.817262 1 19 1.000000
  0 7.582623 -9.493082 136.674133 0.718901 -0.690533 -0.079654 0.241003 0.840743 1 19 1.000000
Soldiers_far_red.tga
  0 4.568131 4.968737 134.479294 0.591398 0.282577 -0.755248 0.289746 0.765183 1 19 1.000000
  0 0.373111 1.128892 130.784119 0.699195 0.177921 -0.692438 0.286477 0.748539 1 18 1.000000
  0 3.020298 10.772036 135.648209 0.472336 0.480523 -0.738916 0.303447 0.774867 1 19 1.000000
Soldiers_far_red.tga
  0 -2.511368 -12.677881 158.833710 -0.000002 -0.991287 0.131719 0.171818 0.984803 1 19 1.000000
  0 8.161115 -9.485594 148.561951 0.704138 -0.709870 0.016545 0.252116 0.925111 1 19 1.000000
  0 8.550081 -7.181569 158.686188 0.783801 -0.611055 0.110758 0.286749 0.981426 1 19 1.000000
Soldiers_far_red.tga
  0 12.162185 3.900369 159.003937 0.995024 -0.088460 -0.045854 0.300559 0.986282 1 19 1.000000
  0 8.550081 -7.181569 158.686188 0.783801 -0.611055 0.110758 0.286749 0.981426 1 19 1.000000
  0 10.076511 -4.042162 146.310364 0.974729 -0.213901 -0.064417 0.284251 0.912284 1 19 1.000000
Soldiers_far_red.tga
  0 9.730374 5.522672 140.001587 0.900926 0.212438 -0.378420 0.290011 0.828330 1 19 1.000000
  0 9.179404 -3.713957 137.769287 0.963007 -0.198372 0.182388 0.278447 0.842228 1 19 1.000000
  0 9.577733 -3.746076 136.909058 0.977288 -0.096188 -0.188829 0.278136 0.817262 1 19 1.000000
Soldiers_far_red.tga
  0 2.608917 -0.793361 131.413971 0.448287 0.164549 -0.878614 0.267462 0.750458 1 19 1.000000
  0 0.373111 1.128892 130.784119 0.699195 0.177921 -0.692438 0.286477 0.748539 1 18 1.000000
  0 4.568131 4.968737 134.479294 0.591398 0.282577 -0.755248 0.289746 0.765183 1 19 1.000000
Soldiers_far_red.tga
  0 7.582623 -9.493082 136.674133 0.718901 -0.690533 -0.079654 0.241003 0.840743 1 19 1.000000
  0 -2.511368 -14.388252 137.461746 -0.000001 -0.952348 0.305015 0.171818 0.833662 1 19 1.000000
  0 -2.511368 -12.802267 134.236420 -0.000001 -0.860643 -0.509208 0.171680 0.818017 1 19 1.000000
Soldiers_far_red.tga
  0 2.608917 -0.793361 131.413971 0.448287 0.164549 -0.878614 0.267462 0.750458 1 19 1.000000
  0 -2.511368 -1.945483 129.744568 -0.000004 -0.362770 -0.931879 0.171818 0.716629 1 18 1.000000
  0 0.373111 1.128892 130.784119 0.699195 0.177921 -0.692438 0.286477 0.748539 1 18 1.000000
Soldiers_far_red.tga
  0 3.020298 10.772036 135.648209 0.472336 0.480523 -0.738916 0.303447 0.774867 1 19 1.000000
  0 -2.511345 4.977251 131.283478 0.000001 0.640247 -0.768169 0.312159 0.754127 1 18 1.000000
  0 -2.511345 13.473722 135.370148 -0.000004 0.570160 -0.821534 0.312159 0.782172 1 19 1.000000
Soldiers_far_red.tga
  0 -2.511368 -14.388252 137.461746 -0.000001 -0.952348 0.305015 0.171818 0.833662 1 19 1.000000
  0 7.626315 -8.853468 137.727310 0.768764 -0.623190 0.143656 0.248398 0.849663 1 19 1.000000
  0 -2.511368 -12.600826 138.209625 -0.000003 -0.816256 0.577691 0.171818 0.855213 1 19 1.000000
Soldiers_far_red.tga
  0 7.626315 -8.853468 137.727310 0.768764 -0.623190 0.143656 0.248398 0.849663 1 19 1.000000
  0 8.161115 -9.485594 148.561951 0.704138 -0.709870 0.016545 0.252116 0.925111 1 19 1.000000
  0 -2.511368 -13.375038 148.917175 -0.000002 -1.000000 -0.000530 0.171818 0.934923 1 19 1.000000
Soldiers_far_red.tga
  0 6.144758 -2.038431 133.528259 0.649197 0.127914 -0.749787 0.279802 0.780110 1 19 1.000000
  0 2.255233 -7.958959 130.377838 0.475729 -0.347250 -0.808145 0.208635 0.764072 1 19 1.000000
  0 2.608917 -0.793361 131.413971 0.448287 0.164549 -0.878614 0.267462 0.750458 1 19 1.000000
Soldiers_far_red.tga
  0 9.577733 -3.746076 136.909058 0.977288 -0.096188 -0.188829 0.278136 0.817262 1 19 1.000000
  0 9.179404 -3.713957 137.769287 0.963007 -0.198372 0.182388 0.278447 0.842228 1 19 1.000000
  0 7.626315 -8.853468 137.727310 0.768764 -0.623190 0.143656 0.248398 0.849663 1 19 1.000000
Soldiers_far_red.tga
  0 7.626315 -8.853468 137.727310 0.768764 -0.623190 0.143656 0.248398 0.849663 1 19 1.000000
  0 10.076511 -4.042162 146.310364 0.974729 -0.213901 -0.064417 0.284251 0.912284 1 19 1.000000
  0 8.161115 -9.485594 148.561951 0.704138 -0.709870 0.016545 0.252116 0.925111 1 19 1.000000
Soldiers_far_red.tga
  0 9.730374 5.522672 140.001587 0.900926 0.212438 -0.378420 0.290011 0.828330 1 19 1.000000
  0 3.020298 10.772036 135.648209 0.472336 0.480523 -0.738916 0.303447 0.774867 1 19 1.000000
  0 6.999818 14.555143 142.452927 0.795717 0.438394 -0.417905 0.312446 0.845605 1 19 1.000000
Soldiers_far_red.tga
  0 6.309643 -8.332220 133.815384 0.628979 -0.434487 -0.644676 0.213977 0.808842 1 19 1.000000
  0 -2.511368 -12.802267 134.236420 -0.000001 -0.860643 -0.509208 0.171680 0.818017 1 19 1.000000
  0 2.255233 -7.958959 130.377838 0.475729 -0.347250 -0.808145 0.208635 0.764072 1 19 1.000000
Soldiers_far_red.tga
  0 -2.511368 -1.945483 129.744568 -0.000004 -0.362770 -0.931879 0.171818 0.716629 1 18 1.000000
  0 0.373111 1.156922 124.428818 0.991007 -0.133687 -0.005696 0.286477 0.688715 1 18 1.000000
  0 0.373111 1.128892 130.784119 0.699195 0.177921 -0.692438 0.286477 0.748539 1 18 1.000000
Soldiers_far_red.tga
  0 0.373111 1.156922 124.428818 0.991007 -0.133687 -0.005696 0.286477 0.688715 1 18 1.000000
  0 -2.511345 4.977251 131.283478 0.000001 0.640247 -0.768169 0.312159 0.754127 1 18 1.000000
  0 0.373111 1.128892 130.784119 0.699195 0.177921 -0.692438 0.286477 0.748539 1 18 1.000000
Soldiers_far_red.tga
  0 9.179404 -3.713957 137.769287 0.963007 -0.198372 0.182388 0.278447 0.842228 1 19 1.000000
  0 10.076511 -4.042162 146.310364 0.974729 -0.213901 -0.064417 0.284251 0.912284 1 19 1.000000
  0 7.626315 -8.853468 137.727310 0.768764 -0.623190 0.143656 0.248398 0.849663 1 19 1.000000
Soldiers_far_red.tga
  0 9.730374 5.522672 140.001587 0.900926 0.212438 -0.378420 0.290011 0.828330 1 19 1.000000
  0 10.076511 -4.042162 146.310364 0.974729 -0.213901 -0.064417 0.284251 0.912284 1 19 1.000000
  0 9.179404 -3.713957 137.769287 0.963007 -0.198372 0.182388 0.278447 0.842228 1 19 1.000000
Soldiers_far_red.tga
  0 12.162185 3.900369 159.003937 0.995024 -0.088460 -0.045854 0.300559 0.986282 1 19 1.000000
  0 10.076511 -4.042162 146.310364 0.974729 -0.213901 -0.064417 0.284251 0.912284 1 19 1.000000
  0 9.730374 5.522672 140.001587 0.900926 0.212438 -0.378420 0.290011 0.828330 1 19 1.000000
Soldiers_far_red.tga
  0 10.076511 -4.042162 146.310364 0.974729 -0.213901 -0.064417 0.284251 0.912284 1 19 1.000000
  0 8.550081 -7.181569 158.686188 0.783801 -0.611055 0.110758 0.286749 0.981426 1 19 1.000000
  0 8.161115 -9.485594 148.561951 0.704138 -0.709870 0.016545 0.252116 0.925111 1 19 1.000000
Soldiers_far_red.tga
  0 9.577733 -3.746076 136.909058 0.977288 -0.096188 -0.188829 0.278136 0.817262 1 19 1.000000
  0 7.626315 -8.853468 137.727310 0.768764 -0.623190 0.143656 0.248398 0.849663 1 19 1.000000
  0 7.582623 -9.493082 136.674133 0.718901 -0.690533 -0.079654 0.241003 0.840743 1 19 1.000000
Soldiers_far_red.tga
  0 6.144758 -2.038431 133.528259 0.649197 0.127914 -0.749787 0.279802 0.780110 1 19 1.000000
  0 6.309643 -8.332220 133.815384 0.628979 -0.434487 -0.644676 0.213977 0.808842 1 19 1.000000
  0 2.255233 -7.958959 130.377838 0.475729 -0.347250 -0.808145 0.208635 0.764072 1 19 1.000000
Soldiers_far_red.tga
  0 2.608917 -0.793361 131.413971 0.448287 0.164549 -0.878614 0.267462 0.750458 1 19 1.000000
  0 4.568131 4.968737 134.479294 0.591398 0.282577 -0.755248 0.289746 0.765183 1 19 1.000000
  0 6.144758 -2.038431 133.528259 0.649197 0.127914 -0.749787 0.279802 0.780110 1 19 1.000000
Soldiers_far_red.tga
  0 3.020298 10.772036 135.648209 0.472336 0.480523 -0.738916 0.303447 0.774867 1 19 1.000000
  0 0.373111 1.128892 130.784119 0.699195 0.177921 -0.692438 0.286477 0.748539 1 18 1.000000
  0 -2.511345 4.977251 131.283478 0.000001 0.640247 -0.768169 0.312159 0.754127 1 18 1.000000
Soldiers_far_red.tga
  0 6.144758 -2.038431 133.528259 0.649197 0.127914 -0.749787 0.279802 0.780110 1 19 1.000000
  0 9.730374 5.522672 140.001587 0.900926 0.212438 -0.378420 0.290011 0.828330 1 19 1.000000
  0 9.577733 -3.746076 136.909058 0.977288 -0.096188 -0.188829 0.278136 0.817262 1 19 1.000000
Soldiers_far_red.tga
  0 4.568131 4.968737 134.479294 0.591398 0.282577 -0.755248 0.289746 0.765183 1 19 1.000000
  0 3.020298 10.772036 135.648209 0.472336 0.480523 -0.738916 0.303447 0.774867 1 19 1.000000
  0 9.730374 5.522672 140.001587 0.900926 0.212438 -0.378420 0.290011 0.828330 1 19 1.000000
Soldiers_far_red.tga
  0 4.568131 4.968737 134.479294 0.591398 0.282577 -0.755248 0.289746 0.765183 1 19 1.000000
  0 9.730374 5.522672 140.001587 0.900926 0.212438 -0.378420 0.290011 0.828330 1 19 1.000000
  0 6.144758 -2.038431 133.528259 0.649197 0.127914 -0.749787 0.279802 0.780110 1 19 1.000000
Soldiers_far_red.tga
  0 -2.511368 4.811104 124.928169 0.000000 0.999658 -0.026134 0.312159 0.694303 1 18 1.000000
  0 -2.511345 4.977251 131.283478 0.000001 0.640247 -0.768169 0.312159 0.754127 1 18 1.000000
  0 0.373111 1.156922 124.428818 0.991007 -0.133687 -0.005696 0.286477 0.688715 1 18 1.000000
Soldiers_far_red.tga
  0 -2.511368 -13.375038 148.917175 -0.000002 -1.000000 -0.000530 0.171818 0.934923 1 19 1.000000
  0 8.161115 -9.485594 148.561951 0.704138 -0.709870 0.016545 0.252116 0.925111 1 19 1.000000
  0 -2.511368 -12.677881 158.833710 -0.000002 -0.991287 0.131719 0.171818 0.984803 1 19 1.000000
Soldiers_far_red.tga
  0 -2.511368 -1.945483 129.744568 -0.000004 -0.362770 -0.931879 0.171818 0.716629 1 18 1.000000
  0 2.255233 -7.958959 130.377838 0.475729 -0.347250 -0.808145 0.208635 0.764072 1 19 1.000000
  0 -2.511368 -8.069609 127.945816 -0.000007 -0.279928 -0.960021 0.171818 0.729792 1 19 1.000000
Soldiers_far_red.tga
  0 2.608917 -0.793361 131.413971 0.448287 0.164549 -0.878614 0.267462 0.750458 1 19 1.000000
  0 2.255233 -7.958959 130.377838 0.475729 -0.347250 -0.808145 0.208635 0.764072 1 19 1.000000
  0 -2.511368 -1.945483 129.744568 -0.000004 -0.362770 -0.931879 0.171818 0.716629 1 18 1.000000
Soldiers_far_red.tga
  0 -2.511368 -1.945483 123.389275 0.000002 -1.000000 0.000000 0.171818 0.677086 1 18 1.000000
  0 0.373111 1.156922 124.428818 0.991007 -0.133687 -0.005696 0.286477 0.688715 1 18 1.000000
  0 -2.511368 -1.945483 129.744568 -0.000004 -0.362770 -0.931879 0.171818 0.716629 1 18 1.000000
Soldiers_far_red.tga
  0 7.626315 -8.853468 137.727310 0.768764 -0.623190 0.143656 0.248398 0.849663 1 19 1.000000
  0 -2.511368 -13.375038 148.917175 -0.000002 -1.000000 -0.000530 0.171818 0.934923 1 19 1.000000
  0 -2.511368 -12.600826 138.209625 -0.000003 -0.816256 0.577691 0.171818 0.855213 1 19 1.000000
Soldiers_far_red.tga
  0 7.582623 -9.493082 136.674133 0.718901 -0.690533 -0.079654 0.241003 0.840743 1 19 1.000000
  0 7.626315 -8.853468 137.727310 0.768764 -0.623190 0.143656 0.248398 0.849663 1 19 1.000000
  0 -2.511368 -14.388252 137.461746 -0.000001 -0.952348 0.305015 0.171818 0.833662 1 19 1.000000
Soldiers_far_red.tga
  0 7.582623 -9.493082 136.674133 0.718901 -0.690533 -0.079654 0.241003 0.840743 1 19 1.000000
  0 -2.511368 -12.802267 134.236420 -0.000001 -0.860643 -0.509208 0.171680 0.818017 1 19 1.000000
  0 6.309643 -8.332220 133.815384 0.628979 -0.434487 -0.644676 0.213977 0.808842 1 19 1.000000
Soldiers_far_red.tga
  0 2.255233 -7.958959 130.377838 0.475729 -0.347250 -0.808145 0.208635 0.764072 1 19 1.000000
  0 -2.511368 -12.802267 134.236420 -0.000001 -0.860643 -0.509208 0.171680 0.818017 1 19 1.000000
  0 -2.511368 -8.069609 127.945816 -0.000007 -0.279928 -0.960021 0.171818 0.729792 1 19 1.000000
Soldiers_far_red.tga
  0 9.730374 5.522672 140.001587 0.900926 0.212438 -0.378420 0.290011 0.828330 1 19 1.000000
  0 6.999818 14.555143 142.452927 0.795717 0.438394 -0.417905 0.312446 0.845605 1 19 1.000000
  0 12.162185 3.900369 159.003937 0.995024 -0.088460 -0.045854 0.300559 0.986282 1 19 1.000000
Soldiers_far_red.tga
  0 3.020298 10.772036 135.648209 0.472336 0.480523 -0.738916 0.303447 0.774867 1 19 1.000000
  0 -2.511345 13.473722 135.370148 -0.000004 0.570160 -0.821534 0.312159 0.782172 1 19 1.000000
  0 6.999818 14.555143 142.452927 0.795717 0.438394 -0.417905 0.312446 0.845605 1 19 1.000000
Soldiers_far_red.tga
  0 -8.042841 10.772036 135.648209 -0.472340 0.480521 -0.738914 0.036724 0.774867 1 19 1.000000
  0 -12.022373 14.555143 142.452927 -0.795717 0.438388 -0.417911 0.036390 0.845605 1 19 1.000000
  0 -2.511345 13.473722 135.370148 -0.000004 0.570160 -0.821534 0.021080 0.782172 1 19 1.000000
Soldiers_far_red.tga
  0 6.144758 -2.038431 133.528259 0.649197 0.127914 -0.749787 0.279802 0.780110 1 19 1.000000
  0 9.577733 -3.746076 136.909058 0.977288 -0.096188 -0.188829 0.278136 0.817262 1 19 1.000000
  0 6.309643 -8.332220 133.815384 0.628979 -0.434487 -0.644676 0.213977 0.808842 1 19 1.000000
Soldiers_far_red.tga
  0 -11.167504 -2.038431 133.528259 -0.649191 0.127921 -0.749791 0.063835 0.780110 1 19 1.000000
  0 -11.332392 -8.332220 133.815384 -0.628975 -0.434484 -0.644682 0.130353 0.808842 1 19 1.000000
  0 -14.600446 -3.746076 136.909058 -0.977307 -0.096189 -0.188729 0.065501 0.817262 1 19 1.000000
Soldiers_far_red.tga
  0 12.867396 5.036602 115.702759 0.000275 0.999961 0.008782 0.822078 0.632955 1 29 1.000000
  0 15.311008 2.828706 117.921448 0.856971 0.098118 0.505938 0.824024 0.646574 1 29 1.000000
  0 19.305883 5.135339 104.258110 -0.111533 0.972637 -0.203810 0.785195 0.633371 1 29 1.000000
Soldiers_far_red.tga
  0 22.777695 1.954738 104.472137 0.824971 0.020992 0.564786 0.754729 0.574634 2 29 0.500000 30 0.500000
  0 15.311008 2.828706 117.921448 0.856971 0.098118 0.505938 0.719736 0.600835 1 29 1.000000
  0 13.096300 -0.355296 116.301971 0.095577 -0.993360 0.064040 0.717479 0.581460 1 29 1.000000
Soldiers_far_red.tga
  0 10.054835 2.606383 114.275093 -0.855824 -0.031734 -0.516292 0.801801 0.595899 1 29 1.000000
  0 19.305883 5.135339 104.258110 -0.111533 0.972637 -0.203810 0.781957 0.598977 1 29 1.000000
  0 19.343678 1.458798 101.594887 -0.808261 -0.196862 -0.554941 0.781957 0.598977 2 29 0.500000 30 0.500000
Soldiers_far_red.tga
  0 31.064550 -1.930846 92.919342 0.771569 0.147607 0.618784 0.807385 0.575285 2 31 0.500000 30 0.500000
  0 22.777695 1.954738 104.472137 0.824971 0.020992 0.564786 0.754729 0.574634 2 29 0.500000 30 0.500000
  0 28.836679 -4.284461 92.727875 -0.113329 -0.801901 0.586610 0.807385 0.575285 2 31 0.500000 30 0.500000
Soldiers_far_red.tga
  0 20.766808 4.983038 102.668144 -0.049762 0.988846 -0.140381 0.785195 0.633371 2 29 0.500000 30 0.500000
  0 22.777695 1.954738 104.472137 0.824971 0.020992 0.564786 0.785195 0.633371 2 29 0.500000 30 0.500000
  0 22.266661 4.826880 101.035736 0.080719 0.980333 -0.180087 0.785195 0.633371 1 30 1.000000
Soldiers_far_red.tga
  0 19.343678 1.458798 101.594887 -0.808261 -0.196862 -0.554941 0.781957 0.598977 2 29 0.500000 30 0.500000
  0 22.266661 4.826880 101.035736 0.080719 0.980333 -0.180087 0.781957 0.598977 1 30 1.000000
  0 27.065254 -2.332248 90.119263 -0.954018 0.031540 -0.298086 0.754729 0.574634 2 31 0.500000 30 0.500000
Soldiers_far_red.tga
  0 27.065254 -2.332248 90.119263 -0.954018 0.031540 -0.298086 0.807385 0.575285 2 31 0.500000 30 0.500000
  0 28.836679 -4.284461 92.727875 -0.113329 -0.801901 0.586610 0.807385 0.575285 2 31 0.500000 30 0.500000
  0 19.343678 1.458798 101.594887 -0.808261 -0.196862 -0.554941 0.754729 0.574634 2 29 0.500000 30 0.500000
Soldiers_far_red.tga
  0 19.343678 1.458798 101.594887 -0.808261 -0.196862 -0.554941 0.754729 0.574634 2 29 0.500000 30 0.500000
  0 13.096300 -0.355296 116.301971 0.095577 -0.993360 0.064040 0.717479 0.581460 1 29 1.000000
  0 10.054835 2.606383 114.275093 -0.855824 -0.031734 -0.516292 0.717479 0.581460 1 29 1.000000
Soldiers_far_red.tga
  0 19.305883 5.135339 104.258110 -0.111533 0.972637 -0.203810 0.785195 0.633371 1 29 1.000000
  0 22.777695 1.954738 104.472137 0.824971 0.020992 0.564786 0.785195 0.633371 2 29 0.500000 30 0.500000
  0 20.766808 4.983038 102.668144 -0.049762 0.988846 -0.140381 0.785195 0.633371 2 29 0.500000 30 0.500000
Soldiers_far_red.tga
  0 19.305883 5.135339 104.258110 -0.111533 0.972637 -0.203810 0.785195 0.633371 1 29 1.000000
  0 15.311008 2.828706 117.921448 0.856971 0.098118 0.505938 0.824024 0.646574 1 29 1.000000
  0 22.777695 1.954738 104.472137 0.824971 0.020992 0.564786 0.785195 0.633371 2 29 0.500000 30 0.500000
Soldiers_far_red.tga
  0 22.266661 4.826880 101.035736 0.080719 0.980333 -0.180087 0.785195 0.633371 1 30 1.000000
  0 31.064550 -1.930846 92.919342 0.771569 0.147607 0.618784 0.732190 0.628581 2 31 0.500000 30 0.500000
  0 28.938023 0.286473 90.731529 -0.045271 0.984382 -0.170124 0.732190 0.628581 2 31 0.500000 30 0.500000
Soldiers_far_red.tga
  0 22.266661 4.826880 101.035736 0.080719 0.980333 -0.180087 0.785195 0.633371 1 30 1.000000
  0 22.777695 1.954738 104.472137 0.824971 0.020992 0.564786 0.785195 0.633371 2 29 0.500000 30 0.500000
  0 31.064550 -1.930846 92.919342 0.771569 0.147607 0.618784 0.732190 0.628581 2 31 0.500000 30 0.500000
Soldiers_far_red.tga
  0 10.054835 2.606383 114.275093 -0.855824 -0.031734 -0.516292 0.822078 0.632955 1 29 1.000000
  0 12.867396 5.036602 115.702759 0.000275 0.999961 0.008782 0.822078 0.632955 1 29 1.000000
  0 19.305883 5.135339 104.258110 -0.111533 0.972637 -0.203810 0.785195 0.633371 1 29 1.000000
Soldiers_far_red.tga
  0 19.343678 1.458798 101.594887 -0.808261 -0.196862 -0.554941 0.781957 0.598977 2 29 0.500000 30 0.500000
  0 19.305883 5.135339 104.258110 -0.111533 0.972637 -0.203810 0.781957 0.598977 1 29 1.000000
  0 20.766808 4.983038 102.668144 -0.049762 0.988846 -0.140381 0.781957 0.598977 2 29 0.500000 30 0.500000
Soldiers_far_red.tga
  0 19.343678 1.458798 101.594887 -0.808261 -0.196862 -0.554941 0.781957 0.598977 2 29 0.500000 30 0.500000
  0 20.766808 4.983038 102.668144 -0.049762 0.988846 -0.140381 0.781957 0.598977 2 29 0.500000 30 0.500000
  0 22.266661 4.826880 101.035736 0.080719 0.980333 -0.180087 0.781957 0.598977 1 30 1.000000
Soldiers_far_red.tga
  0 27.065254 -2.332248 90.119263 -0.954018 0.031540 -0.298086 0.732190 0.628581 2 31 0.500000 30 0.500000
  0 22.266661 4.826880 101.035736 0.080719 0.980333 -0.180087 0.785195 0.633371 1 30 1.000000
  0 28.938023 0.286473 90.731529 -0.045271 0.984382 -0.170124 0.732190 0.628581 2 31 0.500000 30 0.500000
Soldiers_far_red.tga
  0 22.777695 1.954738 104.472137 0.824971 0.020992 0.564786 0.754729 0.574634 2 29 0.500000 30 0.500000
  0 13.096300 -0.355296 116.301971 0.095577 -0.993360 0.064040 0.717479 0.581460 1 29 1.000000
  0 21.201124 -0.232845 103.058075 -0.034399 -0.984509 0.171928 0.754729 0.574634 1 30 1.000000
Soldiers_far_red.tga
  0 28.836679 -4.284461 92.727875 -0.113329 -0.801901 0.586610 0.807385 0.575285 2 31 0.500000 30 0.500000
  0 22.777695 1.954738 104.472137 0.824971 0.020992 0.564786 0.754729 0.574634 2 29 0.500000 30 0.500000
  0 21.201124 -0.232845 103.058075 -0.034399 -0.984509 0.171928 0.754729 0.574634 1 30 1.000000
Soldiers_far_red.tga
  0 19.343678 1.458798 101.594887 -0.808261 -0.196862 -0.554941 0.754729 0.574634 2 29 0.500000 30 0.500000
  0 28.836679 -4.284461 92.727875 -0.113329 -0.801901 0.586610 0.807385 0.575285 2 31 0.500000 30 0.500000
  0 21.201124 -0.232845 103.058075 -0.034399 -0.984509 0.171928 0.754729 0.574634 1 30 1.000000
Soldiers_far_red.tga
  0 19.343678 1.458798 101.594887 -0.808261 -0.196862 -0.554941 0.754729 0.574634 2 29 0.500000 30 0.500000
  0 21.201124 -0.232845 103.058075 -0.034399 -0.984509 0.171928 0.754729 0.574634 1 30 1.000000
  0 13.096300 -0.355296 116.301971 0.095577 -0.993360 0.064040 0.717479 0.581460 1 29 1.000000
Soldiers_far_red.tga
  0 27.065254 -2.332248 90.119263 -0.954018 0.031540 -0.298086 0.745475 0.616416 2 31 0.500000 30 0.500000
  0 29.325808 -8.128397 89.891487 -0.300386 -0.876402 0.376414 0.745475 0.616416 1 31 1.000000
  0 28.836679 -4.284461 92.727875 -0.113329 -0.801901 0.586610 0.745475 0.616416 2 31 0.500000 30 0.500000
Soldiers_far_red.tga
  0 28.938023 0.286473 90.731529 -0.045271 0.984382 -0.170124 0.732190 0.628581 2 31 0.500000 30 0.500000
  0 31.064550 -1.930846 92.919342 0.771569 0.147607 0.618784 0.732190 0.628581 2 31 0.500000 30 0.500000
  0 31.573313 0.748025 85.425995 -0.102026 0.929121 -0.355422 0.717727 0.622633 1 31 1.000000
Soldiers_far_red.tga
  0 31.064550 -1.930846 92.919342 0.771569 0.147607 0.618784 0.807385 0.575285 2 31 0.500000 30 0.500000
  0 28.836679 -4.284461 92.727875 -0.113329 -0.801901 0.586610 0.807385 0.575285 2 31 0.500000 30 0.500000
  0 29.325808 -8.128397 89.891487 -0.300386 -0.876402 0.376414 0.807385 0.575285 1 31 1.000000
Soldiers_far_red.tga
  0 32.905884 -4.304889 80.451706 -0.120899 0.070734 -0.990141 0.810036 0.603335 1 31 1.000000
  0 32.180931 -8.040554 82.106026 -0.271156 -0.704409 -0.655960 0.810036 0.603335 1 31 1.000000
  0 31.573313 0.748025 85.425995 -0.102026 0.929121 -0.355422 0.810036 0.603335 1 31 1.000000
Soldiers_far_red.tga
  0 31.573313 0.748025 85.425995 -0.102026 0.929121 -0.355422 0.810036 0.603335 1 31 1.000000
  0 32.180931 -8.040554 82.106026 -0.271156 -0.704409 -0.655960 0.810036 0.603335 1 31 1.000000
  0 29.325808 -8.128397 89.891487 -0.300386 -0.876402 0.376414 0.810036 0.603335 1 31 1.000000
Soldiers_far_red.tga
  0 31.573313 0.748025 85.425995 -0.102026 0.929121 -0.355422 0.717727 0.622633 1 31 1.000000
  0 35.821609 -3.228915 88.334908 0.838656 0.207201 0.503710 0.715288 0.634745 1 31 1.000000
  0 35.713463 -2.211045 83.727539 0.785132 0.477364 -0.394576 0.707367 0.626981 1 31 1.000000
Soldiers_far_red.tga
  0 35.821609 -3.228915 88.334908 0.838656 0.207201 0.503710 0.719736 0.600835 1 31 1.000000
  0 36.263527 -7.005096 85.909904 0.815530 -0.574465 0.070009 0.719736 0.600835 1 31 1.000000
  0 35.713463 -2.211045 83.727539 0.785132 0.477364 -0.394576 0.719736 0.600835 1 31 1.000000
Soldiers_far_red.tga
  0 31.573313 0.748025 85.425995 -0.102026 0.929121 -0.355422 0.717727 0.622633 1 31 1.000000
  0 28.367407 -6.398506 82.674484 -0.165032 -0.450386 -0.877449 0.719736 0.600835 1 31 1.000000
  0 27.065254 -2.332248 90.119263 -0.954018 0.031540 -0.298086 0.732190 0.628581 2 31 0.500000 30 0.500000
Soldiers_far_red.tga
  0 35.821609 -3.228915 88.334908 0.838656 0.207201 0.503710 0.742765 0.599989 1 31 1.000000
  0 29.325808 -8.128397 89.891487 -0.300386 -0.876402 0.376414 0.742765 0.599989 1 31 1.000000
  0 36.263527 -7.005096 85.909904 0.815530 -0.574465 0.070009 0.742765 0.599989 1 31 1.000000
Soldiers_far_red.tga
  0 29.325808 -8.128397 89.891487 -0.300386 -0.876402 0.376414 0.745475 0.616416 1 31 1.000000
  0 27.065254 -2.332248 90.119263 -0.954018 0.031540 -0.298086 0.745475 0.616416 2 31 0.500000 30 0.500000
  0 28.367407 -6.398506 82.674484 -0.165032 -0.450386 -0.877449 0.745475 0.616416 1 31 1.000000
Soldiers_far_red.tga
  0 31.573313 0.748025 85.425995 -0.102026 0.929121 -0.355422 0.781614 0.617701 1 31 1.000000
  0 29.325808 -8.128397 89.891487 -0.300386 -0.876402 0.376414 0.781614 0.617701 1 31 1.000000
  0 28.367407 -6.398506 82.674484 -0.165032 -0.450386 -0.877449 0.781614 0.617701 1 31 1.000000
Soldiers_far_red.tga
  0 31.573313 0.748025 85.425995 -0.102026 0.929121 -0.355422 0.717727 0.622633 1 31 1.000000
  0 35.713463 -2.211045 83.727539 0.785132 0.477364 -0.394576 0.707367 0.626981 1 31 1.000000
  0 32.905884 -4.304889 80.451706 -0.120899 0.070734 -0.990141 0.705875 0.616306 1 31 1.000000
Soldiers_far_red.tga
  0 35.713463 -2.211045 83.727539 0.785132 0.477364 -0.394576 0.719736 0.600835 1 31 1.000000
  0 36.263527 -7.005096 85.909904 0.815530 -0.574465 0.070009 0.719736 0.600835 1 31 1.000000
  0 32.905884 -4.304889 80.451706 -0.120899 0.070734 -0.990141 0.719736 0.600835 1 31 1.000000
Soldiers_far_red.tga
  0 36.263527 -7.005096 85.909904 0.815530 -0.574465 0.070009 0.742765 0.599989 1 31 1.000000
  0 29.325808 -8.128397 89.891487 -0.300386 -0.876402 0.376414 0.734481 0.600928 1 31 1.000000
  0 32.180931 -8.040554 82.106026 -0.271156 -0.704409 -0.655960 0.734481 0.600928 1 31 1.000000
Soldiers_far_red.tga
  0 31.573313 0.748025 85.425995 -0.102026 0.929121 -0.355422 0.717727 0.622633 1 31 1.000000
  0 27.065254 -2.332248 90.119263 -0.954018 0.031540 -0.298086 0.732190 0.628581 2 31 0.500000 30 0.500000
  0 28.938023 0.286473 90.731529 -0.045271 0.984382 -0.170124 0.732190 0.628581 2 31 0.500000 30 0.500000
Soldiers_far_red.tga
  0 31.064550 -1.930846 92.919342 0.771569 0.147607 0.618784 0.807385 0.575285 2 31 0.500000 30 0.500000
  0 29.325808 -8.128397 89.891487 -0.300386 -0.876402 0.376414 0.807385 0.575285 1 31 1.000000
  0 35.821609 -3.228915 88.334908 0.838656 0.207201 0.503710 0.823085 0.582771 1 31 1.000000
Soldiers_far_red.tga
  0 31.573313 0.748025 85.425995 -0.102026 0.929121 -0.355422 0.717727 0.622633 1 31 1.000000
  0 31.064550 -1.930846 92.919342 0.771569 0.147607 0.618784 0.732190 0.628581 2 31 0.500000 30 0.500000
  0 35.821609 -3.228915 88.334908 0.838656 0.207201 0.503710 0.715288 0.634745 1 31 1.000000
Soldiers_far_red.tga
  0 32.905884 -4.304889 80.451706 -0.120899 0.070734 -0.990141 0.719736 0.600835 1 31 1.000000
  0 36.263527 -7.005096 85.909904 0.815530 -0.574465 0.070009 0.719736 0.600835 1 31 1.000000
  0 32.180931 -8.040554 82.106026 -0.271156 -0.704409 -0.655960 0.719736 0.600835 1 31 1.000000
Soldiers_far_red.tga
  1 -18.679529 -8.589140 156.994064 -0.752052 -0.587381 0.299001 0.342399 0.619497 1 19 1.000000
  1 -11.026303 -20.243052 145.065399 -0.458877 -0.883779 0.091465 0.390393 0.574083 1 19 1.000000
  1 -10.156728 -19.065842 156.366501 -0.413059 -0.833063 0.367952 0.392974 0.619497 1 19 1.000000
Soldiers_far_red.tga
  1 -11.026303 -20.243052 145.065399 -0.458877 -0.883779 0.091465 0.390393 0.574083 1 19 1.000000
  1 4.323578 -19.536818 156.366501 0.351602 -0.861593 0.366106 0.449741 0.619497 1 19 1.000000
  1 -10.156728 -19.065842 156.366501 -0.413059 -0.833063 0.367952 0.392974 0.619497 1 19 1.000000
Soldiers_far_red.tga
  1 -10.156728 -19.065842 156.366501 -0.413059 -0.833063 0.367952 0.392974 0.619497 1 19 1.000000
  1 4.323578 -19.536818 156.366501 0.351602 -0.861593 0.366106 0.449741 0.619497 1 19 1.000000
  1 -2.756149 -13.964920 165.156082 -0.016324 -0.544200 0.838796 0.423938 0.652526 1 19 1.000000
Soldiers_far_red.tga
  1 16.281782 -7.804356 145.694122 0.762226 -0.642221 0.081019 0.530248 0.574083 1 19 1.000000
  1 13.063957 -10.197924 156.994064 0.693468 -0.642622 0.325791 0.503412 0.619497 1 19 1.000000
  1 5.802094 -20.321579 145.065399 0.418953 -0.902410 0.100670 0.453870 0.574083 1 19 1.000000
Soldiers_far_red.tga
  1 -20.157930 -6.744730 145.065399 -0.828166 -0.560255 0.016014 0.319950 0.574083 1 19 1.000000
  1 -11.026303 -20.243052 145.065399 -0.458877 -0.883779 0.091465 0.390393 0.574083 1 19 1.000000
  1 -18.679529 -8.589140 156.994064 -0.752052 -0.587381 0.299001 0.342399 0.619497 1 19 1.000000
Soldiers_far_red.tga
  1 -11.026303 -20.243052 145.065399 -0.458877 -0.883779 0.091465 0.390393 0.574083 1 19 1.000000
  1 5.802094 -20.321579 145.065399 0.418953 -0.902410 0.100670 0.453870 0.574083 1 19 1.000000
  1 4.323578 -19.536818 156.366501 0.351602 -0.861593 0.366106 0.449741 0.619497 1 19 1.000000
Soldiers_far_red.tga
  1 -2.756149 -13.964920 165.156082 -0.016324 -0.544200 0.838796 0.423938 0.652526 1 19 1.000000
  1 -12.635251 -7.686553 163.900940 -0.560958 -0.303181 0.770329 0.366138 0.648397 1 19 1.000000
  1 -10.156728 -19.065842 156.366501 -0.413059 -0.833063 0.367952 0.392974 0.619497 1 19 1.000000
Soldiers_far_red.tga
  1 7.454530 -8.353525 163.900940 0.531325 -0.342905 0.774668 0.485866 0.648397 1 19 1.000000
  1 4.323578 -19.536818 156.366501 0.351602 -0.861593 0.366106 0.449741 0.619497 1 19 1.000000
  1 13.063957 -10.197924 156.994064 0.693468 -0.642622 0.325791 0.503412 0.619497 1 19 1.000000
Soldiers_far_red.tga
  1 -10.156728 -19.065842 156.366501 -0.413059 -0.833063 0.367952 0.392974 0.619497 1 19 1.000000
  1 -12.635251 -7.686553 163.900940 -0.560958 -0.303181 0.770329 0.366138 0.648397 1 19 1.000000
  1 -18.679529 -8.589140 156.994064 -0.752052 -0.587381 0.299001 0.342399 0.619497 1 19 1.000000
Soldiers_far_red.tga
  1 -2.756149 -13.964920 165.156082 -0.016324 -0.544200 0.838796 0.423938 0.652526 1 19 1.000000
  1 4.323578 -19.536818 156.366501 0.351602 -0.861593 0.366106 0.449741 0.619497 1 19 1.000000
  1 7.454530 -8.353525 163.900940 0.531325 -0.342905 0.774668 0.485866 0.648397 1 19 1.000000
Soldiers_far_red.tga
  1 5.802094 -20.321579 145.065399 0.418953 -0.902410 0.100670 0.453870 0.574083 1 19 1.000000
  1 13.063957 -10.197924 156.994064 0.693468 -0.642622 0.325791 0.503412 0.619497 1 19 1.000000
  1 4.323578 -19.536818 156.366501 0.351602 -0.861593 0.366106 0.449741 0.619497 1 19 1.000000
Soldiers_far_red.tga
  1 -10.200149 14.993666 156.994064 -0.396737 0.825267 0.401912 0.224577 0.338331 1 19 1.000000
  1 -10.721952 16.798683 143.182632 -0.430849 0.891360 0.140881 0.222764 0.296646 1 19 1.000000
  1 -20.857780 3.143550 156.263779 -0.927511 0.182231 0.326368 0.172017 0.340144 1 19 1.000000
Soldiers_far_red.tga
  1 -20.857780 3.143550 156.263779 -0.927511 0.182231 0.326368 0.172017 0.340144 1 19 1.000000
  1 -10.721952 16.798683 143.182632 -0.430849 0.891360 0.140881 0.222764 0.296646 1 19 1.000000
  1 -19.897137 5.929562 143.182632 -0.939417 0.340118 0.042616 0.171111 0.296646 1 19 1.000000
Soldiers_far_red.tga
  1 5.802094 15.072104 156.994064 0.427607 0.810409 0.400486 0.224577 0.338331 1 19 1.000000
  1 15.238150 1.750481 155.738907 0.948352 0.141558 0.283883 0.172017 0.340144 1 19 1.000000
  1 6.802247 16.877123 143.182632 0.478932 0.865800 0.144963 0.222764 0.296646 1 19 1.000000
Soldiers_far_red.tga
  1 6.802247 16.877123 143.182632 0.478932 0.865800 0.144963 0.222764 0.296646 1 19 1.000000
  1 15.238150 1.750481 155.738907 0.948352 0.141558 0.283883 0.172017 0.340144 1 19 1.000000
  1 15.151220 4.359914 142.553925 0.958292 0.273290 0.083599 0.171111 0.296646 1 19 1.000000
Soldiers_far_red.tga
  1 5.802094 15.072104 156.994064 0.427607 0.810409 0.400486 0.224577 0.338331 1 19 1.000000
  1 -10.200149 14.993666 156.994064 -0.396737 0.825267 0.401912 0.273511 0.349206 1 19 1.000000
  1 -2.696364 10.284971 164.528503 -0.022804 0.552667 0.833090 0.233639 0.380016 1 19 1.000000
Soldiers_far_red.tga
  1 -15.200795 1.446452 163.272217 -0.609094 0.138787 0.780860 0.177455 0.380016 1 19 1.000000
  1 -10.200149 14.993666 156.994064 -0.396737 0.825267 0.401912 0.224577 0.338331 1 19 1.000000
  1 -20.857780 3.143550 156.263779 -0.927511 0.182231 0.326368 0.172017 0.340144 1 19 1.000000
Soldiers_far_red.tga
  1 -12.635251 -7.686553 163.900940 -0.560958 -0.303181 0.770329 0.141207 0.396328 1 19 1.000000
  1 -15.200795 1.446452 163.272217 -0.609094 0.138787 0.780860 0.177455 0.380016 1 19 1.000000
  1 -16.679197 -10.590250 155.738907 -0.907964 -0.372861 0.191250 0.120364 0.360080 1 19 1.000000
Soldiers_far_red.tga
  1 10.454879 1.279508 163.900940 0.636433 0.136577 0.759144 0.177455 0.380016 1 19 1.000000
  1 11.411350 -11.296591 155.738907 0.877774 -0.427701 0.215834 0.120364 0.360080 1 19 1.000000
  1 15.238150 1.750481 155.738907 0.948352 0.141558 0.283883 0.172017 0.340144 1 19 1.000000
Soldiers_far_red.tga
  1 5.802094 15.072104 156.994064 0.427607 0.810409 0.400486 0.224577 0.338331 1 19 1.000000
  1 10.454879 1.279508 163.900940 0.636433 0.136577 0.759144 0.177455 0.380016 1 19 1.000000
  1 15.238150 1.750481 155.738907 0.948352 0.141558 0.283883 0.172017 0.340144 1 19 1.000000
Soldiers_far_red.tga
  1 -2.696364 10.284971 164.528503 -0.022804 0.552667 0.833090 0.233639 0.380016 1 19 1.000000
  1 -15.200795 1.446452 163.272217 -0.609094 0.138787 0.780860 0.177455 0.380016 1 19 1.000000
  1 -2.749363 -1.334788 167.667587 -0.020974 0.035624 0.999145 0.205547 0.425326 1 19 1.000000
Soldiers_far_red.tga
  1 -15.200795 1.446452 163.272217 -0.609094 0.138787 0.780860 0.177455 0.380016 1 19 1.000000
  1 -12.635251 -7.686553 163.900940 -0.560958 -0.303181 0.770329 0.141207 0.396328 1 19 1.000000
  1 -2.749363 -1.334788 167.667587 -0.020974 0.035624 0.999145 0.168393 0.428951 1 19 1.000000
Soldiers_far_red.tga
  1 -2.749363 -1.334788 167.667587 -0.020974 0.035624 0.999145 0.168393 0.428951 1 19 1.000000
  1 7.454530 -8.353525 163.900940 0.531325 -0.342905 0.774668 0.141207 0.396328 1 19 1.000000
  1 10.454879 1.279508 163.900940 0.636433 0.136577 0.759144 0.177455 0.380016 1 19 1.000000
Soldiers_far_red.tga
  1 10.454879 1.279508 163.900940 0.636433 0.136577 0.759144 0.177455 0.380016 1 19 1.000000
  1 -2.696364 10.284971 164.528503 -0.022804 0.552667 0.833090 0.233639 0.380016 1 19 1.000000
  1 -2.749363 -1.334788 167.667587 -0.020974 0.035624 0.999145 0.205547 0.425326 1 19 1.000000
Soldiers_far_red.tga
  1 -19.201344 -3.331020 143.810242 -0.934955 -0.354484 -0.014144 0.129426 0.311146 1 19 1.000000
  1 -16.679197 -10.590250 155.738907 -0.907964 -0.372861 0.191250 0.120364 0.360080 1 19 1.000000
  1 -20.857780 3.143550 156.263779 -0.927511 0.182231 0.326368 0.172017 0.340144 1 19 1.000000
Soldiers_far_red.tga
  1 -16.679197 -10.590250 155.738907 -0.907964 -0.372861 0.191250 0.120364 0.360080 1 19 1.000000
  1 -15.200795 1.446452 163.272217 -0.609094 0.138787 0.780860 0.177455 0.380016 1 19 1.000000
  1 -20.857780 3.143550 156.263779 -0.927511 0.182231 0.326368 0.172017 0.340144 1 19 1.000000
Soldiers_far_red.tga
  1 7.454530 -8.353525 163.900940 0.531325 -0.342905 0.774668 0.141207 0.396328 1 19 1.000000
  1 11.411350 -11.296591 155.738907 0.877774 -0.427701 0.215834 0.120364 0.360080 1 19 1.000000
  1 10.454879 1.279508 163.900940 0.636433 0.136577 0.759144 0.177455 0.380016 1 19 1.000000
Soldiers_far_red.tga
  1 6.802247 16.877123 143.182632 0.478932 0.865800 0.144963 0.222764 0.296646 1 19 1.000000
  1 -10.721952 16.798683 143.182632 -0.430849 0.891360 0.140881 0.278949 0.298459 1 19 1.000000
  1 5.802094 15.072104 156.994064 0.427607 0.810409 0.400486 0.224577 0.338331 1 19 1.000000
Soldiers_far_red.tga
  1 5.802094 15.072104 156.994064 0.427607 0.810409 0.400486 0.224577 0.338331 1 19 1.000000
  1 -10.721952 16.798683 143.182632 -0.430849 0.891360 0.140881 0.278949 0.298459 1 19 1.000000
  1 -10.200149 14.993666 156.994064 -0.396737 0.825267 0.401912 0.273511 0.349206 1 19 1.000000
Soldiers_far_red.tga
  1 14.194521 -6.784111 144.437805 0.881872 -0.471372 0.010530 0.129426 0.311146 1 19 1.000000
  1 15.151220 4.359914 142.553925 0.958292 0.273290 0.083599 0.171111 0.296646 1 19 1.000000
  1 15.238150 1.750481 155.738907 0.948352 0.141558 0.283883 0.172017 0.340144 1 19 1.000000
Soldiers_far_red.tga
  1 17.238369 -1.580029 124.347122 0.967190 0.198407 0.158678 0.140301 0.231400 1 19 1.000000
  1 15.151220 4.359914 142.553925 0.958292 0.273290 0.083599 0.171111 0.296646 1 19 1.000000
  1 14.194521 -6.784111 144.437805 0.881872 -0.471372 0.010530 0.129426 0.311146 1 19 1.000000
Soldiers_far_red.tga
  1 15.151220 4.359914 142.553925 0.958292 0.273290 0.083599 0.171111 0.296646 1 19 1.000000
  1 14.281450 9.186310 124.974701 0.877175 0.451271 0.164069 0.176548 0.227775 1 19 1.000000
  1 6.802247 16.877123 143.182632 0.478932 0.865800 0.144963 0.222764 0.296646 1 19 1.000000
Soldiers_far_red.tga
  1 6.802247 16.877123 143.182632 0.478932 0.865800 0.144963 0.222764 0.296646 1 19 1.000000
  1 14.281450 9.186310 124.974701 0.877175 0.451271 0.164069 0.176548 0.227775 1 19 1.000000
  1 5.149868 20.094812 126.231003 0.403391 0.892643 0.201156 0.226389 0.224151 1 19 1.000000
Soldiers_far_red.tga
  1 -10.721952 16.798683 143.182632 -0.430849 0.891360 0.140881 0.278949 0.298459 1 19 1.000000
  1 6.802247 16.877123 143.182632 0.478932 0.865800 0.144963 0.222764 0.296646 1 19 1.000000
  1 -9.895786 20.094812 126.858589 -0.421850 0.883335 0.204358 0.280761 0.235025 1 19 1.000000
Soldiers_far_red.tga
  1 -9.895786 20.094812 126.858589 -0.421850 0.883335 0.204358 0.280761 0.235025 1 19 1.000000
  1 6.802247 16.877123 143.182632 0.478932 0.865800 0.144963 0.222764 0.296646 1 19 1.000000
  1 5.149868 20.094812 126.231003 0.403391 0.892643 0.201156 0.226389 0.224151 1 19 1.000000
Soldiers_far_red.tga
  1 -10.721952 16.798683 143.182632 -0.430849 0.891360 0.140881 0.222764 0.296646 1 19 1.000000
  1 -9.895786 20.094812 126.858589 -0.421850 0.883335 0.204358 0.226389 0.224151 1 19 1.000000
  1 -19.897137 5.929562 143.182632 -0.939417 0.340118 0.042616 0.171111 0.296646 1 19 1.000000
Soldiers_far_red.tga
  1 -19.897137 5.929562 143.182632 -0.939417 0.340118 0.042616 0.171111 0.296646 1 19 1.000000
  1 -9.895786 20.094812 126.858589 -0.421850 0.883335 0.204358 0.226389 0.224151 1 19 1.000000
  1 -18.505665 8.244694 125.603424 -0.869545 0.472852 0.142484 0.176548 0.227775 1 19 1.000000
Soldiers_far_red.tga
  1 -19.201344 -3.331020 143.810242 -0.934955 -0.354484 -0.014144 0.129426 0.311146 1 19 1.000000
  1 -20.857780 3.143550 156.263779 -0.927511 0.182231 0.326368 0.172017 0.340144 1 19 1.000000
  1 -19.897137 5.929562 143.182632 -0.939417 0.340118 0.042616 0.171111 0.296646 1 19 1.000000
Soldiers_far_red.tga
  1 -12.852693 -11.610512 145.065399 -0.780452 -0.615277 -0.111031 0.099522 0.325645 1 19 1.000000
  1 -16.679197 -10.590250 155.738907 -0.907964 -0.372861 0.191250 0.120364 0.360080 1 19 1.000000
  1 -19.201344 -3.331020 143.810242 -0.934955 -0.354484 -0.014144 0.129426 0.311146 1 19 1.000000
Soldiers_far_red.tga
  1 6.584793 -12.630762 145.694122 0.596423 -0.796907 -0.096012 0.099522 0.325645 1 19 1.000000
  1 14.194521 -6.784111 144.437805 0.881872 -0.471372 0.010530 0.129426 0.311146 1 19 1.000000
  1 11.411350 -11.296591 155.738907 0.877774 -0.427701 0.215834 0.120364 0.360080 1 19 1.000000
Soldiers_far_red.tga
  1 11.411350 -11.296591 155.738907 0.877774 -0.427701 0.215834 0.120364 0.360080 1 19 1.000000
  1 14.194521 -6.784111 144.437805 0.881872 -0.471372 0.010530 0.129426 0.311146 1 19 1.000000
  1 15.238150 1.750481 155.738907 0.948352 0.141558 0.283883 0.172017 0.340144 1 19 1.000000
Soldiers_far_red.tga
  1 -18.505665 8.244694 125.603424 -0.869545 0.472852 0.142484 0.176548 0.227775 1 19 1.000000
  1 -21.636560 -0.015261 125.603424 -0.947114 0.287503 0.142538 0.140301 0.231400 1 19 1.000000
  1 -19.897137 5.929562 143.182632 -0.939417 0.340118 0.042616 0.171111 0.296646 1 19 1.000000
Soldiers_far_red.tga
  1 -2.696364 10.284971 164.528503 -0.022804 0.552667 0.833090 0.233639 0.380016 1 19 1.000000
  1 -10.200149 14.993666 156.994064 -0.396737 0.825267 0.401912 0.224577 0.338331 1 19 1.000000
  1 -15.200795 1.446452 163.272217 -0.609094 0.138787 0.780860 0.177455 0.380016 1 19 1.000000
Soldiers_far_red.tga
  1 -2.696364 10.284971 164.528503 -0.022804 0.552667 0.833090 0.233639 0.380016 1 19 1.000000
  1 10.454879 1.279508 163.900940 0.636433 0.136577 0.759144 0.177455 0.380016 1 19 1.000000
  1 5.802094 15.072104 156.994064 0.427607 0.810409 0.400486 0.224577 0.338331 1 19 1.000000
Soldiers_far_red.tga
  1 12.368279 -8.353525 129.370071 0.539728 -0.831294 0.132832 0.109490 0.256774 1 19 1.000000
  1 14.194521 -6.784111 144.437805 0.881872 -0.471372 0.010530 0.129426 0.311146 1 19 1.000000
  1 6.106524 -12.473797 130.626389 0.572365 -0.813737 0.101144 0.079132 0.271273 1 19 1.000000
Soldiers_far_red.tga
  1 6.106524 -12.473797 130.626389 0.572365 -0.813737 0.101144 0.079132 0.271273 1 19 1.000000
  1 14.194521 -6.784111 144.437805 0.881872 -0.471372 0.010530 0.129426 0.311146 1 19 1.000000
  1 6.584793 -12.630762 145.694122 0.596423 -0.796907 -0.096012 0.099522 0.325645 1 19 1.000000
Soldiers_far_red.tga
  1 -11.678676 -16.240799 112.418442 -0.521250 -0.841232 0.143621 0.053306 0.202402 1 19 1.000000
  1 -20.070999 -11.688812 111.163269 -0.465832 -0.869857 0.162324 0.085476 0.187903 1 19 1.000000
  1 -10.287092 -17.810221 86.677765 -0.356781 -0.929852 0.089902 0.018757 0.111783 1 19 1.000000
Soldiers_far_red.tga
  1 -10.287092 -17.810221 86.677765 -0.356781 -0.929852 0.089902 0.018757 0.111783 1 19 1.000000
  1 -20.070999 -11.688812 111.163269 -0.465832 -0.869857 0.162324 0.085476 0.187903 1 19 1.000000
  1 -21.810535 -14.043230 85.422142 -0.319493 -0.941448 0.107701 0.056024 0.090034 1 19 1.000000
Soldiers_far_red.tga
  1 -2.749363 -1.334788 167.667587 -0.020974 0.035624 0.999145 0.426518 0.697940 1 19 1.000000
  1 -12.635251 -7.686553 163.900940 -0.560958 -0.303181 0.770329 0.366138 0.648397 1 19 1.000000
  1 -2.756149 -13.964920 165.156082 -0.016324 -0.544200 0.838796 0.423938 0.652526 1 19 1.000000
Soldiers_far_red.tga
  1 -2.756149 -13.964920 165.156082 -0.016324 -0.544200 0.838796 0.423938 0.652526 1 19 1.000000
  1 7.454530 -8.353525 163.900940 0.531325 -0.342905 0.774668 0.485866 0.648397 1 19 1.000000
  1 -2.749363 -1.334788 167.667587 -0.020974 0.035624 0.999145 0.426518 0.697940 1 19 1.000000
Soldiers_far_red.tga
  1 -11.678676 -12.709064 129.997665 -0.717554 -0.689443 0.098919 0.079132 0.271273 1 19 1.000000
  1 -17.983738 -6.705460 128.742493 -0.668778 -0.729025 0.145803 0.109490 0.256774 1 19 1.000000
  1 -11.678676 -16.240799 112.418442 -0.521250 -0.841232 0.143621 0.053306 0.202402 1 19 1.000000
Soldiers_far_red.tga
  1 -11.678676 -16.240799 112.418442 -0.521250 -0.841232 0.143621 0.053306 0.202402 1 19 1.000000
  1 -17.983738 -6.705460 128.742493 -0.668778 -0.729025 0.145803 0.109490 0.256774 1 19 1.000000
  1 -20.070999 -11.688812 111.163269 -0.465832 -0.869857 0.162324 0.085476 0.187903 1 19 1.000000
Soldiers_far_red.tga
  1 15.498945 -15.691292 85.736168 0.307673 -0.948285 0.078062 0.056024 0.090034 1 19 1.000000
  1 14.368496 -13.964920 111.163269 0.366979 -0.913680 0.174685 0.085476 0.187903 1 19 1.000000
  1 5.584719 -18.830473 86.677765 0.318569 -0.945045 0.073510 0.018757 0.111783 1 19 1.000000
Soldiers_far_red.tga
  1 5.584719 -18.830473 86.677765 0.318569 -0.945045 0.073510 0.018757 0.111783 1 19 1.000000
  1 14.368496 -13.964920 111.163269 0.366979 -0.913680 0.174685 0.085476 0.187903 1 19 1.000000
  1 6.715237 -16.868496 112.418442 0.399415 -0.898968 0.179792 0.053306 0.202402 1 19 1.000000
Soldiers_far_red.tga
  1 14.281450 9.186310 124.974701 0.877175 0.451271 0.164069 0.176548 0.227775 1 19 1.000000
  1 15.151220 4.359914 142.553925 0.958292 0.273290 0.083599 0.171111 0.296646 1 19 1.000000
  1 17.238369 -1.580029 124.347122 0.967190 0.198407 0.158678 0.140301 0.231400 1 19 1.000000
Soldiers_far_red.tga
  1 -21.636560 -0.015261 125.603424 -0.947114 0.287503 0.142538 0.140301 0.231400 1 19 1.000000
  1 -19.201344 -3.331020 143.810242 -0.934955 -0.354484 -0.014144 0.129426 0.311146 1 19 1.000000
  1 -19.897137 5.929562 143.182632 -0.939417 0.340118 0.042616 0.171111 0.296646 1 19 1.000000
Soldiers_far_red.tga
  1 -12.852693 -11.610512 145.065399 -0.780452 -0.615277 -0.111031 0.099522 0.325645 1 19 1.000000
  1 -19.201344 -3.331020 143.810242 -0.934955 -0.354484 -0.014144 0.129426 0.311146 1 19 1.000000
  1 -11.678676 -12.709064 129.997665 -0.717554 -0.689443 0.098919 0.079132 0.271273 1 19 1.000000
Soldiers_far_red.tga
  1 -11.678676 -12.709064 129.997665 -0.717554 -0.689443 0.098919 0.079132 0.271273 1 19 1.000000
  1 -19.201344 -3.331020 143.810242 -0.934955 -0.354484 -0.014144 0.129426 0.311146 1 19 1.000000
  1 -17.983738 -6.705460 128.742493 -0.668778 -0.729025 0.145803 0.109490 0.256774 1 19 1.000000
Soldiers_far_red.tga
  1 14.368496 -13.964920 111.163269 0.366979 -0.913680 0.174685 0.085476 0.187903 1 19 1.000000
  1 12.368279 -8.353525 129.370071 0.539728 -0.831294 0.132832 0.109490 0.256774 1 19 1.000000
  1 6.715237 -16.868496 112.418442 0.399415 -0.898968 0.179792 0.053306 0.202402 1 19 1.000000
Soldiers_far_red.tga
  1 6.715237 -16.868496 112.418442 0.399415 -0.898968 0.179792 0.053306 0.202402 1 19 1.000000
  1 12.368279 -8.353525 129.370071 0.539728 -0.831294 0.132832 0.109490 0.256774 1 19 1.000000
  1 6.106524 -12.473797 130.626389 0.572365 -0.813737 0.101144 0.079132 0.271273 1 19 1.000000
Soldiers_far_red.tga
  1 -18.505665 8.244694 125.603424 -0.869545 0.472852 0.142484 0.176548 0.227775 1 19 1.000000
  1 -9.895786 20.094812 126.858589 -0.421850 0.883335 0.204358 0.226389 0.224151 1 19 1.000000
  1 -20.766678 16.484795 102.373543 -0.729376 0.564853 0.385944 0.182892 0.133531 1 20 1.000000
Soldiers_far_red.tga
  1 -20.766678 16.484795 102.373543 -0.729376 0.564853 0.385944 0.182892 0.133531 1 20 1.000000
  1 -9.895786 20.094812 126.858589 -0.421850 0.883335 0.204358 0.226389 0.224151 1 19 1.000000
  1 -9.765299 25.745251 104.257088 -0.307667 0.892939 0.328634 0.233639 0.133531 1 20 1.000000
Soldiers_far_red.tga
  1 14.281450 9.186310 124.974701 0.877175 0.451271 0.164069 0.176548 0.227775 1 19 1.000000
  1 16.542803 16.877123 101.431816 0.757232 0.549134 0.353625 0.182892 0.133531 1 20 1.000000
  1 5.149868 20.094812 126.231003 0.403391 0.892643 0.201156 0.226389 0.224151 1 19 1.000000
Soldiers_far_red.tga
  1 5.149868 20.094812 126.231003 0.403391 0.892643 0.201156 0.226389 0.224151 1 19 1.000000
  1 16.542803 16.877123 101.431816 0.757232 0.549134 0.353625 0.182892 0.133531 1 20 1.000000
  1 5.019381 25.745251 103.942955 0.307495 0.895473 0.321830 0.233639 0.133531 1 20 1.000000
Soldiers_far_red.tga
  1 -9.895786 20.094812 126.858589 -0.421850 0.883335 0.204358 0.280761 0.235025 1 19 1.000000
  1 5.149868 20.094812 126.231003 0.403391 0.892643 0.201156 0.226389 0.224151 1 19 1.000000
  1 -9.765299 25.745251 104.257088 -0.307667 0.892939 0.328634 0.289823 0.148030 1 20 1.000000
Soldiers_far_red.tga
  1 -9.765299 25.745251 104.257088 -0.307667 0.892939 0.328634 0.289823 0.148030 1 20 1.000000
  1 5.149868 20.094812 126.231003 0.403391 0.892643 0.201156 0.226389 0.224151 1 19 1.000000
  1 5.019381 25.745251 103.942955 0.307495 0.895473 0.321830 0.233639 0.133531 1 20 1.000000
Soldiers_far_red.tga
  1 17.238369 -1.580029 124.347122 0.967190 0.198407 0.158678 0.140301 0.231400 1 19 1.000000
  1 23.152205 4.144051 98.920456 0.864616 0.353482 0.357057 0.133957 0.133531 1 20 1.000000
  1 14.281450 9.186310 124.974701 0.877175 0.451271 0.164069 0.176548 0.227775 1 19 1.000000
Soldiers_far_red.tga
  1 14.281450 9.186310 124.974701 0.877175 0.451271 0.164069 0.176548 0.227775 1 19 1.000000
  1 23.152205 4.144051 98.920456 0.864616 0.353482 0.357057 0.133957 0.133531 1 20 1.000000
  1 16.542803 16.877123 101.431816 0.757232 0.549134 0.353625 0.182892 0.133531 1 20 1.000000
Soldiers_far_red.tga
  1 -21.636560 -0.015261 125.603424 -0.947114 0.287503 0.142538 0.140301 0.231400 1 19 1.000000
  1 -18.505665 8.244694 125.603424 -0.869545 0.472852 0.142484 0.176548 0.227775 1 19 1.000000
  1 -27.637325 5.693956 100.176193 -0.804998 0.406823 0.431826 0.133957 0.133531 1 20 1.000000
Soldiers_far_red.tga
  1 -27.637325 5.693956 100.176193 -0.804998 0.406823 0.431826 0.133957 0.133531 1 20 1.000000
  1 -18.505665 8.244694 125.603424 -0.869545 0.472852 0.142484 0.176548 0.227775 1 19 1.000000
  1 -20.766678 16.484795 102.373543 -0.729376 0.564853 0.385944 0.182892 0.133531 1 20 1.000000
Soldiers_far_red.tga
  1 -20.766678 16.484795 102.373543 -0.729376 0.564853 0.385944 0.182892 0.133531 1 20 1.000000
  1 -9.765299 25.745251 104.257088 -0.307667 0.892939 0.328634 0.233639 0.133531 1 20 1.000000
  1 -31.116062 27.785770 75.533966 -0.584633 0.671874 0.454741 0.183798 0.017538 1 21 1.000000
Soldiers_far_red.tga
  1 -31.116062 27.785770 75.533966 -0.584633 0.671874 0.454741 0.183798 0.017538 1 21 1.000000
  1 -9.765299 25.745251 104.257088 -0.307667 0.892939 0.328634 0.233639 0.133531 1 20 1.000000
  1 -11.722085 36.418301 76.318611 -0.198619 0.910525 0.362623 0.253575 0.024788 1 21 1.000000
Soldiers_far_red.tga
  1 16.542803 16.877123 101.431816 0.757232 0.549134 0.353625 0.182892 0.133531 1 20 1.000000
  1 25.239582 27.471865 75.377014 0.664662 0.614397 0.425137 0.183798 0.017538 1 21 1.000000
  1 5.019381 25.745251 103.942955 0.307495 0.895473 0.321830 0.233639 0.133531 1 20 1.000000
Soldiers_far_red.tga
  1 5.019381 25.745251 103.942955 0.307495 0.895473 0.321830 0.233639 0.133531 1 20 1.000000
  1 25.239582 27.471865 75.377014 0.664662 0.614397 0.425137 0.183798 0.017538 1 21 1.000000
  1 6.932734 36.418301 76.161781 0.218930 0.905693 0.363030 0.253575 0.024788 1 21 1.000000
Soldiers_far_red.tga
  1 -9.765299 25.745251 104.257088 -0.307667 0.892939 0.328634 0.289823 0.148030 1 20 1.000000
  1 5.019381 25.745251 103.942955 0.307495 0.895473 0.321830 0.233639 0.133531 1 20 1.000000
  1 -11.722085 36.418301 76.318611 -0.198619 0.910525 0.362623 0.318821 0.039287 1 21 1.000000
Soldiers_far_red.tga
  1 -11.722085 36.418301 76.318611 -0.198619 0.910525 0.362623 0.318821 0.039287 1 21 1.000000
  1 5.019381 25.745251 103.942955 0.307495 0.895473 0.321830 0.233639 0.133531 1 20 1.000000
  1 6.932734 36.418301 76.161781 0.218930 0.905693 0.363030 0.253575 0.024788 1 21 1.000000
Soldiers_far_red.tga
  1 23.152205 4.144051 98.920456 0.864616 0.353482 0.357057 0.133957 0.133531 1 20 1.000000
  1 34.284424 12.168507 73.336388 0.806323 0.391222 0.443608 0.118552 0.021163 1 21 1.000000
  1 16.542803 16.877123 101.431816 0.757232 0.549134 0.353625 0.182892 0.133531 1 20 1.000000
Soldiers_far_red.tga
  1 16.542803 16.877123 101.431816 0.757232 0.549134 0.353625 0.182892 0.133531 1 20 1.000000
  1 34.284424 12.168507 73.336388 0.806323 0.391222 0.443608 0.118552 0.021163 1 21 1.000000
  1 25.239582 27.471865 75.377014 0.664662 0.614397 0.425137 0.183798 0.017538 1 21 1.000000
Soldiers_far_red.tga
  1 -27.637325 5.693956 100.176193 -0.804998 0.406823 0.431826 0.133957 0.133531 1 20 1.000000
  1 -20.766678 16.484795 102.373543 -0.729376 0.564853 0.385944 0.182892 0.133531 1 20 1.000000
  1 -43.117706 13.738058 74.592125 -0.698211 0.500059 0.512292 0.118552 0.021163 1 21 1.000000
Soldiers_far_red.tga
  1 -43.117706 13.738058 74.592125 -0.698211 0.500059 0.512292 0.118552 0.021163 1 21 1.000000
  1 -20.766678 16.484795 102.373543 -0.729376 0.564853 0.385944 0.182892 0.133531 1 20 1.000000
  1 -31.116062 27.785770 75.533966 -0.584633 0.671874 0.454741 0.183798 0.017538 1 21 1.000000
02_-_Default
 15 -85.118698 8.028594 51.934635 -0.018791 -0.999661 -0.018044 0.564634 0.396742 1 15 1.000000
 15 -35.179005 5.450480 142.758453 -0.020761 -0.999608 -0.018777 0.440555 0.553413 1 15 1.000000
 15 -73.630013 6.172648 142.791840 -0.018791 -0.999661 -0.018044 0.536716 0.553413 1 15 1.000000
02_-_Default
 15 -35.179005 5.450480 142.758453 -0.020761 -0.999608 -0.018777 0.440555 0.553413 1 15 1.000000
 15 -53.521835 7.644513 51.911102 -0.016187 -0.999651 -0.020874 0.471575 0.396742 1 15 1.000000
 15 -18.483370 6.347563 73.971367 -0.022136 -0.999577 -0.018855 0.398678 0.396742 1 15 1.000000
02_-_Default
 15 -35.179005 5.450480 142.758453 -0.020761 -0.999608 -0.018777 0.440555 0.553413 1 15 1.000000
 15 -18.483370 6.347563 73.971367 -0.022136 -0.999577 -0.018855 0.398678 0.396742 1 15 1.000000
 15 -18.447710 5.067186 142.742645 -0.020756 -0.999612 -0.018600 0.398678 0.553413 1 15 1.000000
02_-_Default
 15 -18.483370 6.347563 73.971367 -0.022136 -0.999577 -0.018855 0.398678 0.396742 1 15 1.000000
 15 -5.477992 6.105856 73.960121 -0.018595 -0.999654 -0.018602 0.366882 0.396742 1 15 1.000000
 15 -5.442332 4.825480 142.731415 -0.018595 -0.999654 -0.018602 0.366882 0.553413 1 15 1.000000
02_-_Default
 15 -18.483370 6.347563 73.971367 -0.022136 -0.999577 -0.018855 0.398678 0.396742 1 15 1.000000
 15 -5.442332 4.825480 142.731415 -0.018595 -0.999654 -0.018602 0.366882 0.553413 1 15 1.000000
 15 -18.447710 5.067186 142.742645 -0.020756 -0.999612 -0.018600 0.398678 0.553413 1 15 1.000000
02_-_Default
 15 -85.118698 8.028594 51.934635 -0.012168 -0.999691 -0.021686 0.564634 0.396742 1 15 1.000000
 15 -53.521835 7.644513 51.911102 -0.016187 -0.999651 -0.020874 0.471575 0.396742 1 15 1.000000
 15 -35.179005 5.450480 142.758453 -0.020761 -0.999608 -0.018777 0.440555 0.553413 1 15 1.000000
02_-_Default
 17 25.011244 19.314026 141.025208 0.473527 -0.880780 -0.000178 0.440555 0.553413 1 16 1.000000
 17 69.032951 42.811966 50.143269 0.467463 -0.884010 -0.002134 0.564634 0.396742 1 16 1.000000
 17 58.919849 37.458065 141.025223 0.471791 -0.881710 0.000558 0.536716 0.553413 1 16 1.000000
02_-_Default
 17 41.073135 28.088665 50.143272 0.469489 -0.882935 -0.002273 0.471575 0.396742 1 16 1.000000
 17 25.011244 19.314026 141.025208 0.473527 -0.880780 -0.000178 0.440555 0.553413 1 16 1.000000
 17 10.287710 11.357414 72.242012 0.474744 -0.880124 -0.000257 0.398678 0.396742 1 16 1.000000
02_-_Default
 17 10.287710 11.357414 72.242012 0.474744 -0.880124 -0.000257 0.398678 0.396742 1 16 1.000000
 17 25.011244 19.314026 141.025208 0.473527 -0.880780 -0.000178 0.440555 0.553413 1 16 1.000000
 17 10.287710 11.357414 141.025208 0.473528 -0.880779 0.000000 0.398678 0.553413 1 16 1.000000
02_-_Default
 17 -1.182123 5.222750 72.242004 0.471631 -0.881796 -0.000000 0.366882 0.396742 1 16 1.000000
 17 10.287710 11.357414 72.242012 0.474744 -0.880124 -0.000257 0.398678 0.396742 1 16 1.000000
 17 -1.182123 5.222751 141.025223 0.471631 -0.881796 0.000000 0.366882 0.553413 1 16 1.000000
02_-_Default
 17 -1.182123 5.222751 141.025223 0.471631 -0.881796 0.000000 0.366882 0.553413 1 16 1.000000
 17 10.287710 11.357414 72.242012 0.474744 -0.880124 -0.000257 0.398678 0.396742 1 16 1.000000
 17 10.287710 11.357414 141.025208 0.473528 -0.880779 0.000000 0.398678 0.553413 1 16 1.000000
02_-_Default
 17 41.073135 28.088665 50.143272 0.469489 -0.882935 -0.002273 0.471575 0.396742 1 16 1.000000
 17 69.032951 42.811966 50.143269 0.467463 -0.884010 -0.002134 0.564634 0.396742 1 16 1.000000
 17 25.011244 19.314026 141.025208 0.473527 -0.880780 -0.000178 0.440555 0.553413 1 16 1.000000
Soldiers_far_red.tga
 27 -35.988758 9.394451 88.992210 -0.984800 0.167282 -0.046745 0.016102 0.434940 1 27 1.000000
 27 -35.457867 10.353512 81.239655 -0.984800 0.167283 -0.046745 0.016102 0.490402 1 27 1.000000
 27 -53.818562 -102.057449 65.777542 -0.984800 0.167283 -0.046745 0.348876 0.490402 1 27 1.000000
Soldiers_far_red.tga
 27 -35.988758 9.394451 88.992210 -0.982861 0.171382 -0.067917 0.016102 0.434940 1 27 1.000000
 27 -53.818562 -102.057449 65.777542 -0.982861 0.171382 -0.067917 0.348876 0.490402 1 27 1.000000
 27 -54.460560 -102.663239 73.539520 -0.982861 0.171382 -0.067917 0.348876 0.434940 1 27 1.000000
end
