version 1
nodes
  0 "bone38"  -1
  1 "bone37"  -1
  2 "bone34"  -1
  3 "bone33"  -1
  4 "bone01"  -1
  5 "bone19"   4
  6 "bone15"   5
  7 "bone16"   6
  8 "bone18"   7
  9 "bone21"   8
 10 "bone07"   5
 11 "bone20"  10
 12 "bone17"  11
 13 "bone22"  12
 14 "bone03"   4
 15 "bone08"  14
 16 "bone05"  15
 17 "bone09"  16
 18 "bone11"  17
 19 "bone23"  18
 20 "bone24"  18
 21 "bone25"  20
 22 "bone26"  21
 23 "bone28"  17
 24 "bone02"  14
 25 "bone04"  24
 26 "bone10"  25
 27 "bone29"  26
 28 "bone06"  14
 29 "bone12"  28
 30 "bone14"  28
 31 "bone30"  28
 32 "bone31"  28
 33 "bone13"  14
 34 "bone32"  14
end
skeleton
time 0
  0 0.199310 -2.322880 -0.369446 0.000000 -0.000000 0.000000
  1 0.199310 -2.322880 -0.369446 0.000000 -0.000000 0.000000
  2 0.199310 -2.322880 -0.369446 0.000000 -0.000000 0.000000
  3 -2.032088 1.019955 174.749863 0.000000 -0.000000 0.000000
  4 0.199310 -1.255399 80.921158 0.000000 -0.000000 0.000000
  5 0.000000 1.130698 -5.145058 0.000000 -0.000000 0.000000
  6 8.918855 -0.126086 -9.265610 0.000000 -0.000000 0.000000
  7 -0.366667 1.758788 -28.404015 0.000000 -0.000000 0.000000
  8 0.635319 1.004292 -27.303364 0.000000 -0.000000 0.000000
  9 0.769957 -3.767692 -6.154823 0.000000 -0.000000 0.000000
 10 -8.437628 -0.126086 -8.811363 0.000000 -0.000000 0.000000
 11 0.161319 1.507183 -28.517883 0.000000 -0.000000 0.000000
 12 0.000000 1.255897 -27.822016 0.000000 -0.000000 0.000000
 13 -1.049914 -3.767692 -5.114132 0.000000 -0.000000 0.000000
 14 0.000000 1.130698 2.475204 0.000000 -0.000000 0.000000
 15 -8.661225 1.605287 23.823418 0.000000 -0.000000 0.000000
 16 -8.666850 1.422493 -13.861115 0.000000 -0.000000 0.000000
 17 -9.460472 -1.319255 -17.874855 0.000000 -0.000000 0.000000
 18 -53.066204 -61.648735 -70.193016 0.000000 -0.000000 0.000000
 19 1.339859 128.951050 -0.844452 0.000000 -0.000000 0.000000
 20 79.854759 58.809513 -5.660235 0.000000 -0.000000 0.000000
 21 0.000006 0.000000 -0.000001 0.000000 -0.000000 0.000000
 22 0.000000 0.000000 0.000000 0.000000 -0.000000 0.000000
 23 -2.164995 -0.242906 -4.604439 0.000000 -0.000000 0.000000
 24 9.791725 1.545657 23.921387 0.000000 -0.000000 0.000000
 25 7.745647 1.518055 -13.976944 0.000000 -0.000000 0.000000
 26 9.649866 -2.404355 -17.726448 0.000000 -0.000000 0.000000
 27 2.377735 0.205984 -5.154770 0.000000 -0.000000 0.000000
 28 0.237595 0.382545 39.270782 0.000000 -0.000000 0.000000
 29 -1.017885 10.599410 43.308044 0.314164 0.000000 0.000000
 30 -0.784638 26.264194 -11.715637 0.000000 -0.000000 0.000000
 31 -0.709640 -0.847912 4.306061 0.000000 -0.000000 0.000000
 32 -0.237595 -1.513242 -123.036591 0.000000 -0.000000 0.000000
 33 0.211297 6.553464 15.838394 0.000000 -0.000000 0.000000
 34 0.288957 -0.684931 8.942909 0.000000 -0.000000 0.000000
end
triangles
01_-_Default
  0 0.312062 -15.271259 73.766670 0.000005 -0.929103 0.369820 0.112054 0.314541 1 5 1.000000
  0 7.279062 -4.785466 89.093231 0.374249 -0.836733 0.399769 0.171262 0.445621 1 14 1.000000
  0 0.312062 -8.114866 88.649757 0.000009 -0.980211 0.197954 0.112055 0.441829 1 14 1.000000
01_-_Default
  0 0.312062 -15.271259 73.766670 0.000005 -0.929103 0.369820 0.112054 0.314541 1 5 1.000000
  0 11.280966 -7.112924 74.825539 0.554895 -0.782834 0.281536 0.205271 0.323597 1 5 1.000000
  0 7.279062 -4.785466 89.093231 0.517179 -0.848660 0.110913 0.171262 0.445621 1 14 1.000000
01_-_Default
  0 12.419033 8.688110 74.825539 0.366556 0.823616 0.432774 0.620608 0.337154 1 5 1.000000
  0 0.312062 14.611784 74.825539 0.000006 0.870857 0.491537 0.537977 0.337154 1 5 1.000000
  0 0.312062 6.858062 88.475212 0.000007 0.984452 0.175651 0.537977 0.430909 1 14 1.000000
01_-_Default
  0 9.179646 6.151720 113.104469 0.060049 0.871302 0.487059 0.598500 0.600083 1 14 1.000000
  0 9.310980 6.283052 102.664795 0.189525 0.981767 0.014641 0.599396 0.528375 1 14 1.000000
  0 0.312062 8.019621 102.706833 0.000003 0.999698 -0.024573 0.537977 0.528664 1 14 1.000000
01_-_Default
  0 10.974522 1.445600 114.496407 0.247564 -0.255316 0.934626 0.793979 0.357973 1 14 1.000000
  0 7.428522 1.987338 115.888382 0.167833 -0.699012 0.695136 0.822143 0.369099 1 14 1.000000
  0 9.617412 -2.363040 111.016525 0.419281 -0.791483 0.444700 0.804927 0.330157 1 14 1.000000
01_-_Default
  0 0.312062 -5.701852 113.981659 0.000011 -0.921490 0.388403 0.112055 0.658481 1 14 1.000000
  0 0.312062 -7.141331 111.022232 0.000006 -0.916793 0.399363 0.112055 0.633171 1 14 1.000000
  0 7.428522 1.987338 115.888382 0.554908 -0.690037 0.464679 0.172533 0.674788 1 14 1.000000
01_-_Default
  0 0.312062 5.954741 116.584358 0.000011 0.977965 0.208767 0.537977 0.623985 1 14 1.000000
  0 7.428522 1.987338 115.888382 0.292870 0.787592 0.542149 0.586548 0.619205 1 14 1.000000
  0 0.312062 7.571728 111.487144 0.000002 0.963655 0.267152 0.537977 0.588974 1 14 1.000000
01_-_Default
  0 7.428522 1.987338 115.888382 0.389091 0.395983 0.831748 0.822143 0.369099 1 14 1.000000
  0 10.974522 1.445600 114.496407 0.247564 -0.255316 0.934626 0.793979 0.357973 1 14 1.000000
  0 9.179646 6.151720 113.104469 0.389091 0.395983 0.831748 0.808065 0.346846 1 14 1.000000
01_-_Default
  0 7.428522 1.987338 115.888382 0.292870 0.787592 0.542149 0.586548 0.619205 1 14 1.000000
  0 9.179646 6.151720 113.104469 0.060049 0.871302 0.487059 0.598500 0.600083 1 14 1.000000
  0 0.312062 7.571728 111.487144 0.000002 0.963655 0.267152 0.537977 0.588974 1 14 1.000000
01_-_Default
  0 9.617412 -2.363040 111.016525 0.366334 -0.774597 0.515557 0.191134 0.633121 1 14 1.000000
  0 7.428522 1.987338 115.888382 0.554908 -0.690037 0.464679 0.172533 0.674788 1 14 1.000000
  0 0.312062 -7.141331 111.022232 0.000006 -0.916793 0.399363 0.112055 0.633171 1 14 1.000000
01_-_Default
  0 0.312062 5.954741 116.584358 0.000011 0.977965 0.208767 0.537977 0.623985 1 14 1.000000
  0 0.312062 6.129852 120.760223 0.000014 0.999133 -0.041631 0.537977 0.652669 1 14 1.000000
  0 5.327188 1.708267 120.064247 0.545867 0.812719 0.203756 0.572207 0.647888 1 14 1.000000
01_-_Default
  0 5.327188 1.708267 120.064247 0.545867 0.812719 0.203756 0.572207 0.647888 1 14 1.000000
  0 7.428522 1.987338 115.888382 0.292870 0.787592 0.542149 0.586548 0.619205 1 14 1.000000
  0 0.312062 5.954741 116.584358 0.000011 0.977965 0.208767 0.537977 0.623985 1 14 1.000000
01_-_Default
  0 5.327188 1.708267 120.064247 0.689095 -0.677920 0.256070 0.154676 0.710502 1 14 1.000000
  0 0.312062 -4.530016 118.672279 0.000015 -0.970545 0.240921 0.112055 0.698597 1 14 1.000000
  0 0.312062 -5.701852 113.981659 0.000011 -0.921490 0.388403 0.112055 0.658481 1 14 1.000000
01_-_Default
  0 0.312062 -5.701852 113.981659 0.000011 -0.921490 0.388403 0.112055 0.658481 1 14 1.000000
  0 7.428522 1.987338 115.888382 0.554908 -0.690037 0.464679 0.172533 0.674788 1 14 1.000000
  0 5.327188 1.708267 120.064247 0.689095 -0.677920 0.256070 0.154676 0.710502 1 14 1.000000
01_-_Default
  0 9.792368 1.395211 101.272842 0.339036 -0.038739 -0.939975 0.803369 0.252272 1 14 1.000000
  0 11.561103 1.001224 101.467018 -0.596540 -0.184754 -0.781029 0.789321 0.253825 1 24 1.000000
  0 11.900189 -2.647586 106.144707 0.588097 -0.808202 -0.030846 0.783150 0.288433 1 24 1.000000
01_-_Default
  0 11.900189 -2.647586 106.144707 0.588097 -0.808202 -0.030846 0.783150 0.288433 1 24 1.000000
  0 10.011413 -4.617586 104.752731 0.780044 -0.578773 -0.237807 0.801798 0.280088 1 14 1.000000
  0 9.792368 1.395211 101.272842 0.339036 -0.038739 -0.939975 0.803369 0.252272 1 14 1.000000
01_-_Default
  0 9.617412 -2.363040 111.016525 0.419281 -0.791483 0.444700 0.804927 0.330157 1 14 1.000000
  0 10.011413 -4.617586 104.752731 0.780044 -0.578773 -0.237807 0.801798 0.280088 1 14 1.000000
  0 11.900189 -2.647586 106.144707 0.588097 -0.808202 -0.030846 0.783150 0.288433 1 24 1.000000
01_-_Default
  0 9.792368 1.395211 101.272842 0.339036 -0.038739 -0.939975 0.803369 0.252272 1 14 1.000000
  0 9.310980 6.283052 102.664795 0.433519 0.651464 -0.622620 0.807022 0.263398 1 14 1.000000
  0 12.775747 6.655157 105.448723 0.321418 0.941175 -0.104307 0.783150 0.288433 1 24 1.000000
01_-_Default
  0 12.775747 6.655157 105.448723 0.321418 0.941175 -0.104307 0.783150 0.288433 1 24 1.000000
  0 11.561103 1.001224 101.467018 -0.596540 -0.184754 -0.781029 0.789321 0.253825 1 24 1.000000
  0 9.792368 1.395211 101.272842 0.339036 -0.038739 -0.939975 0.803369 0.252272 1 14 1.000000
01_-_Default
  0 9.310980 6.283052 102.664795 0.433519 0.651464 -0.622620 0.807022 0.263398 1 14 1.000000
  0 9.179646 6.151720 113.104469 0.365847 0.806967 0.463637 0.808065 0.346846 1 14 1.000000
  0 12.775747 6.655157 105.448723 0.321418 0.941175 -0.104307 0.783150 0.288433 1 24 1.000000
01_-_Default
  0 10.011413 -4.617586 104.752731 0.388788 -0.901967 0.187880 0.194481 0.579549 1 14 1.000000
  0 9.617412 -2.363040 111.016525 0.366334 -0.774597 0.515557 0.191134 0.633121 1 14 1.000000
  0 0.312062 -9.411319 101.829201 0.000006 -0.997784 0.066542 0.112055 0.554547 1 14 1.000000
01_-_Default
  0 7.279062 -4.785466 89.093231 0.517179 -0.848660 0.110913 0.171262 0.445621 1 14 1.000000
  0 10.011413 -4.617586 104.752731 0.388788 -0.901967 0.187880 0.194481 0.579549 1 14 1.000000
  0 0.312062 -9.411319 101.829201 0.000006 -0.997784 0.066542 0.112055 0.554547 1 14 1.000000
01_-_Default
  0 7.279062 -4.785466 89.093231 0.996739 -0.048777 0.064274 0.262773 0.516520 1 14 1.000000
  0 9.792368 1.395211 101.272842 0.986520 0.024261 -0.161834 0.344028 0.677667 1 14 1.000000
  0 10.011413 -4.617586 104.752731 0.983451 -0.063093 -0.169831 0.264980 0.723709 1 14 1.000000
01_-_Default
  0 9.310980 6.283052 102.664795 0.253631 0.959680 -0.121183 0.599396 0.528375 1 14 1.000000
  0 7.664515 3.896385 89.267235 0.384763 0.899681 -0.206232 0.588160 0.436350 1 14 1.000000
  0 0.312062 6.858062 88.475212 0.000007 0.984452 0.175651 0.537977 0.430909 1 14 1.000000
01_-_Default
  0 0.312062 6.858062 88.475212 0.000007 0.984452 0.175651 0.537977 0.430909 1 14 1.000000
  0 0.312062 8.019621 102.706833 0.000003 0.999698 -0.024573 0.537977 0.528664 1 14 1.000000
  0 9.310980 6.283052 102.664795 0.253631 0.959680 -0.121183 0.599396 0.528375 1 14 1.000000
01_-_Default
  0 7.279062 -4.785466 89.093231 0.996739 -0.048777 0.064274 0.262773 0.516520 1 14 1.000000
  0 7.664515 3.896385 89.267235 0.997556 -0.031919 0.062152 0.376909 0.518822 1 14 1.000000
  0 9.792368 1.395211 101.272842 0.986520 0.024261 -0.161834 0.344028 0.677667 1 14 1.000000
01_-_Default
  0 7.664515 3.896385 89.267235 0.997556 -0.031919 0.062152 0.376909 0.518822 1 14 1.000000
  0 9.310980 6.283052 102.664795 0.979930 0.137795 -0.144049 0.408286 0.696084 1 14 1.000000
  0 9.792368 1.395211 101.272842 0.986520 0.024261 -0.161834 0.344028 0.677667 1 14 1.000000
01_-_Default
  0 11.280966 -7.112924 74.825539 0.956560 -0.061889 0.284891 0.232175 0.327748 1 5 1.000000
  0 12.419033 8.688110 74.825539 0.954667 -0.068760 0.289624 0.439904 0.327748 1 5 1.000000
  0 7.664515 3.896385 89.267235 0.997556 -0.031919 0.062152 0.376909 0.518822 1 14 1.000000
01_-_Default
  0 7.664515 3.896385 89.267235 0.997556 -0.031919 0.062152 0.376909 0.518822 1 14 1.000000
  0 7.279062 -4.785466 89.093231 0.996739 -0.048777 0.064274 0.262773 0.516520 1 14 1.000000
  0 11.280966 -7.112924 74.825539 0.956560 -0.061889 0.284891 0.232175 0.327748 1 5 1.000000
01_-_Default
  0 0.312062 -15.271259 73.766670 0.000003 -0.875131 0.483886 0.311020 0.297547 1 5 1.000000
  0 0.312063 -22.572283 58.123875 0.000001 -0.907192 0.420717 0.311020 0.183411 2 6 0.500000 10 0.500000
  0 20.441303 -12.072968 58.470051 0.452853 -0.781129 0.429840 0.451834 0.184407 1 6 1.000000
01_-_Default
  0 20.441303 -12.072968 58.470051 0.452853 -0.781129 0.429840 0.451834 0.184407 1 6 1.000000
  0 11.280966 -7.112924 74.825539 0.489204 -0.721704 0.489717 0.392980 0.301332 1 5 1.000000
  0 0.312062 -15.271259 73.766670 0.000003 -0.875131 0.483886 0.311020 0.297547 1 5 1.000000
01_-_Default
  0 0.312063 23.554502 58.537697 0.000003 0.914578 0.404409 0.311020 0.183411 2 6 0.500000 10 0.500000
  0 12.419033 8.688110 74.825539 0.500545 0.792307 0.348861 0.392980 0.301332 1 5 1.000000
  0 19.829533 9.199816 58.470051 0.569361 0.772807 0.280351 0.451834 0.184407 1 6 1.000000
01_-_Default
  0 12.419033 8.688110 74.825539 0.891352 -0.014791 0.453071 0.630491 0.305998 1 5 1.000000
  0 11.280966 -7.112924 74.825539 0.864025 -0.062231 0.499587 0.507129 0.305998 1 5 1.000000
  0 20.441303 -12.072968 58.470051 0.891754 -0.014028 0.452304 0.468406 0.177488 1 6 1.000000
01_-_Default
  0 20.441303 -12.072968 58.470051 0.891754 -0.014028 0.452304 0.468406 0.177488 1 6 1.000000
  0 19.829533 9.199816 58.470051 0.911235 0.026206 0.411053 0.634486 0.177488 1 6 1.000000
  0 12.419033 8.688110 74.825539 0.891352 -0.014791 0.453071 0.630491 0.305998 1 5 1.000000
01_-_Default
  0 11.900189 -2.647586 106.144707 0.588097 -0.808202 -0.030846 0.783150 0.288433 1 24 1.000000
  0 16.987686 1.597877 107.243637 0.965040 -0.103257 0.240905 0.746219 0.300000 1 24 1.000000
  0 14.848106 1.930631 113.831902 0.710115 -0.033002 0.703312 0.763211 0.352661 1 24 1.000000
01_-_Default
  0 14.848106 1.930631 113.831902 0.710115 -0.033002 0.703312 0.763211 0.352661 1 24 1.000000
  0 9.617412 -2.363040 111.016525 0.419281 -0.791483 0.444700 0.804927 0.330157 1 14 1.000000
  0 11.900189 -2.647586 106.144707 0.588097 -0.808202 -0.030846 0.783150 0.288433 1 24 1.000000
01_-_Default
  0 14.848106 1.930631 113.831902 0.710115 -0.033002 0.703312 0.763211 0.352661 1 24 1.000000
  0 16.987686 1.597877 107.243637 0.965040 -0.103257 0.240905 0.746219 0.300000 1 24 1.000000
  0 12.775747 6.655157 105.448723 0.321418 0.941175 -0.104307 0.783150 0.288433 1 24 1.000000
01_-_Default
  0 12.775747 6.655157 105.448723 0.321418 0.941175 -0.104307 0.783150 0.288433 1 24 1.000000
  0 9.179646 6.151720 113.104469 0.365847 0.806967 0.463637 0.808065 0.346846 1 14 1.000000
  0 14.848106 1.930631 113.831902 0.710115 -0.033002 0.703312 0.763211 0.352661 1 24 1.000000
01_-_Default
  0 9.179646 6.151720 113.104469 0.365847 0.806967 0.463637 0.808065 0.346846 1 14 1.000000
  0 10.974522 1.445600 114.496407 0.247564 -0.255316 0.934626 0.793979 0.357973 1 14 1.000000
  0 14.848106 1.930631 113.831902 0.710115 -0.033002 0.703312 0.763211 0.352661 1 24 1.000000
01_-_Default
  0 11.900189 -2.647586 106.144707 0.588097 -0.808202 -0.030846 0.783150 0.288433 1 24 1.000000
  0 11.561103 1.001224 101.467018 -0.596540 -0.184754 -0.781029 0.789321 0.253825 1 24 1.000000
  0 15.101107 2.532061 92.669861 -0.904224 -0.022243 -0.426480 0.761204 0.183506 2 25 0.500000 24 0.500000
01_-_Default
  0 11.561103 1.001224 101.467018 -0.596540 -0.184754 -0.781029 0.789321 0.253825 1 24 1.000000
  0 12.775747 6.655157 105.448723 0.321418 0.941175 -0.104307 0.783150 0.288433 1 24 1.000000
  0 16.489948 4.842462 96.810524 -0.080937 0.996639 -0.012652 0.750002 0.216604 1 24 1.000000
01_-_Default
  0 16.489948 4.842462 96.810524 -0.080937 0.996639 -0.012652 0.750002 0.216604 1 24 1.000000
  0 15.101107 2.532061 92.669861 -0.904224 -0.022243 -0.426480 0.761204 0.183506 2 25 0.500000 24 0.500000
  0 11.561103 1.001224 101.467018 -0.596540 -0.184754 -0.781029 0.789321 0.253825 1 24 1.000000
01_-_Default
  0 16.489948 4.842462 96.810524 -0.080937 0.996639 -0.012652 0.750002 0.216604 1 24 1.000000
  0 12.775747 6.655157 105.448723 0.321418 0.941175 -0.104307 0.783150 0.288433 1 24 1.000000
  0 16.987686 1.597877 107.243637 0.965040 -0.103257 0.240905 0.746219 0.300000 1 24 1.000000
01_-_Default
  0 16.987686 1.597877 107.243637 0.965040 -0.103257 0.240905 0.746219 0.300000 1 24 1.000000
  0 20.541462 2.831037 94.195442 0.914900 -0.049021 0.400693 0.717994 0.195699 2 25 0.500000 24 0.500000
  0 16.489948 4.842462 96.810524 -0.080937 0.996639 -0.012652 0.750002 0.216604 1 24 1.000000
01_-_Default
  0 16.987686 1.597877 107.243637 0.965040 -0.103257 0.240905 0.746219 0.300000 1 24 1.000000
  0 17.416080 1.129601 93.590240 0.028405 -0.997628 -0.062704 0.740519 0.190861 1 24 1.000000
  0 20.541462 2.831037 94.195442 0.914900 -0.049021 0.400693 0.717994 0.195699 2 25 0.500000 24 0.500000
01_-_Default
  0 10.974522 1.445600 114.496407 0.247564 -0.255316 0.934626 0.793979 0.357973 1 14 1.000000
  0 9.617412 -2.363040 111.016525 0.419281 -0.791483 0.444700 0.804927 0.330157 1 14 1.000000
  0 14.848106 1.930631 113.831902 0.710115 -0.033002 0.703312 0.763211 0.352661 1 24 1.000000
01_-_Default
  0 15.101107 2.532061 92.669861 -0.904224 -0.022243 -0.426480 0.761204 0.183506 2 25 0.500000 24 0.500000
  0 16.489948 4.842462 96.810524 -0.080937 0.996639 -0.012652 0.750002 0.216604 1 24 1.000000
  0 17.994787 5.012237 93.590240 0.014546 0.999746 0.017218 0.740519 0.190861 1 24 1.000000
01_-_Default
  0 16.489948 4.842462 96.810524 -0.080937 0.996639 -0.012652 0.750002 0.216604 1 24 1.000000
  0 20.541462 2.831037 94.195442 0.914900 -0.049021 0.400693 0.717994 0.195699 2 25 0.500000 24 0.500000
  0 17.994787 5.012237 93.590240 0.014546 0.999746 0.017218 0.740519 0.190861 1 24 1.000000
01_-_Default
  0 15.101107 2.532061 92.669861 -0.904224 -0.022243 -0.426480 0.761204 0.183506 2 25 0.500000 24 0.500000
  0 17.994787 5.012237 93.590240 0.014546 0.999746 0.017218 0.740519 0.190861 1 24 1.000000
  0 19.268051 4.901523 90.369659 -0.067101 0.996658 -0.046585 0.727938 0.165119 1 25 1.000000
01_-_Default
  0 17.994787 5.012237 93.590240 0.014546 0.999746 0.017218 0.740519 0.190861 1 24 1.000000
  0 20.541462 2.831037 94.195442 0.914900 -0.049021 0.400693 0.717994 0.195699 2 25 0.500000 24 0.500000
  0 19.268051 4.901523 90.369659 -0.067101 0.996658 -0.046585 0.727938 0.165119 1 25 1.000000
01_-_Default
  0 15.101107 2.532061 92.669861 -0.904224 -0.022243 -0.426480 0.761204 0.183506 2 25 0.500000 24 0.500000
  0 19.268051 4.901523 90.369659 -0.067101 0.996658 -0.046585 0.727938 0.165119 1 25 1.000000
  0 27.678576 4.947502 75.422951 -0.016513 0.999770 -0.013678 0.660563 0.044900 1 25 1.000000
01_-_Default
  0 27.678576 4.947502 75.422951 -0.016513 0.999770 -0.013678 0.660563 0.044900 1 25 1.000000
  0 24.116392 0.752106 73.932602 -0.896670 -0.157241 -0.413833 0.689601 0.033730 1 25 1.000000
  0 15.101107 2.532061 92.669861 -0.904224 -0.022243 -0.426480 0.761204 0.183506 2 25 0.500000 24 0.500000
01_-_Default
  0 19.268051 4.901523 90.369659 -0.067101 0.996658 -0.046585 0.727938 0.165119 1 25 1.000000
  0 20.541462 2.831037 94.195442 0.914900 -0.049021 0.400693 0.717994 0.195699 2 25 0.500000 24 0.500000
  0 31.616047 2.177412 76.354446 0.830273 0.053413 0.554791 0.630034 0.053091 1 25 1.000000
01_-_Default
  0 31.616047 2.177412 76.354446 0.830273 0.053413 0.554791 0.630034 0.053091 1 25 1.000000
  0 27.678576 4.947502 75.422951 -0.016513 0.999770 -0.013678 0.660563 0.044900 1 25 1.000000
  0 19.268051 4.901523 90.369659 -0.067101 0.996658 -0.046585 0.727938 0.165119 1 25 1.000000
01_-_Default
  0 31.616047 2.177412 76.354446 0.830273 0.053413 0.554791 0.630034 0.053091 1 25 1.000000
  0 20.541462 2.831037 94.195442 0.914900 -0.049021 0.400693 0.717994 0.195699 2 25 0.500000 24 0.500000
  0 17.416080 1.129601 93.590240 0.028405 -0.997628 -0.062704 0.740519 0.190861 1 24 1.000000
01_-_Default
  0 17.416080 1.129601 93.590240 0.028405 -0.997628 -0.062704 0.740519 0.190861 1 24 1.000000
  0 27.866156 -2.154192 75.236572 0.109097 -0.968513 0.223788 0.660563 0.044900 1 25 1.000000
  0 31.616047 2.177412 76.354446 0.830273 0.053413 0.554791 0.630034 0.053091 1 25 1.000000
01_-_Default
  0 27.866156 -2.154192 75.236572 0.109097 -0.968513 0.223788 0.660563 0.044900 1 25 1.000000
  0 17.416080 1.129601 93.590240 0.028405 -0.997628 -0.062704 0.740519 0.190861 1 24 1.000000
  0 15.101107 2.532061 92.669861 -0.904224 -0.022243 -0.426480 0.761204 0.183506 2 25 0.500000 24 0.500000
01_-_Default
  0 15.101107 2.532061 92.669861 -0.904224 -0.022243 -0.426480 0.761204 0.183506 2 25 0.500000 24 0.500000
  0 24.116392 0.752106 73.932602 -0.896670 -0.157241 -0.413833 0.689601 0.033730 1 25 1.000000
  0 27.866156 -2.154192 75.236572 0.109097 -0.968513 0.223788 0.660563 0.044900 1 25 1.000000
01_-_Default
  0 17.416080 1.129601 93.590240 0.028405 -0.997628 -0.062704 0.740519 0.190861 1 24 1.000000
  0 16.987686 1.597877 107.243637 0.965040 -0.103257 0.240905 0.746219 0.300000 1 24 1.000000
  0 11.900189 -2.647586 106.144707 0.588097 -0.808202 -0.030846 0.783150 0.288433 1 24 1.000000
01_-_Default
  0 15.101107 2.532061 92.669861 -0.904224 -0.022243 -0.426480 0.761204 0.183506 2 25 0.500000 24 0.500000
  0 17.416080 1.129601 93.590240 0.028405 -0.997628 -0.062704 0.740519 0.190861 1 24 1.000000
  0 11.900189 -2.647586 106.144707 0.588097 -0.808202 -0.030846 0.783150 0.288433 1 24 1.000000
01_-_Default
  0 26.252607 -0.130481 77.609451 -0.900683 0.241317 -0.361298 0.875000 0.051001 1 26 1.000000
  0 27.828609 2.605622 75.521515 -0.900683 0.241317 -0.361298 0.869629 0.041968 1 26 1.000000
  0 27.653500 -2.242743 72.737602 -0.900683 0.241317 -0.361298 0.873884 0.026448 1 26 1.000000
01_-_Default
  0 35.008156 -0.040195 68.387726 0.877002 -0.478659 0.041865 0.867188 0.013892 1 26 1.000000
  0 34.132603 1.182822 66.125786 0.284829 -0.104710 -0.952842 0.867188 0.013892 1 26 1.000000
  0 33.957497 5.494969 66.821770 0.284774 0.748509 -0.598864 0.873884 0.026448 1 26 1.000000
01_-_Default
  0 35.008156 -0.040195 68.387726 0.877002 -0.478659 0.041865 0.867188 0.013892 1 26 1.000000
  0 33.957497 5.494969 66.821770 0.284774 0.748509 -0.598864 0.873884 0.026448 1 26 1.000000
  0 33.607269 4.477122 69.605690 0.692273 0.541810 0.476655 0.873884 0.026448 1 26 1.000000
01_-_Default
  0 26.252607 -0.130481 77.609451 -0.290005 -0.244966 0.925143 0.875000 0.051001 1 26 1.000000
  0 29.667280 -1.569687 72.824600 0.572558 -0.457668 0.680233 0.869629 0.041968 1 26 1.000000
  0 27.828609 2.605622 75.521515 0.182770 0.545575 0.817889 0.869629 0.041968 1 26 1.000000
01_-_Default
  0 28.529053 4.936785 72.389610 -0.082458 0.994643 0.062331 0.873884 0.026448 1 26 1.000000
  0 33.957497 5.494969 66.821770 0.284774 0.748509 -0.598864 0.873884 0.026448 1 26 1.000000
  0 28.879274 -0.218038 70.997650 0.227572 -0.657694 -0.718087 0.857422 0.026001 1 26 1.000000
01_-_Default
  0 27.828609 2.605622 75.521515 0.900683 -0.241317 0.361298 0.869629 0.041968 1 26 1.000000
  0 26.252607 -0.130481 77.609451 0.900683 -0.241317 0.361298 0.875000 0.051001 1 26 1.000000
  0 27.653500 -2.242743 72.737602 0.900683 -0.241317 0.361298 0.873884 0.026448 1 26 1.000000
01_-_Default
  0 33.957497 5.494969 66.821770 0.284774 0.748509 -0.598864 0.873884 0.026448 1 26 1.000000
  0 34.132603 1.182822 66.125786 0.284829 -0.104710 -0.952842 0.867188 0.013892 1 26 1.000000
  0 28.879274 -0.218038 70.997650 0.227572 -0.657694 -0.718087 0.857422 0.026001 1 26 1.000000
01_-_Default
  0 34.132603 1.182822 66.125786 0.284829 -0.104710 -0.952842 0.867188 0.013892 1 26 1.000000
  0 35.008156 -0.040195 68.387726 0.877002 -0.478659 0.041865 0.867188 0.013892 1 26 1.000000
  0 30.630390 -1.531386 67.169739 -0.456494 -0.528211 -0.715966 0.867188 0.013892 1 26 1.000000
01_-_Default
  0 28.529053 4.936785 72.389610 -0.082458 0.994643 0.062331 0.873884 0.026448 1 26 1.000000
  0 33.607269 4.477122 69.605690 0.692273 0.541810 0.476655 0.873884 0.026448 1 26 1.000000
  0 33.957497 5.494969 66.821770 0.284774 0.748509 -0.598864 0.873884 0.026448 1 26 1.000000
01_-_Default
  0 30.630390 -1.531386 67.169739 -0.456494 -0.528211 -0.715966 0.867188 0.013892 1 26 1.000000
  0 35.008156 -0.040195 68.387726 0.877002 -0.478659 0.041865 0.867188 0.013892 1 26 1.000000
  0 29.667280 -1.569687 72.824600 0.157769 -0.961280 -0.225942 0.857422 0.026001 1 26 1.000000
01_-_Default
  0 27.828609 2.605622 75.521515 0.182770 0.545575 0.817889 0.869629 0.041968 1 26 1.000000
  0 33.607269 4.477122 69.605690 0.692273 0.541810 0.476655 0.873884 0.026448 1 26 1.000000
  0 28.529053 4.936785 72.389610 -0.082458 0.994643 0.062331 0.873884 0.026448 1 26 1.000000
01_-_Default
  0 27.653500 -2.242743 72.737602 0.266498 -0.855188 0.444558 0.869629 0.041968 1 26 1.000000
  0 29.667280 -1.569687 72.824600 0.572558 -0.457668 0.680233 0.869629 0.041968 1 26 1.000000
  0 26.252607 -0.130481 77.609451 -0.290005 -0.244966 0.925143 0.875000 0.051001 1 26 1.000000
01_-_Default
  0 28.879274 -0.218038 70.997650 0.227572 -0.657694 -0.718087 0.857422 0.026001 1 26 1.000000
  0 34.132603 1.182822 66.125786 0.284829 -0.104710 -0.952842 0.867188 0.013892 1 26 1.000000
  0 30.630390 -1.531386 67.169739 -0.456494 -0.528211 -0.715966 0.867188 0.013892 1 26 1.000000
01_-_Default
  0 28.879274 -0.218038 70.997650 0.227572 -0.657694 -0.718087 0.857422 0.026001 1 26 1.000000
  0 30.630390 -1.531386 67.169739 -0.456494 -0.528211 -0.715966 0.867188 0.013892 1 26 1.000000
  0 29.667280 -1.569687 72.824600 0.157769 -0.961280 -0.225942 0.857422 0.026001 1 26 1.000000
01_-_Default
  0 27.653500 -2.242743 72.737602 -0.133842 -0.843091 -0.520848 0.857422 0.026001 1 26 1.000000
  0 28.879274 -0.218038 70.997650 0.227572 -0.657694 -0.718087 0.857422 0.026001 1 26 1.000000
  0 29.667280 -1.569687 72.824600 0.157769 -0.961280 -0.225942 0.857422 0.026001 1 26 1.000000
01_-_Default
  0 28.529053 4.936785 72.389610 -0.082458 0.994643 0.062331 0.873884 0.026448 1 26 1.000000
  0 24.851723 3.273914 71.693642 -0.885733 0.427057 -0.181934 0.873884 0.026448 1 26 1.000000
  0 27.828609 2.605622 75.521515 0.182770 0.545575 0.817889 0.869629 0.041968 1 26 1.000000
01_-_Default
  0 26.252607 -0.130481 77.609451 -0.290005 -0.244966 0.925143 0.875000 0.051001 1 26 1.000000
  0 24.851723 3.273914 71.693642 -0.885733 0.427057 -0.181934 0.873884 0.026448 1 26 1.000000
  0 27.653500 -2.242743 72.737602 -0.886009 -0.460419 -0.054797 0.873884 0.026448 1 26 1.000000
01_-_Default
  0 27.828609 2.605622 75.521515 0.182770 0.545575 0.817889 0.869629 0.041968 1 26 1.000000
  0 24.851723 3.273914 71.693642 -0.885733 0.427057 -0.181934 0.873884 0.026448 1 26 1.000000
  0 26.252607 -0.130481 77.609451 -0.290005 -0.244966 0.925143 0.875000 0.051001 1 26 1.000000
01_-_Default
  0 28.879274 -0.218038 70.997650 0.227572 -0.657694 -0.718087 0.857422 0.026001 1 26 1.000000
  0 28.529053 -0.152363 66.473785 0.184051 -0.253449 -0.949678 0.867188 0.013892 1 26 1.000000
  0 28.529053 4.936785 72.389610 -0.082458 0.994643 0.062331 0.873884 0.026448 1 26 1.000000
01_-_Default
  0 28.529053 4.936785 72.389610 -0.082458 0.994643 0.062331 0.873884 0.026448 1 26 1.000000
  0 28.529053 -0.152363 66.473785 0.184051 -0.253449 -0.949678 0.867188 0.013892 1 26 1.000000
  0 24.851723 3.273914 71.693642 -0.885733 0.427057 -0.181934 0.873884 0.026448 1 26 1.000000
01_-_Default
  0 24.851723 3.273914 71.693642 -0.885733 0.427057 -0.181934 0.873884 0.026448 1 26 1.000000
  0 28.529053 -0.152363 66.473785 0.184051 -0.253449 -0.949678 0.867188 0.013892 1 26 1.000000
  0 27.653500 -2.242743 72.737602 -0.133842 -0.843091 -0.520848 0.857422 0.026001 1 26 1.000000
01_-_Default
  0 27.653500 -2.242743 72.737602 -0.133842 -0.843091 -0.520848 0.857422 0.026001 1 26 1.000000
  0 28.529053 -0.152363 66.473785 0.184051 -0.253449 -0.949678 0.867188 0.013892 1 26 1.000000
  0 28.879274 -0.218038 70.997650 0.227572 -0.657694 -0.718087 0.857422 0.026001 1 26 1.000000
01_-_Default
  0 27.828609 2.605622 75.521515 -0.900683 0.241317 -0.361298 0.869629 0.041968 1 26 1.000000
  0 27.653500 -2.242743 72.737602 -0.900683 0.241317 -0.361298 0.873884 0.026448 1 26 1.000000
  0 26.252607 -0.130481 77.609451 -0.900683 0.241317 -0.361298 0.875000 0.051001 1 26 1.000000
01_-_Default
  0 27.828609 2.605622 75.521515 0.182770 0.545575 0.817889 0.869629 0.041968 1 26 1.000000
  0 29.667280 -1.569687 72.824600 0.572558 -0.457668 0.680233 0.869629 0.041968 1 26 1.000000
  0 32.381500 1.303243 71.693642 0.700943 -0.071165 0.709658 0.873884 0.026448 1 26 1.000000
01_-_Default
  0 32.381500 1.303243 71.693642 0.700943 -0.071165 0.709658 0.873884 0.026448 1 26 1.000000
  0 33.607269 4.477122 69.605690 0.692273 0.541810 0.476655 0.873884 0.026448 1 26 1.000000
  0 27.828609 2.605622 75.521515 0.182770 0.545575 0.817889 0.869629 0.041968 1 26 1.000000
01_-_Default
  0 33.607269 4.477122 69.605690 0.692273 0.541810 0.476655 0.873884 0.026448 1 26 1.000000
  0 32.381500 1.303243 71.693642 0.700943 -0.071165 0.709658 0.873884 0.026448 1 26 1.000000
  0 35.008156 -0.040195 68.387726 0.877002 -0.478659 0.041865 0.867188 0.013892 1 26 1.000000
01_-_Default
  0 32.381500 1.303243 71.693642 0.700943 -0.071165 0.709658 0.873884 0.026448 1 26 1.000000
  0 29.667280 -1.569687 72.824600 0.157769 -0.961280 -0.225942 0.857422 0.026001 1 26 1.000000
  0 35.008156 -0.040195 68.387726 0.877002 -0.478659 0.041865 0.867188 0.013892 1 26 1.000000
01_-_Default
  0 3.838578 -0.896591 62.738617 -0.997008 -0.012260 -0.076323 0.878906 0.492408 1 6 1.000000
  0 10.492970 5.845191 62.645916 0.133486 0.990336 -0.037642 0.863281 0.496314 1 6 1.000000
  0 9.617257 5.031401 38.286682 0.008224 0.998402 0.055916 0.867188 0.406470 1 7 1.000000
01_-_Default
  0 5.315869 1.621081 38.286686 -0.995962 0.086296 -0.024763 0.875000 0.422095 2 7 0.500000 6 0.500000
  0 9.617257 -2.129229 31.674896 0.002097 -0.992745 -0.120224 0.859375 0.386939 1 7 1.000000
  0 9.617258 -3.728977 38.286686 0.010345 -0.999918 -0.007536 0.855469 0.408423 2 7 0.500000 6 0.500000
01_-_Default
  0 5.315869 1.621081 38.286686 -0.995962 0.086296 -0.024763 0.875000 0.422095 2 7 0.500000 6 0.500000
  0 9.617258 -3.728977 38.286686 0.010345 -0.999918 -0.007536 0.855469 0.408423 2 7 0.500000 6 0.500000
  0 9.617258 -2.870555 42.114571 -0.005743 -0.993946 -0.109717 0.859375 0.426001 1 6 1.000000
01_-_Default
  0 9.617257 -2.129229 31.674896 0.002097 -0.992745 -0.120224 0.859375 0.386939 1 7 1.000000
  0 13.733028 1.637498 38.286686 0.995863 0.089417 -0.016154 0.855469 0.408423 2 7 0.500000 6 0.500000
  0 9.617258 -3.728977 38.286686 0.010345 -0.999918 -0.007536 0.855469 0.408423 2 7 0.500000 6 0.500000
01_-_Default
  0 9.617258 -3.728977 38.286686 0.010345 -0.999918 -0.007536 0.855469 0.408423 2 7 0.500000 6 0.500000
  0 13.733028 1.637498 38.286686 0.995863 0.089417 -0.016154 0.855469 0.408423 2 7 0.500000 6 0.500000
  0 9.617258 -2.870555 42.114571 -0.005743 -0.993946 -0.109717 0.859375 0.426001 1 6 1.000000
01_-_Default
  0 9.617258 -2.870555 42.114571 -0.005743 -0.993946 -0.109717 0.859375 0.426001 1 6 1.000000
  0 13.733028 1.637498 38.286686 0.995863 0.089417 -0.016154 0.855469 0.408423 2 7 0.500000 6 0.500000
  0 10.274079 -8.032340 62.645916 0.120507 -0.980103 -0.157721 0.863281 0.496314 1 6 1.000000
01_-_Default
  0 13.733028 1.637498 38.286686 0.995863 0.089417 -0.016154 0.855469 0.408423 2 7 0.500000 6 0.500000
  0 13.995201 -0.086704 62.645916 0.997866 0.049523 -0.042544 0.863281 0.496314 1 6 1.000000
  0 10.274079 -8.032340 62.645916 0.120507 -0.980103 -0.157721 0.863281 0.496314 1 6 1.000000
01_-_Default
  0 13.995201 -0.086704 62.645916 0.997866 0.049523 -0.042544 0.863281 0.496314 1 6 1.000000
  0 13.733028 1.637498 38.286686 0.995863 0.089417 -0.016154 0.855469 0.408423 2 7 0.500000 6 0.500000
  0 9.617257 5.031401 38.286682 0.008224 0.998402 0.055916 0.867188 0.406470 1 7 1.000000
01_-_Default
  0 9.617257 5.031401 38.286682 0.008224 0.998402 0.055916 0.867188 0.406470 1 7 1.000000
  0 10.492970 5.845191 62.645916 0.133486 0.990336 -0.037642 0.863281 0.496314 1 6 1.000000
  0 13.995201 -0.086704 62.645916 0.997866 0.049523 -0.042544 0.863281 0.496314 1 6 1.000000
01_-_Default
  0 5.315869 1.621081 38.286686 -0.995962 0.086296 -0.024763 0.875000 0.422095 2 7 0.500000 6 0.500000
  0 9.617258 -2.870555 42.114571 -0.005743 -0.993946 -0.109717 0.859375 0.426001 1 6 1.000000
  0 10.274079 -8.032340 62.645916 0.120507 -0.980103 -0.157721 0.863281 0.496314 1 6 1.000000
01_-_Default
  0 5.315869 1.621081 38.286686 -0.995962 0.086296 -0.024763 0.875000 0.422095 2 7 0.500000 6 0.500000
  0 10.274079 -8.032340 62.645916 0.120507 -0.980103 -0.157721 0.863281 0.496314 1 6 1.000000
  0 3.838578 -0.896591 62.738617 -0.997008 -0.012260 -0.076323 0.878906 0.492408 1 6 1.000000
01_-_Default
  0 9.617257 5.031401 38.286682 0.008224 0.998402 0.055916 0.867188 0.406470 1 7 1.000000
  0 5.315869 1.621081 38.286686 -0.995962 0.086296 -0.024763 0.875000 0.422095 2 7 0.500000 6 0.500000
  0 3.838578 -0.896591 62.738617 -0.997008 -0.012260 -0.076323 0.878906 0.492408 1 6 1.000000
01_-_Default
  0 10.266003 -0.569777 10.042941 0.096873 -0.992955 -0.068239 0.853516 0.285376 2 7 0.500000 8 0.500000
  0 9.617257 -2.129229 31.674896 0.002097 -0.992745 -0.120224 0.859375 0.386939 1 7 1.000000
  0 5.917537 3.871040 8.873703 -0.998663 0.051458 0.004878 0.865234 0.285376 2 7 0.500000 8 0.500000
01_-_Default
  0 13.818570 3.856997 8.372596 0.968788 0.247234 0.018019 0.853516 0.285376 2 7 0.500000 8 0.500000
  0 13.733028 1.637498 38.286686 0.995863 0.089417 -0.016154 0.855469 0.408423 2 7 0.500000 6 0.500000
  0 9.617257 -2.129229 31.674896 0.002097 -0.992745 -0.120224 0.859375 0.386939 1 7 1.000000
01_-_Default
  0 13.818570 3.856997 8.372596 0.968788 0.247234 0.018019 0.853516 0.285376 2 7 0.500000 8 0.500000
  0 8.718902 7.103762 9.110116 -0.133007 0.988362 0.073823 0.865234 0.285376 2 7 0.500000 8 0.500000
  0 9.617257 5.031401 38.286682 0.008224 0.998402 0.055916 0.867188 0.406470 1 7 1.000000
01_-_Default
  0 5.917537 3.871040 8.873703 -0.998663 0.051458 0.004878 0.865234 0.285376 2 7 0.500000 8 0.500000
  0 9.617257 5.031401 38.286682 0.008224 0.998402 0.055916 0.867188 0.406470 1 7 1.000000
  0 8.718902 7.103762 9.110116 -0.133007 0.988362 0.073823 0.865234 0.285376 2 7 0.500000 8 0.500000
01_-_Default
  0 13.818570 3.856997 8.372596 0.968788 0.247234 0.018019 0.853516 0.285376 2 7 0.500000 8 0.500000
  0 9.617257 -2.129229 31.674896 0.002097 -0.992745 -0.120224 0.859375 0.386939 1 7 1.000000
  0 10.266003 -0.569777 10.042941 0.096873 -0.992955 -0.068239 0.853516 0.285376 2 7 0.500000 8 0.500000
01_-_Default
  0 5.917537 3.871040 8.873703 -0.998663 0.051458 0.004878 0.865234 0.285376 2 7 0.500000 8 0.500000
  0 9.617257 -2.129229 31.674896 0.002097 -0.992745 -0.120224 0.859375 0.386939 1 7 1.000000
  0 5.315869 1.621081 38.286686 -0.995962 0.086296 -0.024763 0.875000 0.422095 2 7 0.500000 6 0.500000
01_-_Default
  0 5.315869 1.621081 38.286686 -0.995962 0.086296 -0.024763 0.875000 0.422095 2 7 0.500000 6 0.500000
  0 9.617257 5.031401 38.286682 0.008224 0.998402 0.055916 0.867188 0.406470 1 7 1.000000
  0 5.917537 3.871040 8.873703 -0.998663 0.051458 0.004878 0.865234 0.285376 2 7 0.500000 8 0.500000
01_-_Default
  0 13.733028 1.637498 38.286686 0.995863 0.089417 -0.016154 0.855469 0.408423 2 7 0.500000 6 0.500000
  0 13.818570 3.856997 8.372596 0.968788 0.247234 0.018019 0.853516 0.285376 2 7 0.500000 8 0.500000
  0 9.617257 5.031401 38.286682 0.008224 0.998402 0.055916 0.867188 0.406470 1 7 1.000000
01_-_Default
  0 14.490566 -13.212225 5.643497 0.581472 -0.513427 0.631097 0.859375 0.228736 1 8 1.000000
  0 10.266003 -0.569777 10.042941 0.157552 -0.198990 0.967254 0.875000 0.168189 2 7 0.500000 8 0.500000
  0 7.261979 -13.614334 5.894089 -0.482776 -0.583417 0.653109 0.892578 0.234595 1 8 1.000000
01_-_Default
  0 10.266003 -0.569777 10.042941 0.157552 -0.198990 0.967254 0.875000 0.168189 2 7 0.500000 8 0.500000
  0 14.490566 -13.212225 5.643497 0.581472 -0.513427 0.631097 0.859375 0.228736 1 8 1.000000
  0 16.283831 4.389345 4.502944 0.870970 0.407407 0.274647 0.855469 0.125220 1 8 1.000000
01_-_Default
  0 16.283831 4.389345 4.502944 0.870970 0.407407 0.274647 0.855469 0.125220 1 8 1.000000
  0 13.818570 3.856997 8.372596 0.831593 0.160757 0.531611 0.863281 0.136939 2 7 0.500000 8 0.500000
  0 10.266003 -0.569777 10.042941 0.157552 -0.198990 0.967254 0.875000 0.168189 2 7 0.500000 8 0.500000
01_-_Default
  0 13.818570 3.856997 8.372596 0.831593 0.160757 0.531611 0.863281 0.136939 2 7 0.500000 8 0.500000
  0 16.283831 4.389345 4.502944 0.870970 0.407407 0.274647 0.855469 0.125220 1 8 1.000000
  0 8.831189 8.914257 5.025306 -0.347922 0.909387 0.227958 0.882813 0.093970 1 8 1.000000
01_-_Default
  0 8.831189 8.914257 5.025306 -0.347922 0.909387 0.227958 0.882813 0.093970 1 8 1.000000
  0 8.718902 7.103762 9.110116 -0.177264 0.902463 0.392603 0.882813 0.125220 2 7 0.500000 8 0.500000
  0 13.818570 3.856997 8.372596 0.831593 0.160757 0.531611 0.863281 0.136939 2 7 0.500000 8 0.500000
01_-_Default
  0 8.831189 8.914257 5.025306 -0.347922 0.909387 0.227958 0.882813 0.093970 1 8 1.000000
  0 3.704144 2.386086 4.113214 -0.959415 0.219557 0.176969 0.906250 0.136939 1 8 1.000000
  0 5.917537 3.871040 8.873703 -0.843835 0.269256 0.464159 0.894531 0.140845 2 7 0.500000 8 0.500000
01_-_Default
  0 5.917537 3.871040 8.873703 -0.843835 0.269256 0.464159 0.894531 0.140845 2 7 0.500000 8 0.500000
  0 8.718902 7.103762 9.110116 -0.177264 0.902463 0.392603 0.882813 0.125220 2 7 0.500000 8 0.500000
  0 8.831189 8.914257 5.025306 -0.347922 0.909387 0.227958 0.882813 0.093970 1 8 1.000000
01_-_Default
  0 16.059513 -13.453543 0.146120 0.749615 -0.415216 -0.515434 0.859375 0.228736 1 8 1.000000
  0 8.831388 8.970278 -0.208785 -0.541349 0.409766 -0.734189 0.882813 0.093970 1 8 1.000000
  0 16.283831 4.130200 0.222704 0.718455 0.237560 -0.653749 0.855469 0.125220 1 8 1.000000
01_-_Default
  0 5.861304 -14.338192 0.452357 -0.689461 -0.533599 -0.489812 0.892578 0.234595 1 8 1.000000
  0 3.704144 2.119931 -0.167005 -0.737506 0.177617 -0.651565 0.906250 0.136939 1 8 1.000000
  0 8.831388 8.970278 -0.208785 -0.541349 0.409766 -0.734189 0.882813 0.093970 1 8 1.000000
01_-_Default
  0 16.283831 4.130200 0.222704 0.718455 0.237560 -0.653749 0.855469 0.125220 1 8 1.000000
  0 16.283831 4.389345 4.502944 0.870970 0.407407 0.274647 0.855469 0.125220 1 8 1.000000
  0 14.490566 -13.212225 5.643497 0.581472 -0.513427 0.631097 0.859375 0.228736 1 8 1.000000
01_-_Default
  0 14.490566 -13.212225 5.643497 0.581472 -0.513427 0.631097 0.859375 0.228736 1 8 1.000000
  0 16.059513 -13.453543 0.146120 0.749615 -0.415216 -0.515434 0.859375 0.228736 1 8 1.000000
  0 16.283831 4.130200 0.222704 0.718455 0.237560 -0.653749 0.855469 0.125220 1 8 1.000000
01_-_Default
  0 16.283831 4.389345 4.502944 0.870970 0.407407 0.274647 0.855469 0.125220 1 8 1.000000
  0 16.283831 4.130200 0.222704 0.718455 0.237560 -0.653749 0.855469 0.125220 1 8 1.000000
  0 8.831189 8.914257 5.025306 -0.347922 0.909387 0.227958 0.882813 0.093970 1 8 1.000000
01_-_Default
  0 5.861304 -14.338192 0.452357 -0.689461 -0.533599 -0.489812 0.892578 0.234595 1 8 1.000000
  0 7.261979 -13.614334 5.894089 -0.482776 -0.583417 0.653109 0.892578 0.234595 1 8 1.000000
  0 3.704144 2.386086 4.113214 -0.959415 0.219557 0.176969 0.906250 0.136939 1 8 1.000000
01_-_Default
  0 3.704144 2.386086 4.113214 -0.959415 0.219557 0.176969 0.906250 0.136939 1 8 1.000000
  0 3.704144 2.119931 -0.167005 -0.737506 0.177617 -0.651565 0.906250 0.136939 1 8 1.000000
  0 5.861304 -14.338192 0.452357 -0.689461 -0.533599 -0.489812 0.892578 0.234595 1 8 1.000000
01_-_Default
  0 7.261979 -13.614334 5.894089 -0.482776 -0.583417 0.653109 0.892578 0.234595 1 8 1.000000
  0 10.266003 -0.569777 10.042941 0.157552 -0.198990 0.967254 0.875000 0.168189 2 7 0.500000 8 0.500000
  0 5.917537 3.871040 8.873703 -0.843835 0.269256 0.464159 0.894531 0.140845 2 7 0.500000 8 0.500000
01_-_Default
  0 5.917537 3.871040 8.873703 -0.843835 0.269256 0.464159 0.894531 0.140845 2 7 0.500000 8 0.500000
  0 3.704144 2.386086 4.113214 -0.959415 0.219557 0.176969 0.906250 0.136939 1 8 1.000000
  0 7.261979 -13.614334 5.894089 -0.482776 -0.583417 0.653109 0.892578 0.234595 1 8 1.000000
01_-_Default
  0 5.861304 -14.338192 0.452357 -0.689461 -0.533599 -0.489812 0.892578 0.234595 1 8 1.000000
  0 8.831388 8.970278 -0.208785 -0.541349 0.409766 -0.734189 0.882813 0.093970 1 8 1.000000
  0 16.059513 -13.453543 0.146120 0.749615 -0.415216 -0.515434 0.859375 0.228736 1 8 1.000000
01_-_Default
  0 16.059513 -13.453543 0.146120 0.749615 -0.415216 -0.515434 0.859375 0.228736 1 8 1.000000
  0 10.904504 -16.509674 0.090367 0.036639 -0.851395 -0.523244 0.875000 0.254126 1 8 1.000000
  0 5.861304 -14.338192 0.452357 -0.689461 -0.533599 -0.489812 0.892578 0.234595 1 8 1.000000
01_-_Default
  0 8.831388 8.970278 -0.208785 -0.541349 0.409766 -0.734189 0.882813 0.093970 1 8 1.000000
  0 3.704144 2.119931 -0.167005 -0.737506 0.177617 -0.651565 0.906250 0.136939 1 8 1.000000
  0 8.831189 8.914257 5.025306 -0.347922 0.909387 0.227958 0.882813 0.093970 1 8 1.000000
01_-_Default
  0 3.704144 2.119931 -0.167005 -0.737506 0.177617 -0.651565 0.906250 0.136939 1 8 1.000000
  0 3.704144 2.386086 4.113214 -0.959415 0.219557 0.176969 0.906250 0.136939 1 8 1.000000
  0 8.831189 8.914257 5.025306 -0.347922 0.909387 0.227958 0.882813 0.093970 1 8 1.000000
01_-_Default
  0 8.831189 8.914257 5.025306 0.544283 0.838854 0.008942 0.882813 0.093970 1 8 1.000000
  0 16.283831 4.130200 0.222704 0.544283 0.838854 0.008942 0.855469 0.125220 1 8 1.000000
  0 8.831388 8.970278 -0.208785 0.544283 0.838854 0.008942 0.882813 0.093970 1 8 1.000000
01_-_Default
  0 7.261979 -13.614334 5.894089 -0.482776 -0.583417 0.653109 0.892578 0.234595 1 8 1.000000
  0 10.904504 -16.509674 0.090367 0.036639 -0.851395 -0.523244 0.875000 0.254126 1 8 1.000000
  0 14.490566 -13.212225 5.643497 0.581472 -0.513427 0.631097 0.859375 0.228736 1 8 1.000000
01_-_Default
  0 14.490566 -13.212225 5.643497 0.581472 -0.513427 0.631097 0.859375 0.228736 1 8 1.000000
  0 10.904504 -16.509674 0.090367 0.036639 -0.851395 -0.523244 0.875000 0.254126 1 8 1.000000
  0 16.059513 -13.453543 0.146120 0.749615 -0.415216 -0.515434 0.859375 0.228736 1 8 1.000000
01_-_Default
  0 5.861304 -14.338192 0.452357 -0.689461 -0.533599 -0.489812 0.892578 0.234595 1 8 1.000000
  0 10.904504 -16.509674 0.090367 0.036639 -0.851395 -0.523244 0.875000 0.254126 1 8 1.000000
  0 7.261979 -13.614334 5.894089 -0.482776 -0.583417 0.653109 0.892578 0.234595 1 8 1.000000
01_-_Default
  0 15.482848 0.988980 137.159409 0.984724 0.157573 -0.074094 0.984016 0.616239 1 28 1.000000
  0 10.997101 -6.278760 136.463425 0.852032 -0.520517 -0.055702 0.967933 0.613728 1 28 1.000000
  0 11.400854 -3.271586 129.232086 0.895317 -0.069031 -0.440047 0.967535 0.588239 1 28 1.000000
01_-_Default
  0 9.902492 -7.635858 144.646729 0.857949 -0.511281 0.050155 0.964008 0.643255 1 28 1.000000
  0 15.482848 0.988980 137.159409 0.984724 0.157573 -0.074094 0.984016 0.616239 1 28 1.000000
  0 14.694567 0.791987 144.646729 0.997774 -0.061759 -0.025166 0.978679 0.643255 1 28 1.000000
01_-_Default
  0 7.454172 -1.235798 123.554985 0.633685 0.082727 -0.769155 0.892325 0.684806 1 28 1.000000
  0 7.410745 -8.000133 123.544136 0.679869 -0.381825 -0.626089 0.882472 0.705933 1 28 1.000000
  0 4.976478 -7.101293 121.456207 0.446005 -0.158625 -0.880862 0.850793 0.678587 1 28 1.000000
01_-_Default
  0 7.734644 -10.002422 129.111938 0.650539 -0.758041 0.046620 0.886687 0.778857 1 28 1.000000
  0 7.909756 -10.265087 127.024033 0.696601 -0.694902 -0.178489 0.888966 0.751511 1 28 1.000000
  0 11.400854 -3.271586 129.232086 0.899440 -0.318751 -0.299006 0.934399 0.780433 1 28 1.000000
01_-_Default
  0 0.312062 -14.117546 127.024033 0.000006 -0.997811 0.066131 0.790089 0.751511 1 28 1.000000
  0 7.734644 -10.002422 129.111938 0.650539 -0.758041 0.046620 0.886687 0.778857 1 28 1.000000
  0 0.312062 -12.191311 129.111938 0.000005 -0.948126 0.317893 0.790089 0.778857 1 28 1.000000
01_-_Default
  0 0.312062 -12.191311 129.111938 0.000005 -0.948126 0.317893 0.790089 0.778857 1 28 1.000000
  0 8.916294 -10.229048 136.463425 0.648006 -0.761600 0.007390 0.902066 0.875142 1 28 1.000000
  0 0.312062 -13.731279 136.463425 0.000005 -0.999410 -0.034339 0.790089 0.875142 1 28 1.000000
01_-_Default
  0 10.371229 5.845118 129.566849 0.742549 0.344851 -0.574194 0.967535 0.588239 1 28 1.000000
  0 11.400854 -3.271586 129.232086 0.895317 -0.069031 -0.440047 0.967535 0.588239 1 28 1.000000
  0 7.454172 -1.235798 123.554985 0.522857 0.312477 -0.793082 0.955231 0.567150 1 28 1.000000
01_-_Default
  0 15.482848 0.988980 137.159409 0.984724 0.157573 -0.074094 0.984016 0.616239 1 28 1.000000
  0 11.400854 -3.271586 129.232086 0.895317 -0.069031 -0.440047 0.967535 0.588239 1 28 1.000000
  0 10.371229 5.845118 129.566849 0.742549 0.344851 -0.574194 0.967535 0.588239 1 28 1.000000
01_-_Default
  0 0.312062 -13.731279 136.463425 0.000005 -0.999410 -0.034339 0.790089 0.875142 1 28 1.000000
  0 8.916294 -10.229048 136.463425 0.648006 -0.761600 0.007390 0.902066 0.875142 1 28 1.000000
  0 9.902492 -7.635858 144.646729 0.589886 -0.798537 0.119892 0.914900 0.982321 1 28 1.000000
01_-_Default
  0 9.902492 -7.635858 144.646729 0.589886 -0.798537 0.119892 0.914900 0.982321 1 28 1.000000
  0 0.312062 -13.381031 144.646729 0.000006 -0.999097 0.042489 0.790089 0.982321 1 28 1.000000
  0 0.312062 -13.731279 136.463425 0.000005 -0.999410 -0.034339 0.790089 0.875142 1 28 1.000000
01_-_Default
  0 9.902492 -7.635858 144.646729 0.589886 -0.798537 0.119892 0.914900 0.982321 1 28 1.000000
  0 8.916294 -10.229048 136.463425 0.648006 -0.761600 0.007390 0.902066 0.875142 1 28 1.000000
  0 10.997101 -6.278760 136.463425 0.880954 -0.467751 -0.071616 0.929145 0.875142 1 28 1.000000
01_-_Default
  0 9.902492 -7.635858 144.646729 0.857949 -0.511281 0.050155 0.964008 0.643255 1 28 1.000000
  0 10.997101 -6.278760 136.463425 0.852032 -0.520517 -0.055702 0.967933 0.613728 1 28 1.000000
  0 15.482848 0.988980 137.159409 0.984724 0.157573 -0.074094 0.984016 0.616239 1 28 1.000000
01_-_Default
  0 7.454172 -1.235798 123.554985 0.522857 0.312477 -0.793082 0.955231 0.567150 1 28 1.000000
  0 0.312062 -3.785993 121.456207 0.002419 -0.697431 -0.716648 0.929623 0.547337 1 28 1.000000
  0 3.685208 0.219655 122.848160 0.580017 0.307419 -0.754370 0.940462 0.547744 1 28 1.000000
01_-_Default
  0 10.371229 5.845118 129.566849 0.742549 0.344851 -0.574194 0.967535 0.588239 1 28 1.000000
  0 13.293901 6.888040 144.646729 0.955110 0.219452 -0.199012 0.978679 0.643255 1 28 1.000000
  0 14.694567 0.791987 144.646729 0.997774 -0.061759 -0.025166 0.978679 0.643255 1 28 1.000000
01_-_Default
  0 14.694567 0.791987 144.646729 0.997774 -0.061759 -0.025166 0.978679 0.643255 1 28 1.000000
  0 15.482848 0.988980 137.159409 0.984724 0.157573 -0.074094 0.984016 0.616239 1 28 1.000000
  0 10.371229 5.845118 129.566849 0.742549 0.344851 -0.574194 0.967535 0.588239 1 28 1.000000
01_-_Default
  0 10.371229 5.845118 129.566849 0.742549 0.344851 -0.574194 0.967535 0.588239 1 28 1.000000
  0 7.454172 -1.235798 123.554985 0.522857 0.312477 -0.793082 0.955231 0.567150 1 28 1.000000
  0 0.312062 10.222883 127.024033 0.003387 0.525932 -0.850520 0.929623 0.579668 1 28 1.000000
01_-_Default
  0 0.312062 10.222883 127.024033 0.003387 0.525932 -0.850520 0.929623 0.579668 1 28 1.000000
  0 7.454172 -1.235798 123.554985 0.522857 0.312477 -0.793082 0.955231 0.567150 1 28 1.000000
  0 3.685208 0.219655 122.848160 0.580017 0.307419 -0.754370 0.940462 0.547744 1 28 1.000000
01_-_Default
  0 3.685208 0.219655 122.848160 0.580017 0.307419 -0.754370 0.940462 0.547744 1 28 1.000000
  0 0.312062 3.314188 122.848160 0.000021 0.777448 -0.628947 0.929623 0.547337 1 28 1.000000
  0 0.312062 10.222883 127.024033 0.003387 0.525932 -0.850520 0.929623 0.579668 1 28 1.000000
01_-_Default
  0 3.685208 0.219655 122.848160 0.580017 0.307419 -0.754370 0.940462 0.547744 1 28 1.000000
  0 2.984764 0.219655 116.584358 0.991512 -0.069046 -0.110168 0.940462 0.547744 1 14 1.000000
  0 0.312062 2.987908 116.584358 0.000023 0.996064 -0.088632 0.929623 0.547337 1 14 1.000000
01_-_Default
  0 0.312062 2.987908 116.584358 0.000023 0.996064 -0.088632 0.929623 0.547337 1 14 1.000000
  0 0.312062 3.314188 122.848160 0.000021 0.777448 -0.628947 0.929623 0.547337 1 28 1.000000
  0 3.685208 0.219655 122.848160 0.580017 0.307419 -0.754370 0.940462 0.547744 1 28 1.000000
01_-_Default
  0 0.312062 -1.903560 116.584358 0.000023 -0.980773 -0.195153 0.929623 0.547337 1 14 1.000000
  0 2.984764 0.219655 116.584358 0.991512 -0.069046 -0.110168 0.940462 0.547744 1 14 1.000000
  0 3.685208 0.219655 122.848160 0.580017 0.307419 -0.754370 0.940462 0.547744 1 28 1.000000
01_-_Default
  0 3.685208 0.219655 122.848160 0.580017 0.307419 -0.754370 0.940462 0.547744 1 28 1.000000
  0 0.312062 -3.785993 121.456207 0.002419 -0.697431 -0.716648 0.929623 0.547337 1 28 1.000000
  0 0.312062 -1.903560 116.584358 0.000023 -0.980773 -0.195153 0.929623 0.547337 1 14 1.000000
01_-_Default
  0 7.734644 -10.002422 129.111938 0.650539 -0.758041 0.046620 0.886687 0.778857 1 28 1.000000
  0 11.400854 -3.271586 129.232086 0.899440 -0.318751 -0.299006 0.934399 0.780433 1 28 1.000000
  0 10.997101 -6.278760 136.463425 0.880954 -0.467751 -0.071616 0.929145 0.875142 1 28 1.000000
01_-_Default
  0 10.997101 -6.278760 136.463425 0.880954 -0.467751 -0.071616 0.929145 0.875142 1 28 1.000000
  0 8.916294 -10.229048 136.463425 0.648006 -0.761600 0.007390 0.902066 0.875142 1 28 1.000000
  0 7.734644 -10.002422 129.111938 0.650539 -0.758041 0.046620 0.886687 0.778857 1 28 1.000000
01_-_Default
  0 0.312062 -12.191311 123.544136 0.000008 -0.817625 -0.575752 0.790089 0.705933 1 28 1.000000
  0 4.976478 -7.101293 121.456207 0.446005 -0.158625 -0.880862 0.850793 0.678587 1 28 1.000000
  0 7.410745 -8.000133 123.544136 0.679869 -0.381825 -0.626089 0.882472 0.705933 1 28 1.000000
01_-_Default
  0 0.312062 -14.117546 127.024033 0.000006 -0.997811 0.066131 0.790089 0.751511 1 28 1.000000
  0 7.909756 -10.265087 127.024033 0.696601 -0.694902 -0.178489 0.888966 0.751511 1 28 1.000000
  0 7.734644 -10.002422 129.111938 0.650539 -0.758041 0.046620 0.886687 0.778857 1 28 1.000000
01_-_Default
  0 7.410745 -8.000133 123.544136 0.679869 -0.381825 -0.626089 0.882472 0.705933 1 28 1.000000
  0 11.400854 -3.271586 129.232086 0.899440 -0.318751 -0.299006 0.934399 0.780433 1 28 1.000000
  0 7.909756 -10.265087 127.024033 0.696601 -0.694902 -0.178489 0.888966 0.751511 1 28 1.000000
01_-_Default
  0 7.909756 -10.265087 127.024033 0.696601 -0.694902 -0.178489 0.888966 0.751511 1 28 1.000000
  0 0.312062 -14.117546 127.024033 0.000006 -0.997811 0.066131 0.790089 0.751511 1 28 1.000000
  0 0.312062 -12.191311 123.544136 0.000008 -0.817625 -0.575752 0.790089 0.705933 1 28 1.000000
01_-_Default
  0 7.410745 -8.000133 123.544136 0.679869 -0.381825 -0.626089 0.882472 0.705933 1 28 1.000000
  0 7.909756 -10.265087 127.024033 0.696601 -0.694902 -0.178489 0.888966 0.751511 1 28 1.000000
  0 0.312062 -12.191311 123.544136 0.000008 -0.817625 -0.575752 0.790089 0.705933 1 28 1.000000
01_-_Default
  0 0.312062 -8.829124 119.302841 0.000010 -0.308413 -0.951252 0.790089 0.646704 1 28 1.000000
  0 4.976478 -7.101293 121.456207 0.446005 -0.158625 -0.880862 0.850793 0.678587 1 28 1.000000
  0 0.312062 -12.191311 123.544136 0.000008 -0.817625 -0.575752 0.790089 0.705933 1 28 1.000000
01_-_Default
  0 0.312062 -3.785993 121.456207 0.002823 0.329567 -0.944128 0.790089 0.646704 1 28 1.000000
  0 7.454172 -1.235798 123.554985 0.633685 0.082727 -0.769155 0.892325 0.684806 1 28 1.000000
  0 4.976478 -7.101293 121.456207 0.446005 -0.158625 -0.880862 0.850793 0.678587 1 28 1.000000
01_-_Default
  0 4.976478 -7.101293 121.456207 0.446005 -0.158625 -0.880862 0.850793 0.678587 1 28 1.000000
  0 0.312062 -8.829124 119.302841 0.000010 -0.308413 -0.951252 0.790089 0.646704 1 28 1.000000
  0 0.312062 -3.785993 121.456207 0.002823 0.329567 -0.944128 0.790089 0.646704 1 28 1.000000
01_-_Default
  0 7.734644 -10.002422 129.111938 0.650539 -0.758041 0.046620 0.886687 0.778857 1 28 1.000000
  0 8.916294 -10.229048 136.463425 0.648006 -0.761600 0.007390 0.902066 0.875142 1 28 1.000000
  0 0.312062 -12.191311 129.111938 0.000005 -0.948126 0.317893 0.790089 0.778857 1 28 1.000000
01_-_Default
  0 7.454172 -1.235798 123.554985 0.633685 0.082727 -0.769155 0.892325 0.684806 1 28 1.000000
  0 11.400854 -3.271586 129.232086 0.899440 -0.318751 -0.299006 0.934399 0.780433 1 28 1.000000
  0 7.410745 -8.000133 123.544136 0.679869 -0.381825 -0.626089 0.882472 0.705933 1 28 1.000000
01_-_Default
  0 7.664515 3.896385 89.267235 0.308055 0.868983 0.387260 0.588160 0.436350 1 14 1.000000
  0 12.419033 8.688110 74.825539 0.366556 0.823616 0.432774 0.620608 0.337154 1 5 1.000000
  0 0.312062 6.858062 88.475212 0.000007 0.984452 0.175651 0.537977 0.430909 1 14 1.000000
01_-_Default
  0 0.312062 7.571728 111.487144 0.000002 0.963655 0.267152 0.537977 0.588974 1 14 1.000000
  0 9.179646 6.151720 113.104469 0.060049 0.871302 0.487059 0.598500 0.600083 1 14 1.000000
  0 0.312062 8.019621 102.706833 0.000003 0.999698 -0.024573 0.537977 0.528664 1 14 1.000000
01_-_Default
  0 0.312062 -8.114866 88.649757 0.000009 -0.980211 0.197954 0.112055 0.441829 1 14 1.000000
  0 7.279062 -4.785466 89.093231 0.434083 -0.896600 -0.087635 0.171262 0.445621 1 14 1.000000
  0 0.312062 -9.411319 101.829201 0.000006 -0.997784 0.066542 0.112055 0.554547 1 14 1.000000
01_-_Default
  0 0.312062 -9.411319 101.829201 0.000006 -0.997784 0.066542 0.112055 0.554547 1 14 1.000000
  0 9.617412 -2.363040 111.016525 0.366334 -0.774597 0.515557 0.191134 0.633121 1 14 1.000000
  0 0.312062 -7.141331 111.022232 0.000006 -0.916793 0.399363 0.112055 0.633171 1 14 1.000000
01_-_Default
  0 0.312062 14.611784 74.825539 0.394655 0.806607 0.440037 0.311020 0.297547 1 5 1.000000
  0 12.419033 8.688110 74.825539 0.500545 0.792307 0.348861 0.392980 0.301332 1 5 1.000000
  0 0.312063 23.554502 58.537697 0.000003 0.914578 0.404409 0.311020 0.183411 2 6 0.500000 10 0.500000
01_-_Default
  0 0.312062 -8.114866 88.649757 0.000009 -0.980211 0.197954 0.112055 0.441829 1 14 1.000000
  0 -6.655231 -4.785466 89.093231 -0.461864 -0.877129 0.131631 0.052849 0.445621 1 14 1.000000
  0 0.312062 -15.271259 73.766670 0.000005 -0.929103 0.369820 0.112054 0.314541 1 5 1.000000
01_-_Default
  0 0.312062 -15.271259 73.766670 0.000005 -0.929103 0.369820 0.112054 0.314541 1 5 1.000000
  0 -6.655231 -4.785466 89.093231 -0.461864 -0.877129 0.131631 0.052849 0.445621 1 14 1.000000
  0 -10.657136 -7.112907 74.825539 -0.554887 -0.782840 0.281534 0.018841 0.323597 1 5 1.000000
01_-_Default
  0 -11.795345 8.688110 74.825539 -0.391979 0.801166 0.452201 0.455347 0.337154 1 5 1.000000
  0 0.312062 6.858062 88.475212 0.000007 0.984452 0.175651 0.537977 0.430909 1 14 1.000000
  0 0.312062 14.611784 74.825539 0.000006 0.870857 0.491537 0.537977 0.337154 1 5 1.000000
01_-_Default
  0 0.312062 8.019621 102.706833 0.000003 0.999698 -0.024573 0.537977 0.528664 1 14 1.000000
  0 -8.687137 6.283052 102.664795 -0.221545 0.973762 -0.052010 0.476559 0.528375 1 14 1.000000
  0 -8.555802 6.151720 113.104469 -0.060048 0.871303 0.487058 0.477455 0.600083 1 14 1.000000
01_-_Default
  0 -10.350692 1.445600 114.496407 -0.247560 -0.255315 0.934627 0.793979 0.357973 1 14 1.000000
  0 -8.993581 -2.363040 111.016525 -0.419275 -0.791486 0.444700 0.804927 0.330157 1 14 1.000000
  0 -6.804692 1.987338 115.888382 -0.354508 -0.087028 0.930994 0.822143 0.369099 1 14 1.000000
01_-_Default
  0 -6.804692 1.987338 115.888382 -0.554894 -0.690046 0.464682 0.051579 0.674788 1 14 1.000000
  0 0.312062 -7.141331 111.022232 0.000006 -0.916793 0.399363 0.112055 0.633171 1 14 1.000000
  0 0.312062 -5.701852 113.981659 0.000011 -0.921490 0.388403 0.112055 0.658481 1 14 1.000000
01_-_Default
  0 0.312062 5.954741 116.584358 0.000011 0.977965 0.208767 0.537977 0.623985 1 14 1.000000
  0 0.312062 7.571728 111.487144 0.000002 0.963655 0.267152 0.537977 0.588974 1 14 1.000000
  0 -6.804692 1.987338 115.888382 -0.292857 0.787597 0.542149 0.489407 0.619205 1 14 1.000000
01_-_Default
  0 -6.804692 1.987338 115.888382 -0.354508 -0.087028 0.930994 0.822143 0.369099 1 14 1.000000
  0 -8.555802 6.151720 113.104469 -0.383543 0.719920 0.578455 0.808065 0.346846 1 14 1.000000
  0 -10.350692 1.445600 114.496407 -0.247560 -0.255315 0.934627 0.793979 0.357973 1 14 1.000000
01_-_Default
  0 -6.804692 1.987338 115.888382 -0.292857 0.787597 0.542149 0.489407 0.619205 1 14 1.000000
  0 0.312062 7.571728 111.487144 0.000002 0.963655 0.267152 0.537977 0.588974 1 14 1.000000
  0 -8.555802 6.151720 113.104469 -0.060048 0.871303 0.487058 0.477455 0.600083 1 14 1.000000
01_-_Default
  0 0.312062 -7.141331 111.022232 0.000006 -0.916793 0.399363 0.112055 0.633171 1 14 1.000000
  0 -6.804692 1.987338 115.888382 -0.554894 -0.690046 0.464682 0.051579 0.674788 1 14 1.000000
  0 -8.993581 -2.363040 111.016525 -0.366325 -0.774601 0.515557 0.032977 0.633121 1 14 1.000000
01_-_Default
  0 0.312062 5.954741 116.584358 0.000011 0.977965 0.208767 0.537977 0.623985 1 14 1.000000
  0 -4.703344 1.708298 120.064247 -0.545847 0.812734 0.203751 0.503748 0.647888 1 14 1.000000
  0 0.312062 6.129852 120.760223 0.000014 0.999133 -0.041631 0.537977 0.652669 1 14 1.000000
01_-_Default
  0 -4.703344 1.708298 120.064247 -0.545847 0.812734 0.203751 0.503748 0.647888 1 14 1.000000
  0 0.312062 5.954741 116.584358 0.000011 0.977965 0.208767 0.537977 0.623985 1 14 1.000000
  0 -6.804692 1.987338 115.888382 -0.292857 0.787597 0.542149 0.489407 0.619205 1 14 1.000000
01_-_Default
  0 -4.703344 1.708298 120.064247 -0.689081 -0.677934 0.256072 0.069436 0.710502 1 14 1.000000
  0 0.312062 -5.701852 113.981659 0.000011 -0.921490 0.388403 0.112055 0.658481 1 14 1.000000
  0 0.312062 -4.530016 118.672279 0.000015 -0.970545 0.240921 0.112055 0.698597 1 14 1.000000
01_-_Default
  0 0.312062 -5.701852 113.981659 0.000011 -0.921490 0.388403 0.112055 0.658481 1 14 1.000000
  0 -4.703344 1.708298 120.064247 -0.689081 -0.677934 0.256072 0.069436 0.710502 1 14 1.000000
  0 -6.804692 1.987338 115.888382 -0.554894 -0.690046 0.464682 0.051579 0.674788 1 14 1.000000
01_-_Default
  0 -9.168510 1.395211 101.272842 -0.339036 -0.038741 -0.939976 0.803369 0.252272 1 14 1.000000
  0 -11.276359 -2.647586 106.144707 -0.588092 -0.808206 -0.030849 0.783150 0.288433 1 15 1.000000
  0 -10.937232 1.001239 101.467018 0.596532 -0.184752 -0.781035 0.789321 0.253825 1 15 1.000000
01_-_Default
  0 -11.276359 -2.647586 106.144707 -0.588092 -0.808206 -0.030849 0.783150 0.288433 1 15 1.000000
  0 -9.168510 1.395211 101.272842 -0.339036 -0.038741 -0.939976 0.803369 0.252272 1 14 1.000000
  0 -9.387582 -4.617573 104.752731 -0.780043 -0.578774 -0.237810 0.801798 0.280088 1 14 1.000000
01_-_Default
  0 -8.993581 -2.363040 111.016525 -0.419275 -0.791486 0.444700 0.804927 0.330157 1 14 1.000000
  0 -11.276359 -2.647586 106.144707 -0.588092 -0.808206 -0.030849 0.783150 0.288433 1 15 1.000000
  0 -9.387582 -4.617573 104.752731 -0.780043 -0.578774 -0.237810 0.801798 0.280088 1 14 1.000000
01_-_Default
  0 -9.168510 1.395211 101.272842 -0.339036 -0.038741 -0.939976 0.803369 0.252272 1 14 1.000000
  0 -12.151914 6.655186 105.448723 -0.321407 0.941179 -0.104308 0.783150 0.288433 1 15 1.000000
  0 -8.687137 6.283052 102.664795 -0.433515 0.651464 -0.622623 0.807022 0.263398 1 14 1.000000
01_-_Default
  0 -12.151914 6.655186 105.448723 -0.321407 0.941179 -0.104308 0.783150 0.288433 1 15 1.000000
  0 -9.168510 1.395211 101.272842 -0.339036 -0.038741 -0.939976 0.803369 0.252272 1 14 1.000000
  0 -10.937232 1.001239 101.467018 0.596532 -0.184752 -0.781035 0.789321 0.253825 1 15 1.000000
01_-_Default
  0 -8.687137 6.283052 102.664795 -0.433515 0.651464 -0.622623 0.807022 0.263398 1 14 1.000000
  0 -12.151914 6.655186 105.448723 -0.321407 0.941179 -0.104308 0.783150 0.288433 1 15 1.000000
  0 -8.555802 6.151720 113.104469 -0.383543 0.719920 0.578455 0.808065 0.346846 1 14 1.000000
01_-_Default
  0 0.312062 -9.411319 101.829201 0.000006 -0.997784 0.066542 0.112055 0.554547 1 14 1.000000
  0 -8.993581 -2.363040 111.016525 -0.366325 -0.774601 0.515557 0.032977 0.633121 1 14 1.000000
  0 -9.387582 -4.617573 104.752731 -0.388780 -0.901971 0.187879 0.029629 0.579549 1 14 1.000000
01_-_Default
  0 0.312062 -9.411319 101.829201 0.000006 -0.997784 0.066542 0.112055 0.554547 1 14 1.000000
  0 -9.387582 -4.617573 104.752731 -0.388780 -0.901971 0.187879 0.029629 0.579549 1 14 1.000000
  0 -6.655231 -4.785466 89.093231 -0.461864 -0.877129 0.131631 0.052849 0.445621 1 14 1.000000
01_-_Default
  0 -6.655231 -4.785466 89.093231 -0.996739 -0.048777 0.064275 0.262773 0.516520 1 14 1.000000
  0 -9.387582 -4.617573 104.752731 -0.983452 -0.063089 -0.169831 0.264980 0.723709 1 14 1.000000
  0 -9.168510 1.395211 101.272842 -0.986520 0.024262 -0.161833 0.344028 0.677667 1 14 1.000000
01_-_Default
  0 -8.687137 6.283052 102.664795 -0.221545 0.973762 -0.052010 0.476559 0.528375 1 14 1.000000
  0 0.312062 6.858062 88.475212 0.000007 0.984452 0.175651 0.537977 0.430909 1 14 1.000000
  0 -7.040686 3.896385 89.267235 -0.363932 0.927242 0.088185 0.487795 0.436350 1 14 1.000000
01_-_Default
  0 -8.687137 6.283052 102.664795 -0.221545 0.973762 -0.052010 0.476559 0.528375 1 14 1.000000
  0 0.312062 8.019621 102.706833 0.000003 0.999698 -0.024573 0.537977 0.528664 1 14 1.000000
  0 0.312062 6.858062 88.475212 0.000007 0.984452 0.175651 0.537977 0.430909 1 14 1.000000
01_-_Default
  0 -6.655231 -4.785466 89.093231 -0.996739 -0.048777 0.064275 0.262773 0.516520 1 14 1.000000
  0 -9.168510 1.395211 101.272842 -0.986520 0.024262 -0.161833 0.344028 0.677667 1 14 1.000000
  0 -7.040686 3.896385 89.267235 -0.997556 -0.031922 0.062154 0.376909 0.518822 1 14 1.000000
01_-_Default
  0 -7.040686 3.896385 89.267235 -0.997556 -0.031922 0.062154 0.376909 0.518822 1 14 1.000000
  0 -9.168510 1.395211 101.272842 -0.986520 0.024262 -0.161833 0.344028 0.677667 1 14 1.000000
  0 -8.687137 6.283052 102.664795 -0.979930 0.137792 -0.144048 0.408286 0.696084 1 14 1.000000
01_-_Default
  0 -10.657136 -7.112907 74.825539 -0.956558 -0.061895 0.284895 0.232175 0.327748 1 5 1.000000
  0 -7.040686 3.896385 89.267235 -0.997556 -0.031922 0.062154 0.376909 0.518822 1 14 1.000000
  0 -11.795345 8.688110 74.825539 -0.954665 -0.068768 0.289630 0.439904 0.327748 1 5 1.000000
01_-_Default
  0 -7.040686 3.896385 89.267235 -0.997556 -0.031922 0.062154 0.376909 0.518822 1 14 1.000000
  0 -10.657136 -7.112907 74.825539 -0.956558 -0.061895 0.284895 0.232175 0.327748 1 5 1.000000
  0 -6.655231 -4.785466 89.093231 -0.996739 -0.048777 0.064275 0.262773 0.516520 1 14 1.000000
01_-_Default
  0 -19.817314 -12.072954 58.470051 -0.452849 -0.781132 0.429839 0.170206 0.184407 1 10 1.000000
  0 0.312063 -22.572283 58.123875 0.000001 -0.907192 0.420717 0.311020 0.183411 2 6 0.500000 10 0.500000
  0 0.312062 -15.271259 73.766670 0.000003 -0.875131 0.483886 0.311020 0.297547 1 5 1.000000
01_-_Default
  0 -19.817314 -12.072954 58.470051 -0.452849 -0.781132 0.429839 0.170206 0.184407 1 10 1.000000
  0 0.312062 -15.271259 73.766670 0.000003 -0.875131 0.483886 0.311020 0.297547 1 5 1.000000
  0 -10.657136 -7.112907 74.825539 -0.489198 -0.721712 0.489711 0.229061 0.301332 1 5 1.000000
01_-_Default
  0 -19.205544 9.199816 58.470051 -0.569361 0.772812 0.280340 0.170206 0.184407 1 10 1.000000
  0 -11.795345 8.688110 74.825539 -0.500540 0.792312 0.348856 0.229061 0.301332 1 5 1.000000
  0 0.312063 23.554502 58.537697 0.000003 0.914578 0.404409 0.311020 0.183411 2 6 0.500000 10 0.500000
01_-_Default
  0 -11.795345 8.688110 74.825539 -0.891357 -0.014795 0.453061 0.630491 0.305998 1 5 1.000000
  0 -19.817314 -12.072954 58.470051 -0.891758 -0.014032 0.452294 0.468406 0.177488 1 10 1.000000
  0 -10.657136 -7.112907 74.825539 -0.864028 -0.062239 0.499582 0.507129 0.305998 1 5 1.000000
01_-_Default
  0 -19.817314 -12.072954 58.470051 -0.891758 -0.014032 0.452294 0.468406 0.177488 1 10 1.000000
  0 -11.795345 8.688110 74.825539 -0.891357 -0.014795 0.453061 0.630491 0.305998 1 5 1.000000
  0 -19.205544 9.199816 58.470051 -0.911241 0.026206 0.411039 0.634486 0.177488 1 10 1.000000
01_-_Default
  0 -11.276359 -2.647586 106.144707 -0.588092 -0.808206 -0.030849 0.783150 0.288433 1 15 1.000000
  0 -14.224404 1.930631 113.831902 -0.710114 -0.033002 0.703312 0.763211 0.352661 1 15 1.000000
  0 -16.363981 1.597893 107.243637 -0.965041 -0.103257 0.240903 0.746219 0.300000 1 15 1.000000
01_-_Default
  0 -14.224404 1.930631 113.831902 -0.710114 -0.033002 0.703312 0.763211 0.352661 1 15 1.000000
  0 -11.276359 -2.647586 106.144707 -0.588092 -0.808206 -0.030849 0.783150 0.288433 1 15 1.000000
  0 -8.993581 -2.363040 111.016525 -0.419275 -0.791486 0.444700 0.804927 0.330157 1 14 1.000000
01_-_Default
  0 -14.224404 1.930631 113.831902 -0.710114 -0.033002 0.703312 0.763211 0.352661 1 15 1.000000
  0 -12.151914 6.655186 105.448723 -0.321407 0.941179 -0.104308 0.783150 0.288433 1 15 1.000000
  0 -16.363981 1.597893 107.243637 -0.965041 -0.103257 0.240903 0.746219 0.300000 1 15 1.000000
01_-_Default
  0 -12.151914 6.655186 105.448723 -0.321407 0.941179 -0.104308 0.783150 0.288433 1 15 1.000000
  0 -14.224404 1.930631 113.831902 -0.710114 -0.033002 0.703312 0.763211 0.352661 1 15 1.000000
  0 -8.555802 6.151720 113.104469 -0.383543 0.719920 0.578455 0.808065 0.346846 1 14 1.000000
01_-_Default
  0 -8.555802 6.151720 113.104469 -0.383543 0.719920 0.578455 0.808065 0.346846 1 14 1.000000
  0 -14.224404 1.930631 113.831902 -0.710114 -0.033002 0.703312 0.763211 0.352661 1 15 1.000000
  0 -10.350692 1.445600 114.496407 -0.247560 -0.255315 0.934627 0.793979 0.357973 1 14 1.000000
01_-_Default
  0 -11.276359 -2.647586 106.144707 -0.588092 -0.808206 -0.030849 0.783150 0.288433 1 15 1.000000
  0 -14.477264 2.532075 92.669861 0.904224 -0.022244 -0.426480 0.761204 0.183506 2 15 0.500000 16 0.500000
  0 -10.937232 1.001239 101.467018 0.596532 -0.184752 -0.781035 0.789321 0.253825 1 15 1.000000
01_-_Default
  0 -10.937232 1.001239 101.467018 0.596532 -0.184752 -0.781035 0.789321 0.253825 1 15 1.000000
  0 -15.866247 4.842477 96.810524 0.080914 0.996641 -0.012646 0.750002 0.216604 1 15 1.000000
  0 -12.151914 6.655186 105.448723 -0.321407 0.941179 -0.104308 0.783150 0.288433 1 15 1.000000
01_-_Default
  0 -15.866247 4.842477 96.810524 0.080914 0.996641 -0.012646 0.750002 0.216604 1 15 1.000000
  0 -10.937232 1.001239 101.467018 0.596532 -0.184752 -0.781035 0.789321 0.253825 1 15 1.000000
  0 -14.477264 2.532075 92.669861 0.904224 -0.022244 -0.426480 0.761204 0.183506 2 15 0.500000 16 0.500000
01_-_Default
  0 -15.866247 4.842477 96.810524 0.080914 0.996641 -0.012646 0.750002 0.216604 1 15 1.000000
  0 -16.363981 1.597893 107.243637 -0.965041 -0.103257 0.240903 0.746219 0.300000 1 15 1.000000
  0 -12.151914 6.655186 105.448723 -0.321407 0.941179 -0.104308 0.783150 0.288433 1 15 1.000000
01_-_Default
  0 -16.363981 1.597893 107.243637 -0.965041 -0.103257 0.240903 0.746219 0.300000 1 15 1.000000
  0 -15.866247 4.842477 96.810524 0.080914 0.996641 -0.012646 0.750002 0.216604 1 15 1.000000
  0 -19.917616 2.831053 94.195442 -0.914901 -0.049020 0.400691 0.717994 0.195699 2 15 0.500000 16 0.500000
01_-_Default
  0 -16.363981 1.597893 107.243637 -0.965041 -0.103257 0.240903 0.746219 0.300000 1 15 1.000000
  0 -19.917616 2.831053 94.195442 -0.914901 -0.049020 0.400691 0.717994 0.195699 2 15 0.500000 16 0.500000
  0 -16.792233 1.129619 93.590240 -0.028404 -0.997627 -0.062710 0.740519 0.190861 1 15 1.000000
01_-_Default
  0 -10.350692 1.445600 114.496407 -0.247560 -0.255315 0.934627 0.793979 0.357973 1 14 1.000000
  0 -14.224404 1.930631 113.831902 -0.710114 -0.033002 0.703312 0.763211 0.352661 1 15 1.000000
  0 -8.993581 -2.363040 111.016525 -0.419275 -0.791486 0.444700 0.804927 0.330157 1 14 1.000000
01_-_Default
  0 -14.477264 2.532075 92.669861 0.904224 -0.022244 -0.426480 0.761204 0.183506 2 15 0.500000 16 0.500000
  0 -17.370798 5.012249 93.590225 -0.014496 0.999747 0.017194 0.740519 0.190861 1 16 1.000000
  0 -15.866247 4.842477 96.810524 0.080914 0.996641 -0.012646 0.750002 0.216604 1 15 1.000000
01_-_Default
  0 -15.866247 4.842477 96.810524 0.080914 0.996641 -0.012646 0.750002 0.216604 1 15 1.000000
  0 -17.370798 5.012249 93.590225 -0.014496 0.999747 0.017194 0.740519 0.190861 1 16 1.000000
  0 -19.917616 2.831053 94.195442 -0.914901 -0.049020 0.400691 0.717994 0.195699 2 15 0.500000 16 0.500000
01_-_Default
  0 -14.477264 2.532075 92.669861 0.904224 -0.022244 -0.426480 0.761204 0.183506 2 15 0.500000 16 0.500000
  0 -18.644346 4.901539 90.369659 0.067077 0.996661 -0.046565 0.727938 0.165119 1 16 1.000000
  0 -17.370798 5.012249 93.590225 -0.014496 0.999747 0.017194 0.740519 0.190861 1 16 1.000000
01_-_Default
  0 -17.370798 5.012249 93.590225 -0.014496 0.999747 0.017194 0.740519 0.190861 1 16 1.000000
  0 -18.644346 4.901539 90.369659 0.067077 0.996661 -0.046565 0.727938 0.165119 1 16 1.000000
  0 -19.917616 2.831053 94.195442 -0.914901 -0.049020 0.400691 0.717994 0.195699 2 15 0.500000 16 0.500000
01_-_Default
  0 -14.477264 2.532075 92.669861 0.904224 -0.022244 -0.426480 0.761204 0.183506 2 15 0.500000 16 0.500000
  0 -27.054583 4.947515 75.422951 0.016529 0.999770 -0.013693 0.660563 0.044900 1 16 1.000000
  0 -18.644346 4.901539 90.369659 0.067077 0.996661 -0.046565 0.727938 0.165119 1 16 1.000000
01_-_Default
  0 -27.054583 4.947515 75.422951 0.016529 0.999770 -0.013693 0.660563 0.044900 1 16 1.000000
  0 -14.477264 2.532075 92.669861 0.904224 -0.022244 -0.426480 0.761204 0.183506 2 15 0.500000 16 0.500000
  0 -23.492544 0.752106 73.932602 0.896667 -0.157278 -0.413827 0.689601 0.033730 1 16 1.000000
01_-_Default
  0 -18.644346 4.901539 90.369659 0.067077 0.996661 -0.046565 0.727938 0.165119 1 16 1.000000
  0 -30.992203 2.177425 76.354446 -0.830277 0.053402 0.554786 0.630034 0.053091 1 16 1.000000
  0 -19.917616 2.831053 94.195442 -0.914901 -0.049020 0.400691 0.717994 0.195699 2 15 0.500000 16 0.500000
01_-_Default
  0 -30.992203 2.177425 76.354446 -0.830277 0.053402 0.554786 0.630034 0.053091 1 16 1.000000
  0 -18.644346 4.901539 90.369659 0.067077 0.996661 -0.046565 0.727938 0.165119 1 16 1.000000
  0 -27.054583 4.947515 75.422951 0.016529 0.999770 -0.013693 0.660563 0.044900 1 16 1.000000
01_-_Default
  0 -30.992203 2.177425 76.354446 -0.830277 0.053402 0.554786 0.630034 0.053091 1 16 1.000000
  0 -16.792233 1.129619 93.590240 -0.028404 -0.997627 -0.062710 0.740519 0.190861 1 15 1.000000
  0 -19.917616 2.831053 94.195442 -0.914901 -0.049020 0.400691 0.717994 0.195699 2 15 0.500000 16 0.500000
01_-_Default
  0 -16.792233 1.129619 93.590240 -0.028404 -0.997627 -0.062710 0.740519 0.190861 1 15 1.000000
  0 -30.992203 2.177425 76.354446 -0.830277 0.053402 0.554786 0.630034 0.053091 1 16 1.000000
  0 -27.242302 -2.153913 75.236572 -0.109103 -0.968513 0.223782 0.660563 0.044900 1 16 1.000000
01_-_Default
  0 -27.242302 -2.153913 75.236572 -0.109103 -0.968513 0.223782 0.660563 0.044900 1 16 1.000000
  0 -14.477264 2.532075 92.669861 0.904224 -0.022244 -0.426480 0.761204 0.183506 2 15 0.500000 16 0.500000
  0 -16.792233 1.129619 93.590240 -0.028404 -0.997627 -0.062710 0.740519 0.190861 1 15 1.000000
01_-_Default
  0 -14.477264 2.532075 92.669861 0.904224 -0.022244 -0.426480 0.761204 0.183506 2 15 0.500000 16 0.500000
  0 -27.242302 -2.153913 75.236572 -0.109103 -0.968513 0.223782 0.660563 0.044900 1 16 1.000000
  0 -23.492544 0.752106 73.932602 0.896667 -0.157278 -0.413827 0.689601 0.033730 1 16 1.000000
01_-_Default
  0 -16.792233 1.129619 93.590240 -0.028404 -0.997627 -0.062710 0.740519 0.190861 1 15 1.000000
  0 -11.276359 -2.647586 106.144707 -0.588092 -0.808206 -0.030849 0.783150 0.288433 1 15 1.000000
  0 -16.363981 1.597893 107.243637 -0.965041 -0.103257 0.240903 0.746219 0.300000 1 15 1.000000
01_-_Default
  0 -14.477264 2.532075 92.669861 0.904224 -0.022244 -0.426480 0.761204 0.183506 2 15 0.500000 16 0.500000
  0 -11.276359 -2.647586 106.144707 -0.588092 -0.808206 -0.030849 0.783150 0.288433 1 15 1.000000
  0 -16.792233 1.129619 93.590240 -0.028404 -0.997627 -0.062710 0.740519 0.190861 1 15 1.000000
01_-_Default
  0 -25.628761 -0.130470 77.609451 0.900683 0.241317 -0.361297 0.875000 0.051001 1 17 1.000000
  0 -27.029646 -2.242743 72.737602 0.900683 0.241317 -0.361297 0.873884 0.026448 1 17 1.000000
  0 -27.204760 2.605637 75.521515 0.900683 0.241317 -0.361297 0.869629 0.041968 1 17 1.000000
01_-_Default
  0 -34.384319 -0.040182 68.387726 -0.888665 -0.456655 0.041710 0.867188 0.013892 1 17 1.000000
  0 -33.333641 5.494984 66.821770 -0.284772 0.748508 -0.598866 0.873884 0.026448 1 17 1.000000
  0 -33.508755 1.182851 66.125786 -0.284828 -0.104708 -0.952843 0.867188 0.013892 1 17 1.000000
01_-_Default
  0 -34.384319 -0.040182 68.387726 -0.888665 -0.456655 0.041710 0.867188 0.013892 1 17 1.000000
  0 -32.983421 4.477151 69.605690 -0.641895 0.643202 0.417448 0.873884 0.026448 1 17 1.000000
  0 -33.333641 5.494984 66.821770 -0.284772 0.748508 -0.598866 0.873884 0.026448 1 17 1.000000
01_-_Default
  0 -25.628761 -0.130470 77.609451 0.328582 -0.261639 0.907513 0.875000 0.051001 1 17 1.000000
  0 -27.204760 2.605637 75.521515 -0.134782 0.615462 0.776557 0.869629 0.041968 1 17 1.000000
  0 -30.181648 0.219752 73.259583 -0.573742 -0.540497 0.615372 0.869629 0.041968 1 17 1.000000
01_-_Default
  0 -27.905201 4.936799 72.389610 0.082460 0.994643 0.062330 0.873884 0.026448 1 17 1.000000
  0 -28.255424 -0.218025 70.997650 -0.146608 -0.418732 -0.896197 0.857422 0.026001 1 17 1.000000
  0 -33.333641 5.494984 66.821770 -0.284772 0.748508 -0.598866 0.873884 0.026448 1 17 1.000000
01_-_Default
  0 -27.204760 2.605637 75.521515 -0.900683 -0.241317 0.361297 0.869629 0.041968 1 17 1.000000
  0 -27.029646 -2.242743 72.737602 -0.900683 -0.241317 0.361297 0.873884 0.026448 1 17 1.000000
  0 -25.628761 -0.130470 77.609451 -0.900683 -0.241317 0.361297 0.875000 0.051001 1 17 1.000000
01_-_Default
  0 -33.333641 5.494984 66.821770 -0.284772 0.748508 -0.598866 0.873884 0.026448 1 17 1.000000
  0 -28.255424 -0.218025 70.997650 -0.146608 -0.418732 -0.896197 0.857422 0.026001 1 17 1.000000
  0 -33.508755 1.182851 66.125786 -0.284828 -0.104708 -0.952843 0.867188 0.013892 1 17 1.000000
01_-_Default
  0 -33.508755 1.182851 66.125786 -0.284828 -0.104708 -0.952843 0.867188 0.013892 1 17 1.000000
  0 -30.006535 -1.531359 67.169739 0.435634 -0.459325 -0.774108 0.867188 0.013892 1 17 1.000000
  0 -34.384319 -0.040182 68.387726 -0.888665 -0.456655 0.041710 0.867188 0.013892 1 17 1.000000
01_-_Default
  0 -27.905201 4.936799 72.389610 0.082460 0.994643 0.062330 0.873884 0.026448 1 17 1.000000
  0 -33.333641 5.494984 66.821770 -0.284772 0.748508 -0.598866 0.873884 0.026448 1 17 1.000000
  0 -32.983421 4.477151 69.605690 -0.641895 0.643202 0.417448 0.873884 0.026448 1 17 1.000000
01_-_Default
  0 -30.006535 -1.531359 67.169739 0.435634 -0.459325 -0.774108 0.867188 0.013892 1 17 1.000000
  0 -29.481203 -2.275553 70.823654 0.069964 -0.996424 0.047364 0.857422 0.026001 1 17 1.000000
  0 -34.384319 -0.040182 68.387726 -0.888665 -0.456655 0.041710 0.867188 0.013892 1 17 1.000000
01_-_Default
  0 -27.204760 2.605637 75.521515 -0.134782 0.615462 0.776557 0.869629 0.041968 1 17 1.000000
  0 -27.905201 4.936799 72.389610 0.082460 0.994643 0.062330 0.873884 0.026448 1 17 1.000000
  0 -32.983421 4.477151 69.605690 -0.641895 0.643202 0.417448 0.873884 0.026448 1 17 1.000000
01_-_Default
  0 -29.481203 -2.275553 70.823654 0.069964 -0.996424 0.047364 0.857422 0.026001 1 17 1.000000
  0 -27.029646 -2.242743 72.737602 -0.475897 -0.717622 0.508469 0.869629 0.041968 1 17 1.000000
  0 -30.181648 0.219752 73.259583 -0.573742 -0.540497 0.615372 0.869629 0.041968 1 17 1.000000
01_-_Default
  0 -27.029646 -2.242743 72.737602 -0.475897 -0.717622 0.508469 0.869629 0.041968 1 17 1.000000
  0 -25.628761 -0.130470 77.609451 0.328582 -0.261639 0.907513 0.875000 0.051001 1 17 1.000000
  0 -30.181648 0.219752 73.259583 -0.573742 -0.540497 0.615372 0.869629 0.041968 1 17 1.000000
01_-_Default
  0 -28.255424 -0.218025 70.997650 -0.146608 -0.418732 -0.896197 0.857422 0.026001 1 17 1.000000
  0 -30.006535 -1.531359 67.169739 0.435634 -0.459325 -0.774108 0.867188 0.013892 1 17 1.000000
  0 -33.508755 1.182851 66.125786 -0.284828 -0.104708 -0.952843 0.867188 0.013892 1 17 1.000000
01_-_Default
  0 -28.255424 -0.218025 70.997650 -0.146608 -0.418732 -0.896197 0.857422 0.026001 1 17 1.000000
  0 -29.481203 -2.275553 70.823654 0.069964 -0.996424 0.047364 0.857422 0.026001 1 17 1.000000
  0 -30.006535 -1.531359 67.169739 0.435634 -0.459325 -0.774108 0.867188 0.013892 1 17 1.000000
01_-_Default
  0 -27.029646 -2.242743 72.737602 0.549403 -0.632930 -0.545487 0.857422 0.026001 1 17 1.000000
  0 -29.481203 -2.275553 70.823654 0.069964 -0.996424 0.047364 0.857422 0.026001 1 17 1.000000
  0 -28.255424 -0.218025 70.997650 -0.146608 -0.418732 -0.896197 0.857422 0.026001 1 17 1.000000
01_-_Default
  0 -27.905201 4.936799 72.389610 0.082460 0.994643 0.062330 0.873884 0.026448 1 17 1.000000
  0 -27.204760 2.605637 75.521515 -0.134782 0.615462 0.776557 0.869629 0.041968 1 17 1.000000
  0 -24.227867 3.273929 71.693642 0.885733 0.427057 -0.181933 0.873884 0.026448 1 17 1.000000
01_-_Default
  0 -25.628761 -0.130470 77.609451 0.328582 -0.261639 0.907513 0.875000 0.051001 1 17 1.000000
  0 -27.029646 -2.242743 72.737602 0.886009 -0.460418 -0.054796 0.873884 0.026448 1 17 1.000000
  0 -24.227867 3.273929 71.693642 0.885733 0.427057 -0.181933 0.873884 0.026448 1 17 1.000000
01_-_Default
  0 -27.204760 2.605637 75.521515 -0.134782 0.615462 0.776557 0.869629 0.041968 1 17 1.000000
  0 -25.628761 -0.130470 77.609451 0.328582 -0.261639 0.907513 0.875000 0.051001 1 17 1.000000
  0 -24.227867 3.273929 71.693642 0.885733 0.427057 -0.181933 0.873884 0.026448 1 17 1.000000
01_-_Default
  0 -28.255424 -0.218025 70.997650 -0.146608 -0.418732 -0.896197 0.857422 0.026001 1 17 1.000000
  0 -27.905201 4.936799 72.389610 0.082460 0.994643 0.062330 0.873884 0.026448 1 17 1.000000
  0 -27.905201 -0.152353 66.473785 -0.184052 -0.253448 -0.949678 0.867188 0.013892 1 17 1.000000
01_-_Default
  0 -27.905201 4.936799 72.389610 0.082460 0.994643 0.062330 0.873884 0.026448 1 17 1.000000
  0 -24.227867 3.273929 71.693642 0.885733 0.427057 -0.181933 0.873884 0.026448 1 17 1.000000
  0 -27.905201 -0.152353 66.473785 -0.184052 -0.253448 -0.949678 0.867188 0.013892 1 17 1.000000
01_-_Default
  0 -24.227867 3.273929 71.693642 0.885733 0.427057 -0.181933 0.873884 0.026448 1 17 1.000000
  0 -27.029646 -2.242743 72.737602 0.549403 -0.632930 -0.545487 0.857422 0.026001 1 17 1.000000
  0 -27.905201 -0.152353 66.473785 -0.184052 -0.253448 -0.949678 0.867188 0.013892 1 17 1.000000
01_-_Default
  0 -27.029646 -2.242743 72.737602 0.549403 -0.632930 -0.545487 0.857422 0.026001 1 17 1.000000
  0 -28.255424 -0.218025 70.997650 -0.146608 -0.418732 -0.896197 0.857422 0.026001 1 17 1.000000
  0 -27.905201 -0.152353 66.473785 -0.184052 -0.253448 -0.949678 0.867188 0.013892 1 17 1.000000
01_-_Default
  0 -27.204760 2.605637 75.521515 0.900683 0.241317 -0.361297 0.869629 0.041968 1 17 1.000000
  0 -25.628761 -0.130470 77.609451 0.900683 0.241317 -0.361297 0.875000 0.051001 1 17 1.000000
  0 -27.029646 -2.242743 72.737602 0.900683 0.241317 -0.361297 0.873884 0.026448 1 17 1.000000
01_-_Default
  0 -30.181648 0.219752 73.259583 -0.713785 -0.114694 0.690910 0.873884 0.026448 1 17 1.000000
  0 -27.204760 2.605637 75.521515 -0.134782 0.615462 0.776557 0.869629 0.041968 1 17 1.000000
  0 -32.983421 4.477151 69.605690 -0.641895 0.643202 0.417448 0.873884 0.026448 1 17 1.000000
01_-_Default
  0 -32.983421 4.477151 69.605690 -0.759464 0.059741 0.647800 0.873884 0.026448 1 17 1.000000
  0 -34.384319 -0.040182 68.387726 -0.888665 -0.456655 0.041710 0.867188 0.013892 1 17 1.000000
  0 -30.181648 0.219752 73.259583 -0.713785 -0.114694 0.690910 0.873884 0.026448 1 17 1.000000
01_-_Default
  0 -30.181648 0.219752 73.259583 -0.713785 -0.114694 0.690910 0.873884 0.026448 1 17 1.000000
  0 -34.384319 -0.040182 68.387726 -0.888665 -0.456655 0.041710 0.867188 0.013892 1 17 1.000000
  0 -29.481203 -2.275553 70.823654 0.069964 -0.996424 0.047364 0.857422 0.026001 1 17 1.000000
01_-_Default
  0 -3.215082 -0.896591 62.738617 0.997009 -0.012258 -0.076312 0.878906 0.492408 1 10 1.000000
  0 -8.993400 5.031401 38.286686 -0.010680 0.998379 0.055912 0.867188 0.406470 2 11 0.500000 10 0.500000
  0 -9.869138 5.845191 62.645916 -0.133476 0.990337 -0.037642 0.863281 0.496314 1 10 1.000000
01_-_Default
  0 -4.692023 1.621081 38.286686 0.996145 0.085204 -0.020846 0.875000 0.422095 2 11 0.500000 10 0.500000
  0 -8.993400 -3.728977 38.286686 -0.010345 -0.999918 -0.007536 0.855469 0.408423 2 11 0.500000 10 0.500000
  0 -8.993400 -2.129215 31.674896 -0.011361 -0.992690 -0.120154 0.859375 0.386939 1 11 1.000000
01_-_Default
  0 -4.692023 1.621081 38.286686 0.996145 0.085204 -0.020846 0.875000 0.422095 2 11 0.500000 10 0.500000
  0 -8.993399 -2.870555 42.114571 0.005745 -0.993946 -0.109717 0.859375 0.426001 1 10 1.000000
  0 -8.993400 -3.728977 38.286686 -0.010345 -0.999918 -0.007536 0.855469 0.408423 2 11 0.500000 10 0.500000
01_-_Default
  0 -8.993400 -2.129215 31.674896 -0.011361 -0.992690 -0.120154 0.859375 0.386939 1 11 1.000000
  0 -8.993400 -3.728977 38.286686 -0.010345 -0.999918 -0.007536 0.855469 0.408423 2 11 0.500000 10 0.500000
  0 -13.109170 1.637498 38.286686 -0.995693 0.090523 -0.020005 0.855469 0.408423 2 11 0.500000 10 0.500000
01_-_Default
  0 -8.993400 -3.728977 38.286686 -0.010345 -0.999918 -0.007536 0.855469 0.408423 2 11 0.500000 10 0.500000
  0 -8.993399 -2.870555 42.114571 0.005745 -0.993946 -0.109717 0.859375 0.426001 1 10 1.000000
  0 -13.109170 1.637498 38.286686 -0.995693 0.090523 -0.020005 0.855469 0.408423 2 11 0.500000 10 0.500000
01_-_Default
  0 -8.993399 -2.870555 42.114571 0.005745 -0.993946 -0.109717 0.859375 0.426001 1 10 1.000000
  0 -9.650248 -8.032340 62.645916 -0.120499 -0.980105 -0.157715 0.863281 0.496314 1 10 1.000000
  0 -13.109170 1.637498 38.286686 -0.995693 0.090523 -0.020005 0.855469 0.408423 2 11 0.500000 10 0.500000
01_-_Default
  0 -13.109170 1.637498 38.286686 -0.995693 0.090523 -0.020005 0.855469 0.408423 2 11 0.500000 10 0.500000
  0 -9.650248 -8.032340 62.645916 -0.120499 -0.980105 -0.157715 0.863281 0.496314 1 10 1.000000
  0 -13.371345 -0.086694 62.645916 -0.997866 0.049524 -0.042545 0.863281 0.496314 1 10 1.000000
01_-_Default
  0 -13.371345 -0.086694 62.645916 -0.997866 0.049524 -0.042545 0.863281 0.496314 1 10 1.000000
  0 -8.993400 5.031401 38.286686 -0.010680 0.998379 0.055912 0.867188 0.406470 2 11 0.500000 10 0.500000
  0 -13.109170 1.637498 38.286686 -0.995693 0.090523 -0.020005 0.855469 0.408423 2 11 0.500000 10 0.500000
01_-_Default
  0 -8.993400 5.031401 38.286686 -0.010680 0.998379 0.055912 0.867188 0.406470 2 11 0.500000 10 0.500000
  0 -13.371345 -0.086694 62.645916 -0.997866 0.049524 -0.042545 0.863281 0.496314 1 10 1.000000
  0 -9.869138 5.845191 62.645916 -0.133476 0.990337 -0.037642 0.863281 0.496314 1 10 1.000000
01_-_Default
  0 -4.692023 1.621081 38.286686 0.996145 0.085204 -0.020846 0.875000 0.422095 2 11 0.500000 10 0.500000
  0 -9.650248 -8.032340 62.645916 -0.120499 -0.980105 -0.157715 0.863281 0.496314 1 10 1.000000
  0 -8.993399 -2.870555 42.114571 0.005745 -0.993946 -0.109717 0.859375 0.426001 1 10 1.000000
01_-_Default
  0 -4.692023 1.621081 38.286686 0.996145 0.085204 -0.020846 0.875000 0.422095 2 11 0.500000 10 0.500000
  0 -3.215082 -0.896591 62.738617 0.997009 -0.012258 -0.076312 0.878906 0.492408 1 10 1.000000
  0 -9.650248 -8.032340 62.645916 -0.120499 -0.980105 -0.157715 0.863281 0.496314 1 10 1.000000
01_-_Default
  0 -8.993400 5.031401 38.286686 -0.010680 0.998379 0.055912 0.867188 0.406470 2 11 0.500000 10 0.500000
  0 -3.215082 -0.896591 62.738617 0.997009 -0.012258 -0.076312 0.878906 0.492408 1 10 1.000000
  0 -4.692023 1.621081 38.286686 0.996145 0.085204 -0.020846 0.875000 0.422095 2 11 0.500000 10 0.500000
01_-_Default
  0 -9.297381 -0.569758 10.042939 -0.087049 -0.993744 -0.069967 0.853516 0.285376 2 11 0.500000 12 0.500000
  0 -4.948950 3.871040 8.873692 0.998522 0.051275 0.018045 0.865234 0.285376 2 11 0.500000 12 0.500000
  0 -8.993400 -2.129215 31.674896 -0.011361 -0.992690 -0.120154 0.859375 0.386939 1 11 1.000000
01_-_Default
  0 -12.849945 3.857017 8.372584 -0.968753 0.247978 0.005014 0.853516 0.285376 2 11 0.500000 12 0.500000
  0 -8.993400 -2.129215 31.674896 -0.011361 -0.992690 -0.120154 0.859375 0.386939 1 11 1.000000
  0 -13.109170 1.637498 38.286686 -0.995693 0.090523 -0.020005 0.855469 0.408423 2 11 0.500000 10 0.500000
01_-_Default
  0 -12.849945 3.857017 8.372584 -0.968753 0.247978 0.005014 0.853516 0.285376 2 11 0.500000 12 0.500000
  0 -8.993400 5.031401 38.286686 -0.010680 0.998379 0.055912 0.867188 0.406470 2 11 0.500000 10 0.500000
  0 -7.750281 7.103762 9.110114 0.137897 0.987562 0.075535 0.865234 0.285376 2 11 0.500000 12 0.500000
01_-_Default
  0 -4.948950 3.871040 8.873692 0.998522 0.051275 0.018045 0.865234 0.285376 2 11 0.500000 12 0.500000
  0 -7.750281 7.103762 9.110114 0.137897 0.987562 0.075535 0.865234 0.285376 2 11 0.500000 12 0.500000
  0 -8.993400 5.031401 38.286686 -0.010680 0.998379 0.055912 0.867188 0.406470 2 11 0.500000 10 0.500000
01_-_Default
  0 -12.849945 3.857017 8.372584 -0.968753 0.247978 0.005014 0.853516 0.285376 2 11 0.500000 12 0.500000
  0 -9.297381 -0.569758 10.042939 -0.087049 -0.993744 -0.069967 0.853516 0.285376 2 11 0.500000 12 0.500000
  0 -8.993400 -2.129215 31.674896 -0.011361 -0.992690 -0.120154 0.859375 0.386939 1 11 1.000000
01_-_Default
  0 -4.948950 3.871040 8.873692 0.998522 0.051275 0.018045 0.865234 0.285376 2 11 0.500000 12 0.500000
  0 -4.692023 1.621081 38.286686 0.996145 0.085204 -0.020846 0.875000 0.422095 2 11 0.500000 10 0.500000
  0 -8.993400 -2.129215 31.674896 -0.011361 -0.992690 -0.120154 0.859375 0.386939 1 11 1.000000
01_-_Default
  0 -4.692023 1.621081 38.286686 0.996145 0.085204 -0.020846 0.875000 0.422095 2 11 0.500000 10 0.500000
  0 -4.948950 3.871040 8.873692 0.998522 0.051275 0.018045 0.865234 0.285376 2 11 0.500000 12 0.500000
  0 -8.993400 5.031401 38.286686 -0.010680 0.998379 0.055912 0.867188 0.406470 2 11 0.500000 10 0.500000
01_-_Default
  0 -13.109170 1.637498 38.286686 -0.995693 0.090523 -0.020005 0.855469 0.408423 2 11 0.500000 10 0.500000
  0 -8.993400 5.031401 38.286686 -0.010680 0.998379 0.055912 0.867188 0.406470 2 11 0.500000 10 0.500000
  0 -12.849945 3.857017 8.372584 -0.968753 0.247978 0.005014 0.853516 0.285376 2 11 0.500000 12 0.500000
01_-_Default
  0 -13.521961 -13.212225 5.643522 -0.581468 -0.513430 0.631097 0.859375 0.228736 1 12 1.000000
  0 -6.293356 -13.614336 5.894084 0.482778 -0.583417 0.653109 0.892578 0.234595 1 12 1.000000
  0 -9.297381 -0.569758 10.042939 -0.157542 -0.198988 0.967256 0.875000 0.168189 2 11 0.500000 12 0.500000
01_-_Default
  0 -9.297381 -0.569758 10.042939 -0.157542 -0.198988 0.967256 0.875000 0.168189 2 11 0.500000 12 0.500000
  0 -15.315402 4.389344 4.502940 -0.870967 0.407408 0.274656 0.855469 0.125220 1 12 1.000000
  0 -13.521961 -13.212225 5.643522 -0.581468 -0.513430 0.631097 0.859375 0.228736 1 12 1.000000
01_-_Default
  0 -15.315402 4.389344 4.502940 -0.870967 0.407408 0.274656 0.855469 0.125220 1 12 1.000000
  0 -9.297381 -0.569758 10.042939 -0.157542 -0.198988 0.967256 0.875000 0.168189 2 11 0.500000 12 0.500000
  0 -12.849945 3.857017 8.372584 -0.831572 0.160775 0.531638 0.863281 0.136939 2 11 0.500000 12 0.500000
01_-_Default
  0 -12.849945 3.857017 8.372584 -0.831572 0.160775 0.531638 0.863281 0.136939 2 11 0.500000 12 0.500000
  0 -7.750281 7.103762 9.110114 0.177269 0.902463 0.392602 0.882813 0.125220 2 11 0.500000 12 0.500000
  0 -7.862566 8.914257 5.025302 0.149779 0.969969 0.191643 0.882813 0.093970 1 12 1.000000
01_-_Default
  0 -7.862566 8.914257 5.025302 0.149779 0.969969 0.191643 0.882813 0.093970 1 12 1.000000
  0 -15.315402 4.389344 4.502940 -0.870967 0.407408 0.274656 0.855469 0.125220 1 12 1.000000
  0 -12.849945 3.857017 8.372584 -0.831572 0.160775 0.531638 0.863281 0.136939 2 11 0.500000 12 0.500000
01_-_Default
  0 -7.862566 8.914257 5.025302 0.149779 0.969969 0.191643 0.882813 0.093970 1 12 1.000000
  0 -4.948950 3.871040 8.873692 0.843835 0.269255 0.464161 0.894531 0.140845 2 11 0.500000 12 0.500000
  0 -2.735536 2.386103 4.113211 0.959414 0.219558 0.176970 0.906250 0.136939 1 12 1.000000
01_-_Default
  0 -4.948950 3.871040 8.873692 0.843835 0.269255 0.464161 0.894531 0.140845 2 11 0.500000 12 0.500000
  0 -7.862566 8.914257 5.025302 0.149779 0.969969 0.191643 0.882813 0.093970 1 12 1.000000
  0 -7.750281 7.103762 9.110114 0.177269 0.902463 0.392602 0.882813 0.125220 2 11 0.500000 12 0.500000
01_-_Default
  0 -15.090902 -13.453526 0.146116 -0.749612 -0.415219 -0.515437 0.859375 0.228736 1 12 1.000000
  0 -15.315402 4.130200 0.222700 -0.732021 0.344099 -0.587997 0.855469 0.125220 1 12 1.000000
  0 -7.862800 8.970276 -0.208789 0.136592 0.796336 -0.589229 0.882813 0.093970 1 12 1.000000
01_-_Default
  0 -4.892681 -14.338192 0.452353 0.689461 -0.533599 -0.489812 0.892578 0.234595 1 12 1.000000
  0 -7.862800 8.970276 -0.208789 0.136592 0.796336 -0.589229 0.882813 0.093970 1 12 1.000000
  0 -2.735536 2.119931 -0.167009 0.737506 0.177617 -0.651565 0.906250 0.136939 1 12 1.000000
01_-_Default
  0 -15.315402 4.130200 0.222700 -0.732021 0.344099 -0.587997 0.855469 0.125220 1 12 1.000000
  0 -13.521961 -13.212225 5.643522 -0.581468 -0.513430 0.631097 0.859375 0.228736 1 12 1.000000
  0 -15.315402 4.389344 4.502940 -0.870967 0.407408 0.274656 0.855469 0.125220 1 12 1.000000
01_-_Default
  0 -13.521961 -13.212225 5.643522 -0.581468 -0.513430 0.631097 0.859375 0.228736 1 12 1.000000
  0 -15.315402 4.130200 0.222700 -0.732021 0.344099 -0.587997 0.855469 0.125220 1 12 1.000000
  0 -15.090902 -13.453526 0.146116 -0.749612 -0.415219 -0.515437 0.859375 0.228736 1 12 1.000000
01_-_Default
  0 -15.315402 4.389344 4.502940 -0.870967 0.407408 0.274656 0.855469 0.125220 1 12 1.000000
  0 -7.862566 8.914257 5.025302 0.149779 0.969969 0.191643 0.882813 0.093970 1 12 1.000000
  0 -15.315402 4.130200 0.222700 -0.732021 0.344099 -0.587997 0.855469 0.125220 1 12 1.000000
01_-_Default
  0 -4.892681 -14.338192 0.452353 0.689461 -0.533599 -0.489812 0.892578 0.234595 1 12 1.000000
  0 -2.735536 2.386103 4.113211 0.959414 0.219558 0.176970 0.906250 0.136939 1 12 1.000000
  0 -6.293356 -13.614336 5.894084 0.482778 -0.583417 0.653109 0.892578 0.234595 1 12 1.000000
01_-_Default
  0 -2.735536 2.386103 4.113211 0.959414 0.219558 0.176970 0.906250 0.136939 1 12 1.000000
  0 -4.892681 -14.338192 0.452353 0.689461 -0.533599 -0.489812 0.892578 0.234595 1 12 1.000000
  0 -2.735536 2.119931 -0.167009 0.737506 0.177617 -0.651565 0.906250 0.136939 1 12 1.000000
01_-_Default
  0 -6.293356 -13.614336 5.894084 0.482778 -0.583417 0.653109 0.892578 0.234595 1 12 1.000000
  0 -4.948950 3.871040 8.873692 0.843835 0.269255 0.464161 0.894531 0.140845 2 11 0.500000 12 0.500000
  0 -9.297381 -0.569758 10.042939 -0.157542 -0.198988 0.967256 0.875000 0.168189 2 11 0.500000 12 0.500000
01_-_Default
  0 -4.948950 3.871040 8.873692 0.843835 0.269255 0.464161 0.894531 0.140845 2 11 0.500000 12 0.500000
  0 -6.293356 -13.614336 5.894084 0.482778 -0.583417 0.653109 0.892578 0.234595 1 12 1.000000
  0 -2.735536 2.386103 4.113211 0.959414 0.219558 0.176970 0.906250 0.136939 1 12 1.000000
01_-_Default
  0 -4.892681 -14.338192 0.452353 0.689461 -0.533599 -0.489812 0.892578 0.234595 1 12 1.000000
  0 -15.090902 -13.453526 0.146116 -0.749612 -0.415219 -0.515437 0.859375 0.228736 1 12 1.000000
  0 -7.862800 8.970276 -0.208789 0.136592 0.796336 -0.589229 0.882813 0.093970 1 12 1.000000
01_-_Default
  0 -15.090902 -13.453526 0.146116 -0.749612 -0.415219 -0.515437 0.859375 0.228736 1 12 1.000000
  0 -4.892681 -14.338192 0.452353 0.689461 -0.533599 -0.489812 0.892578 0.234595 1 12 1.000000
  0 -9.935881 -16.509674 0.090363 -0.036639 -0.851395 -0.523244 0.875000 0.254126 1 12 1.000000
01_-_Default
  0 -7.862800 8.970276 -0.208789 0.136592 0.796336 -0.589229 0.882813 0.093970 1 12 1.000000
  0 -7.862566 8.914257 5.025302 0.149779 0.969969 0.191643 0.882813 0.093970 1 12 1.000000
  0 -2.735536 2.119931 -0.167009 0.737506 0.177617 -0.651565 0.906250 0.136939 1 12 1.000000
01_-_Default
  0 -2.735536 2.119931 -0.167009 0.737506 0.177617 -0.651565 0.906250 0.136939 1 12 1.000000
  0 -7.862566 8.914257 5.025302 0.149779 0.969969 0.191643 0.882813 0.093970 1 12 1.000000
  0 -2.735536 2.386103 4.113211 0.959414 0.219558 0.176970 0.906250 0.136939 1 12 1.000000
01_-_Default
  0 -7.862566 8.914257 5.025302 0.149779 0.969969 0.191643 0.882813 0.093970 1 12 1.000000
  0 -7.862800 8.970276 -0.208789 0.136592 0.796336 -0.589229 0.882813 0.093970 1 12 1.000000
  0 -15.315402 4.130200 0.222700 -0.732021 0.344099 -0.587997 0.855469 0.125220 1 12 1.000000
01_-_Default
  0 -6.293356 -13.614336 5.894084 0.482778 -0.583417 0.653109 0.892578 0.234595 1 12 1.000000
  0 -13.521961 -13.212225 5.643522 -0.581468 -0.513430 0.631097 0.859375 0.228736 1 12 1.000000
  0 -9.935881 -16.509674 0.090363 -0.036639 -0.851395 -0.523244 0.875000 0.254126 1 12 1.000000
01_-_Default
  0 -13.521961 -13.212225 5.643522 -0.581468 -0.513430 0.631097 0.859375 0.228736 1 12 1.000000
  0 -15.090902 -13.453526 0.146116 -0.749612 -0.415219 -0.515437 0.859375 0.228736 1 12 1.000000
  0 -9.935881 -16.509674 0.090363 -0.036639 -0.851395 -0.523244 0.875000 0.254126 1 12 1.000000
01_-_Default
  0 -4.892681 -14.338192 0.452353 0.689461 -0.533599 -0.489812 0.892578 0.234595 1 12 1.000000
  0 -6.293356 -13.614336 5.894084 0.482778 -0.583417 0.653109 0.892578 0.234595 1 12 1.000000
  0 -9.935881 -16.509674 0.090363 -0.036639 -0.851395 -0.523244 0.875000 0.254126 1 12 1.000000
01_-_Default
  0 -14.859008 0.988980 137.159409 -0.984724 0.157568 -0.074102 0.875231 0.616239 1 28 1.000000
  0 -10.777010 -3.271586 129.232086 -0.905052 -0.068408 -0.419764 0.891712 0.588239 1 28 1.000000
  0 -10.373275 -6.278760 136.463425 -0.852033 -0.520516 -0.055701 0.891314 0.613728 1 28 1.000000
01_-_Default
  0 -9.278634 -7.635858 144.646729 -0.857946 -0.511287 0.050149 0.895238 0.643255 1 28 1.000000
  0 -14.070866 0.791987 144.646729 -0.997773 -0.061760 -0.025179 0.880568 0.643255 1 28 1.000000
  0 -14.859008 0.988980 137.159409 -0.984724 0.157568 -0.074102 0.875231 0.616239 1 28 1.000000
01_-_Default
  0 -4.352617 -7.101283 121.456207 -0.436565 -0.167824 -0.883881 0.729385 0.678587 1 28 1.000000
  0 -6.786915 -8.000133 123.544136 -0.675543 -0.398979 -0.620047 0.697705 0.705933 1 28 1.000000
  0 -7.286247 -1.245505 123.550255 -0.655049 0.035848 -0.754735 0.690325 0.689837 1 28 1.000000
01_-_Default
  0 -7.110786 -10.002422 129.111938 -0.650533 -0.758046 0.046619 0.693491 0.778857 1 28 1.000000
  0 -10.777010 -3.271586 129.232086 -0.898117 -0.333385 -0.286774 0.645779 0.780433 1 28 1.000000
  0 -7.285897 -10.265087 127.024033 -0.696594 -0.694909 -0.178489 0.691212 0.751511 1 28 1.000000
01_-_Default
  0 0.312062 -14.117546 127.024033 0.000006 -0.997811 0.066131 0.790089 0.751511 1 28 1.000000
  0 0.312062 -12.191311 129.111938 0.000005 -0.948126 0.317893 0.790089 0.778857 1 28 1.000000
  0 -7.110786 -10.002422 129.111938 -0.650533 -0.758046 0.046619 0.693491 0.778857 1 28 1.000000
01_-_Default
  0 0.312062 -12.191311 129.111938 0.000005 -0.948126 0.317893 0.790089 0.778857 1 28 1.000000
  0 0.312062 -13.731279 136.463425 0.000005 -0.999410 -0.034339 0.790089 0.875142 1 28 1.000000
  0 -8.292437 -10.229048 136.463425 -0.647999 -0.761605 0.007392 0.678111 0.875142 1 28 1.000000
01_-_Default
  0 -7.286247 -1.245505 123.550255 -0.535203 0.322918 -0.780565 0.902382 0.567134 1 28 1.000000
  0 -10.777010 -3.271586 129.232086 -0.905052 -0.068408 -0.419764 0.891712 0.588239 1 28 1.000000
  0 -9.747372 5.845118 129.566849 -0.746850 0.354636 -0.562538 0.891712 0.588239 1 28 1.000000
01_-_Default
  0 -14.859008 0.988980 137.159409 -0.984724 0.157568 -0.074102 0.875231 0.616239 1 28 1.000000
  0 -9.747372 5.845118 129.566849 -0.746850 0.354636 -0.562538 0.891712 0.588239 1 28 1.000000
  0 -10.777010 -3.271586 129.232086 -0.905052 -0.068408 -0.419764 0.891712 0.588239 1 28 1.000000
01_-_Default
  0 0.312062 -13.731279 136.463425 0.000005 -0.999410 -0.034339 0.790089 0.875142 1 28 1.000000
  0 -9.278634 -7.635858 144.646729 -0.589877 -0.798543 0.119895 0.665278 0.982321 1 28 1.000000
  0 -8.292437 -10.229048 136.463425 -0.647999 -0.761605 0.007392 0.678111 0.875142 1 28 1.000000
01_-_Default
  0 -9.278634 -7.635858 144.646729 -0.589877 -0.798543 0.119895 0.665278 0.982321 1 28 1.000000
  0 0.312062 -13.731279 136.463425 0.000005 -0.999410 -0.034339 0.790089 0.875142 1 28 1.000000
  0 0.312062 -13.381031 144.646729 0.000006 -0.999097 0.042489 0.790089 0.982321 1 28 1.000000
01_-_Default
  0 -9.278634 -7.635858 144.646729 -0.589877 -0.798543 0.119895 0.665278 0.982321 1 28 1.000000
  0 -10.373275 -6.278760 136.463425 -0.880952 -0.467755 -0.071616 0.651033 0.875142 1 28 1.000000
  0 -8.292437 -10.229048 136.463425 -0.647999 -0.761605 0.007392 0.678111 0.875142 1 28 1.000000
01_-_Default
  0 -9.278634 -7.635858 144.646729 -0.857946 -0.511287 0.050149 0.895238 0.643255 1 28 1.000000
  0 -14.859008 0.988980 137.159409 -0.984724 0.157568 -0.074102 0.875231 0.616239 1 28 1.000000
  0 -10.373275 -6.278760 136.463425 -0.852033 -0.520516 -0.055701 0.891314 0.613728 1 28 1.000000
01_-_Default
  0 -7.286247 -1.245505 123.550255 -0.535203 0.322918 -0.780565 0.902382 0.567134 1 28 1.000000
  0 -3.061348 0.219655 122.848160 -0.562700 0.311719 -0.765637 0.918785 0.547744 1 28 1.000000
  0 0.312062 -3.785993 121.456207 0.002419 -0.697431 -0.716648 0.929623 0.547337 1 28 1.000000
01_-_Default
  0 -9.747372 5.845118 129.566849 -0.746850 0.354636 -0.562538 0.891712 0.588239 1 28 1.000000
  0 -14.070866 0.791987 144.646729 -0.997773 -0.061760 -0.025179 0.880568 0.643255 1 28 1.000000
  0 -12.670062 6.888055 144.646729 -0.955105 0.219472 -0.199014 0.880568 0.643255 1 28 1.000000
01_-_Default
  0 -14.070866 0.791987 144.646729 -0.997773 -0.061760 -0.025179 0.880568 0.643255 1 28 1.000000
  0 -9.747372 5.845118 129.566849 -0.746850 0.354636 -0.562538 0.891712 0.588239 1 28 1.000000
  0 -14.859008 0.988980 137.159409 -0.984724 0.157568 -0.074102 0.875231 0.616239 1 28 1.000000
01_-_Default
  0 -9.747372 5.845118 129.566849 -0.746850 0.354636 -0.562538 0.891712 0.588239 1 28 1.000000
  0 0.312062 10.222883 127.024033 0.003387 0.525932 -0.850520 0.929623 0.579668 1 28 1.000000
  0 -7.286247 -1.245505 123.550255 -0.535203 0.322918 -0.780565 0.902382 0.567134 1 28 1.000000
01_-_Default
  0 0.312062 10.222883 127.024033 0.003387 0.525932 -0.850520 0.929623 0.579668 1 28 1.000000
  0 -3.061348 0.219655 122.848160 -0.562700 0.311719 -0.765637 0.918785 0.547744 1 28 1.000000
  0 -7.286247 -1.245505 123.550255 -0.535203 0.322918 -0.780565 0.902382 0.567134 1 28 1.000000
01_-_Default
  0 -3.061348 0.219655 122.848160 -0.562700 0.311719 -0.765637 0.918785 0.547744 1 28 1.000000
  0 0.312062 10.222883 127.024033 0.003387 0.525932 -0.850520 0.929623 0.579668 1 28 1.000000
  0 0.312062 3.314188 122.848160 0.000021 0.777448 -0.628947 0.929623 0.547337 1 28 1.000000
01_-_Default
  0 -3.061348 0.219655 122.848160 -0.562700 0.311719 -0.765637 0.918785 0.547744 1 28 1.000000
  0 0.312062 2.987908 116.584358 0.000023 0.996064 -0.088632 0.929623 0.547337 1 14 1.000000
  0 -2.360890 0.219655 116.584358 -0.991512 -0.069046 -0.110170 0.918785 0.547744 1 14 1.000000
01_-_Default
  0 0.312062 2.987908 116.584358 0.000023 0.996064 -0.088632 0.929623 0.547337 1 14 1.000000
  0 -3.061348 0.219655 122.848160 -0.562700 0.311719 -0.765637 0.918785 0.547744 1 28 1.000000
  0 0.312062 3.314188 122.848160 0.000021 0.777448 -0.628947 0.929623 0.547337 1 28 1.000000
01_-_Default
  0 0.312062 -1.903560 116.584358 0.000023 -0.980773 -0.195153 0.929623 0.547337 1 14 1.000000
  0 -3.061348 0.219655 122.848160 -0.562700 0.311719 -0.765637 0.918785 0.547744 1 28 1.000000
  0 -2.360890 0.219655 116.584358 -0.991512 -0.069046 -0.110170 0.918785 0.547744 1 14 1.000000
01_-_Default
  0 -3.061348 0.219655 122.848160 -0.562700 0.311719 -0.765637 0.918785 0.547744 1 28 1.000000
  0 0.312062 -1.903560 116.584358 0.000023 -0.980773 -0.195153 0.929623 0.547337 1 14 1.000000
  0 0.312062 -3.785993 121.456207 0.002419 -0.697431 -0.716648 0.929623 0.547337 1 28 1.000000
01_-_Default
  0 -7.110786 -10.002422 129.111938 -0.650533 -0.758046 0.046619 0.693491 0.778857 1 28 1.000000
  0 -10.373275 -6.278760 136.463425 -0.880952 -0.467755 -0.071616 0.651033 0.875142 1 28 1.000000
  0 -10.777010 -3.271586 129.232086 -0.898117 -0.333385 -0.286774 0.645779 0.780433 1 28 1.000000
01_-_Default
  0 -10.373275 -6.278760 136.463425 -0.880952 -0.467755 -0.071616 0.651033 0.875142 1 28 1.000000
  0 -7.110786 -10.002422 129.111938 -0.650533 -0.758046 0.046619 0.693491 0.778857 1 28 1.000000
  0 -8.292437 -10.229048 136.463425 -0.647999 -0.761605 0.007392 0.678111 0.875142 1 28 1.000000
01_-_Default
  0 0.312062 -12.191311 123.544136 0.000008 -0.817625 -0.575752 0.790089 0.705933 1 28 1.000000
  0 -6.786915 -8.000133 123.544136 -0.675543 -0.398979 -0.620047 0.697705 0.705933 1 28 1.000000
  0 -4.352617 -7.101283 121.456207 -0.436565 -0.167824 -0.883881 0.729385 0.678587 1 28 1.000000
01_-_Default
  0 0.312062 -14.117546 127.024033 0.000006 -0.997811 0.066131 0.790089 0.751511 1 28 1.000000
  0 -7.110786 -10.002422 129.111938 -0.650533 -0.758046 0.046619 0.693491 0.778857 1 28 1.000000
  0 -7.285897 -10.265087 127.024033 -0.696594 -0.694909 -0.178489 0.691212 0.751511 1 28 1.000000
01_-_Default
  0 -6.786915 -8.000133 123.544136 -0.675543 -0.398979 -0.620047 0.697705 0.705933 1 28 1.000000
  0 -7.285897 -10.265087 127.024033 -0.696594 -0.694909 -0.178489 0.691212 0.751511 1 28 1.000000
  0 -10.777010 -3.271586 129.232086 -0.898117 -0.333385 -0.286774 0.645779 0.780433 1 28 1.000000
01_-_Default
  0 -7.285897 -10.265087 127.024033 -0.696594 -0.694909 -0.178489 0.691212 0.751511 1 28 1.000000
  0 0.312062 -12.191311 123.544136 0.000008 -0.817625 -0.575752 0.790089 0.705933 1 28 1.000000
  0 0.312062 -14.117546 127.024033 0.000006 -0.997811 0.066131 0.790089 0.751511 1 28 1.000000
01_-_Default
  0 -6.786915 -8.000133 123.544136 -0.675543 -0.398979 -0.620047 0.697705 0.705933 1 28 1.000000
  0 0.312062 -12.191311 123.544136 0.000008 -0.817625 -0.575752 0.790089 0.705933 1 28 1.000000
  0 -7.285897 -10.265087 127.024033 -0.696594 -0.694909 -0.178489 0.691212 0.751511 1 28 1.000000
01_-_Default
  0 0.312062 -8.829124 119.302841 0.000010 -0.308413 -0.951252 0.790089 0.646704 1 28 1.000000
  0 0.312062 -12.191311 123.544136 0.000008 -0.817625 -0.575752 0.790089 0.705933 1 28 1.000000
  0 -4.352617 -7.101283 121.456207 -0.436565 -0.167824 -0.883881 0.729385 0.678587 1 28 1.000000
01_-_Default
  0 0.312062 -3.785993 121.456207 0.002823 0.329567 -0.944128 0.790089 0.646704 1 28 1.000000
  0 -4.352617 -7.101283 121.456207 -0.436565 -0.167824 -0.883881 0.729385 0.678587 1 28 1.000000
  0 -7.286247 -1.245505 123.550255 -0.655049 0.035848 -0.754735 0.690325 0.689837 1 28 1.000000
01_-_Default
  0 -4.352617 -7.101283 121.456207 -0.436565 -0.167824 -0.883881 0.729385 0.678587 1 28 1.000000
  0 0.312062 -3.785993 121.456207 0.002823 0.329567 -0.944128 0.790089 0.646704 1 28 1.000000
  0 0.312062 -8.829124 119.302841 0.000010 -0.308413 -0.951252 0.790089 0.646704 1 28 1.000000
01_-_Default
  0 -7.110786 -10.002422 129.111938 -0.650533 -0.758046 0.046619 0.693491 0.778857 1 28 1.000000
  0 0.312062 -12.191311 129.111938 0.000005 -0.948126 0.317893 0.790089 0.778857 1 28 1.000000
  0 -8.292437 -10.229048 136.463425 -0.647999 -0.761605 0.007392 0.678111 0.875142 1 28 1.000000
01_-_Default
  0 -7.286247 -1.245505 123.550255 -0.655049 0.035848 -0.754735 0.690325 0.689837 1 28 1.000000
  0 -6.786915 -8.000133 123.544136 -0.675543 -0.398979 -0.620047 0.697705 0.705933 1 28 1.000000
  0 -10.777010 -3.271586 129.232086 -0.898117 -0.333385 -0.286774 0.645779 0.780433 1 28 1.000000
01_-_Default
  0 0.312062 6.858062 88.475212 0.000007 0.984452 0.175651 0.537977 0.430909 1 14 1.000000
  0 -11.795345 8.688110 74.825539 -0.308044 0.868987 0.387261 0.455347 0.337154 1 5 1.000000
  0 -7.040686 3.896385 89.267235 -0.363932 0.927242 0.088185 0.487795 0.436350 1 14 1.000000
01_-_Default
  0 0.312062 8.019621 102.706833 0.000003 0.999698 -0.024573 0.537977 0.528664 1 14 1.000000
  0 -8.555802 6.151720 113.104469 -0.060048 0.871303 0.487058 0.477455 0.600083 1 14 1.000000
  0 0.312062 7.571728 111.487144 0.000002 0.963655 0.267152 0.537977 0.588974 1 14 1.000000
01_-_Default
  0 0.312062 -8.114866 88.649757 0.000009 -0.980211 0.197954 0.112055 0.441829 1 14 1.000000
  0 0.312062 -9.411319 101.829201 0.000006 -0.997784 0.066542 0.112055 0.554547 1 14 1.000000
  0 -6.655231 -4.785466 89.093231 -0.461864 -0.877129 0.131631 0.052849 0.445621 1 14 1.000000
01_-_Default
  0 0.312062 -9.411319 101.829201 0.000006 -0.997784 0.066542 0.112055 0.554547 1 14 1.000000
  0 0.312062 -7.141331 111.022232 0.000006 -0.916793 0.399363 0.112055 0.633171 1 14 1.000000
  0 -8.993581 -2.363040 111.016525 -0.366325 -0.774601 0.515557 0.032977 0.633121 1 14 1.000000
01_-_Default
  0 0.312062 14.611784 74.825539 -0.394643 0.806611 0.440040 0.311020 0.297547 1 5 1.000000
  0 0.312063 23.554502 58.537697 0.000003 0.914578 0.404409 0.311020 0.183411 2 6 0.500000 10 0.500000
  0 -11.795345 8.688110 74.825539 -0.500540 0.792312 0.348856 0.229061 0.301332 1 5 1.000000
01_-_Default
  1 9.647208 22.293409 143.871414 0.465842 0.869167 0.165954 0.559229 0.891424 1 28 1.000000
  1 -10.578281 22.298470 143.871414 -0.604919 0.758164 0.243436 0.501033 0.891424 1 28 1.000000
  1 -0.306220 21.514517 155.307739 -0.149205 0.818589 0.554662 0.529890 0.938745 1 28 1.000000
01_-_Default
  1 -10.578281 22.298470 143.871414 0.000246 0.983103 0.183054 0.501033 0.891424 1 28 1.000000
  1 9.647208 22.293409 143.871414 0.465842 0.869167 0.165954 0.559229 0.891424 1 28 1.000000
  1 -0.306220 25.153620 128.621689 0.001470 0.999687 0.024974 0.529890 0.837124 1 28 1.000000
01_-_Default
  1 -0.306248 -19.223473 152.358154 -0.000003 -0.859309 0.511456 0.529890 0.926639 1 28 1.000000
  1 -10.926107 -7.414958 153.723648 -0.582092 -0.461165 0.669698 0.489822 0.936010 1 28 1.000000
  1 -0.306248 -20.651257 144.682938 -0.000086 -0.906052 0.423166 0.529890 0.898283 1 28 1.000000
01_-_Default
  1 -0.306248 -20.651257 144.682938 -0.000086 -0.906052 0.423166 0.529890 0.898283 1 28 1.000000
  1 -20.307903 -4.862814 141.222519 -0.942896 -0.232102 0.238905 0.454212 0.885109 1 28 1.000000
  1 -0.306248 -28.627504 131.991898 -0.605968 -0.674729 0.421359 0.529890 0.848670 1 28 1.000000
01_-_Default
  1 -10.836492 12.539152 153.892090 -0.728452 0.341928 0.593669 0.489822 0.936010 1 28 1.000000
  1 -0.306248 8.856640 164.891342 -0.000004 0.145261 0.989393 0.529890 0.975236 1 28 1.000000
  1 -0.306220 21.514517 155.307739 -0.149205 0.818589 0.554662 0.529890 0.938745 1 28 1.000000
01_-_Default
  1 -0.306248 8.856640 164.891342 -0.000004 0.145261 0.989393 0.529890 0.975236 1 28 1.000000
  1 -10.836492 12.539152 153.892090 -0.728452 0.341928 0.593669 0.489822 0.936010 1 28 1.000000
  1 -10.926107 -7.414958 153.723648 -0.582092 -0.461165 0.669698 0.489822 0.936010 1 28 1.000000
01_-_Default
  1 -10.926107 -7.414958 153.723648 -0.582092 -0.461165 0.669698 0.489822 0.936010 1 28 1.000000
  1 -0.306248 -19.223473 152.358154 -0.000003 -0.859309 0.511456 0.529890 0.926639 1 28 1.000000
  1 -0.306248 8.856640 164.891342 -0.000004 0.145261 0.989393 0.529890 0.975236 1 28 1.000000
01_-_Default
  1 -16.054382 18.021832 136.935333 -0.925556 0.283278 0.251198 0.470304 0.868783 1 28 1.000000
  1 -20.307903 -4.862814 141.222519 -0.942896 -0.232102 0.238905 0.454212 0.885109 1 28 1.000000
  1 -10.836492 12.539152 153.892090 -0.728452 0.341928 0.593669 0.489822 0.936010 1 28 1.000000
01_-_Default
  1 -10.836492 12.539152 153.892090 -0.728452 0.341928 0.593669 0.489822 0.936010 1 28 1.000000
  1 -10.578281 22.298470 143.871414 -0.604919 0.758164 0.243436 0.501033 0.891424 1 28 1.000000
  1 -16.054382 18.021832 136.935333 -0.925556 0.283278 0.251198 0.470304 0.868783 1 28 1.000000
01_-_Default
  1 -16.054382 18.021832 136.935333 -0.925556 0.283278 0.251198 0.470304 0.868783 1 28 1.000000
  1 -17.373182 2.930745 129.852203 -0.977253 0.154185 -0.145615 0.465315 0.841810 1 28 1.000000
  1 -20.307903 -4.862814 141.222519 -0.942896 -0.232102 0.238905 0.454212 0.885109 1 28 1.000000
01_-_Default
  1 -20.307903 -4.862814 141.222519 -0.942896 -0.232102 0.238905 0.454212 0.885109 1 28 1.000000
  1 -10.926107 -7.414958 153.723648 -0.582092 -0.461165 0.669698 0.489822 0.936010 1 28 1.000000
  1 -19.637857 0.831665 150.416367 -0.911147 0.154018 0.382217 0.456746 0.920119 1 28 1.000000
01_-_Default
  1 -10.926107 -7.414958 153.723648 -0.582092 -0.461165 0.669698 0.489822 0.936010 1 28 1.000000
  1 -10.836492 12.539152 153.892090 -0.728452 0.341928 0.593669 0.489822 0.936010 1 28 1.000000
  1 -19.637857 0.831665 150.416367 -0.911147 0.154018 0.382217 0.456746 0.920119 1 28 1.000000
01_-_Default
  1 -10.836492 12.539152 153.892090 -0.728452 0.341928 0.593669 0.489822 0.936010 1 28 1.000000
  1 -20.307903 -4.862814 141.222519 -0.942896 -0.232102 0.238905 0.454212 0.885109 1 28 1.000000
  1 -19.637857 0.831665 150.416367 -0.911147 0.154018 0.382217 0.456746 0.920119 1 28 1.000000
01_-_Default
  1 -22.639544 -2.313621 140.664352 -0.942092 0.038195 -0.333173 0.090576 0.940162 1 28 1.000000
  1 -19.751751 8.621567 133.796417 -0.942092 0.038195 -0.333173 0.029785 0.905982 1 28 1.000000
  1 -19.480677 -7.681550 131.177765 -0.942092 0.038195 -0.333173 0.073730 0.887427 1 28 1.000000
01_-_Default
  1 -20.307903 -4.862814 141.222519 -0.942896 -0.232102 0.238905 0.454212 0.885109 1 28 1.000000
  1 -0.306248 -20.651257 144.682938 -0.000086 -0.906052 0.423166 0.529890 0.898283 1 28 1.000000
  1 -10.926107 -7.414958 153.723648 -0.582092 -0.461165 0.669698 0.489822 0.936010 1 28 1.000000
01_-_Default
  1 -10.578281 22.298470 143.871414 -0.604919 0.758164 0.243436 0.501033 0.891424 1 28 1.000000
  1 -0.306220 25.153620 128.621689 0.001470 0.999687 0.024974 0.529890 0.837124 1 28 1.000000
  1 -16.054382 18.021832 136.935333 -0.475515 0.865541 -0.157241 0.470304 0.868783 1 28 1.000000
01_-_Default
  1 -0.306220 21.514517 155.307739 -0.149205 0.818589 0.554662 0.529890 0.938745 1 28 1.000000
  1 -10.578281 22.298470 143.871414 -0.604919 0.758164 0.243436 0.501033 0.891424 1 28 1.000000
  1 -10.836492 12.539152 153.892090 -0.728452 0.341928 0.593669 0.489822 0.936010 1 28 1.000000
01_-_Default
  1 10.313780 -7.414958 153.723648 0.582007 -0.461126 0.669799 0.569960 0.936010 1 28 1.000000
  1 -0.306248 -19.223473 152.358154 -0.000003 -0.859309 0.511456 0.529890 0.926639 1 28 1.000000
  1 -0.306248 -20.651257 144.682938 -0.000086 -0.906052 0.423166 0.529890 0.898283 1 28 1.000000
01_-_Default
  1 19.696026 -4.869966 141.222519 0.942796 -0.232290 0.239117 0.605572 0.885109 1 28 1.000000
  1 -0.306248 -20.651257 144.682938 -0.000086 -0.906052 0.423166 0.529890 0.898283 1 28 1.000000
  1 -0.306248 -28.627504 131.991898 0.605803 -0.674835 0.421426 0.529890 0.848670 1 28 1.000000
01_-_Default
  1 -0.306248 8.856640 164.891342 -0.000004 0.145261 0.989393 0.529890 0.975236 1 28 1.000000
  1 10.224179 12.539152 153.892090 0.753812 0.279470 0.594697 0.569960 0.936010 1 28 1.000000
  1 -0.306220 21.514517 155.307739 -0.149205 0.818589 0.554662 0.529890 0.938745 1 28 1.000000
01_-_Default
  1 10.313780 -7.414958 153.723648 0.582007 -0.461126 0.669799 0.569960 0.936010 1 28 1.000000
  1 10.224179 12.539152 153.892090 0.753812 0.279470 0.594697 0.569960 0.936010 1 28 1.000000
  1 -0.306248 8.856640 164.891342 -0.000004 0.145261 0.989393 0.529890 0.975236 1 28 1.000000
01_-_Default
  1 -0.306248 8.856640 164.891342 -0.000004 0.145261 0.989393 0.529890 0.975236 1 28 1.000000
  1 -0.306248 -19.223473 152.358154 -0.000003 -0.859309 0.511456 0.529890 0.926639 1 28 1.000000
  1 10.313780 -7.414958 153.723648 0.582007 -0.461126 0.669799 0.569960 0.936010 1 28 1.000000
01_-_Default
  1 15.442083 18.021832 136.935333 0.840437 0.525027 0.134210 0.589477 0.868783 1 28 1.000000
  1 9.647208 22.293409 143.871414 0.465842 0.869167 0.165954 0.559229 0.891424 1 28 1.000000
  1 10.224179 12.539152 153.892090 0.753812 0.279470 0.594697 0.569960 0.936010 1 28 1.000000
01_-_Default
  1 10.224179 12.539152 153.892090 0.753812 0.279470 0.594697 0.569960 0.936010 1 28 1.000000
  1 19.696026 -4.869966 141.222519 0.942796 -0.232290 0.239117 0.605572 0.885109 1 28 1.000000
  1 15.442083 18.021832 136.935333 0.840437 0.525027 0.134210 0.589477 0.868783 1 28 1.000000
01_-_Default
  1 16.761162 2.930745 129.852203 0.977266 0.154171 -0.145544 0.594467 0.841810 1 28 1.000000
  1 15.442083 18.021832 136.935333 0.840437 0.525027 0.134210 0.589477 0.868783 1 28 1.000000
  1 19.696026 -4.869966 141.222519 0.942796 -0.232290 0.239117 0.605572 0.885109 1 28 1.000000
01_-_Default
  1 10.313780 -7.414958 153.723648 0.582007 -0.461126 0.669799 0.569960 0.936010 1 28 1.000000
  1 19.696026 -4.869966 141.222519 0.942796 -0.232290 0.239117 0.605572 0.885109 1 28 1.000000
  1 19.025558 0.831665 150.416367 0.911171 0.154253 0.382064 0.603035 0.920119 1 28 1.000000
01_-_Default
  1 10.224179 12.539152 153.892090 0.753812 0.279470 0.594697 0.569960 0.936010 1 28 1.000000
  1 10.313780 -7.414958 153.723648 0.582007 -0.461126 0.669799 0.569960 0.936010 1 28 1.000000
  1 19.025558 0.831665 150.416367 0.911171 0.154253 0.382064 0.603035 0.920119 1 28 1.000000
01_-_Default
  1 19.696026 -4.869966 141.222519 0.942796 -0.232290 0.239117 0.605572 0.885109 1 28 1.000000
  1 10.224179 12.539152 153.892090 0.753812 0.279470 0.594697 0.569960 0.936010 1 28 1.000000
  1 19.025558 0.831665 150.416367 0.911171 0.154253 0.382064 0.603035 0.920119 1 28 1.000000
01_-_Default
  1 19.139311 8.621567 133.796417 0.942077 0.038201 -0.333214 0.029785 0.905982 1 28 1.000000
  1 22.027527 -2.313621 140.664352 0.942077 0.038201 -0.333214 0.090576 0.940162 1 28 1.000000
  1 18.868240 -7.681550 131.177765 0.942077 0.038201 -0.333214 0.073730 0.887427 1 28 1.000000
01_-_Default
  1 -0.306248 -20.651257 144.682938 -0.000086 -0.906052 0.423166 0.529890 0.898283 1 28 1.000000
  1 19.696026 -4.869966 141.222519 0.942796 -0.232290 0.239117 0.605572 0.885109 1 28 1.000000
  1 10.313780 -7.414958 153.723648 0.582007 -0.461126 0.669799 0.569960 0.936010 1 28 1.000000
01_-_Default
  1 -0.306220 25.153620 128.621689 0.001470 0.999687 0.024974 0.529890 0.837124 1 28 1.000000
  1 9.647208 22.293409 143.871414 0.465842 0.869167 0.165954 0.559229 0.891424 1 28 1.000000
  1 15.442083 18.021832 136.935333 0.840437 0.525027 0.134210 0.589477 0.868783 1 28 1.000000
01_-_Default
  1 9.647208 22.293409 143.871414 0.584886 0.599491 0.546369 0.559229 0.891424 1 28 1.000000
  1 -0.306220 21.514517 155.307739 0.584886 0.599491 0.546369 0.529890 0.938745 1 28 1.000000
  1 10.224179 12.539152 153.892090 0.584886 0.599491 0.546369 0.569960 0.936010 1 28 1.000000
01_-_Default
  1 -13.109200 6.670421 164.760529 -0.574033 -0.818684 0.015589 0.988281 0.109595 1 28 1.000000
  1 -17.789524 13.864254 158.147308 -0.835014 -0.550177 -0.007474 0.988281 0.109595 1 28 1.000000
  1 -6.469164 -3.071782 140.220322 -0.601153 -0.785283 0.148140 0.988281 0.109595 1 28 1.000000
01_-_Default
  1 -6.469164 -3.071782 140.220322 -0.601153 -0.785283 0.148140 0.988281 0.109595 1 28 1.000000
  1 -2.001085 -6.019253 140.285721 0.131831 -0.877058 0.461941 0.988281 0.109595 1 28 1.000000
  1 -13.109200 6.670421 164.760529 -0.574033 -0.818684 0.015589 0.988281 0.109595 1 28 1.000000
01_-_Default
  1 -1.518171 0.902820 142.915131 0.419381 0.839360 -0.345824 0.971354 0.166887 1 28 1.000000
  1 -4.184847 1.398170 142.618683 -0.049903 0.768316 -0.638122 0.971354 0.166887 1 28 1.000000
  1 -12.056135 14.867304 163.894714 0.621151 0.778468 0.090330 0.951823 0.172746 1 28 1.000000
01_-_Default
  1 -12.056135 14.867304 163.894714 0.621151 0.778468 0.090330 0.951823 0.172746 1 28 1.000000
  1 -11.068913 6.647581 164.844040 0.920877 0.152314 0.358866 0.951823 0.172746 1 28 1.000000
  1 -1.518171 0.902820 142.915131 0.419381 0.839360 -0.345824 0.971354 0.166887 1 28 1.000000
01_-_Default
  1 -17.789524 13.864254 158.147308 0.232287 0.848842 -0.474879 0.957031 0.191626 1 28 1.000000
  1 -12.056135 14.867304 163.894714 0.621151 0.778468 0.090330 0.951823 0.172746 1 28 1.000000
  1 -4.184847 1.398170 142.618683 -0.049903 0.768316 -0.638122 0.971354 0.166887 1 28 1.000000
01_-_Default
  1 -4.184847 1.398170 142.618683 -0.049903 0.768316 -0.638122 0.971354 0.166887 1 28 1.000000
  1 -6.469164 -3.071782 140.220322 -0.333120 0.574122 -0.747941 0.971354 0.166887 1 28 1.000000
  1 -17.789524 13.864254 158.147308 0.232287 0.848842 -0.474879 0.957031 0.191626 1 28 1.000000
01_-_Default
  1 -37.126698 12.931112 198.302490 -0.547928 -0.150308 0.822911 0.924479 0.024960 1 29 1.000000
  1 -25.895351 17.116421 188.831635 0.545391 0.619747 0.564324 0.917969 0.074439 1 29 1.000000
  1 -34.577499 16.614887 183.297226 -0.465593 0.866312 -0.180907 0.925781 0.045793 1 29 1.000000
01_-_Default
  1 -2.001085 -6.019253 140.285721 0.131831 -0.877058 0.461941 0.988281 0.109595 1 28 1.000000
  1 -1.518171 0.902820 142.915131 0.870728 -0.227432 0.436012 0.988281 0.109595 1 28 1.000000
  1 -11.068913 6.647581 164.844040 0.071483 -0.876770 0.475568 0.980469 0.133033 1 28 1.000000
01_-_Default
  1 -11.068913 6.647581 164.844040 0.071483 -0.876770 0.475568 0.980469 0.133033 1 28 1.000000
  1 -13.109200 6.670421 164.760529 -0.574033 -0.818684 0.015589 0.988281 0.109595 1 28 1.000000
  1 -2.001085 -6.019253 140.285721 0.131831 -0.877058 0.461941 0.988281 0.109595 1 28 1.000000
01_-_Default
  1 -17.789524 13.864254 158.147308 -0.038869 0.992635 -0.114739 0.951823 0.172746 1 28 1.000000
  1 -34.577499 16.614887 183.297226 -0.465593 0.866312 -0.180907 0.925781 0.045793 1 29 1.000000
  1 -25.895351 17.116421 188.831635 0.545391 0.619747 0.564324 0.917969 0.074439 1 29 1.000000
01_-_Default
  1 -25.895351 17.116421 188.831635 0.545391 0.619747 0.564324 0.917969 0.074439 1 29 1.000000
  1 -12.056135 14.867304 163.894714 0.621151 0.778468 0.090330 0.951823 0.172746 1 28 1.000000
  1 -17.789524 13.864254 158.147308 -0.038869 0.992635 -0.114739 0.951823 0.172746 1 28 1.000000
01_-_Default
  1 -17.789524 13.864254 158.147308 -0.619042 -0.711122 -0.333306 0.972656 0.101783 1 28 1.000000
  1 -13.109200 6.670421 164.760529 -0.574033 -0.818684 0.015589 0.988281 0.109595 1 28 1.000000
  1 -34.577499 16.614887 183.297226 -0.525601 -0.835667 -0.159388 0.957031 0.031470 1 29 1.000000
01_-_Default
  1 -13.109200 6.670421 164.760529 -0.574033 -0.818684 0.015589 0.988281 0.109595 1 28 1.000000
  1 -25.522713 11.440716 185.443604 -0.478898 -0.873710 -0.085366 0.953125 0.015845 1 29 1.000000
  1 -34.577499 16.614887 183.297226 -0.525601 -0.835667 -0.159388 0.957031 0.031470 1 29 1.000000
01_-_Default
  1 -12.056135 14.867304 163.894714 0.621151 0.778468 0.090330 0.951823 0.172746 1 28 1.000000
  1 -25.895351 17.116421 188.831635 0.545391 0.619747 0.564324 0.917969 0.074439 1 29 1.000000
  1 -11.068913 6.647581 164.844040 0.698252 -0.488112 0.523632 0.925781 0.045793 1 28 1.000000
01_-_Default
  1 -25.522713 11.440716 185.443604 0.590584 -0.614989 0.522493 0.924479 0.024960 1 29 1.000000
  1 -11.068913 6.647581 164.844040 0.698252 -0.488112 0.523632 0.925781 0.045793 1 28 1.000000
  1 -25.895351 17.116421 188.831635 0.545391 0.619747 0.564324 0.917969 0.074439 1 29 1.000000
01_-_Default
  1 -25.895351 17.116421 188.831635 0.545391 0.619747 0.564324 0.917969 0.074439 1 29 1.000000
  1 -37.126698 12.931112 198.302490 -0.547928 -0.150308 0.822911 0.924479 0.024960 1 29 1.000000
  1 -25.522713 11.440716 185.443604 0.590584 -0.614989 0.522493 0.924479 0.024960 1 29 1.000000
01_-_Default
  1 -37.126698 12.931112 198.302490 -0.547928 -0.150308 0.822911 0.924479 0.024960 1 29 1.000000
  1 -34.577499 16.614887 183.297226 -0.465593 0.866312 -0.180907 0.925781 0.045793 1 29 1.000000
  1 -25.522713 11.440716 185.443604 0.590584 -0.614989 0.522493 0.924479 0.024960 1 29 1.000000
01_-_Default
  1 -11.068913 6.647581 164.844040 0.698252 -0.488112 0.523632 0.925781 0.045793 1 28 1.000000
  1 -25.522713 11.440716 185.443604 -0.019677 -0.977035 0.212169 0.925781 0.045793 1 29 1.000000
  1 -13.109200 6.670421 164.760529 -0.019677 -0.977035 0.212169 0.949219 0.144751 1 28 1.000000
01_-_Default
  1 13.732367 6.670421 164.760529 0.574034 -0.818683 0.015589 0.988281 0.109595 1 28 1.000000
  1 2.624272 -6.019253 140.285721 -0.131831 -0.877058 0.461941 0.988281 0.109595 1 28 1.000000
  1 7.092352 -3.071782 140.220322 0.601153 -0.785283 0.148140 0.988281 0.109595 1 28 1.000000
01_-_Default
  1 7.092352 -3.071782 140.220322 0.601153 -0.785283 0.148140 0.988281 0.109595 1 28 1.000000
  1 18.412672 13.864254 158.147308 0.835015 -0.550176 -0.007474 0.988281 0.109595 1 28 1.000000
  1 13.732367 6.670421 164.760529 0.574034 -0.818683 0.015589 0.988281 0.109595 1 28 1.000000
01_-_Default
  1 2.141345 0.902820 142.915131 -0.419380 0.839361 -0.345824 0.971354 0.166887 1 28 1.000000
  1 12.679334 14.867304 163.894714 -0.375773 0.920297 -0.108849 0.951823 0.172746 1 28 1.000000
  1 4.808033 1.398170 142.618683 0.049903 0.768316 -0.638122 0.971354 0.166887 1 28 1.000000
01_-_Default
  1 12.679334 14.867304 163.894714 -0.375773 0.920297 -0.108849 0.951823 0.172746 1 28 1.000000
  1 2.141345 0.902820 142.915131 -0.419380 0.839361 -0.345824 0.971354 0.166887 1 28 1.000000
  1 11.692086 6.647581 164.844040 -0.920877 0.152317 0.358866 0.951823 0.172746 1 28 1.000000
01_-_Default
  1 18.412672 13.864254 158.147308 -0.232288 0.848842 -0.474878 0.957031 0.191626 1 28 1.000000
  1 4.808033 1.398170 142.618683 0.049903 0.768316 -0.638122 0.971354 0.166887 1 28 1.000000
  1 12.679334 14.867304 163.894714 -0.375773 0.920297 -0.108849 0.951823 0.172746 1 28 1.000000
01_-_Default
  1 4.808033 1.398170 142.618683 0.049903 0.768316 -0.638122 0.971354 0.166887 1 28 1.000000
  1 18.412672 13.864254 158.147308 -0.232288 0.848842 -0.474878 0.957031 0.191626 1 28 1.000000
  1 7.092352 -3.071782 140.220322 0.333120 0.574122 -0.747940 0.971354 0.166887 1 28 1.000000
01_-_Default
  1 37.750134 12.931112 198.302490 0.547940 -0.150306 0.822903 0.924479 0.024960 1 29 1.000000
  1 35.200649 16.614887 183.297226 0.465593 0.866310 -0.180914 0.925781 0.045793 1 29 1.000000
  1 26.518494 17.116421 188.831635 -0.545390 0.619744 0.564329 0.917969 0.074439 1 29 1.000000
01_-_Default
  1 2.624272 -6.019253 140.285721 -0.131831 -0.877058 0.461941 0.988281 0.109595 1 28 1.000000
  1 11.692086 6.647581 164.844040 -0.071483 -0.876770 0.475568 0.980469 0.133033 1 28 1.000000
  1 2.141345 0.902820 142.915131 -0.870728 -0.227433 0.436013 0.988281 0.109595 1 28 1.000000
01_-_Default
  1 11.692086 6.647581 164.844040 -0.071483 -0.876770 0.475568 0.980469 0.133033 1 28 1.000000
  1 2.624272 -6.019253 140.285721 -0.131831 -0.877058 0.461941 0.988281 0.109595 1 28 1.000000
  1 13.732367 6.670421 164.760529 0.574034 -0.818683 0.015589 0.988281 0.109595 1 28 1.000000
01_-_Default
  1 18.412672 13.864254 158.147308 0.038870 0.992635 -0.114739 0.951823 0.172746 1 28 1.000000
  1 12.679334 14.867304 163.894714 -0.375773 0.920297 -0.108849 0.951823 0.172746 1 28 1.000000
  1 26.518494 17.116421 188.831635 -0.545390 0.619744 0.564329 0.917969 0.074439 1 29 1.000000
01_-_Default
  1 26.518494 17.116421 188.831635 -0.545390 0.619744 0.564329 0.917969 0.074439 1 29 1.000000
  1 35.200649 16.614887 183.297226 0.465593 0.866310 -0.180914 0.925781 0.045793 1 29 1.000000
  1 18.412672 13.864254 158.147308 0.038870 0.992635 -0.114739 0.951823 0.172746 1 28 1.000000
01_-_Default
  1 18.412672 13.864254 158.147308 0.619042 -0.711121 -0.333307 0.972656 0.101783 1 28 1.000000
  1 35.200649 16.614887 183.297226 0.525601 -0.835667 -0.159388 0.957031 0.031470 1 29 1.000000
  1 13.732367 6.670421 164.760529 0.574034 -0.818683 0.015589 0.988281 0.109595 1 28 1.000000
01_-_Default
  1 13.732367 6.670421 164.760529 0.574034 -0.818683 0.015589 0.988281 0.109595 1 28 1.000000
  1 35.200649 16.614887 183.297226 0.525601 -0.835667 -0.159388 0.957031 0.031470 1 29 1.000000
  1 26.145859 11.440716 185.443604 0.478898 -0.873710 -0.085365 0.953125 0.015845 1 29 1.000000
01_-_Default
  1 12.679334 14.867304 163.894714 -0.870535 0.158701 0.465815 0.951823 0.172746 1 28 1.000000
  1 11.692086 6.647581 164.844040 -0.698253 -0.488112 0.523631 0.925781 0.045793 1 28 1.000000
  1 26.518494 17.116421 188.831635 -0.545390 0.619744 0.564329 0.917969 0.074439 1 29 1.000000
01_-_Default
  1 26.145859 11.440716 185.443604 -0.590584 -0.614988 0.522494 0.924479 0.024960 1 29 1.000000
  1 37.750134 12.931112 198.302490 0.547940 -0.150306 0.822903 0.924479 0.024960 1 29 1.000000
  1 26.518494 17.116421 188.831635 -0.545390 0.619744 0.564329 0.917969 0.074439 1 29 1.000000
01_-_Default
  1 26.518494 17.116421 188.831635 -0.545390 0.619744 0.564329 0.917969 0.074439 1 29 1.000000
  1 11.692086 6.647581 164.844040 -0.698253 -0.488112 0.523631 0.925781 0.045793 1 28 1.000000
  1 26.145859 11.440716 185.443604 -0.590584 -0.614988 0.522494 0.924479 0.024960 1 29 1.000000
01_-_Default
  1 37.750134 12.931112 198.302490 0.547940 -0.150306 0.822903 0.924479 0.024960 1 29 1.000000
  1 26.145859 11.440716 185.443604 -0.590584 -0.614988 0.522494 0.924479 0.024960 1 29 1.000000
  1 35.200649 16.614887 183.297226 0.465593 0.866310 -0.180914 0.925781 0.045793 1 29 1.000000
01_-_Default
  1 11.692086 6.647581 164.844040 -0.698253 -0.488112 0.523631 0.925781 0.045793 1 28 1.000000
  1 13.732367 6.670421 164.760529 0.019678 -0.977035 0.212169 0.949219 0.144751 1 28 1.000000
  1 26.145859 11.440716 185.443604 0.019678 -0.977035 0.212169 0.925781 0.045793 1 29 1.000000
01_-_Default
  1 -10.268754 -13.673151 122.920120 -0.901059 -0.433685 0.003162 0.136734 0.860491 1 28 1.000000
  1 -7.215082 -14.243170 134.051178 -0.702833 -0.693433 0.158669 0.134427 0.912065 1 28 1.000000
  1 -16.308226 -4.343368 137.018814 -0.945996 -0.321986 0.037628 0.179620 0.925696 1 28 1.000000
01_-_Default
  1 -16.308226 -4.343368 137.018814 -0.945996 -0.321986 0.037628 0.179620 0.925696 1 28 1.000000
  1 -14.101546 0.508190 125.157806 -0.983573 -0.176759 -0.036625 0.201645 0.873151 1 28 1.000000
  1 -10.268754 -13.673151 122.920120 -0.901059 -0.433685 0.003162 0.136734 0.860491 1 28 1.000000
01_-_Default
  1 -8.359987 16.949438 127.997543 -0.134572 0.974855 0.177619 0.311585 0.862132 1 28 1.000000
  1 8.850830 17.370975 127.816452 0.105449 0.977093 0.184851 0.418429 0.861994 1 28 1.000000
  1 0.312062 26.905432 111.144318 -0.001554 0.896738 0.442558 0.365212 0.836470 1 30 1.000000
01_-_Default
  1 -14.379062 18.885601 111.183708 -0.956792 0.260615 0.128950 0.285659 0.807004 1 30 1.000000
  1 -15.103039 9.949192 127.802261 -0.940256 0.328297 0.090223 0.244864 0.883355 1 28 1.000000
  1 -8.359987 16.949438 127.997543 -0.733483 0.663243 0.148698 0.278697 0.883735 1 28 1.000000
01_-_Default
  1 -15.103039 9.949192 127.802261 -0.940256 0.328297 0.090223 0.244864 0.883355 1 28 1.000000
  1 -14.379062 18.885601 111.183708 -0.956792 0.260615 0.128950 0.285659 0.807004 1 30 1.000000
  1 -16.963423 4.798417 112.557007 -0.993702 0.037375 0.105637 0.172164 0.820951 1 30 1.000000
01_-_Default
  1 -16.963423 4.798417 112.557007 -0.993702 0.037375 0.105637 0.172164 0.820951 1 30 1.000000
  1 -14.101546 0.508190 125.157806 -0.983573 -0.176759 -0.036625 0.201645 0.873151 1 28 1.000000
  1 -15.103039 9.949192 127.802261 -0.940256 0.328297 0.090223 0.244864 0.883355 1 28 1.000000
01_-_Default
  1 -10.268754 -13.673151 122.920120 -0.901059 -0.433685 0.003162 0.136734 0.860491 1 28 1.000000
  1 -14.101546 0.508190 125.157806 -0.983573 -0.176759 -0.036625 0.201645 0.873151 1 28 1.000000
  1 -16.963423 4.798417 112.557007 -0.993702 0.037375 0.105637 0.172164 0.820951 1 30 1.000000
01_-_Default
  1 -14.718496 9.465471 141.052689 -0.930978 0.363871 0.029620 0.242657 0.944229 1 28 1.000000
  1 -7.172174 19.444984 144.745575 -0.790882 0.610983 -0.034725 0.288415 0.960287 1 28 1.000000
  1 -8.359987 16.949438 127.997543 -0.733483 0.663243 0.148698 0.278697 0.883735 1 28 1.000000
01_-_Default
  1 -8.359987 16.949438 127.997543 -0.733483 0.663243 0.148698 0.278697 0.883735 1 28 1.000000
  1 -15.103039 9.949192 127.802261 -0.940256 0.328297 0.090223 0.244864 0.883355 1 28 1.000000
  1 -14.718496 9.465471 141.052689 -0.930978 0.363871 0.029620 0.242657 0.944229 1 28 1.000000
01_-_Default
  1 -16.308226 -4.343368 137.018814 -0.945996 -0.321986 0.037628 0.179620 0.925696 1 28 1.000000
  1 -14.718496 9.465471 141.052689 -0.930978 0.363871 0.029620 0.242657 0.944229 1 28 1.000000
  1 -15.103039 9.949192 127.802261 -0.940256 0.328297 0.090223 0.244864 0.883355 1 28 1.000000
01_-_Default
  1 -15.103039 9.949192 127.802261 -0.940256 0.328297 0.090223 0.244864 0.883355 1 28 1.000000
  1 -14.101546 0.508190 125.157806 -0.983573 -0.176759 -0.036625 0.201645 0.873151 1 28 1.000000
  1 -16.308226 -4.343368 137.018814 -0.945996 -0.321986 0.037628 0.179620 0.925696 1 28 1.000000
01_-_Default
  1 -14.718496 9.465471 141.052689 -0.930978 0.363871 0.029620 0.242657 0.944229 1 28 1.000000
  1 -16.308226 -4.343368 137.018814 -0.945996 -0.321986 0.037628 0.179620 0.925696 1 28 1.000000
  1 -15.000777 -2.476540 148.353516 -0.923688 -0.346914 0.162639 0.189461 0.978835 1 28 1.000000
01_-_Default
  1 -4.547719 -14.379341 145.032318 -0.705706 -0.686650 0.174615 0.133462 0.962755 1 28 1.000000
  1 -15.000777 -2.476540 148.353516 -0.923688 -0.346914 0.162639 0.189461 0.978835 1 28 1.000000
  1 -16.308226 -4.343368 137.018814 -0.945996 -0.321986 0.037628 0.179620 0.925696 1 28 1.000000
01_-_Default
  1 -16.308226 -4.343368 137.018814 -0.945996 -0.321986 0.037628 0.179620 0.925696 1 28 1.000000
  1 -7.215082 -14.243170 134.051178 -0.702833 -0.693433 0.158669 0.134427 0.912065 1 28 1.000000
  1 -4.547719 -14.379341 145.032318 -0.705706 -0.686650 0.174615 0.133462 0.962755 1 28 1.000000
01_-_Default
  1 -14.379062 18.885601 111.183708 -0.446199 0.819153 0.360408 0.307834 0.836531 1 30 1.000000
  1 -8.359987 16.949438 127.997543 -0.134572 0.974855 0.177619 0.311585 0.862132 1 28 1.000000
  1 0.312062 26.905432 111.144318 -0.001554 0.896738 0.442558 0.365212 0.836470 1 30 1.000000
01_-_Default
  1 7.416938 19.533232 144.350250 -0.017835 0.990221 -0.138364 0.407080 0.972483 1 28 1.000000
  1 8.850830 17.370975 127.816452 0.105449 0.977093 0.184851 0.418429 0.861994 1 28 1.000000
  1 -8.359987 16.949438 127.997543 -0.134572 0.974855 0.177619 0.311585 0.862132 1 28 1.000000
01_-_Default
  1 -8.359987 16.949438 127.997543 -0.134572 0.974855 0.177619 0.311585 0.862132 1 28 1.000000
  1 -7.172174 19.444984 144.745575 -0.009959 0.989269 -0.145765 0.318562 0.973829 1 28 1.000000
  1 7.416938 19.533232 144.350250 -0.017835 0.990221 -0.138364 0.407080 0.972483 1 28 1.000000
01_-_Default
  1 10.891618 -13.673292 122.920120 0.901032 -0.433742 0.003123 0.136734 0.860491 1 28 1.000000
  1 16.932209 -4.343368 137.018814 0.945991 -0.322000 0.037641 0.179620 0.925696 1 28 1.000000
  1 7.838789 -14.243170 134.051178 0.702823 -0.693444 0.158666 0.134427 0.912065 1 28 1.000000
01_-_Default
  1 16.932209 -4.343368 137.018814 0.945991 -0.322000 0.037641 0.179620 0.925696 1 28 1.000000
  1 10.891618 -13.673292 122.920120 0.901032 -0.433742 0.003123 0.136734 0.860491 1 28 1.000000
  1 14.725949 0.508190 125.157806 0.983560 -0.176824 -0.036656 0.201645 0.873151 1 28 1.000000
01_-_Default
  1 15.002905 18.885485 111.183708 0.956357 0.261963 0.129447 0.285659 0.807004 1 30 1.000000
  1 8.850830 17.370975 127.816452 0.738641 0.656633 0.152456 0.278697 0.883735 1 28 1.000000
  1 15.727864 9.949192 127.802261 0.942692 0.321880 0.087890 0.244864 0.883355 1 28 1.000000
01_-_Default
  1 15.727864 9.949192 127.802261 0.942692 0.321880 0.087890 0.244864 0.883355 1 28 1.000000
  1 17.587263 4.798417 112.557007 0.993709 0.037349 0.105586 0.172164 0.820951 1 30 1.000000
  1 15.002905 18.885485 111.183708 0.956357 0.261963 0.129447 0.285659 0.807004 1 30 1.000000
01_-_Default
  1 17.587263 4.798417 112.557007 0.993709 0.037349 0.105586 0.172164 0.820951 1 30 1.000000
  1 15.727864 9.949192 127.802261 0.942692 0.321880 0.087890 0.244864 0.883355 1 28 1.000000
  1 14.725949 0.508190 125.157806 0.983560 -0.176824 -0.036656 0.201645 0.873151 1 28 1.000000
01_-_Default
  1 10.891618 -13.673292 122.920120 0.901032 -0.433742 0.003123 0.136734 0.860491 1 28 1.000000
  1 17.587263 4.798417 112.557007 0.993709 0.037349 0.105586 0.172164 0.820951 1 30 1.000000
  1 14.725949 0.508190 125.157806 0.983560 -0.176824 -0.036656 0.201645 0.873151 1 28 1.000000
01_-_Default
  1 15.341640 9.465471 141.052689 0.931313 0.362320 0.037153 0.242657 0.944229 1 28 1.000000
  1 15.727864 9.949192 127.802261 0.942692 0.321880 0.087890 0.244864 0.883355 1 28 1.000000
  1 8.850830 17.370975 127.816452 0.738641 0.656633 0.152456 0.278697 0.883735 1 28 1.000000
01_-_Default
  1 8.850830 17.370975 127.816452 0.738641 0.656633 0.152456 0.278697 0.883735 1 28 1.000000
  1 7.416938 19.533232 144.350250 0.783589 0.621140 -0.013190 0.288415 0.960287 1 28 1.000000
  1 15.341640 9.465471 141.052689 0.931313 0.362320 0.037153 0.242657 0.944229 1 28 1.000000
01_-_Default
  1 16.932209 -4.343368 137.018814 0.945991 -0.322000 0.037641 0.179620 0.925696 1 28 1.000000
  1 14.725949 0.508190 125.157806 0.983560 -0.176824 -0.036656 0.201645 0.873151 1 28 1.000000
  1 15.727864 9.949192 127.802261 0.942692 0.321880 0.087890 0.244864 0.883355 1 28 1.000000
01_-_Default
  1 15.727864 9.949192 127.802261 0.942692 0.321880 0.087890 0.244864 0.883355 1 28 1.000000
  1 15.341640 9.465471 141.052689 0.931313 0.362320 0.037153 0.242657 0.944229 1 28 1.000000
  1 16.932209 -4.343368 137.018814 0.945991 -0.322000 0.037641 0.179620 0.925696 1 28 1.000000
01_-_Default
  1 15.624897 -2.476540 148.353516 0.923691 -0.346911 0.162628 0.189461 0.978835 1 28 1.000000
  1 16.932209 -4.343368 137.018814 0.945991 -0.322000 0.037641 0.179620 0.925696 1 28 1.000000
  1 15.341640 9.465471 141.052689 0.931313 0.362320 0.037153 0.242657 0.944229 1 28 1.000000
01_-_Default
  1 5.170569 -14.379484 145.032318 0.705679 -0.686673 0.174635 0.133462 0.962755 1 28 1.000000
  1 7.838789 -14.243170 134.051178 0.702823 -0.693444 0.158666 0.134427 0.912065 1 28 1.000000
  1 16.932209 -4.343368 137.018814 0.945991 -0.322000 0.037641 0.179620 0.925696 1 28 1.000000
01_-_Default
  1 16.932209 -4.343368 137.018814 0.945991 -0.322000 0.037641 0.179620 0.925696 1 28 1.000000
  1 15.624897 -2.476540 148.353516 0.923691 -0.346911 0.162628 0.189461 0.978835 1 28 1.000000
  1 5.170569 -14.379484 145.032318 0.705679 -0.686673 0.174635 0.133462 0.962755 1 28 1.000000
01_-_Default
  1 0.312062 26.905432 111.144318 -0.001554 0.896738 0.442558 0.365212 0.836470 1 30 1.000000
  1 8.850830 17.370975 127.816452 0.105449 0.977093 0.184851 0.418429 0.861994 1 28 1.000000
  1 15.002905 18.885485 111.183708 0.447306 0.821122 0.354507 0.422590 0.836531 1 30 1.000000
01_-_Default
  1 -16.963423 4.798417 112.557007 -0.993702 0.037375 0.105637 0.172164 0.820951 1 30 1.000000
  1 -14.379062 18.885601 111.183708 -0.956792 0.260615 0.128950 0.285659 0.807004 1 30 1.000000
  1 -14.379340 46.576588 64.009338 -0.975548 0.189850 0.110741 0.284657 0.755960 1 30 1.000000
01_-_Default
  1 -14.379340 46.576588 64.009338 -0.975548 0.189850 0.110741 0.284657 0.755960 1 30 1.000000
  1 -16.963980 32.489502 65.382629 -0.975546 0.189855 0.110744 0.168037 0.749721 1 30 1.000000
  1 -16.963423 4.798417 112.557007 -0.993702 0.037375 0.105637 0.172164 0.820951 1 30 1.000000
01_-_Default
  1 -14.379062 18.885601 111.183708 -0.446199 0.819153 0.360408 0.307834 0.836531 1 30 1.000000
  1 0.312062 26.905432 111.144318 -0.001554 0.896738 0.442558 0.365212 0.836470 1 30 1.000000
  1 0.312062 54.596401 63.969955 0.000016 0.863810 0.503817 0.365211 0.762515 1 30 1.000000
01_-_Default
  1 0.312062 54.596401 63.969955 0.000016 0.863810 0.503817 0.365211 0.762515 1 30 1.000000
  1 -14.379340 46.576588 64.009338 -0.425496 0.781713 0.455936 0.293432 0.764869 1 30 1.000000
  1 -14.379062 18.885601 111.183708 -0.446199 0.819153 0.360408 0.307834 0.836531 1 30 1.000000
01_-_Default
  1 15.002905 18.885485 111.183708 0.956357 0.261963 0.129447 0.285659 0.807004 1 30 1.000000
  1 17.587263 4.798417 112.557007 0.993709 0.037349 0.105586 0.172164 0.820951 1 30 1.000000
  1 17.586706 32.489365 65.382629 0.975553 0.189842 0.110711 0.168037 0.749721 1 30 1.000000
01_-_Default
  1 17.586706 32.489365 65.382629 0.975553 0.189842 0.110711 0.168037 0.749721 1 30 1.000000
  1 15.002203 46.576454 64.009338 0.975553 0.189843 0.110711 0.284657 0.755960 1 30 1.000000
  1 15.002905 18.885485 111.183708 0.956357 0.261963 0.129447 0.285659 0.807004 1 30 1.000000
01_-_Default
  1 0.312062 26.905432 111.144318 -0.001554 0.896738 0.442558 0.365212 0.836470 1 30 1.000000
  1 15.002905 18.885485 111.183708 0.447306 0.821122 0.354507 0.422590 0.836531 1 30 1.000000
  1 15.002203 46.576454 64.009338 0.425529 0.781701 0.455925 0.436990 0.764869 1 30 1.000000
01_-_Default
  1 15.002203 46.576454 64.009338 0.425529 0.781701 0.455925 0.436990 0.764869 1 30 1.000000
  1 0.312062 54.596401 63.969955 0.000016 0.863810 0.503817 0.365211 0.762515 1 30 1.000000
  1 0.312062 26.905432 111.144318 -0.001554 0.896738 0.442558 0.365212 0.836470 1 30 1.000000
01_-_Default
  1 10.660751 3.703625 96.552757 0.548574 0.514530 0.659034 0.824121 0.520616 1 33 1.000000
  1 0.410406 11.418592 100.400642 -0.000011 0.731243 0.682117 0.804576 0.525212 1 33 1.000000
  1 0.410406 9.773691 103.110466 -0.000008 0.856303 0.516474 0.811186 0.553270 1 33 1.000000
01_-_Default
  1 31.073769 43.948647 52.227268 0.201277 0.679720 0.705314 0.677158 0.335309 1 33 1.000000
  1 10.660751 3.703625 96.552757 0.548574 0.514530 0.659034 0.824121 0.520616 1 33 1.000000
  1 33.457653 28.552185 69.138969 0.003034 0.741804 0.670609 0.737465 0.401976 1 33 1.000000
01_-_Default
  1 5.500282 0.680646 116.299980 0.921108 0.377670 -0.094481 0.846637 0.587888 1 33 1.000000
  1 0.410406 9.773691 103.110466 -0.000019 0.906370 0.422486 0.811186 0.553270 1 33 1.000000
  1 0.410406 10.385157 118.253448 -0.000014 0.999196 -0.040090 0.808624 0.595589 1 33 1.000000
01_-_Default
  1 3.958479 0.286714 109.272133 -0.865705 0.494253 0.079178 0.796234 0.562395 1 33 1.000000
  1 5.500282 0.680646 116.299980 -0.877499 0.449849 0.166228 0.794691 0.590099 1 33 1.000000
  1 26.380371 36.142891 130.464249 -0.762885 0.607938 -0.220039 0.655787 0.645936 1 33 1.000000
01_-_Default
  1 26.380371 36.142891 130.464249 -0.762885 0.607938 -0.220039 0.655787 0.645936 1 33 1.000000
  1 24.838272 28.559887 118.465439 -0.716507 0.628314 -0.303051 0.685489 0.598635 1 33 1.000000
  1 3.958479 0.286714 109.272133 -0.865705 0.494253 0.079178 0.796234 0.562395 1 33 1.000000
01_-_Default
  1 5.500282 0.680646 116.299980 0.921108 0.377670 -0.094481 0.846637 0.587888 1 33 1.000000
  1 3.958479 0.286714 109.272133 0.932581 0.360514 0.017952 0.848180 0.560184 1 33 1.000000
  1 0.410406 9.773691 103.110466 -0.000019 0.906370 0.422486 0.811186 0.553270 1 33 1.000000
01_-_Default
  1 3.958479 0.286714 109.272133 0.932581 0.360514 0.017952 0.848180 0.560184 1 33 1.000000
  1 10.660751 3.703625 96.552757 0.656106 0.569244 0.495466 0.824121 0.520616 1 33 1.000000
  1 0.410406 9.773691 103.110466 -0.000019 0.906370 0.422486 0.811186 0.553270 1 33 1.000000
01_-_Default
  1 0.410406 11.418592 100.400642 -0.000011 0.731243 0.682117 0.804576 0.525212 1 33 1.000000
  1 10.660751 3.703625 96.552757 0.548574 0.514530 0.659034 0.824121 0.520616 1 33 1.000000
  1 31.073769 43.948647 52.227268 0.201277 0.679720 0.705314 0.677158 0.335309 1 33 1.000000
01_-_Default
  1 63.433170 33.799564 86.112259 0.318796 -0.172645 0.931967 0.612331 0.526640 1 33 1.000000
  1 32.363564 31.772469 95.278389 0.288397 -0.076920 0.954416 0.632691 0.557529 1 33 1.000000
  1 0.410406 9.773691 103.110466 -0.000005 -0.298554 0.954393 0.759240 0.555480 1 33 1.000000
01_-_Default
  1 0.410406 9.773691 103.110466 -0.000005 -0.298554 0.954393 0.759240 0.555480 1 33 1.000000
  1 10.660751 3.703625 96.552757 0.363141 -0.332936 0.870220 0.772175 0.522826 1 33 1.000000
  1 63.433170 33.799564 86.112259 0.318796 -0.172645 0.931967 0.612331 0.526640 1 33 1.000000
01_-_Default
  1 0.410406 11.418592 100.400642 -0.000011 0.731243 0.682117 0.804576 0.525212 1 33 1.000000
  1 -9.839537 3.703625 96.552757 -0.548586 0.514521 0.659030 0.824121 0.520616 1 33 1.000000
  1 0.410406 9.773691 103.110466 -0.000008 0.856303 0.516474 0.811186 0.553270 1 33 1.000000
01_-_Default
  1 -9.839537 3.703625 96.552757 -0.548586 0.514521 0.659030 0.824121 0.520616 1 33 1.000000
  1 -30.252537 43.948647 52.227268 -0.201278 0.679720 0.705314 0.677158 0.335309 1 33 1.000000
  1 -32.636566 28.552185 69.138969 -0.003034 0.741804 0.670609 0.737465 0.401976 1 33 1.000000
01_-_Default
  1 0.410406 9.773691 103.110466 -0.000019 0.906370 0.422486 0.811186 0.553270 1 33 1.000000
  1 -4.679052 0.680646 116.299980 -0.921121 0.377637 -0.094480 0.846637 0.587888 1 33 1.000000
  1 0.410406 10.385157 118.253448 -0.000014 0.999196 -0.040090 0.808624 0.595589 1 33 1.000000
01_-_Default
  1 -25.559273 36.142891 130.464249 0.762883 0.607941 -0.220041 0.655787 0.645936 1 33 1.000000
  1 -4.679052 0.680646 116.299980 0.877498 0.449851 0.166228 0.794691 0.590099 1 33 1.000000
  1 -3.137249 0.286714 109.272133 0.865703 0.494256 0.079177 0.796234 0.562395 1 33 1.000000
01_-_Default
  1 -3.137249 0.286714 109.272133 0.865703 0.494256 0.079177 0.796234 0.562395 1 33 1.000000
  1 -24.017178 28.559887 118.465439 0.716504 0.628316 -0.303053 0.685489 0.598635 1 33 1.000000
  1 -25.559273 36.142891 130.464249 0.762883 0.607941 -0.220041 0.655787 0.645936 1 33 1.000000
01_-_Default
  1 -3.137249 0.286714 109.272133 -0.932595 0.360477 0.017950 0.848180 0.560184 1 33 1.000000
  1 -4.679052 0.680646 116.299980 -0.921121 0.377637 -0.094480 0.846637 0.587888 1 33 1.000000
  1 0.410406 9.773691 103.110466 -0.000019 0.906370 0.422486 0.811186 0.553270 1 33 1.000000
01_-_Default
  1 -9.839537 3.703625 96.552757 -0.656122 0.569223 0.495469 0.824121 0.520616 1 33 1.000000
  1 -3.137249 0.286714 109.272133 -0.932595 0.360477 0.017950 0.848180 0.560184 1 33 1.000000
  1 0.410406 9.773691 103.110466 -0.000019 0.906370 0.422486 0.811186 0.553270 1 33 1.000000
01_-_Default
  1 -9.839537 3.703625 96.552757 -0.548586 0.514521 0.659030 0.824121 0.520616 1 33 1.000000
  1 0.410406 11.418592 100.400642 -0.000011 0.731243 0.682117 0.804576 0.525212 1 33 1.000000
  1 -30.252537 43.948647 52.227268 -0.201278 0.679720 0.705314 0.677158 0.335309 1 33 1.000000
01_-_Default
  1 -31.542473 31.772469 95.278389 -0.288397 -0.076916 0.954417 0.632691 0.557529 1 33 1.000000
  1 -62.612099 33.799564 86.112259 -0.318797 -0.172646 0.931967 0.612331 0.526640 1 33 1.000000
  1 0.410406 9.773691 103.110466 -0.000005 -0.298554 0.954393 0.759240 0.555480 1 33 1.000000
01_-_Default
  1 -9.839537 3.703625 96.552757 -0.363146 -0.332947 0.870214 0.772175 0.522826 1 33 1.000000
  1 0.410406 9.773691 103.110466 -0.000005 -0.298554 0.954393 0.759240 0.555480 1 33 1.000000
  1 -62.612099 33.799564 86.112259 -0.318797 -0.172646 0.931967 0.612331 0.526640 1 33 1.000000
01_-_Default
 20 -78.942230 -75.363495 1.235086 0.004418 -0.570040 -0.821605 0.195057 0.040171 1 20 1.000000
 20 -78.942436 -48.788578 1.832116 -0.003171 0.588319 -0.808623 0.195056 0.146189 1 20 1.000000
 20 -75.807495 -48.788578 4.777834 0.789529 0.611416 -0.053053 0.207851 0.146189 1 20 1.000000
01_-_Default
 20 -75.807495 -48.788578 4.777834 0.789529 0.611416 -0.053053 0.207851 0.146189 1 20 1.000000
 20 -78.943382 -48.788578 7.736299 -0.003958 0.596997 0.802234 0.195056 0.146189 1 20 1.000000
 20 -78.943382 -75.248703 8.969158 -0.019877 -0.547784 0.836384 0.195057 0.040171 1 20 1.000000
01_-_Default
 20 -75.807495 -48.788578 4.777834 0.789529 0.611416 -0.053053 0.207851 0.146189 1 20 1.000000
 20 -75.644699 -75.363495 5.030217 0.756932 -0.001609 -0.653492 0.208516 0.040040 1 20 1.000000
 20 -78.942230 -75.363495 1.235086 0.004418 -0.570040 -0.821605 0.195057 0.040171 1 20 1.000000
01_-_Default
 20 -78.943382 -75.248703 8.969158 -0.019877 -0.547784 0.836384 0.195057 0.040171 1 20 1.000000
 20 -75.644699 -75.363495 5.030217 0.503415 -0.743371 0.440424 0.208516 0.040040 1 20 1.000000
 20 -75.807495 -48.788578 4.777834 0.768791 0.010821 0.639408 0.207851 0.146189 1 20 1.000000
01_-_Default
 20 -78.942436 -48.788578 1.832116 -0.003171 0.588319 -0.808623 0.195056 0.146189 1 20 1.000000
 20 -78.942230 -75.363495 1.235086 0.004418 -0.570040 -0.821605 0.195057 0.040171 1 20 1.000000
 20 -82.024109 -48.788578 4.773118 -0.810021 0.586369 -0.006081 0.182483 0.146189 1 20 1.000000
01_-_Default
 20 -78.943382 -48.788578 7.736299 -0.003958 0.596997 0.802234 0.195056 0.146189 1 20 1.000000
 20 -82.024109 -48.788578 4.773118 -0.810021 0.586369 -0.006081 0.182483 0.146189 1 20 1.000000
 20 -78.943382 -75.248703 8.969158 -0.019877 -0.547784 0.836384 0.195057 0.040171 1 20 1.000000
01_-_Default
 20 -82.046402 -75.478470 4.777834 -0.789583 -0.612964 -0.028874 0.182392 0.039780 1 20 1.000000
 20 -82.024109 -48.788578 4.773118 -0.810021 0.586369 -0.006081 0.182483 0.146189 1 20 1.000000
 20 -78.942230 -75.363495 1.235086 0.004418 -0.570040 -0.821605 0.195057 0.040171 1 20 1.000000
01_-_Default
 20 -82.046402 -75.478470 4.777834 -0.789583 -0.612964 -0.028874 0.182392 0.039780 1 20 1.000000
 20 -78.943382 -75.248703 8.969158 -0.019877 -0.547784 0.836384 0.195057 0.040171 1 20 1.000000
 20 -82.024109 -48.788578 4.773118 -0.810021 0.586369 -0.006081 0.182483 0.146189 1 20 1.000000
01_-_Default
 20 -78.943382 -48.788578 7.736299 -0.003958 0.596997 0.802234 0.195056 0.146189 1 20 1.000000
 20 -75.807495 -48.788578 4.777834 0.789529 0.611416 -0.053053 0.207851 0.146189 1 20 1.000000
 20 -78.942436 -48.788578 1.832116 -0.003171 0.588319 -0.808623 0.195056 0.146189 1 20 1.000000
01_-_Default
 20 -78.942436 -48.788578 1.832116 -0.003171 0.588319 -0.808623 0.195056 0.146189 1 20 1.000000
 20 -82.024109 -48.788578 4.773118 -0.810021 0.586369 -0.006081 0.182483 0.146189 1 20 1.000000
 20 -78.943382 -48.788578 7.736299 -0.003958 0.596997 0.802234 0.195056 0.146189 1 20 1.000000
01_-_Default
 20 -78.943382 -75.248703 8.969158 -0.019877 -0.547784 0.836384 0.195057 0.040171 1 20 1.000000
 20 -82.046402 -75.478470 4.777834 -0.789583 -0.612964 -0.028874 0.182392 0.039780 1 20 1.000000
 20 -78.942230 -75.363495 1.235086 0.004418 -0.570040 -0.821605 0.195057 0.040171 1 20 1.000000
01_-_Default
 20 -78.942230 -75.363495 1.235086 0.004418 -0.570040 -0.821605 0.195057 0.040171 1 20 1.000000
 20 -75.644699 -75.363495 5.030217 0.503415 -0.743371 0.440424 0.208516 0.040040 1 20 1.000000
 20 -78.943382 -75.248703 8.969158 -0.019877 -0.547784 0.836384 0.195057 0.040171 1 20 1.000000
01_-_Default
 21 -79.200569 -76.780998 1.391994 0.003949 -0.552929 -0.833219 0.195057 0.040171 1 21 1.000000
 21 -79.200661 -32.656353 1.963525 -0.002946 0.563618 -0.826030 0.195056 0.146189 1 21 1.000000
 21 -77.322609 -32.656353 4.783381 0.785449 0.618706 -0.016512 0.207851 0.146189 1 21 1.000000
01_-_Default
 21 -77.322609 -32.656353 4.783381 0.785449 0.618706 -0.016512 0.207851 0.146189 1 21 1.000000
 21 -79.201424 -32.656353 7.615419 -0.003715 0.568515 0.822665 0.195056 0.146189 1 21 1.000000
 21 -79.201241 -76.665733 8.795648 -0.017520 -0.534175 0.845192 0.195057 0.040171 1 21 1.000000
01_-_Default
 21 -77.322609 -32.656353 4.783381 0.785449 0.618706 -0.016512 0.207851 0.146189 1 21 1.000000
 21 -77.225060 -76.780998 5.024986 0.879794 -0.000674 -0.475355 0.208516 0.040040 1 21 1.000000
 21 -79.200569 -76.780998 1.391994 0.003949 -0.552929 -0.833219 0.195057 0.040171 1 21 1.000000
01_-_Default
 21 -79.201241 -76.665733 8.795648 -0.017520 -0.534175 0.845192 0.195057 0.040171 1 21 1.000000
 21 -77.225060 -76.780998 5.024986 0.497810 -0.819426 0.284124 0.208516 0.040040 1 21 1.000000
 21 -77.322609 -32.656353 4.783381 0.886991 0.004506 0.461765 0.207851 0.146189 1 21 1.000000
01_-_Default
 21 -79.200661 -32.656353 1.963525 -0.002946 0.563618 -0.826030 0.195056 0.146189 1 21 1.000000
 21 -79.200569 -76.780998 1.391994 0.003949 -0.552929 -0.833219 0.195057 0.040171 1 21 1.000000
 21 -81.047005 -32.656353 4.778880 -0.794602 0.607122 -0.003343 0.182483 0.146189 1 21 1.000000
01_-_Default
 21 -79.201424 -32.656353 7.615419 -0.003715 0.568515 0.822665 0.195056 0.146189 1 21 1.000000
 21 -81.047005 -32.656353 4.778880 -0.794602 0.607122 -0.003343 0.182483 0.146189 1 21 1.000000
 21 -79.201241 -76.665733 8.795648 -0.017520 -0.534175 0.845192 0.195057 0.040171 1 21 1.000000
01_-_Default
 21 -81.060432 -76.896255 4.783381 -0.755289 -0.655079 -0.020275 0.182392 0.039780 1 21 1.000000
 21 -81.047005 -32.656353 4.778880 -0.794602 0.607122 -0.003343 0.182483 0.146189 1 21 1.000000
 21 -79.200569 -76.780998 1.391994 0.003949 -0.552929 -0.833219 0.195057 0.040171 1 21 1.000000
01_-_Default
 21 -81.060432 -76.896255 4.783381 -0.755289 -0.655079 -0.020275 0.182392 0.039780 1 21 1.000000
 21 -79.201241 -76.665733 8.795648 -0.017520 -0.534175 0.845192 0.195057 0.040171 1 21 1.000000
 21 -81.047005 -32.656353 4.778880 -0.794602 0.607122 -0.003343 0.182483 0.146189 1 21 1.000000
01_-_Default
 21 -79.201424 -32.656353 7.615419 -0.003715 0.568515 0.822665 0.195056 0.146189 1 21 1.000000
 21 -77.322609 -32.656353 4.783381 0.785449 0.618706 -0.016512 0.207851 0.146189 1 21 1.000000
 21 -79.200661 -32.656353 1.963525 -0.002946 0.563618 -0.826030 0.195056 0.146189 1 21 1.000000
01_-_Default
 21 -79.200661 -32.656353 1.963525 -0.002946 0.563618 -0.826030 0.195056 0.146189 1 21 1.000000
 21 -81.047005 -32.656353 4.778880 -0.794602 0.607122 -0.003343 0.182483 0.146189 1 21 1.000000
 21 -79.201424 -32.656353 7.615419 -0.003715 0.568515 0.822665 0.195056 0.146189 1 21 1.000000
01_-_Default
 21 -79.201241 -76.665733 8.795648 -0.017520 -0.534175 0.845192 0.195057 0.040171 1 21 1.000000
 21 -81.060432 -76.896255 4.783381 -0.755289 -0.655079 -0.020275 0.182392 0.039780 1 21 1.000000
 21 -79.200569 -76.780998 1.391994 0.003949 -0.552929 -0.833219 0.195057 0.040171 1 21 1.000000
01_-_Default
 21 -79.200569 -76.780998 1.391994 0.003949 -0.552929 -0.833219 0.195057 0.040171 1 21 1.000000
 21 -77.225060 -76.780998 5.024986 0.497810 -0.819426 0.284124 0.208516 0.040040 1 21 1.000000
 21 -79.201241 -76.665733 8.795648 -0.017520 -0.534175 0.845192 0.195057 0.040171 1 21 1.000000
02_-_Default
 22 -65.902100 -35.005741 4.829569 0.132211 0.000412 -0.991221 0.113477 0.087434 1 22 1.000000
 22 -79.292961 -35.005741 3.101958 0.001466 -0.000000 -0.999999 0.079773 0.065023 1 22 1.000000
 22 -79.292297 78.886787 3.101958 -0.081499 0.179374 -0.980399 0.079773 0.065023 1 22 1.000000
02_-_Default
 22 -70.590355 47.376049 4.663064 0.991884 0.046334 -0.118404 0.098951 0.085091 1 22 1.000000
 22 -79.292297 78.886787 6.286595 -0.081472 0.182033 0.979911 0.079773 0.108237 1 22 1.000000
 22 -79.292961 -35.027172 6.640433 0.118756 0.008910 0.992884 0.079773 0.108237 1 22 1.000000
02_-_Default
 22 -79.292297 78.886787 3.101958 -0.081499 0.179374 -0.980399 0.079773 0.065023 1 22 1.000000
 22 -70.590355 47.376049 4.663064 0.991884 0.046334 -0.118404 0.098951 0.085091 1 22 1.000000
 22 -65.902100 -35.005741 4.829569 0.132211 0.000412 -0.991221 0.113477 0.087434 1 22 1.000000
02_-_Default
 22 -79.292961 -35.027172 6.640433 0.118756 0.008910 0.992884 0.079773 0.108237 1 22 1.000000
 22 -65.902100 -35.005741 4.829569 0.134834 0.009689 0.990821 0.113477 0.087434 1 22 1.000000
 22 -70.590355 47.376049 4.663064 0.134834 0.009689 0.990821 0.098951 0.085091 1 22 1.000000
02_-_Default
 22 -79.292961 -35.005741 3.101958 0.001466 -0.000000 -0.999999 0.079773 0.065023 1 22 1.000000
 22 -92.998566 -35.005741 4.829569 -0.130454 0.000564 -0.991454 0.047613 0.087434 1 22 1.000000
 22 -79.292297 78.886787 3.101958 -0.081499 0.179374 -0.980399 0.079773 0.065023 1 22 1.000000
02_-_Default
 22 -79.292297 78.886787 6.286595 -0.081472 0.182033 0.979911 0.079773 0.108237 1 22 1.000000
 22 -87.079079 47.376141 4.663064 -0.998289 0.053294 0.024045 0.056213 0.084842 1 22 1.000000
 22 -79.292961 -35.027172 6.640433 0.118756 0.008910 0.992884 0.079773 0.108237 1 22 1.000000
02_-_Default
 22 -87.079079 47.376141 4.663064 -0.998289 0.053294 0.024045 0.056213 0.084842 1 22 1.000000
 22 -79.292297 78.886787 3.101958 -0.081499 0.179374 -0.980399 0.079773 0.065023 1 22 1.000000
 22 -92.998566 -35.005741 4.829569 -0.130454 0.000564 -0.991454 0.047613 0.087434 1 22 1.000000
02_-_Default
 22 -92.998566 -35.005741 4.829569 -0.131787 0.011486 0.991211 0.047613 0.087434 1 22 1.000000
 22 -79.292961 -35.027172 6.640433 -0.131787 0.011486 0.991211 0.079773 0.108237 1 22 1.000000
 22 -87.079079 47.376141 4.663064 -0.998289 0.053294 0.024045 0.056213 0.084842 1 22 1.000000
02_-_Default
 22 -70.590355 47.376049 4.663064 0.991884 0.046334 -0.118404 0.098951 0.085091 1 22 1.000000
 22 -79.292297 78.886787 3.101958 -0.081499 0.179374 -0.980399 0.079773 0.065023 1 22 1.000000
 22 -79.063187 86.698166 4.678664 0.005799 0.999982 -0.001173 0.083493 0.085086 1 22 1.000000
02_-_Default
 22 -79.292297 78.886787 6.286595 -0.081472 0.182033 0.979911 0.079773 0.108237 1 22 1.000000
 22 -70.590355 47.376049 4.663064 0.991884 0.046334 -0.118404 0.098951 0.085091 1 22 1.000000
 22 -79.063187 86.698166 4.678664 0.005799 0.999982 -0.001173 0.083493 0.085086 1 22 1.000000
02_-_Default
 22 -79.292297 78.886787 3.101958 -0.081499 0.179374 -0.980399 0.079773 0.065023 1 22 1.000000
 22 -87.079079 47.376141 4.663064 -0.998289 0.053294 0.024045 0.056213 0.084842 1 22 1.000000
 22 -79.063187 86.698166 4.678664 0.005799 0.999982 -0.001173 0.083493 0.085086 1 22 1.000000
02_-_Default
 22 -87.079079 47.376141 4.663064 -0.998289 0.053294 0.024045 0.056213 0.084842 1 22 1.000000
 22 -79.292297 78.886787 6.286595 -0.081472 0.182033 0.979911 0.079773 0.108237 1 22 1.000000
 22 -79.063187 86.698166 4.678664 0.005799 0.999982 -0.001173 0.083493 0.085086 1 22 1.000000
02_-_Default
 32 -0.306248 -21.155016 135.919144 -0.081142 -0.963415 0.255437 0.110596 0.897798 1 32 1.000000
 32 -19.480679 -7.681550 131.177765 -0.596249 -0.776903 0.202261 0.073730 0.887427 1 32 1.000000
 32 -0.306248 -23.252430 127.914154 -0.000001 -0.967742 0.251944 0.106278 0.875283 1 32 1.000000
02_-_Default
 32 -19.480679 -7.681550 131.177765 -0.597278 -0.767218 0.233743 0.073730 0.887427 1 32 1.000000
 32 -0.306248 -21.155016 135.919144 -0.081142 -0.963415 0.255437 0.110596 0.897798 1 32 1.000000
 32 -22.639545 -2.313621 140.664337 -0.597278 -0.767218 0.233743 0.090576 0.940162 1 32 1.000000
02_-_Default
 32 18.868242 -7.681550 131.177765 0.596247 -0.776904 0.202261 0.073730 0.887427 1 32 1.000000
 32 -0.306248 -21.155016 135.919144 -0.081142 -0.963415 0.255437 0.110596 0.897798 1 32 1.000000
 32 -0.306248 -23.252430 127.914154 -0.000001 -0.967742 0.251944 0.106278 0.875283 1 32 1.000000
02_-_Default
 32 -0.306248 -21.155016 135.919144 0.597276 -0.767226 0.233721 0.110596 0.897798 1 32 1.000000
 32 18.868242 -7.681550 131.177765 0.597276 -0.767226 0.233721 0.073730 0.887427 1 32 1.000000
 32 22.027529 -2.313621 140.664337 0.597276 -0.767226 0.233721 0.090576 0.940162 1 32 1.000000
end
