version 1
nodes
  0 "bone33"  -1
  1 "bone21"  -1
  2 "bone20"   1
  3 "bone07"   2
  4 "bone22"   3
  5 "bone18"   4
  6 "bone14"   2
  7 "bone16"   6
  8 "bone19"   7
  9 "bone03"   1
 10 "bone06"   9
 11 "bone08"   9
 12 "bone05"  11
 13 "bone09"  12
 14 "bone11"  13
 15 "BOX001"  14
 16 "bone02"   9
 17 "bone04"  16
 18 "bone10"  17
end
skeleton
time 0
  0 -2.874928 -2.364846 -2.772400 0.000000 -0.000000 0.000000
  1 -4.078510 -1.654927 95.578613 -0.034907 -0.000000 -0.000000
  2 0.000000 0.426101 -2.643661 0.000000 -0.000000 0.000000
  3 -7.805029 -1.259274 -16.725006 0.000000 -0.000000 0.000000
  4 -0.855271 1.999124 -33.097385 0.000000 -0.000000 0.000000
  5 -1.710043 1.005954 -32.422897 0.000000 -0.000000 0.000000
  6 8.359842 -0.134830 -16.096413 0.000000 -0.000000 0.000000
  7 1.023946 0.902420 -33.930809 0.000000 -0.000000 0.000000
  8 1.181653 1.118924 -32.218086 0.000000 -0.000000 0.000000
  9 0.000000 0.426101 2.663773 0.000000 -0.000000 0.000000
 10 0.725195 -1.257226 27.700897 0.000000 -0.000000 0.000000
 11 -7.896836 -0.700384 18.721550 0.000000 -0.000000 0.000000
 12 -14.708304 0.451421 -17.688965 0.000000 -0.000000 0.000000
 13 -7.769432 -4.337900 -11.290718 0.000000 -0.000000 0.000000
 14 -3.938877 -2.157252 -8.406387 -0.000001 -0.000000 0.000000
 15 34.313534 6.017487 -79.785149 -0.000000 -0.000000 0.000000
 16 9.145774 -0.500298 18.886612 0.000000 -0.000000 0.000000
 17 13.771750 0.225331 -17.802177 0.000000 -0.000000 0.000000
 18 7.757051 -4.315053 -11.436722 0.000000 -0.000000 0.000000
end
triangles
Soldiers_far_red.tga
  0 9.842249 -4.396029 120.993980 0.204135 -0.559935 0.802995 0.690810 0.792241 1 16 1.000000
  0 3.844189 -2.897362 119.818527 -0.667258 -0.374663 0.643734 0.649530 0.789580 1 16 1.000000
  0 3.121698 -5.372051 114.286102 -0.780711 -0.623488 -0.041867 0.651250 0.740175 1 16 1.000000
Soldiers_far_red.tga
  0 8.947713 1.514503 121.240341 0.101900 0.525781 0.844494 0.690810 0.792241 1 16 1.000000
  0 2.892358 3.248077 114.578499 -0.766705 0.641999 0.000387 0.651250 0.740175 1 16 1.000000
  0 3.779491 -0.523939 119.816978 -0.715235 0.231878 0.659296 0.649530 0.789580 1 16 1.000000
Soldiers_far_red.tga
  0 8.947713 1.514503 121.240341 0.101900 0.525781 0.844494 0.954450 0.082671 1 16 1.000000
  0 3.779491 -0.523939 119.816978 -0.715235 0.231878 0.659296 0.964748 0.106523 1 16 1.000000
  0 3.844189 -2.897362 119.818527 -0.667258 -0.374663 0.643734 0.975073 0.106196 1 16 1.000000
Soldiers_far_red.tga
  0 9.842249 -4.396029 120.993980 0.204135 -0.559935 0.802995 0.981771 0.080050 1 16 1.000000
  0 8.947713 1.514503 121.240341 0.101900 0.525781 0.844494 0.954450 0.082671 1 16 1.000000
  0 3.844189 -2.897362 119.818527 -0.667258 -0.374663 0.643734 0.975073 0.106196 1 16 1.000000
Soldiers_far_red.tga
  0 2.892358 3.248077 114.578499 -0.766705 0.641999 0.000387 0.955070 0.097138 1 16 1.000000
  0 6.120970 2.136477 108.507256 -0.577150 0.499474 -0.646083 0.954450 0.082671 1 16 1.000000
  0 6.574553 -4.139968 107.711014 -0.556032 -0.426611 -0.713324 0.923972 0.077127 1 16 1.000000
Soldiers_far_red.tga
  0 11.809350 -7.872165 111.109581 0.261234 -0.958249 -0.116253 0.713768 0.725625 1 16 1.000000
  0 9.842249 -4.396029 120.993980 0.204135 -0.559935 0.802995 0.690810 0.792241 1 16 1.000000
  0 3.121698 -5.372051 114.286102 -0.780711 -0.623488 -0.041867 0.651250 0.740175 1 16 1.000000
Soldiers_far_red.tga
  0 16.239086 -0.914266 116.195335 0.892522 0.021616 0.450485 0.965895 0.049745 1 16 1.000000
  0 8.947713 1.514503 121.240341 0.101900 0.525781 0.844494 0.954450 0.082671 1 16 1.000000
  0 9.842249 -4.396029 120.993980 0.204135 -0.559935 0.802995 0.981771 0.080050 1 16 1.000000
Soldiers_far_red.tga
  0 3.121698 -5.372051 114.286102 -0.780711 -0.623488 -0.041867 0.651250 0.740175 1 16 1.000000
  0 6.574553 -4.139968 107.711014 -0.556032 -0.426611 -0.713324 0.681043 0.698606 1 16 1.000000
  0 11.809350 -7.872165 111.109581 0.261234 -0.958249 -0.116253 0.713768 0.725625 1 16 1.000000
Soldiers_far_red.tga
  0 6.574553 -4.139968 107.711014 -0.556032 -0.426611 -0.713324 0.923972 0.077127 1 16 1.000000
  0 3.121698 -5.372051 114.286102 -0.780711 -0.623488 -0.041867 0.917615 0.095805 1 16 1.000000
  0 2.892358 3.248077 114.578499 -0.766705 0.641999 0.000387 0.955070 0.097138 1 16 1.000000
Soldiers_far_red.tga
  0 12.926174 5.046535 111.338692 0.361175 0.929911 -0.069414 0.713768 0.725625 1 16 1.000000
  0 2.892358 3.248077 114.578499 -0.766705 0.641999 0.000387 0.651250 0.740175 1 16 1.000000
  0 8.947713 1.514503 121.240341 0.101900 0.525781 0.844494 0.690810 0.792241 1 16 1.000000
Soldiers_far_red.tga
  0 12.853911 -4.945189 107.238007 0.028967 -0.980069 -0.196536 0.721924 0.701533 1 16 1.000000
  0 11.809350 -7.872165 111.109581 0.261234 -0.958249 -0.116253 0.713768 0.725625 1 16 1.000000
  0 6.574553 -4.139968 107.711014 -0.556032 -0.426611 -0.713324 0.681043 0.698606 1 16 1.000000
Soldiers_far_red.tga
  0 16.940880 -1.083898 110.167007 0.916827 -0.020766 0.398745 0.749907 0.724264 1 16 1.000000
  0 16.239086 -0.914266 116.195335 0.892522 0.021616 0.450485 0.739338 0.765553 1 16 1.000000
  0 11.809350 -7.872165 111.109581 0.261234 -0.958249 -0.116253 0.713768 0.725625 1 16 1.000000
Soldiers_far_red.tga
  0 9.861690 -1.201168 106.103951 -0.741858 -0.005467 -0.670534 0.937002 0.062074 1 16 1.000000
  0 6.574553 -4.139968 107.711014 -0.556032 -0.426611 -0.713324 0.923972 0.077127 1 16 1.000000
  0 6.120970 2.136477 108.507256 -0.577150 0.499474 -0.646083 0.954450 0.082671 1 16 1.000000
Soldiers_far_red.tga
  0 12.853911 -4.945189 107.238007 0.028967 -0.980069 -0.196536 0.721924 0.701533 1 16 1.000000
  0 16.940880 -1.083898 110.167007 0.916827 -0.020766 0.398745 0.749907 0.724264 1 16 1.000000
  0 11.809350 -7.872165 111.109581 0.261234 -0.958249 -0.116253 0.713768 0.725625 1 16 1.000000
Soldiers_far_red.tga
  0 16.239086 -0.914266 116.195335 0.892522 0.021616 0.450485 0.739338 0.765553 1 16 1.000000
  0 9.842249 -4.396029 120.993980 0.204135 -0.559935 0.802995 0.690810 0.792241 1 16 1.000000
  0 11.809350 -7.872165 111.109581 0.261234 -0.958249 -0.116253 0.713768 0.725625 1 16 1.000000
Soldiers_far_red.tga
  0 8.947713 1.514503 121.240341 0.101900 0.525781 0.844494 0.690810 0.792241 1 16 1.000000
  0 16.239086 -0.914266 116.195335 0.892522 0.021616 0.450485 0.739338 0.765553 1 16 1.000000
  0 12.926174 5.046535 111.338692 0.361175 0.929911 -0.069414 0.713768 0.725625 1 16 1.000000
Soldiers_far_red.tga
  0 16.239086 -0.914266 116.195335 0.892522 0.021616 0.450485 0.739338 0.765553 1 16 1.000000
  0 16.940880 -1.083898 110.167007 0.916827 -0.020766 0.398745 0.749907 0.724264 1 16 1.000000
  0 12.926174 5.046535 111.338692 0.361175 0.929911 -0.069414 0.713768 0.725625 1 16 1.000000
Soldiers_far_red.tga
  0 16.940880 -1.083898 110.167007 0.916827 -0.020766 0.398745 0.749907 0.724264 1 16 1.000000
  0 12.483135 2.876338 107.331940 -0.075506 0.974206 -0.212655 0.721924 0.701533 1 16 1.000000
  0 12.926174 5.046535 111.338692 0.361175 0.929911 -0.069414 0.713768 0.725625 1 16 1.000000
Soldiers_far_red.tga
  0 2.892358 3.248077 114.578499 -0.766705 0.641999 0.000387 0.651250 0.740175 1 16 1.000000
  0 12.926174 5.046535 111.338692 0.361175 0.929911 -0.069414 0.713768 0.725625 1 16 1.000000
  0 6.120970 2.136477 108.507256 -0.577150 0.499474 -0.646083 0.681043 0.698606 1 16 1.000000
Soldiers_far_red.tga
  0 12.926174 5.046535 111.338692 0.361175 0.929911 -0.069414 0.713768 0.725625 1 16 1.000000
  0 12.483135 2.876338 107.331940 -0.075506 0.974206 -0.212655 0.721924 0.701533 1 16 1.000000
  0 6.120970 2.136477 108.507256 -0.577150 0.499474 -0.646083 0.681043 0.698606 1 16 1.000000
Soldiers_far_red.tga
  0 12.483135 2.876338 107.331940 -0.075506 0.974206 -0.212655 0.954553 0.051558 1 16 1.000000
  0 9.861690 -1.201168 106.103951 -0.741858 -0.005467 -0.670534 0.937002 0.062074 1 16 1.000000
  0 6.120970 2.136477 108.507256 -0.577150 0.499474 -0.646083 0.954450 0.082671 1 16 1.000000
Soldiers_far_red.tga
  0 9.861690 -1.201168 106.103951 -0.741858 -0.005467 -0.670534 0.937002 0.062074 1 16 1.000000
  0 12.853911 -4.945189 107.238007 0.028967 -0.980069 -0.196536 0.920542 0.049745 1 16 1.000000
  0 6.574553 -4.139968 107.711014 -0.556032 -0.426611 -0.713324 0.923972 0.077127 1 16 1.000000
Soldiers_far_red.tga
  0 12.853911 -4.945189 107.238007 0.028967 -0.980069 -0.196536 0.721924 0.701533 1 16 1.000000
  0 9.861690 -1.201168 106.103951 -0.741858 -0.005467 -0.670534 0.705438 0.690138 1 16 1.000000
  0 9.856748 -1.259926 100.748825 -0.997593 -0.058868 -0.036636 0.709612 0.654356 1 16 1.000000
Soldiers_far_red.tga
  0 15.418025 -7.375447 102.417793 -0.247303 -0.911695 0.328106 0.746323 0.669870 1 16 1.000000
  0 12.853911 -4.945189 107.238007 0.028967 -0.980069 -0.196536 0.721924 0.701533 1 16 1.000000
  0 9.856748 -1.259926 100.748825 -0.997593 -0.058868 -0.036636 0.709612 0.654356 1 16 1.000000
Soldiers_far_red.tga
  0 12.483135 2.876338 107.331940 -0.075506 0.974206 -0.212655 0.721924 0.701533 1 16 1.000000
  0 16.940880 -1.083898 110.167007 0.916827 -0.020766 0.398745 0.749907 0.724264 1 16 1.000000
  0 21.453094 -1.067935 107.404823 0.514108 -0.022397 0.857433 0.782878 0.710842 1 16 1.000000
Soldiers_far_red.tga
  0 14.810466 5.437568 102.572258 -0.303977 0.892997 0.331894 0.746323 0.669870 1 16 1.000000
  0 12.483135 2.876338 107.331940 -0.075506 0.974206 -0.212655 0.721924 0.701533 1 16 1.000000
  0 21.453094 -1.067935 107.404823 0.514108 -0.022397 0.857433 0.782878 0.710842 1 16 1.000000
Soldiers_far_red.tga
  0 21.453094 -1.067935 107.404823 0.514108 -0.022397 0.857433 0.782878 0.710842 1 16 1.000000
  0 16.940880 -1.083898 110.167007 0.916827 -0.020766 0.398745 0.749907 0.724264 1 16 1.000000
  0 12.853911 -4.945189 107.238007 0.028967 -0.980069 -0.196536 0.721924 0.701533 1 16 1.000000
Soldiers_far_red.tga
  0 15.418025 -7.375447 102.417793 -0.247303 -0.911695 0.328106 0.746323 0.669870 1 16 1.000000
  0 21.453094 -1.067935 107.404823 0.514108 -0.022397 0.857433 0.782878 0.710842 1 16 1.000000
  0 12.853911 -4.945189 107.238007 0.028967 -0.980069 -0.196536 0.721924 0.701533 1 16 1.000000
Soldiers_far_red.tga
  0 9.856748 -1.259926 100.748825 -0.997593 -0.058868 -0.036636 0.709612 0.654356 1 16 1.000000
  0 9.861690 -1.201168 106.103951 -0.741858 -0.005467 -0.670534 0.705438 0.690138 1 16 1.000000
  0 12.483135 2.876338 107.331940 -0.075506 0.974206 -0.212655 0.721924 0.701533 1 16 1.000000
Soldiers_far_red.tga
  0 14.810466 5.437568 102.572258 -0.303977 0.892997 0.331894 0.746323 0.669870 1 16 1.000000
  0 9.856748 -1.259926 100.748825 -0.997593 -0.058868 -0.036636 0.709612 0.654356 1 16 1.000000
  0 12.483135 2.876338 107.331940 -0.075506 0.974206 -0.212655 0.721924 0.701533 1 16 1.000000
Soldiers_far_red.tga
  0 3.844189 -2.897362 119.818527 -0.667258 -0.374663 0.643734 0.931729 0.125335 1 16 1.000000
  0 3.779491 -0.523939 119.816978 -0.715235 0.231878 0.659296 0.932047 0.115010 1 16 1.000000
  0 2.892358 3.248077 114.578499 -0.766705 0.641999 0.000387 0.902665 0.097805 1 16 1.000000
Soldiers_far_red.tga
  0 3.844189 -2.897362 119.818527 -0.667258 -0.374663 0.643734 0.931729 0.125335 1 16 1.000000
  0 2.892358 3.248077 114.578499 -0.766705 0.641999 0.000387 0.902665 0.097805 1 16 1.000000
  0 3.121698 -5.372051 114.286102 -0.780711 -0.623488 -0.041867 0.900244 0.135260 1 16 1.000000
Soldiers_far_red.tga
  0 -3.964433 6.393232 113.543365 -0.000003 0.986358 0.164616 0.342261 0.887789 1 9 1.000000
  0 -12.095901 3.373467 112.964172 -0.265905 0.946515 0.182767 0.419324 0.877841 1 9 1.000000
  0 -12.750457 2.124082 121.595970 0.243030 0.573093 0.782625 0.425528 0.956734 1 9 1.000000
Soldiers_far_red.tga
  0 -7.127961 -1.914187 123.074387 -0.128512 -0.080942 0.988399 0.503216 0.947562 1 9 1.000000
  0 -3.964434 1.987763 123.240341 -0.000001 0.681057 0.732231 0.490678 0.973567 1 9 1.000000
  0 -12.750457 2.124082 121.595970 0.243030 0.573093 0.782625 0.547686 0.948339 1 9 1.000000
Soldiers_far_red.tga
  0 -3.964434 1.987763 123.240341 -0.000001 0.681057 0.732231 0.342261 0.971921 1 9 1.000000
  0 -3.964433 6.393232 113.543365 -0.000003 0.986358 0.164616 0.342261 0.887789 1 9 1.000000
  0 -12.750457 2.124082 121.595970 0.243030 0.573093 0.782625 0.425528 0.956734 1 9 1.000000
Soldiers_far_red.tga
  0 -12.750457 2.124082 121.595970 0.243030 0.573093 0.782625 0.547686 0.948339 1 9 1.000000
  0 -12.750435 -5.378849 121.857979 0.330140 -0.515943 0.790449 0.547686 0.928595 1 9 1.000000
  0 -7.127961 -1.914187 123.074387 -0.128512 -0.080942 0.988399 0.503216 0.947562 1 9 1.000000
Soldiers_far_red.tga
  0 -3.964434 -5.286110 121.898689 -0.000000 -0.747348 0.664433 0.478196 0.929159 1 9 1.000000
  0 -7.127961 -1.914187 123.074387 -0.128512 -0.080942 0.988399 0.503216 0.947562 1 9 1.000000
  0 -12.750435 -5.378849 121.857979 0.330140 -0.515943 0.790449 0.547686 0.928595 1 9 1.000000
Soldiers_far_red.tga
  0 -12.095901 3.373467 112.964172 -0.265905 0.946515 0.182767 0.705506 0.966104 1 9 1.000000
  0 -13.758463 3.139548 98.332138 -0.789601 0.496955 -0.359953 0.708094 0.829321 1 9 1.000000
  0 -12.132056 -6.004436 113.000443 -0.736336 -0.667903 0.108238 0.617876 0.963378 1 9 1.000000
Soldiers_far_red.tga
  0 -12.132056 -6.004436 113.000443 -0.736336 -0.667903 0.108238 0.617876 0.963378 1 9 1.000000
  0 -13.758463 3.139548 98.332138 -0.789601 0.496955 -0.359953 0.708094 0.829321 1 9 1.000000
  0 -13.564190 -8.606356 98.742317 -0.787366 -0.484710 -0.380934 0.598220 0.829321 1 9 1.000000
Soldiers_far_red.tga
  0 -11.057000 -6.520798 118.568077 -0.332526 -0.902522 0.273644 0.534292 0.901070 1 9 1.000000
  0 -12.750435 -5.378849 121.857979 0.330140 -0.515943 0.790449 0.547686 0.928595 1 9 1.000000
  0 -12.132056 -6.004436 113.000443 -0.736336 -0.667903 0.108238 0.542794 0.861570 1 9 1.000000
Soldiers_far_red.tga
  0 -11.057000 -6.520798 118.568077 -0.332526 -0.902522 0.273644 0.534292 0.901070 1 9 1.000000
  0 -10.391439 -12.311787 108.726059 -0.462330 -0.866064 0.190221 0.529028 0.811884 1 9 1.000000
  0 -3.964433 -7.600530 117.711266 -0.000000 -0.879545 0.475816 0.478196 0.891646 1 9 1.000000
Soldiers_far_red.tga
  0 -12.132056 -6.004436 113.000443 -0.736336 -0.667903 0.108238 0.542794 0.861570 1 9 1.000000
  0 -13.564190 -8.606356 98.742317 -0.787366 -0.484710 -0.380934 0.554122 0.749079 1 9 1.000000
  0 -10.391439 -12.311787 108.726059 -0.462330 -0.866064 0.190221 0.529028 0.811884 1 9 1.000000
Soldiers_far_red.tga
  0 -3.964431 -12.126010 98.865227 -0.000002 -0.923108 -0.384540 0.478196 0.739817 1 9 1.000000
  0 -13.564190 -8.606356 98.742317 -0.787366 -0.484710 -0.380934 0.554122 0.749079 1 9 1.000000
  0 -3.964431 -9.684979 95.994400 -0.000002 -0.878272 -0.478162 0.478196 0.725731 1 1 1.000000
Soldiers_far_red.tga
  0 -3.964431 -9.684979 95.994400 -0.000002 -0.878272 -0.478162 0.478196 0.725731 1 1 1.000000
  0 -13.564190 -8.606356 98.742317 -0.787366 -0.484710 -0.380934 0.554122 0.749079 1 9 1.000000
  0 -11.321931 -6.680785 96.464569 -0.704861 -0.458832 -0.540965 0.536387 0.737871 1 1 1.000000
Soldiers_far_red.tga
  0 -10.391439 -12.311787 108.726059 -0.462330 -0.866064 0.190221 0.529028 0.811884 1 9 1.000000
  0 -11.057000 -6.520798 118.568077 -0.332526 -0.902522 0.273644 0.534292 0.901070 1 9 1.000000
  0 -12.132056 -6.004436 113.000443 -0.736336 -0.667903 0.108238 0.542794 0.861570 1 9 1.000000
Soldiers_far_red.tga
  0 -11.057000 -6.520798 118.568077 -0.332526 -0.902522 0.273644 0.534292 0.901070 1 9 1.000000
  0 -3.964433 -7.600530 117.711266 -0.000000 -0.879545 0.475816 0.478196 0.891646 1 9 1.000000
  0 -3.964434 -5.286110 121.898689 -0.000000 -0.747348 0.664433 0.478196 0.929159 1 9 1.000000
Soldiers_far_red.tga
  0 -10.391439 -12.311787 108.726059 -0.462330 -0.866064 0.190221 0.529028 0.811884 1 9 1.000000
  0 -3.964432 -11.607327 108.419044 0.000000 -0.974064 0.226271 0.478196 0.811661 1 9 1.000000
  0 -3.964433 -7.600530 117.711266 -0.000000 -0.879545 0.475816 0.478196 0.891646 1 9 1.000000
Soldiers_far_red.tga
  0 -11.057000 -6.520798 118.568077 -0.332526 -0.902522 0.273644 0.534292 0.901070 1 9 1.000000
  0 -3.964434 -5.286110 121.898689 -0.000000 -0.747348 0.664433 0.478196 0.929159 1 9 1.000000
  0 -12.750435 -5.378849 121.857979 0.330140 -0.515943 0.790449 0.547686 0.928595 1 9 1.000000
Soldiers_far_red.tga
  0 -13.758463 3.139548 98.332138 -0.789601 0.496955 -0.359953 0.435081 0.740569 1 9 1.000000
  0 -3.964431 7.178149 98.191101 -0.000002 0.939895 -0.341464 0.342261 0.745313 1 9 1.000000
  0 -11.312530 1.545572 96.177299 -0.703201 0.466673 -0.536400 0.411900 0.718012 1 1 1.000000
Soldiers_far_red.tga
  0 -11.312530 1.545572 96.177299 -0.703201 0.466673 -0.536400 0.411900 0.718012 1 1 1.000000
  0 -3.964431 7.178149 98.191101 -0.000002 0.939895 -0.341464 0.342261 0.745313 1 9 1.000000
  0 -3.964431 4.604819 95.495384 0.000000 0.885450 -0.464735 0.342261 0.716224 1 1 1.000000
Soldiers_far_red.tga
  0 -12.750457 2.124082 121.595970 0.243030 0.573093 0.782625 0.864717 0.946961 1 9 1.000000
  0 -12.095901 3.373467 112.964172 -0.265905 0.946515 0.182767 0.864717 0.886050 1 9 1.000000
  0 -15.884144 4.500586 122.799835 0.643668 0.495731 0.583046 0.905517 0.987569 1 9 1.000000
Soldiers_far_red.tga
  0 -15.884144 4.500586 122.799835 0.643668 0.495731 0.583046 0.905517 0.987569 1 9 1.000000
  0 -12.095901 3.373467 112.964172 -0.265905 0.946515 0.182767 0.864717 0.886050 1 9 1.000000
  0 -14.311440 6.803860 111.323463 0.765552 0.602442 0.225818 0.905517 0.886050 1 9 1.000000
Soldiers_far_red.tga
  0 -12.750457 2.124082 121.595970 0.243030 0.573093 0.782625 0.864717 0.946961 1 9 1.000000
  0 -15.884144 4.500586 122.799835 0.643668 0.495731 0.583046 0.905517 0.987569 1 9 1.000000
  0 -12.750435 -5.378849 121.857979 0.330140 -0.515943 0.790449 0.763198 0.946961 1 9 1.000000
Soldiers_far_red.tga
  0 -12.750435 -5.378849 121.857979 0.330140 -0.515943 0.790449 0.763198 0.946961 1 9 1.000000
  0 -15.884144 4.500586 122.799835 0.643668 0.495731 0.583046 0.905517 0.987569 1 9 1.000000
  0 -15.884144 -8.582627 123.256706 0.678184 -0.505907 0.533034 0.722465 0.987569 1 9 1.000000
Soldiers_far_red.tga
  0 -15.884144 -8.582627 123.256706 0.678184 -0.505907 0.533034 0.722465 0.987569 1 9 1.000000
  0 -12.132056 -6.004436 113.000443 -0.736336 -0.667903 0.108238 0.763198 0.886050 1 9 1.000000
  0 -12.750435 -5.378849 121.857979 0.330140 -0.515943 0.790449 0.763198 0.946961 1 9 1.000000
Soldiers_far_red.tga
  0 -3.964433 6.393232 113.543365 -0.000003 0.986358 0.164616 0.342261 0.887789 1 9 1.000000
  0 4.821732 2.124082 121.595970 -0.243060 0.573081 0.782624 0.425528 0.956734 1 9 1.000000
  0 4.167200 3.373467 112.964172 0.265898 0.946518 0.182763 0.419324 0.877841 1 9 1.000000
Soldiers_far_red.tga
  0 -0.800929 -1.914187 123.074387 0.128508 -0.080944 0.988400 0.503216 0.947562 1 9 1.000000
  0 4.821732 2.124082 121.595970 -0.243060 0.573081 0.782624 0.547686 0.948339 1 9 1.000000
  0 -3.964434 1.987763 123.240341 -0.000001 0.681057 0.732231 0.490678 0.973567 1 9 1.000000
Soldiers_far_red.tga
  0 -3.964434 1.987763 123.240341 -0.000001 0.681057 0.732231 0.342261 0.971921 1 9 1.000000
  0 4.821732 2.124082 121.595970 -0.243060 0.573081 0.782624 0.425528 0.956734 1 9 1.000000
  0 -3.964433 6.393232 113.543365 -0.000003 0.986358 0.164616 0.342261 0.887789 1 9 1.000000
Soldiers_far_red.tga
  0 4.821732 2.124082 121.595970 -0.243060 0.573081 0.782624 0.547686 0.948339 1 9 1.000000
  0 -0.800929 -1.914187 123.074387 0.128508 -0.080944 0.988400 0.503216 0.947562 1 9 1.000000
  0 4.821743 -5.378849 121.857979 -0.330177 -0.515921 0.790448 0.547686 0.928595 1 9 1.000000
Soldiers_far_red.tga
  0 -3.964434 -5.286110 121.898689 -0.000000 -0.747348 0.664433 0.478196 0.929159 1 9 1.000000
  0 4.821743 -5.378849 121.857979 -0.330177 -0.515921 0.790448 0.547686 0.928595 1 9 1.000000
  0 -0.800929 -1.914187 123.074387 0.128508 -0.080944 0.988400 0.503216 0.947562 1 9 1.000000
Soldiers_far_red.tga
  0 5.635484 -8.606356 98.742317 0.787367 -0.484707 -0.380937 0.598220 0.829321 1 9 1.000000
  0 3.393047 -6.680785 96.464569 0.704855 -0.458848 -0.540960 0.616952 0.808668 1 1 1.000000
  0 5.829766 3.139548 98.332138 0.789600 0.496954 -0.359956 0.708094 0.829321 1 9 1.000000
Soldiers_far_red.tga
  0 5.829766 3.139548 98.332138 0.789600 0.496954 -0.359956 0.708094 0.829321 1 9 1.000000
  0 3.393047 -6.680785 96.464569 0.704855 -0.458848 -0.540960 0.616952 0.808668 1 1 1.000000
  0 3.383821 1.545462 96.177307 0.703211 0.466661 -0.536397 0.693904 0.808668 1 1 1.000000
Soldiers_far_red.tga
  0 3.128121 -6.520798 118.568085 0.332511 -0.902528 0.273642 0.534292 0.901070 1 9 1.000000
  0 4.203157 -6.004436 113.000443 0.736346 -0.667892 0.108237 0.542794 0.861570 1 9 1.000000
  0 4.821743 -5.378849 121.857979 -0.330177 -0.515921 0.790448 0.547686 0.928595 1 9 1.000000
Soldiers_far_red.tga
  0 -3.964431 4.604819 95.495384 0.000000 0.885450 -0.464735 0.342261 0.716224 1 1 1.000000
  0 -3.964431 7.178149 98.191101 -0.000002 0.939895 -0.341464 0.342261 0.745313 1 9 1.000000
  0 3.383821 1.545462 96.177307 0.703211 0.466661 -0.536397 0.411900 0.718012 1 1 1.000000
Soldiers_far_red.tga
  0 3.383821 1.545462 96.177307 0.703211 0.466661 -0.536397 0.411900 0.718012 1 1 1.000000
  0 -3.964431 7.178149 98.191101 -0.000002 0.939895 -0.341464 0.342261 0.745313 1 9 1.000000
  0 5.829766 3.139548 98.332138 0.789600 0.496954 -0.359956 0.435081 0.740569 1 9 1.000000
Soldiers_far_red.tga
  0 3.393047 -6.680785 96.464569 0.704855 -0.458848 -0.540960 0.536387 0.737871 1 1 1.000000
  0 5.635484 -8.606356 98.742317 0.787367 -0.484707 -0.380937 0.554122 0.749079 1 9 1.000000
  0 -3.964431 -9.684979 95.994400 -0.000002 -0.878272 -0.478162 0.478196 0.725731 1 1 1.000000
Soldiers_far_red.tga
  0 -3.964431 -9.684979 95.994400 -0.000002 -0.878272 -0.478162 0.478196 0.725731 1 1 1.000000
  0 5.635484 -8.606356 98.742317 0.787367 -0.484707 -0.380937 0.554122 0.749079 1 9 1.000000
  0 -3.964431 -12.126010 98.865227 -0.000002 -0.923108 -0.384540 0.478196 0.739817 1 9 1.000000
Soldiers_far_red.tga
  0 3.128121 -6.520798 118.568085 0.332511 -0.902528 0.273642 0.534292 0.901070 1 9 1.000000
  0 -3.964433 -7.600530 117.711266 -0.000000 -0.879545 0.475816 0.478196 0.891646 1 9 1.000000
  0 2.462641 -12.311787 108.726067 0.462333 -0.866062 0.190225 0.529028 0.811884 1 9 1.000000
Soldiers_far_red.tga
  0 4.203157 -6.004436 113.000443 0.736346 -0.667892 0.108237 0.542794 0.861570 1 9 1.000000
  0 2.462641 -12.311787 108.726067 0.462333 -0.866062 0.190225 0.529028 0.811884 1 9 1.000000
  0 5.635484 -8.606356 98.742317 0.787367 -0.484707 -0.380937 0.554122 0.749079 1 9 1.000000
Soldiers_far_red.tga
  0 2.462641 -12.311787 108.726067 0.462333 -0.866062 0.190225 0.529028 0.811884 1 9 1.000000
  0 4.203157 -6.004436 113.000443 0.736346 -0.667892 0.108237 0.542794 0.861570 1 9 1.000000
  0 3.128121 -6.520798 118.568085 0.332511 -0.902528 0.273642 0.534292 0.901070 1 9 1.000000
Soldiers_far_red.tga
  0 3.128121 -6.520798 118.568085 0.332511 -0.902528 0.273642 0.534292 0.901070 1 9 1.000000
  0 -3.964434 -5.286110 121.898689 -0.000000 -0.747348 0.664433 0.478196 0.929159 1 9 1.000000
  0 -3.964433 -7.600530 117.711266 -0.000000 -0.879545 0.475816 0.478196 0.891646 1 9 1.000000
Soldiers_far_red.tga
  0 2.462641 -12.311787 108.726067 0.462333 -0.866062 0.190225 0.529028 0.811884 1 9 1.000000
  0 -3.964433 -7.600530 117.711266 -0.000000 -0.879545 0.475816 0.478196 0.891646 1 9 1.000000
  0 -3.964432 -11.607327 108.419044 0.000000 -0.974064 0.226271 0.478196 0.811661 1 9 1.000000
Soldiers_far_red.tga
  0 3.128121 -6.520798 118.568085 0.332511 -0.902528 0.273642 0.534292 0.901070 1 9 1.000000
  0 4.821743 -5.378849 121.857979 -0.330177 -0.515921 0.790448 0.547686 0.928595 1 9 1.000000
  0 -3.964434 -5.286110 121.898689 -0.000000 -0.747348 0.664433 0.478196 0.929159 1 9 1.000000
Soldiers_far_red.tga
  0 4.821732 2.124082 121.595970 -0.243060 0.573081 0.782624 0.864717 0.946961 1 9 1.000000
  0 7.955101 4.500586 122.799835 -0.643703 0.495719 0.583017 0.905517 0.987569 1 9 1.000000
  0 4.167200 3.373467 112.964172 0.265898 0.946518 0.182763 0.864717 0.886050 1 9 1.000000
Soldiers_far_red.tga
  0 7.955101 4.500586 122.799835 -0.643703 0.495719 0.583017 0.905517 0.987569 1 9 1.000000
  0 6.382729 6.803860 111.323463 -0.765563 0.602436 0.225797 0.905517 0.886050 1 9 1.000000
  0 4.167200 3.373467 112.964172 0.265898 0.946518 0.182763 0.864717 0.886050 1 9 1.000000
Soldiers_far_red.tga
  0 4.821732 2.124082 121.595970 -0.243060 0.573081 0.782624 0.864717 0.946961 1 9 1.000000
  0 4.821743 -5.378849 121.857979 -0.330177 -0.515921 0.790448 0.763198 0.946961 1 9 1.000000
  0 7.955101 4.500586 122.799835 -0.643703 0.495719 0.583017 0.905517 0.987569 1 9 1.000000
Soldiers_far_red.tga
  0 4.821743 -5.378849 121.857979 -0.330177 -0.515921 0.790448 0.763198 0.946961 1 9 1.000000
  0 7.955101 -8.582627 123.256721 -0.678217 -0.505892 0.533005 0.722465 0.987569 1 9 1.000000
  0 7.955101 4.500586 122.799835 -0.643703 0.495719 0.583017 0.905517 0.987569 1 9 1.000000
Soldiers_far_red.tga
  0 4.203157 -6.004436 113.000443 0.736346 -0.667892 0.108237 0.763198 0.886050 1 9 1.000000
  0 7.955101 -8.582627 123.256721 -0.678217 -0.505892 0.533005 0.722465 0.987569 1 9 1.000000
  0 4.821743 -5.378849 121.857979 -0.330177 -0.515921 0.790448 0.763198 0.946961 1 9 1.000000
Soldiers_far_red.tga
  0 6.432249 -6.831741 111.290833 -0.401660 -0.912079 -0.082341 0.722465 0.886050 1 9 1.000000
  0 7.955101 -8.582627 123.256721 -0.678217 -0.505892 0.533005 0.722465 0.987569 1 9 1.000000
  0 4.203157 -6.004436 113.000443 0.736346 -0.667892 0.108237 0.763198 0.886050 1 9 1.000000
Soldiers_far_red.tga
  0 -14.360938 -6.831741 111.290833 0.401683 -0.912071 -0.082325 0.722465 0.886050 1 9 1.000000
  0 -12.132056 -6.004436 113.000443 -0.736336 -0.667903 0.108238 0.763198 0.886050 1 9 1.000000
  0 -15.884144 -8.582627 123.256706 0.678184 -0.505907 0.533034 0.722465 0.987569 1 9 1.000000
Soldiers_far_red.tga
  0 -3.964430 3.964092 92.274704 -0.000003 0.975640 0.219380 0.624118 0.340226 1 1 1.000000
  0 3.483929 1.249946 92.882019 0.771817 0.542791 0.331175 0.683922 0.344339 1 1 1.000000
  0 -3.964428 13.263478 77.609764 -0.000002 0.888927 0.458048 0.624118 0.225156 3 3 0.333333 6 0.333333 2 0.333333
Soldiers_far_red.tga
  0 -3.964428 13.263478 77.609764 -0.000002 0.888927 0.458048 0.624118 0.225156 3 3 0.333333 6 0.333333 2 0.333333
  0 3.483929 1.249946 92.882019 0.771817 0.542791 0.331175 0.683922 0.344339 1 1 1.000000
  0 13.187783 6.128124 77.858932 0.698932 0.488890 0.521997 0.761836 0.225156 2 6 0.500000 2 0.500000
Soldiers_far_red.tga
  0 13.187783 6.128124 77.858932 0.698932 0.488890 0.521997 0.535220 0.226615 2 6 0.500000 2 0.500000
  0 3.483929 1.249946 92.882019 0.771817 0.542791 0.331175 0.491892 0.345725 1 1 1.000000
  0 13.187783 -11.313857 78.468018 0.733279 -0.420295 0.534465 0.395175 0.226615 2 6 0.500000 2 0.500000
Soldiers_far_red.tga
  0 13.187783 -11.313857 78.468018 0.733279 -0.420295 0.534465 0.395175 0.226615 2 6 0.500000 2 0.500000
  0 3.483929 1.249946 92.882019 0.771817 0.542791 0.331175 0.491892 0.345725 1 1 1.000000
  0 3.483929 -6.374055 93.148254 0.786115 -0.504874 0.356547 0.430679 0.345725 1 1 1.000000
Soldiers_far_red.tga
  0 13.187783 -11.313857 78.468018 0.733279 -0.420295 0.534465 0.892987 0.825599 2 6 0.500000 2 0.500000
  0 3.483929 -6.374055 93.148254 0.786115 -0.504874 0.356547 0.835481 0.913565 1 1 1.000000
  0 -3.964428 -20.872480 78.801819 -0.000002 -0.848619 0.529004 0.791341 0.825599 3 3 0.333333 6 0.333333 2 0.333333
Soldiers_far_red.tga
  0 -3.964428 -20.872480 78.801819 -0.000002 -0.848619 0.529004 0.791341 0.825599 3 3 0.333333 6 0.333333 2 0.333333
  0 3.483929 -6.374055 93.148254 0.786115 -0.504874 0.356547 0.835481 0.913565 1 1 1.000000
  0 -3.964430 -8.940004 93.008179 -0.000004 -0.967064 0.254532 0.791341 0.912204 1 1 1.000000
Soldiers_far_red.tga
  0 3.383821 1.545462 96.177307 0.703211 0.466661 -0.536397 0.683118 0.370863 1 1 1.000000
  0 3.483929 1.249946 92.882019 0.771817 0.542791 0.331175 0.683922 0.344339 1 1 1.000000
  0 -3.964431 4.604819 95.495384 0.000000 0.885450 -0.464735 0.624118 0.366248 1 1 1.000000
Soldiers_far_red.tga
  0 -3.964431 4.604819 95.495384 0.000000 0.885450 -0.464735 0.624118 0.366248 1 1 1.000000
  0 3.483929 1.249946 92.882019 0.771817 0.542791 0.331175 0.683922 0.344339 1 1 1.000000
  0 -3.964430 3.964092 92.274704 -0.000003 0.975640 0.219380 0.624118 0.340226 1 1 1.000000
Soldiers_far_red.tga
  0 3.483929 1.249946 92.882019 0.771817 0.542791 0.331175 0.491892 0.345725 1 1 1.000000
  0 3.383821 1.545462 96.177307 0.703211 0.466661 -0.536397 0.493340 0.372234 1 1 1.000000
  0 3.483929 -6.374055 93.148254 0.786115 -0.504874 0.356547 0.430679 0.345725 1 1 1.000000
Soldiers_far_red.tga
  0 3.483929 -6.374055 93.148254 0.786115 -0.504874 0.356547 0.430679 0.345725 1 1 1.000000
  0 3.383821 1.545462 96.177307 0.703211 0.466661 -0.536397 0.493340 0.372234 1 1 1.000000
  0 3.393047 -6.680785 96.464569 0.704855 -0.458848 -0.540960 0.427290 0.372234 1 1 1.000000
Soldiers_far_red.tga
  0 -3.964430 -8.940004 93.008179 -0.000004 -0.967064 0.254532 0.791341 0.912204 1 1 1.000000
  0 3.483929 -6.374055 93.148254 0.786115 -0.504874 0.356547 0.835481 0.913565 1 1 1.000000
  0 -3.964431 -9.684979 95.994400 -0.000002 -0.878272 -0.478162 0.791341 0.929736 1 1 1.000000
Soldiers_far_red.tga
  0 -3.964431 -9.684979 95.994400 -0.000002 -0.878272 -0.478162 0.791341 0.929736 1 1 1.000000
  0 3.483929 -6.374055 93.148254 0.786115 -0.504874 0.356547 0.835481 0.913565 1 1 1.000000
  0 3.393047 -6.680785 96.464569 0.704855 -0.458848 -0.540960 0.834943 0.933142 1 1 1.000000
Soldiers_far_red.tga
  0 -3.964425 25.540293 50.439827 -0.000001 0.911288 0.411768 0.624118 0.010578 2 3 0.500000 6 0.500000
  0 -3.964428 13.263478 77.609764 -0.000002 0.888927 0.458048 0.624118 0.225156 3 3 0.333333 6 0.333333 2 0.333333
  0 26.462612 12.882880 50.881840 0.725990 0.492048 0.480445 0.868421 0.010578 1 6 1.000000
Soldiers_far_red.tga
  0 13.187783 -11.313857 78.468018 0.733279 -0.420295 0.534465 0.395175 0.226615 2 6 0.500000 2 0.500000
  0 26.462612 -18.058529 51.962334 0.765431 -0.417604 0.489615 0.348511 0.012167 1 6 1.000000
  0 13.187783 6.128124 77.858932 0.698932 0.488890 0.521997 0.535220 0.226615 2 6 0.500000 2 0.500000
Soldiers_far_red.tga
  0 13.187783 6.128124 77.858932 0.698932 0.488890 0.521997 0.535220 0.226615 2 6 0.500000 2 0.500000
  0 26.462612 -18.058529 51.962334 0.765431 -0.417604 0.489615 0.348511 0.012167 1 6 1.000000
  0 26.462612 12.882880 50.881840 0.725990 0.492048 0.480445 0.596943 0.012167 1 6 1.000000
Soldiers_far_red.tga
  0 13.187783 -11.313857 78.468018 0.733279 -0.420295 0.534465 0.892987 0.825599 2 6 0.500000 2 0.500000
  0 -3.964428 -20.872480 78.801819 -0.000002 -0.848619 0.529004 0.791341 0.825599 3 3 0.333333 6 0.333333 2 0.333333
  0 26.462612 -18.058529 51.962334 0.765431 -0.417604 0.489615 0.971656 0.667223 1 6 1.000000
Soldiers_far_red.tga
  0 26.462612 -18.058529 51.962334 0.765431 -0.417604 0.489615 0.971656 0.667223 1 6 1.000000
  0 -3.964428 -20.872480 78.801819 -0.000002 -0.848619 0.529004 0.791341 0.825599 3 3 0.333333 6 0.333333 2 0.333333
  0 -3.964447 -35.015049 52.554466 -0.000001 -0.880340 0.474344 0.791341 0.667223 2 3 0.500000 6 0.500000
Soldiers_far_red.tga
  0 26.462612 12.882880 50.881840 0.725990 0.492048 0.480445 0.868421 0.010578 1 6 1.000000
  0 -3.964428 13.263478 77.609764 -0.000002 0.888927 0.458048 0.624118 0.225156 3 3 0.333333 6 0.333333 2 0.333333
  0 13.187783 6.128124 77.858932 0.698932 0.488890 0.521997 0.761836 0.225156 2 6 0.500000 2 0.500000
Soldiers_far_red.tga
  0 -3.964430 3.964092 92.274704 -0.000003 0.975640 0.219380 0.624118 0.340226 1 1 1.000000
  0 -3.964428 13.263478 77.609764 -0.000002 0.888927 0.458048 0.624118 0.225156 3 3 0.333333 6 0.333333 2 0.333333
  0 -11.412636 1.249946 92.882019 -0.771824 0.542786 0.331167 0.683922 0.344339 1 1 1.000000
Soldiers_far_red.tga
  0 -3.964428 13.263478 77.609764 -0.000002 0.888927 0.458048 0.624118 0.225156 3 3 0.333333 6 0.333333 2 0.333333
  0 -21.116375 6.128124 77.858932 -0.698933 0.488888 0.521997 0.761836 0.225156 2 3 0.500000 2 0.500000
  0 -11.412636 1.249946 92.882019 -0.771824 0.542786 0.331167 0.683922 0.344339 1 1 1.000000
Soldiers_far_red.tga
  0 -21.116375 6.128124 77.858932 -0.698933 0.488888 0.521997 0.535220 0.226615 2 3 0.500000 2 0.500000
  0 -21.116375 -11.313857 78.468018 -0.733281 -0.420293 0.534465 0.395175 0.226615 2 3 0.500000 2 0.500000
  0 -11.412636 1.249946 92.882019 -0.771824 0.542786 0.331167 0.491892 0.345725 1 1 1.000000
Soldiers_far_red.tga
  0 -21.116375 -11.313857 78.468018 -0.733281 -0.420293 0.534465 0.395175 0.226615 2 3 0.500000 2 0.500000
  0 -11.412625 -6.374055 93.148254 -0.786122 -0.504877 0.356527 0.430679 0.345725 1 1 1.000000
  0 -11.412636 1.249946 92.882019 -0.771824 0.542786 0.331167 0.491892 0.345725 1 1 1.000000
Soldiers_far_red.tga
  0 -21.116375 -11.313857 78.468018 -0.733281 -0.420293 0.534465 0.892987 0.825599 2 3 0.500000 2 0.500000
  0 -3.964428 -20.872480 78.801819 -0.000002 -0.848619 0.529004 0.791341 0.825599 3 3 0.333333 6 0.333333 2 0.333333
  0 -11.412625 -6.374055 93.148254 -0.786122 -0.504877 0.356527 0.835481 0.913565 1 1 1.000000
Soldiers_far_red.tga
  0 -3.964428 -20.872480 78.801819 -0.000002 -0.848619 0.529004 0.791341 0.825599 3 3 0.333333 6 0.333333 2 0.333333
  0 -3.964430 -8.940004 93.008179 -0.000004 -0.967064 0.254532 0.791341 0.912204 1 1 1.000000
  0 -11.412625 -6.374055 93.148254 -0.786122 -0.504877 0.356527 0.835481 0.913565 1 1 1.000000
Soldiers_far_red.tga
  0 -11.312530 1.545572 96.177299 -0.703201 0.466673 -0.536400 0.683118 0.370863 1 1 1.000000
  0 -3.964431 4.604819 95.495384 0.000000 0.885450 -0.464735 0.624118 0.366248 1 1 1.000000
  0 -11.412636 1.249946 92.882019 -0.771824 0.542786 0.331167 0.683922 0.344339 1 1 1.000000
Soldiers_far_red.tga
  0 -3.964431 4.604819 95.495384 0.000000 0.885450 -0.464735 0.624118 0.366248 1 1 1.000000
  0 -3.964430 3.964092 92.274704 -0.000003 0.975640 0.219380 0.624118 0.340226 1 1 1.000000
  0 -11.412636 1.249946 92.882019 -0.771824 0.542786 0.331167 0.683922 0.344339 1 1 1.000000
Soldiers_far_red.tga
  0 -11.412636 1.249946 92.882019 -0.771824 0.542786 0.331167 0.491892 0.345725 1 1 1.000000
  0 -11.412625 -6.374055 93.148254 -0.786122 -0.504877 0.356527 0.430679 0.345725 1 1 1.000000
  0 -11.312530 1.545572 96.177299 -0.703201 0.466673 -0.536400 0.493340 0.372234 1 1 1.000000
Soldiers_far_red.tga
  0 -11.412625 -6.374055 93.148254 -0.786122 -0.504877 0.356527 0.430679 0.345725 1 1 1.000000
  0 -11.321931 -6.680785 96.464569 -0.704861 -0.458832 -0.540965 0.427290 0.372234 1 1 1.000000
  0 -11.312530 1.545572 96.177299 -0.703201 0.466673 -0.536400 0.493340 0.372234 1 1 1.000000
Soldiers_far_red.tga
  0 -3.964430 -8.940004 93.008179 -0.000004 -0.967064 0.254532 0.791341 0.912204 1 1 1.000000
  0 -3.964431 -9.684979 95.994400 -0.000002 -0.878272 -0.478162 0.791341 0.929736 1 1 1.000000
  0 -11.412625 -6.374055 93.148254 -0.786122 -0.504877 0.356527 0.835481 0.913565 1 1 1.000000
Soldiers_far_red.tga
  0 -3.964431 -9.684979 95.994400 -0.000002 -0.878272 -0.478162 0.791341 0.929736 1 1 1.000000
  0 -11.321931 -6.680785 96.464569 -0.704861 -0.458832 -0.540965 0.834943 0.933142 1 1 1.000000
  0 -11.412625 -6.374055 93.148254 -0.786122 -0.504877 0.356527 0.835481 0.913565 1 1 1.000000
Soldiers_far_red.tga
  0 -3.964425 25.540293 50.439827 -0.000001 0.911288 0.411768 0.624118 0.010578 2 3 0.500000 6 0.500000
  0 -34.391308 12.882881 50.881832 -0.725990 0.492046 0.480446 0.868421 0.010578 1 3 1.000000
  0 -3.964428 13.263478 77.609764 -0.000002 0.888927 0.458048 0.624118 0.225156 3 3 0.333333 6 0.333333 2 0.333333
Soldiers_far_red.tga
  0 -21.116375 -11.313857 78.468018 -0.733281 -0.420293 0.534465 0.395175 0.226615 2 3 0.500000 2 0.500000
  0 -21.116375 6.128124 77.858932 -0.698933 0.488888 0.521997 0.535220 0.226615 2 3 0.500000 2 0.500000
  0 -34.391308 -18.058527 51.962326 -0.765431 -0.417601 0.489616 0.348511 0.012167 1 3 1.000000
Soldiers_far_red.tga
  0 -21.116375 6.128124 77.858932 -0.698933 0.488888 0.521997 0.535220 0.226615 2 3 0.500000 2 0.500000
  0 -34.391308 12.882881 50.881832 -0.725990 0.492046 0.480446 0.596943 0.012167 1 3 1.000000
  0 -34.391308 -18.058527 51.962326 -0.765431 -0.417601 0.489616 0.348511 0.012167 1 3 1.000000
Soldiers_far_red.tga
  0 -21.116375 -11.313857 78.468018 -0.733281 -0.420293 0.534465 0.892987 0.825599 2 3 0.500000 2 0.500000
  0 -34.391308 -18.058527 51.962326 -0.765431 -0.417601 0.489616 0.971656 0.667223 1 3 1.000000
  0 -3.964428 -20.872480 78.801819 -0.000002 -0.848619 0.529004 0.791341 0.825599 3 3 0.333333 6 0.333333 2 0.333333
Soldiers_far_red.tga
  0 -34.391308 -18.058527 51.962326 -0.765431 -0.417601 0.489616 0.971656 0.667223 1 3 1.000000
  0 -3.964447 -35.015049 52.554466 -0.000001 -0.880340 0.474344 0.791341 0.667223 2 3 0.500000 6 0.500000
  0 -3.964428 -20.872480 78.801819 -0.000002 -0.848619 0.529004 0.791341 0.825599 3 3 0.333333 6 0.333333 2 0.333333
Soldiers_far_red.tga
  0 -34.391308 12.882881 50.881832 -0.725990 0.492046 0.480446 0.868421 0.010578 1 3 1.000000
  0 -21.116375 6.128124 77.858932 -0.698933 0.488888 0.521997 0.761836 0.225156 2 3 0.500000 2 0.500000
  0 -3.964428 13.263478 77.609764 -0.000002 0.888927 0.458048 0.624118 0.225156 3 3 0.333333 6 0.333333 2 0.333333
Soldiers_far_red.tga
  0 -13.564190 -8.606356 98.742317 -0.787366 -0.484710 -0.380934 0.598220 0.829321 1 9 1.000000
  0 -13.758463 3.139548 98.332138 -0.789601 0.496955 -0.359953 0.708094 0.829321 1 9 1.000000
  0 -11.321931 -6.680785 96.464569 -0.704861 -0.458832 -0.540965 0.616952 0.808668 1 1 1.000000
Soldiers_far_red.tga
  0 -11.321931 -6.680785 96.464569 -0.704861 -0.458832 -0.540965 0.616952 0.808668 1 1 1.000000
  0 -13.758463 3.139548 98.332138 -0.789601 0.496955 -0.359953 0.708094 0.829321 1 9 1.000000
  0 -11.312530 1.545572 96.177299 -0.703201 0.466673 -0.536400 0.693904 0.808668 1 1 1.000000
Soldiers_far_red.tga
  0 -13.564190 -8.606356 98.742317 -0.787366 -0.484710 -0.380934 0.554122 0.749079 1 9 1.000000
  0 -3.964431 -12.126010 98.865227 -0.000002 -0.923108 -0.384540 0.478196 0.739817 1 9 1.000000
  0 -10.391439 -12.311787 108.726059 -0.462330 -0.866064 0.190221 0.529028 0.811884 1 9 1.000000
Soldiers_far_red.tga
  0 -10.391439 -12.311787 108.726059 -0.462330 -0.866064 0.190221 0.529028 0.811884 1 9 1.000000
  0 -3.964431 -12.126010 98.865227 -0.000002 -0.923108 -0.384540 0.478196 0.739817 1 9 1.000000
  0 -3.964432 -11.607327 108.419044 0.000000 -0.974064 0.226271 0.478196 0.811661 1 9 1.000000
Soldiers_far_red.tga
  0 -13.758463 3.139548 98.332138 -0.789601 0.496955 -0.359953 0.435081 0.740569 1 9 1.000000
  0 -12.095901 3.373467 112.964172 -0.265905 0.946515 0.182767 0.419324 0.877841 1 9 1.000000
  0 -3.964431 7.178149 98.191101 -0.000002 0.939895 -0.341464 0.342261 0.745313 1 9 1.000000
Soldiers_far_red.tga
  0 -3.964431 7.178149 98.191101 -0.000002 0.939895 -0.341464 0.342261 0.745313 1 9 1.000000
  0 -12.095901 3.373467 112.964172 -0.265905 0.946515 0.182767 0.419324 0.877841 1 9 1.000000
  0 -3.964433 6.393232 113.543365 -0.000003 0.986358 0.164616 0.342261 0.887789 1 9 1.000000
Soldiers_far_red.tga
  0 5.635484 -8.606356 98.742317 0.787367 -0.484707 -0.380937 0.598220 0.829321 1 9 1.000000
  0 5.829766 3.139548 98.332138 0.789600 0.496954 -0.359956 0.708094 0.829321 1 9 1.000000
  0 4.203157 -6.004436 113.000443 0.736346 -0.667892 0.108237 0.617876 0.963378 1 9 1.000000
Soldiers_far_red.tga
  0 4.203157 -6.004436 113.000443 0.736346 -0.667892 0.108237 0.617876 0.963378 1 9 1.000000
  0 5.829766 3.139548 98.332138 0.789600 0.496954 -0.359956 0.708094 0.829321 1 9 1.000000
  0 4.167200 3.373467 112.964172 0.265898 0.946518 0.182763 0.705506 0.966104 1 9 1.000000
Soldiers_far_red.tga
  0 -3.964433 6.393232 113.543365 -0.000003 0.986358 0.164616 0.342261 0.887789 1 9 1.000000
  0 4.167200 3.373467 112.964172 0.265898 0.946518 0.182763 0.419324 0.877841 1 9 1.000000
  0 -3.964431 7.178149 98.191101 -0.000002 0.939895 -0.341464 0.342261 0.745313 1 9 1.000000
Soldiers_far_red.tga
  0 -3.964431 7.178149 98.191101 -0.000002 0.939895 -0.341464 0.342261 0.745313 1 9 1.000000
  0 4.167200 3.373467 112.964172 0.265898 0.946518 0.182763 0.419324 0.877841 1 9 1.000000
  0 5.829766 3.139548 98.332138 0.789600 0.496954 -0.359956 0.435081 0.740569 1 9 1.000000
Soldiers_far_red.tga
  0 5.635484 -8.606356 98.742317 0.787367 -0.484707 -0.380937 0.554122 0.749079 1 9 1.000000
  0 2.462641 -12.311787 108.726067 0.462333 -0.866062 0.190225 0.529028 0.811884 1 9 1.000000
  0 -3.964431 -12.126010 98.865227 -0.000002 -0.923108 -0.384540 0.478196 0.739817 1 9 1.000000
Soldiers_far_red.tga
  0 -3.964431 -12.126010 98.865227 -0.000002 -0.923108 -0.384540 0.478196 0.739817 1 9 1.000000
  0 2.462641 -12.311787 108.726067 0.462333 -0.866062 0.190225 0.529028 0.811884 1 9 1.000000
  0 -3.964432 -11.607327 108.419044 0.000000 -0.974064 0.226271 0.478196 0.811661 1 9 1.000000
Soldiers_far_red.tga
  0 -19.830097 -5.036560 149.159988 -0.240080 -0.965958 0.096365 0.550526 0.658964 1 10 1.000000
  0 -11.413094 -6.288992 157.575455 -0.137789 -0.943501 0.301365 0.573734 0.687562 1 10 1.000000
  0 -27.470612 -2.917477 151.366302 -0.265372 -0.948849 0.171063 0.522730 0.668084 1 10 1.000000
Soldiers_far_red.tga
  0 -27.470612 -2.917477 151.366302 -0.265372 -0.948849 0.171063 0.522730 0.668084 1 10 1.000000
  0 -11.413094 -6.288992 157.575455 -0.137789 -0.943501 0.301365 0.573734 0.687562 1 10 1.000000
  0 -15.914460 -2.224886 167.545883 -0.139529 -0.937393 0.319103 0.558095 0.723435 1 10 1.000000
Soldiers_far_red.tga
  0 -11.413094 -6.288992 157.575455 -0.137789 -0.943501 0.301365 0.573734 0.687562 1 10 1.000000
  0 3.928926 -6.288992 157.575455 0.137784 -0.943502 0.301362 0.617507 0.687562 1 10 1.000000
  0 -15.914460 -2.224886 167.545883 -0.139529 -0.937393 0.319103 0.558095 0.723435 1 10 1.000000
Soldiers_far_red.tga
  0 -15.914460 -2.224886 167.545883 -0.139529 -0.937393 0.319103 0.558095 0.723435 1 10 1.000000
  0 3.928926 -6.288992 157.575455 0.137784 -0.943502 0.301362 0.617507 0.687562 1 10 1.000000
  0 8.430644 -2.224886 167.545914 0.139528 -0.937394 0.319098 0.633146 0.723435 1 10 1.000000
Soldiers_far_red.tga
  0 12.345957 -5.036560 149.159988 0.240075 -0.965960 0.096360 0.640715 0.658964 1 10 1.000000
  0 19.986691 -2.917477 151.366302 0.265367 -0.948852 0.171058 0.668511 0.668084 1 10 1.000000
  0 3.928926 -6.288992 157.575455 0.137784 -0.943502 0.301362 0.617507 0.687562 1 10 1.000000
Soldiers_far_red.tga
  0 3.928926 -6.288992 157.575455 0.137784 -0.943502 0.301362 0.617507 0.687562 1 10 1.000000
  0 19.986691 -2.917477 151.366302 0.265367 -0.948852 0.171058 0.668511 0.668084 1 10 1.000000
  0 8.430644 -2.224886 167.545914 0.139528 -0.937394 0.319098 0.633146 0.723435 1 10 1.000000
Soldiers_far_red.tga
  0 -11.773067 -2.897361 119.818520 0.667252 -0.374671 0.643736 0.649530 0.789580 1 11 1.000000
  0 -17.771069 -4.396028 120.993973 -0.204141 -0.559933 0.802996 0.690810 0.792241 1 11 1.000000
  0 -11.050409 -5.372050 114.286102 0.780719 -0.623479 -0.041852 0.651250 0.740175 1 11 1.000000
Soldiers_far_red.tga
  0 -10.821266 3.248077 114.578499 0.766698 0.642008 0.000390 0.651250 0.740175 1 11 1.000000
  0 -16.876423 1.514503 121.240334 -0.101895 0.525782 0.844495 0.690810 0.792241 1 11 1.000000
  0 -11.708203 -0.523938 119.816978 0.715269 0.231848 0.659270 0.649530 0.789580 1 11 1.000000
Soldiers_far_red.tga
  0 -11.708203 -0.523938 119.816978 0.715269 0.231848 0.659270 0.964748 0.106523 1 11 1.000000
  0 -16.876423 1.514503 121.240334 -0.101895 0.525782 0.844495 0.954450 0.082671 1 11 1.000000
  0 -11.773067 -2.897361 119.818520 0.667252 -0.374671 0.643736 0.975073 0.106196 1 11 1.000000
Soldiers_far_red.tga
  0 -16.876423 1.514503 121.240334 -0.101895 0.525782 0.844495 0.954450 0.082671 1 11 1.000000
  0 -17.771069 -4.396028 120.993973 -0.204141 -0.559933 0.802996 0.981771 0.080050 1 11 1.000000
  0 -11.773067 -2.897361 119.818520 0.667252 -0.374671 0.643736 0.975073 0.106196 1 11 1.000000
Soldiers_far_red.tga
  0 -14.049855 2.136478 108.507256 0.577136 0.499490 -0.646083 0.954450 0.082671 1 11 1.000000
  0 -10.821266 3.248077 114.578499 0.766698 0.642008 0.000390 0.955070 0.097138 1 11 1.000000
  0 -14.503075 -4.139967 107.711014 0.556040 -0.426594 -0.713328 0.923972 0.077127 1 11 1.000000
Soldiers_far_red.tga
  0 -17.771069 -4.396028 120.993973 -0.204141 -0.559933 0.802996 0.690810 0.792241 1 11 1.000000
  0 -19.738056 -7.872165 111.109581 -0.261232 -0.958250 -0.116249 0.713768 0.725625 1 11 1.000000
  0 -11.050409 -5.372050 114.286102 0.780719 -0.623479 -0.041852 0.651250 0.740175 1 11 1.000000
Soldiers_far_red.tga
  0 -16.876423 1.514503 121.240334 -0.101895 0.525782 0.844495 0.954450 0.082671 1 11 1.000000
  0 -24.167801 -0.914265 116.195328 -0.892523 0.021615 0.450484 0.965895 0.049745 1 11 1.000000
  0 -17.771069 -4.396028 120.993973 -0.204141 -0.559933 0.802996 0.981771 0.080050 1 11 1.000000
Soldiers_far_red.tga
  0 -14.503075 -4.139967 107.711014 0.556040 -0.426594 -0.713328 0.681043 0.698606 1 11 1.000000
  0 -11.050409 -5.372050 114.286102 0.780719 -0.623479 -0.041852 0.651250 0.740175 1 11 1.000000
  0 -19.738056 -7.872165 111.109581 -0.261232 -0.958250 -0.116249 0.713768 0.725625 1 11 1.000000
Soldiers_far_red.tga
  0 -11.050409 -5.372050 114.286102 0.780719 -0.623479 -0.041852 0.917615 0.095805 1 11 1.000000
  0 -14.503075 -4.139967 107.711014 0.556040 -0.426594 -0.713328 0.923972 0.077127 1 11 1.000000
  0 -10.821266 3.248077 114.578499 0.766698 0.642008 0.000390 0.955070 0.097138 1 11 1.000000
Soldiers_far_red.tga
  0 -10.821266 3.248077 114.578499 0.766698 0.642008 0.000390 0.651250 0.740175 1 11 1.000000
  0 -20.854992 5.046536 111.338692 -0.361182 0.929908 -0.069415 0.713768 0.725625 1 11 1.000000
  0 -16.876423 1.514503 121.240334 -0.101895 0.525782 0.844495 0.690810 0.792241 1 11 1.000000
Soldiers_far_red.tga
  0 -19.738056 -7.872165 111.109581 -0.261232 -0.958250 -0.116249 0.713768 0.725625 1 11 1.000000
  0 -20.782837 -4.945189 107.238007 -0.028988 -0.980073 -0.196512 0.721924 0.701533 1 11 1.000000
  0 -14.503075 -4.139967 107.711014 0.556040 -0.426594 -0.713328 0.681043 0.698606 1 11 1.000000
Soldiers_far_red.tga
  0 -24.167801 -0.914265 116.195328 -0.892523 0.021615 0.450484 0.739338 0.765553 1 11 1.000000
  0 -24.869587 -1.083898 110.167000 -0.916821 -0.020778 0.398758 0.749907 0.724264 1 11 1.000000
  0 -19.738056 -7.872165 111.109581 -0.261232 -0.958250 -0.116249 0.713768 0.725625 1 11 1.000000
Soldiers_far_red.tga
  0 -14.503075 -4.139967 107.711014 0.556040 -0.426594 -0.713328 0.923972 0.077127 1 11 1.000000
  0 -17.790726 -1.201167 106.103951 0.741881 -0.005485 -0.670509 0.937002 0.062074 1 11 1.000000
  0 -14.049855 2.136478 108.507256 0.577136 0.499490 -0.646083 0.954450 0.082671 1 11 1.000000
Soldiers_far_red.tga
  0 -24.869587 -1.083898 110.167000 -0.916821 -0.020778 0.398758 0.749907 0.724264 1 11 1.000000
  0 -20.782837 -4.945189 107.238007 -0.028988 -0.980073 -0.196512 0.721924 0.701533 1 11 1.000000
  0 -19.738056 -7.872165 111.109581 -0.261232 -0.958250 -0.116249 0.713768 0.725625 1 11 1.000000
Soldiers_far_red.tga
  0 -17.771069 -4.396028 120.993973 -0.204141 -0.559933 0.802996 0.690810 0.792241 1 11 1.000000
  0 -24.167801 -0.914265 116.195328 -0.892523 0.021615 0.450484 0.739338 0.765553 1 11 1.000000
  0 -19.738056 -7.872165 111.109581 -0.261232 -0.958250 -0.116249 0.713768 0.725625 1 11 1.000000
Soldiers_far_red.tga
  0 -24.167801 -0.914265 116.195328 -0.892523 0.021615 0.450484 0.739338 0.765553 1 11 1.000000
  0 -16.876423 1.514503 121.240334 -0.101895 0.525782 0.844495 0.690810 0.792241 1 11 1.000000
  0 -20.854992 5.046536 111.338692 -0.361182 0.929908 -0.069415 0.713768 0.725625 1 11 1.000000
Soldiers_far_red.tga
  0 -24.869587 -1.083898 110.167000 -0.916821 -0.020778 0.398758 0.749907 0.724264 1 11 1.000000
  0 -24.167801 -0.914265 116.195328 -0.892523 0.021615 0.450484 0.739338 0.765553 1 11 1.000000
  0 -20.854992 5.046536 111.338692 -0.361182 0.929908 -0.069415 0.713768 0.725625 1 11 1.000000
Soldiers_far_red.tga
  0 -20.411842 2.876339 107.331940 0.075526 0.974204 -0.212657 0.721924 0.701533 1 11 1.000000
  0 -24.869587 -1.083898 110.167000 -0.916821 -0.020778 0.398758 0.749907 0.724264 1 11 1.000000
  0 -20.854992 5.046536 111.338692 -0.361182 0.929908 -0.069415 0.713768 0.725625 1 11 1.000000
Soldiers_far_red.tga
  0 -20.854992 5.046536 111.338692 -0.361182 0.929908 -0.069415 0.713768 0.725625 1 11 1.000000
  0 -10.821266 3.248077 114.578499 0.766698 0.642008 0.000390 0.651250 0.740175 1 11 1.000000
  0 -14.049855 2.136478 108.507256 0.577136 0.499490 -0.646083 0.681043 0.698606 1 11 1.000000
Soldiers_far_red.tga
  0 -20.411842 2.876339 107.331940 0.075526 0.974204 -0.212657 0.721924 0.701533 1 11 1.000000
  0 -20.854992 5.046536 111.338692 -0.361182 0.929908 -0.069415 0.713768 0.725625 1 11 1.000000
  0 -14.049855 2.136478 108.507256 0.577136 0.499490 -0.646083 0.681043 0.698606 1 11 1.000000
Soldiers_far_red.tga
  0 -17.790726 -1.201167 106.103951 0.741881 -0.005485 -0.670509 0.937002 0.062074 1 11 1.000000
  0 -20.411842 2.876339 107.331940 0.075526 0.974204 -0.212657 0.954553 0.051558 1 11 1.000000
  0 -14.049855 2.136478 108.507256 0.577136 0.499490 -0.646083 0.954450 0.082671 1 11 1.000000
Soldiers_far_red.tga
  0 -20.782837 -4.945189 107.238007 -0.028988 -0.980073 -0.196512 0.920542 0.049745 1 11 1.000000
  0 -17.790726 -1.201167 106.103951 0.741881 -0.005485 -0.670509 0.937002 0.062074 1 11 1.000000
  0 -14.503075 -4.139967 107.711014 0.556040 -0.426594 -0.713328 0.923972 0.077127 1 11 1.000000
Soldiers_far_red.tga
  0 -17.790726 -1.201167 106.103951 0.741881 -0.005485 -0.670509 0.705438 0.690138 1 11 1.000000
  0 -20.782837 -4.945189 107.238007 -0.028988 -0.980073 -0.196512 0.721924 0.701533 1 11 1.000000
  0 -17.785456 -1.259818 100.748817 0.997595 -0.058863 -0.036597 0.709612 0.654356 1 11 1.000000
Soldiers_far_red.tga
  0 -20.782837 -4.945189 107.238007 -0.028988 -0.980073 -0.196512 0.721924 0.701533 1 11 1.000000
  0 -23.346733 -7.375447 102.417793 0.247309 -0.911691 0.328112 0.746323 0.669870 1 11 1.000000
  0 -17.785456 -1.259818 100.748817 0.997595 -0.058863 -0.036597 0.709612 0.654356 1 11 1.000000
Soldiers_far_red.tga
  0 -24.869587 -1.083898 110.167000 -0.916821 -0.020778 0.398758 0.749907 0.724264 1 11 1.000000
  0 -20.411842 2.876339 107.331940 0.075526 0.974204 -0.212657 0.721924 0.701533 1 11 1.000000
  0 -29.382023 -1.067714 107.404816 -0.514099 -0.022374 0.857439 0.782878 0.710842 1 11 1.000000
Soldiers_far_red.tga
  0 -20.411842 2.876339 107.331940 0.075526 0.974204 -0.212657 0.721924 0.701533 1 11 1.000000
  0 -22.739174 5.437568 102.572258 0.303979 0.892997 0.331894 0.746323 0.669870 1 11 1.000000
  0 -29.382023 -1.067714 107.404816 -0.514099 -0.022374 0.857439 0.782878 0.710842 1 11 1.000000
Soldiers_far_red.tga
  0 -24.869587 -1.083898 110.167000 -0.916821 -0.020778 0.398758 0.749907 0.724264 1 11 1.000000
  0 -29.382023 -1.067714 107.404816 -0.514099 -0.022374 0.857439 0.782878 0.710842 1 11 1.000000
  0 -20.782837 -4.945189 107.238007 -0.028988 -0.980073 -0.196512 0.721924 0.701533 1 11 1.000000
Soldiers_far_red.tga
  0 -29.382023 -1.067714 107.404816 -0.514099 -0.022374 0.857439 0.782878 0.710842 1 11 1.000000
  0 -23.346733 -7.375447 102.417793 0.247309 -0.911691 0.328112 0.746323 0.669870 1 11 1.000000
  0 -20.782837 -4.945189 107.238007 -0.028988 -0.980073 -0.196512 0.721924 0.701533 1 11 1.000000
Soldiers_far_red.tga
  0 -17.790726 -1.201167 106.103951 0.741881 -0.005485 -0.670509 0.705438 0.690138 1 11 1.000000
  0 -17.785456 -1.259818 100.748817 0.997595 -0.058863 -0.036597 0.709612 0.654356 1 11 1.000000
  0 -20.411842 2.876339 107.331940 0.075526 0.974204 -0.212657 0.721924 0.701533 1 11 1.000000
Soldiers_far_red.tga
  0 -17.785456 -1.259818 100.748817 0.997595 -0.058863 -0.036597 0.709612 0.654356 1 11 1.000000
  0 -22.739174 5.437568 102.572258 0.303979 0.892997 0.331894 0.746323 0.669870 1 11 1.000000
  0 -20.411842 2.876339 107.331940 0.075526 0.974204 -0.212657 0.721924 0.701533 1 11 1.000000
Soldiers_far_red.tga
  0 -11.708203 -0.523938 119.816978 0.715269 0.231848 0.659270 0.932047 0.115010 1 11 1.000000
  0 -11.773067 -2.897361 119.818520 0.667252 -0.374671 0.643736 0.931729 0.125335 1 11 1.000000
  0 -10.821266 3.248077 114.578499 0.766698 0.642008 0.000390 0.902665 0.097805 1 11 1.000000
Soldiers_far_red.tga
  0 -10.821266 3.248077 114.578499 0.766698 0.642008 0.000390 0.902665 0.097805 1 11 1.000000
  0 -11.773067 -2.897361 119.818520 0.667252 -0.374671 0.643736 0.931729 0.125335 1 11 1.000000
  0 -11.050409 -5.372050 114.286102 0.780719 -0.623479 -0.041852 0.900244 0.135260 1 11 1.000000
Soldiers_far_red.tga
  0 -21.211819 -0.438231 113.667641 -0.856973 0.115731 0.502199 0.824024 0.646574 1 11 1.000000
  0 -18.847038 1.622203 111.447258 -0.000280 0.999659 -0.026119 0.822078 0.632955 1 11 1.000000
  0 -25.077599 1.331169 100.375252 0.111566 0.964921 -0.237656 0.785195 0.633371 1 11 1.000000
Soldiers_far_red.tga
  0 -21.211819 -0.438231 113.667641 -0.856973 0.115731 0.502199 0.719736 0.600835 1 11 1.000000
  0 -28.437626 -1.737720 100.689659 -0.824968 0.040697 0.563712 0.754729 0.574634 2 11 0.500000 12 0.500000
  0 -19.068668 -3.572334 112.208908 -0.095591 -0.990518 0.098678 0.717479 0.581460 1 11 1.000000
Soldiers_far_red.tga
  0 -25.077599 1.331169 100.375252 0.111566 0.964921 -0.237656 0.781957 0.598977 1 11 1.000000
  0 -16.125210 -0.776401 110.148582 0.855828 -0.049737 -0.514864 0.801801 0.595899 1 11 1.000000
  0 -25.114391 -2.314544 97.923676 0.808258 -0.216115 -0.547735 0.781957 0.598977 2 11 0.500000 12 0.500000
Soldiers_far_red.tga
  0 -28.437626 -1.737720 100.689659 -0.824968 0.040697 0.563712 0.754729 0.574634 2 11 0.500000 12 0.500000
  0 -36.457150 -5.885843 89.647598 -0.771562 0.169112 0.613264 0.807385 0.575285 1 12 1.000000
  0 -34.300926 -8.168609 89.541924 0.113399 -0.780954 0.614207 0.807385 0.575285 1 12 1.000000
Soldiers_far_red.tga
  0 -28.437626 -1.737720 100.689659 -0.824968 0.040697 0.563712 0.785195 0.633371 2 11 0.500000 12 0.500000
  0 -26.491615 1.130173 98.842667 0.049742 0.983348 -0.174790 0.785195 0.633371 1 12 1.000000
  0 -27.943081 0.924012 97.269150 -0.080719 0.973451 -0.214190 0.785195 0.633371 1 12 1.000000
Soldiers_far_red.tga
  0 -27.943081 0.924012 97.269150 -0.080719 0.973451 -0.214190 0.781957 0.598977 1 12 1.000000
  0 -25.114391 -2.314544 97.923676 0.808258 -0.216115 -0.547735 0.781957 0.598977 2 11 0.500000 12 0.500000
  0 -32.586868 -6.368629 86.953064 0.954015 0.021113 -0.299013 0.754729 0.574634 1 12 1.000000
Soldiers_far_red.tga
  0 -34.300926 -8.168609 89.541924 0.113399 -0.780954 0.614207 0.807385 0.575285 1 12 1.000000
  0 -32.586868 -6.368629 86.953064 0.954015 0.021113 -0.299013 0.807385 0.575285 1 12 1.000000
  0 -25.114391 -2.314544 97.923676 0.808258 -0.216115 -0.547735 0.754729 0.574634 2 11 0.500000 12 0.500000
Soldiers_far_red.tga
  0 -19.068668 -3.572334 112.208908 -0.095591 -0.990518 0.098678 0.717479 0.581460 1 11 1.000000
  0 -25.114391 -2.314544 97.923676 0.808258 -0.216115 -0.547735 0.754729 0.574634 2 11 0.500000 12 0.500000
  0 -16.125210 -0.776401 110.148582 0.855828 -0.049737 -0.514864 0.717479 0.581460 1 11 1.000000
Soldiers_far_red.tga
  0 -28.437626 -1.737720 100.689659 -0.824968 0.040697 0.563712 0.785195 0.633371 2 11 0.500000 12 0.500000
  0 -25.077599 1.331169 100.375252 0.111566 0.964921 -0.237656 0.785195 0.633371 1 11 1.000000
  0 -26.491615 1.130173 98.842667 0.049742 0.983348 -0.174790 0.785195 0.633371 1 12 1.000000
Soldiers_far_red.tga
  0 -21.211819 -0.438231 113.667641 -0.856973 0.115731 0.502199 0.824024 0.646574 1 11 1.000000
  0 -25.077599 1.331169 100.375252 0.111566 0.964921 -0.237656 0.785195 0.633371 1 11 1.000000
  0 -28.437626 -1.737720 100.689659 -0.824968 0.040697 0.563712 0.785195 0.633371 2 11 0.500000 12 0.500000
Soldiers_far_red.tga
  0 -36.457150 -5.885843 89.647598 -0.771562 0.169112 0.613264 0.732190 0.628581 1 12 1.000000
  0 -27.943081 0.924012 97.269150 -0.080719 0.973451 -0.214190 0.785195 0.633371 1 12 1.000000
  0 -34.399220 -3.815252 87.456779 0.045262 0.977847 -0.204368 0.732190 0.628581 1 12 1.000000
Soldiers_far_red.tga
  0 -28.437626 -1.737720 100.689659 -0.824968 0.040697 0.563712 0.785195 0.633371 2 11 0.500000 12 0.500000
  0 -27.943081 0.924012 97.269150 -0.080719 0.973451 -0.214190 0.785195 0.633371 1 12 1.000000
  0 -36.457150 -5.885843 89.647598 -0.771562 0.169112 0.613264 0.732190 0.628581 1 12 1.000000
Soldiers_far_red.tga
  0 -18.847038 1.622203 111.447258 -0.000280 0.999659 -0.026119 0.822078 0.632955 1 11 1.000000
  0 -16.125210 -0.776401 110.148582 0.855828 -0.049737 -0.514864 0.822078 0.632955 1 11 1.000000
  0 -25.077599 1.331169 100.375252 0.111566 0.964921 -0.237656 0.785195 0.633371 1 11 1.000000
Soldiers_far_red.tga
  0 -25.077599 1.331169 100.375252 0.111566 0.964921 -0.237656 0.781957 0.598977 1 11 1.000000
  0 -25.114391 -2.314544 97.923676 0.808258 -0.216115 -0.547735 0.781957 0.598977 2 11 0.500000 12 0.500000
  0 -26.491615 1.130173 98.842667 0.049742 0.983348 -0.174790 0.781957 0.598977 1 12 1.000000
Soldiers_far_red.tga
  0 -26.491615 1.130173 98.842667 0.049742 0.983348 -0.174790 0.781957 0.598977 1 12 1.000000
  0 -25.114391 -2.314544 97.923676 0.808258 -0.216115 -0.547735 0.781957 0.598977 2 11 0.500000 12 0.500000
  0 -27.943081 0.924012 97.269150 -0.080719 0.973451 -0.214190 0.781957 0.598977 1 12 1.000000
Soldiers_far_red.tga
  0 -27.943081 0.924012 97.269150 -0.080719 0.973451 -0.214190 0.785195 0.633371 1 12 1.000000
  0 -32.586868 -6.368629 86.953064 0.954015 0.021113 -0.299013 0.732190 0.628581 1 12 1.000000
  0 -34.399220 -3.815252 87.456779 0.045262 0.977847 -0.204368 0.732190 0.628581 1 12 1.000000
Soldiers_far_red.tga
  0 -19.068668 -3.572334 112.208908 -0.095591 -0.990518 0.098678 0.717479 0.581460 1 11 1.000000
  0 -28.437626 -1.737720 100.689659 -0.824968 0.040697 0.563712 0.754729 0.574634 2 11 0.500000 12 0.500000
  0 -26.911919 -3.901199 99.395943 0.034396 -0.977908 0.206185 0.754729 0.574634 1 11 1.000000
Soldiers_far_red.tga
  0 -28.437626 -1.737720 100.689659 -0.824968 0.040697 0.563712 0.754729 0.574634 2 11 0.500000 12 0.500000
  0 -34.300926 -8.168609 89.541924 0.113399 -0.780954 0.614207 0.807385 0.575285 1 12 1.000000
  0 -26.911919 -3.901199 99.395943 0.034396 -0.977908 0.206185 0.754729 0.574634 1 11 1.000000
Soldiers_far_red.tga
  0 -34.300926 -8.168609 89.541924 0.113399 -0.780954 0.614207 0.807385 0.575285 1 12 1.000000
  0 -25.114391 -2.314544 97.923676 0.808258 -0.216115 -0.547735 0.754729 0.574634 2 11 0.500000 12 0.500000
  0 -26.911919 -3.901199 99.395943 0.034396 -0.977908 0.206185 0.754729 0.574634 1 11 1.000000
Soldiers_far_red.tga
  0 -26.911919 -3.901199 99.395943 0.034396 -0.977908 0.206185 0.754729 0.574634 1 11 1.000000
  0 -25.114391 -2.314544 97.923676 0.808258 -0.216115 -0.547735 0.754729 0.574634 2 11 0.500000 12 0.500000
  0 -19.068668 -3.572334 112.208908 -0.095591 -0.990518 0.098678 0.717479 0.581460 1 11 1.000000
Soldiers_far_red.tga
  0 -34.774723 -11.982066 86.928535 0.300351 -0.862743 0.406773 0.745475 0.616416 1 13 1.000000
  0 -32.586868 -6.368629 86.953064 0.954015 0.021113 -0.299013 0.745475 0.616416 1 12 1.000000
  0 -34.300926 -8.168609 89.541924 0.113399 -0.780954 0.614207 0.745475 0.616416 1 12 1.000000
Soldiers_far_red.tga
  0 -36.457150 -5.885843 89.647598 -0.771562 0.169112 0.613264 0.732190 0.628581 1 12 1.000000
  0 -34.399220 -3.815252 87.456779 0.045262 0.977847 -0.204368 0.732190 0.628581 1 12 1.000000
  0 -36.949280 -3.548050 82.309929 0.102055 0.916149 -0.387629 0.717727 0.622633 1 13 1.000000
Soldiers_far_red.tga
  0 -34.300926 -8.168609 89.541924 0.113399 -0.780954 0.614207 0.807385 0.575285 1 12 1.000000
  0 -36.457150 -5.885843 89.647598 -0.771562 0.169112 0.613264 0.807385 0.575285 1 12 1.000000
  0 -34.774723 -11.982066 86.928535 0.300351 -0.862743 0.406773 0.807385 0.575285 1 13 1.000000
Soldiers_far_red.tga
  0 -37.537510 -12.159945 79.395844 0.271137 -0.726870 -0.630987 0.810036 0.603335 1 13 1.000000
  0 -38.238865 -8.602756 77.669701 0.120937 0.036141 -0.992002 0.810036 0.603335 1 13 1.000000
  0 -36.949280 -3.548050 82.309929 0.102055 0.916149 -0.387629 0.810036 0.603335 1 13 1.000000
Soldiers_far_red.tga
  0 -37.537510 -12.159945 79.395844 0.271137 -0.726870 -0.630987 0.810036 0.603335 1 13 1.000000
  0 -36.949280 -3.548050 82.309929 0.102055 0.916149 -0.387629 0.810036 0.603335 1 13 1.000000
  0 -34.774723 -11.982066 86.928535 0.300351 -0.862743 0.406773 0.810036 0.603335 1 13 1.000000
Soldiers_far_red.tga
  0 -41.060745 -7.296103 85.257607 -0.838661 0.224651 0.496166 0.715288 0.634745 1 13 1.000000
  0 -36.949280 -3.548050 82.309929 0.102055 0.916149 -0.387629 0.717727 0.622633 1 13 1.000000
  0 -40.956192 -6.467278 80.767204 -0.785148 0.463279 -0.410993 0.707367 0.626981 1 13 1.000000
Soldiers_far_red.tga
  0 -41.488186 -11.030139 83.039795 -0.815514 -0.571697 0.090000 0.719736 0.600835 1 13 1.000000
  0 -41.060745 -7.296103 85.257607 -0.838661 0.224651 0.496166 0.719736 0.600835 1 13 1.000000
  0 -40.956192 -6.467278 80.767204 -0.785148 0.463279 -0.410993 0.719736 0.600835 1 13 1.000000
Soldiers_far_red.tga
  0 -33.847019 -10.552747 79.890175 0.165034 -0.480736 -0.861195 0.719736 0.600835 1 13 1.000000
  0 -36.949280 -3.548050 82.309929 0.102055 0.916149 -0.387629 0.717727 0.622633 1 13 1.000000
  0 -32.586868 -6.368629 86.953064 0.954015 0.021113 -0.299013 0.732190 0.628581 1 12 1.000000
Soldiers_far_red.tga
  0 -34.774723 -11.982066 86.928535 0.300351 -0.862743 0.406773 0.742765 0.599989 1 13 1.000000
  0 -41.060745 -7.296103 85.257607 -0.838661 0.224651 0.496166 0.742765 0.599989 1 13 1.000000
  0 -41.488186 -11.030139 83.039795 -0.815514 -0.571697 0.090000 0.742765 0.599989 1 13 1.000000
Soldiers_far_red.tga
  0 -32.586868 -6.368629 86.953064 0.954015 0.021113 -0.299013 0.745475 0.616416 1 12 1.000000
  0 -34.774723 -11.982066 86.928535 0.300351 -0.862743 0.406773 0.745475 0.616416 1 13 1.000000
  0 -33.847019 -10.552747 79.890175 0.165034 -0.480736 -0.861195 0.745475 0.616416 1 13 1.000000
Soldiers_far_red.tga
  0 -34.774723 -11.982066 86.928535 0.300351 -0.862743 0.406773 0.781614 0.617701 1 13 1.000000
  0 -36.949280 -3.548050 82.309929 0.102055 0.916149 -0.387629 0.781614 0.617701 1 13 1.000000
  0 -33.847019 -10.552747 79.890175 0.165034 -0.480736 -0.861195 0.781614 0.617701 1 13 1.000000
Soldiers_far_red.tga
  0 -40.956192 -6.467278 80.767204 -0.785148 0.463279 -0.410993 0.707367 0.626981 1 13 1.000000
  0 -36.949280 -3.548050 82.309929 0.102055 0.916149 -0.387629 0.717727 0.622633 1 13 1.000000
  0 -38.238865 -8.602756 77.669701 0.120937 0.036141 -0.992002 0.705875 0.616306 1 13 1.000000
Soldiers_far_red.tga
  0 -41.488186 -11.030139 83.039795 -0.815514 -0.571697 0.090000 0.719736 0.600835 1 13 1.000000
  0 -40.956192 -6.467278 80.767204 -0.785148 0.463279 -0.410993 0.719736 0.600835 1 13 1.000000
  0 -38.238865 -8.602756 77.669701 0.120937 0.036141 -0.992002 0.719736 0.600835 1 13 1.000000
Soldiers_far_red.tga
  0 -34.774723 -11.982066 86.928535 0.300351 -0.862743 0.406773 0.734481 0.600928 1 13 1.000000
  0 -41.488186 -11.030139 83.039795 -0.815514 -0.571697 0.090000 0.742765 0.599989 1 13 1.000000
  0 -37.537510 -12.159945 79.395844 0.271137 -0.726870 -0.630987 0.734481 0.600928 1 13 1.000000
Soldiers_far_red.tga
  0 -32.586868 -6.368629 86.953064 0.954015 0.021113 -0.299013 0.732190 0.628581 1 12 1.000000
  0 -36.949280 -3.548050 82.309929 0.102055 0.916149 -0.387629 0.717727 0.622633 1 13 1.000000
  0 -34.399220 -3.815252 87.456779 0.045262 0.977847 -0.204368 0.732190 0.628581 1 12 1.000000
Soldiers_far_red.tga
  0 -34.774723 -11.982066 86.928535 0.300351 -0.862743 0.406773 0.807385 0.575285 1 13 1.000000
  0 -36.457150 -5.885843 89.647598 -0.771562 0.169112 0.613264 0.807385 0.575285 1 12 1.000000
  0 -41.060745 -7.296103 85.257607 -0.838661 0.224651 0.496166 0.823085 0.582771 1 13 1.000000
Soldiers_far_red.tga
  0 -36.457150 -5.885843 89.647598 -0.771562 0.169112 0.613264 0.732190 0.628581 1 12 1.000000
  0 -36.949280 -3.548050 82.309929 0.102055 0.916149 -0.387629 0.717727 0.622633 1 13 1.000000
  0 -41.060745 -7.296103 85.257607 -0.838661 0.224651 0.496166 0.715288 0.634745 1 13 1.000000
Soldiers_far_red.tga
  0 -41.488186 -11.030139 83.039795 -0.815514 -0.571697 0.090000 0.719736 0.600835 1 13 1.000000
  0 -38.238865 -8.602756 77.669701 0.120937 0.036141 -0.992002 0.719736 0.600835 1 13 1.000000
  0 -37.537510 -12.159945 79.395844 0.271137 -0.726870 -0.630987 0.719736 0.600835 1 13 1.000000
Soldiers_far_red.tga
  0 -3.964331 3.777021 94.791321 -0.051400 0.895099 0.442896 0.813689 0.144636 1 1 1.000000
  0 -26.896542 18.214102 62.952385 -0.051400 0.895099 0.442896 0.889889 0.109404 1 1 1.000000
  0 -39.713608 9.763466 78.543770 -0.051400 0.895099 0.442896 0.889889 0.179868 1 1 1.000000
Soldiers_far_red.tga
  0 18.967945 18.214102 62.952393 0.051400 0.895099 0.442896 0.889889 0.109404 1 1 1.000000
  0 -3.964331 3.777021 94.791321 0.051400 0.895099 0.442896 0.813689 0.144636 1 1 1.000000
  0 31.785015 9.763466 78.543777 0.051400 0.895099 0.442896 0.889889 0.179868 1 1 1.000000
Soldiers_far_red.tga
  0 -3.964529 4.476090 94.606674 0.276063 0.906293 0.320035 0.813122 0.247826 1 1 1.000000
  0 -32.738316 21.895279 70.098335 0.276063 0.906293 0.320035 0.889635 0.198353 1 1 1.000000
  0 -32.738319 9.207889 106.027260 0.276063 0.906293 0.320035 0.889635 0.297299 1 1 1.000000
Soldiers_far_red.tga
  0 24.809612 21.895279 70.098343 -0.276060 0.906294 0.320035 0.889635 0.198353 1 1 1.000000
  0 -3.964529 4.476090 94.606674 -0.276060 0.906294 0.320035 0.813122 0.247826 1 1 1.000000
  0 24.809608 9.207889 106.027267 -0.276060 0.906294 0.320035 0.889635 0.297299 1 1 1.000000
Soldiers_far_red.tga
  0 3.852223 2.871684 75.222679 0.094419 0.994136 -0.052710 0.966723 0.637577 1 6 1.000000
  0 5.278400 1.034812 43.133240 0.002520 0.999964 0.008136 0.961203 0.467590 2 7 0.500000 6 0.500000
  0 -1.982413 -2.932043 75.123917 -0.992660 -0.041658 -0.113537 0.989305 0.622715 1 6 1.000000
Soldiers_far_red.tga
  0 -1.982413 -2.932043 75.123917 -0.992660 -0.041658 -0.113537 0.989305 0.622715 1 6 1.000000
  0 5.278400 1.034812 43.133240 0.002520 0.999964 0.008136 0.961203 0.467590 2 7 0.500000 6 0.500000
  0 0.929231 -2.348187 42.877083 -0.996890 0.046047 -0.063959 0.978036 0.466937 2 7 0.500000 6 0.500000
Soldiers_far_red.tga
  0 3.852223 2.871684 75.222679 0.094419 0.994136 -0.052710 0.966723 0.637577 1 6 1.000000
  0 8.658216 -2.878176 76.666489 0.999564 -0.028314 -0.008392 0.948122 0.645001 1 6 1.000000
  0 5.278400 1.034812 43.133240 0.002520 0.999964 0.008136 0.961203 0.467590 2 7 0.500000 6 0.500000
Soldiers_far_red.tga
  0 5.278400 1.034812 43.133240 0.002520 0.999964 0.008136 0.961203 0.467590 2 7 0.500000 6 0.500000
  0 8.658216 -2.878176 76.666489 0.999564 -0.028314 -0.008392 0.948122 0.645001 1 6 1.000000
  0 9.362535 -2.129010 42.884815 0.996994 0.074640 0.020772 0.945396 0.466937 2 7 0.500000 6 0.500000
Soldiers_far_red.tga
  0 3.852223 -9.449080 76.847252 0.107049 -0.990742 -0.083486 0.901200 0.639444 1 6 1.000000
  0 -1.982413 -2.932043 75.123917 -0.992660 -0.041658 -0.113537 0.869121 0.622715 1 6 1.000000
  0 5.278400 -6.733154 46.445477 0.055252 -0.996515 -0.062494 0.897223 0.484927 1 6 1.000000
Soldiers_far_red.tga
  0 5.278400 -6.733154 46.445477 0.055252 -0.996515 -0.062494 0.897223 0.484927 1 6 1.000000
  0 -1.982413 -2.932043 75.123917 -0.992660 -0.041658 -0.113537 0.869121 0.622715 1 6 1.000000
  0 0.929231 -2.348187 42.877083 -0.996890 0.046047 -0.063959 0.880391 0.466937 2 7 0.500000 6 0.500000
Soldiers_far_red.tga
  0 9.362535 -2.129010 42.884815 0.996994 0.074640 0.020772 0.913030 0.466937 2 7 0.500000 6 0.500000
  0 8.658216 -2.878176 76.666489 0.999564 -0.028314 -0.008392 0.910304 0.645001 1 6 1.000000
  0 5.278400 -6.733154 46.445477 0.055252 -0.996515 -0.062494 0.897223 0.484927 1 6 1.000000
Soldiers_far_red.tga
  0 5.278400 -6.733154 46.445477 0.055252 -0.996515 -0.062494 0.897223 0.484927 1 6 1.000000
  0 8.658216 -2.878176 76.666489 0.999564 -0.028314 -0.008392 0.910304 0.645001 1 6 1.000000
  0 3.852223 -9.449080 76.847252 0.107049 -0.990742 -0.083486 0.901200 0.639444 1 6 1.000000
Soldiers_far_red.tga
  0 5.278400 1.034812 43.133240 0.002520 0.999964 0.008136 0.961203 0.467590 2 7 0.500000 6 0.500000
  0 9.362535 -2.129010 42.884815 0.996994 0.074640 0.020772 0.945396 0.466937 2 7 0.500000 6 0.500000
  0 6.816456 2.003777 10.868682 0.068406 0.988006 0.138434 0.955250 0.313261 2 8 0.500000 7 0.500000
Soldiers_far_red.tga
  0 6.816456 2.003777 10.868682 0.068406 0.988006 0.138434 0.955250 0.313261 2 8 0.500000 7 0.500000
  0 9.362535 -2.129010 42.884815 0.996994 0.074640 0.020772 0.945396 0.466937 2 7 0.500000 6 0.500000
  0 10.004696 -1.630471 10.995593 0.940982 0.183780 0.284216 0.942911 0.313261 2 8 0.500000 7 0.500000
Soldiers_far_red.tga
  0 2.614553 -1.752960 10.999869 -0.947690 0.230890 0.220392 0.971513 0.313261 2 8 0.500000 7 0.500000
  0 0.929231 -2.348187 42.877083 -0.996890 0.046047 -0.063959 0.978036 0.466937 2 7 0.500000 6 0.500000
  0 6.816456 2.003777 10.868682 0.068406 0.988006 0.138434 0.955250 0.313261 2 8 0.500000 7 0.500000
Soldiers_far_red.tga
  0 5.278400 -6.733154 46.445477 0.055252 -0.996515 -0.062494 0.897223 0.484927 1 6 1.000000
  0 0.929231 -2.348187 42.877083 -0.996890 0.046047 -0.063959 0.880391 0.466937 2 7 0.500000 6 0.500000
  0 5.278400 -6.488654 43.279369 0.028786 -0.996994 -0.071932 0.897223 0.469596 2 7 0.500000 6 0.500000
Soldiers_far_red.tga
  0 5.278400 -6.488654 43.279369 0.028786 -0.996994 -0.071932 0.897223 0.469596 2 7 0.500000 6 0.500000
  0 9.362535 -2.129010 42.884815 0.996994 0.074640 0.020772 0.913030 0.466937 2 7 0.500000 6 0.500000
  0 5.278400 -6.733154 46.445477 0.055252 -0.996515 -0.062494 0.897223 0.484927 1 6 1.000000
Soldiers_far_red.tga
  0 0.929231 -2.348187 42.877083 -0.996890 0.046047 -0.063959 0.880391 0.466937 2 7 0.500000 6 0.500000
  0 2.614553 -1.752960 10.999869 -0.947690 0.230890 0.220392 0.886909 0.313261 2 8 0.500000 7 0.500000
  0 5.278400 -6.305503 40.515091 0.014645 -0.998925 -0.043977 0.897000 0.455770 1 7 1.000000
Soldiers_far_red.tga
  0 5.278400 -6.305503 40.515091 0.014645 -0.998925 -0.043977 0.897000 0.455770 1 7 1.000000
  0 2.614553 -1.752960 10.999869 -0.947690 0.230890 0.220392 0.886909 0.313261 2 8 0.500000 7 0.500000
  0 6.180166 -6.340462 11.160069 -0.015509 -0.615721 0.787812 0.900490 0.312815 2 8 0.500000 7 0.500000
Soldiers_far_red.tga
  0 9.362535 -2.129010 42.884815 0.996994 0.074640 0.020772 0.913030 0.466937 2 7 0.500000 6 0.500000
  0 5.278400 -6.305503 40.515091 0.014645 -0.998925 -0.043977 0.897000 0.455770 1 7 1.000000
  0 10.004696 -1.630471 10.995593 0.940982 0.183780 0.284216 0.915404 0.313038 2 8 0.500000 7 0.500000
Soldiers_far_red.tga
  0 10.004696 -1.630471 10.995593 0.940982 0.183780 0.284216 0.915404 0.313038 2 8 0.500000 7 0.500000
  0 5.278400 -6.305503 40.515091 0.014645 -0.998925 -0.043977 0.897000 0.455770 1 7 1.000000
  0 6.180166 -6.340462 11.160069 -0.015509 -0.615721 0.787812 0.900490 0.312815 2 8 0.500000 7 0.500000
Soldiers_far_red.tga
  0 5.278400 -6.305503 40.515091 0.014645 -0.998925 -0.043977 0.897000 0.455770 1 7 1.000000
  0 9.362535 -2.129010 42.884815 0.996994 0.074640 0.020772 0.913030 0.466937 2 7 0.500000 6 0.500000
  0 5.278400 -6.488654 43.279369 0.028786 -0.996994 -0.071932 0.897223 0.469596 2 7 0.500000 6 0.500000
Soldiers_far_red.tga
  0 5.278400 -6.488654 43.279369 0.028786 -0.996994 -0.071932 0.897223 0.469596 2 7 0.500000 6 0.500000
  0 0.929231 -2.348187 42.877083 -0.996890 0.046047 -0.063959 0.880391 0.466937 2 7 0.500000 6 0.500000
  0 5.278400 -6.305503 40.515091 0.014645 -0.998925 -0.043977 0.897000 0.455770 1 7 1.000000
Soldiers_far_red.tga
  0 6.180166 -6.340462 11.160069 -0.015509 -0.615721 0.787812 0.956757 0.215724 2 8 0.500000 7 0.500000
  0 10.503635 -18.242830 6.001044 0.568303 -0.595170 0.568159 0.975059 0.197424 1 8 1.000000
  0 10.004696 -1.630471 10.995593 0.940982 0.183780 0.284216 0.975057 0.234025 2 8 0.500000 7 0.500000
Soldiers_far_red.tga
  0 6.916389 4.954990 -0.619931 0.003752 0.866020 -0.499996 0.956755 0.285242 1 8 1.000000
  0 6.816456 2.003777 10.868682 0.068406 0.988006 0.138434 0.956756 0.252325 2 8 0.500000 7 0.500000
  0 10.004696 -1.630471 10.995593 0.940982 0.183780 0.284216 0.975057 0.234025 2 8 0.500000 7 0.500000
Soldiers_far_red.tga
  0 6.916389 4.954990 -0.619931 0.003752 0.866020 -0.499996 0.967258 0.052287 1 8 1.000000
  0 13.692885 -1.145770 -0.406887 0.802960 0.306534 -0.511168 0.955118 0.063007 1 8 1.000000
  0 0.051141 -1.664165 -0.388786 -0.786205 0.281841 -0.549953 0.979558 0.063918 1 8 1.000000
Soldiers_far_red.tga
  0 6.916389 4.954990 -0.619931 0.003752 0.866020 -0.499996 0.956755 0.285242 1 8 1.000000
  0 2.614553 -1.752960 10.999869 -0.947690 0.230890 0.220392 0.938456 0.234024 2 8 0.500000 7 0.500000
  0 6.816456 2.003777 10.868682 0.068406 0.988006 0.138434 0.956756 0.252325 2 8 0.500000 7 0.500000
Soldiers_far_red.tga
  0 10.004696 -1.630471 10.995593 0.940982 0.183780 0.284216 0.975057 0.234025 2 8 0.500000 7 0.500000
  0 10.503635 -18.242830 6.001044 0.568303 -0.595170 0.568159 0.975059 0.197424 1 8 1.000000
  0 13.074672 -14.714007 0.066926 0.802767 -0.246437 -0.542986 0.993360 0.197424 1 8 1.000000
Soldiers_far_red.tga
  0 6.916389 -21.727093 0.311827 0.013888 -0.889522 -0.456681 0.960572 0.161250 1 8 1.000000
  0 10.503635 -18.242830 6.001044 0.568303 -0.595170 0.568159 0.975059 0.197424 1 8 1.000000
  0 2.779710 -18.242830 6.001043 -0.585257 -0.607825 0.536678 0.938458 0.197423 1 8 1.000000
Soldiers_far_red.tga
  0 2.614553 -1.752960 10.999869 -0.947690 0.230890 0.220392 0.938456 0.234024 2 8 0.500000 7 0.500000
  0 2.779710 -18.242830 6.001043 -0.585257 -0.607825 0.536678 0.938458 0.197423 1 8 1.000000
  0 6.180166 -6.340462 11.160069 -0.015509 -0.615721 0.787812 0.956757 0.215724 2 8 0.500000 7 0.500000
Soldiers_far_red.tga
  0 0.733865 -14.770754 0.068906 -0.777664 -0.248563 -0.577456 0.920157 0.197422 1 8 1.000000
  0 2.779710 -18.242830 6.001043 -0.585257 -0.607825 0.536678 0.938458 0.197423 1 8 1.000000
  0 2.614553 -1.752960 10.999869 -0.947690 0.230890 0.220392 0.938456 0.234024 2 8 0.500000 7 0.500000
Soldiers_far_red.tga
  0 2.779710 -18.242830 6.001043 -0.585257 -0.607825 0.536678 0.938458 0.197423 1 8 1.000000
  0 10.503635 -18.242830 6.001044 0.568303 -0.595170 0.568159 0.975059 0.197424 1 8 1.000000
  0 6.180166 -6.340462 11.160069 -0.015509 -0.615721 0.787812 0.956757 0.215724 2 8 0.500000 7 0.500000
Soldiers_far_red.tga
  0 13.074672 -14.714007 0.066926 0.802767 -0.246437 -0.542986 0.993360 0.197424 1 8 1.000000
  0 10.503635 -18.242830 6.001044 0.568303 -0.595170 0.568159 0.975059 0.197424 1 8 1.000000
  0 6.916389 -21.727093 0.311827 0.013888 -0.889522 -0.456681 0.960572 0.161250 1 8 1.000000
Soldiers_far_red.tga
  0 0.733865 -14.770754 0.068906 -0.777664 -0.248563 -0.577456 0.978335 0.086947 1 8 1.000000
  0 13.074672 -14.714007 0.066926 0.802767 -0.246437 -0.542986 0.956225 0.086847 1 8 1.000000
  0 6.916389 -21.727093 0.311827 0.013888 -0.889522 -0.456681 0.967258 0.099170 1 8 1.000000
Soldiers_far_red.tga
  0 2.779710 -18.242830 6.001043 -0.585257 -0.607825 0.536678 0.938458 0.197423 1 8 1.000000
  0 0.733865 -14.770754 0.068906 -0.777664 -0.248563 -0.577456 0.920157 0.197422 1 8 1.000000
  0 6.916389 -21.727093 0.311827 0.013888 -0.889522 -0.456681 0.960572 0.161250 1 8 1.000000
Soldiers_far_red.tga
  0 10.004696 -1.630471 10.995593 0.940982 0.183780 0.284216 0.975057 0.234025 2 8 0.500000 7 0.500000
  0 13.692885 -1.145770 -0.406887 0.802960 0.306534 -0.511168 0.993358 0.270627 1 8 1.000000
  0 6.916389 4.954990 -0.619931 0.003752 0.866020 -0.499996 0.956755 0.285242 1 8 1.000000
Soldiers_far_red.tga
  0 0.051141 -1.664165 -0.388786 -0.786205 0.281841 -0.549953 0.919478 0.270566 1 8 1.000000
  0 2.614553 -1.752960 10.999869 -0.947690 0.230890 0.220392 0.938456 0.234024 2 8 0.500000 7 0.500000
  0 6.916389 4.954990 -0.619931 0.003752 0.866020 -0.499996 0.956755 0.285242 1 8 1.000000
Soldiers_far_red.tga
  0 10.004696 -1.630471 10.995593 0.940982 0.183780 0.284216 0.975057 0.234025 2 8 0.500000 7 0.500000
  0 13.074672 -14.714007 0.066926 0.802767 -0.246437 -0.542986 0.993360 0.197424 1 8 1.000000
  0 13.692885 -1.145770 -0.406887 0.802960 0.306534 -0.511168 0.993358 0.270627 1 8 1.000000
Soldiers_far_red.tga
  0 0.733865 -14.770754 0.068906 -0.777664 -0.248563 -0.577456 0.920157 0.197422 1 8 1.000000
  0 2.614553 -1.752960 10.999869 -0.947690 0.230890 0.220392 0.938456 0.234024 2 8 0.500000 7 0.500000
  0 0.051141 -1.664165 -0.388786 -0.786205 0.281841 -0.549953 0.919478 0.270566 1 8 1.000000
Soldiers_far_red.tga
  0 0.733865 -14.770754 0.068906 -0.777664 -0.248563 -0.577456 0.978335 0.086947 1 8 1.000000
  0 13.692885 -1.145770 -0.406887 0.802960 0.306534 -0.511168 0.955118 0.063007 1 8 1.000000
  0 13.074672 -14.714007 0.066926 0.802767 -0.246437 -0.542986 0.956225 0.086847 1 8 1.000000
Soldiers_far_red.tga
  0 0.051141 -1.664165 -0.388786 -0.786205 0.281841 -0.549953 0.979558 0.063918 1 8 1.000000
  0 13.692885 -1.145770 -0.406887 0.802960 0.306534 -0.511168 0.955118 0.063007 1 8 1.000000
  0 0.733865 -14.770754 0.068906 -0.777664 -0.248563 -0.577456 0.978335 0.086947 1 8 1.000000
Soldiers_far_red.tga
  0 -11.781112 2.871905 75.222672 -0.094432 0.994135 -0.052716 0.966723 0.637577 1 3 1.000000
  0 -5.946289 -2.932043 75.123917 0.992659 -0.041668 -0.113540 0.989305 0.622715 1 3 1.000000
  0 -13.207270 1.034812 43.133240 -0.002541 0.999964 0.008136 0.961203 0.467590 2 4 0.500000 3 0.500000
Soldiers_far_red.tga
  0 -5.946289 -2.932043 75.123917 0.992659 -0.041668 -0.113540 0.989305 0.622715 1 3 1.000000
  0 -8.857915 -2.348187 42.877083 0.996890 0.046047 -0.063960 0.978036 0.466937 2 4 0.500000 3 0.500000
  0 -13.207270 1.034812 43.133240 -0.002541 0.999964 0.008136 0.961203 0.467590 2 4 0.500000 3 0.500000
Soldiers_far_red.tga
  0 -11.781112 2.871905 75.222672 -0.094432 0.994135 -0.052716 0.966723 0.637577 1 3 1.000000
  0 -13.207270 1.034812 43.133240 -0.002541 0.999964 0.008136 0.961203 0.467590 2 4 0.500000 3 0.500000
  0 -16.587027 -2.878175 76.666489 -0.999564 -0.028320 -0.008394 0.948122 0.645001 1 3 1.000000
Soldiers_far_red.tga
  0 -13.207270 1.034812 43.133240 -0.002541 0.999964 0.008136 0.961203 0.467590 2 4 0.500000 3 0.500000
  0 -17.291229 -2.129009 42.884815 -0.996994 0.074641 0.020771 0.945396 0.466937 2 4 0.500000 3 0.500000
  0 -16.587027 -2.878175 76.666489 -0.999564 -0.028320 -0.008394 0.948122 0.645001 1 3 1.000000
Soldiers_far_red.tga
  0 -11.781112 -9.449080 76.847252 -0.107059 -0.990741 -0.083485 0.901200 0.639444 1 3 1.000000
  0 -13.207270 -6.733154 46.445469 -0.055271 -0.996514 -0.062494 0.897223 0.484927 1 3 1.000000
  0 -5.946289 -2.932043 75.123917 0.992659 -0.041668 -0.113540 0.869121 0.622715 1 3 1.000000
Soldiers_far_red.tga
  0 -13.207270 -6.733154 46.445469 -0.055271 -0.996514 -0.062494 0.897223 0.484927 1 3 1.000000
  0 -8.857915 -2.348187 42.877083 0.996890 0.046047 -0.063960 0.880391 0.466937 2 4 0.500000 3 0.500000
  0 -5.946289 -2.932043 75.123917 0.992659 -0.041668 -0.113540 0.869121 0.622715 1 3 1.000000
Soldiers_far_red.tga
  0 -17.291229 -2.129009 42.884815 -0.996994 0.074641 0.020771 0.913030 0.466937 2 4 0.500000 3 0.500000
  0 -13.207270 -6.733154 46.445469 -0.055271 -0.996514 -0.062494 0.897223 0.484927 1 3 1.000000
  0 -16.587027 -2.878175 76.666489 -0.999564 -0.028320 -0.008394 0.910304 0.645001 1 3 1.000000
Soldiers_far_red.tga
  0 -13.207270 -6.733154 46.445469 -0.055271 -0.996514 -0.062494 0.897223 0.484927 1 3 1.000000
  0 -11.781112 -9.449080 76.847252 -0.107059 -0.990741 -0.083485 0.901200 0.639444 1 3 1.000000
  0 -16.587027 -2.878175 76.666489 -0.999564 -0.028320 -0.008394 0.910304 0.645001 1 3 1.000000
Soldiers_far_red.tga
  0 -13.207270 1.034812 43.133240 -0.002541 0.999964 0.008136 0.961203 0.467590 2 4 0.500000 3 0.500000
  0 -14.745231 2.003777 10.868682 -0.068397 0.988007 0.138434 0.955250 0.313261 2 5 0.500000 4 0.500000
  0 -17.291229 -2.129009 42.884815 -0.996994 0.074641 0.020771 0.945396 0.466937 2 4 0.500000 3 0.500000
Soldiers_far_red.tga
  0 -14.745231 2.003777 10.868682 -0.068397 0.988007 0.138434 0.955250 0.313261 2 5 0.500000 4 0.500000
  0 -17.933598 -1.630471 10.995592 -0.940979 0.183790 0.284217 0.942911 0.313261 2 5 0.500000 4 0.500000
  0 -17.291229 -2.129009 42.884815 -0.996994 0.074641 0.020771 0.945396 0.466937 2 4 0.500000 3 0.500000
Soldiers_far_red.tga
  0 -8.857915 -2.348187 42.877083 0.996890 0.046047 -0.063960 0.978036 0.466937 2 4 0.500000 3 0.500000
  0 -14.745231 2.003777 10.868682 -0.068397 0.988007 0.138434 0.955250 0.313261 2 5 0.500000 4 0.500000
  0 -13.207270 1.034812 43.133240 -0.002541 0.999964 0.008136 0.961203 0.467590 2 4 0.500000 3 0.500000
Soldiers_far_red.tga
  0 -13.207270 -6.733154 46.445469 -0.055271 -0.996514 -0.062494 0.897223 0.484927 1 3 1.000000
  0 -13.207270 -6.488654 43.279366 -0.028807 -0.996993 -0.071931 0.897223 0.469596 2 4 0.500000 3 0.500000
  0 -8.857915 -2.348187 42.877083 0.996890 0.046047 -0.063960 0.880391 0.466937 2 4 0.500000 3 0.500000
Soldiers_far_red.tga
  0 -13.207270 -6.488654 43.279366 -0.028807 -0.996993 -0.071931 0.897223 0.469596 2 4 0.500000 3 0.500000
  0 -13.207270 -6.733154 46.445469 -0.055271 -0.996514 -0.062494 0.897223 0.484927 1 3 1.000000
  0 -17.291229 -2.129009 42.884815 -0.996994 0.074641 0.020771 0.913030 0.466937 2 4 0.500000 3 0.500000
Soldiers_far_red.tga
  0 -8.857915 -2.348187 42.877083 0.996890 0.046047 -0.063960 0.880391 0.466937 2 4 0.500000 3 0.500000
  0 -13.207270 -6.305503 40.515087 -0.014664 -0.998925 -0.043976 0.897000 0.455770 1 4 1.000000
  0 -10.543406 -1.752960 10.999870 0.947692 0.230884 0.220392 0.886909 0.313261 2 5 0.500000 4 0.500000
Soldiers_far_red.tga
  0 -13.207270 -6.305503 40.515087 -0.014664 -0.998925 -0.043976 0.897000 0.455770 1 4 1.000000
  0 -14.109027 -6.340462 11.160069 0.015506 -0.615722 0.787811 0.900490 0.312815 2 5 0.500000 4 0.500000
  0 -10.543406 -1.752960 10.999870 0.947692 0.230884 0.220392 0.886909 0.313261 2 5 0.500000 4 0.500000
Soldiers_far_red.tga
  0 -17.291229 -2.129009 42.884815 -0.996994 0.074641 0.020771 0.913030 0.466937 2 4 0.500000 3 0.500000
  0 -17.933598 -1.630471 10.995592 -0.940979 0.183790 0.284217 0.915404 0.313038 2 5 0.500000 4 0.500000
  0 -13.207270 -6.305503 40.515087 -0.014664 -0.998925 -0.043976 0.897000 0.455770 1 4 1.000000
Soldiers_far_red.tga
  0 -17.933598 -1.630471 10.995592 -0.940979 0.183790 0.284217 0.915404 0.313038 2 5 0.500000 4 0.500000
  0 -14.109027 -6.340462 11.160069 0.015506 -0.615722 0.787811 0.900490 0.312815 2 5 0.500000 4 0.500000
  0 -13.207270 -6.305503 40.515087 -0.014664 -0.998925 -0.043976 0.897000 0.455770 1 4 1.000000
Soldiers_far_red.tga
  0 -13.207270 -6.305503 40.515087 -0.014664 -0.998925 -0.043976 0.897000 0.455770 1 4 1.000000
  0 -13.207270 -6.488654 43.279366 -0.028807 -0.996993 -0.071931 0.897223 0.469596 2 4 0.500000 3 0.500000
  0 -17.291229 -2.129009 42.884815 -0.996994 0.074641 0.020771 0.913030 0.466937 2 4 0.500000 3 0.500000
Soldiers_far_red.tga
  0 -13.207270 -6.488654 43.279366 -0.028807 -0.996993 -0.071931 0.897223 0.469596 2 4 0.500000 3 0.500000
  0 -13.207270 -6.305503 40.515087 -0.014664 -0.998925 -0.043976 0.897000 0.455770 1 4 1.000000
  0 -8.857915 -2.348187 42.877083 0.996890 0.046047 -0.063960 0.880391 0.466937 2 4 0.500000 3 0.500000
Soldiers_far_red.tga
  0 -14.109027 -6.340462 11.160069 0.015506 -0.615722 0.787811 0.956757 0.215724 2 5 0.500000 4 0.500000
  0 -17.933598 -1.630471 10.995592 -0.940979 0.183790 0.284217 0.975057 0.234025 2 5 0.500000 4 0.500000
  0 -18.432322 -18.242832 6.001044 -0.568287 -0.595179 0.568165 0.975059 0.197424 1 5 1.000000
Soldiers_far_red.tga
  0 -14.844952 4.954990 -0.619930 -0.003732 0.866019 -0.499997 0.956755 0.285242 1 5 1.000000
  0 -17.933598 -1.630471 10.995592 -0.940979 0.183790 0.284217 0.975057 0.234025 2 5 0.500000 4 0.500000
  0 -14.745231 2.003777 10.868682 -0.068397 0.988007 0.138434 0.956756 0.252325 2 5 0.500000 4 0.500000
Soldiers_far_red.tga
  0 -14.844952 4.954990 -0.619930 -0.003732 0.866019 -0.499997 0.967258 0.052287 1 5 1.000000
  0 -7.980013 -1.664165 -0.388783 0.786206 0.281833 -0.549955 0.979558 0.063918 1 5 1.000000
  0 -21.621677 -1.145770 -0.406887 -0.802953 0.306546 -0.511172 0.955118 0.063007 1 5 1.000000
Soldiers_far_red.tga
  0 -14.844952 4.954990 -0.619930 -0.003732 0.866019 -0.499997 0.956755 0.285242 1 5 1.000000
  0 -14.745231 2.003777 10.868682 -0.068397 0.988007 0.138434 0.956756 0.252325 2 5 0.500000 4 0.500000
  0 -10.543406 -1.752960 10.999870 0.947692 0.230884 0.220392 0.938456 0.234024 2 5 0.500000 4 0.500000
Soldiers_far_red.tga
  0 -17.933598 -1.630471 10.995592 -0.940979 0.183790 0.284217 0.975057 0.234025 2 5 0.500000 4 0.500000
  0 -21.003685 -14.714007 0.066926 -0.802772 -0.246453 -0.542972 0.993360 0.197424 1 5 1.000000
  0 -18.432322 -18.242832 6.001044 -0.568287 -0.595179 0.568165 0.975059 0.197424 1 5 1.000000
Soldiers_far_red.tga
  0 -14.844952 -21.727093 0.311829 -0.013867 -0.889523 -0.456680 0.960572 0.161250 1 5 1.000000
  0 -10.708397 -18.242832 6.001046 0.585265 -0.607819 0.536676 0.938458 0.197423 1 5 1.000000
  0 -18.432322 -18.242832 6.001044 -0.568287 -0.595179 0.568165 0.975059 0.197424 1 5 1.000000
Soldiers_far_red.tga
  0 -10.543406 -1.752960 10.999870 0.947692 0.230884 0.220392 0.938456 0.234024 2 5 0.500000 4 0.500000
  0 -14.109027 -6.340462 11.160069 0.015506 -0.615722 0.787811 0.956757 0.215724 2 5 0.500000 4 0.500000
  0 -10.708397 -18.242832 6.001046 0.585265 -0.607819 0.536676 0.938458 0.197423 1 5 1.000000
Soldiers_far_red.tga
  0 -8.662726 -14.770754 0.068909 0.777662 -0.248552 -0.577463 0.920157 0.197422 1 5 1.000000
  0 -10.543406 -1.752960 10.999870 0.947692 0.230884 0.220392 0.938456 0.234024 2 5 0.500000 4 0.500000
  0 -10.708397 -18.242832 6.001046 0.585265 -0.607819 0.536676 0.938458 0.197423 1 5 1.000000
Soldiers_far_red.tga
  0 -10.708397 -18.242832 6.001046 0.585265 -0.607819 0.536676 0.938458 0.197423 1 5 1.000000
  0 -14.109027 -6.340462 11.160069 0.015506 -0.615722 0.787811 0.956757 0.215724 2 5 0.500000 4 0.500000
  0 -18.432322 -18.242832 6.001044 -0.568287 -0.595179 0.568165 0.975059 0.197424 1 5 1.000000
Soldiers_far_red.tga
  0 -21.003685 -14.714007 0.066926 -0.802772 -0.246453 -0.542972 0.993360 0.197424 1 5 1.000000
  0 -14.844952 -21.727093 0.311829 -0.013867 -0.889523 -0.456680 0.960572 0.161250 1 5 1.000000
  0 -18.432322 -18.242832 6.001044 -0.568287 -0.595179 0.568165 0.975059 0.197424 1 5 1.000000
Soldiers_far_red.tga
  0 -8.662726 -14.770754 0.068909 0.777662 -0.248552 -0.577463 0.978335 0.086947 1 5 1.000000
  0 -14.844952 -21.727093 0.311829 -0.013867 -0.889523 -0.456680 0.967258 0.099170 1 5 1.000000
  0 -21.003685 -14.714007 0.066926 -0.802772 -0.246453 -0.542972 0.956225 0.086847 1 5 1.000000
Soldiers_far_red.tga
  0 -10.708397 -18.242832 6.001046 0.585265 -0.607819 0.536676 0.938458 0.197423 1 5 1.000000
  0 -14.844952 -21.727093 0.311829 -0.013867 -0.889523 -0.456680 0.960572 0.161250 1 5 1.000000
  0 -8.662726 -14.770754 0.068909 0.777662 -0.248552 -0.577463 0.920157 0.197422 1 5 1.000000
Soldiers_far_red.tga
  0 -17.933598 -1.630471 10.995592 -0.940979 0.183790 0.284217 0.975057 0.234025 2 5 0.500000 4 0.500000
  0 -14.844952 4.954990 -0.619930 -0.003732 0.866019 -0.499997 0.956755 0.285242 1 5 1.000000
  0 -21.621677 -1.145770 -0.406887 -0.802953 0.306546 -0.511172 0.993358 0.270627 1 5 1.000000
Soldiers_far_red.tga
  0 -7.980013 -1.664165 -0.388783 0.786206 0.281833 -0.549955 0.919478 0.270566 1 5 1.000000
  0 -14.844952 4.954990 -0.619930 -0.003732 0.866019 -0.499997 0.956755 0.285242 1 5 1.000000
  0 -10.543406 -1.752960 10.999870 0.947692 0.230884 0.220392 0.938456 0.234024 2 5 0.500000 4 0.500000
Soldiers_far_red.tga
  0 -17.933598 -1.630471 10.995592 -0.940979 0.183790 0.284217 0.975057 0.234025 2 5 0.500000 4 0.500000
  0 -21.621677 -1.145770 -0.406887 -0.802953 0.306546 -0.511172 0.993358 0.270627 1 5 1.000000
  0 -21.003685 -14.714007 0.066926 -0.802772 -0.246453 -0.542972 0.993360 0.197424 1 5 1.000000
Soldiers_far_red.tga
  0 -8.662726 -14.770754 0.068909 0.777662 -0.248552 -0.577463 0.920157 0.197422 1 5 1.000000
  0 -7.980013 -1.664165 -0.388783 0.786206 0.281833 -0.549955 0.919478 0.270566 1 5 1.000000
  0 -10.543406 -1.752960 10.999870 0.947692 0.230884 0.220392 0.938456 0.234024 2 5 0.500000 4 0.500000
Soldiers_far_red.tga
  0 -8.662726 -14.770754 0.068909 0.777662 -0.248552 -0.577463 0.978335 0.086947 1 5 1.000000
  0 -21.003685 -14.714007 0.066926 -0.802772 -0.246453 -0.542972 0.956225 0.086847 1 5 1.000000
  0 -21.621677 -1.145770 -0.406887 -0.802953 0.306546 -0.511172 0.955118 0.063007 1 5 1.000000
Soldiers_far_red.tga
  0 -7.980013 -1.664165 -0.388783 0.786206 0.281833 -0.549955 0.979558 0.063918 1 5 1.000000
  0 -8.662726 -14.770754 0.068909 0.777662 -0.248552 -0.577463 0.978335 0.086947 1 5 1.000000
  0 -21.621677 -1.145770 -0.406887 -0.802953 0.306546 -0.511172 0.955118 0.063007 1 5 1.000000
Soldiers_far_red.tga
  0 6.816456 2.003777 10.868682 0.068406 0.988006 0.138434 0.955250 0.313261 2 8 0.500000 7 0.500000
  0 0.929231 -2.348187 42.877083 -0.996890 0.046047 -0.063959 0.978036 0.466937 2 7 0.500000 6 0.500000
  0 5.278400 1.034812 43.133240 0.002520 0.999964 0.008136 0.961203 0.467590 2 7 0.500000 6 0.500000
Soldiers_far_red.tga
  0 -10.543406 -1.752960 10.999870 0.947692 0.230884 0.220392 0.971513 0.313261 2 5 0.500000 4 0.500000
  0 -14.745231 2.003777 10.868682 -0.068397 0.988007 0.138434 0.955250 0.313261 2 5 0.500000 4 0.500000
  0 -8.857915 -2.348187 42.877083 0.996890 0.046047 -0.063960 0.978036 0.466937 2 4 0.500000 3 0.500000
Soldiers_far_red.tga
  0 -10.815494 2.190718 129.609268 -0.591402 0.256053 -0.764644 0.050425 0.765183 1 10 1.000000
  0 -9.317560 7.842859 130.543793 -0.472340 0.454441 -0.755234 0.036724 0.774867 1 10 1.000000
  0 -6.755980 -1.647788 126.165176 -0.699203 0.153643 -0.698219 0.048495 0.748539 1 9 1.000000
Soldiers_far_red.tga
  0 -3.964537 -14.053675 153.759659 -0.000003 -0.986086 0.166234 0.171818 0.984803 1 10 1.000000
  0 -14.669027 -8.742897 153.431335 -0.783800 -0.606820 0.132007 0.056888 0.981426 1 10 1.000000
  0 -14.292565 -11.313168 143.717514 -0.704144 -0.708855 0.041306 0.091521 0.925111 1 10 1.000000
Soldiers_far_red.tga
  0 -18.164803 1.985731 153.364395 -0.995022 -0.090019 -0.042756 0.037880 0.986282 1 10 1.000000
  0 -16.146080 -6.124596 141.356033 -0.974729 -0.216019 -0.056921 0.059386 0.912284 1 10 1.000000
  0 -14.669027 -8.742897 153.431335 -0.783800 -0.606820 0.132007 0.056888 0.981426 1 10 1.000000
Soldiers_far_red.tga
  0 -15.811111 2.912964 134.931458 -0.900926 0.199101 -0.385605 0.057092 0.828330 1 10 1.000000
  0 -15.663613 -6.155752 132.253555 -0.977307 -0.102717 -0.185259 0.065501 0.817262 1 10 1.000000
  0 -15.277903 -6.095635 133.084442 -0.962984 -0.191887 0.189318 0.065190 0.842228 1 10 1.000000
Soldiers_far_red.tga
  0 -8.919460 -3.485622 126.839264 -0.448285 0.133781 -0.883823 0.076268 0.750458 1 10 1.000000
  0 -10.815494 2.190718 129.609268 -0.591402 0.256053 -0.764644 0.050425 0.765183 1 10 1.000000
  0 -6.755980 -1.647788 126.165176 -0.699203 0.153643 -0.698219 0.048495 0.748539 1 9 1.000000
Soldiers_far_red.tga
  0 -13.732899 -11.721904 132.220444 -0.718915 -0.692881 -0.055463 0.102634 0.840743 1 10 1.000000
  0 -3.964534 -15.004712 129.974594 -0.000001 -0.877890 -0.478862 0.171680 0.818017 1 10 1.000000
  0 -3.964534 -16.429668 133.147507 -0.000001 -0.941123 0.338064 0.171818 0.833662 1 10 1.000000
Soldiers_far_red.tga
  0 -8.919460 -3.485622 126.839264 -0.448285 0.133781 -0.883823 0.076268 0.750458 1 10 1.000000
  0 -6.755980 -1.647788 126.165176 -0.699203 0.153643 -0.698219 0.048495 0.748539 1 9 1.000000
  0 -3.964533 -4.656280 125.263611 -0.000004 -0.395071 -0.918651 0.171818 0.716629 1 9 1.000000
Soldiers_far_red.tga
  0 -9.317560 7.842859 130.543793 -0.472340 0.454441 -0.755234 0.036724 0.774867 1 10 1.000000
  0 -3.964512 10.446404 130.183640 -0.000004 0.541141 -0.840932 0.021080 0.782172 1 10 1.000000
  0 -3.964511 2.091018 126.518158 0.000001 0.613048 -0.790046 0.021080 0.754127 1 9 1.000000
Soldiers_far_red.tga
  0 -3.964534 -16.429668 133.147507 -0.000001 -0.941123 0.338064 0.171818 0.833662 1 10 1.000000
  0 -3.964534 -14.675699 133.810471 -0.000003 -0.795599 0.605824 0.171818 0.855213 1 10 1.000000
  0 -13.774996 -11.067731 133.217422 -0.768751 -0.617791 0.165398 0.095239 0.849663 1 10 1.000000
Soldiers_far_red.tga
  0 -13.774996 -11.067731 133.217422 -0.768751 -0.617791 0.165398 0.095239 0.849663 1 10 1.000000
  0 -3.964536 -15.062846 144.192413 -0.000002 -0.999409 0.034369 0.171818 0.934923 1 10 1.000000
  0 -14.292565 -11.313168 143.717514 -0.704144 -0.708855 0.041306 0.091521 0.925111 1 10 1.000000
Soldiers_far_red.tga
  0 -12.341419 -4.618385 128.926132 -0.649191 0.101676 -0.753799 0.063835 0.780110 1 10 1.000000
  0 -8.919460 -3.485622 126.839264 -0.448285 0.133781 -0.883823 0.076268 0.750458 1 10 1.000000
  0 -8.577187 -10.450825 126.079178 -0.475726 -0.375241 -0.795537 0.135002 0.764072 1 10 1.000000
Soldiers_far_red.tga
  0 -15.663613 -6.155752 132.253555 -0.977307 -0.102717 -0.185259 0.065501 0.817262 1 10 1.000000
  0 -13.774996 -11.067731 133.217422 -0.768751 -0.617791 0.165398 0.095239 0.849663 1 10 1.000000
  0 -15.277903 -6.095635 133.084442 -0.962984 -0.191887 0.189318 0.065190 0.842228 1 10 1.000000
Soldiers_far_red.tga
  0 -13.774996 -11.067731 133.217422 -0.768751 -0.617791 0.165398 0.095239 0.849663 1 10 1.000000
  0 -14.292565 -11.313168 143.717514 -0.704144 -0.708855 0.041306 0.091521 0.925111 1 10 1.000000
  0 -16.146080 -6.124596 141.356033 -0.974729 -0.216019 -0.056921 0.059386 0.912284 1 10 1.000000
Soldiers_far_red.tga
  0 -15.811111 2.912964 134.931458 -0.900926 0.199101 -0.385605 0.057092 0.828330 1 10 1.000000
  0 -13.168711 11.731511 136.997208 -0.795717 0.423536 -0.432956 0.036390 0.845605 1 10 1.000000
  0 -9.317560 7.842859 130.543793 -0.472340 0.454441 -0.755234 0.036724 0.774867 1 10 1.000000
Soldiers_far_red.tga
  0 -12.500988 -10.695726 129.416412 -0.628975 -0.456719 -0.629126 0.130353 0.808842 1 10 1.000000
  0 -8.577187 -10.450825 126.079178 -0.475726 -0.375241 -0.795537 0.135002 0.764072 1 10 1.000000
  0 -3.964534 -15.004712 129.974594 -0.000001 -0.877890 -0.478862 0.171680 0.818017 1 10 1.000000
Soldiers_far_red.tga
  0 -3.964533 -4.656280 125.263611 -0.000004 -0.395071 -0.918651 0.171818 0.716629 1 9 1.000000
  0 -6.755980 -1.647788 126.165176 -0.699203 0.153643 -0.698219 0.048495 0.748539 1 9 1.000000
  0 -6.755979 -1.835320 120.017700 -0.991007 -0.133804 -0.001025 0.070537 0.688715 1 9 1.000000
Soldiers_far_red.tga
  0 -6.755979 -1.835320 120.017700 -0.991007 -0.133804 -0.001025 0.070537 0.688715 1 9 1.000000
  0 -6.755980 -1.647788 126.165176 -0.699203 0.153643 -0.698219 0.048495 0.748539 1 9 1.000000
  0 -3.964511 2.091018 126.518158 0.000001 0.613048 -0.790046 0.021080 0.754127 1 9 1.000000
Soldiers_far_red.tga
  0 -15.277903 -6.095635 133.084442 -0.962984 -0.191887 0.189318 0.065190 0.842228 1 10 1.000000
  0 -13.774996 -11.067731 133.217422 -0.768751 -0.617791 0.165398 0.095239 0.849663 1 10 1.000000
  0 -16.146080 -6.124596 141.356033 -0.974729 -0.216019 -0.056921 0.059386 0.912284 1 10 1.000000
Soldiers_far_red.tga
  0 -15.811111 2.912964 134.931458 -0.900926 0.199101 -0.385605 0.057092 0.828330 1 10 1.000000
  0 -15.277903 -6.095635 133.084442 -0.962984 -0.191887 0.189318 0.065190 0.842228 1 10 1.000000
  0 -16.146080 -6.124596 141.356033 -0.974729 -0.216019 -0.056921 0.059386 0.912284 1 10 1.000000
Soldiers_far_red.tga
  0 -18.164803 1.985731 153.364395 -0.995022 -0.090019 -0.042756 0.037880 0.986282 1 10 1.000000
  0 -15.811111 2.912964 134.931458 -0.900926 0.199101 -0.385605 0.057092 0.828330 1 10 1.000000
  0 -16.146080 -6.124596 141.356033 -0.974729 -0.216019 -0.056921 0.059386 0.912284 1 10 1.000000
Soldiers_far_red.tga
  0 -16.146080 -6.124596 141.356033 -0.974729 -0.216019 -0.056921 0.059386 0.912284 1 10 1.000000
  0 -14.292565 -11.313168 143.717514 -0.704144 -0.708855 0.041306 0.091521 0.925111 1 10 1.000000
  0 -14.669027 -8.742897 153.431335 -0.783800 -0.606820 0.132007 0.056888 0.981426 1 10 1.000000
Soldiers_far_red.tga
  0 -15.663613 -6.155752 132.253555 -0.977307 -0.102717 -0.185259 0.065501 0.817262 1 10 1.000000
  0 -12.500988 -10.695726 129.416412 -0.628975 -0.456719 -0.629126 0.130353 0.808842 1 10 1.000000
  0 -13.732899 -11.721904 132.220444 -0.718915 -0.692881 -0.055463 0.102634 0.840743 1 10 1.000000
Soldiers_far_red.tga
  0 -15.663613 -6.155752 132.253555 -0.977307 -0.102717 -0.185259 0.065501 0.817262 1 10 1.000000
  0 -13.732899 -11.721904 132.220444 -0.718915 -0.692881 -0.055463 0.102634 0.840743 1 10 1.000000
  0 -13.774996 -11.067731 133.217422 -0.768751 -0.617791 0.165398 0.095239 0.849663 1 10 1.000000
Soldiers_far_red.tga
  0 -12.341419 -4.618385 128.926132 -0.649191 0.101676 -0.753799 0.063835 0.780110 1 10 1.000000
  0 -8.577187 -10.450825 126.079178 -0.475726 -0.375241 -0.795537 0.135002 0.764072 1 10 1.000000
  0 -12.500988 -10.695726 129.416412 -0.628975 -0.456719 -0.629126 0.130353 0.808842 1 10 1.000000
Soldiers_far_red.tga
  0 -8.919460 -3.485622 126.839264 -0.448285 0.133781 -0.883823 0.076268 0.750458 1 10 1.000000
  0 -12.341419 -4.618385 128.926132 -0.649191 0.101676 -0.753799 0.063835 0.780110 1 10 1.000000
  0 -10.815494 2.190718 129.609268 -0.591402 0.256053 -0.764644 0.050425 0.765183 1 10 1.000000
Soldiers_far_red.tga
  0 -9.317560 7.842859 130.543793 -0.472340 0.454441 -0.755234 0.036724 0.774867 1 10 1.000000
  0 -3.964511 2.091018 126.518158 0.000001 0.613048 -0.790046 0.021080 0.754127 1 9 1.000000
  0 -6.755980 -1.647788 126.165176 -0.699203 0.153643 -0.698219 0.048495 0.748539 1 9 1.000000
Soldiers_far_red.tga
  0 -12.341419 -4.618385 128.926132 -0.649191 0.101676 -0.753799 0.063835 0.780110 1 10 1.000000
  0 -15.663613 -6.155752 132.253555 -0.977307 -0.102717 -0.185259 0.065501 0.817262 1 10 1.000000
  0 -15.811111 2.912964 134.931458 -0.900926 0.199101 -0.385605 0.057092 0.828330 1 10 1.000000
Soldiers_far_red.tga
  0 -10.815494 2.190718 129.609268 -0.591402 0.256053 -0.764644 0.050425 0.765183 1 10 1.000000
  0 -15.811111 2.912964 134.931458 -0.900926 0.199101 -0.385605 0.057092 0.828330 1 10 1.000000
  0 -9.317560 7.842859 130.543793 -0.472340 0.454441 -0.755234 0.036724 0.774867 1 10 1.000000
Soldiers_far_red.tga
  0 -10.815494 2.190718 129.609268 -0.591402 0.256053 -0.764644 0.050425 0.765183 1 10 1.000000
  0 -12.341419 -4.618385 128.926132 -0.649191 0.101676 -0.753799 0.063835 0.780110 1 10 1.000000
  0 -15.811111 2.912964 134.931458 -0.900926 0.199101 -0.385605 0.057092 0.828330 1 10 1.000000
Soldiers_far_red.tga
  0 -3.964532 1.715687 120.377243 0.000000 0.998137 -0.061006 0.043123 0.694303 1 9 1.000000
  0 -6.755979 -1.835320 120.017700 -0.991007 -0.133804 -0.001025 0.070537 0.688715 1 9 1.000000
  0 -3.964511 2.091018 126.518158 0.000001 0.613048 -0.790046 0.021080 0.754127 1 9 1.000000
Soldiers_far_red.tga
  0 -3.964536 -15.062846 144.192413 -0.000002 -0.999409 0.034369 0.171818 0.934923 1 10 1.000000
  0 -3.964537 -14.053675 153.759659 -0.000003 -0.986086 0.166234 0.171818 0.984803 1 10 1.000000
  0 -14.292565 -11.313168 143.717514 -0.704144 -0.708855 0.041306 0.091521 0.925111 1 10 1.000000
Soldiers_far_red.tga
  0 -3.964533 -4.656280 125.263611 -0.000004 -0.395071 -0.918651 0.171818 0.716629 1 9 1.000000
  0 -3.964533 -10.639978 123.730774 -0.000007 -0.313262 -0.949667 0.171818 0.729792 1 10 1.000000
  0 -8.577187 -10.450825 126.079178 -0.475726 -0.375241 -0.795537 0.135002 0.764072 1 10 1.000000
Soldiers_far_red.tga
  0 -8.919460 -3.485622 126.839264 -0.448285 0.133781 -0.883823 0.076268 0.750458 1 10 1.000000
  0 -3.964533 -4.656280 125.263611 -0.000004 -0.395071 -0.918651 0.171818 0.716629 1 9 1.000000
  0 -8.577187 -10.450825 126.079178 -0.475726 -0.375241 -0.795537 0.135002 0.764072 1 10 1.000000
Soldiers_far_red.tga
  0 -3.964532 -4.870920 119.117088 0.000002 -0.999391 0.034899 0.171818 0.677086 1 9 1.000000
  0 -3.964533 -4.656280 125.263611 -0.000004 -0.395071 -0.918651 0.171818 0.716629 1 9 1.000000
  0 -6.755979 -1.835320 120.017700 -0.991007 -0.133804 -0.001025 0.070537 0.688715 1 9 1.000000
Soldiers_far_red.tga
  0 -13.774996 -11.067731 133.217422 -0.768751 -0.617791 0.165398 0.095239 0.849663 1 10 1.000000
  0 -3.964534 -14.675699 133.810471 -0.000003 -0.795599 0.605824 0.171818 0.855213 1 10 1.000000
  0 -3.964536 -15.062846 144.192413 -0.000002 -0.999409 0.034369 0.171818 0.934923 1 10 1.000000
Soldiers_far_red.tga
  0 -13.732899 -11.721904 132.220444 -0.718915 -0.692881 -0.055463 0.102634 0.840743 1 10 1.000000
  0 -3.964534 -16.429668 133.147507 -0.000001 -0.941123 0.338064 0.171818 0.833662 1 10 1.000000
  0 -13.774996 -11.067731 133.217422 -0.768751 -0.617791 0.165398 0.095239 0.849663 1 10 1.000000
Soldiers_far_red.tga
  0 -13.732899 -11.721904 132.220444 -0.718915 -0.692881 -0.055463 0.102634 0.840743 1 10 1.000000
  0 -12.500988 -10.695726 129.416412 -0.628975 -0.456719 -0.629126 0.130353 0.808842 1 10 1.000000
  0 -3.964534 -15.004712 129.974594 -0.000001 -0.877890 -0.478862 0.171680 0.818017 1 10 1.000000
Soldiers_far_red.tga
  0 -8.577187 -10.450825 126.079178 -0.475726 -0.375241 -0.795537 0.135002 0.764072 1 10 1.000000
  0 -3.964533 -10.639978 123.730774 -0.000007 -0.313262 -0.949667 0.171818 0.729792 1 10 1.000000
  0 -3.964534 -15.004712 129.974594 -0.000001 -0.877890 -0.478862 0.171680 0.818017 1 10 1.000000
Soldiers_far_red.tga
  0 -15.811111 2.912964 134.931458 -0.900926 0.199101 -0.385605 0.057092 0.828330 1 10 1.000000
  0 -18.164803 1.985731 153.364395 -0.995022 -0.090019 -0.042756 0.037880 0.986282 1 10 1.000000
  0 -13.168711 11.731511 136.997208 -0.795717 0.423536 -0.432956 0.036390 0.845605 1 10 1.000000
Soldiers_far_red.tga
  0 4.571908 -10.695726 129.416412 0.628979 -0.456721 -0.629120 0.213977 0.808842 1 10 1.000000
  0 7.734569 -6.155752 132.253555 0.977288 -0.102719 -0.185357 0.278136 0.817262 1 10 1.000000
  0 5.803821 -11.721904 132.220444 0.718901 -0.692892 -0.055507 0.241003 0.840743 1 10 1.000000
Soldiers_far_red.tga
  0 2.886578 2.190718 129.609268 0.591398 0.256047 -0.764650 0.289746 0.765183 1 10 1.000000
  0 -1.173109 -1.647788 126.165176 0.699195 0.153647 -0.698225 0.286477 0.748539 1 9 1.000000
  0 1.388679 7.842859 130.543793 0.472336 0.454443 -0.755236 0.303447 0.774867 1 10 1.000000
Soldiers_far_red.tga
  0 -3.964537 -14.053675 153.759659 -0.000003 -0.986086 0.166234 0.171818 0.984803 1 10 1.000000
  0 6.363648 -11.313168 143.717514 0.704138 -0.708860 0.041309 0.252116 0.925111 1 10 1.000000
  0 6.740066 -8.742897 153.431335 0.783801 -0.606818 0.132017 0.286749 0.981426 1 10 1.000000
Soldiers_far_red.tga
  0 10.235641 1.985731 153.364395 0.995024 -0.090007 -0.042739 0.300559 0.986282 1 10 1.000000
  0 6.740066 -8.742897 153.431335 0.783801 -0.606818 0.132017 0.286749 0.981426 1 10 1.000000
  0 8.217255 -6.124596 141.356033 0.974729 -0.216019 -0.056912 0.284251 0.912284 1 10 1.000000
Soldiers_far_red.tga
  0 7.882284 2.912964 134.931458 0.900926 0.199102 -0.385604 0.290011 0.828330 1 10 1.000000
  0 7.349090 -6.095635 133.084442 0.963007 -0.191885 0.189200 0.278447 0.842228 1 10 1.000000
  0 7.734569 -6.155752 132.253555 0.977288 -0.102719 -0.185357 0.278136 0.817262 1 10 1.000000
Soldiers_far_red.tga
  0 0.990569 -3.485622 126.839264 0.448287 0.133786 -0.883821 0.267462 0.750458 1 10 1.000000
  0 -1.173109 -1.647788 126.165176 0.699195 0.153647 -0.698225 0.286477 0.748539 1 9 1.000000
  0 2.886578 2.190718 129.609268 0.591398 0.256047 -0.764650 0.289746 0.765183 1 10 1.000000
Soldiers_far_red.tga
  0 5.803821 -11.721904 132.220444 0.718901 -0.692892 -0.055507 0.241003 0.840743 1 10 1.000000
  0 -3.964534 -16.429668 133.147507 -0.000001 -0.941123 0.338064 0.171818 0.833662 1 10 1.000000
  0 -3.964534 -15.004712 129.974594 -0.000001 -0.877890 -0.478862 0.171680 0.818017 1 10 1.000000
Soldiers_far_red.tga
  0 0.990569 -3.485622 126.839264 0.448287 0.133786 -0.883821 0.267462 0.750458 1 10 1.000000
  0 -3.964533 -4.656280 125.263611 -0.000004 -0.395071 -0.918651 0.171818 0.716629 1 9 1.000000
  0 -1.173109 -1.647788 126.165176 0.699195 0.153647 -0.698225 0.286477 0.748539 1 9 1.000000
Soldiers_far_red.tga
  0 1.388679 7.842859 130.543793 0.472336 0.454443 -0.755236 0.303447 0.774867 1 10 1.000000
  0 -3.964511 2.091018 126.518158 0.000001 0.613048 -0.790046 0.312159 0.754127 1 9 1.000000
  0 -3.964512 10.446404 130.183640 -0.000004 0.541141 -0.840932 0.312159 0.782172 1 10 1.000000
Soldiers_far_red.tga
  0 -3.964534 -16.429668 133.147507 -0.000001 -0.941123 0.338064 0.171818 0.833662 1 10 1.000000
  0 5.846104 -11.067731 133.217422 0.768764 -0.617797 0.165317 0.248398 0.849663 1 10 1.000000
  0 -3.964534 -14.675699 133.810471 -0.000003 -0.795599 0.605824 0.171818 0.855213 1 10 1.000000
Soldiers_far_red.tga
  0 5.846104 -11.067731 133.217422 0.768764 -0.617797 0.165317 0.248398 0.849663 1 10 1.000000
  0 6.363648 -11.313168 143.717514 0.704138 -0.708860 0.041309 0.252116 0.925111 1 10 1.000000
  0 -3.964536 -15.062846 144.192413 -0.000002 -0.999409 0.034369 0.171818 0.934923 1 10 1.000000
Soldiers_far_red.tga
  0 4.412342 -4.618385 128.926147 0.649197 0.101669 -0.753794 0.279802 0.780110 1 10 1.000000
  0 0.648295 -10.450825 126.079178 0.475730 -0.375243 -0.795534 0.208635 0.764072 1 10 1.000000
  0 0.990569 -3.485622 126.839264 0.448287 0.133786 -0.883821 0.267462 0.750458 1 10 1.000000
Soldiers_far_red.tga
  0 7.734569 -6.155752 132.253555 0.977288 -0.102719 -0.185357 0.278136 0.817262 1 10 1.000000
  0 7.349090 -6.095635 133.084442 0.963007 -0.191885 0.189200 0.278447 0.842228 1 10 1.000000
  0 5.846104 -11.067731 133.217422 0.768764 -0.617797 0.165317 0.248398 0.849663 1 10 1.000000
Soldiers_far_red.tga
  0 5.846104 -11.067731 133.217422 0.768764 -0.617797 0.165317 0.248398 0.849663 1 10 1.000000
  0 8.217255 -6.124596 141.356033 0.974729 -0.216019 -0.056912 0.284251 0.912284 1 10 1.000000
  0 6.363648 -11.313168 143.717514 0.704138 -0.708860 0.041309 0.252116 0.925111 1 10 1.000000
Soldiers_far_red.tga
  0 7.882284 2.912964 134.931458 0.900926 0.199102 -0.385604 0.290011 0.828330 1 10 1.000000
  0 1.388679 7.842859 130.543793 0.472336 0.454443 -0.755236 0.303447 0.774867 1 10 1.000000
  0 5.239817 11.731511 136.997208 0.795717 0.423543 -0.432950 0.312446 0.845605 1 10 1.000000
Soldiers_far_red.tga
  0 4.571908 -10.695726 129.416412 0.628979 -0.456721 -0.629120 0.213977 0.808842 1 10 1.000000
  0 -3.964534 -15.004712 129.974594 -0.000001 -0.877890 -0.478862 0.171680 0.818017 1 10 1.000000
  0 0.648295 -10.450825 126.079178 0.475730 -0.375243 -0.795534 0.208635 0.764072 1 10 1.000000
Soldiers_far_red.tga
  0 -3.964533 -4.656280 125.263611 -0.000004 -0.395071 -0.918651 0.171818 0.716629 1 9 1.000000
  0 -1.173109 -1.835320 120.017700 0.991007 -0.133805 -0.001026 0.286477 0.688715 1 9 1.000000
  0 -1.173109 -1.647788 126.165176 0.699195 0.153647 -0.698225 0.286477 0.748539 1 9 1.000000
Soldiers_far_red.tga
  0 -1.173109 -1.835320 120.017700 0.991007 -0.133805 -0.001026 0.286477 0.688715 1 9 1.000000
  0 -3.964511 2.091018 126.518158 0.000001 0.613048 -0.790046 0.312159 0.754127 1 9 1.000000
  0 -1.173109 -1.647788 126.165176 0.699195 0.153647 -0.698225 0.286477 0.748539 1 9 1.000000
Soldiers_far_red.tga
  0 7.349090 -6.095635 133.084442 0.963007 -0.191885 0.189200 0.278447 0.842228 1 10 1.000000
  0 8.217255 -6.124596 141.356033 0.974729 -0.216019 -0.056912 0.284251 0.912284 1 10 1.000000
  0 5.846104 -11.067731 133.217422 0.768764 -0.617797 0.165317 0.248398 0.849663 1 10 1.000000
Soldiers_far_red.tga
  0 7.882284 2.912964 134.931458 0.900926 0.199102 -0.385604 0.290011 0.828330 1 10 1.000000
  0 8.217255 -6.124596 141.356033 0.974729 -0.216019 -0.056912 0.284251 0.912284 1 10 1.000000
  0 7.349090 -6.095635 133.084442 0.963007 -0.191885 0.189200 0.278447 0.842228 1 10 1.000000
Soldiers_far_red.tga
  0 10.235641 1.985731 153.364395 0.995024 -0.090007 -0.042739 0.300559 0.986282 1 10 1.000000
  0 8.217255 -6.124596 141.356033 0.974729 -0.216019 -0.056912 0.284251 0.912284 1 10 1.000000
  0 7.882284 2.912964 134.931458 0.900926 0.199102 -0.385604 0.290011 0.828330 1 10 1.000000
Soldiers_far_red.tga
  0 8.217255 -6.124596 141.356033 0.974729 -0.216019 -0.056912 0.284251 0.912284 1 10 1.000000
  0 6.740066 -8.742897 153.431335 0.783801 -0.606818 0.132017 0.286749 0.981426 1 10 1.000000
  0 6.363648 -11.313168 143.717514 0.704138 -0.708860 0.041309 0.252116 0.925111 1 10 1.000000
Soldiers_far_red.tga
  0 7.734569 -6.155752 132.253555 0.977288 -0.102719 -0.185357 0.278136 0.817262 1 10 1.000000
  0 5.846104 -11.067731 133.217422 0.768764 -0.617797 0.165317 0.248398 0.849663 1 10 1.000000
  0 5.803821 -11.721904 132.220444 0.718901 -0.692892 -0.055507 0.241003 0.840743 1 10 1.000000
Soldiers_far_red.tga
  0 4.412342 -4.618385 128.926147 0.649197 0.101669 -0.753794 0.279802 0.780110 1 10 1.000000
  0 4.571908 -10.695726 129.416412 0.628979 -0.456721 -0.629120 0.213977 0.808842 1 10 1.000000
  0 0.648295 -10.450825 126.079178 0.475730 -0.375243 -0.795534 0.208635 0.764072 1 10 1.000000
Soldiers_far_red.tga
  0 0.990569 -3.485622 126.839264 0.448287 0.133786 -0.883821 0.267462 0.750458 1 10 1.000000
  0 2.886578 2.190718 129.609268 0.591398 0.256047 -0.764650 0.289746 0.765183 1 10 1.000000
  0 4.412342 -4.618385 128.926147 0.649197 0.101669 -0.753794 0.279802 0.780110 1 10 1.000000
Soldiers_far_red.tga
  0 1.388679 7.842859 130.543793 0.472336 0.454443 -0.755236 0.303447 0.774867 1 10 1.000000
  0 -1.173109 -1.647788 126.165176 0.699195 0.153647 -0.698225 0.286477 0.748539 1 9 1.000000
  0 -3.964511 2.091018 126.518158 0.000001 0.613048 -0.790046 0.312159 0.754127 1 9 1.000000
Soldiers_far_red.tga
  0 4.412342 -4.618385 128.926147 0.649197 0.101669 -0.753794 0.279802 0.780110 1 10 1.000000
  0 7.882284 2.912964 134.931458 0.900926 0.199102 -0.385604 0.290011 0.828330 1 10 1.000000
  0 7.734569 -6.155752 132.253555 0.977288 -0.102719 -0.185357 0.278136 0.817262 1 10 1.000000
Soldiers_far_red.tga
  0 2.886578 2.190718 129.609268 0.591398 0.256047 -0.764650 0.289746 0.765183 1 10 1.000000
  0 1.388679 7.842859 130.543793 0.472336 0.454443 -0.755236 0.303447 0.774867 1 10 1.000000
  0 7.882284 2.912964 134.931458 0.900926 0.199102 -0.385604 0.290011 0.828330 1 10 1.000000
Soldiers_far_red.tga
  0 2.886578 2.190718 129.609268 0.591398 0.256047 -0.764650 0.289746 0.765183 1 10 1.000000
  0 7.882284 2.912964 134.931458 0.900926 0.199102 -0.385604 0.290011 0.828330 1 10 1.000000
  0 4.412342 -4.618385 128.926147 0.649197 0.101669 -0.753794 0.279802 0.780110 1 10 1.000000
Soldiers_far_red.tga
  0 -3.964532 1.715687 120.377243 0.000000 0.998137 -0.061006 0.312159 0.694303 1 9 1.000000
  0 -3.964511 2.091018 126.518158 0.000001 0.613048 -0.790046 0.312159 0.754127 1 9 1.000000
  0 -1.173109 -1.835320 120.017700 0.991007 -0.133805 -0.001026 0.286477 0.688715 1 9 1.000000
Soldiers_far_red.tga
  0 -3.964536 -15.062846 144.192413 -0.000002 -0.999409 0.034369 0.171818 0.934923 1 10 1.000000
  0 6.363648 -11.313168 143.717514 0.704138 -0.708860 0.041309 0.252116 0.925111 1 10 1.000000
  0 -3.964537 -14.053675 153.759659 -0.000003 -0.986086 0.166234 0.171818 0.984803 1 10 1.000000
Soldiers_far_red.tga
  0 -3.964533 -4.656280 125.263611 -0.000004 -0.395071 -0.918651 0.171818 0.716629 1 9 1.000000
  0 0.648295 -10.450825 126.079178 0.475730 -0.375243 -0.795534 0.208635 0.764072 1 10 1.000000
  0 -3.964533 -10.639978 123.730774 -0.000007 -0.313262 -0.949667 0.171818 0.729792 1 10 1.000000
Soldiers_far_red.tga
  0 0.990569 -3.485622 126.839264 0.448287 0.133786 -0.883821 0.267462 0.750458 1 10 1.000000
  0 0.648295 -10.450825 126.079178 0.475730 -0.375243 -0.795534 0.208635 0.764072 1 10 1.000000
  0 -3.964533 -4.656280 125.263611 -0.000004 -0.395071 -0.918651 0.171818 0.716629 1 9 1.000000
Soldiers_far_red.tga
  0 -3.964532 -4.870920 119.117088 0.000002 -0.999391 0.034899 0.171818 0.677086 1 9 1.000000
  0 -1.173109 -1.835320 120.017700 0.991007 -0.133805 -0.001026 0.286477 0.688715 1 9 1.000000
  0 -3.964533 -4.656280 125.263611 -0.000004 -0.395071 -0.918651 0.171818 0.716629 1 9 1.000000
Soldiers_far_red.tga
  0 5.846104 -11.067731 133.217422 0.768764 -0.617797 0.165317 0.248398 0.849663 1 10 1.000000
  0 -3.964536 -15.062846 144.192413 -0.000002 -0.999409 0.034369 0.171818 0.934923 1 10 1.000000
  0 -3.964534 -14.675699 133.810471 -0.000003 -0.795599 0.605824 0.171818 0.855213 1 10 1.000000
Soldiers_far_red.tga
  0 5.803821 -11.721904 132.220444 0.718901 -0.692892 -0.055507 0.241003 0.840743 1 10 1.000000
  0 5.846104 -11.067731 133.217422 0.768764 -0.617797 0.165317 0.248398 0.849663 1 10 1.000000
  0 -3.964534 -16.429668 133.147507 -0.000001 -0.941123 0.338064 0.171818 0.833662 1 10 1.000000
Soldiers_far_red.tga
  0 5.803821 -11.721904 132.220444 0.718901 -0.692892 -0.055507 0.241003 0.840743 1 10 1.000000
  0 -3.964534 -15.004712 129.974594 -0.000001 -0.877890 -0.478862 0.171680 0.818017 1 10 1.000000
  0 4.571908 -10.695726 129.416412 0.628979 -0.456721 -0.629120 0.213977 0.808842 1 10 1.000000
Soldiers_far_red.tga
  0 0.648295 -10.450825 126.079178 0.475730 -0.375243 -0.795534 0.208635 0.764072 1 10 1.000000
  0 -3.964534 -15.004712 129.974594 -0.000001 -0.877890 -0.478862 0.171680 0.818017 1 10 1.000000
  0 -3.964533 -10.639978 123.730774 -0.000007 -0.313262 -0.949667 0.171818 0.729792 1 10 1.000000
Soldiers_far_red.tga
  0 7.882284 2.912964 134.931458 0.900926 0.199102 -0.385604 0.290011 0.828330 1 10 1.000000
  0 5.239817 11.731511 136.997208 0.795717 0.423543 -0.432950 0.312446 0.845605 1 10 1.000000
  0 10.235641 1.985731 153.364395 0.995024 -0.090007 -0.042739 0.300559 0.986282 1 10 1.000000
Soldiers_far_red.tga
  0 1.388679 7.842859 130.543793 0.472336 0.454443 -0.755236 0.303447 0.774867 1 10 1.000000
  0 -3.964512 10.446404 130.183640 -0.000004 0.541141 -0.840932 0.312159 0.782172 1 10 1.000000
  0 5.239817 11.731511 136.997208 0.795717 0.423543 -0.432950 0.312446 0.845605 1 10 1.000000
Soldiers_far_red.tga
  0 -9.317560 7.842859 130.543793 -0.472340 0.454441 -0.755234 0.036724 0.774867 1 10 1.000000
  0 -13.168711 11.731511 136.997208 -0.795717 0.423536 -0.432956 0.036390 0.845605 1 10 1.000000
  0 -3.964512 10.446404 130.183640 -0.000004 0.541141 -0.840932 0.021080 0.782172 1 10 1.000000
Soldiers_far_red.tga
  0 4.412342 -4.618385 128.926147 0.649197 0.101669 -0.753794 0.279802 0.780110 1 10 1.000000
  0 7.734569 -6.155752 132.253555 0.977288 -0.102719 -0.185357 0.278136 0.817262 1 10 1.000000
  0 4.571908 -10.695726 129.416412 0.628979 -0.456721 -0.629120 0.213977 0.808842 1 10 1.000000
Soldiers_far_red.tga
  0 -12.341419 -4.618385 128.926132 -0.649191 0.101676 -0.753799 0.063835 0.780110 1 10 1.000000
  0 -12.500988 -10.695726 129.416412 -0.628975 -0.456719 -0.629126 0.130353 0.808842 1 10 1.000000
  0 -15.663613 -6.155752 132.253555 -0.977307 -0.102717 -0.185259 0.065501 0.817262 1 10 1.000000
Soldiers_far_red.tga
  0 10.918108 1.622202 111.447273 0.000275 0.999659 -0.026122 0.822078 0.632955 1 16 1.000000
  0 13.282889 -0.438231 113.667641 0.856971 0.115715 0.502206 0.824024 0.646574 1 16 1.000000
  0 17.148888 1.331169 100.375252 -0.111533 0.964931 -0.237631 0.785195 0.633371 1 16 1.000000
Soldiers_far_red.tga
  0 20.508698 -1.737721 100.689667 0.824970 0.040690 0.563709 0.754729 0.574634 2 16 0.500000 17 0.500000
  0 13.282889 -0.438231 113.667641 0.856971 0.115715 0.502206 0.719736 0.600835 1 16 1.000000
  0 11.139627 -3.572335 112.208916 0.095577 -0.990520 0.098669 0.717479 0.581460 1 16 1.000000
Soldiers_far_red.tga
  0 8.196282 -0.776401 110.148582 -0.855824 -0.049733 -0.514870 0.801801 0.595899 1 16 1.000000
  0 17.148888 1.331169 100.375252 -0.111533 0.964931 -0.237631 0.781957 0.598977 1 16 1.000000
  0 17.185463 -2.314544 97.923683 -0.808261 -0.216109 -0.547733 0.781957 0.598977 2 16 0.500000 17 0.500000
Soldiers_far_red.tga
  0 28.528221 -5.885844 89.647598 0.771569 0.169113 0.613255 0.807385 0.575285 2 18 0.500000 17 0.500000
  0 20.508698 -1.737721 100.689667 0.824970 0.040690 0.563709 0.754729 0.574634 2 16 0.500000 17 0.500000
  0 26.372219 -8.168609 89.541931 -0.113326 -0.780941 0.614238 0.807385 0.575285 2 18 0.500000 17 0.500000
Soldiers_far_red.tga
  0 18.562683 1.130172 98.842667 -0.049761 0.983345 -0.174806 0.785195 0.633371 2 16 0.500000 17 0.500000
  0 20.508698 -1.737721 100.689667 0.824970 0.040690 0.563709 0.785195 0.633371 2 16 0.500000 17 0.500000
  0 20.014149 0.924012 97.269157 0.080720 0.973451 -0.214190 0.785195 0.633371 1 17 1.000000
Soldiers_far_red.tga
  0 17.185463 -2.314544 97.923683 -0.808261 -0.216109 -0.547733 0.781957 0.598977 2 16 0.500000 17 0.500000
  0 20.014149 0.924012 97.269157 0.080720 0.973451 -0.214190 0.781957 0.598977 1 17 1.000000
  0 24.657940 -6.368629 86.953064 -0.954018 0.021118 -0.299005 0.754729 0.574634 2 18 0.500000 17 0.500000
Soldiers_far_red.tga
  0 24.657940 -6.368629 86.953064 -0.954018 0.021118 -0.299005 0.807385 0.575285 2 18 0.500000 17 0.500000
  0 26.372219 -8.168609 89.541931 -0.113326 -0.780941 0.614238 0.807385 0.575285 2 18 0.500000 17 0.500000
  0 17.185463 -2.314544 97.923683 -0.808261 -0.216109 -0.547733 0.754729 0.574634 2 16 0.500000 17 0.500000
Soldiers_far_red.tga
  0 17.185463 -2.314544 97.923683 -0.808261 -0.216109 -0.547733 0.754729 0.574634 2 16 0.500000 17 0.500000
  0 11.139627 -3.572335 112.208916 0.095577 -0.990520 0.098669 0.717479 0.581460 1 16 1.000000
  0 8.196282 -0.776401 110.148582 -0.855824 -0.049733 -0.514870 0.717479 0.581460 1 16 1.000000
Soldiers_far_red.tga
  0 17.148888 1.331169 100.375252 -0.111533 0.964931 -0.237631 0.785195 0.633371 1 16 1.000000
  0 20.508698 -1.737721 100.689667 0.824970 0.040690 0.563709 0.785195 0.633371 2 16 0.500000 17 0.500000
  0 18.562683 1.130172 98.842667 -0.049761 0.983345 -0.174806 0.785195 0.633371 2 16 0.500000 17 0.500000
Soldiers_far_red.tga
  0 17.148888 1.331169 100.375252 -0.111533 0.964931 -0.237631 0.785195 0.633371 1 16 1.000000
  0 13.282889 -0.438231 113.667641 0.856971 0.115715 0.502206 0.824024 0.646574 1 16 1.000000
  0 20.508698 -1.737721 100.689667 0.824970 0.040690 0.563709 0.785195 0.633371 2 16 0.500000 17 0.500000
Soldiers_far_red.tga
  0 20.014149 0.924012 97.269157 0.080720 0.973451 -0.214190 0.785195 0.633371 1 17 1.000000
  0 28.528221 -5.885844 89.647598 0.771569 0.169113 0.613255 0.732190 0.628581 2 18 0.500000 17 0.500000
  0 26.470295 -3.815253 87.456779 -0.045270 0.977845 -0.204374 0.732190 0.628581 2 18 0.500000 17 0.500000
Soldiers_far_red.tga
  0 20.014149 0.924012 97.269157 0.080720 0.973451 -0.214190 0.785195 0.633371 1 17 1.000000
  0 20.508698 -1.737721 100.689667 0.824970 0.040690 0.563709 0.785195 0.633371 2 16 0.500000 17 0.500000
  0 28.528221 -5.885844 89.647598 0.771569 0.169113 0.613255 0.732190 0.628581 2 18 0.500000 17 0.500000
Soldiers_far_red.tga
  0 8.196282 -0.776401 110.148582 -0.855824 -0.049733 -0.514870 0.822078 0.632955 1 16 1.000000
  0 10.918108 1.622202 111.447273 0.000275 0.999659 -0.026122 0.822078 0.632955 1 16 1.000000
  0 17.148888 1.331169 100.375252 -0.111533 0.964931 -0.237631 0.785195 0.633371 1 16 1.000000
Soldiers_far_red.tga
  0 17.185463 -2.314544 97.923683 -0.808261 -0.216109 -0.547733 0.781957 0.598977 2 16 0.500000 17 0.500000
  0 17.148888 1.331169 100.375252 -0.111533 0.964931 -0.237631 0.781957 0.598977 1 16 1.000000
  0 18.562683 1.130172 98.842667 -0.049761 0.983345 -0.174806 0.781957 0.598977 2 16 0.500000 17 0.500000
Soldiers_far_red.tga
  0 17.185463 -2.314544 97.923683 -0.808261 -0.216109 -0.547733 0.781957 0.598977 2 16 0.500000 17 0.500000
  0 18.562683 1.130172 98.842667 -0.049761 0.983345 -0.174806 0.781957 0.598977 2 16 0.500000 17 0.500000
  0 20.014149 0.924012 97.269157 0.080720 0.973451 -0.214190 0.781957 0.598977 1 17 1.000000
Soldiers_far_red.tga
  0 24.657940 -6.368629 86.953064 -0.954018 0.021118 -0.299005 0.732190 0.628581 2 18 0.500000 17 0.500000
  0 20.014149 0.924012 97.269157 0.080720 0.973451 -0.214190 0.785195 0.633371 1 17 1.000000
  0 26.470295 -3.815253 87.456779 -0.045270 0.977845 -0.204374 0.732190 0.628581 2 18 0.500000 17 0.500000
Soldiers_far_red.tga
  0 20.508698 -1.737721 100.689667 0.824970 0.040690 0.563709 0.754729 0.574634 2 16 0.500000 17 0.500000
  0 11.139627 -3.572335 112.208916 0.095577 -0.990520 0.098669 0.717479 0.581460 1 16 1.000000
  0 18.982986 -3.901199 99.395943 -0.034399 -0.977909 0.206182 0.754729 0.574634 1 17 1.000000
Soldiers_far_red.tga
  0 26.372219 -8.168609 89.541931 -0.113326 -0.780941 0.614238 0.807385 0.575285 2 18 0.500000 17 0.500000
  0 20.508698 -1.737721 100.689667 0.824970 0.040690 0.563709 0.754729 0.574634 2 16 0.500000 17 0.500000
  0 18.982986 -3.901199 99.395943 -0.034399 -0.977909 0.206182 0.754729 0.574634 1 17 1.000000
Soldiers_far_red.tga
  0 17.185463 -2.314544 97.923683 -0.808261 -0.216109 -0.547733 0.754729 0.574634 2 16 0.500000 17 0.500000
  0 26.372219 -8.168609 89.541931 -0.113326 -0.780941 0.614238 0.807385 0.575285 2 18 0.500000 17 0.500000
  0 18.982986 -3.901199 99.395943 -0.034399 -0.977909 0.206182 0.754729 0.574634 1 17 1.000000
Soldiers_far_red.tga
  0 17.185463 -2.314544 97.923683 -0.808261 -0.216109 -0.547733 0.754729 0.574634 2 16 0.500000 17 0.500000
  0 18.982986 -3.901199 99.395943 -0.034399 -0.977909 0.206182 0.754729 0.574634 1 17 1.000000
  0 11.139627 -3.572335 112.208916 0.095577 -0.990520 0.098669 0.717479 0.581460 1 16 1.000000
Soldiers_far_red.tga
  0 24.657940 -6.368629 86.953064 -0.954018 0.021118 -0.299005 0.745475 0.616416 2 18 0.500000 17 0.500000
  0 26.845570 -11.982066 86.928528 -0.300385 -0.862732 0.406770 0.745475 0.616416 1 18 1.000000
  0 26.372219 -8.168609 89.541931 -0.113326 -0.780941 0.614238 0.745475 0.616416 2 18 0.500000 17 0.500000
Soldiers_far_red.tga
  0 26.470295 -3.815253 87.456779 -0.045270 0.977845 -0.204374 0.732190 0.628581 2 18 0.500000 17 0.500000
  0 28.528221 -5.885844 89.647598 0.771569 0.169113 0.613255 0.732190 0.628581 2 18 0.500000 17 0.500000
  0 29.020569 -3.548051 82.309929 -0.102026 0.916151 -0.387631 0.717727 0.622633 1 18 1.000000
Soldiers_far_red.tga
  0 28.528221 -5.885844 89.647598 0.771569 0.169113 0.613255 0.807385 0.575285 2 18 0.500000 17 0.500000
  0 26.372219 -8.168609 89.541931 -0.113326 -0.780941 0.614238 0.807385 0.575285 2 18 0.500000 17 0.500000
  0 26.845570 -11.982066 86.928528 -0.300385 -0.862732 0.406770 0.807385 0.575285 1 18 1.000000
Soldiers_far_red.tga
  0 30.310154 -8.602977 77.669708 -0.120899 0.036136 -0.992007 0.810036 0.603335 1 18 1.000000
  0 29.608585 -12.160053 79.395844 -0.271157 -0.726872 -0.630977 0.810036 0.603335 1 18 1.000000
  0 29.020569 -3.548051 82.309929 -0.102026 0.916151 -0.387631 0.810036 0.603335 1 18 1.000000
Soldiers_far_red.tga
  0 29.020569 -3.548051 82.309929 -0.102026 0.916151 -0.387631 0.810036 0.603335 1 18 1.000000
  0 29.608585 -12.160053 79.395844 -0.271157 -0.726872 -0.630977 0.810036 0.603335 1 18 1.000000
  0 26.845570 -11.982066 86.928528 -0.300385 -0.862732 0.406770 0.810036 0.603335 1 18 1.000000
Soldiers_far_red.tga
  0 29.020569 -3.548051 82.309929 -0.102026 0.916151 -0.387631 0.717727 0.622633 1 18 1.000000
  0 33.131813 -7.296104 85.257607 0.838656 0.224654 0.496172 0.715288 0.634745 1 18 1.000000
  0 33.027157 -6.467278 80.767204 0.785132 0.463303 -0.410996 0.707367 0.626981 1 18 1.000000
Soldiers_far_red.tga
  0 33.131813 -7.296104 85.257607 0.838656 0.224654 0.496172 0.719736 0.600835 1 18 1.000000
  0 33.559479 -11.030139 83.039795 0.815530 -0.571672 0.090014 0.719736 0.600835 1 18 1.000000
  0 33.027157 -6.467278 80.767204 0.785132 0.463303 -0.410996 0.719736 0.600835 1 18 1.000000
Soldiers_far_red.tga
  0 29.020569 -3.548051 82.309929 -0.102026 0.916151 -0.387631 0.717727 0.622633 1 18 1.000000
  0 25.918087 -10.552748 79.890175 -0.165033 -0.480734 -0.861197 0.719736 0.600835 1 18 1.000000
  0 24.657940 -6.368629 86.953064 -0.954018 0.021118 -0.299005 0.732190 0.628581 2 18 0.500000 17 0.500000
Soldiers_far_red.tga
  0 33.131813 -7.296104 85.257607 0.838656 0.224654 0.496172 0.742765 0.599989 1 18 1.000000
  0 26.845570 -11.982066 86.928528 -0.300385 -0.862732 0.406770 0.742765 0.599989 1 18 1.000000
  0 33.559479 -11.030139 83.039795 0.815530 -0.571672 0.090014 0.742765 0.599989 1 18 1.000000
Soldiers_far_red.tga
  0 26.845570 -11.982066 86.928528 -0.300385 -0.862732 0.406770 0.745475 0.616416 1 18 1.000000
  0 24.657940 -6.368629 86.953064 -0.954018 0.021118 -0.299005 0.745475 0.616416 2 18 0.500000 17 0.500000
  0 25.918087 -10.552748 79.890175 -0.165033 -0.480734 -0.861197 0.745475 0.616416 1 18 1.000000
Soldiers_far_red.tga
  0 29.020569 -3.548051 82.309929 -0.102026 0.916151 -0.387631 0.781614 0.617701 1 18 1.000000
  0 26.845570 -11.982066 86.928528 -0.300385 -0.862732 0.406770 0.781614 0.617701 1 18 1.000000
  0 25.918087 -10.552748 79.890175 -0.165033 -0.480734 -0.861197 0.781614 0.617701 1 18 1.000000
Soldiers_far_red.tga
  0 29.020569 -3.548051 82.309929 -0.102026 0.916151 -0.387631 0.717727 0.622633 1 18 1.000000
  0 33.027157 -6.467278 80.767204 0.785132 0.463303 -0.410996 0.707367 0.626981 1 18 1.000000
  0 30.310154 -8.602977 77.669708 -0.120899 0.036136 -0.992007 0.705875 0.616306 1 18 1.000000
Soldiers_far_red.tga
  0 33.027157 -6.467278 80.767204 0.785132 0.463303 -0.410996 0.719736 0.600835 1 18 1.000000
  0 33.559479 -11.030139 83.039795 0.815530 -0.571672 0.090014 0.719736 0.600835 1 18 1.000000
  0 30.310154 -8.602977 77.669708 -0.120899 0.036136 -0.992007 0.719736 0.600835 1 18 1.000000
Soldiers_far_red.tga
  0 33.559479 -11.030139 83.039795 0.815530 -0.571672 0.090014 0.742765 0.599989 1 18 1.000000
  0 26.845570 -11.982066 86.928528 -0.300385 -0.862732 0.406770 0.734481 0.600928 1 18 1.000000
  0 29.608585 -12.160053 79.395844 -0.271157 -0.726872 -0.630977 0.734481 0.600928 1 18 1.000000
Soldiers_far_red.tga
  0 29.020569 -3.548051 82.309929 -0.102026 0.916151 -0.387631 0.717727 0.622633 1 18 1.000000
  0 24.657940 -6.368629 86.953064 -0.954018 0.021118 -0.299005 0.732190 0.628581 2 18 0.500000 17 0.500000
  0 26.470295 -3.815253 87.456779 -0.045270 0.977845 -0.204374 0.732190 0.628581 2 18 0.500000 17 0.500000
Soldiers_far_red.tga
  0 28.528221 -5.885844 89.647598 0.771569 0.169113 0.613255 0.807385 0.575285 2 18 0.500000 17 0.500000
  0 26.845570 -11.982066 86.928528 -0.300385 -0.862732 0.406770 0.807385 0.575285 1 18 1.000000
  0 33.131813 -7.296104 85.257607 0.838656 0.224654 0.496172 0.823085 0.582771 1 18 1.000000
Soldiers_far_red.tga
  0 29.020569 -3.548051 82.309929 -0.102026 0.916151 -0.387631 0.717727 0.622633 1 18 1.000000
  0 28.528221 -5.885844 89.647598 0.771569 0.169113 0.613255 0.732190 0.628581 2 18 0.500000 17 0.500000
  0 33.131813 -7.296104 85.257607 0.838656 0.224654 0.496172 0.715288 0.634745 1 18 1.000000
Soldiers_far_red.tga
  0 30.310154 -8.602977 77.669708 -0.120899 0.036136 -0.992007 0.719736 0.600835 1 18 1.000000
  0 33.559479 -11.030139 83.039795 0.815530 -0.571672 0.090014 0.719736 0.600835 1 18 1.000000
  0 29.608585 -12.160053 79.395844 -0.271157 -0.726872 -0.630977 0.719736 0.600835 1 18 1.000000
Soldiers_far_red.tga
  0 -10.835329 16.017565 147.589584 -0.340387 0.924547 0.171314 0.187931 0.649674 1 10 1.000000
  0 -11.228342 15.111590 137.733017 -0.410726 0.908369 0.078552 0.192244 0.596843 1 10 1.000000
  0 -22.092743 5.331450 148.861694 -0.933535 0.284261 0.218422 0.136178 0.653986 1 10 1.000000
Soldiers_far_red.tga
  0 -22.092743 5.331450 148.861694 -0.933535 0.284261 0.218422 0.136178 0.653986 1 10 1.000000
  0 -11.228342 15.111590 137.733017 -0.410726 0.908369 0.078552 0.192244 0.596843 1 10 1.000000
  0 -21.306606 4.786844 138.093567 -0.956812 0.283012 0.066449 0.131866 0.597921 1 10 1.000000
Soldiers_far_red.tga
  0 -9.908920 -22.003828 139.928055 -0.378726 -0.900362 0.214277 0.668663 0.449516 1 10 1.000000
  0 -10.217710 -19.015026 151.509735 -0.383010 -0.822118 0.421219 0.665570 0.536137 1 10 1.000000
  0 -21.868149 -9.210040 139.481293 -0.728437 -0.665405 0.163141 0.572761 0.441782 1 10 1.000000
Soldiers_far_red.tga
  0 -9.908920 -22.003828 139.928055 -0.378726 -0.900362 0.214277 0.668663 0.449516 1 10 1.000000
  0 1.853912 -19.463943 151.525406 0.329757 -0.848612 0.413664 0.758378 0.536137 1 10 1.000000
  0 -10.217710 -19.015026 151.509735 -0.383010 -0.822118 0.421219 0.665570 0.536137 1 10 1.000000
Soldiers_far_red.tga
  0 4.970005 16.129959 147.585663 0.414836 0.891303 0.183002 0.187931 0.649674 1 10 1.000000
  0 14.627271 3.844320 148.913635 0.947752 0.202495 0.246501 0.136178 0.653986 1 10 1.000000
  0 4.633136 15.223985 137.729111 0.445818 0.892322 0.070775 0.192244 0.596843 1 10 1.000000
Soldiers_far_red.tga
  0 4.633136 15.223985 137.729111 0.445818 0.892322 0.070775 0.192244 0.596843 1 10 1.000000
  0 14.627271 3.844320 148.913635 0.947752 0.202495 0.246501 0.136178 0.653986 1 10 1.000000
  0 14.290322 3.215746 138.148422 0.981633 0.171382 0.083814 0.131866 0.597921 1 10 1.000000
Soldiers_far_red.tga
  0 4.970005 16.129959 147.585663 0.414836 0.891303 0.183002 0.187931 0.649674 1 10 1.000000
  0 -10.835329 16.017565 147.589584 -0.340387 0.924547 0.171314 0.274186 0.651830 1 10 1.000000
  0 -3.483652 11.536873 157.634277 0.019230 0.660504 0.750576 0.248309 0.656143 1 10 1.000000
Soldiers_far_red.tga
  0 -16.758804 0.072424 157.135712 -0.663066 0.045788 0.747160 0.123240 0.654525 1 10 1.000000
  0 -14.176085 10.208348 154.983856 -0.499059 0.589919 0.634772 0.187931 0.649674 1 10 1.000000
  0 -22.092743 5.331450 148.861694 -0.933535 0.284261 0.218422 0.136178 0.653986 1 10 1.000000
Soldiers_far_red.tga
  0 -10.217710 -19.015026 151.509735 -0.383010 -0.822118 0.421219 0.665570 0.536137 1 10 1.000000
  0 1.853912 -19.463943 151.525406 0.329757 -0.848612 0.413664 0.758378 0.536137 1 10 1.000000
  0 -4.669645 -11.575252 160.239197 -0.036139 -0.455386 0.889560 0.702693 0.556245 1 10 1.000000
Soldiers_far_red.tga
  0 8.507085 -1.607552 157.194382 0.650221 -0.001083 0.759744 0.123240 0.654525 1 10 1.000000
  0 11.033752 -11.053545 149.433899 0.855471 -0.459586 0.238640 0.058549 0.656574 1 10 1.000000
  0 14.627271 3.844320 148.913635 0.947752 0.202495 0.246501 0.136178 0.653986 1 10 1.000000
Soldiers_far_red.tga
  0 -16.758804 0.072424 157.135712 -0.663066 0.045788 0.747160 0.123240 0.654525 1 10 1.000000
  0 -4.102315 0.723396 162.506485 -0.000071 0.134777 0.990876 0.153429 0.657221 1 10 1.000000
  0 -14.176085 10.208348 154.983856 -0.499059 0.589919 0.634772 0.187931 0.649674 1 10 1.000000
Soldiers_far_red.tga
  0 -4.669645 -11.575252 160.239197 -0.036139 -0.455386 0.889560 0.213089 0.610500 1 10 1.000000
  0 -4.102315 0.723396 162.506485 -0.000071 0.134777 0.990876 0.213089 0.610500 1 10 1.000000
  0 -12.772416 -11.020560 158.421982 -0.514870 -0.404757 0.755699 0.213089 0.610500 1 10 1.000000
Soldiers_far_red.tga
  0 8.507085 -1.607552 157.194382 0.650221 -0.001083 0.759744 0.123240 0.654525 1 10 1.000000
  0 -4.102315 0.723396 162.506485 -0.000071 0.134777 0.990876 0.123240 0.654525 1 10 1.000000
  0 4.408626 -11.974481 158.455292 0.467958 -0.434651 0.769476 0.058549 0.656574 1 10 1.000000
Soldiers_far_red.tga
  0 7.103580 9.254318 155.017197 0.543190 0.502424 0.672692 0.187931 0.649674 1 10 1.000000
  0 -4.102315 0.723396 162.506485 -0.000071 0.134777 0.990876 0.123240 0.654525 1 10 1.000000
  0 8.507085 -1.607552 157.194382 0.650221 -0.001083 0.759744 0.123240 0.654525 1 10 1.000000
Soldiers_far_red.tga
  0 -22.092743 5.331450 148.861694 -0.933535 0.284261 0.218422 0.136178 0.653986 1 10 1.000000
  0 -17.937788 -10.139229 138.614807 -0.958959 -0.280579 0.040906 0.045611 0.603312 1 10 1.000000
  0 -19.173008 -9.622719 149.383926 -0.873205 -0.419022 0.248865 0.058549 0.656574 1 10 1.000000
Soldiers_far_red.tga
  0 -19.173008 -9.622719 149.383926 -0.873205 -0.419022 0.248865 0.058549 0.656574 1 10 1.000000
  0 -16.758804 0.072424 157.135712 -0.663066 0.045788 0.747160 0.123240 0.654525 1 10 1.000000
  0 -22.092743 5.331450 148.861694 -0.933535 0.284261 0.218422 0.136178 0.653986 1 10 1.000000
Soldiers_far_red.tga
  0 -17.937788 -10.139229 138.614807 -0.958959 -0.280579 0.040906 0.045611 0.603312 1 10 1.000000
  0 -24.001854 4.267085 126.425690 -0.961097 0.253488 -0.109712 0.127553 0.534308 3 9 0.000000 11 0.000000 10 1.000000
  0 -19.173004 -10.172989 125.582642 -0.919613 -0.365956 -0.142789 0.041298 0.536464 3 9 0.000000 11 0.000000 10 1.000000
Soldiers_far_red.tga
  0 -10.751112 17.909054 127.748245 -0.345435 0.938299 0.016423 0.192244 0.538621 1 10 1.000000
  0 -17.039516 7.501853 120.920250 -0.632179 0.654287 -0.415041 0.157742 0.501962 3 9 0.000000 11 0.000000 10 1.000000
  0 -24.001854 4.267085 126.425690 -0.961097 0.253488 -0.109712 0.127553 0.534308 3 9 0.000000 11 0.000000 10 1.000000
Soldiers_far_red.tga
  0 -17.937788 -10.139229 138.614807 -0.958959 -0.280579 0.040906 0.045611 0.603312 1 10 1.000000
  0 -19.173004 -10.172989 125.582642 -0.919613 -0.365956 -0.142789 0.041298 0.536464 3 9 0.000000 11 0.000000 10 1.000000
  0 -15.074394 -17.760572 126.297073 -0.879996 -0.467383 0.084619 0.013266 0.534308 2 10 1.000000 9 0.000000
Soldiers_far_red.tga
  0 -19.173004 -10.172989 125.582642 -0.919613 -0.365956 -0.142789 0.041298 0.536464 3 9 0.000000 11 0.000000 10 1.000000
  0 -24.001854 4.267085 126.425690 -0.961097 0.253488 -0.109712 0.127553 0.534308 3 9 0.000000 11 0.000000 10 1.000000
  0 -15.018272 -3.271673 120.847000 -0.614315 -0.160324 -0.772602 0.097364 0.499806 3 11 0.000000 9 0.000000 10 1.000000
Soldiers_far_red.tga
  0 16.424034 4.017890 127.333313 0.970947 0.221481 -0.090597 0.127553 0.534308 3 9 0.000000 16 0.000000 10 1.000000
  0 11.595185 -12.373799 126.108963 0.883365 -0.468546 -0.011465 0.041298 0.536464 2 9 0.000000 10 1.000000
  0 8.507089 -1.980959 119.453545 0.758328 -0.176525 -0.627517 0.097364 0.499806 2 16 0.000000 10 1.000000
Soldiers_far_red.tga
  0 4.015507 17.909054 127.748245 0.361831 0.932101 0.016332 0.192244 0.538621 1 10 1.000000
  0 16.424034 4.017890 127.333313 0.970947 0.221481 -0.090597 0.127553 0.534308 3 9 0.000000 16 0.000000 10 1.000000
  0 10.247837 6.900353 121.390724 0.676204 0.616097 -0.403947 0.157742 0.501962 3 9 0.000000 16 0.000000 10 1.000000
Soldiers_far_red.tga
  0 -9.908920 -22.003828 139.928055 -0.378726 -0.900362 0.214277 0.668663 0.449516 1 10 1.000000
  0 1.320541 -22.115999 139.931976 0.330984 -0.923071 0.195930 0.755284 0.449516 1 10 1.000000
  0 1.853912 -19.463943 151.525406 0.329757 -0.848612 0.413664 0.758378 0.536137 1 10 1.000000
Soldiers_far_red.tga
  0 -21.306606 4.786844 138.093567 -0.956812 0.283012 0.066449 0.131866 0.597921 1 10 1.000000
  0 -17.937788 -10.139229 138.614807 -0.958959 -0.280579 0.040906 0.045611 0.603312 1 10 1.000000
  0 -22.092743 5.331450 148.861694 -0.933535 0.284261 0.218422 0.136178 0.653986 1 10 1.000000
Soldiers_far_red.tga
  0 4.633136 15.223985 137.729111 0.445818 0.892322 0.070775 0.192244 0.596843 1 10 1.000000
  0 -11.228342 15.111590 137.733017 -0.410726 0.908369 0.078552 0.278499 0.598999 1 10 1.000000
  0 4.970005 16.129959 147.585663 0.414836 0.891303 0.183002 0.187931 0.649674 1 10 1.000000
Soldiers_far_red.tga
  0 4.970005 16.129959 147.585663 0.414836 0.891303 0.183002 0.187931 0.649674 1 10 1.000000
  0 -11.228342 15.111590 137.733017 -0.410726 0.908369 0.078552 0.278499 0.598999 1 10 1.000000
  0 -10.835329 16.017565 147.589584 -0.340387 0.924547 0.171314 0.274186 0.651830 1 10 1.000000
Soldiers_far_red.tga
  0 -3.852005 14.531600 121.124229 0.000000 0.890879 -0.454241 0.235371 0.506275 2 10 1.000000 9 0.000000
  0 -10.751112 17.909054 127.748245 -0.345435 0.938299 0.016423 0.274186 0.541855 1 10 1.000000
  0 4.015507 17.909054 127.748245 0.361831 0.932101 0.016332 0.192244 0.538621 1 10 1.000000
Soldiers_far_red.tga
  0 6.710570 -17.711105 124.497490 0.713034 -0.690047 0.124168 0.013266 0.534308 2 10 1.000000 9 0.000000
  0 11.595185 -12.373799 126.108963 0.883365 -0.468546 -0.011465 0.041298 0.536464 2 9 0.000000 10 1.000000
  0 9.293223 -12.567748 138.250153 0.935208 -0.348394 0.063304 0.045611 0.603312 1 10 1.000000
Soldiers_far_red.tga
  0 9.293223 -12.567748 138.250153 0.935208 -0.348394 0.063304 0.045611 0.603312 1 10 1.000000
  0 14.627271 3.844320 148.913635 0.947752 0.202495 0.246501 0.136178 0.653986 1 10 1.000000
  0 11.033752 -11.053545 149.433899 0.855471 -0.459586 0.238640 0.058549 0.656574 1 10 1.000000
Soldiers_far_red.tga
  0 11.595185 -12.373799 126.108963 0.883365 -0.468546 -0.011465 0.041298 0.536464 2 9 0.000000 10 1.000000
  0 16.424034 4.017890 127.333313 0.970947 0.221481 -0.090597 0.127553 0.534308 3 9 0.000000 16 0.000000 10 1.000000
  0 9.293223 -12.567748 138.250153 0.935208 -0.348394 0.063304 0.045611 0.603312 1 10 1.000000
Soldiers_far_red.tga
  0 14.290322 3.215746 138.148422 0.981633 0.171382 0.083814 0.131866 0.597921 1 10 1.000000
  0 14.627271 3.844320 148.913635 0.947752 0.202495 0.246501 0.136178 0.653986 1 10 1.000000
  0 9.293223 -12.567748 138.250153 0.935208 -0.348394 0.063304 0.045611 0.603312 1 10 1.000000
Soldiers_far_red.tga
  0 16.424034 4.017890 127.333313 0.970947 0.221481 -0.090597 0.127553 0.534308 3 9 0.000000 16 0.000000 10 1.000000
  0 14.290322 3.215746 138.148422 0.981633 0.171382 0.083814 0.131866 0.597921 1 10 1.000000
  0 9.293223 -12.567748 138.250153 0.935208 -0.348394 0.063304 0.045611 0.603312 1 10 1.000000
Soldiers_far_red.tga
  0 14.290322 3.215746 138.148422 0.981633 0.171382 0.083814 0.131866 0.597921 1 10 1.000000
  0 16.424034 4.017890 127.333313 0.970947 0.221481 -0.090597 0.127553 0.534308 3 9 0.000000 16 0.000000 10 1.000000
  0 4.633136 15.223985 137.729111 0.445818 0.892322 0.070775 0.192244 0.596843 1 10 1.000000
Soldiers_far_red.tga
  0 4.633136 15.223985 137.729111 0.445818 0.892322 0.070775 0.192244 0.596843 1 10 1.000000
  0 16.424034 4.017890 127.333313 0.970947 0.221481 -0.090597 0.127553 0.534308 3 9 0.000000 16 0.000000 10 1.000000
  0 4.015507 17.909054 127.748245 0.361831 0.932101 0.016332 0.192244 0.538621 1 10 1.000000
Soldiers_far_red.tga
  0 -11.228342 15.111590 137.733017 -0.410726 0.908369 0.078552 0.278499 0.598999 1 10 1.000000
  0 4.633136 15.223985 137.729111 0.445818 0.892322 0.070775 0.192244 0.596843 1 10 1.000000
  0 -10.751112 17.909054 127.748245 -0.345435 0.938299 0.016423 0.274186 0.541855 1 10 1.000000
Soldiers_far_red.tga
  0 -10.751112 17.909054 127.748245 -0.345435 0.938299 0.016423 0.274186 0.541855 1 10 1.000000
  0 4.633136 15.223985 137.729111 0.445818 0.892322 0.070775 0.192244 0.596843 1 10 1.000000
  0 4.015507 17.909054 127.748245 0.361831 0.932101 0.016332 0.192244 0.538621 1 10 1.000000
Soldiers_far_red.tga
  0 -11.228342 15.111590 137.733017 -0.410726 0.908369 0.078552 0.192244 0.596843 1 10 1.000000
  0 -10.751112 17.909054 127.748245 -0.345435 0.938299 0.016423 0.192244 0.538621 1 10 1.000000
  0 -21.306606 4.786844 138.093567 -0.956812 0.283012 0.066449 0.131866 0.597921 1 10 1.000000
Soldiers_far_red.tga
  0 -21.306606 4.786844 138.093567 -0.956812 0.283012 0.066449 0.131866 0.597921 1 10 1.000000
  0 -10.751112 17.909054 127.748245 -0.345435 0.938299 0.016423 0.192244 0.538621 1 10 1.000000
  0 -24.001854 4.267085 126.425690 -0.961097 0.253488 -0.109712 0.127553 0.534308 3 9 0.000000 11 0.000000 10 1.000000
Soldiers_far_red.tga
  0 -24.001854 4.267085 126.425690 -0.961097 0.253488 -0.109712 0.127553 0.534308 3 9 0.000000 11 0.000000 10 1.000000
  0 -17.937788 -10.139229 138.614807 -0.958959 -0.280579 0.040906 0.045611 0.603312 1 10 1.000000
  0 -21.306606 4.786844 138.093567 -0.956812 0.283012 0.066449 0.131866 0.597921 1 10 1.000000
Soldiers_far_red.tga
  0 -12.772416 -11.020560 158.421982 -0.514870 -0.404757 0.755699 0.058549 0.656574 1 10 1.000000
  0 -16.758804 0.072424 157.135712 -0.663066 0.045788 0.747160 0.123240 0.654525 1 10 1.000000
  0 -19.173008 -9.622719 149.383926 -0.873205 -0.419022 0.248865 0.058549 0.656574 1 10 1.000000
Soldiers_far_red.tga
  0 8.507085 -1.607552 157.194382 0.650221 -0.001083 0.759744 0.123240 0.654525 1 10 1.000000
  0 4.408626 -11.974481 158.455292 0.467958 -0.434651 0.769476 0.058549 0.656574 1 10 1.000000
  0 11.033752 -11.053545 149.433899 0.855471 -0.459586 0.238640 0.058549 0.656574 1 10 1.000000
Soldiers_far_red.tga
  0 -10.217710 -19.015026 151.509735 -0.383010 -0.822118 0.421219 0.665570 0.536137 1 10 1.000000
  0 -12.772416 -11.020560 158.421982 -0.514870 -0.404757 0.755699 0.637727 0.542324 1 10 1.000000
  0 -19.173008 -9.622719 149.383926 -0.873205 -0.419022 0.248865 0.594417 0.519122 1 10 1.000000
Soldiers_far_red.tga
  0 -4.669645 -11.575252 160.239197 -0.036139 -0.455386 0.889560 0.702693 0.556245 1 10 1.000000
  0 -12.772416 -11.020560 158.421982 -0.514870 -0.404757 0.755699 0.637727 0.542324 1 10 1.000000
  0 -10.217710 -19.015026 151.509735 -0.383010 -0.822118 0.421219 0.665570 0.536137 1 10 1.000000
Soldiers_far_red.tga
  0 -4.669645 -11.575252 160.239197 -0.036139 -0.455386 0.889560 0.702693 0.556245 1 10 1.000000
  0 1.853912 -19.463943 151.525406 0.329757 -0.848612 0.413664 0.758378 0.536137 1 10 1.000000
  0 4.408626 -11.974481 158.455292 0.467958 -0.434651 0.769476 0.773846 0.542324 1 10 1.000000
Soldiers_far_red.tga
  0 11.033752 -11.053545 149.433899 0.855471 -0.459586 0.238640 0.832625 0.523762 1 10 1.000000
  0 4.408626 -11.974481 158.455292 0.467958 -0.434651 0.769476 0.773846 0.542324 1 10 1.000000
  0 1.853912 -19.463943 151.525406 0.329757 -0.848612 0.413664 0.758378 0.536137 1 10 1.000000
Soldiers_far_red.tga
  0 7.103580 9.254318 155.017197 0.543190 0.502424 0.672692 0.187931 0.649674 1 10 1.000000
  0 8.507085 -1.607552 157.194382 0.650221 -0.001083 0.759744 0.123240 0.654525 1 10 1.000000
  0 14.627271 3.844320 148.913635 0.947752 0.202495 0.246501 0.136178 0.653986 1 10 1.000000
Soldiers_far_red.tga
  0 4.970005 16.129959 147.585663 0.414836 0.891303 0.183002 0.187931 0.649674 1 10 1.000000
  0 7.103580 9.254318 155.017197 0.543190 0.502424 0.672692 0.187931 0.649674 1 10 1.000000
  0 14.627271 3.844320 148.913635 0.947752 0.202495 0.246501 0.136178 0.653986 1 10 1.000000
Soldiers_far_red.tga
  0 -3.483652 11.536873 157.634277 0.019230 0.660504 0.750576 0.248309 0.656143 1 10 1.000000
  0 7.103580 9.254318 155.017197 0.543190 0.502424 0.672692 0.187931 0.649674 1 10 1.000000
  0 4.970005 16.129959 147.585663 0.414836 0.891303 0.183002 0.187931 0.649674 1 10 1.000000
Soldiers_far_red.tga
  0 -3.483652 11.536873 157.634277 0.019230 0.660504 0.750576 0.248309 0.656143 1 10 1.000000
  0 -10.835329 16.017565 147.589584 -0.340387 0.924547 0.171314 0.187931 0.649674 1 10 1.000000
  0 -14.176085 10.208348 154.983856 -0.499059 0.589919 0.634772 0.187931 0.649674 1 10 1.000000
Soldiers_far_red.tga
  0 -22.092743 5.331450 148.861694 -0.933535 0.284261 0.218422 0.136178 0.653986 1 10 1.000000
  0 -14.176085 10.208348 154.983856 -0.499059 0.589919 0.634772 0.187931 0.649674 1 10 1.000000
  0 -10.835329 16.017565 147.589584 -0.340387 0.924547 0.171314 0.187931 0.649674 1 10 1.000000
Soldiers_far_red.tga
  0 -3.483652 11.536873 157.634277 0.019230 0.660504 0.750576 0.248309 0.656143 1 10 1.000000
  0 -4.102315 0.723396 162.506485 -0.000071 0.134777 0.990876 0.213808 0.653986 1 10 1.000000
  0 7.103580 9.254318 155.017197 0.543190 0.502424 0.672692 0.187931 0.649674 1 10 1.000000
Soldiers_far_red.tga
  0 -14.176085 10.208348 154.983856 -0.499059 0.589919 0.634772 0.187931 0.649674 1 10 1.000000
  0 -4.102315 0.723396 162.506485 -0.000071 0.134777 0.990876 0.213808 0.653986 1 10 1.000000
  0 -3.483652 11.536873 157.634277 0.019230 0.660504 0.750576 0.248309 0.656143 1 10 1.000000
Soldiers_far_red.tga
  0 -12.772416 -11.020560 158.421982 -0.514870 -0.404757 0.755699 0.058549 0.656574 1 10 1.000000
  0 -4.102315 0.723396 162.506485 -0.000071 0.134777 0.990876 0.093051 0.662612 1 10 1.000000
  0 -16.758804 0.072424 157.135712 -0.663066 0.045788 0.747160 0.123240 0.654525 1 10 1.000000
Soldiers_far_red.tga
  0 4.408626 -11.974481 158.455292 0.467958 -0.434651 0.769476 0.213089 0.610500 1 10 1.000000
  0 -4.102315 0.723396 162.506485 -0.000071 0.134777 0.990876 0.213089 0.610500 1 10 1.000000
  0 -4.669645 -11.575252 160.239197 -0.036139 -0.455386 0.889560 0.213089 0.610500 1 10 1.000000
Soldiers_far_red.tga
  0 1.853912 -19.463943 151.525406 0.329757 -0.848612 0.413664 0.758378 0.536137 1 10 1.000000
  0 12.606027 -11.198701 140.449646 0.685918 -0.715637 0.131834 0.838812 0.451063 1 10 1.000000
  0 11.033752 -11.053545 149.433899 0.855471 -0.459586 0.238640 0.832625 0.523762 1 10 1.000000
Soldiers_far_red.tga
  0 1.320541 -22.115999 139.931976 0.330984 -0.923071 0.195930 0.755284 0.449516 1 10 1.000000
  0 12.606027 -11.198701 140.449646 0.685918 -0.715637 0.131834 0.838812 0.451063 1 10 1.000000
  0 1.853912 -19.463943 151.525406 0.329757 -0.848612 0.413664 0.758378 0.536137 1 10 1.000000
Soldiers_far_red.tga
  0 -21.868149 -9.210040 139.481293 -0.728437 -0.665405 0.163141 0.572761 0.441782 1 10 1.000000
  0 -10.217710 -19.015026 151.509735 -0.383010 -0.822118 0.421219 0.665570 0.536137 1 10 1.000000
  0 -19.173008 -9.622719 149.383926 -0.873205 -0.419022 0.248865 0.594417 0.519122 1 10 1.000000
Soldiers_far_red.tga
 15 -36.241234 -1.222404 83.184006 -0.970847 0.228441 -0.072608 0.016102 0.434940 1 15 1.000000
 15 -35.984901 -0.985387 80.502251 -0.970847 0.228441 -0.072608 0.016102 0.490402 1 15 1.000000
 15 -44.841698 -39.888916 76.528885 -0.970847 0.228441 -0.072608 0.348876 0.490402 1 15 1.000000
Soldiers_far_red.tga
 15 -36.241234 -1.222404 83.184006 -0.967224 0.232651 -0.101746 0.016102 0.434940 1 15 1.000000
 15 -44.841698 -39.888916 76.528885 -0.967224 0.232651 -0.101746 0.348876 0.490402 1 15 1.000000
 15 -45.151417 -40.004215 79.209480 -0.967224 0.232651 -0.101746 0.348876 0.434940 1 15 1.000000
end
