version 1
nodes
  0 "bone24"  -1
  1 "bone35"  -1
  2 "bone21"   1
  3 "bone20"   2
  4 "bone16"   3
  5 "bone17"   4
  6 "bone19"   5
  7 "bone26"   6
  8 "bone05"   3
  9 "bone22"   8
 10 "bone18"   9
 11 "bone27"  10
 12 "bone14"   3
 13 "bone12"  12
 14 "bone15"  13
 15 "bone02"   2
 16 "bone03"  15
 17 "bone09"  16
 18 "bone28"  16
 19 "bone01"  15
 20 "bone08"  19
 21 "bone11"  20
 22 "bone10"  21
 23 "bone29"  21
 24 "bone07"  15
 25 "bone04"  24
 26 "bone06"  25
 27 "bone13"  26
 28 "bone30"  27
 29 "bone31"  26
 30 "bone32"  15
 31 "bone33"   1
 32 "bone34"   1
end
skeleton
time 0
  0 -1.005915 2.634505 0.937462 0.000000 -0.000000 0.000000
  1 -1.005915 2.634505 0.937462 0.000000 -0.000000 0.000000
  2 0.000000 0.798765 78.432861 0.000000 -0.000000 0.000000
  3 0.325039 0.314665 -2.968964 0.000000 -0.000000 0.000000
  4 6.206746 -0.124160 -11.733650 0.000000 -0.000000 0.000000
  5 2.955698 1.729821 -23.848038 0.000000 -0.000000 0.000000
  6 0.292416 0.418322 -30.938549 0.000000 -0.000000 0.000000
  7 0.025497 -3.137413 -3.970851 0.000000 -0.000000 0.000000
  8 -6.833119 -0.124160 -11.733650 0.000000 -0.000000 0.000000
  9 -3.240683 1.520660 -23.848038 0.000000 -0.000000 0.000000
 10 -0.355307 0.627482 -30.760899 0.000000 -0.000000 0.000000
 11 0.209673 -3.137413 -4.537350 0.000000 -0.000000 0.000000
 12 -0.336471 18.320858 -10.789917 0.000000 -0.000000 0.000000
 13 0.011432 14.669046 -0.377853 0.000000 -0.000000 0.000000
 14 0.210528 25.621651 6.087189 0.000000 -0.000000 0.000000
 15 0.325039 0.314665 4.583084 0.000000 -0.000000 0.000000
 16 -0.409780 2.182660 26.434906 0.000000 -0.000000 0.000000
 17 0.048511 36.047955 32.161461 0.000000 -0.000000 0.000000
 18 -0.380095 -2.640920 16.751846 0.000000 -0.000000 0.000000
 19 7.187247 -0.460705 16.472290 0.000000 -0.000000 0.000000
 20 12.896098 3.303357 -12.884903 0.000000 -0.000000 0.000000
 21 9.818134 -2.393090 -11.768448 0.000000 -0.000000 0.000000
 22 11.684982 2.042048 -4.974075 0.000000 -0.000000 0.000000
 23 3.667336 0.402563 -5.537415 0.000000 -0.000000 0.000000
 24 -8.155170 -0.644957 16.761322 0.000000 -0.000000 0.000000
 25 -12.364452 3.544242 -13.402786 0.000000 -0.000000 0.000000
 26 -10.403896 -2.206009 -11.274460 0.000000 -0.000000 0.000000
 27 -3.817839 -0.721957 -8.555206 0.000000 -0.000000 0.000000
 28 -16.089012 -105.559097 -25.635822 0.000000 -0.000000 0.000000
 29 -3.127523 0.571330 -6.062378 0.000000 -0.000000 0.000000
 30 -0.040495 -0.674471 8.862854 0.000000 -0.000000 0.000000
 31 0.289211 3.291785 167.749756 0.000000 -0.000000 0.000000
 32 0.000000 0.000000 0.000000 0.000000 -0.000000 0.000000
end
triangles
01_-_Default
  0 -15.345590 24.604284 111.515015 -0.725162 0.650691 0.225258 0.714844 0.753906 1 16 1.000000
  0 -14.771145 25.580225 125.583809 -0.680045 0.732923 -0.019031 0.718750 0.819336 1 16 1.000000
  0 -1.771858 32.893890 112.101212 -0.001897 0.966948 0.254967 0.648438 0.754883 1 16 1.000000
01_-_Default
  0 -1.771858 32.893890 112.101212 -0.001897 0.966948 0.254967 0.648438 0.754883 1 16 1.000000
  0 -14.771145 25.580225 125.583809 -0.680045 0.732923 -0.019031 0.718750 0.819336 1 16 1.000000
  0 -1.371840 32.127560 125.583809 0.022647 0.998170 0.056062 0.648438 0.820312 1 16 1.000000
01_-_Default
  0 -14.771145 25.580225 125.583809 -0.680045 0.732923 -0.019031 0.718750 0.819336 1 16 1.000000
  0 -15.345590 24.604284 111.515015 -0.725162 0.650691 0.225258 0.714844 0.753906 1 16 1.000000
  0 -23.788546 10.737225 124.997559 -0.999613 0.025309 -0.011557 0.652344 0.819336 1 16 1.000000
01_-_Default
  0 -23.788546 10.737225 124.997559 -0.999613 0.025309 -0.011557 0.652344 0.819336 1 16 1.000000
  0 -15.345590 24.604284 111.515015 -0.725162 0.650691 0.225258 0.714844 0.753906 1 16 1.000000
  0 -22.634325 7.634535 111.515015 -0.952747 -0.173716 0.249191 0.640625 0.756836 1 16 1.000000
01_-_Default
  0 -12.366509 -17.423580 129.101105 -0.463048 -0.882222 0.085268 0.431641 0.809570 1 16 1.000000
  0 5.405330 -13.852310 140.238617 0.285137 -0.776455 0.561973 0.478516 0.862305 1 16 1.000000
  0 -9.060120 -13.554726 140.824860 -0.328042 -0.753191 0.570169 0.435547 0.861328 1 16 1.000000
01_-_Default
  0 21.298475 10.179235 124.997559 0.998570 0.046694 -0.026023 0.652344 0.819336 1 16 1.000000
  0 11.604745 -7.900201 126.169960 0.867283 -0.488797 -0.094327 0.585938 0.820312 1 16 1.000000
  0 19.615690 5.850912 112.101212 0.955279 -0.204382 0.213706 0.640625 0.756836 1 16 1.000000
01_-_Default
  0 -0.554638 32.722775 137.894012 0.031865 0.957580 0.286400 0.648438 0.878418 1 16 1.000000
  0 -17.100655 24.910645 137.894012 -0.702849 0.658872 0.268123 0.714844 0.880859 1 16 1.000000
  0 -1.097088 24.017834 148.445251 0.003787 0.588054 0.808813 0.648438 0.926270 1 16 1.000000
01_-_Default
  0 -1.097088 24.017834 148.445251 0.003787 0.588054 0.808813 0.648438 0.926270 1 16 1.000000
  0 -17.100655 24.910645 137.894012 -0.702849 0.658872 0.268123 0.714844 0.880859 1 16 1.000000
  0 -14.169960 10.699994 149.617798 -0.498810 0.086081 0.862426 0.656250 0.935547 1 16 1.000000
01_-_Default
  0 -19.580441 -1.910944 140.824860 -0.815073 -0.446280 0.369446 0.609375 0.891602 1 16 1.000000
  0 -1.837942 -5.072975 149.617798 -0.016779 -0.459881 0.887822 0.531250 0.935547 1 16 1.000000
  0 -14.169960 10.699994 149.617798 -0.498810 0.086081 0.862426 0.656250 0.935547 1 16 1.000000
01_-_Default
  0 -9.060120 -13.554726 140.824860 -0.328042 -0.753191 0.570169 0.507813 0.891602 1 16 1.000000
  0 5.405330 -13.852310 140.238617 0.285137 -0.776455 0.561973 0.546875 0.890625 1 16 1.000000
  0 -1.837942 -5.072975 149.617798 -0.016779 -0.459881 0.887822 0.531250 0.935547 1 16 1.000000
01_-_Default
  0 11.830200 10.607024 149.617798 0.502631 0.084078 0.860403 0.656250 0.935547 1 16 1.000000
  0 17.240660 -2.952545 140.824860 0.804506 -0.462581 0.372543 0.609375 0.891602 1 16 1.000000
  0 20.697296 10.197800 140.824860 0.936622 0.070796 0.343113 0.656250 0.882812 1 16 1.000000
01_-_Default
  0 -1.097088 24.017834 148.445251 0.003787 0.588054 0.808813 0.648438 0.926270 1 16 1.000000
  0 11.830200 10.607024 149.617798 0.502631 0.084078 0.860403 0.656250 0.935547 1 16 1.000000
  0 14.460260 24.761824 137.894012 0.713068 0.651576 0.258811 0.714844 0.880859 1 16 1.000000
01_-_Default
  0 -1.097088 24.017834 148.445251 0.003787 0.588054 0.808813 0.648438 0.926270 1 16 1.000000
  0 -14.169960 10.699994 149.617798 -0.498810 0.086081 0.862426 0.656250 0.935547 1 16 1.000000
  0 -1.097088 9.509604 153.134857 -0.066388 -0.069143 0.995395 0.718750 0.982178 1 16 1.000000
01_-_Default
  0 -14.169960 10.699994 149.617798 -0.498810 0.086081 0.862426 0.656250 0.935547 1 16 1.000000
  0 -1.837942 -5.072975 149.617798 -0.016779 -0.459881 0.887822 0.531250 0.935547 1 16 1.000000
  0 -1.097088 9.509604 153.134857 -0.066388 -0.069143 0.995395 0.593750 0.983521 1 16 1.000000
01_-_Default
  0 -1.837942 -5.072975 149.617798 -0.016779 -0.459881 0.887822 0.531250 0.935547 1 16 1.000000
  0 11.830200 10.607024 149.617798 0.502631 0.084078 0.860403 0.656250 0.935547 1 16 1.000000
  0 -1.097088 9.509604 153.134857 -0.066388 -0.069143 0.995395 0.593750 0.983521 1 16 1.000000
01_-_Default
  0 11.830200 10.607024 149.617798 0.502631 0.084078 0.860403 0.656250 0.935547 1 16 1.000000
  0 -1.097088 24.017834 148.445251 0.003787 0.588054 0.808813 0.648438 0.926270 1 16 1.000000
  0 -1.097088 9.509604 153.134857 0.226706 0.299561 0.926751 0.718750 0.982178 1 16 1.000000
01_-_Default
  0 8.448680 -17.869986 129.101105 0.386849 -0.916952 0.097705 0.488281 0.809570 1 16 1.000000
  0 -12.366509 -17.423580 129.101105 -0.463048 -0.882222 0.085268 0.431641 0.809570 1 16 1.000000
  0 -10.563025 -16.233135 120.307961 -0.021235 -0.990148 -0.138405 0.437500 0.767578 1 16 1.000000
01_-_Default
  0 -10.033455 -7.670546 112.101212 -0.763102 -0.634528 0.122678 0.574219 0.756836 1 16 1.000000
  0 -12.742205 -7.751435 125.583809 -0.842274 -0.529759 -0.099646 0.585938 0.820312 1 16 1.000000
  0 -22.634325 7.634535 111.515015 -0.952747 -0.173716 0.249191 0.640625 0.756836 1 16 1.000000
01_-_Default
  0 -19.580441 -1.910944 140.824860 -0.815073 -0.446280 0.369446 0.609375 0.891602 1 16 1.000000
  0 -14.169960 10.699994 149.617798 -0.498810 0.086081 0.862426 0.656250 0.935547 1 16 1.000000
  0 -23.487974 9.900214 140.824860 -0.938539 0.031917 0.343694 0.656250 0.882812 1 16 1.000000
01_-_Default
  0 -19.580441 -1.910944 140.824860 -0.815073 -0.446280 0.369446 0.453125 0.891602 1 16 1.000000
  0 -9.060120 -13.554726 140.824860 -0.328042 -0.753191 0.570169 0.507813 0.891602 1 16 1.000000
  0 -1.837942 -5.072975 149.617798 -0.016779 -0.459881 0.887822 0.531250 0.935547 1 16 1.000000
01_-_Default
  0 17.240660 -2.952545 140.824860 0.804506 -0.462581 0.372543 0.609375 0.891602 1 16 1.000000
  0 -1.837942 -5.072975 149.617798 -0.016779 -0.459881 0.887822 0.531250 0.935547 1 16 1.000000
  0 5.405330 -13.852310 140.238617 0.285137 -0.776455 0.561973 0.546875 0.890625 1 16 1.000000
01_-_Default
  0 17.240660 -2.952545 140.824860 0.804506 -0.462581 0.372543 0.609375 0.891602 1 16 1.000000
  0 11.830200 10.607024 149.617798 0.502631 0.084078 0.860403 0.656250 0.935547 1 16 1.000000
  0 -1.837942 -5.072975 149.617798 -0.016779 -0.459881 0.887822 0.531250 0.935547 1 16 1.000000
01_-_Default
  0 12.281075 24.985054 125.583809 0.720112 0.692566 -0.042311 0.718750 0.819336 1 16 1.000000
  0 21.298475 10.179235 124.997559 0.998570 0.046694 -0.026023 0.652344 0.819336 1 16 1.000000
  0 12.265156 24.196644 112.101212 0.728541 0.651611 0.211264 0.714844 0.753906 1 16 1.000000
01_-_Default
  0 12.265156 24.196644 112.101212 0.728541 0.651611 0.211264 0.714844 0.753906 1 16 1.000000
  0 21.298475 10.179235 124.997559 0.998570 0.046694 -0.026023 0.652344 0.819336 1 16 1.000000
  0 19.615690 5.850912 112.101212 0.955279 -0.204382 0.213706 0.640625 0.756836 1 16 1.000000
01_-_Default
  0 -12.366509 -17.423580 129.101105 -0.463048 -0.882222 0.085268 0.431641 0.809570 1 16 1.000000
  0 8.448680 -17.869986 129.101105 0.386849 -0.916952 0.097705 0.488281 0.809570 1 16 1.000000
  0 5.405330 -13.852310 140.238617 0.285137 -0.776455 0.561973 0.478516 0.862305 1 16 1.000000
01_-_Default
  0 -1.371840 32.127560 125.583809 0.022647 0.998170 0.056062 0.648438 0.820312 1 16 1.000000
  0 12.281075 24.985054 125.583809 0.720112 0.692566 -0.042311 0.718750 0.819336 1 16 1.000000
  0 -1.771858 32.893890 112.101212 -0.001897 0.966948 0.254967 0.648438 0.754883 1 16 1.000000
01_-_Default
  0 -1.771858 32.893890 112.101212 -0.001897 0.966948 0.254967 0.648438 0.754883 1 16 1.000000
  0 12.281075 24.985054 125.583809 0.720112 0.692566 -0.042311 0.718750 0.819336 1 16 1.000000
  0 12.265156 24.196644 112.101212 0.728541 0.651611 0.211264 0.714844 0.753906 1 16 1.000000
01_-_Default
  0 -12.366509 -17.423580 129.101105 -0.463048 -0.882222 0.085268 0.431641 0.809570 1 16 1.000000
  0 -19.580441 -1.910944 140.824860 -0.815073 -0.446280 0.369446 0.382813 0.861328 1 16 1.000000
  0 -22.586245 -2.617745 128.514862 -0.822733 -0.565682 0.055803 0.378906 0.804687 1 16 1.000000
01_-_Default
  0 -11.164205 -15.340330 120.307961 -0.758935 -0.602684 -0.246557 0.433594 0.767578 1 16 1.000000
  0 -12.366509 -17.423580 129.101105 -0.463048 -0.882222 0.085268 0.431641 0.809570 1 16 1.000000
  0 -18.227844 -5.965780 119.135612 -0.793839 -0.575927 -0.195263 0.398438 0.761719 1 16 1.000000
01_-_Default
  0 -9.060120 -13.554726 140.824860 -0.328042 -0.753191 0.570169 0.435547 0.861328 1 16 1.000000
  0 -19.580441 -1.910944 140.824860 -0.815073 -0.446280 0.369446 0.382813 0.861328 1 16 1.000000
  0 -12.366509 -17.423580 129.101105 -0.463048 -0.882222 0.085268 0.431641 0.809570 1 16 1.000000
01_-_Default
  0 17.240660 -2.952545 140.824860 0.804506 -0.462581 0.372543 0.382813 0.861328 1 16 1.000000
  0 8.448680 -17.869986 129.101105 0.386849 -0.916952 0.097705 0.431641 0.809570 1 16 1.000000
  0 21.448786 -2.357347 126.756165 0.765370 -0.610705 0.203095 0.378906 0.803711 1 16 1.000000
01_-_Default
  0 8.448680 -17.869986 129.101105 0.386849 -0.916952 0.097705 0.431641 0.809570 1 16 1.000000
  0 16.789736 -7.230620 119.721764 0.734089 -0.670458 -0.107702 0.400391 0.763672 1 16 1.000000
  0 21.448786 -2.357347 126.756165 0.761023 -0.646276 -0.056318 0.378906 0.803711 1 16 1.000000
01_-_Default
  0 17.240660 -2.952545 140.824860 0.804506 -0.462581 0.372543 0.382813 0.861328 1 16 1.000000
  0 5.405330 -13.852310 140.238617 0.285137 -0.776455 0.561973 0.435547 0.861328 1 16 1.000000
  0 8.448680 -17.869986 129.101105 0.386849 -0.916952 0.097705 0.431641 0.809570 1 16 1.000000
01_-_Default
  0 14.460260 24.761824 137.894012 0.713068 0.651576 0.258811 0.714844 0.880859 1 16 1.000000
  0 11.830200 10.607024 149.617798 0.502631 0.084078 0.860403 0.656250 0.935547 1 16 1.000000
  0 20.697296 10.197800 140.824860 0.936622 0.070796 0.343113 0.656250 0.882812 1 16 1.000000
01_-_Default
  0 -14.169960 10.699994 149.617798 -0.498810 0.086081 0.862426 0.656250 0.935547 1 16 1.000000
  0 -17.100655 24.910645 137.894012 -0.702849 0.658872 0.268123 0.714844 0.880859 1 16 1.000000
  0 -23.487974 9.900214 140.824860 -0.938539 0.031917 0.343694 0.656250 0.882812 1 16 1.000000
01_-_Default
  0 8.448680 -17.869986 129.101105 0.386849 -0.916952 0.097705 0.488281 0.809570 1 16 1.000000
  0 -10.563025 -16.233135 120.307961 -0.008437 -0.986201 -0.165339 0.437500 0.767578 1 16 1.000000
  0 6.833060 -16.381966 120.307961 -0.008437 -0.986201 -0.165339 0.484375 0.767578 1 16 1.000000
01_-_Default
  0 14.460260 24.761824 137.894012 0.713068 0.651576 0.258811 0.714844 0.880859 1 16 1.000000
  0 20.697296 10.197800 140.824860 0.936622 0.070796 0.343113 0.656250 0.882812 1 16 1.000000
  0 12.281075 24.985054 125.583809 0.720112 0.692566 -0.042311 0.718750 0.819336 1 16 1.000000
01_-_Default
  0 12.281075 24.985054 125.583809 0.720112 0.692566 -0.042311 0.718750 0.819336 1 16 1.000000
  0 20.697296 10.197800 140.824860 0.936622 0.070796 0.343113 0.656250 0.882812 1 16 1.000000
  0 21.298475 10.179235 124.997559 0.998570 0.046694 -0.026023 0.652344 0.819336 1 16 1.000000
01_-_Default
  0 17.240660 -2.952545 140.824860 0.804506 -0.462581 0.372543 0.609375 0.891602 1 16 1.000000
  0 11.604745 -7.900201 126.169960 0.867283 -0.488797 -0.094327 0.585938 0.820312 1 16 1.000000
  0 20.697296 10.197800 140.824860 0.936622 0.070796 0.343113 0.656250 0.882812 1 16 1.000000
01_-_Default
  0 20.697296 10.197800 140.824860 0.936622 0.070796 0.343113 0.656250 0.882812 1 16 1.000000
  0 11.604745 -7.900201 126.169960 0.867283 -0.488797 -0.094327 0.585938 0.820312 1 16 1.000000
  0 21.298475 10.179235 124.997559 0.998570 0.046694 -0.026023 0.652344 0.819336 1 16 1.000000
01_-_Default
  0 -19.580441 -1.910944 140.824860 -0.815073 -0.446280 0.369446 0.609375 0.891602 1 16 1.000000
  0 -23.487974 9.900214 140.824860 -0.938539 0.031917 0.343694 0.656250 0.882812 1 16 1.000000
  0 -12.742205 -7.751435 125.583809 -0.842274 -0.529759 -0.099646 0.585938 0.820312 1 16 1.000000
01_-_Default
  0 -12.742205 -7.751435 125.583809 -0.842274 -0.529759 -0.099646 0.585938 0.820312 1 16 1.000000
  0 -23.487974 9.900214 140.824860 -0.938539 0.031917 0.343694 0.656250 0.882812 1 16 1.000000
  0 -23.788546 10.737225 124.997559 -0.999613 0.025309 -0.011557 0.652344 0.819336 1 16 1.000000
01_-_Default
  0 -17.100655 24.910645 137.894012 -0.702849 0.658872 0.268123 0.714844 0.880859 1 16 1.000000
  0 -14.771145 25.580225 125.583809 -0.680045 0.732923 -0.019031 0.718750 0.819336 1 16 1.000000
  0 -23.487974 9.900214 140.824860 -0.938539 0.031917 0.343694 0.656250 0.882812 1 16 1.000000
01_-_Default
  0 -23.487974 9.900214 140.824860 -0.938539 0.031917 0.343694 0.656250 0.882812 1 16 1.000000
  0 -14.771145 25.580225 125.583809 -0.680045 0.732923 -0.019031 0.718750 0.819336 1 16 1.000000
  0 -23.788546 10.737225 124.997559 -0.999613 0.025309 -0.011557 0.652344 0.819336 1 16 1.000000
01_-_Default
  0 -0.554638 32.722775 137.894012 0.031865 0.957580 0.286400 0.648438 0.878418 1 16 1.000000
  0 -14.771145 25.580225 125.583809 -0.680045 0.732923 -0.019031 0.718750 0.819336 1 16 1.000000
  0 -17.100655 24.910645 137.894012 -0.702849 0.658872 0.268123 0.714844 0.880859 1 16 1.000000
01_-_Default
  0 14.460260 24.761824 137.894012 0.713068 0.651576 0.258811 0.714844 0.880859 1 16 1.000000
  0 12.281075 24.985054 125.583809 0.720112 0.692566 -0.042311 0.718750 0.819336 1 16 1.000000
  0 -0.554638 32.722775 137.894012 0.031865 0.957580 0.286400 0.648438 0.878418 1 16 1.000000
01_-_Default
  0 7.847499 -15.340330 120.894211 0.626889 -0.730433 -0.271067 0.431641 0.767578 1 16 1.000000
  0 16.789736 -7.230620 119.721764 0.734089 -0.670458 -0.107702 0.400391 0.763672 1 16 1.000000
  0 8.448680 -17.869986 129.101105 0.386849 -0.916952 0.097705 0.431641 0.809570 1 16 1.000000
01_-_Default
  0 -18.227844 -5.965780 119.135612 -0.793839 -0.575927 -0.195263 0.398438 0.761719 1 16 1.000000
  0 -12.366509 -17.423580 129.101105 -0.463048 -0.882222 0.085268 0.431641 0.809570 1 16 1.000000
  0 -22.586245 -2.617745 128.514862 -0.822733 -0.565682 0.055803 0.378906 0.804687 1 16 1.000000
01_-_Default
  0 19.615690 5.850912 112.101212 0.955279 -0.204382 0.213706 0.640625 0.756836 1 16 1.000000
  0 11.604745 -7.900201 126.169960 0.867283 -0.488797 -0.094327 0.585938 0.820312 1 16 1.000000
  0 8.620766 -7.330835 111.515015 0.753558 -0.647706 0.112368 0.574219 0.756836 1 16 1.000000
01_-_Default
  0 -22.634325 7.634535 111.515015 -0.952747 -0.173716 0.249191 0.640625 0.756836 1 16 1.000000
  0 -12.742205 -7.751435 125.583809 -0.842274 -0.529759 -0.099646 0.585938 0.820312 1 16 1.000000
  0 -23.788546 10.737225 124.997559 -0.999613 0.025309 -0.011557 0.652344 0.819336 1 16 1.000000
01_-_Default
  0 -1.771858 32.893890 112.101212 -0.001897 0.966948 0.254967 0.648438 0.754883 1 16 1.000000
  0 12.265156 24.196644 112.101212 0.728541 0.651611 0.211264 0.714844 0.753906 1 16 1.000000
  0 -1.826722 37.992058 102.194862 -0.014472 0.878409 0.477690 0.640625 0.716797 1 16 1.000000
01_-_Default
  0 -1.826722 37.992058 102.194862 -0.014472 0.878409 0.477690 0.640625 0.716797 1 16 1.000000
  0 12.265156 24.196644 112.101212 0.728541 0.651611 0.211264 0.714844 0.753906 1 16 1.000000
  0 16.535650 27.574635 102.194862 0.650822 0.575147 0.495618 0.710938 0.710937 1 16 1.000000
01_-_Default
  0 -15.345590 24.604284 111.515015 -0.725162 0.650691 0.225258 0.714844 0.753906 1 16 1.000000
  0 -19.513865 28.187449 101.313713 -0.644325 0.584695 0.492928 0.710938 0.710937 1 16 1.000000
  0 -22.634325 7.634535 111.515015 -0.952747 -0.173716 0.249191 0.640625 0.756836 1 16 1.000000
01_-_Default
  0 -22.634325 7.634535 111.515015 -0.952747 -0.173716 0.249191 0.640625 0.756836 1 16 1.000000
  0 -19.513865 28.187449 101.313713 -0.644325 0.584695 0.492928 0.710938 0.710937 1 16 1.000000
  0 -29.030025 9.114400 102.194862 -0.828849 -0.017070 0.559212 0.636719 0.710937 1 16 1.000000
01_-_Default
  0 -22.634325 7.634535 111.515015 -0.952747 -0.173716 0.249191 0.640625 0.756836 1 16 1.000000
  0 -29.030025 9.114400 102.194862 -0.828849 -0.017070 0.559212 0.636719 0.710937 1 16 1.000000
  0 -10.033455 -7.670546 112.101212 -0.763102 -0.634528 0.122678 0.574219 0.756836 1 16 1.000000
01_-_Default
  0 -10.033455 -7.670546 112.101212 -0.763102 -0.634528 0.122678 0.574219 0.756836 1 16 1.000000
  0 -29.030025 9.114400 102.194862 -0.828849 -0.017070 0.559212 0.636719 0.710937 1 16 1.000000
  0 -11.915680 -10.592286 103.308212 -0.716117 -0.601954 0.353309 0.546875 0.710937 1 16 1.000000
01_-_Default
  0 12.265156 24.196644 112.101212 0.728541 0.651611 0.211264 0.714844 0.753906 1 16 1.000000
  0 19.615690 5.850912 112.101212 0.955279 -0.204382 0.213706 0.640625 0.756836 1 16 1.000000
  0 16.535650 27.574635 102.194862 0.650822 0.575147 0.495618 0.710938 0.710937 1 16 1.000000
01_-_Default
  0 16.535650 27.574635 102.194862 0.650822 0.575147 0.495618 0.710938 0.710937 1 16 1.000000
  0 19.615690 5.850912 112.101212 0.955279 -0.204382 0.213706 0.640625 0.756836 1 16 1.000000
  0 26.163786 7.199453 102.194862 0.840133 -0.067442 0.538172 0.636719 0.710937 1 16 1.000000
01_-_Default
  0 -1.771858 32.893890 112.101212 -0.001897 0.966948 0.254967 0.648438 0.754883 1 16 1.000000
  0 -1.826722 37.992058 102.194862 -0.014472 0.878409 0.477690 0.640625 0.716797 1 16 1.000000
  0 -15.345590 24.604284 111.515015 -0.725162 0.650691 0.225258 0.714844 0.753906 1 16 1.000000
01_-_Default
  0 -15.345590 24.604284 111.515015 -0.725162 0.650691 0.225258 0.714844 0.753906 1 16 1.000000
  0 -1.826722 37.992058 102.194862 -0.014472 0.878409 0.477690 0.640625 0.716797 1 16 1.000000
  0 -19.513865 28.187449 101.313713 -0.644325 0.584695 0.492928 0.710938 0.710937 1 16 1.000000
01_-_Default
  0 19.615690 5.850912 112.101212 0.955279 -0.204382 0.213706 0.640625 0.756836 1 16 1.000000
  0 8.620766 -7.330835 111.515015 0.753558 -0.647706 0.112368 0.574219 0.756836 1 16 1.000000
  0 26.163786 7.199453 102.194862 0.840133 -0.067442 0.538172 0.636719 0.710937 1 16 1.000000
01_-_Default
  0 26.163786 7.199453 102.194862 0.840133 -0.067442 0.538172 0.636719 0.710937 1 16 1.000000
  0 8.620766 -7.330835 111.515015 0.753558 -0.647706 0.112368 0.574219 0.756836 1 16 1.000000
  0 10.086081 -10.320500 102.722061 0.700025 -0.632418 0.331683 0.546875 0.710937 1 16 1.000000
01_-_Default
  0 14.460260 24.761824 137.894012 0.713068 0.651576 0.258811 0.714844 0.880859 1 16 1.000000
  0 -0.554638 32.722775 137.894012 0.031865 0.957580 0.286400 0.648438 0.878418 1 16 1.000000
  0 -1.097088 24.017834 148.445251 0.003787 0.588054 0.808813 0.648438 0.926270 1 16 1.000000
01_-_Default
  0 -0.554638 32.722775 137.894012 0.031865 0.957580 0.286400 0.648438 0.878418 1 16 1.000000
  0 12.281075 24.985054 125.583809 0.462297 0.883681 -0.073416 0.718750 0.819336 1 16 1.000000
  0 -1.371840 32.127560 125.583809 -0.005477 0.998836 -0.047931 0.648438 0.820312 1 16 1.000000
01_-_Default
  0 -1.371840 32.127560 125.583809 -0.005477 0.998836 -0.047931 0.648438 0.820312 1 16 1.000000
  0 -14.771145 25.580225 125.583809 -0.680045 0.732923 -0.019031 0.718750 0.819336 1 16 1.000000
  0 -0.554638 32.722775 137.894012 0.031865 0.957580 0.286400 0.648438 0.878418 1 16 1.000000
01_-_Default
  0 -37.164406 19.038149 155.448212 0.269545 0.394504 0.878472 0.515625 0.671875 2 16 0.500000 17 0.500000
  0 -16.048626 -1.464533 139.652313 0.046822 -0.563923 0.824499 0.375000 0.580078 1 16 1.000000
  0 -7.369350 12.969234 149.031525 0.222520 0.237313 0.945604 0.375000 0.685547 1 16 1.000000
01_-_Default
  0 -37.164406 19.038149 155.448212 0.269545 0.394504 0.878472 0.515625 0.671875 2 16 0.500000 17 0.500000
  0 -7.369350 12.969234 149.031525 0.222520 0.237313 0.945604 0.375000 0.685547 1 16 1.000000
  0 -17.326096 18.586535 133.204468 0.221646 0.954534 0.199344 0.375000 0.580078 1 16 1.000000
01_-_Default
  0 -16.048626 -1.464533 139.652313 0.046822 -0.563923 0.824499 0.488281 0.507812 1 16 1.000000
  0 -7.369350 12.969234 149.031525 0.222520 0.237313 0.945604 0.441406 0.601562 1 16 1.000000
  0 -29.349285 16.936325 152.517426 0.215321 0.417132 0.882971 0.578125 0.593750 2 16 0.500000 17 0.500000
01_-_Default
  0 -7.369350 12.969234 149.031525 0.222520 0.237313 0.945604 0.441406 0.601562 1 16 1.000000
  0 -17.326096 18.586535 133.204468 0.221646 0.954534 0.199344 0.488281 0.507812 1 16 1.000000
  0 -29.349285 16.936325 152.517426 0.215321 0.417132 0.882971 0.578125 0.593750 2 16 0.500000 17 0.500000
01_-_Default
  0 13.934240 -1.464533 139.652313 -0.257473 -0.631019 0.731794 0.375000 0.580078 1 16 1.000000
  0 34.974728 19.038149 155.448212 -0.269661 0.392467 0.879348 0.515625 0.671875 2 16 0.500000 17 0.500000
  0 5.217465 12.969234 149.031525 -0.988767 -0.007883 0.149254 0.375000 0.685547 1 16 1.000000
01_-_Default
  0 5.217465 12.969234 149.031525 -0.988767 -0.007883 0.149254 0.375000 0.685547 1 16 1.000000
  0 34.974728 19.038149 155.448212 -0.269661 0.392467 0.879348 0.515625 0.671875 2 16 0.500000 17 0.500000
  0 15.136591 18.586535 133.204468 -0.409809 0.909776 0.066060 0.375000 0.580078 1 16 1.000000
01_-_Default
  0 13.934240 -1.464533 139.652313 -0.257473 -0.631019 0.731794 0.488281 0.507812 1 16 1.000000
  0 5.217465 12.969234 149.031525 -0.988767 -0.007883 0.149254 0.441406 0.601562 1 16 1.000000
  0 27.310101 16.936325 152.517426 0.213985 -0.414385 -0.884588 0.578125 0.593750 2 16 0.500000 17 0.500000
01_-_Default
  0 5.217465 12.969234 149.031525 -0.988767 -0.007883 0.149254 0.441406 0.601562 1 16 1.000000
  0 15.136591 18.586535 133.204468 -0.409809 0.909776 0.066060 0.488281 0.507812 1 16 1.000000
  0 27.310101 16.936325 152.517426 0.213985 -0.414385 -0.884588 0.578125 0.593750 2 16 0.500000 17 0.500000
01_-_Default
  0 17.015205 6.579192 138.480316 -0.007956 -0.814041 0.580753 0.390625 0.507812 1 16 1.000000
  0 31.067324 15.580339 151.289703 -0.451157 0.247618 0.857405 0.468750 0.523437 2 16 0.500000 17 0.500000
  0 16.564331 11.183629 144.928162 -0.356925 -0.155398 0.921117 0.390625 0.570312 1 16 1.000000
01_-_Default
  0 16.564331 11.183629 144.928162 -0.356925 -0.155398 0.921117 0.390625 0.570312 1 16 1.000000
  0 31.067324 15.580339 151.289703 -0.451157 0.247618 0.857405 0.468750 0.523437 2 16 0.500000 17 0.500000
  0 17.015205 17.404554 135.549011 -0.440811 0.757634 0.481327 0.390625 0.507812 1 16 1.000000
01_-_Default
  0 -19.204710 6.579192 138.480316 -0.007877 0.814082 -0.580696 0.390625 0.507812 1 16 1.000000
  0 -33.256847 15.580339 151.289703 -0.449302 -0.247882 -0.858302 0.468750 0.523437 2 16 0.500000 17 0.500000
  0 -18.678705 11.183629 144.928162 -0.356243 0.152614 -0.921846 0.390625 0.570312 1 16 1.000000
01_-_Default
  0 -18.678705 11.183629 144.928162 -0.356243 0.152614 -0.921846 0.390625 0.570312 1 16 1.000000
  0 -33.256847 15.580339 151.289703 -0.449302 -0.247882 -0.858302 0.468750 0.523437 2 16 0.500000 17 0.500000
  0 -19.204710 17.404554 135.549011 -0.438507 -0.760092 -0.479555 0.390625 0.507812 1 16 1.000000
01_-_Default
  0 -1.085344 39.806721 77.515465 0.000373 -0.188712 0.982032 0.984375 0.414062 2 13 0.500000 12 0.500000
  0 -1.085344 65.268951 80.326714 0.001098 0.290731 0.956804 0.984375 0.468750 2 14 0.500000 13 0.500000
  0 -18.077539 36.605457 65.917564 -0.990946 -0.131478 -0.027194 0.937500 0.414062 2 13 0.500000 12 0.500000
01_-_Default
  0 -18.077539 36.605457 65.917564 -0.990946 -0.131478 -0.027194 0.937500 0.414062 2 13 0.500000 12 0.500000
  0 -10.450335 62.590508 71.533714 -0.956964 0.283678 0.061216 0.937500 0.468750 2 14 0.500000 13 0.500000
  0 -1.085344 40.415783 53.645313 0.000562 0.121159 -0.992633 0.984375 0.414062 2 13 0.500000 12 0.500000
01_-_Default
  0 -1.085344 60.209805 62.887310 0.001568 0.297291 -0.954786 0.984375 0.468750 2 14 0.500000 13 0.500000
  0 8.223215 62.590508 71.533714 0.957059 0.283517 0.060462 0.937500 0.468750 2 14 0.500000 13 0.500000
  0 -1.085344 40.415783 53.645313 0.000562 0.121159 -0.992633 0.984375 0.414062 2 13 0.500000 12 0.500000
01_-_Default
  0 -1.085344 40.415783 53.645313 0.000562 0.121159 -0.992633 0.984375 0.414062 2 13 0.500000 12 0.500000
  0 8.223215 62.590508 71.533714 0.957059 0.283517 0.060462 0.937500 0.468750 2 14 0.500000 13 0.500000
  0 15.888016 36.605457 65.917564 0.990870 -0.132033 -0.027285 0.937500 0.414062 2 13 0.500000 12 0.500000
01_-_Default
  0 8.223215 62.590508 71.533714 0.957059 0.283517 0.060462 0.937500 0.468750 2 14 0.500000 13 0.500000
  0 -1.085344 65.268951 80.326714 0.001098 0.290731 0.956804 0.984375 0.468750 2 14 0.500000 13 0.500000
  0 15.888016 36.605457 65.917564 0.990870 -0.132033 -0.027285 0.937500 0.414062 2 13 0.500000 12 0.500000
01_-_Default
  0 15.888016 36.605457 65.917564 0.990870 -0.132033 -0.027285 0.937500 0.414062 2 13 0.500000 12 0.500000
  0 -1.085344 65.268951 80.326714 0.001098 0.290731 0.956804 0.984375 0.468750 2 14 0.500000 13 0.500000
  0 -1.085344 39.806721 77.515465 0.000373 -0.188712 0.982032 0.984375 0.414062 2 13 0.500000 12 0.500000
01_-_Default
  0 -1.085344 24.761824 74.182159 0.001655 -0.037352 0.999301 0.984375 0.367187 1 12 1.000000
  0 -1.085344 39.806721 77.515465 0.000373 -0.188712 0.982032 0.984375 0.414062 2 13 0.500000 12 0.500000
  0 -10.450335 22.678629 65.389160 -0.906017 -0.420126 -0.051264 0.937500 0.367187 1 12 1.000000
01_-_Default
  0 -18.077539 36.605457 65.917564 -0.990946 -0.131478 -0.027194 0.937500 0.414062 2 13 0.500000 12 0.500000
  0 -1.085344 40.415783 53.645313 0.000562 0.121159 -0.992633 0.984375 0.414062 2 13 0.500000 12 0.500000
  0 -10.450335 22.678629 65.389160 -0.906017 -0.420126 -0.051264 0.937500 0.367187 1 12 1.000000
01_-_Default
  0 -10.450335 22.678629 65.389160 -0.906017 -0.420126 -0.051264 0.937500 0.367187 1 12 1.000000
  0 -1.085344 40.415783 53.645313 0.000562 0.121159 -0.992633 0.984375 0.414062 2 13 0.500000 12 0.500000
  0 -1.085344 20.595385 56.303112 0.001293 -0.502889 -0.864350 0.984375 0.367187 1 12 1.000000
01_-_Default
  0 8.223215 22.678629 65.389160 0.906313 -0.419478 -0.051332 0.937500 0.367187 1 12 1.000000
  0 -1.085344 40.415783 53.645313 0.000562 0.121159 -0.992633 0.984375 0.414062 2 13 0.500000 12 0.500000
  0 15.888016 36.605457 65.917564 0.990870 -0.132033 -0.027285 0.937500 0.414062 2 13 0.500000 12 0.500000
01_-_Default
  0 15.888016 36.605457 65.917564 0.990870 -0.132033 -0.027285 0.937500 0.414062 2 13 0.500000 12 0.500000
  0 -1.085344 39.806721 77.515465 0.000373 -0.188712 0.982032 0.984375 0.414062 2 13 0.500000 12 0.500000
  0 8.223215 22.678629 65.389160 0.906313 -0.419478 -0.051332 0.937500 0.367187 1 12 1.000000
01_-_Default
  0 8.223215 22.678629 65.389160 0.906313 -0.419478 -0.051332 0.937500 0.367187 1 12 1.000000
  0 -1.085344 39.806721 77.515465 0.000373 -0.188712 0.982032 0.984375 0.414062 2 13 0.500000 12 0.500000
  0 -1.085344 24.761824 74.182159 0.001655 -0.037352 0.999301 0.984375 0.367187 1 12 1.000000
01_-_Default
  0 -10.450335 62.590508 71.533714 -0.956964 0.283678 0.061216 0.937500 0.468750 2 14 0.500000 13 0.500000
  0 -1.085344 65.268951 80.326714 0.001098 0.290731 0.956804 0.984375 0.468750 2 14 0.500000 13 0.500000
  0 -1.085344 86.993904 64.939011 0.000676 0.964289 -0.264851 0.964844 0.515625 1 14 1.000000
01_-_Default
  0 -1.085344 60.209805 62.887310 0.001568 0.297291 -0.954786 0.984375 0.468750 2 14 0.500000 13 0.500000
  0 -10.450335 62.590508 71.533714 -0.956964 0.283678 0.061216 0.937500 0.468750 2 14 0.500000 13 0.500000
  0 -1.085344 86.993904 64.939011 0.000676 0.964289 -0.264851 0.964844 0.515625 1 14 1.000000
01_-_Default
  0 8.223215 62.590508 71.533714 0.957059 0.283517 0.060462 0.937500 0.468750 2 14 0.500000 13 0.500000
  0 -1.085344 60.209805 62.887310 0.001568 0.297291 -0.954786 0.984375 0.468750 2 14 0.500000 13 0.500000
  0 -1.085344 86.993904 64.939011 0.000676 0.964289 -0.264851 0.964844 0.515625 1 14 1.000000
01_-_Default
  0 -1.085344 65.268951 80.326714 0.001098 0.290731 0.956804 0.984375 0.468750 2 14 0.500000 13 0.500000
  0 8.223215 62.590508 71.533714 0.957059 0.283517 0.060462 0.937500 0.468750 2 14 0.500000 13 0.500000
  0 -1.085344 86.993904 64.939011 0.000676 0.964289 -0.264851 0.964844 0.515625 1 14 1.000000
01_-_Default
  0 -1.085344 24.761824 74.182159 0.001655 -0.037352 0.999301 0.984375 0.367187 1 12 1.000000
  0 -10.450335 22.678629 65.389160 -0.906017 -0.420126 -0.051264 0.937500 0.367187 1 12 1.000000
  0 -1.085344 7.798400 77.515465 0.000834 -0.806400 0.591371 0.964844 0.316406 1 3 1.000000
01_-_Default
  0 -10.450335 22.678629 65.389160 -0.906017 -0.420126 -0.051264 0.937500 0.367187 1 12 1.000000
  0 -1.085344 20.595385 56.303112 0.001293 -0.502889 -0.864350 0.984375 0.367187 1 12 1.000000
  0 -1.085344 7.798400 77.515465 0.000834 -0.806400 0.591371 0.964844 0.316406 1 3 1.000000
01_-_Default
  0 -1.085344 20.595385 56.303112 0.001293 -0.502889 -0.864350 0.984375 0.367187 1 12 1.000000
  0 8.223215 22.678629 65.389160 0.906313 -0.419478 -0.051332 0.937500 0.367187 1 12 1.000000
  0 -1.085344 7.798400 77.515465 0.000834 -0.806400 0.591371 0.964844 0.316406 1 3 1.000000
01_-_Default
  0 8.223215 22.678629 65.389160 0.906313 -0.419478 -0.051332 0.937500 0.367187 1 12 1.000000
  0 -1.085344 24.761824 74.182159 0.001655 -0.037352 0.999301 0.984375 0.367187 1 12 1.000000
  0 -1.085344 7.798400 77.515465 0.000834 -0.806400 0.591371 0.964844 0.316406 1 3 1.000000
01_-_Default
  0 -10.450335 62.590508 71.533714 -0.956964 0.283678 0.061216 0.937500 0.468750 2 14 0.500000 13 0.500000
  0 -18.077539 36.605457 65.917564 -0.990946 -0.131478 -0.027194 0.937500 0.414062 2 13 0.500000 12 0.500000
  0 -1.085344 65.268951 80.326714 0.001098 0.290731 0.956804 0.984375 0.468750 2 14 0.500000 13 0.500000
01_-_Default
  0 -1.085344 20.595385 56.303112 0.001293 -0.502889 -0.864350 0.984375 0.367187 1 12 1.000000
  0 -1.085344 40.415783 53.645313 0.000562 0.121159 -0.992633 0.984375 0.414062 2 13 0.500000 12 0.500000
  0 8.223215 22.678629 65.389160 0.906313 -0.419478 -0.051332 0.937500 0.367187 1 12 1.000000
01_-_Default
  0 -10.450335 22.678629 65.389160 -0.906017 -0.420126 -0.051264 0.937500 0.367187 1 12 1.000000
  0 -1.085344 39.806721 77.515465 0.000373 -0.188712 0.982032 0.984375 0.414062 2 13 0.500000 12 0.500000
  0 -18.077539 36.605457 65.917564 -0.990946 -0.131478 -0.027194 0.937500 0.414062 2 13 0.500000 12 0.500000
01_-_Default
  0 -1.085344 40.415783 53.645313 0.000562 0.121159 -0.992633 0.984375 0.414062 2 13 0.500000 12 0.500000
  0 -10.450335 62.590508 71.533714 -0.956964 0.283678 0.061216 0.937500 0.468750 2 14 0.500000 13 0.500000
  0 -1.085344 60.209805 62.887310 0.001568 0.297291 -0.954786 0.984375 0.468750 2 14 0.500000 13 0.500000
01_-_Default
  0 -1.085344 -9.685861 72.532814 0.000330 -0.865112 0.501578 0.578125 0.253906 1 3 1.000000
  0 -1.085344 -4.924180 79.274063 -0.000180 -0.891568 0.452886 0.578125 0.281250 1 2 1.000000
  0 -12.742205 -2.357348 72.825912 -0.794093 -0.388056 0.467791 0.527344 0.253906 1 3 1.000000
01_-_Default
  0 -12.742205 -2.357348 72.825912 -0.794093 -0.388056 0.467791 0.527344 0.253906 1 3 1.000000
  0 -1.085344 -4.924180 79.274063 -0.000180 -0.891568 0.452886 0.578125 0.281250 1 2 1.000000
  0 -7.895375 -0.236927 79.274063 -0.838015 -0.543466 0.048739 0.546875 0.281250 1 2 1.000000
01_-_Default
  0 -12.742205 9.490990 72.825912 -0.721538 0.441069 0.533706 0.921875 0.257812 1 3 1.000000
  0 -12.742205 -2.357348 72.825912 -0.794093 -0.388056 0.467791 0.859375 0.257812 1 3 1.000000
  0 -7.895375 6.673086 79.274063 -0.818320 0.574653 0.011232 0.906250 0.281250 1 2 1.000000
01_-_Default
  0 -7.895375 6.673086 79.274063 -0.818320 0.574653 0.011232 0.906250 0.281250 1 2 1.000000
  0 -12.742205 -2.357348 72.825912 -0.794093 -0.388056 0.467791 0.859375 0.257812 1 3 1.000000
  0 -7.895375 -0.236927 79.274063 -0.838015 -0.543466 0.048739 0.871094 0.281250 1 2 1.000000
01_-_Default
  0 -1.085344 9.900214 79.274063 -0.000629 0.998966 0.045466 0.237305 0.281250 1 2 1.000000
  0 -1.085344 14.717679 72.239716 0.000160 0.870604 0.491984 0.237305 0.250000 1 3 1.000000
  0 -7.895375 6.673086 79.274063 -0.818320 0.574653 0.011232 0.269531 0.281250 1 2 1.000000
01_-_Default
  0 -7.895375 6.673086 79.274063 -0.818320 0.574653 0.011232 0.269531 0.281250 1 2 1.000000
  0 -1.085344 14.717679 72.239716 0.000160 0.870604 0.491984 0.237305 0.250000 1 3 1.000000
  0 -12.742205 9.490990 72.825912 -0.721538 0.441069 0.533706 0.292969 0.253906 1 3 1.000000
01_-_Default
  0 10.552706 9.490990 72.825912 0.717190 0.444465 0.536740 0.180664 0.253906 1 3 1.000000
  0 -1.085344 14.717679 72.239716 0.000160 0.870604 0.491984 0.237305 0.250000 1 3 1.000000
  0 5.743425 6.673086 79.274063 0.819575 0.572817 0.013337 0.201172 0.281250 1 2 1.000000
01_-_Default
  0 5.743425 6.673086 79.274063 0.819575 0.572817 0.013337 0.201172 0.281250 1 2 1.000000
  0 -1.085344 14.717679 72.239716 0.000160 0.870604 0.491984 0.237305 0.250000 1 3 1.000000
  0 -1.085344 9.900214 79.274063 -0.000629 0.998966 0.045466 0.237305 0.281250 1 2 1.000000
01_-_Default
  0 10.552706 9.490990 72.825912 0.717190 0.444465 0.536740 0.921875 0.257812 1 3 1.000000
  0 5.743425 6.673086 79.274063 0.819575 0.572817 0.013337 0.906250 0.281250 1 2 1.000000
  0 10.552706 -2.357348 72.825912 0.788403 -0.389133 0.476440 0.859375 0.257812 1 3 1.000000
01_-_Default
  0 10.552706 -2.357348 72.825912 0.788403 -0.389133 0.476440 0.859375 0.257812 1 3 1.000000
  0 5.743425 6.673086 79.274063 0.819575 0.572817 0.013337 0.906250 0.281250 1 2 1.000000
  0 5.743425 -0.236927 79.274063 0.838853 -0.542051 0.050069 0.871094 0.281250 1 2 1.000000
01_-_Default
  0 -1.085344 -9.685861 72.532814 0.000330 -0.865112 0.501578 0.578125 0.253906 1 3 1.000000
  0 10.552706 -2.357348 72.825912 0.788403 -0.389133 0.476440 0.636719 0.253906 1 3 1.000000
  0 -1.085344 -4.924180 79.274063 -0.000180 -0.891568 0.452886 0.578125 0.281250 1 2 1.000000
01_-_Default
  0 -1.085344 -4.924180 79.274063 -0.000180 -0.891568 0.452886 0.578125 0.281250 1 2 1.000000
  0 10.552706 -2.357348 72.825912 0.788403 -0.389133 0.476440 0.636719 0.253906 1 3 1.000000
  0 5.743425 -0.236927 79.274063 0.838853 -0.542051 0.050069 0.617188 0.281250 1 2 1.000000
01_-_Default
  0 -1.085344 14.717679 72.239716 0.000160 0.870604 0.491984 0.237305 0.250000 1 3 1.000000
  0 -1.085344 24.408089 51.429707 0.000137 0.915596 0.402100 0.237305 0.148437 2 4 0.500000 8 0.500000
  0 -12.742205 9.490990 72.825912 -0.721538 0.441069 0.533706 0.292969 0.253906 1 3 1.000000
01_-_Default
  0 -12.742205 9.490990 72.825912 -0.721538 0.441069 0.533706 0.292969 0.253906 1 3 1.000000
  0 -1.085344 24.408089 51.429707 0.000137 0.915596 0.402100 0.237305 0.148437 2 4 0.500000 8 0.500000
  0 -22.302889 17.247330 51.429707 -0.758617 0.474661 0.446315 0.328125 0.148437 1 8 1.000000
01_-_Default
  0 -1.085344 14.717679 72.239716 0.000160 0.870604 0.491984 0.237305 0.250000 1 3 1.000000
  0 10.552706 9.490990 72.825912 0.717190 0.444465 0.536740 0.180664 0.253906 1 3 1.000000
  0 -1.085344 24.408089 51.429707 0.000137 0.915596 0.402100 0.237305 0.148437 2 4 0.500000 8 0.500000
01_-_Default
  0 -1.085344 24.408089 51.429707 0.000137 0.915596 0.402100 0.237305 0.148437 2 4 0.500000 8 0.500000
  0 10.552706 9.490990 72.825912 0.717190 0.444465 0.536740 0.180664 0.253906 1 3 1.000000
  0 20.113371 17.247330 51.429707 0.653640 0.621489 0.431864 0.141602 0.148437 1 4 1.000000
01_-_Default
  0 -18.487234 -8.346605 51.429707 -0.921331 -0.118254 0.370358 0.843750 0.148437 1 8 1.000000
  0 -22.302889 17.247330 51.429707 -0.758617 0.474661 0.446315 0.945313 0.148437 1 8 1.000000
  0 -30.893770 -17.274761 20.214489 -0.944176 -0.058235 0.324255 0.812500 0.015625 1 9 1.000000
01_-_Default
  0 -30.893770 -17.274761 20.214489 -0.944176 -0.058235 0.324255 0.812500 0.015625 1 9 1.000000
  0 -22.302889 17.247330 51.429707 -0.758617 0.474661 0.446315 0.945313 0.148437 1 8 1.000000
  0 -30.893770 27.068254 20.214489 -0.732682 0.565003 0.379406 0.980469 0.015625 1 9 1.000000
01_-_Default
  0 -1.085344 24.408089 51.429707 0.000137 0.915596 0.402100 0.237305 0.148437 2 4 0.500000 8 0.500000
  0 -1.085344 36.609898 20.214489 0.000092 0.929031 0.370002 0.237305 0.015625 2 5 0.500000 9 0.500000
  0 -22.302889 17.247330 51.429707 -0.758617 0.474661 0.446315 0.328125 0.148437 1 8 1.000000
01_-_Default
  0 -22.302889 17.247330 51.429707 -0.758617 0.474661 0.446315 0.328125 0.148437 1 8 1.000000
  0 -1.085344 36.609898 20.214489 0.000092 0.929031 0.370002 0.237305 0.015625 2 5 0.500000 9 0.500000
  0 -30.893770 27.068254 20.214489 -0.732682 0.565003 0.379406 0.398438 0.015625 1 9 1.000000
01_-_Default
  0 -12.742205 -2.357348 72.825912 -0.794093 -0.388056 0.467791 0.859375 0.257812 1 3 1.000000
  0 -12.742205 9.490990 72.825912 -0.721538 0.441069 0.533706 0.921875 0.257812 1 3 1.000000
  0 -18.487234 -8.346605 51.429707 -0.921331 -0.118254 0.370358 0.843750 0.148437 1 8 1.000000
01_-_Default
  0 -18.487234 -8.346605 51.429707 -0.921331 -0.118254 0.370358 0.843750 0.148437 1 8 1.000000
  0 -12.742205 9.490990 72.825912 -0.721538 0.441069 0.533706 0.921875 0.257812 1 3 1.000000
  0 -22.302889 17.247330 51.429707 -0.758617 0.474661 0.446315 0.945313 0.148437 1 8 1.000000
01_-_Default
  0 28.704256 27.068254 20.214489 0.732731 0.564943 0.379400 0.980469 0.015625 1 5 1.000000
  0 20.113371 17.247330 51.429707 0.653640 0.621489 0.431864 0.945313 0.148437 1 4 1.000000
  0 28.704256 -17.274761 20.214489 0.948036 -0.048416 0.314458 0.812500 0.015625 1 5 1.000000
01_-_Default
  0 28.704256 -17.274761 20.214489 0.948036 -0.048416 0.314458 0.812500 0.015625 1 5 1.000000
  0 20.113371 17.247330 51.429707 0.653640 0.621489 0.431864 0.945313 0.148437 1 4 1.000000
  0 16.964930 -8.346605 51.429707 0.926060 -0.098426 0.364315 0.843750 0.148437 1 4 1.000000
01_-_Default
  0 -1.085344 24.408089 51.429707 0.000137 0.915596 0.402100 0.237305 0.148437 2 4 0.500000 8 0.500000
  0 20.113371 17.247330 51.429707 0.653640 0.621489 0.431864 0.141602 0.148437 1 4 1.000000
  0 -1.085344 36.609898 20.214489 0.000092 0.929031 0.370002 0.237305 0.015625 2 5 0.500000 9 0.500000
01_-_Default
  0 -1.085344 36.609898 20.214489 0.000092 0.929031 0.370002 0.237305 0.015625 2 5 0.500000 9 0.500000
  0 20.113371 17.247330 51.429707 0.653640 0.621489 0.431864 0.141602 0.148437 1 4 1.000000
  0 28.704256 27.068254 20.214489 0.732731 0.564943 0.379400 0.076172 0.015625 1 5 1.000000
01_-_Default
  0 20.113371 17.247330 51.429707 0.921773 -0.113392 0.370779 0.945313 0.148437 1 4 1.000000
  0 10.552706 9.490990 72.825912 0.717190 0.444465 0.536740 0.921875 0.257812 1 3 1.000000
  0 16.964930 -8.346605 51.429707 0.926060 -0.098426 0.364315 0.843750 0.148437 1 4 1.000000
01_-_Default
  0 16.964930 -8.346605 51.429707 0.926060 -0.098426 0.364315 0.843750 0.148437 1 4 1.000000
  0 10.552706 9.490990 72.825912 0.717190 0.444465 0.536740 0.921875 0.257812 1 3 1.000000
  0 10.552706 -2.357348 72.825912 0.788403 -0.389133 0.476440 0.859375 0.257812 1 3 1.000000
01_-_Default
  0 -1.085344 -4.254570 82.205063 -0.000113 -0.999042 0.043753 0.578125 0.300781 1 15 1.000000
  0 -8.609260 -1.092532 96.273865 -0.561260 -0.824583 0.071064 0.542969 0.367187 2 15 0.500000 24 0.500000
  0 -10.112164 -1.464533 82.205063 -0.786632 -0.558218 -0.263822 0.527344 0.300781 1 15 1.000000
01_-_Default
  0 -1.085344 11.555624 96.273865 -0.000110 0.999704 0.024324 0.237305 0.375000 1 15 1.000000
  0 -8.571654 9.490990 96.273865 -0.278337 0.918908 -0.279529 0.273438 0.375000 2 15 0.500000 24 0.500000
  0 -8.721965 9.993239 105.066818 -0.363998 0.718736 0.592388 0.277344 0.421875 2 15 0.499999 24 0.500001
01_-_Default
  0 -1.085344 11.555624 96.273865 -0.000110 0.999704 0.024324 0.237305 0.375000 1 15 1.000000
  0 -8.721965 9.993239 105.066818 -0.363998 0.718736 0.592388 0.277344 0.421875 2 15 0.499999 24 0.500001
  0 -1.083279 9.564580 107.825409 -0.000325 0.840611 0.541639 0.237305 0.425781 1 15 1.000000
01_-_Default
  0 -1.083279 9.564580 107.825409 -0.000325 0.840611 0.541639 0.578125 0.457031 1 15 1.000000
  0 -8.721965 9.993239 105.066818 -0.363998 0.718736 0.592388 0.539063 0.453125 2 15 0.499999 24 0.500001
  0 -4.764024 5.957349 108.215408 -0.247075 -0.041293 0.968116 0.554688 0.441406 1 15 1.000000
01_-_Default
  0 -1.085344 -2.989755 96.273865 -0.000117 -0.976711 0.214561 0.578125 0.375000 1 15 1.000000
  0 -1.085344 -0.832132 103.365562 -0.000458 -0.894573 0.446922 0.578125 0.421875 1 15 1.000000
  0 -8.721965 2.627512 105.066811 -0.397946 -0.574393 0.715340 0.539063 0.421875 2 15 0.500000 24 0.500000
01_-_Default
  0 -8.721965 2.627512 105.066811 -0.397946 -0.574393 0.715340 0.539063 0.421875 2 15 0.500000 24 0.500000
  0 -1.085344 -0.832132 103.365562 -0.000458 -0.894573 0.446922 0.578125 0.421875 1 15 1.000000
  0 -4.764024 5.957349 108.215408 -0.247075 -0.041293 0.968116 0.554688 0.441406 1 15 1.000000
01_-_Default
  0 -1.085344 9.900214 79.274063 -0.000629 0.998966 0.045466 0.237305 0.281250 1 2 1.000000
  0 -7.895375 6.673086 79.274063 -0.818320 0.574653 0.011232 0.269531 0.281250 1 2 1.000000
  0 -1.085344 11.592850 82.205063 0.000037 0.960671 -0.277688 0.237305 0.300781 1 15 1.000000
01_-_Default
  0 -1.085344 11.592850 82.205063 0.000037 0.960671 -0.277688 0.237305 0.300781 1 15 1.000000
  0 -7.895375 6.673086 79.274063 -0.818320 0.574653 0.011232 0.269531 0.281250 1 2 1.000000
  0 -10.112164 7.779784 82.205063 -0.817907 0.494592 -0.293951 0.289063 0.300781 1 15 1.000000
01_-_Default
  0 -10.112164 -1.464533 82.205063 -0.786632 -0.558218 -0.263822 0.859375 0.300781 1 15 1.000000
  0 -10.112164 7.779784 82.205063 -0.817907 0.494592 -0.293951 0.917969 0.300781 1 15 1.000000
  0 -7.895375 -0.236927 79.274063 -0.838015 -0.543466 0.048739 0.871094 0.281250 1 2 1.000000
01_-_Default
  0 -7.895375 -0.236927 79.274063 -0.838015 -0.543466 0.048739 0.871094 0.281250 1 2 1.000000
  0 -10.112164 7.779784 82.205063 -0.817907 0.494592 -0.293951 0.917969 0.300781 1 15 1.000000
  0 -7.895375 6.673086 79.274063 -0.818320 0.574653 0.011232 0.906250 0.281250 1 2 1.000000
01_-_Default
  0 -1.085344 -4.924180 79.274063 -0.000180 -0.891568 0.452886 0.578125 0.281250 1 2 1.000000
  0 -1.085344 -4.254570 82.205063 -0.000113 -0.999042 0.043753 0.578125 0.300781 1 15 1.000000
  0 -7.895375 -0.236927 79.274063 -0.838015 -0.543466 0.048739 0.546875 0.281250 1 2 1.000000
01_-_Default
  0 -7.895375 -0.236927 79.274063 -0.838015 -0.543466 0.048739 0.546875 0.281250 1 2 1.000000
  0 -1.085344 -4.254570 82.205063 -0.000113 -0.999042 0.043753 0.578125 0.300781 1 15 1.000000
  0 -10.112164 -1.464533 82.205063 -0.786632 -0.558218 -0.263822 0.527344 0.300781 1 15 1.000000
01_-_Default
  0 -10.112164 -1.464533 82.205063 -0.786632 -0.558218 -0.263822 0.859375 0.300781 1 15 1.000000
  0 -8.609260 -1.092532 96.273865 -0.561260 -0.824583 0.071064 0.859375 0.375000 2 15 0.500000 24 0.500000
  0 -10.112164 7.779784 82.205063 -0.817907 0.494592 -0.293951 0.917969 0.300781 1 15 1.000000
01_-_Default
  0 -10.112164 7.779784 82.205063 -0.817907 0.494592 -0.293951 0.917969 0.300781 1 15 1.000000
  0 -8.609260 -1.092532 96.273865 -0.561260 -0.824583 0.071064 0.859375 0.375000 2 15 0.500000 24 0.500000
  0 -8.571654 9.490990 96.273865 -0.278337 0.918908 -0.279529 0.917969 0.375000 2 15 0.500000 24 0.500000
01_-_Default
  0 -1.085344 -4.254570 82.205063 -0.000113 -0.999042 0.043753 0.578125 0.300781 1 15 1.000000
  0 -1.085344 -2.989755 96.273865 -0.000117 -0.976711 0.214561 0.578125 0.375000 1 15 1.000000
  0 -8.609260 -1.092532 96.273865 -0.561260 -0.824583 0.071064 0.542969 0.367187 2 15 0.500000 24 0.500000
01_-_Default
  0 -1.085344 -2.989755 96.273865 -0.000117 -0.976711 0.214561 0.578125 0.375000 1 15 1.000000
  0 -8.721965 2.627512 105.066811 -0.397946 -0.574393 0.715340 0.539063 0.421875 2 15 0.500000 24 0.500000
  0 -8.609260 -1.092532 96.273865 -0.561260 -0.824583 0.071064 0.542969 0.367187 2 15 0.500000 24 0.500000
01_-_Default
  0 -1.085344 11.592850 82.205063 0.000037 0.960671 -0.277688 0.237305 0.300781 1 15 1.000000
  0 -10.112164 7.779784 82.205063 -0.817907 0.494592 -0.293951 0.289063 0.300781 1 15 1.000000
  0 -8.571654 9.490990 96.273865 -0.278337 0.918908 -0.279529 0.273438 0.375000 2 15 0.500000 24 0.500000
01_-_Default
  0 -1.085344 11.555624 96.273865 -0.000110 0.999704 0.024324 0.237305 0.375000 1 15 1.000000
  0 -1.085344 11.592850 82.205063 0.000037 0.960671 -0.277688 0.237305 0.300781 1 15 1.000000
  0 -8.571654 9.490990 96.273865 -0.278337 0.918908 -0.279529 0.273438 0.375000 2 15 0.500000 24 0.500000
01_-_Default
  0 -1.085344 -4.254570 82.205063 -0.000113 -0.999042 0.043753 0.578125 0.300781 1 15 1.000000
  0 7.922659 -1.464533 82.205063 0.786756 -0.558886 -0.262034 0.636719 0.300781 1 15 1.000000
  0 6.442150 -1.092531 96.273865 0.560844 -0.824958 0.069986 0.621094 0.367187 2 19 0.500000 15 0.500000
01_-_Default
  0 -1.085344 11.555624 96.273865 -0.000110 0.999704 0.024324 0.237305 0.375000 1 15 1.000000
  0 6.573654 9.993239 105.066818 0.363707 0.718784 0.592508 0.196289 0.421875 2 19 0.500001 15 0.499999
  0 6.404610 9.490990 96.273865 0.278991 0.918492 -0.280244 0.199219 0.375000 2 19 0.500000 15 0.500000
01_-_Default
  0 2.609989 5.957349 108.215408 0.386896 -0.027294 0.921719 0.605469 0.441406 1 15 1.000000
  0 6.573654 9.993239 105.066818 0.363707 0.718784 0.592508 0.621094 0.453125 2 19 0.500001 15 0.499999
  0 -1.083279 9.564580 107.825409 -0.000325 0.840611 0.541639 0.578125 0.457031 1 15 1.000000
01_-_Default
  0 -1.083279 9.564580 107.825409 -0.000325 0.840611 0.541639 0.237305 0.425781 1 15 1.000000
  0 6.573654 9.993239 105.066818 0.363707 0.718784 0.592508 0.196289 0.421875 2 19 0.500001 15 0.499999
  0 -1.085344 11.555624 96.273865 -0.000110 0.999704 0.024324 0.237305 0.375000 1 15 1.000000
01_-_Default
  0 6.573654 9.993239 105.066818 0.363707 0.718784 0.592508 0.621094 0.453125 2 19 0.500001 15 0.499999
  0 2.609989 5.957349 108.215408 0.386896 -0.027294 0.921719 0.605469 0.441406 1 15 1.000000
  0 6.573655 2.627512 105.066811 0.397641 -0.574608 0.715337 0.621094 0.414062 2 19 0.500000 15 0.500000
01_-_Default
  0 -1.085344 -2.989755 96.273865 -0.000117 -0.976711 0.214561 0.578125 0.375000 1 15 1.000000
  0 6.573655 2.627512 105.066811 0.397641 -0.574608 0.715337 0.621094 0.414062 2 19 0.500000 15 0.500000
  0 -1.085344 -0.832132 103.365562 -0.000458 -0.894573 0.446922 0.578125 0.421875 1 15 1.000000
01_-_Default
  0 -1.085344 -0.832132 103.365562 -0.000458 -0.894573 0.446922 0.578125 0.421875 1 15 1.000000
  0 6.573655 2.627512 105.066811 0.397641 -0.574608 0.715337 0.621094 0.414062 2 19 0.500000 15 0.500000
  0 2.609989 5.957349 108.215408 0.386896 -0.027294 0.921719 0.605469 0.441406 1 15 1.000000
01_-_Default
  0 7.922659 7.779784 82.205063 0.818203 0.495203 -0.292093 0.180664 0.300781 1 15 1.000000
  0 5.743425 6.673086 79.274063 0.819575 0.572817 0.013337 0.201172 0.281250 1 2 1.000000
  0 -1.085344 11.592850 82.205063 0.000037 0.960671 -0.277688 0.237305 0.300781 1 15 1.000000
01_-_Default
  0 -1.085344 11.592850 82.205063 0.000037 0.960671 -0.277688 0.237305 0.300781 1 15 1.000000
  0 5.743425 6.673086 79.274063 0.819575 0.572817 0.013337 0.201172 0.281250 1 2 1.000000
  0 -1.085344 9.900214 79.274063 -0.000629 0.998966 0.045466 0.237305 0.281250 1 2 1.000000
01_-_Default
  0 5.743425 6.673086 79.274063 0.819575 0.572817 0.013337 0.906250 0.281250 1 2 1.000000
  0 7.922659 7.779784 82.205063 0.818203 0.495203 -0.292093 0.917969 0.300781 1 15 1.000000
  0 5.743425 -0.236927 79.274063 0.838853 -0.542051 0.050069 0.871094 0.281250 1 2 1.000000
01_-_Default
  0 5.743425 -0.236927 79.274063 0.838853 -0.542051 0.050069 0.871094 0.281250 1 2 1.000000
  0 7.922659 7.779784 82.205063 0.818203 0.495203 -0.292093 0.917969 0.300781 1 15 1.000000
  0 7.922659 -1.464533 82.205063 0.786756 -0.558886 -0.262034 0.859375 0.300781 1 15 1.000000
01_-_Default
  0 -1.085344 -4.924180 79.274063 -0.000180 -0.891568 0.452886 0.578125 0.281250 1 2 1.000000
  0 5.743425 -0.236927 79.274063 0.838853 -0.542051 0.050069 0.617188 0.281250 1 2 1.000000
  0 -1.085344 -4.254570 82.205063 -0.000113 -0.999042 0.043753 0.578125 0.300781 1 15 1.000000
01_-_Default
  0 -1.085344 -4.254570 82.205063 -0.000113 -0.999042 0.043753 0.578125 0.300781 1 15 1.000000
  0 5.743425 -0.236927 79.274063 0.838853 -0.542051 0.050069 0.617188 0.281250 1 2 1.000000
  0 7.922659 -1.464533 82.205063 0.786756 -0.558886 -0.262034 0.636719 0.300781 1 15 1.000000
01_-_Default
  0 7.922659 -1.464533 82.205063 0.786756 -0.558886 -0.262034 0.917969 0.375000 1 15 1.000000
  0 7.922659 7.779784 82.205063 0.818203 0.495203 -0.292093 0.859375 0.375000 1 15 1.000000
  0 6.442150 -1.092531 96.273865 0.560844 -0.824958 0.069986 0.917969 0.300781 2 19 0.500000 15 0.500000
01_-_Default
  0 6.442150 -1.092531 96.273865 0.560844 -0.824958 0.069986 0.859375 0.375000 2 19 0.500000 15 0.500000
  0 7.922659 7.779784 82.205063 0.818203 0.495203 -0.292093 0.917969 0.300781 1 15 1.000000
  0 6.404610 9.490990 96.273865 0.278991 0.918492 -0.280244 0.917969 0.375000 2 19 0.500000 15 0.500000
01_-_Default
  0 -1.085344 -4.254570 82.205063 -0.000113 -0.999042 0.043753 0.578125 0.300781 1 15 1.000000
  0 6.442150 -1.092531 96.273865 0.560844 -0.824958 0.069986 0.621094 0.367187 2 19 0.500000 15 0.500000
  0 -1.085344 -2.989755 96.273865 -0.000117 -0.976711 0.214561 0.578125 0.375000 1 15 1.000000
01_-_Default
  0 -1.085344 -2.989755 96.273865 -0.000117 -0.976711 0.214561 0.578125 0.375000 1 15 1.000000
  0 6.442150 -1.092531 96.273865 0.560844 -0.824958 0.069986 0.621094 0.367187 2 19 0.500000 15 0.500000
  0 6.573655 2.627512 105.066811 0.397641 -0.574608 0.715337 0.621094 0.414062 2 19 0.500000 15 0.500000
01_-_Default
  0 -1.085344 11.592850 82.205063 0.000037 0.960671 -0.277688 0.237305 0.300781 1 15 1.000000
  0 6.404610 9.490990 96.273865 0.278991 0.918492 -0.280244 0.199219 0.375000 2 19 0.500000 15 0.500000
  0 7.922659 7.779784 82.205063 0.818203 0.495203 -0.292093 0.180664 0.300781 1 15 1.000000
01_-_Default
  0 -1.085344 11.555624 96.273865 -0.000110 0.999704 0.024324 0.237305 0.375000 1 15 1.000000
  0 6.404610 9.490990 96.273865 0.278991 0.918492 -0.280244 0.199219 0.375000 2 19 0.500000 15 0.500000
  0 -1.085344 11.592850 82.205063 0.000037 0.960671 -0.277688 0.237305 0.300781 1 15 1.000000
01_-_Default
  0 -1.085344 -18.695871 54.505363 -0.003151 -0.883038 0.469291 0.578125 0.148437 3 4 0.333333 8 0.333333 3 0.333333
  0 -16.240240 -8.346605 51.429707 -0.565111 -0.731382 0.381747 0.484375 0.148437 1 8 1.000000
  0 -1.258060 -33.367027 30.643682 -0.002088 -0.843170 0.537643 0.578125 0.015625 2 5 0.500000 9 0.500000
01_-_Default
  0 -1.258060 -33.367027 30.643682 -0.002088 -0.843170 0.537643 0.578125 0.015625 2 5 0.500000 9 0.500000
  0 -16.240240 -8.346605 51.429707 -0.565111 -0.731382 0.381747 0.484375 0.148437 1 8 1.000000
  0 -18.580889 -20.537580 30.643682 -0.524049 -0.707591 0.474013 0.421875 0.015625 1 9 1.000000
01_-_Default
  0 -1.085344 -9.685861 72.532814 0.000330 -0.865112 0.501578 0.578125 0.253906 1 3 1.000000
  0 -12.742205 -2.357348 72.825912 -0.794093 -0.388056 0.467791 0.527344 0.253906 1 3 1.000000
  0 -1.085344 -18.695871 54.505363 -0.003151 -0.883038 0.469291 0.578125 0.148437 3 4 0.333333 8 0.333333 3 0.333333
01_-_Default
  0 -1.085344 -18.695871 54.505363 -0.003151 -0.883038 0.469291 0.578125 0.148437 3 4 0.333333 8 0.333333 3 0.333333
  0 -12.742205 -2.357348 72.825912 -0.794093 -0.388056 0.467791 0.527344 0.253906 1 3 1.000000
  0 -16.240240 -8.346605 51.429707 -0.565111 -0.731382 0.381747 0.484375 0.148437 1 8 1.000000
01_-_Default
  0 15.887291 -20.537580 30.643682 0.533267 -0.712662 0.455784 0.742188 0.015625 1 5 1.000000
  0 14.413530 -8.346605 51.429707 0.559958 -0.735886 0.380682 0.671875 0.148437 1 4 1.000000
  0 -1.258060 -33.367027 30.643682 -0.002088 -0.843170 0.537643 0.578125 0.015625 2 5 0.500000 9 0.500000
01_-_Default
  0 -1.258060 -33.367027 30.643682 -0.002088 -0.843170 0.537643 0.578125 0.015625 2 5 0.500000 9 0.500000
  0 14.413530 -8.346605 51.429707 0.559958 -0.735886 0.380682 0.671875 0.148437 1 4 1.000000
  0 -1.085344 -18.695871 54.505363 -0.003151 -0.883038 0.469291 0.578125 0.148437 3 4 0.333333 8 0.333333 3 0.333333
01_-_Default
  0 14.413530 -8.346605 51.429707 0.559958 -0.735886 0.380682 0.671875 0.148437 1 4 1.000000
  0 10.552706 -2.357348 72.825912 0.788403 -0.389133 0.476440 0.636719 0.253906 1 3 1.000000
  0 -1.085344 -18.695871 54.505363 -0.003151 -0.883038 0.469291 0.578125 0.148437 3 4 0.333333 8 0.333333 3 0.333333
01_-_Default
  0 -1.085344 -18.695871 54.505363 -0.003151 -0.883038 0.469291 0.578125 0.148437 3 4 0.333333 8 0.333333 3 0.333333
  0 10.552706 -2.357348 72.825912 0.788403 -0.389133 0.476440 0.636719 0.253906 1 3 1.000000
  0 -1.085344 -9.685861 72.532814 0.000330 -0.865112 0.501578 0.578125 0.253906 1 3 1.000000
01_-_Default
  0 -24.055975 60.497456 86.855064 -0.957108 0.088526 0.275876 0.757813 0.117187 1 27 1.000000
  0 -68.692116 -124.017494 -8.793413 -0.957108 0.088526 0.275876 0.882813 0.597656 1 27 1.000000
  0 -49.154408 -148.420944 66.820358 -0.957108 0.088526 0.275876 0.625000 0.597656 1 27 1.000000
01_-_Default
  0 -29.950470 4.338712 73.998314 0.980504 0.133740 -0.143964 0.220703 0.821289 1 26 1.000000
  0 -31.603634 2.329905 76.343109 0.206494 -0.649140 0.732105 0.220703 0.821289 1 26 1.000000
  0 -32.204800 -1.166933 73.412109 0.307047 -0.901776 0.304173 0.220703 0.821289 1 26 1.000000
01_-_Default
  0 -31.753944 6.826544 74.877609 0.108151 0.989206 0.098863 0.220703 0.821289 1 26 1.000000
  0 -34.459137 7.649580 69.601814 0.113092 0.949144 -0.293831 0.220703 0.821289 1 26 1.000000
  0 -33.707722 4.599119 76.929260 -0.660822 0.118932 0.741060 0.220703 0.821289 1 26 1.000000
01_-_Default
  0 -33.707722 4.599119 76.929260 -0.660822 0.118932 0.741060 0.220703 0.821289 1 26 1.000000
  0 -32.204800 -1.166933 73.412109 0.307047 -0.901776 0.304173 0.220703 0.821289 1 26 1.000000
  0 -31.603634 2.329905 76.343109 0.206494 -0.649140 0.732105 0.220703 0.821289 1 26 1.000000
01_-_Default
  0 -32.204800 -1.166933 73.412109 0.307047 -0.901776 0.304173 0.220703 0.821289 1 26 1.000000
  0 -35.210625 -0.534525 65.791512 0.247841 -0.668410 -0.701287 0.220703 0.821289 1 26 1.000000
  0 -34.459137 7.649580 69.601814 0.113092 0.949144 -0.293831 0.220703 0.821289 1 26 1.000000
01_-_Default
  0 -34.459137 7.649580 69.601814 0.113092 0.949144 -0.293831 0.220703 0.821289 1 26 1.000000
  0 -35.210625 -0.534525 65.791512 0.247841 -0.668410 -0.701287 0.220703 0.821289 1 26 1.000000
  0 -35.962040 3.166914 64.326012 0.081101 0.132219 -0.987897 0.220703 0.821289 1 26 1.000000
01_-_Default
  0 -34.459137 7.649580 69.601814 0.113092 0.949144 -0.293831 0.220703 0.821289 1 26 1.000000
  0 -38.517002 4.980443 67.843208 -0.791060 0.511406 -0.335691 0.220703 0.821289 1 26 1.000000
  0 -38.517002 3.706320 72.532814 -0.817087 0.185486 0.545861 0.220703 0.821289 1 26 1.000000
01_-_Default
  0 -38.517002 3.706320 72.532814 -0.817087 0.185486 0.545861 0.220703 0.821289 1 26 1.000000
  0 -38.517002 4.980443 67.843208 -0.791060 0.511406 -0.335691 0.220703 0.821289 1 26 1.000000
  0 -39.118172 0.283878 69.894913 -0.822185 -0.565040 0.068865 0.220703 0.821289 1 26 1.000000
01_-_Default
  0 -34.459137 7.649580 69.601814 0.113092 0.949144 -0.293831 0.220703 0.821289 1 26 1.000000
  0 -29.950470 4.338712 73.998314 0.980504 0.133740 -0.143964 0.220703 0.821289 1 26 1.000000
  0 -31.603634 0.953487 66.377708 0.117453 -0.390159 -0.913225 0.220703 0.821289 1 26 1.000000
01_-_Default
  0 -38.517002 3.706320 72.532814 -0.817087 0.185486 0.545861 0.220703 0.821289 1 26 1.000000
  0 -39.118172 0.283878 69.894913 -0.822185 -0.565040 0.068865 0.220703 0.821289 1 26 1.000000
  0 -32.204800 -1.166933 73.412109 0.307047 -0.901776 0.304173 0.220703 0.821289 1 26 1.000000
01_-_Default
  0 -32.204800 -1.166933 73.412109 0.307047 -0.901776 0.304173 0.220703 0.821289 1 26 1.000000
  0 -31.603634 0.953487 66.377708 0.117453 -0.390159 -0.913225 0.220703 0.821289 1 26 1.000000
  0 -29.950470 4.338712 73.998314 0.980504 0.133740 -0.143964 0.220703 0.821289 1 26 1.000000
01_-_Default
  0 -34.459137 7.649580 69.601814 0.113092 0.949144 -0.293831 0.220703 0.821289 1 26 1.000000
  0 -31.603634 0.953487 66.377708 0.117453 -0.390159 -0.913225 0.220703 0.821289 1 26 1.000000
  0 -32.204800 -1.166933 73.412109 0.307047 -0.901776 0.304173 0.220703 0.821289 1 26 1.000000
01_-_Default
  0 -34.459137 7.649580 69.601814 0.113092 0.949144 -0.293831 0.220703 0.821289 1 26 1.000000
  0 -35.962040 3.166914 64.326012 0.081101 0.132219 -0.987897 0.220703 0.821289 1 26 1.000000
  0 -38.517002 4.980443 67.843208 -0.791060 0.511406 -0.335691 0.220703 0.821289 1 26 1.000000
01_-_Default
  0 -38.517002 4.980443 67.843208 -0.791060 0.511406 -0.335691 0.220703 0.821289 1 26 1.000000
  0 -35.962040 3.166914 64.326012 0.081101 0.132219 -0.987897 0.220703 0.821289 1 26 1.000000
  0 -39.118172 0.283878 69.894913 -0.822185 -0.565040 0.068865 0.220703 0.821289 1 26 1.000000
01_-_Default
  0 -39.118172 0.283878 69.894913 -0.822185 -0.565040 0.068865 0.220703 0.821289 1 26 1.000000
  0 -35.210625 -0.534525 65.791512 0.247841 -0.668410 -0.701287 0.220703 0.821289 1 26 1.000000
  0 -32.204800 -1.166933 73.412109 0.307047 -0.901776 0.304173 0.220703 0.821289 1 26 1.000000
01_-_Default
  0 -34.459137 7.649580 69.601814 0.113092 0.949144 -0.293831 0.220703 0.821289 1 26 1.000000
  0 -31.753944 6.826544 74.877609 0.108151 0.989206 0.098863 0.220703 0.821289 1 26 1.000000
  0 -29.950470 4.338712 73.998314 0.980504 0.133740 -0.143964 0.220703 0.821289 1 26 1.000000
01_-_Default
  0 -33.707722 4.599119 76.929260 -0.660822 0.118932 0.741060 0.220703 0.821289 1 26 1.000000
  0 -38.517002 3.706320 72.532814 -0.817087 0.185486 0.545861 0.220703 0.821289 1 26 1.000000
  0 -32.204800 -1.166933 73.412109 0.307047 -0.901776 0.304173 0.220703 0.821289 1 26 1.000000
01_-_Default
  0 -34.459137 7.649580 69.601814 0.113092 0.949144 -0.293831 0.220703 0.821289 1 26 1.000000
  0 -38.517002 3.706320 72.532814 -0.817087 0.185486 0.545861 0.220703 0.821289 1 26 1.000000
  0 -33.707722 4.599119 76.929260 -0.660822 0.118932 0.741060 0.220703 0.821289 1 26 1.000000
01_-_Default
  0 -35.962040 3.166914 64.326012 0.081101 0.132219 -0.987897 0.220703 0.821289 1 26 1.000000
  0 -35.210625 -0.534525 65.791512 0.247841 -0.668410 -0.701287 0.220703 0.821289 1 26 1.000000
  0 -39.118172 0.283878 69.894913 -0.822185 -0.565040 0.068865 0.220703 0.821289 1 26 1.000000
01_-_Default
  0 -5.565879 15.982474 115.618362 -0.298313 0.551363 -0.779107 0.275391 0.770508 1 16 1.000000
  0 -1.097088 26.621849 124.997559 -0.000043 0.707589 -0.706624 0.287109 0.862305 1 16 1.000000
  0 3.376393 15.982474 115.618362 0.298310 0.551357 -0.779113 0.275391 0.770508 1 16 1.000000
01_-_Default
  0 -13.568840 0.097881 117.377014 -0.983039 -0.128890 -0.130466 0.062988 0.816406 1 16 1.000000
  0 -11.615080 0.060673 113.859810 -0.755734 0.051233 -0.652871 0.070313 0.769531 1 16 1.000000
  0 -11.840469 -5.221781 115.618362 -0.793147 -0.547111 -0.267559 0.097168 0.827148 1 16 1.000000
01_-_Default
  0 -1.097088 -9.611456 140.238617 -0.000079 -0.988736 0.149668 0.175781 0.984985 1 16 1.000000
  0 -12.591960 -3.659370 140.238617 -0.779698 -0.601129 0.175261 0.061768 0.981445 1 16 1.000000
  0 -12.967674 -6.188995 129.687347 -0.702438 -0.710973 0.033153 0.094727 0.917969 1 16 1.000000
01_-_Default
  0 -16.349199 8.393570 140.824860 -0.996655 -0.081713 -0.001234 0.062988 0.983398 1 16 1.000000
  0 -15.297165 -0.236927 126.756165 -0.977946 -0.194002 -0.077363 0.063477 0.902832 1 16 1.000000
  0 -12.591960 -3.659370 140.238617 -0.779698 -0.601129 0.175261 0.061768 0.981445 1 16 1.000000
01_-_Default
  0 -14.019720 10.160620 120.307961 -0.892645 0.203480 -0.402221 0.062988 0.827148 1 16 1.000000
  0 -13.568840 0.097881 117.377014 -0.983039 -0.128890 -0.130466 0.062988 0.816406 1 16 1.000000
  0 -13.418534 0.097881 117.963165 -0.981146 -0.192421 0.018075 0.070313 0.832031 1 16 1.000000
01_-_Default
  0 -7.557215 3.297117 111.515015 -0.471249 0.155184 -0.868241 0.070313 0.769531 1 16 1.000000
  0 -7.857815 9.546780 113.273613 -0.523355 0.356465 -0.773972 0.070313 0.769531 1 16 1.000000
  0 -4.175678 5.861623 110.342613 -0.705396 0.141530 -0.694541 0.070313 0.769531 1 16 1.000000
01_-_Default
  0 -11.840469 -5.221781 115.618362 -0.793147 -0.547111 -0.267559 0.097168 0.827148 1 16 1.000000
  0 -1.097088 -8.941826 111.515015 -0.000102 -0.795391 -0.606097 0.175781 0.791016 1 16 1.000000
  0 -1.097088 -11.471471 116.204613 -0.000078 -0.990518 0.137384 0.175781 0.834961 1 16 1.000000
01_-_Default
  0 -7.557215 3.297117 111.515015 -0.471249 0.155184 -0.868241 0.070313 0.769531 1 16 1.000000
  0 -4.175678 5.861623 110.342613 -0.705396 0.141530 -0.694541 0.070313 0.769531 1 16 1.000000
  0 -1.097088 2.422907 109.756409 -0.000317 -0.311702 -0.950180 0.176758 0.759766 1 16 1.000000
01_-_Default
  0 -1.097088 10.160620 111.515015 -0.000192 0.667183 -0.744894 0.070313 0.769531 1 16 1.000000
  0 -5.565879 15.982474 115.618362 -0.298313 0.551363 -0.779107 0.070313 0.769531 1 16 1.000000
  0 3.376393 15.982474 115.618362 0.298310 0.551357 -0.779113 0.070313 0.769531 1 16 1.000000
01_-_Default
  0 -1.097088 -11.471471 116.204613 -0.000078 -0.990518 0.137384 0.175781 0.834961 1 16 1.000000
  0 -1.097088 -9.537041 117.963165 -0.000086 -0.923286 0.384113 0.175781 0.851562 1 16 1.000000
  0 -11.615080 -5.444976 116.790810 -0.716979 -0.696635 -0.025300 0.101563 0.843750 1 16 1.000000
01_-_Default
  0 -11.615080 -5.444976 116.790810 -0.716979 -0.696635 -0.025300 0.101563 0.843750 1 16 1.000000
  0 -1.097088 -10.355446 129.687347 -0.000062 -0.999981 -0.006195 0.175781 0.931641 1 16 1.000000
  0 -12.967674 -6.188995 129.687347 -0.702438 -0.710973 0.033153 0.094727 0.917969 1 16 1.000000
01_-_Default
  0 -11.615080 0.060673 113.859810 -0.755734 0.051233 -0.652871 0.070313 0.769531 1 16 1.000000
  0 -7.557215 3.297117 111.515015 -0.471249 0.155184 -0.868241 0.070313 0.769531 1 16 1.000000
  0 -5.396832 -3.882555 109.170212 -0.390030 -0.197353 -0.899404 0.143555 0.761719 1 16 1.000000
01_-_Default
  0 -13.568840 0.097881 117.377014 -0.983039 -0.128890 -0.130466 0.062988 0.816406 1 16 1.000000
  0 -11.615080 -5.444976 116.790810 -0.716979 -0.696635 -0.025300 0.101563 0.843750 1 16 1.000000
  0 -13.418534 0.097881 117.963165 -0.981146 -0.192421 0.018075 0.070313 0.832031 1 16 1.000000
01_-_Default
  0 -11.615080 -5.444976 116.790810 -0.716979 -0.696635 -0.025300 0.101563 0.843750 1 16 1.000000
  0 -12.967674 -6.188995 129.687347 -0.702438 -0.710973 0.033153 0.094727 0.917969 1 16 1.000000
  0 -15.297165 -0.236927 126.756165 -0.977946 -0.194002 -0.077363 0.063477 0.902832 1 16 1.000000
01_-_Default
  0 -14.019720 10.160620 120.307961 -0.892645 0.203480 -0.402221 0.062988 0.827148 1 16 1.000000
  0 -12.291345 20.000160 122.652763 -0.687081 0.456550 -0.565227 0.062500 0.842773 1 16 1.000000
  0 -5.565879 15.982474 115.618362 -0.298313 0.551363 -0.779107 0.070313 0.769531 1 16 1.000000
01_-_Default
  0 -9.698845 -4.477776 112.101212 -0.617700 -0.389594 -0.683127 0.115723 0.788086 1 16 1.000000
  0 -5.396832 -3.882555 109.170212 -0.390030 -0.197353 -0.899404 0.143555 0.761719 1 16 1.000000
  0 -1.097088 -8.941826 111.515015 -0.000102 -0.795391 -0.606097 0.175781 0.791016 1 16 1.000000
01_-_Default
  0 -4.175678 5.891866 103.308212 -0.994571 -0.103848 -0.006704 0.070313 0.769531 1 15 1.000000
  0 -4.175678 5.861623 110.342613 -0.705396 0.141530 -0.694541 0.070313 0.769531 1 16 1.000000
  0 -1.097088 10.160620 111.515015 -0.000192 0.667183 -0.744894 0.070313 0.769531 1 16 1.000000
01_-_Default
  0 -13.418534 0.097881 117.963165 -0.981146 -0.192421 0.018075 0.070313 0.832031 1 16 1.000000
  0 -11.615080 -5.444976 116.790810 -0.716979 -0.696635 -0.025300 0.101563 0.843750 1 16 1.000000
  0 -15.297165 -0.236927 126.756165 -0.977946 -0.194002 -0.077363 0.063477 0.902832 1 16 1.000000
01_-_Default
  0 -14.019720 10.160620 120.307961 -0.892645 0.203480 -0.402221 0.062988 0.827148 1 16 1.000000
  0 -13.418534 0.097881 117.963165 -0.981146 -0.192421 0.018075 0.070313 0.832031 1 16 1.000000
  0 -15.297165 -0.236927 126.756165 -0.977946 -0.194002 -0.077363 0.063477 0.902832 1 16 1.000000
01_-_Default
  0 -16.349199 8.393570 140.824860 -0.996655 -0.081713 -0.001234 0.062988 0.983398 1 16 1.000000
  0 -14.019720 10.160620 120.307961 -0.892645 0.203480 -0.402221 0.062988 0.827148 1 16 1.000000
  0 -15.297165 -0.236927 126.756165 -0.977946 -0.194002 -0.077363 0.063477 0.902832 1 16 1.000000
01_-_Default
  0 -15.297165 -0.236927 126.756165 -0.977946 -0.194002 -0.077363 0.063477 0.902832 1 16 1.000000
  0 -12.967674 -6.188995 129.687347 -0.702438 -0.710973 0.033153 0.094727 0.917969 1 16 1.000000
  0 -12.591960 -3.659370 140.238617 -0.779698 -0.601129 0.175261 0.061768 0.981445 1 16 1.000000
01_-_Default
  0 -11.615080 0.060673 113.859810 -0.755734 0.051233 -0.652871 0.070313 0.769531 1 16 1.000000
  0 -9.698845 -4.477776 112.101212 -0.617700 -0.389594 -0.683127 0.115723 0.788086 1 16 1.000000
  0 -11.840469 -5.221781 115.618362 -0.793147 -0.547111 -0.267559 0.097168 0.827148 1 16 1.000000
01_-_Default
  0 -13.568840 0.097881 117.377014 -0.983039 -0.128890 -0.130466 0.062988 0.816406 1 16 1.000000
  0 -11.840469 -5.221781 115.618362 -0.793147 -0.547111 -0.267559 0.097168 0.827148 1 16 1.000000
  0 -11.615080 -5.444976 116.790810 -0.716979 -0.696635 -0.025300 0.101563 0.843750 1 16 1.000000
01_-_Default
  0 -11.615080 0.060673 113.859810 -0.755734 0.051233 -0.652871 0.070313 0.769531 1 16 1.000000
  0 -5.396832 -3.882555 109.170212 -0.390030 -0.197353 -0.899404 0.143555 0.761719 1 16 1.000000
  0 -9.698845 -4.477776 112.101212 -0.617700 -0.389594 -0.683127 0.115723 0.788086 1 16 1.000000
01_-_Default
  0 -7.557215 3.297117 111.515015 -0.471249 0.155184 -0.868241 0.070313 0.769531 1 16 1.000000
  0 -11.615080 0.060673 113.859810 -0.755734 0.051233 -0.652871 0.070313 0.769531 1 16 1.000000
  0 -7.857815 9.546780 113.273613 -0.523355 0.356465 -0.773972 0.070313 0.769531 1 16 1.000000
01_-_Default
  0 -7.857815 9.546780 113.273613 -0.523355 0.356465 -0.773972 0.070313 0.769531 1 16 1.000000
  0 -1.097088 10.160620 111.515015 -0.000192 0.667183 -0.744894 0.070313 0.769531 1 16 1.000000
  0 -4.175678 5.861623 110.342613 -0.705396 0.141530 -0.694541 0.070313 0.769531 1 16 1.000000
01_-_Default
  0 -11.615080 0.060673 113.859810 -0.755734 0.051233 -0.652871 0.070313 0.769531 1 16 1.000000
  0 -13.568840 0.097881 117.377014 -0.983039 -0.128890 -0.130466 0.062988 0.816406 1 16 1.000000
  0 -14.019720 10.160620 120.307961 -0.892645 0.203480 -0.402221 0.062988 0.827148 1 16 1.000000
01_-_Default
  0 -5.565879 15.982474 115.618362 -0.298313 0.551363 -0.779107 0.070313 0.769531 1 16 1.000000
  0 -12.291345 20.000160 122.652763 -0.687081 0.456550 -0.565227 0.062500 0.842773 1 16 1.000000
  0 -1.097088 26.621849 124.997559 -0.000043 0.707589 -0.706624 0.062500 0.860352 1 16 1.000000
01_-_Default
  0 -7.857815 9.546780 113.273613 -0.523355 0.356465 -0.773972 0.070313 0.769531 1 16 1.000000
  0 -14.019720 10.160620 120.307961 -0.892645 0.203480 -0.402221 0.062988 0.827148 1 16 1.000000
  0 -5.565879 15.982474 115.618362 -0.298313 0.551363 -0.779107 0.070313 0.769531 1 16 1.000000
01_-_Default
  0 -7.857815 9.546780 113.273613 -0.523355 0.356465 -0.773972 0.070313 0.769531 1 16 1.000000
  0 -11.615080 0.060673 113.859810 -0.755734 0.051233 -0.652871 0.070313 0.769531 1 16 1.000000
  0 -14.019720 10.160620 120.307961 -0.892645 0.203480 -0.402221 0.062988 0.827148 1 16 1.000000
01_-_Default
  0 -1.097087 9.974625 103.894463 -0.797342 0.603348 -0.014726 0.070313 0.769531 1 15 1.000000
  0 -4.175678 5.891866 103.308212 -0.994571 -0.103848 -0.006704 0.070313 0.769531 1 15 1.000000
  0 -1.097088 10.160620 111.515015 -0.000192 0.667183 -0.744894 0.070313 0.769531 1 16 1.000000
01_-_Default
  0 -1.097088 -10.355446 129.687347 -0.000062 -0.999981 -0.006195 0.175781 0.931641 1 16 1.000000
  0 -1.097088 -9.611456 140.238617 -0.000079 -0.988736 0.149668 0.175781 0.984985 1 16 1.000000
  0 -12.967674 -6.188995 129.687347 -0.702438 -0.710973 0.033153 0.094727 0.917969 1 16 1.000000
01_-_Default
  0 -1.097088 2.422907 109.756409 -0.000317 -0.311702 -0.950180 0.176758 0.759766 1 16 1.000000
  0 -1.097088 -4.626565 107.997810 -0.000140 -0.243719 -0.969846 0.175781 0.753906 1 16 1.000000
  0 -5.396832 -3.882555 109.170212 -0.390030 -0.197353 -0.899404 0.143555 0.761719 1 16 1.000000
01_-_Default
  0 -7.557215 3.297117 111.515015 -0.471249 0.155184 -0.868241 0.070313 0.769531 1 16 1.000000
  0 -1.097088 2.422907 109.756409 -0.000317 -0.311702 -0.950180 0.176758 0.759766 1 16 1.000000
  0 -5.396832 -3.882555 109.170212 -0.390030 -0.197353 -0.899404 0.143555 0.761719 1 16 1.000000
01_-_Default
  0 -4.175678 5.891866 103.308212 -0.994571 -0.103848 -0.006704 0.070313 0.769531 1 15 1.000000
  0 -1.097087 2.422906 102.722015 -0.000346 -0.999996 -0.002673 0.175781 0.765625 1 15 1.000000
  0 -4.175678 5.861623 110.342613 -0.705396 0.141530 -0.694541 0.070313 0.769531 1 16 1.000000
01_-_Default
  0 -11.615080 -5.444976 116.790810 -0.716979 -0.696635 -0.025300 0.101563 0.843750 1 16 1.000000
  0 -1.097088 -9.537041 117.963165 -0.000086 -0.923286 0.384113 0.175781 0.851562 1 16 1.000000
  0 -1.097088 -10.355446 129.687347 -0.000062 -0.999981 -0.006195 0.175781 0.931641 1 16 1.000000
01_-_Default
  0 -11.840469 -5.221781 115.618362 -0.793147 -0.547111 -0.267559 0.097168 0.827148 1 16 1.000000
  0 -1.097088 -11.471471 116.204613 -0.000078 -0.990518 0.137384 0.175781 0.834961 1 16 1.000000
  0 -11.615080 -5.444976 116.790810 -0.716979 -0.696635 -0.025300 0.101563 0.843750 1 16 1.000000
01_-_Default
  0 -11.840469 -5.221781 115.618362 -0.793147 -0.547111 -0.267559 0.097168 0.827148 1 16 1.000000
  0 -9.698845 -4.477776 112.101212 -0.617700 -0.389594 -0.683127 0.115723 0.788086 1 16 1.000000
  0 -1.097088 -8.941826 111.515015 -0.000102 -0.795391 -0.606097 0.175781 0.791016 1 16 1.000000
01_-_Default
  0 -5.396832 -3.882555 109.170212 -0.390030 -0.197353 -0.899404 0.143555 0.761719 1 16 1.000000
  0 -1.097088 -4.626565 107.997810 -0.000140 -0.243719 -0.969846 0.175781 0.753906 1 16 1.000000
  0 -1.097088 -8.941826 111.515015 -0.000102 -0.795391 -0.606097 0.175781 0.791016 1 16 1.000000
01_-_Default
  0 -14.019720 10.160620 120.307961 -0.892645 0.203480 -0.402221 0.062988 0.827148 1 16 1.000000
  0 -16.349199 8.393570 140.824860 -0.996655 -0.081713 -0.001234 0.062988 0.983398 1 16 1.000000
  0 -12.291345 20.000160 122.652763 -0.687081 0.456550 -0.565227 0.062500 0.842773 1 16 1.000000
01_-_Default
  0 11.379340 0.097881 117.377014 0.983039 -0.128889 -0.130468 0.281250 0.819336 1 16 1.000000
  0 9.650970 -5.221781 115.618362 0.793100 -0.547177 -0.267563 0.253906 0.827148 1 16 1.000000
  0 9.425566 0.060673 113.859810 0.755733 0.051234 -0.652872 0.275391 0.770508 1 16 1.000000
01_-_Default
  0 -1.097088 10.160620 111.515015 -0.000192 0.667183 -0.744894 0.275391 0.770508 1 16 1.000000
  0 5.668280 9.546780 113.273613 0.523304 0.356486 -0.773997 0.275391 0.770508 1 16 1.000000
  0 1.986197 5.861623 110.342613 0.705136 0.141568 -0.694797 0.275391 0.770508 1 16 1.000000
01_-_Default
  0 -1.097088 -9.611456 140.238617 -0.000079 -0.988736 0.149668 0.175781 0.984985 1 16 1.000000
  0 10.778160 -6.188995 129.687347 0.702392 -0.711017 0.033163 0.257813 0.917969 1 16 1.000000
  0 10.402460 -3.659370 140.238617 0.779650 -0.601187 0.175272 0.289063 0.981445 1 16 1.000000
01_-_Default
  0 14.159690 8.393570 140.824860 0.996655 -0.081713 -0.001235 0.287109 0.985352 1 16 1.000000
  0 10.402460 -3.659370 140.238617 0.779650 -0.601187 0.175272 0.289063 0.981445 1 16 1.000000
  0 13.107651 -0.236927 126.756165 0.977946 -0.194002 -0.077363 0.289063 0.902832 1 16 1.000000
01_-_Default
  0 11.830200 10.160620 120.307961 0.892645 0.203479 -0.402221 0.287109 0.829102 1 16 1.000000
  0 11.229035 0.097881 117.963165 0.981146 -0.192422 0.018075 0.281250 0.832031 1 16 1.000000
  0 11.379340 0.097881 117.377014 0.983039 -0.128889 -0.130468 0.281250 0.819336 1 16 1.000000
01_-_Default
  0 5.367730 3.297117 111.515015 0.471210 0.155175 -0.868264 0.275391 0.770508 1 16 1.000000
  0 1.986197 5.861623 110.342613 0.705136 0.141568 -0.694797 0.275391 0.770508 1 16 1.000000
  0 5.668280 9.546780 113.273613 0.523304 0.356486 -0.773997 0.275391 0.770508 1 16 1.000000
01_-_Default
  0 9.650970 -5.221781 115.618362 0.793100 -0.547177 -0.267563 0.253906 0.827148 1 16 1.000000
  0 -1.097088 -11.471471 116.204613 -0.000078 -0.990518 0.137384 0.175781 0.834961 1 16 1.000000
  0 -1.097088 -8.941826 111.515015 -0.000102 -0.795391 -0.606097 0.175781 0.791016 1 16 1.000000
01_-_Default
  0 5.367730 3.297117 111.515015 0.471210 0.155175 -0.868264 0.275391 0.770508 1 16 1.000000
  0 -1.097088 2.422907 109.756409 -0.000317 -0.311702 -0.950180 0.176758 0.759766 1 16 1.000000
  0 1.986197 5.861623 110.342613 0.705136 0.141568 -0.694797 0.275391 0.770508 1 16 1.000000
01_-_Default
  0 -1.097088 -11.471471 116.204613 -0.000078 -0.990518 0.137384 0.175781 0.834961 1 16 1.000000
  0 9.425566 -5.444976 116.790810 0.716913 -0.696703 -0.025319 0.250000 0.843750 1 16 1.000000
  0 -1.097088 -9.537041 117.963165 -0.000086 -0.923286 0.384113 0.175781 0.851562 1 16 1.000000
01_-_Default
  0 9.425566 -5.444976 116.790810 0.716913 -0.696703 -0.025319 0.250000 0.843750 1 16 1.000000
  0 10.778160 -6.188995 129.687347 0.702392 -0.711017 0.033163 0.257813 0.917969 1 16 1.000000
  0 -1.097088 -10.355446 129.687347 -0.000062 -0.999981 -0.006195 0.175781 0.931641 1 16 1.000000
01_-_Default
  0 9.425566 0.060673 113.859810 0.755733 0.051234 -0.652872 0.275391 0.770508 1 16 1.000000
  0 3.207284 -3.882555 109.170212 0.389905 -0.197443 -0.899439 0.207031 0.761719 1 16 1.000000
  0 5.367730 3.297117 111.515015 0.471210 0.155175 -0.868264 0.275391 0.770508 1 16 1.000000
01_-_Default
  0 11.379340 0.097881 117.377014 0.983039 -0.128889 -0.130468 0.281250 0.819336 1 16 1.000000
  0 11.229035 0.097881 117.963165 0.981146 -0.192422 0.018075 0.281250 0.832031 1 16 1.000000
  0 9.425566 -5.444976 116.790810 0.716913 -0.696703 -0.025319 0.250000 0.843750 1 16 1.000000
01_-_Default
  0 9.425566 -5.444976 116.790810 0.716913 -0.696703 -0.025319 0.250000 0.843750 1 16 1.000000
  0 13.107651 -0.236927 126.756165 0.977946 -0.194002 -0.077363 0.289063 0.902832 1 16 1.000000
  0 10.778160 -6.188995 129.687347 0.702392 -0.711017 0.033163 0.257813 0.917969 1 16 1.000000
01_-_Default
  0 11.830200 10.160620 120.307961 0.892645 0.203479 -0.402221 0.287109 0.829102 1 16 1.000000
  0 3.376393 15.982474 115.618362 0.298310 0.551357 -0.779113 0.275391 0.770508 1 16 1.000000
  0 10.101846 20.000160 122.652763 0.687080 0.456567 -0.565215 0.287109 0.844727 1 16 1.000000
01_-_Default
  0 7.509345 -4.477776 112.101212 0.617654 -0.389690 -0.683114 0.237305 0.788086 1 16 1.000000
  0 -1.097088 -8.941826 111.515015 -0.000102 -0.795391 -0.606097 0.175781 0.791016 1 16 1.000000
  0 3.207284 -3.882555 109.170212 0.389905 -0.197443 -0.899439 0.207031 0.761719 1 16 1.000000
01_-_Default
  0 -1.097087 2.422906 102.722015 -0.000346 -0.999996 -0.002673 0.175781 0.765625 1 15 1.000000
  0 1.986197 5.861623 110.342613 0.705136 0.141568 -0.694797 0.275391 0.770508 1 16 1.000000
  0 -1.097088 2.422907 109.756409 -0.000317 -0.311702 -0.950180 0.176758 0.759766 1 16 1.000000
01_-_Default
  0 1.986197 5.891866 103.308212 0.994563 -0.103918 -0.006713 0.275391 0.770508 1 15 1.000000
  0 -1.097088 10.160620 111.515015 -0.000192 0.667183 -0.744894 0.275391 0.770508 1 16 1.000000
  0 1.986197 5.861623 110.342613 0.705136 0.141568 -0.694797 0.275391 0.770508 1 16 1.000000
01_-_Default
  0 11.229035 0.097881 117.963165 0.981146 -0.192422 0.018075 0.281250 0.832031 1 16 1.000000
  0 13.107651 -0.236927 126.756165 0.977946 -0.194002 -0.077363 0.289063 0.902832 1 16 1.000000
  0 9.425566 -5.444976 116.790810 0.716913 -0.696703 -0.025319 0.250000 0.843750 1 16 1.000000
01_-_Default
  0 11.830200 10.160620 120.307961 0.892645 0.203479 -0.402221 0.287109 0.829102 1 16 1.000000
  0 13.107651 -0.236927 126.756165 0.977946 -0.194002 -0.077363 0.289063 0.902832 1 16 1.000000
  0 11.229035 0.097881 117.963165 0.981146 -0.192422 0.018075 0.281250 0.832031 1 16 1.000000
01_-_Default
  0 14.159690 8.393570 140.824860 0.996655 -0.081713 -0.001235 0.287109 0.985352 1 16 1.000000
  0 13.107651 -0.236927 126.756165 0.977946 -0.194002 -0.077363 0.289063 0.902832 1 16 1.000000
  0 11.830200 10.160620 120.307961 0.892645 0.203479 -0.402221 0.287109 0.829102 1 16 1.000000
01_-_Default
  0 13.107651 -0.236927 126.756165 0.977946 -0.194002 -0.077363 0.289063 0.902832 1 16 1.000000
  0 10.402460 -3.659370 140.238617 0.779650 -0.601187 0.175272 0.289063 0.981445 1 16 1.000000
  0 10.778160 -6.188995 129.687347 0.702392 -0.711017 0.033163 0.257813 0.917969 1 16 1.000000
01_-_Default
  0 9.425566 0.060673 113.859810 0.755733 0.051234 -0.652872 0.275391 0.770508 1 16 1.000000
  0 9.650970 -5.221781 115.618362 0.793100 -0.547177 -0.267563 0.253906 0.827148 1 16 1.000000
  0 7.509345 -4.477776 112.101212 0.617654 -0.389690 -0.683114 0.237305 0.788086 1 16 1.000000
01_-_Default
  0 11.379340 0.097881 117.377014 0.983039 -0.128889 -0.130468 0.281250 0.819336 1 16 1.000000
  0 9.425566 -5.444976 116.790810 0.716913 -0.696703 -0.025319 0.250000 0.843750 1 16 1.000000
  0 9.650970 -5.221781 115.618362 0.793100 -0.547177 -0.267563 0.253906 0.827148 1 16 1.000000
01_-_Default
  0 9.425566 0.060673 113.859810 0.755733 0.051234 -0.652872 0.275391 0.770508 1 16 1.000000
  0 7.509345 -4.477776 112.101212 0.617654 -0.389690 -0.683114 0.237305 0.788086 1 16 1.000000
  0 3.207284 -3.882555 109.170212 0.389905 -0.197443 -0.899439 0.207031 0.761719 1 16 1.000000
01_-_Default
  0 5.367730 3.297117 111.515015 0.471210 0.155175 -0.868264 0.275391 0.770508 1 16 1.000000
  0 5.668280 9.546780 113.273613 0.523304 0.356486 -0.773997 0.275391 0.770508 1 16 1.000000
  0 9.425566 0.060673 113.859810 0.755733 0.051234 -0.652872 0.275391 0.770508 1 16 1.000000
01_-_Default
  0 9.425566 0.060673 113.859810 0.755733 0.051234 -0.652872 0.275391 0.770508 1 16 1.000000
  0 11.830200 10.160620 120.307961 0.892645 0.203479 -0.402221 0.287109 0.829102 1 16 1.000000
  0 11.379340 0.097881 117.377014 0.983039 -0.128889 -0.130468 0.281250 0.819336 1 16 1.000000
01_-_Default
  0 3.376393 15.982474 115.618362 0.298310 0.551357 -0.779113 0.275391 0.770508 1 16 1.000000
  0 -1.097088 26.621849 124.997559 -0.000043 0.707589 -0.706624 0.287109 0.862305 1 16 1.000000
  0 10.101846 20.000160 122.652763 0.687080 0.456567 -0.565215 0.287109 0.844727 1 16 1.000000
01_-_Default
  0 5.668280 9.546780 113.273613 0.523304 0.356486 -0.773997 0.275391 0.770508 1 16 1.000000
  0 3.376393 15.982474 115.618362 0.298310 0.551357 -0.779113 0.275391 0.770508 1 16 1.000000
  0 11.830200 10.160620 120.307961 0.892645 0.203479 -0.402221 0.287109 0.829102 1 16 1.000000
01_-_Default
  0 5.668280 9.546780 113.273613 0.523304 0.356486 -0.773997 0.275391 0.770508 1 16 1.000000
  0 11.830200 10.160620 120.307961 0.892645 0.203479 -0.402221 0.287109 0.829102 1 16 1.000000
  0 9.425566 0.060673 113.859810 0.755733 0.051234 -0.652872 0.275391 0.770508 1 16 1.000000
01_-_Default
  0 -1.097087 9.974625 103.894463 0.796899 0.603932 -0.014740 0.275391 0.770508 1 15 1.000000
  0 -1.097088 10.160620 111.515015 -0.000192 0.667183 -0.744894 0.275391 0.770508 1 16 1.000000
  0 1.986197 5.891866 103.308212 0.994563 -0.103918 -0.006713 0.275391 0.770508 1 15 1.000000
01_-_Default
  0 -1.097088 -10.355446 129.687347 -0.000062 -0.999981 -0.006195 0.175781 0.931641 1 16 1.000000
  0 10.778160 -6.188995 129.687347 0.702392 -0.711017 0.033163 0.257813 0.917969 1 16 1.000000
  0 -1.097088 -9.611456 140.238617 -0.000079 -0.988736 0.149668 0.175781 0.984985 1 16 1.000000
01_-_Default
  0 -1.097088 2.422907 109.756409 -0.000317 -0.311702 -0.950180 0.176758 0.759766 1 16 1.000000
  0 3.207284 -3.882555 109.170212 0.389905 -0.197443 -0.899439 0.207031 0.761719 1 16 1.000000
  0 -1.097088 -4.626565 107.997810 -0.000140 -0.243719 -0.969846 0.175781 0.753906 1 16 1.000000
01_-_Default
  0 5.367730 3.297117 111.515015 0.471210 0.155175 -0.868264 0.275391 0.770508 1 16 1.000000
  0 3.207284 -3.882555 109.170212 0.389905 -0.197443 -0.899439 0.207031 0.761719 1 16 1.000000
  0 -1.097088 2.422907 109.756409 -0.000317 -0.311702 -0.950180 0.176758 0.759766 1 16 1.000000
01_-_Default
  0 9.425566 -5.444976 116.790810 0.716913 -0.696703 -0.025319 0.250000 0.843750 1 16 1.000000
  0 -1.097088 -10.355446 129.687347 -0.000062 -0.999981 -0.006195 0.175781 0.931641 1 16 1.000000
  0 -1.097088 -9.537041 117.963165 -0.000086 -0.923286 0.384113 0.175781 0.851562 1 16 1.000000
01_-_Default
  0 9.650970 -5.221781 115.618362 0.793100 -0.547177 -0.267563 0.253906 0.827148 1 16 1.000000
  0 9.425566 -5.444976 116.790810 0.716913 -0.696703 -0.025319 0.250000 0.843750 1 16 1.000000
  0 -1.097088 -11.471471 116.204613 -0.000078 -0.990518 0.137384 0.175781 0.834961 1 16 1.000000
01_-_Default
  0 9.650970 -5.221781 115.618362 0.793100 -0.547177 -0.267563 0.253906 0.827148 1 16 1.000000
  0 -1.097088 -8.941826 111.515015 -0.000102 -0.795391 -0.606097 0.175781 0.791016 1 16 1.000000
  0 7.509345 -4.477776 112.101212 0.617654 -0.389690 -0.683114 0.237305 0.788086 1 16 1.000000
01_-_Default
  0 3.207284 -3.882555 109.170212 0.389905 -0.197443 -0.899439 0.207031 0.761719 1 16 1.000000
  0 -1.097088 -8.941826 111.515015 -0.000102 -0.795391 -0.606097 0.175781 0.791016 1 16 1.000000
  0 -1.097088 -4.626565 107.997810 -0.000140 -0.243719 -0.969846 0.175781 0.753906 1 16 1.000000
01_-_Default
  0 11.830200 10.160620 120.307961 0.892645 0.203479 -0.402221 0.287109 0.829102 1 16 1.000000
  0 10.101846 20.000160 122.652763 0.687080 0.456567 -0.565215 0.287109 0.844727 1 16 1.000000
  0 14.159690 8.393570 140.824860 0.996655 -0.081713 -0.001235 0.287109 0.985352 1 16 1.000000
01_-_Default
  0 -5.565879 15.982474 115.618362 -0.298313 0.551363 -0.779107 0.070313 0.769531 1 16 1.000000
  0 -1.097088 10.160620 111.515015 -0.000192 0.667183 -0.744894 0.070313 0.769531 1 16 1.000000
  0 -7.857815 9.546780 113.273613 -0.523355 0.356465 -0.773972 0.070313 0.769531 1 16 1.000000
01_-_Default
  0 3.376393 15.982474 115.618362 0.298310 0.551357 -0.779113 0.275391 0.770508 1 16 1.000000
  0 5.668280 9.546780 113.273613 0.523304 0.356486 -0.773997 0.275391 0.770508 1 16 1.000000
  0 -1.097088 10.160620 111.515015 -0.000192 0.667183 -0.744894 0.275391 0.770508 1 16 1.000000
01_-_Default
  0 1.986197 5.891866 103.308212 0.994563 -0.103918 -0.006713 0.275391 0.770508 1 15 1.000000
  0 1.986197 5.861623 110.342613 0.705136 0.141568 -0.694797 0.275391 0.770508 1 16 1.000000
  0 -1.097087 2.422906 102.722015 -0.000346 -0.999996 -0.002673 0.175781 0.765625 1 15 1.000000
01_-_Default
  0 -4.175678 5.861623 110.342613 -0.705396 0.141530 -0.694541 0.070313 0.769531 1 16 1.000000
  0 -1.097087 2.422906 102.722015 -0.000346 -0.999996 -0.002673 0.175781 0.765625 1 15 1.000000
  0 -1.097088 2.422907 109.756409 -0.000317 -0.311702 -0.950180 0.176758 0.759766 1 16 1.000000
01_-_Default
  0 -14.470575 5.910733 9.919728 -0.932673 0.198081 0.301472 0.921875 0.558594 2 9 0.500000 10 0.500000
  0 -14.771146 -8.123430 5.632763 -0.562239 -0.609664 0.558746 0.921875 0.609375 1 10 1.000000
  0 -11.126600 2.032305 9.919728 -0.031250 -0.631515 0.774734 0.945313 0.574219 2 9 0.500000 10 0.500000
01_-_Default
  0 -14.470575 5.910733 9.919728 -0.932673 0.198081 0.301472 0.921875 0.558594 2 9 0.500000 10 0.500000
  0 -11.464761 8.858589 9.919728 -0.070839 0.974422 0.213268 0.945313 0.531250 2 9 0.500000 10 0.500000
  0 -11.013901 12.225249 1.767681 0.014107 0.897022 -0.441760 0.945313 0.515625 1 10 1.000000
01_-_Default
  0 -4.758061 5.412923 1.767681 0.817694 0.263640 -0.511733 0.945313 0.601562 1 10 1.000000
  0 -17.250937 5.886922 1.767681 -0.813561 0.284258 -0.507264 0.945313 0.601562 1 10 1.000000
  0 -11.013901 12.225249 1.767681 0.014107 0.897022 -0.441760 0.945313 0.601562 1 10 1.000000
01_-_Default
  0 -11.464761 8.858589 9.919728 -0.070839 0.974422 0.213268 0.945313 0.531250 2 9 0.500000 10 0.500000
  0 -7.557216 5.724431 9.919728 0.918926 0.221271 0.326517 0.968750 0.558594 2 9 0.500000 10 0.500000
  0 -11.013901 12.225249 1.767681 0.014107 0.897022 -0.441760 0.945313 0.515625 1 10 1.000000
01_-_Default
  0 -16.649780 -5.891386 1.767681 -0.801289 -0.272309 -0.532714 0.917969 0.609375 1 10 1.000000
  0 -14.771146 -8.123430 5.632763 -0.562239 -0.609664 0.558746 0.921875 0.609375 1 10 1.000000
  0 -14.470575 5.910733 9.919728 -0.932673 0.198081 0.301472 0.921875 0.558594 2 9 0.500000 10 0.500000
01_-_Default
  0 -6.805786 -8.123430 5.632763 0.597583 -0.604115 0.527199 0.968750 0.609375 1 10 1.000000
  0 -14.771146 -8.123430 5.632763 -0.562239 -0.609664 0.558746 0.921875 0.609375 1 10 1.000000
  0 -11.013901 -10.950661 1.767681 -0.010025 -0.895525 -0.444899 0.945313 0.632812 1 10 1.000000
01_-_Default
  0 -11.126600 2.032305 9.919728 -0.031250 -0.631515 0.774734 0.945313 0.574219 2 9 0.500000 10 0.500000
  0 -6.805786 -8.123430 5.632763 0.597583 -0.604115 0.527199 0.968750 0.609375 1 10 1.000000
  0 -7.557216 5.724431 9.919728 0.918926 0.221271 0.326517 0.968750 0.558594 2 9 0.500000 10 0.500000
01_-_Default
  0 -7.557216 5.724431 9.919728 0.918926 0.221271 0.326517 0.968750 0.558594 2 9 0.500000 10 0.500000
  0 -6.805786 -8.123430 5.632763 0.597583 -0.604115 0.527199 0.968750 0.609375 1 10 1.000000
  0 -5.378030 -5.891386 1.767681 0.789614 -0.249951 -0.560388 0.968750 0.609375 1 10 1.000000
01_-_Default
  0 -11.126600 2.032305 9.919728 -0.031250 -0.631515 0.774734 0.945313 0.574219 2 9 0.500000 10 0.500000
  0 -14.771146 -8.123430 5.632763 -0.562239 -0.609664 0.558746 0.921875 0.609375 1 10 1.000000
  0 -6.805786 -8.123430 5.632763 0.597583 -0.604115 0.527199 0.968750 0.609375 1 10 1.000000
01_-_Default
  0 -11.013901 -10.950661 1.767681 -0.010025 -0.895525 -0.444899 0.945313 0.632812 1 10 1.000000
  0 -14.771146 -8.123430 5.632763 -0.562239 -0.609664 0.558746 0.921875 0.609375 1 10 1.000000
  0 -16.649780 -5.891386 1.767681 -0.801289 -0.272309 -0.532714 0.917969 0.609375 1 10 1.000000
01_-_Default
  0 -11.013901 -10.950661 1.767681 -0.010025 -0.895525 -0.444899 0.945313 0.601562 1 10 1.000000
  0 -16.649780 -5.891386 1.767681 -0.801289 -0.272309 -0.532714 0.945313 0.601562 1 10 1.000000
  0 -5.378030 -5.891386 1.767681 0.789614 -0.249951 -0.560388 0.945313 0.601562 1 10 1.000000
01_-_Default
  0 -11.013901 -10.950661 1.767681 -0.010025 -0.895525 -0.444899 0.945313 0.632812 1 10 1.000000
  0 -5.378030 -5.891386 1.767681 0.789614 -0.249951 -0.560388 0.968750 0.609375 1 10 1.000000
  0 -6.805786 -8.123430 5.632763 0.597583 -0.604115 0.527199 0.968750 0.609375 1 10 1.000000
01_-_Default
  0 -11.013901 12.225249 1.767681 0.014107 0.897022 -0.441760 0.945313 0.515625 1 10 1.000000
  0 -17.250937 5.886922 1.767681 -0.813561 0.284258 -0.507264 0.914063 0.558594 1 10 1.000000
  0 -14.470575 5.910733 9.919728 -0.932673 0.198081 0.301472 0.921875 0.558594 2 9 0.500000 10 0.500000
01_-_Default
  0 -11.013901 12.225249 1.767681 0.014107 0.897022 -0.441760 0.945313 0.515625 1 10 1.000000
  0 -7.557216 5.724431 9.919728 0.918926 0.221271 0.326517 0.968750 0.558594 2 9 0.500000 10 0.500000
  0 -4.758061 5.412923 1.767681 0.817694 0.263640 -0.511733 0.976563 0.554687 1 10 1.000000
01_-_Default
  0 -17.250937 5.886922 1.767681 -0.813561 0.284258 -0.507264 0.914063 0.558594 1 10 1.000000
  0 -16.649780 -5.891386 1.767681 -0.801289 -0.272309 -0.532714 0.917969 0.609375 1 10 1.000000
  0 -14.470575 5.910733 9.919728 -0.932673 0.198081 0.301472 0.921875 0.558594 2 9 0.500000 10 0.500000
01_-_Default
  0 -4.758061 5.412923 1.767681 0.817694 0.263640 -0.511733 0.976563 0.554687 1 10 1.000000
  0 -7.557216 5.724431 9.919728 0.918926 0.221271 0.326517 0.968750 0.558594 2 9 0.500000 10 0.500000
  0 -5.378030 -5.891386 1.767681 0.789614 -0.249951 -0.560388 0.968750 0.609375 1 10 1.000000
01_-_Default
  0 -16.649780 -5.891386 1.767681 -0.801289 -0.272309 -0.532714 0.945313 0.601562 1 10 1.000000
  0 -17.250937 5.886922 1.767681 -0.813561 0.284258 -0.507264 0.945313 0.601562 1 10 1.000000
  0 -4.758061 5.412923 1.767681 0.817694 0.263640 -0.511733 0.945313 0.601562 1 10 1.000000
01_-_Default
  0 -5.378030 -5.891386 1.767681 0.789614 -0.249951 -0.560388 0.945313 0.601562 1 10 1.000000
  0 -16.649780 -5.891386 1.767681 -0.801289 -0.272309 -0.532714 0.945313 0.601562 1 10 1.000000
  0 -4.758061 5.412923 1.767681 0.817694 0.263640 -0.511733 0.945313 0.601562 1 10 1.000000
01_-_Default
  0 -11.089061 8.616795 41.171219 -0.064096 0.997758 0.019232 0.820313 0.781250 1 9 1.000000
  0 -7.557216 5.724431 9.919728 0.918926 0.221271 0.326517 0.820313 0.617187 2 9 0.500000 10 0.500000
  0 -11.464761 8.858589 9.919728 -0.070839 0.974422 0.213268 0.820313 0.617187 2 9 0.500000 10 0.500000
01_-_Default
  0 -7.294206 5.329183 41.171219 0.997672 0.066699 -0.014185 0.820313 0.781250 1 9 1.000000
  0 -7.557216 5.724431 9.919728 0.918926 0.221271 0.326517 0.820313 0.617187 2 9 0.500000 10 0.500000
  0 -11.089061 8.616795 41.171219 -0.064096 0.997758 0.019232 0.820313 0.781250 1 9 1.000000
01_-_Default
  0 -7.294206 5.329183 41.171219 0.997672 0.066699 -0.014185 0.820313 0.781250 1 9 1.000000
  0 -11.126600 2.032305 9.919728 -0.031250 -0.631515 0.774734 0.820313 0.617187 2 9 0.500000 10 0.500000
  0 -7.557216 5.724431 9.919728 0.918926 0.221271 0.326517 0.820313 0.617187 2 9 0.500000 10 0.500000
01_-_Default
  0 -10.638186 1.399898 41.171219 0.004722 -0.999783 -0.020305 0.820313 0.781250 1 9 1.000000
  0 -11.126600 2.032305 9.919728 -0.031250 -0.631515 0.774734 0.820313 0.617187 2 9 0.500000 10 0.500000
  0 -7.294206 5.329183 41.171219 0.997672 0.066699 -0.014185 0.820313 0.781250 1 9 1.000000
01_-_Default
  0 -11.126600 2.032305 9.919728 -0.031250 -0.631515 0.774734 0.820313 0.617187 2 9 0.500000 10 0.500000
  0 -13.944555 5.329183 41.171219 -0.999877 -0.000518 0.015647 0.820313 0.781250 1 9 1.000000
  0 -14.470575 5.910733 9.919728 -0.932673 0.198081 0.301472 0.820313 0.617187 2 9 0.500000 10 0.500000
01_-_Default
  0 -10.638186 1.399898 41.171219 0.004722 -0.999783 -0.020305 0.820313 0.781250 1 9 1.000000
  0 -13.944555 5.329183 41.171219 -0.999877 -0.000518 0.015647 0.820313 0.781250 1 9 1.000000
  0 -11.126600 2.032305 9.919728 -0.031250 -0.631515 0.774734 0.820313 0.617187 2 9 0.500000 10 0.500000
01_-_Default
  0 -11.089061 8.616795 41.171219 -0.064096 0.997758 0.019232 0.820313 0.781250 1 9 1.000000
  0 -14.470575 5.910733 9.919728 -0.932673 0.198081 0.301472 0.820313 0.617187 2 9 0.500000 10 0.500000
  0 -13.944555 5.329183 41.171219 -0.999877 -0.000518 0.015647 0.820313 0.781250 1 9 1.000000
01_-_Default
  0 -11.464761 8.858589 9.919728 -0.070839 0.974422 0.213268 0.820313 0.617187 2 9 0.500000 10 0.500000
  0 -14.470575 5.910733 9.919728 -0.932673 0.198081 0.301472 0.820313 0.617187 2 9 0.500000 10 0.500000
  0 -11.089061 8.616795 41.171219 -0.064096 0.997758 0.019232 0.820313 0.781250 1 9 1.000000
01_-_Default
  0 8.974706 2.032305 9.919728 0.033888 -0.628871 0.776770 0.945313 0.574219 2 5 0.500000 6 0.500000
  0 12.731951 -8.123430 5.632763 0.574059 -0.608131 0.548300 0.921875 0.609375 1 6 1.000000
  0 12.281075 5.910734 9.919728 0.932546 0.200333 0.300376 0.921875 0.558594 2 5 0.500000 6 0.500000
01_-_Default
  0 8.824395 12.225249 1.767681 -0.015172 0.897174 -0.441418 0.945313 0.515625 1 6 1.000000
  0 9.275255 8.858589 9.919728 0.068364 0.974563 0.213430 0.945313 0.531250 2 5 0.500000 6 0.500000
  0 12.281075 5.910734 9.919728 0.932546 0.200333 0.300376 0.921875 0.558594 2 5 0.500000 6 0.500000
01_-_Default
  0 8.824395 12.225249 1.767681 -0.015172 0.897174 -0.441418 0.945313 0.601562 1 6 1.000000
  0 15.061426 5.886922 1.767681 0.813561 0.284257 -0.507264 0.945313 0.601562 1 6 1.000000
  0 2.587365 5.412923 1.767681 -0.818295 0.263140 -0.511029 0.945313 0.601562 1 6 1.000000
01_-_Default
  0 8.824395 12.225249 1.767681 -0.015172 0.897174 -0.441418 0.945313 0.515625 1 6 1.000000
  0 5.405330 5.724431 9.919728 -0.918906 0.220505 0.327091 0.968750 0.558594 2 5 0.500000 6 0.500000
  0 9.275255 8.858589 9.919728 0.068364 0.974563 0.213430 0.945313 0.531250 2 5 0.500000 6 0.500000
01_-_Default
  0 12.281075 5.910734 9.919728 0.932546 0.200333 0.300376 0.921875 0.558594 2 5 0.500000 6 0.500000
  0 12.731951 -8.123430 5.632763 0.574059 -0.608131 0.548300 0.921875 0.609375 1 6 1.000000
  0 14.460260 -5.891386 1.767681 0.797826 -0.264642 -0.541699 0.917969 0.609375 1 6 1.000000
01_-_Default
  0 8.824395 -10.950661 1.767681 0.009402 -0.894958 -0.446051 0.945313 0.632812 1 6 1.000000
  0 12.731951 -8.123430 5.632763 0.574059 -0.608131 0.548300 0.921875 0.609375 1 6 1.000000
  0 4.465995 -8.123430 5.632763 -0.611140 -0.600519 0.515640 0.968750 0.609375 1 6 1.000000
01_-_Default
  0 5.405330 5.724431 9.919728 -0.918906 0.220505 0.327091 0.968750 0.558594 2 5 0.500000 6 0.500000
  0 4.465995 -8.123430 5.632763 -0.611140 -0.600519 0.515640 0.968750 0.609375 1 6 1.000000
  0 8.974706 2.032305 9.919728 0.033888 -0.628871 0.776770 0.945313 0.574219 2 5 0.500000 6 0.500000
01_-_Default
  0 3.207284 -5.891386 1.767681 -0.785103 -0.240392 -0.570811 0.968750 0.609375 1 6 1.000000
  0 4.465995 -8.123430 5.632763 -0.611140 -0.600519 0.515640 0.968750 0.609375 1 6 1.000000
  0 5.405330 5.724431 9.919728 -0.918906 0.220505 0.327091 0.968750 0.558594 2 5 0.500000 6 0.500000
01_-_Default
  0 4.465995 -8.123430 5.632763 -0.611140 -0.600519 0.515640 0.968750 0.609375 1 6 1.000000
  0 12.731951 -8.123430 5.632763 0.574059 -0.608131 0.548300 0.921875 0.609375 1 6 1.000000
  0 8.974706 2.032305 9.919728 0.033888 -0.628871 0.776770 0.945313 0.574219 2 5 0.500000 6 0.500000
01_-_Default
  0 14.460260 -5.891386 1.767681 0.797826 -0.264642 -0.541699 0.917969 0.609375 1 6 1.000000
  0 12.731951 -8.123430 5.632763 0.574059 -0.608131 0.548300 0.921875 0.609375 1 6 1.000000
  0 8.824395 -10.950661 1.767681 0.009402 -0.894958 -0.446051 0.945313 0.632812 1 6 1.000000
01_-_Default
  0 3.207284 -5.891386 1.767681 -0.785103 -0.240392 -0.570811 0.945313 0.601562 1 6 1.000000
  0 14.460260 -5.891386 1.767681 0.797826 -0.264642 -0.541699 0.945313 0.601562 1 6 1.000000
  0 8.824395 -10.950661 1.767681 0.009402 -0.894958 -0.446051 0.945313 0.601562 1 6 1.000000
01_-_Default
  0 4.465995 -8.123430 5.632763 -0.611140 -0.600519 0.515640 0.968750 0.609375 1 6 1.000000
  0 3.207284 -5.891386 1.767681 -0.785103 -0.240392 -0.570811 0.968750 0.609375 1 6 1.000000
  0 8.824395 -10.950661 1.767681 0.009402 -0.894958 -0.446051 0.945313 0.632812 1 6 1.000000
01_-_Default
  0 12.281075 5.910734 9.919728 0.932546 0.200333 0.300376 0.921875 0.558594 2 5 0.500000 6 0.500000
  0 15.061426 5.886922 1.767681 0.813561 0.284257 -0.507264 0.914063 0.558594 1 6 1.000000
  0 8.824395 12.225249 1.767681 -0.015172 0.897174 -0.441418 0.945313 0.515625 1 6 1.000000
01_-_Default
  0 2.587365 5.412923 1.767681 -0.818295 0.263140 -0.511029 0.976563 0.554687 1 6 1.000000
  0 5.405330 5.724431 9.919728 -0.918906 0.220505 0.327091 0.968750 0.558594 2 5 0.500000 6 0.500000
  0 8.824395 12.225249 1.767681 -0.015172 0.897174 -0.441418 0.945313 0.515625 1 6 1.000000
01_-_Default
  0 12.281075 5.910734 9.919728 0.932546 0.200333 0.300376 0.921875 0.558594 2 5 0.500000 6 0.500000
  0 14.460260 -5.891386 1.767681 0.797826 -0.264642 -0.541699 0.917969 0.609375 1 6 1.000000
  0 15.061426 5.886922 1.767681 0.813561 0.284257 -0.507264 0.914063 0.558594 1 6 1.000000
01_-_Default
  0 3.207284 -5.891386 1.767681 -0.785103 -0.240392 -0.570811 0.968750 0.609375 1 6 1.000000
  0 5.405330 5.724431 9.919728 -0.918906 0.220505 0.327091 0.968750 0.558594 2 5 0.500000 6 0.500000
  0 2.587365 5.412923 1.767681 -0.818295 0.263140 -0.511029 0.976563 0.554687 1 6 1.000000
01_-_Default
  0 2.587365 5.412923 1.767681 -0.818295 0.263140 -0.511029 0.945313 0.601562 1 6 1.000000
  0 15.061426 5.886922 1.767681 0.813561 0.284257 -0.507264 0.945313 0.601562 1 6 1.000000
  0 14.460260 -5.891386 1.767681 0.797826 -0.264642 -0.541699 0.945313 0.601562 1 6 1.000000
01_-_Default
  0 2.587365 5.412923 1.767681 -0.818295 0.263140 -0.511029 0.945313 0.601562 1 6 1.000000
  0 14.460260 -5.891386 1.767681 0.797826 -0.264642 -0.541699 0.945313 0.601562 1 6 1.000000
  0 3.207284 -5.891386 1.767681 -0.785103 -0.240392 -0.570811 0.945313 0.601562 1 6 1.000000
01_-_Default
  0 9.275255 8.858589 9.919728 0.068364 0.974563 0.213430 0.820313 0.617187 2 5 0.500000 6 0.500000
  0 5.405330 5.724431 9.919728 -0.918906 0.220505 0.327091 0.820313 0.617187 2 5 0.500000 6 0.500000
  0 8.899540 8.616795 41.171219 0.061611 0.997915 0.019230 0.820313 0.781250 1 5 1.000000
01_-_Default
  0 8.899540 8.616795 41.171219 0.061611 0.997915 0.019230 0.820313 0.781250 1 5 1.000000
  0 5.405330 5.724431 9.919728 -0.918906 0.220505 0.327091 0.820313 0.617187 2 5 0.500000 6 0.500000
  0 5.142260 5.329184 41.171219 -0.997660 0.066766 -0.014732 0.820313 0.781250 1 5 1.000000
01_-_Default
  0 5.405330 5.724431 9.919728 -0.918906 0.220505 0.327091 0.820313 0.617187 2 5 0.500000 6 0.500000
  0 8.974706 2.032305 9.919728 0.033888 -0.628871 0.776770 0.820313 0.617187 2 5 0.500000 6 0.500000
  0 5.142260 5.329184 41.171219 -0.997660 0.066766 -0.014732 0.820313 0.781250 1 5 1.000000
01_-_Default
  0 5.142260 5.329184 41.171219 -0.997660 0.066766 -0.014732 0.820313 0.781250 1 5 1.000000
  0 8.974706 2.032305 9.919728 0.033888 -0.628871 0.776770 0.820313 0.617187 2 5 0.500000 6 0.500000
  0 8.448680 1.399898 41.171219 -0.008074 -0.999760 -0.020367 0.820313 0.781250 1 5 1.000000
01_-_Default
  0 12.281075 5.910734 9.919728 0.932546 0.200333 0.300376 0.820313 0.617187 2 5 0.500000 6 0.500000
  0 11.755055 5.329184 41.171219 0.999869 -0.000225 0.016201 0.820313 0.781250 1 5 1.000000
  0 8.974706 2.032305 9.919728 0.033888 -0.628871 0.776770 0.820313 0.617187 2 5 0.500000 6 0.500000
01_-_Default
  0 8.974706 2.032305 9.919728 0.033888 -0.628871 0.776770 0.820313 0.617187 2 5 0.500000 6 0.500000
  0 11.755055 5.329184 41.171219 0.999869 -0.000225 0.016201 0.820313 0.781250 1 5 1.000000
  0 8.448680 1.399898 41.171219 -0.008074 -0.999760 -0.020367 0.820313 0.781250 1 5 1.000000
01_-_Default
  0 11.755055 5.329184 41.171219 0.999869 -0.000225 0.016201 0.820313 0.781250 1 5 1.000000
  0 12.281075 5.910734 9.919728 0.932546 0.200333 0.300376 0.820313 0.617187 2 5 0.500000 6 0.500000
  0 8.899540 8.616795 41.171219 0.061611 0.997915 0.019230 0.820313 0.781250 1 5 1.000000
01_-_Default
  0 8.899540 8.616795 41.171219 0.061611 0.997915 0.019230 0.820313 0.781250 1 5 1.000000
  0 12.281075 5.910734 9.919728 0.932546 0.200333 0.300376 0.820313 0.617187 2 5 0.500000 6 0.500000
  0 9.275255 8.858589 9.919728 0.068364 0.974563 0.213430 0.820313 0.617187 2 5 0.500000 6 0.500000
01_-_Default
  0 43.886982 2.497308 77.515465 0.488645 0.051643 0.870953 0.471689 0.187500 1 20 1.000000
  0 22.136595 6.031042 89.508911 0.632011 0.039218 0.773967 0.399838 0.336235 2 20 0.500000 19 0.500000
  0 30.060099 -9.909031 71.946609 -0.432690 -0.844316 0.316087 0.359375 0.187500 1 20 1.000000
01_-_Default
  0 33.666897 14.866494 69.601814 -0.198984 0.970910 0.133191 0.359375 0.187500 1 20 1.000000
  0 25.851999 2.497308 59.050262 -0.928242 0.114611 -0.353879 0.471689 0.187500 1 20 1.000000
  0 16.267691 5.513753 85.167313 -0.888672 -0.051483 -0.455644 0.399838 0.336235 2 20 0.500000 19 0.500000
01_-_Default
  0 22.136595 6.031042 89.508911 0.632011 0.039218 0.773967 0.399838 0.336235 2 20 0.500000 19 0.500000
  0 43.886982 2.497308 77.515465 0.488645 0.051643 0.870953 0.471689 0.187500 1 20 1.000000
  0 33.666897 14.866494 69.601814 -0.198984 0.970910 0.133191 0.359375 0.187500 1 20 1.000000
01_-_Default
  0 16.267691 5.513753 85.167313 -0.888672 -0.051483 -0.455644 0.399838 0.336235 2 20 0.500000 19 0.500000
  0 25.851999 2.497308 59.050262 -0.928242 0.114611 -0.353879 0.471689 0.187500 1 20 1.000000
  0 30.060099 -9.909031 71.946609 -0.432690 -0.844316 0.316087 0.359375 0.187500 1 20 1.000000
01_-_Default
  0 20.065828 2.655405 87.187714 -0.074536 -0.922812 0.377972 0.359375 0.335937 2 20 0.500000 19 0.500000
  0 16.267691 5.513753 85.167313 -0.888672 -0.051483 -0.455644 0.399838 0.336235 2 20 0.500000 19 0.500000
  0 30.060099 -9.909031 71.946609 -0.432690 -0.844316 0.316087 0.359375 0.187500 1 20 1.000000
01_-_Default
  0 22.136595 6.031042 89.508911 0.632011 0.039218 0.773967 0.399838 0.336235 2 20 0.500000 19 0.500000
  0 20.065828 2.655405 87.187714 -0.074536 -0.922812 0.377972 0.359375 0.335937 2 20 0.500000 19 0.500000
  0 30.060099 -9.909031 71.946609 -0.432690 -0.844316 0.316087 0.359375 0.187500 1 20 1.000000
01_-_Default
  0 21.273018 10.493195 85.287361 -0.105796 0.979081 0.173803 0.359375 0.317727 1 20 1.000000
  0 33.666897 14.866494 69.601814 -0.198984 0.970910 0.133191 0.359375 0.187500 1 20 1.000000
  0 16.267691 5.513753 85.167313 -0.888672 -0.051483 -0.455644 0.399838 0.336235 2 20 0.500000 19 0.500000
01_-_Default
  0 6.573654 9.993239 105.066818 0.363707 0.718784 0.592508 0.437467 0.454160 2 19 0.500001 15 0.499999
  0 6.573655 2.627512 105.066811 0.397641 -0.574608 0.715337 0.437467 0.454160 2 19 0.500000 15 0.500000
  0 11.048447 8.161115 103.308212 0.632827 0.462801 0.620762 0.400000 0.459940 1 19 1.000000
01_-_Default
  0 6.573655 2.627512 105.066811 0.397641 -0.574608 0.715337 0.437467 0.454160 2 19 0.500000 15 0.500000
  0 11.799871 4.236455 103.308212 0.683410 -0.385224 0.620123 0.400000 0.459940 1 19 1.000000
  0 11.048447 8.161115 103.308212 0.632827 0.462801 0.620762 0.400000 0.459940 1 19 1.000000
01_-_Default
  0 11.273851 10.067595 96.273865 0.159564 0.978584 -0.130048 0.400000 0.424991 1 19 1.000000
  0 9.620686 6.645185 93.929062 -0.541161 0.094731 -0.835566 0.444002 0.399482 1 19 1.000000
  0 6.404610 9.490990 96.273865 0.278991 0.918492 -0.280244 0.444336 0.430963 2 19 0.500000 15 0.500000
01_-_Default
  0 11.499306 2.218301 96.860008 0.444931 -0.890847 -0.091808 0.400000 0.424991 1 19 1.000000
  0 13.453081 6.347548 99.204811 0.900703 0.095454 0.423819 0.359655 0.428616 1 19 1.000000
  0 11.799871 4.236455 103.308212 0.683410 -0.385224 0.620123 0.400000 0.459940 1 19 1.000000
01_-_Default
  0 11.799871 4.236455 103.308212 0.683410 -0.385224 0.620123 0.400000 0.459940 1 19 1.000000
  0 6.573655 2.627512 105.066811 0.397641 -0.574608 0.715337 0.437467 0.454160 2 19 0.500000 15 0.500000
  0 11.499306 2.218301 96.860008 0.444931 -0.890847 -0.091808 0.400000 0.424991 1 19 1.000000
01_-_Default
  0 13.453081 6.347548 99.204811 0.900703 0.095454 0.423819 0.359655 0.428616 1 19 1.000000
  0 11.273851 10.067595 96.273865 0.159564 0.978584 -0.130048 0.400000 0.424991 1 19 1.000000
  0 11.048447 8.161115 103.308212 0.632827 0.462801 0.620762 0.400000 0.459940 1 19 1.000000
01_-_Default
  0 11.048447 8.161115 103.308212 0.632827 0.462801 0.620762 0.400000 0.459940 1 19 1.000000
  0 11.799871 4.236455 103.308212 0.683410 -0.385224 0.620123 0.400000 0.459940 1 19 1.000000
  0 13.453081 6.347548 99.204811 0.900703 0.095454 0.423819 0.359655 0.428616 1 19 1.000000
01_-_Default
  0 9.620686 6.645185 93.929062 -0.541161 0.094731 -0.835566 0.444002 0.399482 1 19 1.000000
  0 11.499306 2.218301 96.860008 0.444931 -0.890847 -0.091808 0.400000 0.424991 1 19 1.000000
  0 6.442150 -1.092531 96.273865 0.560844 -0.824958 0.069986 0.444112 0.430944 2 19 0.500000 15 0.500000
01_-_Default
  0 6.442150 -1.092531 96.273865 0.560844 -0.824958 0.069986 0.444112 0.430944 2 19 0.500000 15 0.500000
  0 6.404610 9.490990 96.273865 0.278991 0.918492 -0.280244 0.444336 0.430963 2 19 0.500000 15 0.500000
  0 9.620686 6.645185 93.929062 -0.541161 0.094731 -0.835566 0.444002 0.399482 1 19 1.000000
01_-_Default
  0 6.404610 9.490990 96.273865 0.278991 0.918492 -0.280244 0.444336 0.430963 2 19 0.500000 15 0.500000
  0 6.573654 9.993239 105.066818 0.363707 0.718784 0.592508 0.437467 0.454160 2 19 0.500001 15 0.499999
  0 11.273851 10.067595 96.273865 0.159564 0.978584 -0.130048 0.400000 0.424991 1 19 1.000000
01_-_Default
  0 11.273851 10.067595 96.273865 0.159564 0.978584 -0.130048 0.400000 0.424991 1 19 1.000000
  0 13.453081 6.347548 99.204811 0.900703 0.095454 0.423819 0.359655 0.428616 1 19 1.000000
  0 18.154140 9.784445 88.679115 -0.042545 0.999008 0.013148 0.359450 0.352617 1 19 1.000000
01_-_Default
  0 22.136595 6.031042 89.508911 0.632011 0.039218 0.773967 0.399838 0.336235 2 20 0.500000 19 0.500000
  0 13.453081 6.347548 99.204811 0.900703 0.095454 0.423819 0.359655 0.428616 1 19 1.000000
  0 11.499306 2.218301 96.860008 0.444931 -0.890847 -0.091808 0.400000 0.424991 1 19 1.000000
01_-_Default
  0 9.620686 6.645185 93.929062 -0.541161 0.094731 -0.835566 0.444002 0.399482 1 19 1.000000
  0 18.154140 9.784445 88.679115 -0.042545 0.999008 0.013148 0.359450 0.352617 1 19 1.000000
  0 16.267691 5.513753 85.167313 -0.888672 -0.051483 -0.455644 0.399838 0.336235 2 20 0.500000 19 0.500000
01_-_Default
  0 16.267691 5.513753 85.167313 -0.888672 -0.051483 -0.455644 0.399838 0.336235 2 20 0.500000 19 0.500000
  0 11.499306 2.218301 96.860008 0.444931 -0.890847 -0.091808 0.400000 0.424991 1 19 1.000000
  0 9.620686 6.645185 93.929062 -0.541161 0.094731 -0.835566 0.444002 0.399482 1 19 1.000000
01_-_Default
  0 18.154140 9.784445 88.679115 -0.042545 0.999008 0.013148 0.359450 0.352617 1 19 1.000000
  0 22.136595 6.031042 89.508911 0.632011 0.039218 0.773967 0.399838 0.336235 2 20 0.500000 19 0.500000
  0 19.581278 10.043625 87.187714 -0.096414 0.988180 0.119186 0.359375 0.335937 2 20 0.500000 19 0.500000
01_-_Default
  0 18.154140 9.784445 88.679115 -0.042545 0.999008 0.013148 0.359450 0.352617 1 19 1.000000
  0 13.453081 6.347548 99.204811 0.900703 0.095454 0.423819 0.359655 0.428616 1 19 1.000000
  0 22.136595 6.031042 89.508911 0.632011 0.039218 0.773967 0.399838 0.336235 2 20 0.500000 19 0.500000
01_-_Default
  0 9.620686 6.645185 93.929062 -0.541161 0.094731 -0.835566 0.444002 0.399482 1 19 1.000000
  0 11.273851 10.067595 96.273865 0.159564 0.978584 -0.130048 0.400000 0.424991 1 19 1.000000
  0 18.154140 9.784445 88.679115 -0.042545 0.999008 0.013148 0.359450 0.352617 1 19 1.000000
01_-_Default
  0 16.267691 5.513753 85.167313 -0.888672 -0.051483 -0.455644 0.399838 0.336235 2 20 0.500000 19 0.500000
  0 18.154140 9.784445 88.679115 -0.042545 0.999008 0.013148 0.359450 0.352617 1 19 1.000000
  0 19.581278 10.043625 87.187714 -0.096414 0.988180 0.119186 0.359375 0.335937 2 20 0.500000 19 0.500000
01_-_Default
  0 22.136595 6.031042 89.508911 0.632011 0.039218 0.773967 0.399838 0.336235 2 20 0.500000 19 0.500000
  0 11.499306 2.218301 96.860008 0.444931 -0.890847 -0.091808 0.400000 0.424991 1 19 1.000000
  0 20.065828 2.655405 87.187714 -0.074536 -0.922812 0.377972 0.359375 0.335937 2 20 0.500000 19 0.500000
01_-_Default
  0 16.267691 5.513753 85.167313 -0.888672 -0.051483 -0.455644 0.399838 0.336235 2 20 0.500000 19 0.500000
  0 20.065828 2.655405 87.187714 -0.074536 -0.922812 0.377972 0.359375 0.335937 2 20 0.500000 19 0.500000
  0 11.499306 2.218301 96.860008 0.444931 -0.890847 -0.091808 0.400000 0.424991 1 19 1.000000
01_-_Default
  0 6.573654 9.993239 105.066818 0.363707 0.718784 0.592508 0.437467 0.454160 2 19 0.500001 15 0.499999
  0 11.048447 8.161115 103.308212 0.632827 0.462801 0.620762 0.400000 0.459940 1 19 1.000000
  0 11.273851 10.067595 96.273865 0.159564 0.978584 -0.130048 0.400000 0.424991 1 19 1.000000
01_-_Default
  0 6.573655 2.627512 105.066811 0.397641 -0.574608 0.715337 0.437467 0.454160 2 19 0.500000 15 0.500000
  0 6.442150 -1.092531 96.273865 0.560844 -0.824958 0.069986 0.444112 0.430944 2 19 0.500000 15 0.500000
  0 11.499306 2.218301 96.860008 0.444931 -0.890847 -0.091808 0.400000 0.424991 1 19 1.000000
01_-_Default
  0 21.273018 10.493195 85.287361 -0.105796 0.979081 0.173803 0.359375 0.317727 1 20 1.000000
  0 22.136595 6.031042 89.508911 0.632011 0.039218 0.773967 0.399838 0.336235 2 20 0.500000 19 0.500000
  0 33.666897 14.866494 69.601814 -0.198984 0.970910 0.133191 0.359375 0.187500 1 20 1.000000
01_-_Default
  0 19.581278 10.043625 87.187714 -0.096414 0.988180 0.119186 0.359375 0.335937 2 20 0.500000 19 0.500000
  0 22.136595 6.031042 89.508911 0.632011 0.039218 0.773967 0.399838 0.336235 2 20 0.500000 19 0.500000
  0 21.273018 10.493195 85.287361 -0.105796 0.979081 0.173803 0.359375 0.317727 1 20 1.000000
01_-_Default
  0 19.581278 10.043625 87.187714 -0.096414 0.988180 0.119186 0.359375 0.335937 2 20 0.500000 19 0.500000
  0 21.273018 10.493195 85.287361 -0.105796 0.979081 0.173803 0.359375 0.317727 1 20 1.000000
  0 16.267691 5.513753 85.167313 -0.888672 -0.051483 -0.455644 0.399838 0.336235 2 20 0.500000 19 0.500000
01_-_Default
  0 -8.721965 2.627512 105.066811 -0.397946 -0.574393 0.715340 0.539063 0.421875 2 15 0.500000 24 0.500000
  0 -4.764024 5.957349 108.215408 -0.622552 -0.000001 0.782579 0.554688 0.441406 1 15 1.000000
  0 -8.721965 9.993239 105.066818 -0.363998 0.718736 0.592388 0.539063 0.453125 2 15 0.499999 24 0.500001
01_-_Default
  0 -46.031513 2.497309 77.515465 -0.488647 0.051643 0.870952 0.471689 0.187500 1 25 1.000000
  0 -32.204800 -9.909031 71.946609 0.432690 -0.844316 0.316087 0.359375 0.187500 1 25 1.000000
  0 -24.281244 6.031042 89.508911 -0.632012 0.039218 0.773966 0.399838 0.336235 2 25 0.500000 24 0.500000
01_-_Default
  0 -35.811798 14.866495 69.601814 0.198978 0.970910 0.133195 0.359375 0.187500 1 25 1.000000
  0 -18.412399 5.513753 85.167313 0.888671 -0.051483 -0.455647 0.399838 0.336235 2 25 0.500000 24 0.500000
  0 -27.996695 2.497309 59.050262 0.928242 0.114617 -0.353879 0.471689 0.187500 1 25 1.000000
01_-_Default
  0 -24.281244 6.031042 89.508911 -0.632012 0.039218 0.773966 0.399838 0.336235 2 25 0.500000 24 0.500000
  0 -35.811798 14.866495 69.601814 0.198978 0.970910 0.133195 0.359375 0.187500 1 25 1.000000
  0 -46.031513 2.497309 77.515465 -0.488647 0.051643 0.870952 0.471689 0.187500 1 25 1.000000
01_-_Default
  0 -18.412399 5.513753 85.167313 0.888671 -0.051483 -0.455647 0.399838 0.336235 2 25 0.500000 24 0.500000
  0 -32.204800 -9.909031 71.946609 0.432690 -0.844316 0.316087 0.359375 0.187500 1 25 1.000000
  0 -27.996695 2.497309 59.050262 0.928242 0.114617 -0.353879 0.471689 0.187500 1 25 1.000000
01_-_Default
  0 -22.210514 2.655405 87.187714 0.074536 -0.922812 0.377972 0.359375 0.335937 2 25 0.500000 24 0.500000
  0 -32.204800 -9.909031 71.946609 0.432690 -0.844316 0.316087 0.359375 0.187500 1 25 1.000000
  0 -18.412399 5.513753 85.167313 0.888671 -0.051483 -0.455647 0.399838 0.336235 2 25 0.500000 24 0.500000
01_-_Default
  0 -24.281244 6.031042 89.508911 -0.632012 0.039218 0.773966 0.399838 0.336235 2 25 0.500000 24 0.500000
  0 -32.204800 -9.909031 71.946609 0.432690 -0.844316 0.316087 0.359375 0.187500 1 25 1.000000
  0 -22.210514 2.655405 87.187714 0.074536 -0.922812 0.377972 0.359375 0.335937 2 25 0.500000 24 0.500000
01_-_Default
  0 -23.417700 10.493195 85.287361 0.105799 0.979081 0.173800 0.359375 0.317727 1 25 1.000000
  0 -18.412399 5.513753 85.167313 0.888671 -0.051483 -0.455647 0.399838 0.336235 2 25 0.500000 24 0.500000
  0 -35.811798 14.866495 69.601814 0.198978 0.970910 0.133195 0.359375 0.187500 1 25 1.000000
01_-_Default
  0 -8.721965 9.993239 105.066818 -0.363998 0.718736 0.592388 0.437467 0.454160 2 15 0.499999 24 0.500001
  0 -13.193129 8.161115 103.308212 -0.632977 0.462710 0.620676 0.400000 0.459940 1 24 1.000000
  0 -8.721965 2.627512 105.066811 -0.397946 -0.574393 0.715340 0.437467 0.454160 2 15 0.500000 24 0.500000
01_-_Default
  0 -8.721965 2.627512 105.066811 -0.397946 -0.574393 0.715340 0.437467 0.454160 2 15 0.500000 24 0.500000
  0 -13.193129 8.161115 103.308212 -0.632977 0.462710 0.620676 0.400000 0.459940 1 24 1.000000
  0 -13.944553 4.236455 103.308212 -0.683508 -0.385155 0.620058 0.400000 0.459940 1 24 1.000000
01_-_Default
  0 -13.418533 10.067595 96.273865 -0.159384 0.978615 -0.130036 0.400000 0.424991 1 24 1.000000
  0 -8.571654 9.490990 96.273865 -0.278337 0.918908 -0.279529 0.444336 0.430963 2 15 0.500000 24 0.500000
  0 -11.765324 6.645185 93.929062 0.542472 0.094636 -0.834726 0.444002 0.399482 1 24 1.000000
01_-_Default
  0 -13.644005 2.218301 96.860008 -0.445789 -0.890421 -0.091775 0.400000 0.424991 1 24 1.000000
  0 -13.944553 4.236455 103.308212 -0.683508 -0.385155 0.620058 0.400000 0.459940 1 24 1.000000
  0 -15.597750 6.347548 99.204811 -0.900704 0.095455 0.423817 0.359655 0.428616 1 24 1.000000
01_-_Default
  0 -13.944553 4.236455 103.308212 -0.683508 -0.385155 0.620058 0.400000 0.459940 1 24 1.000000
  0 -13.644005 2.218301 96.860008 -0.445789 -0.890421 -0.091775 0.400000 0.424991 1 24 1.000000
  0 -8.721965 2.627512 105.066811 -0.397946 -0.574393 0.715340 0.437467 0.454160 2 15 0.500000 24 0.500000
01_-_Default
  0 -15.597750 6.347548 99.204811 -0.900704 0.095455 0.423817 0.359655 0.428616 1 24 1.000000
  0 -13.193129 8.161115 103.308212 -0.632977 0.462710 0.620676 0.400000 0.459940 1 24 1.000000
  0 -13.418533 10.067595 96.273865 -0.159384 0.978615 -0.130036 0.400000 0.424991 1 24 1.000000
01_-_Default
  0 -13.193129 8.161115 103.308212 -0.632977 0.462710 0.620676 0.400000 0.459940 1 24 1.000000
  0 -15.597750 6.347548 99.204811 -0.900704 0.095455 0.423817 0.359655 0.428616 1 24 1.000000
  0 -13.944553 4.236455 103.308212 -0.683508 -0.385155 0.620058 0.400000 0.459940 1 24 1.000000
01_-_Default
  0 -11.765324 6.645185 93.929062 0.542472 0.094636 -0.834726 0.444002 0.399482 1 24 1.000000
  0 -8.609260 -1.092532 96.273865 -0.561260 -0.824583 0.071064 0.444112 0.430944 2 15 0.500000 24 0.500000
  0 -13.644005 2.218301 96.860008 -0.445789 -0.890421 -0.091775 0.400000 0.424991 1 24 1.000000
01_-_Default
  0 -8.609260 -1.092532 96.273865 -0.561260 -0.824583 0.071064 0.444112 0.430944 2 15 0.500000 24 0.500000
  0 -11.765324 6.645185 93.929062 0.542472 0.094636 -0.834726 0.444002 0.399482 1 24 1.000000
  0 -8.571654 9.490990 96.273865 -0.278337 0.918908 -0.279529 0.444336 0.430963 2 15 0.500000 24 0.500000
01_-_Default
  0 -8.571654 9.490990 96.273865 -0.278337 0.918908 -0.279529 0.444336 0.430963 2 15 0.500000 24 0.500000
  0 -13.418533 10.067595 96.273865 -0.159384 0.978615 -0.130036 0.400000 0.424991 1 24 1.000000
  0 -8.721965 9.993239 105.066818 -0.363998 0.718736 0.592388 0.437467 0.454160 2 15 0.499999 24 0.500001
01_-_Default
  0 -13.418533 10.067595 96.273865 -0.159384 0.978615 -0.130036 0.400000 0.424991 1 24 1.000000
  0 -20.298815 9.784445 88.679115 0.042544 0.999008 0.013146 0.359450 0.352617 1 24 1.000000
  0 -15.597750 6.347548 99.204811 -0.900704 0.095455 0.423817 0.359655 0.428616 1 24 1.000000
01_-_Default
  0 -24.281244 6.031042 89.508911 -0.632012 0.039218 0.773966 0.399838 0.336235 2 25 0.500000 24 0.500000
  0 -13.644005 2.218301 96.860008 -0.445789 -0.890421 -0.091775 0.400000 0.424991 1 24 1.000000
  0 -15.597750 6.347548 99.204811 -0.900704 0.095455 0.423817 0.359655 0.428616 1 24 1.000000
01_-_Default
  0 -11.765324 6.645185 93.929062 0.542472 0.094636 -0.834726 0.444002 0.399482 1 24 1.000000
  0 -18.412399 5.513753 85.167313 0.888671 -0.051483 -0.455647 0.399838 0.336235 2 25 0.500000 24 0.500000
  0 -20.298815 9.784445 88.679115 0.042544 0.999008 0.013146 0.359450 0.352617 1 24 1.000000
01_-_Default
  0 -18.412399 5.513753 85.167313 0.888671 -0.051483 -0.455647 0.399838 0.336235 2 25 0.500000 24 0.500000
  0 -11.765324 6.645185 93.929062 0.542472 0.094636 -0.834726 0.444002 0.399482 1 24 1.000000
  0 -13.644005 2.218301 96.860008 -0.445789 -0.890421 -0.091775 0.400000 0.424991 1 24 1.000000
01_-_Default
  0 -20.298815 9.784445 88.679115 0.042544 0.999008 0.013146 0.359450 0.352617 1 24 1.000000
  0 -21.725965 10.043625 87.187714 0.096412 0.988180 0.119187 0.359375 0.335937 2 25 0.500000 24 0.500000
  0 -24.281244 6.031042 89.508911 -0.632012 0.039218 0.773966 0.399838 0.336235 2 25 0.500000 24 0.500000
01_-_Default
  0 -20.298815 9.784445 88.679115 0.042544 0.999008 0.013146 0.359450 0.352617 1 24 1.000000
  0 -24.281244 6.031042 89.508911 -0.632012 0.039218 0.773966 0.399838 0.336235 2 25 0.500000 24 0.500000
  0 -15.597750 6.347548 99.204811 -0.900704 0.095455 0.423817 0.359655 0.428616 1 24 1.000000
01_-_Default
  0 -11.765324 6.645185 93.929062 0.542472 0.094636 -0.834726 0.444002 0.399482 1 24 1.000000
  0 -20.298815 9.784445 88.679115 0.042544 0.999008 0.013146 0.359450 0.352617 1 24 1.000000
  0 -13.418533 10.067595 96.273865 -0.159384 0.978615 -0.130036 0.400000 0.424991 1 24 1.000000
01_-_Default
  0 -18.412399 5.513753 85.167313 0.888671 -0.051483 -0.455647 0.399838 0.336235 2 25 0.500000 24 0.500000
  0 -21.725965 10.043625 87.187714 0.096412 0.988180 0.119187 0.359375 0.335937 2 25 0.500000 24 0.500000
  0 -20.298815 9.784445 88.679115 0.042544 0.999008 0.013146 0.359450 0.352617 1 24 1.000000
01_-_Default
  0 -24.281244 6.031042 89.508911 -0.632012 0.039218 0.773966 0.399838 0.336235 2 25 0.500000 24 0.500000
  0 -22.210514 2.655405 87.187714 0.074536 -0.922812 0.377972 0.359375 0.335937 2 25 0.500000 24 0.500000
  0 -13.644005 2.218301 96.860008 -0.445789 -0.890421 -0.091775 0.400000 0.424991 1 24 1.000000
01_-_Default
  0 -18.412399 5.513753 85.167313 0.888671 -0.051483 -0.455647 0.399838 0.336235 2 25 0.500000 24 0.500000
  0 -13.644005 2.218301 96.860008 -0.445789 -0.890421 -0.091775 0.400000 0.424991 1 24 1.000000
  0 -22.210514 2.655405 87.187714 0.074536 -0.922812 0.377972 0.359375 0.335937 2 25 0.500000 24 0.500000
01_-_Default
  0 -8.721965 9.993239 105.066818 -0.363998 0.718736 0.592388 0.437467 0.454160 2 15 0.499999 24 0.500001
  0 -13.418533 10.067595 96.273865 -0.159384 0.978615 -0.130036 0.400000 0.424991 1 24 1.000000
  0 -13.193129 8.161115 103.308212 -0.632977 0.462710 0.620676 0.400000 0.459940 1 24 1.000000
01_-_Default
  0 -8.721965 2.627512 105.066811 -0.397946 -0.574393 0.715340 0.437467 0.454160 2 15 0.500000 24 0.500000
  0 -13.644005 2.218301 96.860008 -0.445789 -0.890421 -0.091775 0.400000 0.424991 1 24 1.000000
  0 -8.609260 -1.092532 96.273865 -0.561260 -0.824583 0.071064 0.444112 0.430944 2 15 0.500000 24 0.500000
01_-_Default
  0 -23.417700 10.493195 85.287361 0.105799 0.979081 0.173800 0.359375 0.317727 1 25 1.000000
  0 -35.811798 14.866495 69.601814 0.198978 0.970910 0.133195 0.359375 0.187500 1 25 1.000000
  0 -24.281244 6.031042 89.508911 -0.632012 0.039218 0.773966 0.399838 0.336235 2 25 0.500000 24 0.500000
01_-_Default
  0 -21.725965 10.043625 87.187714 0.096412 0.988180 0.119187 0.359375 0.335937 2 25 0.500000 24 0.500000
  0 -23.417700 10.493195 85.287361 0.105799 0.979081 0.173800 0.359375 0.317727 1 25 1.000000
  0 -24.281244 6.031042 89.508911 -0.632012 0.039218 0.773966 0.399838 0.336235 2 25 0.500000 24 0.500000
01_-_Default
  0 -21.725965 10.043625 87.187714 0.096412 0.988180 0.119187 0.359375 0.335937 2 25 0.500000 24 0.500000
  0 -18.412399 5.513753 85.167313 0.888671 -0.051483 -0.455647 0.399838 0.336235 2 25 0.500000 24 0.500000
  0 -23.417700 10.493195 85.287361 0.105799 0.979081 0.173800 0.359375 0.317727 1 25 1.000000
01_-_Default
  0 27.249126 4.336084 73.998314 0.980583 -0.133158 0.143963 0.220703 0.821289 1 21 1.000000
  0 28.903484 2.328257 76.343109 0.206108 0.649262 -0.732105 0.220703 0.821289 1 21 1.000000
  0 29.506721 -1.168224 73.412109 0.982851 0.112435 0.146156 0.220703 0.821289 1 21 1.000000
01_-_Default
  0 29.051130 6.824985 74.877609 0.108735 -0.989142 -0.098865 0.220703 0.821289 1 21 1.000000
  0 31.755812 7.649623 69.601814 0.537863 -0.674413 0.505837 0.220703 0.821289 1 21 1.000000
  0 31.006216 4.598718 76.929260 -0.228053 -0.966677 -0.116310 0.220703 0.821289 1 21 1.000000
01_-_Default
  0 31.006216 4.598718 76.929260 -0.228053 -0.966677 -0.116310 0.220703 0.821289 1 21 1.000000
  0 29.506721 -1.168224 73.412109 0.982851 0.112435 0.146156 0.220703 0.821289 1 21 1.000000
  0 28.903484 2.328257 76.343109 0.206108 0.649262 -0.732105 0.220703 0.821289 1 21 1.000000
01_-_Default
  0 29.506721 -1.168224 73.412109 0.982851 0.112435 0.146156 0.220703 0.821289 1 21 1.000000
  0 32.512150 -0.534035 65.791512 0.866147 -0.496161 -0.060112 0.220703 0.821289 1 21 1.000000
  0 31.755812 7.649623 69.601814 0.537863 -0.674413 0.505837 0.220703 0.821289 1 21 1.000000
01_-_Default
  0 31.755812 7.649623 69.601814 0.537863 -0.674413 0.505837 0.220703 0.821289 1 21 1.000000
  0 32.512150 -0.534035 65.791512 0.866147 -0.496161 -0.060112 0.220703 0.821289 1 21 1.000000
  0 33.261372 3.167849 64.326012 0.740417 -0.488627 0.461548 0.220703 0.821289 1 21 1.000000
01_-_Default
  0 35.816013 3.708769 72.532814 -0.875658 -0.264163 -0.404279 0.220703 0.821289 1 21 1.000000
  0 35.815258 4.982892 67.843208 -0.659267 -0.035435 0.751073 0.220703 0.821289 1 21 1.000000
  0 31.755812 7.649623 69.601814 0.537863 -0.674413 0.505837 0.220703 0.821289 1 21 1.000000
01_-_Default
  0 35.816013 3.708769 72.532814 -0.875658 -0.264163 -0.404279 0.220703 0.821289 1 21 1.000000
  0 35.815258 4.982892 67.843208 -0.659267 -0.035435 0.751073 0.220703 0.821289 1 21 1.000000
  0 36.419209 0.286684 69.894913 -0.768894 -0.427978 -0.475012 0.220703 0.821289 1 21 1.000000
01_-_Default
  0 31.755812 7.649623 69.601814 0.537863 -0.674413 0.505837 0.220703 0.821289 1 21 1.000000
  0 27.249126 4.336084 73.998314 0.980583 -0.133158 0.143963 0.220703 0.821289 1 21 1.000000
  0 28.904301 0.951839 66.377708 0.117221 0.390229 0.913225 0.220703 0.821289 1 21 1.000000
01_-_Default
  0 35.816013 3.708769 72.532814 -0.875658 -0.264163 -0.404279 0.220703 0.821289 1 21 1.000000
  0 36.419209 0.286684 69.894913 -0.768894 -0.427978 -0.475012 0.220703 0.821289 1 21 1.000000
  0 29.506721 -1.168224 73.412109 0.982851 0.112435 0.146156 0.220703 0.821289 1 21 1.000000
01_-_Default
  0 29.506721 -1.168224 73.412109 0.982851 0.112435 0.146156 0.220703 0.821289 1 21 1.000000
  0 28.904301 0.951839 66.377708 0.117221 0.390229 0.913225 0.220703 0.821289 1 21 1.000000
  0 27.249126 4.336084 73.998314 0.980583 -0.133158 0.143963 0.220703 0.821289 1 21 1.000000
01_-_Default
  0 31.755812 7.649623 69.601814 0.537863 -0.674413 0.505837 0.220703 0.821289 1 21 1.000000
  0 28.904301 0.951839 66.377708 0.117221 0.390229 0.913225 0.220703 0.821289 1 21 1.000000
  0 29.506721 -1.168224 73.412109 0.982851 0.112435 0.146156 0.220703 0.821289 1 21 1.000000
01_-_Default
  0 31.755812 7.649623 69.601814 0.537863 -0.674413 0.505837 0.220703 0.821289 1 21 1.000000
  0 33.261372 3.167849 64.326012 0.740417 -0.488627 0.461548 0.220703 0.821289 1 21 1.000000
  0 35.815258 4.982892 67.843208 -0.659267 -0.035435 0.751073 0.220703 0.821289 1 21 1.000000
01_-_Default
  0 35.815258 4.982892 67.843208 -0.659267 -0.035435 0.751073 0.220703 0.821289 1 21 1.000000
  0 33.261372 3.167849 64.326012 0.740417 -0.488627 0.461548 0.220703 0.821289 1 21 1.000000
  0 36.419209 0.286684 69.894913 -0.768894 -0.427978 -0.475012 0.220703 0.821289 1 21 1.000000
01_-_Default
  0 29.506721 -1.168224 73.412109 0.982851 0.112435 0.146156 0.220703 0.821289 1 21 1.000000
  0 32.512150 -0.534035 65.791512 0.866147 -0.496161 -0.060112 0.220703 0.821289 1 21 1.000000
  0 36.419209 0.286684 69.894913 -0.768894 -0.427978 -0.475012 0.220703 0.821289 1 21 1.000000
01_-_Default
  0 31.755812 7.649623 69.601814 0.537863 -0.674413 0.505837 0.220703 0.821289 1 21 1.000000
  0 29.051130 6.824985 74.877609 0.108735 -0.989142 -0.098865 0.220703 0.821289 1 21 1.000000
  0 27.249126 4.336084 73.998314 0.980583 -0.133158 0.143963 0.220703 0.821289 1 21 1.000000
01_-_Default
  0 29.506721 -1.168224 73.412109 0.982851 0.112435 0.146156 0.220703 0.821289 1 21 1.000000
  0 35.816013 3.708769 72.532814 -0.875658 -0.264163 -0.404279 0.220703 0.821289 1 21 1.000000
  0 31.006216 4.598718 76.929260 -0.228053 -0.966677 -0.116310 0.220703 0.821289 1 21 1.000000
01_-_Default
  0 31.755812 7.649623 69.601814 0.537863 -0.674413 0.505837 0.220703 0.821289 1 21 1.000000
  0 35.816013 3.708769 72.532814 -0.875658 -0.264163 -0.404279 0.220703 0.821289 1 21 1.000000
  0 31.006216 4.598718 76.929260 -0.228053 -0.966677 -0.116310 0.220703 0.821289 1 21 1.000000
01_-_Default
  0 36.419209 0.286684 69.894913 -0.768894 -0.427978 -0.475012 0.220703 0.821289 1 21 1.000000
  0 32.512150 -0.534035 65.791512 0.866147 -0.496161 -0.060112 0.220703 0.821289 1 21 1.000000
  0 33.261372 3.167849 64.326012 0.740417 -0.488627 0.461548 0.220703 0.821289 1 21 1.000000
end
