version 1
nodes
  0 "bone38"  -1
  1 "bone36"  -1
  2 "bone34"  -1
  3 "bone33"  -1
  4 "bone01"  -1
  5 "bone19"   4
  6 "bone15"   5
  7 "bone16"   6
  8 "bone18"   7
  9 "bone21"   8
 10 "bone07"   5
 11 "bone20"  10
 12 "bone17"  11
 13 "bone22"  12
 14 "bone03"   4
 15 "bone08"  14
 16 "bone05"  15
 17 "bone09"  16
 18 "bone11"  17
 19 "bone23"  18
 20 "bone24"  18
 21 "bone27"  18
 22 "bone28"  17
 23 "bone02"  14
 24 "bone04"  23
 25 "bone10"  24
 26 "bone29"  25
 27 "bone06"  14
 28 "bone12"  27
 29 "bone14"  27
 30 "bone30"  27
 31 "bone13"  14
 32 "bone32"  14
end
skeleton
time 0
  0 -2.437624 -1.142060 2.887016 0.000000 -0.000000 0.000000
  1 -2.437624 -1.142060 2.887016 0.000000 -0.000000 0.000000
  2 -2.437624 -1.142060 2.887016 0.000000 -0.000000 0.000000
  3 -4.744596 2.314000 171.985855 0.000000 -0.000000 0.000000
  4 -2.437624 -0.331022 81.382927 -0.000000 0.000000 0.000000
  5 0.000000 1.168600 -4.970116 -0.000000 -0.000000 0.000000
  6 9.220941 -0.130312 -8.950577 -0.000000 -0.000000 0.000000
  7 -0.379086 1.817745 -27.438255 -0.000000 -0.000000 0.000000
  8 0.656837 1.037957 -26.375032 -0.000000 -0.000000 0.000000
  9 0.796035 -3.893990 -5.945554 -0.000000 -0.000000 0.000000
 10 -8.723413 -0.130312 -8.511780 -0.000000 -0.000000 0.000000
 11 0.166783 1.557705 -27.548248 -0.000000 -0.000000 0.000000
 12 0.000000 1.297996 -26.876045 -0.000000 -0.000000 0.000000
 13 -1.085475 -3.893990 -4.940249 -0.000000 -0.000000 0.000000
 14 0.000000 1.168600 2.391052 -0.000000 -0.000000 0.000000
 15 -8.954584 1.659098 23.013397 -0.000000 -0.000000 0.000000
 16 -8.960400 1.470177 -13.389824 -0.000000 -0.000000 0.000000
 17 -9.780903 -1.363478 -17.267097 -0.000000 -0.000000 0.000000
 18 -54.863583 -63.715279 -67.806396 -0.000000 -0.000000 0.000000
 19 1.385239 133.273651 -0.815740 -0.000000 -0.000000 0.000000
 20 82.559471 60.780880 -5.467783 -0.000000 -0.000000 0.000000
 21 82.559471 60.780880 -5.467783 -0.000000 -0.000000 0.000000
 22 -2.238323 -0.251048 -4.447876 -0.000000 -0.000000 0.000000
 23 10.123375 1.597469 23.108040 -0.000000 -0.000000 0.000000
 24 8.007996 1.568942 -13.501724 -0.000000 -0.000000 0.000000
 25 9.976709 -2.484952 -17.123734 -0.000000 -0.000000 0.000000
 26 2.458271 0.212889 -4.979507 -0.000000 -0.000000 0.000000
 27 0.245642 0.395368 37.935547 -0.000000 -0.000000 0.000000
 28 -1.052361 10.954717 41.835526 0.314876 0.000000 0.000000
 29 -0.811214 27.144602 -11.317307 -0.000000 -0.000000 0.000000
 30 -0.733675 -0.876335 4.159645 -0.000000 -0.000000 0.000000
 31 0.218454 6.773144 15.299873 -0.000000 -0.000000 0.000000
 32 0.298744 -0.707891 8.638840 -0.000000 -0.000000 0.000000
end
triangles
01_-_Default
  0 -2.321053 -14.853812 74.399216 0.000004 -0.896447 0.443151 0.112054 0.314541 1 5 1.000000
  0 4.881922 -3.936791 89.258736 0.828140 -0.548232 0.116727 0.171262 0.445621 1 14 1.000000
  0 -2.321053 -7.380065 88.813110 0.000008 -0.979308 0.202376 0.112055 0.441829 1 14 1.000000
01_-_Default
  0 -2.321053 -14.853812 74.399216 0.000004 -0.896447 0.443151 0.112054 0.314541 1 5 1.000000
  0 9.019371 -6.416588 75.464310 0.779271 -0.448264 0.437946 0.205271 0.323597 1 5 1.000000
  0 4.881922 -3.936791 89.258736 0.828140 -0.548232 0.116727 0.171262 0.445621 1 14 1.000000
01_-_Default
  0 10.195986 9.913912 75.546127 0.761000 0.478591 0.437983 0.620608 0.337154 1 5 1.000000
  0 -2.321053 16.036079 75.576797 0.000007 0.876248 0.481861 0.537977 0.337154 1 5 1.000000
  0 -2.321053 8.093673 88.722031 0.000007 0.985246 0.171144 0.537977 0.430909 1 14 1.000000
01_-_Default
  0 6.846880 7.492003 112.509872 0.232366 0.807100 0.542767 0.598500 0.600083 1 14 1.000000
  0 6.982661 7.573337 102.425980 0.489553 0.817837 -0.302457 0.599396 0.528375 1 14 1.000000
  0 -2.321053 9.368314 102.475578 0.000003 0.999566 -0.029451 0.537977 0.528664 1 14 1.000000
01_-_Default
  0 8.702549 2.635443 113.830093 0.246975 -0.257576 0.934162 0.793979 0.357973 1 14 1.000000
  0 5.036444 3.202587 115.177528 0.552351 0.027400 0.833161 0.822143 0.369099 1 14 1.000000
  0 7.299473 -1.318951 110.448860 0.392814 -0.783822 0.480958 0.804927 0.330157 1 14 1.000000
01_-_Default
  0 -2.321053 -4.754190 113.295853 0.000011 -0.920147 0.391572 0.112055 0.658481 1 14 1.000000
  0 -2.321053 -6.257325 110.429634 0.000006 -0.915696 0.401871 0.112055 0.633171 1 14 1.000000
  0 5.036444 3.202587 115.177528 0.552351 0.027400 0.833161 0.172533 0.674788 1 14 1.000000
01_-_Default
  0 -2.321053 7.306559 115.870369 0.000011 0.978995 0.203886 0.537977 0.623985 1 14 1.000000
  0 5.036444 3.202587 115.177528 0.552351 0.027400 0.833161 0.586548 0.619205 1 14 1.000000
  0 -2.321053 8.951166 110.954910 0.000002 0.964713 0.263303 0.537977 0.588974 1 14 1.000000
01_-_Default
  0 5.036444 3.202587 115.177528 0.552351 0.027400 0.833161 0.822143 0.369099 1 14 1.000000
  0 8.702549 2.635443 113.830093 0.246975 -0.257576 0.934162 0.793979 0.357973 1 14 1.000000
  0 6.846880 7.492003 112.509872 0.232366 0.807100 0.542767 0.808065 0.346846 1 14 1.000000
01_-_Default
  0 5.036444 3.202587 115.177528 0.552351 0.027400 0.833161 0.586548 0.619205 1 14 1.000000
  0 6.846880 7.492003 112.509872 0.232366 0.807100 0.542767 0.598500 0.600083 1 14 1.000000
  0 -2.321053 8.951166 110.954910 0.000002 0.964713 0.263303 0.537977 0.588974 1 14 1.000000
01_-_Default
  0 7.299473 -1.318951 110.448860 0.392814 -0.783822 0.480958 0.191134 0.633121 1 14 1.000000
  0 5.036444 3.202587 115.177528 0.552351 0.027400 0.833161 0.172533 0.674788 1 14 1.000000
  0 -2.321053 -6.257325 110.429634 0.000006 -0.915696 0.401871 0.112055 0.633171 1 14 1.000000
01_-_Default
  0 -2.321053 7.306559 115.870369 0.000011 0.978995 0.203886 0.537977 0.623985 1 14 1.000000
  0 -2.321053 7.509297 119.905106 0.000014 0.998914 -0.046581 0.537977 0.652669 1 14 1.000000
  0 2.863937 2.935925 119.209908 0.922296 0.178823 0.342624 0.572207 0.647888 1 14 1.000000
01_-_Default
  0 2.863937 2.935925 119.209908 0.922296 0.178823 0.342624 0.572207 0.647888 1 14 1.000000
  0 5.036444 3.202587 115.177528 0.552351 0.027400 0.833161 0.586548 0.619205 1 14 1.000000
  0 -2.321053 7.306559 115.870369 0.000011 0.978995 0.203886 0.537977 0.623985 1 14 1.000000
01_-_Default
  0 2.863937 2.935925 119.209908 0.922296 0.178823 0.342624 0.154676 0.710502 1 14 1.000000
  0 -2.321053 -3.518645 117.832985 0.000015 -0.969519 0.245017 0.112055 0.698597 1 14 1.000000
  0 -2.321053 -4.754190 113.295853 0.000011 -0.920147 0.391572 0.112055 0.658481 1 14 1.000000
01_-_Default
  0 -2.321053 -4.754190 113.295853 0.000011 -0.920147 0.391572 0.112055 0.658481 1 14 1.000000
  0 5.036444 3.202587 115.177528 0.552351 0.027400 0.833161 0.172533 0.674788 1 14 1.000000
  0 2.863937 2.935925 119.209908 0.922296 0.178823 0.342624 0.154676 0.710502 1 14 1.000000
01_-_Default
  0 7.480354 2.514457 101.056068 0.841068 0.000865 -0.540929 0.803369 0.252272 1 14 1.000000
  0 9.308996 2.108281 101.241600 -0.598110 -0.182634 -0.780327 0.789321 0.253825 1 23 1.000000
  0 9.659568 -1.638420 105.741287 0.587424 -0.808805 -0.027707 0.783150 0.288433 1 23 1.000000
01_-_Default
  0 9.659568 -1.638420 105.741287 0.587424 -0.808805 -0.027707 0.783150 0.288433 1 23 1.000000
  0 7.706818 -3.681684 104.386452 0.690304 -0.723459 -0.009343 0.801798 0.280088 1 14 1.000000
  0 7.480354 2.514457 101.056068 0.841068 0.000865 -0.540929 0.803369 0.252272 1 14 1.000000
01_-_Default
  0 7.299473 -1.318951 110.448860 0.392814 -0.783822 0.480958 0.804927 0.330157 1 14 1.000000
  0 7.706818 -3.681684 104.386452 0.690304 -0.723459 -0.009343 0.801798 0.280088 1 14 1.000000
  0 9.659568 -1.638420 105.741287 0.587424 -0.808805 -0.027707 0.783150 0.288433 1 23 1.000000
01_-_Default
  0 7.480354 2.514457 101.056068 0.841068 0.000865 -0.540929 0.803369 0.252272 1 14 1.000000
  0 6.982661 7.573337 102.425980 0.489553 0.817837 -0.302457 0.807022 0.263398 1 14 1.000000
  0 10.564781 7.972417 105.117149 0.322297 0.940589 -0.106848 0.783150 0.288433 1 23 1.000000
01_-_Default
  0 10.564781 7.972417 105.117149 0.322297 0.940589 -0.106848 0.783150 0.288433 1 23 1.000000
  0 9.308996 2.108281 101.241600 -0.598110 -0.182634 -0.780327 0.789321 0.253825 1 23 1.000000
  0 7.480354 2.514457 101.056068 0.841068 0.000865 -0.540929 0.803369 0.252272 1 14 1.000000
01_-_Default
  0 6.982661 7.573337 102.425980 0.489553 0.817837 -0.302457 0.807022 0.263398 1 14 1.000000
  0 6.846880 7.492003 112.509872 0.232366 0.807100 0.542767 0.808065 0.346846 1 14 1.000000
  0 10.564781 7.972417 105.117149 0.322297 0.940589 -0.106848 0.783150 0.288433 1 23 1.000000
01_-_Default
  0 7.706818 -3.681684 104.386452 0.690304 -0.723459 -0.009343 0.194481 0.579549 1 14 1.000000
  0 7.299473 -1.318951 110.448860 0.392814 -0.783822 0.480958 0.191134 0.633121 1 14 1.000000
  0 -2.321053 -8.651281 101.537552 0.000006 -0.997499 0.070680 0.112055 0.554547 1 14 1.000000
01_-_Default
  0 4.881922 -3.936791 89.258736 0.828140 -0.548232 0.116727 0.171262 0.445621 1 14 1.000000
  0 7.706818 -3.681684 104.386452 0.690304 -0.723459 -0.009343 0.194481 0.579549 1 14 1.000000
  0 -2.321053 -8.651281 101.537552 0.000006 -0.997499 0.070680 0.112055 0.554547 1 14 1.000000
01_-_Default
  0 4.881922 -3.936791 89.258736 0.828140 -0.548232 0.116727 0.262773 0.516520 1 14 1.000000
  0 7.480354 2.514457 101.056068 0.841068 0.000865 -0.540929 0.344028 0.677667 1 14 1.000000
  0 7.706818 -3.681684 104.386452 0.690304 -0.723459 -0.009343 0.264980 0.723709 1 14 1.000000
01_-_Default
  0 6.982661 7.573337 102.425980 0.489553 0.817837 -0.302457 0.599396 0.528375 1 14 1.000000
  0 5.280431 5.036881 89.471771 0.851137 0.517424 0.088537 0.588160 0.436350 1 14 1.000000
  0 -2.321053 8.093673 88.722031 0.000007 0.985246 0.171144 0.537977 0.430909 1 14 1.000000
01_-_Default
  0 -2.321053 8.093673 88.722031 0.000007 0.985246 0.171144 0.537977 0.430909 1 14 1.000000
  0 -2.321053 9.368314 102.475578 0.000003 0.999566 -0.029451 0.537977 0.528664 1 14 1.000000
  0 6.982661 7.573337 102.425980 0.489553 0.817837 -0.302457 0.599396 0.528375 1 14 1.000000
01_-_Default
  0 4.881922 -3.936791 89.258736 0.828140 -0.548232 0.116727 0.262773 0.516520 1 14 1.000000
  0 5.280431 5.036881 89.471771 0.851137 0.517424 0.088537 0.376909 0.518822 1 14 1.000000
  0 7.480354 2.514457 101.056068 0.841068 0.000865 -0.540929 0.344028 0.677667 1 14 1.000000
01_-_Default
  0 5.280431 5.036881 89.471771 0.851137 0.517424 0.088537 0.376909 0.518822 1 14 1.000000
  0 6.982661 7.573337 102.425980 0.489553 0.817837 -0.302457 0.408286 0.696084 1 14 1.000000
  0 7.480354 2.514457 101.056068 0.841068 0.000865 -0.540929 0.344028 0.677667 1 14 1.000000
01_-_Default
  0 9.019371 -6.416588 75.464310 0.779271 -0.448264 0.437946 0.232175 0.327748 1 5 1.000000
  0 10.195986 9.913912 75.546127 0.761000 0.478591 0.437983 0.439904 0.327748 1 5 1.000000
  0 5.280431 5.036881 89.471771 0.851137 0.517424 0.088537 0.376909 0.518822 1 14 1.000000
01_-_Default
  0 5.280431 5.036881 89.471771 0.851137 0.517424 0.088537 0.376909 0.518822 1 14 1.000000
  0 4.881922 -3.936791 89.258736 0.828140 -0.548232 0.116727 0.262773 0.516520 1 14 1.000000
  0 9.019371 -6.416588 75.464310 0.779271 -0.448264 0.437946 0.232175 0.327748 1 5 1.000000
01_-_Default
  0 -2.321053 -14.853812 74.399216 0.000004 -0.896447 0.443151 0.311020 0.297547 1 5 1.000000
  0 -2.321053 -22.480999 59.250706 0.000001 -0.905978 0.423325 0.311020 0.183411 2 6 0.500000 10 0.500000
  0 18.489973 -11.628063 59.639465 0.748801 -0.443401 0.492639 0.451834 0.184407 1 6 1.000000
01_-_Default
  0 18.489973 -11.628063 59.639465 0.748801 -0.443401 0.492639 0.451834 0.184407 1 6 1.000000
  0 9.019371 -6.416588 75.464310 0.779271 -0.448264 0.437946 0.392980 0.301332 1 5 1.000000
  0 -2.321053 -14.853812 74.399216 0.000004 -0.896447 0.443151 0.311020 0.297547 1 5 1.000000
01_-_Default
  0 -2.321053 25.193577 59.889286 0.000004 0.915961 0.401267 0.311020 0.183411 2 6 0.500000 10 0.500000
  0 10.195986 9.913912 75.546127 0.761000 0.478591 0.437983 0.392980 0.301332 1 5 1.000000
  0 17.857481 10.357537 59.749615 0.835481 0.390881 0.386242 0.451834 0.184407 1 6 1.000000
01_-_Default
  0 10.195986 9.913912 75.546127 0.761000 0.478591 0.437983 0.630491 0.305998 1 5 1.000000
  0 9.019371 -6.416588 75.464310 0.779271 -0.448264 0.437946 0.507129 0.305998 1 5 1.000000
  0 18.489973 -11.628063 59.639465 0.748801 -0.443401 0.492639 0.468406 0.177488 1 6 1.000000
01_-_Default
  0 18.489973 -11.628063 59.639465 0.748801 -0.443401 0.492639 0.468406 0.177488 1 6 1.000000
  0 17.857481 10.357537 59.749615 0.835481 0.390881 0.386242 0.634486 0.177488 1 6 1.000000
  0 10.195986 9.913912 75.546127 0.761000 0.478591 0.437983 0.630491 0.305998 1 5 1.000000
01_-_Default
  0 9.659568 -1.638420 105.741287 0.587424 -0.808805 -0.027707 0.783150 0.288433 1 23 1.000000
  0 14.919380 2.755029 106.824814 0.964890 -0.103170 0.241542 0.746219 0.300000 1 23 1.000000
  0 12.707332 3.133264 113.190697 0.710296 -0.031921 0.703179 0.763211 0.352661 1 23 1.000000
01_-_Default
  0 12.707332 3.133264 113.190697 0.710296 -0.031921 0.703179 0.763211 0.352661 1 23 1.000000
  0 7.299473 -1.318951 110.448860 0.392814 -0.783822 0.480958 0.804927 0.330157 1 14 1.000000
  0 9.659568 -1.638420 105.741287 0.587424 -0.808805 -0.027707 0.783150 0.288433 1 23 1.000000
01_-_Default
  0 12.707332 3.133264 113.190697 0.710296 -0.031921 0.703179 0.763211 0.352661 1 23 1.000000
  0 14.919380 2.755029 106.824814 0.964890 -0.103170 0.241542 0.746219 0.300000 1 23 1.000000
  0 10.564781 7.972417 105.117149 0.322297 0.940589 -0.106848 0.783150 0.288433 1 23 1.000000
01_-_Default
  0 10.564781 7.972417 105.117149 0.322297 0.940589 -0.106848 0.783150 0.288433 1 23 1.000000
  0 6.846880 7.492003 112.509872 0.232366 0.807100 0.542767 0.808065 0.346846 1 14 1.000000
  0 12.707332 3.133264 113.190697 0.710296 -0.031921 0.703179 0.763211 0.352661 1 23 1.000000
01_-_Default
  0 6.846880 7.492003 112.509872 0.232366 0.807100 0.542767 0.808065 0.346846 1 14 1.000000
  0 8.702549 2.635443 113.830093 0.246975 -0.257576 0.934162 0.793979 0.357973 1 14 1.000000
  0 12.707332 3.133264 113.190697 0.710296 -0.031921 0.703179 0.763211 0.352661 1 23 1.000000
01_-_Default
  0 9.659568 -1.638420 105.741287 0.587424 -0.808805 -0.027707 0.783150 0.288433 1 23 1.000000
  0 9.308996 2.108281 101.241600 -0.598110 -0.182634 -0.780327 0.789321 0.253825 1 23 1.000000
  0 12.968903 3.644571 92.751595 -0.903971 -0.022724 -0.426990 0.761204 0.183506 2 24 0.500000 23 0.500000
01_-_Default
  0 9.308996 2.108281 101.241600 -0.598110 -0.182634 -0.780327 0.789321 0.253825 1 23 1.000000
  0 10.564781 7.972417 105.117149 0.322297 0.940589 -0.106848 0.783150 0.288433 1 23 1.000000
  0 14.404785 6.053967 96.763374 -0.079632 0.996675 -0.017271 0.750002 0.216604 1 23 1.000000
01_-_Default
  0 14.404785 6.053967 96.763374 -0.079632 0.996675 -0.017271 0.750002 0.216604 1 23 1.000000
  0 12.968903 3.644571 92.751595 -0.903971 -0.022724 -0.426990 0.761204 0.183506 2 24 0.500000 23 0.500000
  0 9.308996 2.108281 101.241600 -0.598110 -0.182634 -0.780327 0.789321 0.253825 1 23 1.000000
01_-_Default
  0 14.404785 6.053967 96.763374 -0.079632 0.996675 -0.017271 0.750002 0.216604 1 23 1.000000
  0 10.564781 7.972417 105.117149 0.322297 0.940589 -0.106848 0.783150 0.288433 1 23 1.000000
  0 14.919380 2.755029 106.824814 0.964890 -0.103170 0.241542 0.746219 0.300000 1 23 1.000000
01_-_Default
  0 14.919380 2.755029 106.824814 0.964890 -0.103170 0.241542 0.746219 0.300000 1 23 1.000000
  0 18.593525 3.961517 94.226830 0.915070 -0.048417 0.400377 0.717994 0.195699 2 24 0.500000 23 0.500000
  0 14.404785 6.053967 96.763374 -0.079632 0.996675 -0.017271 0.750002 0.216604 1 23 1.000000
01_-_Default
  0 14.919380 2.755029 106.824814 0.964890 -0.103170 0.241542 0.746219 0.300000 1 23 1.000000
  0 15.362282 2.199914 93.633408 0.027598 -0.997944 -0.057841 0.740519 0.190861 1 23 1.000000
  0 18.593525 3.961517 94.226830 0.915070 -0.048417 0.400377 0.717994 0.195699 2 24 0.500000 23 0.500000
01_-_Default
  0 8.702549 2.635443 113.830093 0.246975 -0.257576 0.934162 0.793979 0.357973 1 14 1.000000
  0 7.299473 -1.318951 110.448860 0.392814 -0.783822 0.480958 0.804927 0.330157 1 14 1.000000
  0 12.707332 3.133264 113.190697 0.710296 -0.031921 0.703179 0.763211 0.352661 1 23 1.000000
01_-_Default
  0 12.968903 3.644571 92.751595 -0.903971 -0.022724 -0.426990 0.761204 0.183506 2 24 0.500000 23 0.500000
  0 14.404785 6.053967 96.763374 -0.079632 0.996675 -0.017271 0.750002 0.216604 1 23 1.000000
  0 15.960594 6.212651 93.653519 0.016077 0.999786 0.013054 0.740519 0.190861 1 23 1.000000
01_-_Default
  0 14.404785 6.053967 96.763374 -0.079632 0.996675 -0.017271 0.750002 0.216604 1 23 1.000000
  0 18.593525 3.961517 94.226830 0.915070 -0.048417 0.400377 0.717994 0.195699 2 24 0.500000 23 0.500000
  0 15.960594 6.212651 93.653519 0.016077 0.999786 0.013054 0.740519 0.190861 1 23 1.000000
01_-_Default
  0 12.968903 3.644571 92.751595 -0.903971 -0.022724 -0.426990 0.761204 0.183506 2 24 0.500000 23 0.500000
  0 15.960594 6.212651 93.653519 0.016077 0.999786 0.013054 0.740519 0.190861 1 23 1.000000
  0 17.276983 6.081443 90.541916 -0.065375 0.996575 -0.050644 0.727938 0.165119 1 24 1.000000
01_-_Default
  0 15.960594 6.212651 93.653519 0.016077 0.999786 0.013054 0.740519 0.190861 1 23 1.000000
  0 18.593525 3.961517 94.226830 0.915070 -0.048417 0.400377 0.717994 0.195699 2 24 0.500000 23 0.500000
  0 17.276983 6.081443 90.541916 -0.065375 0.996575 -0.050644 0.727938 0.165119 1 24 1.000000
01_-_Default
  0 12.968903 3.644571 92.751595 -0.903971 -0.022724 -0.426990 0.761204 0.183506 2 24 0.500000 23 0.500000
  0 17.276983 6.081443 90.541916 -0.065375 0.996575 -0.050644 0.727938 0.165119 1 24 1.000000
  0 25.972374 6.051076 76.103859 -0.015309 0.999721 -0.017990 0.660563 0.044900 1 24 1.000000
01_-_Default
  0 25.972374 6.051076 76.103859 -0.015309 0.999721 -0.017990 0.660563 0.044900 1 24 1.000000
  0 22.289539 1.707333 74.642471 -0.896625 -0.161661 -0.412224 0.689601 0.033730 1 24 1.000000
  0 12.968903 3.644571 92.751595 -0.903971 -0.022724 -0.426990 0.761204 0.183506 2 24 0.500000 23 0.500000
01_-_Default
  0 17.276983 6.081443 90.541916 -0.065375 0.996575 -0.050644 0.727938 0.165119 1 24 1.000000
  0 18.593525 3.961517 94.226830 0.915070 -0.048417 0.400377 0.717994 0.195699 2 24 0.500000 23 0.500000
  0 30.043211 3.193018 76.989326 0.830624 0.048466 0.554720 0.630034 0.053091 1 24 1.000000
01_-_Default
  0 30.043211 3.193018 76.989326 0.830624 0.048466 0.554720 0.630034 0.053091 1 24 1.000000
  0 25.972374 6.051076 76.103859 -0.015309 0.999721 -0.017990 0.660563 0.044900 1 24 1.000000
  0 17.276983 6.081443 90.541916 -0.065375 0.996575 -0.050644 0.727938 0.165119 1 24 1.000000
01_-_Default
  0 30.043211 3.193018 76.989326 0.830624 0.048466 0.554720 0.630034 0.053091 1 24 1.000000
  0 18.593525 3.961517 94.226830 0.915070 -0.048417 0.400377 0.717994 0.195699 2 24 0.500000 23 0.500000
  0 15.362282 2.199914 93.633408 0.027598 -0.997944 -0.057841 0.740519 0.190861 1 23 1.000000
01_-_Default
  0 15.362282 2.199914 93.633408 0.027598 -0.997944 -0.057841 0.740519 0.190861 1 23 1.000000
  0 26.166307 -1.289555 75.887039 0.106778 -0.968053 0.226872 0.660563 0.044900 1 24 1.000000
  0 30.043211 3.193018 76.989326 0.830624 0.048466 0.554720 0.630034 0.053091 1 24 1.000000
01_-_Default
  0 26.166307 -1.289555 75.887039 0.106778 -0.968053 0.226872 0.660563 0.044900 1 24 1.000000
  0 15.362282 2.199914 93.633408 0.027598 -0.997944 -0.057841 0.740519 0.190861 1 23 1.000000
  0 12.968903 3.644571 92.751595 -0.903971 -0.022724 -0.426990 0.761204 0.183506 2 24 0.500000 23 0.500000
01_-_Default
  0 12.968903 3.644571 92.751595 -0.903971 -0.022724 -0.426990 0.761204 0.183506 2 24 0.500000 23 0.500000
  0 22.289539 1.707333 74.642471 -0.896625 -0.161661 -0.412224 0.689601 0.033730 1 24 1.000000
  0 26.166307 -1.289555 75.887039 0.106778 -0.968053 0.226872 0.660563 0.044900 1 24 1.000000
01_-_Default
  0 15.362282 2.199914 93.633408 0.027598 -0.997944 -0.057841 0.740519 0.190861 1 23 1.000000
  0 14.919380 2.755029 106.824814 0.964890 -0.103170 0.241542 0.746219 0.300000 1 23 1.000000
  0 9.659568 -1.638420 105.741287 0.587424 -0.808805 -0.027707 0.783150 0.288433 1 23 1.000000
01_-_Default
  0 12.968903 3.644571 92.751595 -0.903971 -0.022724 -0.426990 0.761204 0.183506 2 24 0.500000 23 0.500000
  0 15.362282 2.199914 93.633408 0.027598 -0.997944 -0.057841 0.740519 0.190861 1 23 1.000000
  0 9.659568 -1.638420 105.741287 0.587424 -0.808805 -0.027707 0.783150 0.288433 1 23 1.000000
01_-_Default
  0 24.498108 0.814332 78.189682 -0.899886 0.243142 -0.362059 0.875000 0.051001 1 25 1.000000
  0 26.127489 3.631238 76.186920 -0.899886 0.243142 -0.362059 0.869629 0.041968 1 25 1.000000
  0 25.946447 -1.394095 73.472610 -0.899886 0.243142 -0.362059 0.873884 0.026448 1 25 1.000000
01_-_Default
  0 33.550209 0.859589 69.282089 0.876785 -0.479023 0.042248 0.867188 0.013892 1 25 1.000000
  0 32.645004 2.111801 67.103432 0.285344 -0.102493 -0.952929 0.867188 0.013892 1 25 1.000000
  0 32.463966 6.572068 67.798065 0.285865 0.748556 -0.598284 0.873884 0.026448 1 25 1.000000
01_-_Default
  0 33.550209 0.859589 69.282089 0.876785 -0.479023 0.042248 0.867188 0.013892 1 25 1.000000
  0 32.463966 6.572068 67.798065 0.285865 0.748556 -0.598284 0.873884 0.026448 1 25 1.000000
  0 32.101875 5.534621 70.482018 0.693319 0.541331 0.475678 0.873884 0.026448 1 25 1.000000
01_-_Default
  0 24.498108 0.814332 78.189682 -0.290004 -0.243464 0.925539 0.875000 0.051001 1 25 1.000000
  0 28.028437 -0.698032 73.560127 0.454104 -0.834351 0.312486 0.869629 0.041968 1 25 1.000000
  0 26.127489 3.631238 76.186920 0.182505 0.545308 0.818126 0.869629 0.041968 1 25 1.000000
01_-_Default
  0 26.851658 6.024195 73.173630 -0.081558 0.994723 0.062247 0.873884 0.026448 1 25 1.000000
  0 32.463966 6.572068 67.798065 0.285865 0.748556 -0.598284 0.873884 0.026448 1 25 1.000000
  0 27.213741 0.689387 71.802330 0.229549 -0.656228 -0.718799 0.857422 0.026001 1 25 1.000000
01_-_Default
  0 26.127489 3.631238 76.186920 0.899886 -0.243142 0.362059 0.869629 0.041968 1 25 1.000000
  0 24.498108 0.814332 78.189682 0.899886 -0.243142 0.362059 0.875000 0.051001 1 25 1.000000
  0 25.946447 -1.394095 73.472610 0.899886 -0.243142 0.362059 0.873884 0.026448 1 25 1.000000
01_-_Default
  0 32.463966 6.572068 67.798065 0.285865 0.748556 -0.598284 0.873884 0.026448 1 25 1.000000
  0 32.645004 2.111801 67.103432 0.285344 -0.102493 -0.952929 0.867188 0.013892 1 25 1.000000
  0 27.213741 0.689387 71.802330 0.229549 -0.656228 -0.718799 0.857422 0.026001 1 25 1.000000
01_-_Default
  0 32.645004 2.111801 67.103432 0.285344 -0.102493 -0.952929 0.867188 0.013892 1 25 1.000000
  0 33.550209 0.859589 69.282089 0.876785 -0.479023 0.042248 0.867188 0.013892 1 25 1.000000
  0 29.024168 -0.687916 68.097824 -0.456038 -0.529538 -0.715275 0.867188 0.013892 1 25 1.000000
01_-_Default
  0 26.851658 6.024195 73.173630 -0.081558 0.994723 0.062247 0.873884 0.026448 1 25 1.000000
  0 32.101875 5.534621 70.482018 0.693319 0.541331 0.475678 0.873884 0.026448 1 25 1.000000
  0 32.463966 6.572068 67.798065 0.285865 0.748556 -0.598284 0.873884 0.026448 1 25 1.000000
01_-_Default
  0 29.024168 -0.687916 68.097824 -0.456038 -0.529538 -0.715275 0.867188 0.013892 1 25 1.000000
  0 33.550209 0.859589 69.282089 0.876785 -0.479023 0.042248 0.867188 0.013892 1 25 1.000000
  0 28.028437 -0.698032 73.560127 0.454104 -0.834351 0.312486 0.857422 0.026001 1 25 1.000000
01_-_Default
  0 26.127489 3.631238 76.186920 0.182505 0.545308 0.818126 0.869629 0.041968 1 25 1.000000
  0 32.101875 5.534621 70.482018 0.693319 0.541331 0.475678 0.873884 0.026448 1 25 1.000000
  0 26.851658 6.024195 73.173630 -0.081558 0.994723 0.062247 0.873884 0.026448 1 25 1.000000
01_-_Default
  0 25.946447 -1.394095 73.472610 -0.251346 -0.964513 -0.080868 0.869629 0.041968 1 25 1.000000
  0 28.028437 -0.698032 73.560127 0.454104 -0.834351 0.312486 0.869629 0.041968 1 25 1.000000
  0 24.498108 0.814332 78.189682 -0.290004 -0.243464 0.925539 0.875000 0.051001 1 25 1.000000
01_-_Default
  0 27.213741 0.689387 71.802330 0.229549 -0.656228 -0.718799 0.857422 0.026001 1 25 1.000000
  0 32.645004 2.111801 67.103432 0.285344 -0.102493 -0.952929 0.867188 0.013892 1 25 1.000000
  0 29.024168 -0.687916 68.097824 -0.456038 -0.529538 -0.715275 0.867188 0.013892 1 25 1.000000
01_-_Default
  0 27.213741 0.689387 71.802330 0.229549 -0.656228 -0.718799 0.857422 0.026001 1 25 1.000000
  0 29.024168 -0.687916 68.097824 -0.456038 -0.529538 -0.715275 0.867188 0.013892 1 25 1.000000
  0 28.028437 -0.698032 73.560127 0.454104 -0.834351 0.312486 0.857422 0.026001 1 25 1.000000
01_-_Default
  0 25.946447 -1.394095 73.472610 -0.251346 -0.964513 -0.080868 0.857422 0.026001 1 25 1.000000
  0 27.213741 0.689387 71.802330 0.229549 -0.656228 -0.718799 0.857422 0.026001 1 25 1.000000
  0 28.028437 -0.698032 73.560127 0.454104 -0.834351 0.312486 0.857422 0.026001 1 25 1.000000
01_-_Default
  0 26.851658 6.024195 73.173630 -0.081558 0.994723 0.062247 0.873884 0.026448 1 25 1.000000
  0 23.049772 4.301977 72.492722 -0.885648 0.426936 -0.182631 0.873884 0.026448 1 25 1.000000
  0 26.127489 3.631238 76.186920 0.182505 0.545308 0.818126 0.869629 0.041968 1 25 1.000000
01_-_Default
  0 24.498108 0.814332 78.189682 -0.290004 -0.243464 0.925539 0.875000 0.051001 1 25 1.000000
  0 23.049772 4.301977 72.492722 -0.885648 0.426936 -0.182631 0.873884 0.026448 1 25 1.000000
  0 25.946447 -1.394095 73.472610 -0.251346 -0.964513 -0.080868 0.873884 0.026448 1 25 1.000000
01_-_Default
  0 26.127489 3.631238 76.186920 0.182505 0.545308 0.818126 0.869629 0.041968 1 25 1.000000
  0 23.049772 4.301977 72.492722 -0.885648 0.426936 -0.182631 0.873884 0.026448 1 25 1.000000
  0 24.498108 0.814332 78.189682 -0.290004 -0.243464 0.925539 0.875000 0.051001 1 25 1.000000
01_-_Default
  0 27.213741 0.689387 71.802330 0.229549 -0.656228 -0.718799 0.857422 0.026001 1 25 1.000000
  0 26.851658 0.733690 67.432671 0.183368 -0.255655 -0.949219 0.867188 0.013892 1 25 1.000000
  0 26.851658 6.024195 73.173630 -0.081558 0.994723 0.062247 0.873884 0.026448 1 25 1.000000
01_-_Default
  0 26.851658 6.024195 73.173630 -0.081558 0.994723 0.062247 0.873884 0.026448 1 25 1.000000
  0 26.851658 0.733690 67.432671 0.183368 -0.255655 -0.949219 0.867188 0.013892 1 25 1.000000
  0 23.049772 4.301977 72.492722 -0.885648 0.426936 -0.182631 0.873884 0.026448 1 25 1.000000
01_-_Default
  0 23.049772 4.301977 72.492722 -0.885648 0.426936 -0.182631 0.873884 0.026448 1 25 1.000000
  0 26.851658 0.733690 67.432671 0.183368 -0.255655 -0.949219 0.867188 0.013892 1 25 1.000000
  0 25.946447 -1.394095 73.472610 -0.251346 -0.964513 -0.080868 0.857422 0.026001 1 25 1.000000
01_-_Default
  0 25.946447 -1.394095 73.472610 -0.251346 -0.964513 -0.080868 0.857422 0.026001 1 25 1.000000
  0 26.851658 0.733690 67.432671 0.183368 -0.255655 -0.949219 0.867188 0.013892 1 25 1.000000
  0 27.213741 0.689387 71.802330 0.229549 -0.656228 -0.718799 0.857422 0.026001 1 25 1.000000
01_-_Default
  0 26.127489 3.631238 76.186920 -0.899886 0.243142 -0.362059 0.869629 0.041968 1 25 1.000000
  0 25.946447 -1.394095 73.472610 -0.899886 0.243142 -0.362059 0.873884 0.026448 1 25 1.000000
  0 24.498108 0.814332 78.189682 -0.899886 0.243142 -0.362059 0.875000 0.051001 1 25 1.000000
01_-_Default
  0 26.127489 3.631238 76.186920 0.182505 0.545308 0.818126 0.869629 0.041968 1 25 1.000000
  0 28.028437 -0.698032 73.560127 0.454104 -0.834351 0.312486 0.869629 0.041968 1 25 1.000000
  0 30.834585 2.265271 72.482513 0.700764 -0.074451 0.709497 0.873884 0.026448 1 25 1.000000
01_-_Default
  0 30.834585 2.265271 72.482513 0.700764 -0.074451 0.709497 0.873884 0.026448 1 25 1.000000
  0 32.101875 5.534621 70.482018 0.693319 0.541331 0.475678 0.873884 0.026448 1 25 1.000000
  0 26.127489 3.631238 76.186920 0.182505 0.545308 0.818126 0.869629 0.041968 1 25 1.000000
01_-_Default
  0 32.101875 5.534621 70.482018 0.693319 0.541331 0.475678 0.873884 0.026448 1 25 1.000000
  0 30.834585 2.265271 72.482513 0.700764 -0.074451 0.709497 0.873884 0.026448 1 25 1.000000
  0 33.550209 0.859589 69.282089 0.876785 -0.479023 0.042248 0.867188 0.013892 1 25 1.000000
01_-_Default
  0 30.834585 2.265271 72.482513 0.700764 -0.074451 0.709497 0.873884 0.026448 1 25 1.000000
  0 28.028437 -0.698032 73.560127 0.454104 -0.834351 0.312486 0.857422 0.026001 1 25 1.000000
  0 33.550209 0.859589 69.282089 0.876785 -0.479023 0.042248 0.867188 0.013892 1 25 1.000000
01_-_Default
  0 1.324908 -0.054940 63.820709 -0.997087 -0.007507 -0.075899 0.878906 0.492408 1 6 1.000000
  0 8.204686 6.912265 63.766068 0.132679 0.990246 -0.042535 0.863281 0.496314 1 6 1.000000
  0 7.299314 5.944270 40.231205 0.008254 0.998671 0.050879 0.867188 0.406470 1 7 1.000000
01_-_Default
  0 2.852235 2.419676 40.213547 -0.995958 0.086240 -0.025122 0.875000 0.422095 2 7 0.500000 6 0.500000
  0 7.299314 -1.490754 33.807243 0.002034 -0.993341 -0.115197 0.859375 0.386939 1 7 1.000000
  0 7.299314 -3.109653 40.185841 0.010347 -0.999938 -0.004012 0.855469 0.408423 2 7 0.500000 6 0.500000
01_-_Default
  0 2.852235 2.419676 40.213547 -0.995958 0.086240 -0.025122 0.875000 0.422095 2 7 0.500000 6 0.500000
  0 7.299314 -3.109653 40.185841 0.010347 -0.999938 -0.004012 0.855469 0.408423 2 7 0.500000 6 0.500000
  0 7.299314 -2.202520 43.887962 -0.005642 -0.994517 -0.104420 0.859375 0.426001 1 6 1.000000
01_-_Default
  0 7.299314 -1.490754 33.807243 0.002034 -0.993341 -0.115197 0.859375 0.386939 1 7 1.000000
  0 11.554488 2.436643 40.213627 0.995858 0.089398 -0.016561 0.855469 0.408423 2 7 0.500000 6 0.500000
  0 7.299314 -3.109653 40.185841 0.010347 -0.999938 -0.004012 0.855469 0.408423 2 7 0.500000 6 0.500000
01_-_Default
  0 7.299314 -3.109653 40.185841 0.010347 -0.999938 -0.004012 0.855469 0.408423 2 7 0.500000 6 0.500000
  0 11.554488 2.436643 40.213627 0.995858 0.089398 -0.016561 0.855469 0.408423 2 7 0.500000 6 0.500000
  0 7.299314 -2.202520 43.887962 -0.005642 -0.994517 -0.104420 0.859375 0.426001 1 6 1.000000
01_-_Default
  0 7.299314 -2.202520 43.887962 -0.005642 -0.994517 -0.104420 0.859375 0.426001 1 6 1.000000
  0 11.554488 2.436643 40.213627 0.995858 0.089398 -0.016561 0.855469 0.408423 2 7 0.500000 6 0.500000
  0 7.978381 -7.430279 63.694210 0.121278 -0.980771 -0.152903 0.863281 0.496314 1 6 1.000000
01_-_Default
  0 11.554488 2.436643 40.213627 0.995858 0.089398 -0.016561 0.855469 0.408423 2 7 0.500000 6 0.500000
  0 11.825539 0.781603 63.735352 0.997685 0.052840 -0.042803 0.863281 0.496314 1 6 1.000000
  0 7.978381 -7.430279 63.694210 0.121278 -0.980771 -0.152903 0.863281 0.496314 1 6 1.000000
01_-_Default
  0 11.825539 0.781603 63.735352 0.997685 0.052840 -0.042803 0.863281 0.496314 1 6 1.000000
  0 11.554488 2.436643 40.213627 0.995858 0.089398 -0.016561 0.855469 0.408423 2 7 0.500000 6 0.500000
  0 7.299314 5.944270 40.231205 0.008254 0.998671 0.050879 0.867188 0.406470 1 7 1.000000
01_-_Default
  0 7.299314 5.944270 40.231205 0.008254 0.998671 0.050879 0.867188 0.406470 1 7 1.000000
  0 8.204686 6.912265 63.766068 0.132679 0.990246 -0.042535 0.863281 0.496314 1 6 1.000000
  0 11.825539 0.781603 63.735352 0.997685 0.052840 -0.042803 0.863281 0.496314 1 6 1.000000
01_-_Default
  0 2.852235 2.419676 40.213547 -0.995958 0.086240 -0.025122 0.875000 0.422095 2 7 0.500000 6 0.500000
  0 7.299314 -2.202520 43.887962 -0.005642 -0.994517 -0.104420 0.859375 0.426001 1 6 1.000000
  0 7.978381 -7.430279 63.694210 0.121278 -0.980771 -0.152903 0.863281 0.496314 1 6 1.000000
01_-_Default
  0 2.852235 2.419676 40.213547 -0.995958 0.086240 -0.025122 0.875000 0.422095 2 7 0.500000 6 0.500000
  0 7.978381 -7.430279 63.694210 0.121278 -0.980771 -0.152903 0.863281 0.496314 1 6 1.000000
  0 1.324908 -0.054940 63.820709 -0.997087 -0.007507 -0.075899 0.878906 0.492408 1 6 1.000000
01_-_Default
  0 7.299314 5.944270 40.231205 0.008254 0.998671 0.050879 0.867188 0.406470 1 7 1.000000
  0 2.852235 2.419676 40.213547 -0.995958 0.086240 -0.025122 0.875000 0.422095 2 7 0.500000 6 0.500000
  0 1.324908 -0.054940 63.820709 -0.997087 -0.007507 -0.075899 0.878906 0.492408 1 6 1.000000
01_-_Default
  0 7.970033 0.008227 12.919169 0.172899 -0.669786 0.722145 0.853516 0.285376 2 7 0.500000 8 0.500000
  0 7.299314 -1.490754 33.807243 0.002034 -0.993341 -0.115197 0.859375 0.386939 1 7 1.000000
  0 3.474282 4.591756 11.812697 -0.933948 0.192322 0.301254 0.865234 0.285376 2 7 0.500000 8 0.500000
01_-_Default
  0 11.642927 4.574632 11.328563 0.910480 0.196697 0.363780 0.853516 0.285376 2 7 0.500000 8 0.500000
  0 11.554488 2.436643 40.213627 0.995858 0.089398 -0.016561 0.855469 0.408423 2 7 0.500000 6 0.500000
  0 7.299314 -1.490754 33.807243 0.002034 -0.993341 -0.115197 0.859375 0.386939 1 7 1.000000
01_-_Default
  0 11.642927 4.574632 11.328563 0.910480 0.196697 0.363780 0.853516 0.285376 2 7 0.500000 8 0.500000
  0 6.370530 7.934032 12.057807 -0.158603 0.957885 0.239376 0.865234 0.285376 2 7 0.500000 8 0.500000
  0 7.299314 5.944270 40.231205 0.008254 0.998671 0.050879 0.867188 0.406470 1 7 1.000000
01_-_Default
  0 3.474282 4.591756 11.812697 -0.933948 0.192322 0.301254 0.865234 0.285376 2 7 0.500000 8 0.500000
  0 7.299314 5.944270 40.231205 0.008254 0.998671 0.050879 0.867188 0.406470 1 7 1.000000
  0 6.370530 7.934032 12.057807 -0.158603 0.957885 0.239376 0.865234 0.285376 2 7 0.500000 8 0.500000
01_-_Default
  0 11.642927 4.574632 11.328563 0.910480 0.196697 0.363780 0.853516 0.285376 2 7 0.500000 8 0.500000
  0 7.299314 -1.490754 33.807243 0.002034 -0.993341 -0.115197 0.859375 0.386939 1 7 1.000000
  0 7.970033 0.008227 12.919169 0.172899 -0.669786 0.722145 0.853516 0.285376 2 7 0.500000 8 0.500000
01_-_Default
  0 3.474282 4.591756 11.812697 -0.933948 0.192322 0.301254 0.865234 0.285376 2 7 0.500000 8 0.500000
  0 7.299314 -1.490754 33.807243 0.002034 -0.993341 -0.115197 0.859375 0.386939 1 7 1.000000
  0 2.852235 2.419676 40.213547 -0.995958 0.086240 -0.025122 0.875000 0.422095 2 7 0.500000 6 0.500000
01_-_Default
  0 2.852235 2.419676 40.213547 -0.995958 0.086240 -0.025122 0.875000 0.422095 2 7 0.500000 6 0.500000
  0 7.299314 5.944270 40.231205 0.008254 0.998671 0.050879 0.867188 0.406470 1 7 1.000000
  0 3.474282 4.591756 11.812697 -0.933948 0.192322 0.301254 0.865234 0.285376 2 7 0.500000 8 0.500000
01_-_Default
  0 11.554488 2.436643 40.213627 0.995858 0.089398 -0.016561 0.855469 0.408423 2 7 0.500000 6 0.500000
  0 11.642927 4.574632 11.328563 0.910480 0.196697 0.363780 0.853516 0.285376 2 7 0.500000 8 0.500000
  0 7.299314 5.944270 40.231205 0.008254 0.998671 0.050879 0.867188 0.406470 1 7 1.000000
01_-_Default
  0 12.337684 -13.080773 8.603912 0.581327 -0.513839 0.630895 0.859375 0.228736 1 8 1.000000
  0 7.970033 0.008227 12.919169 0.172899 -0.669786 0.722145 0.875000 0.168189 2 7 0.500000 8 0.500000
  0 4.864261 -13.495052 8.843899 -0.482690 -0.583833 0.652801 0.892578 0.234595 1 8 1.000000
01_-_Default
  0 7.970033 0.008227 12.919169 0.172899 -0.669786 0.722145 0.875000 0.168189 2 7 0.500000 8 0.500000
  0 12.337684 -13.080773 8.603912 0.581327 -0.513839 0.630895 0.859375 0.228736 1 8 1.000000
  0 14.191687 5.104652 7.593292 0.871412 0.407095 0.273706 0.855469 0.125220 1 8 1.000000
01_-_Default
  0 14.191687 5.104652 7.593292 0.871412 0.407095 0.273706 0.855469 0.125220 1 8 1.000000
  0 11.642927 4.574632 11.328563 0.910480 0.196697 0.363780 0.863281 0.136939 2 7 0.500000 8 0.500000
  0 7.970033 0.008227 12.919169 0.172899 -0.669786 0.722145 0.875000 0.168189 2 7 0.500000 8 0.500000
01_-_Default
  0 11.642927 4.574632 11.328563 0.910480 0.196697 0.363780 0.863281 0.136939 2 7 0.500000 8 0.500000
  0 14.191687 5.104652 7.593292 0.871412 0.407095 0.273706 0.855469 0.125220 1 8 1.000000
  0 6.486621 9.783907 8.121315 -0.149536 0.970695 0.188122 0.882813 0.093970 1 8 1.000000
01_-_Default
  0 6.486621 9.783907 8.121315 -0.149536 0.970695 0.188122 0.882813 0.093970 1 8 1.000000
  0 6.370530 7.934032 12.057807 -0.158603 0.957885 0.239376 0.882813 0.125220 2 7 0.500000 8 0.500000
  0 11.642927 4.574632 11.328563 0.910480 0.196697 0.363780 0.863281 0.136939 2 7 0.500000 8 0.500000
01_-_Default
  0 6.486621 9.783907 8.121315 -0.149536 0.970695 0.188122 0.882813 0.093970 1 8 1.000000
  0 1.185921 3.032236 7.206447 -0.959645 0.219119 0.176264 0.906250 0.136939 1 8 1.000000
  0 3.474282 4.591756 11.812697 -0.933948 0.192322 0.301254 0.894531 0.140845 2 7 0.500000 8 0.500000
01_-_Default
  0 3.474282 4.591756 11.812697 -0.933948 0.192322 0.301254 0.894531 0.140845 2 7 0.500000 8 0.500000
  0 6.370530 7.934032 12.057807 -0.158603 0.957885 0.239376 0.882813 0.125220 2 7 0.500000 8 0.500000
  0 6.486621 9.783907 8.121315 -0.149536 0.970695 0.188122 0.882813 0.093970 1 8 1.000000
01_-_Default
  0 13.959770 -13.358824 3.292279 0.749402 -0.414874 -0.516019 0.859375 0.228736 1 8 1.000000
  0 6.486826 9.814530 3.065551 -0.136781 0.796678 -0.588723 0.882813 0.093970 1 8 1.000000
  0 14.191687 4.814520 3.457302 0.731967 0.344647 -0.587743 0.855469 0.125220 1 8 1.000000
01_-_Default
  0 3.416145 -14.271521 3.583519 -0.689338 -0.533183 -0.490438 0.892578 0.234595 1 8 1.000000
  0 1.185921 2.734859 3.070441 -0.737229 0.179092 -0.651475 0.906250 0.136939 1 8 1.000000
  0 6.486826 9.814530 3.065551 -0.136781 0.796678 -0.588723 0.882813 0.093970 1 8 1.000000
01_-_Default
  0 14.191687 4.814520 3.457302 0.731967 0.344647 -0.587743 0.855469 0.125220 1 8 1.000000
  0 14.191687 5.104652 7.593292 0.871412 0.407095 0.273706 0.855469 0.125220 1 8 1.000000
  0 12.337684 -13.080773 8.603912 0.581327 -0.513839 0.630895 0.859375 0.228736 1 8 1.000000
01_-_Default
  0 12.337684 -13.080773 8.603912 0.581327 -0.513839 0.630895 0.859375 0.228736 1 8 1.000000
  0 13.959770 -13.358824 3.292279 0.749402 -0.414874 -0.516019 0.859375 0.228736 1 8 1.000000
  0 14.191687 4.814520 3.457302 0.731967 0.344647 -0.587743 0.855469 0.125220 1 8 1.000000
01_-_Default
  0 14.191687 5.104652 7.593292 0.871412 0.407095 0.273706 0.855469 0.125220 1 8 1.000000
  0 14.191687 4.814520 3.457302 0.731967 0.344647 -0.587743 0.855469 0.125220 1 8 1.000000
  0 6.486621 9.783907 8.121315 -0.149536 0.970695 0.188122 0.882813 0.093970 1 8 1.000000
01_-_Default
  0 3.416145 -14.271521 3.583519 -0.689338 -0.533183 -0.490438 0.892578 0.234595 1 8 1.000000
  0 4.864261 -13.495052 8.843899 -0.482690 -0.583833 0.652801 0.892578 0.234595 1 8 1.000000
  0 1.185921 3.032236 7.206447 -0.959645 0.219119 0.176264 0.906250 0.136939 1 8 1.000000
01_-_Default
  0 1.185921 3.032236 7.206447 -0.959645 0.219119 0.176264 0.906250 0.136939 1 8 1.000000
  0 1.185921 2.734859 3.070441 -0.737229 0.179092 -0.651475 0.906250 0.136939 1 8 1.000000
  0 3.416145 -14.271521 3.583519 -0.689338 -0.533183 -0.490438 0.892578 0.234595 1 8 1.000000
01_-_Default
  0 4.864261 -13.495052 8.843899 -0.482690 -0.583833 0.652801 0.892578 0.234595 1 8 1.000000
  0 7.970033 0.008227 12.919169 0.172899 -0.669786 0.722145 0.875000 0.168189 2 7 0.500000 8 0.500000
  0 3.474282 4.591756 11.812697 -0.933948 0.192322 0.301254 0.894531 0.140845 2 7 0.500000 8 0.500000
01_-_Default
  0 3.474282 4.591756 11.812697 -0.933948 0.192322 0.301254 0.894531 0.140845 2 7 0.500000 8 0.500000
  0 1.185921 3.032236 7.206447 -0.959645 0.219119 0.176264 0.906250 0.136939 1 8 1.000000
  0 4.864261 -13.495052 8.843899 -0.482690 -0.583833 0.652801 0.892578 0.234595 1 8 1.000000
01_-_Default
  0 3.416145 -14.271521 3.583519 -0.689338 -0.533183 -0.490438 0.892578 0.234595 1 8 1.000000
  0 6.486826 9.814530 3.065551 -0.136781 0.796678 -0.588723 0.882813 0.093970 1 8 1.000000
  0 13.959770 -13.358824 3.292279 0.749402 -0.414874 -0.516019 0.859375 0.228736 1 8 1.000000
01_-_Default
  0 13.959770 -13.358824 3.292279 0.749402 -0.414874 -0.516019 0.859375 0.228736 1 8 1.000000
  0 8.630160 -16.517653 3.222599 0.036539 -0.850598 -0.524545 0.875000 0.254126 1 8 1.000000
  0 3.416145 -14.271521 3.583519 -0.689338 -0.533183 -0.490438 0.892578 0.234595 1 8 1.000000
01_-_Default
  0 6.486826 9.814530 3.065551 -0.136781 0.796678 -0.588723 0.882813 0.093970 1 8 1.000000
  0 1.185921 2.734859 3.070441 -0.737229 0.179092 -0.651475 0.906250 0.136939 1 8 1.000000
  0 6.486621 9.783907 8.121315 -0.149536 0.970695 0.188122 0.882813 0.093970 1 8 1.000000
01_-_Default
  0 1.185921 2.734859 3.070441 -0.737229 0.179092 -0.651475 0.906250 0.136939 1 8 1.000000
  0 1.185921 3.032236 7.206447 -0.959645 0.219119 0.176264 0.906250 0.136939 1 8 1.000000
  0 6.486621 9.783907 8.121315 -0.149536 0.970695 0.188122 0.882813 0.093970 1 8 1.000000
01_-_Default
  0 6.486621 9.783907 8.121315 -0.149536 0.970695 0.188122 0.882813 0.093970 1 8 1.000000
  0 14.191687 4.814520 3.457302 0.731967 0.344647 -0.587743 0.855469 0.125220 1 8 1.000000
  0 6.486826 9.814530 3.065551 -0.136781 0.796678 -0.588723 0.882813 0.093970 1 8 1.000000
01_-_Default
  0 4.864261 -13.495052 8.843899 -0.482690 -0.583833 0.652801 0.892578 0.234595 1 8 1.000000
  0 8.630160 -16.517653 3.222599 0.036539 -0.850598 -0.524545 0.875000 0.254126 1 8 1.000000
  0 12.337684 -13.080773 8.603912 0.581327 -0.513839 0.630895 0.859375 0.228736 1 8 1.000000
01_-_Default
  0 12.337684 -13.080773 8.603912 0.581327 -0.513839 0.630895 0.859375 0.228736 1 8 1.000000
  0 8.630160 -16.517653 3.222599 0.036539 -0.850598 -0.524545 0.875000 0.254126 1 8 1.000000
  0 13.959770 -13.358824 3.292279 0.749402 -0.414874 -0.516019 0.859375 0.228736 1 8 1.000000
01_-_Default
  0 3.416145 -14.271521 3.583519 -0.689338 -0.533183 -0.490438 0.892578 0.234595 1 8 1.000000
  0 8.630160 -16.517653 3.222599 0.036539 -0.850598 -0.524545 0.875000 0.254126 1 8 1.000000
  0 4.864261 -13.495052 8.843899 -0.482690 -0.583833 0.652801 0.892578 0.234595 1 8 1.000000
01_-_Default
  0 13.363574 2.281620 135.719879 0.984734 0.157294 -0.074546 0.984016 0.616239 1 27 1.000000
  0 8.725892 -5.233277 135.009949 0.867864 -0.492963 -0.061642 0.967933 0.613728 1 27 1.000000
  0 9.143320 -2.163020 128.040115 0.907266 -0.184691 -0.377834 0.967535 0.588239 1 27 1.000000
01_-_Default
  0 7.594209 -6.593205 142.907867 0.721056 -0.686419 0.094377 0.964008 0.643255 1 27 1.000000
  0 13.363574 2.281620 135.719879 0.984734 0.157294 -0.074546 0.984016 0.616239 1 27 1.000000
  0 12.548593 2.117042 142.951477 0.997930 -0.058968 -0.025678 0.978679 0.643255 1 27 1.000000
01_-_Default
  0 5.062963 -0.088599 122.566673 0.574036 0.220329 -0.788630 0.892325 0.684806 1 27 1.000000
  0 5.018065 -7.079652 122.521164 0.681126 -0.380133 -0.625753 0.882472 0.705933 1 27 1.000000
  0 2.501348 -6.161574 120.508911 0.446680 -0.155821 -0.881020 0.850793 0.678587 1 27 1.000000
01_-_Default
  0 5.352935 -9.120022 127.889214 0.650157 -0.758118 0.050519 0.886687 0.778857 1 27 1.000000
  0 5.533978 -9.402369 125.870964 0.697153 -0.694975 -0.176031 0.888966 0.751511 1 27 1.000000
  0 9.143320 -2.163020 128.040115 0.907266 -0.184691 -0.377834 0.934399 0.780433 1 27 1.000000
01_-_Default
  0 -2.321053 -13.383917 125.851021 0.000006 -0.997764 0.066830 0.790089 0.751511 1 27 1.000000
  0 5.352935 -9.120022 127.889214 0.650157 -0.758118 0.050519 0.886687 0.778857 1 27 1.000000
  0 -2.321053 -11.382257 127.877884 0.000005 -0.947221 0.320581 0.790089 0.778857 1 27 1.000000
01_-_Default
  0 -2.321053 -11.382257 127.877884 0.000005 -0.947221 0.320581 0.790089 0.778857 1 27 1.000000
  0 6.574607 -9.315931 134.989471 0.648099 -0.761479 0.010857 0.902066 0.875142 1 27 1.000000
  0 -2.321053 -12.935517 134.971344 0.000005 -0.999552 -0.029946 0.790089 0.875142 1 27 1.000000
01_-_Default
  0 8.078821 7.260914 128.410706 0.741625 0.347360 -0.573876 0.967535 0.588239 1 27 1.000000
  0 9.143320 -2.163020 128.040115 0.907266 -0.184691 -0.377834 0.967535 0.588239 1 27 1.000000
  0 5.062963 -0.088599 122.566673 0.574036 0.220329 -0.788630 0.955231 0.567150 1 27 1.000000
01_-_Default
  0 13.363574 2.281620 135.719879 0.984734 0.157294 -0.074546 0.984016 0.616239 1 27 1.000000
  0 9.143320 -2.163020 128.040115 0.907266 -0.184691 -0.377834 0.967535 0.588239 1 27 1.000000
  0 8.078821 7.260914 128.410706 0.741625 0.347360 -0.573876 0.967535 0.588239 1 27 1.000000
01_-_Default
  0 -2.321053 -12.935517 134.971344 0.000005 -0.999552 -0.029946 0.790089 0.875142 1 27 1.000000
  0 6.574607 -9.315931 134.989471 0.648099 -0.761479 0.010857 0.902066 0.875142 1 27 1.000000
  0 7.594209 -6.593205 142.907867 0.721056 -0.686419 0.094377 0.914900 0.982321 1 27 1.000000
01_-_Default
  0 7.594209 -6.593205 142.907867 0.721056 -0.686419 0.094377 0.914900 0.982321 1 27 1.000000
  0 -2.321053 -12.530890 142.878082 0.000006 -0.998874 0.047438 0.790089 0.982321 1 27 1.000000
  0 -2.321053 -12.935517 134.971344 0.000005 -0.999552 -0.029946 0.790089 0.875142 1 27 1.000000
01_-_Default
  0 7.594209 -6.593205 142.907867 0.721056 -0.686419 0.094377 0.914900 0.982321 1 27 1.000000
  0 6.574607 -9.315931 134.989471 0.648099 -0.761479 0.010857 0.902066 0.875142 1 27 1.000000
  0 8.725892 -5.233277 135.009949 0.867864 -0.492963 -0.061642 0.929145 0.875142 1 27 1.000000
01_-_Default
  0 7.594209 -6.593205 142.907867 0.721056 -0.686419 0.094377 0.964008 0.643255 1 27 1.000000
  0 8.725892 -5.233277 135.009949 0.867864 -0.492963 -0.061642 0.967933 0.613728 1 27 1.000000
  0 13.363574 2.281620 135.719879 0.984734 0.157294 -0.074546 0.984016 0.616239 1 27 1.000000
01_-_Default
  0 5.062963 -0.088599 122.566673 0.574036 0.220329 -0.788630 0.955231 0.567150 1 27 1.000000
  0 -2.321053 -2.735184 120.526070 0.003104 -0.067531 -0.997712 0.929623 0.547337 1 27 1.000000
  0 1.166342 1.411940 121.891418 0.578975 0.311983 -0.753295 0.940462 0.547744 1 27 1.000000
01_-_Default
  0 8.078821 7.260914 128.410706 0.741625 0.347360 -0.573876 0.967535 0.588239 1 27 1.000000
  0 11.100487 8.417364 142.983063 0.954671 0.220508 -0.199950 0.978679 0.643255 1 27 1.000000
  0 12.548593 2.117042 142.951477 0.997930 -0.058968 -0.025678 0.978679 0.643255 1 27 1.000000
01_-_Default
  0 12.548593 2.117042 142.951477 0.997930 -0.058968 -0.025678 0.978679 0.643255 1 27 1.000000
  0 13.363574 2.281620 135.719879 0.984734 0.157294 -0.074546 0.984016 0.616239 1 27 1.000000
  0 8.078821 7.260914 128.410706 0.741625 0.347360 -0.573876 0.967535 0.588239 1 27 1.000000
01_-_Default
  0 8.078821 7.260914 128.410706 0.741625 0.347360 -0.573876 0.967535 0.588239 1 27 1.000000
  0 5.062963 -0.088599 122.566673 0.574036 0.220329 -0.788630 0.955231 0.567150 1 27 1.000000
  0 -2.321053 11.772120 125.977051 0.003373 0.528394 -0.848993 0.929623 0.579668 1 27 1.000000
01_-_Default
  0 -2.321053 11.772120 125.977051 0.003373 0.528394 -0.848993 0.929623 0.579668 1 27 1.000000
  0 5.062963 -0.088599 122.566673 0.574036 0.220329 -0.788630 0.955231 0.567150 1 27 1.000000
  0 1.166342 1.411940 121.891418 0.578975 0.311983 -0.753295 0.940462 0.547744 1 27 1.000000
01_-_Default
  0 1.166342 1.411940 121.891418 0.578975 0.311983 -0.753295 0.940462 0.547744 1 27 1.000000
  0 -2.321053 4.610167 121.907448 0.000021 0.776836 -0.629703 0.929623 0.547337 1 27 1.000000
  0 -2.321053 11.772120 125.977051 0.003373 0.528394 -0.848993 0.929623 0.579668 1 27 1.000000
01_-_Default
  0 1.166342 1.411940 121.891418 0.578975 0.311983 -0.753295 0.940462 0.547744 1 27 1.000000
  0 0.442174 1.379300 115.840675 0.991228 -0.073675 -0.109726 0.940462 0.547744 1 14 1.000000
  0 -2.321053 4.240312 115.855011 0.000023 0.995619 -0.093508 0.929623 0.547337 1 14 1.000000
01_-_Default
  0 -2.321053 4.240312 115.855011 0.000023 0.995619 -0.093508 0.929623 0.547337 1 14 1.000000
  0 -2.321053 4.610167 121.907448 0.000021 0.776836 -0.629703 0.929623 0.547337 1 27 1.000000
  0 1.166342 1.411940 121.891418 0.578975 0.311983 -0.753295 0.940462 0.547744 1 27 1.000000
01_-_Default
  0 -2.321053 -0.815061 115.829689 0.000023 -0.981633 -0.190780 0.929623 0.547337 1 14 1.000000
  0 0.442174 1.379300 115.840675 0.991228 -0.073675 -0.109726 0.940462 0.547744 1 14 1.000000
  0 1.166342 1.411940 121.891418 0.578975 0.311983 -0.753295 0.940462 0.547744 1 27 1.000000
01_-_Default
  0 1.166342 1.411940 121.891418 0.578975 0.311983 -0.753295 0.940462 0.547744 1 27 1.000000
  0 -2.321053 -2.735184 120.526070 0.003104 -0.067531 -0.997712 0.929623 0.547337 1 27 1.000000
  0 -2.321053 -0.815061 115.829689 0.000023 -0.981633 -0.190780 0.929623 0.547337 1 14 1.000000
01_-_Default
  0 5.352935 -9.120022 127.889214 0.650157 -0.758118 0.050519 0.886687 0.778857 1 27 1.000000
  0 9.143320 -2.163020 128.040115 0.907266 -0.184691 -0.377834 0.934399 0.780433 1 27 1.000000
  0 8.725892 -5.233277 135.009949 0.867864 -0.492963 -0.061642 0.929145 0.875142 1 27 1.000000
01_-_Default
  0 8.725892 -5.233277 135.009949 0.867864 -0.492963 -0.061642 0.929145 0.875142 1 27 1.000000
  0 6.574607 -9.315931 134.989471 0.648099 -0.761479 0.010857 0.902066 0.875142 1 27 1.000000
  0 5.352935 -9.120022 127.889214 0.650157 -0.758118 0.050519 0.886687 0.778857 1 27 1.000000
01_-_Default
  0 -2.321053 -11.411271 122.499458 0.000008 -0.818688 -0.574238 0.790089 0.705933 1 27 1.000000
  0 2.501348 -6.161574 120.508911 0.446680 -0.155821 -0.881020 0.850793 0.678587 1 27 1.000000
  0 5.018065 -7.079652 122.521164 0.681126 -0.380133 -0.625753 0.882472 0.705933 1 27 1.000000
01_-_Default
  0 -2.321053 -13.383917 125.851021 0.000006 -0.997764 0.066830 0.790089 0.751511 1 27 1.000000
  0 5.533978 -9.402369 125.870964 0.697153 -0.694975 -0.176031 0.888966 0.751511 1 27 1.000000
  0 5.352935 -9.120022 127.889214 0.650157 -0.758118 0.050519 0.886687 0.778857 1 27 1.000000
01_-_Default
  0 5.018065 -7.079652 122.521164 0.681126 -0.380133 -0.625753 0.882472 0.705933 1 27 1.000000
  0 9.143320 -2.163020 128.040115 0.907266 -0.184691 -0.377834 0.934399 0.780433 1 27 1.000000
  0 5.533978 -9.402369 125.870964 0.697153 -0.694975 -0.176031 0.888966 0.751511 1 27 1.000000
01_-_Default
  0 5.533978 -9.402369 125.870964 0.697153 -0.694975 -0.176031 0.888966 0.751511 1 27 1.000000
  0 -2.321053 -13.383917 125.851021 0.000006 -0.997764 0.066830 0.790089 0.751511 1 27 1.000000
  0 -2.321053 -11.411271 122.499458 0.000008 -0.818688 -0.574238 0.790089 0.705933 1 27 1.000000
01_-_Default
  0 5.018065 -7.079652 122.521164 0.681126 -0.380133 -0.625753 0.882472 0.705933 1 27 1.000000
  0 5.533978 -9.402369 125.870964 0.697153 -0.694975 -0.176031 0.888966 0.751511 1 27 1.000000
  0 -2.321053 -11.411271 122.499458 0.000008 -0.818688 -0.574238 0.790089 0.705933 1 27 1.000000
01_-_Default
  0 -2.321053 -7.958524 118.419846 0.000010 -0.307791 -0.951454 0.790089 0.646704 1 27 1.000000
  0 2.501348 -6.161574 120.508911 0.446680 -0.155821 -0.881020 0.850793 0.678587 1 27 1.000000
  0 -2.321053 -11.411271 122.499458 0.000008 -0.818688 -0.574238 0.790089 0.705933 1 27 1.000000
01_-_Default
  0 -2.321053 -2.735184 120.526070 0.003104 -0.067531 -0.997712 0.790089 0.646704 1 27 1.000000
  0 5.062963 -0.088599 122.566673 0.574036 0.220329 -0.788630 0.892325 0.684806 1 27 1.000000
  0 2.501348 -6.161574 120.508911 0.446680 -0.155821 -0.881020 0.850793 0.678587 1 27 1.000000
01_-_Default
  0 2.501348 -6.161574 120.508911 0.446680 -0.155821 -0.881020 0.850793 0.678587 1 27 1.000000
  0 -2.321053 -7.958524 118.419846 0.000010 -0.307791 -0.951454 0.790089 0.646704 1 27 1.000000
  0 -2.321053 -2.735184 120.526070 0.003104 -0.067531 -0.997712 0.790089 0.646704 1 27 1.000000
01_-_Default
  0 5.352935 -9.120022 127.889214 0.650157 -0.758118 0.050519 0.886687 0.778857 1 27 1.000000
  0 6.574607 -9.315931 134.989471 0.648099 -0.761479 0.010857 0.902066 0.875142 1 27 1.000000
  0 -2.321053 -11.382257 127.877884 0.000005 -0.947221 0.320581 0.790089 0.778857 1 27 1.000000
01_-_Default
  0 5.062963 -0.088599 122.566673 0.574036 0.220329 -0.788630 0.892325 0.684806 1 27 1.000000
  0 9.143320 -2.163020 128.040115 0.907266 -0.184691 -0.377834 0.934399 0.780433 1 27 1.000000
  0 5.018065 -7.079652 122.521164 0.681126 -0.380133 -0.625753 0.882472 0.705933 1 27 1.000000
01_-_Default
  0 5.280431 5.036881 89.471771 0.851137 0.517424 0.088537 0.588160 0.436350 1 14 1.000000
  0 10.195986 9.913912 75.546127 0.761000 0.478591 0.437983 0.620608 0.337154 1 5 1.000000
  0 -2.321053 8.093673 88.722031 0.000007 0.985246 0.171144 0.537977 0.430909 1 14 1.000000
01_-_Default
  0 -2.321053 8.951166 110.954910 0.000002 0.964713 0.263303 0.537977 0.588974 1 14 1.000000
  0 6.846880 7.492003 112.509872 0.232366 0.807100 0.542767 0.598500 0.600083 1 14 1.000000
  0 -2.321053 9.368314 102.475578 0.000003 0.999566 -0.029451 0.537977 0.528664 1 14 1.000000
01_-_Default
  0 -2.321053 -7.380065 88.813110 0.000008 -0.979308 0.202376 0.112055 0.441829 1 14 1.000000
  0 4.881922 -3.936791 89.258736 0.828140 -0.548232 0.116727 0.171262 0.445621 1 14 1.000000
  0 -2.321053 -8.651281 101.537552 0.000006 -0.997499 0.070680 0.112055 0.554547 1 14 1.000000
01_-_Default
  0 -2.321053 -8.651281 101.537552 0.000006 -0.997499 0.070680 0.112055 0.554547 1 14 1.000000
  0 7.299473 -1.318951 110.448860 0.392814 -0.783822 0.480958 0.191134 0.633121 1 14 1.000000
  0 -2.321053 -6.257325 110.429634 0.000006 -0.915696 0.401871 0.112055 0.633171 1 14 1.000000
01_-_Default
  0 -2.321053 16.036079 75.576797 0.000007 0.876248 0.481861 0.311020 0.297547 1 5 1.000000
  0 10.195986 9.913912 75.546127 0.761000 0.478591 0.437983 0.392980 0.301332 1 5 1.000000
  0 -2.321053 25.193577 59.889286 0.000004 0.915961 0.401267 0.311020 0.183411 2 6 0.500000 10 0.500000
01_-_Default
  0 -2.321053 -7.380065 88.813110 0.000008 -0.979308 0.202376 0.112055 0.441829 1 14 1.000000
  0 -9.524332 -3.936791 89.258736 -0.828136 -0.548238 0.116728 0.052849 0.445621 1 14 1.000000
  0 -2.321053 -14.853812 74.399216 0.000004 -0.896447 0.443151 0.112054 0.314541 1 5 1.000000
01_-_Default
  0 -2.321053 -14.853812 74.399216 0.000004 -0.896447 0.443151 0.112054 0.314541 1 5 1.000000
  0 -9.524332 -3.936791 89.258736 -0.828136 -0.548238 0.116728 0.052849 0.445621 1 14 1.000000
  0 -13.661783 -6.416570 75.464310 -0.779267 -0.448271 0.437944 0.018841 0.323597 1 5 1.000000
01_-_Default
  0 -14.838544 9.913912 75.546127 -0.761000 0.478592 0.437982 0.455347 0.337154 1 5 1.000000
  0 -2.321053 8.093673 88.722031 0.000007 0.985246 0.171144 0.537977 0.430909 1 14 1.000000
  0 -2.321053 16.036079 75.576797 0.000007 0.876248 0.481861 0.537977 0.337154 1 5 1.000000
01_-_Default
  0 -2.321053 9.368314 102.475578 0.000003 0.999566 -0.029451 0.537977 0.528664 1 14 1.000000
  0 -11.625059 7.573337 102.425980 -0.489549 0.817839 -0.302460 0.476559 0.528375 1 14 1.000000
  0 -11.489276 7.492003 112.509872 -0.232362 0.807101 0.542767 0.477455 0.600083 1 14 1.000000
01_-_Default
  0 -13.344959 2.635443 113.830093 -0.246972 -0.257576 0.934162 0.793979 0.357973 1 14 1.000000
  0 -11.941882 -1.318951 110.448860 -0.392806 -0.783826 0.480958 0.804927 0.330157 1 14 1.000000
  0 -9.678854 3.202587 115.177528 -0.552341 0.027397 0.833168 0.822143 0.369099 1 14 1.000000
01_-_Default
  0 -9.678854 3.202587 115.177528 -0.552341 0.027397 0.833168 0.051579 0.674788 1 14 1.000000
  0 -2.321053 -6.257325 110.429634 0.000006 -0.915696 0.401871 0.112055 0.633171 1 14 1.000000
  0 -2.321053 -4.754190 113.295853 0.000011 -0.920147 0.391572 0.112055 0.658481 1 14 1.000000
01_-_Default
  0 -2.321053 7.306559 115.870369 0.000011 0.978995 0.203886 0.537977 0.623985 1 14 1.000000
  0 -2.321053 8.951166 110.954910 0.000002 0.964713 0.263303 0.537977 0.588974 1 14 1.000000
  0 -9.678854 3.202587 115.177528 -0.552341 0.027397 0.833168 0.489407 0.619205 1 14 1.000000
01_-_Default
  0 -9.678854 3.202587 115.177528 -0.552341 0.027397 0.833168 0.822143 0.369099 1 14 1.000000
  0 -11.489276 7.492003 112.509872 -0.232362 0.807101 0.542767 0.808065 0.346846 1 14 1.000000
  0 -13.344959 2.635443 113.830093 -0.246972 -0.257576 0.934162 0.793979 0.357973 1 14 1.000000
01_-_Default
  0 -9.678854 3.202587 115.177528 -0.552341 0.027397 0.833168 0.489407 0.619205 1 14 1.000000
  0 -2.321053 8.951166 110.954910 0.000002 0.964713 0.263303 0.537977 0.588974 1 14 1.000000
  0 -11.489276 7.492003 112.509872 -0.232362 0.807101 0.542767 0.477455 0.600083 1 14 1.000000
01_-_Default
  0 -2.321053 -6.257325 110.429634 0.000006 -0.915696 0.401871 0.112055 0.633171 1 14 1.000000
  0 -9.678854 3.202587 115.177528 -0.552341 0.027397 0.833168 0.051579 0.674788 1 14 1.000000
  0 -11.941882 -1.318951 110.448860 -0.392806 -0.783826 0.480958 0.032977 0.633121 1 14 1.000000
01_-_Default
  0 -2.321053 7.306559 115.870369 0.000011 0.978995 0.203886 0.537977 0.623985 1 14 1.000000
  0 -7.506333 2.935957 119.209908 -0.922293 0.178830 0.342630 0.503748 0.647888 1 14 1.000000
  0 -2.321053 7.509297 119.905106 0.000014 0.998914 -0.046581 0.537977 0.652669 1 14 1.000000
01_-_Default
  0 -7.506333 2.935957 119.209908 -0.922293 0.178830 0.342630 0.503748 0.647888 1 14 1.000000
  0 -2.321053 7.306559 115.870369 0.000011 0.978995 0.203886 0.537977 0.623985 1 14 1.000000
  0 -9.678854 3.202587 115.177528 -0.552341 0.027397 0.833168 0.489407 0.619205 1 14 1.000000
01_-_Default
  0 -7.506333 2.935957 119.209908 -0.922293 0.178830 0.342630 0.069436 0.710502 1 14 1.000000
  0 -2.321053 -4.754190 113.295853 0.000011 -0.920147 0.391572 0.112055 0.658481 1 14 1.000000
  0 -2.321053 -3.518645 117.832985 0.000015 -0.969519 0.245017 0.112055 0.698597 1 14 1.000000
01_-_Default
  0 -2.321053 -4.754190 113.295853 0.000011 -0.920147 0.391572 0.112055 0.658481 1 14 1.000000
  0 -7.506333 2.935957 119.209908 -0.922293 0.178830 0.342630 0.069436 0.710502 1 14 1.000000
  0 -9.678854 3.202587 115.177528 -0.552341 0.027397 0.833168 0.051579 0.674788 1 14 1.000000
01_-_Default
  0 -12.122737 2.514457 101.056068 -0.841068 0.000865 -0.540929 0.803369 0.252272 1 14 1.000000
  0 -14.301978 -1.638420 105.741280 -0.587419 -0.808809 -0.027711 0.783150 0.288433 1 15 1.000000
  0 -13.951365 2.108297 101.241592 0.598103 -0.182631 -0.780332 0.789321 0.253825 1 15 1.000000
01_-_Default
  0 -14.301978 -1.638420 105.741280 -0.587419 -0.808809 -0.027711 0.783150 0.288433 1 15 1.000000
  0 -12.122737 2.514457 101.056068 -0.841068 0.000865 -0.540929 0.803369 0.252272 1 14 1.000000
  0 -12.349228 -3.681670 104.386452 -0.690301 -0.723462 -0.009345 0.801798 0.280088 1 14 1.000000
01_-_Default
  0 -11.941882 -1.318951 110.448860 -0.392806 -0.783826 0.480958 0.804927 0.330157 1 14 1.000000
  0 -14.301978 -1.638420 105.741280 -0.587419 -0.808809 -0.027711 0.783150 0.288433 1 15 1.000000
  0 -12.349228 -3.681670 104.386452 -0.690301 -0.723462 -0.009345 0.801798 0.280088 1 14 1.000000
01_-_Default
  0 -12.122737 2.514457 101.056068 -0.841068 0.000865 -0.540929 0.803369 0.252272 1 14 1.000000
  0 -15.207188 7.972445 105.117142 -0.322286 0.940593 -0.106849 0.783150 0.288433 1 15 1.000000
  0 -11.625059 7.573337 102.425980 -0.489549 0.817839 -0.302460 0.807022 0.263398 1 14 1.000000
01_-_Default
  0 -15.207188 7.972445 105.117142 -0.322286 0.940593 -0.106849 0.783150 0.288433 1 15 1.000000
  0 -12.122737 2.514457 101.056068 -0.841068 0.000865 -0.540929 0.803369 0.252272 1 14 1.000000
  0 -13.951365 2.108297 101.241592 0.598103 -0.182631 -0.780332 0.789321 0.253825 1 15 1.000000
01_-_Default
  0 -11.625059 7.573337 102.425980 -0.489549 0.817839 -0.302460 0.807022 0.263398 1 14 1.000000
  0 -15.207188 7.972445 105.117142 -0.322286 0.940593 -0.106849 0.783150 0.288433 1 15 1.000000
  0 -11.489276 7.492003 112.509872 -0.232362 0.807101 0.542767 0.808065 0.346846 1 14 1.000000
01_-_Default
  0 -2.321053 -8.651281 101.537552 0.000006 -0.997499 0.070680 0.112055 0.554547 1 14 1.000000
  0 -11.941882 -1.318951 110.448860 -0.392806 -0.783826 0.480958 0.032977 0.633121 1 14 1.000000
  0 -12.349228 -3.681670 104.386452 -0.690301 -0.723462 -0.009345 0.029629 0.579549 1 14 1.000000
01_-_Default
  0 -2.321053 -8.651281 101.537552 0.000006 -0.997499 0.070680 0.112055 0.554547 1 14 1.000000
  0 -12.349228 -3.681670 104.386452 -0.690301 -0.723462 -0.009345 0.029629 0.579549 1 14 1.000000
  0 -9.524332 -3.936791 89.258736 -0.828136 -0.548238 0.116728 0.052849 0.445621 1 14 1.000000
01_-_Default
  0 -9.524332 -3.936791 89.258736 -0.828136 -0.548238 0.116728 0.262773 0.516520 1 14 1.000000
  0 -12.349228 -3.681670 104.386452 -0.690301 -0.723462 -0.009345 0.264980 0.723709 1 14 1.000000
  0 -12.122737 2.514457 101.056068 -0.841068 0.000865 -0.540929 0.344028 0.677667 1 14 1.000000
01_-_Default
  0 -11.625059 7.573337 102.425980 -0.489549 0.817839 -0.302460 0.476559 0.528375 1 14 1.000000
  0 -2.321053 8.093673 88.722031 0.000007 0.985246 0.171144 0.537977 0.430909 1 14 1.000000
  0 -9.922842 5.036881 89.471771 -0.851133 0.517429 0.088541 0.487795 0.436350 1 14 1.000000
01_-_Default
  0 -11.625059 7.573337 102.425980 -0.489549 0.817839 -0.302460 0.476559 0.528375 1 14 1.000000
  0 -2.321053 9.368314 102.475578 0.000003 0.999566 -0.029451 0.537977 0.528664 1 14 1.000000
  0 -2.321053 8.093673 88.722031 0.000007 0.985246 0.171144 0.537977 0.430909 1 14 1.000000
01_-_Default
  0 -9.524332 -3.936791 89.258736 -0.828136 -0.548238 0.116728 0.262773 0.516520 1 14 1.000000
  0 -12.122737 2.514457 101.056068 -0.841068 0.000865 -0.540929 0.344028 0.677667 1 14 1.000000
  0 -9.922842 5.036881 89.471771 -0.851133 0.517429 0.088541 0.376909 0.518822 1 14 1.000000
01_-_Default
  0 -9.922842 5.036881 89.471771 -0.851133 0.517429 0.088541 0.376909 0.518822 1 14 1.000000
  0 -12.122737 2.514457 101.056068 -0.841068 0.000865 -0.540929 0.344028 0.677667 1 14 1.000000
  0 -11.625059 7.573337 102.425980 -0.489549 0.817839 -0.302460 0.408286 0.696084 1 14 1.000000
01_-_Default
  0 -13.661783 -6.416570 75.464310 -0.779267 -0.448271 0.437944 0.232175 0.327748 1 5 1.000000
  0 -9.922842 5.036881 89.471771 -0.851133 0.517429 0.088541 0.376909 0.518822 1 14 1.000000
  0 -14.838544 9.913912 75.546127 -0.761000 0.478592 0.437982 0.439904 0.327748 1 5 1.000000
01_-_Default
  0 -9.922842 5.036881 89.471771 -0.851133 0.517429 0.088541 0.376909 0.518822 1 14 1.000000
  0 -13.661783 -6.416570 75.464310 -0.779267 -0.448271 0.437944 0.232175 0.327748 1 5 1.000000
  0 -9.524332 -3.936791 89.258736 -0.828136 -0.548238 0.116728 0.262773 0.516520 1 14 1.000000
01_-_Default
  0 -23.132219 -11.628049 59.639477 -0.748802 -0.443406 0.492633 0.170206 0.184407 1 10 1.000000
  0 -2.321053 -22.480999 59.250706 0.000001 -0.905978 0.423325 0.311020 0.183411 2 6 0.500000 10 0.500000
  0 -2.321053 -14.853812 74.399216 0.000004 -0.896447 0.443151 0.311020 0.297547 1 5 1.000000
01_-_Default
  0 -23.132219 -11.628049 59.639477 -0.748802 -0.443406 0.492633 0.170206 0.184407 1 10 1.000000
  0 -2.321053 -14.853812 74.399216 0.000004 -0.896447 0.443151 0.311020 0.297547 1 5 1.000000
  0 -13.661783 -6.416570 75.464310 -0.779267 -0.448271 0.437944 0.229061 0.301332 1 5 1.000000
01_-_Default
  0 -22.499729 10.357537 59.749622 -0.835485 0.390886 0.386229 0.170206 0.184407 1 10 1.000000
  0 -14.838544 9.913912 75.546127 -0.761000 0.478592 0.437982 0.229061 0.301332 1 5 1.000000
  0 -2.321053 25.193577 59.889286 0.000004 0.915961 0.401267 0.311020 0.183411 2 6 0.500000 10 0.500000
01_-_Default
  0 -14.838544 9.913912 75.546127 -0.761000 0.478592 0.437982 0.630491 0.305998 1 5 1.000000
  0 -23.132219 -11.628049 59.639477 -0.748802 -0.443406 0.492633 0.468406 0.177488 1 10 1.000000
  0 -13.661783 -6.416570 75.464310 -0.779267 -0.448271 0.437944 0.507129 0.305998 1 5 1.000000
01_-_Default
  0 -23.132219 -11.628049 59.639477 -0.748802 -0.443406 0.492633 0.468406 0.177488 1 10 1.000000
  0 -14.838544 9.913912 75.546127 -0.761000 0.478592 0.437982 0.630491 0.305998 1 5 1.000000
  0 -22.499729 10.357537 59.749622 -0.835485 0.390886 0.386229 0.634486 0.177488 1 10 1.000000
01_-_Default
  0 -14.301978 -1.638420 105.741280 -0.587419 -0.808809 -0.027711 0.783150 0.288433 1 15 1.000000
  0 -17.349876 3.133264 113.190689 -0.710297 -0.031921 0.703178 0.763211 0.352661 1 15 1.000000
  0 -19.561920 2.755045 106.824806 -0.964891 -0.103170 0.241540 0.746219 0.300000 1 15 1.000000
01_-_Default
  0 -17.349876 3.133264 113.190689 -0.710297 -0.031921 0.703178 0.763211 0.352661 1 15 1.000000
  0 -14.301978 -1.638420 105.741280 -0.587419 -0.808809 -0.027711 0.783150 0.288433 1 15 1.000000
  0 -11.941882 -1.318951 110.448860 -0.392806 -0.783826 0.480958 0.804927 0.330157 1 14 1.000000
01_-_Default
  0 -17.349876 3.133264 113.190689 -0.710297 -0.031921 0.703178 0.763211 0.352661 1 15 1.000000
  0 -15.207188 7.972445 105.117142 -0.322286 0.940593 -0.106849 0.783150 0.288433 1 15 1.000000
  0 -19.561920 2.755045 106.824806 -0.964891 -0.103170 0.241540 0.746219 0.300000 1 15 1.000000
01_-_Default
  0 -15.207188 7.972445 105.117142 -0.322286 0.940593 -0.106849 0.783150 0.288433 1 15 1.000000
  0 -17.349876 3.133264 113.190689 -0.710297 -0.031921 0.703178 0.763211 0.352661 1 15 1.000000
  0 -11.489276 7.492003 112.509872 -0.232362 0.807101 0.542767 0.808065 0.346846 1 14 1.000000
01_-_Default
  0 -11.489276 7.492003 112.509872 -0.232362 0.807101 0.542767 0.808065 0.346846 1 14 1.000000
  0 -17.349876 3.133264 113.190689 -0.710297 -0.031921 0.703178 0.763211 0.352661 1 15 1.000000
  0 -13.344959 2.635443 113.830093 -0.246972 -0.257576 0.934162 0.793979 0.357973 1 14 1.000000
01_-_Default
  0 -14.301978 -1.638420 105.741280 -0.587419 -0.808809 -0.027711 0.783150 0.288433 1 15 1.000000
  0 -17.611298 3.644586 92.751595 0.903970 -0.022725 -0.426991 0.761204 0.183506 2 15 0.500000 16 0.500000
  0 -13.951365 2.108297 101.241592 0.598103 -0.182631 -0.780332 0.789321 0.253825 1 15 1.000000
01_-_Default
  0 -13.951365 2.108297 101.241592 0.598103 -0.182631 -0.780332 0.789321 0.253825 1 15 1.000000
  0 -19.047327 6.053983 96.763374 0.079610 0.996677 -0.017265 0.750002 0.216604 1 15 1.000000
  0 -15.207188 7.972445 105.117142 -0.322286 0.940593 -0.106849 0.783150 0.288433 1 15 1.000000
01_-_Default
  0 -19.047327 6.053983 96.763374 0.079610 0.996677 -0.017265 0.750002 0.216604 1 15 1.000000
  0 -13.951365 2.108297 101.241592 0.598103 -0.182631 -0.780332 0.789321 0.253825 1 15 1.000000
  0 -17.611298 3.644586 92.751595 0.903970 -0.022725 -0.426991 0.761204 0.183506 2 15 0.500000 16 0.500000
01_-_Default
  0 -19.047327 6.053983 96.763374 0.079610 0.996677 -0.017265 0.750002 0.216604 1 15 1.000000
  0 -19.561920 2.755045 106.824806 -0.964891 -0.103170 0.241540 0.746219 0.300000 1 15 1.000000
  0 -15.207188 7.972445 105.117142 -0.322286 0.940593 -0.106849 0.783150 0.288433 1 15 1.000000
01_-_Default
  0 -19.561920 2.755045 106.824806 -0.964891 -0.103170 0.241540 0.746219 0.300000 1 15 1.000000
  0 -19.047327 6.053983 96.763374 0.079610 0.996677 -0.017265 0.750002 0.216604 1 15 1.000000
  0 -23.235918 3.961533 94.226830 -0.915071 -0.048416 0.400376 0.717994 0.195699 2 15 0.500000 16 0.500000
01_-_Default
  0 -19.561920 2.755045 106.824806 -0.964891 -0.103170 0.241540 0.746219 0.300000 1 15 1.000000
  0 -23.235918 3.961533 94.226830 -0.915071 -0.048416 0.400376 0.717994 0.195699 2 15 0.500000 16 0.500000
  0 -20.004679 2.199932 93.633400 -0.027597 -0.997944 -0.057847 0.740519 0.190861 1 15 1.000000
01_-_Default
  0 -13.344959 2.635443 113.830093 -0.246972 -0.257576 0.934162 0.793979 0.357973 1 14 1.000000
  0 -17.349876 3.133264 113.190689 -0.710297 -0.031921 0.703178 0.763211 0.352661 1 15 1.000000
  0 -11.941882 -1.318951 110.448860 -0.392806 -0.783826 0.480958 0.804927 0.330157 1 14 1.000000
01_-_Default
  0 -17.611298 3.644586 92.751595 0.903970 -0.022725 -0.426991 0.761204 0.183506 2 15 0.500000 16 0.500000
  0 -20.602837 6.212663 93.653511 -0.016028 0.999787 0.013031 0.740519 0.190861 1 16 1.000000
  0 -19.047327 6.053983 96.763374 0.079610 0.996677 -0.017265 0.750002 0.216604 1 15 1.000000
01_-_Default
  0 -19.047327 6.053983 96.763374 0.079610 0.996677 -0.017265 0.750002 0.216604 1 15 1.000000
  0 -20.602837 6.212663 93.653511 -0.016028 0.999787 0.013031 0.740519 0.190861 1 16 1.000000
  0 -23.235918 3.961533 94.226830 -0.915071 -0.048416 0.400376 0.717994 0.195699 2 15 0.500000 16 0.500000
01_-_Default
  0 -17.611298 3.644586 92.751595 0.903970 -0.022725 -0.426991 0.761204 0.183506 2 15 0.500000 16 0.500000
  0 -21.919521 6.081461 90.541916 0.065351 0.996577 -0.050624 0.727938 0.165119 1 16 1.000000
  0 -20.602837 6.212663 93.653511 -0.016028 0.999787 0.013031 0.740519 0.190861 1 16 1.000000
01_-_Default
  0 -20.602837 6.212663 93.653511 -0.016028 0.999787 0.013031 0.740519 0.190861 1 16 1.000000
  0 -21.919521 6.081461 90.541916 0.065351 0.996577 -0.050624 0.727938 0.165119 1 16 1.000000
  0 -23.235918 3.961533 94.226830 -0.915071 -0.048416 0.400376 0.717994 0.195699 2 15 0.500000 16 0.500000
01_-_Default
  0 -17.611298 3.644586 92.751595 0.903970 -0.022725 -0.426991 0.761204 0.183506 2 15 0.500000 16 0.500000
  0 -30.614616 6.051091 76.103859 0.015326 0.999720 -0.018005 0.660563 0.044900 1 16 1.000000
  0 -21.919521 6.081461 90.541916 0.065351 0.996577 -0.050624 0.727938 0.165119 1 16 1.000000
01_-_Default
  0 -30.614616 6.051091 76.103859 0.015326 0.999720 -0.018005 0.660563 0.044900 1 16 1.000000
  0 -17.611298 3.644586 92.751595 0.903970 -0.022725 -0.426991 0.761204 0.183506 2 15 0.500000 16 0.500000
  0 -26.931929 1.707334 74.642471 0.896621 -0.161699 -0.412218 0.689601 0.033730 1 16 1.000000
01_-_Default
  0 -21.919521 6.081461 90.541916 0.065351 0.996577 -0.050624 0.727938 0.165119 1 16 1.000000
  0 -34.685608 3.193033 76.989326 -0.830628 0.048454 0.554715 0.630034 0.053091 1 16 1.000000
  0 -23.235918 3.961533 94.226830 -0.915071 -0.048416 0.400376 0.717994 0.195699 2 15 0.500000 16 0.500000
01_-_Default
  0 -34.685608 3.193033 76.989326 -0.830628 0.048454 0.554715 0.630034 0.053091 1 16 1.000000
  0 -21.919521 6.081461 90.541916 0.065351 0.996577 -0.050624 0.727938 0.165119 1 16 1.000000
  0 -30.614616 6.051091 76.103859 0.015326 0.999720 -0.018005 0.660563 0.044900 1 16 1.000000
01_-_Default
  0 -34.685608 3.193033 76.989326 -0.830628 0.048454 0.554715 0.630034 0.053091 1 16 1.000000
  0 -20.004679 2.199932 93.633400 -0.027597 -0.997944 -0.057847 0.740519 0.190861 1 15 1.000000
  0 -23.235918 3.961533 94.226830 -0.915071 -0.048416 0.400376 0.717994 0.195699 2 15 0.500000 16 0.500000
01_-_Default
  0 -20.004679 2.199932 93.633400 -0.027597 -0.997944 -0.057847 0.740519 0.190861 1 15 1.000000
  0 -34.685608 3.193033 76.989326 -0.830628 0.048454 0.554715 0.630034 0.053091 1 16 1.000000
  0 -30.808693 -1.289266 75.887039 -0.106784 -0.968054 0.226866 0.660563 0.044900 1 16 1.000000
01_-_Default
  0 -30.808693 -1.289266 75.887039 -0.106784 -0.968054 0.226866 0.660563 0.044900 1 16 1.000000
  0 -17.611298 3.644586 92.751595 0.903970 -0.022725 -0.426991 0.761204 0.183506 2 15 0.500000 16 0.500000
  0 -20.004679 2.199932 93.633400 -0.027597 -0.997944 -0.057847 0.740519 0.190861 1 15 1.000000
01_-_Default
  0 -17.611298 3.644586 92.751595 0.903970 -0.022725 -0.426991 0.761204 0.183506 2 15 0.500000 16 0.500000
  0 -30.808693 -1.289266 75.887039 -0.106784 -0.968054 0.226866 0.660563 0.044900 1 16 1.000000
  0 -26.931929 1.707334 74.642471 0.896621 -0.161699 -0.412218 0.689601 0.033730 1 16 1.000000
01_-_Default
  0 -20.004679 2.199932 93.633400 -0.027597 -0.997944 -0.057847 0.740519 0.190861 1 15 1.000000
  0 -14.301978 -1.638420 105.741280 -0.587419 -0.808809 -0.027711 0.783150 0.288433 1 15 1.000000
  0 -19.561920 2.755045 106.824806 -0.964891 -0.103170 0.241540 0.746219 0.300000 1 15 1.000000
01_-_Default
  0 -17.611298 3.644586 92.751595 0.903970 -0.022725 -0.426991 0.761204 0.183506 2 15 0.500000 16 0.500000
  0 -14.301978 -1.638420 105.741280 -0.587419 -0.808809 -0.027711 0.783150 0.288433 1 15 1.000000
  0 -20.004679 2.199932 93.633400 -0.027597 -0.997944 -0.057847 0.740519 0.190861 1 15 1.000000
01_-_Default
  0 -29.140503 0.814345 78.189697 0.899887 0.243141 -0.362058 0.875000 0.051001 1 17 1.000000
  0 -30.588837 -1.394094 73.472626 0.899887 0.243141 -0.362058 0.873884 0.026448 1 17 1.000000
  0 -30.769880 3.631254 76.186935 0.899887 0.243141 -0.362058 0.869629 0.041968 1 17 1.000000
01_-_Default
  0 -38.192612 0.859604 69.282104 -0.888451 -0.457043 0.042030 0.867188 0.013892 1 17 1.000000
  0 -37.106354 6.572083 67.798080 -0.285863 0.748556 -0.598286 0.873884 0.026448 1 17 1.000000
  0 -37.287399 2.111832 67.103447 -0.285343 -0.102490 -0.952930 0.867188 0.013892 1 17 1.000000
01_-_Default
  0 -38.192612 0.859604 69.282104 -0.888451 -0.457043 0.042030 0.867188 0.013892 1 17 1.000000
  0 -36.744270 5.534652 70.482033 -0.694825 0.529687 0.486467 0.873884 0.026448 1 17 1.000000
  0 -37.106354 6.572083 67.798080 -0.285863 0.748556 -0.598286 0.873884 0.026448 1 17 1.000000
01_-_Default
  0 -29.140503 0.814345 78.189697 0.328795 -0.259914 0.907931 0.875000 0.051001 1 17 1.000000
  0 -30.769880 3.631254 76.186935 -0.134865 0.615116 0.776817 0.869629 0.041968 1 17 1.000000
  0 -33.847599 1.153635 73.989586 -0.673727 -0.294402 0.677805 0.869629 0.041968 1 17 1.000000
01_-_Default
  0 -31.494047 6.024209 73.173645 0.081560 0.994723 0.062247 0.873884 0.026448 1 17 1.000000
  0 -31.856133 0.689402 71.802345 -0.148048 -0.413643 -0.898321 0.857422 0.026001 1 17 1.000000
  0 -37.106354 6.572083 67.798080 -0.285863 0.748556 -0.598286 0.873884 0.026448 1 17 1.000000
01_-_Default
  0 -30.769880 3.631254 76.186935 -0.899887 -0.243141 0.362058 0.869629 0.041968 1 17 1.000000
  0 -30.588837 -1.394094 73.472626 -0.899887 -0.243141 0.362058 0.873884 0.026448 1 17 1.000000
  0 -29.140503 0.814345 78.189697 -0.899887 -0.243141 0.362058 0.875000 0.051001 1 17 1.000000
01_-_Default
  0 -37.106354 6.572083 67.798080 -0.285863 0.748556 -0.598286 0.873884 0.026448 1 17 1.000000
  0 -31.856133 0.689402 71.802345 -0.148048 -0.413643 -0.898321 0.857422 0.026001 1 17 1.000000
  0 -37.287399 2.111832 67.103447 -0.285343 -0.102490 -0.952930 0.867188 0.013892 1 17 1.000000
01_-_Default
  0 -37.287399 2.111832 67.103447 -0.285343 -0.102490 -0.952930 0.867188 0.013892 1 17 1.000000
  0 -33.666553 -0.687887 68.097832 0.434881 -0.460800 -0.773655 0.867188 0.013892 1 17 1.000000
  0 -38.192612 0.859604 69.282104 -0.888451 -0.457043 0.042030 0.867188 0.013892 1 17 1.000000
01_-_Default
  0 -31.494047 6.024209 73.173645 0.081560 0.994723 0.062247 0.873884 0.026448 1 17 1.000000
  0 -37.106354 6.572083 67.798080 -0.285863 0.748556 -0.598286 0.873884 0.026448 1 17 1.000000
  0 -36.744270 5.534652 70.482033 -0.694825 0.529687 0.486467 0.873884 0.026448 1 17 1.000000
01_-_Default
  0 -33.666553 -0.687887 68.097832 0.434881 -0.460800 -0.773655 0.867188 0.013892 1 17 1.000000
  0 -33.123428 -1.437977 71.623596 0.072936 -0.996066 0.050326 0.857422 0.026001 1 17 1.000000
  0 -38.192612 0.859604 69.282104 -0.888451 -0.457043 0.042030 0.867188 0.013892 1 17 1.000000
01_-_Default
  0 -30.769880 3.631254 76.186935 -0.134865 0.615116 0.776817 0.869629 0.041968 1 17 1.000000
  0 -31.494047 6.024209 73.173645 0.081560 0.994723 0.062247 0.873884 0.026448 1 17 1.000000
  0 -36.744270 5.534652 70.482033 -0.694825 0.529687 0.486467 0.873884 0.026448 1 17 1.000000
01_-_Default
  0 -33.123428 -1.437977 71.623596 0.072936 -0.996066 0.050326 0.857422 0.026001 1 17 1.000000
  0 -30.588837 -1.394094 73.472626 0.265718 -0.962522 0.054275 0.869629 0.041968 1 17 1.000000
  0 -33.847599 1.153635 73.989586 -0.673727 -0.294402 0.677805 0.869629 0.041968 1 17 1.000000
01_-_Default
  0 -30.588837 -1.394094 73.472626 0.265718 -0.962522 0.054275 0.869629 0.041968 1 17 1.000000
  0 -29.140503 0.814345 78.189697 0.328795 -0.259914 0.907931 0.875000 0.051001 1 17 1.000000
  0 -33.847599 1.153635 73.989586 -0.673727 -0.294402 0.677805 0.869629 0.041968 1 17 1.000000
01_-_Default
  0 -31.856133 0.689402 71.802345 -0.148048 -0.413643 -0.898321 0.857422 0.026001 1 17 1.000000
  0 -33.666553 -0.687887 68.097832 0.434881 -0.460800 -0.773655 0.867188 0.013892 1 17 1.000000
  0 -37.287399 2.111832 67.103447 -0.285343 -0.102490 -0.952930 0.867188 0.013892 1 17 1.000000
01_-_Default
  0 -31.856133 0.689402 71.802345 -0.148048 -0.413643 -0.898321 0.857422 0.026001 1 17 1.000000
  0 -33.123428 -1.437977 71.623596 0.072936 -0.996066 0.050326 0.857422 0.026001 1 17 1.000000
  0 -33.666553 -0.687887 68.097832 0.434881 -0.460800 -0.773655 0.867188 0.013892 1 17 1.000000
01_-_Default
  0 -30.588837 -1.394094 73.472626 0.265718 -0.962522 0.054275 0.857422 0.026001 1 17 1.000000
  0 -33.123428 -1.437977 71.623596 0.072936 -0.996066 0.050326 0.857422 0.026001 1 17 1.000000
  0 -31.856133 0.689402 71.802345 -0.148048 -0.413643 -0.898321 0.857422 0.026001 1 17 1.000000
01_-_Default
  0 -31.494047 6.024209 73.173645 0.081560 0.994723 0.062247 0.873884 0.026448 1 17 1.000000
  0 -30.769880 3.631254 76.186935 -0.134865 0.615116 0.776817 0.869629 0.041968 1 17 1.000000
  0 -27.692160 4.301991 72.492737 0.885648 0.426936 -0.182630 0.873884 0.026448 1 17 1.000000
01_-_Default
  0 -29.140503 0.814345 78.189697 0.328795 -0.259914 0.907931 0.875000 0.051001 1 17 1.000000
  0 -30.588837 -1.394094 73.472626 0.265718 -0.962522 0.054275 0.873884 0.026448 1 17 1.000000
  0 -27.692160 4.301991 72.492737 0.885648 0.426936 -0.182630 0.873884 0.026448 1 17 1.000000
01_-_Default
  0 -30.769880 3.631254 76.186935 -0.134865 0.615116 0.776817 0.869629 0.041968 1 17 1.000000
  0 -29.140503 0.814345 78.189697 0.328795 -0.259914 0.907931 0.875000 0.051001 1 17 1.000000
  0 -27.692160 4.301991 72.492737 0.885648 0.426936 -0.182630 0.873884 0.026448 1 17 1.000000
01_-_Default
  0 -31.856133 0.689402 71.802345 -0.148048 -0.413643 -0.898321 0.857422 0.026001 1 17 1.000000
  0 -31.494047 6.024209 73.173645 0.081560 0.994723 0.062247 0.873884 0.026448 1 17 1.000000
  0 -31.494047 0.733700 67.432686 -0.183368 -0.255655 -0.949219 0.867188 0.013892 1 17 1.000000
01_-_Default
  0 -31.494047 6.024209 73.173645 0.081560 0.994723 0.062247 0.873884 0.026448 1 17 1.000000
  0 -27.692160 4.301991 72.492737 0.885648 0.426936 -0.182630 0.873884 0.026448 1 17 1.000000
  0 -31.494047 0.733700 67.432686 -0.183368 -0.255655 -0.949219 0.867188 0.013892 1 17 1.000000
01_-_Default
  0 -27.692160 4.301991 72.492737 0.885648 0.426936 -0.182630 0.873884 0.026448 1 17 1.000000
  0 -30.588837 -1.394094 73.472626 0.265718 -0.962522 0.054275 0.857422 0.026001 1 17 1.000000
  0 -31.494047 0.733700 67.432686 -0.183368 -0.255655 -0.949219 0.867188 0.013892 1 17 1.000000
01_-_Default
  0 -30.588837 -1.394094 73.472626 0.265718 -0.962522 0.054275 0.857422 0.026001 1 17 1.000000
  0 -31.856133 0.689402 71.802345 -0.148048 -0.413643 -0.898321 0.857422 0.026001 1 17 1.000000
  0 -31.494047 0.733700 67.432686 -0.183368 -0.255655 -0.949219 0.867188 0.013892 1 17 1.000000
01_-_Default
  0 -30.769880 3.631254 76.186935 0.899887 0.243141 -0.362058 0.869629 0.041968 1 17 1.000000
  0 -29.140503 0.814345 78.189697 0.899887 0.243141 -0.362058 0.875000 0.051001 1 17 1.000000
  0 -30.588837 -1.394094 73.472626 0.899887 0.243141 -0.362058 0.873884 0.026448 1 17 1.000000
01_-_Default
  0 -33.847599 1.153635 73.989586 -0.673727 -0.294402 0.677805 0.873884 0.026448 1 17 1.000000
  0 -30.769880 3.631254 76.186935 -0.134865 0.615116 0.776817 0.869629 0.041968 1 17 1.000000
  0 -36.744270 5.534652 70.482033 -0.694825 0.529687 0.486467 0.873884 0.026448 1 17 1.000000
01_-_Default
  0 -36.744270 5.534652 70.482033 -0.694825 0.529687 0.486467 0.873884 0.026448 1 17 1.000000
  0 -38.192612 0.859604 69.282104 -0.888451 -0.457043 0.042030 0.867188 0.013892 1 17 1.000000
  0 -33.847599 1.153635 73.989586 -0.673727 -0.294402 0.677805 0.873884 0.026448 1 17 1.000000
01_-_Default
  0 -33.847599 1.153635 73.989586 -0.673727 -0.294402 0.677805 0.873884 0.026448 1 17 1.000000
  0 -38.192612 0.859604 69.282104 -0.888451 -0.457043 0.042030 0.867188 0.013892 1 17 1.000000
  0 -33.123428 -1.437977 71.623596 0.072936 -0.996066 0.050326 0.857422 0.026001 1 17 1.000000
01_-_Default
  0 -5.967663 -0.054940 63.820717 0.997088 -0.007504 -0.075888 0.878906 0.492408 1 10 1.000000
  0 -11.941693 5.944270 40.231205 -0.010686 0.998648 0.050875 0.867188 0.406470 2 11 0.500000 10 0.500000
  0 -12.847095 6.912265 63.766075 -0.132668 0.990247 -0.042534 0.863281 0.496314 1 10 1.000000
01_-_Default
  0 -7.494628 2.419676 40.213547 0.996142 0.085153 -0.021194 0.875000 0.422095 2 11 0.500000 10 0.500000
  0 -11.941693 -3.109653 40.185844 -0.010346 -0.999938 -0.004012 0.855469 0.408423 2 11 0.500000 10 0.500000
  0 -11.941693 -1.490740 33.807236 -0.011356 -0.993286 -0.115126 0.859375 0.386939 1 11 1.000000
01_-_Default
  0 -7.494628 2.419676 40.213547 0.996142 0.085153 -0.021194 0.875000 0.422095 2 11 0.500000 10 0.500000
  0 -11.941693 -2.202520 43.887970 0.005643 -0.994517 -0.104420 0.859375 0.426001 1 10 1.000000
  0 -11.941693 -3.109653 40.185844 -0.010346 -0.999938 -0.004012 0.855469 0.408423 2 11 0.500000 10 0.500000
01_-_Default
  0 -11.941693 -1.490740 33.807236 -0.011356 -0.993286 -0.115126 0.859375 0.386939 1 11 1.000000
  0 -11.941693 -3.109653 40.185844 -0.010346 -0.999938 -0.004012 0.855469 0.408423 2 11 0.500000 10 0.500000
  0 -16.196869 2.436643 40.213631 -0.995687 0.090499 -0.020423 0.855469 0.408423 2 11 0.500000 10 0.500000
01_-_Default
  0 -11.941693 -3.109653 40.185844 -0.010346 -0.999938 -0.004012 0.855469 0.408423 2 11 0.500000 10 0.500000
  0 -11.941693 -2.202520 43.887970 0.005643 -0.994517 -0.104420 0.859375 0.426001 1 10 1.000000
  0 -16.196869 2.436643 40.213631 -0.995687 0.090499 -0.020423 0.855469 0.408423 2 11 0.500000 10 0.500000
01_-_Default
  0 -11.941693 -2.202520 43.887970 0.005643 -0.994517 -0.104420 0.859375 0.426001 1 10 1.000000
  0 -12.620790 -7.430279 63.694218 -0.121270 -0.980773 -0.152897 0.863281 0.496314 1 10 1.000000
  0 -16.196869 2.436643 40.213631 -0.995687 0.090499 -0.020423 0.855469 0.408423 2 11 0.500000 10 0.500000
01_-_Default
  0 -16.196869 2.436643 40.213631 -0.995687 0.090499 -0.020423 0.855469 0.408423 2 11 0.500000 10 0.500000
  0 -12.620790 -7.430279 63.694218 -0.121270 -0.980773 -0.152897 0.863281 0.496314 1 10 1.000000
  0 -16.467922 0.781613 63.735359 -0.997685 0.052840 -0.042803 0.863281 0.496314 1 10 1.000000
01_-_Default
  0 -16.467922 0.781613 63.735359 -0.997685 0.052840 -0.042803 0.863281 0.496314 1 10 1.000000
  0 -11.941693 5.944270 40.231205 -0.010686 0.998648 0.050875 0.867188 0.406470 2 11 0.500000 10 0.500000
  0 -16.196869 2.436643 40.213631 -0.995687 0.090499 -0.020423 0.855469 0.408423 2 11 0.500000 10 0.500000
01_-_Default
  0 -11.941693 5.944270 40.231205 -0.010686 0.998648 0.050875 0.867188 0.406470 2 11 0.500000 10 0.500000
  0 -16.467922 0.781613 63.735359 -0.997685 0.052840 -0.042803 0.863281 0.496314 1 10 1.000000
  0 -12.847095 6.912265 63.766075 -0.132668 0.990247 -0.042534 0.863281 0.496314 1 10 1.000000
01_-_Default
  0 -7.494628 2.419676 40.213547 0.996142 0.085153 -0.021194 0.875000 0.422095 2 11 0.500000 10 0.500000
  0 -12.620790 -7.430279 63.694218 -0.121270 -0.980773 -0.152897 0.863281 0.496314 1 10 1.000000
  0 -11.941693 -2.202520 43.887970 0.005643 -0.994517 -0.104420 0.859375 0.426001 1 10 1.000000
01_-_Default
  0 -7.494628 2.419676 40.213547 0.996142 0.085153 -0.021194 0.875000 0.422095 2 11 0.500000 10 0.500000
  0 -5.967663 -0.054940 63.820717 0.997088 -0.007504 -0.075888 0.878906 0.492408 1 10 1.000000
  0 -12.620790 -7.430279 63.694218 -0.121270 -0.980773 -0.152897 0.863281 0.496314 1 10 1.000000
01_-_Default
  0 -11.941693 5.944270 40.231205 -0.010686 0.998648 0.050875 0.867188 0.406470 2 11 0.500000 10 0.500000
  0 -5.967663 -0.054940 63.820717 0.997088 -0.007504 -0.075888 0.878906 0.492408 1 10 1.000000
  0 -7.494628 2.419676 40.213547 0.996142 0.085153 -0.021194 0.875000 0.422095 2 11 0.500000 10 0.500000
01_-_Default
  0 -12.255971 0.008247 12.919169 -0.168071 -0.671358 0.721824 0.853516 0.285376 2 11 0.500000 12 0.500000
  0 -7.760257 4.591756 11.812686 0.932278 0.192221 0.306444 0.865234 0.285376 2 11 0.500000 12 0.500000
  0 -11.941693 -1.490740 33.807236 -0.011356 -0.993286 -0.115126 0.859375 0.386939 1 11 1.000000
01_-_Default
  0 -15.928863 4.574652 11.328553 -0.912191 0.197421 0.359073 0.853516 0.285376 2 11 0.500000 12 0.500000
  0 -11.941693 -1.490740 33.807236 -0.011356 -0.993286 -0.115126 0.859375 0.386939 1 11 1.000000
  0 -16.196869 2.436643 40.213631 -0.995687 0.090499 -0.020423 0.855469 0.408423 2 11 0.500000 10 0.500000
01_-_Default
  0 -15.928863 4.574652 11.328553 -0.912191 0.197421 0.359073 0.853516 0.285376 2 11 0.500000 12 0.500000
  0 -11.941693 5.944270 40.231205 -0.010686 0.998648 0.050875 0.867188 0.406470 2 11 0.500000 10 0.500000
  0 -10.656470 7.934032 12.057805 0.160968 0.957280 0.240218 0.865234 0.285376 2 11 0.500000 12 0.500000
01_-_Default
  0 -7.760257 4.591756 11.812686 0.932278 0.192221 0.306444 0.865234 0.285376 2 11 0.500000 12 0.500000
  0 -10.656470 7.934032 12.057805 0.160968 0.957280 0.240218 0.865234 0.285376 2 11 0.500000 12 0.500000
  0 -11.941693 5.944270 40.231205 -0.010686 0.998648 0.050875 0.867188 0.406470 2 11 0.500000 10 0.500000
01_-_Default
  0 -15.928863 4.574652 11.328553 -0.912191 0.197421 0.359073 0.853516 0.285376 2 11 0.500000 12 0.500000
  0 -12.255971 0.008247 12.919169 -0.168071 -0.671358 0.721824 0.853516 0.285376 2 11 0.500000 12 0.500000
  0 -11.941693 -1.490740 33.807236 -0.011356 -0.993286 -0.115126 0.859375 0.386939 1 11 1.000000
01_-_Default
  0 -7.760257 4.591756 11.812686 0.932278 0.192221 0.306444 0.865234 0.285376 2 11 0.500000 12 0.500000
  0 -7.494628 2.419676 40.213547 0.996142 0.085153 -0.021194 0.875000 0.422095 2 11 0.500000 10 0.500000
  0 -11.941693 -1.490740 33.807236 -0.011356 -0.993286 -0.115126 0.859375 0.386939 1 11 1.000000
01_-_Default
  0 -7.494628 2.419676 40.213547 0.996142 0.085153 -0.021194 0.875000 0.422095 2 11 0.500000 10 0.500000
  0 -7.760257 4.591756 11.812686 0.932278 0.192221 0.306444 0.865234 0.285376 2 11 0.500000 12 0.500000
  0 -11.941693 5.944270 40.231205 -0.010686 0.998648 0.050875 0.867188 0.406470 2 11 0.500000 10 0.500000
01_-_Default
  0 -16.196869 2.436643 40.213631 -0.995687 0.090499 -0.020423 0.855469 0.408423 2 11 0.500000 10 0.500000
  0 -11.941693 5.944270 40.231205 -0.010686 0.998648 0.050875 0.867188 0.406470 2 11 0.500000 10 0.500000
  0 -15.928863 4.574652 11.328553 -0.912191 0.197421 0.359073 0.853516 0.285376 2 11 0.500000 12 0.500000
01_-_Default
  0 -16.623638 -13.080773 8.603941 -0.581324 -0.513842 0.630895 0.859375 0.228736 1 12 1.000000
  0 -9.150198 -13.495052 8.843899 0.482692 -0.583832 0.652800 0.892578 0.234595 1 12 1.000000
  0 -12.255971 0.008247 12.919169 -0.168071 -0.671358 0.721824 0.875000 0.168189 2 11 0.500000 12 0.500000
01_-_Default
  0 -12.255971 0.008247 12.919169 -0.168071 -0.671358 0.721824 0.875000 0.168189 2 11 0.500000 12 0.500000
  0 -18.477825 5.104652 7.593292 -0.871409 0.407095 0.273716 0.855469 0.125220 1 12 1.000000
  0 -16.623638 -13.080773 8.603941 -0.581324 -0.513842 0.630895 0.859375 0.228736 1 12 1.000000
01_-_Default
  0 -18.477825 5.104652 7.593292 -0.871409 0.407095 0.273716 0.855469 0.125220 1 12 1.000000
  0 -12.255971 0.008247 12.919169 -0.168071 -0.671358 0.721824 0.875000 0.168189 2 11 0.500000 12 0.500000
  0 -15.928863 4.574652 11.328553 -0.912191 0.197421 0.359073 0.863281 0.136939 2 11 0.500000 12 0.500000
01_-_Default
  0 -15.928863 4.574652 11.328553 -0.912191 0.197421 0.359073 0.863281 0.136939 2 11 0.500000 12 0.500000
  0 -10.656470 7.934032 12.057805 0.160968 0.957280 0.240218 0.882813 0.125220 2 11 0.500000 12 0.500000
  0 -10.772558 9.783907 8.121315 0.149542 0.970694 0.188124 0.882813 0.093970 1 12 1.000000
01_-_Default
  0 -10.772558 9.783907 8.121315 0.149542 0.970694 0.188124 0.882813 0.093970 1 12 1.000000
  0 -18.477825 5.104652 7.593292 -0.871409 0.407095 0.273716 0.855469 0.125220 1 12 1.000000
  0 -15.928863 4.574652 11.328553 -0.912191 0.197421 0.359073 0.863281 0.136939 2 11 0.500000 12 0.500000
01_-_Default
  0 -10.772558 9.783907 8.121315 0.149542 0.970694 0.188124 0.882813 0.093970 1 12 1.000000
  0 -7.760257 4.591756 11.812686 0.932278 0.192221 0.306444 0.894531 0.140845 2 11 0.500000 12 0.500000
  0 -5.471874 3.032254 7.206447 0.959644 0.219120 0.176266 0.906250 0.136939 1 12 1.000000
01_-_Default
  0 -7.760257 4.591756 11.812686 0.932278 0.192221 0.306444 0.894531 0.140845 2 11 0.500000 12 0.500000
  0 -10.772558 9.783907 8.121315 0.149542 0.970694 0.188124 0.882813 0.093970 1 12 1.000000
  0 -10.656470 7.934032 12.057805 0.160968 0.957280 0.240218 0.882813 0.125220 2 11 0.500000 12 0.500000
01_-_Default
  0 -18.245722 -13.358808 3.292279 -0.749399 -0.414876 -0.516021 0.859375 0.228736 1 12 1.000000
  0 -18.477825 4.814520 3.457302 -0.731968 0.344648 -0.587742 0.855469 0.125220 1 12 1.000000
  0 -10.772800 9.814530 3.065551 0.136781 0.796677 -0.588724 0.882813 0.093970 1 12 1.000000
01_-_Default
  0 -7.702082 -14.271521 3.583519 0.689338 -0.533182 -0.490438 0.892578 0.234595 1 12 1.000000
  0 -10.772800 9.814530 3.065551 0.136781 0.796677 -0.588724 0.882813 0.093970 1 12 1.000000
  0 -5.471874 2.734859 3.070441 0.737229 0.179091 -0.651475 0.906250 0.136939 1 12 1.000000
01_-_Default
  0 -18.477825 4.814520 3.457302 -0.731968 0.344648 -0.587742 0.855469 0.125220 1 12 1.000000
  0 -16.623638 -13.080773 8.603941 -0.581324 -0.513842 0.630895 0.859375 0.228736 1 12 1.000000
  0 -18.477825 5.104652 7.593292 -0.871409 0.407095 0.273716 0.855469 0.125220 1 12 1.000000
01_-_Default
  0 -16.623638 -13.080773 8.603941 -0.581324 -0.513842 0.630895 0.859375 0.228736 1 12 1.000000
  0 -18.477825 4.814520 3.457302 -0.731968 0.344648 -0.587742 0.855469 0.125220 1 12 1.000000
  0 -18.245722 -13.358808 3.292279 -0.749399 -0.414876 -0.516021 0.859375 0.228736 1 12 1.000000
01_-_Default
  0 -18.477825 5.104652 7.593292 -0.871409 0.407095 0.273716 0.855469 0.125220 1 12 1.000000
  0 -10.772558 9.783907 8.121315 0.149542 0.970694 0.188124 0.882813 0.093970 1 12 1.000000
  0 -18.477825 4.814520 3.457302 -0.731968 0.344648 -0.587742 0.855469 0.125220 1 12 1.000000
01_-_Default
  0 -7.702082 -14.271521 3.583519 0.689338 -0.533182 -0.490438 0.892578 0.234595 1 12 1.000000
  0 -5.471874 3.032254 7.206447 0.959644 0.219120 0.176266 0.906250 0.136939 1 12 1.000000
  0 -9.150198 -13.495052 8.843899 0.482692 -0.583832 0.652800 0.892578 0.234595 1 12 1.000000
01_-_Default
  0 -5.471874 3.032254 7.206447 0.959644 0.219120 0.176266 0.906250 0.136939 1 12 1.000000
  0 -7.702082 -14.271521 3.583519 0.689338 -0.533182 -0.490438 0.892578 0.234595 1 12 1.000000
  0 -5.471874 2.734859 3.070441 0.737229 0.179091 -0.651475 0.906250 0.136939 1 12 1.000000
01_-_Default
  0 -9.150198 -13.495052 8.843899 0.482692 -0.583832 0.652800 0.892578 0.234595 1 12 1.000000
  0 -7.760257 4.591756 11.812686 0.932278 0.192221 0.306444 0.894531 0.140845 2 11 0.500000 12 0.500000
  0 -12.255971 0.008247 12.919169 -0.168071 -0.671358 0.721824 0.875000 0.168189 2 11 0.500000 12 0.500000
01_-_Default
  0 -7.760257 4.591756 11.812686 0.932278 0.192221 0.306444 0.894531 0.140845 2 11 0.500000 12 0.500000
  0 -9.150198 -13.495052 8.843899 0.482692 -0.583832 0.652800 0.892578 0.234595 1 12 1.000000
  0 -5.471874 3.032254 7.206447 0.959644 0.219120 0.176266 0.906250 0.136939 1 12 1.000000
01_-_Default
  0 -7.702082 -14.271521 3.583519 0.689338 -0.533182 -0.490438 0.892578 0.234595 1 12 1.000000
  0 -18.245722 -13.358808 3.292279 -0.749399 -0.414876 -0.516021 0.859375 0.228736 1 12 1.000000
  0 -10.772800 9.814530 3.065551 0.136781 0.796677 -0.588724 0.882813 0.093970 1 12 1.000000
01_-_Default
  0 -18.245722 -13.358808 3.292279 -0.749399 -0.414876 -0.516021 0.859375 0.228736 1 12 1.000000
  0 -7.702082 -14.271521 3.583519 0.689338 -0.533182 -0.490438 0.892578 0.234595 1 12 1.000000
  0 -12.916098 -16.517653 3.222599 -0.036538 -0.850598 -0.524545 0.875000 0.254126 1 12 1.000000
01_-_Default
  0 -10.772800 9.814530 3.065551 0.136781 0.796677 -0.588724 0.882813 0.093970 1 12 1.000000
  0 -10.772558 9.783907 8.121315 0.149542 0.970694 0.188124 0.882813 0.093970 1 12 1.000000
  0 -5.471874 2.734859 3.070441 0.737229 0.179091 -0.651475 0.906250 0.136939 1 12 1.000000
01_-_Default
  0 -5.471874 2.734859 3.070441 0.737229 0.179091 -0.651475 0.906250 0.136939 1 12 1.000000
  0 -10.772558 9.783907 8.121315 0.149542 0.970694 0.188124 0.882813 0.093970 1 12 1.000000
  0 -5.471874 3.032254 7.206447 0.959644 0.219120 0.176266 0.906250 0.136939 1 12 1.000000
01_-_Default
  0 -10.772558 9.783907 8.121315 0.149542 0.970694 0.188124 0.882813 0.093970 1 12 1.000000
  0 -10.772800 9.814530 3.065551 0.136781 0.796677 -0.588724 0.882813 0.093970 1 12 1.000000
  0 -18.477825 4.814520 3.457302 -0.731968 0.344648 -0.587742 0.855469 0.125220 1 12 1.000000
01_-_Default
  0 -9.150198 -13.495052 8.843899 0.482692 -0.583832 0.652800 0.892578 0.234595 1 12 1.000000
  0 -16.623638 -13.080773 8.603941 -0.581324 -0.513842 0.630895 0.859375 0.228736 1 12 1.000000
  0 -12.916098 -16.517653 3.222599 -0.036538 -0.850598 -0.524545 0.875000 0.254126 1 12 1.000000
01_-_Default
  0 -16.623638 -13.080773 8.603941 -0.581324 -0.513842 0.630895 0.859375 0.228736 1 12 1.000000
  0 -18.245722 -13.358808 3.292279 -0.749399 -0.414876 -0.516021 0.859375 0.228736 1 12 1.000000
  0 -12.916098 -16.517653 3.222599 -0.036538 -0.850598 -0.524545 0.875000 0.254126 1 12 1.000000
01_-_Default
  0 -7.702082 -14.271521 3.583519 0.689338 -0.533182 -0.490438 0.892578 0.234595 1 12 1.000000
  0 -9.150198 -13.495052 8.843899 0.482692 -0.583832 0.652800 0.892578 0.234595 1 12 1.000000
  0 -12.916098 -16.517653 3.222599 -0.036538 -0.850598 -0.524545 0.875000 0.254126 1 12 1.000000
01_-_Default
  0 -18.005974 2.281620 135.719879 -0.984734 0.157289 -0.074553 0.875231 0.616239 1 27 1.000000
  0 -13.785717 -2.163020 128.040115 -0.912606 -0.192076 -0.360913 0.891712 0.588239 1 27 1.000000
  0 -13.368306 -5.233277 135.009949 -0.867863 -0.492964 -0.061641 0.891314 0.613728 1 27 1.000000
01_-_Default
  0 -12.236590 -6.593205 142.907867 -0.721050 -0.686425 0.094376 0.895238 0.643255 1 27 1.000000
  0 -17.191135 2.117042 142.951477 -0.997929 -0.058970 -0.025691 0.880568 0.643255 1 27 1.000000
  0 -18.005974 2.281620 135.719879 -0.984734 0.157289 -0.074553 0.875231 0.616239 1 27 1.000000
01_-_Default
  0 -7.143727 -6.161564 120.508911 -0.437307 -0.164977 -0.884050 0.729385 0.678587 1 27 1.000000
  0 -9.660475 -7.079652 122.521164 -0.676825 -0.397316 -0.619716 0.697705 0.705933 1 27 1.000000
  0 -10.176721 -0.098657 122.562042 -0.593056 0.206372 -0.778264 0.690325 0.689837 1 27 1.000000
01_-_Default
  0 -9.995316 -9.120022 127.889214 -0.650152 -0.758123 0.050518 0.693491 0.778857 1 27 1.000000
  0 -13.785717 -2.163020 128.040115 -0.912606 -0.192076 -0.360913 0.645779 0.780433 1 27 1.000000
  0 -10.176358 -9.402369 125.870964 -0.697147 -0.694982 -0.176030 0.691212 0.751511 1 27 1.000000
01_-_Default
  0 -2.321053 -13.383917 125.851021 0.000006 -0.997764 0.066830 0.790089 0.751511 1 27 1.000000
  0 -2.321053 -11.382257 127.877884 0.000005 -0.947221 0.320581 0.790089 0.778857 1 27 1.000000
  0 -9.995316 -9.120022 127.889214 -0.650152 -0.758123 0.050518 0.693491 0.778857 1 27 1.000000
01_-_Default
  0 -2.321053 -11.382257 127.877884 0.000005 -0.947221 0.320581 0.790089 0.778857 1 27 1.000000
  0 -2.321053 -12.935517 134.971344 0.000005 -0.999552 -0.029946 0.790089 0.875142 1 27 1.000000
  0 -11.216990 -9.315931 134.989471 -0.648093 -0.761484 0.010858 0.678111 0.875142 1 27 1.000000
01_-_Default
  0 -10.176721 -0.098657 122.562042 -0.593056 0.206372 -0.778264 0.902382 0.567134 1 27 1.000000
  0 -13.785717 -2.163020 128.040115 -0.912606 -0.192076 -0.360913 0.891712 0.588239 1 27 1.000000
  0 -12.721204 7.260914 128.410706 -0.745879 0.357011 -0.562324 0.891712 0.588239 1 27 1.000000
01_-_Default
  0 -18.005974 2.281620 135.719879 -0.984734 0.157289 -0.074553 0.875231 0.616239 1 27 1.000000
  0 -12.721204 7.260914 128.410706 -0.745879 0.357011 -0.562324 0.891712 0.588239 1 27 1.000000
  0 -13.785717 -2.163020 128.040115 -0.912606 -0.192076 -0.360913 0.891712 0.588239 1 27 1.000000
01_-_Default
  0 -2.321053 -12.935517 134.971344 0.000005 -0.999552 -0.029946 0.790089 0.875142 1 27 1.000000
  0 -12.236590 -6.593205 142.907867 -0.721050 -0.686425 0.094376 0.665278 0.982321 1 27 1.000000
  0 -11.216990 -9.315931 134.989471 -0.648093 -0.761484 0.010858 0.678111 0.875142 1 27 1.000000
01_-_Default
  0 -12.236590 -6.593205 142.907867 -0.721050 -0.686425 0.094376 0.665278 0.982321 1 27 1.000000
  0 -2.321053 -12.935517 134.971344 0.000005 -0.999552 -0.029946 0.790089 0.875142 1 27 1.000000
  0 -2.321053 -12.530890 142.878082 0.000006 -0.998874 0.047438 0.790089 0.982321 1 27 1.000000
01_-_Default
  0 -12.236590 -6.593205 142.907867 -0.721050 -0.686425 0.094376 0.665278 0.982321 1 27 1.000000
  0 -13.368306 -5.233277 135.009949 -0.867863 -0.492964 -0.061641 0.651033 0.875142 1 27 1.000000
  0 -11.216990 -9.315931 134.989471 -0.648093 -0.761484 0.010858 0.678111 0.875142 1 27 1.000000
01_-_Default
  0 -12.236590 -6.593205 142.907867 -0.721050 -0.686425 0.094376 0.895238 0.643255 1 27 1.000000
  0 -18.005974 2.281620 135.719879 -0.984734 0.157289 -0.074553 0.875231 0.616239 1 27 1.000000
  0 -13.368306 -5.233277 135.009949 -0.867863 -0.492964 -0.061641 0.891314 0.613728 1 27 1.000000
01_-_Default
  0 -10.176721 -0.098657 122.562042 -0.593056 0.206372 -0.778264 0.902382 0.567134 1 27 1.000000
  0 -5.808722 1.411940 121.891418 -0.561710 0.316343 -0.764466 0.918785 0.547744 1 27 1.000000
  0 -2.321053 -2.735184 120.526070 0.003104 -0.067531 -0.997712 0.929623 0.547337 1 27 1.000000
01_-_Default
  0 -12.721204 7.260914 128.410706 -0.745879 0.357011 -0.562324 0.891712 0.588239 1 27 1.000000
  0 -17.191135 2.117042 142.951477 -0.997929 -0.058970 -0.025691 0.880568 0.643255 1 27 1.000000
  0 -15.742887 8.417378 142.983063 -0.954666 0.220528 -0.199951 0.880568 0.643255 1 27 1.000000
01_-_Default
  0 -17.191135 2.117042 142.951477 -0.997929 -0.058970 -0.025691 0.880568 0.643255 1 27 1.000000
  0 -12.721204 7.260914 128.410706 -0.745879 0.357011 -0.562324 0.891712 0.588239 1 27 1.000000
  0 -18.005974 2.281620 135.719879 -0.984734 0.157289 -0.074553 0.875231 0.616239 1 27 1.000000
01_-_Default
  0 -12.721204 7.260914 128.410706 -0.745879 0.357011 -0.562324 0.891712 0.588239 1 27 1.000000
  0 -2.321053 11.772120 125.977051 0.003373 0.528394 -0.848993 0.929623 0.579668 1 27 1.000000
  0 -10.176721 -0.098657 122.562042 -0.593056 0.206372 -0.778264 0.902382 0.567134 1 27 1.000000
01_-_Default
  0 -2.321053 11.772120 125.977051 0.003373 0.528394 -0.848993 0.929623 0.579668 1 27 1.000000
  0 -5.808722 1.411940 121.891418 -0.561710 0.316343 -0.764466 0.918785 0.547744 1 27 1.000000
  0 -10.176721 -0.098657 122.562042 -0.593056 0.206372 -0.778264 0.902382 0.567134 1 27 1.000000
01_-_Default
  0 -5.808722 1.411940 121.891418 -0.561710 0.316343 -0.764466 0.918785 0.547744 1 27 1.000000
  0 -2.321053 11.772120 125.977051 0.003373 0.528394 -0.848993 0.929623 0.579668 1 27 1.000000
  0 -2.321053 4.610167 121.907448 0.000021 0.776836 -0.629703 0.929623 0.547337 1 27 1.000000
01_-_Default
  0 -5.808722 1.411940 121.891418 -0.561710 0.316343 -0.764466 0.918785 0.547744 1 27 1.000000
  0 -2.321053 4.240312 115.855011 0.000023 0.995619 -0.093508 0.929623 0.547337 1 14 1.000000
  0 -5.084539 1.379300 115.840675 -0.991227 -0.073675 -0.109728 0.918785 0.547744 1 14 1.000000
01_-_Default
  0 -2.321053 4.240312 115.855011 0.000023 0.995619 -0.093508 0.929623 0.547337 1 14 1.000000
  0 -5.808722 1.411940 121.891418 -0.561710 0.316343 -0.764466 0.918785 0.547744 1 27 1.000000
  0 -2.321053 4.610167 121.907448 0.000021 0.776836 -0.629703 0.929623 0.547337 1 27 1.000000
01_-_Default
  0 -2.321053 -0.815061 115.829689 0.000023 -0.981633 -0.190780 0.929623 0.547337 1 14 1.000000
  0 -5.808722 1.411940 121.891418 -0.561710 0.316343 -0.764466 0.918785 0.547744 1 27 1.000000
  0 -5.084539 1.379300 115.840675 -0.991227 -0.073675 -0.109728 0.918785 0.547744 1 14 1.000000
01_-_Default
  0 -5.808722 1.411940 121.891418 -0.561710 0.316343 -0.764466 0.918785 0.547744 1 27 1.000000
  0 -2.321053 -0.815061 115.829689 0.000023 -0.981633 -0.190780 0.929623 0.547337 1 14 1.000000
  0 -2.321053 -2.735184 120.526070 0.003104 -0.067531 -0.997712 0.929623 0.547337 1 27 1.000000
01_-_Default
  0 -9.995316 -9.120022 127.889214 -0.650152 -0.758123 0.050518 0.693491 0.778857 1 27 1.000000
  0 -13.368306 -5.233277 135.009949 -0.867863 -0.492964 -0.061641 0.651033 0.875142 1 27 1.000000
  0 -13.785717 -2.163020 128.040115 -0.912606 -0.192076 -0.360913 0.645779 0.780433 1 27 1.000000
01_-_Default
  0 -13.368306 -5.233277 135.009949 -0.867863 -0.492964 -0.061641 0.651033 0.875142 1 27 1.000000
  0 -9.995316 -9.120022 127.889214 -0.650152 -0.758123 0.050518 0.693491 0.778857 1 27 1.000000
  0 -11.216990 -9.315931 134.989471 -0.648093 -0.761484 0.010858 0.678111 0.875142 1 27 1.000000
01_-_Default
  0 -2.321053 -11.411271 122.499458 0.000008 -0.818688 -0.574238 0.790089 0.705933 1 27 1.000000
  0 -9.660475 -7.079652 122.521164 -0.676825 -0.397316 -0.619716 0.697705 0.705933 1 27 1.000000
  0 -7.143727 -6.161564 120.508911 -0.437307 -0.164977 -0.884050 0.729385 0.678587 1 27 1.000000
01_-_Default
  0 -2.321053 -13.383917 125.851021 0.000006 -0.997764 0.066830 0.790089 0.751511 1 27 1.000000
  0 -9.995316 -9.120022 127.889214 -0.650152 -0.758123 0.050518 0.693491 0.778857 1 27 1.000000
  0 -10.176358 -9.402369 125.870964 -0.697147 -0.694982 -0.176030 0.691212 0.751511 1 27 1.000000
01_-_Default
  0 -9.660475 -7.079652 122.521164 -0.676825 -0.397316 -0.619716 0.697705 0.705933 1 27 1.000000
  0 -10.176358 -9.402369 125.870964 -0.697147 -0.694982 -0.176030 0.691212 0.751511 1 27 1.000000
  0 -13.785717 -2.163020 128.040115 -0.912606 -0.192076 -0.360913 0.645779 0.780433 1 27 1.000000
01_-_Default
  0 -10.176358 -9.402369 125.870964 -0.697147 -0.694982 -0.176030 0.691212 0.751511 1 27 1.000000
  0 -2.321053 -11.411271 122.499458 0.000008 -0.818688 -0.574238 0.790089 0.705933 1 27 1.000000
  0 -2.321053 -13.383917 125.851021 0.000006 -0.997764 0.066830 0.790089 0.751511 1 27 1.000000
01_-_Default
  0 -9.660475 -7.079652 122.521164 -0.676825 -0.397316 -0.619716 0.697705 0.705933 1 27 1.000000
  0 -2.321053 -11.411271 122.499458 0.000008 -0.818688 -0.574238 0.790089 0.705933 1 27 1.000000
  0 -10.176358 -9.402369 125.870964 -0.697147 -0.694982 -0.176030 0.691212 0.751511 1 27 1.000000
01_-_Default
  0 -2.321053 -7.958524 118.419846 0.000010 -0.307791 -0.951454 0.790089 0.646704 1 27 1.000000
  0 -2.321053 -11.411271 122.499458 0.000008 -0.818688 -0.574238 0.790089 0.705933 1 27 1.000000
  0 -7.143727 -6.161564 120.508911 -0.437307 -0.164977 -0.884050 0.729385 0.678587 1 27 1.000000
01_-_Default
  0 -2.321053 -2.735184 120.526070 0.003104 -0.067531 -0.997712 0.790089 0.646704 1 27 1.000000
  0 -7.143727 -6.161564 120.508911 -0.437307 -0.164977 -0.884050 0.729385 0.678587 1 27 1.000000
  0 -10.176721 -0.098657 122.562042 -0.593056 0.206372 -0.778264 0.690325 0.689837 1 27 1.000000
01_-_Default
  0 -7.143727 -6.161564 120.508911 -0.437307 -0.164977 -0.884050 0.729385 0.678587 1 27 1.000000
  0 -2.321053 -2.735184 120.526070 0.003104 -0.067531 -0.997712 0.790089 0.646704 1 27 1.000000
  0 -2.321053 -7.958524 118.419846 0.000010 -0.307791 -0.951454 0.790089 0.646704 1 27 1.000000
01_-_Default
  0 -9.995316 -9.120022 127.889214 -0.650152 -0.758123 0.050518 0.693491 0.778857 1 27 1.000000
  0 -2.321053 -11.382257 127.877884 0.000005 -0.947221 0.320581 0.790089 0.778857 1 27 1.000000
  0 -11.216990 -9.315931 134.989471 -0.648093 -0.761484 0.010858 0.678111 0.875142 1 27 1.000000
01_-_Default
  0 -10.176721 -0.098657 122.562042 -0.593056 0.206372 -0.778264 0.690325 0.689837 1 27 1.000000
  0 -9.660475 -7.079652 122.521164 -0.676825 -0.397316 -0.619716 0.697705 0.705933 1 27 1.000000
  0 -13.785717 -2.163020 128.040115 -0.912606 -0.192076 -0.360913 0.645779 0.780433 1 27 1.000000
01_-_Default
  0 -2.321053 8.093673 88.722031 0.000007 0.985246 0.171144 0.537977 0.430909 1 14 1.000000
  0 -14.838544 9.913912 75.546127 -0.761000 0.478592 0.437982 0.455347 0.337154 1 5 1.000000
  0 -9.922842 5.036881 89.471771 -0.851133 0.517429 0.088541 0.487795 0.436350 1 14 1.000000
01_-_Default
  0 -2.321053 9.368314 102.475578 0.000003 0.999566 -0.029451 0.537977 0.528664 1 14 1.000000
  0 -11.489276 7.492003 112.509872 -0.232362 0.807101 0.542767 0.477455 0.600083 1 14 1.000000
  0 -2.321053 8.951166 110.954910 0.000002 0.964713 0.263303 0.537977 0.588974 1 14 1.000000
01_-_Default
  0 -2.321053 -7.380065 88.813110 0.000008 -0.979308 0.202376 0.112055 0.441829 1 14 1.000000
  0 -2.321053 -8.651281 101.537552 0.000006 -0.997499 0.070680 0.112055 0.554547 1 14 1.000000
  0 -9.524332 -3.936791 89.258736 -0.828136 -0.548238 0.116728 0.052849 0.445621 1 14 1.000000
01_-_Default
  0 -2.321053 -8.651281 101.537552 0.000006 -0.997499 0.070680 0.112055 0.554547 1 14 1.000000
  0 -2.321053 -6.257325 110.429634 0.000006 -0.915696 0.401871 0.112055 0.633171 1 14 1.000000
  0 -11.941882 -1.318951 110.448860 -0.392806 -0.783826 0.480958 0.032977 0.633121 1 14 1.000000
01_-_Default
  0 -2.321053 16.036079 75.576797 0.000007 0.876248 0.481861 0.311020 0.297547 1 5 1.000000
  0 -2.321053 25.193577 59.889286 0.000004 0.915961 0.401267 0.311020 0.183411 2 6 0.500000 10 0.500000
  0 -14.838544 9.913912 75.546127 -0.761000 0.478592 0.437982 0.229061 0.301332 1 5 1.000000
01_-_Default
  1 -2.960683 -21.498363 144.544769 -0.000013 -0.933499 0.358579 0.529890 0.913585 1 27 1.000000
  1 -25.993988 -2.315612 130.614212 -0.945731 -0.275803 0.171828 0.445594 0.849599 1 27 1.000000
  1 -2.960683 -19.522892 127.443420 -0.000011 -0.994303 -0.106591 0.529890 0.848670 1 27 1.000000
01_-_Default
  1 -18.397022 9.148714 151.971130 -0.741644 0.219205 0.633967 0.473396 0.933563 1 27 1.000000
  1 -2.960306 11.425398 158.026367 -0.000003 0.245261 0.969457 0.529890 0.957388 1 27 1.000000
  1 -2.960306 22.782402 150.061584 -0.005263 0.736818 0.676070 0.529890 0.926639 1 27 1.000000
01_-_Default
  1 -2.960306 11.425398 158.026367 -0.000003 0.245261 0.969457 0.529890 0.957388 1 27 1.000000
  1 -18.397022 9.148714 151.971130 -0.741644 0.219205 0.633967 0.473396 0.933563 1 27 1.000000
  1 -13.939894 -5.581626 154.028473 -0.438069 -0.442040 0.782749 0.489822 0.936010 1 27 1.000000
01_-_Default
  1 -13.939894 -5.581626 154.028473 -0.438069 -0.442040 0.782749 0.489822 0.936010 1 27 1.000000
  1 -2.960683 -21.498363 144.544769 -0.000013 -0.933499 0.358579 0.529890 0.913585 1 27 1.000000
  1 -2.960306 11.425398 158.026367 -0.000003 0.245261 0.969457 0.529890 0.957388 1 27 1.000000
01_-_Default
  1 -10.549566 26.599087 141.369232 -0.339435 0.905748 0.253782 0.501033 0.891424 1 27 1.000000
  1 -16.252411 23.963963 126.876846 -0.540998 0.831306 -0.127486 0.481246 0.834347 1 27 1.000000
  1 -19.241837 20.776199 135.596069 -0.841223 0.528925 0.112173 0.470304 0.868783 1 27 1.000000
01_-_Default
  1 -19.241837 20.776199 135.596069 -0.841223 0.528925 0.112173 0.470304 0.868783 1 27 1.000000
  1 -25.993988 -2.315612 130.614212 -0.945731 -0.275803 0.171828 0.445594 0.849599 1 27 1.000000
  1 -18.397022 9.148714 151.971130 -0.741644 0.219205 0.633967 0.473396 0.933563 1 27 1.000000
01_-_Default
  1 -18.397022 9.148714 151.971130 -0.741644 0.219205 0.633967 0.473396 0.933563 1 27 1.000000
  1 -10.549566 26.599087 141.369232 -0.339435 0.905748 0.253782 0.501033 0.891424 1 27 1.000000
  1 -19.241837 20.776199 135.596069 -0.841223 0.528925 0.112173 0.470304 0.868783 1 27 1.000000
01_-_Default
  1 -19.241837 20.776199 135.596069 -0.841223 0.528925 0.112173 0.470304 0.868783 1 27 1.000000
  1 -16.252411 23.963963 126.876846 -0.540998 0.831306 -0.127486 0.481246 0.834347 1 27 1.000000
  1 -25.993988 -2.315612 130.614212 -0.945731 -0.275803 0.171828 0.445594 0.849599 1 27 1.000000
01_-_Default
  1 -25.993988 -2.315612 130.614212 -0.945731 -0.275803 0.171828 0.445594 0.849599 1 27 1.000000
  1 -13.939894 -5.581626 154.028473 -0.438069 -0.442040 0.782749 0.489822 0.936010 1 27 1.000000
  1 -18.397022 9.148714 151.971130 -0.741644 0.219205 0.633967 0.473396 0.933563 1 27 1.000000
01_-_Default
  1 -25.993988 -2.315612 130.614212 -0.945731 -0.275803 0.171828 0.445594 0.849599 1 27 1.000000
  1 -2.960683 -21.498363 144.544769 -0.000013 -0.933499 0.358579 0.529890 0.913585 1 27 1.000000
  1 -13.939894 -5.581626 154.028473 -0.438069 -0.442040 0.782749 0.489822 0.936010 1 27 1.000000
01_-_Default
  1 -2.960306 22.782402 150.061584 -0.005263 0.736818 0.676070 0.529890 0.926639 1 27 1.000000
  1 -10.549566 26.599087 141.369232 -0.339435 0.905748 0.253782 0.501033 0.891424 1 27 1.000000
  1 -18.397022 9.148714 151.971130 -0.741644 0.219205 0.633967 0.473396 0.933563 1 27 1.000000
01_-_Default
  1 5.220877 26.604153 141.369263 0.355243 0.899107 0.255751 0.559229 0.891424 1 27 1.000000
  1 -10.549566 26.599087 141.369232 -0.339435 0.905748 0.253782 0.501033 0.891424 1 27 1.000000
  1 -2.960306 22.782402 150.061584 -0.005263 0.736818 0.676070 0.529890 0.926639 1 27 1.000000
01_-_Default
  1 20.073725 -2.315612 130.614212 0.947857 -0.270057 0.169224 0.614187 0.849599 1 27 1.000000
  1 -2.960683 -21.498363 144.544769 -0.000013 -0.933499 0.358579 0.529890 0.913585 1 27 1.000000
  1 -2.960683 -19.522892 127.443420 -0.000011 -0.994303 -0.106591 0.529890 0.848670 1 27 1.000000
01_-_Default
  1 -2.960306 11.425398 158.026367 -0.000003 0.245261 0.969457 0.529890 0.957388 1 27 1.000000
  1 12.476612 9.148714 151.971130 0.741706 0.216129 0.634948 0.586385 0.933563 1 27 1.000000
  1 -2.960306 22.782402 150.061584 -0.005263 0.736818 0.676070 0.529890 0.926639 1 27 1.000000
01_-_Default
  1 8.019587 -5.581626 154.028473 0.438077 -0.442044 0.782742 0.569960 0.936010 1 27 1.000000
  1 12.476612 9.148714 151.971130 0.741706 0.216129 0.634948 0.586385 0.933563 1 27 1.000000
  1 -2.960306 11.425398 158.026367 -0.000003 0.245261 0.969457 0.529890 0.957388 1 27 1.000000
01_-_Default
  1 -2.960306 11.425398 158.026367 -0.000003 0.245261 0.969457 0.529890 0.957388 1 27 1.000000
  1 -2.960683 -21.498363 144.544769 -0.000013 -0.933499 0.358579 0.529890 0.913585 1 27 1.000000
  1 8.019587 -5.581626 154.028473 0.438077 -0.442044 0.782742 0.569960 0.936010 1 27 1.000000
01_-_Default
  1 10.297994 23.813328 126.112923 0.548091 0.824839 -0.138698 0.578411 0.831338 1 27 1.000000
  1 5.220877 26.604153 141.369263 0.355243 0.899107 0.255751 0.559229 0.891424 1 27 1.000000
  1 13.321428 20.776199 135.596069 0.846398 0.522374 0.103609 0.589477 0.868783 1 27 1.000000
01_-_Default
  1 13.321428 20.776199 135.596069 0.846398 0.522374 0.103609 0.589477 0.868783 1 27 1.000000
  1 5.220877 26.604153 141.369263 0.355243 0.899107 0.255751 0.559229 0.891424 1 27 1.000000
  1 12.476612 9.148714 151.971130 0.741706 0.216129 0.634948 0.586385 0.933563 1 27 1.000000
01_-_Default
  1 12.476612 9.148714 151.971130 0.741706 0.216129 0.634948 0.586385 0.933563 1 27 1.000000
  1 20.073725 -2.315612 130.614212 0.947857 -0.270057 0.169224 0.614187 0.849599 1 27 1.000000
  1 13.321428 20.776199 135.596069 0.846398 0.522374 0.103609 0.589477 0.868783 1 27 1.000000
01_-_Default
  1 10.297994 23.813328 126.112923 0.548091 0.824839 -0.138698 0.578411 0.831338 1 27 1.000000
  1 13.321428 20.776199 135.596069 0.846398 0.522374 0.103609 0.589477 0.868783 1 27 1.000000
  1 20.073725 -2.315612 130.614212 0.947857 -0.270057 0.169224 0.614187 0.849599 1 27 1.000000
01_-_Default
  1 8.019587 -5.581626 154.028473 0.438077 -0.442044 0.782742 0.569960 0.936010 1 27 1.000000
  1 20.073725 -2.315612 130.614212 0.947857 -0.270057 0.169224 0.614187 0.849599 1 27 1.000000
  1 12.476612 9.148714 151.971130 0.741706 0.216129 0.634948 0.586385 0.933563 1 27 1.000000
01_-_Default
  1 5.220877 26.604153 141.369263 0.355243 0.899107 0.255751 0.559229 0.891424 1 27 1.000000
  1 10.297994 23.813328 126.112923 0.548091 0.824839 -0.138698 0.578411 0.831338 1 27 1.000000
  1 -16.252411 23.963963 126.876846 -0.540998 0.831306 -0.127486 0.481246 0.834347 1 27 1.000000
01_-_Default
  1 -16.252411 23.963963 126.876846 -0.540998 0.831306 -0.127486 0.481246 0.834347 1 27 1.000000
  1 -10.549566 26.599087 141.369232 -0.339435 0.905748 0.253782 0.501033 0.891424 1 27 1.000000
  1 5.220877 26.604153 141.369263 0.355243 0.899107 0.255751 0.559229 0.891424 1 27 1.000000
01_-_Default
  1 -2.960683 -21.498363 144.544769 -0.000013 -0.933499 0.358579 0.529890 0.913585 1 27 1.000000
  1 20.073725 -2.315612 130.614212 0.947857 -0.270057 0.169224 0.614187 0.849599 1 27 1.000000
  1 8.019587 -5.581626 154.028473 0.438077 -0.442044 0.782742 0.569960 0.936010 1 27 1.000000
01_-_Default
  1 5.220877 26.604153 141.369263 0.355243 0.899107 0.255751 0.559229 0.891424 1 27 1.000000
  1 -2.960306 22.782402 150.061584 -0.005263 0.736818 0.676070 0.529890 0.926639 1 27 1.000000
  1 12.476612 9.148714 151.971130 0.741706 0.216129 0.634948 0.586385 0.933563 1 27 1.000000
01_-_Default
  1 -7.776129 6.436405 169.235321 0.998072 -0.050617 -0.035911 0.970219 0.068210 1 27 1.000000
  1 -14.763071 2.435923 167.133881 -0.629695 -0.771395 -0.091836 0.970219 0.068210 1 27 1.000000
  1 -13.193449 -0.957459 147.808807 -0.793765 -0.545678 0.268647 0.970219 0.068210 1 27 1.000000
01_-_Default
  1 -13.193449 -0.957459 147.808807 -0.793765 -0.545678 0.268647 0.970219 0.068210 1 27 1.000000
  1 -6.820893 -4.003428 147.856750 0.160832 -0.870373 0.465386 0.970219 0.068210 1 27 1.000000
  1 -7.776129 6.436405 169.235321 0.998072 -0.050617 -0.035911 0.970219 0.068210 1 27 1.000000
01_-_Default
  1 -6.132078 3.164137 150.432526 0.900401 0.414899 0.130908 0.971354 0.166887 1 27 1.000000
  1 -9.935369 3.674716 150.148712 -0.416537 0.892781 -0.171579 0.971354 0.166887 1 27 1.000000
  1 -14.337332 6.845652 169.018188 -0.797310 0.592761 -0.113712 0.951823 0.172746 1 27 1.000000
01_-_Default
  1 -14.337332 6.845652 169.018188 -0.797310 0.592761 -0.113712 0.951823 0.172746 1 27 1.000000
  1 -10.308969 9.117790 169.606384 0.153395 0.986435 -0.058444 0.951823 0.172746 1 27 1.000000
  1 -6.132078 3.164137 150.432526 0.900401 0.414899 0.130908 0.971354 0.166887 1 27 1.000000
01_-_Default
  1 -14.763071 2.435923 167.133881 -0.629695 -0.771395 -0.091836 0.957031 0.191626 1 27 1.000000
  1 -14.337332 6.845652 169.018188 -0.797310 0.592761 -0.113712 0.951823 0.172746 1 27 1.000000
  1 -9.935369 3.674716 150.148712 -0.416537 0.892781 -0.171579 0.971354 0.166887 1 27 1.000000
01_-_Default
  1 -9.935369 3.674716 150.148712 -0.416537 0.892781 -0.171579 0.971354 0.166887 1 27 1.000000
  1 -13.193449 -0.957459 147.808807 -0.793765 -0.545678 0.268647 0.971354 0.166887 1 27 1.000000
  1 -14.763071 2.435923 167.133881 -0.629695 -0.771395 -0.091836 0.957031 0.191626 1 27 1.000000
01_-_Default
  1 -13.296701 -3.316072 196.832153 0.089047 -0.578145 0.811060 0.924479 0.024960 1 28 1.000000
  1 -15.033214 3.164394 192.533783 -0.422180 0.678755 0.600878 0.917969 0.074439 1 28 1.000000
  1 -17.660255 -0.226973 185.413452 -0.788154 -0.555402 -0.265220 0.925781 0.045793 1 28 1.000000
01_-_Default
  1 -6.820893 -4.003428 147.856750 0.160832 -0.870373 0.465386 0.970219 0.068210 1 27 1.000000
  1 -6.132078 3.164137 150.432526 0.900401 0.414899 0.130908 0.988281 0.109595 1 27 1.000000
  1 -10.308969 9.117790 169.606384 0.153395 0.986435 -0.058444 0.980469 0.133033 1 27 1.000000
01_-_Default
  1 -10.308969 9.117790 169.606384 0.153395 0.986435 -0.058444 0.980469 0.133033 1 27 1.000000
  1 -7.776129 6.436405 169.235321 0.998072 -0.050617 -0.035911 0.970219 0.068210 1 27 1.000000
  1 -6.820893 -4.003428 147.856750 0.160832 -0.870373 0.465386 0.970219 0.068210 1 27 1.000000
01_-_Default
  1 -14.763071 2.435923 167.133881 -0.629695 -0.771395 -0.091836 0.951823 0.172746 1 27 1.000000
  1 -17.660255 -0.226973 185.413452 -0.788154 -0.555402 -0.265220 0.925781 0.045793 1 28 1.000000
  1 -15.033214 3.164394 192.533783 -0.422180 0.678755 0.600878 0.917969 0.074439 1 28 1.000000
01_-_Default
  1 -15.033214 3.164394 192.533783 -0.422180 0.678755 0.600878 0.917969 0.074439 1 28 1.000000
  1 -14.337332 6.845652 169.018188 -0.797310 0.592761 -0.113712 0.951823 0.172746 1 27 1.000000
  1 -14.763071 2.435923 167.133881 -0.629695 -0.771395 -0.091836 0.951823 0.172746 1 27 1.000000
01_-_Default
  1 -14.763071 2.435923 167.133881 -0.629695 -0.771395 -0.091836 0.972656 0.101783 1 27 1.000000
  1 -7.776129 6.436405 169.235321 0.998072 -0.050617 -0.035911 0.970219 0.068210 1 27 1.000000
  1 -17.660255 -0.226973 185.413452 -0.788154 -0.555402 -0.265220 0.957031 0.031470 1 28 1.000000
01_-_Default
  1 -7.776129 6.436405 169.235321 0.998072 -0.050617 -0.035911 0.970219 0.068210 1 27 1.000000
  1 -9.863967 3.499098 188.605286 0.958860 0.198491 0.202951 0.953125 0.015845 1 28 1.000000
  1 -17.660255 -0.226973 185.413452 -0.788154 -0.555402 -0.265220 0.957031 0.031470 1 28 1.000000
01_-_Default
  1 -14.337332 6.845652 169.018188 -0.797310 0.592761 -0.113712 0.951823 0.172746 1 27 1.000000
  1 -15.033214 3.164394 192.533783 -0.422180 0.678755 0.600878 0.917969 0.074439 1 28 1.000000
  1 -10.308969 9.117790 169.606384 0.153395 0.986435 -0.058444 0.925781 0.045793 1 27 1.000000
01_-_Default
  1 -15.033214 3.164394 192.533783 -0.422180 0.678755 0.600878 0.917969 0.074439 1 28 1.000000
  1 -13.296701 -3.316072 196.832153 0.089047 -0.578145 0.811060 0.924479 0.024960 1 28 1.000000
  1 -9.863967 3.499098 188.605286 0.958860 0.198491 0.202951 0.924479 0.024960 1 28 1.000000
01_-_Default
  1 -9.863967 3.499098 188.605286 0.958860 0.198491 0.202951 0.924479 0.024960 1 28 1.000000
  1 -10.308969 9.117790 169.606384 0.153395 0.986435 -0.058444 0.925781 0.045793 1 27 1.000000
  1 -15.033214 3.164394 192.533783 -0.422180 0.678755 0.600878 0.917969 0.074439 1 28 1.000000
01_-_Default
  1 -13.296701 -3.316072 196.832153 0.089047 -0.578145 0.811060 0.924479 0.024960 1 28 1.000000
  1 -17.660255 -0.226973 185.413452 -0.788154 -0.555402 -0.265220 0.925781 0.045793 1 28 1.000000
  1 -9.863967 3.499098 188.605286 0.958860 0.198491 0.202951 0.924479 0.024960 1 28 1.000000
01_-_Default
  1 -10.308969 9.117790 169.606384 0.153395 0.986435 -0.058444 0.925781 0.045793 1 27 1.000000
  1 -9.863967 3.499098 188.605286 0.958860 0.198491 0.202951 0.925781 0.045793 1 28 1.000000
  1 -7.776129 6.436405 169.235321 0.998072 -0.050617 -0.035911 0.949219 0.144751 1 27 1.000000
01_-_Default
  1 6.992031 3.239590 171.534668 0.471302 -0.881819 -0.016402 0.971530 0.077945 1 27 1.000000
  1 0.976452 -2.797256 147.862793 -0.275239 -0.946953 0.165903 0.971530 0.077945 1 27 1.000000
  1 7.348989 0.248493 147.814880 0.866795 -0.497717 -0.030743 0.988281 0.109595 1 27 1.000000
01_-_Default
  1 7.348989 0.248493 147.814880 0.866795 -0.497717 -0.030743 0.988281 0.109595 1 27 1.000000
  1 8.930113 7.129690 168.030029 0.828431 0.553536 -0.085437 0.988281 0.109595 1 27 1.000000
  1 6.992031 3.239590 171.534668 0.471302 -0.881819 -0.016402 0.971530 0.077945 1 27 1.000000
01_-_Default
  1 0.287635 4.370306 150.438599 -0.865885 0.500166 -0.008748 0.971354 0.166887 1 27 1.000000
  1 4.275690 7.559416 170.720001 -0.453063 0.891322 0.016719 0.951823 0.172746 1 27 1.000000
  1 4.091101 4.880905 150.154755 0.359825 0.908093 -0.214225 0.971354 0.166887 1 27 1.000000
01_-_Default
  1 4.275690 7.559416 170.720001 -0.453063 0.891322 0.016719 0.951823 0.172746 1 27 1.000000
  1 0.287635 4.370306 150.438599 -0.865885 0.500166 -0.008748 0.971354 0.166887 1 27 1.000000
  1 1.905690 3.209659 170.363403 -0.872255 -0.454360 0.180910 0.951823 0.172746 1 27 1.000000
01_-_Default
  1 8.930113 7.129690 168.030029 0.828431 0.553536 -0.085437 0.957031 0.191626 1 27 1.000000
  1 4.091101 4.880905 150.154755 0.359825 0.908093 -0.214225 0.971354 0.166887 1 27 1.000000
  1 4.275690 7.559416 170.720001 -0.453063 0.891322 0.016719 0.951823 0.172746 1 27 1.000000
01_-_Default
  1 4.091101 4.880905 150.154755 0.359825 0.908093 -0.214225 0.971354 0.166887 1 27 1.000000
  1 8.930113 7.129690 168.030029 0.828431 0.553536 -0.085437 0.957031 0.191626 1 27 1.000000
  1 7.348989 0.248493 147.814880 0.866795 -0.497717 -0.030743 0.971354 0.166887 1 27 1.000000
01_-_Default
  1 10.634631 1.290146 196.027008 0.346973 -0.316453 0.882874 0.924479 0.024960 1 28 1.000000
  1 11.677927 4.705608 184.552094 0.998659 -0.032505 0.040289 0.925781 0.045793 1 28 1.000000
  1 4.949992 7.084599 188.802124 -0.433521 0.770685 0.467017 0.917969 0.074439 1 28 1.000000
01_-_Default
  1 0.976452 -2.797256 147.862793 -0.275239 -0.946953 0.165903 0.971530 0.077945 1 27 1.000000
  1 1.905690 3.209659 170.363403 -0.872255 -0.454360 0.180910 0.971530 0.077945 1 27 1.000000
  1 0.287635 4.370306 150.438599 -0.865885 0.500166 -0.008748 0.988281 0.109595 1 27 1.000000
01_-_Default
  1 1.905690 3.209659 170.363403 -0.872255 -0.454360 0.180910 0.971530 0.077945 1 27 1.000000
  1 0.976452 -2.797256 147.862793 -0.275239 -0.946953 0.165903 0.971530 0.077945 1 27 1.000000
  1 6.992031 3.239590 171.534668 0.471302 -0.881819 -0.016402 0.971530 0.077945 1 27 1.000000
01_-_Default
  1 8.930113 7.129690 168.030029 0.828431 0.553536 -0.085437 0.951823 0.172746 1 27 1.000000
  1 4.275690 7.559416 170.720001 -0.453063 0.891322 0.016719 0.951823 0.172746 1 27 1.000000
  1 4.949992 7.084599 188.802124 -0.433521 0.770685 0.467017 0.917969 0.074439 1 28 1.000000
01_-_Default
  1 4.949992 7.084599 188.802124 -0.433521 0.770685 0.467017 0.917969 0.074439 1 28 1.000000
  1 11.677927 4.705608 184.552094 0.998659 -0.032505 0.040289 0.925781 0.045793 1 28 1.000000
  1 8.930113 7.129690 168.030029 0.828431 0.553536 -0.085437 0.951823 0.172746 1 27 1.000000
01_-_Default
  1 8.930113 7.129690 168.030029 0.828431 0.553536 -0.085437 0.972656 0.101783 1 27 1.000000
  1 11.677927 4.705608 184.552094 0.998659 -0.032505 0.040289 0.957031 0.031470 1 28 1.000000
  1 6.992031 3.239590 171.534668 0.471302 -0.881819 -0.016402 0.971530 0.077945 1 27 1.000000
01_-_Default
  1 6.992031 3.239590 171.534668 0.471302 -0.881819 -0.016402 0.971530 0.077945 1 27 1.000000
  1 11.677927 4.705608 184.552094 0.998659 -0.032505 0.040289 0.957031 0.031470 1 28 1.000000
  1 3.374202 2.683739 186.186371 -0.750155 -0.643111 0.153870 0.953125 0.015845 1 28 1.000000
01_-_Default
  1 4.275690 7.559416 170.720001 -0.453063 0.891322 0.016719 0.951823 0.172746 1 27 1.000000
  1 1.905690 3.209659 170.363403 -0.872255 -0.454360 0.180910 0.971530 0.077945 1 27 1.000000
  1 4.949992 7.084599 188.802124 -0.433521 0.770685 0.467017 0.917969 0.074439 1 28 1.000000
01_-_Default
  1 3.374202 2.683739 186.186371 -0.750155 -0.643111 0.153870 0.924479 0.024960 1 28 1.000000
  1 10.634631 1.290146 196.027008 0.346973 -0.316453 0.882874 0.924479 0.024960 1 28 1.000000
  1 4.949992 7.084599 188.802124 -0.433521 0.770685 0.467017 0.917969 0.074439 1 28 1.000000
01_-_Default
  1 4.949992 7.084599 188.802124 -0.433521 0.770685 0.467017 0.917969 0.074439 1 28 1.000000
  1 1.905690 3.209659 170.363403 -0.872255 -0.454360 0.180910 0.971530 0.077945 1 27 1.000000
  1 3.374202 2.683739 186.186371 -0.750155 -0.643111 0.153870 0.924479 0.024960 1 28 1.000000
01_-_Default
  1 10.634631 1.290146 196.027008 0.346973 -0.316453 0.882874 0.924479 0.024960 1 28 1.000000
  1 3.374202 2.683739 186.186371 -0.750155 -0.643111 0.153870 0.924479 0.024960 1 28 1.000000
  1 11.677927 4.705608 184.552094 0.998659 -0.032505 0.040289 0.925781 0.045793 1 28 1.000000
01_-_Default
  1 1.905690 3.209659 170.363403 -0.872255 -0.454360 0.180910 0.971530 0.077945 1 27 1.000000
  1 6.992031 3.239590 171.534668 0.471302 -0.881819 -0.016402 0.971530 0.077945 1 27 1.000000
  1 3.374202 2.683739 186.186371 -0.750155 -0.643111 0.153870 0.971530 0.077945 1 28 1.000000
01_-_Default
  1 -15.652003 -5.924188 124.613991 -0.934111 -0.353872 0.047022 0.172164 0.820951 1 27 1.000000
  1 -11.233270 -12.216093 132.644775 -0.855485 -0.498420 0.140435 0.136734 0.860491 1 27 1.000000
  1 -19.503986 2.873007 135.587036 -0.981914 -0.176724 0.067921 0.201645 0.873151 1 27 1.000000
01_-_Default
  1 -19.503986 2.873007 135.587036 -0.981914 -0.176724 0.067921 0.201645 0.873151 1 27 1.000000
  1 -17.222857 2.614526 124.128471 -0.985882 -0.153806 0.066184 0.208694 0.818066 1 27 1.000000
  1 -15.652003 -5.924188 124.613991 -0.934111 -0.353872 0.047022 0.172164 0.820951 1 27 1.000000
01_-_Default
  1 -11.286842 19.621307 126.956734 -0.484532 0.872520 0.062746 0.311585 0.862132 1 27 1.000000
  1 -2.321053 20.490726 126.610992 -0.000002 0.995122 0.098656 0.365214 0.859669 1 27 1.000000
  1 -2.321053 24.924889 112.522980 -0.000006 0.982998 0.183618 0.365211 0.762515 1 27 1.000000
01_-_Default
  1 -20.671057 12.860260 111.878464 -0.927483 0.333766 0.168449 0.252798 0.750875 1 27 1.000000
  1 -18.258415 12.385453 126.731865 -0.916542 0.383510 0.113448 0.250424 0.832018 1 27 1.000000
  1 -11.286842 19.621307 126.956734 -0.484532 0.872520 0.062746 0.281366 0.833048 1 27 1.000000
01_-_Default
  1 -11.286842 19.621307 126.956734 -0.484532 0.872520 0.062746 0.281366 0.833048 1 27 1.000000
  1 -14.347746 20.413246 113.160965 -0.600756 0.782142 0.165366 0.284657 0.755960 1 27 1.000000
  1 -20.671057 12.860260 111.878464 -0.927483 0.333766 0.168449 0.252798 0.750875 1 27 1.000000
01_-_Default
  1 -18.258415 12.385453 126.731865 -0.916542 0.383510 0.113448 0.250424 0.832018 1 27 1.000000
  1 -20.671057 12.860260 111.878464 -0.927483 0.333766 0.168449 0.252798 0.750875 1 27 1.000000
  1 -20.181374 2.084904 113.773438 -0.963241 -0.225297 0.146313 0.206668 0.761521 1 27 1.000000
01_-_Default
  1 -20.181374 2.084904 113.773438 -0.963241 -0.225297 0.146313 0.206668 0.761521 1 27 1.000000
  1 -17.222857 2.614526 124.128471 -0.985882 -0.153806 0.066184 0.208694 0.818066 1 27 1.000000
  1 -18.258415 12.385453 126.731865 -0.916542 0.383510 0.113448 0.250424 0.832018 1 27 1.000000
01_-_Default
  1 -20.181374 2.084904 113.773438 -0.963241 -0.225297 0.146313 0.206668 0.761521 1 27 1.000000
  1 -14.870914 -7.563877 111.612488 -0.875253 -0.483602 0.007802 0.168037 0.749721 1 27 1.000000
  1 -15.652003 -5.924188 124.613991 -0.934111 -0.353872 0.047022 0.172164 0.820951 1 27 1.000000
01_-_Default
  1 -15.652003 -5.924188 124.613991 -0.934111 -0.353872 0.047022 0.172164 0.820951 1 27 1.000000
  1 -17.222857 2.614526 124.128471 -0.985882 -0.153806 0.066184 0.208694 0.818066 1 27 1.000000
  1 -20.181374 2.084904 113.773438 -0.963241 -0.225297 0.146313 0.206668 0.761521 1 27 1.000000
01_-_Default
  1 -17.859978 10.143462 135.798248 -0.938585 0.340307 0.057009 0.232613 0.876053 1 27 1.000000
  1 -11.791588 21.194477 135.625000 -0.523349 0.835202 -0.168949 0.278697 0.883735 1 27 1.000000
  1 -11.286842 19.621307 126.956734 -0.484532 0.872520 0.062746 0.281366 0.833048 1 27 1.000000
01_-_Default
  1 -11.286842 19.621307 126.956734 -0.484532 0.872520 0.062746 0.281366 0.833048 1 27 1.000000
  1 -18.258415 12.385453 126.731865 -0.916542 0.383510 0.113448 0.250424 0.832018 1 27 1.000000
  1 -17.859978 10.143462 135.798248 -0.938585 0.340307 0.057009 0.232613 0.876053 1 27 1.000000
01_-_Default
  1 -19.503986 2.873007 135.587036 -0.981914 -0.176724 0.067921 0.201645 0.873151 1 27 1.000000
  1 -17.859978 10.143462 135.798248 -0.938585 0.340307 0.057009 0.232613 0.876053 1 27 1.000000
  1 -18.258415 12.385453 126.731865 -0.916542 0.383510 0.113448 0.250424 0.832018 1 27 1.000000
01_-_Default
  1 -18.258415 12.385453 126.731865 -0.916542 0.383510 0.113448 0.250424 0.832018 1 27 1.000000
  1 -17.222857 2.614526 124.128471 -0.985882 -0.153806 0.066184 0.208694 0.818066 1 27 1.000000
  1 -19.503986 2.873007 135.587036 -0.981914 -0.176724 0.067921 0.201645 0.873151 1 27 1.000000
01_-_Default
  1 -17.859978 10.143462 135.798248 -0.938585 0.340307 0.057009 0.232613 0.876053 1 27 1.000000
  1 -19.503986 2.873007 135.587036 -0.981914 -0.176724 0.067921 0.201645 0.873151 1 27 1.000000
  1 -18.152546 7.050484 146.556793 -0.953872 -0.231673 0.190932 0.189461 0.978835 1 27 1.000000
01_-_Default
  1 -11.024635 -8.179018 143.272339 -0.846276 -0.486346 0.217449 0.133462 0.962755 1 27 1.000000
  1 -18.152546 7.050484 146.556793 -0.953872 -0.231673 0.190932 0.189461 0.978835 1 27 1.000000
  1 -19.503986 2.873007 135.587036 -0.981914 -0.176724 0.067921 0.201645 0.873151 1 27 1.000000
01_-_Default
  1 -19.503986 2.873007 135.587036 -0.981914 -0.176724 0.067921 0.201645 0.873151 1 27 1.000000
  1 -11.233270 -12.216093 132.644775 -0.855485 -0.498420 0.140435 0.136734 0.860491 1 27 1.000000
  1 -11.024635 -8.179018 143.272339 -0.846276 -0.486346 0.217449 0.133462 0.962755 1 27 1.000000
01_-_Default
  1 -14.347746 20.413246 113.160965 -0.600756 0.782142 0.165366 0.293432 0.764869 1 27 1.000000
  1 -11.286842 19.621307 126.956734 -0.484532 0.872520 0.062746 0.311585 0.862132 1 27 1.000000
  1 -2.321053 24.924889 112.522980 -0.000006 0.982998 0.183618 0.365211 0.762515 1 27 1.000000
01_-_Default
  1 -2.321053 21.372772 134.860840 -0.000001 0.990928 -0.134397 0.361603 0.966314 1 27 1.000000
  1 -2.321053 20.490726 126.610992 -0.000002 0.995122 0.098656 0.365214 0.859669 1 27 1.000000
  1 -11.286842 19.621307 126.956734 -0.484532 0.872520 0.062746 0.311585 0.862132 1 27 1.000000
01_-_Default
  1 -11.286842 19.621307 126.956734 -0.484532 0.872520 0.062746 0.311585 0.862132 1 27 1.000000
  1 -11.791588 21.194477 135.625000 -0.523349 0.835202 -0.168949 0.318562 0.973829 1 27 1.000000
  1 -2.321053 21.372772 134.860840 -0.000001 0.990928 -0.134397 0.361603 0.966314 1 27 1.000000
01_-_Default
  1 11.010314 -5.924200 124.613991 0.934105 -0.353886 0.047045 0.172164 0.820951 1 27 1.000000
  1 14.862167 2.872995 135.587036 0.981909 -0.176751 0.067933 0.201645 0.873151 1 27 1.000000
  1 6.590351 -12.216093 132.644775 0.855453 -0.498470 0.140454 0.136734 0.860491 1 27 1.000000
01_-_Default
  1 14.862167 2.872995 135.587036 0.981909 -0.176751 0.067933 0.201645 0.873151 1 27 1.000000
  1 11.010314 -5.924200 124.613991 0.934105 -0.353886 0.047045 0.172164 0.820951 1 27 1.000000
  1 12.581038 2.614511 124.128471 0.985883 -0.153798 0.066184 0.208694 0.818066 1 27 1.000000
01_-_Default
  1 6.645170 19.621307 126.956734 0.447228 0.894242 0.017849 0.418429 0.861994 1 27 1.000000
  1 -2.321053 24.924889 112.522980 -0.000006 0.982998 0.183618 0.365211 0.762515 1 27 1.000000
  1 -2.321053 20.490726 126.610992 -0.000002 0.995122 0.098656 0.365214 0.859669 1 27 1.000000
01_-_Default
  1 16.029533 12.860233 111.878464 0.927486 0.333754 0.168461 0.252798 0.750875 1 27 1.000000
  1 6.645170 19.621307 126.956734 0.447228 0.894242 0.017849 0.281366 0.833048 1 27 1.000000
  1 13.616596 12.385453 126.731865 0.934707 0.349300 0.065665 0.250424 0.832018 1 27 1.000000
01_-_Default
  1 6.645170 19.621307 126.956734 0.447228 0.894242 0.017849 0.281366 0.833048 1 27 1.000000
  1 16.029533 12.860233 111.878464 0.927486 0.333754 0.168461 0.252798 0.750875 1 27 1.000000
  1 9.706088 20.413246 113.160965 0.600748 0.782148 0.165365 0.284657 0.755960 1 27 1.000000
01_-_Default
  1 13.616596 12.385453 126.731865 0.934707 0.349300 0.065665 0.250424 0.832018 1 27 1.000000
  1 15.539557 2.084904 113.773438 0.963240 -0.225299 0.146318 0.206668 0.761521 1 27 1.000000
  1 16.029533 12.860233 111.878464 0.927486 0.333754 0.168461 0.252798 0.750875 1 27 1.000000
01_-_Default
  1 15.539557 2.084904 113.773438 0.963240 -0.225299 0.146318 0.206668 0.761521 1 27 1.000000
  1 13.616596 12.385453 126.731865 0.934707 0.349300 0.065665 0.250424 0.832018 1 27 1.000000
  1 12.581038 2.614511 124.128471 0.985883 -0.153798 0.066184 0.208694 0.818066 1 27 1.000000
01_-_Default
  1 15.539557 2.084904 113.773438 0.963240 -0.225299 0.146318 0.206668 0.761521 1 27 1.000000
  1 11.010314 -5.924200 124.613991 0.934105 -0.353886 0.047045 0.172164 0.820951 1 27 1.000000
  1 10.229228 -7.563877 111.612488 0.875259 -0.483592 0.007800 0.168037 0.749721 1 27 1.000000
01_-_Default
  1 11.010314 -5.924200 124.613991 0.934105 -0.353886 0.047045 0.172164 0.820951 1 27 1.000000
  1 15.539557 2.084904 113.773438 0.963240 -0.225299 0.146318 0.206668 0.761521 1 27 1.000000
  1 12.581038 2.614511 124.128471 0.985883 -0.153798 0.066184 0.208694 0.818066 1 27 1.000000
01_-_Default
  1 7.149916 21.194477 135.625000 0.470676 0.877114 -0.095575 0.278697 0.883735 1 27 1.000000
  1 13.218452 10.143462 135.798248 0.949281 0.301039 0.090775 0.232613 0.876053 1 27 1.000000
  1 13.616596 12.385453 126.731865 0.934707 0.349300 0.065665 0.250424 0.832018 1 27 1.000000
01_-_Default
  1 13.616596 12.385453 126.731865 0.934707 0.349300 0.065665 0.250424 0.832018 1 27 1.000000
  1 6.645170 19.621307 126.956734 0.447228 0.894242 0.017849 0.281366 0.833048 1 27 1.000000
  1 7.149916 21.194477 135.625000 0.470676 0.877114 -0.095575 0.278697 0.883735 1 27 1.000000
01_-_Default
  1 14.862167 2.872995 135.587036 0.981909 -0.176751 0.067933 0.201645 0.873151 1 27 1.000000
  1 12.581038 2.614511 124.128471 0.985883 -0.153798 0.066184 0.208694 0.818066 1 27 1.000000
  1 13.616596 12.385453 126.731865 0.934707 0.349300 0.065665 0.250424 0.832018 1 27 1.000000
01_-_Default
  1 13.616596 12.385453 126.731865 0.934707 0.349300 0.065665 0.250424 0.832018 1 27 1.000000
  1 13.218452 10.143462 135.798248 0.949281 0.301039 0.090775 0.232613 0.876053 1 27 1.000000
  1 14.862167 2.872995 135.587036 0.981909 -0.176751 0.067933 0.201645 0.873151 1 27 1.000000
01_-_Default
  1 13.510433 7.050454 146.556793 0.953859 -0.231701 0.190964 0.189461 0.978835 1 27 1.000000
  1 14.862167 2.872995 135.587036 0.981909 -0.176751 0.067933 0.201645 0.873151 1 27 1.000000
  1 13.218452 10.143462 135.798248 0.949281 0.301039 0.090775 0.232613 0.876053 1 27 1.000000
01_-_Default
  1 6.382254 -8.179018 143.272339 0.846258 -0.486380 0.217443 0.133462 0.962755 1 27 1.000000
  1 6.590351 -12.216093 132.644775 0.855453 -0.498470 0.140454 0.136734 0.860491 1 27 1.000000
  1 14.862167 2.872995 135.587036 0.981909 -0.176751 0.067933 0.201645 0.873151 1 27 1.000000
01_-_Default
  1 14.862167 2.872995 135.587036 0.981909 -0.176751 0.067933 0.201645 0.873151 1 27 1.000000
  1 13.510433 7.050454 146.556793 0.953859 -0.231701 0.190964 0.189461 0.978835 1 27 1.000000
  1 6.382254 -8.179018 143.272339 0.846258 -0.486380 0.217443 0.133462 0.962755 1 27 1.000000
01_-_Default
  1 -2.321053 24.924889 112.522980 -0.000006 0.982998 0.183618 0.365211 0.762515 1 27 1.000000
  1 6.645170 19.621307 126.956734 0.447228 0.894242 0.017849 0.418429 0.861994 1 27 1.000000
  1 9.706088 20.413246 113.160965 0.600748 0.782148 0.165365 0.436990 0.764869 1 27 1.000000
01_-_Default
  1 -2.321053 21.372772 134.860840 -0.000001 0.990928 -0.134397 0.361603 0.966314 1 27 1.000000
  1 7.149916 21.194477 135.625000 0.470676 0.877114 -0.095575 0.407080 0.972483 1 27 1.000000
  1 6.645170 19.621307 126.956734 0.447228 0.894242 0.017849 0.418429 0.861994 1 27 1.000000
01_-_Default
  1 6.645170 19.621307 126.956734 0.447228 0.894242 0.017849 0.418429 0.861994 1 27 1.000000
  1 -2.321053 20.490726 126.610992 -0.000002 0.995122 0.098656 0.365214 0.859669 1 27 1.000000
  1 -2.321053 21.372772 134.860840 -0.000001 0.990928 -0.134397 0.361603 0.966314 1 27 1.000000
01_-_Default
 20 -84.259727 -77.337601 4.023656 0.004418 -0.574465 -0.824449 0.195057 0.040171 1 20 1.000000
 20 -84.259933 -49.869091 4.737976 -0.003171 0.583949 -0.805664 0.195056 0.146189 1 20 1.000000
 20 -81.018822 -49.853741 7.583496 0.789529 0.611122 -0.049989 0.207851 0.146189 1 20 1.000000
01_-_Default
 20 -81.018822 -49.853741 7.583496 0.789529 0.611122 -0.049989 0.207851 0.146189 1 20 1.000000
 20 -84.260925 -49.838322 10.441329 -0.003958 0.601317 0.805213 0.195056 0.146189 1 20 1.000000
 20 -84.260925 -77.178665 11.495249 -0.019877 -0.543265 0.833627 0.195057 0.040171 1 20 1.000000
01_-_Default
 20 -81.018822 -49.853741 7.583496 0.789529 0.611122 -0.049989 0.207851 0.146189 1 20 1.000000
 20 -80.850510 -77.317825 7.689695 0.756932 -0.005134 -0.653490 0.208516 0.040040 1 20 1.000000
 20 -84.259727 -77.337601 4.023656 0.004418 -0.574465 -0.824449 0.195057 0.040171 1 20 1.000000
01_-_Default
 20 -84.260925 -77.178665 11.495249 -0.019877 -0.543265 0.833627 0.195057 0.040171 1 20 1.000000
 20 -80.850510 -77.317825 7.689695 0.503415 -0.740986 0.436693 0.208516 0.040040 1 20 1.000000
 20 -81.018822 -49.853741 7.583496 0.768791 0.014270 0.639453 0.207851 0.146189 1 20 1.000000
01_-_Default
 20 -84.259933 -49.869091 4.737976 -0.003171 0.583949 -0.805664 0.195056 0.146189 1 20 1.000000
 20 -84.259727 -77.337601 4.023656 0.004418 -0.574465 -0.824449 0.195057 0.040171 1 20 1.000000
 20 -87.445992 -49.853764 7.578940 -0.810021 0.586329 -0.003143 0.182483 0.146189 1 20 1.000000
01_-_Default
 20 -84.260925 -49.838322 10.441329 -0.003958 0.601317 0.805213 0.195056 0.146189 1 20 1.000000
 20 -87.445992 -49.853764 7.578940 -0.810021 0.586329 -0.003143 0.182483 0.146189 1 20 1.000000
 20 -84.260925 -77.178665 11.495249 -0.019877 -0.543265 0.833627 0.195057 0.040171 1 20 1.000000
01_-_Default
 20 -87.469040 -77.437958 7.445302 -0.789583 -0.613112 -0.031944 0.182392 0.039780 1 20 1.000000
 20 -87.445992 -49.853764 7.578940 -0.810021 0.586329 -0.003143 0.182483 0.146189 1 20 1.000000
 20 -84.259727 -77.337601 4.023656 0.004418 -0.574465 -0.824449 0.195057 0.040171 1 20 1.000000
01_-_Default
 20 -87.469040 -77.437958 7.445302 -0.789583 -0.613112 -0.031944 0.182392 0.039780 1 20 1.000000
 20 -84.260925 -77.178665 11.495249 -0.019877 -0.543265 0.833627 0.195057 0.040171 1 20 1.000000
 20 -87.445992 -49.853764 7.578940 -0.810021 0.586329 -0.003143 0.182483 0.146189 1 20 1.000000
01_-_Default
 20 -84.260925 -49.838322 10.441329 -0.003958 0.601317 0.805213 0.195056 0.146189 1 20 1.000000
 20 -81.018822 -49.853741 7.583496 0.789529 0.611122 -0.049989 0.207851 0.146189 1 20 1.000000
 20 -84.259933 -49.869091 4.737976 -0.003171 0.583949 -0.805664 0.195056 0.146189 1 20 1.000000
01_-_Default
 20 -84.259933 -49.869091 4.737976 -0.003171 0.583949 -0.805664 0.195056 0.146189 1 20 1.000000
 20 -87.445992 -49.853764 7.578940 -0.810021 0.586329 -0.003143 0.182483 0.146189 1 20 1.000000
 20 -84.260925 -49.838322 10.441329 -0.003958 0.601317 0.805213 0.195056 0.146189 1 20 1.000000
01_-_Default
 20 -84.260925 -77.178665 11.495249 -0.019877 -0.543265 0.833627 0.195057 0.040171 1 20 1.000000
 20 -87.469040 -77.437958 7.445302 -0.789583 -0.613112 -0.031944 0.182392 0.039780 1 20 1.000000
 20 -84.259727 -77.337601 4.023656 0.004418 -0.574465 -0.824449 0.195057 0.040171 1 20 1.000000
01_-_Default
 20 -84.259727 -77.337601 4.023656 0.004418 -0.574465 -0.824449 0.195057 0.040171 1 20 1.000000
 20 -80.850510 -77.317825 7.689695 0.503415 -0.740986 0.436693 0.208516 0.040040 1 20 1.000000
 20 -84.260925 -77.178665 11.495249 -0.019877 -0.543265 0.833627 0.195057 0.040171 1 20 1.000000
02_-_Default
 21 -81.591621 -55.469921 7.635670 0.689273 -0.003983 -0.724492 0.101136 0.086957 1 21 1.000000
 21 -84.268700 -55.482716 5.264137 0.005770 -0.005394 -0.999969 0.083671 0.068555 1 21 1.000000
 21 -84.268410 20.823977 5.646425 -0.017144 0.126296 -0.990475 0.083671 0.068555 1 21 1.000000
02_-_Default
 21 -81.591621 20.835535 7.789395 0.988698 0.148452 -0.019409 0.103080 0.085290 1 21 1.000000
 21 -84.268410 20.847559 10.018057 -0.017584 0.143382 0.990947 0.083671 0.104592 1 21 1.000000
 21 -84.268700 -55.478859 10.121413 0.685175 0.006435 0.728376 0.083671 0.104592 1 21 1.000000
02_-_Default
 21 -84.268410 20.823977 5.646425 -0.017144 0.126296 -0.990475 0.083671 0.068555 1 21 1.000000
 21 -81.591621 20.835535 7.789395 0.988698 0.148452 -0.019409 0.103080 0.085290 1 21 1.000000
 21 -81.591621 -55.469921 7.635670 0.689273 -0.003983 -0.724492 0.101136 0.086957 1 21 1.000000
02_-_Default
 21 -84.268700 -55.478859 10.121413 0.685175 0.006435 0.728376 0.083671 0.104592 1 21 1.000000
 21 -81.591621 -55.469921 7.635670 0.707168 0.006094 0.707043 0.101136 0.086957 1 21 1.000000
 21 -81.591621 20.835535 7.789395 0.707168 0.006094 0.707043 0.103080 0.085290 1 21 1.000000
02_-_Default
 21 -84.268700 -55.482716 5.264137 0.005770 -0.005394 -0.999969 0.083671 0.068555 1 21 1.000000
 21 -87.008415 -55.469921 7.635670 -0.681874 -0.003948 -0.731459 0.062484 0.086957 1 21 1.000000
 21 -84.268410 20.823977 5.646425 -0.017144 0.126296 -0.990475 0.083671 0.068555 1 21 1.000000
02_-_Default
 21 -84.268410 20.847559 10.018057 -0.017584 0.143382 0.990947 0.083671 0.104592 1 21 1.000000
 21 -86.762199 20.835535 7.789395 -0.989542 0.143802 -0.009804 0.067530 0.085436 1 21 1.000000
 21 -84.268700 -55.478859 10.121413 0.685175 0.006435 0.728376 0.083671 0.104592 1 21 1.000000
02_-_Default
 21 -86.762199 20.835535 7.789395 -0.989542 0.143802 -0.009804 0.067530 0.085436 1 21 1.000000
 21 -84.268410 20.823977 5.646425 -0.017144 0.126296 -0.990475 0.083671 0.068555 1 21 1.000000
 21 -87.008415 -55.469921 7.635670 -0.681874 -0.003948 -0.731459 0.062484 0.086957 1 21 1.000000
02_-_Default
 21 -87.008415 -55.469921 7.635670 -0.698930 0.008419 0.715188 0.062484 0.086957 1 21 1.000000
 21 -84.268700 -55.478859 10.121413 -0.698930 0.008419 0.715188 0.083671 0.104592 1 21 1.000000
 21 -86.762199 20.835535 7.789395 -0.989542 0.143802 -0.009804 0.067530 0.085436 1 21 1.000000
02_-_Default
 21 -81.591621 20.835535 7.789395 0.988698 0.148452 -0.019409 0.103080 0.085290 1 21 1.000000
 21 -84.268410 20.823977 5.646425 -0.017144 0.126296 -0.990475 0.083671 0.068555 1 21 1.000000
 21 -84.222702 28.908741 7.851266 -0.001714 0.999981 0.004120 0.083540 0.085579 1 21 1.000000
02_-_Default
 21 -84.268410 20.847559 10.018057 -0.017584 0.143382 0.990947 0.083671 0.104592 1 21 1.000000
 21 -81.591621 20.835535 7.789395 0.988698 0.148452 -0.019409 0.103080 0.085290 1 21 1.000000
 21 -84.222702 28.908741 7.851266 -0.001714 0.999981 0.004120 0.083540 0.085579 1 21 1.000000
02_-_Default
 21 -84.268410 20.823977 5.646425 -0.017144 0.126296 -0.990475 0.083671 0.068555 1 21 1.000000
 21 -86.762199 20.835535 7.789395 -0.989542 0.143802 -0.009804 0.067530 0.085436 1 21 1.000000
 21 -84.222702 28.908741 7.851266 -0.001714 0.999981 0.004120 0.083540 0.085579 1 21 1.000000
02_-_Default
 21 -86.762199 20.835535 7.789395 -0.989542 0.143802 -0.009804 0.067530 0.085436 1 21 1.000000
 21 -84.268410 20.847559 10.018057 -0.017584 0.143382 0.990947 0.083671 0.104592 1 21 1.000000
 21 -84.222702 28.908741 7.851266 -0.001714 0.999981 0.004120 0.083540 0.085579 1 21 1.000000
end
