version 1
nodes
  0 "_M3_Anim_Data"  -1
  1 "Object011"  -1
  2 "Object009"  -1
  3 "Object008"  -1
  4 "Object007"  -1
  5 "Object000"  -1
  6 "Object001"  -1
  7 "Object003"  -1
  8 "Object002"  -1
  9 "Object004"  -1
 10 "bone046"  -1
 11 "bone045"  10
 12 "bone044"  11
 13 "bone043"  12
 14 "bone026"  -1
 15 "bone048"  14
 16 "bone047"  15
 17 "Object005"  -1
 18 "bone0103"  -1
 19 "bone0123"  18
 20 "bone074"  19
 21 "bone073"  20
 22 "bone072"  21
 23 "bone071"  22
 24 "bone069"  22
 25 "bone067"  22
 26 "bone066"  22
 27 "bone065"  22
 28 "bone075"  22
 29 "bone064"  22
 30 "bone061"  22
 31 "bone060"  22
 32 "bone059"  22
 33 "bone058"  22
 34 "bone057"  22
 35 "bone056"  22
 36 "bone055"  22
 37 "bone054"  22
 38 "bone053"  37
 39 "bone063"  22
 40 "bone077"  39
 41 "bone089"  22
 42 "bone078"  41
 43 "bone0100"  22
 44 "bone099"  43
 45 "bone098"  22
 46 "bone097"  45
 47 "bone096"  22
 48 "bone095"  20
 49 "bone094"  48
 50 "bone093"  49
 51 "bone092"  50
 52 "bone091"  51
 53 "bone0101"  52
 54 "bone090"  53
 55 "bone088"  51
 56 "bone087"  55
 57 "bone086"  56
 58 "bone085"  51
 59 "bone084"  58
 60 "bone083"  59
 61 "bone082"  51
 62 "bone081"  61
 63 "bone080"  62
 64 "bone079"  51
 65 "bone052"  64
 66 "bone076"  65
 67 "bone051"  20
 68 "bone024"  67
 69 "bone022"  68
 70 "bone0129"  69
 71 "bone021"  70
 72 "bone020"  71
 73 "bone019"  72
 74 "bone018"  70
 75 "bone017"  74
 76 "bone016"  75
 77 "bone015"  70
 78 "bone014"  77
 79 "bone013"  78
 80 "bone023"  70
 81 "bone012"  80
 82 "bone010"  81
 83 "bone009"  70
 84 "bone008"  83
 85 "bone007"  84
 86 "bone006"  70
 87 "bone005"  20
 88 "bone004"  20
 89 "bone003"  20
 90 "bone002"  20
 91 "bone001"  20
 92 "bone011"  20
 93 "bone042"  18
 94 "bone041"  93
 95 "bone040"  94
 96 "bone039"  95
 97 "bone049"  93
 98 "bone038"  97
 99 "bone036"  98
100 "bone035"  93
101 "bone034" 100
102 "bone033"  93
103 "bone032" 102
104 "bone031"  93
105 "bone030"  93
106 "bone029"  93
107 "bone028" 106
108 "bone027"  93
109 "bone050" 108
110 "bone200"  93
111 "bone0102" 110
112 "bone0000" 111
113 "bone0104" 112
114 "bone0173" 113
115 "bone0172" 114
116 "bone0171" 115
117 "bone0170" 110
118 "bone0169" 117
119 "bone0168" 118
120 "bone0167" 119
121 "bone0166" 120
122 "bone0165" 121
123 "bone0174" 110
124 "bone0164" 123
125 "bone0162" 124
126 "bone0161" 125
127 "bone0160" 126
128 "bone0159" 127
129 "bone0158" 110
130 "bone0157" 129
131 "bone0156" 130
132 "bone0176" 131
133 "bone0154" 132
134 "bone0163" 133
135 "bone0175" 110
136 "bone0184" 135
137 "bone0177" 136
138 "bone0199" 137
139 "bone0197" 138
140 "bone0196" 139
141 "bone0195" 110
142 "bone0194" 141
143 "bone0193" 142
144 "bone0192" 143
145 "bone0191" 144
146 "bone0190" 145
147 "bone0189" 110
148 "bone0198" 147
149 "bone0187" 148
150 "bone0186" 149
151 "bone0185" 150
152 "bone0188" 151
153 "bone0183" 110
154 "bone0182" 153
155 "bone0181" 154
156 "bone0180" 155
157 "bone0179" 156
158 "bone0178" 157
159 "bone0153" 110
160 "bone0155" 159
161 "bone0151" 160
162 "bone0150" 161
163 "bone0124" 162
164 "bone0152" 163
165 "bone0122" 110
166 "bone0121" 165
167 "bone0120" 166
168 "bone0119" 167
169 "bone0118" 168
170 "bone0117" 169
171 "bone0116" 110
172 "bone0125" 171
173 "bone0115" 172
174 "bone0113" 173
175 "bone0112" 174
176 "bone0111" 175
177 "bone0110" 110
178 "bone0109" 177
179 "bone0108" 178
180 "bone0107" 179
181 "bone0106" 180
182 "bone0105" 181
183 "bone0114" 110
184 "bone0126" 183
185 "bone0127" 184
186 "bone0128" 185
187 "bone0149" 186
188 "bone0148" 187
189 "bone0147" 110
190 "bone0146" 189
191 "bone0145" 190
192 "bone0144" 191
193 "bone0143" 192
194 "bone0142" 193
195 "bone0141" 110
196 "bone0140" 195
197 "bone0139" 196
198 "bone0138" 197
199 "bone0137" 198
200 "bone0136" 199
201 "bone0135" 110
202 "bone0134" 201
203 "bone0133" 202
204 "bone0132" 203
205 "bone0131" 204
206 "bone0130" 205
207 "Object006"  -1
208 "∂‘œÛ001"  -1
end
skeleton
time 0
  0 0.059621 0.456168 0.250107 0.000000 -0.000000 0.000000
  1 0.059621 0.456168 0.250107 0.000000 -0.000000 0.000000
  2 0.059621 0.456168 0.250107 0.000000 -0.000000 0.000000
  3 0.059621 0.456168 0.250107 0.000000 -0.000000 0.000000
  4 0.059621 0.456168 0.250107 0.000000 -0.000000 0.000000
  5 0.059621 0.456168 0.250107 0.000000 -0.000000 0.000000
  6 0.059621 0.456168 0.250107 0.000000 -0.000000 0.000000
  7 0.059621 0.456168 0.250107 0.000000 -0.000000 0.000000
  8 0.059621 0.456168 0.250107 0.000000 -0.000000 0.000000
  9 0.059621 0.456168 0.250107 0.000000 -0.000000 0.000000
 10 120.558746 39.731293 154.010239 -1.374138 -0.014751 -1.191932
 11 24.668247 0.000000 -0.000031 0.950155 0.115957 -0.362658
 12 30.380142 0.000000 0.000000 1.244252 0.530596 -0.697557
 13 19.902100 -0.000015 0.000015 0.161132 -0.304478 0.632654
 14 -118.551674 37.701046 176.080597 1.128033 -0.065685 1.560001
 15 35.349514 0.000015 0.000023 -1.473960 -0.320264 0.652146
 16 37.124344 -0.000015 -0.000008 -2.660667 -1.160601 0.389134
 17 0.059621 0.456168 0.250107 0.039798 -0.003204 -0.096332
 18 0.059621 0.456168 104.400574 1.570796 1.570796 0.000000
 19 -65.799545 -0.000020 1.142855 0.000000 0.000515 3.141077
 20 11.181580 0.005760 -0.002411 -0.315069 -0.136311 0.000515
 21 27.835190 0.000002 -0.000006 -3.141592 -0.129896 -0.000000
 22 5.330383 -0.000001 0.000004 -3.069864 -0.172159 -0.007764
 23 10.134888 -4.133392 3.834193 -0.681869 -1.173928 -2.497277
 24 10.134903 4.133398 3.834192 0.681883 -1.173924 2.497264
 25 22.592361 0.000011 17.467094 -0.000010 2.956431 0.000000
 26 21.199982 -7.744005 14.169500 -0.644457 -0.154503 -3.025319
 27 18.142014 -13.440223 7.965759 1.228366 -0.180197 3.082644
 28 21.199966 7.744023 14.169483 0.644460 -0.154503 3.025318
 29 18.141998 13.440236 7.965763 -0.316157 -0.180196 -3.082644
 30 11.858856 -13.359996 3.526505 1.542249 3.132957 0.174415
 31 9.463287 -16.404865 -2.906050 1.542282 3.132901 0.176490
 32 9.125275 -10.885473 -11.371330 0.000496 2.962373 0.000256
 33 11.858856 13.360003 3.526466 -1.542248 3.132957 -0.174414
 34 9.463272 16.404865 -2.906027 -1.542281 3.132900 -0.176490
 35 9.125275 10.885471 -11.371307 -0.000492 2.962373 0.000256
 36 9.023239 -0.000004 -17.296177 0.000180 -0.167048 -3.141356
 37 12.691422 -0.000004 -19.438766 -0.369168 2.545134 -0.486658
 38 10.989410 0.000004 -0.000015 0.000000 -0.167163 0.000000
 39 12.871475 -10.586840 -15.652477 0.759119 2.602670 0.283371
 40 10.726990 0.000000 -0.000015 -0.044747 -0.177841 0.024607
 41 12.871460 10.586839 -15.652475 -1.032282 2.960272 -0.850388
 42 10.726967 -0.000023 0.000000 0.044747 -0.177842 -0.024607
 43 12.847229 -17.570080 -4.701347 1.187038 2.575770 0.773372
 44 11.496498 0.000004 -0.000031 -0.090459 -0.137774 0.054997
 45 12.847198 17.570080 -4.701365 -1.246695 -3.078089 -0.945496
 46 11.496475 0.000000 0.000000 0.090459 -0.137773 -0.054997
 47 28.485962 0.000012 16.460335 -0.000001 -0.039729 0.000000
 48 23.052780 -6.207908 -0.077307 -1.470206 0.035100 -1.833545
 49 9.436905 -0.000004 -0.000031 0.010287 0.104645 0.003503
 50 31.269329 -0.000004 -0.000031 -0.006701 -0.563522 0.008666
 51 28.756500 0.000004 0.000000 -0.001117 0.032665 0.001416
 52 2.251991 -2.464409 -1.141632 0.481305 0.508197 -0.319329
 53 3.674042 -0.000015 0.000015 -0.277611 0.179024 0.194713
 54 3.614685 0.000015 0.000000 0.013156 0.193871 -0.001558
 55 9.035500 -2.494942 0.484558 -0.001362 0.302449 0.001673
 56 2.943581 -0.000004 -0.000031 0.010585 0.293657 -0.007800
 57 2.649429 0.000000 0.000031 -0.006498 0.303243 0.008512
 58 9.093613 -0.386669 0.647720 0.020190 0.475380 -0.012607
 59 3.451874 0.000000 0.000000 -0.014209 0.528778 0.009212
 60 2.898178 -0.000004 0.000031 -0.000683 0.490858 0.000916
 61 8.894577 1.605850 0.371902 -0.000566 0.547851 0.000704
 62 3.130402 0.000000 0.000046 0.003896 0.567158 -0.005064
 63 2.629532 0.000000 -0.000046 0.004892 0.544388 -0.006589
 64 8.470619 3.459526 0.131500 -0.021715 0.541478 0.011456
 65 2.410271 -0.000008 -0.000061 0.022815 0.529939 -0.013321
 66 2.000793 0.000008 0.000000 -0.005415 0.533618 0.007402
 67 23.052750 6.207911 -0.077324 1.481823 0.058644 2.080206
 68 9.436897 0.000023 -0.000015 0.563569 -0.047057 -0.568034
 69 31.269331 -0.000004 -0.000031 0.673901 -0.596274 0.364431
 70 28.756500 -0.000015 -0.000008 0.279616 -0.199104 -0.116927
 71 2.251892 2.464417 -1.141556 -0.513217 0.249535 0.112914
 72 3.674088 0.000000 -0.000031 0.331388 -0.059506 -0.325011
 73 3.614685 0.000015 0.000023 0.067360 -0.216133 -0.086857
 74 9.035431 2.494949 0.484428 0.001362 -0.011534 -0.001673
 75 2.943558 0.000000 -0.000027 -0.011497 -0.020268 0.014556
 76 2.649445 0.000015 0.000023 0.006498 -0.010740 -0.008512
 77 9.093689 0.386658 0.647781 -0.018031 0.093461 0.020165
 78 3.451859 0.000031 0.000000 0.014953 0.008589 -0.019838
 79 2.898193 -0.000015 -0.000008 0.000684 -0.029445 -0.000917
 80 8.894409 -1.605850 0.371914 0.000566 0.090541 -0.000704
 81 3.130432 0.000015 -0.000038 -0.003896 -0.009289 0.005063
 82 2.629517 0.000000 0.000023 -0.004892 -0.032059 0.006589
 83 8.470612 -3.459534 0.131401 0.018786 0.137518 -0.020073
 84 2.410278 0.000000 -0.000008 -0.024238 -0.029075 0.031299
 85 2.000763 0.000000 0.000023 0.005415 -0.025697 -0.007402
 86 9.832367 1.463074 -1.299427 0.016523 -0.031798 -0.020624
 87 25.040604 -5.670402 5.432774 -1.312160 -0.224887 -2.136065
 88 28.779694 -6.856308 -0.811447 -1.466235 0.019064 -1.725377
 89 29.182312 -3.955564 -4.961985 0.881869 2.552753 0.503940
 90 25.040558 5.670410 5.432732 1.296833 -0.398765 2.185823
 91 28.779739 6.856313 -0.811428 1.466235 0.019065 1.725381
 92 29.182297 3.955566 -4.961964 -0.881870 2.552752 -0.503940
 93 -65.335663 -0.000020 1.140918 -3.141591 0.044911 0.000000
 94 26.290924 -12.205288 1.157882 -2.071447 -0.017454 0.065112
 95 49.071022 0.000008 0.000009 2.179705 0.127556 -0.112856
 96 61.871315 -0.000015 -0.000023 3.080256 0.672597 0.035641
 97 26.290924 12.205295 1.157842 2.044502 0.127786 -0.159169
 98 49.071068 0.000004 -0.000036 -2.187262 0.154733 0.063501
 99 61.871300 0.000023 -0.000027 -2.944714 0.642381 0.102745
100 -0.698074 -11.192116 -8.252763 1.225569 -0.266772 -0.713901
101 20.568237 -0.000005 -0.000008 0.010291 0.085300 -0.148393
102 0.223785 -5.734809 -12.929605 2.830695 0.617178 -0.595571
103 20.803574 -0.000015 -0.000038 0.066391 -0.063546 -0.036748
104 -1.040009 -3.033968 12.140510 1.554517 0.104601 -1.288764
105 -1.039993 3.034004 12.140500 -1.554518 0.104604 1.288764
106 4.165451 -5.407045 12.088389 0.612774 -0.740484 -0.160280
107 16.599442 -0.000008 -0.000031 -0.047935 -0.051683 0.045016
108 4.165482 5.407080 12.088380 -0.852162 -0.626606 0.625184
109 16.599380 0.000009 -0.000031 0.048006 -0.046610 -0.044850
110 6.428391 0.000001 -0.288944 -0.000001 -0.000000 -0.000000
111 -1.833786 -13.936460 1.224504 1.552448 0.040995 -0.420999
112 20.406944 -0.000002 -0.000015 0.000000 -0.016932 0.000000
113 21.655495 -0.000002 -0.000015 0.018481 0.024799 0.097005
114 22.360672 -0.000005 -0.000023 0.071263 -0.127071 -0.308602
115 22.519661 0.000000 -0.000015 -0.028754 0.052689 -0.486695
116 22.140388 0.000008 -0.000015 0.021895 0.035760 0.098594
117 -1.699219 -12.875611 4.918509 1.116385 -0.148284 -0.380891
118 20.938614 0.000013 0.000008 0.034482 -0.012972 -0.016104
119 21.993614 -0.000005 -0.000061 0.031584 0.127647 0.097202
120 22.563797 -0.000019 0.000000 0.047359 0.063402 -0.291759
121 22.643356 0.000013 -0.000031 -0.039637 0.078181 -0.461204
122 22.238049 0.000027 -0.000023 -0.016885 -0.057814 0.111115
123 -1.634354 -9.854567 8.052346 0.714077 -0.292095 -0.280759
124 22.205284 0.000001 -0.000023 0.042841 -0.006102 -0.020254
125 22.804398 -0.000005 -0.000046 0.036921 0.197681 0.149146
126 23.051674 -0.000005 0.000011 0.028080 0.207536 -0.167688
127 22.940002 0.000002 -0.000008 -0.027941 0.085650 -0.433735
128 22.472073 0.000015 0.000008 -0.022610 -0.142610 0.089205
129 -1.616150 -5.333254 10.147438 0.314907 -0.153514 -0.030404
130 23.451324 -0.000002 -0.000011 0.027042 -0.001892 -0.012901
131 23.608009 -0.000007 -0.000023 -0.011209 0.553925 -0.081670
132 23.536232 -0.000002 0.000004 0.013653 -0.171947 0.034406
133 23.233986 -0.000000 0.000032 -0.223930 -0.888051 0.435500
134 22.703682 -0.000006 -0.000027 -0.001707 -0.199022 0.033752
135 -1.614517 -0.000000 10.883350 -0.000000 -0.400842 0.000000
136 23.962143 0.000001 -0.000038 0.000000 -0.000699 -0.000000
137 23.938965 -0.000003 0.000008 0.021435 0.237544 0.290777
138 23.736038 -0.000021 -0.000015 0.016092 0.227842 0.190425
139 23.354980 -0.000027 -0.000015 0.033214 0.008713 -0.272122
140 22.798954 -0.000021 -0.000011 0.027036 -0.222656 -0.033111
141 -1.616150 5.333250 10.147423 -0.347094 -0.374742 0.146641
142 23.451294 -0.000006 0.000000 -0.027042 -0.001892 0.012901
143 23.608017 -0.000002 -0.000038 0.006209 0.220619 0.353173
144 23.536247 -0.000019 -0.000008 -0.008940 0.158069 0.342839
145 23.233974 -0.000038 -0.000015 0.045741 -0.041514 -0.103148
146 22.703678 -0.000015 0.000008 0.052979 -0.214012 -0.101603
147 -1.634354 9.854565 8.052344 -0.714078 -0.292096 0.280760
148 22.205254 0.000003 -0.000008 -0.042841 -0.006101 0.020254
149 22.804451 0.000002 -0.000076 -0.008236 0.183112 0.399097
150 23.051636 -0.000027 0.000004 -0.047321 0.071145 0.445610
151 22.939972 -0.000038 -0.000011 0.039617 -0.057676 0.054792
152 22.472069 -0.000031 -0.000023 0.064814 -0.172405 -0.176949
153 -1.699219 12.875607 4.918524 -1.116385 -0.148284 0.380891
154 20.938591 0.000019 -0.000008 -0.034482 -0.012973 0.016104
155 21.993599 -0.000005 -0.000061 -0.017929 0.124199 0.420763
156 22.563805 -0.000019 -0.000008 -0.092502 -0.026482 0.495851
157 22.643356 -0.000023 -0.000031 0.021463 -0.064017 0.139973
158 22.238022 -0.000046 -0.000015 0.035780 -0.105334 -0.220014
159 -1.833786 13.936458 1.224504 -1.552447 0.040994 0.420999
160 20.406975 0.000005 -0.000046 -0.000000 -0.016932 -0.000000
161 21.655502 0.000009 -0.000015 -0.018349 0.059873 0.415547
162 22.360657 -0.000004 -0.000015 -0.149769 -0.182393 0.499796
163 22.519669 -0.000015 -0.000023 0.011709 -0.128432 0.157039
164 22.140369 0.000008 0.000000 -0.035319 -0.027009 -0.205195
165 -1.972580 12.875609 -3.614555 -1.827109 0.155326 0.386830
166 20.655167 0.000007 -0.000015 0.014659 -0.017050 -0.006451
167 21.762253 0.000003 -0.000015 -0.022023 0.030337 0.408308
168 22.392159 0.000000 -0.000015 -0.164351 -0.190450 0.485580
169 22.541348 0.000000 -0.000031 -0.055324 -0.136554 0.123526
170 22.217495 0.000000 0.000000 -0.097539 0.020879 -0.194552
171 -1.967316 9.854567 -7.722432 -2.161803 0.248066 0.289766
172 21.272736 0.000003 -0.000008 0.025990 -0.015445 -0.009916
173 22.032516 0.000022 -0.000046 -0.024455 -0.010305 0.389104
174 22.475655 -0.000004 0.000000 -0.183611 -0.272377 0.444313
175 22.598711 -0.000011 -0.000015 -0.077739 -0.188028 0.058524
176 22.407969 -0.000008 -0.000023 -0.115277 0.064395 -0.148058
177 -1.900848 5.333252 -10.470076 -2.601403 0.305546 0.153178
178 21.914307 0.000006 -0.000019 0.024266 -0.010747 -0.007792
179 22.319847 -0.000009 -0.000008 -0.026805 -0.075321 0.348501
180 22.569626 -0.000019 -0.000015 -0.172690 -0.378277 0.351500
181 22.663195 -0.000008 -0.000023 -0.063970 -0.226133 -0.053775
182 22.604504 -0.000011 -0.000038 -0.095923 0.098099 -0.113688
183 -1.865585 -0.000002 -11.435440 -3.141592 0.324581 -0.000000
184 22.186691 -0.000004 -0.000015 0.000000 -0.007676 0.000000
185 22.443726 -0.000003 -0.000008 -0.021496 -0.138380 0.274516
186 22.611534 -0.000021 -0.000031 -0.097640 -0.464987 0.178162
187 22.691999 -0.000013 -0.000008 -0.007510 -0.220352 -0.199926
188 22.687630 -0.000006 -0.000008 -0.040073 0.122764 -0.083205
189 -1.900848 -5.333257 -10.470070 2.601403 0.305546 -0.153178
190 21.914337 0.000008 -0.000015 -0.024267 -0.010746 0.007792
191 22.319824 -0.000020 -0.000008 -0.006596 -0.151292 0.192079
192 22.569626 -0.000008 -0.000046 0.008281 -0.458779 -0.026777
193 22.663216 -0.000031 -0.000008 0.035074 -0.155263 -0.342788
194 22.604504 0.000002 -0.000031 0.031602 0.129906 -0.024192
195 -1.967285 -9.854565 -7.722440 2.161803 0.248066 -0.289766
196 21.272720 -0.000016 -0.000008 -0.025990 -0.015445 0.009916
197 22.032471 0.000004 -0.000023 0.006668 -0.118194 0.142774
198 22.475685 -0.000010 -0.000038 0.066788 -0.371058 -0.173308
199 22.598705 0.000003 -0.000023 0.029826 -0.058465 -0.440431
200 22.407978 -0.000004 -0.000023 0.072360 0.119375 0.021670
201 -1.972580 -12.875609 -3.614562 1.827110 0.155326 -0.386831
202 20.655182 0.000010 -0.000023 -0.014659 -0.017050 0.006451
203 21.762283 -0.000007 -0.000008 0.015210 -0.053540 0.114200
204 22.392166 -0.000009 -0.000038 0.080935 -0.255054 -0.260151
205 22.541340 0.000000 -0.000023 0.000554 0.012937 -0.481823
206 22.217501 0.000021 -0.000008 0.063967 0.087622 0.066670
207 0.059621 0.456168 0.250107 0.000000 -0.000000 0.000000
208 0.059621 0.456168 0.250107 0.000000 -0.000000 0.000000
time 1
  0 0.059621 0.456168 0.250107 0.000000 -0.000000 0.000000
  1 0.059621 0.456168 0.250107 0.000000 -0.000000 0.000000
  2 0.059621 0.456168 0.250107 0.000000 -0.000000 0.000000
  3 0.059621 0.456168 0.250107 0.000000 -0.000000 0.000000
  4 0.059621 0.456168 0.250107 0.000000 -0.000000 0.000000
  5 0.059621 0.456168 0.250107 0.000000 -0.000000 0.000000
  6 0.059621 0.456168 0.250107 0.000000 -0.000000 0.000000
  7 0.059621 0.456168 0.250107 0.000000 -0.000000 0.000000
  8 0.059621 0.456168 0.250107 0.000000 -0.000000 0.000000
  9 0.059621 0.456168 0.250107 0.000000 -0.000000 0.000000
 10 118.132217 47.702061 155.729340 -1.374137 -0.014751 -1.046854
 11 24.668249 0.000008 -0.000031 0.950826 0.286164 -0.273613
 12 30.380146 -0.000023 0.000000 1.452311 0.321894 -0.392735
 13 19.902096 0.000000 0.000015 0.151819 -0.262932 0.584470
 14 -117.290543 30.601755 176.315491 1.166459 -0.061606 1.672583
 15 35.349510 0.000015 0.000015 -1.437747 -0.330521 0.487999
 16 37.124344 -0.000023 -0.000015 -2.632212 -1.147792 0.345917
 17 0.059621 0.456168 0.250107 0.041610 -0.003350 -0.100719
 18 0.059621 -0.424266 104.400574 1.566988 1.570796 0.000000
 19 -65.799545 -0.000020 1.142855 -0.000000 0.000515 3.141077
 20 11.181580 0.005760 -0.002411 -0.305882 -0.134711 -0.002084
 21 27.835190 0.000002 -0.000008 3.135121 -0.127158 0.001276
 22 5.330383 0.000000 0.000004 -3.069864 -0.172159 -0.007764
 23 10.134888 -4.133392 3.834193 -0.679247 -1.172687 -2.500098
 24 10.134888 4.133399 3.834195 0.679262 -1.172683 2.500086
 25 22.592346 0.000011 17.467100 -0.000010 2.956431 0.000000
 26 21.199966 -7.744006 14.169506 -0.644457 -0.154503 -3.025319
 27 18.142014 -13.440225 7.965762 1.228366 -0.180197 3.082644
 28 21.199951 7.744025 14.169487 0.644460 -0.154503 3.025318
 29 18.141983 13.440239 7.965766 -0.316157 -0.180196 -3.082644
 30 11.858856 -13.359997 3.526505 1.542249 3.132957 0.174415
 31 9.463272 -16.404869 -2.906054 1.542282 3.132901 0.176490
 32 9.125259 -10.885476 -11.371330 0.000496 2.962373 0.000256
 33 11.858841 13.360006 3.526469 -1.542248 3.132957 -0.174414
 34 9.463257 16.404867 -2.906028 -1.542281 3.132900 -0.176490
 35 9.125290 10.885473 -11.371309 -0.000492 2.962373 0.000256
 36 9.023239 -0.000004 -17.296181 0.000180 -0.167048 -3.141356
 37 12.691406 -0.000004 -19.438772 -0.345015 2.404121 -0.434917
 38 10.989410 0.000000 0.000000 0.007782 -0.173467 -0.034593
 39 12.871475 -10.586842 -15.652479 0.795680 2.527352 0.369235
 40 10.727020 0.000008 -0.000031 -0.030045 -0.183928 -0.002503
 41 12.871460 10.586842 -15.652477 -1.034526 2.801203 -0.843821
 42 10.726974 -0.000021 0.000015 0.046555 -0.175598 -0.061239
 43 12.847214 -17.570086 -4.701347 1.200919 2.555590 0.805153
 44 11.496506 0.000004 -0.000031 -0.074972 -0.144327 0.030113
 45 12.847183 17.570084 -4.701365 -1.247676 3.028041 -0.953576
 46 11.496460 0.000008 0.000015 0.085808 -0.130918 -0.090583
 47 28.485947 0.000013 16.460340 -0.000001 -0.039729 0.000000
 48 23.052780 -6.207909 -0.077309 -1.470206 0.035100 -1.833545
 49 9.436905 -0.000004 -0.000031 0.011647 0.101255 0.012522
 50 31.269329 -0.000008 -0.000031 -0.006701 -0.563522 0.008666
 51 28.756500 0.000008 0.000000 -0.001117 0.032665 0.001416
 52 2.251984 -2.464405 -1.141647 0.481305 0.508197 -0.319329
 53 3.674049 -0.000015 0.000015 -0.277611 0.179024 0.194713
 54 3.614693 0.000015 0.000000 0.013156 0.193871 -0.001558
 55 9.035500 -2.494946 0.484573 -0.001362 0.302449 0.001673
 56 2.943573 0.000000 -0.000015 0.010585 0.293657 -0.007800
 57 2.649429 0.000000 0.000031 -0.006498 0.303243 0.008512
 58 9.093620 -0.386669 0.647705 0.020190 0.475380 -0.012607
 59 3.451889 -0.000008 -0.000015 -0.014209 0.528778 0.009212
 60 2.898186 0.000004 0.000031 -0.000683 0.490858 0.000916
 61 8.894577 1.605850 0.371918 -0.000566 0.547851 0.000704
 62 3.130409 0.000000 0.000031 0.003896 0.567158 -0.005064
 63 2.629539 0.000000 -0.000031 0.004892 0.544388 -0.006589
 64 8.470612 3.459522 0.131500 -0.021715 0.541478 0.011456
 65 2.410263 0.000000 -0.000061 0.022815 0.529939 -0.013321
 66 2.000801 0.000000 0.000000 -0.005415 0.533618 0.007402
 67 23.052780 6.207912 -0.077326 1.481816 0.056486 2.083017
 68 9.436897 0.000023 -0.000015 0.551298 -0.113223 -0.564117
 69 31.269333 -0.000002 0.000000 0.631369 -0.566542 0.333413
 70 28.756508 0.000008 0.000008 0.332508 -0.193557 -0.115242
 71 2.251892 2.464401 -1.141567 -0.513217 0.249535 0.112914
 72 3.674088 0.000008 -0.000015 0.331388 -0.059506 -0.325011
 73 3.614685 0.000000 0.000015 0.067360 -0.216133 -0.086857
 74 9.035431 2.494949 0.484421 0.001362 -0.011534 -0.001673
 75 2.943573 0.000015 -0.000031 -0.011497 -0.020268 0.014556
 76 2.649445 0.000015 0.000023 0.006498 -0.010740 -0.008512
 77 9.093689 0.386673 0.647778 -0.018031 0.093461 0.020165
 78 3.451874 -0.000015 -0.000004 0.014953 0.008589 -0.019838
 79 2.898209 0.000015 -0.000011 0.000683 -0.029445 -0.000917
 80 8.894424 -1.605835 0.371914 0.000566 0.090541 -0.000704
 81 3.130432 0.000000 -0.000034 -0.003896 -0.009289 0.005063
 82 2.629532 0.000015 0.000027 -0.004892 -0.032059 0.006589
 83 8.470612 -3.459518 0.131397 0.018786 0.137518 -0.020073
 84 2.410278 0.000000 -0.000004 -0.024238 -0.029075 0.031299
 85 2.000748 0.000000 0.000023 0.005415 -0.025697 -0.007402
 86 9.832367 1.463074 -1.299431 0.016523 -0.031798 -0.020624
 87 25.040604 -5.670402 5.432772 -1.312159 -0.224887 -2.136065
 88 28.779709 -6.856308 -0.811447 -1.466235 0.019064 -1.725377
 89 29.182327 -3.955565 -4.961987 0.881869 2.552753 0.503939
 90 25.040573 5.670410 5.432732 1.296833 -0.398765 2.185823
 91 28.779739 6.856312 -0.811426 1.466235 0.019065 1.725381
 92 29.182297 3.955566 -4.961967 -0.881870 2.552752 -0.503940
 93 -65.335663 -0.000020 1.140918 -3.141591 0.044911 0.000000
 94 26.290924 -12.205290 1.157883 -2.071447 -0.017454 0.065112
 95 49.071030 0.000006 0.000007 2.179705 0.127556 -0.112856
 96 61.871315 -0.000013 -0.000019 3.080256 0.672597 0.035641
 97 26.290924 12.205295 1.157843 2.044502 0.127786 -0.159169
 98 49.071068 0.000004 -0.000036 -2.187262 0.154733 0.063501
 99 61.871304 0.000024 -0.000024 -2.944714 0.642381 0.102744
100 -0.698074 -11.192118 -8.252764 1.224660 -0.325766 -0.710656
101 20.568245 -0.000001 -0.000015 0.017798 0.086122 -0.152037
102 0.223785 -5.734810 -12.929604 2.857282 0.570874 -0.551488
103 20.803574 -0.000015 -0.000031 0.072359 -0.062540 -0.039203
104 -1.040009 -3.033968 12.140512 1.562165 0.106045 -1.287831
105 -1.039993 3.034004 12.140501 -1.549782 0.102583 1.289464
106 4.165436 -5.407044 12.088392 0.674348 -0.834906 -0.251734
107 16.599442 -0.000004 -0.000031 -0.039716 -0.055427 0.044113
108 4.165482 5.407081 12.088381 -0.845303 -0.632919 0.624988
109 16.599380 0.000006 -0.000015 0.054988 -0.052252 -0.046796
110 6.428391 0.000001 -0.288943 -0.000001 -0.000000 -0.000000
111 -1.833786 -13.936462 1.224504 1.560072 0.041299 -0.420197
112 20.406960 -0.000002 -0.000023 0.007499 -0.016050 -0.000309
113 21.655487 -0.000002 -0.000015 0.019373 0.018294 0.115294
114 22.360672 -0.000005 -0.000015 0.064583 -0.133276 -0.251929
115 22.519665 -0.000003 -0.000015 -0.026744 0.050295 -0.490794
116 22.140394 0.000002 -0.000023 0.030415 0.036391 0.097325
117 -1.699219 -12.875612 4.918509 1.124080 -0.148075 -0.380700
118 20.938599 0.000014 0.000008 0.042181 -0.012578 -0.016217
119 21.993622 -0.000004 -0.000053 0.031694 0.085033 0.108432
120 22.563789 -0.000018 0.000000 0.044479 0.061276 -0.234488
121 22.643356 0.000009 -0.000023 -0.051955 0.132671 -0.466591
122 22.238060 0.000023 -0.000015 -0.007045 -0.056530 0.109315
123 -1.634354 -9.854568 8.052345 0.721962 -0.292184 -0.281059
124 22.205299 0.000003 -0.000023 0.050612 -0.006212 -0.020411
125 22.804398 -0.000002 -0.000046 0.033302 0.129889 0.137904
126 23.051666 -0.000004 0.000008 0.028183 0.205175 -0.111894
127 22.940002 0.000001 -0.000011 -0.049146 0.192282 -0.405426
128 22.472076 0.000010 0.000011 -0.012437 -0.140364 0.087534
129 -1.616165 -5.333254 10.147440 0.318138 -0.237897 -0.053301
130 23.451294 -0.000002 -0.000008 0.034776 -0.002430 -0.013246
131 23.608032 -0.000007 -0.000023 -0.009825 0.583282 -0.071834
132 23.536240 -0.000005 -0.000006 0.024359 -0.007059 -0.011714
133 23.233986 -0.000001 0.000031 -0.141879 -0.732402 0.336674
134 22.703682 -0.000004 -0.000015 0.008053 -0.196295 0.032223
135 -1.614517 -0.000000 10.883350 0.007929 -0.401778 -0.000682
136 23.962120 0.000001 -0.000031 0.007617 -0.001568 -0.000611
137 23.938972 -0.000003 0.000015 0.007321 0.155902 0.224958
138 23.736031 -0.000015 -0.000008 0.016043 0.232175 0.235996
139 23.354992 -0.000023 -0.000015 0.019626 0.158578 -0.152653
140 22.798950 -0.000027 -0.000004 0.035912 -0.219706 -0.036133
141 -1.616150 5.333251 10.147423 -0.339470 -0.376115 0.146090
142 23.451309 -0.000008 0.000000 -0.019606 -0.002991 0.011965
143 23.608017 -0.000003 -0.000031 -0.010564 0.146193 0.263493
144 23.536247 -0.000011 -0.000008 -0.009920 0.163928 0.383987
145 23.233978 -0.000038 -0.000011 0.043533 0.096047 0.035101
146 22.703678 -0.000008 0.000004 0.060720 -0.211142 -0.105196
147 -1.634354 9.854565 8.052345 -0.706936 -0.293860 0.280527
148 22.205254 0.000001 0.000000 -0.035642 -0.007291 0.018926
149 22.804451 0.000003 -0.000069 -0.024235 0.124183 0.290555
150 23.051636 -0.000017 0.000000 -0.050356 0.074444 0.485056
151 22.939980 -0.000027 -0.000008 0.045145 0.046498 0.192786
152 22.472073 -0.000031 -0.000031 0.071368 -0.169883 -0.181454
153 -1.699234 12.875608 4.918524 -1.109731 -0.150336 0.381094
154 20.938583 0.000017 0.000000 -0.027568 -0.014041 0.014331
155 21.993599 -0.000007 -0.000069 -0.028836 0.089162 0.301297
156 22.563805 -0.000010 -0.000008 -0.099271 -0.029093 0.536512
157 22.643356 -0.000015 -0.000031 0.025932 0.000258 0.273286
158 22.238028 -0.000023 -0.000015 0.041804 -0.103414 -0.225321
159 -1.833786 13.936459 1.224504 -1.546045 0.038822 0.421675
160 20.406960 0.000004 -0.000046 0.006595 -0.017608 -0.002171
161 21.655502 0.000008 -0.000008 -0.022043 0.052633 0.295772
162 22.360657 -0.000002 -0.000023 -0.164460 -0.194825 0.541796
163 22.519665 -0.000004 -0.000015 0.004721 -0.097990 0.280995
164 22.140379 0.000000 -0.000008 -0.029407 -0.025817 -0.210667
165 -1.972580 12.875609 -3.614556 -1.820635 0.153188 0.387793
166 20.655190 0.000007 -0.000015 0.021113 -0.017397 -0.008767
167 21.762253 0.000005 -0.000015 -0.022099 0.038127 0.293410
168 22.392159 0.000004 -0.000015 -0.176489 -0.199573 0.529808
169 22.541340 0.000011 -0.000015 -0.062024 -0.120410 0.250552
170 22.217505 0.000000 0.000000 -0.091602 0.021721 -0.200271
171 -1.967316 9.854567 -7.722435 -2.155057 0.246082 0.291062
172 21.272705 0.000003 0.000000 0.032393 -0.015364 -0.012278
173 22.032509 0.000024 -0.000046 -0.020111 0.014859 0.284926
174 22.475662 -0.000008 -0.000015 -0.197237 -0.281905 0.489709
175 22.598717 -0.000015 -0.000008 -0.089939 -0.189379 0.183368
176 22.407972 0.000000 -0.000015 -0.109314 0.066385 -0.153061
177 -1.900848 5.333253 -10.470079 -2.594269 0.303903 0.154832
178 21.914337 0.000007 -0.000027 0.030685 -0.010144 -0.010024
179 22.319824 -0.000009 -0.000004 -0.017411 -0.028302 0.264878
180 22.569626 -0.000017 -0.000015 -0.188260 -0.390941 0.397035
181 22.663204 -0.000008 -0.000015 -0.078505 -0.252452 0.061998
182 22.604502 -0.000015 -0.000038 -0.090029 0.101156 -0.117746
183 -1.865585 -0.000002 -11.435442 -3.134095 0.323489 0.001882
184 22.186676 -0.000004 -0.000008 0.006523 -0.006590 -0.001834
185 22.443710 -0.000002 -0.000008 -0.011108 -0.074962 0.224728
186 22.611542 -0.000017 -0.000015 -0.112888 -0.481318 0.221567
187 22.692009 -0.000015 0.000008 -0.015318 -0.271783 -0.107393
188 22.687649 -0.000011 -0.000015 -0.034269 0.126559 -0.086032
189 -1.900848 -5.333257 -10.470074 2.609091 0.305050 -0.151358
190 21.914337 0.000008 -0.000011 -0.017498 -0.009430 0.006514
191 22.319839 -0.000022 0.000000 -0.000401 -0.091312 0.177374
192 22.569626 -0.000008 -0.000031 -0.003887 -0.475622 0.015330
193 22.663223 -0.000034 0.000000 0.039384 -0.217000 -0.282282
194 22.604511 -0.000008 -0.000015 0.037523 0.133690 -0.024612
195 -1.967300 -9.854567 -7.722441 2.169515 0.248015 -0.288228
196 21.272705 -0.000017 0.000000 -0.018943 -0.014163 0.009095
197 22.032471 0.000005 -0.000031 0.009460 -0.075559 0.148374
198 22.475685 -0.000009 -0.000031 0.056645 -0.387236 -0.126504
199 22.598701 0.000002 -0.000023 0.041141 -0.113447 -0.406811
200 22.407978 -0.000001 -0.000023 0.078621 0.122576 0.021086
201 -1.972580 -12.875611 -3.614563 1.834776 0.155535 -0.385653
202 20.655167 0.000009 -0.000023 -0.007359 -0.015934 0.005929
203 21.762276 -0.000007 -0.000008 0.016489 -0.034266 0.129147
204 22.392159 -0.000009 -0.000038 0.072471 -0.266879 -0.207893
205 22.541348 -0.000005 -0.000031 0.010268 -0.021134 -0.469617
206 22.217501 0.000017 -0.000015 0.071200 0.089876 0.065825
207 0.059621 0.456168 0.250107 0.000000 -0.000000 0.000000
208 0.059621 0.456168 0.250107 0.000000 -0.000000 0.000000
time 2
  0 0.059621 0.456168 0.250107 0.000000 -0.000000 0.000000
  1 0.059621 0.456168 0.250107 0.000000 -0.000000 0.000000
  2 0.059621 0.456168 0.250107 0.000000 -0.000000 0.000000
  3 0.059621 0.456168 0.250107 0.000000 -0.000000 0.000000
  4 0.059621 0.456168 0.250107 0.000000 -0.000000 0.000000
  5 0.059621 0.456168 0.250107 0.000000 -0.000000 0.000000
  6 0.059621 0.456168 0.250107 0.000000 -0.000000 0.000000
  7 0.059621 0.456168 0.250107 0.000000 -0.000000 0.000000
  8 0.059621 0.456168 0.250107 0.000000 -0.000000 0.000000
  9 0.059621 0.456168 0.250107 0.000000 -0.000000 0.000000
 10 110.593658 63.915012 159.587402 -1.374137 -0.014751 -0.890070
 11 24.668251 0.000000 -0.000046 0.972000 0.377547 -0.152597
 12 30.380144 -0.000031 0.000015 1.532843 0.207318 -0.219628
 13 19.902090 -0.000031 0.000023 0.127799 -0.155787 0.460207
 14 -113.606812 13.917153 176.962799 1.206094 -0.050366 1.824091
 15 35.349506 0.000015 0.000023 -1.400187 -0.339714 0.302029
 16 37.124336 -0.000023 -0.000015 -2.552142 -1.111750 0.290209
 17 0.059621 0.456168 0.250107 0.043395 -0.003494 -0.105038
 18 0.059621 -2.875206 104.400574 1.556386 1.570796 0.000000
 19 -65.799545 -0.000020 1.142856 -0.000000 0.000515 3.141077
 20 11.181580 0.005760 -0.002411 -0.279918 -0.130190 -0.009428
 21 27.835190 0.000003 -0.000008 3.116831 -0.119419 0.004883
 22 5.330368 -0.000001 0.000004 -3.069864 -0.172159 -0.007764
 23 10.134903 -4.133393 3.834193 -0.676994 -1.171612 -2.502524
 24 10.134872 4.133400 3.834196 0.677009 -1.171607 2.502511
 25 22.592361 0.000012 17.467102 -0.000010 2.956431 0.000000
 26 21.199966 -7.744007 14.169508 -0.644457 -0.154503 -3.025319
 27 18.142014 -13.440226 7.965761 1.228366 -0.180197 3.082644
 28 21.199966 7.744025 14.169487 0.644460 -0.154503 3.025318
 29 18.141983 13.440242 7.965767 -0.316157 -0.180196 -3.082644
 30 11.858856 -13.360000 3.526505 1.542249 3.132957 0.174415
 31 9.463272 -16.404869 -2.906052 1.542282 3.132901 0.176490
 32 9.125259 -10.885475 -11.371334 0.000496 2.962373 0.000256
 33 11.858856 13.360007 3.526469 -1.542248 3.132957 -0.174414
 34 9.463272 16.404869 -2.906028 -1.542281 3.132900 -0.176490
 35 9.125275 10.885472 -11.371309 -0.000492 2.962373 0.000256
 36 9.023239 -0.000004 -17.296183 0.000180 -0.167048 -3.141356
 37 12.691406 -0.000004 -19.438772 -0.338465 2.234913 -0.405253
 38 10.989403 0.000004 0.000000 0.027234 -0.180461 -0.121075
 39 12.871475 -10.586843 -15.652481 0.812362 2.398401 0.429493
 40 10.727005 0.000004 -0.000031 0.006709 -0.190555 -0.070277
 41 12.871475 10.586842 -15.652479 -1.046020 2.592249 -0.852143
 42 10.726982 -0.000022 0.000015 0.049431 -0.169990 -0.151506
 43 12.847214 -17.570084 -4.701348 1.198046 2.472007 0.813330
 44 11.496506 0.000000 -0.000031 -0.036255 -0.151944 -0.032098
 45 12.847183 17.570084 -4.701364 -1.252746 2.796243 -0.968364
 46 11.496460 0.000004 0.000000 0.074178 -0.113780 -0.177497
 47 28.485931 0.000013 16.460344 -0.000001 -0.039729 0.000000
 48 23.052750 -6.207908 -0.077305 -1.470206 0.035100 -1.833545
 49 9.436909 -0.000008 -0.000015 0.014479 0.098254 0.036234
 50 31.269337 0.000000 -0.000015 -0.006701 -0.563522 0.008666
 51 28.756500 0.000004 0.000000 -0.001117 0.032665 0.001416
 52 2.251984 -2.464409 -1.141632 0.481305 0.508197 -0.319329
 53 3.674042 -0.000015 0.000015 -0.277611 0.179024 0.194713
 54 3.614700 0.000008 0.000000 0.013156 0.193871 -0.001558
 55 9.035507 -2.494949 0.484558 -0.001362 0.302449 0.001673
 56 2.943588 0.000004 0.000000 0.010585 0.293657 -0.007800
 57 2.649422 0.000000 -0.000015 -0.006498 0.303243 0.008512
 58 9.093628 -0.386677 0.647720 0.020190 0.475380 -0.012607
 59 3.451881 0.000004 0.000000 -0.014209 0.528778 0.009212
 60 2.898178 0.000000 0.000031 -0.000683 0.490858 0.000916
 61 8.894577 1.605843 0.371902 -0.000566 0.547851 0.000704
 62 3.130402 0.000004 0.000046 0.003896 0.567158 -0.005064
 63 2.629524 0.000000 -0.000046 0.004892 0.544388 -0.006589
 64 8.470619 3.459518 0.131516 -0.021715 0.541478 0.011456
 65 2.410263 0.000004 -0.000046 0.022815 0.529939 -0.013321
 66 2.000793 0.000008 0.000015 -0.005415 0.533618 0.007402
 67 23.052750 6.207913 -0.077324 1.481795 0.050388 2.085505
 68 9.436890 0.000023 0.000000 0.517431 -0.233118 -0.548659
 69 31.269342 0.000004 0.000000 0.524794 -0.492212 0.255867
 70 28.756516 0.000008 0.000008 0.437832 -0.178345 -0.110622
 71 2.251892 2.464401 -1.141567 -0.513217 0.249535 0.112914
 72 3.674103 0.000000 0.000000 0.331388 -0.059506 -0.325011
 73 3.614670 0.000000 0.000015 0.067360 -0.216133 -0.086857
 74 9.035431 2.494949 0.484428 0.001362 -0.011534 -0.001673
 75 2.943588 0.000015 -0.000027 -0.011497 -0.020268 0.014556
 76 2.649445 0.000000 0.000031 0.006498 -0.010740 -0.008512
 77 9.093704 0.386673 0.647785 -0.018031 0.093461 0.020165
 78 3.451874 0.000000 0.000000 0.014953 0.008589 -0.019838
 79 2.898209 0.000015 -0.000004 0.000684 -0.029445 -0.000917
 80 8.894424 -1.605865 0.371914 0.000566 0.090541 -0.000704
 81 3.130432 0.000015 -0.000031 -0.003896 -0.009289 0.005063
 82 2.629517 0.000015 0.000015 -0.004892 -0.032059 0.006589
 83 8.470612 -3.459518 0.131393 0.018786 0.137518 -0.020073
 84 2.410278 0.000015 -0.000004 -0.024238 -0.029075 0.031299
 85 2.000748 0.000000 0.000019 0.005415 -0.025697 -0.007402
 86 9.832367 1.463074 -1.299431 0.016523 -0.031798 -0.020624
 87 25.040588 -5.670402 5.432775 -1.312160 -0.224887 -2.136065
 88 28.779694 -6.856307 -0.811447 -1.466235 0.019064 -1.725377
 89 29.182312 -3.955564 -4.961985 0.881869 2.552753 0.503940
 90 25.040558 5.670413 5.432735 1.296833 -0.398765 2.185823
 91 28.779739 6.856314 -0.811424 1.466235 0.019065 1.725381
 92 29.182281 3.955568 -4.961964 -0.881870 2.552752 -0.503941
 93 -65.335663 -0.000020 1.140919 -3.141591 0.044911 0.000000
 94 26.290909 -12.205290 1.157884 -2.071447 -0.017454 0.065112
 95 49.071022 0.000006 0.000008 2.179705 0.127556 -0.112856
 96 61.871315 -0.000016 -0.000017 3.080256 0.672597 0.035641
 97 26.290924 12.205296 1.157843 2.044502 0.127786 -0.159169
 98 49.071060 0.000005 -0.000036 -2.187262 0.154733 0.063501
 99 61.871307 0.000022 -0.000023 -2.944714 0.642381 0.102744
100 -0.698074 -11.192116 -8.252765 1.223212 -0.420668 -0.706928
101 20.568237 -0.000005 -0.000008 0.037590 0.088312 -0.155145
102 0.223785 -5.734811 -12.929607 2.881841 0.481000 -0.511346
103 20.803581 -0.000015 -0.000031 0.088090 -0.059793 -0.045098
104 -1.040024 -3.033968 12.140512 1.582327 0.109991 -1.285281
105 -1.040009 3.034005 12.140501 -1.537298 0.097057 1.291374
106 4.165436 -5.407045 12.088392 0.746033 -0.942210 -0.352336
107 16.599438 -0.000008 -0.000015 -0.018207 -0.058360 0.041643
108 4.165482 5.407081 12.088383 -0.827218 -0.641403 0.624451
109 16.599388 0.000006 -0.000031 0.073396 -0.058126 -0.051363
110 6.428391 0.000001 -0.288943 -0.000001 -0.000000 -0.000000
111 -1.833786 -13.936461 1.224505 1.580174 0.042132 -0.418004
112 20.406952 -0.000002 -0.000015 0.027269 -0.013639 -0.001154
113 21.655495 -0.000003 -0.000015 0.020673 0.011988 0.177151
114 22.360680 -0.000008 -0.000031 0.062901 -0.142827 -0.225844
115 22.519669 -0.000006 -0.000015 -0.021842 0.035100 -0.496417
116 22.140404 0.000006 -0.000023 0.050566 0.038148 0.093947
117 -1.699219 -12.875612 4.918509 1.144367 -0.147505 -0.380178
118 20.938614 0.000013 0.000008 0.062476 -0.011500 -0.016527
119 21.993622 -0.000006 -0.000053 0.031302 0.031457 0.156499
120 22.563789 -0.000023 0.000008 0.044421 0.053588 -0.207646
121 22.643364 0.000000 -0.000023 -0.061566 0.174088 -0.471489
122 22.238052 0.000010 -0.000011 0.014982 -0.053071 0.104569
123 -1.634369 -9.854566 8.052345 0.742751 -0.292429 -0.281878
124 22.205284 0.000002 -0.000015 0.071098 -0.006513 -0.020838
125 22.804382 -0.000004 -0.000046 0.029829 0.043513 0.153739
126 23.051666 -0.000002 0.000000 0.029080 0.196289 -0.088305
127 22.939987 -0.000002 -0.000015 -0.064681 0.283358 -0.378571
128 22.472073 0.000006 0.000015 0.010111 -0.134446 0.083042
129 -1.616165 -5.333254 10.147439 0.322303 -0.352363 -0.077251
130 23.451309 -0.000003 -0.000015 0.055167 -0.003900 -0.014189
131 23.608025 -0.000007 -0.000031 -0.015187 0.613086 -0.085192
132 23.536232 -0.000003 -0.000010 0.026994 0.136946 -0.044894
133 23.233978 0.000000 0.000031 -0.071715 -0.515048 0.237068
134 22.703686 -0.000002 -0.000013 0.029924 -0.189104 0.028075
135 -1.614532 -0.000000 10.883350 0.028831 -0.404337 -0.002547
136 23.962120 0.000001 -0.000031 0.027697 -0.003945 -0.002280
137 23.938965 -0.000003 0.000008 -0.002815 0.050541 0.165476
138 23.736023 -0.000013 -0.000023 0.016650 0.234624 0.248146
139 23.354977 -0.000011 -0.000015 0.023412 0.292596 -0.037669
140 22.798946 -0.000027 0.000004 0.056385 -0.211928 -0.040697
141 -1.616150 5.333251 10.147423 -0.319372 -0.379868 0.144586
142 23.451309 -0.000008 0.000000 -0.000001 -0.005994 0.009406
143 23.608025 -0.000002 -0.000038 -0.022170 0.049177 0.169336
144 23.536255 -0.000008 -0.000008 -0.008376 0.172552 0.396389
145 23.233971 -0.000042 -0.000015 0.058230 0.218091 0.169845
146 22.703671 -0.000019 0.000008 0.079415 -0.203576 -0.109343
147 -1.634369 9.854565 8.052345 -0.688108 -0.298681 0.279890
148 22.205261 0.000001 0.000000 -0.016662 -0.010545 0.015296
149 22.804451 0.000002 -0.000069 -0.035146 0.047252 0.166219
150 23.051636 -0.000015 0.000000 -0.049244 0.084409 0.504289
151 22.939972 -0.000023 -0.000015 0.061960 0.136291 0.330743
152 22.472063 -0.000023 -0.000023 0.088245 -0.163234 -0.185373
153 -1.699234 12.875607 4.918525 -1.092190 -0.155945 0.381649
154 20.938599 0.000017 -0.000008 -0.009339 -0.016960 0.009485
155 21.993599 -0.000008 -0.000061 -0.036266 0.045857 0.156319
156 22.563797 -0.000006 -0.000015 -0.102257 -0.023695 0.567666
157 22.643356 -0.000019 -0.000031 0.035314 0.051517 0.410312
158 22.238022 -0.000027 -0.000015 0.057685 -0.098354 -0.229269
159 -1.833801 13.936458 1.224504 -1.529167 0.032884 0.423524
160 20.406975 0.000004 -0.000038 0.023982 -0.019457 -0.008105
161 21.655510 0.000007 -0.000015 -0.024523 0.051861 0.146941
162 22.360649 -0.000002 -0.000023 -0.179212 -0.203024 0.585173
163 22.519665 0.000004 -0.000015 -0.004436 -0.083804 0.411591
164 22.140368 0.000004 0.000000 -0.013820 -0.022675 -0.214682
165 -1.972595 12.875608 -3.614555 -1.803567 0.147345 0.390426
166 20.655159 0.000006 -0.000015 0.038129 -0.018343 -0.015100
167 21.762260 0.000003 -0.000015 -0.021901 0.062445 0.152275
168 22.392159 0.000008 -0.000015 -0.190476 -0.207657 0.578439
169 22.541348 0.000008 -0.000023 -0.070867 -0.117202 0.382766
170 22.217499 -0.000008 -0.000008 -0.075949 0.023940 -0.204434
171 -1.967316 9.854567 -7.722432 -2.137274 0.240661 0.294605
172 21.272720 0.000004 -0.000008 0.049274 -0.015142 -0.018734
173 22.032509 0.000023 -0.000053 -0.015997 0.067239 0.162247
174 22.475670 -0.000004 -0.000015 -0.214562 -0.295595 0.540549
175 22.598709 -0.000011 -0.000008 -0.106210 -0.204141 0.312426
176 22.407969 0.000004 -0.000015 -0.093593 0.068594 -0.156920
177 -1.900864 5.333253 -10.470077 -2.575460 0.299412 0.159354
178 21.914307 0.000006 -0.000019 0.047605 -0.008495 -0.016126
179 22.319839 -0.000010 0.000000 -0.008212 0.055010 0.177325
180 22.569618 -0.000011 -0.000008 -0.208068 -0.412727 0.445231
181 22.663212 -0.000011 -0.000023 -0.099042 -0.293589 0.180379
182 22.604507 -0.000019 -0.000031 -0.074489 0.103756 -0.121074
183 -1.865601 -0.000002 -11.435440 -3.114330 0.320503 0.007028
184 22.186661 -0.000004 -0.000004 0.023718 -0.003622 -0.006847
185 22.443703 -0.000002 -0.000015 0.000196 0.026417 0.191495
186 22.611549 -0.000017 -0.000015 -0.129034 -0.509576 0.259282
187 22.692001 -0.000011 -0.000008 -0.028567 -0.340004 -0.015730
188 22.687634 -0.000013 -0.000008 -0.018968 0.129513 -0.088652
189 -1.900864 -5.333257 -10.470071 2.629360 0.303695 -0.146382
190 21.914337 0.000009 -0.000008 0.000347 -0.005833 0.003021
191 22.319832 -0.000020 -0.000004 0.007786 -0.001832 0.196611
192 22.569626 -0.000002 -0.000027 -0.011775 -0.502466 0.040454
193 22.663223 -0.000032 -0.000015 0.041968 -0.296341 -0.227622
194 22.604507 -0.000002 -0.000023 0.053132 0.136653 -0.025785
195 -1.967300 -9.854566 -7.722440 2.189846 0.247875 -0.284025
196 21.272705 -0.000016 0.000000 -0.000363 -0.010660 0.006848
197 22.032486 0.000004 -0.000023 0.013992 -0.015125 0.196775
198 22.475693 -0.000010 -0.000031 0.053022 -0.408485 -0.104916
199 22.598705 0.000002 -0.000023 0.053717 -0.185174 -0.380718
200 22.407982 -0.000006 -0.000023 0.095128 0.125335 0.019457
201 -1.972580 -12.875610 -3.614562 1.854984 0.156105 -0.382436
202 20.655167 0.000008 -0.000015 0.011887 -0.012884 0.004502
203 21.762283 -0.000008 -0.000015 0.018856 -0.006927 0.189093
204 22.392166 -0.000010 -0.000031 0.070176 -0.281403 -0.184817
205 22.541328 -0.000006 -0.000023 0.022589 -0.069820 -0.462678
206 22.217503 0.000010 -0.000015 0.089401 0.092303 0.063535
207 0.059621 0.456168 0.250107 0.000000 -0.000000 0.000000
208 0.059621 0.456168 0.250107 0.000000 -0.000000 0.000000
time 3
  0 0.059621 0.456168 0.250107 0.000000 -0.000000 0.000000
  1 0.059621 0.456168 0.250107 0.000000 -0.000000 0.000000
  2 0.059621 0.456168 0.250107 0.000000 -0.000000 0.000000
  3 0.059621 0.456168 0.250107 0.000000 -0.000000 0.000000
  4 0.059621 0.456168 0.250107 0.000000 -0.000000 0.000000
  5 0.059621 0.456168 0.250107 0.000000 -0.000000 0.000000
  6 0.059621 0.456168 0.250107 0.000000 -0.000000 0.000000
  7 0.059621 0.456168 0.250107 0.000000 -0.000000 0.000000
  8 0.059621 0.456168 0.250107 0.000000 -0.000000 0.000000
  9 0.059621 0.456168 0.250107 0.000000 -0.000000 0.000000
 10 97.554596 76.821106 163.635605 -1.374137 -0.014751 -0.722514
 11 24.668243 0.000015 -0.000031 0.988192 0.377650 -0.075092
 12 30.380150 -0.000015 -0.000031 1.544045 0.209233 -0.167645
 13 19.902090 -0.000015 0.000015 0.094956 -0.009284 0.290296
 14 -107.650002 -9.570319 177.936493 1.246341 -0.033458 2.007350
 15 35.349514 0.000000 0.000011 -1.366236 -0.390130 0.168868
 16 37.124321 -0.000023 -0.000015 -2.428396 -1.056047 0.224303
 17 0.059621 0.456168 0.250107 0.045146 -0.003635 -0.109277
 18 0.059621 -6.611104 104.400574 1.540225 1.570796 0.000000
 19 -65.799545 -0.000020 1.142856 -0.000000 0.000515 3.141077
 20 11.181580 0.005761 -0.002411 -0.239573 -0.123164 -0.020841
 21 27.835175 0.000005 -0.000006 3.088410 -0.107394 0.010488
 22 5.330399 -0.000001 0.000000 -3.069864 -0.172159 -0.007764
 23 10.134888 -4.133391 3.834194 -0.675086 -1.170695 -2.504580
 24 10.134888 4.133401 3.834194 0.675101 -1.170690 2.504567
 25 22.592361 0.000015 17.467096 -0.000010 2.956431 0.000000
 26 21.199982 -7.744003 14.169504 -0.644457 -0.154503 -3.025319
 27 18.142014 -13.440224 7.965763 1.228366 -0.180197 3.082644
 28 21.199951 7.744025 14.169487 0.644460 -0.154503 3.025318
 29 18.141998 13.440238 7.965765 -0.316157 -0.180196 -3.082644
 30 11.858871 -13.359997 3.526505 1.542249 3.132957 0.174415
 31 9.463272 -16.404865 -2.906051 1.542282 3.132901 0.176490
 32 9.125244 -10.885473 -11.371328 0.000496 2.962373 0.000256
 33 11.858856 13.360005 3.526467 -1.542248 3.132957 -0.174414
 34 9.463272 16.404865 -2.906026 -1.542281 3.132900 -0.176490
 35 9.125275 10.885472 -11.371307 -0.000492 2.962373 0.000256
 36 9.023224 -0.000004 -17.296175 0.000180 -0.167048 -3.141356
 37 12.691406 -0.000002 -19.438768 -0.336198 2.076075 -0.384588
 38 10.989403 0.000000 -0.000031 0.052523 -0.187327 -0.233502
 39 12.871460 -10.586841 -15.652475 0.832191 2.256594 0.487925
 40 10.727005 0.000000 -0.000031 0.054489 -0.196988 -0.158383
 41 12.871460 10.586841 -15.652473 -1.064720 2.390742 -0.870039
 42 10.726974 -0.000020 0.000000 0.052753 -0.162699 -0.268518
 43 12.847198 -17.570082 -4.701346 1.190888 2.361036 0.816475
 44 11.496498 0.000000 -0.000015 0.014078 -0.159620 -0.112972
 45 12.847198 17.570084 -4.701363 -1.263152 2.573287 -0.987948
 46 11.496468 0.000003 -0.000015 0.059061 -0.091500 -0.289964
 47 28.485947 0.000016 16.460340 -0.000001 -0.039729 0.000000
 48 23.052750 -6.207909 -0.077304 -1.470206 0.035100 -1.833545
 49 9.436905 -0.000004 -0.000031 0.018569 0.095619 0.072530
 50 31.269333 -0.000004 0.000000 -0.006701 -0.563522 0.008666
 51 28.756500 0.000008 0.000015 -0.001117 0.032665 0.001416
 52 2.251991 -2.464409 -1.141632 0.481305 0.508197 -0.319329
 53 3.674034 -0.000031 0.000015 -0.277611 0.179024 0.194713
 54 3.614685 0.000015 0.000000 0.013156 0.193871 -0.001558
 55 9.035507 -2.494946 0.484558 -0.001362 0.302449 0.001673
 56 2.943577 0.000004 -0.000015 0.010585 0.293657 -0.007800
 57 2.649429 0.000000 0.000015 -0.006498 0.303243 0.008512
 58 9.093628 -0.386673 0.647705 0.020190 0.475380 -0.012607
 59 3.451878 0.000000 0.000000 -0.014209 0.528778 0.009212
 60 2.898170 0.000000 0.000031 -0.000683 0.490858 0.000916
 61 8.894585 1.605850 0.371902 -0.000566 0.547851 0.000704
 62 3.130417 0.000004 0.000031 0.003896 0.567158 -0.005064
 63 2.629517 0.000000 -0.000046 0.004892 0.544388 -0.006589
 64 8.470627 3.459526 0.131516 -0.021715 0.541478 0.011456
 65 2.410263 0.000000 -0.000061 0.022815 0.529939 -0.013321
 66 2.000778 0.000000 0.000000 -0.005415 0.533618 0.007402
 67 23.052750 6.207915 -0.077325 1.481763 0.040912 2.087691
 68 9.436897 0.000027 -0.000015 0.466389 -0.377416 -0.516100
 69 31.269335 0.000000 -0.000015 0.385701 -0.395584 0.155057
 70 28.756500 -0.000008 0.000000 0.583478 -0.155617 -0.103719
 71 2.251892 2.464401 -1.141556 -0.513217 0.249535 0.112914
 72 3.674103 0.000008 -0.000031 0.331388 -0.059506 -0.325011
 73 3.614685 0.000000 0.000031 0.067360 -0.216133 -0.086857
 74 9.035416 2.494949 0.484432 0.001362 -0.011534 -0.001673
 75 2.943573 0.000015 -0.000027 -0.011497 -0.020268 0.014556
 76 2.649445 0.000000 0.000027 0.006498 -0.010740 -0.008512
 77 9.093689 0.386673 0.647781 -0.018031 0.093461 0.020165
 78 3.451859 -0.000015 0.000008 0.014953 0.008589 -0.019838
 79 2.898193 0.000000 -0.000023 0.000684 -0.029445 -0.000917
 80 8.894409 -1.605850 0.371925 0.000566 0.090541 -0.000704
 81 3.130447 -0.000015 -0.000038 -0.003896 -0.009289 0.005063
 82 2.629517 0.000000 0.000015 -0.004892 -0.032059 0.006589
 83 8.470596 -3.459534 0.131409 0.018786 0.137518 -0.020073
 84 2.410278 0.000000 0.000000 -0.024238 -0.029075 0.031299
 85 2.000763 0.000015 0.000015 0.005415 -0.025697 -0.007402
 86 9.832352 1.463058 -1.299423 0.016523 -0.031798 -0.020624
 87 25.040573 -5.670402 5.432775 -1.312160 -0.224887 -2.136065
 88 28.779709 -6.856308 -0.811445 -1.466235 0.019064 -1.725377
 89 29.182297 -3.955562 -4.961983 0.881869 2.552753 0.503939
 90 25.040573 5.670413 5.432734 1.296833 -0.398765 2.185823
 91 28.779739 6.856316 -0.811425 1.466235 0.019065 1.725381
 92 29.182297 3.955569 -4.961964 -0.881870 2.552752 -0.503940
 93 -65.335663 -0.000020 1.140919 -3.141591 0.044911 0.000000
 94 26.290909 -12.205289 1.157882 -2.071447 -0.017454 0.065112
 95 49.071030 0.000007 0.000008 2.179705 0.127556 -0.112856
 96 61.871315 -0.000014 -0.000019 3.080256 0.672597 0.035641
 97 26.290924 12.205297 1.157842 2.044502 0.127786 -0.159169
 98 49.071060 0.000001 -0.000034 -2.187262 0.154733 0.063501
 99 61.871304 0.000023 -0.000026 -2.944714 0.642381 0.102744
100 -0.698074 -11.192117 -8.252764 1.222510 -0.527296 -0.705449
101 20.568237 -0.000006 -0.000015 0.065572 0.091570 -0.157812
102 0.223785 -5.734810 -12.929604 2.901279 0.358542 -0.478139
103 20.803574 -0.000023 -0.000023 0.110331 -0.055710 -0.053642
104 -1.040009 -3.033968 12.140511 1.610832 0.115862 -1.281486
105 -1.039993 3.034005 12.140501 -1.519647 0.088835 1.294218
106 4.165436 -5.407045 12.088390 0.831048 -1.036266 -0.461465
107 16.599442 -0.000004 -0.000015 0.012158 -0.060607 0.037969
108 4.165482 5.407082 12.088381 -0.801650 -0.651479 0.623653
109 16.599380 0.000008 -0.000031 0.099420 -0.064116 -0.057949
110 6.428391 0.000001 -0.288944 -0.000001 0.000000 0.000000
111 -1.833786 -13.936463 1.224505 1.608594 0.043372 -0.414741
112 20.406944 -0.000003 -0.000023 0.055220 -0.010053 -0.002410
113 21.655502 -0.000005 -0.000008 0.021891 0.011705 0.262541
114 22.360672 -0.000011 -0.000023 0.060760 -0.153674 -0.201348
115 22.519665 -0.000008 -0.000015 -0.015350 0.011051 -0.506138
116 22.140396 -0.000007 -0.000015 0.078412 0.040827 0.089109
117 -1.699219 -12.875613 4.918510 1.173049 -0.146656 -0.379401
118 20.938606 0.000012 0.000000 0.091170 -0.009896 -0.016987
119 21.993614 -0.000008 -0.000046 0.027581 -0.020350 0.226287
120 22.563789 -0.000021 0.000000 0.044985 0.034636 -0.184294
121 22.643356 -0.000003 -0.000031 -0.069025 0.202284 -0.479650
122 22.238060 0.000011 -0.000023 0.045035 -0.048029 0.097860
123 -1.634354 -9.854568 8.052347 0.772143 -0.292792 -0.283097
124 22.205299 0.000002 -0.000031 0.100060 -0.006961 -0.021475
125 22.804382 -0.000004 -0.000031 0.023613 -0.044389 0.189193
126 23.051659 -0.000004 0.000000 0.030371 0.168382 -0.075070
127 22.939991 -0.000006 -0.000023 -0.075965 0.354441 -0.360303
128 22.472073 0.000002 0.000011 0.040800 -0.126078 0.076514
129 -1.616165 -5.333254 10.147440 0.330374 -0.474610 -0.104432
130 23.451309 -0.000003 -0.000023 0.083995 -0.006087 -0.015592
131 23.608025 -0.000008 -0.000031 -0.019598 0.608804 -0.101748
132 23.536240 -0.000005 -0.000011 0.025503 0.261587 -0.077930
133 23.233978 -0.000001 0.000027 -0.026086 -0.266014 0.150737
134 22.703690 -0.000002 -0.000010 0.059772 -0.178937 0.021969
135 -1.614532 -0.000000 10.883352 0.058383 -0.408143 -0.005322
136 23.962128 0.000000 -0.000031 0.056086 -0.007482 -0.004763
137 23.938957 -0.000004 0.000008 -0.008240 -0.062174 0.120224
138 23.736046 -0.000011 -0.000023 0.015033 0.215640 0.230884
139 23.354988 -0.000015 -0.000015 0.038390 0.403641 0.056873
140 22.798950 -0.000038 0.000000 0.084516 -0.200931 -0.046458
141 -1.616150 5.333251 10.147425 -0.290958 -0.385451 0.142347
142 23.451309 -0.000008 0.000008 0.027717 -0.010461 0.005599
143 23.608025 -0.000004 -0.000031 -0.025873 -0.058028 0.084696
144 23.536247 -0.000006 -0.000015 -0.007919 0.165193 0.372909
145 23.233978 -0.000038 -0.000015 0.084704 0.322016 0.285576
146 22.703671 -0.000004 0.000008 0.105369 -0.192880 -0.114022
147 -1.634369 9.854564 8.052346 -0.661489 -0.305854 0.278942
148 22.205261 0.000001 0.000000 0.010171 -0.015386 0.009895
149 22.804459 0.000002 -0.000069 -0.037197 -0.041698 0.044272
150 23.051636 -0.000010 -0.000008 -0.046229 0.086404 0.485611
151 22.939980 -0.000023 -0.000015 0.088056 0.214684 0.456721
152 22.472071 -0.000023 -0.000023 0.111992 -0.153833 -0.189035
153 -1.699234 12.875607 4.918525 -1.067391 -0.164291 0.382475
154 20.938614 0.000016 0.000000 0.016434 -0.021302 0.002275
155 21.993591 -0.000008 -0.000053 -0.037785 -0.008325 0.004410
156 22.563812 0.000000 -0.000023 -0.099425 -0.017703 0.564175
157 22.643364 -0.000023 -0.000031 0.049721 0.095596 0.544103
158 22.238028 -0.000031 -0.000015 0.080137 -0.091201 -0.232432
159 -1.833801 13.936458 1.224505 -1.505305 0.024049 0.426273
160 20.406967 0.000005 -0.000046 0.048564 -0.022208 -0.016933
161 21.655518 0.000007 -0.000015 -0.027571 0.046486 -0.017491
162 22.360657 0.000004 -0.000031 -0.184559 -0.204389 0.602336
163 22.519672 0.000004 -0.000038 -0.016469 -0.080272 0.547144
164 22.140383 -0.000004 -0.000008 0.008218 -0.018232 -0.217873
165 -1.972595 12.875608 -3.614556 -1.779437 0.138652 0.394342
166 20.655174 0.000008 -0.000023 0.062186 -0.019751 -0.024521
167 21.762253 0.000006 -0.000023 -0.026233 0.088519 -0.007127
168 22.392159 0.000010 -0.000015 -0.196836 -0.207140 0.607273
169 22.541340 0.000011 -0.000015 -0.083031 -0.121776 0.521429
170 22.217497 0.000000 0.000000 -0.053818 0.027077 -0.207702
171 -1.967316 9.854567 -7.722433 -2.112133 0.232595 0.299876
172 21.272720 0.000004 -0.000008 0.073140 -0.014812 -0.028340
173 22.032516 0.000023 -0.000046 -0.019502 0.129802 0.022369
174 22.475670 0.000003 -0.000008 -0.226127 -0.299744 0.577816
175 22.598728 -0.000011 -0.000015 -0.128783 -0.227562 0.449049
176 22.407974 0.000000 -0.000015 -0.071366 0.070953 -0.160191
177 -1.900864 5.333252 -10.470079 -2.548869 0.292730 0.166081
178 21.914337 0.000009 -0.000023 0.071527 -0.006043 -0.025204
179 22.319824 -0.000008 0.000000 -0.006509 0.157439 0.079724
180 22.569626 -0.000006 -0.000004 -0.223917 -0.423940 0.485399
181 22.663216 -0.000008 -0.000015 -0.129056 -0.345112 0.306452
182 22.604517 -0.000015 -0.000031 -0.052518 0.106036 -0.124106
183 -1.865585 -0.000002 -11.435444 -3.086386 0.316061 0.014684
184 22.186691 -0.000003 -0.000008 0.048029 0.000794 -0.014305
185 22.443718 -0.000002 -0.000011 0.009998 0.151418 0.161602
186 22.611534 -0.000013 -0.000011 -0.143846 -0.526829 0.293971
187 22.692009 -0.000011 0.000000 -0.051004 -0.421200 0.080425
188 22.687637 -0.000011 -0.000015 0.002665 0.131898 -0.091327
189 -1.900848 -5.333257 -10.470074 2.658017 0.301678 -0.138980
190 21.914352 0.000007 -0.000015 0.025577 -0.000481 -0.002177
191 22.319824 -0.000023 0.000000 0.020456 0.108156 0.231337
192 22.569626 -0.000010 -0.000023 -0.020359 -0.519482 0.065424
193 22.663219 -0.000038 0.000000 0.040766 -0.389510 -0.175846
194 22.604511 -0.000008 -0.000015 0.075201 0.139097 -0.027695
195 -1.967300 -9.854566 -7.722442 2.218590 0.247666 -0.277771
196 21.272736 -0.000019 0.000000 0.025905 -0.005447 0.003507
197 22.032478 -0.000000 -0.000015 0.023518 0.059717 0.266916
198 22.475700 -0.000010 -0.000031 0.048153 -0.421615 -0.083581
199 22.598709 -0.000004 -0.000023 0.066405 -0.268525 -0.361775
200 22.407978 -0.000004 -0.000015 0.118466 0.127867 0.016969
201 -1.972580 -12.875612 -3.614563 1.883555 0.156953 -0.377648
202 20.655174 0.000006 -0.000023 0.039096 -0.008347 0.002380
203 21.762276 -0.000010 -0.000008 0.023967 0.029845 0.272731
204 22.392159 -0.000013 -0.000023 0.066806 -0.291437 -0.162751
205 22.541336 -0.000013 -0.000023 0.036200 -0.127682 -0.462405
206 22.217503 0.000007 -0.000023 0.114892 0.094953 0.060165
207 0.059621 0.456168 0.250107 0.000000 -0.000000 0.000000
208 0.059621 0.456168 0.250107 0.000000 -0.000000 0.000000
time 4
  0 0.059621 0.456168 0.250107 0.000000 -0.000000 0.000000
  1 0.059621 0.456168 0.250107 0.000000 -0.000000 0.000000
  2 0.059621 0.456168 0.250107 0.000000 -0.000000 0.000000
  3 0.059621 0.456168 0.250107 0.000000 -0.000000 0.000000
  4 0.059621 0.456168 0.250107 0.000000 -0.000000 0.000000
  5 0.059621 0.456168 0.250107 0.000000 -0.000000 0.000000
  6 0.059621 0.456168 0.250107 0.000000 -0.000000 0.000000
  7 0.059621 0.456168 0.250107 0.000000 -0.000000 0.000000
  8 0.059621 0.456168 0.250107 0.000000 -0.000000 0.000000
  9 0.059621 0.456168 0.250107 0.000000 -0.000000 0.000000
 10 79.848732 83.287025 167.917999 -1.374137 -0.014751 -0.545119
 11 24.668253 0.000015 -0.000046 0.995399 0.314621 -0.016102
 12 30.380136 -0.000019 -0.000031 1.538903 0.241873 -0.152016
 13 19.902088 -0.000031 0.000023 0.059171 0.150339 0.105169
 14 -99.569618 -37.078213 179.150513 1.286605 -0.012377 2.215181
 15 35.349510 0.000000 0.000019 -1.333714 -0.480035 0.096367
 16 37.124332 -0.000008 -0.000031 -2.268917 -0.984260 0.150491
 17 0.059621 0.456168 0.250107 0.046859 -0.003773 -0.113423
 18 0.059621 -11.346416 104.400574 1.519742 1.570796 0.000000
 19 -65.799545 -0.000020 1.142856 -0.000000 0.000515 3.141077
 20 11.181564 0.005761 -0.002410 -0.187246 -0.114051 -0.035643
 21 27.835190 0.000005 -0.000008 3.051548 -0.091797 0.017757
 22 5.330383 -0.000002 0.000006 -3.069864 -0.172159 -0.007764
 23 10.134888 -4.133391 3.834196 -0.673499 -1.169928 -2.506289
 24 10.134888 4.133400 3.834194 0.673514 -1.169923 2.506276
 25 22.592361 0.000014 17.467100 -0.000010 2.956431 0.000000
 26 21.199982 -7.744005 14.169504 -0.644457 -0.154503 -3.025319
 27 18.142014 -13.440226 7.965763 1.228366 -0.180197 3.082644
 28 21.199951 7.744027 14.169487 0.644460 -0.154503 3.025318
 29 18.142014 13.440241 7.965767 -0.316157 -0.180196 -3.082644
 30 11.858856 -13.359997 3.526505 1.542249 3.132957 0.174415
 31 9.463272 -16.404867 -2.906049 1.542282 3.132901 0.176490
 32 9.125259 -10.885475 -11.371329 0.000496 2.962373 0.000256
 33 11.858841 13.360006 3.526468 -1.542248 3.132957 -0.174414
 34 9.463257 16.404867 -2.906026 -1.542281 3.132900 -0.176490
 35 9.125275 10.885473 -11.371306 -0.000492 2.962373 0.000256
 36 9.023239 -0.000003 -17.296173 0.000180 -0.167048 -3.141356
 37 12.691422 -0.000003 -19.438766 -0.323925 1.944381 -0.357311
 38 10.989407 0.000002 -0.000015 0.077812 -0.193245 -0.345929
 39 12.871475 -10.586842 -15.652475 0.874741 2.132144 0.565737
 40 10.727005 0.000004 -0.000015 0.102269 -0.202491 -0.246489
 41 12.871460 10.586842 -15.652472 -1.088974 2.224605 -0.894048
 42 10.726974 -0.000020 0.000031 0.055896 -0.155408 -0.385389
 43 12.847229 -17.570082 -4.701345 1.191850 2.252950 0.831501
 44 11.496490 0.000000 -0.000031 0.064410 -0.166348 -0.193846
 45 12.847198 17.570086 -4.701362 -1.279253 2.392006 -1.011917
 46 11.496468 0.000004 -0.000031 0.043943 -0.069221 -0.402209
 47 28.485947 0.000015 16.460348 -0.000001 -0.039729 0.000000
 48 23.052795 -6.207908 -0.077307 -1.470206 0.035100 -1.833545
 49 9.436905 -0.000011 -0.000031 0.023701 0.093326 0.119305
 50 31.269325 -0.000008 -0.000015 -0.006701 -0.563522 0.008666
 51 28.756493 0.000008 0.000015 -0.001117 0.032665 0.001416
 52 2.251984 -2.464409 -1.141663 0.481305 0.508197 -0.319329
 53 3.674026 -0.000015 0.000015 -0.277611 0.179024 0.194713
 54 3.614700 0.000008 0.000000 0.013156 0.193871 -0.001558
 55 9.035507 -2.494949 0.484543 -0.001362 0.302449 0.001673
 56 2.943588 0.000000 -0.000015 0.010585 0.293657 -0.007800
 57 2.649445 -0.000004 0.000000 -0.006498 0.303243 0.008512
 58 9.093620 -0.386673 0.647720 0.020190 0.475380 -0.012607
 59 3.451893 0.000000 0.000000 -0.014209 0.528778 0.009212
 60 2.898170 0.000000 0.000031 -0.000683 0.490858 0.000916
 61 8.894569 1.605850 0.371902 -0.000566 0.547851 0.000704
 62 3.130417 0.000000 0.000046 0.003896 0.567158 -0.005064
 63 2.629532 -0.000004 -0.000046 0.004892 0.544388 -0.006589
 64 8.470619 3.459526 0.131500 -0.021715 0.541478 0.011456
 65 2.410271 -0.000004 -0.000046 0.022815 0.529939 -0.013321
 66 2.000793 0.000004 0.000000 -0.005415 0.533618 0.007402
 67 23.052780 6.207915 -0.077325 1.481722 0.028622 2.089593
 68 9.436897 0.000027 -0.000015 0.402594 -0.516794 -0.460880
 69 31.269333 0.000004 0.000000 0.245619 -0.298956 0.054247
 70 28.756516 0.000000 0.000015 0.757338 -0.127520 -0.095185
 71 2.251907 2.464417 -1.141563 -0.513217 0.249535 0.112914
 72 3.674103 0.000008 -0.000015 0.331388 -0.059506 -0.325011
 73 3.614685 0.000015 0.000031 0.067360 -0.216133 -0.086857
 74 9.035431 2.494965 0.484428 0.001362 -0.011534 -0.001673
 75 2.943558 -0.000015 -0.000031 -0.011497 -0.020268 0.014556
 76 2.649445 0.000000 0.000015 0.006498 -0.010740 -0.008512
 77 9.093704 0.386688 0.647785 -0.018031 0.093461 0.020165
 78 3.451874 0.000000 0.000015 0.014953 0.008589 -0.019838
 79 2.898193 0.000015 0.000000 0.000684 -0.029445 -0.000917
 80 8.894440 -1.605820 0.371922 0.000566 0.090541 -0.000704
 81 3.130432 0.000000 -0.000046 -0.003896 -0.009289 0.005063
 82 2.629517 0.000000 0.000031 -0.004892 -0.032059 0.006589
 83 8.470627 -3.459518 0.131393 0.018786 0.137518 -0.020073
 84 2.410294 -0.000015 -0.000008 -0.024238 -0.029075 0.031299
 85 2.000748 0.000000 0.000031 0.005415 -0.025697 -0.007402
 86 9.832367 1.463074 -1.299431 0.016523 -0.031798 -0.020624
 87 25.040604 -5.670401 5.432771 -1.312160 -0.224887 -2.136065
 88 28.779709 -6.856307 -0.811446 -1.466235 0.019064 -1.725377
 89 29.182312 -3.955564 -4.961982 0.881869 2.552753 0.503940
 90 25.040588 5.670413 5.432733 1.296833 -0.398765 2.185823
 91 28.779755 6.856317 -0.811426 1.466235 0.019065 1.725381
 92 29.182297 3.955569 -4.961964 -0.881870 2.552752 -0.503940
 93 -65.335663 -0.000020 1.140919 -3.141591 0.044911 0.000000
 94 26.290909 -12.205288 1.157883 -2.071447 -0.017454 0.065112
 95 49.071030 0.000010 0.000007 2.179705 0.127556 -0.112856
 96 61.871315 -0.000016 -0.000023 3.080256 0.672597 0.035641
 97 26.290924 12.205294 1.157843 2.044502 0.127786 -0.159169
 98 49.071075 0.000003 -0.000036 -2.187262 0.154733 0.063501
 99 61.871300 0.000023 -0.000026 -2.944714 0.642381 0.102744
100 -0.698074 -11.192116 -8.252762 1.223951 -0.626728 -0.708420
101 20.568230 -0.000006 0.000000 0.097649 0.095593 -0.160134
102 0.223785 -5.734810 -12.929602 2.914180 0.218407 -0.454225
103 20.803574 -0.000023 -0.000015 0.135826 -0.050697 -0.064046
104 -1.040009 -3.033968 12.140511 1.643509 0.123081 -1.276821
105 -1.039993 3.034004 12.140501 -1.499413 0.078727 1.297714
106 4.165436 -5.407044 12.088391 0.924394 -1.105424 -0.573308
107 16.599442 -0.000008 -0.000031 0.046946 -0.062295 0.033451
108 4.165482 5.407081 12.088381 -0.772341 -0.662566 0.622671
109 16.599380 0.000008 -0.000031 0.129253 -0.070106 -0.065954
110 6.428391 0.000001 -0.288943 -0.000001 -0.000000 0.000000
111 -1.833786 -13.936462 1.224505 1.641173 0.044895 -0.410730
112 20.406944 -0.000004 -0.000023 0.087261 -0.005643 -0.003955
113 21.655495 -0.000007 -0.000015 0.024083 0.020247 0.353710
114 22.360672 -0.000015 -0.000015 0.055132 -0.161727 -0.162021
115 22.519661 -0.000013 -0.000008 -0.007939 -0.017335 -0.511483
116 22.140396 -0.000008 -0.000031 0.110019 0.044223 0.083456
117 -1.699219 -12.875611 4.918509 1.205929 -0.145613 -0.378445
118 20.938622 0.000010 0.000000 0.124062 -0.007924 -0.017553
119 21.993622 -0.000011 -0.000061 0.020839 -0.061469 0.303687
120 22.563782 -0.000031 0.000000 0.044312 0.005110 -0.148845
121 22.643341 -0.000013 -0.000031 -0.072725 0.215541 -0.482554
122 22.238052 0.000006 -0.000015 0.078955 -0.041997 0.090169
123 -1.634354 -9.854567 8.052346 0.805835 -0.293238 -0.284595
124 22.205292 -0.000001 -0.000031 0.133261 -0.007511 -0.022257
125 22.804390 -0.000010 -0.000046 0.014022 -0.121067 0.235845
126 23.051666 -0.000008 -0.000008 0.031317 0.119755 -0.057713
127 22.939995 -0.000008 -0.000023 -0.081822 0.397850 -0.345283
128 22.472080 0.000001 0.000008 0.075399 -0.116485 0.068732
129 -1.616165 -5.333252 10.147440 0.343800 -0.587139 -0.136135
130 23.451302 -0.000004 -0.000038 0.117042 -0.008776 -0.017317
131 23.608002 -0.000010 -0.000038 -0.017519 0.558153 -0.107312
132 23.536232 -0.000008 -0.000023 0.020771 0.359546 -0.113467
133 23.233978 0.000000 0.000023 -0.003537 -0.023117 0.074071
134 22.703697 0.000001 -0.000007 0.093463 -0.167283 0.014567
135 -1.614532 -0.000000 10.883351 0.092260 -0.412824 -0.008733
136 23.962128 -0.000000 -0.000038 0.088629 -0.011831 -0.007817
137 23.938965 -0.000006 0.000008 -0.010626 -0.167689 0.091757
138 23.736015 -0.000008 -0.000038 0.011125 0.167622 0.194596
139 23.354973 -0.000008 -0.000031 0.054718 0.480178 0.119735
140 22.798935 -0.000031 -0.000011 0.116367 -0.188325 -0.053074
141 -1.616150 5.333251 10.147423 -0.258385 -0.392315 0.139594
142 23.451317 -0.000007 0.000000 0.059490 -0.015954 0.000918
143 23.608017 -0.000004 -0.000046 -0.022805 -0.161957 0.017570
144 23.536240 -0.000001 -0.000015 -0.010152 0.131451 0.317671
145 23.233986 -0.000031 -0.000031 0.112334 0.400288 0.365175
146 22.703678 -0.000008 0.000008 0.134888 -0.180618 -0.119208
147 -1.634369 9.854562 8.052345 -0.630975 -0.314673 0.277777
148 22.205246 0.000001 0.000000 0.040932 -0.021338 0.003254
149 22.804451 0.000000 -0.000076 -0.030173 -0.132339 -0.061542
150 23.051636 -0.000003 -0.000008 -0.043431 0.069393 0.423892
151 22.939980 -0.000027 -0.000015 0.117450 0.279922 0.551689
152 22.472069 -0.000027 -0.000031 0.139159 -0.143057 -0.192770
153 -1.699234 12.875606 4.918526 -1.038963 -0.174552 0.383490
154 20.938614 0.000017 0.000000 0.045978 -0.026642 -0.006590
155 21.993591 -0.000010 -0.000061 -0.031583 -0.069507 -0.135969
156 22.563805 0.000006 -0.000023 -0.091100 -0.019429 0.510686
157 22.643353 -0.000015 -0.000046 0.068603 0.136100 0.657327
158 22.238026 -0.000034 -0.000015 0.105874 -0.083000 -0.235386
159 -1.833786 13.936456 1.224504 -1.477950 0.013187 0.429654
160 20.406944 0.000004 -0.000038 0.076744 -0.025589 -0.027787
161 21.655510 0.000006 -0.000023 -0.029327 0.031015 -0.178928
162 22.360657 0.000004 -0.000023 -0.173504 -0.200076 0.569590
163 22.519665 0.000004 -0.000031 -0.028773 -0.079025 0.675173
164 22.140379 0.000000 0.000000 0.033480 -0.013139 -0.220874
165 -1.972580 12.875607 -3.614555 -1.751775 0.127964 0.399157
166 20.655167 0.000007 -0.000015 0.089764 -0.021483 -0.036105
167 21.762260 0.000004 -0.000015 -0.034651 0.105300 -0.169787
168 22.392159 0.000016 -0.000023 -0.188913 -0.195811 0.591580
169 22.541344 0.000008 -0.000031 -0.096050 -0.125913 0.657942
170 22.217495 -0.000008 -0.000008 -0.028449 0.030673 -0.210738
171 -1.967316 9.854565 -7.722431 -2.083312 0.222678 0.306357
172 21.272713 0.000003 -0.000008 0.100498 -0.014406 -0.040149
173 22.032509 0.000021 -0.000053 -0.032777 0.186847 -0.126441
174 22.475670 0.000003 -0.000011 -0.221694 -0.286664 0.578293
175 22.598713 -0.000015 -0.000015 -0.156000 -0.250524 0.588503
176 22.407970 -0.000004 -0.000023 -0.045887 0.073390 -0.163429
177 -1.900864 5.333253 -10.470075 -2.518386 0.284514 0.174352
178 21.914322 0.000009 -0.000023 0.098951 -0.003027 -0.036366
179 22.319824 -0.000008 -0.000008 -0.016714 0.261150 -0.028747
180 22.569626 -0.000000 0.000004 -0.224395 -0.410692 0.499277
181 22.663204 -0.000008 -0.000023 -0.168618 -0.396559 0.440140
182 22.604504 -0.000019 -0.000038 -0.027332 0.108136 -0.127275
183 -1.865585 -0.000002 -11.435440 -3.054352 0.310600 0.024097
184 22.186676 -0.000003 -0.000008 0.075897 0.006223 -0.023476
185 22.443726 -0.000001 -0.000015 0.015434 0.284111 0.126452
186 22.611549 -0.000011 0.000004 -0.149664 -0.514511 0.317845
187 22.692009 -0.000019 0.000000 -0.085055 -0.504574 0.185977
188 22.687630 -0.000011 -0.000015 0.027464 0.133987 -0.094317
189 -1.900848 -5.333257 -10.470071 2.690867 0.299199 -0.129879
190 21.914352 0.000008 -0.000015 0.054498 0.006099 -0.008567
191 22.319839 -0.000020 -0.000008 0.038081 0.227294 0.267950
192 22.569618 -0.000019 -0.000019 -0.029397 -0.509231 0.095469
193 22.663223 -0.000046 0.000000 0.033364 -0.486583 -0.120177
194 22.604500 -0.000015 -0.000023 0.100499 0.141324 -0.030324
195 -1.967300 -9.854565 -7.722439 2.251540 0.247410 -0.270082
196 21.272720 -0.000019 -0.000008 0.056017 0.000962 -0.000602
197 22.032486 0.000003 -0.000031 0.039691 0.142790 0.341841
198 22.475693 -0.000011 -0.000023 0.038754 -0.414377 -0.049781
199 22.598701 0.000000 -0.000031 0.077425 -0.354181 -0.342657
200 22.407974 -0.000010 -0.000023 0.145218 0.130393 0.013806
201 -1.972580 -12.875609 -3.614561 1.916306 0.157996 -0.371761
202 20.655182 0.000010 -0.000023 0.070288 -0.002768 -0.000230
203 21.762283 -0.000011 -0.000008 0.033320 0.074584 0.361849
204 22.392166 -0.000015 -0.000031 0.058720 -0.289536 -0.126083
205 22.541340 -0.000015 -0.000023 0.049568 -0.187026 -0.460824
206 22.217503 0.000000 -0.000031 0.143996 0.097878 0.056079
207 0.059621 0.456168 0.250107 0.000000 -0.000000 0.000000
208 0.059621 0.456168 0.250107 0.000000 -0.000000 0.000000
time 5
  0 0.059621 0.456168 0.250107 0.000000 -0.000000 0.000000
  1 0.059621 0.456168 0.250107 0.000000 -0.000000 0.000000
  2 0.059621 0.456168 0.250107 0.000000 -0.000000 0.000000
  3 0.059621 0.456168 0.250107 0.000000 -0.000000 0.000000
  4 0.059621 0.456168 0.250107 0.000000 -0.000000 0.000000
  5 0.059621 0.456168 0.250107 0.000000 -0.000000 0.000000
  6 0.059621 0.456168 0.250107 0.000000 -0.000000 0.000000
  7 0.059621 0.456168 0.250107 0.000000 -0.000000 0.000000
  8 0.059621 0.456168 0.250107 0.000000 -0.000000 0.000000
  9 0.059621 0.456168 0.250107 0.000000 -0.000000 0.000000
 10 58.888790 87.888161 172.797531 -1.374137 -0.014751 -0.358820
 11 24.668249 0.000000 -0.000031 0.998386 0.285749 0.016673
 12 30.380142 -0.000038 0.000000 1.549683 0.247980 -0.104896
 13 19.902092 -0.000031 0.000023 0.026328 0.296843 -0.064741
 14 -89.515160 -65.824097 180.518829 1.326289 0.011383 2.440407
 15 35.349510 0.000015 0.000023 -1.304881 -0.591332 0.070227
 16 37.124332 -0.000031 -0.000015 -2.081645 -0.899963 0.071067
 17 0.059621 0.456168 0.250107 0.048527 -0.003907 -0.117461
 18 0.059621 -16.795595 104.400574 1.496170 1.570796 0.000000
 19 -65.799545 -0.000020 1.142857 0.000000 0.000515 3.141077
 20 11.181595 0.005760 -0.002411 -0.125331 -0.103268 -0.053158
 21 27.835159 0.000003 0.000000 3.007932 -0.073343 0.026359
 22 5.330383 -0.000002 0.000000 -3.069864 -0.172159 -0.007764
 23 10.134888 -4.133392 3.834196 -0.672212 -1.169302 -2.507677
 24 10.134888 4.133399 3.834196 0.672227 -1.169297 2.507663
 25 22.592361 0.000011 17.467100 -0.000010 2.956431 0.000000
 26 21.199982 -7.744006 14.169508 -0.644457 -0.154503 -3.025319
 27 18.142014 -13.440228 7.965765 1.228366 -0.180197 3.082644
 28 21.199951 7.744023 14.169485 0.644460 -0.154503 3.025318
 29 18.141998 13.440238 7.965767 -0.316157 -0.180196 -3.082644
 30 11.858856 -13.360000 3.526508 1.542249 3.132957 0.174415
 31 9.463272 -16.404865 -2.906050 1.542282 3.132901 0.176490
 32 9.125244 -10.885474 -11.371328 0.000496 2.962373 0.000256
 33 11.858856 13.360003 3.526468 -1.542248 3.132957 -0.174414
 34 9.463257 16.404865 -2.906027 -1.542281 3.132900 -0.176490
 35 9.125275 10.885472 -11.371307 -0.000492 2.962373 0.000256
 36 9.023239 -0.000003 -17.296177 0.000180 -0.167048 -3.141356
 37 12.691406 -0.000003 -19.438768 -0.280257 1.841397 -0.300651
 38 10.989410 0.000000 0.000000 0.097265 -0.197396 -0.432411
 39 12.871475 -10.586842 -15.652475 0.953765 2.040762 0.677557
 40 10.727005 0.000004 -0.000031 0.139022 -0.206332 -0.314263
 41 12.871475 10.586843 -15.652475 -1.116737 2.096693 -0.921293
 42 10.726978 -0.000019 0.000031 0.058240 -0.149800 -0.475229
 43 12.847229 -17.570084 -4.701344 1.212407 2.166821 0.871121
 44 11.496490 0.000000 -0.000031 0.103128 -0.171122 -0.256057
 45 12.847198 17.570084 -4.701363 -1.300494 2.255855 -1.039902
 46 11.496464 0.000004 -0.000015 0.032314 -0.052083 -0.488458
 47 28.485931 0.000011 16.460344 -0.000001 -0.039729 0.000000
 48 23.052750 -6.207909 -0.077299 -1.470206 0.035100 -1.833545
 49 9.436909 -0.000004 -0.000031 0.029660 0.091352 0.174449
 50 31.269325 -0.000004 0.000000 -0.006701 -0.563522 0.008666
 51 28.756508 0.000000 0.000015 -0.001117 0.032665 0.001416
 52 2.251991 -2.464409 -1.141632 0.481305 0.508197 -0.319329
 53 3.674042 -0.000031 0.000015 -0.277611 0.179024 0.194713
 54 3.614700 0.000008 0.000015 0.013156 0.193871 -0.001558
 55 9.035515 -2.494951 0.484573 -0.001362 0.302449 0.001673
 56 2.943581 0.000000 -0.000015 0.010585 0.293657 -0.007800
 57 2.649429 0.000000 0.000000 -0.006498 0.303243 0.008512
 58 9.093620 -0.386669 0.647720 0.020190 0.475379 -0.012607
 59 3.451885 0.000000 0.000000 -0.014209 0.528778 0.009212
 60 2.898178 -0.000004 0.000031 -0.000683 0.490858 0.000916
 61 8.894585 1.605846 0.371918 -0.000566 0.547851 0.000704
 62 3.130409 0.000004 0.000031 0.003896 0.567158 -0.005064
 63 2.629532 0.000000 -0.000061 0.004892 0.544389 -0.006589
 64 8.470627 3.459526 0.131500 -0.021715 0.541478 0.011456
 65 2.410271 -0.000002 -0.000061 0.022815 0.529939 -0.013321
 66 2.000793 0.000000 0.000000 -0.005415 0.533618 0.007402
 67 23.052765 6.207913 -0.077318 1.481673 0.014081 2.091231
 68 9.436890 0.000027 0.000000 0.330467 -0.621926 -0.377441
 69 31.269348 0.000004 0.000000 0.136076 -0.224626 -0.023299
 70 28.756516 -0.000008 0.000000 0.947303 -0.096202 -0.085674
 71 2.251892 2.464401 -1.141563 -0.513217 0.249535 0.112914
 72 3.674088 0.000008 -0.000031 0.331388 -0.059506 -0.325011
 73 3.614670 0.000000 0.000015 0.067360 -0.216133 -0.086857
 74 9.035431 2.494949 0.484425 0.001362 -0.011534 -0.001673
 75 2.943558 0.000000 -0.000023 -0.011498 -0.020268 0.014556
 76 2.649445 0.000000 0.000023 0.006498 -0.010740 -0.008512
 77 9.093689 0.386673 0.647785 -0.018031 0.093461 0.020165
 78 3.451859 0.000000 0.000004 0.014953 0.008589 -0.019838
 79 2.898209 0.000000 0.000000 0.000683 -0.029445 -0.000917
 80 8.894409 -1.605850 0.371910 0.000566 0.090541 -0.000704
 81 3.130432 0.000000 -0.000038 -0.003896 -0.009289 0.005063
 82 2.629517 0.000000 0.000015 -0.004892 -0.032059 0.006589
 83 8.470596 -3.459549 0.131393 0.018786 0.137518 -0.020073
 84 2.410278 0.000000 -0.000015 -0.024238 -0.029075 0.031299
 85 2.000763 0.000000 0.000019 0.005415 -0.025697 -0.007402
 86 9.832352 1.463058 -1.299423 0.016522 -0.031798 -0.020624
 87 25.040588 -5.670403 5.432777 -1.312160 -0.224887 -2.136065
 88 28.779709 -6.856307 -0.811443 -1.466235 0.019064 -1.725377
 89 29.182297 -3.955564 -4.961979 0.881869 2.552753 0.503939
 90 25.040558 5.670411 5.432737 1.296833 -0.398765 2.185823
 91 28.779739 6.856315 -0.811420 1.466235 0.019065 1.725381
 92 29.182281 3.955568 -4.961959 -0.881870 2.552752 -0.503941
 93 -65.335663 -0.000020 1.140917 -3.141591 0.044911 0.000000
 94 26.290909 -12.205289 1.157883 -2.071447 -0.017454 0.065112
 95 49.071037 0.000005 0.000009 2.179705 0.127555 -0.112856
 96 61.871315 -0.000012 -0.000013 3.080256 0.672597 0.035641
 97 26.290924 12.205296 1.157842 2.044502 0.127786 -0.159169
 98 49.071068 0.000004 -0.000034 -2.187262 0.154733 0.063501
 99 61.871304 0.000021 -0.000022 -2.944714 0.642381 0.102744
100 -0.698074 -11.192118 -8.252764 1.228557 -0.707792 -0.716788
101 20.568237 -0.000008 0.000000 0.129726 0.100080 -0.162206
102 0.223785 -5.734810 -12.929604 2.921102 0.079147 -0.440675
103 20.803589 -0.000015 -0.000011 0.161322 -0.045159 -0.075518
104 -1.040024 -3.033968 12.140511 1.676186 0.131070 -1.271659
105 -1.040009 3.034004 12.140502 -1.479180 0.067541 1.301584
106 4.165436 -5.407044 12.088390 1.015647 -1.149202 -0.678167
107 16.599438 0.000000 -0.000015 0.081723 -0.063553 0.028452
108 4.165482 5.407080 12.088381 -0.743031 -0.674088 0.621585
109 16.599380 0.000006 -0.000031 0.159087 -0.075983 -0.074776
110 6.428375 0.000001 -0.288944 -0.000001 0.000000 -0.000000
111 -1.833771 -13.936464 1.224504 1.673752 0.046581 -0.406290
112 20.406944 -0.000004 -0.000023 0.119302 -0.000763 -0.005665
113 21.655487 -0.000008 -0.000008 0.027905 0.035625 0.437073
114 22.360680 -0.000019 -0.000015 0.045256 -0.162512 -0.104411
115 22.519665 -0.000019 -0.000008 -0.001604 -0.043059 -0.500988
116 22.140388 -0.000010 -0.000015 0.141453 0.048134 0.077635
117 -1.699219 -12.875613 4.918509 1.238809 -0.144459 -0.377388
118 20.938622 0.000011 0.000000 0.156955 -0.005741 -0.018180
119 21.993622 -0.000010 -0.000053 0.012944 -0.089287 0.376637
120 22.563789 -0.000034 0.000008 0.040584 -0.029384 -0.097482
121 22.643356 -0.000011 -0.000031 -0.071329 0.214921 -0.468273
122 22.238068 -0.000003 -0.000015 0.112579 -0.035565 0.082478
123 -1.634354 -9.854568 8.052347 0.839528 -0.293732 -0.286253
124 22.205307 0.000000 -0.000015 0.166463 -0.008120 -0.023123
125 22.804390 -0.000008 -0.000046 0.002299 -0.180658 0.284559
126 23.051655 0.000000 -0.000008 0.030361 0.057626 -0.030257
127 22.939980 0.000000 -0.000031 -0.080201 0.409931 -0.322733
128 22.472076 0.000000 0.000004 0.109677 -0.106892 0.060480
129 -1.616150 -5.333254 10.147440 0.362513 -0.679567 -0.171999
130 23.451302 -0.000002 -0.000015 0.150089 -0.011752 -0.019226
131 23.608017 -0.000010 -0.000046 -0.009066 0.466865 -0.097226
132 23.536240 -0.000006 -0.000031 0.014820 0.421811 -0.146508
133 23.233978 0.000000 0.000020 0.000479 0.188058 0.001568
134 22.703697 0.000006 -0.000004 0.126864 -0.155629 0.006529
135 -1.614517 -0.000000 10.883351 0.126136 -0.418003 -0.012508
136 23.962143 -0.000001 -0.000031 0.121173 -0.016643 -0.011196
137 23.938972 -0.000007 0.000008 -0.012201 -0.256551 0.077409
138 23.736019 -0.000010 -0.000031 0.006973 0.095364 0.152870
139 23.354980 -0.000006 -0.000031 0.063551 0.513127 0.148471
140 22.798943 -0.000034 -0.000015 0.147997 -0.175720 -0.060201
141 -1.616135 5.333252 10.147425 -0.225813 -0.399912 0.136548
142 23.451324 -0.000008 0.000000 0.091263 -0.022033 -0.004263
143 23.608025 -0.000004 -0.000038 -0.016364 -0.252133 -0.030865
144 23.536240 0.000000 -0.000023 -0.012801 0.071837 0.245255
145 23.233982 -0.000025 -0.000023 0.128599 0.444225 0.397074
146 22.703674 0.000000 0.000008 0.164278 -0.168356 -0.124879
147 -1.634354 9.854564 8.052347 -0.600460 -0.324433 0.276487
148 22.205276 0.000000 0.000008 0.071692 -0.027924 -0.004095
149 22.804451 0.000000 -0.000076 -0.017480 -0.214154 -0.145073
150 23.051624 -0.000005 0.000000 -0.040484 0.029440 0.330366
151 22.939983 -0.000015 -0.000015 0.139886 0.326179 0.596874
152 22.472069 -0.000031 -0.000031 0.166295 -0.132281 -0.196906
153 -1.699219 12.875608 4.918526 -1.010535 -0.185907 0.384613
154 20.938606 0.000017 0.000008 0.075521 -0.032551 -0.016401
155 21.993591 -0.000010 -0.000061 -0.019127 -0.129536 -0.252615
156 22.563797 0.000008 -0.000008 -0.079136 -0.035249 0.410380
157 22.643360 -0.000008 -0.000038 0.088214 0.172398 0.727511
158 22.238026 -0.000031 -0.000015 0.131611 -0.074799 -0.238707
159 -1.833786 13.936458 1.224504 -1.450596 0.001166 0.433396
160 20.406952 0.000004 -0.000038 0.104923 -0.029332 -0.039799
161 21.655510 0.000006 -0.000015 -0.027721 0.007380 -0.320193
162 22.360649 0.000002 -0.000015 -0.146024 -0.193830 0.479167
163 22.519661 0.000003 -0.000015 -0.035590 -0.072015 0.774092
164 22.140381 0.000006 -0.000008 0.058742 -0.008046 -0.224316
165 -1.972580 12.875609 -3.614555 -1.724113 0.116136 0.404485
166 20.655174 0.000004 -0.000023 0.117341 -0.023399 -0.048924
167 21.762268 0.000002 -0.000023 -0.043545 0.109304 -0.318024
168 22.392159 0.000013 -0.000015 -0.165480 -0.176493 0.518079
169 22.541348 0.000011 -0.000031 -0.104549 -0.121710 0.773961
170 22.217506 0.000000 0.000000 -0.003080 0.034269 -0.214203
171 -1.967316 9.854568 -7.722435 -2.054491 0.211703 0.313529
172 21.272736 0.000001 0.000000 0.127857 -0.013956 -0.053219
173 22.032524 0.000023 -0.000046 -0.052545 0.228481 -0.269725
174 22.475662 0.000005 -0.000011 -0.197402 -0.255637 0.525580
175 22.598701 -0.000004 -0.000015 -0.181242 -0.262608 0.716314
176 22.407972 0.000008 -0.000015 -0.020408 0.075834 -0.167188
177 -1.900848 5.333254 -10.470079 -2.487903 0.275423 0.183506
178 21.914322 0.000008 -0.000023 0.126374 0.000310 -0.048718
179 22.319847 -0.000006 0.000000 -0.038753 0.350837 -0.141718
180 22.569626 0.000002 0.000006 -0.202856 -0.367655 0.470730
181 22.663216 -0.000004 -0.000015 -0.211678 -0.434288 0.571691
182 22.604507 -0.000019 -0.000031 -0.002146 0.110192 -0.131014
183 -1.865585 -0.000002 -11.435442 -3.022319 0.304556 0.034514
184 22.186676 -0.000003 -0.000008 0.103765 0.012231 -0.033624
185 22.443733 -0.000000 -0.000008 0.013745 0.408309 0.083568
186 22.611542 -0.000009 0.000006 -0.139603 -0.463215 0.319108
187 22.692009 -0.000019 0.000008 -0.128733 -0.573550 0.298459
188 22.687643 -0.000011 -0.000015 0.052263 0.136054 -0.097884
189 -1.900848 -5.333257 -10.470072 2.723718 0.296455 -0.119807
190 21.914352 0.000009 -0.000015 0.083420 0.013382 -0.015639
191 22.319832 -0.000020 0.000000 0.058221 0.342275 0.298562
192 22.569618 -0.000011 -0.000015 -0.035009 -0.461737 0.125835
193 22.663239 -0.000042 0.000008 0.017556 -0.570856 -0.056254
194 22.604507 -0.000008 -0.000023 0.125797 0.143638 -0.033656
195 -1.967285 -9.854566 -7.722443 2.284491 0.247126 -0.261573
196 21.272720 -0.000016 0.000000 0.086129 0.008055 -0.005149
197 22.032471 0.000004 -0.000031 0.060929 0.224845 0.409989
198 22.475700 -0.000023 -0.000027 0.026141 -0.379322 -0.003185
199 22.598709 -0.000004 -0.000023 0.082943 -0.427389 -0.314998
200 22.407982 -0.000011 -0.000031 0.171971 0.133129 0.010154
201 -1.972565 -12.875612 -3.614561 1.949058 0.159151 -0.365247
202 20.655159 0.000008 -0.000015 0.101480 0.003407 -0.003119
203 21.762268 -0.000009 0.000000 0.046427 0.121921 0.443142
204 22.392166 -0.000023 -0.000031 0.045984 -0.270525 -0.072127
205 22.541336 -0.000019 -0.000015 0.059056 -0.236610 -0.447395
206 22.217499 0.000000 -0.000015 0.173035 0.101128 0.051643
207 0.059621 0.456168 0.250107 0.000000 -0.000000 0.000000
208 0.059621 0.456168 0.250107 0.000000 -0.000000 0.000000
time 6
  0 0.059621 0.456168 0.250107 0.000000 -0.000000 0.000000
  1 0.059621 0.456168 0.250107 0.000000 -0.000000 0.000000
  2 0.059621 0.456168 0.250107 0.000000 -0.000000 0.000000
  3 0.059621 0.456168 0.250107 0.000000 -0.000000 0.000000
  4 0.059621 0.456168 0.250107 0.000000 -0.000000 0.000000
  5 0.059621 0.456168 0.250107 0.000000 -0.000000 0.000000
  6 0.059621 0.456168 0.250107 0.000000 -0.000000 0.000000
  7 0.059621 0.456168 0.250107 0.000000 -0.000000 0.000000
  8 0.059621 0.456168 0.250107 0.000000 -0.000000 0.000000
  9 0.059621 0.456168 0.250107 0.000000 -0.000000 0.000000
 10 35.154869 90.638550 176.803650 -1.374137 -0.014751 -0.164553
 11 24.668247 0.000015 -0.000053 0.997228 0.289457 0.008327
 12 30.380142 -0.000015 0.000000 1.561474 0.243312 -0.063980
 13 19.902088 -0.000031 0.000008 0.002308 0.403987 -0.189005
 14 -77.636154 -93.025513 181.955383 1.364797 0.036328 2.675850
 15 35.349518 0.000015 0.000008 -1.285471 -0.704127 0.077698
 16 37.124336 -0.000031 -0.000015 -1.874521 -0.806729 -0.011676
 17 0.059621 0.456168 0.250107 0.050146 -0.004037 -0.121379
 18 0.059621 -22.673092 104.400574 1.470746 1.570796 0.000000
 19 -65.799545 -0.000020 1.142857 -0.000000 0.000515 3.141077
 20 11.181564 0.005760 -0.002411 -0.056226 -0.091234 -0.072706
 21 27.835175 0.000001 -0.000004 2.959251 -0.052746 0.035959
 22 5.330368 -0.000002 0.000000 -3.069864 -0.172159 -0.007764
 23 10.134888 -4.133392 3.834194 -0.671202 -1.168810 -2.508765
 24 10.134872 4.133400 3.834194 0.671218 -1.168805 2.508752
 25 22.592361 0.000013 17.467110 -0.000010 2.956431 0.000000
 26 21.199997 -7.744006 14.169510 -0.644457 -0.154503 -3.025319
 27 18.142014 -13.440227 7.965767 1.228366 -0.180197 3.082644
 28 21.199951 7.744028 14.169487 0.644460 -0.154503 3.025318
 29 18.141998 13.440243 7.965771 -0.316157 -0.180196 -3.082644
 30 11.858871 -13.359999 3.526505 1.542249 3.132957 0.174415
 31 9.463272 -16.404869 -2.906050 1.542282 3.132901 0.176490
 32 9.125244 -10.885477 -11.371330 0.000496 2.962373 0.000256
 33 11.858856 13.360010 3.526466 -1.542248 3.132957 -0.174414
 34 9.463257 16.404871 -2.906025 -1.542281 3.132900 -0.176490
 35 9.125275 10.885475 -11.371307 -0.000492 2.962373 0.000256
 36 9.023239 -0.000004 -17.296177 0.000180 -0.167048 -3.141356
 37 12.691422 -0.000004 -19.438770 -0.168942 1.763649 -0.177276
 38 10.989410 0.000000 0.000000 0.105046 -0.198962 -0.467004
 39 12.871460 -10.586844 -15.652477 1.068264 1.986888 0.822783
 40 10.727005 0.000000 -0.000015 0.153724 -0.207775 -0.341373
 41 12.871460 10.586843 -15.652473 -1.145488 1.999355 -0.948921
 42 10.726982 -0.000019 0.000000 0.059159 -0.147556 -0.511151
 43 12.847214 -17.570084 -4.701347 1.257227 2.110617 0.939066
 44 11.496490 0.000000 -0.000015 0.118615 -0.172937 -0.280941
 45 12.847198 17.570089 -4.701361 -1.325848 2.155635 -1.071044
 46 11.496464 0.000002 0.000000 0.027662 -0.045228 -0.522936
 47 28.485962 0.000014 16.460346 -0.000001 -0.039729 0.000000
 48 23.052765 -6.207911 -0.077301 -1.470206 0.035100 -1.833545
 49 9.436913 -0.000008 -0.000046 0.036231 0.089673 0.235856
 50 31.269329 -0.000004 0.000000 -0.006701 -0.563522 0.008666
 51 28.756516 0.000002 0.000000 -0.001117 0.032665 0.001416
 52 2.251999 -2.464411 -1.141632 0.481305 0.508197 -0.319329
 53 3.674034 -0.000015 0.000015 -0.277611 0.179024 0.194713
 54 3.614685 0.000008 -0.000015 0.013156 0.193871 -0.001558
 55 9.035507 -2.494949 0.484573 -0.001362 0.302449 0.001673
 56 2.943584 -0.000006 -0.000015 0.010585 0.293657 -0.007800
 57 2.649437 -0.000002 0.000000 -0.006498 0.303243 0.008512
 58 9.093620 -0.386675 0.647720 0.020190 0.475380 -0.012607
 59 3.451889 0.000000 0.000000 -0.014209 0.528778 0.009212
 60 2.898178 -0.000004 0.000015 -0.000683 0.490858 0.000916
 61 8.894585 1.605844 0.371902 -0.000566 0.547851 0.000704
 62 3.130402 0.000000 0.000046 0.003896 0.567158 -0.005064
 63 2.629532 0.000000 -0.000031 0.004892 0.544388 -0.006589
 64 8.470619 3.459520 0.131500 -0.021715 0.541478 0.011456
 65 2.410278 -0.000006 -0.000046 0.022815 0.529939 -0.013321
 66 2.000786 0.000004 0.000000 -0.005415 0.533618 0.007402
 67 23.052765 6.207914 -0.077322 1.481618 -0.002149 2.092625
 68 9.436890 0.000023 0.000000 0.254427 -0.663487 -0.260220
 69 31.269348 0.000006 0.000000 0.088600 -0.194894 -0.054317
 70 28.756516 -0.000004 0.000015 1.141264 -0.063810 -0.075836
 71 2.251892 2.464401 -1.141567 -0.513217 0.249535 0.112914
 72 3.674088 0.000008 -0.000023 0.331388 -0.059506 -0.325011
 73 3.614670 0.000015 0.000023 0.067360 -0.216133 -0.086857
 74 9.035416 2.494949 0.484417 0.001362 -0.011534 -0.001673
 75 2.943573 0.000015 -0.000027 -0.011498 -0.020268 0.014556
 76 2.649445 0.000000 0.000023 0.006498 -0.010740 -0.008512
 77 9.093689 0.386673 0.647778 -0.018031 0.093461 0.020165
 78 3.451859 0.000000 0.000000 0.014953 0.008589 -0.019838
 79 2.898193 0.000000 -0.000008 0.000684 -0.029445 -0.000917
 80 8.894409 -1.605835 0.371910 0.000566 0.090541 -0.000704
 81 3.130432 0.000015 -0.000042 -0.003896 -0.009289 0.005063
 82 2.629532 0.000000 0.000015 -0.004892 -0.032059 0.006589
 83 8.470596 -3.459518 0.131390 0.018786 0.137518 -0.020073
 84 2.410278 0.000000 -0.000011 -0.024238 -0.029075 0.031299
 85 2.000748 0.000015 0.000023 0.005415 -0.025697 -0.007402
 86 9.832352 1.463058 -1.299435 0.016523 -0.031798 -0.020624
 87 25.040588 -5.670406 5.432777 -1.312160 -0.224887 -2.136065
 88 28.779694 -6.856312 -0.811441 -1.466235 0.019064 -1.725377
 89 29.182312 -3.955564 -4.961981 0.881869 2.552753 0.503939
 90 25.040573 5.670414 5.432735 1.296833 -0.398765 2.185823
 91 28.779739 6.856316 -0.811424 1.466235 0.019065 1.725381
 92 29.182281 3.955566 -4.961960 -0.881870 2.552752 -0.503940
 93 -65.335663 -0.000020 1.140921 -3.141591 0.044911 0.000000
 94 26.290909 -12.205292 1.157885 -2.071447 -0.017454 0.065112
 95 49.071022 0.000003 0.000006 2.179705 0.127556 -0.112856
 96 61.871319 -0.000014 -0.000013 3.080256 0.672597 0.035641
 97 26.290924 12.205294 1.157843 2.044502 0.127786 -0.159169
 98 49.071075 0.000004 -0.000036 -2.187262 0.154733 0.063501
 99 61.871300 0.000022 -0.000021 -2.944714 0.642381 0.102744
100 -0.698074 -11.192118 -8.252766 1.236339 -0.766618 -0.729950
101 20.568237 -0.000011 0.000000 0.157707 0.104728 -0.164125
102 0.223785 -5.734810 -12.929604 2.923834 -0.042271 -0.437078
103 20.803589 -0.000023 -0.000004 0.183563 -0.039504 -0.087270
104 -1.040009 -3.033968 12.140512 1.704692 0.139251 -1.266371
105 -1.040009 3.034005 12.140501 -1.461529 0.056085 1.305547
106 4.165436 -5.407045 12.088392 1.095033 -1.172561 -0.767420
107 16.599442 -0.000004 -0.000015 0.112053 -0.064505 0.023332
108 4.165482 5.407081 12.088381 -0.717463 -0.685465 0.620473
109 16.599380 0.000004 -0.000023 0.185111 -0.081629 -0.083814
110 6.428391 0.000001 -0.288942 -0.000001 -0.000000 0.000000
111 -1.833786 -13.936463 1.224506 1.702171 0.048308 -0.401744
112 20.406952 -0.000006 -0.000023 0.147252 0.004234 -0.007416
113 21.655495 -0.000007 -0.000015 0.032515 0.052154 0.504766
114 22.360672 -0.000015 -0.000008 0.032811 -0.154586 -0.034821
115 22.519661 -0.000015 -0.000015 0.001130 -0.058388 -0.467226
116 22.140400 -0.000013 -0.000023 0.168776 0.052353 0.072294
117 -1.699219 -12.875613 4.918509 1.267491 -0.143276 -0.376305
118 20.938599 0.000010 0.000000 0.185649 -0.003506 -0.018821
119 21.993622 -0.000012 -0.000053 0.005440 -0.107010 0.436720
120 22.563789 -0.000034 0.000008 0.033217 -0.062847 -0.035223
121 22.643349 -0.000023 -0.000023 -0.065382 0.204738 -0.429792
122 22.238068 -0.000013 -0.000015 0.141748 -0.029327 0.075768
123 -1.634354 -9.854568 8.052347 0.868919 -0.294238 -0.287951
124 22.205292 -0.000001 -0.000015 0.195425 -0.008744 -0.024010
125 22.804382 -0.000009 -0.000038 -0.009509 -0.224008 0.326928
126 23.051662 0.000000 0.000000 0.026219 -0.008020 0.005886
127 22.939987 0.000000 -0.000023 -0.071159 0.393927 -0.285103
128 22.472073 -0.000006 0.000000 0.139400 -0.098524 0.052540
129 -1.616165 -5.333254 10.147440 0.384832 -0.748327 -0.209963
130 23.451302 -0.000001 -0.000015 0.178917 -0.014799 -0.021181
131 23.608017 -0.000008 -0.000031 0.001326 0.351083 -0.074805
132 23.536232 -0.000008 -0.000031 0.011185 0.442207 -0.168025
133 23.233986 -0.000001 0.000011 -0.009168 0.355735 -0.066905
134 22.703697 0.000005 0.000000 0.155839 -0.145463 -0.001485
135 -1.614532 -0.000000 10.883352 0.155688 -0.423308 -0.016375
136 23.962112 -0.000001 -0.000034 0.149562 -0.021571 -0.014657
137 23.938950 -0.000008 0.000008 -0.013863 -0.325268 0.070853
138 23.736019 -0.000008 -0.000015 0.004039 0.010985 0.115640
139 23.354973 0.000000 -0.000015 0.062432 0.501262 0.151082
140 22.798939 -0.000027 -0.000015 0.175467 -0.164723 -0.067496
141 -1.616150 5.333251 10.147425 -0.197398 -0.407692 0.133428
142 23.451294 -0.000008 0.000000 0.118981 -0.028258 -0.009568
143 23.608017 -0.000008 -0.000046 -0.009394 -0.323043 -0.064830
144 23.536247 0.000002 -0.000023 -0.013045 -0.003971 0.171562
145 23.233974 -0.000023 -0.000031 0.126739 0.448269 0.383125
146 22.703682 -0.000004 -0.000008 0.189844 -0.157659 -0.131011
147 -1.634369 9.854565 8.052345 -0.573842 -0.334428 0.275167
148 22.205261 0.000000 0.000008 0.098525 -0.034670 -0.011621
149 22.804443 0.000000 -0.000069 -0.003412 -0.279827 -0.207395
150 23.051636 0.000001 0.000000 -0.035063 -0.028424 0.225062
151 22.939972 -0.000013 0.000000 0.145221 0.345562 0.584232
152 22.472069 -0.000023 -0.000031 0.189951 -0.122880 -0.201773
153 -1.699234 12.875607 4.918527 -0.985735 -0.197536 0.385763
154 20.938606 0.000017 0.000000 0.101294 -0.038603 -0.026448
155 21.993599 -0.000011 -0.000053 -0.004338 -0.180142 -0.342062
156 22.563805 0.000006 -0.000008 -0.064353 -0.065838 0.283043
157 22.643349 -0.000003 -0.000038 0.100820 0.198507 0.736809
158 22.238029 -0.000031 -0.000015 0.154063 -0.067645 -0.242970
159 -1.833801 13.936458 1.224506 -1.426734 -0.011145 0.437228
160 20.406952 0.000000 -0.000038 0.129505 -0.033165 -0.052100
161 21.655510 0.000004 -0.000015 -0.023200 -0.017442 -0.431963
162 22.360649 0.000004 -0.000015 -0.108633 -0.189471 0.344687
163 22.519661 0.000006 -0.000031 -0.032610 -0.057326 0.819102
164 22.140381 0.000000 -0.000023 0.080779 -0.003604 -0.228833
165 -1.972595 12.875608 -3.614555 -1.699982 0.104023 0.409942
166 20.655182 0.000006 -0.000023 0.141398 -0.025361 -0.062052
167 21.762260 0.000002 -0.000023 -0.050196 0.104867 -0.439055
168 22.392159 0.000015 -0.000023 -0.132864 -0.154588 0.393979
169 22.541344 0.000014 -0.000031 -0.103334 -0.106653 0.844564
170 22.217510 0.000004 -0.000015 0.019051 0.037406 -0.218761
171 -1.967316 9.854568 -7.722431 -2.029350 0.200464 0.320874
172 21.272720 0.000002 -0.000015 0.151723 -0.013496 -0.066603
173 22.032516 0.000025 -0.000046 -0.073144 0.254023 -0.392772
174 22.475662 0.000006 -0.000011 -0.159556 -0.211666 0.421016
175 22.598724 -0.000007 -0.000015 -0.194849 -0.257833 0.808822
176 22.407980 0.000008 -0.000023 0.001818 0.078216 -0.172023
177 -1.900864 5.333253 -10.470074 -2.461312 0.266112 0.192880
178 21.914330 0.000009 -0.000023 0.150296 0.003728 -0.061368
179 22.319832 -0.000008 -0.000008 -0.067497 0.418892 -0.247244
180 22.569626 0.000008 0.000015 -0.164190 -0.298916 0.397464
181 22.663223 0.000004 -0.000008 -0.245028 -0.447622 0.679221
182 22.604511 -0.000031 -0.000031 0.019824 0.112344 -0.135758
183 -1.865601 -0.000003 -11.435440 -2.994375 0.298367 0.045181
184 22.186676 -0.000002 -0.000008 0.128076 0.018385 -0.044017
185 22.443710 0.000000 -0.000015 0.004816 0.511927 0.037028
186 22.611534 -0.000007 0.000006 -0.114684 -0.376497 0.292635
187 22.692017 -0.000015 0.000004 -0.170739 -0.611460 0.401719
188 22.687637 -0.000019 -0.000008 0.073895 0.138371 -0.102289
189 -1.900864 -5.333258 -10.470070 2.752375 0.293645 -0.109493
190 21.914352 0.000010 -0.000008 0.108649 0.020840 -0.022882
191 22.319839 -0.000020 0.000008 0.077390 0.441181 0.321140
192 22.569618 -0.000011 -0.000013 -0.033634 -0.379800 0.148626
193 22.663223 -0.000050 0.000015 -0.004507 -0.623001 0.011977
194 22.604504 -0.000031 -0.000015 0.147866 0.146341 -0.037673
195 -1.967300 -9.854566 -7.722441 2.313234 0.246835 -0.252859
196 21.272690 -0.000017 0.000000 0.112397 0.015319 -0.009806
197 22.032486 0.000004 -0.000023 0.083317 0.296108 0.465799
198 22.475685 -0.000015 -0.000027 0.014718 -0.318437 0.048383
199 22.598701 -0.000004 -0.000015 0.079472 -0.471569 -0.274409
200 22.407967 -0.000008 -0.000015 0.195309 0.136293 0.006198
201 -1.972580 -12.875611 -3.614563 1.977629 0.160333 -0.358575
202 20.655182 0.000005 -0.000023 0.128690 0.009730 -0.006076
203 21.762276 -0.000010 -0.000015 0.060645 0.164331 0.509441
204 22.392166 -0.000023 -0.000027 0.031864 -0.235164 -0.007751
205 22.541340 -0.000023 -0.000023 0.060701 -0.264555 -0.414967
206 22.217503 -0.000004 -0.000023 0.198331 0.104755 0.047222
207 0.059621 0.456168 0.250107 0.000000 -0.000000 0.000000
208 0.059621 0.456168 0.250107 0.000000 -0.000000 0.000000
time 7
  0 0.059621 0.456168 0.250107 0.000000 -0.000000 0.000000
  1 0.059621 0.456168 0.250107 0.000000 -0.000000 0.000000
  2 0.059621 0.456168 0.250107 0.000000 -0.000000 0.000000
  3 0.059621 0.456168 0.250107 0.000000 -0.000000 0.000000
  4 0.059621 0.456168 0.250107 0.000000 -0.000000 0.000000
  5 0.059621 0.456168 0.250107 0.000000 -0.000000 0.000000
  6 0.059621 0.456168 0.250107 0.000000 -0.000000 0.000000
  7 0.059621 0.456168 0.250107 0.000000 -0.000000 0.000000
  8 0.059621 0.456168 0.250107 0.000000 -0.000000 0.000000
  9 0.059621 0.456168 0.250107 0.000000 -0.000000 0.000000
 10 9.127066 91.552231 178.465805 -1.374138 -0.014751 0.036751
 11 24.668251 0.000000 -0.000046 0.990842 0.319763 -0.041775
 12 30.380142 -0.000008 -0.000015 1.568813 0.232941 -0.045344
 13 19.902096 0.000000 0.000008 -0.007006 0.445533 -0.237188
 14 -64.082115 -115.900009 183.374130 1.401533 0.060964 2.914332
 15 35.349510 0.000015 0.000008 -1.281918 -0.798265 0.111257
 16 37.124344 -0.000015 0.000000 -1.655485 -0.708133 -0.095444
 17 0.059621 0.456168 0.250107 0.051709 -0.004163 -0.125163
 18 0.059621 -28.693365 104.400574 1.444704 1.570796 0.000000
 19 -65.799545 -0.000020 1.142857 -0.000000 0.000515 3.141077
 20 11.181580 0.005761 -0.002409 0.017672 -0.078364 -0.093610
 21 27.835175 0.000004 -0.000003 2.907193 -0.030720 0.046225
 22 5.330383 -0.000002 0.000002 -3.069864 -0.172159 -0.007764
 23 10.134888 -4.133391 3.834198 -0.670451 -1.168443 -2.509576
 24 10.134888 4.133399 3.834198 0.670466 -1.168438 2.509562
 25 22.592346 0.000013 17.467102 -0.000010 2.956431 0.000000
 26 21.199982 -7.744004 14.169514 -0.644457 -0.154503 -3.025319
 27 18.141998 -13.440224 7.965775 1.228366 -0.180197 3.082644
 28 21.199951 7.744026 14.169491 0.644460 -0.154503 3.025318
 29 18.141998 13.440241 7.965767 -0.316157 -0.180196 -3.082644
 30 11.858856 -13.359996 3.526508 1.542249 3.132957 0.174415
 31 9.463257 -16.404865 -2.906044 1.542282 3.132901 0.176490
 32 9.125259 -10.885474 -11.371319 0.000496 2.962373 0.000256
 33 11.858841 13.360006 3.526474 -1.542248 3.132957 -0.174414
 34 9.463242 16.404865 -2.906021 -1.542281 3.132900 -0.176490
 35 9.125275 10.885473 -11.371300 -0.000492 2.962373 0.000256
 36 9.023239 -0.000003 -17.296169 0.000180 -0.167048 -3.141356
 37 12.691406 -0.000003 -19.438759 0.066949 1.710223 0.070200
 38 10.989410 0.000002 -0.000015 0.099628 -0.196740 -0.438070
 39 12.871460 -10.586841 -15.652466 1.196752 1.967943 0.979901
 40 10.726997 0.000004 -0.000031 0.145295 -0.205066 -0.315964
 41 12.871460 10.586842 -15.652466 -1.172573 1.924355 -0.974044
 42 10.726982 -0.000019 0.000000 0.056307 -0.148729 -0.481433
 43 12.847198 -17.570082 -4.701340 1.319523 2.084995 1.026656
 44 11.496498 -0.000002 -0.000046 0.110573 -0.169830 -0.256674
 45 12.847168 17.570086 -4.701355 -1.353929 2.081372 -1.104018
 46 11.496460 0.000002 0.000000 0.027668 -0.048445 -0.493947
 47 28.485962 0.000015 16.460350 -0.000001 -0.039729 0.000000
 48 23.052765 -6.207909 -0.077302 -1.470206 0.035100 -1.833545
 49 9.436913 -0.000010 -0.000015 0.043198 0.088266 0.301417
 50 31.269321 -0.000008 0.000015 -0.006701 -0.563522 0.008666
 51 28.756500 -0.000002 0.000000 -0.001117 0.032665 0.001416
 52 2.251991 -2.464411 -1.141663 0.481305 0.508197 -0.319329
 53 3.674046 -0.000015 0.000015 -0.277611 0.179024 0.194713
 54 3.614693 0.000015 0.000000 0.013156 0.193871 -0.001558
 55 9.035500 -2.494946 0.484558 -0.001362 0.302449 0.001673
 56 2.943584 0.000000 -0.000015 0.010585 0.293657 -0.007800
 57 2.649437 -0.000002 0.000015 -0.006498 0.303243 0.008512
 58 9.093613 -0.386671 0.647720 0.020190 0.475380 -0.012607
 59 3.451889 0.000004 0.000015 -0.014209 0.528778 0.009212
 60 2.898193 0.000000 0.000015 -0.000683 0.490858 0.000916
 61 8.894585 1.605850 0.371902 -0.000565 0.547851 0.000704
 62 3.130405 -0.000004 0.000046 0.003896 0.567158 -0.005064
 63 2.629539 0.000000 -0.000046 0.004892 0.544389 -0.006589
 64 8.470619 3.459530 0.131500 -0.021715 0.541478 0.011456
 65 2.410263 -0.000002 -0.000046 0.022815 0.529939 -0.013321
 66 2.000778 0.000000 0.000000 -0.005415 0.533618 0.007402
 67 23.052765 6.207914 -0.077319 1.481560 -0.019505 2.093793
 68 9.436897 0.000027 -0.000015 0.166819 -0.642365 -0.097797
 69 31.269344 0.000006 0.000000 0.083081 -0.197546 -0.031777
 70 28.756516 -0.000019 0.000015 1.327112 -0.032491 -0.066324
 71 2.251892 2.464417 -1.141562 -0.513217 0.249535 0.112914
 72 3.674088 0.000000 -0.000015 0.331388 -0.059506 -0.325011
 73 3.614670 0.000000 0.000023 0.067360 -0.216133 -0.086857
 74 9.035431 2.494965 0.484425 0.001362 -0.011534 -0.001673
 75 2.943573 0.000000 -0.000031 -0.011498 -0.020268 0.014556
 76 2.649445 0.000000 0.000017 0.006498 -0.010740 -0.008512
 77 9.093704 0.386688 0.647787 -0.018031 0.093461 0.020165
 78 3.451874 0.000000 -0.000004 0.014953 0.008589 -0.019838
 79 2.898193 -0.000015 -0.000008 0.000684 -0.029445 -0.000917
 80 8.894424 -1.605850 0.371914 0.000566 0.090541 -0.000704
 81 3.130432 0.000000 -0.000042 -0.003896 -0.009289 0.005063
 82 2.629532 0.000015 0.000027 -0.004892 -0.032059 0.006589
 83 8.470612 -3.459534 0.131399 0.018786 0.137518 -0.020073
 84 2.410263 0.000000 -0.000006 -0.024238 -0.029075 0.031299
 85 2.000748 0.000000 0.000015 0.005415 -0.025697 -0.007402
 86 9.832367 1.463074 -1.299431 0.016523 -0.031798 -0.020624
 87 25.040573 -5.670402 5.432778 -1.312159 -0.224887 -2.136065
 88 28.779694 -6.856308 -0.811442 -1.466235 0.019064 -1.725377
 89 29.182312 -3.955561 -4.961978 0.881870 2.552753 0.503940
 90 25.040558 5.670412 5.432740 1.296833 -0.398765 2.185823
 91 28.779739 6.856318 -0.811419 1.466235 0.019065 1.725381
 92 29.182297 3.955568 -4.961961 -0.881870 2.552752 -0.503940
 93 -65.335663 -0.000020 1.140919 -3.141591 0.044911 0.000000
 94 26.290924 -12.205291 1.157885 -2.071447 -0.017454 0.065112
 95 49.071037 0.000003 0.000009 2.179705 0.127556 -0.112856
 96 61.871315 -0.000012 -0.000013 3.080256 0.672597 0.035641
 97 26.290924 12.205296 1.157845 2.044502 0.127786 -0.159169
 98 49.071068 0.000002 -0.000036 -2.187262 0.154733 0.063501
 99 61.871300 0.000023 -0.000025 -2.944714 0.642381 0.102744
100 -0.698074 -11.192118 -8.252760 1.246186 -0.804102 -0.746000
101 20.568237 -0.000006 0.000015 0.177500 0.109236 -0.165985
102 0.223785 -5.734810 -12.929604 2.924294 -0.135273 -0.441621
103 20.803574 -0.000031 -0.000010 0.199294 -0.034136 -0.098510
104 -1.040009 -3.033968 12.140512 1.724854 0.147047 -1.261333
105 -1.039993 3.034004 12.140503 -1.449044 0.045168 1.309323
106 4.165451 -5.407045 12.088393 1.157570 -1.181528 -0.837149
107 16.599438 0.000004 -0.000015 0.133502 -0.065279 0.018453
108 4.165482 5.407081 12.088382 -0.699378 -0.696118 0.619413
109 16.599380 0.000004 -0.000031 0.203519 -0.086929 -0.092467
110 6.428391 0.000001 -0.288942 -0.000001 -0.000000 0.000000
111 -1.833786 -13.936462 1.224506 1.722273 0.049954 -0.397411
112 20.406952 -0.000008 -0.000015 0.167022 0.008997 -0.009084
113 21.655510 -0.000010 -0.000008 0.035733 0.062766 0.554074
114 22.360664 -0.000011 -0.000015 0.020244 -0.141112 0.037241
115 22.519665 -0.000019 -0.000015 -0.000775 -0.058198 -0.410708
116 22.140392 -0.000015 -0.000015 0.188056 0.056679 0.068080
117 -1.699219 -12.875613 4.918510 1.287778 -0.142149 -0.375273
118 20.938599 0.000012 0.000000 0.205944 -0.001376 -0.019433
119 21.993622 -0.000010 -0.000053 -0.001487 -0.121073 0.479492
120 22.563789 -0.000031 0.000000 0.023083 -0.092687 0.029449
121 22.643345 -0.000015 -0.000023 -0.057120 0.190390 -0.368614
122 22.238060 -0.000019 -0.000015 0.162300 -0.023873 0.071023
123 -1.634354 -9.854568 8.052349 0.889708 -0.294720 -0.289570
124 22.205292 0.000002 -0.000019 0.215911 -0.009338 -0.024855
125 22.804390 -0.000008 -0.000038 -0.019793 -0.256201 0.356523
126 23.051655 0.000004 0.000000 0.018904 -0.070175 0.045226
127 22.939983 0.000004 -0.000038 -0.057954 0.358172 -0.232487
128 22.472076 -0.000002 -0.000008 0.160338 -0.092605 0.045695
129 -1.616150 -5.333254 10.147442 0.407892 -0.794396 -0.246826
130 23.451309 -0.000001 -0.000023 0.199308 -0.017703 -0.023044
131 23.608017 -0.000008 -0.000031 0.009598 0.228805 -0.046369
132 23.536232 -0.000008 -0.000031 0.012235 0.421469 -0.171165
133 23.233971 -0.000002 0.000004 -0.025770 0.476653 -0.124743
134 22.703690 0.000006 -0.000008 0.176256 -0.138272 -0.008812
135 -1.614517 -0.000000 10.883353 0.176591 -0.428362 -0.020059
136 23.962128 -0.000002 -0.000031 0.169642 -0.026268 -0.017955
137 23.938965 -0.000010 0.000008 -0.014896 -0.374778 0.064177
138 23.736015 -0.000006 -0.000015 0.002498 -0.073513 0.085807
139 23.354965 0.000000 -0.000031 0.054924 0.452862 0.140995
140 22.798935 -0.000023 -0.000015 0.194837 -0.156945 -0.074614
141 -1.616150 5.333252 10.147424 -0.177300 -0.415105 0.130455
142 23.451324 -0.000010 0.000000 0.138585 -0.034191 -0.014624
143 23.608025 -0.000008 -0.000038 -0.002910 -0.373347 -0.091538
144 23.536240 0.000000 -0.000015 -0.009922 -0.083473 0.105579
145 23.233978 -0.000021 -0.000031 0.110384 0.414444 0.339056
146 22.703678 -0.000004 0.000000 0.207893 -0.150093 -0.137583
147 -1.634354 9.854566 8.052345 -0.555014 -0.343953 0.273909
148 22.205276 -0.000002 0.000004 0.117505 -0.041098 -0.018793
149 22.804451 0.000000 -0.000076 0.009053 -0.325679 -0.254147
150 23.051628 0.000001 0.000000 -0.025738 -0.093482 0.124307
151 22.939974 -0.000010 -0.000008 0.131782 0.333159 0.523581
152 22.472073 -0.000019 -0.000031 0.206675 -0.116231 -0.207699
153 -1.699219 12.875607 4.918526 -0.968195 -0.208617 0.386860
154 20.938599 0.000019 0.000000 0.119523 -0.044369 -0.036022
155 21.993591 -0.000011 -0.000069 0.008690 -0.215270 -0.407457
156 22.563797 0.000004 0.000000 -0.046860 -0.105351 0.151901
157 22.643356 0.000004 -0.000038 0.099427 0.206149 0.683694
158 22.238033 -0.000031 -0.000023 0.169944 -0.062585 -0.248752
159 -1.833786 13.936460 1.224504 -1.409855 -0.022877 0.440879
160 20.406952 0.000004 -0.000038 0.146893 -0.036817 -0.063823
161 21.655502 0.000004 -0.000008 -0.018535 -0.035451 -0.513357
162 22.360649 -0.000004 -0.000015 -0.069127 -0.188500 0.192332
163 22.519669 0.000000 -0.000023 -0.021885 -0.040275 0.795364
164 22.140381 0.000004 -0.000023 0.096366 -0.000461 -0.235058
165 -1.972580 12.875609 -3.614557 -1.682914 0.092480 0.415142
166 20.655182 0.000008 -0.000015 0.158414 -0.027231 -0.074562
167 21.762260 0.000004 -0.000031 -0.054954 0.100246 -0.528403
168 22.392166 0.000015 -0.000023 -0.099279 -0.134603 0.243063
169 22.541344 0.000015 -0.000038 -0.093170 -0.085719 0.849363
170 22.217506 -0.000002 -0.000031 0.034704 0.039625 -0.225072
171 -1.967316 9.854568 -7.722437 -2.011567 0.189753 0.327873
172 21.272713 0.000000 -0.000015 0.168604 -0.013057 -0.079358
173 22.032509 0.000021 -0.000046 -0.090948 0.270093 -0.486488
174 22.475670 0.000004 -0.000011 -0.119809 -0.162412 0.283568
175 22.598717 -0.000002 -0.000008 -0.191179 -0.238638 0.842044
176 22.407982 0.000008 -0.000023 0.017540 0.080465 -0.178489
177 -1.900848 5.333254 -10.470076 -2.442503 0.257239 0.201813
178 21.914345 0.000008 -0.000023 0.167217 0.006985 -0.073423
179 22.319839 -0.000006 0.000000 -0.095824 0.466861 -0.332666
180 22.569626 0.000008 0.000019 -0.121525 -0.215321 0.292953
181 22.663231 0.000008 0.000000 -0.255204 -0.435003 0.735851
182 22.604515 -0.000031 -0.000038 0.035365 0.114728 -0.141939
183 -1.865585 -0.000002 -11.435438 -2.974610 0.292469 0.055347
184 22.186676 -0.000002 0.000000 0.145271 0.024248 -0.053920
185 22.443718 0.000000 0.000000 -0.007578 0.589781 -0.003842
186 22.611534 -0.000006 0.000004 -0.083877 -0.268367 0.244476
187 22.692017 -0.000015 0.000015 -0.193379 -0.610054 0.468982
188 22.687641 -0.000023 -0.000008 0.089197 0.141213 -0.107793
189 -1.900848 -5.333257 -10.470068 2.772644 0.290968 -0.099664
190 21.914345 0.000010 -0.000008 0.126495 0.027946 -0.029784
191 22.319839 -0.000020 0.000000 0.093252 0.515944 0.338543
192 22.569618 -0.000006 -0.000010 -0.026011 -0.277418 0.160753
193 22.663223 -0.000038 0.000023 -0.024022 -0.629517 0.070228
194 22.604507 -0.000023 0.000000 0.163476 0.149735 -0.042359
195 -1.967285 -9.854567 -7.722441 2.333566 0.246558 -0.244556
196 21.272697 -0.000013 0.000000 0.130977 0.022241 -0.014243
197 22.032486 0.000000 -0.000023 0.102481 0.348554 0.508706
198 22.475693 -0.000015 -0.000023 0.007650 -0.242691 0.097146
199 22.598713 -0.000008 -0.000019 0.067625 -0.475206 -0.224325
200 22.407974 -0.000015 -0.000023 0.211816 0.140104 0.002122
201 -1.972580 -12.875611 -3.614561 1.997837 0.161460 -0.352218
202 20.655182 0.000004 -0.000015 0.147935 0.015755 -0.008895
203 21.762276 -0.000013 -0.000015 0.072316 0.194345 0.558849
204 22.392174 -0.000019 -0.000019 0.019746 -0.190584 0.057884
205 22.541332 -0.000019 -0.000008 0.053519 -0.263327 -0.363935
206 22.217510 -0.000011 -0.000015 0.216205 0.108809 0.043181
207 0.059621 0.456168 0.250107 0.000000 -0.000000 0.000000
208 0.059621 0.456168 0.250107 0.000000 -0.000000 0.000000
time 8
  0 0.059621 0.456168 0.250107 0.000000 -0.000000 0.000000
  1 0.059621 0.456168 0.250107 0.000000 -0.000000 0.000000
  2 0.059621 0.456168 0.250107 0.000000 -0.000000 0.000000
  3 0.059621 0.456168 0.250107 0.000000 -0.000000 0.000000
  4 0.059621 0.456168 0.250107 0.000000 -0.000000 0.000000
  5 0.059621 0.456168 0.250107 0.000000 -0.000000 0.000000
  6 0.059621 0.456168 0.250107 0.000000 -0.000000 0.000000
  7 0.059621 0.456168 0.250107 0.000000 -0.000000 0.000000
  8 0.059621 0.456168 0.250107 0.000000 -0.000000 0.000000
  9 0.059621 0.456168 0.250107 0.000000 -0.000000 0.000000
 10 -23.574160 88.973640 178.464371 -1.374137 -0.014751 0.244155
 11 24.668247 0.000015 -0.000038 0.982724 0.341061 -0.092027
 12 30.380140 -0.000015 0.000000 1.573421 0.206674 -0.045546
 13 19.902084 -0.000015 0.000011 0.000177 0.400627 -0.186944
 14 -49.002529 -131.665192 184.689026 1.435902 0.083797 -3.134508
 15 35.349518 0.000015 0.000008 -1.297911 -0.849309 0.163586
 16 37.124329 -0.000031 -0.000015 -1.432478 -0.607750 -0.177946
 17 0.059621 0.456168 0.250107 0.053212 -0.004284 -0.128800
 18 0.059621 -34.570862 104.400574 1.419280 1.570796 0.000000
 19 -65.799545 -0.000021 1.142857 -0.000000 0.000515 3.141077
 20 11.181564 0.005760 -0.002415 0.093967 -0.065077 -0.115192
 21 27.835175 0.000004 -0.000008 2.853447 -0.007979 0.056824
 22 5.330368 0.000000 -0.000002 -3.069864 -0.172159 -0.007764
 23 10.134903 -4.133393 3.834190 -0.669937 -1.168190 -2.510129
 24 10.134903 4.133402 3.834198 0.669953 -1.168186 2.510116
 25 22.592377 0.000015 17.467110 -0.000010 2.956431 0.000000
 26 21.199997 -7.744006 14.169510 -0.644457 -0.154503 -3.025319
 27 18.142014 -13.440229 7.965767 1.228366 -0.180197 3.082644
 28 21.199982 7.744030 14.169495 0.644460 -0.154503 3.025318
 29 18.141998 13.440243 7.965775 -0.316157 -0.180196 -3.082644
 30 11.858871 -13.360003 3.526512 1.542249 3.132957 0.174415
 31 9.463287 -16.404869 -2.906052 1.542282 3.132901 0.176490
 32 9.125259 -10.885479 -11.371330 0.000496 2.962373 0.000256
 33 11.858871 13.360012 3.526466 -1.542248 3.132957 -0.174414
 34 9.463272 16.404873 -2.906029 -1.542281 3.132900 -0.176490
 35 9.125290 10.885477 -11.371307 -0.000492 2.962373 0.000256
 36 9.023239 -0.000003 -17.296173 0.000180 -0.167048 -3.141356
 37 12.691422 -0.000002 -19.438766 0.450337 1.685606 0.464752
 38 10.989407 0.000000 0.000000 0.085109 -0.190787 -0.360529
 39 12.871475 -10.586844 -15.652473 1.309061 1.976794 1.118285
 40 10.727013 -0.000004 -0.000031 0.122706 -0.197807 -0.247868
 41 12.871490 10.586845 -15.652473 -1.194588 1.866521 -0.993265
 42 10.726978 -0.000019 0.000015 0.048662 -0.151873 -0.401790
 43 12.847214 -17.570087 -4.701347 1.383847 2.086447 1.116267
 44 11.496498 0.000000 -0.000031 0.089023 -0.161501 -0.191639
 45 12.847198 17.570091 -4.701363 -1.382700 2.026629 -1.136756
 46 11.496468 0.000006 0.000000 0.027693 -0.057070 -0.416255
 47 28.485962 0.000015 16.460350 -0.000001 -0.039729 0.000000
 48 23.052765 -6.207909 -0.077305 -1.470206 0.035100 -1.833545
 49 9.436905 -0.000011 -0.000015 0.050345 0.087107 0.369026
 50 31.269337 -0.000011 0.000000 -0.006701 -0.563522 0.008666
 51 28.756508 -0.000008 0.000000 -0.001117 0.032665 0.001416
 52 2.251984 -2.464413 -1.141647 0.481305 0.508197 -0.319329
 53 3.674046 -0.000015 0.000015 -0.277611 0.179024 0.194713
 54 3.614704 0.000008 0.000000 0.013156 0.193871 -0.001558
 55 9.035500 -2.494957 0.484558 -0.001362 0.302449 0.001673
 56 2.943581 0.000000 -0.000015 0.010585 0.293657 -0.007800
 57 2.649429 -0.000011 0.000000 -0.006498 0.303243 0.008512
 58 9.093620 -0.386673 0.647720 0.020190 0.475380 -0.012607
 59 3.451889 -0.000004 0.000000 -0.014209 0.528778 0.009212
 60 2.898186 -0.000008 0.000031 -0.000683 0.490858 0.000916
 61 8.894585 1.605846 0.371902 -0.000566 0.547851 0.000704
 62 3.130405 -0.000004 0.000031 0.003896 0.567158 -0.005064
 63 2.629524 -0.000004 -0.000046 0.004892 0.544388 -0.006589
 64 8.470619 3.459522 0.131500 -0.021715 0.541478 0.011455
 65 2.410267 -0.000002 -0.000061 0.022815 0.529939 -0.013321
 66 2.000793 -0.000004 0.000015 -0.005415 0.533618 0.007402
 67 23.052765 6.207916 -0.077328 1.481500 -0.037424 2.094757
 68 9.436897 0.000019 0.000000 0.061299 -0.585036 0.108044
 69 31.269352 -0.000002 0.000000 0.078358 -0.204981 0.029405
 70 28.756523 -0.000019 0.000000 1.492739 -0.004394 -0.057790
 71 2.251892 2.464417 -1.141562 -0.513217 0.249535 0.112914
 72 3.674088 0.000000 -0.000015 0.331388 -0.059506 -0.325011
 73 3.614685 0.000000 0.000019 0.067360 -0.216133 -0.086857
 74 9.035416 2.494980 0.484421 0.001362 -0.011534 -0.001673
 75 2.943573 0.000000 -0.000027 -0.011497 -0.020268 0.014556
 76 2.649429 0.000000 0.000015 0.006498 -0.010740 -0.008512
 77 9.093704 0.386703 0.647778 -0.018031 0.093461 0.020165
 78 3.451874 0.000000 0.000001 0.014953 0.008589 -0.019838
 79 2.898209 0.000000 -0.000002 0.000683 -0.029445 -0.000917
 80 8.894424 -1.605835 0.371908 0.000566 0.090541 -0.000704
 81 3.130432 0.000000 -0.000040 -0.003896 -0.009289 0.005063
 82 2.629517 0.000000 0.000019 -0.004892 -0.032059 0.006589
 83 8.470612 -3.459503 0.131399 0.018786 0.137518 -0.020073
 84 2.410278 0.000000 -0.000016 -0.024238 -0.029075 0.031299
 85 2.000763 -0.000015 0.000023 0.005415 -0.025697 -0.007402
 86 9.832352 1.463074 -1.299437 0.016523 -0.031798 -0.020624
 87 25.040588 -5.670404 5.432775 -1.312160 -0.224887 -2.136065
 88 28.779709 -6.856308 -0.811441 -1.466235 0.019064 -1.725377
 89 29.182312 -3.955563 -4.961983 0.881870 2.552753 0.503940
 90 25.040573 5.670414 5.432732 1.296833 -0.398765 2.185823
 91 28.779739 6.856316 -0.811424 1.466235 0.019065 1.725381
 92 29.182281 3.955570 -4.961964 -0.881870 2.552752 -0.503940
 93 -65.335663 -0.000021 1.140919 -3.141591 0.044911 0.000000
 94 26.290909 -12.205290 1.157879 -2.071447 -0.017454 0.065112
 95 49.071022 0.000008 0.000010 2.179705 0.127556 -0.112856
 96 61.871311 -0.000012 -0.000017 3.080256 0.672597 0.035641
 97 26.290924 12.205296 1.157841 2.044502 0.127786 -0.159169
 98 49.071060 0.000008 -0.000034 -2.187262 0.154733 0.063501
 99 61.871304 0.000023 -0.000021 -2.944714 0.642381 0.102744
100 -0.698074 -11.192118 -8.252762 1.256311 -0.823210 -0.762352
101 20.568245 -0.000010 -0.000015 0.185007 0.113302 -0.167882
102 0.223785 -5.734811 -12.929604 2.923766 -0.196155 -0.451424
103 20.803574 -0.000023 -0.000006 0.205261 -0.029461 -0.108449
104 -1.040024 -3.033968 12.140512 1.732502 0.153880 -1.256917
105 -1.040009 3.034005 12.140501 -1.444309 0.035599 1.312633
106 4.165436 -5.407045 12.088391 1.202789 -1.181168 -0.887641
107 16.599445 -0.000004 -0.000031 0.141638 -0.066002 0.014176
108 4.165482 5.407081 12.088382 -0.692519 -0.705469 0.618484
109 16.599373 0.000008 -0.000031 0.210501 -0.091769 -0.100133
110 6.428375 0.000001 -0.288944 -0.000001 -0.000000 -0.000000
111 -1.833771 -13.936464 1.224508 1.729898 0.051396 -0.393614
112 20.406967 -0.000006 -0.000023 0.174521 0.013171 -0.010547
113 21.655495 -0.000005 0.000000 0.034977 0.060895 0.585238
114 22.360664 -0.000019 0.000000 0.008788 -0.128580 0.104602
115 22.519657 -0.000015 0.000000 -0.005887 -0.042490 -0.338513
116 22.140388 -0.000023 -0.000015 0.195358 0.060906 0.065638
117 -1.699219 -12.875613 4.918510 1.295474 -0.141162 -0.374368
118 20.938614 0.000008 0.000000 0.213642 0.000490 -0.019969
119 21.993622 -0.000017 -0.000053 -0.008657 -0.138382 0.503190
120 22.563782 -0.000046 0.000000 0.011556 -0.120598 0.089056
121 22.643347 -0.000015 -0.000015 -0.048799 0.175678 -0.292455
122 22.238064 -0.000019 -0.000023 0.170075 -0.019795 0.069223
123 -1.634354 -9.854568 8.052347 0.897593 -0.295143 -0.290988
124 22.205292 -0.000003 -0.000019 0.223682 -0.009860 -0.025595
125 22.804382 -0.000015 -0.000046 -0.027736 -0.283489 0.368920
126 23.051651 -0.000011 -0.000008 0.009584 -0.126988 0.081401
127 22.939974 -0.000004 -0.000031 -0.044797 0.311867 -0.170647
128 22.472080 -0.000008 -0.000015 0.168257 -0.090360 0.040730
129 -1.616150 -5.333254 10.147440 0.428546 -0.820778 -0.279065
130 23.451302 -0.000000 -0.000031 0.207042 -0.020249 -0.024678
131 23.608009 -0.000010 -0.000023 0.013539 0.113095 -0.017910
132 23.536232 -0.000008 -0.000031 0.016824 0.368088 -0.155853
133 23.233986 -0.000006 -0.000008 -0.040751 0.553411 -0.161188
134 22.703705 0.000007 -0.000011 0.183981 -0.135544 -0.014793
135 -1.614517 0.000000 10.883352 0.184519 -0.432793 -0.023288
136 23.962143 -0.000002 -0.000031 0.177258 -0.030384 -0.020845
137 23.938965 -0.000008 0.000011 -0.013767 -0.407880 0.049731
138 23.736015 -0.000006 -0.000031 0.002345 -0.150764 0.060488
139 23.354961 0.000000 -0.000031 0.045363 0.381819 0.128744
140 22.798931 -0.000023 -0.000023 0.202170 -0.153995 -0.081213
141 -1.616135 5.333252 10.147425 -0.169677 -0.421604 0.127850
142 23.451309 -0.000010 0.000000 0.146022 -0.039391 -0.019056
143 23.608025 -0.000004 -0.000038 0.003530 -0.403791 -0.118746
144 23.536240 0.000006 -0.000015 -0.003747 -0.157092 0.047987
145 23.233976 -0.000015 -0.000031 0.088721 0.352889 0.284083
146 22.703671 0.000011 -0.000008 0.214730 -0.147223 -0.144570
147 -1.634354 9.854565 8.052347 -0.547872 -0.352301 0.272806
148 22.205246 0.000000 -0.000004 0.124704 -0.046732 -0.025079
149 22.804451 -0.000004 -0.000076 0.018645 -0.350308 -0.292455
150 23.051628 -0.000002 -0.000008 -0.012871 -0.155134 0.034602
151 22.939978 -0.000006 -0.000023 0.107467 0.291832 0.437033
152 22.472080 -0.000011 -0.000038 0.213016 -0.113709 -0.215013
153 -1.699219 12.875608 4.918526 -0.961541 -0.218331 0.387820
154 20.938599 0.000015 0.000000 0.126438 -0.049424 -0.044414
155 21.993584 -0.000011 -0.000061 0.017044 -0.231095 -0.454784
156 22.563805 0.000010 -0.000015 -0.027346 -0.144778 0.031608
157 22.643360 0.000004 -0.000031 0.084931 0.190904 0.585355
158 22.238045 -0.000023 -0.000031 0.175968 -0.060666 -0.256627
159 -1.833786 13.936460 1.224508 -1.403453 -0.033160 0.444080
160 20.406967 0.000000 -0.000038 0.153488 -0.040018 -0.074098
161 21.655518 0.000004 -0.000015 -0.017098 -0.040063 -0.568318
162 22.360641 0.000004 -0.000008 -0.032495 -0.188791 0.045301
163 22.519661 0.000004 -0.000008 -0.009754 -0.028422 0.708167
164 22.140373 0.000008 -0.000008 0.102279 0.000730 -0.243624
165 -1.972580 12.875610 -3.614553 -1.676440 0.082362 0.419700
166 20.655197 0.000004 -0.000023 0.164868 -0.028870 -0.085528
167 21.762253 0.000008 -0.000015 -0.060298 0.103579 -0.587683
168 22.392159 0.000013 -0.000023 -0.069917 -0.117084 0.091385
169 22.541344 0.000013 -0.000031 -0.080319 -0.066906 0.785283
170 22.217506 0.000006 -0.000015 0.040641 0.040466 -0.233800
171 -1.967300 9.854567 -7.722431 -2.004822 0.180365 0.334008
172 21.272720 0.000004 -0.000008 0.175007 -0.012673 -0.090538
173 22.032509 0.000019 -0.000053 -0.105632 0.285678 -0.548288
174 22.475670 0.000019 0.000000 -0.086525 -0.113734 0.138601
175 22.598724 0.000011 -0.000008 -0.173306 -0.212405 0.805729
176 22.407988 0.000004 -0.000031 0.023503 0.082510 -0.187140
177 -1.900848 5.333252 -10.470074 -2.435369 0.249461 0.209643
178 21.914307 0.000009 -0.000015 0.173635 0.009839 -0.083989
179 22.319839 -0.000006 0.000000 -0.118305 0.501826 -0.388895
180 22.569626 0.000013 0.000019 -0.086315 -0.128756 0.178049
181 22.663223 0.000020 0.000011 -0.239139 -0.403004 0.725834
182 22.604527 -0.000034 -0.000031 0.041259 0.117484 -0.149990
183 -1.865585 -0.000002 -11.435440 -2.967112 0.287299 0.064258
184 22.186676 -0.000002 -0.000015 0.151794 0.029388 -0.062602
185 22.443718 0.000002 -0.000008 -0.017211 0.642539 -0.027693
186 22.611526 -0.000005 0.000008 -0.056704 -0.155636 0.187539
187 22.692017 -0.000010 0.000023 -0.186785 -0.572784 0.480794
188 22.687645 -0.000027 -0.000004 0.095001 0.144852 -0.114657
189 -1.900848 -5.333257 -10.470066 2.780332 0.288621 -0.091048
190 21.914352 0.000009 -0.000015 0.133264 0.034176 -0.035833
191 22.319824 -0.000017 0.000008 0.105409 0.562335 0.356345
192 22.569626 -0.000011 0.000000 -0.016011 -0.172042 0.165965
193 22.663231 -0.000042 0.000032 -0.031885 -0.589718 0.103119
194 22.604517 -0.000027 -0.000008 0.169396 0.154123 -0.047696
195 -1.967285 -9.854566 -7.722443 2.341277 0.246316 -0.237277
196 21.272705 -0.000017 0.000008 0.138025 0.028308 -0.018133
197 22.032494 0.000005 -0.000015 0.114994 0.376555 0.540927
198 22.475685 -0.000023 -0.000011 0.004746 -0.166452 0.140624
199 22.598709 -0.000004 -0.000015 0.052456 -0.437725 -0.173938
200 22.407982 -0.000023 -0.000023 0.218077 0.144779 -0.001888
201 -1.972565 -12.875612 -3.614561 2.005503 0.162447 -0.346645
202 20.655159 0.000008 -0.000015 0.155236 0.021037 -0.011366
203 21.762276 -0.000014 0.000000 0.078006 0.205816 0.592432
204 22.392166 -0.000023 -0.000027 0.010746 -0.147081 0.119098
205 22.541332 -0.000019 -0.000008 0.040821 -0.233471 -0.301371
206 22.217506 -0.000008 -0.000015 0.222980 0.113343 0.039885
207 0.059621 0.456168 0.250107 0.000000 -0.000000 0.000000
208 0.059621 0.456168 0.250107 0.000000 -0.000000 0.000000
time 9
  0 0.059621 0.456168 0.250107 0.000000 -0.000000 0.000000
  1 0.059621 0.456168 0.250107 0.000000 -0.000000 0.000000
  2 0.059621 0.456168 0.250107 0.000000 -0.000000 0.000000
  3 0.059621 0.456168 0.250107 0.000000 -0.000000 0.000000
  4 0.059621 0.456168 0.250107 0.000000 -0.000000 0.000000
  5 0.059621 0.456168 0.250107 0.000000 -0.000000 0.000000
  6 0.059621 0.456168 0.250107 0.000000 -0.000000 0.000000
  7 0.059621 0.456168 0.250107 0.000000 -0.000000 0.000000
  8 0.059621 0.456168 0.250107 0.000000 -0.000000 0.000000
  9 0.059621 0.456168 0.250107 0.000000 -0.000000 0.000000
 10 -61.702362 82.135994 178.456192 -1.374137 -0.014751 0.456725
 11 24.668255 0.000000 -0.000031 0.978962 0.382728 -0.119095
 12 30.380148 -0.000031 0.000015 1.577547 0.179728 -0.050372
 13 19.902086 -0.000015 0.000023 0.018699 0.284816 -0.057367
 14 -32.546921 -137.538559 185.814041 1.467306 0.103332 -2.911479
 15 35.349506 0.000015 0.000015 -1.328309 -0.821997 0.218704
 16 37.124321 -0.000031 -0.000015 -1.213443 -0.509154 -0.256887
 17 0.059621 0.456168 0.250107 0.054648 -0.004400 -0.132276
 18 0.059621 -40.020042 104.400574 1.395708 1.570796 0.000000
 19 -65.799545 -0.000020 1.142857 0.000000 0.000515 3.141077
 20 11.181580 0.005760 -0.002411 0.170262 -0.051791 -0.136774
 21 27.835190 0.000008 0.000000 2.799701 0.014761 0.067423
 22 5.330383 -0.000002 0.000000 -3.069864 -0.172159 -0.007764
 23 10.134888 -4.133392 3.834198 -0.669643 -1.168046 -2.510447
 24 10.134888 4.133399 3.834198 0.669659 -1.168041 2.510433
 25 22.592346 0.000012 17.467102 -0.000010 2.956431 0.000000
 26 21.199982 -7.744004 14.169510 -0.644457 -0.154503 -3.025319
 27 18.142014 -13.440223 7.965775 1.228366 -0.180197 3.082644
 28 21.199951 7.744023 14.169487 0.644460 -0.154503 3.025318
 29 18.141998 13.440238 7.965775 -0.316157 -0.180196 -3.082644
 30 11.858871 -13.359996 3.526512 1.542249 3.132957 0.174415
 31 9.463272 -16.404865 -2.906044 1.542282 3.132901 0.176490
 32 9.125244 -10.885473 -11.371323 0.000496 2.962373 0.000256
 33 11.858856 13.360005 3.526474 -1.542248 3.132957 -0.174414
 34 9.463272 16.404865 -2.906021 -1.542281 3.132900 -0.176490
 35 9.125275 10.885470 -11.371300 -0.000492 2.962373 0.000256
 36 9.023239 -0.000002 -17.296173 0.000180 -0.167048 -3.141356
 37 12.691406 -0.000001 -19.438759 0.826865 1.690271 0.851601
 38 10.989407 0.000003 -0.000015 0.064090 -0.182168 -0.248267
 39 12.871460 -10.586838 -15.652470 1.386318 2.004562 1.218254
 40 10.727005 0.000004 -0.000031 0.090002 -0.187296 -0.149281
 41 12.871445 10.586841 -15.652466 -1.206680 1.824141 -1.002070
 42 10.726974 -0.000020 0.000031 0.037595 -0.156425 -0.286486
 43 12.847198 -17.570084 -4.701340 1.435193 2.109414 1.190727
 44 11.496490 0.000004 -0.000015 0.057823 -0.149444 -0.097482
 45 12.847198 17.570084 -4.701355 -1.408753 1.988938 -1.165889
 46 11.496460 0.000006 -0.000015 0.027741 -0.069555 -0.303777
 47 28.485962 0.000014 16.460350 -0.000001 -0.039729 0.000000
 48 23.052765 -6.207907 -0.077301 -1.470206 0.035100 -1.833545
 49 9.436905 -0.000011 -0.000031 0.057459 0.086172 0.436574
 50 31.269329 -0.000008 0.000015 -0.006701 -0.563522 0.008666
 51 28.756500 0.000004 0.000000 -0.001117 0.032665 0.001416
 52 2.251991 -2.464413 -1.141647 0.481305 0.508197 -0.319329
 53 3.674030 -0.000015 0.000015 -0.277611 0.179024 0.194713
 54 3.614697 0.000015 -0.000015 0.013156 0.193871 -0.001558
 55 9.035507 -2.494946 0.484558 -0.001362 0.302449 0.001672
 56 2.943579 0.000004 0.000000 0.010585 0.293657 -0.007800
 57 2.649437 -0.000008 -0.000015 -0.006498 0.303243 0.008512
 58 9.093620 -0.386669 0.647720 0.020190 0.475380 -0.012607
 59 3.451885 0.000000 -0.000015 -0.014209 0.528778 0.009212
 60 2.898186 -0.000004 0.000031 -0.000683 0.490858 0.000916
 61 8.894585 1.605846 0.371902 -0.000566 0.547851 0.000704
 62 3.130398 0.000004 0.000046 0.003896 0.567158 -0.005064
 63 2.629532 0.000004 -0.000061 0.004892 0.544388 -0.006589
 64 8.470619 3.459526 0.131516 -0.021715 0.541478 0.011455
 65 2.410271 -0.000004 -0.000046 0.022815 0.529939 -0.013321
 66 2.000793 -0.000004 0.000000 -0.005415 0.533618 0.007402
 67 23.052780 6.207916 -0.077326 1.481439 -0.055343 2.095534
 68 9.436897 0.000029 -0.000015 -0.055743 -0.500551 0.343049
 69 31.269333 -0.000006 0.000000 0.074381 -0.216423 0.119568
 70 28.756500 -0.000015 0.000015 1.626036 0.018334 -0.050887
 71 2.251907 2.464417 -1.141563 -0.513217 0.249535 0.112914
 72 3.674072 0.000015 -0.000015 0.331388 -0.059506 -0.325011
 73 3.614670 0.000000 0.000015 0.067360 -0.216133 -0.086857
 74 9.035431 2.494965 0.484421 0.001362 -0.011534 -0.001673
 75 2.943558 0.000015 -0.000027 -0.011498 -0.020268 0.014556
 76 2.649429 0.000000 0.000019 0.006498 -0.010740 -0.008512
 77 9.093704 0.386688 0.647778 -0.018031 0.093461 0.020165
 78 3.451859 -0.000015 0.000000 0.014953 0.008589 -0.019838
 79 2.898193 0.000000 -0.000011 0.000683 -0.029445 -0.000917
 80 8.894424 -1.605850 0.371910 0.000566 0.090541 -0.000704
 81 3.130432 0.000000 -0.000036 -0.003896 -0.009289 0.005063
 82 2.629517 0.000000 0.000023 -0.004892 -0.032059 0.006589
 83 8.470612 -3.459503 0.131401 0.018786 0.137518 -0.020073
 84 2.410278 0.000015 -0.000010 -0.024238 -0.029075 0.031299
 85 2.000748 0.000000 0.000015 0.005415 -0.025697 -0.007402
 86 9.832352 1.463074 -1.299438 0.016522 -0.031798 -0.020624
 87 25.040588 -5.670403 5.432775 -1.312160 -0.224887 -2.136065
 88 28.779724 -6.856304 -0.811443 -1.466235 0.019064 -1.725377
 89 29.182312 -3.955563 -4.961975 0.881870 2.552753 0.503940
 90 25.040588 5.670410 5.432735 1.296833 -0.398765 2.185823
 91 28.779739 6.856316 -0.811424 1.466235 0.019065 1.725381
 92 29.182281 3.955570 -4.961960 -0.881870 2.552752 -0.503940
 93 -65.335663 -0.000020 1.140919 -3.141591 0.044911 0.000000
 94 26.290924 -12.205290 1.157883 -2.071447 -0.017454 0.065112
 95 49.071037 0.000004 0.000010 2.179705 0.127556 -0.112856
 96 61.871315 -0.000013 -0.000019 3.080256 0.672597 0.035641
 97 26.290924 12.205293 1.157845 2.044502 0.127786 -0.159169
 98 49.071068 0.000004 -0.000036 -2.187262 0.154733 0.063501
 99 61.871307 0.000023 -0.000023 -2.944714 0.642381 0.102744
100 -0.698074 -11.192118 -8.252762 1.264856 -0.827112 -0.776400
101 20.568230 -0.000004 0.000000 0.181766 0.117539 -0.169876
102 0.223785 -5.734811 -12.929604 2.922756 -0.225428 -0.463067
103 20.803574 -0.000015 -0.000006 0.199977 -0.024833 -0.118483
104 -1.040009 -3.033968 12.140512 1.729521 0.160714 -1.252501
105 -1.039993 3.034004 12.140505 -1.451189 0.026030 1.315943
106 4.165436 -5.407045 12.088390 1.232324 -1.175122 -0.920890
107 16.599438 -0.000004 -0.000015 0.139138 -0.066657 0.009900
108 4.165482 5.407082 12.088383 -0.695748 -0.714442 0.617555
109 16.599380 0.000008 -0.000038 0.207028 -0.096471 -0.107889
110 6.428391 0.000001 -0.288944 -0.000001 -0.000000 0.000000
111 -1.833786 -13.936461 1.224504 1.726892 0.052839 -0.389816
112 20.406967 -0.000008 -0.000023 0.171381 0.017346 -0.012009
113 21.655502 -0.000008 0.000000 0.030100 0.045340 0.600007
114 22.360672 -0.000019 -0.000015 -0.000878 -0.121862 0.164919
115 22.519653 -0.000008 -0.000015 -0.010409 -0.019222 -0.258395
116 22.140396 -0.000019 -0.000015 0.192090 0.065797 0.064449
117 -1.699219 -12.875612 4.918512 1.292596 -0.140174 -0.373709
118 20.938599 0.000015 -0.000008 0.210709 0.002357 -0.020505
119 21.993614 -0.000013 -0.000053 -0.015077 -0.158997 0.509127
120 22.563782 -0.000034 0.000008 0.000126 -0.149228 0.140215
121 22.643337 -0.000008 -0.000015 -0.040657 0.158435 -0.211869
122 22.238045 -0.000019 -0.000031 0.167243 -0.016791 0.069228
123 -1.634354 -9.854567 8.052349 0.895043 -0.295462 -0.292407
124 22.205276 0.000000 -0.000023 0.220833 -0.010280 -0.026336
125 22.804382 -0.000011 -0.000038 -0.031911 -0.305749 0.365107
126 23.051651 0.000000 -0.000008 0.000313 -0.179248 0.110708
127 22.939976 0.000000 -0.000031 -0.033993 0.259748 -0.109901
128 22.472065 0.000000 -0.000015 0.165705 -0.090882 0.037341
129 -1.616165 -5.333253 10.147442 0.444038 -0.830690 -0.303479
130 23.451309 0.000001 -0.000031 0.204174 -0.022738 -0.026311
131 23.608009 -0.000010 -0.000038 0.014532 0.010351 0.006120
132 23.536228 -0.000006 -0.000031 0.022174 0.293379 -0.130877
133 23.233971 -0.000004 -0.000015 -0.048107 0.591047 -0.174140
134 22.703690 0.000004 -0.000015 0.181591 -0.136783 -0.020100
135 -1.614517 -0.000000 10.883354 0.182211 -0.437224 -0.026518
136 23.962128 -0.000001 -0.000031 0.174294 -0.034501 -0.023736
137 23.938972 -0.000008 0.000004 -0.009944 -0.422846 0.028699
138 23.736015 -0.000002 -0.000023 0.004558 -0.218061 0.035995
139 23.354963 0.000006 -0.000031 0.036437 0.302653 0.114339
140 22.798927 -0.000013 -0.000023 0.199861 -0.155621 -0.088192
141 -1.616150 5.333252 10.147425 -0.172305 -0.428102 0.125244
142 23.451309 -0.000010 0.000000 0.142900 -0.044591 -0.023487
143 23.608025 -0.000008 -0.000050 0.009239 -0.412414 -0.144711
144 23.536232 0.000005 -0.000023 0.005547 -0.220163 -0.003860
145 23.233976 -0.000011 -0.000038 0.069297 0.279733 0.227104
146 22.703674 0.000013 -0.000008 0.212400 -0.148949 -0.153167
147 -1.634354 9.854565 8.052345 -0.551071 -0.360650 0.271703
148 22.205261 0.000000 0.000000 0.121372 -0.052367 -0.031366
149 22.804443 0.000000 -0.000072 0.023553 -0.351585 -0.320368
150 23.051628 0.000002 -0.000008 0.002887 -0.206996 -0.044115
151 22.939972 0.000000 -0.000008 0.083575 0.235294 0.342848
152 22.472069 -0.000002 -0.000031 0.210523 -0.115264 -0.225174
153 -1.699219 12.875608 4.918528 -0.965345 -0.228044 0.388523
154 20.938614 0.000015 0.000000 0.122847 -0.054479 -0.052806
155 21.993591 -0.000008 -0.000076 0.018471 -0.225199 -0.482020
156 22.563789 0.000008 -0.000015 -0.006743 -0.176964 -0.072938
157 22.643354 0.000010 -0.000031 0.066677 0.160413 0.465696
158 22.238037 -0.000015 -0.000031 0.173089 -0.061830 -0.268296
159 -1.833786 13.936459 1.224508 -1.407704 -0.043443 0.447280
160 20.406952 0.000004 -0.000038 0.149596 -0.043220 -0.084374
161 21.655518 0.000004 -0.000015 -0.021039 -0.026991 -0.594991
162 22.360649 0.000011 -0.000023 -0.000688 -0.186751 -0.083633
163 22.519665 -0.000002 -0.000015 0.001666 -0.021857 0.580126
164 22.140381 0.000006 -0.000015 0.098838 0.000125 -0.256428
165 -1.972580 12.875608 -3.614552 -1.680474 0.072244 0.424258
166 20.655174 0.000004 -0.000031 0.160829 -0.030509 -0.096493
167 21.762253 0.000004 -0.000031 -0.067617 0.120039 -0.614129
168 22.392159 0.000023 -0.000023 -0.046208 -0.099201 -0.043839
169 22.541344 0.000011 -0.000031 -0.067698 -0.050746 0.669348
170 22.217514 0.000008 -0.000031 0.036334 0.040451 -0.246872
171 -1.967316 9.854567 -7.722431 -2.008537 0.170977 0.340144
172 21.272728 0.000004 -0.000008 0.170870 -0.012288 -0.101718
173 22.032509 0.000027 -0.000061 -0.116451 0.306664 -0.573116
174 22.475655 0.000015 -0.000008 -0.062498 -0.067083 0.006022
175 22.598709 0.000004 -0.000004 -0.146821 -0.180663 0.710495
176 22.407990 0.000008 -0.000031 0.018458 0.084491 -0.199889
177 -1.900848 5.333253 -10.470078 -2.438636 0.241684 0.217473
178 21.914322 0.000010 -0.000023 0.169316 0.012694 -0.094556
179 22.319839 -0.000002 0.000000 -0.129560 0.528820 -0.406141
180 22.569626 0.000013 0.000015 -0.062414 -0.046243 0.070972
181 22.663208 0.000027 0.000013 -0.203117 -0.354046 0.656094
182 22.604534 -0.000023 -0.000019 0.035842 0.120991 -0.161699
183 -1.865585 -0.000001 -11.435440 -2.969998 0.282129 0.073169
184 22.186691 -0.000001 -0.000008 0.147520 0.034528 -0.071283
185 22.443718 0.000004 -0.000015 -0.016784 0.670408 -0.022883
186 22.611542 -0.000003 0.000011 -0.036941 -0.049298 0.134648
187 22.692017 -0.000004 0.000032 -0.156315 -0.504640 0.443230
188 22.687653 -0.000023 0.000004 0.089281 0.149903 -0.124396
189 -1.900848 -5.333256 -10.470070 2.777580 0.286767 -0.082432
190 21.914337 0.000008 -0.000008 0.129332 0.040405 -0.041883
191 22.319839 -0.000018 0.000000 0.114871 0.578403 0.379637
192 22.569618 -0.000011 -0.000004 -0.006339 -0.075103 0.171286
193 22.663231 -0.000042 0.000032 -0.028027 -0.512076 0.112940
194 22.604507 -0.000031 0.000011 0.163744 0.160326 -0.054908
195 -1.967300 -9.854564 -7.722439 2.338455 0.246131 -0.229998
196 21.272728 -0.000021 0.000000 0.134449 0.034375 -0.022023
197 22.032478 0.000004 -0.000023 0.119505 0.377853 0.564608
198 22.475693 -0.000015 -0.000015 0.004660 -0.099215 0.181271
199 22.598709 -0.000015 -0.000004 0.038874 -0.369615 -0.125894
200 22.407982 -0.000023 -0.000015 0.213523 0.151214 -0.006566
201 -1.972580 -12.875610 -3.614559 2.002564 0.163435 -0.341073
202 20.655182 0.000008 -0.000023 0.151902 0.026319 -0.013837
203 21.762268 -0.000010 -0.000015 0.076807 0.197086 0.611993
204 22.392166 -0.000019 -0.000015 0.004385 -0.111662 0.175284
205 22.541336 -0.000023 -0.000015 0.027802 -0.185146 -0.232655
206 22.217501 -0.000015 -0.000015 0.219293 0.119199 0.036964
207 0.059621 0.456168 0.250107 0.000000 -0.000000 0.000000
208 0.059621 0.456168 0.250107 0.000000 -0.000000 0.000000
time 10
  0 0.059621 0.456168 0.250107 0.000000 -0.000000 0.000000
  1 0.059621 0.456168 0.250107 0.000000 -0.000000 0.000000
  2 0.059621 0.456168 0.250107 0.000000 -0.000000 0.000000
  3 0.059621 0.456168 0.250107 0.000000 -0.000000 0.000000
  4 0.059621 0.456168 0.250107 0.000000 -0.000000 0.000000
  5 0.059621 0.456168 0.250107 0.000000 -0.000000 0.000000
  6 0.059621 0.456168 0.250107 0.000000 -0.000000 0.000000
  7 0.059621 0.456168 0.250107 0.000000 -0.000000 0.000000
  8 0.059621 0.456168 0.250107 0.000000 -0.000000 0.000000
  9 0.059621 0.456168 0.250107 0.000000 -0.000000 0.000000
 10 -96.338432 72.386520 178.435471 -1.374137 -0.014751 0.673527
 11 24.668247 0.000000 -0.000031 0.974521 0.454744 -0.145782
 12 30.380156 -0.000019 -0.000015 1.575796 0.174575 -0.066059
 13 19.902092 -0.000015 0.000004 0.044026 0.126462 0.119810
 14 -8.053864 -131.390579 186.901093 1.495841 0.122208 -2.657523
 15 35.349503 0.000000 0.000023 -1.352773 -0.701110 0.243376
 16 37.124329 -0.000015 0.000000 -1.006318 -0.415920 -0.329974
 17 0.059621 0.456168 0.250107 0.056012 -0.004510 -0.135579
 18 0.059621 -44.755348 104.400574 1.375225 1.570796 0.000000
 19 -65.799545 -0.000020 1.142853 -0.000000 0.000515 3.141077
 20 11.181580 0.005760 -0.002411 0.244160 -0.038921 -0.157678
 21 27.835175 0.000011 -0.000004 2.747643 0.036787 0.077689
 22 5.330383 -0.000001 0.000000 -3.069864 -0.172159 -0.007764
 23 10.134888 -4.133394 3.834206 -0.669549 -1.168000 -2.510548
 24 10.134903 4.133400 3.834198 0.669564 -1.167995 2.510535
 25 22.592346 0.000010 17.467102 -0.000010 2.956431 0.000000
 26 21.199982 -7.744009 14.169510 -0.644457 -0.154503 -3.025319
 27 18.142029 -13.440228 7.965767 1.228366 -0.180197 3.082644
 28 21.199982 7.744024 14.169487 0.644460 -0.154503 3.025318
 29 18.141998 13.440241 7.965767 -0.316157 -0.180196 -3.082644
 30 11.858871 -13.359999 3.526512 1.542249 3.132957 0.174415
 31 9.463287 -16.404867 -2.906044 1.542282 3.132901 0.176490
 32 9.125244 -10.885473 -11.371323 0.000496 2.962373 0.000256
 33 11.858856 13.360008 3.526466 -1.542248 3.132957 -0.174414
 34 9.463257 16.404869 -2.906029 -1.542281 3.132900 -0.176490
 35 9.125275 10.885475 -11.371300 -0.000492 2.962373 0.000256
 36 9.023239 -0.000002 -17.296173 0.000180 -0.167048 -3.141356
 37 12.691406 -0.000002 -19.438763 1.037805 1.710896 1.071423
 38 10.989410 0.000002 0.000000 0.039169 -0.171950 -0.115173
 39 12.871475 -10.586840 -15.652466 1.425290 2.043710 1.275529
 40 10.727005 0.000004 -0.000031 0.051229 -0.174835 -0.032399
 41 12.871475 10.586845 -15.652466 -1.203608 1.798575 -0.995635
 42 10.726974 -0.000017 0.000015 0.024474 -0.161822 -0.149785
 43 12.847229 -17.570086 -4.701332 1.465438 2.148367 1.239881
 44 11.496498 0.000000 -0.000031 0.020834 -0.135149 0.014147
 45 12.847183 17.570087 -4.701363 -1.427135 1.969288 -1.186568
 46 11.496460 0.000006 -0.000015 0.027822 -0.084358 -0.170426
 47 28.485962 0.000013 16.460350 -0.000001 -0.039729 0.000000
 48 23.052765 -6.207905 -0.077305 -1.470206 0.035100 -1.833545
 49 9.436913 -0.000004 -0.000031 0.064322 0.085439 0.501953
 50 31.269325 -0.000011 0.000000 -0.006701 -0.563522 0.008666
 51 28.756496 0.000000 0.000015 -0.001117 0.032665 0.001416
 52 2.251984 -2.464420 -1.141647 0.481305 0.508197 -0.319329
 53 3.674046 -0.000031 0.000015 -0.277611 0.179024 0.194713
 54 3.614700 0.000015 0.000000 0.013156 0.193871 -0.001558
 55 9.035500 -2.494957 0.484573 -0.001362 0.302449 0.001673
 56 2.943581 -0.000004 -0.000031 0.010585 0.293657 -0.007800
 57 2.649426 -0.000004 0.000000 -0.006498 0.303243 0.008512
 58 9.093620 -0.386681 0.647705 0.020190 0.475380 -0.012607
 59 3.451885 0.000000 -0.000015 -0.014209 0.528778 0.009212
 60 2.898170 -0.000004 0.000031 -0.000683 0.490858 0.000916
 61 8.894585 1.605843 0.371918 -0.000565 0.547851 0.000704
 62 3.130402 0.000004 0.000046 0.003896 0.567158 -0.005064
 63 2.629524 -0.000004 -0.000046 0.004892 0.544388 -0.006589
 64 8.470612 3.459522 0.131516 -0.021715 0.541478 0.011456
 65 2.410271 0.000000 -0.000061 0.022815 0.529939 -0.013321
 66 2.000801 0.000000 0.000000 -0.005415 0.533618 0.007402
 67 23.052750 6.207920 -0.077322 1.481381 -0.072699 2.096144
 68 9.436886 0.000019 0.000000 -0.177914 -0.397962 0.592964
 69 31.269341 -0.000004 -0.000015 0.071097 -0.231093 0.229051
 70 28.756500 -0.000016 -0.000015 1.714894 0.033545 -0.046267
 71 2.251892 2.464401 -1.141563 -0.513217 0.249535 0.112914
 72 3.674072 0.000000 -0.000023 0.331388 -0.059506 -0.325011
 73 3.614677 0.000000 0.000019 0.067360 -0.216133 -0.086857
 74 9.035416 2.494965 0.484425 0.001362 -0.011534 -0.001673
 75 2.943573 0.000015 -0.000025 -0.011497 -0.020268 0.014556
 76 2.649445 0.000000 0.000015 0.006498 -0.010740 -0.008512
 77 9.093689 0.386673 0.647781 -0.018031 0.093461 0.020165
 78 3.451843 0.000000 0.000006 0.014953 0.008589 -0.019838
 79 2.898209 0.000000 -0.000011 0.000684 -0.029445 -0.000917
 80 8.894409 -1.605850 0.371914 0.000566 0.090541 -0.000704
 81 3.130432 0.000000 -0.000040 -0.003896 -0.009289 0.005063
 82 2.629517 0.000031 0.000017 -0.004892 -0.032059 0.006589
 83 8.470596 -3.459534 0.131399 0.018786 0.137518 -0.020073
 84 2.410278 -0.000015 -0.000010 -0.024238 -0.029075 0.031299
 85 2.000748 0.000000 0.000019 0.005415 -0.025697 -0.007402
 86 9.832336 1.463074 -1.299433 0.016522 -0.031798 -0.020624
 87 25.040588 -5.670403 5.432777 -1.312160 -0.224887 -2.136065
 88 28.779709 -6.856300 -0.811441 -1.466235 0.019064 -1.725377
 89 29.182312 -3.955559 -4.961983 0.881869 2.552753 0.503940
 90 25.040573 5.670418 5.432732 1.296833 -0.398765 2.185823
 91 28.779739 6.856323 -0.811424 1.466235 0.019065 1.725381
 92 29.182281 3.955574 -4.961964 -0.881870 2.552752 -0.503940
 93 -65.335663 -0.000020 1.140919 -3.141591 0.044911 0.000000
 94 26.290909 -12.205290 1.157883 -2.071447 -0.017454 0.065112
 95 49.071022 0.000004 0.000008 2.179705 0.127556 -0.112856
 96 61.871315 -0.000013 -0.000017 3.080256 0.672597 0.035641
 97 26.290924 12.205294 1.157845 2.044502 0.127786 -0.159169
 98 49.071068 0.000004 -0.000034 -2.187262 0.154733 0.063501
 99 61.871304 0.000023 -0.000019 -2.944714 0.642381 0.102745
100 -0.698074 -11.192120 -8.252766 1.270269 -0.818119 -0.785885
101 20.568237 -0.000004 0.000015 0.173037 0.122498 -0.171899
102 0.223785 -5.734811 -12.929607 2.921371 -0.224728 -0.473172
103 20.803574 -0.000031 -0.000004 0.185972 -0.019588 -0.129962
104 -1.040009 -3.033968 12.140511 1.721457 0.168510 -1.247462
105 -1.039993 3.034003 12.140501 -1.469327 0.015113 1.319719
106 4.165436 -5.407046 12.088396 1.247700 -1.165756 -0.938602
107 16.599442 -0.000004 -0.000031 0.132341 -0.067154 0.005021
108 4.165482 5.407081 12.088383 -0.704578 -0.723984 0.616495
109 16.599380 0.000008 -0.000023 0.197633 -0.101283 -0.116770
110 6.428391 0.000000 -0.288948 -0.000001 -0.000000 0.000000
111 -1.833786 -13.936462 1.224499 1.718764 0.054484 -0.385484
112 20.406967 0.000000 -0.000023 0.162900 0.022108 -0.013678
113 21.655487 -0.000006 -0.000008 0.023050 0.021499 0.598759
114 22.360672 -0.000015 -0.000015 -0.009560 -0.122184 0.219291
115 22.519661 -0.000015 -0.000015 -0.012295 0.003451 -0.175839
116 22.140383 -0.000011 -0.000015 0.183252 0.071874 0.063538
117 -1.699219 -12.875612 4.918507 1.284795 -0.139047 -0.373273
118 20.938614 0.000013 0.000000 0.202770 0.004487 -0.021116
119 21.993607 -0.000010 -0.000050 -0.018826 -0.177536 0.499563
120 22.563774 -0.000034 0.000000 -0.010770 -0.179057 0.183932
121 22.643345 -0.000008 -0.000015 -0.033178 0.136613 -0.134615
122 22.238056 -0.000015 -0.000023 0.159549 -0.014165 0.069244
123 -1.634354 -9.854567 8.052343 0.888072 -0.295694 -0.294025
124 22.205307 0.000004 -0.000019 0.213114 -0.010631 -0.027181
125 22.804375 -0.000010 -0.000034 -0.031455 -0.318444 0.349218
126 23.051651 0.000006 -0.000008 -0.008118 -0.227596 0.134084
127 22.939976 0.000011 -0.000038 -0.026316 0.205184 -0.056919
128 22.472065 0.000006 -0.000023 0.158744 -0.092259 0.034655
129 -1.616165 -5.333253 10.147436 0.452267 -0.826476 -0.317437
130 23.451294 0.000001 -0.000023 0.196403 -0.025506 -0.028174
131 23.608002 -0.000006 -0.000038 0.013801 -0.079166 0.024798
132 23.536217 -0.000002 -0.000023 0.026305 0.208351 -0.105031
133 23.233974 -0.000002 -0.000008 -0.047761 0.597465 -0.170214
134 22.703697 0.000002 -0.000027 0.175050 -0.140050 -0.025650
135 -1.614532 0.000001 10.883350 0.175839 -0.442279 -0.030202
136 23.962143 0.000000 -0.000023 0.166263 -0.039197 -0.027034
137 23.938965 -0.000008 0.000011 -0.005269 -0.418141 0.008153
138 23.736019 -0.000004 -0.000023 0.009033 -0.275840 0.012187
139 23.354969 0.000008 -0.000023 0.029390 0.225398 0.096405
140 22.798931 -0.000011 -0.000015 0.193531 -0.159908 -0.096264
141 -1.616150 5.333252 10.147419 -0.179516 -0.435516 0.122271
142 23.451309 -0.000010 0.000000 0.134452 -0.050523 -0.028543
143 23.608009 -0.000004 -0.000038 0.012008 -0.399673 -0.162200
144 23.536232 0.000006 -0.000008 0.017158 -0.272646 -0.050658
145 23.233978 -0.000009 -0.000015 0.055264 0.207577 0.171049
146 22.703672 0.000017 -0.000008 0.206019 -0.153497 -0.163910
147 -1.634369 9.854565 8.052347 -0.559770 -0.370175 0.270444
148 22.205276 0.000000 -0.000004 0.112363 -0.058795 -0.038538
149 22.804451 0.000000 -0.000072 0.022306 -0.331822 -0.331771
150 23.051628 0.000002 0.000008 0.020168 -0.248211 -0.112673
151 22.939972 0.000004 0.000000 0.066074 0.177295 0.250927
152 22.472069 0.000006 -0.000031 0.203719 -0.119364 -0.238492
153 -1.699234 12.875608 4.918526 -0.975613 -0.239126 0.388993
154 20.938599 0.000015 0.000000 0.113151 -0.060245 -0.062381
155 21.993591 -0.000011 -0.000061 0.012837 -0.201111 -0.485013
156 22.563797 0.000011 0.000000 0.013463 -0.200064 -0.161517
157 22.643353 0.000021 -0.000031 0.052311 0.126551 0.343404
158 22.238041 -0.000006 -0.000015 0.165279 -0.064898 -0.283942
159 -1.833801 13.936460 1.224503 -1.419110 -0.055174 0.450931
160 20.406960 0.000004 -0.000046 0.139102 -0.046872 -0.096096
161 21.655502 0.000000 -0.000023 -0.029180 0.000161 -0.591100
162 22.360649 0.000008 -0.000023 0.025700 -0.180812 -0.190973
163 22.519669 0.000008 -0.000015 0.012887 -0.015729 0.437409
164 22.140377 0.000004 -0.000015 0.089564 -0.001471 -0.273679
165 -1.972595 12.875608 -3.614555 -1.691337 0.060701 0.429458
166 20.655151 0.000008 -0.000015 0.149947 -0.032379 -0.109004
167 21.762253 0.000008 -0.000023 -0.075088 0.146195 -0.606128
168 22.392159 0.000015 -0.000023 -0.028209 -0.078730 -0.156242
169 22.541336 0.000008 -0.000023 -0.055342 -0.032168 0.528286
170 22.217499 0.000007 -0.000023 0.024902 0.040412 -0.264485
171 -1.967316 9.854567 -7.722435 -2.018570 0.160267 0.347143
172 21.272713 0.000006 -0.000008 0.159741 -0.011850 -0.114472
173 22.032516 0.000027 -0.000046 -0.120839 0.330026 -0.559690
174 22.475655 0.000000 0.000000 -0.046864 -0.021877 -0.104665
175 22.598717 0.000008 -0.000004 -0.117396 -0.139775 0.581544
176 22.407978 0.000010 -0.000023 0.005157 0.086535 -0.217026
177 -1.900864 5.333253 -10.470081 -2.447503 0.232811 0.226406
178 21.914322 0.000010 -0.000015 0.157747 0.015951 -0.106610
179 22.319832 0.000000 0.000000 -0.126348 0.545360 -0.383302
180 22.569618 0.000010 0.000017 -0.048635 0.029839 -0.017861
181 22.663223 0.000019 0.000017 -0.158608 -0.287041 0.550870
182 22.604538 -0.000015 -0.000015 0.021561 0.125283 -0.177418
183 -1.865601 -0.000003 -11.435440 -2.977861 0.276231 0.083335
184 22.186668 0.000000 -0.000015 0.136085 0.040391 -0.081186
185 22.443726 0.000004 -0.000008 -0.005518 0.671707 0.008681
186 22.611534 -0.000003 0.000008 -0.024000 0.045929 0.094367
187 22.692009 -0.000003 0.000031 -0.116271 -0.410573 0.379932
188 22.687645 -0.000011 0.000008 0.074200 0.156369 -0.137409
189 -1.900864 -5.333258 -10.470074 2.770079 0.285289 -0.072603
190 21.914330 0.000008 0.000000 0.118777 0.047512 -0.048785
191 22.319824 -0.000015 0.000008 0.119754 0.565772 0.403631
192 22.569626 -0.000008 0.000000 0.002451 0.008568 0.182611
193 22.663239 -0.000053 0.000046 -0.018442 -0.408955 0.113267
194 22.604523 -0.000038 0.000015 0.148842 0.168410 -0.064533
195 -1.967300 -9.854566 -7.722439 2.330791 0.245995 -0.221694
196 21.272728 -0.000015 -0.000008 0.124817 0.041297 -0.026460
197 22.032478 0.000006 -0.000023 0.115818 0.356457 0.576753
198 22.475685 -0.000011 -0.000019 0.006171 -0.044724 0.222487
199 22.598709 -0.000011 0.000000 0.029075 -0.285004 -0.077027
200 22.407990 -0.000023 -0.000015 0.201373 0.159586 -0.012402
201 -1.972580 -12.875612 -3.614563 1.994605 0.164561 -0.334715
202 20.655167 0.000004 -0.000015 0.142908 0.032344 -0.016655
203 21.762276 -0.000015 -0.000008 0.069986 0.173206 0.616478
204 22.392174 -0.000019 -0.000027 -0.000275 -0.086629 0.228201
205 22.541336 -0.000023 -0.000015 0.018391 -0.130348 -0.159979
206 22.217501 -0.000004 -0.000015 0.209346 0.126689 0.033913
207 0.059621 0.456168 0.250107 0.000000 -0.000000 0.000000
208 0.059621 0.456168 0.250107 0.000000 -0.000000 0.000000
time 11
  0 0.059621 0.456168 0.250107 0.000000 -0.000000 0.000000
  1 0.059621 0.456168 0.250107 0.000000 -0.000000 0.000000
  2 0.059621 0.456168 0.250107 0.000000 -0.000000 0.000000
  3 0.059621 0.456168 0.250107 0.000000 -0.000000 0.000000
  4 0.059621 0.456168 0.250107 0.000000 -0.000000 0.000000
  5 0.059621 0.456168 0.250107 0.000000 -0.000000 0.000000
  6 0.059621 0.456168 0.250107 0.000000 -0.000000 0.000000
  7 0.059621 0.456168 0.250107 0.000000 -0.000000 0.000000
  8 0.059621 0.456168 0.250107 0.000000 -0.000000 0.000000
  9 0.059621 0.456168 0.250107 0.000000 -0.000000 0.000000
 10 -118.563278 61.072422 178.396393 -1.374137 -0.014751 0.893627
 11 24.668247 0.000031 -0.000046 0.967790 0.519651 -0.173309
 12 30.380152 -0.000023 -0.000015 1.563344 0.194420 -0.105639
 13 19.902088 -0.000015 0.000015 0.071621 -0.046074 0.312853
 14 26.825859 -115.250336 188.074936 1.521356 0.142591 -2.354059
 15 35.349518 0.000000 0.000008 -1.360715 -0.648862 0.250251
 16 37.124340 -0.000031 -0.000015 -0.819046 -0.331622 -0.394915
 17 0.059621 0.456168 0.250107 0.057299 -0.004613 -0.138694
 18 0.059621 -48.491253 104.400574 1.359064 1.570796 0.000000
 19 -65.799545 -0.000019 1.142853 -0.000000 0.000515 3.141077
 20 11.181595 0.005760 -0.002411 0.313264 -0.026887 -0.177227
 21 27.835175 0.000011 -0.000004 2.698963 0.057384 0.087289
 22 5.330383 -0.000003 0.000000 -3.069864 -0.172159 -0.007764
 23 10.134888 -4.133392 3.834198 -0.669637 -1.168043 -2.510453
 24 10.134903 4.133402 3.834206 0.669653 -1.168038 2.510439
 25 22.592361 0.000011 17.467110 -0.000010 2.956431 0.000000
 26 21.199982 -7.744008 14.169510 -0.644457 -0.154503 -3.025319
 27 18.142014 -13.440226 7.965767 1.228366 -0.180197 3.082644
 28 21.199966 7.744026 14.169487 0.644460 -0.154503 3.025318
 29 18.141998 13.440243 7.965767 -0.316157 -0.180196 -3.082644
 30 11.858871 -13.359999 3.526512 1.542249 3.132957 0.174415
 31 9.463272 -16.404867 -2.906044 1.542282 3.132901 0.176490
 32 9.125244 -10.885475 -11.371330 0.000496 2.962373 0.000256
 33 11.858856 13.360008 3.526466 -1.542248 3.132957 -0.174414
 34 9.463257 16.404873 -2.906021 -1.542281 3.132900 -0.176490
 35 9.125275 10.885477 -11.371300 -0.000492 2.962373 0.000256
 36 9.023224 0.000000 -17.296173 0.000180 -0.167048 -3.141356
 37 12.691406 0.000000 -19.438759 1.094108 1.734059 1.134333
 38 10.989403 0.000001 0.000000 0.012949 -0.161199 0.024865
 39 12.871460 -10.586843 -15.652473 1.429850 2.089888 1.292767
 40 10.726997 -0.000002 -0.000031 0.010433 -0.161724 0.090580
 41 12.871445 10.586847 -15.652466 -1.183666 1.794283 -0.972977
 42 10.726974 -0.000019 0.000015 0.010668 -0.167499 -0.005952
 43 12.847214 -17.570084 -4.701340 1.472774 2.199870 1.259967
 44 11.496498 0.000000 -0.000031 -0.018086 -0.120108 0.131599
 45 12.847183 17.570087 -4.701363 -1.432312 1.972113 -1.193347
 46 11.496460 0.000004 0.000000 0.027942 -0.099933 -0.030118
 47 28.485947 0.000015 16.460350 -0.000001 -0.039729 0.000000
 48 23.052765 -6.207905 -0.077301 -1.470206 0.035100 -1.833545
 49 9.436905 -0.000015 -0.000046 0.070720 0.084882 0.563057
 50 31.269325 -0.000011 -0.000015 -0.006701 -0.563522 0.008666
 51 28.756500 0.000000 0.000000 -0.001117 0.032665 0.001416
 52 2.251987 -2.464409 -1.141647 0.481305 0.508197 -0.319329
 53 3.674042 -0.000015 0.000008 -0.277611 0.179024 0.194713
 54 3.614697 0.000000 0.000000 0.013156 0.193871 -0.001558
 55 9.035503 -2.494949 0.484558 -0.001362 0.302449 0.001673
 56 2.943581 0.000000 -0.000015 0.010585 0.293657 -0.007800
 57 2.649426 0.000000 0.000000 -0.006498 0.303243 0.008512
 58 9.093616 -0.386673 0.647705 0.020190 0.475380 -0.012607
 59 3.451885 0.000000 0.000000 -0.014209 0.528778 0.009212
 60 2.898186 -0.000011 0.000031 -0.000683 0.490858 0.000916
 61 8.894581 1.605854 0.371902 -0.000566 0.547851 0.000704
 62 3.130402 0.000000 0.000031 0.003896 0.567158 -0.005064
 63 2.629524 -0.000004 -0.000046 0.004892 0.544389 -0.006589
 64 8.470623 3.459526 0.131500 -0.021715 0.541478 0.011455
 65 2.410263 0.000000 -0.000046 0.022815 0.529939 -0.013321
 66 2.000793 -0.000004 0.000015 -0.005415 0.533618 0.007402
 67 23.052780 6.207920 -0.077322 1.481326 -0.088929 2.096607
 68 9.436890 0.000023 0.000015 -0.298825 -0.286320 0.843537
 69 31.269325 0.000004 0.000000 0.068457 -0.248213 0.348195
 70 28.756500 -0.000008 0.000000 1.747205 0.039093 -0.044582
 71 2.251877 2.464401 -1.141563 -0.513217 0.249535 0.112914
 72 3.674103 0.000015 -0.000015 0.331388 -0.059506 -0.325011
 73 3.614685 -0.000015 0.000019 0.067360 -0.216133 -0.086857
 74 9.035400 2.494949 0.484421 0.001362 -0.011534 -0.001673
 75 2.943573 0.000000 -0.000032 -0.011498 -0.020268 0.014556
 76 2.649445 0.000000 0.000019 0.006498 -0.010740 -0.008512
 77 9.093674 0.386673 0.647778 -0.018031 0.093461 0.020165
 78 3.451874 0.000015 0.000000 0.014953 0.008589 -0.019838
 79 2.898209 -0.000015 -0.000011 0.000684 -0.029445 -0.000917
 80 8.894409 -1.605850 0.371914 0.000566 0.090541 -0.000704
 81 3.130432 0.000000 -0.000042 -0.003896 -0.009289 0.005063
 82 2.629517 -0.000015 0.000021 -0.004892 -0.032059 0.006589
 83 8.470581 -3.459534 0.131395 0.018786 0.137518 -0.020073
 84 2.410278 0.000000 -0.000008 -0.024238 -0.029075 0.031299
 85 2.000748 0.000000 0.000021 0.005415 -0.025697 -0.007402
 86 9.832336 1.463058 -1.299435 0.016523 -0.031798 -0.020624
 87 25.040573 -5.670403 5.432779 -1.312160 -0.224887 -2.136065
 88 28.779709 -6.856304 -0.811436 -1.466235 0.019064 -1.725377
 89 29.182297 -3.955555 -4.961973 0.881870 2.552753 0.503940
 90 25.040573 5.670414 5.432737 1.296833 -0.398765 2.185823
 91 28.779755 6.856319 -0.811424 1.466235 0.019065 1.725381
 92 29.182281 3.955578 -4.961958 -0.881870 2.552752 -0.503940
 93 -65.335663 -0.000018 1.140915 -3.141591 0.044911 0.000000
 94 26.290909 -12.205291 1.157883 -2.071447 -0.017454 0.065112
 95 49.071037 0.000008 0.000008 2.179705 0.127556 -0.112856
 96 61.871315 -0.000013 -0.000010 3.080256 0.672597 0.035641
 97 26.290924 12.205296 1.157845 2.044502 0.127786 -0.159169
 98 49.071075 0.000000 -0.000034 -2.187262 0.154733 0.063501
 99 61.871300 0.000023 -0.000023 -2.944714 0.642381 0.102744
100 -0.698074 -11.192118 -8.252766 1.271394 -0.797041 -0.788997
101 20.568237 -0.000004 0.000000 0.160309 0.127782 -0.173862
102 0.223785 -5.734810 -12.929604 2.919633 -0.194529 -0.478832
103 20.803558 -0.000015 -0.000008 0.166016 -0.014107 -0.142028
104 -1.040024 -3.033969 12.140514 1.709629 0.176691 -1.242175
105 -1.040009 3.034003 12.140501 -1.494972 0.003657 1.323682
106 4.165436 -5.407045 12.088392 1.249469 -1.154314 -0.941244
107 16.599438 -0.000004 -0.000031 0.122299 -0.067516 -0.000099
108 4.165482 5.407080 12.088383 -0.717723 -0.733551 0.615383
109 16.599380 0.000008 -0.000031 0.183855 -0.105978 -0.126109
110 6.428375 0.000000 -0.288940 -0.000001 0.000000 0.000000
111 -1.833771 -13.936462 1.224503 1.706844 0.056211 -0.380937
112 20.406967 -0.000004 -0.000023 0.150487 0.027106 -0.015429
113 21.655495 -0.000010 -0.000008 0.015252 -0.005855 0.579469
114 22.360672 -0.000019 -0.000023 -0.018780 -0.130552 0.270056
115 22.519657 -0.000015 -0.000008 -0.012052 0.021930 -0.093424
116 22.140387 -0.000008 -0.000015 0.170290 0.078570 0.062867
117 -1.699219 -12.875612 4.918503 1.273312 -0.137865 -0.372927
118 20.938599 0.000011 0.000000 0.191119 0.006722 -0.021758
119 21.993614 -0.000008 -0.000050 -0.019318 -0.190972 0.474294
120 22.563782 -0.000023 0.000008 -0.022117 -0.211226 0.222672
121 22.643345 0.000000 -0.000031 -0.027547 0.111357 -0.062540
122 22.238045 -0.000008 -0.000015 0.148198 -0.011925 0.069275
123 -1.634354 -9.854567 8.052345 0.877707 -0.295890 -0.295723
124 22.205292 0.000002 -0.000019 0.201770 -0.010953 -0.028068
125 22.804375 -0.000010 -0.000042 -0.026835 -0.319541 0.322370
126 23.051666 0.000002 0.000000 -0.016445 -0.274186 0.153532
127 22.939978 0.000008 -0.000038 -0.021972 0.151122 -0.011135
128 22.472069 0.000002 -0.000031 0.148415 -0.094206 0.032594
129 -1.616150 -5.333254 10.147438 0.451828 -0.808953 -0.318816
130 23.451302 0.000001 -0.000023 0.184976 -0.028385 -0.030129
131 23.608002 -0.000002 -0.000031 0.012017 -0.160396 0.039422
132 23.536224 -0.000002 -0.000031 0.028463 0.121053 -0.082008
133 23.233963 -0.000002 0.000008 -0.042944 0.583901 -0.156784
134 22.703690 0.000003 -0.000031 0.165304 -0.144669 -0.031151
135 -1.614517 -0.000001 10.883347 0.166234 -0.447583 -0.034068
136 23.962128 -0.000001 -0.000027 0.154460 -0.044125 -0.030494
137 23.938972 -0.000005 0.000008 -0.001451 -0.395799 -0.009296
138 23.736015 -0.000002 -0.000015 0.014820 -0.326836 -0.011146
139 23.354967 0.000008 -0.000023 0.024119 0.153674 0.077058
140 22.798937 -0.000011 -0.000015 0.184078 -0.165969 -0.104803
141 -1.616135 5.333251 10.147419 -0.190303 -0.443295 0.119151
142 23.451309 -0.000010 0.000008 0.122049 -0.056748 -0.033848
143 23.608009 -0.000004 -0.000038 0.010868 -0.369362 -0.169294
144 23.536247 0.000006 -0.000008 0.029943 -0.317109 -0.093830
145 23.233980 -0.000010 -0.000015 0.046132 0.140942 0.118174
146 22.703671 0.000017 -0.000008 0.196500 -0.159927 -0.175782
147 -1.634354 9.854566 8.052341 -0.572621 -0.380170 0.269124
148 22.205261 -0.000004 0.000000 0.099155 -0.065540 -0.046064
149 22.804443 -0.000004 -0.000076 0.015352 -0.296311 -0.326086
150 23.051628 0.000002 -0.000008 0.037726 -0.280819 -0.173650
151 22.939976 0.000002 0.000000 0.055015 0.123617 0.165477
152 22.472071 0.000000 -0.000023 0.193617 -0.125160 -0.253578
153 -1.699219 12.875607 4.918522 -0.990632 -0.250755 0.389370
154 20.938583 0.000019 0.000000 0.098962 -0.066297 -0.072428
155 21.993599 0.000000 -0.000069 0.002166 -0.164943 -0.465089
156 22.563805 0.000008 -0.000008 0.032174 -0.215235 -0.237408
157 22.643351 0.000011 -0.000015 0.043153 0.095450 0.227662
158 22.238035 -0.000004 -0.000015 0.153780 -0.069235 -0.301859
159 -1.833786 13.936458 1.224499 -1.435653 -0.067485 0.454763
160 20.406975 0.000008 -0.000046 0.123776 -0.050705 -0.108397
161 21.655502 0.000000 -0.000008 -0.038469 0.033989 -0.559098
162 22.360649 0.000004 -0.000015 0.046924 -0.170728 -0.280008
163 22.519653 -0.000004 -0.000015 0.023219 -0.007601 0.296362
164 22.140369 0.000004 0.000000 0.076028 -0.003728 -0.293480
165 -1.972580 12.875611 -3.614563 -1.707177 0.048588 0.434915
166 20.655174 0.000011 -0.000023 0.134076 -0.034341 -0.122132
167 21.762260 0.000000 -0.000015 -0.079735 0.174481 -0.567093
168 22.392151 0.000011 -0.000015 -0.015614 -0.054483 -0.247654
169 22.541344 0.000011 -0.000031 -0.044584 -0.008543 0.382684
170 22.217499 0.000010 -0.000023 0.008576 0.040357 -0.284702
171 -1.967316 9.854568 -7.722439 -2.033257 0.149027 0.354488
172 21.272720 0.000008 0.000000 0.143541 -0.011389 -0.127857
173 22.032524 0.000027 -0.000053 -0.116836 0.348367 -0.512884
174 22.475677 0.000008 -0.000008 -0.038231 0.023307 -0.193007
175 22.598717 0.000011 0.000004 -0.090960 -0.089324 0.441934
176 22.407982 0.000010 -0.000019 -0.013648 0.088552 -0.236674
177 -1.900848 5.333255 -10.470085 -2.460565 0.223500 0.235780
178 21.914330 0.000011 -0.000031 0.141010 0.019369 -0.119260
179 22.319832 -0.000004 0.000000 -0.109961 0.545310 -0.328587
180 22.569626 0.000019 0.000019 -0.042480 0.100166 -0.085613
181 22.663208 0.000027 0.000021 -0.117069 -0.204798 0.434194
182 22.604523 -0.000004 0.000008 0.001371 0.129973 -0.195431
183 -1.865585 -0.000001 -11.435448 -2.989512 0.270041 0.094003
184 22.186668 0.000000 -0.000015 0.119561 0.046545 -0.091579
185 22.443710 0.000006 0.000000 0.010187 0.644951 0.054029
186 22.611542 -0.000003 0.000008 -0.015964 0.129194 0.070789
187 22.692009 -0.000001 0.000031 -0.078930 -0.299326 0.311990
188 22.687645 -0.000013 0.000017 0.052879 0.163605 -0.152286
189 -1.900848 -5.333257 -10.470078 2.758965 0.283961 -0.062289
190 21.914322 0.000010 -0.000008 0.103458 0.054970 -0.056027
191 22.319832 -0.000011 0.000000 0.116170 0.527339 0.418421
192 22.569626 -0.000008 -0.000004 0.009962 0.077260 0.203733
193 22.663223 -0.000038 0.000034 -0.007903 -0.293608 0.114608
194 22.604515 -0.000027 0.000011 0.127773 0.177540 -0.075532
195 -1.967285 -9.854566 -7.722443 2.319486 0.245879 -0.212980
196 21.272720 -0.000011 0.000000 0.110769 0.048561 -0.031117
197 22.032478 0.000004 -0.000015 0.103854 0.317566 0.571877
198 22.475693 -0.000023 -0.000015 0.007506 -0.004746 0.267038
199 22.598709 -0.000015 -0.000008 0.023440 -0.195594 -0.025146
200 22.407982 -0.000027 -0.000011 0.183894 0.169033 -0.018847
201 -1.972565 -12.875612 -3.614571 1.982915 0.165743 -0.328044
202 20.655182 0.000004 -0.000023 0.129767 0.038667 -0.019613
203 21.762268 -0.000008 0.000000 0.058766 0.139443 0.602539
204 22.392159 -0.000019 -0.000027 -0.005216 -0.073237 0.280126
205 22.541344 -0.000011 -0.000015 0.013094 -0.076764 -0.084654
206 22.217506 -0.000011 -0.000008 0.194812 0.135070 0.030891
207 0.059621 0.456168 0.250107 0.000000 -0.000000 0.000000
208 0.059621 0.456168 0.250107 0.000000 -0.000000 0.000000
time 12
  0 0.059621 0.456168 0.250107 0.000000 -0.000000 0.000000
  1 0.059621 0.456168 0.250107 0.000000 -0.000000 0.000000
  2 0.059621 0.456168 0.250107 0.000000 -0.000000 0.000000
  3 0.059621 0.456168 0.250107 0.000000 -0.000000 0.000000
  4 0.059621 0.456168 0.250107 0.000000 -0.000000 0.000000
  5 0.059621 0.456168 0.250107 0.000000 -0.000000 0.000000
  6 0.059621 0.456168 0.250107 0.000000 -0.000000 0.000000
  7 0.059621 0.456168 0.250107 0.000000 -0.000000 0.000000
  8 0.059621 0.456168 0.250107 0.000000 -0.000000 0.000000
  9 0.059621 0.456168 0.250107 0.000000 -0.000000 0.000000
 10 -128.723877 48.514065 178.341156 -1.374137 -0.014751 1.116091
 11 24.668247 0.000015 -0.000031 0.962963 0.537317 -0.189986
 12 30.380138 -0.000038 -0.000031 1.538737 0.233068 -0.171308
 13 19.902084 -0.000015 0.000008 0.096948 -0.204428 0.490030
 14 65.474426 -92.573303 189.208725 1.542885 0.162279 -2.043754
 15 35.349510 0.000015 0.000008 -1.363021 -0.692815 0.266194
 16 37.124329 -0.000046 0.000015 -0.659567 -0.259835 -0.449417
 17 0.059621 0.456168 0.250107 0.058503 -0.004710 -0.141609
 18 0.059621 -50.942184 104.400574 1.348462 1.570796 0.000000
 19 -65.799545 -0.000020 1.142860 0.000000 0.000515 3.141077
 20 11.181580 0.005759 -0.002411 0.375179 -0.016104 -0.194741
 21 27.835205 0.000008 -0.000006 2.655347 0.075839 0.095890
 22 5.330399 -0.000002 0.000000 -3.069864 -0.172159 -0.007764
 23 10.134903 -4.133392 3.834206 -0.669889 -1.168167 -2.510182
 24 10.134903 4.133404 3.834213 0.669905 -1.168162 2.510167
 25 22.592361 0.000015 17.467117 -0.000010 2.956431 0.000000
 26 21.199997 -7.744006 14.169525 -0.644457 -0.154503 -3.025319
 27 18.142029 -13.440228 7.965782 1.228366 -0.180197 3.082644
 28 21.199966 7.744030 14.169510 0.644460 -0.154503 3.025318
 29 18.141998 13.440247 7.965782 -0.316157 -0.180196 -3.082644
 30 11.858871 -13.360000 3.526520 1.542249 3.132957 0.174415
 31 9.463272 -16.404869 -2.906036 1.542282 3.132901 0.176490
 32 9.125244 -10.885477 -11.371323 0.000496 2.962373 0.000256
 33 11.858856 13.360016 3.526482 -1.542248 3.132957 -0.174414
 34 9.463272 16.404877 -2.906013 -1.542281 3.132900 -0.176490
 35 9.125275 10.885481 -11.371292 -0.000492 2.962373 0.000256
 36 9.023224 0.000000 -17.296173 0.000180 -0.167048 -3.141356
 37 12.691406 0.000000 -19.438759 1.027788 1.754230 1.071279
 38 10.989418 0.000002 -0.000015 -0.011972 -0.150980 0.157959
 39 12.871460 -10.586840 -15.652466 1.403307 2.143145 1.271741
 40 10.727005 -0.000002 -0.000031 -0.028340 -0.149264 0.207461
 41 12.871445 10.586849 -15.652466 -1.153959 1.820088 -0.942244
 42 10.726982 -0.000017 0.000000 -0.002453 -0.172896 0.130748
 43 12.847229 -17.570084 -4.701332 1.458022 2.264624 1.249665
 44 11.496498 0.000002 -0.000031 -0.055076 -0.105814 0.243228
 45 12.847198 17.570095 -4.701355 -1.420076 2.006688 -1.182548
 46 11.496475 0.000006 0.000015 0.028108 -0.114736 0.103232
 47 28.485962 0.000015 16.460358 -0.000001 -0.039729 0.000000
 48 23.052780 -6.207905 -0.077303 -1.470206 0.035100 -1.833545
 49 9.436913 -0.000011 -0.000031 0.076438 0.084480 0.617777
 50 31.269325 -0.000015 -0.000015 -0.006701 -0.563522 0.008666
 51 28.756500 -0.000008 0.000000 -0.001117 0.032665 0.001416
 52 2.251991 -2.464417 -1.141647 0.481305 0.508197 -0.319329
 53 3.674042 -0.000015 0.000015 -0.277611 0.179024 0.194713
 54 3.614700 0.000008 0.000000 0.013156 0.193871 -0.001558
 55 9.035507 -2.494949 0.484573 -0.001362 0.302449 0.001673
 56 2.943581 -0.000004 0.000000 0.010585 0.293657 -0.007800
 57 2.649433 0.000000 0.000000 -0.006498 0.303243 0.008512
 58 9.093620 -0.386673 0.647705 0.020190 0.475380 -0.012607
 59 3.451887 0.000000 0.000000 -0.014209 0.528778 0.009212
 60 2.898178 -0.000015 0.000031 -0.000683 0.490858 0.000916
 61 8.894585 1.605850 0.371902 -0.000566 0.547851 0.000704
 62 3.130405 0.000000 0.000046 0.003896 0.567158 -0.005064
 63 2.629524 -0.000008 -0.000046 0.004892 0.544388 -0.006589
 64 8.470619 3.459518 0.131500 -0.021715 0.541478 0.011456
 65 2.410271 -0.000008 -0.000061 0.022815 0.529939 -0.013321
 66 2.000809 0.000000 0.000015 -0.005415 0.533618 0.007402
 67 23.052795 6.207924 -0.077328 1.481278 -0.103471 2.096942
 68 9.436897 0.000017 0.000000 -0.412084 -0.174679 1.080513
 69 31.269341 0.000004 -0.000015 0.066411 -0.267006 0.467339
 70 28.756516 0.000000 0.000000 1.594198 0.024536 -0.049126
 71 2.251884 2.464417 -1.141560 -0.513217 0.249535 0.112914
 72 3.674088 0.000000 -0.000031 0.331388 -0.059506 -0.325011
 73 3.614693 0.000015 0.000015 0.067360 -0.216133 -0.086857
 74 9.035416 2.494949 0.484425 0.001362 -0.011534 -0.001673
 75 2.943573 0.000000 -0.000031 -0.011498 -0.020268 0.014556
 76 2.649445 -0.000015 0.000011 0.006498 -0.010740 -0.008512
 77 9.093681 0.386673 0.647781 -0.018031 0.093461 0.020165
 78 3.451859 -0.000015 -0.000008 0.014953 0.008589 -0.019838
 79 2.898201 0.000000 -0.000008 0.000683 -0.029445 -0.000917
 80 8.894417 -1.605835 0.371914 0.000566 0.090541 -0.000704
 81 3.130440 -0.000015 -0.000046 -0.003896 -0.009289 0.005063
 82 2.629509 0.000015 0.000015 -0.004892 -0.032059 0.006589
 83 8.470604 -3.459518 0.131393 0.018786 0.137518 -0.020073
 84 2.410278 0.000000 -0.000008 -0.024238 -0.029075 0.031299
 85 2.000748 0.000000 0.000023 0.005415 -0.025697 -0.007402
 86 9.832344 1.463058 -1.299431 0.016523 -0.031798 -0.020624
 87 25.040604 -5.670406 5.432770 -1.312160 -0.224887 -2.136065
 88 28.779724 -6.856308 -0.811441 -1.466235 0.019064 -1.725377
 89 29.182327 -3.955559 -4.961988 0.881869 2.552753 0.503940
 90 25.040604 5.670418 5.432728 1.296833 -0.398765 2.185823
 91 28.779770 6.856323 -0.811428 1.466235 0.019065 1.725381
 92 29.182297 3.955574 -4.961969 -0.881870 2.552752 -0.503940
 93 -65.335663 -0.000020 1.140923 -3.141591 0.044911 0.000000
 94 26.290909 -12.205290 1.157887 -2.071447 -0.017454 0.065112
 95 49.071030 0.000002 0.000006 2.179705 0.127556 -0.112856
 96 61.871311 -0.000014 -0.000013 3.080256 0.672597 0.035641
 97 26.290924 12.205299 1.157845 2.044502 0.127786 -0.159169
 98 49.071060 0.000004 -0.000034 -2.187262 0.154733 0.063501
 99 61.871304 0.000021 -0.000023 -2.944713 0.642381 0.102745
100 -0.698074 -11.192117 -8.252766 1.267521 -0.762555 -0.784325
101 20.568230 -0.000008 0.000000 0.145070 0.132995 -0.175671
102 0.223785 -5.734809 -12.929600 2.917891 -0.132706 -0.477865
103 20.803574 -0.000023 -0.000011 0.142881 -0.008769 -0.153824
104 -1.040009 -3.033967 12.140518 1.695354 0.184680 -1.237012
105 -1.040009 3.034005 12.140505 -1.524369 -0.007530 1.327551
106 4.165436 -5.407044 12.088392 1.236738 -1.140822 -0.927626
107 16.599442 -0.000004 -0.000015 0.110062 -0.067765 -0.005099
108 4.165482 5.407082 12.088387 -0.733899 -0.742599 0.614297
109 16.599380 0.000011 -0.000023 0.167232 -0.110329 -0.135242
110 6.428391 0.000003 -0.288940 -0.000001 0.000000 -0.000000
111 -1.833786 -13.936464 1.224503 1.692466 0.057897 -0.376498
112 20.406952 0.000000 -0.000015 0.135549 0.031986 -0.017139
113 21.655502 -0.000004 0.000000 0.008834 -0.032088 0.538712
114 22.360672 -0.000015 -0.000023 -0.029572 -0.146438 0.320765
115 22.519653 -0.000008 -0.000008 -0.010101 0.034023 -0.009959
116 22.140387 -0.000011 -0.000015 0.154647 0.085318 0.062400
117 -1.699219 -12.875616 4.918507 1.259393 -0.136710 -0.372535
118 20.938599 0.000015 0.000000 0.177051 0.008905 -0.022384
119 21.993622 -0.000010 -0.000050 -0.015471 -0.195247 0.432004
120 22.563782 -0.000025 0.000008 -0.034844 -0.247047 0.260451
121 22.643333 -0.000004 -0.000023 -0.023757 0.082571 0.006125
122 22.238045 -0.000011 -0.000015 0.134394 -0.010077 0.069321
123 -1.634369 -9.854570 8.052345 0.864969 -0.296104 -0.297381
124 22.205292 0.000000 -0.000019 0.188044 -0.011289 -0.028933
125 22.804382 -0.000010 -0.000038 -0.018187 -0.305494 0.285320
126 23.051659 0.000000 0.000000 -0.025454 -0.322225 0.172271
127 22.939972 0.000006 -0.000038 -0.020133 0.097381 0.029988
128 22.472065 0.000004 -0.000023 0.135762 -0.096438 0.031080
129 -1.616165 -5.333255 10.147438 0.441898 -0.776793 -0.305891
130 23.451302 0.000001 -0.000031 0.171143 -0.031208 -0.032038
131 23.608009 -0.000006 -0.000023 0.009379 -0.241442 0.052410
132 23.536221 0.000000 -0.000015 0.029136 0.034326 -0.062937
133 23.233963 -0.000004 0.000015 -0.036962 0.561466 -0.141177
134 22.703682 0.000006 -0.000031 0.153298 -0.149963 -0.036308
135 -1.614532 -0.000001 10.883350 0.154223 -0.452762 -0.037844
136 23.962143 0.000000 -0.000027 0.140180 -0.048938 -0.033873
137 23.938950 -0.000006 0.000011 0.000485 -0.355718 -0.020421
138 23.736023 -0.000004 -0.000023 0.021838 -0.376258 -0.034313
139 23.354965 0.000005 -0.000023 0.020655 0.086921 0.056814
140 22.798931 -0.000010 -0.000015 0.172400 -0.172916 -0.113188
141 -1.616150 5.333252 10.147423 -0.203658 -0.450892 0.116105
142 23.451309 -0.000010 0.000004 0.107063 -0.062827 -0.039029
143 23.608025 -0.000004 -0.000046 0.005666 -0.323050 -0.162807
144 23.536232 0.000007 -0.000008 0.044238 -0.358898 -0.135764
145 23.233969 -0.000012 -0.000023 0.041151 0.080015 0.067417
146 22.703667 0.000020 0.000000 0.184753 -0.167298 -0.187771
147 -1.634369 9.854565 8.052345 -0.588277 -0.389930 0.267834
148 22.205276 0.000004 -0.000004 0.083228 -0.072127 -0.053413
149 22.804443 0.000004 -0.000069 0.003882 -0.248343 -0.300529
150 23.051628 0.000000 0.000000 0.056233 -0.309682 -0.231526
151 22.939964 0.000000 0.000000 0.049392 0.075870 0.084893
152 22.472059 0.000008 -0.000038 0.181232 -0.131805 -0.269041
153 -1.699234 12.875610 4.918522 -1.008690 -0.262110 0.389793
154 20.938583 0.000019 0.000008 0.081890 -0.072206 -0.082238
155 21.993591 -0.000004 -0.000061 -0.010999 -0.121644 -0.420233
156 22.563805 0.000011 -0.000008 0.050286 -0.226121 -0.306968
157 22.643349 0.000011 -0.000008 0.038653 0.070151 0.118598
158 22.238033 -0.000004 -0.000008 0.139834 -0.074208 -0.320341
159 -1.833801 13.936460 1.224499 -1.455315 -0.079506 0.458505
160 20.406967 0.000004 -0.000046 0.105389 -0.054447 -0.120409
161 21.655510 0.000015 -0.000015 -0.045328 0.067113 -0.497603
162 22.360649 0.000004 -0.000015 0.064840 -0.158170 -0.358424
163 22.519665 0.000004 -0.000015 0.032674 0.004940 0.161663
164 22.140373 0.000004 0.000000 0.059802 -0.006315 -0.313936
165 -1.972595 12.875610 -3.614559 -1.726138 0.036760 0.440244
166 20.655182 0.000008 -0.000015 0.115068 -0.036257 -0.134951
167 21.762245 0.000008 -0.000015 -0.078144 0.196422 -0.496722
168 22.392159 0.000011 -0.000023 -0.007128 -0.026710 -0.325387
169 22.541336 0.000008 -0.000023 -0.035915 0.023229 0.241592
170 22.217499 0.000008 -0.000015 -0.010411 0.040294 -0.305586
171 -1.967316 9.854568 -7.722435 -2.050931 0.138052 0.361660
172 21.272713 0.000004 0.000000 0.124190 -0.010940 -0.140926
173 22.032509 0.000025 -0.000046 -0.102547 0.352300 -0.434838
174 22.475677 0.000011 0.000000 -0.034694 0.069771 -0.265047
175 22.598717 0.000011 -0.000004 -0.069980 -0.027635 0.304845
176 22.407982 0.000023 -0.000015 -0.035205 0.090454 -0.256959
177 -1.900864 5.333254 -10.470078 -2.476418 0.214408 0.244934
178 21.914322 0.000015 -0.000023 0.121188 0.022706 -0.131613
179 22.319839 0.000002 -0.000008 -0.083377 0.519920 -0.249989
180 22.569626 0.000010 0.000019 -0.041123 0.167374 -0.135864
181 22.663223 0.000023 0.000023 -0.083541 -0.108391 0.321806
182 22.604523 -0.000002 0.000004 -0.021775 0.134676 -0.214019
183 -1.865601 -0.000003 -11.435440 -3.003762 0.263997 0.104420
184 22.186668 0.000002 -0.000008 0.100025 0.052553 -0.101728
185 22.443718 0.000008 0.000000 0.023242 0.586832 0.100018
186 22.611534 -0.000003 0.000000 -0.010084 0.203425 0.063256
187 22.692017 -0.000003 0.000034 -0.048794 -0.176318 0.253605
188 22.687653 -0.000011 0.000015 0.028438 0.170969 -0.167619
189 -1.900864 -5.333258 -10.470070 2.745374 0.282558 -0.052217
190 21.914337 0.000008 0.000000 0.085233 0.062252 -0.063099
191 22.319832 -0.000015 0.000008 0.102121 0.464328 0.415153
192 22.569611 -0.000006 -0.000006 0.017124 0.133336 0.235744
193 22.663223 -0.000042 0.000038 0.002424 -0.174194 0.125799
194 22.604511 -0.000027 0.000015 0.103621 0.186881 -0.086864
195 -1.967300 -9.854567 -7.722446 2.305743 0.245753 -0.204471
196 21.272720 -0.000019 0.000000 0.093945 0.055654 -0.035664
197 22.032478 0.000011 -0.000015 0.084981 0.264812 0.544203
198 22.475685 -0.000015 -0.000027 0.008113 0.022584 0.316824
199 22.598709 -0.000008 -0.000008 0.022298 -0.108595 0.034236
200 22.407982 -0.000023 -0.000008 0.163351 0.178695 -0.025351
201 -1.972580 -12.875612 -3.614567 1.968781 0.166898 -0.321529
202 20.655182 0.000008 -0.000015 0.113992 0.044842 -0.022502
203 21.762283 -0.000011 0.000000 0.045318 0.100184 0.565698
204 22.392166 -0.000011 -0.000031 -0.011437 -0.070126 0.333790
205 22.541336 -0.000004 -0.000015 0.011968 -0.029021 -0.004643
206 22.217499 0.000000 -0.000023 0.177363 0.143596 0.028059
207 0.059621 0.456168 0.250107 0.000000 -0.000000 0.000000
208 0.059621 0.456168 0.250107 0.000000 -0.000000 0.000000
time 13
  0 0.059621 0.456168 0.250107 0.000000 -0.000000 0.000000
  1 0.059621 0.456168 0.250107 0.000000 -0.000000 0.000000
  2 0.059621 0.456168 0.250107 0.000000 -0.000000 0.000000
  3 0.059621 0.456168 0.250107 0.000000 -0.000000 0.000000
  4 0.059621 0.456168 0.250107 0.000000 -0.000000 0.000000
  5 0.059621 0.456168 0.250107 0.000000 -0.000000 0.000000
  6 0.059621 0.456168 0.250107 0.000000 -0.000000 0.000000
  7 0.059621 0.456168 0.250107 0.000000 -0.000000 0.000000
  8 0.059621 0.456168 0.250107 0.000000 -0.000000 0.000000
  9 0.059621 0.456168 0.250107 0.000000 -0.000000 0.000000
 10 -134.117126 34.005890 178.258804 -1.374138 -0.014751 1.339984
 11 24.668251 0.000015 -0.000031 0.961579 0.529653 -0.195122
 12 30.380148 -0.000038 0.000000 1.520842 0.256131 -0.217426
 13 19.902107 0.000000 0.000015 0.115470 -0.320239 0.619607
 14 101.274040 -66.814980 190.175629 1.559459 0.179069 -1.769280
 15 35.349510 0.000015 0.000015 -1.368512 -0.758180 0.291579
 16 37.124329 -0.000031 -0.000015 -0.535821 -0.204133 -0.491185
 17 0.059621 0.456168 0.250107 0.059619 -0.004800 -0.144309
 18 0.059621 -51.822624 104.400574 1.344654 1.570796 0.000000
 19 -65.799545 -0.000020 1.142853 -0.000000 0.000515 3.141077
 20 11.181580 0.005760 -0.002411 0.427507 -0.006991 -0.209543
 21 27.835190 0.000008 -0.000006 2.618484 0.091436 0.103160
 22 5.330383 -0.000002 0.000000 -3.069864 -0.172159 -0.007764
 23 10.134872 -4.133392 3.834198 -0.670287 -1.168362 -2.509752
 24 10.134872 4.133402 3.834198 0.670303 -1.168357 2.509738
 25 22.592346 0.000013 17.467102 -0.000010 2.956431 0.000000
 26 21.199982 -7.744005 14.169510 -0.644457 -0.154503 -3.025319
 27 18.141998 -13.440226 7.965767 1.228366 -0.180197 3.082644
 28 21.199951 7.744026 14.169495 0.644460 -0.154503 3.025318
 29 18.141983 13.440241 7.965767 -0.316157 -0.180196 -3.082644
 30 11.858856 -13.360000 3.526505 1.542249 3.132957 0.174415
 31 9.463257 -16.404865 -2.906052 1.542282 3.132901 0.176490
 32 9.125244 -10.885474 -11.371323 0.000496 2.962373 0.000256
 33 11.858841 13.360010 3.526474 -1.542248 3.132957 -0.174414
 34 9.463257 16.404871 -2.906029 -1.542281 3.132900 -0.176490
 35 9.125259 10.885477 -11.371307 -0.000492 2.962373 0.000256
 36 9.023209 -0.000002 -17.296173 0.000180 -0.167048 -3.141356
 37 12.691406 0.000000 -19.438766 0.829610 1.775256 0.871466
 38 10.989410 0.000002 -0.000015 -0.032992 -0.142361 0.270220
 39 12.871445 -10.586840 -15.652473 1.344898 2.210711 1.209223
 40 10.727005 0.000004 -0.000015 -0.061044 -0.138753 0.306048
 41 12.871445 10.586845 -15.652473 -1.126133 1.893222 -0.916440
 42 10.726974 -0.000017 0.000015 -0.013520 -0.177448 0.246052
 43 12.847214 -17.570082 -4.701340 1.422083 2.350611 1.206785
 44 11.496498 0.000000 -0.000031 -0.086275 -0.093756 0.337384
 45 12.847183 17.570089 -4.701355 -1.390668 2.091089 -1.154542
 46 11.496460 0.000004 -0.000015 0.028327 -0.127221 0.215711
 47 28.485947 0.000013 16.460358 -0.000001 -0.039729 0.000000
 48 23.052780 -6.207909 -0.077303 -1.470206 0.035100 -1.833545
 49 9.436913 -0.000011 -0.000031 0.081260 0.084209 0.664006
 50 31.269333 -0.000008 0.000015 -0.006701 -0.563522 0.008666
 51 28.756504 0.000000 0.000000 -0.001117 0.032665 0.001416
 52 2.251991 -2.464409 -1.141647 0.481305 0.508197 -0.319329
 53 3.674046 -0.000031 0.000023 -0.277611 0.179024 0.194713
 54 3.614697 0.000015 -0.000015 0.013156 0.193871 -0.001558
 55 9.035511 -2.494949 0.484558 -0.001362 0.302449 0.001673
 56 2.943579 0.000000 -0.000031 0.010585 0.293657 -0.007800
 57 2.649429 0.000000 0.000000 -0.006498 0.303243 0.008512
 58 9.093624 -0.386673 0.647705 0.020190 0.475380 -0.012607
 59 3.451887 0.000000 0.000015 -0.014209 0.528778 0.009212
 60 2.898186 0.000000 0.000031 -0.000683 0.490858 0.000916
 61 8.894588 1.605850 0.371902 -0.000565 0.547851 0.000704
 62 3.130402 0.000000 0.000046 0.003896 0.567158 -0.005064
 63 2.629547 -0.000015 -0.000046 0.004892 0.544388 -0.006589
 64 8.470623 3.459534 0.131500 -0.021715 0.541478 0.011456
 65 2.410267 0.000008 -0.000061 0.022815 0.529939 -0.013321
 66 2.000778 0.000008 0.000015 -0.005415 0.533618 0.007402
 67 23.052765 6.207916 -0.077326 1.481236 -0.115761 2.097169
 68 9.436893 0.000017 -0.000015 -0.511299 -0.072090 1.289639
 69 31.269344 0.000008 0.000000 0.064908 -0.286693 0.576822
 70 28.756516 -0.000015 -0.000015 1.229337 -0.010949 -0.060196
 71 2.251900 2.464417 -1.141571 -0.513217 0.249535 0.112914
 72 3.674088 -0.000008 -0.000031 0.331388 -0.059506 -0.325011
 73 3.614677 0.000000 0.000015 0.067360 -0.216133 -0.086857
 74 9.035416 2.494949 0.484421 0.001362 -0.011534 -0.001673
 75 2.943565 0.000000 -0.000046 -0.011497 -0.020268 0.014556
 76 2.649437 -0.000015 0.000031 0.006498 -0.010740 -0.008512
 77 9.093697 0.386673 0.647766 -0.018031 0.093461 0.020165
 78 3.451859 0.000000 -0.000015 0.014953 0.008589 -0.019838
 79 2.898201 -0.000015 0.000000 0.000683 -0.029445 -0.000917
 80 8.894417 -1.605835 0.371902 0.000566 0.090541 -0.000704
 81 3.130440 0.000000 -0.000031 -0.003896 -0.009289 0.005063
 82 2.629517 0.000000 0.000031 -0.004892 -0.032059 0.006589
 83 8.470604 -3.459518 0.131409 0.018786 0.137518 -0.020073
 84 2.410278 0.000000 -0.000015 -0.024238 -0.029075 0.031299
 85 2.000763 0.000000 0.000031 0.005415 -0.025697 -0.007402
 86 9.832352 1.463074 -1.299438 0.016523 -0.031798 -0.020624
 87 25.040588 -5.670403 5.432779 -1.312160 -0.224887 -2.136065
 88 28.779694 -6.856308 -0.811441 -1.466235 0.019064 -1.725377
 89 29.182312 -3.955559 -4.961983 0.881869 2.552753 0.503940
 90 25.040573 5.670418 5.432737 1.296833 -0.398765 2.185823
 91 28.779755 6.856323 -0.811428 1.466235 0.019065 1.725381
 92 29.182281 3.955574 -4.961966 -0.881870 2.552752 -0.503941
 93 -65.335663 -0.000021 1.140919 -3.141591 0.044911 0.000000
 94 26.290924 -12.205289 1.157883 -2.071447 -0.017454 0.065112
 95 49.071030 0.000008 0.000006 2.179705 0.127556 -0.112856
 96 61.871315 -0.000014 -0.000010 3.080256 0.672597 0.035641
 97 26.290939 12.205298 1.157845 2.044502 0.127786 -0.159169
 98 49.071060 0.000004 -0.000036 -2.187262 0.154733 0.063501
 99 61.871304 0.000023 -0.000027 -2.944714 0.642381 0.102744
100 -0.698059 -11.192117 -8.252769 1.258512 -0.710172 -0.770884
101 20.568222 -0.000008 -0.000008 0.128809 0.137740 -0.177238
102 0.223801 -5.734808 -12.929604 2.916996 -0.033961 -0.469013
103 20.803589 -0.000023 -0.000015 0.119336 -0.003955 -0.164492
104 -1.040009 -3.033968 12.140511 1.679951 0.191898 -1.232347
105 -1.039993 3.034003 12.140505 -1.553766 -0.017638 1.331047
106 4.165451 -5.407045 12.088392 1.206762 -1.123447 -0.894535
107 16.599449 0.000000 -0.000031 0.096683 -0.067921 -0.009616
108 4.165497 5.407081 12.088383 -0.751821 -0.750583 0.613315
109 16.599380 0.000004 -0.000023 0.149303 -0.114108 -0.143504
110 6.428391 0.000002 -0.288948 -0.000001 -0.000000 0.000000
111 -1.833771 -13.936462 1.224506 1.676963 0.059421 -0.372487
112 20.406952 -0.000004 -0.000015 0.119494 0.036395 -0.018684
113 21.655495 -0.000008 -0.000008 0.005718 -0.052693 0.470883
114 22.360672 -0.000015 -0.000015 -0.043219 -0.168802 0.376145
115 22.519657 -0.000008 -0.000008 -0.007154 0.038594 0.079269
116 22.140387 -0.000008 -0.000008 0.137772 0.091554 0.062101
117 -1.699219 -12.875614 4.918510 1.244281 -0.135667 -0.371965
118 20.938614 0.000011 0.000000 0.161859 0.010877 -0.022950
119 21.993607 -0.000011 -0.000050 -0.006618 -0.185161 0.369583
120 22.563789 -0.000031 0.000000 -0.050799 -0.288299 0.302838
121 22.643345 -0.000006 -0.000015 -0.021976 0.048760 0.076349
122 22.238049 -0.000010 -0.000015 0.119342 -0.008628 0.069386
123 -1.634354 -9.854568 8.052349 0.850884 -0.296388 -0.298880
124 22.205307 0.000002 -0.000015 0.173180 -0.011682 -0.029716
125 22.804390 -0.000006 -0.000042 -0.006021 -0.270894 0.237815
126 23.051659 0.000002 0.000000 -0.036992 -0.376170 0.194891
127 22.939978 0.000017 -0.000038 -0.020488 0.040961 0.070742
128 22.472059 0.000010 -0.000023 0.121826 -0.098669 0.030037
129 -1.616150 -5.333253 10.147442 0.422446 -0.725602 -0.277401
130 23.451294 0.000001 -0.000031 0.156151 -0.033809 -0.033763
131 23.608009 -0.000008 -0.000038 0.005139 -0.333661 0.067354
132 23.536217 0.000000 -0.000015 0.028806 -0.053406 -0.047140
133 23.233959 0.000004 0.000023 -0.031919 0.538823 -0.128320
134 22.703674 0.000005 -0.000031 0.139975 -0.155257 -0.040829
135 -1.614517 0.000000 10.883350 0.140636 -0.457443 -0.041255
136 23.962128 0.000001 -0.000034 0.124718 -0.053286 -0.036927
137 23.938965 -0.000003 0.000004 -0.000022 -0.295179 -0.021783
138 23.736023 -0.000001 -0.000023 0.030349 -0.431408 -0.057969
139 23.354967 0.000010 -0.000023 0.018788 0.020854 0.035310
140 22.798927 -0.000007 -0.000015 0.159393 -0.179864 -0.120795
141 -1.616135 5.333251 10.147427 -0.218572 -0.457757 0.113352
142 23.451309 -0.000006 0.000000 0.090869 -0.068320 -0.043710
143 23.608025 0.000000 -0.000038 -0.003242 -0.259623 -0.138328
144 23.536247 0.000007 -0.000015 0.061542 -0.405319 -0.180146
145 23.233969 -0.000010 -0.000023 0.039614 0.021013 0.015571
146 22.703671 0.000021 -0.000008 0.171694 -0.174669 -0.198861
147 -1.634354 9.854566 8.052345 -0.605390 -0.398749 0.266669
148 22.205261 0.000008 -0.000008 0.066062 -0.078078 -0.060053
149 22.804451 0.000004 -0.000076 -0.010635 -0.188890 -0.249796
150 23.051628 0.000004 0.000000 0.077947 -0.341190 -0.292708
151 22.939972 0.000002 0.000000 0.048092 0.031620 0.003587
152 22.472075 0.000011 -0.000023 0.167576 -0.138450 -0.283488
153 -1.699219 12.875609 4.918526 -1.028071 -0.272371 0.390403
154 20.938599 0.000023 -0.000015 0.063549 -0.077545 -0.091103
155 21.993599 -0.000011 -0.000069 -0.024177 -0.074892 -0.344696
156 22.563797 0.000011 -0.000015 0.070105 -0.237266 -0.378669
157 22.643356 0.000015 -0.000023 0.037570 0.050226 0.009635
158 22.238033 -0.000004 -0.000015 0.124681 -0.079180 -0.337684
159 -1.833786 13.936458 1.224506 -1.476079 -0.090369 0.461886
160 20.406952 0.000008 -0.000046 0.085712 -0.057829 -0.131263
161 21.655495 0.000004 -0.000008 -0.046724 0.091826 -0.401306
162 22.360649 0.000000 -0.000015 0.081991 -0.145219 -0.435914
163 22.519661 -0.000008 -0.000015 0.041010 0.023064 0.027992
164 22.140373 0.000000 -0.000015 0.042456 -0.008901 -0.333148
165 -1.972580 12.875609 -3.614552 -1.746365 0.026072 0.445059
166 20.655174 0.000008 -0.000015 0.094779 -0.037988 -0.146534
167 21.762253 0.000008 -0.000015 -0.067968 0.202194 -0.391463
168 22.392151 0.000019 -0.000031 -0.001434 0.004234 -0.398834
169 22.541344 0.000008 -0.000031 -0.030363 0.066068 0.102515
170 22.217499 0.000000 -0.000031 -0.029826 0.040231 -0.325200
171 -1.967316 9.854568 -7.722431 -2.069925 0.128135 0.368141
172 21.272720 0.000010 -0.000008 0.103609 -0.010534 -0.152736
173 22.032524 0.000031 -0.000053 -0.078252 0.330329 -0.326117
174 22.475662 0.000015 -0.000008 -0.035034 0.119095 -0.329162
175 22.598717 0.000008 0.000004 -0.055614 0.048464 0.171628
176 22.407990 0.000027 -0.000004 -0.056762 0.092149 -0.276002
177 -1.900848 5.333253 -10.470074 -2.493659 0.206193 0.253205
178 21.914322 0.000017 -0.000031 0.100361 0.025722 -0.142774
179 22.319832 0.000000 -0.000015 -0.052320 0.458539 -0.155713
180 22.569618 0.000010 0.000011 -0.042832 0.235045 -0.174602
181 22.663200 0.000019 0.000015 -0.058885 0.004351 0.218705
182 22.604515 -0.000002 0.000006 -0.044920 0.139005 -0.231467
183 -1.865585 -0.000002 -11.435436 -3.019421 0.258536 0.113833
184 22.186676 0.000002 -0.000008 0.079551 0.057982 -0.110898
185 22.443710 0.000008 -0.000008 0.027983 0.492341 0.135690
186 22.611542 -0.000003 0.000000 -0.004216 0.273134 0.069347
187 22.692017 -0.000003 0.000031 -0.024850 -0.041711 0.211365
188 22.687653 -0.000015 0.000021 0.003997 0.177816 -0.181997
189 -1.900848 -5.333257 -10.470074 2.730439 0.280855 -0.043116
190 21.914337 0.000015 -0.000015 0.065962 0.068833 -0.069490
191 22.319839 -0.000015 0.000008 0.077828 0.375346 0.386194
192 22.569626 -0.000013 -0.000008 0.024943 0.180923 0.278819
193 22.663231 -0.000046 0.000032 0.014125 -0.052558 0.153525
194 22.604507 -0.000027 0.000017 0.079470 0.195599 -0.097489
195 -1.967285 -9.854565 -7.722439 2.290763 0.245588 -0.196782
196 21.272705 -0.000019 0.000000 0.075986 0.062063 -0.039773
197 22.032471 0.000004 -0.000015 0.061407 0.199768 0.486911
198 22.475685 -0.000011 -0.000027 0.007815 0.040677 0.373612
199 22.598701 -0.000015 -0.000008 0.026178 -0.026312 0.106957
200 22.407982 -0.000027 -0.000004 0.142012 0.187708 -0.031366
201 -1.972565 -12.875610 -3.614563 1.953491 0.167941 -0.315643
202 20.655190 0.000008 -0.000023 0.097095 0.050421 -0.025111
203 21.762268 -0.000011 -0.000008 0.031953 0.058753 0.499510
204 22.392166 -0.000019 -0.000023 -0.019732 -0.074850 0.392550
205 22.541336 -0.000015 -0.000015 0.014619 0.011238 0.084946
206 22.217499 -0.000008 -0.000015 0.158674 0.151524 0.025578
207 0.059621 0.456168 0.250107 0.000000 -0.000000 0.000000
208 0.059621 0.456168 0.250107 0.000000 -0.000000 0.000000
time 14
  0 0.059621 0.456168 0.250107 0.000000 -0.000000 0.000000
  1 0.059621 0.456168 0.250107 0.000000 -0.000000 0.000000
  2 0.059621 0.456168 0.250107 0.000000 -0.000000 0.000000
  3 0.059621 0.456168 0.250107 0.000000 -0.000000 0.000000
  4 0.059621 0.456168 0.250107 0.000000 -0.000000 0.000000
  5 0.059621 0.456168 0.250107 0.000000 -0.000000 0.000000
  6 0.059621 0.456168 0.250107 0.000000 -0.000000 0.000000
  7 0.059621 0.456168 0.250107 0.000000 -0.000000 0.000000
  8 0.059621 0.456168 0.250107 0.000000 -0.000000 0.000000
  9 0.059621 0.456168 0.250107 0.000000 -0.000000 0.000000
 10 -136.248825 17.356249 178.123749 -1.374137 -0.014751 1.564371
 11 24.668251 0.000000 -0.000031 0.962141 0.514084 -0.193759
 12 30.380146 -0.000031 0.000000 1.515742 0.260165 -0.231991
 13 19.902100 -0.000015 0.000023 0.122652 -0.365145 0.669851
 14 127.606873 -41.430885 190.848770 1.570113 0.190758 -1.573305
 15 35.349510 0.000000 0.000023 -1.378128 -0.764047 0.312349
 16 37.124336 -0.000015 0.000000 -0.455751 -0.168091 -0.517928
 17 0.059621 0.456168 0.250107 0.060641 -0.004882 -0.146782
 18 1.558650 -51.180340 104.400574 0.596113 1.554880 -0.703722
 19 -65.799545 -0.000020 1.142857 0.000000 0.000515 3.141077
 20 11.181580 0.005760 -0.002411 0.467851 0.000035 -0.220956
 21 27.835190 0.000008 0.000002 2.590064 0.103460 0.108764
 22 5.330383 -0.000002 0.000000 -3.069864 -0.172159 -0.007764
 23 10.134888 -4.133390 3.834198 -0.670813 -1.168619 -2.509185
 24 10.134872 4.133400 3.834198 0.670829 -1.168614 2.509171
 25 22.592346 0.000013 17.467110 -0.000010 2.956431 0.000000
 26 21.199982 -7.744005 14.169518 -0.644457 -0.154503 -3.025319
 27 18.142014 -13.440224 7.965775 1.228366 -0.180197 3.082644
 28 21.199966 7.744026 14.169495 0.644460 -0.154503 3.025318
 29 18.141998 13.440241 7.965767 -0.316157 -0.180196 -3.082644
 30 11.858871 -13.359998 3.526512 1.542249 3.132957 0.174415
 31 9.463272 -16.404865 -2.906052 1.542282 3.132901 0.176490
 32 9.125244 -10.885472 -11.371330 0.000496 2.962373 0.000256
 33 11.858856 13.360010 3.526474 -1.542248 3.132957 -0.174414
 34 9.463257 16.404871 -2.906029 -1.542281 3.132900 -0.176490
 35 9.125259 10.885477 -11.371300 -0.000492 2.962373 0.000256
 36 9.023209 -0.000002 -17.296181 0.000180 -0.167048 -3.141356
 37 12.691406 0.000000 -19.438766 0.759812 1.903798 0.826229
 38 10.989418 0.000003 0.000000 -0.047510 -0.136408 0.347762
 39 12.871460 -10.586840 -15.652473 1.238821 2.490284 1.114988
 40 10.727005 0.000008 -0.000031 -0.083633 -0.131494 0.374144
 41 12.871445 10.586845 -15.652473 -1.055925 1.991475 -0.836447
 42 10.726974 -0.000019 0.000015 -0.021164 -0.180591 0.325695
 43 12.847214 -17.570080 -4.701340 1.334092 2.656505 1.086361
 44 11.496490 0.000000 -0.000015 -0.107826 -0.085428 0.402420
 45 12.847183 17.570086 -4.701363 -1.363913 2.232290 -1.131538
 46 11.496460 0.000004 0.000000 0.028606 -0.135845 0.293402
 47 28.485962 0.000013 16.460350 -0.000001 -0.039729 0.000000
 48 23.052765 -6.207905 -0.077295 -1.470206 0.035100 -1.833545
 49 9.436905 -0.000008 -0.000031 0.084971 0.084044 0.699636
 50 31.269333 -0.000008 -0.000015 -0.006701 -0.563522 0.008666
 51 28.756500 0.000000 0.000000 -0.001117 0.032665 0.001416
 52 2.251987 -2.464409 -1.141647 0.481305 0.508197 -0.319329
 53 3.674042 -0.000015 0.000015 -0.277611 0.179024 0.194713
 54 3.614697 0.000015 0.000000 0.013156 0.193871 -0.001558
 55 9.035503 -2.494949 0.484573 -0.001362 0.302449 0.001673
 56 2.943579 0.000000 0.000015 0.010585 0.293657 -0.007800
 57 2.649433 -0.000008 -0.000015 -0.006498 0.303243 0.008512
 58 9.093624 -0.386673 0.647720 0.020190 0.475380 -0.012607
 59 3.451889 0.000000 0.000000 -0.014209 0.528778 0.009212
 60 2.898170 0.000000 0.000031 -0.000683 0.490858 0.000916
 61 8.894581 1.605850 0.371902 -0.000565 0.547851 0.000704
 62 3.130402 0.000008 0.000031 0.003896 0.567158 -0.005064
 63 2.629532 -0.000015 -0.000046 0.004892 0.544389 -0.006589
 64 8.470623 3.459518 0.131485 -0.021715 0.541478 0.011455
 65 2.410265 -0.000008 -0.000046 0.022815 0.529939 -0.013321
 66 2.000793 0.000000 0.000015 -0.005415 0.533618 0.007402
 67 23.052780 6.207916 -0.077318 1.481204 -0.125236 2.097307
 68 9.436893 0.000023 0.000000 -0.590080 0.012395 1.456662
 69 31.269344 0.000008 -0.000015 0.063896 -0.306497 0.666985
 70 28.756506 -0.000015 0.000000 0.793857 -0.055082 -0.073950
 71 2.251892 2.464417 -1.141556 -0.513217 0.249535 0.112914
 72 3.674084 0.000004 -0.000015 0.331388 -0.059506 -0.325011
 73 3.614681 0.000008 0.000031 0.067360 -0.216133 -0.086857
 74 9.035416 2.494949 0.484421 0.001362 -0.011534 -0.001673
 75 2.943573 0.000008 -0.000031 -0.011498 -0.020268 0.014556
 76 2.649437 0.000015 0.000015 0.006498 -0.010740 -0.008512
 77 9.093689 0.386673 0.647781 -0.018031 0.093461 0.020165
 78 3.451862 0.000000 0.000000 0.014953 0.008589 -0.019838
 79 2.898197 -0.000008 -0.000015 0.000683 -0.029445 -0.000917
 80 8.894417 -1.605850 0.371918 0.000566 0.090541 -0.000704
 81 3.130428 0.000015 -0.000046 -0.003896 -0.009289 0.005063
 82 2.629524 -0.000008 0.000015 -0.004892 -0.032059 0.006589
 83 8.470612 -3.459534 0.131393 0.018786 0.137518 -0.020073
 84 2.410275 0.000000 0.000000 -0.024238 -0.029075 0.031299
 85 2.000759 0.000008 0.000000 0.005415 -0.025697 -0.007402
 86 9.832352 1.463058 -1.299423 0.016523 -0.031798 -0.020624
 87 25.040604 -5.670403 5.432781 -1.312160 -0.224887 -2.136065
 88 28.779694 -6.856308 -0.811438 -1.466235 0.019064 -1.725377
 89 29.182312 -3.955559 -4.961973 0.881869 2.552753 0.503940
 90 25.040588 5.670410 5.432737 1.296833 -0.398765 2.185823
 91 28.779739 6.856323 -0.811419 1.466235 0.019065 1.725381
 92 29.182312 3.955582 -4.961956 -0.881870 2.552752 -0.503941
 93 -65.335663 -0.000020 1.140915 -3.141591 0.044911 0.000000
 94 26.290909 -12.205290 1.157887 -2.071447 -0.017454 0.065112
 95 49.071022 0.000000 0.000008 2.179705 0.127555 -0.112856
 96 61.871300 -0.000012 -0.000004 3.080256 0.672597 0.035641
 97 26.290909 12.205296 1.157848 2.044502 0.127786 -0.159169
 98 49.071053 0.000008 -0.000032 -2.187262 0.154733 0.063501
 99 61.871307 0.000021 -0.000023 -2.944713 0.642381 0.102745
100 -0.698059 -11.192118 -8.252762 1.227274 -0.605654 -0.718460
101 20.568237 -0.000004 0.000000 0.113015 0.141620 -0.178469
102 0.223785 -5.734810 -12.929600 2.935388 0.133085 -0.388962
103 20.803574 -0.000019 -0.000008 0.098153 -0.000046 -0.173174
104 -1.040024 -3.033969 12.140518 1.664739 0.197769 -1.228553
105 -1.039978 3.034004 12.140503 -1.579411 -0.025859 1.333891
106 4.165451 -5.407045 12.088394 1.197617 -1.076932 -0.888059
107 16.599442 0.000004 -0.000031 0.083214 -0.068006 -0.013290
108 4.165466 5.407080 12.088387 -0.770203 -0.756960 0.612517
109 16.599388 0.000008 -0.000031 0.131605 -0.117089 -0.150229
110 6.428391 0.000001 -0.288940 -0.000001 0.000000 0.000000
111 -1.833755 -13.936463 1.224506 1.661665 0.060660 -0.369224
112 20.406952 -0.000004 -0.000015 0.103731 0.039982 -0.019940
113 21.655510 -0.000004 -0.000008 0.009253 -0.035918 0.321173
114 22.360672 -0.000011 -0.000023 -0.080388 -0.240835 0.469873
115 22.519653 -0.000004 0.000000 -0.008607 0.013328 0.193131
116 22.140385 0.000008 -0.000015 0.121108 0.096708 0.061933
117 -1.699219 -12.875613 4.918514 1.229221 -0.134818 -0.371083
118 20.938599 0.000011 0.000000 0.146836 0.012481 -0.023411
119 21.993614 -0.000011 -0.000050 0.008684 -0.138962 0.244630
120 22.563789 -0.000025 0.000008 -0.086305 -0.378624 0.366562
121 22.643341 -0.000004 -0.000023 -0.027175 -0.007200 0.160835
122 22.238041 -0.000002 -0.000008 0.104245 -0.007585 0.069472
123 -1.634338 -9.854568 8.052353 0.836475 -0.296795 -0.300098
124 22.205292 0.000004 -0.000015 0.158421 -0.012172 -0.030352
125 22.804382 -0.000004 -0.000042 0.009594 -0.207922 0.146338
126 23.051666 0.000000 -0.000015 -0.057153 -0.470231 0.217799
127 22.939974 0.000013 -0.000046 -0.027210 -0.029596 0.118153
128 22.472061 0.000015 -0.000023 0.107650 -0.100616 0.029388
129 -1.616150 -5.333253 10.147442 0.398538 -0.640639 -0.245859
130 23.451294 0.000002 -0.000015 0.141250 -0.036020 -0.035166
131 23.608009 -0.000002 -0.000023 0.004590 -0.479047 0.047777
132 23.536217 0.000003 -0.000031 0.025460 -0.141366 -0.036546
133 23.233963 0.000006 0.000023 -0.025431 0.534955 -0.091136
134 22.703682 0.000009 -0.000023 0.126282 -0.159876 -0.044422
135 -1.614548 0.000001 10.883354 0.126301 -0.461249 -0.044030
136 23.962128 0.000001 -0.000031 0.109369 -0.056823 -0.039410
137 23.938957 -0.000003 0.000008 0.000572 -0.236596 -0.046631
138 23.736031 0.000001 -0.000023 0.046094 -0.488955 -0.103856
139 23.354961 0.000011 -0.000023 0.015826 -0.044158 0.011540
140 22.798923 -0.000004 -0.000015 0.145954 -0.185925 -0.127000
141 -1.616135 5.333252 10.147427 -0.234037 -0.463340 0.111114
142 23.451324 -0.000006 0.000004 0.074837 -0.072788 -0.047518
143 23.608009 0.000000 -0.000034 -0.008985 -0.212378 -0.135075
144 23.536232 0.000004 -0.000008 0.083354 -0.435207 -0.241441
145 23.233969 -0.000008 -0.000015 0.039177 -0.030876 -0.040374
146 22.703667 0.000021 0.000000 0.158233 -0.181099 -0.208038
147 -1.634338 9.854565 8.052349 -0.622612 -0.405922 0.265722
148 22.205261 0.000000 0.000000 0.049136 -0.082919 -0.065454
149 22.804443 0.000006 -0.000069 -0.019187 -0.158168 -0.221452
150 23.051636 -0.000004 0.000000 0.096557 -0.341854 -0.356880
151 22.939972 0.000002 0.000000 0.048753 0.000035 -0.082040
152 22.472069 0.000004 -0.000008 0.153663 -0.144246 -0.295530
153 -1.699203 12.875608 4.918530 -1.047064 -0.280716 0.391339
154 20.938614 0.000015 -0.000008 0.045550 -0.081888 -0.098314
155 21.993591 0.000000 -0.000061 -0.029745 -0.067060 -0.296669
156 22.563797 0.000008 -0.000008 0.078953 -0.210600 -0.434808
157 22.643356 0.000008 -0.000031 0.037258 0.047979 -0.101689
158 22.238029 -0.000010 0.000008 0.109563 -0.083518 -0.352183
159 -1.833771 13.936459 1.224506 -1.495924 -0.099203 0.464636
160 20.406960 0.000004 -0.000046 0.066515 -0.060580 -0.140092
161 21.655502 0.000008 -0.000008 -0.042434 0.067100 -0.341904
162 22.360657 0.000004 -0.000015 0.082580 -0.095450 -0.478364
163 22.519665 0.000008 -0.000015 0.046013 0.062639 -0.105273
164 22.140373 0.000004 0.000000 0.025562 -0.011158 -0.349219
165 -1.972565 12.875608 -3.614559 -1.766005 0.017380 0.448975
166 20.655167 0.000006 -0.000015 0.075060 -0.039396 -0.155956
167 21.762253 0.000006 -0.000023 -0.056255 0.151808 -0.330815
168 22.392159 0.000015 -0.000031 -0.009158 0.068515 -0.427686
169 22.541340 0.000000 -0.000015 -0.030305 0.137463 -0.030571
170 22.217499 0.000004 -0.000023 -0.047436 0.040176 -0.341608
171 -1.967316 9.854568 -7.722435 -2.088574 0.120069 0.373412
172 21.272720 0.000004 -0.000008 0.083719 -0.010203 -0.162341
173 22.032509 0.000031 -0.000061 -0.061811 0.249288 -0.276416
174 22.475670 0.000013 -0.000008 -0.044463 0.194597 -0.340168
175 22.598717 0.000000 0.000011 -0.049041 0.157226 0.053894
176 22.407978 0.000015 0.000000 -0.075567 0.093550 -0.291927
177 -1.900848 5.333254 -10.470078 -2.510882 0.199511 0.259932
178 21.914322 0.000013 -0.000023 0.080611 0.028174 -0.151853
179 22.319847 0.000004 -0.000008 -0.045507 0.347509 -0.146095
180 22.569626 0.000011 0.000008 -0.045783 0.314370 -0.151739
181 22.663208 0.000023 0.000019 -0.041668 0.146325 0.149960
182 22.604515 0.000002 0.000008 -0.065110 0.142574 -0.246055
183 -1.865585 -0.000002 -11.435440 -3.035301 0.254094 0.121488
184 22.186691 0.000004 -0.000015 0.060215 0.062398 -0.118356
185 22.443718 0.000010 0.000008 0.002620 0.378990 0.067163
186 22.611526 0.000002 -0.000008 0.004694 0.330867 0.140617
187 22.692009 -0.000001 0.000034 -0.003923 0.101759 0.222419
188 22.687645 -0.000010 0.000019 -0.017324 0.183504 -0.194013
189 -1.900848 -5.333258 -10.470074 2.715298 0.278627 -0.035714
190 21.914345 0.000015 -0.000008 0.047504 0.074185 -0.074688
191 22.319824 -0.000011 0.000008 0.037872 0.298576 0.254058
192 22.569611 0.000004 -0.000004 0.027519 0.195932 0.380230
193 22.663223 -0.000040 0.000029 0.027771 0.052139 0.236148
194 22.604504 -0.000023 0.000013 0.058401 0.202859 -0.106366
195 -1.967285 -9.854565 -7.722446 2.275748 0.245354 -0.190529
196 21.272720 -0.000011 0.000000 0.058534 0.067276 -0.043115
197 22.032455 0.000011 -0.000015 0.035578 0.166374 0.332849
198 22.475693 -0.000010 -0.000023 -0.008217 0.015077 0.481284
199 22.598701 -0.000011 -0.000015 0.031917 0.024207 0.223784
200 22.407982 -0.000019 -0.000015 0.122142 0.195213 -0.036342
201 -1.972565 -12.875612 -3.614563 1.938334 0.168789 -0.310855
202 20.655174 0.000008 -0.000008 0.080589 0.054959 -0.027234
203 21.762276 -0.000008 0.000000 0.022659 0.054978 0.342382
204 22.392174 -0.000015 -0.000023 -0.049710 -0.127885 0.497188
205 22.541328 -0.000015 -0.000015 0.016116 0.017890 0.207904
206 22.217491 -0.000004 -0.000008 0.140416 0.158108 0.023607
207 0.059621 0.456168 0.250107 0.000000 -0.000000 0.000000
208 0.059621 0.456168 0.250107 0.000000 -0.000000 0.000000
time 15
  0 0.059621 0.456168 0.250107 0.000000 -0.000000 0.000000
  1 0.059621 0.456168 0.250107 0.000000 -0.000000 0.000000
  2 0.059621 0.456168 0.250107 0.000000 -0.000000 0.000000
  3 0.059621 0.456168 0.250107 0.000000 -0.000000 0.000000
  4 0.059621 0.456168 0.250107 0.000000 -0.000000 0.000000
  5 0.059621 0.456168 0.250107 0.000000 -0.000000 0.000000
  6 0.059621 0.456168 0.250107 0.000000 -0.000000 0.000000
  7 0.059621 0.456168 0.250107 0.000000 -0.000000 0.000000
  8 0.059621 0.456168 0.250107 0.000000 -0.000000 0.000000
  9 0.059621 0.456168 0.250107 0.000000 -0.000000 0.000000
 10 -136.624771 -1.626503 177.910446 -1.374137 -0.014751 1.788318
 11 24.668255 0.000015 -0.000031 0.961489 0.519425 -0.195888
 12 30.380154 -0.000038 -0.000015 1.523926 0.246612 -0.215611
 13 19.902092 -0.000015 0.000015 0.119338 -0.334685 0.635613
 14 137.855103 -19.876499 191.101349 1.573879 0.195143 -1.498498
 15 35.349510 0.000000 0.000015 -1.390176 -0.608933 0.312033
 16 37.124329 -0.000015 -0.000015 -0.427296 -0.155282 -0.527352
 17 0.059621 0.456168 0.250107 0.061563 -0.004957 -0.149014
 18 5.133254 -49.459492 104.400574 0.684004 1.516913 -0.508938
 19 -65.799545 -0.000021 1.142853 -0.000000 0.000515 3.141077
 20 11.181580 0.005760 -0.002411 0.493815 0.004557 -0.228300
 21 27.835190 0.000008 -0.000002 2.571773 0.111199 0.112371
 22 5.330383 -0.000002 -0.000008 -3.069864 -0.172159 -0.007764
 23 10.134903 -4.133392 3.834198 -0.671450 -1.168931 -2.508499
 24 10.134903 4.133398 3.834183 0.671466 -1.168925 2.508484
 25 22.592377 0.000008 17.467110 -0.000010 2.956431 0.000000
 26 21.199997 -7.744011 14.169518 -0.644457 -0.154503 -3.025319
 27 18.142029 -13.440228 7.965775 1.228366 -0.180197 3.082644
 28 21.199966 7.744024 14.169495 0.644460 -0.154503 3.025318
 29 18.141998 13.440241 7.965767 -0.316157 -0.180196 -3.082644
 30 11.858856 -13.360002 3.526512 1.542249 3.132957 0.174415
 31 9.463287 -16.404865 -2.906044 1.542282 3.132901 0.176490
 32 9.125244 -10.885472 -11.371330 0.000496 2.962373 0.000256
 33 11.858856 13.360006 3.526459 -1.542248 3.132957 -0.174414
 34 9.463257 16.404871 -2.906036 -1.542281 3.132900 -0.176490
 35 9.125275 10.885481 -11.371315 -0.000492 2.962373 0.000256
 36 9.023224 0.000004 -17.296181 0.000180 -0.167048 -3.141356
 37 12.691406 0.000006 -19.438766 0.778725 2.271965 0.932051
 38 10.989410 0.000008 -0.000015 -0.052928 -0.134187 0.376695
 39 12.871475 -10.586836 -15.652473 1.127731 3.004996 1.010990
 40 10.726997 0.000015 -0.000023 -0.092062 -0.128785 0.399553
 41 12.871460 10.586851 -15.652473 -0.866872 2.060332 -0.596389
 42 10.726974 -0.000013 0.000000 -0.024017 -0.181765 0.355413
 43 12.847229 -17.570084 -4.701340 1.271266 -3.108505 0.922898
 44 11.496498 0.000000 -0.000038 -0.115867 -0.082320 0.426687
 45 12.847198 17.570089 -4.701370 -1.350481 2.355289 -1.122011
 46 11.496460 0.000008 -0.000015 0.028953 -0.139063 0.322391
 47 28.485962 0.000010 16.460358 -0.000001 -0.039729 0.000000
 48 23.052780 -6.207909 -0.077303 -1.470206 0.035100 -1.833545
 49 9.436913 -0.000011 -0.000031 0.087355 0.083962 0.722560
 50 31.269325 0.000000 0.000000 -0.006701 -0.563522 0.008666
 51 28.756500 0.000008 0.000000 -0.001117 0.032665 0.001416
 52 2.251984 -2.464417 -1.141647 0.481305 0.508197 -0.319329
 53 3.674042 -0.000015 0.000015 -0.277611 0.179024 0.194713
 54 3.614693 0.000015 0.000000 0.013156 0.193871 -0.001558
 55 9.035500 -2.494949 0.484573 -0.001362 0.302449 0.001673
 56 2.943575 -0.000008 0.000000 0.010585 0.293657 -0.007800
 57 2.649437 -0.000008 0.000015 -0.006498 0.303243 0.008512
 58 9.093620 -0.386673 0.647705 0.020190 0.475380 -0.012607
 59 3.451887 0.000008 0.000000 -0.014209 0.528778 0.009212
 60 2.898170 0.000000 0.000031 -0.000683 0.490858 0.000916
 61 8.894585 1.605850 0.371918 -0.000566 0.547851 0.000704
 62 3.130404 0.000000 0.000031 0.003896 0.567158 -0.005064
 63 2.629532 0.000000 -0.000046 0.004892 0.544389 -0.006589
 64 8.470619 3.459534 0.131516 -0.021715 0.541478 0.011456
 65 2.410263 0.000000 -0.000046 0.022815 0.529939 -0.013321
 66 2.000778 0.000000 0.000000 -0.005415 0.533618 0.007402
 67 23.052780 6.207916 -0.077326 1.481184 -0.131334 2.097376
 68 9.436890 0.000021 0.000015 -0.642035 0.069724 1.567328
 69 31.269342 0.000008 0.000000 0.063327 -0.325640 0.728167
 70 28.756510 -0.000015 0.000015 0.428996 -0.095582 -0.086543
 71 2.251888 2.464409 -1.141586 -0.513217 0.249535 0.112914
 72 3.674086 0.000000 -0.000015 0.331388 -0.059506 -0.325011
 73 3.614677 0.000004 0.000000 0.067360 -0.216133 -0.086857
 74 9.035419 2.494949 0.484406 0.001362 -0.011534 -0.001673
 75 2.943565 0.000008 -0.000046 -0.011498 -0.020268 0.014556
 76 2.649445 -0.000008 0.000031 0.006498 -0.010740 -0.008512
 77 9.093693 0.386673 0.647766 -0.018031 0.093461 0.020165
 78 3.451862 0.000000 0.000000 0.014953 0.008589 -0.019838
 79 2.898197 -0.000008 -0.000031 0.000684 -0.029445 -0.000917
 80 8.894421 -1.605850 0.371887 0.000566 0.090541 -0.000704
 81 3.130428 -0.000008 -0.000031 -0.003896 -0.009289 0.005063
 82 2.629524 0.000000 0.000031 -0.004892 -0.032059 0.006589
 83 8.470615 -3.459526 0.131378 0.018786 0.137518 -0.020073
 84 2.410278 0.000000 0.000000 -0.024238 -0.029075 0.031299
 85 2.000751 -0.000008 0.000000 0.005415 -0.025697 -0.007402
 86 9.832348 1.463058 -1.299454 0.016523 -0.031798 -0.020624
 87 25.040604 -5.670403 5.432779 -1.312160 -0.224888 -2.136065
 88 28.779709 -6.856304 -0.811441 -1.466235 0.019064 -1.725377
 89 29.182327 -3.955559 -4.961979 0.881870 2.552753 0.503940
 90 25.040588 5.670410 5.432735 1.296833 -0.398765 2.185823
 91 28.779755 6.856323 -0.811424 1.466235 0.019065 1.725381
 92 29.182312 3.955574 -4.961962 -0.881870 2.552752 -0.503941
 93 -65.335648 -0.000019 1.140915 -3.141591 0.044911 0.000000
 94 26.290909 -12.205290 1.157883 -2.071447 -0.017454 0.065112
 95 49.071045 0.000000 0.000011 2.179705 0.127556 -0.112856
 96 61.871323 -0.000013 -0.000017 3.080256 0.672597 0.035641
 97 26.290909 12.205297 1.157848 2.044502 0.127786 -0.159169
 98 49.071060 0.000008 -0.000034 -2.187262 0.154733 0.063501
 99 61.871315 0.000021 -0.000027 -2.944713 0.642381 0.102745
100 -0.698074 -11.192120 -8.252762 1.179618 -0.441552 -0.614246
101 20.568237 -0.000006 -0.000008 0.099177 0.144239 -0.179275
102 0.223770 -5.734810 -12.929607 3.006934 0.325145 -0.209945
103 20.803589 -0.000011 -0.000023 0.082101 0.002578 -0.179012
104 -1.040024 -3.033966 12.140511 1.651035 0.201715 -1.226003
105 -1.040009 3.034008 12.140499 -1.597549 -0.031385 1.335802
106 4.165436 -5.407043 12.088390 1.217108 -0.983896 -0.918502
107 16.599434 0.000000 -0.000031 0.070707 -0.068041 -0.015760
108 4.165466 5.407084 12.088383 -0.787759 -0.761185 0.611981
109 16.599380 0.000011 -0.000031 0.115678 -0.119044 -0.154752
110 6.428375 0.000002 -0.288944 -0.000001 -0.000000 0.000000
111 -1.833771 -13.936462 1.224503 1.647906 0.061493 -0.367031
112 20.406952 -0.000004 -0.000015 0.089668 0.042392 -0.020785
113 21.655502 -0.000008 0.000000 0.011806 0.062200 0.095868
114 22.360680 -0.000004 -0.000015 -0.139253 -0.364974 0.558104
115 22.519661 -0.000011 -0.000015 -0.025758 -0.086880 0.341226
116 22.140388 -0.000004 -0.000008 0.106102 0.100217 0.061858
117 -1.699203 -12.875612 4.918507 1.215457 -0.134248 -0.369755
118 20.938614 0.000008 0.000000 0.133276 0.013559 -0.023720
119 21.993607 -0.000011 -0.000050 0.020982 -0.023381 0.066293
120 22.563797 -0.000015 -0.000004 -0.133014 -0.518133 0.413088
121 22.643341 0.000004 -0.000023 -0.045820 -0.127105 0.258939
122 22.238047 0.000004 -0.000015 0.090308 -0.006955 0.069580
123 -1.634338 -9.854567 8.052353 0.822766 -0.297379 -0.300917
124 22.205292 0.000004 -0.000015 0.145010 -0.012804 -0.030780
125 22.804375 -0.000008 -0.000046 0.021485 -0.097834 0.018746
126 23.051666 -0.000002 -0.000008 -0.068358 -0.597211 0.202172
127 22.939964 0.000010 -0.000046 -0.040905 -0.144300 0.162373
128 22.472048 0.000010 -0.000008 0.094276 -0.101993 0.029055
129 -1.616135 -5.333251 10.147442 0.375848 -0.532358 -0.215620
130 23.451294 0.000003 -0.000019 0.127688 -0.037675 -0.036109
131 23.608009 -0.000002 -0.000031 0.032017 -0.631732 -0.046107
132 23.536213 0.000004 -0.000015 0.026928 -0.251318 -0.051282
133 23.233961 0.000007 0.000031 -0.012184 0.513246 -0.021950
134 22.703667 0.000010 -0.000023 0.113163 -0.163142 -0.046792
135 -1.614532 0.000004 10.883354 0.112049 -0.463808 -0.045895
136 23.962143 0.000003 -0.000023 0.095427 -0.059200 -0.041080
137 23.938957 -0.000001 0.000008 0.003265 -0.190484 -0.102959
138 23.736015 0.000005 -0.000031 0.077146 -0.522329 -0.187245
139 23.354963 0.000014 -0.000015 0.015203 -0.106465 -0.026625
140 22.798929 0.000000 -0.000015 0.132982 -0.190212 -0.131181
141 -1.616119 5.333254 10.147427 -0.249046 -0.467092 0.109609
142 23.451309 -0.000006 0.000000 0.060342 -0.075790 -0.050077
143 23.608017 0.000004 -0.000038 -0.007834 -0.200104 -0.173029
144 23.536240 0.000011 -0.000015 0.105514 -0.422264 -0.315208
145 23.233967 -0.000002 -0.000015 0.041423 -0.062057 -0.105812
146 22.703665 0.000029 0.000008 0.145283 -0.185648 -0.214288
147 -1.634323 9.854567 8.052349 -0.638597 -0.410743 0.265085
148 22.205261 0.000000 0.000004 0.033928 -0.086173 -0.069084
149 22.804443 0.000004 -0.000069 -0.016900 -0.176876 -0.249467
150 23.051636 0.000000 0.000000 0.101821 -0.294298 -0.405049
151 22.939968 0.000008 0.000008 0.050245 0.001607 -0.166228
152 22.472061 0.000017 -0.000015 0.140507 -0.148346 -0.303775
153 -1.699203 12.875610 4.918533 -1.063954 -0.286326 0.392741
154 20.938599 0.000015 0.000000 0.029506 -0.084807 -0.103160
155 21.993591 -0.000004 -0.000061 -0.024431 -0.112067 -0.324447
156 22.563797 0.000015 -0.000008 0.069283 -0.143891 -0.450738
157 22.643353 0.000023 -0.000023 0.034937 0.083785 -0.195524
158 22.238026 0.000004 0.000000 0.095722 -0.086586 -0.362133
159 -1.833786 13.936459 1.224506 -1.512834 -0.105141 0.466484
160 20.406952 0.000008 -0.000038 0.049569 -0.062428 -0.146025
161 21.655510 0.000008 -0.000015 -0.033898 -0.005927 -0.378652
162 22.360641 0.000000 -0.000015 0.065683 -0.023333 -0.463668
163 22.519665 -0.000008 -0.000008 0.044226 0.137830 -0.205010
164 22.140379 -0.000004 0.000000 0.010691 -0.012754 -0.360253
165 -1.972580 12.875610 -3.614555 -1.783201 0.011537 0.451607
166 20.655174 0.000006 -0.000023 0.057765 -0.040343 -0.162288
167 21.762253 0.000010 -0.000023 -0.047107 0.059005 -0.376688
168 22.392159 0.000019 -0.000023 -0.023683 0.137490 -0.395207
169 22.541344 0.000011 -0.000023 -0.035894 0.240197 -0.118174
170 22.217499 0.000019 -0.000008 -0.061010 0.040138 -0.352873
171 -1.967300 9.854568 -7.722431 -2.105211 0.114648 0.376955
172 21.272720 0.000010 -0.000008 0.066440 -0.009981 -0.168797
173 22.032516 0.000029 -0.000061 -0.056844 0.138466 -0.343327
174 22.475655 0.000008 -0.000015 -0.052798 0.256222 -0.290483
175 22.598717 0.000008 0.000008 -0.047173 0.290162 -0.007766
176 22.407974 0.000015 0.000008 -0.088868 0.094565 -0.302858
177 -1.900848 5.333253 -10.470074 -2.526686 0.195020 0.264454
178 21.914322 0.000012 -0.000031 0.064022 0.029823 -0.157954
179 22.319832 0.000008 0.000000 -0.056996 0.232043 -0.260422
180 22.569611 0.000023 0.000008 -0.042920 0.357925 -0.078905
181 22.663216 0.000031 0.000011 -0.022732 0.297698 0.151843
182 22.604515 0.000004 0.000008 -0.079391 0.144999 -0.256068
183 -1.865570 -0.000002 -11.435444 -3.050211 0.251109 0.126634
184 22.186676 0.000004 -0.000015 0.044092 0.065366 -0.123369
185 22.443726 0.000008 0.000000 -0.035349 0.298246 -0.118070
186 22.611534 0.000004 0.000004 0.011197 0.336694 0.234891
187 22.692009 0.000000 0.000027 0.025908 0.226053 0.314183
188 22.687645 -0.000010 0.000019 -0.032404 0.187389 -0.202255
189 -1.900848 -5.333258 -10.470070 2.701083 0.275648 -0.030738
190 21.914330 0.000011 -0.000008 0.031718 0.077782 -0.078181
191 22.319817 -0.000011 0.000000 -0.005641 0.282712 0.018414
192 22.569641 0.000015 -0.000011 0.016097 0.158222 0.481444
193 22.663231 -0.000036 0.000034 0.046565 0.108234 0.394232
194 22.604500 -0.000019 0.000011 0.043499 0.207828 -0.112455
195 -1.967285 -9.854567 -7.722443 2.261900 0.245023 -0.186325
196 21.272705 -0.000008 0.000000 0.043228 0.070779 -0.045361
197 22.032478 0.000011 -0.000023 0.008979 0.212676 0.085800
198 22.475700 -0.000004 -0.000015 -0.043585 -0.060666 0.582941
199 22.598709 -0.000008 -0.000008 0.032053 0.006519 0.402204
200 22.407974 -0.000023 -0.000011 0.106009 0.200348 -0.039731
201 -1.972565 -12.875611 -3.614563 1.924596 0.169360 -0.307637
202 20.655167 0.000011 -0.000015 0.065987 0.058009 -0.028661
203 21.762283 -0.000008 -0.000008 0.012625 0.135981 0.099368
204 22.392166 -0.000008 -0.000023 -0.101924 -0.231920 0.597308
205 22.541336 -0.000011 -0.000015 0.004681 -0.051104 0.379210
206 22.217497 0.000004 -0.000008 0.124263 0.162604 0.022307
207 0.059621 0.456168 0.250107 0.000000 -0.000000 0.000000
208 0.059621 0.456168 0.250107 0.000000 -0.000000 0.000000
time 16
  0 0.059621 0.456168 0.250107 0.000000 -0.000000 0.000000
  1 0.059621 0.456168 0.250107 0.000000 -0.000000 0.000000
  2 0.059621 0.456168 0.250107 0.000000 -0.000000 0.000000
  3 0.059621 0.456168 0.250107 0.000000 -0.000000 0.000000
  4 0.059621 0.456168 0.250107 0.000000 -0.000000 0.000000
  5 0.059621 0.456168 0.250107 0.000000 -0.000000 0.000000
  6 0.059621 0.456168 0.250107 0.000000 -0.000000 0.000000
  7 0.059621 0.456168 0.250107 0.000000 -0.000000 0.000000
  8 0.059621 0.456168 0.250107 0.000000 -0.000000 0.000000
  9 0.059621 0.456168 0.250107 0.000000 -0.000000 0.000000
 10 -132.868637 -25.353163 177.641251 -1.374137 -0.014751 2.010892
 11 24.668247 0.000000 -0.000046 0.963789 0.506766 -0.188105
 12 30.380142 -0.000023 -0.000031 1.534686 0.226850 -0.190819
 13 19.902096 -0.000015 0.000000 0.110600 -0.254382 0.545348
 14 133.555695 0.501869 190.996246 1.568199 0.191820 -1.524129
 15 35.349506 0.000000 0.000015 -1.411602 -0.257772 0.295785
 16 37.124329 -0.000015 -0.000015 -0.455751 -0.168091 -0.518833
 17 0.059621 0.456168 0.250107 0.062380 -0.005022 -0.150992
 18 9.399715 -46.969093 104.400574 0.788904 1.471601 -0.276460
 19 -65.799545 -0.000020 1.142857 0.000000 0.000514 3.141077
 20 11.181580 0.005762 -0.002411 0.503003 0.006157 -0.230899
 21 27.835175 0.000015 -0.000002 2.565301 0.113938 0.113648
 22 5.330383 -0.000001 0.000000 -3.069864 -0.172159 -0.007764
 23 10.134888 -4.133391 3.834198 -0.672178 -1.169285 -2.507713
 24 10.134888 4.133402 3.834198 0.672195 -1.169281 2.507699
 25 22.592346 0.000010 17.467117 -0.000010 2.956431 0.000000
 26 21.199966 -7.744005 14.169525 -0.644457 -0.154503 -3.025319
 27 18.141998 -13.440225 7.965782 1.228366 -0.180197 3.082644
 28 21.199966 7.744026 14.169495 0.644460 -0.154503 3.025318
 29 18.141983 13.440243 7.965775 -0.316157 -0.180196 -3.082644
 30 11.858856 -13.359997 3.526520 1.542249 3.132957 0.174415
 31 9.463272 -16.404863 -2.906036 1.542282 3.132901 0.176490
 32 9.125244 -10.885471 -11.371315 0.000496 2.962373 0.000256
 33 11.858856 13.360008 3.526474 -1.542248 3.132957 -0.174414
 34 9.463257 16.404873 -2.906021 -1.542281 3.132900 -0.176490
 35 9.125275 10.885477 -11.371300 -0.000492 2.962373 0.000256
 36 9.023224 0.000004 -17.296158 0.000180 -0.167048 -3.141356
 37 12.691391 0.000004 -19.438759 0.718198 2.618139 0.955695
 38 10.989410 0.000000 -0.000008 -0.052254 -0.134607 0.371896
 39 12.871445 -10.586836 -15.652466 1.078448 -2.995096 0.929610
 40 10.726997 0.000031 -0.000023 -0.091459 -0.129410 0.394776
 41 12.871445 10.586849 -15.652466 -0.540495 2.084694 -0.179534
 42 10.726974 -0.000019 0.000031 -0.023141 -0.181715 0.350571
 43 12.847214 -17.570082 -4.701332 1.269574 -2.838775 0.811030
 44 11.496498 0.000000 -0.000023 -0.115543 -0.083027 0.421952
 45 12.847168 17.570087 -4.701355 -1.350609 2.347684 -1.119794
 46 11.496460 0.000008 -0.000015 0.030070 -0.139047 0.317583
 47 28.485931 0.000015 16.460358 -0.000001 -0.039729 0.000000
 48 23.052750 -6.207901 -0.077299 -1.470206 0.035100 -1.833545
 49 9.436905 -0.000013 -0.000031 0.088198 0.083940 0.730669
 50 31.269318 -0.000008 -0.000015 -0.006701 -0.563522 0.008666
 51 28.756493 0.000000 0.000015 -0.001117 0.032665 0.001416
 52 2.251987 -2.464417 -1.141647 0.481305 0.508197 -0.319329
 53 3.674046 -0.000015 0.000023 -0.277611 0.179024 0.194713
 54 3.614693 0.000015 0.000000 0.013156 0.193871 -0.001558
 55 9.035503 -2.494949 0.484573 -0.001362 0.302449 0.001673
 56 2.943579 0.000000 -0.000015 0.010585 0.293657 -0.007800
 57 2.649433 0.000000 0.000000 -0.006498 0.303243 0.008512
 58 9.093616 -0.386673 0.647705 0.020190 0.475380 -0.012607
 59 3.451881 -0.000008 0.000000 -0.014209 0.528778 0.009212
 60 2.898178 -0.000008 0.000031 -0.000683 0.490858 0.000916
 61 8.894581 1.605843 0.371902 -0.000566 0.547851 0.000704
 62 3.130394 0.000000 0.000061 0.003896 0.567158 -0.005064
 63 2.629532 0.000000 -0.000031 0.004892 0.544389 -0.006589
 64 8.470608 3.459518 0.131500 -0.021715 0.541478 0.011456
 65 2.410265 -0.000008 -0.000061 0.022815 0.529939 -0.013321
 66 2.000793 0.000008 0.000015 -0.005415 0.533618 0.007402
 67 23.052750 6.207916 -0.077324 1.481176 -0.133492 2.097394
 68 9.436893 0.000018 0.000000 -0.660774 0.090846 1.607384
 69 31.269339 0.000023 -0.000031 0.063148 -0.343343 0.750707
 70 28.756512 -0.000015 -0.000031 0.275990 -0.120169 -0.094133
 71 2.251900 2.464409 -1.141556 -0.513217 0.249535 0.112914
 72 3.674087 0.000015 -0.000031 0.331388 -0.059506 -0.325011
 73 3.614685 0.000008 0.000015 0.067360 -0.216133 -0.086857
 74 9.035423 2.494942 0.484436 0.001362 -0.011534 -0.001673
 75 2.943573 -0.000004 -0.000031 -0.011498 -0.020268 0.014556
 76 2.649445 0.000000 0.000046 0.006498 -0.010740 -0.008512
 77 9.093689 0.386673 0.647781 -0.018031 0.093461 0.020165
 78 3.451866 0.000000 -0.000015 0.014953 0.008589 -0.019838
 79 2.898201 0.000000 -0.000015 0.000684 -0.029445 -0.000917
 80 8.894417 -1.605850 0.371933 0.000566 0.090541 -0.000704
 81 3.130440 0.000004 -0.000031 -0.003896 -0.009289 0.005063
 82 2.629524 0.000000 0.000000 -0.004892 -0.032059 0.006589
 83 8.470612 -3.459522 0.131393 0.018786 0.137518 -0.020073
 84 2.410278 -0.000004 -0.000015 -0.024238 -0.029075 0.031299
 85 2.000755 -0.000008 0.000015 0.005415 -0.025697 -0.007402
 86 9.832352 1.463062 -1.299423 0.016523 -0.031798 -0.020624
 87 25.040588 -5.670395 5.432781 -1.312160 -0.224887 -2.136065
 88 28.779694 -6.856297 -0.811440 -1.466235 0.019064 -1.725377
 89 29.182312 -3.955551 -4.961979 0.881869 2.552753 0.503940
 90 25.040558 5.670418 5.432735 1.296833 -0.398765 2.185823
 91 28.779724 6.856323 -0.811424 1.466235 0.019065 1.725381
 92 29.182281 3.955574 -4.961962 -0.881870 2.552752 -0.503941
 93 -65.335648 -0.000021 1.140919 -3.141591 0.044911 0.000000
 94 26.290924 -12.205290 1.157883 -2.071447 -0.017454 0.065112
 95 49.071037 0.000008 0.000010 2.179705 0.127556 -0.112856
 96 61.871319 -0.000014 -0.000019 3.080256 0.672597 0.035641
 97 26.290924 12.205296 1.157841 2.044502 0.127786 -0.159169
 98 49.071045 0.000000 -0.000034 -2.187262 0.154733 0.063501
 99 61.871292 0.000023 -0.000027 -2.944714 0.642381 0.102744
100 -0.698059 -11.192115 -8.252762 1.146323 -0.292333 -0.504531
101 20.568253 -0.000004 -0.000008 0.088784 0.145200 -0.179564
102 0.223785 -5.734808 -12.929604 3.108935 0.449567 -0.015075
103 20.803581 -0.000004 -0.000031 0.073952 0.003538 -0.181149
104 -1.040009 -3.033969 12.140514 1.640157 0.203159 -1.225070
105 -1.039993 3.034002 12.140503 -1.604429 -0.033407 1.336501
106 4.165451 -5.407044 12.088390 1.227026 -0.878431 -0.938401
107 16.599449 -0.000002 -0.000031 0.060213 -0.068048 -0.016664
108 4.165482 5.407081 12.088383 -0.803205 -0.762715 0.611784
109 16.599380 0.000011 -0.000031 0.103058 -0.119747 -0.156407
110 6.428391 0.000001 -0.288944 -0.000001 0.000000 0.000000
111 -1.833755 -13.936464 1.224510 1.637019 0.061798 -0.366229
112 20.406937 0.000000 -0.000008 0.078712 0.043274 -0.021094
113 21.655487 -0.000004 -0.000015 -0.005943 0.206005 -0.097973
114 22.360680 -0.000004 -0.000011 -0.148885 -0.439914 0.519862
115 22.519669 -0.000010 -0.000015 -0.070487 -0.248673 0.486668
116 22.140388 0.000004 -0.000015 0.094200 0.101512 0.061842
117 -1.699203 -12.875615 4.918514 1.204233 -0.134039 -0.367846
118 20.938599 0.000015 0.000004 0.122473 0.013953 -0.023833
119 21.993607 -0.000008 -0.000046 0.014036 0.130550 -0.078887
120 22.563797 -0.000008 0.000004 -0.126878 -0.602278 0.353868
121 22.643345 0.000004 -0.000023 -0.081040 -0.307156 0.340125
122 22.238052 0.000002 -0.000008 0.078735 -0.006743 0.069713
123 -1.634338 -9.854569 8.052349 0.810780 -0.298190 -0.301217
124 22.205307 0.000000 -0.000015 0.134192 -0.013617 -0.030936
125 22.804382 -0.000004 -0.000038 0.019681 0.042403 -0.079501
126 23.051666 0.000000 0.000004 -0.033875 -0.667063 0.107897
127 22.939970 0.000011 -0.000038 -0.055515 -0.303777 0.176354
128 22.472046 0.000011 -0.000008 0.082746 -0.102515 0.028961
129 -1.616150 -5.333256 10.147442 0.358257 -0.441684 -0.184039
130 23.451294 0.000002 -0.000027 0.116713 -0.038606 -0.036454
131 23.608017 -0.000003 -0.000034 0.080989 -0.677000 -0.174108
132 23.536213 0.000004 -0.000015 0.047793 -0.387071 -0.111066
133 23.233967 0.000010 0.000046 -0.002931 0.429072 0.027391
134 22.703671 0.000010 -0.000015 0.101563 -0.164381 -0.047647
135 -1.614532 -0.000004 10.883354 0.098708 -0.464744 -0.046577
136 23.962143 0.000002 -0.000027 0.084187 -0.060070 -0.041690
137 23.938965 -0.000005 0.000004 0.004527 -0.143482 -0.150018
138 23.736023 0.000002 -0.000015 0.113164 -0.511407 -0.282415
139 23.354965 0.000011 -0.000015 0.022651 -0.162152 -0.088716
140 22.798927 -0.000002 -0.000008 0.121373 -0.191838 -0.132713
141 -1.616135 5.333249 10.147423 -0.262590 -0.468465 0.109058
142 23.451294 -0.000010 0.000000 0.048756 -0.076889 -0.051013
143 23.608017 -0.000001 -0.000042 -0.003464 -0.197541 -0.215617
144 23.536232 0.000006 -0.000015 0.121245 -0.380623 -0.379317
145 23.233969 -0.000011 -0.000008 0.047541 -0.069647 -0.179456
146 22.703671 0.000017 0.000000 0.133758 -0.187373 -0.216597
147 -1.634354 9.854560 8.052349 -0.651996 -0.412507 0.264852
148 22.205261 0.000006 0.000008 0.021919 -0.087363 -0.070413
149 22.804459 0.000002 -0.000076 -0.007588 -0.210026 -0.297253
150 23.051628 0.000004 0.000000 0.100048 -0.238057 -0.434033
151 22.939966 0.000004 0.000008 0.050970 0.033449 -0.239137
152 22.472059 0.000006 -0.000008 0.129120 -0.149901 -0.306833
153 -1.699203 12.875607 4.918526 -1.077028 -0.288378 0.394750
154 20.938599 0.000023 0.000000 0.017028 -0.085875 -0.104933
155 21.993591 0.000004 -0.000069 -0.010612 -0.167714 -0.386653
156 22.563797 0.000015 -0.000015 0.058812 -0.089826 -0.447977
157 22.643347 0.000015 -0.000023 0.029967 0.144832 -0.257831
158 22.238024 0.000000 0.000000 0.084399 -0.087749 -0.365829
159 -1.833771 13.936458 1.224506 -1.524789 -0.107314 0.467160
160 20.406952 0.000008 -0.000046 0.036646 -0.063105 -0.148196
161 21.655510 0.000015 -0.000015 -0.018197 -0.080942 -0.459164
162 22.360641 0.000000 -0.000015 0.054496 0.016560 -0.438571
163 22.519663 -0.000011 -0.000015 0.038509 0.223960 -0.257123
164 22.140383 -0.000008 0.000000 -0.000585 -0.013360 -0.364353
165 -1.972565 12.875607 -3.614555 -1.796101 0.009399 0.452570
166 20.655182 0.000013 -0.000023 0.044748 -0.040689 -0.164605
167 21.762245 0.000010 -0.000023 -0.032525 -0.025957 -0.469704
168 22.392143 0.000008 -0.000015 -0.028930 0.160144 -0.361752
169 22.541351 0.000000 -0.000023 -0.040725 0.339245 -0.152272
170 22.217499 0.000000 -0.000015 -0.068315 0.040123 -0.357058
171 -1.967316 9.854568 -7.722435 -2.118170 0.112664 0.378251
172 21.272720 0.000008 0.000000 0.053694 -0.009900 -0.171159
173 22.032516 0.000036 -0.000046 -0.047631 0.048375 -0.455978
174 22.475655 0.000008 -0.000008 -0.053054 0.260056 -0.255037
175 22.598721 0.000004 0.000000 -0.042194 0.403513 -0.016218
176 22.407978 0.000015 0.000004 -0.093913 0.095106 -0.306919
177 -1.900833 5.333255 -10.470081 -2.539665 0.193376 0.266108
178 21.914314 0.000015 -0.000023 0.052673 0.030426 -0.160187
179 22.319839 0.000006 0.000000 -0.062465 0.152497 -0.409134
180 22.569618 0.000019 -0.000008 -0.041697 0.339671 -0.051986
181 22.663208 0.000031 0.000000 0.003177 0.413571 0.198428
182 22.604507 0.000000 0.000000 -0.084808 0.145893 -0.259787
183 -1.865570 -0.000001 -11.435440 -3.062962 0.250016 0.128517
184 22.186676 0.000000 0.000000 0.033257 0.066452 -0.125203
185 22.443718 0.000008 0.000000 -0.064548 0.263659 -0.314432
186 22.611534 0.000023 0.000008 0.004945 0.301196 0.238746
187 22.692017 0.000015 0.000032 0.062869 0.304416 0.432576
188 22.687645 -0.000006 0.000027 -0.038125 0.188827 -0.205316
189 -1.900848 -5.333257 -10.470070 2.688932 0.271695 -0.028918
190 21.914337 0.000011 -0.000015 0.020464 0.079098 -0.079459
191 22.319824 -0.000011 0.000015 -0.046505 0.310940 -0.208807
192 22.569611 0.000023 -0.000008 0.003984 0.116038 0.464917
193 22.663239 -0.000023 0.000034 0.062779 0.116589 0.563130
194 22.604507 -0.000013 0.000010 0.037847 0.209669 -0.114716
195 -1.967285 -9.854566 -7.722435 2.250421 0.244565 -0.184788
196 21.272720 -0.000015 -0.000008 0.031710 0.072061 -0.046183
197 22.032478 0.000011 -0.000023 -0.027261 0.303769 -0.140189
198 22.475693 0.000000 -0.000011 -0.055906 -0.110049 0.555521
199 22.598709 -0.000004 -0.000015 0.015201 -0.061301 0.585424
200 22.407982 -0.000027 -0.000008 0.095879 0.202251 -0.040982
201 -1.972580 -12.875613 -3.614559 1.913566 0.169568 -0.306460
202 20.655159 0.000011 -0.000015 0.054801 0.059124 -0.029183
203 21.762283 -0.000011 0.000000 -0.014753 0.262057 -0.115430
204 22.392166 0.000000 -0.000011 -0.113811 -0.293426 0.564505
205 22.541344 -0.000011 -0.000023 -0.033219 -0.176390 0.553614
206 22.217491 -0.000002 -0.000015 0.111887 0.164268 0.021838
207 0.059621 0.456168 0.250107 0.000000 -0.000000 0.000000
208 0.059621 0.456168 0.250107 0.000000 -0.000000 0.000000
time 17
  0 0.059621 0.456168 0.250107 0.000000 -0.000000 0.000000
  1 0.059621 0.456168 0.250107 0.000000 -0.000000 0.000000
  2 0.059621 0.456168 0.250107 0.000000 -0.000000 0.000000
  3 0.059621 0.456168 0.250107 0.000000 -0.000000 0.000000
  4 0.059621 0.456168 0.250107 0.000000 -0.000000 0.000000
  5 0.059621 0.456168 0.250107 0.000000 -0.000000 0.000000
  6 0.059621 0.456168 0.250107 0.000000 -0.000000 0.000000
  7 0.059621 0.456168 0.250107 0.000000 -0.000000 0.000000
  8 0.059621 0.456168 0.250107 0.000000 -0.000000 0.000000
  9 0.059621 0.456168 0.250107 0.000000 -0.000000 0.000000
 10 -122.542770 -52.934975 177.320068 -1.374137 -0.014751 2.231159
 11 24.668251 0.000015 -0.000031 0.967228 0.483221 -0.175596
 12 30.380146 -0.000015 -0.000031 1.546298 0.207200 -0.161040
 13 19.902092 -0.000015 0.000015 0.098247 -0.140849 0.417731
 14 121.953629 23.309500 190.695084 1.552215 0.182469 -1.597792
 15 35.349506 0.000000 0.000023 -1.437450 0.092772 0.286284
 16 37.124313 0.000000 -0.000015 -0.535821 -0.204133 -0.494546
 17 0.059621 0.456168 0.250107 0.063086 -0.005079 -0.152703
 18 12.974320 -44.018158 104.400574 0.876794 1.433637 -0.081681
 19 -65.799538 -0.000019 1.142857 0.000000 0.000515 3.141077
 20 11.181580 0.005762 -0.002411 0.491077 0.004080 -0.228658
 21 27.835175 0.000008 -0.000006 2.573702 0.110383 0.112538
 22 5.330383 -0.000003 0.000000 -3.069864 -0.172159 -0.007764
 23 10.134872 -4.133390 3.834206 -0.672982 -1.169677 -2.506846
 24 10.134888 4.133400 3.834213 0.672999 -1.169671 2.506832
 25 22.592361 0.000012 17.467117 -0.000010 2.956431 0.000000
 26 21.199966 -7.744003 14.169525 -0.644457 -0.154503 -3.025319
 27 18.141998 -13.440221 7.965775 1.228366 -0.180197 3.082644
 28 21.199951 7.744024 14.169495 0.644460 -0.154503 3.025318
 29 18.141983 13.440239 7.965775 -0.316157 -0.180196 -3.082644
 30 11.858841 -13.359993 3.526520 1.542249 3.132957 0.174415
 31 9.463272 -16.404861 -2.906044 1.542282 3.132901 0.176490
 32 9.125229 -10.885469 -11.371323 0.000496 2.962373 0.000256
 33 11.858856 13.360004 3.526474 -1.542248 3.132957 -0.174414
 34 9.463242 16.404869 -2.906021 -1.542281 3.132900 -0.176490
 35 9.125259 10.885471 -11.371300 -0.000492 2.962373 0.000256
 36 9.023224 -0.000002 -17.296173 0.000180 -0.167048 -3.141356
 37 12.691391 0.000000 -19.438766 0.660489 2.744454 0.920668
 38 10.989410 0.000015 -0.000008 -0.050356 -0.135789 0.358391
 39 12.871460 -10.586836 -15.652466 1.066632 -2.941985 0.886636
 40 10.727005 0.000000 -0.000023 -0.089763 -0.131168 0.381333
 41 12.871445 10.586843 -15.652466 -0.335869 2.135396 0.090116
 42 10.726974 -0.000019 0.000008 -0.020675 -0.181574 0.336947
 43 12.847198 -17.570078 -4.701340 1.273960 -2.786618 0.772039
 44 11.496498 0.000000 -0.000023 -0.114632 -0.085015 0.408626
 45 12.847183 17.570082 -4.701355 -1.351875 2.279212 -1.114526
 46 11.496468 0.000000 0.000000 0.032517 -0.139001 0.304053
 47 28.485947 0.000013 16.460358 -0.000001 -0.039729 0.000000
 48 23.052750 -6.207897 -0.077305 -1.470206 0.035100 -1.833545
 49 9.436905 -0.000010 -0.000031 0.087062 0.084242 0.720069
 50 31.269321 -0.000008 0.000000 -0.006701 -0.563522 0.008666
 51 28.756500 0.000008 0.000015 -0.001117 0.032665 0.001416
 52 2.251987 -2.464409 -1.141647 0.481305 0.508197 -0.319329
 53 3.674038 -0.000015 0.000015 -0.277611 0.179024 0.194713
 54 3.614689 0.000023 0.000000 0.013156 0.193871 -0.001558
 55 9.035507 -2.494949 0.484573 -0.001362 0.302449 0.001673
 56 2.943577 0.000000 0.000000 0.010585 0.293657 -0.007800
 57 2.649429 0.000000 0.000000 -0.006498 0.303243 0.008512
 58 9.093620 -0.386665 0.647720 0.020190 0.475380 -0.012607
 59 3.451885 0.000000 0.000000 -0.014209 0.528778 0.009212
 60 2.898193 -0.000008 0.000031 -0.000683 0.490858 0.000916
 61 8.894585 1.605850 0.371902 -0.000566 0.547851 0.000704
 62 3.130402 0.000000 0.000031 0.003896 0.567158 -0.005064
 63 2.629532 -0.000008 -0.000046 0.004892 0.544388 -0.006589
 64 8.470619 3.459526 0.131516 -0.021715 0.541478 0.011455
 65 2.410259 0.000000 -0.000046 0.022815 0.529939 -0.013321
 66 2.000793 0.000008 0.000000 -0.005415 0.533618 0.007402
 67 23.052765 6.207916 -0.077328 1.481186 -0.130691 2.097341
 68 9.436893 0.000022 -0.000015 -0.598552 0.061095 1.496057
 69 31.269339 0.000015 -0.000015 0.072051 -0.361450 0.746954
 70 28.756504 -0.000015 -0.000015 0.275998 -0.131054 -0.097437
 71 2.251892 2.464405 -1.141556 -0.513217 0.249535 0.112914
 72 3.674088 0.000000 -0.000031 0.331388 -0.059506 -0.325011
 73 3.614685 0.000004 0.000015 0.067360 -0.216133 -0.086857
 74 9.035416 2.494942 0.484421 0.001362 -0.011534 -0.001673
 75 2.943565 0.000000 -0.000015 -0.011498 -0.020268 0.014556
 76 2.649437 -0.000004 0.000015 0.006498 -0.010740 -0.008512
 77 9.093689 0.386669 0.647781 -0.018031 0.093461 0.020165
 78 3.451851 0.000000 -0.000015 0.014953 0.008589 -0.019838
 79 2.898193 -0.000004 -0.000015 0.000683 -0.029445 -0.000917
 80 8.894417 -1.605854 0.371918 0.000566 0.090541 -0.000704
 81 3.130432 0.000008 -0.000046 -0.003896 -0.009289 0.005063
 82 2.629517 -0.000004 0.000015 -0.004892 -0.032059 0.006589
 83 8.470604 -3.459526 0.131409 0.018786 0.137518 -0.020073
 84 2.410278 -0.000004 -0.000015 -0.024238 -0.029075 0.031299
 85 2.000748 0.000000 0.000015 0.005415 -0.025697 -0.007402
 86 9.832352 1.463058 -1.299438 0.016523 -0.031798 -0.020624
 87 25.040573 -5.670395 5.432774 -1.312160 -0.224887 -2.136065
 88 28.779709 -6.856293 -0.811443 -1.466235 0.019064 -1.725377
 89 29.182297 -3.955551 -4.961983 0.881869 2.552753 0.503940
 90 25.040573 5.670418 5.432732 1.296833 -0.398765 2.185823
 91 28.779739 6.856323 -0.811426 1.466235 0.019065 1.725381
 92 29.182281 3.955574 -4.961966 -0.881870 2.552752 -0.503941
 93 -65.335655 -0.000019 1.140919 -3.141591 0.044911 0.000000
 94 26.290924 -12.205289 1.157883 -2.071447 -0.017454 0.065112
 95 49.071022 0.000004 0.000006 2.179705 0.127556 -0.112856
 96 61.871300 -0.000010 -0.000008 3.080256 0.672597 0.035641
 97 26.290909 12.205296 1.157845 2.044502 0.127786 -0.159169
 98 49.071045 0.000008 -0.000031 -2.187262 0.154733 0.063501
 99 61.871292 0.000021 -0.000023 -2.944714 0.642381 0.102744
100 -0.698074 -11.192119 -8.252766 1.129942 -0.205606 -0.423070
101 20.568253 -0.000008 0.000004 0.082536 0.144274 -0.170866
102 0.223785 -5.734813 -12.929607 -3.092952 0.513164 0.120370
103 20.803589 0.000008 -0.000031 0.071170 0.002673 -0.171079
104 -1.040009 -3.033968 12.140511 1.632222 0.193520 -1.225667
105 -1.040009 3.034006 12.140503 -1.604201 -0.023187 1.336079
106 4.165436 -5.407042 12.088390 1.210304 -0.812157 -0.921381
107 16.599442 0.000000 -0.000031 0.051497 -0.068038 -0.007544
108 4.165482 5.407085 12.088383 -0.819182 -0.755797 0.618953
109 16.599373 0.000010 -0.000015 0.093464 -0.119698 -0.146538
110 6.428391 0.000002 -0.288944 -0.000001 -0.000000 -0.000000
111 -1.833771 -13.936466 1.224503 1.629140 0.053300 -0.366760
112 20.406937 -0.000004 -0.000015 0.071125 0.042566 -0.012595
113 21.655495 -0.000008 -0.000008 -0.037739 0.317885 -0.248480
114 22.360680 0.000000 -0.000004 -0.096662 -0.410344 0.380992
115 22.519661 -0.000004 0.000000 -0.126967 -0.392007 0.594601
116 22.140385 0.000000 -0.000015 0.085323 0.100584 0.070499
117 -1.699219 -12.875616 4.918510 1.195345 -0.141784 -0.363195
118 20.938599 0.000015 0.000004 0.114527 0.013100 -0.015556
119 21.993614 -0.000008 -0.000053 -0.005649 0.256045 -0.190349
120 22.563789 -0.000008 0.000010 -0.068801 -0.574734 0.223398
121 22.643341 0.000000 -0.000023 -0.120417 -0.478292 0.387593
122 22.238041 -0.000004 -0.000015 0.069154 -0.006757 0.078581
123 -1.634354 -9.854569 8.052349 0.799500 -0.304410 -0.294630
124 22.205307 0.000002 -0.000023 0.125958 -0.014929 -0.022620
125 22.804375 -0.000010 -0.000031 0.009914 0.160610 -0.155373
126 23.051666 0.000000 0.000008 0.019652 -0.636569 -0.008220
127 22.939968 0.000000 -0.000038 -0.061326 -0.456435 0.155554
128 22.472042 0.000008 -0.000008 0.072359 -0.101875 0.037909
129 -1.616165 -5.333254 10.147442 0.343266 -0.384054 -0.146212
130 23.451309 0.000004 -0.000011 0.108251 -0.039045 -0.027930
131 23.608017 -0.000003 -0.000023 0.114308 -0.627463 -0.278409
132 23.536209 0.000008 -0.000023 0.088556 -0.511089 -0.198239
133 23.233961 0.000010 0.000038 -0.003169 0.296356 0.027685
134 22.703661 0.000015 -0.000008 0.090468 -0.163353 -0.038420
135 -1.614532 0.000000 10.883354 0.083592 -0.464709 -0.036777
136 23.962128 0.000005 -0.000023 0.075541 -0.060031 -0.032878
137 23.938957 0.000000 0.000015 0.005500 -0.095697 -0.192359
138 23.736015 0.000006 -0.000019 0.135274 -0.473972 -0.349004
139 23.354958 0.000015 -0.000031 0.036056 -0.203593 -0.160101
140 22.798922 -0.000008 0.000000 0.109892 -0.190756 -0.123210
141 -1.616135 5.333252 10.147423 -0.277192 -0.465437 0.118180
142 23.451309 -0.000006 0.000008 0.039961 -0.076591 -0.041862
143 23.608017 0.000004 -0.000034 0.001830 -0.186169 -0.256671
144 23.536240 0.000011 -0.000015 0.130336 -0.344733 -0.420896
145 23.233965 0.000000 -0.000015 0.054522 -0.065540 -0.247396
146 22.703659 0.000023 0.000008 0.122296 -0.186403 -0.206853
147 -1.634338 9.854567 8.052349 -0.664337 -0.406678 0.271791
148 22.205246 0.000002 0.000008 0.013005 -0.086827 -0.060866
149 22.804451 0.000004 -0.000069 0.003141 -0.229077 -0.343950
150 23.051628 0.000004 0.000008 0.101868 -0.210996 -0.454610
151 22.939968 0.000000 0.000015 0.050597 0.068261 -0.295624
152 22.472061 0.000013 -0.000008 0.118006 -0.149129 -0.296862
153 -1.699219 12.875608 4.918530 -1.086495 -0.279612 0.399951
154 20.938583 0.000019 0.000008 0.008056 -0.085365 -0.094940
155 21.993599 -0.000004 -0.000061 0.005550 -0.208326 -0.447134
156 22.563789 0.000008 0.000000 0.058978 -0.077591 -0.454081
157 22.643347 0.000019 0.000000 0.025137 0.196262 -0.298172
158 22.238018 0.000000 0.000008 0.074706 -0.087049 -0.355942
159 -1.833771 13.936457 1.224506 -1.531937 -0.097306 0.467133
160 20.406952 0.000004 -0.000046 0.027791 -0.062934 -0.138160
161 21.655502 0.000013 0.000000 0.000852 -0.137660 -0.535474
162 22.360641 0.000004 -0.000015 0.056966 0.008617 -0.439806
163 22.519661 -0.000015 0.000000 0.033877 0.284386 -0.285685
164 22.140371 -0.000004 0.000008 -0.008126 -0.012643 -0.354731
165 -1.972595 12.875607 -3.614552 -1.804475 0.019064 0.450252
166 20.655159 0.000004 -0.000031 0.036180 -0.040673 -0.154822
167 21.762253 0.000006 -0.000023 -0.013765 -0.089375 -0.556981
168 22.392151 0.000011 -0.000015 -0.024380 0.134690 -0.366866
169 22.541340 0.000000 -0.000008 -0.043478 0.402641 -0.169377
170 22.217506 0.000008 -0.000008 -0.070950 0.040830 -0.347517
171 -1.967331 9.854563 -7.722431 -2.127635 0.120792 0.372854
172 21.272713 0.000010 -0.000008 0.045694 -0.010224 -0.161472
173 22.032501 0.000027 -0.000046 -0.032287 -0.019022 -0.559256
174 22.475655 0.000004 -0.000015 -0.048847 0.219452 -0.272269
175 22.598717 0.000008 0.000000 -0.037814 0.472794 -0.019458
176 22.407982 0.000015 -0.000004 -0.093392 0.095341 -0.297189
177 -1.900848 5.333248 -10.470081 -2.550624 0.198286 0.257304
178 21.914322 0.000012 -0.000015 0.046171 0.029920 -0.150275
179 22.319824 0.000004 0.000000 -0.058231 0.091519 -0.539739
180 22.569611 0.000011 -0.000015 -0.043941 0.291053 -0.098333
181 22.663200 0.000023 -0.000008 0.023798 0.485386 0.227624
182 22.604515 0.000004 0.000008 -0.083521 0.145310 -0.249668
183 -1.865585 -0.000006 -11.435444 -3.074605 0.250632 0.118137
184 22.186668 0.000000 0.000000 0.027249 0.065927 -0.115159
185 22.443710 0.000011 -0.000008 -0.082948 0.235066 -0.479695
186 22.611526 0.000023 -0.000011 -0.003747 0.267427 0.151099
187 22.692017 0.000015 0.000019 0.093702 0.355439 0.507827
188 22.687645 -0.000002 0.000027 -0.036720 0.187173 -0.195324
189 -1.900833 -5.333261 -10.470074 2.677972 0.265129 -0.038173
190 21.914345 0.000015 -0.000008 0.013856 0.078612 -0.069966
191 22.319832 -0.000015 0.000000 -0.082979 0.329790 -0.394419
192 22.569603 0.000038 -0.000011 0.007237 0.111606 0.348770
193 22.663223 -0.000004 0.000031 0.075919 0.121988 0.674579
194 22.604507 -0.000019 0.000013 0.038302 0.207303 -0.105334
195 -1.967285 -9.854568 -7.722443 2.240899 0.237664 -0.190484
196 21.272720 -0.000019 0.000000 0.024439 0.071529 -0.037151
197 22.032471 0.000008 -0.000015 -0.068808 0.368150 -0.321312
198 22.475693 0.000000 -0.000011 -0.030777 -0.089172 0.426260
199 22.598717 0.000008 0.000000 -0.005215 -0.112501 0.712893
200 22.407974 -0.000032 -0.000004 0.090708 0.199857 -0.032092
201 -1.972580 -12.875615 -3.614559 1.905222 0.161545 -0.309336
202 20.655167 0.000004 -0.000008 0.047393 0.058498 -0.020460
203 21.762268 -0.000008 0.000000 -0.053314 0.355119 -0.284195
204 22.392159 0.000000 -0.000004 -0.071716 -0.263177 0.426436
205 22.541351 -0.000011 -0.000011 -0.079789 -0.279234 0.681273
206 22.217499 -0.000011 -0.000008 0.103399 0.162422 0.030516
207 0.059621 0.456168 0.250107 0.000000 -0.000000 0.000000
208 0.059621 0.456168 0.250107 0.000000 -0.000000 0.000000
time 18
  0 0.059621 0.456168 0.250107 0.000000 -0.000000 0.000000
  1 0.059621 0.456168 0.250107 0.000000 -0.000000 0.000000
  2 0.059621 0.456168 0.250107 0.000000 -0.000000 0.000000
  3 0.059621 0.456168 0.250107 0.000000 -0.000000 0.000000
  4 0.059621 0.456168 0.250107 0.000000 -0.000000 0.000000
  5 0.059621 0.456168 0.250107 0.000000 -0.000000 0.000000
  6 0.059621 0.456168 0.250107 0.000000 -0.000000 0.000000
  7 0.059621 0.456168 0.250107 0.000000 -0.000000 0.000000
  8 0.059621 0.456168 0.250107 0.000000 -0.000000 0.000000
  9 0.059621 0.456168 0.250107 0.000000 -0.000000 0.000000
 10 -107.060982 -79.614220 176.893631 -1.374137 -0.014751 2.448182
 11 24.668255 0.000000 -0.000031 0.967486 0.484751 -0.174398
 12 30.380148 -0.000023 -0.000015 1.554827 0.195223 -0.138189
 13 19.902092 -0.000015 0.000008 0.084085 -0.010702 0.271439
 14 104.993179 46.518250 190.219055 1.527511 0.168017 -1.714645
 15 35.349506 -0.000015 0.000015 -1.459570 0.393883 0.298567
 16 37.124332 -0.000008 -0.000015 -0.659567 -0.259835 -0.456397
 17 0.059621 0.456168 0.250107 0.063677 -0.005127 -0.154132
 18 14.473349 -40.915691 104.400574 0.913652 1.417717 0.000000
 19 -65.799545 -0.000017 1.142857 0.000000 0.000515 3.141077
 20 11.181595 0.005758 -0.002411 0.457687 -0.001735 -0.222260
 21 27.835175 0.000011 -0.000004 2.597224 0.100431 0.109373
 22 5.330383 0.000000 0.000000 -3.069864 -0.172159 -0.007764
 23 10.134888 -4.133392 3.834198 -0.673843 -1.170094 -2.505919
 24 10.134888 4.133401 3.834198 0.673860 -1.170089 2.505904
 25 22.592361 0.000010 17.467102 -0.000010 2.956431 0.000000
 26 21.199997 -7.744004 14.169510 -0.644457 -0.154503 -3.025319
 27 18.142014 -13.440224 7.965775 1.228366 -0.180197 3.082644
 28 21.199966 7.744025 14.169495 0.644460 -0.154503 3.025318
 29 18.141998 13.440238 7.965775 -0.316157 -0.180196 -3.082644
 30 11.858856 -13.359997 3.526505 1.542249 3.132957 0.174415
 31 9.463272 -16.404863 -2.906044 1.542282 3.132901 0.176490
 32 9.125244 -10.885473 -11.371330 0.000496 2.962373 0.000256
 33 11.858856 13.360003 3.526466 -1.542248 3.132957 -0.174414
 34 9.463272 16.404865 -2.906021 -1.542281 3.132900 -0.176490
 35 9.125275 10.885468 -11.371307 -0.000492 2.962373 0.000256
 36 9.023239 -0.000004 -17.296173 0.000180 -0.167048 -3.141356
 37 12.691406 -0.000006 -19.438766 0.551605 2.741626 0.771940
 38 10.989410 0.000015 -0.000008 -0.047423 -0.137616 0.337519
 39 12.871460 -10.586841 -15.652473 1.051111 -2.965189 0.805961
 40 10.727005 0.000000 -0.000023 -0.087141 -0.133887 0.360559
 41 12.871445 10.586837 -15.652466 -0.509892 2.249125 -0.093657
 42 10.726990 -0.000021 0.000008 -0.016865 -0.181357 0.315891
 43 12.847229 -17.570082 -4.701340 1.271935 -2.812886 0.737361
 44 11.496498 0.000015 -0.000023 -0.113225 -0.088087 0.388032
 45 12.847198 17.570080 -4.701355 -1.329668 2.399714 -1.094250
 46 11.496460 0.000000 0.000000 0.036084 -0.138929 0.283143
 47 28.485962 0.000015 16.460350 -0.000001 -0.039729 0.000000
 48 23.052765 -6.207901 -0.077301 -1.470206 0.035100 -1.833545
 49 9.436905 -0.000010 -0.000031 0.083882 0.085087 0.690389
 50 31.269318 0.000000 0.000015 -0.006701 -0.563522 0.008666
 51 28.756500 0.000008 0.000015 -0.001117 0.032665 0.001416
 52 2.251991 -2.464417 -1.141647 0.481305 0.508197 -0.319329
 53 3.674046 -0.000015 0.000023 -0.277611 0.179024 0.194713
 54 3.614693 0.000015 0.000000 0.013156 0.193871 -0.001558
 55 9.035507 -2.494949 0.484573 -0.001362 0.302449 0.001673
 56 2.943577 0.000000 -0.000015 0.010585 0.293657 -0.007800
 57 2.649426 -0.000008 0.000000 -0.006498 0.303243 0.008512
 58 9.093620 -0.386673 0.647705 0.020190 0.475380 -0.012607
 59 3.451885 0.000000 0.000000 -0.014209 0.528778 0.009212
 60 2.898178 0.000000 0.000046 -0.000683 0.490858 0.000916
 61 8.894585 1.605850 0.371902 -0.000566 0.547851 0.000704
 62 3.130409 0.000000 0.000015 0.003896 0.567158 -0.005064
 63 2.629539 0.000000 -0.000046 0.004892 0.544388 -0.006589
 64 8.470619 3.459526 0.131500 -0.021715 0.541478 0.011456
 65 2.410263 0.000008 -0.000031 0.022815 0.529939 -0.013321
 66 2.000793 0.000008 0.000015 -0.005415 0.533618 0.007402
 67 23.052750 6.207916 -0.077326 1.481212 -0.122849 2.097170
 68 9.436897 0.000019 0.000000 -0.439523 -0.013280 1.211672
 69 31.269341 0.000015 -0.000031 0.096980 -0.381928 0.736241
 70 28.756500 -0.000015 0.000000 0.276026 -0.138994 -0.099842
 71 2.251892 2.464417 -1.141556 -0.513217 0.249535 0.112914
 72 3.674088 0.000000 -0.000015 0.331388 -0.059506 -0.325011
 73 3.614677 0.000000 0.000000 0.067360 -0.216133 -0.086857
 74 9.035408 2.494949 0.484421 0.001362 -0.011534 -0.001673
 75 2.943573 0.000000 -0.000015 -0.011497 -0.020268 0.014556
 76 2.649445 0.000000 0.000031 0.006498 -0.010740 -0.008512
 77 9.093697 0.386681 0.647781 -0.018031 0.093461 0.020165
 78 3.451859 0.000008 -0.000015 0.014953 0.008589 -0.019838
 79 2.898193 0.000008 -0.000015 0.000684 -0.029445 -0.000917
 80 8.894417 -1.605843 0.371918 0.000566 0.090541 -0.000704
 81 3.130432 0.000000 -0.000046 -0.003896 -0.009289 0.005063
 82 2.629517 0.000000 0.000031 -0.004892 -0.032059 0.006589
 83 8.470604 -3.459518 0.131393 0.018786 0.137518 -0.020073
 84 2.410263 -0.000008 -0.000015 -0.024238 -0.029075 0.031299
 85 2.000748 0.000000 0.000015 0.005415 -0.025697 -0.007402
 86 9.832344 1.463066 -1.299423 0.016523 -0.031798 -0.020624
 87 25.040588 -5.670403 5.432774 -1.312160 -0.224888 -2.136065
 88 28.779694 -6.856300 -0.811443 -1.466235 0.019064 -1.725377
 89 29.182312 -3.955555 -4.961979 0.881870 2.552753 0.503940
 90 25.040573 5.670418 5.432732 1.296833 -0.398765 2.185823
 91 28.779739 6.856323 -0.811424 1.466235 0.019065 1.725381
 92 29.182281 3.955574 -4.961964 -0.881870 2.552752 -0.503940
 93 -65.335648 -0.000021 1.140915 -3.141591 0.044911 0.000000
 94 26.290939 -12.205286 1.157879 -2.071447 -0.017454 0.065112
 95 49.071030 0.000008 0.000006 2.179705 0.127556 -0.112856
 96 61.871311 -0.000013 -0.000019 3.080256 0.672597 0.035641
 97 26.290939 12.205294 1.157845 2.044502 0.127786 -0.159169
 98 49.071053 0.000000 -0.000031 -2.187262 0.154733 0.063501
 99 61.871304 0.000029 -0.000027 -2.944713 0.642381 0.102745
100 -0.698044 -11.192116 -8.252766 1.128374 -0.157549 -0.384909
101 20.568237 0.000000 -0.000008 0.079285 0.141782 -0.149122
102 0.223801 -5.734811 -12.929607 -3.058944 0.577236 0.150755
103 20.803581 0.000009 -0.000031 0.069254 0.000311 -0.145836
104 -1.039993 -3.033966 12.140511 1.626040 0.169424 -1.227351
105 -1.039978 3.034002 12.140503 -1.603482 0.002363 1.334880
106 4.165451 -5.407043 12.088390 1.153549 -0.799117 -0.847855
107 16.599442 0.000000 -0.000046 0.043471 -0.067970 0.015255
108 4.165482 5.407082 12.088383 -0.837598 -0.738117 0.636876
109 16.599380 0.000010 -0.000031 0.085430 -0.119411 -0.121866
110 6.428391 0.000000 -0.288940 -0.000001 -0.000000 0.000000
111 -1.833755 -13.936460 1.224499 1.623079 0.032056 -0.368251
112 20.406944 -0.000008 -0.000015 0.065692 0.040617 0.008652
113 21.655510 -0.000004 -0.000008 -0.061210 0.343198 -0.374230
114 22.360695 0.000015 -0.000004 -0.035650 -0.299744 0.234444
115 22.519676 0.000000 0.000000 -0.156017 -0.445437 0.657922
116 22.140392 0.000000 -0.000023 0.078129 0.098066 0.092144
117 -1.699203 -12.875609 4.918507 1.187571 -0.161146 -0.355028
118 20.938614 0.000008 -0.000008 0.108265 0.010887 0.005138
119 21.993629 -0.000008 -0.000053 -0.024692 0.310692 -0.296236
120 22.563797 -0.000008 0.000011 -0.015559 -0.469848 0.111418
121 22.643353 0.000008 -0.000031 -0.147016 -0.576214 0.420161
122 22.238049 0.000008 -0.000023 0.060317 -0.006815 0.100526
123 -1.634323 -9.854564 8.052345 0.787636 -0.318504 -0.278164
124 22.205276 0.000000 -0.000023 0.119142 -0.016794 -0.001828
125 22.804390 -0.000006 -0.000042 -0.000445 0.227301 -0.235207
126 23.051674 0.000004 0.000010 0.051108 -0.553545 -0.079927
127 22.939983 0.000011 -0.000053 -0.059470 -0.558572 0.135521
128 22.472044 0.000008 -0.000015 0.061896 -0.100274 0.060277
129 -1.616150 -5.333251 10.147438 0.326319 -0.332353 -0.091391
130 23.451324 -0.000001 -0.000021 0.101113 -0.039351 -0.006621
131 23.608025 -0.000007 -0.000027 0.133351 -0.592531 -0.339596
132 23.536217 0.000008 -0.000031 0.129625 -0.601762 -0.265772
133 23.233963 0.000011 0.000046 -0.002793 0.143611 -0.010519
134 22.703669 0.000015 0.000008 0.078650 -0.160783 -0.015352
135 -1.614532 0.000002 10.883350 0.065132 -0.464438 -0.012277
136 23.962128 0.000002 -0.000031 0.068255 -0.059790 -0.010849
137 23.938972 -0.000004 0.000008 0.005603 -0.040114 -0.227898
138 23.736023 0.000008 -0.000027 0.152463 -0.463006 -0.389987
139 23.354958 0.000019 -0.000023 0.051869 -0.244094 -0.217654
140 22.798920 -0.000004 -0.000008 0.097293 -0.188050 -0.099454
141 -1.616135 5.333254 10.147423 -0.294498 -0.457586 0.140983
142 23.451324 -0.000006 -0.000004 0.032664 -0.075621 -0.018985
143 23.608025 -0.000002 -0.000038 0.002583 -0.147857 -0.272911
144 23.536240 0.000011 -0.000008 0.150946 -0.360598 -0.464153
145 23.233969 0.000000 -0.000015 0.064542 -0.080188 -0.305015
146 22.703655 0.000023 0.000015 0.109624 -0.183980 -0.182493
147 -1.634338 9.854565 8.052345 -0.677257 -0.391747 0.289141
148 22.205246 0.000000 0.000004 0.005815 -0.085246 -0.036998
149 22.804443 0.000004 -0.000069 0.004506 -0.214105 -0.343613
150 23.051628 0.000004 0.000008 0.125152 -0.246089 -0.503550
151 22.939968 0.000006 0.000015 0.054529 0.069364 -0.352183
152 22.472059 0.000010 -0.000008 0.105808 -0.147198 -0.271934
153 -1.699219 12.875608 4.918526 -1.093927 -0.257514 0.409318
154 20.938599 0.000023 0.000000 0.001132 -0.083875 -0.069958
155 21.993584 -0.000008 -0.000069 0.011470 -0.223148 -0.440186
156 22.563793 0.000008 -0.000008 0.082109 -0.123487 -0.510676
157 22.643347 0.000019 -0.000008 0.023715 0.206273 -0.354060
158 22.238020 -0.000008 0.000015 0.065283 -0.085298 -0.331122
159 -1.833771 13.936455 1.224506 -1.536314 -0.072177 0.466939
160 20.406952 0.000011 -0.000046 0.021460 -0.062370 -0.112968
161 21.655495 0.000011 -0.000008 0.014216 -0.178705 -0.531156
162 22.360638 0.000000 0.000000 0.081710 -0.047491 -0.505675
163 22.519655 -0.000015 -0.000008 0.030578 0.296797 -0.343707
164 22.140375 -0.000004 0.000000 -0.013276 -0.010852 -0.330427
165 -1.972580 12.875603 -3.614552 -1.809879 0.043354 0.444259
166 20.655197 0.000008 -0.000031 0.030486 -0.040581 -0.130142
167 21.762253 0.000015 -0.000015 0.004065 -0.143559 -0.560079
168 22.392155 0.000015 -0.000008 -0.006643 0.074160 -0.441899
169 22.541336 0.000008 -0.000015 -0.053241 0.423442 -0.231496
170 22.217505 0.000004 -0.000008 -0.072343 0.042599 -0.323373
171 -1.967316 9.854567 -7.722439 -2.135138 0.141331 0.359229
172 21.272728 0.000008 -0.000008 0.040781 -0.011045 -0.136991
173 22.032516 0.000032 -0.000046 -0.009883 -0.088461 -0.578283
174 22.475655 0.000011 -0.000015 -0.036796 0.157332 -0.362000
175 22.598701 0.000000 -0.000008 -0.048936 0.506504 -0.084023
176 22.407974 0.000015 0.000000 -0.092091 0.095505 -0.272630
177 -1.900848 5.333252 -10.470078 -2.561071 0.210894 0.235292
178 21.914322 0.000012 -0.000015 0.042218 0.028533 -0.125339
179 22.319839 0.000003 -0.000008 -0.034537 0.008435 -0.588237
180 22.569607 0.000015 -0.000015 -0.042724 0.240969 -0.217270
181 22.663200 0.000031 -0.000008 0.022871 0.542287 0.175889
182 22.604507 0.000008 -0.000004 -0.080303 0.143710 -0.224293
183 -1.865585 -0.000002 -11.435444 -3.086564 0.252393 0.092187
184 22.186684 0.000005 -0.000015 0.023692 0.064394 -0.090050
185 22.443726 0.000010 -0.000008 -0.070131 0.155744 -0.568412
186 22.611534 0.000023 -0.000008 -0.007535 0.258808 -0.001485
187 22.691998 0.000031 0.000011 0.117275 0.428420 0.495621
188 22.687645 0.000011 0.000015 -0.033208 0.182840 -0.170343
189 -1.900848 -5.333255 -10.470074 2.666871 0.255677 -0.061311
190 21.914345 0.000008 -0.000008 0.010107 0.077128 -0.046234
191 22.319839 -0.000015 0.000015 -0.088685 0.276895 -0.514002
192 22.569618 0.000031 -0.000008 0.020840 0.154732 0.181909
193 22.663223 0.000015 0.000038 0.106139 0.182697 0.700477
194 22.604515 -0.000006 0.000027 0.039442 0.201150 -0.081878
195 -1.967285 -9.854563 -7.722446 2.232084 0.221231 -0.204973
196 21.272713 -0.000015 0.000000 0.020087 0.069939 -0.014572
197 22.032471 0.000008 -0.000031 -0.086469 0.342078 -0.452482
198 22.475685 0.000008 -0.000004 0.007186 -0.003943 0.263482
199 22.598717 0.000015 0.000004 0.008008 -0.083750 0.763473
200 22.407990 -0.000031 -0.000004 0.087536 0.193627 -0.009865
201 -1.972565 -12.875607 -3.614567 1.898362 0.141488 -0.316766
202 20.655159 0.000011 -0.000015 0.042499 0.056704 0.001347
203 21.762283 -0.000011 -0.000015 -0.075924 0.355605 -0.415455
204 22.392174 0.000023 -0.000008 -0.017611 -0.158038 0.267894
205 22.541359 0.000000 0.000000 -0.090468 -0.291050 0.743883
206 22.217499 -0.000015 -0.000015 0.097343 0.157578 0.052211
207 0.059621 0.456168 0.250107 0.000000 -0.000000 0.000000
208 0.059621 0.456168 0.250107 0.000000 -0.000000 0.000000
time 19
  0 0.059621 0.456168 0.250107 0.000000 -0.000000 0.000000
  1 0.059621 0.456168 0.250107 0.000000 -0.000000 0.000000
  2 0.059621 0.456168 0.250107 0.000000 -0.000000 0.000000
  3 0.059621 0.456168 0.250107 0.000000 -0.000000 0.000000
  4 0.059621 0.456168 0.250107 0.000000 -0.000000 0.000000
  5 0.059621 0.456168 0.250107 0.000000 -0.000000 0.000000
  6 0.059621 0.456168 0.250107 0.000000 -0.000000 0.000000
  7 0.059621 0.456168 0.250107 0.000000 -0.000000 0.000000
  8 0.059621 0.456168 0.250107 0.000000 -0.000000 0.000000
  9 0.059621 0.456168 0.250107 0.000000 -0.000000 0.000000
 10 -87.837112 -100.633194 176.308685 -1.374137 -0.014751 2.661029
 11 24.668255 0.000000 -0.000031 0.966187 0.488742 -0.179077
 12 30.380146 -0.000015 -0.000015 1.555501 0.195681 -0.135551
 13 19.902092 -0.000031 0.000000 0.069924 0.119445 0.125147
 14 84.618629 68.099976 189.589386 1.495675 0.149392 -1.869847
 15 35.349510 0.000000 0.000011 -1.464329 0.646250 0.348147
 16 37.124329 0.000000 -0.000031 -0.819046 -0.331622 -0.406291
 17 0.059621 0.456168 0.250107 0.064146 -0.005165 -0.155267
 18 14.189745 -37.517620 104.400574 0.913158 1.418866 -0.009999
 19 -65.799545 -0.000020 1.142857 -0.000000 0.000515 3.141077
 20 11.181580 0.005756 -0.002415 0.406408 -0.010665 -0.212196
 21 27.835175 0.000008 -0.000002 2.633347 0.085147 0.104395
 22 5.330383 -0.000001 0.000000 -3.069864 -0.172159 -0.007764
 23 10.134903 -4.133394 3.834206 -0.674743 -1.170529 -2.504950
 24 10.134903 4.133398 3.834198 0.674760 -1.170523 2.504935
 25 22.592361 0.000010 17.467110 -0.000010 2.956431 0.000000
 26 21.199982 -7.744006 14.169518 -0.644457 -0.154503 -3.025319
 27 18.142014 -13.440226 7.965775 1.228366 -0.180197 3.082644
 28 21.199951 7.744022 14.169502 0.644460 -0.154503 3.025318
 29 18.141998 13.440235 7.965767 -0.316157 -0.180196 -3.082644
 30 11.858856 -13.359999 3.526512 1.542249 3.132957 0.174415
 31 9.463272 -16.404865 -2.906044 1.542282 3.132901 0.176490
 32 9.125244 -10.885471 -11.371323 0.000496 2.962373 0.000256
 33 11.858856 13.360003 3.526474 -1.542248 3.132957 -0.174414
 34 9.463257 16.404865 -2.906029 -1.542281 3.132900 -0.176490
 35 9.125275 10.885471 -11.371307 -0.000492 2.962373 0.000256
 36 9.023224 -0.000002 -17.296173 0.000180 -0.167048 -3.141356
 37 12.691406 -0.000002 -19.438766 0.325385 2.759545 0.462122
 38 10.989410 0.000015 -0.000004 -0.043644 -0.139971 0.310620
 39 12.871460 -10.586839 -15.652466 1.012430 -2.968405 0.640970
 40 10.727005 0.000031 -0.000027 -0.083763 -0.137390 0.333785
 41 12.871460 10.586842 -15.652473 -0.790000 2.525485 -0.429746
 42 10.726990 -0.000023 0.000008 -0.011955 -0.181077 0.288755
 43 12.847214 -17.570080 -4.701332 1.265910 -2.833515 0.664861
 44 11.496498 0.000015 -0.000031 -0.111410 -0.092047 0.361490
 45 12.847198 17.570082 -4.701363 -1.294695 2.706234 -1.060575
 46 11.496460 -0.000008 0.000000 0.040565 -0.138837 0.256194
 47 28.485947 0.000012 16.460350 -0.000001 -0.039729 0.000000
 48 23.052765 -6.207905 -0.077303 -1.470206 0.035100 -1.833545
 49 9.436905 -0.000009 -0.000031 0.078999 0.086385 0.644809
 50 31.269325 -0.000008 -0.000015 -0.006701 -0.563522 0.008666
 51 28.756508 0.000015 0.000015 -0.001117 0.032665 0.001416
 52 2.251984 -2.464409 -1.141647 0.481305 0.508197 -0.319329
 53 3.674049 -0.000015 0.000023 -0.277611 0.179024 0.194713
 54 3.614697 0.000008 0.000000 0.013156 0.193871 -0.001558
 55 9.035500 -2.494942 0.484573 -0.001362 0.302449 0.001673
 56 2.943577 0.000000 0.000000 0.010585 0.293657 -0.007800
 57 2.649433 0.000000 0.000000 -0.006498 0.303243 0.008512
 58 9.093620 -0.386673 0.647720 0.020190 0.475380 -0.012607
 59 3.451885 -0.000008 0.000000 -0.014209 0.528778 0.009212
 60 2.898178 0.000000 0.000046 -0.000683 0.490858 0.000916
 61 8.894577 1.605854 0.371918 -0.000566 0.547851 0.000704
 62 3.130402 0.000000 0.000046 0.003896 0.567158 -0.005064
 63 2.629539 0.000000 -0.000046 0.004892 0.544389 -0.006589
 64 8.470619 3.459530 0.131500 -0.021715 0.541478 0.011456
 65 2.410263 0.000000 -0.000046 0.022815 0.529939 -0.013321
 66 2.000793 0.000004 0.000000 -0.005415 0.533618 0.007402
 67 23.052765 6.207916 -0.077322 1.481253 -0.110805 2.096867
 68 9.436893 0.000025 -0.000015 -0.225145 -0.109969 0.828625
 69 31.269344 0.000003 -0.000015 0.135263 -0.404182 0.719392
 70 28.756500 -0.000015 0.000000 0.276079 -0.144524 -0.101507
 71 2.251892 2.464417 -1.141541 -0.513217 0.249535 0.112914
 72 3.674072 0.000008 -0.000015 0.331388 -0.059506 -0.325011
 73 3.614685 0.000000 0.000015 0.067360 -0.216133 -0.086857
 74 9.035416 2.494953 0.484451 0.001362 -0.011534 -0.001673
 75 2.943588 0.000011 -0.000015 -0.011497 -0.020268 0.014556
 76 2.649429 -0.000008 0.000015 0.006498 -0.010740 -0.008512
 77 9.093689 0.386673 0.647797 -0.018031 0.093461 0.020165
 78 3.451859 0.000000 0.000000 0.014953 0.008589 -0.019838
 79 2.898193 0.000000 -0.000015 0.000684 -0.029445 -0.000917
 80 8.894424 -1.605846 0.371933 0.000566 0.090541 -0.000704
 81 3.130417 0.000000 -0.000031 -0.003896 -0.009289 0.005063
 82 2.629517 0.000000 0.000015 -0.004892 -0.032059 0.006589
 83 8.470596 -3.459522 0.131409 0.018786 0.137518 -0.020073
 84 2.410294 0.000000 -0.000015 -0.024238 -0.029075 0.031299
 85 2.000763 -0.000008 0.000015 0.005415 -0.025697 -0.007402
 86 9.832336 1.463062 -1.299408 0.016523 -0.031798 -0.020624
 87 25.040588 -5.670395 5.432779 -1.312160 -0.224887 -2.136065
 88 28.779709 -6.856300 -0.811441 -1.466235 0.019064 -1.725377
 89 29.182327 -3.955559 -4.961977 0.881869 2.552753 0.503940
 90 25.040573 5.670418 5.432737 1.296833 -0.398765 2.185823
 91 28.779739 6.856316 -0.811422 1.466235 0.019065 1.725381
 92 29.182297 3.955570 -4.961958 -0.881870 2.552752 -0.503940
 93 -65.335663 -0.000020 1.140923 -3.141591 0.044911 0.000000
 94 26.290924 -12.205291 1.157887 -2.071447 -0.017454 0.065112
 95 49.071037 0.000008 0.000009 2.179705 0.127556 -0.112856
 96 61.871304 -0.000014 -0.000017 3.080256 0.672597 0.035641
 97 26.290924 12.205296 1.157845 2.044502 0.127786 -0.159169
 98 49.071060 0.000004 -0.000038 -2.187262 0.154733 0.063501
 99 61.871307 0.000026 -0.000023 -2.944713 0.642381 0.102745
100 -0.698059 -11.192118 -8.252762 1.136106 -0.106200 -0.374854
101 20.568237 0.000000 -0.000004 0.077746 0.138149 -0.120855
102 0.223801 -5.734809 -12.929607 -3.063724 0.660546 0.104056
103 20.803581 0.000003 -0.000031 0.068034 -0.003198 -0.112869
104 -1.040009 -3.033970 12.140514 1.620978 0.138098 -1.229957
105 -1.039978 3.034004 12.140503 -1.602221 0.035578 1.333009
106 4.165451 -5.407047 12.088394 1.050214 -0.796864 -0.715288
107 16.599442 -0.000001 -0.000015 0.035908 -0.067784 0.044893
108 4.165482 5.407080 12.088385 -0.856071 -0.714284 0.660176
109 16.599380 0.000006 -0.000031 0.078719 -0.118679 -0.089792
110 6.428391 -0.000002 -0.288940 -0.000001 -0.000000 -0.000000
111 -1.833755 -13.936460 1.224503 1.618175 0.004439 -0.370548
112 20.406952 -0.000004 -0.000015 0.061612 0.037688 0.036272
113 21.655495 -0.000008 0.000000 -0.069061 0.311818 -0.479366
114 22.360687 0.000000 0.000000 0.005810 -0.179119 0.103583
115 22.519669 0.000008 -0.000004 -0.143833 -0.409229 0.674427
116 22.140396 -0.000002 -0.000031 0.072169 0.094363 0.120281
117 -1.699203 -12.875610 4.918507 1.180627 -0.186317 -0.345289
118 20.938614 0.000011 -0.000004 0.103072 0.007833 0.032041
119 21.993614 -0.000011 -0.000053 -0.039924 0.322580 -0.397620
120 22.563789 -0.000008 0.000011 0.018607 -0.355586 0.022815
121 22.643360 0.000015 -0.000038 -0.157614 -0.599995 0.444434
122 22.238047 0.000011 -0.000031 0.052115 -0.006939 0.128997
123 -1.634354 -9.854567 8.052345 0.775803 -0.336458 -0.256757
124 22.205307 0.000000 -0.000027 0.113250 -0.018858 0.025200
125 22.804390 -0.000008 -0.000038 -0.012789 0.270317 -0.315140
126 23.051666 0.000004 0.000008 0.068206 -0.474133 -0.128867
127 22.939976 0.000008 -0.000046 -0.059245 -0.616570 0.130788
128 22.472048 0.000008 -0.000023 0.051624 -0.098193 0.089356
129 -1.616150 -5.333256 10.147440 0.308569 -0.259679 -0.025338
130 23.451324 -0.000005 -0.000013 0.094876 -0.039547 0.021081
131 23.608025 -0.000011 -0.000025 0.147132 -0.609475 -0.361174
132 23.536221 0.000008 -0.000031 0.159022 -0.673473 -0.302808
133 23.233961 0.000015 0.000038 0.002643 -0.006068 -0.054870
134 22.703667 0.000015 0.000008 0.066732 -0.157441 0.014637
135 -1.614532 -0.000002 10.883350 0.045835 -0.463678 0.019573
136 23.962143 0.000001 -0.000031 0.061937 -0.059155 0.017790
137 23.938972 -0.000006 0.000004 0.000029 0.035292 -0.242125
138 23.736038 0.000006 -0.000023 0.177228 -0.488480 -0.435434
139 23.354965 0.000023 -0.000023 0.068795 -0.300588 -0.264967
140 22.798920 0.000000 -0.000008 0.084460 -0.184532 -0.068571
141 -1.616119 5.333250 10.147425 -0.312186 -0.446767 0.170628
142 23.451324 -0.000008 -0.000008 0.026472 -0.073870 0.010756
143 23.608017 -0.000006 -0.000038 -0.005383 -0.077915 -0.248184
144 23.536240 0.000004 -0.000015 0.189783 -0.422078 -0.529683
145 23.233971 -0.000006 -0.000015 0.079575 -0.129422 -0.363780
146 22.703663 0.000023 0.000008 0.096779 -0.180829 -0.150826
147 -1.634338 9.854565 8.052349 -0.689573 -0.371549 0.311695
148 22.205246 0.000004 0.000000 -0.000072 -0.082658 -0.005971
149 22.804443 0.000004 -0.000076 -0.007281 -0.165760 -0.279694
150 23.051628 0.000000 -0.000008 0.172195 -0.328331 -0.588736
151 22.939964 0.000004 0.000015 0.065239 0.024403 -0.424928
152 22.472055 0.000008 -0.000008 0.093753 -0.144689 -0.239529
153 -1.699203 12.875607 4.918526 -1.099652 -0.228381 0.420572
154 20.938599 0.000019 -0.000008 -0.004227 -0.081459 -0.037482
155 21.993591 -0.000004 -0.000061 0.001112 -0.214878 -0.348044
156 22.563782 0.000004 -0.000023 0.128578 -0.212033 -0.610934
157 22.643347 0.000004 -0.000015 0.026760 0.166186 -0.443915
158 22.238029 -0.000008 0.000000 0.056658 -0.083021 -0.298634
159 -1.833771 13.936457 1.224503 -1.538737 -0.039269 0.466412
160 20.406960 0.000011 -0.000046 0.017032 -0.061334 -0.079986
161 21.655525 0.000010 -0.000015 0.013927 -0.212595 -0.430174
162 22.360649 0.000000 -0.000015 0.128316 -0.139242 -0.614570
163 22.519669 -0.000008 -0.000015 0.029209 0.255909 -0.448880
164 22.140381 -0.000015 0.000008 -0.016692 -0.008523 -0.298279
165 -1.972580 12.875607 -3.614555 -1.813139 0.075213 0.436037
166 20.655174 0.000011 -0.000015 0.026905 -0.040348 -0.097570
167 21.762253 0.000011 -0.000031 0.012272 -0.199746 -0.466290
168 22.392143 0.000015 -0.000015 0.026541 -0.013035 -0.556131
169 22.541344 -0.000004 -0.000023 -0.072571 0.400071 -0.355842
170 22.217501 -0.000004 -0.000015 -0.073003 0.044898 -0.291344
171 -1.967300 9.854567 -7.722435 -2.141039 0.168517 0.341221
172 21.272736 0.000006 0.000000 0.038066 -0.012135 -0.104590
173 22.032516 0.000029 -0.000046 0.010026 -0.170993 -0.505551
174 22.475651 0.000011 -0.000015 -0.012889 0.074603 -0.485170
175 22.598713 -0.000004 0.000000 -0.081016 0.504359 -0.225288
176 22.407982 0.000008 0.000000 -0.090399 0.095612 -0.240186
177 -1.900833 5.333252 -10.470081 -2.570657 0.228019 0.206677
178 21.914337 0.000011 -0.000023 0.040040 0.026460 -0.092580
179 22.319839 0.000001 0.000000 -0.000912 -0.102338 -0.554196
180 22.569614 0.000023 -0.000023 -0.032806 0.175466 -0.363520
181 22.663204 0.000023 -0.000015 -0.012288 0.583800 0.026623
182 22.604515 0.000015 -0.000004 -0.076119 0.141317 -0.191135
183 -1.865585 -0.000002 -11.435444 -3.098209 0.255171 0.058452
184 22.186684 -0.000001 -0.000015 0.021787 0.061916 -0.057407
185 22.443718 0.000006 -0.000008 -0.031623 0.030612 -0.586025
186 22.611530 0.000023 0.000000 -0.009964 0.240242 -0.177575
187 22.692001 0.000031 0.000008 0.118318 0.525105 0.383015
188 22.687645 0.000019 0.000011 -0.028642 0.176775 -0.137868
189 -1.900848 -5.333260 -10.470074 2.656074 0.245158 -0.091391
190 21.914345 0.000011 -0.000008 0.008217 0.074610 -0.015382
191 22.319824 -0.000019 0.000008 -0.061769 0.165659 -0.575063
192 22.569618 0.000038 -0.000015 0.026917 0.195468 -0.001543
193 22.663219 0.000031 0.000031 0.146280 0.300873 0.639236
194 22.604523 0.000013 0.000029 0.040923 0.192628 -0.051386
195 -1.967300 -9.854567 -7.722446 2.223918 0.200076 -0.224357
196 21.272713 -0.000019 0.000000 0.017606 0.067299 0.014780
197 22.032486 0.000002 -0.000023 -0.073422 0.250847 -0.539773
198 22.475693 0.000015 -0.000011 0.031257 0.083813 0.094800
199 22.598713 0.000015 0.000008 0.057018 0.024826 0.739391
200 22.407982 -0.000023 0.000000 0.085756 0.184985 0.019029
201 -1.972565 -12.875611 -3.614563 1.892501 0.115414 -0.326951
202 20.655190 0.000008 -0.000015 0.039197 0.053874 0.029696
203 21.762276 -0.000010 -0.000008 -0.074456 0.293149 -0.514453
204 22.392174 0.000015 -0.000011 0.018714 -0.046492 0.115824
205 22.541355 0.000008 -0.000008 -0.055256 -0.213391 0.741516
206 22.217499 -0.000011 -0.000015 0.093046 0.150780 0.080414
207 0.059621 0.456168 0.250107 0.000000 -0.000000 0.000000
208 0.059621 0.456168 0.250107 0.000000 -0.000000 0.000000
time 20
  0 0.059621 0.456168 0.250107 0.000000 -0.000000 0.000000
  1 0.059621 0.456168 0.250107 0.000000 -0.000000 0.000000
  2 0.059621 0.456168 0.250107 0.000000 -0.000000 0.000000
  3 0.059621 0.456168 0.250107 0.000000 -0.000000 0.000000
  4 0.059621 0.456168 0.250107 0.000000 -0.000000 0.000000
  5 0.059621 0.456168 0.250107 0.000000 -0.000000 0.000000
  6 0.059621 0.456168 0.250107 0.000000 -0.000000 0.000000
  7 0.059621 0.456168 0.250107 0.000000 -0.000000 0.000000
  8 0.059621 0.456168 0.250107 0.000000 -0.000000 0.000000
  9 0.059621 0.456168 0.250107 0.000000 -0.000000 0.000000
 10 -59.049931 -112.475166 175.674149 -1.374137 -0.014751 2.868764
 11 24.668243 0.000015 -0.000046 0.972181 0.392163 -0.152025
 12 30.380144 -0.000031 0.000000 1.551863 0.198842 -0.140487
 13 19.902084 -0.000015 0.000008 0.057570 0.232978 -0.002469
 14 62.774250 86.026520 188.827240 1.458290 0.127521 -2.058554
 15 35.349510 0.000000 0.000013 -1.425647 0.861628 0.465503
 16 37.124344 -0.000004 -0.000015 -1.006318 -0.415920 -0.346133
 17 0.059621 0.456168 0.250107 0.064488 -0.005192 -0.156094
 18 13.405665 -33.579967 104.400574 0.911532 1.422282 -0.038344
 19 -65.799545 -0.000020 1.142857 -0.000000 0.000515 3.141077
 20 11.181580 0.005756 -0.002411 0.340819 -0.022088 -0.198954
 21 27.835190 0.000011 -0.000006 2.679551 0.065597 0.097851
 22 5.330399 -0.000002 0.000000 -3.069864 -0.172159 -0.007764
 23 10.134888 -4.133391 3.834198 -0.675662 -1.170972 -2.503959
 24 10.134888 4.133400 3.834198 0.675679 -1.170967 2.503944
 25 22.592346 0.000012 17.467117 -0.000010 2.956431 0.000000
 26 21.199997 -7.744004 14.169525 -0.644457 -0.154503 -3.025319
 27 18.142014 -13.440224 7.965775 1.228366 -0.180197 3.082644
 28 21.199951 7.744026 14.169495 0.644460 -0.154503 3.025318
 29 18.141998 13.440239 7.965775 -0.316157 -0.180196 -3.082644
 30 11.858856 -13.359997 3.526520 1.542249 3.132957 0.174415
 31 9.463287 -16.404865 -2.906036 1.542282 3.132901 0.176490
 32 9.125244 -10.885472 -11.371323 0.000496 2.962373 0.000256
 33 11.858856 13.360008 3.526474 -1.542248 3.132957 -0.174414
 34 9.463257 16.404865 -2.906021 -1.542281 3.132900 -0.176490
 35 9.125275 10.885475 -11.371300 -0.000492 2.962373 0.000256
 36 9.023224 -0.000001 -17.296173 0.000180 -0.167048 -3.141356
 37 12.691406 0.000000 -19.438759 0.102806 2.845038 0.149216
 38 10.989410 0.000004 -0.000002 -0.039206 -0.142736 0.279034
 39 12.871475 -10.586838 -15.652466 0.973512 -2.956152 0.476483
 40 10.727020 0.000000 -0.000025 -0.079795 -0.141503 0.302345
 41 12.871460 10.586843 -15.652466 -0.920605 2.835366 -0.614541
 42 10.726974 -0.000023 0.000015 -0.006189 -0.180748 0.256889
 43 12.847198 -17.570080 -4.701340 1.260057 -2.841490 0.600475
 44 11.496498 0.000000 -0.000015 -0.109280 -0.096697 0.330323
 45 12.847183 17.570086 -4.701355 -1.269849 3.001638 -1.024311
 46 11.496468 0.000000 -0.000015 0.045750 -0.138729 0.224550
 47 28.485962 0.000014 16.460358 -0.000001 -0.039729 0.000000
 48 23.052765 -6.207901 -0.077303 -1.470206 0.035100 -1.833545
 49 9.436905 -0.000009 -0.000031 0.072752 0.088045 0.586508
 50 31.269329 -0.000008 -0.000015 -0.006701 -0.563522 0.008666
 51 28.756496 0.000004 0.000000 -0.001117 0.032665 0.001416
 52 2.251991 -2.464405 -1.141632 0.481305 0.508197 -0.319329
 53 3.674046 -0.000031 0.000015 -0.277611 0.179024 0.194713
 54 3.614693 0.000000 -0.000015 0.013156 0.193871 -0.001558
 55 9.035507 -2.494942 0.484573 -0.001362 0.302449 0.001673
 56 2.943581 -0.000004 -0.000015 0.010585 0.293657 -0.007800
 57 2.649422 0.000004 0.000031 -0.006498 0.303243 0.008512
 58 9.093620 -0.386669 0.647720 0.020190 0.475380 -0.012607
 59 3.451893 0.000000 0.000000 -0.014209 0.528778 0.009212
 60 2.898178 0.000000 0.000046 -0.000683 0.490858 0.000916
 61 8.894585 1.605858 0.371933 -0.000566 0.547851 0.000704
 62 3.130402 0.000000 0.000031 0.003896 0.567158 -0.005064
 63 2.629532 -0.000004 -0.000046 0.004892 0.544388 -0.006589
 64 8.470619 3.459534 0.131516 -0.021715 0.541478 0.011455
 65 2.410267 0.000004 -0.000046 0.022815 0.529939 -0.013321
 66 2.000778 0.000008 0.000015 -0.005415 0.533618 0.007402
 67 23.052765 6.207920 -0.077326 1.481305 -0.095401 2.096414
 68 9.436890 0.000023 0.000000 0.003129 -0.206657 0.421313
 69 31.269329 0.000004 -0.000015 0.184230 -0.427617 0.697231
 70 28.756500 -0.000011 0.000000 0.276161 -0.148176 -0.102593
 71 2.251892 2.464401 -1.141563 -0.513217 0.249535 0.112914
 72 3.674088 0.000006 -0.000015 0.331388 -0.059506 -0.325011
 73 3.614685 0.000000 0.000015 0.067360 -0.216133 -0.086857
 74 9.035416 2.494934 0.484436 0.001362 -0.011534 -0.001673
 75 2.943573 -0.000008 -0.000015 -0.011498 -0.020268 0.014556
 76 2.649445 0.000000 0.000031 0.006498 -0.010740 -0.008512
 77 9.093689 0.386673 0.647797 -0.018031 0.093461 0.020165
 78 3.451859 0.000000 0.000015 0.014953 0.008589 -0.019838
 79 2.898193 -0.000008 -0.000031 0.000683 -0.029445 -0.000917
 80 8.894424 -1.605850 0.371918 0.000566 0.090541 -0.000704
 81 3.130432 -0.000008 -0.000015 -0.003896 -0.009289 0.005063
 82 2.629532 0.000008 0.000046 -0.004892 -0.032059 0.006589
 83 8.470612 -3.459534 0.131409 0.018786 0.137518 -0.020073
 84 2.410278 -0.000015 -0.000015 -0.024238 -0.029075 0.031299
 85 2.000763 0.000015 0.000015 0.005415 -0.025697 -0.007402
 86 9.832336 1.463051 -1.299423 0.016522 -0.031798 -0.020624
 87 25.040588 -5.670395 5.432774 -1.312160 -0.224887 -2.136065
 88 28.779709 -6.856300 -0.811443 -1.466235 0.019064 -1.725377
 89 29.182312 -3.955555 -4.961983 0.881869 2.552753 0.503940
 90 25.040573 5.670418 5.432735 1.296833 -0.398765 2.185823
 91 28.779755 6.856323 -0.811426 1.466235 0.019065 1.725381
 92 29.182297 3.955578 -4.961964 -0.881870 2.552752 -0.503941
 93 -65.335663 -0.000020 1.140919 -3.141591 0.044911 0.000000
 94 26.290909 -12.205294 1.157887 -2.071447 -0.017454 0.065112
 95 49.071045 0.000004 0.000008 2.179705 0.127556 -0.112856
 96 61.871311 -0.000010 -0.000011 3.080256 0.672597 0.035641
 97 26.290924 12.205294 1.157845 2.044502 0.127786 -0.159169
 98 49.071045 0.000004 -0.000034 -2.187262 0.154733 0.063501
 99 61.871307 0.000025 -0.000023 -2.944713 0.642381 0.102745
100 -0.698074 -11.192121 -8.252766 1.145946 -0.043182 -0.371935
101 20.568237 0.000000 0.000000 0.076635 0.133803 -0.092588
102 0.223785 -5.734811 -12.929607 -3.083911 0.739285 0.041067
103 20.803581 0.000004 -0.000031 0.067337 -0.007505 -0.079625
104 -1.040009 -3.033969 12.140511 1.616400 0.106772 -1.233321
105 -1.039993 3.034002 12.140501 -1.600365 0.068795 1.330570
106 4.165436 -5.407046 12.088392 0.925996 -0.768044 -0.556813
107 16.599434 -0.000003 -0.000015 0.028580 -0.067421 0.074531
108 4.165482 5.407080 12.088381 -0.872216 -0.688906 0.683475
109 16.599380 0.000006 -0.000031 0.073095 -0.117294 -0.057718
110 6.428391 0.000000 -0.288944 -0.000001 -0.000000 0.000000
111 -1.833771 -13.936463 1.224506 1.613765 -0.023178 -0.373496
112 20.406944 -0.000002 -0.000015 0.058084 0.034043 0.063893
113 21.655502 -0.000004 0.000000 -0.072779 0.281165 -0.564656
114 22.360680 0.000008 0.000000 0.028683 -0.093059 -0.021582
115 22.519684 0.000008 0.000000 -0.105950 -0.327671 0.631668
116 22.140404 -0.000008 -0.000015 0.066994 0.089878 0.148419
117 -1.699203 -12.875613 4.918510 1.174226 -0.211487 -0.335925
118 20.938599 0.000013 0.000004 0.098330 0.004459 0.058943
119 21.993607 -0.000010 -0.000053 -0.056521 0.335852 -0.483147
120 22.563797 0.000000 0.000006 0.041237 -0.260231 -0.066655
121 22.643353 0.000015 -0.000031 -0.148676 -0.579343 0.433350
122 22.238045 0.000008 -0.000015 0.044439 -0.007150 0.157444
123 -1.634338 -9.854568 8.052349 0.764615 -0.354254 -0.235351
124 22.205292 0.000000 -0.000023 0.107788 -0.020770 0.052229
125 22.804382 -0.000007 -0.000038 -0.030412 0.319791 -0.380429
126 23.051666 0.000000 0.000015 0.082384 -0.402923 -0.185403
127 22.939987 0.000008 -0.000042 -0.054938 -0.647580 0.113868
128 22.472052 0.000008 -0.000015 0.041808 -0.096112 0.118435
129 -1.616135 -5.333251 10.147440 0.295737 -0.174039 0.034970
130 23.451309 -0.000006 -0.000008 0.089116 -0.039658 0.048783
131 23.608025 -0.000013 -0.000018 0.145324 -0.623476 -0.346092
132 23.536232 0.000006 -0.000031 0.186023 -0.746886 -0.333412
133 23.233963 0.000010 0.000038 0.010954 -0.145059 -0.091643
134 22.703674 0.000017 0.000008 0.055339 -0.154099 0.044626
135 -1.614517 0.000001 10.883354 0.028208 -0.462179 0.051423
136 23.962128 -0.000001 -0.000027 0.056193 -0.057936 0.046428
137 23.938965 -0.000009 0.000011 -0.010322 0.125599 -0.232859
138 23.736031 0.000004 -0.000011 0.204899 -0.511250 -0.491384
139 23.354969 0.000015 -0.000023 0.090117 -0.369639 -0.320648
140 22.798927 -0.000004 -0.000008 0.072274 -0.181014 -0.037688
141 -1.616135 5.333251 10.147423 -0.327937 -0.434832 0.200273
142 23.451309 -0.000011 -0.000004 0.020989 -0.071226 0.040496
143 23.608017 -0.000011 -0.000034 -0.016472 0.007043 -0.195127
144 23.536247 0.000000 -0.000011 0.232836 -0.479717 -0.602208
145 23.233974 -0.000006 -0.000015 0.101837 -0.204250 -0.433700
146 22.703667 0.000021 0.000015 0.084800 -0.177678 -0.119158
147 -1.634338 9.854568 8.052345 -0.700102 -0.349917 0.334249
148 22.205261 -0.000002 0.000008 -0.005078 -0.079103 0.025057
149 22.804451 -0.000004 -0.000069 -0.022148 -0.103941 -0.183612
150 23.051636 -0.000006 0.000000 0.223248 -0.407737 -0.671653
151 22.939972 0.000004 0.000000 0.085550 -0.055975 -0.512317
152 22.472065 0.000011 -0.000008 0.083070 -0.142179 -0.207123
153 -1.699203 12.875609 4.918530 -1.103998 -0.198509 0.431433
154 20.938591 0.000015 0.000000 -0.008508 -0.078176 -0.005005
155 21.993591 -0.000011 -0.000069 -0.016231 -0.195340 -0.218699
156 22.563789 -0.000002 -0.000008 0.178559 -0.302802 -0.695643
157 22.643347 0.000011 -0.000023 0.040155 0.084270 -0.551830
158 22.238024 0.000000 0.000008 0.049360 -0.080745 -0.265738
159 -1.833786 13.936458 1.224506 -1.540021 -0.005926 0.465383
160 20.406975 0.000004 -0.000046 0.013888 -0.059749 -0.046585
161 21.655510 0.000011 -0.000008 0.002424 -0.240091 -0.292167
162 22.360645 0.000000 -0.000015 0.176597 -0.238765 -0.693155
163 22.519663 -0.000019 -0.000008 0.039221 0.168150 -0.568973
164 22.140385 -0.000011 0.000015 -0.019029 -0.006195 -0.265126
165 -1.972580 12.875607 -3.614555 -1.815080 0.107587 0.427034
166 20.655182 0.000004 -0.000023 0.024676 -0.039907 -0.064110
167 21.762253 0.000006 -0.000031 0.008128 -0.252227 -0.338984
168 22.392151 0.000013 -0.000015 0.064332 -0.111225 -0.633223
169 22.541338 -0.000011 -0.000015 -0.085290 0.329597 -0.498782
170 22.217501 -0.000008 -0.000008 -0.073440 0.047197 -0.258147
171 -1.967316 9.854569 -7.722431 -2.145699 0.196587 0.322679
172 21.272720 0.000004 0.000000 0.036661 -0.013265 -0.071142
173 22.032516 0.000027 -0.000046 0.017627 -0.250442 -0.403676
174 22.475655 0.000011 -0.000008 0.018526 -0.025377 -0.566790
175 22.598709 -0.000011 0.000000 -0.113257 0.450990 -0.389422
176 22.407980 -0.000004 -0.000015 -0.088707 0.095673 -0.206802
177 -1.900848 5.333255 -10.470078 -2.579031 0.246479 0.178062
178 21.914314 0.000010 -0.000031 0.038862 0.023896 -0.059200
179 22.319839 -0.000006 0.000000 0.023452 -0.208575 -0.494580
180 22.569603 0.000015 -0.000008 -0.011923 0.080618 -0.466697
181 22.663193 0.000019 -0.000015 -0.068438 0.571000 -0.167522
182 22.604511 0.000015 -0.000023 -0.071936 0.138356 -0.157667
183 -1.865585 -0.000001 -11.435444 -3.108911 0.258836 0.024717
184 22.186691 -0.000002 -0.000015 0.020736 0.058556 -0.024764
185 22.443726 0.000003 0.000000 0.005569 -0.090032 -0.579659
186 22.611538 0.000027 -0.000015 -0.005183 0.175531 -0.318101
187 22.692001 0.000031 0.000008 0.074643 0.584876 0.192005
188 22.687645 0.000031 -0.000004 -0.024076 0.169923 -0.105393
189 -1.900848 -5.333258 -10.470074 2.646026 0.235391 -0.121470
190 21.914345 0.000009 -0.000015 0.007190 0.071023 0.015470
191 22.319824 -0.000023 0.000008 -0.029171 0.057311 -0.611953
192 22.569618 0.000038 -0.000023 0.026363 0.182746 -0.163963
193 22.663223 0.000015 0.000031 0.155286 0.413597 0.496973
194 22.604515 0.000031 0.000019 0.042404 0.183157 -0.020894
195 -1.967285 -9.854565 -7.722443 2.216347 0.179009 -0.244738
196 21.272705 -0.000015 0.000000 0.015951 0.063617 0.044132
197 22.032471 0.000004 -0.000015 -0.052565 0.162527 -0.604436
198 22.475685 0.000000 -0.000015 0.038497 0.118107 -0.063573
199 22.598717 0.000015 0.000008 0.101308 0.154081 0.642026
200 22.407974 -0.000019 0.000004 0.084757 0.175357 0.047924
201 -1.972565 -12.875609 -3.614559 1.887150 0.089340 -0.338093
202 20.655182 0.000008 -0.000015 0.036564 0.050137 0.058046
203 21.762276 -0.000011 -0.000008 -0.066229 0.232643 -0.591790
204 22.392166 0.000015 -0.000011 0.035273 0.019407 -0.028250
205 22.541344 0.000015 0.000004 -0.005187 -0.099082 0.671782
206 22.217506 0.000000 0.000000 0.089833 0.143069 0.108617
207 0.059621 0.456168 0.250107 0.000000 -0.000000 0.000000
208 0.059621 0.456168 0.250107 0.000000 -0.000000 0.000000
time 21
  0 0.059621 0.456168 0.250107 0.000000 -0.000000 0.000000
  1 0.059621 0.456168 0.250107 0.000000 -0.000000 0.000000
  2 0.059621 0.456168 0.250107 0.000000 -0.000000 0.000000
  3 0.059621 0.456168 0.250107 0.000000 -0.000000 0.000000
  4 0.059621 0.456168 0.250107 0.000000 -0.000000 0.000000
  5 0.059621 0.456168 0.250107 0.000000 -0.000000 0.000000
  6 0.059621 0.456168 0.250107 0.000000 -0.000000 0.000000
  7 0.059621 0.456168 0.250107 0.000000 -0.000000 0.000000
  8 0.059621 0.456168 0.250107 0.000000 -0.000000 0.000000
  9 0.059621 0.456168 0.250107 0.000000 -0.000000 0.000000
 10 -22.772310 -117.073830 174.789352 -1.374137 -0.014751 3.070453
 11 24.668249 0.000000 -0.000046 0.974989 0.304052 -0.128871
 12 30.380142 -0.000023 0.000015 1.564023 0.181626 -0.103307
 13 19.902082 -0.000015 0.000011 0.048833 0.313281 -0.092735
 14 41.404305 98.269753 187.953857 1.416941 0.103332 -2.275926
 15 35.349510 0.000000 0.000015 -1.285072 1.034611 0.716965
 16 37.124340 -0.000008 -0.000015 -1.213443 -0.509154 -0.277829
 17 0.059621 0.456168 0.250107 0.064697 -0.005209 -0.156600
 18 12.221204 -29.261900 104.400574 0.908557 1.427917 -0.082556
 19 -65.799545 -0.000020 1.142857 0.000000 0.000515 3.141077
 20 11.181580 0.005760 -0.002411 0.264498 -0.035379 -0.183024
 21 27.835190 0.000008 -0.000004 2.733316 0.042849 0.089984
 22 5.330368 -0.000003 0.000000 -3.069864 -0.172159 -0.007764
 23 10.134888 -4.133391 3.834206 -0.676584 -1.171415 -2.502966
 24 10.134888 4.133401 3.834206 0.676601 -1.171410 2.502951
 25 22.592361 0.000011 17.467110 -0.000010 2.956431 0.000000
 26 21.199997 -7.744004 14.169518 -0.644457 -0.154503 -3.025319
 27 18.141998 -13.440226 7.965782 1.228366 -0.180197 3.082644
 28 21.199966 7.744027 14.169502 0.644460 -0.154503 3.025318
 29 18.141998 13.440241 7.965767 -0.316157 -0.180196 -3.082644
 30 11.858871 -13.359997 3.526520 1.542249 3.132957 0.174415
 31 9.463272 -16.404863 -2.906044 1.542282 3.132901 0.176490
 32 9.125244 -10.885471 -11.371323 0.000496 2.962373 0.000256
 33 11.858856 13.360010 3.526474 -1.542248 3.132957 -0.174414
 34 9.463257 16.404867 -2.906029 -1.542281 3.132900 -0.176490
 35 9.125259 10.885479 -11.371307 -0.000492 2.962373 0.000256
 36 9.023239 0.000002 -17.296169 0.000180 -0.167048 -3.141356
 37 12.691406 0.000002 -19.438759 -0.058689 2.958405 -0.098066
 38 10.989426 0.000000 0.000000 -0.034297 -0.145794 0.244099
 39 12.871475 -10.586836 -15.652466 0.943650 -2.939462 0.340140
 40 10.726990 0.000008 -0.000019 -0.075407 -0.146053 0.267572
 41 12.871445 10.586845 -15.652470 -0.972446 3.089411 -0.710895
 42 10.726990 -0.000031 0.000015 0.000188 -0.180384 0.221646
 43 12.847214 -17.570080 -4.701332 1.256604 -2.844404 0.556848
 44 11.496506 0.000000 -0.000015 -0.106924 -0.101840 0.295852
 45 12.847183 17.570087 -4.701363 -1.254703 -3.040289 -0.986468
 46 11.496460 0.000000 0.000000 0.051430 -0.138609 0.189550
 47 28.485947 0.000015 16.460350 -0.000001 -0.039729 0.000000
 48 23.052765 -6.207905 -0.077301 -1.470206 0.035100 -1.833545
 49 9.436905 -0.000009 -0.000031 0.065483 0.089976 0.518667
 50 31.269325 -0.000008 0.000000 -0.006701 -0.563522 0.008666
 51 28.756504 0.000000 -0.000015 -0.001117 0.032665 0.001416
 52 2.251999 -2.464413 -1.141647 0.481305 0.508197 -0.319329
 53 3.674049 -0.000031 0.000015 -0.277611 0.179024 0.194713
 54 3.614697 0.000008 0.000000 0.013156 0.193871 -0.001558
 55 9.035515 -2.494946 0.484573 -0.001362 0.302449 0.001673
 56 2.943583 0.000000 0.000000 0.010585 0.293657 -0.007800
 57 2.649433 0.000004 0.000000 -0.006498 0.303243 0.008512
 58 9.093628 -0.386673 0.647705 0.020190 0.475380 -0.012607
 59 3.451889 -0.000004 -0.000015 -0.014209 0.528778 0.009212
 60 2.898186 -0.000004 0.000031 -0.000683 0.490858 0.000916
 61 8.894592 1.605850 0.371902 -0.000566 0.547851 0.000704
 62 3.130405 -0.000004 0.000031 0.003896 0.567158 -0.005064
 63 2.629517 0.000000 -0.000046 0.004892 0.544388 -0.006589
 64 8.470627 3.459526 0.131516 -0.021715 0.541478 0.011455
 65 2.410271 0.000000 -0.000046 0.022815 0.529939 -0.013321
 66 2.000786 0.000000 0.000015 -0.005415 0.533618 0.007402
 67 23.052780 6.207916 -0.077324 1.481365 -0.077476 2.095797
 68 9.436893 0.000023 0.000000 0.203840 -0.281033 0.064132
 69 31.269339 -0.000004 0.000000 0.241210 -0.451641 0.670579
 70 28.756516 -0.000011 0.000000 0.276277 -0.150487 -0.103261
 71 2.251892 2.464417 -1.141563 -0.513217 0.249535 0.112914
 72 3.674072 0.000004 0.000000 0.331388 -0.059506 -0.325011
 73 3.614670 0.000000 0.000015 0.067360 -0.216133 -0.086857
 74 9.035416 2.494965 0.484428 0.001362 -0.011534 -0.001673
 75 2.943558 0.000008 -0.000031 -0.011498 -0.020268 0.014556
 76 2.649460 0.000000 0.000023 0.006498 -0.010740 -0.008512
 77 9.093689 0.386681 0.647781 -0.018031 0.093461 0.020165
 78 3.451859 0.000000 0.000008 0.014953 0.008589 -0.019838
 79 2.898193 0.000000 -0.000015 0.000683 -0.029445 -0.000917
 80 8.894424 -1.605850 0.371918 0.000566 0.090541 -0.000704
 81 3.130447 0.000008 -0.000038 -0.003896 -0.009289 0.005063
 82 2.629532 -0.000008 0.000023 -0.004892 -0.032059 0.006589
 83 8.470612 -3.459503 0.131401 0.018786 0.137518 -0.020073
 84 2.410278 -0.000008 -0.000015 -0.024238 -0.029075 0.031299
 85 2.000748 0.000008 0.000015 0.005415 -0.025697 -0.007402
 86 9.832352 1.463074 -1.299431 0.016522 -0.031798 -0.020624
 87 25.040604 -5.670401 5.432777 -1.312160 -0.224887 -2.136065
 88 28.779694 -6.856304 -0.811441 -1.466235 0.019064 -1.725377
 89 29.182327 -3.955559 -4.961979 0.881870 2.552753 0.503940
 90 25.040588 5.670414 5.432735 1.296833 -0.398765 2.185823
 91 28.779755 6.856319 -0.811422 1.466235 0.019065 1.725381
 92 29.182312 3.955574 -4.961960 -0.881870 2.552752 -0.503941
 93 -65.335663 -0.000022 1.140919 -3.141591 0.044911 0.000000
 94 26.290924 -12.205295 1.157887 -2.071447 -0.017454 0.065112
 95 49.071030 0.000008 0.000009 2.179705 0.127556 -0.112856
 96 61.871307 -0.000013 -0.000011 3.080256 0.672597 0.035641
 97 26.290909 12.205293 1.157841 2.044502 0.127786 -0.159169
 98 49.071053 0.000000 -0.000034 -2.187262 0.154733 0.063501
 99 61.871300 0.000022 -0.000023 -2.944713 0.642381 0.102745
100 -0.698059 -11.192115 -8.252762 1.158962 0.022223 -0.381062
101 20.568253 0.000000 0.000008 0.074668 0.129171 -0.070844
102 0.223785 -5.734810 -12.929604 -3.121224 0.804554 -0.039041
103 20.803574 0.000000 -0.000031 0.066991 -0.012263 -0.053555
104 -1.040009 -3.033971 12.140512 1.611672 0.082676 -1.237279
105 -1.039978 3.034003 12.140503 -1.597863 0.094349 1.327667
106 4.165451 -5.407046 12.088394 0.801454 -0.707169 -0.391941
107 16.599449 -0.000004 -0.000015 0.021261 -0.066823 0.097330
108 4.165482 5.407079 12.088383 -0.883651 -0.666593 0.701398
109 16.599380 0.000006 -0.000023 0.068321 -0.115046 -0.033046
110 6.428406 -0.000001 -0.288944 -0.000001 0.000000 -0.000000
111 -1.833771 -13.936460 1.224510 1.609188 -0.044422 -0.376944
112 20.406944 -0.000006 -0.000023 0.054306 0.029943 0.085140
113 21.655510 -0.000006 -0.000008 -0.069824 0.254569 -0.611203
114 22.360672 0.000008 -0.000008 0.042250 -0.042985 -0.138202
115 22.519672 0.000015 0.000004 -0.061191 -0.226044 0.544458
116 22.140404 0.000008 -0.000023 0.062152 0.085012 0.170063
117 -1.699219 -12.875612 4.918510 1.168085 -0.230849 -0.328880
118 20.938599 0.000010 0.000008 0.093422 0.001284 0.079637
119 21.993599 -0.000013 -0.000046 -0.068534 0.350256 -0.532835
120 22.563797 0.000004 0.000010 0.057318 -0.186376 -0.156298
121 22.643349 0.000015 -0.000027 -0.123141 -0.527853 0.388299
122 22.238052 0.000008 -0.000031 0.037181 -0.007471 0.179316
123 -1.634354 -9.854568 8.052347 0.754688 -0.367877 -0.218884
124 22.205292 -0.000002 -0.000023 0.102263 -0.022175 0.073020
125 22.804382 -0.000011 -0.000042 -0.046939 0.374352 -0.411535
126 23.051666 0.000000 0.000019 0.095251 -0.337085 -0.248082
127 22.939995 0.000015 -0.000038 -0.042110 -0.657407 0.078993
128 22.472050 0.000011 -0.000023 0.032714 -0.094511 0.140804
129 -1.616150 -5.333253 10.147440 0.291782 -0.084319 0.081473
130 23.451309 -0.000009 -0.000005 0.083408 -0.039707 0.070092
131 23.608009 -0.000016 -0.000016 0.122872 -0.611465 -0.286365
132 23.536232 -0.000002 -0.000023 0.209489 -0.829651 -0.349769
133 23.233967 0.000010 0.000031 0.022467 -0.277593 -0.118262
134 22.703678 0.000017 0.000000 0.045095 -0.151528 0.067695
135 -1.614548 -0.000001 10.883352 0.014759 -0.459688 0.075923
136 23.962128 -0.000005 -0.000023 0.050630 -0.055943 0.068458
137 23.938957 -0.000011 0.000015 -0.017954 0.227522 -0.183274
138 23.736023 -0.000002 -0.000015 0.231639 -0.521151 -0.548557
139 23.354965 0.000019 -0.000015 0.123024 -0.449952 -0.393862
140 22.798916 0.000004 0.000000 0.061620 -0.178308 -0.013932
141 -1.616135 5.333252 10.147423 -0.339428 -0.423634 0.223077
142 23.451309 -0.000010 0.000004 0.015822 -0.067578 0.063374
143 23.608009 -0.000015 -0.000042 -0.023136 0.105997 -0.099867
144 23.536240 -0.000004 -0.000019 0.274316 -0.525515 -0.667809
145 23.233971 -0.000011 -0.000015 0.138853 -0.301927 -0.521000
146 22.703667 0.000013 0.000015 0.074727 -0.175255 -0.094798
147 -1.634354 9.854567 8.052347 -0.707663 -0.330686 0.351598
148 22.205261 -0.000002 0.000004 -0.009623 -0.074619 0.048924
149 22.804451 -0.000004 -0.000076 -0.033293 -0.024923 -0.045891
150 23.051636 -0.000010 -0.000008 0.271305 -0.479892 -0.734820
151 22.939968 -0.000004 -0.000008 0.123655 -0.167782 -0.614404
152 22.472065 0.000004 0.000008 0.074985 -0.140248 -0.182196
153 -1.699219 12.875608 4.918526 -1.107294 -0.174197 0.439621
154 20.938599 0.000015 0.000000 -0.012192 -0.074081 0.019976
155 21.993599 -0.000011 -0.000069 -0.035803 -0.152010 -0.045244
156 22.563789 0.000004 -0.000015 0.225224 -0.393883 -0.747467
157 22.643341 0.000004 -0.000038 0.073690 -0.034602 -0.669379
158 22.238024 -0.000019 0.000008 0.043918 -0.078993 -0.239699
159 -1.833801 13.936457 1.224506 -1.540982 0.020510 0.463684
160 20.406937 0.000011 -0.000046 0.011409 -0.057536 -0.020134
161 21.655502 0.000011 -0.000008 -0.020094 -0.244401 -0.108185
162 22.360641 0.000004 -0.000023 0.219265 -0.343773 -0.728442
163 22.519659 -0.000008 0.000000 0.070824 0.041526 -0.687113
164 22.140375 -0.000008 0.000008 -0.020942 -0.004403 -0.237809
165 -1.972595 12.875614 -3.614559 -1.816525 0.133418 0.418693
166 20.655174 0.000011 -0.000008 0.023038 -0.039193 -0.036766
167 21.762253 0.000011 -0.000015 -0.011014 -0.283277 -0.166803
168 22.392143 0.000015 -0.000015 0.101303 -0.217349 -0.665783
169 22.541338 -0.000008 -0.000008 -0.076374 0.218656 -0.634522
170 22.217505 -0.000004 0.000000 -0.074163 0.048966 -0.230500
171 -1.967331 9.854568 -7.722435 -2.149477 0.219777 0.307450
172 21.272705 0.000004 0.000000 0.035677 -0.014207 -0.043519
173 22.032516 0.000025 -0.000046 0.007420 -0.309145 -0.257287
174 22.475662 0.000011 -0.000031 0.052780 -0.136623 -0.605183
175 22.598703 0.000008 0.000000 -0.123973 0.351300 -0.540172
176 22.407970 -0.000004 -0.000008 -0.087405 0.095700 -0.179423
177 -1.900848 5.333254 -10.470078 -2.585845 0.263093 0.156051
178 21.914330 0.000010 -0.000023 0.037911 0.021038 -0.032399
179 22.319839 -0.000004 0.000000 0.030714 -0.295008 -0.388674
180 22.569611 0.000015 -0.000023 0.017569 -0.031905 -0.528124
181 22.663197 0.000023 -0.000015 -0.112441 0.499331 -0.354718
182 22.604504 0.000008 -0.000023 -0.068718 0.135049 -0.131362
183 -1.865601 -0.000003 -11.435440 -3.118040 0.263260 -0.001233
184 22.186661 -0.000003 0.000000 0.019740 0.054375 0.000345
185 22.443718 -0.000002 -0.000008 0.034168 -0.196926 -0.526958
186 22.611534 0.000023 -0.000008 0.011947 0.081319 -0.418508
187 22.691994 0.000027 0.000023 0.006833 0.581165 -0.031153
188 22.687634 0.000027 -0.000008 -0.020564 0.163231 -0.080412
189 -1.900848 -5.333255 -10.470070 2.637170 0.228197 -0.144608
190 21.914337 0.000008 -0.000015 0.006027 0.066330 0.039202
191 22.319832 -0.000023 0.000008 0.005408 -0.044656 -0.605642
192 22.569618 0.000038 -0.000023 0.032112 0.130558 -0.294176
193 22.663216 0.000023 0.000023 0.123449 0.484455 0.298343
194 22.604511 0.000038 0.000015 0.043544 0.174155 0.002561
195 -1.967300 -9.854563 -7.722443 2.209314 0.162842 -0.262217
196 21.272736 -0.000023 0.000000 0.014077 0.058902 0.066711
197 22.032471 -0.000004 -0.000023 -0.026049 0.082094 -0.628851
198 22.475708 0.000000 -0.000008 0.043281 0.107104 -0.200533
199 22.598713 0.000031 0.000008 0.117434 0.265982 0.489455
200 22.407997 -0.000008 0.000015 0.083933 0.166167 0.070150
201 -1.972580 -12.875612 -3.614559 1.881826 0.069283 -0.348393
202 20.655159 0.000004 -0.000008 0.033676 0.045624 0.079853
203 21.762268 -0.000012 0.000000 -0.051189 0.178573 -0.629558
204 22.392166 0.000015 -0.000015 0.044265 0.042623 -0.157858
205 22.541348 0.000015 0.000000 0.035221 0.018963 0.553327
206 22.217506 0.000008 0.000000 0.087031 0.135488 0.130312
207 0.059621 0.456168 0.250107 0.000000 -0.000000 0.000000
208 0.059621 0.456168 0.250107 0.000000 -0.000000 0.000000
time 22
  0 0.059621 0.456168 0.250107 0.000000 -0.000000 0.000000
  1 0.059621 0.456168 0.250107 0.000000 -0.000000 0.000000
  2 0.059621 0.456168 0.250107 0.000000 -0.000000 0.000000
  3 0.059621 0.456168 0.250107 0.000000 -0.000000 0.000000
  4 0.059621 0.456168 0.250107 0.000000 -0.000000 0.000000
  5 0.059621 0.456168 0.250107 0.000000 -0.000000 0.000000
  6 0.059621 0.456168 0.250107 0.000000 -0.000000 0.000000
  7 0.059621 0.456168 0.250107 0.000000 -0.000000 0.000000
  8 0.059621 0.456168 0.250107 0.000000 -0.000000 0.000000
  9 0.059621 0.456168 0.250107 0.000000 -0.000000 0.000000
 10 7.740830 -117.847168 173.136780 -1.374138 -0.014751 -3.018022
 11 24.668249 0.000000 -0.000046 0.971935 0.321606 -0.147232
 12 30.380150 -0.000023 -0.000015 1.574387 0.172709 -0.073240
 13 19.902092 -0.000015 0.000015 0.045518 0.343741 -0.126973
 14 22.453075 102.801529 186.990433 1.373215 0.077751 -2.517119
 15 35.349510 0.000015 0.000015 -0.973848 1.116087 1.185285
 16 37.124336 -0.000015 -0.000015 -1.432479 -0.607750 -0.203283
 17 0.059621 0.456168 0.250107 0.064768 -0.005215 -0.156772
 18 10.736456 -24.722589 104.400574 0.904017 1.435727 -0.140155
 19 -65.799538 -0.000023 1.142857 0.000000 0.000514 3.141077
 20 11.181564 0.005762 -0.002407 0.181021 -0.049917 -0.164897
 21 27.835175 0.000006 0.000000 2.792121 0.017968 0.081039
 22 5.330383 -0.000002 0.000000 -3.069864 -0.172159 -0.007764
 23 10.134888 -4.133392 3.834198 -0.677489 -1.171849 -2.501991
 24 10.134888 4.133402 3.834198 0.677507 -1.171843 2.501976
 25 22.592377 0.000013 17.467110 -0.000010 2.956431 0.000000
 26 21.199982 -7.744008 14.169518 -0.644457 -0.154503 -3.025319
 27 18.142014 -13.440228 7.965767 1.228366 -0.180197 3.082644
 28 21.199982 7.744027 14.169495 0.644460 -0.154503 3.025318
 29 18.141998 13.440239 7.965775 -0.316157 -0.180196 -3.082644
 30 11.858856 -13.359999 3.526512 1.542249 3.132957 0.174415
 31 9.463287 -16.404867 -2.906044 1.542282 3.132901 0.176490
 32 9.125259 -10.885473 -11.371319 0.000496 2.962373 0.000256
 33 11.858871 13.360008 3.526466 -1.542248 3.132957 -0.174414
 34 9.463257 16.404869 -2.906021 -1.542281 3.132900 -0.176490
 35 9.125275 10.885475 -11.371300 -0.000492 2.962373 0.000256
 36 9.023239 0.000001 -17.296173 0.000180 -0.167048 -3.141356
 37 12.691422 0.000000 -19.438763 -0.154075 3.060412 -0.261221
 38 10.989395 0.000000 0.000000 -0.029106 -0.149028 0.207154
 39 12.871475 -10.586838 -15.652470 0.925459 -2.924885 0.248584
 40 10.727005 0.000015 -0.000016 -0.070767 -0.150864 0.230799
 41 12.871460 10.586847 -15.652473 -0.990152 -3.013788 -0.756880
 42 10.726990 -0.000046 0.000015 0.006932 -0.179999 0.184376
 43 12.847229 -17.570084 -4.701340 1.254944 -2.849676 0.542526
 44 11.496521 0.000015 -0.000031 -0.104432 -0.107278 0.259399
 45 12.847198 17.570087 -4.701363 -1.247837 -2.860722 -0.949158
 46 11.496468 -0.000015 -0.000015 0.057397 -0.138483 0.152538
 47 28.485962 0.000015 16.460350 -0.000001 -0.039729 0.000000
 48 23.052765 -6.207909 -0.077299 -1.470206 0.035100 -1.833545
 49 9.436905 -0.000008 -0.000031 0.057533 0.092089 0.444467
 50 31.269329 -0.000015 0.000000 -0.006701 -0.563522 0.008666
 51 28.756500 -0.000011 0.000015 -0.001117 0.032665 0.001416
 52 2.251999 -2.464413 -1.141663 0.481305 0.508197 -0.319329
 53 3.674046 -0.000015 0.000015 -0.277611 0.179024 0.194713
 54 3.614689 0.000008 0.000000 0.013156 0.193871 -0.001558
 55 9.035507 -2.494953 0.484558 -0.001362 0.302449 0.001672
 56 2.943581 0.000000 -0.000015 0.010585 0.293657 -0.007800
 57 2.649422 0.000000 0.000015 -0.006498 0.303243 0.008512
 58 9.093628 -0.386673 0.647705 0.020190 0.475380 -0.012607
 59 3.451893 0.000000 0.000000 -0.014209 0.528778 0.009212
 60 2.898178 0.000000 0.000031 -0.000683 0.490858 0.000916
 61 8.894585 1.605846 0.371902 -0.000566 0.547851 0.000704
 62 3.130394 0.000000 0.000031 0.003896 0.567158 -0.005064
 63 2.629539 0.000000 -0.000046 0.004892 0.544388 -0.006589
 64 8.470627 3.459522 0.131500 -0.021715 0.541478 0.011455
 65 2.410267 -0.000008 -0.000046 0.022815 0.529939 -0.013321
 66 2.000786 0.000008 0.000000 -0.005415 0.533618 0.007402
 67 23.052765 6.207916 -0.077322 1.481431 -0.057870 2.094999
 68 9.436897 0.000023 0.000000 0.335534 -0.310783 -0.168521
 69 31.269344 0.000000 -0.000015 0.303532 -0.475659 0.640259
 70 28.756516 -0.000008 0.000023 0.276431 -0.151990 -0.103671
 71 2.251892 2.464409 -1.141548 -0.513217 0.249535 0.112914
 72 3.674088 0.000002 -0.000015 0.331388 -0.059506 -0.325011
 73 3.614685 0.000008 0.000031 0.067360 -0.216133 -0.086857
 74 9.035431 2.494957 0.484436 0.001362 -0.011534 -0.001673
 75 2.943573 0.000000 -0.000031 -0.011497 -0.020268 0.014556
 76 2.649460 0.000015 0.000027 0.006498 -0.010740 -0.008512
 77 9.093689 0.386673 0.647789 -0.018031 0.093461 0.020165
 78 3.451859 0.000008 0.000008 0.014953 0.008589 -0.019838
 79 2.898193 -0.000015 0.000000 0.000683 -0.029445 -0.000917
 80 8.894409 -1.605843 0.371933 0.000566 0.090541 -0.000704
 81 3.130432 -0.000015 -0.000046 -0.003896 -0.009289 0.005063
 82 2.629547 0.000023 0.000023 -0.004892 -0.032059 0.006589
 83 8.470612 -3.459518 0.131409 0.018786 0.137518 -0.020073
 84 2.410263 0.000000 -0.000015 -0.024238 -0.029075 0.031299
 85 2.000763 0.000000 0.000023 0.005415 -0.025697 -0.007402
 86 9.832352 1.463074 -1.299416 0.016523 -0.031798 -0.020624
 87 25.040588 -5.670403 5.432777 -1.312160 -0.224887 -2.136065
 88 28.779709 -6.856306 -0.811440 -1.466235 0.019064 -1.725377
 89 29.182312 -3.955559 -4.961979 0.881869 2.552753 0.503940
 90 25.040573 5.670414 5.432735 1.296833 -0.398765 2.185823
 91 28.779739 6.856319 -0.811422 1.466235 0.019065 1.725381
 92 29.182297 3.955572 -4.961960 -0.881870 2.552752 -0.503940
 93 -65.335655 -0.000021 1.140919 -3.141591 0.044911 0.000000
 94 26.290924 -12.205292 1.157885 -2.071447 -0.017454 0.065112
 95 49.071022 0.000008 0.000008 2.179705 0.127556 -0.112856
 96 61.871319 -0.000013 -0.000017 3.080256 0.672597 0.035641
 97 26.290924 12.205296 1.157843 2.044502 0.127786 -0.159169
 98 49.071060 0.000000 -0.000031 -2.187262 0.154733 0.063501
 99 61.871307 0.000019 -0.000023 -2.944714 0.642381 0.102744
100 -0.698074 -11.192116 -8.252762 1.172982 0.080744 -0.405089
101 20.568222 0.000000 0.000008 0.070560 0.124680 -0.062146
102 0.223785 -5.734811 -12.929604 3.108485 0.851313 -0.133926
103 20.803558 -0.000002 -0.000031 0.066823 -0.017120 -0.042106
104 -1.040009 -3.033968 12.140512 1.606159 0.073037 -1.241668
105 -1.039993 3.034006 12.140503 -1.594664 0.104576 1.324402
106 4.165451 -5.407045 12.088394 0.699631 -0.618670 -0.246856
107 16.599442 -0.000007 -0.000031 0.013721 -0.065930 0.106449
108 4.165466 5.407082 12.088383 -0.887992 -0.651953 0.708567
109 16.599388 0.000008 -0.000031 0.064161 -0.111729 -0.023177
110 6.428391 0.000002 -0.288942 -0.000001 0.000000 0.000000
111 -1.833771 -13.936464 1.224504 1.603783 -0.052920 -0.380735
112 20.406944 -0.000006 -0.000023 0.049477 0.025651 0.093638
113 21.655502 -0.000010 -0.000008 -0.060791 0.233326 -0.605595
114 22.360680 0.000008 -0.000008 0.051840 -0.021927 -0.240479
115 22.519665 0.000015 0.000004 -0.027021 -0.130208 0.430876
116 22.140400 0.000008 -0.000008 0.057195 0.080169 0.178721
117 -1.699203 -12.875614 4.918510 1.161918 -0.238594 -0.326099
118 20.938614 0.000008 0.000000 0.087734 -0.001173 0.087914
119 21.993614 -0.000015 -0.000053 -0.072186 0.365571 -0.531663
120 22.563797 0.000004 0.000011 0.068358 -0.133198 -0.240819
121 22.643353 0.000023 -0.000023 -0.091562 -0.463215 0.315901
122 22.238052 0.000015 -0.000023 0.030232 -0.007925 0.188062
123 -1.634338 -9.854568 8.052347 0.746638 -0.373311 -0.212297
124 22.205292 -0.000005 -0.000023 0.096181 -0.022722 0.081337
125 22.804375 -0.000012 -0.000046 -0.055747 0.432124 -0.391722
126 23.051666 0.000000 0.000019 0.104576 -0.274975 -0.310361
127 22.939995 0.000015 -0.000034 -0.020219 -0.651805 0.020753
128 22.472055 0.000015 -0.000031 0.024606 -0.093871 0.149751
129 -1.616150 -5.333254 10.147440 0.295218 0.000120 0.109305
130 23.451309 -0.000009 -0.000002 0.077330 -0.039718 0.078616
131 23.608017 -0.000017 -0.000011 0.083377 -0.556063 -0.188637
132 23.536224 -0.000003 -0.000023 0.222455 -0.917902 -0.344461
133 23.233971 0.000010 0.000023 0.034282 -0.408601 -0.132642
134 22.703682 0.000019 0.000008 0.036624 -0.150500 0.076922
135 -1.614532 -0.000001 10.883352 0.007993 -0.455954 0.085723
136 23.962143 -0.000005 -0.000031 0.044854 -0.052984 0.077270
137 23.938965 -0.000011 0.000011 -0.013242 0.331298 -0.078821
138 23.736038 -0.000010 -0.000008 0.244993 -0.507960 -0.586679
139 23.354973 0.000019 -0.000031 0.172892 -0.536141 -0.492896
140 22.798918 -0.000004 0.000000 0.053380 -0.177225 -0.004430
141 -1.616135 5.333250 10.147425 -0.344339 -0.415027 0.232198
142 23.451294 -0.000010 0.000004 0.010578 -0.062816 0.072525
143 23.608017 -0.000011 -0.000038 -0.016657 0.208628 0.046258
144 23.536240 -0.000011 -0.000011 0.294513 -0.548487 -0.694973
145 23.233974 -0.000013 -0.000023 0.197253 -0.416674 -0.632496
146 22.703667 0.000010 0.000023 0.067598 -0.174285 -0.085054
147 -1.634354 9.854565 8.052345 -0.711073 -0.317689 0.358538
148 22.205261 -0.000002 -0.000004 -0.014128 -0.069246 0.058471
149 22.804436 0.000000 -0.000069 -0.032853 0.064522 0.133962
150 23.051628 -0.000015 0.000000 0.292073 -0.533922 -0.739637
151 22.939972 -0.000004 -0.000008 0.185891 -0.303163 -0.734107
152 22.472061 0.000011 0.000000 0.070726 -0.139476 -0.172225
153 -1.699234 12.875608 4.918528 -1.109869 -0.161741 0.442857
154 20.938599 0.000015 0.000008 -0.015766 -0.069232 0.029969
155 21.993599 -0.000008 -0.000061 -0.048265 -0.083101 0.166251
156 22.563797 -0.000004 -0.000023 0.243842 -0.472421 -0.728526
157 22.643341 0.000006 -0.000031 0.132268 -0.179296 -0.794207
158 22.238026 -0.000011 0.000015 0.040861 -0.078293 -0.227779
159 -1.833786 13.936457 1.224503 -1.542439 0.032697 0.461149
160 20.406967 0.000008 -0.000038 0.008975 -0.054617 -0.008002
161 21.655525 0.000004 -0.000015 -0.046309 -0.216673 0.116146
162 22.360657 0.000000 -0.000023 0.233694 -0.440290 -0.691951
163 22.519665 -0.000006 -0.000008 0.124944 -0.108610 -0.796297
164 22.140388 -0.000015 0.000015 -0.023088 -0.003687 -0.223165
165 -1.972565 12.875610 -3.614555 -1.818300 0.145651 0.412461
166 20.655167 0.000011 -0.000015 0.021228 -0.038140 -0.022542
167 21.762253 0.000004 -0.000031 -0.040983 -0.281276 0.048543
168 22.392147 0.000015 -0.000008 0.121295 -0.318236 -0.636135
169 22.541338 -0.000002 -0.000008 -0.043443 0.082876 -0.750364
170 22.217501 -0.000011 0.000008 -0.075683 0.049673 -0.215121
171 -1.967316 9.854568 -7.722435 -2.152735 0.232321 0.299379
172 21.272713 0.000004 0.000000 0.034228 -0.014734 -0.028594
173 22.032516 0.000025 -0.000046 -0.020923 -0.333979 -0.061383
174 22.475655 0.000010 -0.000008 0.077492 -0.245724 -0.592497
175 22.598698 0.000008 -0.000015 -0.108129 0.222601 -0.661216
176 22.407967 -0.000008 -0.000015 -0.086885 0.095707 -0.164994
177 -1.900833 5.333255 -10.470078 -2.590748 0.274679 0.147246
178 21.914322 0.000008 -0.000015 0.036413 0.018082 -0.019378
179 22.319839 -0.000008 -0.000008 0.014229 -0.349795 -0.222026
180 22.569611 0.000010 -0.000015 0.046263 -0.146760 -0.547607
181 22.663202 0.000032 -0.000015 -0.127139 0.386910 -0.506244
182 22.604504 0.000019 -0.000031 -0.067430 0.131621 -0.119691
183 -1.865585 -0.000004 -11.435440 -3.124967 0.268314 -0.011613
184 22.186676 -0.000003 0.000000 0.018002 0.049438 0.010389
185 22.443726 -0.000002 0.000000 0.043639 -0.285200 -0.408395
186 22.611542 0.000013 -0.000023 0.036277 -0.023616 -0.479805
187 22.692005 0.000031 0.000000 -0.050276 0.519628 -0.236308
188 22.687634 0.000019 -0.000008 -0.019159 0.157644 -0.070420
189 -1.900848 -5.333257 -10.470070 2.629951 0.225395 -0.153863
190 21.914337 0.000008 -0.000008 0.003731 0.060496 0.048695
191 22.319824 -0.000024 0.000008 0.034188 -0.141634 -0.540414
192 22.569622 0.000031 -0.000023 0.046031 0.057571 -0.388597
193 22.663219 0.000015 0.000015 0.068095 0.499839 0.082794
194 22.604500 0.000046 0.000015 0.044000 0.167041 0.011943
195 -1.967285 -9.854567 -7.722443 2.202762 0.156384 -0.272896
196 21.272713 -0.000021 -0.000008 0.010937 0.053162 0.075743
197 22.032478 0.000000 -0.000023 0.000576 0.009798 -0.599940
198 22.475693 0.000000 -0.000015 0.051893 0.067900 -0.308700
199 22.598717 0.000023 0.000008 0.101798 0.335790 0.308660
200 22.407997 0.000000 0.000008 0.082673 0.158840 0.079041
201 -1.972565 -12.875612 -3.614563 1.876043 0.061260 -0.356053
202 20.655182 0.000004 -0.000015 0.029611 0.040463 0.088576
203 21.762283 -0.000015 -0.000015 -0.032559 0.131927 -0.614945
204 22.392174 0.000008 -0.000015 0.052415 0.035577 -0.266174
205 22.541351 0.000023 -0.000008 0.052227 0.113374 0.407945
206 22.217514 0.000019 0.000000 0.083965 0.129079 0.138990
207 0.059621 0.456168 0.250107 0.000000 -0.000000 0.000000
208 0.059621 0.456168 0.250107 0.000000 -0.000000 0.000000
time 23
  0 0.059621 0.456168 0.250107 0.000000 -0.000000 0.000000
  1 0.059621 0.456168 0.250107 0.000000 -0.000000 0.000000
  2 0.059621 0.456168 0.250107 0.000000 -0.000000 0.000000
  3 0.059621 0.456168 0.250107 0.000000 -0.000000 0.000000
  4 0.059621 0.456168 0.250107 0.000000 -0.000000 0.000000
  5 0.059621 0.456168 0.250107 0.000000 -0.000000 0.000000
  6 0.059621 0.456168 0.250107 0.000000 -0.000000 0.000000
  7 0.059621 0.456168 0.250107 0.000000 -0.000000 0.000000
  8 0.059621 0.456168 0.250107 0.000000 -0.000000 0.000000
  9 0.059621 0.456168 0.250107 0.000000 -0.000000 0.000000
 10 29.713303 -116.385574 170.597534 -1.374138 -0.014751 -2.823308
 11 24.668251 0.000015 -0.000031 0.962527 0.387755 -0.195242
 12 30.380148 -0.000027 -0.000015 1.572734 0.181436 -0.078583
 13 19.902092 -0.000015 0.000008 0.050486 0.315888 -0.094333
 14 3.306859 100.760384 186.204834 1.328697 0.051707 -2.777292
 15 35.349510 0.000000 0.000015 -0.649519 1.036128 1.739267
 16 37.124336 -0.000031 -0.000031 -1.655485 -0.708133 -0.124401
 17 0.059621 0.456168 0.250107 0.064768 -0.005215 -0.156772
 18 9.051518 -20.121210 104.400574 0.897696 1.445661 -0.208662
 19 -65.799530 -0.000022 1.142853 0.000000 0.000515 3.141077
 20 11.181564 0.005759 -0.002413 0.093967 -0.065077 -0.145060
 21 27.835175 0.000006 -0.000004 2.853447 -0.007979 0.071260
 22 5.330399 -0.000001 -0.000002 -3.069864 -0.172159 -0.007764
 23 10.134888 -4.133391 3.834198 -0.678360 -1.172265 -2.501054
 24 10.134888 4.133399 3.834198 0.678377 -1.172259 2.501038
 25 22.592361 0.000011 17.467110 -0.000010 2.956431 0.000000
 26 21.199982 -7.744006 14.169518 -0.644457 -0.154503 -3.025319
 27 18.142014 -13.440223 7.965771 1.228366 -0.180197 3.082644
 28 21.199966 7.744023 14.169487 0.644460 -0.154503 3.025318
 29 18.141998 13.440238 7.965767 -0.316157 -0.180196 -3.082644
 30 11.858841 -13.359996 3.526508 1.542249 3.132957 0.174415
 31 9.463257 -16.404861 -2.906044 1.542282 3.132901 0.176490
 32 9.125259 -10.885472 -11.371326 0.000496 2.962373 0.000256
 33 11.858856 13.360005 3.526466 -1.542248 3.132957 -0.174414
 34 9.463242 16.404865 -2.906029 -1.542281 3.132900 -0.176490
 35 9.125275 10.885474 -11.371311 -0.000492 2.962373 0.000256
 36 9.023224 -0.000001 -17.296177 0.000180 -0.167048 -3.141356
 37 12.691406 -0.000001 -19.438766 -0.202461 3.135043 -0.354773
 38 10.989410 -0.000008 0.000000 -0.023821 -0.152321 0.169541
 39 12.871460 -10.586837 -15.652473 0.917076 -2.917704 0.203488
 40 10.727005 0.000015 -0.000017 -0.066042 -0.155762 0.193360
 41 12.871460 10.586843 -15.652473 -0.994384 -2.893706 -0.773445
 42 10.726974 -0.000031 0.000008 0.013798 -0.179607 0.146430
 43 12.847214 -17.570078 -4.701340 1.253597 -2.865509 0.559189
 44 11.496506 0.000000 -0.000031 -0.101895 -0.112815 0.222285
 45 12.847183 17.570084 -4.701363 -1.246714 -2.732002 -0.914549
 46 11.496468 -0.000015 -0.000015 0.063444 -0.138354 0.114856
 47 28.485962 0.000013 16.460350 -0.000001 -0.039729 0.000000
 48 23.052765 -6.207909 -0.077305 -1.470206 0.035100 -1.833545
 49 9.436913 -0.000008 -0.000031 0.049242 0.094292 0.367086
 50 31.269333 -0.000008 0.000000 -0.006701 -0.563522 0.008666
 51 28.756500 0.000002 0.000000 -0.001117 0.032665 0.001416
 52 2.251984 -2.464413 -1.141647 0.481305 0.508197 -0.319329
 53 3.674049 -0.000015 0.000031 -0.277611 0.179024 0.194713
 54 3.614693 0.000015 0.000000 0.013156 0.193871 -0.001558
 55 9.035507 -2.494947 0.484573 -0.001362 0.302449 0.001673
 56 2.943581 0.000000 -0.000015 0.010585 0.293657 -0.007800
 57 2.649437 0.000002 0.000015 -0.006498 0.303243 0.008512
 58 9.093613 -0.386671 0.647720 0.020190 0.475380 -0.012607
 59 3.451893 -0.000004 0.000000 -0.014209 0.528778 0.009212
 60 2.898186 -0.000008 0.000031 -0.000683 0.490858 0.000916
 61 8.894585 1.605850 0.371902 -0.000566 0.547851 0.000704
 62 3.130409 -0.000008 0.000031 0.003896 0.567158 -0.005064
 63 2.629532 -0.000004 -0.000031 0.004892 0.544388 -0.006589
 64 8.470612 3.459522 0.131500 -0.021715 0.541478 0.011455
 65 2.410267 0.000000 -0.000046 0.022815 0.529939 -0.013321
 66 2.000786 0.000004 0.000015 -0.005415 0.533618 0.007402
 67 23.052780 6.207916 -0.077324 1.481500 -0.037424 2.094004
 68 9.436897 0.000023 0.000000 0.409160 -0.302853 -0.297156
 69 31.269342 0.000008 -0.000015 0.368525 -0.499076 0.607096
 70 28.756516 -0.000008 0.000015 0.276629 -0.153221 -0.103984
 71 2.251907 2.464417 -1.141560 -0.513217 0.249535 0.112914
 72 3.674088 0.000004 -0.000015 0.331388 -0.059506 -0.325011
 73 3.614685 0.000015 0.000023 0.067360 -0.216133 -0.086857
 74 9.035431 2.494949 0.484428 0.001362 -0.011534 -0.001673
 75 2.943573 0.000000 -0.000034 -0.011497 -0.020268 0.014556
 76 2.649429 0.000000 0.000015 0.006498 -0.010740 -0.008512
 77 9.093689 0.386673 0.647781 -0.018031 0.093461 0.020165
 78 3.451859 0.000000 0.000000 0.014953 0.008589 -0.019838
 79 2.898193 -0.000015 -0.000015 0.000683 -0.029445 -0.000917
 80 8.894424 -1.605850 0.371914 0.000566 0.090541 -0.000704
 81 3.130432 0.000008 -0.000046 -0.003896 -0.009289 0.005063
 82 2.629517 0.000000 0.000023 -0.004892 -0.032059 0.006589
 83 8.470627 -3.459518 0.131401 0.018786 0.137518 -0.020073
 84 2.410278 0.000000 0.000000 -0.024238 -0.029075 0.031299
 85 2.000748 0.000008 0.000023 0.005415 -0.025697 -0.007402
 86 9.832367 1.463066 -1.299427 0.016523 -0.031798 -0.020624
 87 25.040588 -5.670403 5.432775 -1.312160 -0.224887 -2.136065
 88 28.779694 -6.856306 -0.811443 -1.466235 0.019064 -1.725377
 89 29.182312 -3.955561 -4.961983 0.881870 2.552753 0.503940
 90 25.040558 5.670412 5.432734 1.296833 -0.398765 2.185823
 91 28.779724 6.856316 -0.811422 1.466235 0.019064 1.725381
 92 29.182297 3.955570 -4.961963 -0.881870 2.552752 -0.503941
 93 -65.335648 -0.000020 1.140919 -3.141591 0.044911 0.000000
 94 26.290939 -12.205292 1.157885 -2.071447 -0.017454 0.065112
 95 49.071045 0.000004 0.000006 2.179705 0.127555 -0.112856
 96 61.871319 -0.000013 -0.000018 3.080256 0.672597 0.035641
 97 26.290924 12.205292 1.157845 2.044502 0.127786 -0.159169
 98 49.071060 0.000004 -0.000034 -2.187262 0.154733 0.063501
 99 61.871307 0.000022 -0.000021 -2.944713 0.642381 0.102745
100 -0.698059 -11.192118 -8.252764 1.185823 0.124353 -0.443859
101 20.568245 0.000015 0.000000 0.063678 0.119712 -0.065852
102 0.223785 -5.734811 -12.929604 3.043994 0.877765 -0.237728
103 20.803574 -0.000004 -0.000031 0.066700 -0.022784 -0.040608
104 -1.040009 -3.033971 12.140512 1.599257 0.074393 -1.247175
105 -1.039993 3.034004 12.140502 -1.590209 0.104584 1.320260
106 4.165436 -5.407047 12.088392 0.633658 -0.519068 -0.140017
107 16.599442 -0.000008 -0.000023 0.005158 -0.064507 0.103809
108 4.165466 5.407078 12.088383 -0.886453 -0.643770 0.704984
109 16.599380 0.000007 -0.000023 0.060456 -0.105928 -0.024108
110 6.428375 -0.000002 -0.288944 -0.000001 0.000000 -0.000000
111 -1.833755 -13.936462 1.224506 1.597426 -0.049619 -0.385460
112 20.406952 -0.000006 -0.000023 0.043518 0.020529 0.090350
113 21.655495 -0.000007 -0.000015 -0.048161 0.215190 -0.558118
114 22.360680 0.000015 -0.000008 0.060099 -0.018900 -0.322050
115 22.519665 0.000015 0.000000 -0.007945 -0.053430 0.304047
116 22.140398 0.000011 -0.000023 0.052137 0.074665 0.175959
117 -1.699203 -12.875614 4.918510 1.155653 -0.235603 -0.328453
118 20.938614 0.000010 0.000008 0.081138 -0.003152 0.084257
119 21.993607 -0.000012 -0.000053 -0.067320 0.379152 -0.488752
120 22.563797 0.000000 0.000013 0.075083 -0.094369 -0.311169
121 22.643356 0.000031 -0.000027 -0.061592 -0.396655 0.225250
122 22.238049 0.000015 -0.000031 0.023465 -0.010472 0.185428
123 -1.634338 -9.854568 8.052347 0.740371 -0.370797 -0.215239
124 22.205307 -0.000002 -0.000023 0.089390 -0.022597 0.077750
125 22.804390 -0.000010 -0.000038 -0.052633 0.484166 -0.330699
126 23.051666 -0.000002 0.000024 0.106637 -0.211981 -0.357723
127 22.939995 0.000019 -0.000023 0.007338 -0.631802 -0.055917
128 22.472061 0.000008 -0.000034 0.017293 -0.095965 0.147672
129 -1.616119 -5.333254 10.147442 0.302890 0.071291 0.117280
130 23.451324 -0.000009 0.000002 0.070721 -0.038882 0.075357
131 23.608032 -0.000018 -0.000010 0.044654 -0.452903 -0.081226
132 23.536240 -0.000006 -0.000019 0.208033 -0.998010 -0.299161
133 23.233974 0.000012 0.000023 0.043022 -0.540614 -0.130726
134 22.703682 0.000023 0.000008 0.029742 -0.152585 0.075402
135 -1.614517 -0.000001 10.883354 0.005808 -0.451130 0.082430
136 23.962128 -0.000003 -0.000034 0.038712 -0.048981 0.074369
137 23.938965 -0.000013 0.000015 0.008157 0.420520 0.056958
138 23.736038 -0.000017 -0.000006 0.227114 -0.462737 -0.570368
139 23.354977 0.000019 -0.000038 0.239815 -0.616113 -0.613893
140 22.798918 0.000000 0.000000 0.047415 -0.179177 -0.005662
141 -1.616119 5.333252 10.147425 -0.345083 -0.409009 0.229275
142 23.451309 -0.000012 0.000008 0.005123 -0.057100 0.070089
143 23.608017 -0.000011 -0.000038 0.006205 0.299493 0.210770
144 23.536255 -0.000015 -0.000011 0.265836 -0.536329 -0.636822
145 23.233982 -0.000016 -0.000023 0.278983 -0.533557 -0.764416
146 22.703667 0.000013 0.000015 0.063138 -0.175992 -0.085765
147 -1.634323 9.854565 8.052347 -0.711921 -0.310683 0.356040
148 22.205246 -0.000006 0.000000 -0.018711 -0.063104 0.056829
149 22.804443 -0.000008 -0.000076 -0.016517 0.150669 0.316825
150 23.051636 -0.000023 -0.000008 0.252550 -0.552393 -0.636154
151 22.939974 -0.000010 -0.000015 0.271930 -0.443382 -0.862557
152 22.472065 0.000000 0.000000 0.069141 -0.140891 -0.172428
153 -1.699203 12.875608 4.918530 -1.111927 -0.158249 0.441038
154 20.938599 0.000015 -0.000008 -0.019387 -0.063762 0.029373
155 21.993599 -0.000011 -0.000069 -0.044033 -0.004938 0.365874
156 22.563801 -0.000008 -0.000015 0.200296 -0.513169 -0.591914
157 22.643349 0.000000 -0.000046 0.210493 -0.326899 -0.907981
158 22.238018 -0.000023 0.000015 0.039448 -0.079455 -0.225873
159 -1.833771 13.936458 1.224506 -1.544380 0.034780 0.457867
160 20.406967 0.000006 -0.000046 0.006586 -0.051210 -0.005995
161 21.655510 0.000011 -0.000015 -0.060339 -0.163688 0.325816
162 22.360661 0.000004 -0.000031 0.190029 -0.502068 -0.548815
163 22.519657 -0.000008 0.000000 0.189890 -0.256525 -0.874934
164 22.140373 -0.000027 0.000000 -0.025471 -0.004689 -0.218158
165 -1.972565 12.875609 -3.614553 -1.820272 0.148252 0.408414
166 20.655190 0.000002 -0.000015 0.019300 -0.036851 -0.018112
167 21.762260 0.000004 -0.000023 -0.064657 -0.245976 0.256617
168 22.392151 0.000004 -0.000015 0.102511 -0.392849 -0.519287
169 22.541336 0.000000 -0.000015 0.005167 -0.056031 -0.825587
170 22.217495 -0.000011 -0.000008 -0.078220 0.048436 -0.209253
171 -1.967300 9.854567 -7.722433 -2.155363 0.237056 0.296896
172 21.272728 0.000006 -0.000008 0.032359 -0.014950 -0.023345
173 22.032516 0.000027 -0.000046 -0.051925 -0.321465 0.140887
174 22.475658 0.000008 -0.000008 0.075069 -0.335418 -0.509257
175 22.598705 0.000011 0.000000 -0.072120 0.085293 -0.737872
176 22.407967 0.000000 -0.000015 -0.088105 0.094361 -0.160278
177 -1.900833 5.333254 -10.470078 -2.593966 0.282140 0.147501
178 21.914337 0.000010 -0.000023 0.034432 0.014591 -0.016312
179 22.319832 -0.000010 0.000000 -0.016171 -0.368220 -0.031094
180 22.569626 0.000004 -0.000038 0.060100 -0.249761 -0.508963
181 22.663200 0.000023 -0.000031 -0.113167 0.254976 -0.608963
182 22.604502 0.000011 -0.000031 -0.068655 0.127567 -0.118218
183 -1.865585 -0.000004 -11.435444 -3.129790 0.274810 -0.011114
184 22.186699 -0.000005 -0.000015 0.015576 0.042930 0.009943
185 22.443726 -0.000004 -0.000008 0.032016 -0.345156 -0.250961
186 22.611549 0.000006 -0.000023 0.058481 -0.128423 -0.491037
187 22.691994 0.000023 0.000000 -0.077066 0.418329 -0.393254
188 22.687641 0.000027 -0.000015 -0.019891 0.152533 -0.070969
189 -1.900848 -5.333257 -10.470074 2.624182 0.228839 -0.153860
190 21.914352 0.000005 -0.000008 0.000346 0.052521 0.046937
191 22.319847 -0.000027 0.000008 0.047572 -0.221312 -0.432911
192 22.569630 0.000031 -0.000038 0.064708 -0.027057 -0.440961
193 22.663219 0.000023 0.000008 0.016302 0.462361 -0.112278
194 22.604504 0.000050 0.000008 0.043636 0.161083 0.010391
195 -1.967300 -9.854567 -7.722443 2.196486 0.160323 -0.278199
196 21.272705 -0.000020 0.000000 0.006546 0.045428 0.073367
197 22.032478 -0.000003 -0.000031 0.020546 -0.051366 -0.527719
198 22.475700 0.000000 -0.000015 0.064804 0.013731 -0.384192
199 22.598721 0.000031 0.000000 0.068706 0.357973 0.125510
200 22.407990 0.000008 0.000000 0.081151 0.152612 0.076998
201 -1.972565 -12.875610 -3.614561 1.869627 0.065011 -0.361771
202 20.655159 0.000005 -0.000015 0.024333 0.033826 0.085682
203 21.762283 -0.000013 0.000000 -0.014657 0.091782 -0.557674
204 22.392166 0.000008 -0.000015 0.062087 0.011272 -0.348371
205 22.541351 0.000015 -0.000008 0.048690 0.173466 0.252653
206 22.217503 0.000023 -0.000008 0.080789 0.123106 0.136467
207 0.059621 0.456168 0.250107 0.000000 -0.000000 0.000000
208 0.059621 0.456168 0.250107 0.000000 -0.000000 0.000000
time 24
  0 0.059621 0.456168 0.250107 0.000000 -0.000000 0.000000
  1 0.059621 0.456168 0.250107 0.000000 -0.000000 0.000000
  2 0.059621 0.456168 0.250107 0.000000 -0.000000 0.000000
  3 0.059621 0.456168 0.250107 0.000000 -0.000000 0.000000
  4 0.059621 0.456168 0.250107 0.000000 -0.000000 0.000000
  5 0.059621 0.456168 0.250107 0.000000 -0.000000 0.000000
  6 0.059621 0.456168 0.250107 0.000000 -0.000000 0.000000
  7 0.059621 0.456168 0.250107 0.000000 -0.000000 0.000000
  8 0.059621 0.456168 0.250107 0.000000 -0.000000 0.000000
  9 0.059621 0.456168 0.250107 0.000000 -0.000000 0.000000
 10 49.408070 -111.688095 167.589859 -1.374137 -0.014751 -2.635072
 11 24.668253 0.000000 -0.000031 0.953576 0.422428 -0.232116
 12 30.380140 -0.000027 -0.000015 1.565126 0.187748 -0.106352
 13 19.902086 0.000000 0.000015 0.063583 0.242457 -0.008282
 14 -18.809410 95.222069 185.701614 1.284971 0.026127 -3.051602
 15 35.349506 0.000015 0.000015 -0.646807 0.791533 2.078557
 16 37.124344 -0.000015 -0.000031 -1.874521 -0.806728 -0.043089
 17 0.059621 0.456168 0.250107 0.064768 -0.005215 -0.156772
 18 7.266485 -15.616927 104.400574 0.889377 1.457675 -0.285599
 19 -65.799568 -0.000019 1.142857 0.000000 0.000514 3.141077
 20 11.181580 0.005761 -0.002411 0.006912 -0.080238 -0.124005
 21 27.835175 0.000005 -0.000005 2.914773 -0.033927 0.060892
 22 5.330399 -0.000001 0.000000 -3.069864 -0.172159 -0.007764
 23 10.134872 -4.133392 3.834194 -0.679176 -1.172653 -2.500175
 24 10.134872 4.133401 3.834194 0.679194 -1.172648 2.500159
 25 22.592361 0.000014 17.467106 -0.000010 2.956431 0.000000
 26 21.199982 -7.744005 14.169506 -0.644457 -0.154503 -3.025319
 27 18.142014 -13.440224 7.965767 1.228366 -0.180197 3.082644
 28 21.199966 7.744028 14.169491 0.644460 -0.154503 3.025318
 29 18.141983 13.440241 7.965771 -0.316157 -0.180196 -3.082644
 30 11.858856 -13.359998 3.526508 1.542249 3.132957 0.174415
 31 9.463257 -16.404867 -2.906048 1.542282 3.132901 0.176490
 32 9.125244 -10.885474 -11.371325 0.000496 2.962373 0.000256
 33 11.858841 13.360010 3.526470 -1.542248 3.132957 -0.174414
 34 9.463242 16.404871 -2.906025 -1.542281 3.132900 -0.176490
 35 9.125275 10.885475 -11.371304 -0.000492 2.962373 0.000256
 36 9.023224 -0.000002 -17.296173 0.000180 -0.167048 -3.141356
 37 12.691406 -0.000002 -19.438763 -0.223207 -3.103873 -0.400084
 38 10.989395 0.000000 0.000000 -0.018630 -0.155555 0.132597
 39 12.871460 -10.586842 -15.652473 0.913792 -2.924559 0.196684
 40 10.727020 0.000015 -0.000018 -0.061402 -0.160573 0.156588
 41 12.871460 10.586845 -15.652470 -0.993980 -2.817403 -0.773846
 42 10.726974 -0.000031 0.000015 0.020542 -0.179223 0.109160
 43 12.847214 -17.570084 -4.701344 1.251238 -2.900878 0.601534
 44 11.496506 0.000015 -0.000023 -0.099403 -0.118254 0.185832
 45 12.847198 17.570087 -4.701359 -1.248855 -2.641818 -0.884335
 46 11.496468 0.000000 -0.000015 0.069360 -0.138228 0.077844
 47 28.485947 0.000015 16.460346 -0.000001 -0.039729 0.000000
 48 23.052765 -6.207908 -0.077303 -1.470206 0.035100 -1.833545
 49 9.436905 -0.000006 -0.000015 0.040952 0.096496 0.289706
 50 31.269333 -0.000008 -0.000015 -0.006701 -0.563522 0.008666
 51 28.756508 0.000002 0.000015 -0.001117 0.032665 0.001416
 52 2.251984 -2.464415 -1.141647 0.481305 0.508197 -0.319329
 53 3.674057 -0.000015 0.000000 -0.277611 0.179024 0.194713
 54 3.614697 0.000000 0.000000 0.013156 0.193871 -0.001558
 55 9.035500 -2.494947 0.484543 -0.001362 0.302449 0.001672
 56 2.943581 -0.000004 -0.000015 0.010585 0.293657 -0.007800
 57 2.649437 -0.000002 0.000000 -0.006498 0.303243 0.008512
 58 9.093620 -0.386667 0.647705 0.020190 0.475380 -0.012607
 59 3.451893 0.000000 -0.000015 -0.014209 0.528778 0.009212
 60 2.898170 0.000004 0.000015 -0.000683 0.490858 0.000916
 61 8.894585 1.605850 0.371902 -0.000566 0.547851 0.000704
 62 3.130409 0.000004 0.000031 0.003896 0.567158 -0.005064
 63 2.629539 0.000000 -0.000031 0.004892 0.544388 -0.006589
 64 8.470619 3.459522 0.131500 -0.021715 0.541478 0.011456
 65 2.410271 -0.000002 -0.000031 0.022815 0.529939 -0.013321
 66 2.000786 0.000008 0.000000 -0.005415 0.533618 0.007402
 67 23.052765 6.207915 -0.077323 1.481568 -0.016978 2.092797
 68 9.436897 0.000026 0.000000 0.464952 -0.281238 -0.394735
 69 31.269337 0.000008 -0.000015 0.433517 -0.521298 0.571911
 70 28.756531 0.000000 0.000008 0.276874 -0.154713 -0.104360
 71 2.251892 2.464401 -1.141563 -0.513217 0.249535 0.112914
 72 3.674072 0.000008 -0.000015 0.331388 -0.059506 -0.325011
 73 3.614685 0.000031 0.000023 0.067360 -0.216133 -0.086857
 74 9.035431 2.494949 0.484425 0.001362 -0.011534 -0.001673
 75 2.943573 -0.000015 -0.000034 -0.011498 -0.020268 0.014556
 76 2.649445 0.000000 0.000015 0.006498 -0.010740 -0.008512
 77 9.093689 0.386673 0.647781 -0.018031 0.093461 0.020165
 78 3.451859 0.000000 0.000008 0.014953 0.008589 -0.019838
 79 2.898193 0.000000 -0.000015 0.000683 -0.029445 -0.000917
 80 8.894424 -1.605850 0.371918 0.000566 0.090541 -0.000704
 81 3.130447 0.000015 -0.000038 -0.003896 -0.009289 0.005063
 82 2.629547 0.000015 0.000015 -0.004892 -0.032059 0.006589
 83 8.470612 -3.459518 0.131397 0.018786 0.137518 -0.020073
 84 2.410278 -0.000015 -0.000023 -0.024238 -0.029075 0.031299
 85 2.000748 0.000008 0.000023 0.005415 -0.025697 -0.007402
 86 9.832367 1.463058 -1.299438 0.016523 -0.031798 -0.020624
 87 25.040588 -5.670402 5.432775 -1.312160 -0.224887 -2.136065
 88 28.779694 -6.856307 -0.811443 -1.466235 0.019064 -1.725377
 89 29.182297 -3.955562 -4.961981 0.881870 2.552753 0.503940
 90 25.040573 5.670413 5.432734 1.296833 -0.398765 2.185823
 91 28.779724 6.856318 -0.811423 1.466235 0.019065 1.725381
 92 29.182281 3.955569 -4.961960 -0.881870 2.552752 -0.503941
 93 -65.335670 -0.000018 1.140921 -3.141591 0.044911 0.000000
 94 26.290924 -12.205290 1.157885 -2.071447 -0.017454 0.065112
 95 49.071037 0.000008 0.000008 2.179705 0.127556 -0.112856
 96 61.871311 -0.000011 -0.000017 3.080256 0.672597 0.035641
 97 26.290924 12.205296 1.157845 2.044502 0.127786 -0.159169
 98 49.071060 0.000004 -0.000034 -2.187262 0.154733 0.063501
 99 61.871296 0.000020 -0.000025 -2.944713 0.642381 0.102745
100 -0.698059 -11.192118 -8.252762 1.196220 0.147228 -0.494202
101 20.568245 0.000015 -0.000008 0.054835 0.113714 -0.075622
102 0.223785 -5.734810 -12.929604 2.976180 0.884549 -0.342354
103 20.803566 -0.000011 -0.000046 0.066602 -0.029765 -0.039406
104 -1.040009 -3.033968 12.140512 1.591208 0.077969 -1.254145
105 -1.039993 3.034005 12.140502 -1.584381 0.104590 1.314998
106 4.165436 -5.407045 12.088392 0.601988 -0.429450 -0.075890
107 16.599457 -0.000007 -0.000023 -0.004603 -0.062512 0.096850
108 4.165466 5.407080 12.088383 -0.882394 -0.637568 0.695538
109 16.599380 0.000009 -0.000031 0.057213 -0.097141 -0.026563
110 6.428391 0.000002 -0.288942 -0.000001 -0.000000 0.000000
111 -1.833786 -13.936464 1.224504 1.590592 -0.040765 -0.391427
112 20.406952 -0.000005 -0.000031 0.037037 0.014159 0.081529
113 21.655495 -0.000009 -0.000015 -0.034266 0.195124 -0.491919
114 22.360680 0.000011 -0.000015 0.067268 -0.024692 -0.378892
115 22.519665 0.000015 0.000000 -0.001157 0.001863 0.173776
116 22.140400 0.000015 -0.000015 0.047284 0.067947 0.168535
117 -1.699219 -12.875614 4.918509 1.149445 -0.227533 -0.334660
118 20.938629 0.000010 0.000000 0.074073 -0.005180 0.074446
119 21.993622 -0.000013 -0.000046 -0.056559 0.384646 -0.428083
120 22.563797 -0.000004 0.000011 0.077522 -0.062628 -0.360137
121 22.643356 0.000031 -0.000023 -0.037090 -0.331137 0.126404
122 22.238060 0.000023 -0.000027 0.016853 -0.016313 0.178342
123 -1.634338 -9.854568 8.052345 0.735224 -0.363969 -0.222995
124 22.205292 -0.000003 -0.000015 0.082211 -0.022144 0.068131
125 22.804375 -0.000010 -0.000038 -0.040394 0.518368 -0.257202
126 23.051674 -0.000006 0.000023 0.099987 -0.145396 -0.378992
127 22.939999 0.000015 -0.000023 0.032877 -0.594139 -0.135781
128 22.472065 0.000019 -0.000034 0.010399 -0.101487 0.142081
129 -1.616150 -5.333254 10.147440 0.311504 0.123451 0.107484
130 23.451324 -0.000007 0.000002 0.063829 -0.036516 0.066625
131 23.608017 -0.000014 -0.000008 0.021822 -0.312514 0.004509
132 23.536240 -0.000010 -0.000015 0.147606 -1.049610 -0.196139
133 23.233969 0.000004 0.000015 0.042687 -0.671202 -0.106010
134 22.703674 0.000015 0.000000 0.023751 -0.158081 0.071325
135 -1.614532 0.000000 10.883350 0.004311 -0.445583 0.073668
136 23.962143 -0.000003 -0.000034 0.032416 -0.044048 0.066636
137 23.938965 -0.000010 0.000015 0.036831 0.484144 0.178886
138 23.736031 -0.000017 -0.000010 0.178543 -0.384510 -0.488608
139 23.354988 0.000009 -0.000027 0.307233 -0.671838 -0.728788
140 22.798920 0.000000 -0.000008 0.042801 -0.184324 -0.008911
141 -1.616135 5.333251 10.147424 -0.345644 -0.404075 0.221412
142 23.451317 -0.000010 0.000000 -0.000341 -0.050712 0.063643
143 23.608017 -0.000010 -0.000046 0.036242 0.369762 0.346223
144 23.536247 -0.000023 -0.000006 0.190897 -0.479250 -0.490274
145 23.233982 -0.000023 -0.000038 0.365565 -0.628179 -0.884717
146 22.703665 0.000008 0.000008 0.060142 -0.180493 -0.087640
147 -1.634338 9.854565 8.052345 -0.712599 -0.306341 0.349278
148 22.205261 0.000000 0.000000 -0.023161 -0.056331 0.052500
149 22.804451 -0.000002 -0.000069 0.009262 0.223951 0.457942
150 23.051636 -0.000031 0.000004 0.159689 -0.515554 -0.436090
151 22.939972 -0.000015 -0.000015 0.357328 -0.560818 -0.958470
152 22.472067 0.000008 -0.000008 0.068143 -0.144621 -0.172963
153 -1.699203 12.875609 4.918526 -1.113500 -0.156292 0.436070
154 20.938591 0.000013 0.000000 -0.022829 -0.057786 0.027803
155 21.993599 -0.000008 -0.000061 -0.026787 0.065966 0.509170
156 22.563797 -0.000015 -0.000008 0.107487 -0.492253 -0.367418
157 22.643349 0.000000 -0.000038 0.277500 -0.448032 -0.959321
158 22.238024 -0.000019 0.000008 0.038503 -0.082518 -0.224836
159 -1.833771 13.936459 1.224504 -1.546220 0.035992 0.454055
160 20.406967 0.000004 -0.000046 0.004628 -0.047545 -0.004826
161 21.655518 0.000010 -0.000008 -0.057010 -0.101778 0.474123
162 22.360653 0.000000 -0.000015 0.100845 -0.506057 -0.332361
163 22.519653 0.000000 -0.000008 0.235195 -0.373426 -0.880259
164 22.140377 -0.000015 0.000008 -0.027646 -0.007331 -0.214874
165 -1.972580 12.875609 -3.614553 -1.821818 0.150031 0.405402
166 20.655174 0.000008 -0.000023 0.017784 -0.035399 -0.015204
167 21.762253 0.000004 -0.000015 -0.070758 -0.191152 0.409765
168 22.392159 0.000008 -0.000015 0.046827 -0.421398 -0.336799
169 22.541344 0.000008 -0.000015 0.048659 -0.174515 -0.830093
170 22.217495 0.000000 0.000000 -0.081446 0.045174 -0.205327
171 -1.967316 9.854568 -7.722435 -2.157151 0.240744 0.295593
172 21.272705 0.000004 -0.000015 0.030714 -0.015118 -0.019856
173 22.032501 0.000023 -0.000053 -0.069558 -0.282645 0.300134
174 22.475655 -0.000004 -0.000015 0.040126 -0.388498 -0.364317
175 22.598705 0.000008 0.000000 -0.031974 -0.039155 -0.751712
176 22.407959 -0.000004 -0.000015 -0.091321 0.090814 -0.157132
177 -1.900848 5.333254 -10.470079 -2.596129 0.288516 0.148173
178 21.914322 0.000006 -0.000023 0.032556 0.010269 -0.014358
179 22.319832 -0.000008 0.000000 -0.042560 -0.357220 0.131391
180 22.569626 -0.000002 -0.000031 0.048568 -0.326588 -0.410741
181 22.663197 0.000021 -0.000023 -0.082656 0.125458 -0.651413
182 22.604502 0.000015 -0.000038 -0.071883 0.122542 -0.117381
183 -1.865585 -0.000004 -11.435442 -3.133227 0.283098 -0.009798
184 22.186691 -0.000006 -0.000008 0.013087 0.034557 0.008766
185 22.443726 -0.000004 0.000000 0.010968 -0.371916 -0.102774
186 22.611538 0.000000 -0.000023 0.067782 -0.221930 -0.447972
187 22.692001 0.000018 0.000000 -0.073893 0.299756 -0.486695
188 22.687634 0.000023 -0.000015 -0.021855 0.146886 -0.072418
189 -1.900848 -5.333257 -10.470074 2.619294 0.237919 -0.153845
190 21.914345 0.000007 -0.000015 -0.003333 0.042144 0.042304
191 22.319839 -0.000023 0.000000 0.045630 -0.271213 -0.316210
192 22.569614 0.000019 -0.000031 0.081495 -0.114065 -0.448485
193 22.663219 0.000004 0.000008 -0.013517 0.386405 -0.259118
194 22.604504 0.000034 0.000000 0.042641 0.154829 0.006297
195 -1.967285 -9.854567 -7.722443 2.190372 0.170709 -0.282259
196 21.272728 -0.000021 0.000000 0.001733 0.035410 0.067011
197 22.032478 -0.000002 -0.000023 0.031386 -0.099042 -0.436077
198 22.475693 -0.000004 -0.000023 0.079150 -0.046136 -0.425191
199 22.598709 0.000015 0.000000 0.035453 0.339061 -0.038523
200 22.407993 0.000015 0.000008 0.079883 0.146014 0.071525
201 -1.972580 -12.875612 -3.614563 1.862873 0.074958 -0.367321
202 20.655182 0.000006 -0.000023 0.018560 0.025355 0.077921
203 21.762276 -0.000011 -0.000015 0.000051 0.055530 -0.480530
204 22.392181 0.000004 -0.000031 0.072527 -0.020872 -0.401812
205 22.541340 0.000015 -0.000008 0.034059 0.200100 0.100949
206 22.217510 0.000023 0.000008 0.078031 0.116442 0.129695
207 0.059621 0.456168 0.250107 0.000000 -0.000000 0.000000
208 0.059621 0.456168 0.250107 0.000000 -0.000000 0.000000
time 25
  0 0.059621 0.456168 0.250107 0.000000 -0.000000 0.000000
  1 0.059621 0.456168 0.250107 0.000000 -0.000000 0.000000
  2 0.059621 0.456168 0.250107 0.000000 -0.000000 0.000000
  3 0.059621 0.456168 0.250107 0.000000 -0.000000 0.000000
  4 0.059621 0.456168 0.250107 0.000000 -0.000000 0.000000
  5 0.059621 0.456168 0.250107 0.000000 -0.000000 0.000000
  6 0.059621 0.456168 0.250107 0.000000 -0.000000 0.000000
  7 0.059621 0.456168 0.250107 0.000000 -0.000000 0.000000
  8 0.059621 0.456168 0.250107 0.000000 -0.000000 0.000000
  9 0.059621 0.456168 0.250107 0.000000 -0.000000 0.000000
 10 67.128883 -103.285675 164.401779 -1.374137 -0.014751 -2.474449
 11 24.668247 0.000015 -0.000046 0.951054 0.404163 -0.244748
 12 30.380144 -0.000031 0.000000 1.559226 0.188965 -0.129507
 13 19.902084 -0.000015 0.000015 0.082099 0.138641 0.113377
 14 -42.193474 87.064255 185.257004 1.243623 0.001937 2.947978
 15 35.349506 -0.000015 0.000015 -1.003813 0.420264 2.207371
 16 37.124336 -0.000031 -0.000034 -2.081645 -0.899963 0.038749
 17 0.059621 0.456168 0.250107 0.064768 -0.005215 -0.156772
 18 5.481452 -11.368914 104.400574 0.878845 1.471721 -0.368485
 19 -65.799568 -0.000019 1.142857 -0.000000 0.000515 3.141077
 20 11.181580 0.005760 -0.002409 -0.076564 -0.094776 -0.102220
 21 27.835190 0.000005 -0.000003 2.973578 -0.058808 0.050179
 22 5.330383 -0.000001 0.000001 -3.069864 -0.172159 -0.007764
 23 10.134888 -4.133391 3.834194 -0.679919 -1.173006 -2.499375
 24 10.134903 4.133400 3.834194 0.679938 -1.173001 2.499359
 25 22.592361 0.000013 17.467102 -0.000010 2.956431 0.000000
 26 21.199982 -7.744004 14.169506 -0.644457 -0.154503 -3.025319
 27 18.142014 -13.440224 7.965763 1.228366 -0.180197 3.082644
 28 21.199966 7.744027 14.169491 0.644460 -0.154503 3.025318
 29 18.142014 13.440238 7.965767 -0.316157 -0.180196 -3.082644
 30 11.858871 -13.359996 3.526508 1.542249 3.132957 0.174415
 31 9.463272 -16.404861 -2.906048 1.542282 3.132901 0.176490
 32 9.125259 -10.885474 -11.371326 0.000496 2.962373 0.000256
 33 11.858871 13.360005 3.526470 -1.542248 3.132957 -0.174414
 34 9.463272 16.404863 -2.906025 -1.542281 3.132900 -0.176490
 35 9.125290 10.885472 -11.371305 -0.000492 2.962373 0.000256
 36 9.023239 -0.000003 -17.296175 0.000180 -0.167048 -3.141356
 37 12.691422 -0.000003 -19.438765 -0.230825 -3.091259 -0.416320
 38 10.989410 0.000000 -0.000000 -0.013722 -0.158613 0.097662
 39 12.871490 -10.586840 -15.652473 0.910178 -2.953768 0.215202
 40 10.727005 0.000015 -0.000020 -0.057014 -0.165123 0.121815
 41 12.871460 10.586840 -15.652472 -0.992524 -2.775979 -0.767418
 42 10.726974 -0.000015 0.000015 0.026919 -0.178859 0.073917
 43 12.847214 -17.570080 -4.701344 1.247699 -2.964065 0.658661
 44 11.496506 0.000015 -0.000031 -0.097047 -0.123397 0.151361
 45 12.847214 17.570082 -4.701359 -1.252118 -2.583193 -0.860150
 46 11.496468 0.000015 -0.000015 0.074938 -0.138108 0.042844
 47 28.485962 0.000015 16.460346 -0.000001 -0.039729 0.000000
 48 23.052780 -6.207907 -0.077304 -1.470206 0.035100 -1.833545
 49 9.436913 -0.000008 -0.000015 0.033002 0.098609 0.215505
 50 31.269333 -0.000004 -0.000015 -0.006701 -0.563522 0.008666
 51 28.756493 0.000004 0.000000 -0.001117 0.032665 0.001416
 52 2.251999 -2.464409 -1.141632 0.481305 0.508197 -0.319329
 53 3.674034 -0.000015 0.000000 -0.277611 0.179024 0.194713
 54 3.614693 0.000015 0.000000 0.013156 0.193871 -0.001558
 55 9.035507 -2.494946 0.484573 -0.001362 0.302449 0.001673
 56 2.943577 0.000000 0.000000 0.010585 0.293657 -0.007800
 57 2.649437 -0.000004 0.000000 -0.006498 0.303243 0.008512
 58 9.093628 -0.386673 0.647705 0.020190 0.475379 -0.012607
 59 3.451889 0.000000 0.000000 -0.014209 0.528778 0.009212
 60 2.898170 0.000000 0.000031 -0.000683 0.490858 0.000916
 61 8.894592 1.605850 0.371918 -0.000566 0.547851 0.000704
 62 3.130402 -0.000008 0.000015 0.003896 0.567158 -0.005064
 63 2.629539 0.000000 -0.000061 0.004892 0.544388 -0.006589
 64 8.470627 3.459530 0.131500 -0.021715 0.541478 0.011456
 65 2.410271 -0.000008 -0.000061 0.022815 0.529939 -0.013321
 66 2.000801 0.000004 0.000015 -0.005415 0.533618 0.007402
 67 23.052780 6.207915 -0.077323 1.481634 0.002627 2.091362
 68 9.436890 0.000025 -0.000015 0.505381 -0.249205 -0.465543
 69 31.269333 0.000000 -0.000015 0.495839 -0.541732 0.535528
 70 28.756516 0.000000 0.000008 0.277172 -0.157002 -0.104959
 71 2.251907 2.464417 -1.141563 -0.513217 0.249535 0.112914
 72 3.674072 0.000000 -0.000031 0.331388 -0.059506 -0.325011
 73 3.614685 0.000000 0.000023 0.067360 -0.216133 -0.086857
 74 9.035416 2.494949 0.484428 0.001362 -0.011534 -0.001673
 75 2.943573 0.000000 -0.000034 -0.011497 -0.020268 0.014556
 76 2.649445 0.000015 0.000027 0.006498 -0.010740 -0.008512
 77 9.093704 0.386673 0.647781 -0.018031 0.093461 0.020165
 78 3.451859 -0.000015 -0.000008 0.014953 0.008589 -0.019838
 79 2.898224 0.000015 -0.000008 0.000683 -0.029445 -0.000917
 80 8.894424 -1.605850 0.371914 0.000566 0.090541 -0.000704
 81 3.130432 0.000000 -0.000046 -0.003896 -0.009289 0.005063
 82 2.629517 0.000000 0.000023 -0.004892 -0.032059 0.006589
 83 8.470612 -3.459534 0.131401 0.018786 0.137518 -0.020073
 84 2.410278 0.000015 -0.000015 -0.024238 -0.029075 0.031299
 85 2.000748 -0.000015 0.000023 0.005415 -0.025697 -0.007402
 86 9.832352 1.463058 -1.299423 0.016523 -0.031798 -0.020624
 87 25.040588 -5.670402 5.432776 -1.312160 -0.224887 -2.136065
 88 28.779694 -6.856307 -0.811444 -1.466235 0.019064 -1.725377
 89 29.182327 -3.955562 -4.961982 0.881869 2.552753 0.503939
 90 25.040588 5.670412 5.432737 1.296833 -0.398765 2.185823
 91 28.779755 6.856316 -0.811423 1.466235 0.019065 1.725381
 92 29.182297 3.955568 -4.961961 -0.881870 2.552752 -0.503941
 93 -65.335655 -0.000019 1.140919 -3.141591 0.044911 0.000000
 94 26.290939 -12.205290 1.157883 -2.071447 -0.017454 0.065112
 95 49.071053 0.000008 0.000009 2.179705 0.127555 -0.112856
 96 61.871319 -0.000013 -0.000019 3.080256 0.672597 0.035641
 97 26.290924 12.205296 1.157840 2.044502 0.127786 -0.159169
 98 49.071068 0.000002 -0.000040 -2.187262 0.154733 0.063501
 99 61.871307 0.000025 -0.000027 -2.944714 0.642381 0.102745
100 -0.698044 -11.192118 -8.252764 1.204274 0.146037 -0.550740
101 20.568237 0.000008 0.000000 0.044920 0.107206 -0.089435
102 0.223801 -5.734809 -12.929607 2.912837 0.873859 -0.439699
103 20.803581 -0.000011 -0.000031 0.066527 -0.037425 -0.038471
104 -1.039993 -3.033969 12.140513 1.582651 0.083024 -1.261901
105 -1.039978 3.034004 12.140503 -1.577784 0.104595 1.309130
106 4.165451 -5.407045 12.088393 0.594454 -0.366883 -0.048763
107 16.599457 -0.000008 -0.000023 -0.014840 -0.060181 0.087011
108 4.165482 5.407080 12.088383 -0.876655 -0.633074 0.682184
109 16.599380 0.000006 -0.000031 0.054441 -0.086528 -0.030034
110 6.428391 0.000001 -0.288944 -0.000001 -0.000000 0.000000
111 -1.833755 -13.936463 1.224504 1.583511 -0.027928 -0.398059
112 20.406944 -0.000005 -0.000015 0.030264 0.007138 0.068738
113 21.655487 -0.000008 -0.000015 -0.019530 0.170512 -0.409464
114 22.360680 0.000008 -0.000015 0.073536 -0.034664 -0.416787
115 22.519661 0.000011 -0.000008 -0.002089 0.037625 0.047668
116 22.140400 0.000015 -0.000023 0.042627 0.060614 0.157745
117 -1.699203 -12.875613 4.918511 1.143346 -0.215738 -0.343436
118 20.938599 0.000012 0.000000 0.066763 -0.007160 0.060222
119 21.993629 -0.000010 -0.000046 -0.040384 0.377466 -0.353413
120 22.563797 0.000000 0.000008 0.077051 -0.034670 -0.392218
121 22.643353 0.000023 -0.000023 -0.019475 -0.268538 0.027052
122 22.238068 0.000023 -0.000031 0.010446 -0.024327 0.168033
123 -1.634338 -9.854568 8.052349 0.730950 -0.353891 -0.233959
124 22.205299 -0.000001 -0.000023 0.074854 -0.021249 0.054195
125 22.804382 -0.000009 -0.000046 -0.021702 0.529922 -0.178215
126 23.051674 -0.000005 0.000027 0.088311 -0.077484 -0.380236
127 22.939987 0.000015 -0.000015 0.050596 -0.538704 -0.207517
128 22.472067 0.000019 -0.000023 0.003915 -0.109292 0.133950
129 -1.616150 -5.333255 10.147442 0.318777 0.152960 0.084493
130 23.451309 -0.000005 0.000004 0.056841 -0.032829 0.053988
131 23.608032 -0.000013 -0.000008 0.015064 -0.152541 0.058874
132 23.536240 -0.000012 -0.000012 0.050932 -1.053080 -0.050176
133 23.233973 0.000004 0.000023 0.025100 -0.794035 -0.051174
134 22.703674 0.000018 -0.000015 0.018504 -0.165853 0.065416
135 -1.614532 -0.000002 10.883352 0.003327 -0.439379 0.061110
136 23.962143 -0.000003 -0.000031 0.026119 -0.038288 0.055521
137 23.938965 -0.000009 0.000015 0.063523 0.519885 0.275155
138 23.736031 -0.000023 -0.000006 0.121524 -0.280093 -0.370300
139 23.354988 0.000001 -0.000019 0.347080 -0.693245 -0.796966
140 22.798925 0.000002 -0.000008 0.039244 -0.191600 -0.013505
141 -1.616135 5.333250 10.147424 -0.346057 -0.399824 0.209969
142 23.451317 -0.000011 0.000000 -0.005700 -0.043715 0.054473
143 23.608032 -0.000010 -0.000046 0.063767 0.416529 0.444024
144 23.536240 -0.000023 -0.000010 0.107274 -0.377861 -0.306946
145 23.233971 -0.000027 -0.000027 0.418489 -0.686678 -0.940044
146 22.703671 0.000015 0.000000 0.058254 -0.186855 -0.090290
147 -1.634338 9.854563 8.052345 -0.713124 -0.303875 0.339353
148 22.205254 -0.000001 0.000000 -0.027402 -0.048993 0.046379
149 22.804459 -0.000004 -0.000076 0.035264 0.279543 0.554220
150 23.051636 -0.000031 -0.000008 0.064251 -0.422066 -0.213451
151 22.939968 -0.000023 -0.000015 0.397177 -0.639299 -0.963533
152 22.472073 -0.000011 -0.000008 0.067561 -0.149895 -0.173720
153 -1.699203 12.875609 4.918526 -1.114653 -0.155360 0.428679
154 20.938599 0.000015 -0.000015 -0.025999 -0.051334 0.025582
155 21.993591 -0.000010 -0.000069 -0.005593 0.124248 0.601895
156 22.563797 -0.000015 -0.000015 0.019166 -0.415363 -0.139693
157 22.643353 -0.000008 -0.000046 0.293050 -0.525142 -0.902619
158 22.238022 -0.000019 -0.000008 0.037903 -0.086849 -0.224366
159 -1.833771 13.936458 1.224504 -1.547910 0.036619 0.449728
160 20.406967 0.000004 -0.000046 0.003068 -0.043566 -0.004218
161 21.655510 0.000010 -0.000015 -0.043629 -0.042242 0.570597
162 22.360657 0.000000 -0.000015 0.013583 -0.458211 -0.118036
163 22.519665 0.000008 -0.000015 0.234261 -0.443306 -0.790314
164 22.140381 -0.000008 0.000015 -0.029595 -0.011066 -0.212848
165 -1.972580 12.875609 -3.614555 -1.823025 0.151201 0.403027
166 20.655182 0.000008 -0.000015 0.016631 -0.033673 -0.013402
167 21.762238 0.000006 -0.000023 -0.063691 -0.131407 0.514172
168 22.392159 0.000008 -0.000015 -0.016840 -0.403664 -0.145305
169 22.541344 0.000015 -0.000015 0.066969 -0.257973 -0.755076
170 22.217491 0.000000 0.000000 -0.085044 0.040563 -0.202844
171 -1.967300 9.854568 -7.722435 -2.158307 0.243514 0.295063
172 21.272705 0.000004 0.000000 0.029302 -0.015243 -0.017665
173 22.032509 0.000025 -0.000046 -0.073284 -0.231259 0.416489
174 22.475662 -0.000004 -0.000008 -0.010467 -0.400966 -0.198797
175 22.598717 0.000011 0.000000 -0.004690 -0.136687 -0.701101
176 22.407963 0.000011 -0.000015 -0.095868 0.085799 -0.155142
177 -1.900848 5.333252 -10.470078 -2.597496 0.293835 0.149123
178 21.914330 0.000008 -0.000023 0.030798 0.005514 -0.013191
179 22.319839 -0.000008 0.000000 -0.059156 -0.326287 0.260630
180 22.569618 -0.000011 -0.000015 0.017622 -0.371643 -0.282021
181 22.663212 0.000021 -0.000038 -0.051880 0.013873 -0.637866
182 22.604500 0.000023 -0.000031 -0.076446 0.117014 -0.116965
183 -1.865585 -0.000003 -11.435440 -3.135578 0.292359 -0.007938
184 22.186661 -0.000006 -0.000008 0.010592 0.025162 0.007102
185 22.443726 -0.000005 0.000000 -0.010969 -0.371628 0.030063
186 22.611542 -0.000008 -0.000015 0.061716 -0.295661 -0.371081
187 22.692005 0.000013 0.000000 -0.054802 0.184232 -0.524859
188 22.687641 0.000025 -0.000015 -0.024704 0.141078 -0.074465
189 -1.900833 -5.333257 -10.470072 2.615162 0.250755 -0.153813
190 21.914322 0.000005 -0.000008 -0.007176 0.030434 0.035753
191 22.319839 -0.000025 0.000000 0.034273 -0.296367 -0.195296
192 22.569630 0.000010 -0.000038 0.091437 -0.192618 -0.424537
193 22.663227 0.000002 0.000000 -0.021237 0.294382 -0.356027
194 22.604504 0.000036 0.000000 0.041162 0.148615 0.000510
195 -1.967285 -9.854564 -7.722443 2.184506 0.185392 -0.285241
196 21.272705 -0.000023 -0.000008 -0.003322 0.024129 0.057829
197 22.032471 -0.000002 -0.000023 0.034460 -0.135490 -0.329714
198 22.475693 -0.000004 -0.000038 0.091874 -0.104670 -0.439099
199 22.598713 0.000023 -0.000015 0.012280 0.294095 -0.172893
200 22.407978 0.000023 -0.000008 0.078774 0.139416 0.063604
201 -1.972580 -12.875611 -3.614561 1.855993 0.089148 -0.372519
202 20.655182 0.000006 -0.000023 0.012505 0.015889 0.066673
203 21.762283 -0.000012 -0.000008 0.011364 0.021222 -0.386972
204 22.392166 0.000000 -0.000031 0.082559 -0.055462 -0.432617
205 22.541344 0.000008 -0.000015 0.017295 0.200753 -0.037409
206 22.217514 0.000023 0.000000 0.075579 0.109546 0.119867
207 0.059621 0.456168 0.250107 0.000000 -0.000000 0.000000
208 0.059621 0.456168 0.250107 0.000000 -0.000000 0.000000
time 26
  0 0.059621 0.456168 0.250107 0.000000 -0.000000 0.000000
  1 0.059621 0.456168 0.250107 0.000000 -0.000000 0.000000
  2 0.059621 0.456168 0.250107 0.000000 -0.000000 0.000000
  3 0.059621 0.456168 0.250107 0.000000 -0.000000 0.000000
  4 0.059621 0.456168 0.250107 0.000000 -0.000000 0.000000
  5 0.059621 0.456168 0.250107 0.000000 -0.000000 0.000000
  6 0.059621 0.456168 0.250107 0.000000 -0.000000 0.000000
  7 0.059621 0.456168 0.250107 0.000000 -0.000000 0.000000
  8 0.059621 0.456168 0.250107 0.000000 -0.000000 0.000000
  9 0.059621 0.456168 0.250107 0.000000 -0.000000 0.000000
 10 83.179504 -90.709267 161.321365 -1.374137 -0.014751 -2.362575
 11 24.668251 0.000015 -0.000031 0.956963 0.321469 -0.225709
 12 30.380142 -0.000019 -0.000015 1.560325 0.181749 -0.127941
 13 19.902086 -0.000015 0.000023 0.103325 0.019632 0.252840
 14 -65.143082 77.164597 184.647202 1.206238 -0.019934 2.659920
 15 35.349503 0.000015 0.000008 1.545792 -3.081867 -0.931798
 16 37.124329 -0.000015 -0.000031 -2.268917 -0.984260 0.119207
 17 0.059621 0.456168 0.250107 0.064768 -0.005215 -0.156772
 18 3.796513 -7.536337 104.400574 0.865882 1.487755 -0.454843
 19 -65.799538 -0.000020 1.142855 0.000000 0.000515 3.141077
 20 11.181580 0.005760 -0.002411 -0.152886 -0.108067 -0.080195
 21 27.835175 0.000004 -0.000006 3.027343 -0.081556 0.039365
 22 5.330383 -0.000001 0.000000 -3.069864 -0.172159 -0.007764
 23 10.134888 -4.133392 3.834194 -0.680570 -1.173315 -2.498674
 24 10.134888 4.133401 3.834196 0.680589 -1.173309 2.498658
 25 22.592346 0.000013 17.467100 -0.000010 2.956431 0.000000
 26 21.199982 -7.744005 14.169508 -0.644457 -0.154503 -3.025319
 27 18.142014 -13.440226 7.965763 1.228366 -0.180197 3.082644
 28 21.199966 7.744026 14.169489 0.644460 -0.154503 3.025318
 29 18.141998 13.440242 7.965767 -0.316157 -0.180196 -3.082644
 30 11.858841 -13.359999 3.526505 1.542249 3.132957 0.174415
 31 9.463272 -16.404865 -2.906051 1.542282 3.132901 0.176490
 32 9.125244 -10.885477 -11.371330 0.000496 2.962373 0.000256
 33 11.858856 13.360010 3.526468 -1.542248 3.132957 -0.174414
 34 9.463242 16.404869 -2.906028 -1.542281 3.132900 -0.176490
 35 9.125275 10.885474 -11.371308 -0.000492 2.962373 0.000256
 36 9.023224 -0.000004 -17.296181 0.000180 -0.167048 -3.141356
 37 12.691406 -0.000003 -19.438770 -0.236195 -3.113899 -0.419703
 38 10.989410 -0.000008 -0.000002 -0.009284 -0.161379 0.066075
 39 12.871460 -10.586842 -15.652478 0.901424 -3.014147 0.243823
 40 10.727005 0.000008 -0.000015 -0.053046 -0.169236 0.090375
 41 12.871460 10.586843 -15.652476 -0.991508 -2.768190 -0.761678
 42 10.726990 -0.000015 0.000023 0.032685 -0.178530 0.042052
 43 12.847214 -17.570084 -4.701347 1.243577 -3.060371 0.716698
 44 11.496490 0.000008 -0.000015 -0.094916 -0.128047 0.120194
 45 12.847183 17.570086 -4.701363 -1.254454 -2.555644 -0.844467
 46 11.496475 -0.000015 0.000000 0.079970 -0.138000 0.011200
 47 28.485947 0.000015 16.460344 -0.000001 -0.039729 0.000000
 48 23.052750 -6.207910 -0.077305 -1.470206 0.035100 -1.833545
 49 9.436909 -0.000008 -0.000031 0.025733 0.100540 0.147665
 50 31.269329 -0.000008 0.000000 -0.006701 -0.563522 0.008666
 51 28.756516 0.000004 0.000000 -0.001117 0.032665 0.001416
 52 2.251999 -2.464409 -1.141647 0.481305 0.508197 -0.319329
 53 3.674042 -0.000015 0.000015 -0.277611 0.179024 0.194713
 54 3.614693 0.000023 0.000000 0.013156 0.193871 -0.001558
 55 9.035522 -2.494942 0.484558 -0.001362 0.302449 0.001673
 56 2.943581 0.000000 -0.000015 0.010585 0.293657 -0.007800
 57 2.649429 -0.000004 0.000000 -0.006498 0.303243 0.008512
 58 9.093628 -0.386673 0.647705 0.020190 0.475380 -0.012607
 59 3.451889 0.000000 0.000015 -0.014209 0.528778 0.009212
 60 2.898178 -0.000004 0.000031 -0.000683 0.490858 0.000916
 61 8.894592 1.605850 0.371902 -0.000566 0.547851 0.000704
 62 3.130409 -0.000004 0.000046 0.003896 0.567158 -0.005064
 63 2.629532 -0.000004 -0.000046 0.004892 0.544388 -0.006589
 64 8.470619 3.459526 0.131500 -0.021715 0.541478 0.011456
 65 2.410263 0.000000 -0.000076 0.022815 0.529939 -0.013321
 66 2.000793 0.000004 0.000031 -0.005415 0.533618 0.007402
 67 23.052765 6.207915 -0.077324 1.481694 0.020552 2.089682
 68 9.436897 0.000023 0.000000 0.532918 -0.210019 -0.513868
 69 31.269342 0.000008 -0.000015 0.552819 -0.559783 0.498768
 70 28.756500 0.000000 -0.000008 0.277528 -0.160622 -0.105943
 71 2.251892 2.464417 -1.141563 -0.513217 0.249535 0.112914
 72 3.674072 0.000008 -0.000031 0.331388 -0.059506 -0.325011
 73 3.614685 0.000000 0.000015 0.067360 -0.216133 -0.086857
 74 9.035431 2.494949 0.484428 0.001362 -0.011534 -0.001673
 75 2.943573 0.000000 -0.000031 -0.011497 -0.020268 0.014556
 76 2.649429 0.000015 0.000015 0.006498 -0.010740 -0.008512
 77 9.093689 0.386673 0.647789 -0.018031 0.093461 0.020165
 78 3.451859 0.000015 0.000000 0.014953 0.008589 -0.019838
 79 2.898193 0.000000 -0.000011 0.000684 -0.029445 -0.000917
 80 8.894409 -1.605850 0.371918 0.000566 0.090541 -0.000704
 81 3.130432 0.000015 -0.000038 -0.003896 -0.009289 0.005063
 82 2.629501 0.000015 0.000019 -0.004892 -0.032059 0.006589
 83 8.470612 -3.459534 0.131397 0.018786 0.137518 -0.020073
 84 2.410278 0.000000 -0.000015 -0.024238 -0.029075 0.031299
 85 2.000763 0.000015 0.000019 0.005415 -0.025697 -0.007402
 86 9.832367 1.463058 -1.299431 0.016523 -0.031798 -0.020624
 87 25.040588 -5.670403 5.432776 -1.312160 -0.224887 -2.136065
 88 28.779709 -6.856309 -0.811445 -1.466235 0.019064 -1.725377
 89 29.182312 -3.955564 -4.961984 0.881869 2.552753 0.503940
 90 25.040573 5.670413 5.432735 1.296833 -0.398765 2.185823
 91 28.779739 6.856318 -0.811424 1.466235 0.019065 1.725381
 92 29.182297 3.955570 -4.961964 -0.881870 2.552752 -0.503941
 93 -65.335655 -0.000020 1.140917 -3.141591 0.044911 0.000000
 94 26.290924 -12.205290 1.157883 -2.071447 -0.017454 0.065112
 95 49.071014 0.000007 0.000009 2.179705 0.127556 -0.112856
 96 61.871292 -0.000012 -0.000008 3.080256 0.672597 0.035641
 97 26.290924 12.205295 1.157842 2.044502 0.127786 -0.159169
 98 49.071053 0.000000 -0.000029 -2.187262 0.154733 0.063501
 99 61.871284 0.000022 -0.000025 -2.944714 0.642381 0.102745
100 -0.698059 -11.192116 -8.252764 1.211019 0.119593 -0.607132
101 20.568230 0.000008 0.000000 0.034819 0.100711 -0.105269
102 0.223785 -5.734810 -12.929605 2.859899 0.848554 -0.523379
103 20.803566 -0.000011 -0.000031 0.066471 -0.045125 -0.037771
104 -1.040009 -3.033968 12.140512 1.574221 0.088819 -1.269766
105 -1.039993 3.034005 12.140503 -1.571026 0.104599 1.303174
106 4.165436 -5.407044 12.088393 0.599054 -0.341721 -0.048025
107 16.599442 -0.000009 -0.000023 -0.024832 -0.057747 0.075733
108 4.165482 5.407082 12.088385 -0.870077 -0.630013 0.666875
109 16.599388 0.000006 -0.000031 0.052151 -0.075247 -0.034013
110 6.428391 0.000002 -0.288943 -0.000001 -0.000000 -0.000000
111 -1.833771 -13.936464 1.224504 1.576412 -0.012680 -0.404779
112 20.406952 -0.000004 -0.000015 0.023426 0.000059 0.053542
113 21.655479 -0.000006 -0.000008 -0.005340 0.141058 -0.313663
114 22.360672 0.000004 -0.000015 0.078787 -0.046882 -0.439444
115 22.519669 0.000004 0.000000 -0.006770 0.057800 -0.071369
116 22.140392 0.000004 -0.000008 0.038154 0.053268 0.144883
117 -1.699203 -12.875614 4.918510 1.137411 -0.201573 -0.353495
118 20.938606 0.000010 0.000008 0.059437 -0.008996 0.043329
119 21.993614 -0.000009 -0.000046 -0.020802 0.355710 -0.267825
120 22.563797 -0.000006 0.000015 0.074581 -0.009069 -0.411417
121 22.643349 0.000023 -0.000023 -0.008472 -0.209110 -0.070155
122 22.238056 0.000023 -0.000019 0.004289 -0.033396 0.155729
123 -1.634354 -9.854568 8.052347 0.727304 -0.341631 -0.246528
124 22.205299 0.000000 -0.000023 0.067533 -0.019796 0.037656
125 22.804382 -0.000007 -0.000031 -0.000417 0.516988 -0.098497
126 23.051659 -0.000005 0.000027 0.074788 -0.010412 -0.368538
127 22.939987 0.000008 -0.000008 0.058470 -0.466688 -0.267658
128 22.472071 0.000008 -0.000015 -0.002165 -0.118240 0.124252
129 -1.616150 -5.333254 10.147441 0.323724 0.157709 0.054478
130 23.451309 -0.000004 0.000002 0.049947 -0.028029 0.039013
131 23.608040 -0.000009 -0.000010 0.017691 0.009459 0.080384
132 23.536232 -0.000010 -0.000011 -0.037441 -0.998329 0.087583
133 23.233978 -0.000000 0.000023 -0.018864 -0.900137 0.040456
134 22.703678 0.000013 0.000000 0.013855 -0.174761 0.058399
135 -1.614517 0.000000 10.883353 0.002683 -0.432585 0.046431
136 23.962128 -0.000001 -0.000031 0.019974 -0.031805 0.042475
137 23.938957 -0.000007 0.000015 0.081348 0.528784 0.341361
138 23.736031 -0.000027 -0.000002 0.074260 -0.162480 -0.245686
139 23.354980 -0.000004 -0.000019 0.338082 -0.675900 -0.791774
140 22.798927 0.000010 -0.000023 0.036451 -0.199941 -0.018770
141 -1.616135 5.333252 10.147425 -0.346355 -0.395853 0.196306
142 23.451309 -0.000010 0.000008 -0.010845 -0.036175 0.043870
143 23.608025 -0.000007 -0.000038 0.081892 0.440141 0.503609
144 23.536247 -0.000019 -0.000004 0.045236 -0.251589 -0.135281
145 23.233990 -0.000034 -0.000023 0.402378 -0.701264 -0.890488
146 22.703669 0.000013 -0.000008 0.057118 -0.194149 -0.093328
147 -1.634338 9.854565 8.052346 -0.713514 -0.302497 0.327364
148 22.205261 0.000000 0.000000 -0.031358 -0.041153 0.039363
149 22.804443 -0.000001 -0.000076 0.054617 0.316188 0.609259
150 23.051620 -0.000031 0.000000 0.000970 -0.300033 -0.024412
151 22.939972 -0.000031 -0.000015 0.357574 -0.665034 -0.846188
152 22.472061 -0.000015 -0.000008 0.067220 -0.155941 -0.174587
153 -1.699203 12.875607 4.918526 -1.115450 -0.154946 0.419595
154 20.938583 0.000017 0.000000 -0.028803 -0.044435 0.023037
155 21.993591 -0.000007 -0.000061 0.012935 0.168048 0.652746
156 22.563801 0.000000 0.000000 -0.036662 -0.314624 0.043577
157 22.643345 0.000000 -0.000031 0.243301 -0.542842 -0.738401
158 22.238018 -0.000015 0.000000 0.037526 -0.091813 -0.224164
159 -1.833786 13.936457 1.224504 -1.549404 0.036946 0.444905
160 20.406975 0.000008 -0.000038 0.001870 -0.039214 -0.003898
161 21.655502 0.000010 -0.000008 -0.027135 0.009162 0.626045
162 22.360653 -0.000008 -0.000015 -0.046818 -0.386098 0.054938
163 22.519661 0.000000 -0.000008 0.188394 -0.456637 -0.624950
164 22.140369 0.000000 0.000015 -0.031299 -0.015348 -0.211611
165 -1.972580 12.875607 -3.614556 -1.823984 0.151973 0.400892
166 20.655182 0.000008 -0.000015 0.015794 -0.031562 -0.012291
167 21.762253 0.000006 -0.000015 -0.049922 -0.075356 0.578972
168 22.392159 0.000015 -0.000015 -0.066978 -0.357837 0.019677
169 22.541344 0.000015 -0.000015 0.055175 -0.298366 -0.617934
170 22.217499 0.000004 0.000000 -0.088698 0.035276 -0.201303
171 -1.967316 9.854568 -7.722435 -2.159035 0.245494 0.294899
172 21.272697 0.000006 0.000000 0.028130 -0.015332 -0.016306
173 22.032501 0.000025 -0.000046 -0.067063 -0.177037 0.495355
174 22.475670 0.000000 0.000000 -0.058454 -0.383327 -0.043979
175 22.598709 0.000004 0.000008 0.001809 -0.200326 -0.599031
176 22.407967 0.000011 -0.000015 -0.101081 0.080051 -0.153895
177 -1.900833 5.333253 -10.470079 -2.598324 0.298125 0.150212
178 21.914337 0.000009 -0.000015 0.029172 0.000726 -0.012487
179 22.319847 -0.000008 0.000000 -0.065312 -0.284348 0.357064
180 22.569630 -0.000008 -0.000015 -0.021146 -0.388844 -0.147447
181 22.663212 0.000015 -0.000015 -0.031436 -0.072778 -0.579603
182 22.604504 0.000019 -0.000031 -0.081677 0.111446 -0.116755
183 -1.865570 -0.000003 -11.435444 -3.137145 0.301774 -0.005807
184 22.186676 -0.000003 0.000000 0.008146 0.015586 0.005195
185 22.443726 -0.000004 -0.000008 -0.028161 -0.351595 0.142773
186 22.611542 -0.000015 -0.000023 0.043288 -0.348267 -0.276341
187 22.692009 0.000007 0.000000 -0.032559 0.081966 -0.520911
188 22.687641 0.000019 -0.000015 -0.028091 0.135485 -0.076812
189 -1.900833 -5.333257 -10.470074 2.611659 0.265470 -0.153757
190 21.914352 0.000005 -0.000008 -0.011051 0.018457 0.028244
191 22.319832 -0.000025 0.000000 0.019159 -0.301362 -0.077042
192 22.569611 0.000004 -0.000038 0.092648 -0.258973 -0.378311
193 22.663223 -0.000008 0.000008 -0.015050 0.200892 -0.412612
194 22.604507 0.000027 0.000000 0.039344 0.142776 -0.006124
195 -1.967300 -9.854565 -7.722442 2.178970 0.202225 -0.287311
196 21.272705 -0.000019 0.000000 -0.008441 0.012608 0.046974
197 22.032471 -0.000000 -0.000023 0.031496 -0.161363 -0.215003
198 22.475677 -0.000010 -0.000023 0.100805 -0.159229 -0.430683
199 22.598705 0.000015 -0.000015 0.000871 0.235958 -0.277438
200 22.407986 0.000015 0.000000 0.077732 0.133188 0.054218
201 -1.972565 -12.875614 -3.614563 1.849197 0.105627 -0.377183
202 20.655174 0.000005 -0.000008 0.006376 0.006265 0.053319
203 21.762260 -0.000011 0.000000 0.018775 -0.010941 -0.281478
204 22.392166 -0.000004 -0.000031 0.091112 -0.090430 -0.444490
205 22.541348 0.000004 -0.000015 0.003516 0.183716 -0.158995
206 22.217514 0.000019 -0.000008 0.073320 0.102876 0.108177
207 0.059621 0.456168 0.250107 0.000000 -0.000000 0.000000
208 0.059621 0.456168 0.250107 0.000000 -0.000000 0.000000
time 27
  0 0.059621 0.456168 0.250107 0.000000 -0.000000 0.000000
  1 0.059621 0.456168 0.250107 0.000000 -0.000000 0.000000
  2 0.059621 0.456168 0.250107 0.000000 -0.000000 0.000000
  3 0.059621 0.456168 0.250107 0.000000 -0.000000 0.000000
  4 0.059621 0.456168 0.250107 0.000000 -0.000000 0.000000
  5 0.059621 0.456168 0.250107 0.000000 -0.000000 0.000000
  6 0.059621 0.456168 0.250107 0.000000 -0.000000 0.000000
  7 0.059621 0.456168 0.250107 0.000000 -0.000000 0.000000
  8 0.059621 0.456168 0.250107 0.000000 -0.000000 0.000000
  9 0.059621 0.456168 0.250107 0.000000 -0.000000 0.000000
 10 97.863693 -73.489838 158.636673 -1.374137 -0.014751 -2.320588
 11 24.668243 0.000015 -0.000046 0.965124 0.169668 -0.177639
 12 30.380135 -0.000031 -0.000015 1.572280 0.161984 -0.086642
 13 19.902081 0.000000 0.000004 0.124551 -0.099377 0.392303
 14 -85.955971 66.400772 183.648438 1.174401 -0.038559 2.372251
 15 35.349510 0.000000 0.000015 1.044612 -2.574748 -1.082832
 16 37.124344 -0.000015 -0.000031 -2.428397 -1.056048 0.196380
 17 0.059621 0.456168 0.250107 0.064768 -0.005215 -0.156772
 18 2.311766 -4.278372 104.400574 0.850273 1.505724 -0.542192
 19 -65.799538 -0.000020 1.142856 -0.000000 0.000515 3.141077
 20 11.181580 0.005760 -0.002410 -0.218475 -0.119489 -0.058419
 21 27.835159 0.000003 -0.000005 3.073547 -0.101105 0.028696
 22 5.330383 -0.000001 0.000004 -3.069864 -0.172159 -0.007764
 23 10.134888 -4.133392 3.834193 -0.681109 -1.173570 -2.498094
 24 10.134888 4.133400 3.834193 0.681129 -1.173564 2.498077
 25 22.592346 0.000012 17.467102 -0.000010 2.956431 0.000000
 26 21.199966 -7.744007 14.169506 -0.644457 -0.154503 -3.025319
 27 18.142014 -13.440226 7.965762 1.228366 -0.180197 3.082644
 28 21.199951 7.744026 14.169487 0.644460 -0.154503 3.025318
 29 18.141998 13.440241 7.965765 -0.316157 -0.180196 -3.082644
 30 11.858856 -13.360000 3.526505 1.542249 3.132957 0.174415
 31 9.463272 -16.404867 -2.906051 1.542282 3.132901 0.176490
 32 9.125259 -10.885475 -11.371330 0.000496 2.962373 0.000256
 33 11.858856 13.360009 3.526467 -1.542248 3.132957 -0.174414
 34 9.463272 16.404869 -2.906028 -1.542281 3.132900 -0.176490
 35 9.125275 10.885475 -11.371309 -0.000492 2.962373 0.000256
 36 9.023254 -0.000003 -17.296181 0.000180 -0.167048 -3.141356
 37 12.691406 -0.000003 -19.438770 -0.248399 3.105848 -0.424582
 38 10.989426 -0.000008 -0.000004 -0.005504 -0.163733 0.039176
 39 12.871460 -10.586842 -15.652478 0.883111 -3.113132 0.266621
 40 10.727020 0.000008 -0.000023 -0.049668 -0.172739 0.063601
 41 12.871460 10.586844 -15.652477 -0.992019 -2.798969 -0.763697
 42 10.726990 -0.000031 0.000015 0.037596 -0.178250 0.014915
 43 12.847214 -17.570086 -4.701346 1.238370 3.092680 0.762055
 44 11.496506 0.000004 -0.000015 -0.093102 -0.132006 0.093653
 45 12.847183 17.570086 -4.701365 -1.253954 -2.564842 -0.841246
 46 11.496475 -0.000015 0.000000 0.084246 -0.137908 -0.015749
 47 28.485947 0.000013 16.460342 -0.000001 -0.039729 0.000000
 48 23.052734 -6.207909 -0.077304 -1.470206 0.035100 -1.833545
 49 9.436909 -0.000006 -0.000015 0.019486 0.102200 0.089364
 50 31.269329 -0.000004 -0.000015 -0.006701 -0.563522 0.008666
 51 28.756500 0.000008 0.000015 -0.001117 0.032665 0.001416
 52 2.251991 -2.464409 -1.141647 0.481305 0.508197 -0.319329
 53 3.674034 -0.000015 0.000015 -0.277611 0.179024 0.194713
 54 3.614685 0.000008 0.000000 0.013156 0.193871 -0.001558
 55 9.035507 -2.494946 0.484558 -0.001362 0.302449 0.001673
 56 2.943577 0.000000 0.000000 0.010585 0.293657 -0.007800
 57 2.649429 -0.000004 0.000015 -0.006498 0.303243 0.008512
 58 9.093628 -0.386673 0.647705 0.020190 0.475380 -0.012607
 59 3.451893 0.000004 0.000000 -0.014209 0.528778 0.009212
 60 2.898186 0.000000 0.000031 -0.000683 0.490858 0.000916
 61 8.894585 1.605850 0.371902 -0.000566 0.547851 0.000704
 62 3.130409 0.000000 0.000015 0.003896 0.567158 -0.005064
 63 2.629547 0.000000 -0.000061 0.004892 0.544389 -0.006589
 64 8.470619 3.459530 0.131500 -0.021715 0.541478 0.011456
 65 2.410263 0.000000 -0.000046 0.022815 0.529939 -0.013321
 66 2.000778 0.000008 0.000000 -0.005415 0.533618 0.007402
 67 23.052750 6.207915 -0.077324 1.481747 0.035957 2.087743
 68 9.436905 0.000023 0.000000 0.550035 -0.166946 -0.543994
 69 31.269337 0.000000 -0.000015 0.601786 -0.574856 0.462455
 70 28.756500 -0.000008 0.000000 0.277945 -0.166108 -0.107471
 71 2.251892 2.464401 -1.141563 -0.513217 0.249535 0.112914
 72 3.674088 0.000000 -0.000031 0.331388 -0.059506 -0.325011
 73 3.614685 0.000000 0.000031 0.067360 -0.216133 -0.086857
 74 9.035416 2.494949 0.484425 0.001362 -0.011534 -0.001673
 75 2.943558 0.000000 -0.000031 -0.011497 -0.020268 0.014556
 76 2.649445 0.000015 0.000031 0.006498 -0.010740 -0.008512
 77 9.093689 0.386673 0.647781 -0.018031 0.093461 0.020165
 78 3.451874 0.000015 0.000000 0.014953 0.008589 -0.019838
 79 2.898209 -0.000015 -0.000011 0.000684 -0.029445 -0.000917
 80 8.894424 -1.605850 0.371914 0.000566 0.090541 -0.000704
 81 3.130432 -0.000015 -0.000038 -0.003896 -0.009289 0.005063
 82 2.629517 0.000000 0.000019 -0.004892 -0.032059 0.006589
 83 8.470596 -3.459534 0.131397 0.018786 0.137518 -0.020073
 84 2.410278 0.000000 -0.000015 -0.024238 -0.029075 0.031299
 85 2.000763 0.000000 0.000023 0.005415 -0.025697 -0.007402
 86 9.832352 1.463058 -1.299431 0.016523 -0.031798 -0.020624
 87 25.040588 -5.670403 5.432775 -1.312160 -0.224887 -2.136065
 88 28.779694 -6.856308 -0.811445 -1.466235 0.019064 -1.725377
 89 29.182312 -3.955564 -4.961984 0.881870 2.552753 0.503940
 90 25.040573 5.670411 5.432734 1.296833 -0.398765 2.185823
 91 28.779739 6.856314 -0.811425 1.466235 0.019065 1.725381
 92 29.182266 3.955567 -4.961962 -0.881870 2.552752 -0.503941
 93 -65.335655 -0.000019 1.140919 -3.141591 0.044911 0.000000
 94 26.290924 -12.205289 1.157883 -2.071447 -0.017454 0.065112
 95 49.071014 0.000005 0.000007 2.179705 0.127556 -0.112856
 96 61.871315 -0.000011 -0.000013 3.080256 0.672597 0.035641
 97 26.290909 12.205296 1.157845 2.044502 0.127786 -0.159169
 98 49.071060 0.000004 -0.000034 -2.187262 0.154733 0.063501
 99 61.871292 0.000022 -0.000023 -2.944714 0.642381 0.102744
100 -0.698059 -11.192117 -8.252763 1.217484 0.068090 -0.657184
101 20.568253 0.000004 -0.000008 0.025418 0.094752 -0.121104
102 0.223770 -5.734811 -12.929604 2.820922 0.811385 -0.589081
103 20.803562 -0.000008 -0.000031 0.066432 -0.052226 -0.037279
104 -1.040009 -3.033967 12.140510 1.566556 0.094614 -1.277062
105 -1.040009 3.034006 12.140500 -1.564714 0.104601 1.297643
106 4.165436 -5.407043 12.088391 0.605236 -0.358974 -0.061325
107 16.599457 -0.000008 -0.000031 -0.033858 -0.055446 0.064454
108 4.165482 5.407082 12.088382 -0.863499 -0.628110 0.651567
109 16.599380 0.000007 -0.000031 0.050353 -0.064456 -0.037992
110 6.428375 0.000001 -0.288943 -0.000001 -0.000000 0.000000
111 -1.833771 -13.936461 1.224504 1.569526 0.003407 -0.411010
112 20.406960 -0.000003 -0.000023 0.016753 -0.006482 0.037506
113 21.655495 -0.000005 -0.000015 0.006600 0.108516 -0.208519
114 22.360680 0.000000 -0.000031 0.082923 -0.061063 -0.448598
115 22.519669 0.000008 -0.000015 -0.012541 0.066276 -0.182520
116 22.140400 0.000011 -0.000015 0.033855 0.046509 0.131242
117 -1.699219 -12.875613 4.918509 1.131694 -0.186390 -0.363555
118 20.938622 0.000012 0.000008 0.052319 -0.010591 0.025508
119 21.993614 -0.000007 -0.000046 -0.000743 0.319969 -0.174521
120 22.563797 -0.000008 0.000008 0.070829 0.014292 -0.420202
121 22.643349 0.000023 -0.000023 -0.003416 -0.152142 -0.165108
122 22.238052 0.000023 -0.000015 -0.001570 -0.042399 0.142658
123 -1.634338 -9.854566 8.052345 0.724039 -0.328254 -0.259098
124 22.205307 0.000002 -0.000023 0.060459 -0.017670 0.020227
125 22.804390 -0.000003 -0.000038 0.019638 0.480065 -0.020953
126 23.051666 -0.000004 0.000027 0.061492 0.053805 -0.349344
127 22.939995 0.000004 -0.000006 0.056927 -0.379251 -0.318288
128 22.472073 0.000011 -0.000011 -0.007849 -0.127188 0.113956
129 -1.616135 -5.333253 10.147439 0.326245 0.136569 0.024317
130 23.451309 -0.000002 0.000001 0.043332 -0.022326 0.023269
131 23.608009 -0.000008 -0.000009 0.021580 0.161659 0.070758
132 23.536232 -0.000009 -0.000002 -0.080785 -0.890214 0.172954
133 23.233974 -0.000003 0.000019 -0.093456 -0.979334 0.169377
134 22.703672 0.000009 -0.000015 0.009656 -0.183669 0.051000
135 -1.614532 0.000000 10.883351 0.002202 -0.425268 0.031306
136 23.962128 -0.000000 -0.000031 0.014137 -0.024702 0.028949
137 23.938972 -0.000005 0.000008 0.087295 0.512034 0.378946
138 23.736023 -0.000023 -0.000002 0.043350 -0.045895 -0.133051
139 23.354980 -0.000011 -0.000013 0.283190 -0.614684 -0.718718
140 22.798933 0.000001 -0.000031 0.034127 -0.208282 -0.024036
141 -1.616135 5.333251 10.147424 -0.346573 -0.391761 0.181782
142 23.451324 -0.000008 0.000000 -0.015663 -0.028158 0.033123
143 23.608025 -0.000006 -0.000038 0.087283 0.440719 0.528757
144 23.536247 -0.000023 0.000000 0.010870 -0.124980 0.004476
145 23.233982 -0.000042 -0.000015 0.320140 -0.659981 -0.745919
146 22.703678 0.000004 -0.000008 0.056378 -0.201442 -0.096367
147 -1.634338 9.854563 8.052346 -0.713787 -0.301418 0.314410
148 22.205261 0.000001 0.000000 -0.034955 -0.032879 0.032346
149 22.804451 0.000002 -0.000076 0.063266 0.332990 0.628346
150 23.051628 -0.000038 0.000000 -0.029822 -0.180029 0.118582
151 22.939972 -0.000038 -0.000011 0.257607 -0.621352 -0.640916
152 22.472065 -0.000015 -0.000031 0.066948 -0.161986 -0.175455
153 -1.699203 12.875607 4.918526 -1.115956 -0.154540 0.409546
154 20.938576 0.000015 0.000000 -0.031147 -0.037119 0.020491
155 21.993591 -0.000010 -0.000069 0.024606 0.196211 0.668836
156 22.563805 -0.000023 -0.000004 -0.063922 -0.217460 0.179089
157 22.643353 -0.000015 -0.000038 0.160973 -0.494024 -0.522288
158 22.238026 -0.000031 -0.000023 0.037247 -0.096778 -0.223928
159 -1.833771 13.936457 1.224505 -1.550653 0.037261 0.439604
160 20.406967 0.000004 -0.000046 0.000999 -0.034433 -0.003591
161 21.655495 0.000006 -0.000008 -0.012564 0.049414 0.648146
162 22.360645 -0.000008 -0.000015 -0.082137 -0.313295 0.184645
163 22.519661 0.000008 -0.000015 0.126523 -0.417566 -0.433391
164 22.140373 -0.000008 0.000008 -0.032742 -0.019630 -0.210696
165 -1.972580 12.875608 -3.614555 -1.824783 0.152560 0.398602
166 20.655174 0.000004 -0.000015 0.015226 -0.028955 -0.011455
167 21.762253 0.000003 -0.000023 -0.034912 -0.027655 0.611064
168 22.392159 0.000000 -0.000015 -0.099541 -0.303542 0.150220
169 22.541336 0.000004 -0.000015 0.025755 -0.297206 -0.452827
170 22.217499 0.000008 0.000000 -0.092092 0.029990 -0.200204
171 -1.967316 9.854566 -7.722433 -2.159543 0.246811 0.294694
172 21.272720 0.000002 -0.000008 0.027205 -0.015391 -0.015316
173 22.032516 0.000021 -0.000046 -0.055573 -0.125769 0.542015
174 22.475662 0.000000 -0.000015 -0.095568 -0.350922 0.087185
175 22.598709 -0.000004 -0.000008 -0.008750 -0.230263 -0.467898
176 22.407970 0.000004 -0.000023 -0.106294 0.074302 -0.152977
177 -1.900833 5.333251 -10.470078 -2.598871 0.301413 0.151301
178 21.914337 0.000007 -0.000031 0.027693 -0.003693 -0.011919
179 22.319832 -0.000008 0.000000 -0.063137 -0.237901 0.423120
180 22.569626 -0.000015 -0.000015 -0.058539 -0.387723 -0.022149
181 22.663200 0.000004 -0.000023 -0.024019 -0.133657 -0.491376
182 22.604504 0.000008 -0.000046 -0.086908 0.106305 -0.116537
183 -1.865585 -0.000004 -11.435441 -3.138228 0.310523 -0.003675
184 22.186691 -0.000004 -0.000008 0.005808 0.006672 0.003287
185 22.443710 -0.000003 -0.000008 -0.038267 -0.318627 0.232555
186 22.611534 -0.000013 -0.000015 0.017679 -0.383192 -0.175750
187 22.692013 -0.000002 0.000000 -0.014373 -0.003657 -0.486782
188 22.687641 0.000013 -0.000015 -0.031669 0.130482 -0.079160
189 -1.900848 -5.333258 -10.470073 2.608657 0.280186 -0.153671
190 21.914337 0.000007 -0.000015 -0.014828 0.007283 0.020734
191 22.319817 -0.000023 0.000000 0.004829 -0.290713 0.031253
192 22.569622 0.000002 -0.000046 0.085615 -0.313250 -0.316927
193 22.663231 -0.000013 0.000000 -0.002494 0.113176 -0.438641
194 22.604504 0.000029 -0.000015 0.037333 0.137650 -0.012759
195 -1.967285 -9.854568 -7.722443 2.173847 0.219057 -0.288632
196 21.272705 -0.000018 -0.000008 -0.013445 0.001868 0.035600
197 22.032471 0.000002 -0.000023 0.024719 -0.176646 -0.099812
198 22.475693 -0.000011 -0.000038 0.104797 -0.209453 -0.403515
199 22.598709 0.000011 -0.000031 -0.000903 0.173044 -0.355543
200 22.407982 0.000015 -0.000008 0.076663 0.127700 0.044348
201 -1.972580 -12.875609 -3.614563 1.842699 0.122438 -0.381129
202 20.655167 0.000008 -0.000023 0.000385 -0.002679 0.039240
203 21.762268 -0.000009 -0.000015 0.022068 -0.039177 -0.169974
204 22.392166 -0.000003 -0.000031 0.097424 -0.125526 -0.439519
205 22.541344 0.000008 -0.000023 -0.005255 0.155569 -0.263407
206 22.217506 0.000023 -0.000008 0.071142 0.096890 0.095819
207 0.059621 0.456168 0.250107 0.000000 -0.000000 0.000000
208 0.059621 0.456168 0.250107 0.000000 -0.000000 0.000000
time 28
  0 0.059621 0.456168 0.250107 0.000000 -0.000000 0.000000
  1 0.059621 0.456168 0.250107 0.000000 -0.000000 0.000000
  2 0.059621 0.456168 0.250107 0.000000 -0.000000 0.000000
  3 0.059621 0.456168 0.250107 0.000000 -0.000000 0.000000
  4 0.059621 0.456168 0.250107 0.000000 -0.000000 0.000000
  5 0.059621 0.456168 0.250107 0.000000 -0.000000 0.000000
  6 0.059621 0.456168 0.250107 0.000000 -0.000000 0.000000
  7 0.059621 0.456168 0.250107 0.000000 -0.000000 0.000000
  8 0.059621 0.456168 0.250107 0.000000 -0.000000 0.000000
  9 0.059621 0.456168 0.250107 0.000000 -0.000000 0.000000
 10 110.015259 -35.381851 156.374634 -1.374137 -0.014751 2.769304
 11 24.668243 0.000015 -0.000044 0.691979 -1.256093 0.184436
 12 30.380157 0.000004 0.000015 1.635848 -0.034376 0.279627
 13 19.902103 0.000000 0.000000 0.143068 -0.203194 0.513962
 14 -102.929863 55.650459 182.036942 1.149698 -0.053010 2.089813
 15 35.349510 0.000015 0.000011 -2.054378 -0.893245 1.549434
 16 37.124344 -0.000015 -0.000023 -2.552142 -1.111750 0.268362
 17 0.059621 0.456168 0.250107 0.064768 -0.005215 -0.156772
 18 1.127304 -1.754185 104.400574 0.831801 1.525588 -0.628054
 19 -65.799545 -0.000021 1.142856 -0.000000 0.000515 3.141077
 20 11.181580 0.005760 -0.002411 -0.269753 -0.128420 -0.037382
 21 27.835175 0.000003 -0.000005 3.109670 -0.116389 0.018416
 22 5.330383 -0.000001 0.000000 -3.069864 -0.172159 -0.007764
 23 10.134888 -4.133392 3.834193 -0.681518 -1.173763 -2.497653
 24 10.134888 4.133400 3.834196 0.681538 -1.173757 2.497637
 25 22.592346 0.000014 17.467104 -0.000010 2.956431 0.000000
 26 21.199982 -7.744006 14.169508 -0.644457 -0.154503 -3.025319
 27 18.142014 -13.440228 7.965762 1.228366 -0.180197 3.082644
 28 21.199966 7.744027 14.169490 0.644460 -0.154503 3.025318
 29 18.141998 13.440241 7.965768 -0.316157 -0.180196 -3.082644
 30 11.858856 -13.360001 3.526505 1.542249 3.132957 0.174415
 31 9.463272 -16.404869 -2.906053 1.542282 3.132901 0.176490
 32 9.125244 -10.885477 -11.371334 0.000496 2.962373 0.000256
 33 11.858841 13.360008 3.526469 -1.542248 3.132957 -0.174414
 34 9.463242 16.404869 -2.906026 -1.542281 3.132900 -0.176490
 35 9.125290 10.885473 -11.371310 -0.000492 2.962373 0.000256
 36 9.023239 -0.000005 -17.296181 0.000180 -0.167048 -3.141356
 37 12.691422 -0.000005 -19.438774 -0.275814 2.997246 -0.443583
 38 10.989410 0.000008 -0.000008 -0.002572 -0.165560 0.018305
 39 12.871475 -10.586843 -15.652482 0.849748 3.028811 0.268775
 40 10.727020 0.000006 -0.000023 -0.047046 -0.175457 0.042826
 41 12.871460 10.586842 -15.652478 -0.996182 -2.877255 -0.780136
 42 10.726974 -0.000023 0.000000 0.041406 -0.178032 -0.006141
 43 12.847229 -17.570089 -4.701350 1.228546 2.932426 0.783564
 44 11.496490 0.000006 -0.000031 -0.091694 -0.135079 0.073058
 45 12.847183 17.570084 -4.701363 -1.249914 -2.622147 -0.855345
 46 11.496468 0.000000 -0.000015 0.087559 -0.137836 -0.036659
 47 28.485962 0.000015 16.460342 -0.000001 -0.039729 0.000000
 48 23.052750 -6.207909 -0.077306 -1.470206 0.035100 -1.833545
 49 9.436901 0.000000 -0.000015 0.014603 0.103498 0.043784
 50 31.269329 0.000000 -0.000015 -0.006701 -0.563522 0.008666
 51 28.756493 0.000008 0.000000 -0.001117 0.032665 0.001416
 52 2.251984 -2.464409 -1.141647 0.481305 0.508197 -0.319329
 53 3.674049 -0.000031 0.000000 -0.277611 0.179024 0.194713
 54 3.614700 0.000008 0.000000 0.013156 0.193871 -0.001558
 55 9.035500 -2.494946 0.484573 -0.001362 0.302449 0.001673
 56 2.943588 -0.000004 -0.000015 0.010585 0.293657 -0.007800
 57 2.649429 0.000004 0.000000 -0.006498 0.303243 0.008512
 58 9.093605 -0.386669 0.647720 0.020190 0.475380 -0.012607
 59 3.451893 0.000000 0.000000 -0.014209 0.528778 0.009212
 60 2.898178 -0.000004 0.000031 -0.000683 0.490858 0.000916
 61 8.894577 1.605850 0.371902 -0.000566 0.547851 0.000704
 62 3.130409 0.000000 0.000031 0.003896 0.567158 -0.005064
 63 2.629524 0.000000 -0.000046 0.004892 0.544388 -0.006589
 64 8.470604 3.459526 0.131500 -0.021715 0.541478 0.011456
 65 2.410263 0.000000 -0.000061 0.022815 0.529939 -0.013321
 66 2.000778 0.000004 0.000031 -0.005415 0.533618 0.007402
 67 23.052750 6.207914 -0.077324 1.481787 0.048000 2.085527
 68 9.436897 0.000023 0.000000 0.559201 -0.123251 -0.560207
 69 31.269342 0.000008 -0.000031 0.640069 -0.586359 0.427414
 70 28.756508 -0.000008 -0.000008 0.278429 -0.173994 -0.109704
 71 2.251892 2.464401 -1.141560 -0.513217 0.249535 0.112914
 72 3.674103 0.000008 -0.000031 0.331388 -0.059506 -0.325011
 73 3.614670 0.000015 0.000023 0.067360 -0.216133 -0.086857
 74 9.035416 2.494965 0.484428 0.001362 -0.011534 -0.001673
 75 2.943573 0.000000 -0.000023 -0.011498 -0.020268 0.014556
 76 2.649445 0.000000 0.000019 0.006498 -0.010740 -0.008512
 77 9.093689 0.386688 0.647785 -0.018031 0.093461 0.020165
 78 3.451874 0.000015 0.000004 0.014953 0.008589 -0.019838
 79 2.898193 -0.000015 -0.000023 0.000684 -0.029445 -0.000917
 80 8.894424 -1.605835 0.371918 0.000566 0.090541 -0.000704
 81 3.130432 0.000000 -0.000038 -0.003896 -0.009289 0.005063
 82 2.629517 0.000000 0.000023 -0.004892 -0.032059 0.006589
 83 8.470612 -3.459503 0.131401 0.018786 0.137518 -0.020073
 84 2.410278 0.000000 -0.000008 -0.024238 -0.029075 0.031299
 85 2.000748 0.000015 0.000015 0.005415 -0.025697 -0.007402
 86 9.832352 1.463074 -1.299431 0.016523 -0.031798 -0.020624
 87 25.040573 -5.670403 5.432775 -1.312160 -0.224887 -2.136065
 88 28.779694 -6.856309 -0.811447 -1.466235 0.019064 -1.725377
 89 29.182312 -3.955564 -4.961987 0.881870 2.552753 0.503940
 90 25.040573 5.670413 5.432734 1.296833 -0.398765 2.185823
 91 28.779739 6.856315 -0.811424 1.466235 0.019065 1.725381
 92 29.182281 3.955568 -4.961964 -0.881870 2.552752 -0.503941
 93 -65.335648 -0.000021 1.140918 -3.141591 0.044911 0.000000
 94 26.290924 -12.205294 1.157885 -2.071447 -0.017454 0.065112
 95 49.071030 0.000005 0.000008 2.179705 0.127556 -0.112856
 96 61.871304 -0.000013 -0.000008 3.080256 0.672597 0.035641
 97 26.290924 12.205297 1.157843 2.044502 0.127786 -0.159169
 98 49.071060 0.000004 -0.000034 -2.187262 0.154733 0.063501
 99 61.871292 0.000022 -0.000021 -2.944714 0.642381 0.102745
100 -0.698044 -11.192118 -8.252764 1.223860 -0.007736 -0.695386
101 20.568245 0.000004 -0.000008 0.017605 0.089849 -0.134917
102 0.223801 -5.734809 -12.929606 2.797678 0.764378 -0.633801
103 20.803574 -0.000008 -0.000031 0.066408 -0.058089 -0.036964
104 -1.040009 -3.033968 12.140512 1.560292 0.099670 -1.283111
105 -1.039993 3.034004 12.140502 -1.559454 0.104603 1.293054
106 4.165451 -5.407047 12.088393 0.604583 -0.419745 -0.076354
107 16.599442 -0.000008 -0.000023 -0.041198 -0.053512 0.054615
108 4.165482 5.407081 12.088383 -0.857761 -0.627091 0.638212
109 16.599365 0.000006 -0.000031 0.049056 -0.055314 -0.041463
110 6.428391 0.000001 -0.288943 -0.000001 0.000000 0.000000
111 -1.833755 -13.936463 1.224505 1.563083 0.018763 -0.416175
112 20.406952 -0.000001 -0.000023 0.010472 -0.011891 0.022195
113 21.655495 -0.000002 -0.000008 0.014999 0.076261 -0.099253
114 22.360664 -0.000000 -0.000023 0.085897 -0.077921 -0.444800
115 22.519661 0.000000 -0.000015 -0.017756 0.065973 -0.285235
116 22.140388 -0.000004 -0.000015 0.029719 0.040938 0.118117
117 -1.699203 -12.875613 4.918510 1.126248 -0.171545 -0.372330
118 20.938599 0.000013 0.000000 0.045636 -0.011850 0.008501
119 21.993614 -0.000006 -0.000053 0.016750 0.273065 -0.077312
120 22.563797 -0.000013 0.000011 0.066438 0.034399 -0.419213
121 22.643356 0.000019 -0.000027 -0.003873 -0.096729 -0.257990
122 22.238056 0.000023 -0.000023 -0.007083 -0.050216 0.130046
123 -1.634338 -9.854569 8.052347 0.720911 -0.314829 -0.270062
124 22.205299 0.000002 -0.000031 0.053844 -0.014756 0.003623
125 22.804398 -0.000004 -0.000038 0.035338 0.421545 0.052527
126 23.051674 -0.000005 0.000019 0.049626 0.112651 -0.325305
127 22.939995 0.000008 0.000000 0.046903 -0.277416 -0.363107
128 22.472076 0.000015 -0.000008 -0.013147 -0.134994 0.104036
129 -1.616150 -5.333254 10.147441 0.326311 0.089038 0.000755
130 23.451324 -0.000001 0.000000 0.037184 -0.015929 0.008323
131 23.608017 -0.000007 -0.000010 0.019972 0.298344 0.032372
132 23.536232 -0.000007 -0.000004 -0.079062 -0.740525 0.198270
133 23.233986 -0.000006 0.000019 -0.187335 -1.022911 0.319107
134 22.703678 0.000006 -0.000008 0.005760 -0.191441 0.043942
135 -1.614532 -0.000001 10.883352 0.001711 -0.417494 0.017410
136 23.962128 -0.000000 -0.000023 0.008759 -0.017080 0.016393
137 23.938965 -0.000004 0.000015 0.081537 0.469945 0.392424
138 23.736023 -0.000023 -0.000002 0.027004 0.059358 -0.038262
139 23.354980 -0.000015 -0.000008 0.205655 -0.504926 -0.608099
140 22.798939 0.000001 -0.000023 0.031979 -0.215558 -0.028629
141 -1.616119 5.333251 10.147424 -0.346746 -0.387147 0.167756
142 23.451309 -0.000009 0.000000 -0.020043 -0.019728 0.023520
143 23.608025 -0.000005 -0.000038 0.079442 0.417009 0.524667
144 23.536240 -0.000015 -0.000004 -0.003214 -0.013381 0.112731
145 23.233971 -0.000031 -0.000011 0.214282 -0.554054 -0.560852
146 22.703674 -0.000004 0.000000 0.055678 -0.207805 -0.099017
147 -1.634338 9.854565 8.052345 -0.713960 -0.299850 0.301592
148 22.205269 -0.000001 0.000000 -0.038118 -0.024235 0.026226
149 22.804443 -0.000001 -0.000076 0.059399 0.327939 0.615992
150 23.051628 -0.000031 0.000008 -0.040419 -0.077447 0.224734
151 22.939980 -0.000023 -0.000008 0.154926 -0.509170 -0.422291
152 22.472073 -0.000023 -0.000031 0.066572 -0.167260 -0.176211
153 -1.699219 12.875607 4.918524 -1.116238 -0.153634 0.399260
154 20.938599 0.000017 0.000000 -0.032938 -0.029417 0.018271
155 21.993591 -0.000006 -0.000061 0.026933 0.206782 0.654364
156 22.563797 -0.000008 -0.000008 -0.074647 -0.135684 0.279837
157 22.643353 -0.000015 -0.000038 0.089740 -0.394912 -0.315464
158 22.238026 -0.000023 -0.000031 0.036945 -0.101109 -0.223358
159 -1.833771 13.936460 1.224503 -1.551608 0.037850 0.433840
160 20.406960 0.000005 -0.000031 0.000421 -0.029164 -0.003022
161 21.655495 0.000009 -0.000008 -0.003321 0.076103 0.640551
162 22.360649 -0.000004 -0.000015 -0.102202 -0.251244 0.283137
163 22.519665 0.000000 -0.000008 0.075049 -0.345488 -0.255022
164 22.140373 0.000000 0.000008 -0.033905 -0.023365 -0.209633
165 -1.972580 12.875611 -3.614557 -1.825511 0.153173 0.395759
166 20.655159 0.000007 -0.000008 0.014879 -0.025741 -0.010481
167 21.762253 0.000004 -0.000023 -0.022619 0.008732 0.613596
168 22.392155 0.000004 -0.000015 -0.119474 -0.253085 0.253175
169 22.541340 0.000008 -0.000015 -0.005085 -0.266018 -0.289454
170 22.217495 0.000000 0.000000 -0.094907 0.025378 -0.199045
171 -1.967316 9.854567 -7.722436 -2.160036 0.247593 0.294042
172 21.272720 0.000004 -0.000008 0.026535 -0.015425 -0.014230
173 22.032516 0.000025 -0.000053 -0.042715 -0.080780 0.559165
174 22.475662 0.000000 0.000000 -0.122339 -0.316152 0.195673
175 22.598717 -0.000004 -0.000008 -0.027109 -0.233469 -0.329030
176 22.407974 0.000008 -0.000015 -0.110841 0.069287 -0.151974
177 -1.900848 5.333253 -10.470079 -2.599394 0.303728 0.152251
178 21.914337 0.000006 -0.000023 0.026373 -0.007345 -0.011165
179 22.319839 -0.000010 0.000000 -0.055427 -0.190964 0.460522
180 22.569618 -0.000015 -0.000015 -0.090990 -0.378697 0.088911
181 22.663200 0.000000 -0.000023 -0.026877 -0.172573 -0.387552
182 22.604496 0.000000 -0.000038 -0.091471 0.102057 -0.116096
183 -1.865570 -0.000001 -11.435442 -3.139130 0.317786 -0.001815
184 22.186691 -0.000004 -0.000008 0.003633 -0.000738 0.001623
185 22.443726 -0.000003 -0.000008 -0.041252 -0.277952 0.297752
186 22.611526 -0.000015 -0.000023 -0.010700 -0.406770 -0.076894
187 22.692001 -0.000008 0.000000 -0.002818 -0.073474 -0.432294
188 22.687645 0.000006 -0.000008 -0.035090 0.126444 -0.081207
189 -1.900833 -5.333257 -10.470072 2.606032 0.293023 -0.153551
190 21.914322 0.000007 -0.000008 -0.018377 -0.002021 0.014183
191 22.319824 -0.000022 -0.000008 -0.005793 -0.268527 0.122990
192 22.569618 -0.000006 -0.000038 0.072166 -0.358199 -0.246615
193 22.663223 -0.000018 0.000000 0.011498 0.033637 -0.441496
194 22.604511 0.000017 -0.000015 0.035275 0.133572 -0.018546
195 -1.967300 -9.854567 -7.722442 2.169223 0.233741 -0.289372
196 21.272705 -0.000019 0.000000 -0.018157 -0.007069 0.024864
197 22.032486 0.000003 -0.000023 0.016635 -0.181150 0.007456
198 22.475685 -0.000009 -0.000031 0.103704 -0.256482 -0.361526
199 22.598698 0.000003 -0.000015 0.004067 0.109699 -0.410696
200 22.407984 0.000006 -0.000015 0.075474 0.123322 0.034979
201 -1.972580 -12.875611 -3.614562 1.836711 0.137628 -0.384175
202 20.655159 0.000008 -0.000015 -0.005258 -0.010104 0.025815
203 21.762283 -0.000008 0.000000 0.021773 -0.060758 -0.059502
204 22.392174 -0.000006 -0.000023 0.101087 -0.161531 -0.419585
205 22.541344 0.000004 -0.000015 -0.008677 0.120556 -0.351015
206 22.217503 0.000019 -0.000008 0.068933 0.092047 0.083986
207 0.059621 0.456168 0.250107 0.000000 -0.000000 0.000000
208 0.059621 0.456168 0.250107 0.000000 -0.000000 0.000000
time 29
  0 0.059621 0.456168 0.250107 0.000000 -0.000000 0.000000
  1 0.059621 0.456168 0.250107 0.000000 -0.000000 0.000000
  2 0.059621 0.456168 0.250107 0.000000 -0.000000 0.000000
  3 0.059621 0.456168 0.250107 0.000000 -0.000000 0.000000
  4 0.059621 0.456168 0.250107 0.000000 -0.000000 0.000000
  5 0.059621 0.456168 0.250107 0.000000 -0.000000 0.000000
  6 0.059621 0.456168 0.250107 0.000000 -0.000000 0.000000
  7 0.059621 0.456168 0.250107 0.000000 -0.000000 0.000000
  8 0.059621 0.456168 0.250107 0.000000 -0.000000 0.000000
  9 0.059621 0.456168 0.250107 0.000000 -0.000000 0.000000
 10 117.808678 14.754848 154.678391 -1.374137 -0.014751 0.430559
 11 24.668243 0.000015 -0.000040 -0.656924 0.711760 -2.544359
 12 30.380154 0.000000 -0.000008 1.496824 0.106795 -0.446555
 13 19.902092 -0.000015 0.000000 0.156164 -0.276625 0.600013
 14 -114.362511 45.791328 179.588913 1.133713 -0.062362 1.817450
 15 35.349518 0.000015 0.000008 -1.652284 -0.771951 0.906631
 16 37.124329 -0.000031 -0.000008 -2.632212 -1.147792 0.333248
 17 0.059621 0.456168 0.250107 0.064768 -0.005215 -0.156772
 18 0.343225 -0.122949 104.400574 0.810248 1.547297 -0.709952
 19 -65.799538 -0.000020 1.142856 -0.000000 0.000515 3.141077
 20 11.181580 0.005760 -0.002411 -0.303144 -0.134235 -0.017575
 21 27.835190 0.000002 -0.000006 3.133192 -0.126342 0.008769
 22 5.330383 -0.000001 0.000004 -3.069864 -0.172159 -0.007764
 23 10.134888 -4.133391 3.834191 -0.681777 -1.173885 -2.497375
 24 10.134888 4.133400 3.834194 0.681798 -1.173880 2.497357
 25 22.592346 0.000014 17.467096 -0.000010 2.956431 0.000000
 26 21.199966 -7.744004 14.169502 -0.644457 -0.154503 -3.025319
 27 18.141998 -13.440225 7.965759 1.228366 -0.180197 3.082644
 28 21.199951 7.744028 14.169487 0.644460 -0.154503 3.025318
 29 18.141983 13.440241 7.965765 -0.316157 -0.180196 -3.082644
 30 11.858856 -13.359999 3.526502 1.542249 3.132957 0.174415
 31 9.463272 -16.404867 -2.906054 1.542282 3.132901 0.176490
 32 9.125244 -10.885478 -11.371334 0.000496 2.962373 0.000256
 33 11.858856 13.360008 3.526469 -1.542248 3.132957 -0.174414
 34 9.463257 16.404867 -2.906026 -1.542281 3.132900 -0.176490
 35 9.125275 10.885470 -11.371307 -0.000492 2.962373 0.000256
 36 9.023239 -0.000006 -17.296179 0.000180 -0.167048 -3.141356
 37 12.691422 -0.000007 -19.438772 -0.325673 2.846354 -0.485964
 38 10.989410 -0.000008 -0.000015 -0.000674 -0.166743 0.004799
 39 12.871475 -10.586845 -15.652479 0.793503 2.848897 0.238334
 40 10.727005 0.000002 -0.000023 -0.045350 -0.177216 0.029384
 41 12.871460 10.586840 -15.652475 -1.008137 -3.011076 -0.815229
 42 10.726974 -0.000015 0.000015 0.043871 -0.177892 -0.019765
 43 12.847214 -17.570084 -4.701351 1.206424 2.748834 0.771950
 44 11.496498 0.000006 -0.000015 -0.090783 -0.137067 0.059733
 45 12.847198 17.570084 -4.701362 -1.245032 -2.742574 -0.889655
 46 11.496460 0.000000 -0.000015 0.089699 -0.137790 -0.050189
 47 28.485947 0.000016 16.460339 -0.000001 -0.039729 0.000000
 48 23.052765 -6.207910 -0.077307 -1.470206 0.035100 -1.833545
 49 9.436909 -0.000011 -0.000015 0.011423 0.104343 0.014103
 50 31.269325 0.000000 0.000000 -0.006701 -0.563522 0.008666
 51 28.756508 0.000011 0.000000 -0.001117 0.032665 0.001416
 52 2.251991 -2.464409 -1.141647 0.481305 0.508197 -0.319329
 53 3.674034 -0.000031 0.000015 -0.277611 0.179024 0.194713
 54 3.614708 0.000008 0.000015 0.013156 0.193871 -0.001558
 55 9.035507 -2.494946 0.484558 -0.001362 0.302449 0.001673
 56 2.943584 -0.000004 -0.000031 0.010585 0.293657 -0.007800
 57 2.649437 0.000000 0.000015 -0.006498 0.303243 0.008512
 58 9.093613 -0.386673 0.647705 0.020190 0.475380 -0.012607
 59 3.451881 0.000000 0.000000 -0.014209 0.528778 0.009212
 60 2.898186 0.000000 0.000031 -0.000683 0.490858 0.000916
 61 8.894577 1.605854 0.371902 -0.000566 0.547851 0.000704
 62 3.130402 0.000008 0.000031 0.003896 0.567158 -0.005064
 63 2.629524 0.000000 -0.000046 0.004892 0.544388 -0.006589
 64 8.470612 3.459526 0.131500 -0.021715 0.541478 0.011456
 65 2.410263 0.000000 -0.000031 0.022815 0.529939 -0.013321
 66 2.000801 0.000000 0.000015 -0.005415 0.533618 0.007402
 67 23.052750 6.207913 -0.077322 1.481813 0.055843 2.083021
 68 9.436897 0.000027 0.000000 0.562889 -0.082199 -0.566791
 69 31.269335 0.000011 -0.000031 0.664998 -0.593696 0.394464
 70 28.756516 0.000008 -0.000008 0.278985 -0.184814 -0.112802
 71 2.251892 2.464401 -1.141567 -0.513217 0.249535 0.112914
 72 3.674088 0.000015 -0.000015 0.331388 -0.059506 -0.325011
 73 3.614685 0.000000 0.000023 0.067360 -0.216133 -0.086857
 74 9.035416 2.494949 0.484425 0.001362 -0.011534 -0.001673
 75 2.943558 0.000000 -0.000031 -0.011498 -0.020268 0.014556
 76 2.649445 -0.000015 0.000019 0.006498 -0.010740 -0.008512
 77 9.093689 0.386673 0.647778 -0.018031 0.093461 0.020165
 78 3.451843 0.000000 0.000004 0.014953 0.008589 -0.019838
 79 2.898193 0.000000 -0.000019 0.000683 -0.029445 -0.000917
 80 8.894409 -1.605850 0.371914 0.000566 0.090541 -0.000704
 81 3.130432 0.000015 -0.000038 -0.003896 -0.009289 0.005063
 82 2.629517 -0.000015 0.000019 -0.004892 -0.032059 0.006589
 83 8.470612 -3.459518 0.131397 0.018786 0.137518 -0.020073
 84 2.410263 0.000000 -0.000008 -0.024238 -0.029075 0.031299
 85 2.000748 -0.000015 0.000019 0.005415 -0.025697 -0.007402
 86 9.832352 1.463074 -1.299435 0.016523 -0.031798 -0.020624
 87 25.040588 -5.670403 5.432774 -1.312160 -0.224887 -2.136065
 88 28.779709 -6.856309 -0.811447 -1.466235 0.019064 -1.725377
 89 29.182312 -3.955565 -4.961983 0.881869 2.552753 0.503940
 90 25.040573 5.670412 5.432734 1.296833 -0.398765 2.185823
 91 28.779739 6.856314 -0.811426 1.466235 0.019065 1.725381
 92 29.182297 3.955566 -4.961964 -0.881870 2.552752 -0.503941
 93 -65.335655 -0.000020 1.140918 -3.141591 0.044911 0.000000
 94 26.290924 -12.205292 1.157883 -2.071447 -0.017454 0.065112
 95 49.071037 0.000009 0.000010 2.179705 0.127556 -0.112856
 96 61.871300 -0.000014 -0.000011 3.080256 0.672597 0.035641
 97 26.290939 12.205296 1.157841 2.044502 0.127786 -0.159169
 98 49.071053 0.000002 -0.000031 -2.187262 0.154733 0.063501
 99 61.871288 0.000022 -0.000028 -2.944713 0.642381 0.102745
100 -0.698059 -11.192118 -8.252764 1.228841 -0.107165 -0.716773
101 20.568237 -0.000004 0.000000 0.012267 0.086524 -0.144687
102 0.223785 -5.734809 -12.929604 2.791115 0.708221 -0.654603
103 20.803574 -0.000015 -0.000038 0.066395 -0.062075 -0.036797
104 -1.039993 -3.033968 12.140510 1.556067 0.103245 -1.287238
105 -1.039993 3.034004 12.140502 -1.555853 0.104604 1.289922
106 4.165436 -5.407046 12.088393 0.590429 -0.520801 -0.082066
107 16.599457 -0.000008 -0.000015 -0.046131 -0.052179 0.047656
108 4.165482 5.407081 12.088382 -0.853702 -0.626681 0.628767
109 16.599380 0.000011 -0.000015 0.048270 -0.048979 -0.043919
110 6.428406 0.000001 -0.288944 -0.000001 0.000000 0.000000
111 -1.833786 -13.936465 1.224505 1.557314 0.031816 -0.419697
112 20.406944 -0.000003 -0.000015 0.004811 -0.015573 0.009171
113 21.655487 -0.000004 -0.000015 0.019589 0.048668 0.008142
114 22.360664 -0.000004 -0.000023 0.087726 -0.098671 -0.428625
115 22.519661 0.000000 -0.000015 -0.021314 0.058585 -0.378401
116 22.140394 0.000004 -0.000015 0.025736 0.037155 0.106803
117 -1.699219 -12.875615 4.918510 1.121127 -0.158392 -0.378537
118 20.938614 0.000012 0.000000 0.039615 -0.012676 -0.005950
119 21.993614 -0.000009 -0.000046 0.029374 0.219572 0.019289
120 22.563797 -0.000017 0.000004 0.062084 0.049267 -0.407787
121 22.643349 0.000013 -0.000023 -0.009600 -0.042436 -0.347689
122 22.238050 0.000027 -0.000023 -0.012204 -0.055728 0.119123
123 -1.634338 -9.854569 8.052347 0.717671 -0.302420 -0.277818
124 22.205292 0.000001 -0.000023 0.047901 -0.010938 -0.010442
125 22.804390 -0.000004 -0.000038 0.044602 0.345487 0.120117
126 23.051674 -0.000007 0.000019 0.040029 0.162416 -0.296515
127 22.939987 0.000003 -0.000004 0.028967 -0.163059 -0.404234
128 22.472076 0.000015 0.000000 -0.018064 -0.140515 0.095461
129 -1.616165 -5.333255 10.147440 0.323204 0.015235 -0.010345
130 23.451309 -0.000002 -0.000003 0.031692 -0.009048 -0.004256
131 23.608025 -0.000006 -0.000015 0.008267 0.416865 -0.031598
132 23.536240 -0.000004 -0.000004 -0.050333 -0.559858 0.174255
133 23.233978 -0.000006 0.000021 -0.267108 -1.025009 0.449551
134 22.703671 0.000002 -0.000015 0.002022 -0.196937 0.037951
135 -1.614532 -0.000001 10.883352 0.001036 -0.409330 0.006416
136 23.962135 0.000001 -0.000031 0.003996 -0.009045 0.006260
137 23.938957 -0.000004 0.000008 0.066220 0.402455 0.386803
138 23.736031 -0.000019 -0.000008 0.020659 0.147218 0.039777
139 23.354988 -0.000015 -0.000011 0.130278 -0.349833 -0.490541
140 22.798943 -0.000008 -0.000027 0.029714 -0.220704 -0.031878
141 -1.616135 5.333252 10.147423 -0.346908 -0.381608 0.155590
142 23.451302 -0.000007 0.000008 -0.023873 -0.010951 0.016350
143 23.608017 -0.000002 -0.000038 0.060042 0.366718 0.496271
144 23.536247 -0.000019 -0.000004 -0.005812 0.077428 0.196841
145 23.233978 -0.000031 -0.000015 0.126518 -0.393618 -0.385516
146 22.703674 -0.000004 -0.000008 0.054664 -0.212305 -0.100891
147 -1.634338 9.854565 8.052345 -0.714051 -0.297006 0.290009
148 22.205261 0.000002 0.000008 -0.040772 -0.015288 0.021896
149 22.804436 0.000002 -0.000069 0.043153 0.297648 0.575174
150 23.051643 -0.000027 0.000004 -0.041208 0.004078 0.306527
151 22.939972 -0.000031 -0.000011 0.085361 -0.354602 -0.234991
152 22.472065 -0.000023 -0.000031 0.065918 -0.170990 -0.176746
153 -1.699219 12.875608 4.918524 -1.116359 -0.151718 0.389465
154 20.938583 0.000020 -0.000008 -0.034081 -0.021359 0.016700
155 21.993584 -0.000004 -0.000061 0.018814 0.196455 0.610633
156 22.563797 -0.000019 0.000000 -0.077916 -0.071446 0.359492
157 22.643349 -0.000015 -0.000015 0.046214 -0.273627 -0.140726
158 22.238029 -0.000023 -0.000008 0.036498 -0.104172 -0.222153
159 -1.833786 13.936458 1.224504 -1.552222 0.038999 0.427633
160 20.406960 0.000006 -0.000038 0.000099 -0.023349 -0.001917
161 21.655518 0.000010 -0.000008 -0.001595 0.086264 0.603053
162 22.360649 0.000000 -0.000015 -0.115412 -0.203468 0.363464
163 22.519663 0.000008 -0.000008 0.041682 -0.261946 -0.101053
164 22.140377 0.000008 0.000000 -0.034770 -0.026007 -0.207955
165 -1.972580 12.875610 -3.614556 -1.826257 0.154024 0.391968
166 20.655174 0.000007 -0.000023 0.014706 -0.021810 -0.008951
167 21.762238 0.000005 -0.000015 -0.015807 0.031068 0.585727
168 22.392151 0.000000 -0.000015 -0.133016 -0.212231 0.339382
169 22.541340 0.000000 -0.000015 -0.028777 -0.219641 -0.140246
170 22.217495 0.000000 -0.000008 -0.096829 0.022117 -0.197328
171 -1.967316 9.854568 -7.722434 -2.160720 0.247969 0.292535
172 21.272705 0.000003 -0.000008 0.026127 -0.015441 -0.012585
173 22.032516 0.000022 -0.000038 -0.031437 -0.044172 0.545951
174 22.475670 -0.000011 0.000000 -0.142936 -0.286741 0.288893
175 22.598717 -0.000011 -0.000008 -0.045897 -0.220464 -0.194284
176 22.407978 -0.000004 -0.000031 -0.114057 0.065740 -0.150473
177 -1.900833 5.333255 -10.470078 -2.600152 0.305096 0.152923
178 21.914307 0.000008 -0.000019 0.025226 -0.009830 -0.009897
179 22.319824 -0.000009 -0.000004 -0.044721 -0.145546 0.468715
180 22.569622 -0.000023 -0.000015 -0.119409 -0.370473 0.187984
181 22.663206 -0.000011 -0.000023 -0.035738 -0.196434 -0.278129
182 22.604511 -0.000004 -0.000046 -0.094699 0.099166 -0.115218
183 -1.865570 -0.000002 -11.435440 -3.140151 0.322746 -0.000499
184 22.186676 -0.000004 -0.000011 0.001678 -0.005801 0.000446
185 22.443718 -0.000003 -0.000011 -0.038215 -0.232660 0.336536
186 22.611534 -0.000019 -0.000015 -0.039768 -0.426592 0.017200
187 22.692001 -0.000008 0.000008 0.002243 -0.131127 -0.364794
188 22.687637 -0.000004 -0.000015 -0.038007 0.123747 -0.082656
189 -1.900864 -5.333257 -10.470071 2.603656 0.302102 -0.153388
190 21.914337 0.000008 -0.000011 -0.021566 -0.008387 0.009550
191 22.319839 -0.000022 0.000000 -0.011378 -0.237709 0.192597
192 22.569611 -0.000006 -0.000046 0.054430 -0.398693 -0.172715
193 22.663223 -0.000030 -0.000008 0.024257 -0.038548 -0.426556
194 22.604511 0.000006 -0.000031 0.033316 0.130878 -0.022640
195 -1.967300 -9.854568 -7.722440 2.165181 0.244127 -0.289695
196 21.272720 -0.000019 -0.000008 -0.022398 -0.013181 0.015918
197 22.032478 0.000003 -0.000023 0.009615 -0.174388 0.099007
198 22.475685 -0.000008 -0.000023 0.098274 -0.302826 -0.309722
199 22.598709 0.000001 -0.000015 0.013351 0.047006 -0.445876
200 22.407986 -0.000002 -0.000023 0.074071 0.120424 0.027092
201 -1.972565 -12.875612 -3.614561 1.831444 0.149243 -0.386136
202 20.655174 0.000008 -0.000015 -0.010343 -0.015174 0.014425
203 21.762276 -0.000008 -0.000008 0.019296 -0.072513 0.042687
204 22.392166 -0.000008 -0.000031 0.102142 -0.199906 -0.387640
205 22.541344 0.000004 -0.000023 -0.007035 0.080578 -0.422241
206 22.217501 0.000019 -0.000008 0.066578 0.088804 0.073871
207 0.059621 0.456168 0.250107 0.000000 -0.000000 0.000000
208 0.059621 0.456168 0.250107 0.000000 -0.000000 0.000000
time 30
  0 0.059621 0.456168 0.250107 0.000000 -0.000000 0.000000
  1 0.059621 0.456168 0.250107 0.000000 -0.000000 0.000000
  2 0.059621 0.456168 0.250107 0.000000 -0.000000 0.000000
  3 0.059621 0.456168 0.250107 0.000000 -0.000000 0.000000
  4 0.059621 0.456168 0.250107 0.000000 -0.000000 0.000000
  5 0.059621 0.456168 0.250107 0.000000 -0.000000 0.000000
  6 0.059621 0.456168 0.250107 0.000000 -0.000000 0.000000
  7 0.059621 0.456168 0.250107 0.000000 -0.000000 0.000000
  8 0.059621 0.456168 0.250107 0.000000 -0.000000 0.000000
  9 0.059621 0.456168 0.250107 0.000000 -0.000000 0.000000
 10 120.558746 39.731293 154.010239 -1.374138 -0.014751 -1.191932
 11 24.668247 0.000000 -0.000031 0.929888 0.131987 -0.408914
 12 30.380135 -0.000023 0.000000 1.075374 0.621493 -0.903317
 13 19.902092 0.000000 0.000015 0.161132 -0.304478 0.632654
 14 -118.551674 37.701046 176.080597 1.128033 -0.065685 1.560001
 15 35.349514 0.000015 0.000023 -1.504829 -0.383687 0.710790
 16 37.124344 -0.000015 -0.000015 -2.660667 -1.160601 0.389134
 17 0.059621 0.456168 0.250107 0.064768 -0.005215 -0.156772
 18 0.059621 0.456168 104.400574 1.570796 1.570796 0.000000
 19 -65.799545 -0.000020 1.142855 0.000000 0.000515 3.141077
 20 11.181580 0.005760 -0.002411 -0.315069 -0.136311 0.000515
 21 27.835190 0.000002 -0.000006 -3.141592 -0.129896 -0.000000
 22 5.330383 -0.000001 0.000004 -3.069864 -0.172159 -0.007764
 23 10.134888 -4.133392 3.834193 -0.681868 -1.173928 -2.497277
 24 10.134903 4.133398 3.834192 0.681888 -1.173922 2.497260
 25 22.592361 0.000011 17.467094 -0.000010 2.956431 0.000000
 26 21.199982 -7.744005 14.169500 -0.644457 -0.154503 -3.025319
 27 18.142014 -13.440223 7.965759 1.228366 -0.180197 3.082644
 28 21.199966 7.744023 14.169483 0.644460 -0.154503 3.025318
 29 18.141998 13.440236 7.965763 -0.316157 -0.180196 -3.082644
 30 11.858856 -13.359996 3.526505 1.542249 3.132957 0.174415
 31 9.463287 -16.404865 -2.906050 1.542282 3.132901 0.176490
 32 9.125275 -10.885473 -11.371330 0.000496 2.962373 0.000256
 33 11.858856 13.360003 3.526466 -1.542248 3.132957 -0.174414
 34 9.463272 16.404865 -2.906027 -1.542281 3.132900 -0.176490
 35 9.125275 10.885471 -11.371307 -0.000492 2.962373 0.000256
 36 9.023239 -0.000004 -17.296177 0.000180 -0.167048 -3.141356
 37 12.691422 -0.000004 -19.438766 -0.401882 2.669666 -0.555463
 38 10.989410 -0.000008 -0.000015 0.000000 -0.167163 0.000000
 39 12.871475 -10.586840 -15.652477 0.704908 2.645343 0.167331
 40 10.727020 -0.000004 -0.000031 -0.044747 -0.177841 0.024607
 41 12.871460 10.586839 -15.652475 -1.032999 3.086571 -0.868014
 42 10.726967 -0.000023 0.000015 0.044747 -0.177842 -0.024607
 43 12.847229 -17.570080 -4.701347 1.159072 2.551603 0.716974
 44 11.496498 0.000000 -0.000015 -0.090459 -0.137774 0.054997
 45 12.847198 17.570080 -4.701365 -1.246364 -2.934763 -0.941353
 46 11.496468 0.000000 -0.000015 0.090459 -0.137773 -0.054997
 47 28.485962 0.000012 16.460335 -0.000001 -0.039729 0.000000
 48 23.052780 -6.207908 -0.077307 -1.470206 0.035100 -1.833545
 49 9.436905 -0.000004 -0.000031 0.010287 0.104645 0.003503
 50 31.269329 -0.000004 -0.000031 -0.006701 -0.563522 0.008666
 51 28.756500 0.000004 0.000000 -0.001117 0.032665 0.001416
 52 2.251991 -2.464409 -1.141632 0.481305 0.508197 -0.319329
 53 3.674042 -0.000015 0.000015 -0.277611 0.179024 0.194713
 54 3.614685 0.000015 0.000000 0.013156 0.193871 -0.001558
 55 9.035500 -2.494942 0.484558 -0.001362 0.302449 0.001673
 56 2.943581 -0.000004 -0.000031 0.010585 0.293657 -0.007800
 57 2.649429 0.000000 0.000031 -0.006498 0.303243 0.008512
 58 9.093613 -0.386669 0.647720 0.020190 0.475380 -0.012607
 59 3.451874 0.000000 0.000000 -0.014209 0.528778 0.009212
 60 2.898178 -0.000004 0.000031 -0.000683 0.490858 0.000916
 61 8.894577 1.605850 0.371902 -0.000566 0.547851 0.000704
 62 3.130402 0.000000 0.000046 0.003896 0.567158 -0.005064
 63 2.629532 0.000000 -0.000046 0.004892 0.544388 -0.006589
 64 8.470619 3.459526 0.131500 -0.021715 0.541478 0.011456
 65 2.410271 -0.000008 -0.000061 0.022815 0.529939 -0.013321
 66 2.000793 0.000008 0.000000 -0.005415 0.533618 0.007402
 67 23.052750 6.207911 -0.077324 1.481823 0.058644 2.080206
 68 9.436897 0.000023 -0.000015 0.563569 -0.047057 -0.568034
 69 31.269331 -0.000004 -0.000031 0.673901 -0.596274 0.364431
 70 28.756500 -0.000015 -0.000008 0.279616 -0.199104 -0.116927
 71 2.251892 2.464417 -1.141556 -0.513217 0.249535 0.112914
 72 3.674088 0.000000 -0.000031 0.331388 -0.059506 -0.325011
 73 3.614685 0.000015 0.000023 0.067360 -0.216133 -0.086857
 74 9.035431 2.494949 0.484428 0.001362 -0.011534 -0.001673
 75 2.943558 0.000000 -0.000027 -0.011497 -0.020268 0.014556
 76 2.649445 0.000015 0.000023 0.006498 -0.010740 -0.008512
 77 9.093689 0.386658 0.647781 -0.018031 0.093461 0.020165
 78 3.451859 0.000031 0.000000 0.014953 0.008589 -0.019838
 79 2.898193 -0.000015 -0.000008 0.000684 -0.029445 -0.000917
 80 8.894409 -1.605850 0.371914 0.000566 0.090541 -0.000704
 81 3.130432 0.000015 -0.000038 -0.003896 -0.009289 0.005063
 82 2.629517 0.000000 0.000023 -0.004892 -0.032059 0.006589
 83 8.470612 -3.459534 0.131401 0.018786 0.137518 -0.020073
 84 2.410278 0.000000 -0.000008 -0.024238 -0.029075 0.031299
 85 2.000763 0.000000 0.000023 0.005415 -0.025697 -0.007402
 86 9.832367 1.463074 -1.299427 0.016523 -0.031798 -0.020624
 87 25.040604 -5.670402 5.432774 -1.312160 -0.224887 -2.136065
 88 28.779694 -6.856308 -0.811447 -1.466235 0.019064 -1.725377
 89 29.182312 -3.955564 -4.961985 0.881869 2.552753 0.503940
 90 25.040558 5.670410 5.432732 1.296833 -0.398765 2.185823
 91 28.779739 6.856313 -0.811428 1.466235 0.019065 1.725381
 92 29.182297 3.955566 -4.961964 -0.881870 2.552752 -0.503940
 93 -65.335663 -0.000020 1.140918 -3.141591 0.044911 0.000000
 94 26.290924 -12.205288 1.157882 -2.071447 -0.017454 0.065112
 95 49.071022 0.000008 0.000009 2.179705 0.127556 -0.112856
 96 61.871315 -0.000015 -0.000023 3.080256 0.672597 0.035641
 97 26.290924 12.205295 1.157842 2.044502 0.127786 -0.159169
 98 49.071068 0.000004 -0.000036 -2.187262 0.154733 0.063501
 99 61.871300 0.000023 -0.000027 -2.944714 0.642381 0.102745
100 -0.698074 -11.192116 -8.252763 1.229138 -0.229284 -0.716350
101 20.568245 -0.000003 -0.000015 0.010291 0.085300 -0.148393
102 0.223785 -5.734809 -12.929605 2.802120 0.641439 -0.647447
103 20.803558 -0.000008 -0.000031 0.066391 -0.063546 -0.036748
104 -1.040009 -3.033968 12.140510 1.554517 0.104601 -1.288764
105 -1.039993 3.034004 12.140500 -1.554518 0.104604 1.288764
106 4.165451 -5.407045 12.088389 0.557435 -0.652474 -0.069550
107 16.599442 -0.000011 -0.000023 -0.047935 -0.051683 0.045016
108 4.165482 5.407080 12.088380 -0.852162 -0.626606 0.625184
109 16.599380 0.000009 -0.000031 0.048006 -0.046610 -0.044850
110 6.428391 0.000001 -0.288944 -0.000001 -0.000000 -0.000000
111 -1.833786 -13.936460 1.224504 1.552448 0.040995 -0.420999
112 20.406944 -0.000002 -0.000015 0.000000 -0.016932 0.000000
113 21.655495 -0.000002 -0.000015 0.021305 0.030301 0.107708
114 22.360672 -0.000007 -0.000023 0.088485 -0.124553 -0.401758
115 22.519661 0.000006 -0.000015 -0.022286 0.044499 -0.460396
116 22.140390 0.000008 -0.000015 0.021895 0.035760 0.098594
117 -1.699219 -12.875611 4.918509 1.116385 -0.148284 -0.380891
118 20.938614 0.000013 0.000008 0.034482 -0.012972 -0.016104
119 21.993614 -0.000005 -0.000061 0.036202 0.164937 0.110310
120 22.563797 -0.000022 0.000000 0.058405 0.056354 -0.385211
121 22.643364 0.000019 -0.000031 -0.020123 0.010255 -0.431156
122 22.238056 0.000031 -0.000027 -0.016885 -0.057814 0.111115
123 -1.634354 -9.854567 8.052346 0.714077 -0.292095 -0.280759
124 22.205284 0.000001 -0.000023 0.042841 -0.006102 -0.020254
125 22.804398 -0.000005 -0.000046 0.046601 0.257288 0.179402
126 23.051666 -0.000006 0.000015 0.033412 0.198047 -0.261894
127 22.939987 0.000008 0.000000 0.003833 -0.040227 -0.440683
128 22.472069 0.000019 0.000011 -0.022610 -0.142610 0.089205
129 -1.616150 -5.333254 10.147438 0.315050 -0.083510 -0.004708
130 23.451324 -0.000004 -0.000010 0.027042 -0.001892 -0.012901
131 23.608032 -0.000007 -0.000019 -0.014962 0.513882 -0.114555
132 23.536247 0.000001 0.000008 -0.013579 -0.358580 0.113636
133 23.233978 -0.000002 0.000029 -0.288497 -0.978457 0.507238
134 22.703671 -0.000006 -0.000023 -0.001707 -0.199022 0.033752
135 -1.614517 -0.000000 10.883350 -0.000000 -0.400842 0.000000
136 23.962143 0.000001 -0.000038 0.000000 -0.000699 -0.000000
137 23.938965 -0.000003 0.000008 0.044536 0.310272 0.365729
138 23.736038 -0.000027 -0.000011 0.019878 0.213272 0.103818
139 23.354980 -0.000023 -0.000004 0.070766 -0.163052 -0.380108
140 22.798954 -0.000013 -0.000015 0.027036 -0.222656 -0.033111
141 -1.616150 5.333250 10.147423 -0.347094 -0.374742 0.146641
142 23.451294 -0.000006 0.000000 -0.027042 -0.001892 0.012901
143 23.608017 -0.000002 -0.000038 0.032592 0.287666 0.447225
144 23.536247 -0.000019 -0.000004 -0.003350 0.145565 0.263453
145 23.233978 -0.000038 -0.000008 0.071064 -0.203060 -0.234500
146 22.703674 -0.000008 0.000000 0.052979 -0.214012 -0.101603
147 -1.634354 9.854565 8.052344 -0.714078 -0.292096 0.280760
148 22.205254 0.000003 -0.000008 -0.042841 -0.006101 0.020254
149 22.804451 0.000002 -0.000076 0.016963 0.237975 0.507298
150 23.051643 -0.000034 0.000000 -0.038511 0.064940 0.373199
151 22.939980 -0.000053 -0.000008 0.050507 -0.187038 -0.079006
152 22.472071 -0.000031 -0.000023 0.064814 -0.172405 -0.176949
153 -1.699219 12.875607 4.918524 -1.116385 -0.148284 0.380891
154 20.938591 0.000019 -0.000008 -0.034482 -0.012973 0.016104
155 21.993599 -0.000005 -0.000061 0.001007 0.160738 0.536526
156 22.563797 -0.000019 -0.000008 -0.079083 -0.023961 0.428030
157 22.643349 -0.000023 -0.000031 0.026817 -0.151377 0.009325
158 22.238022 -0.000046 -0.000008 0.035780 -0.105334 -0.220014
159 -1.833786 13.936458 1.224504 -1.552447 0.040994 0.420999
160 20.406975 0.000005 -0.000046 -0.000000 -0.016932 -0.000000
161 21.655502 0.000009 -0.000015 -0.008161 0.075918 0.531921
162 22.360649 -0.000008 -0.000015 -0.127362 -0.170543 0.435997
163 22.519661 0.000000 -0.000015 0.022948 -0.181351 0.036029
164 22.140369 0.000000 0.000000 -0.035319 -0.027009 -0.205195
165 -1.972580 12.875609 -3.614555 -1.827109 0.155326 0.386830
166 20.655167 0.000007 -0.000015 0.014659 -0.017050 -0.006451
167 21.762253 0.000003 -0.000015 -0.016036 0.036053 0.522545
168 22.392166 0.000000 -0.000015 -0.145317 -0.183452 0.419284
169 22.541340 0.000008 -0.000015 -0.044334 -0.170031 -0.002318
170 22.217495 0.000000 0.000000 -0.097539 0.020879 -0.194552
171 -1.967316 9.854567 -7.722432 -2.161803 0.248066 0.289766
172 21.272736 0.000003 -0.000008 0.025990 -0.015445 -0.009916
173 22.032516 0.000022 -0.000046 -0.023835 -0.017537 0.497395
174 22.475677 -0.000015 -0.000015 -0.162180 -0.267188 0.376197
175 22.598709 -0.000015 -0.000008 -0.062298 -0.201573 -0.064490
176 22.407978 -0.000004 -0.000015 -0.115277 0.064395 -0.148058
177 -1.900848 5.333252 -10.470076 -2.601403 0.305546 0.153178
178 21.914307 0.000006 -0.000019 0.024266 -0.010747 -0.007792
179 22.319847 -0.000009 -0.000008 -0.033093 -0.101932 0.443877
180 22.569618 -0.000027 -0.000023 -0.147253 -0.369785 0.281375
181 22.663197 -0.000004 -0.000023 -0.047737 -0.213555 -0.166583
182 22.604500 -0.000008 -0.000038 -0.095923 0.098099 -0.113688
183 -1.865585 -0.000002 -11.435440 -3.141592 0.324581 -0.000000
184 22.186691 -0.000004 -0.000015 0.000000 -0.007676 0.000000
185 22.443726 -0.000003 -0.000008 -0.030628 -0.183429 0.345704
186 22.611526 -0.000019 -0.000023 -0.070115 -0.450523 0.107567
187 22.692005 -0.000015 -0.000008 0.001851 -0.182302 -0.288447
188 22.687634 -0.000004 -0.000015 -0.040073 0.122764 -0.083205
189 -1.900848 -5.333257 -10.470070 2.601403 0.305546 -0.153178
190 21.914337 0.000008 -0.000015 -0.024267 -0.010746 0.007792
191 22.319824 -0.000020 -0.000008 -0.011762 -0.199189 0.235109
192 22.569626 -0.000011 -0.000046 0.033860 -0.441268 -0.099027
193 22.663225 -0.000029 -0.000015 0.034640 -0.106626 -0.397641
194 22.604500 0.000006 -0.000031 0.031602 0.129906 -0.024192
195 -1.967285 -9.854565 -7.722440 2.161803 0.248066 -0.289766
196 21.272720 -0.000016 -0.000008 -0.025990 -0.015445 0.009916
197 22.032471 0.000004 -0.000023 0.005529 -0.155025 0.168313
198 22.475685 -0.000011 -0.000031 0.089791 -0.352374 -0.253762
199 22.598701 0.000001 -0.000015 0.025350 -0.016701 -0.463869
200 22.407978 -0.000006 -0.000023 0.072360 0.119375 0.021670
201 -1.972580 -12.875609 -3.614562 1.827110 0.155326 -0.386831
202 20.655182 0.000010 -0.000023 -0.014659 -0.017050 0.006451
203 21.762283 -0.000007 -0.000008 0.016612 -0.071087 0.130122
204 22.392166 -0.000010 -0.000038 0.101093 -0.242597 -0.348140
205 22.541340 0.000001 -0.000038 -0.000634 0.035290 -0.477756
206 22.217493 0.000021 -0.000015 0.063967 0.087622 0.066670
207 0.059621 0.456168 0.250107 0.000000 -0.000000 0.000000
208 0.059621 0.456168 0.250107 0.000000 -0.000000 0.000000
end
