version 1
nodes
  0 "Bone29"  -1
  1 "Bone28"  -1
  2 "Bone27"  -1
  3 "Bone26"  -1
  4 "Bone24"  -1
  5 "Bone01"   4
  6 "Bone02"   5
  7 "Bone03"   6
  8 "Bone04"   4
  9 "Bone05"   8
 10 "Bone06"   9
 11 "Bone17"   4
 12 "Bone07"  11
 13 "Bone08"  12
 14 "Bone09"  13
 15 "Bone10"  14
 16 "Bone11"  15
 17 "Bone12"  14
 18 "Bone13"  11
 19 "Bone14"  18
 20 "Bone15"  19
 21 "Bone16"  20
 22 "Bone21"  11
 23 "Bone18"  22
 24 "Bone19"  23
 25 "Bone20"  22
 26 "Bone22"  22
 27 "Bone23"  22
 28 "Bone25"  11
 29 "outskirt_r"   4
 30 "outskirt_f"   4
 31 "outskirt_l"   4
 32 "outskirt_b"   4
 33 "skirt_l"   4
 34 "skirt_r"   4
 35 "skirt_b"   4
end
skeleton
time 0
  0 0.768169 -0.850492 1.544617 0.000000 -0.000000 0.000000
  1 0.768169 -0.850492 1.544617 0.000000 -0.000000 0.000000
  2 0.984829 -7.246327 246.548599 0.000000 -0.000000 0.000000
  3 0.998367 -3.471023 1.599335 0.000000 -0.000000 0.000000
  4 0.998364 -3.471023 116.905151 0.000000 -0.000000 0.000000
  5 -11.802614 0.277822 -45.319962 0.000000 -0.000000 0.000000
  6 -0.797631 4.276057 -49.223656 0.000000 -0.000000 0.000000
  7 -0.000013 0.000002 -7.282924 0.000000 -0.000000 0.000000
  8 11.803281 0.236665 -45.319962 0.000000 -0.000000 0.000000
  9 0.812347 4.273238 -49.223595 0.000000 -0.000000 0.000000
 10 0.000004 0.000002 -7.282925 0.000000 -0.000000 0.000000
 11 0.000070 0.031063 10.838699 0.000000 -0.000000 0.000000
 12 -16.431326 3.246384 32.898773 0.000000 -0.000000 0.000000
 13 -12.321603 -2.201925 -17.125488 0.000000 -0.000000 0.000000
 14 -13.252199 -2.413303 -18.422264 0.000000 -0.000000 0.000000
 15 -3.868652 -0.832964 -6.257858 0.000000 -0.000000 0.000000
 16 -37.279198 -5.051140 -38.191216 0.000000 -0.000000 0.000000
 17 -3.806095 -1.056418 -7.595879 0.000000 -0.000000 0.000000
 18 16.442684 3.189069 32.898773 0.000000 -0.000000 0.000000
 19 12.313803 -2.244878 -17.125656 0.000000 -0.000000 0.000000
 20 13.243658 -2.459514 -18.422256 0.000000 -0.000000 0.000000
 21 4.038902 -0.928107 -8.488220 0.000000 -0.000000 0.000000
 22 -0.000705 -0.454958 46.067276 0.000000 -0.000000 0.000000
 23 -0.489968 22.757853 18.761993 0.000000 -0.000000 0.000000
 24 0.260425 -19.713409 -182.091049 0.000000 -0.000000 0.000000
 25 -16.518972 9.856463 11.602509 0.000000 -0.000000 0.000000
 26 12.687098 8.730806 11.181000 0.000000 -0.000000 0.000000
 27 -0.009705 -4.696534 26.700012 0.000000 -0.000000 0.000000
 28 -0.000044 -0.005974 23.601593 0.000000 -0.000000 0.000000
 29 -21.531250 -10.281178 -6.106499 0.000000 -0.000000 0.000000
 30 6.667691 -19.285315 -6.979958 0.000000 -0.000000 0.000000
 31 21.613564 5.850677 -6.561745 0.000000 -0.000000 0.000000
 32 -0.490764 19.244425 -5.608498 0.000000 -0.000000 0.000000
 33 12.172544 -7.748499 -10.307098 0.000000 -0.000000 0.000000
 34 -12.668407 -7.748503 -10.702652 0.000000 -0.000000 0.000000
 35 -0.490771 14.424882 -10.375061 0.000000 -0.000000 0.000000
end
triangles
yuyuko.tga
  0 34.518177 -0.463775 147.732101 0.755879 0.038481 0.653579 0.937500 0.757813 1 18 1.000000
  0 29.080673 -7.178618 143.982101 -0.142667 -0.970818 0.192768 0.890625 0.757813 1 18 1.000000
  0 35.268177 -18.475489 135.732101 -0.416105 -0.684004 0.599163 0.890625 0.693359 1 19 1.000000
yuyuko.tga
  0 37.143181 14.524505 131.982101 -0.322734 0.846295 0.423824 0.890625 0.693359 1 19 1.000000
  0 22.611929 -2.245023 123.732101 -0.994328 0.068284 0.081539 0.980469 0.693359 1 19 1.000000
  0 24.018173 -0.575103 139.482101 -0.887497 0.025607 -0.460101 0.937500 0.757813 1 18 1.000000
yuyuko.tga
  0 35.268177 -18.475489 135.732101 -0.416105 -0.684004 0.599163 0.890625 0.693359 1 19 1.000000
  0 29.080673 -7.178618 143.982101 -0.142667 -0.970818 0.192768 0.890625 0.757813 1 18 1.000000
  0 24.018173 -0.575103 139.482101 -0.887497 0.025607 -0.460101 0.937500 0.757813 1 18 1.000000
yuyuko.tga
  0 37.143181 14.524505 131.982101 -0.322734 0.846295 0.423824 0.890625 0.693359 1 19 1.000000
  0 34.518177 -0.463775 147.732101 0.755879 0.038481 0.653579 0.937500 0.757813 1 18 1.000000
  0 49.893181 -1.700101 143.232101 0.286615 0.094120 0.953411 0.980469 0.693359 1 19 1.000000
yuyuko.tga
  0 23.268173 13.024502 151.482101 0.311859 0.826564 -0.468546 0.890625 0.693359 1 18 1.000000
  0 33.580677 0.883880 158.982117 0.995593 0.054289 0.076463 0.980469 0.693359 1 18 1.000000
  0 34.518177 -0.463775 147.732101 0.755879 0.038481 0.653579 0.937500 0.757813 1 18 1.000000
yuyuko.tga
  0 23.268173 13.024502 151.482101 0.311859 0.826564 -0.468546 0.890625 0.693359 1 18 1.000000
  0 24.018173 -0.575103 139.482101 -0.887497 0.025607 -0.460101 0.937500 0.757813 1 18 1.000000
  0 13.330669 0.479583 144.732101 -0.438963 0.022945 -0.898212 0.980469 0.693359 1 11 1.000000
yuyuko.tga
  0 29.080673 -7.178618 143.982101 -0.142667 -0.970818 0.192768 0.890625 0.757813 1 18 1.000000
  0 23.736923 -11.725492 151.482101 0.253869 -0.903525 -0.345244 0.890625 0.693359 1 18 1.000000
  0 24.018173 -0.575103 139.482101 -0.887497 0.025607 -0.460101 0.937500 0.757813 1 18 1.000000
yuyuko.tga
  0 34.518177 -0.463775 147.732101 0.755879 0.038481 0.653579 0.937500 0.757813 1 18 1.000000
  0 23.736923 -11.725492 151.482101 0.253869 -0.903525 -0.345244 0.890625 0.693359 1 18 1.000000
  0 29.080673 -7.178618 143.982101 -0.142667 -0.970818 0.192768 0.890625 0.757813 1 18 1.000000
yuyuko.tga
  0 34.518177 -0.463775 147.732101 0.755879 0.038481 0.653579 0.937500 0.757813 1 18 1.000000
  0 33.580677 0.883880 158.982117 0.995593 0.054289 0.076463 0.980469 0.693359 1 18 1.000000
  0 23.736923 -11.725492 151.482101 0.253869 -0.903525 -0.345244 0.890625 0.693359 1 18 1.000000
yuyuko.tga
  0 49.893181 -1.700101 143.232101 0.286615 0.094120 0.953411 0.980469 0.693359 1 19 1.000000
  0 34.518177 -0.463775 147.732101 0.755879 0.038481 0.653579 0.937500 0.757813 1 18 1.000000
  0 35.268177 -18.475489 135.732101 -0.416105 -0.684004 0.599163 0.890625 0.693359 1 19 1.000000
yuyuko.tga
  0 35.268177 -18.475489 135.732101 -0.416105 -0.684004 0.599163 0.890625 0.693359 1 19 1.000000
  0 24.018173 -0.575103 139.482101 -0.887497 0.025607 -0.460101 0.937500 0.757813 1 18 1.000000
  0 22.611929 -2.245023 123.732101 -0.994328 0.068284 0.081539 0.980469 0.693359 1 19 1.000000
yuyuko.tga
  0 23.736923 -11.725492 151.482101 0.253869 -0.903525 -0.345244 0.890625 0.693359 1 18 1.000000
  0 13.330669 0.479583 144.732101 -0.438963 0.022945 -0.898212 0.980469 0.693359 1 11 1.000000
  0 24.018173 -0.575103 139.482101 -0.887497 0.025607 -0.460101 0.937500 0.757813 1 18 1.000000
yuyuko.tga
  0 29.455675 6.133880 143.232101 0.001132 0.999998 -0.001650 0.890625 0.757813 1 18 1.000000
  0 23.268173 13.024502 151.482101 0.311859 0.826564 -0.468546 0.890625 0.693359 1 18 1.000000
  0 34.518177 -0.463775 147.732101 0.755879 0.038481 0.653579 0.937500 0.757813 1 18 1.000000
yuyuko.tga
  0 37.143181 14.524505 131.982101 -0.322734 0.846295 0.423824 0.890625 0.693359 1 19 1.000000
  0 29.455675 6.133880 143.232101 0.001132 0.999998 -0.001650 0.890625 0.757813 1 18 1.000000
  0 34.518177 -0.463775 147.732101 0.755879 0.038481 0.653579 0.937500 0.757813 1 18 1.000000
yuyuko.tga
  0 29.455675 6.133880 143.232101 0.001132 0.999998 -0.001650 0.890625 0.757813 1 18 1.000000
  0 37.143181 14.524505 131.982101 -0.322734 0.846295 0.423824 0.890625 0.693359 1 19 1.000000
  0 24.018173 -0.575103 139.482101 -0.887497 0.025607 -0.460101 0.937500 0.757813 1 18 1.000000
yuyuko.tga
  0 23.268173 13.024502 151.482101 0.311859 0.826564 -0.468546 0.890625 0.693359 1 18 1.000000
  0 29.455675 6.133880 143.232101 0.001132 0.999998 -0.001650 0.890625 0.757813 1 18 1.000000
  0 24.018173 -0.575103 139.482101 -0.887497 0.025607 -0.460101 0.937500 0.757813 1 18 1.000000
yuyuko.tga
  0 -33.544346 -0.463781 147.732117 -0.755788 0.037920 0.653718 0.937500 0.757813 1 13 1.000000
  0 -34.294346 -18.475496 135.732117 0.416133 -0.685693 0.597208 0.890625 0.693359 1 13 1.000000
  0 -27.919342 -7.178622 143.982117 0.154175 -0.973925 0.166434 0.890625 0.757813 1 13 1.000000
yuyuko.tga
  0 -36.169342 14.524499 131.982117 0.323604 0.846517 0.422717 0.890625 0.693359 1 13 1.000000
  0 -23.044340 -0.575107 139.482117 0.887157 0.027545 -0.460644 0.937500 0.757813 1 13 1.000000
  0 -21.638088 -2.245027 123.732109 0.994328 0.068285 0.081539 0.980469 0.693359 1 13 1.000000
yuyuko.tga
  0 -34.294346 -18.475496 135.732117 0.416133 -0.685693 0.597208 0.890625 0.693359 1 13 1.000000
  0 -23.044340 -0.575107 139.482117 0.887157 0.027545 -0.460644 0.937500 0.757813 1 13 1.000000
  0 -27.919342 -7.178622 143.982117 0.154175 -0.973925 0.166434 0.890625 0.757813 1 13 1.000000
yuyuko.tga
  0 -36.169342 14.524499 131.982117 0.323604 0.846517 0.422717 0.890625 0.693359 1 13 1.000000
  0 -48.731846 -1.700109 143.232117 -0.289834 0.093506 0.952498 0.980469 0.693359 1 13 1.000000
  0 -33.544346 -0.463781 147.732117 -0.755788 0.037920 0.653718 0.937500 0.757813 1 13 1.000000
yuyuko.tga
  0 -22.200590 13.024499 151.482117 -0.308524 0.827455 -0.469182 0.890625 0.693359 1 13 1.000000
  0 -33.544346 -0.463781 147.732117 -0.755788 0.037920 0.653718 0.937500 0.757813 1 13 1.000000
  0 -32.606846 0.883874 158.982117 -0.995460 0.057149 0.076109 0.980469 0.693359 1 13 1.000000
yuyuko.tga
  0 -22.200590 13.024499 151.482117 -0.308524 0.827455 -0.469182 0.890625 0.693359 1 13 1.000000
  0 -12.356836 0.479580 144.732101 0.438922 0.023385 -0.898221 0.980469 0.693359 1 11 1.000000
  0 -23.044340 -0.575107 139.482117 0.887157 0.027545 -0.460644 0.937500 0.757813 1 13 1.000000
yuyuko.tga
  0 -27.919342 -7.178622 143.982117 0.154175 -0.973925 0.166434 0.890625 0.757813 1 13 1.000000
  0 -23.044340 -0.575107 139.482117 0.887157 0.027545 -0.460644 0.937500 0.757813 1 13 1.000000
  0 -22.763092 -11.725496 151.482117 -0.255867 -0.902467 -0.346533 0.890625 0.693359 1 13 1.000000
yuyuko.tga
  0 -33.544346 -0.463781 147.732117 -0.755788 0.037920 0.653718 0.937500 0.757813 1 13 1.000000
  0 -27.919342 -7.178622 143.982117 0.154175 -0.973925 0.166434 0.890625 0.757813 1 13 1.000000
  0 -22.763092 -11.725496 151.482117 -0.255867 -0.902467 -0.346533 0.890625 0.693359 1 13 1.000000
yuyuko.tga
  0 -33.544346 -0.463781 147.732117 -0.755788 0.037920 0.653718 0.937500 0.757813 1 13 1.000000
  0 -22.763092 -11.725496 151.482117 -0.255867 -0.902467 -0.346533 0.890625 0.693359 1 13 1.000000
  0 -32.606846 0.883874 158.982117 -0.995460 0.057149 0.076109 0.980469 0.693359 1 13 1.000000
yuyuko.tga
  0 -48.731846 -1.700109 143.232117 -0.289834 0.093506 0.952498 0.980469 0.693359 1 13 1.000000
  0 -34.294346 -18.475496 135.732117 0.416133 -0.685693 0.597208 0.890625 0.693359 1 13 1.000000
  0 -33.544346 -0.463781 147.732117 -0.755788 0.037920 0.653718 0.937500 0.757813 1 13 1.000000
yuyuko.tga
  0 -34.294346 -18.475496 135.732117 0.416133 -0.685693 0.597208 0.890625 0.693359 1 13 1.000000
  0 -21.638088 -2.245027 123.732109 0.994328 0.068285 0.081539 0.980469 0.693359 1 13 1.000000
  0 -23.044340 -0.575107 139.482117 0.887157 0.027545 -0.460644 0.937500 0.757813 1 13 1.000000
yuyuko.tga
  0 -22.763092 -11.725496 151.482117 -0.255867 -0.902467 -0.346533 0.890625 0.693359 1 13 1.000000
  0 -23.044340 -0.575107 139.482117 0.887157 0.027545 -0.460644 0.937500 0.757813 1 13 1.000000
  0 -12.356836 0.479580 144.732101 0.438922 0.023385 -0.898221 0.980469 0.693359 1 11 1.000000
yuyuko.tga
  0 -28.481838 6.133875 143.232117 -0.001766 0.999998 0.000866 0.890625 0.757813 1 13 1.000000
  0 -33.544346 -0.463781 147.732117 -0.755788 0.037920 0.653718 0.937500 0.757813 1 13 1.000000
  0 -22.200590 13.024499 151.482117 -0.308524 0.827455 -0.469182 0.890625 0.693359 1 13 1.000000
yuyuko.tga
  0 -36.169342 14.524499 131.982117 0.323604 0.846517 0.422717 0.890625 0.693359 1 13 1.000000
  0 -33.544346 -0.463781 147.732117 -0.755788 0.037920 0.653718 0.937500 0.757813 1 13 1.000000
  0 -28.481838 6.133875 143.232117 -0.001766 0.999998 0.000866 0.890625 0.757813 1 13 1.000000
yuyuko.tga
  0 -28.481838 6.133875 143.232117 -0.001766 0.999998 0.000866 0.890625 0.757813 1 13 1.000000
  0 -23.044340 -0.575107 139.482117 0.887157 0.027545 -0.460644 0.937500 0.757813 1 13 1.000000
  0 -36.169342 14.524499 131.982117 0.323604 0.846517 0.422717 0.890625 0.693359 1 13 1.000000
yuyuko.tga
  0 -22.200590 13.024499 151.482117 -0.308524 0.827455 -0.469182 0.890625 0.693359 1 13 1.000000
  0 -23.044340 -0.575107 139.482117 0.887157 0.027545 -0.460644 0.937500 0.757813 1 13 1.000000
  0 -28.481838 6.133875 143.232117 -0.001766 0.999998 0.000866 0.890625 0.757813 1 13 1.000000
yuyuko.tga
  0 -28.106836 20.712000 116.232086 -0.360578 -0.924969 -0.120068 0.546875 0.583984 1 11 1.000000
  0 -5.278708 10.352627 127.482101 -0.207674 -0.969916 -0.127020 0.652344 0.634766 1 11 1.000000
  0 -28.106842 15.649496 155.232117 -0.361122 -0.924691 -0.120569 0.546875 0.761719 1 11 1.000000
yuyuko.tga
  0 -28.106842 15.649496 155.232117 -0.361122 -0.924691 -0.120569 0.546875 0.761719 1 11 1.000000
  0 -5.278708 10.352627 127.482101 -0.207674 -0.969916 -0.127020 0.652344 0.634766 1 11 1.000000
  0 -5.278710 8.477626 141.732101 -0.208205 -0.969727 -0.127596 0.652344 0.701172 1 11 1.000000
yuyuko.tga
  0 -5.278708 10.352627 127.482101 -0.207674 -0.969916 -0.127020 0.652344 0.634766 1 11 1.000000
  0 6.299420 10.352629 127.482101 0.208090 -0.969829 -0.127008 0.707031 0.634766 1 11 1.000000
  0 -5.278710 8.477626 141.732101 -0.208205 -0.969727 -0.127596 0.652344 0.701172 1 11 1.000000
yuyuko.tga
  0 -5.278710 8.477626 141.732101 -0.208205 -0.969727 -0.127596 0.652344 0.701172 1 11 1.000000
  0 6.299420 10.352629 127.482101 0.208090 -0.969829 -0.127008 0.707031 0.634766 1 11 1.000000
  0 6.299418 8.477628 141.732101 0.208623 -0.969639 -0.127584 0.707031 0.701172 1 11 1.000000
yuyuko.tga
  0 29.080669 15.649502 155.232117 0.361769 -0.924443 -0.120537 0.812500 0.761719 1 11 1.000000
  0 6.299420 10.352629 127.482101 0.208090 -0.969829 -0.127008 0.707031 0.634766 1 11 1.000000
  0 29.080675 20.712004 116.232086 0.361224 -0.924721 -0.120036 0.812500 0.583984 1 11 1.000000
yuyuko.tga
  0 6.299418 8.477628 141.732101 0.208623 -0.969639 -0.127584 0.707031 0.701172 1 11 1.000000
  0 6.299420 10.352629 127.482101 0.208090 -0.969829 -0.127008 0.707031 0.634766 1 11 1.000000
  0 29.080669 15.649502 155.232117 0.361769 -0.924443 -0.120537 0.812500 0.761719 1 11 1.000000
yuyuko.tga
  0 2.168559 -25.225489 114.732086 -0.725921 0.607557 -0.322355 0.777344 0.464844 1 11 1.000000
  0 -7.669336 -28.225489 131.232101 -0.737590 0.623430 -0.259415 0.828125 0.554688 1 11 1.000000
  0 7.002543 -11.491117 129.732101 -0.637669 0.756178 -0.146878 0.710938 0.552734 1 11 1.000000
yuyuko.tga
  0 6.674417 -10.694243 138.732101 -0.581059 0.808556 -0.092775 0.710938 0.603516 1 11 1.000000
  0 12.674419 -7.834869 138.732101 -0.259420 0.961181 -0.093976 0.675781 0.603516 1 11 1.000000
  0 7.002543 -11.491117 129.732101 -0.637669 0.756178 -0.146878 0.710938 0.552734 1 11 1.000000
yuyuko.tga
  0 7.002543 -11.491117 129.732101 -0.637669 0.756178 -0.146878 0.710938 0.552734 1 11 1.000000
  0 12.674419 -7.834869 138.732101 -0.259420 0.961181 -0.093976 0.675781 0.603516 1 11 1.000000
  0 12.955671 -8.631742 129.732101 -0.187311 0.970991 -0.148628 0.675781 0.552734 1 11 1.000000
yuyuko.tga
  0 12.955671 -8.631742 129.732101 -0.187311 0.970991 -0.148628 0.675781 0.552734 1 11 1.000000
  0 35.268177 -7.834866 131.232101 -0.016878 0.965026 -0.261609 0.562500 0.552734 1 18 1.000000
  0 26.643173 -13.600489 114.732086 -0.011983 0.945892 -0.324261 0.625000 0.464844 1 11 1.000000
yuyuko.tga
  0 7.002543 -11.491117 129.732101 -0.637669 0.756178 -0.146878 0.710938 0.552734 1 11 1.000000
  0 -7.669336 -28.225489 131.232101 -0.737590 0.623430 -0.259415 0.828125 0.554688 1 11 1.000000
  0 6.674417 -10.694243 138.732101 -0.581059 0.808556 -0.092775 0.710938 0.603516 1 11 1.000000
yuyuko.tga
  0 12.674419 -7.834869 138.732101 -0.259420 0.961181 -0.093976 0.675781 0.603516 1 11 1.000000
  0 35.268177 -7.834866 131.232101 -0.016878 0.965026 -0.261609 0.562500 0.552734 1 18 1.000000
  0 12.955671 -8.631742 129.732101 -0.187311 0.970991 -0.148628 0.675781 0.552734 1 11 1.000000
yuyuko.tga
  0 -18.075573 1.868263 28.950825 -0.981686 0.095563 0.164806 0.937500 0.757813 1 5 1.000000
  0 -11.888071 -10.272358 23.982073 0.013548 -0.773673 0.633440 0.890625 0.693359 1 6 1.000000
  0 -11.981822 -5.327047 29.513329 0.001342 -0.971578 0.236717 0.890625 0.757813 1 5 1.000000
yuyuko.tga
  0 -13.013069 10.868261 20.325821 -0.038266 0.905138 0.423393 0.890625 0.693359 1 6 1.000000
  0 -6.544321 1.516702 29.138325 0.983897 0.130471 0.122168 0.937500 0.757813 1 5 1.000000
  0 -2.442756 1.809671 20.935196 0.872420 0.205315 0.443543 0.980469 0.693359 1 6 1.000000
yuyuko.tga
  0 -11.888071 -10.272358 23.982073 0.013548 -0.773673 0.633440 0.890625 0.693359 1 6 1.000000
  0 -6.544321 1.516702 29.138325 0.983897 0.130471 0.122168 0.937500 0.757813 1 5 1.000000
  0 -11.981822 -5.327047 29.513329 0.001342 -0.971578 0.236717 0.890625 0.757813 1 5 1.000000
yuyuko.tga
  0 -13.013069 10.868261 20.325821 -0.038266 0.905138 0.423393 0.890625 0.693359 1 6 1.000000
  0 -22.481823 1.493264 20.747696 -0.875877 0.130702 0.464496 0.980469 0.693359 1 6 1.000000
  0 -18.075573 1.868263 28.950825 -0.981686 0.095563 0.164806 0.937500 0.757813 1 5 1.000000
yuyuko.tga
  0 -12.544322 9.321385 36.919579 -0.014049 0.963132 -0.268663 0.890625 0.693359 1 5 1.000000
  0 -18.075573 1.868263 28.950825 -0.981686 0.095563 0.164806 0.937500 0.757813 1 5 1.000000
  0 -19.856825 1.680762 36.732079 -0.974594 0.025928 -0.222475 0.980469 0.693359 1 5 1.000000
yuyuko.tga
  0 -12.544322 9.321385 36.919579 -0.014049 0.963132 -0.268663 0.890625 0.693359 1 5 1.000000
  0 -4.599009 1.153420 36.357079 0.965362 0.036932 -0.258287 0.980469 0.693359 1 5 1.000000
  0 -6.544321 1.516702 29.138325 0.983897 0.130471 0.122168 0.937500 0.757813 1 5 1.000000
yuyuko.tga
  0 -11.981822 -5.327047 29.513329 0.001342 -0.971578 0.236717 0.890625 0.757813 1 5 1.000000
  0 -6.544321 1.516702 29.138325 0.983897 0.130471 0.122168 0.937500 0.757813 1 5 1.000000
  0 -11.700572 -7.975485 36.732079 0.012281 -0.942114 -0.335068 0.890625 0.693359 1 5 1.000000
yuyuko.tga
  0 -18.075573 1.868263 28.950825 -0.981686 0.095563 0.164806 0.937500 0.757813 1 5 1.000000
  0 -11.981822 -5.327047 29.513329 0.001342 -0.971578 0.236717 0.890625 0.757813 1 5 1.000000
  0 -11.700572 -7.975485 36.732079 0.012281 -0.942114 -0.335068 0.890625 0.693359 1 5 1.000000
yuyuko.tga
  0 -18.075573 1.868263 28.950825 -0.981686 0.095563 0.164806 0.937500 0.757813 1 5 1.000000
  0 -11.700572 -7.975485 36.732079 0.012281 -0.942114 -0.335068 0.890625 0.693359 1 5 1.000000
  0 -19.856825 1.680762 36.732079 -0.974594 0.025928 -0.222475 0.980469 0.693359 1 5 1.000000
yuyuko.tga
  0 -22.481823 1.493264 20.747696 -0.875877 0.130702 0.464496 0.980469 0.693359 1 6 1.000000
  0 -11.888071 -10.272358 23.982073 0.013548 -0.773673 0.633440 0.890625 0.693359 1 6 1.000000
  0 -18.075573 1.868263 28.950825 -0.981686 0.095563 0.164806 0.937500 0.757813 1 5 1.000000
yuyuko.tga
  0 -11.888071 -10.272358 23.982073 0.013548 -0.773673 0.633440 0.890625 0.693359 1 6 1.000000
  0 -2.442756 1.809671 20.935196 0.872420 0.205315 0.443543 0.980469 0.693359 1 6 1.000000
  0 -6.544321 1.516702 29.138325 0.983897 0.130471 0.122168 0.937500 0.757813 1 5 1.000000
yuyuko.tga
  0 -11.700572 -7.975485 36.732079 0.012281 -0.942114 -0.335068 0.890625 0.693359 1 5 1.000000
  0 -6.544321 1.516702 29.138325 0.983897 0.130471 0.122168 0.937500 0.757813 1 5 1.000000
  0 -4.599009 1.153420 36.357079 0.965362 0.036932 -0.258287 0.980469 0.693359 1 5 1.000000
yuyuko.tga
  0 -12.731822 6.696386 29.138325 -0.021493 0.997530 0.066880 0.890625 0.757813 1 5 1.000000
  0 -18.075573 1.868263 28.950825 -0.981686 0.095563 0.164806 0.937500 0.757813 1 5 1.000000
  0 -12.544322 9.321385 36.919579 -0.014049 0.963132 -0.268663 0.890625 0.693359 1 5 1.000000
yuyuko.tga
  0 -13.013069 10.868261 20.325821 -0.038266 0.905138 0.423393 0.890625 0.693359 1 6 1.000000
  0 -18.075573 1.868263 28.950825 -0.981686 0.095563 0.164806 0.937500 0.757813 1 5 1.000000
  0 -12.731822 6.696386 29.138325 -0.021493 0.997530 0.066880 0.890625 0.757813 1 5 1.000000
yuyuko.tga
  0 -12.731822 6.696386 29.138325 -0.021493 0.997530 0.066880 0.890625 0.757813 1 5 1.000000
  0 -6.544321 1.516702 29.138325 0.983897 0.130471 0.122168 0.937500 0.757813 1 5 1.000000
  0 -13.013069 10.868261 20.325821 -0.038266 0.905138 0.423393 0.890625 0.693359 1 6 1.000000
yuyuko.tga
  0 -12.544322 9.321385 36.919579 -0.014049 0.963132 -0.268663 0.890625 0.693359 1 5 1.000000
  0 -6.544321 1.516702 29.138325 0.983897 0.130471 0.122168 0.937500 0.757813 1 5 1.000000
  0 -12.731822 6.696386 29.138325 -0.021493 0.997530 0.066880 0.890625 0.757813 1 5 1.000000
yuyuko.tga
  0 19.143185 1.868266 28.950825 0.980870 0.095683 0.169523 0.937500 0.757813 1 8 1.000000
  0 12.955683 -5.327045 29.513325 -0.020290 -0.971489 0.236216 0.890625 0.757813 1 8 1.000000
  0 12.955685 -10.272356 23.982075 -0.012122 -0.773092 0.634178 0.890625 0.693359 1 9 1.000000
yuyuko.tga
  0 14.080687 10.868265 20.325821 0.039223 0.904823 0.423977 0.890625 0.693359 1 9 1.000000
  0 3.463495 1.809672 20.935198 -0.870381 0.205381 0.447499 0.980469 0.693359 1 9 1.000000
  0 7.611931 1.516703 29.138325 -0.983954 0.131108 0.121015 0.937500 0.757813 1 8 1.000000
yuyuko.tga
  0 12.955685 -10.272356 23.982075 -0.012122 -0.773092 0.634178 0.890625 0.693359 1 9 1.000000
  0 12.955683 -5.327045 29.513325 -0.020290 -0.971489 0.236216 0.890625 0.757813 1 8 1.000000
  0 7.611931 1.516703 29.138325 -0.983954 0.131108 0.121015 0.937500 0.757813 1 8 1.000000
yuyuko.tga
  0 14.080687 10.868265 20.325821 0.039223 0.904823 0.423977 0.890625 0.693359 1 9 1.000000
  0 19.143185 1.868266 28.950825 0.980870 0.095683 0.169523 0.937500 0.757813 1 8 1.000000
  0 23.549438 1.493267 20.747696 0.875877 0.130702 0.464496 0.980469 0.693359 1 9 1.000000
yuyuko.tga
  0 13.611933 9.321387 36.919579 0.017040 0.963444 -0.267368 0.890625 0.693359 1 8 1.000000
  0 20.830685 1.680765 36.732079 0.977114 0.024355 -0.211317 0.980469 0.693359 1 8 1.000000
  0 19.143185 1.868266 28.950825 0.980870 0.095683 0.169523 0.937500 0.757813 1 8 1.000000
yuyuko.tga
  0 13.611933 9.321387 36.919579 0.017040 0.963444 -0.267368 0.890625 0.693359 1 8 1.000000
  0 7.611931 1.516703 29.138325 -0.983954 0.131108 0.121015 0.937500 0.757813 1 8 1.000000
  0 5.619742 1.153420 36.357079 -0.963755 0.038104 -0.264054 0.980469 0.693359 1 8 1.000000
yuyuko.tga
  0 12.955683 -5.327045 29.513325 -0.020290 -0.971489 0.236216 0.890625 0.757813 1 8 1.000000
  0 12.721307 -7.975484 36.732079 -0.012696 -0.942447 -0.334116 0.890625 0.693359 1 8 1.000000
  0 7.611931 1.516703 29.138325 -0.983954 0.131108 0.121015 0.937500 0.757813 1 8 1.000000
yuyuko.tga
  0 19.143185 1.868266 28.950825 0.980870 0.095683 0.169523 0.937500 0.757813 1 8 1.000000
  0 12.721307 -7.975484 36.732079 -0.012696 -0.942447 -0.334116 0.890625 0.693359 1 8 1.000000
  0 12.955683 -5.327045 29.513325 -0.020290 -0.971489 0.236216 0.890625 0.757813 1 8 1.000000
yuyuko.tga
  0 19.143185 1.868266 28.950825 0.980870 0.095683 0.169523 0.937500 0.757813 1 8 1.000000
  0 20.830685 1.680765 36.732079 0.977114 0.024355 -0.211317 0.980469 0.693359 1 8 1.000000
  0 12.721307 -7.975484 36.732079 -0.012696 -0.942447 -0.334116 0.890625 0.693359 1 8 1.000000
yuyuko.tga
  0 23.549438 1.493267 20.747696 0.875877 0.130702 0.464496 0.980469 0.693359 1 9 1.000000
  0 19.143185 1.868266 28.950825 0.980870 0.095683 0.169523 0.937500 0.757813 1 8 1.000000
  0 12.955685 -10.272356 23.982075 -0.012122 -0.773092 0.634178 0.890625 0.693359 1 9 1.000000
yuyuko.tga
  0 12.955685 -10.272356 23.982075 -0.012122 -0.773092 0.634178 0.890625 0.693359 1 9 1.000000
  0 7.611931 1.516703 29.138325 -0.983954 0.131108 0.121015 0.937500 0.757813 1 8 1.000000
  0 3.463495 1.809672 20.935198 -0.870381 0.205381 0.447499 0.980469 0.693359 1 9 1.000000
yuyuko.tga
  0 12.721307 -7.975484 36.732079 -0.012696 -0.942447 -0.334116 0.890625 0.693359 1 8 1.000000
  0 5.619742 1.153420 36.357079 -0.963755 0.038104 -0.264054 0.980469 0.693359 1 8 1.000000
  0 7.611931 1.516703 29.138325 -0.983954 0.131108 0.121015 0.937500 0.757813 1 8 1.000000
yuyuko.tga
  0 13.705684 6.696388 29.138325 0.006074 0.997787 0.066212 0.890625 0.757813 1 8 1.000000
  0 13.611933 9.321387 36.919579 0.017040 0.963444 -0.267368 0.890625 0.693359 1 8 1.000000
  0 19.143185 1.868266 28.950825 0.980870 0.095683 0.169523 0.937500 0.757813 1 8 1.000000
yuyuko.tga
  0 14.080687 10.868265 20.325821 0.039223 0.904823 0.423977 0.890625 0.693359 1 9 1.000000
  0 13.705684 6.696388 29.138325 0.006074 0.997787 0.066212 0.890625 0.757813 1 8 1.000000
  0 19.143185 1.868266 28.950825 0.980870 0.095683 0.169523 0.937500 0.757813 1 8 1.000000
yuyuko.tga
  0 13.705684 6.696388 29.138325 0.006074 0.997787 0.066212 0.890625 0.757813 1 8 1.000000
  0 14.080687 10.868265 20.325821 0.039223 0.904823 0.423977 0.890625 0.693359 1 9 1.000000
  0 7.611931 1.516703 29.138325 -0.983954 0.131108 0.121015 0.937500 0.757813 1 8 1.000000
yuyuko.tga
  0 13.611933 9.321387 36.919579 0.017040 0.963444 -0.267368 0.890625 0.693359 1 8 1.000000
  0 13.705684 6.696388 29.138325 0.006074 0.997787 0.066212 0.890625 0.757813 1 8 1.000000
  0 7.611931 1.516703 29.138325 -0.983954 0.131108 0.121015 0.937500 0.757813 1 8 1.000000
yuyuko.tga
  0 32.830677 -1.284087 134.232101 0.764598 -0.072022 0.640470 0.777344 0.769531 1 20 1.000000
  0 64.518181 -71.725464 88.482086 0.764598 -0.072022 0.640470 0.570313 0.989014 1 20 1.000000
  0 82.143188 52.024506 81.357071 0.764598 -0.072022 0.640470 0.980469 0.989014 1 20 1.000000
yuyuko.tga
  0 -29.794338 -1.741123 132.732117 -0.741944 -0.069085 0.666893 0.777344 0.769531 1 15 1.000000
  0 -80.606850 51.649498 81.732086 -0.741944 -0.069085 0.666893 0.980469 0.989014 1 15 1.000000
  0 -62.981842 -72.475479 88.482101 -0.741944 -0.069085 0.666893 0.570313 0.989014 1 15 1.000000
yuyuko.tga
  0 0.406346 -4.975498 172.482117 0.000244 -0.999995 -0.003069 0.953125 0.132813 1 11 1.000000
  0 -3.028714 -1.304601 173.982117 -0.998144 0.060900 0.000374 0.941406 0.136719 1 11 1.000000
  0 -3.028713 -1.272374 168.732117 -0.718498 0.062734 0.692694 0.941406 0.132813 1 11 1.000000
yuyuko.tga
  0 -3.028713 -1.272374 168.732117 -0.718498 0.062734 0.692694 0.941406 0.132813 1 11 1.000000
  0 -3.028714 -1.304601 173.982117 -0.998144 0.060900 0.000374 0.941406 0.136719 1 11 1.000000
  0 0.406346 3.274500 174.732117 0.000185 0.999874 -0.015899 0.941406 0.136719 1 11 1.000000
yuyuko.tga
  0 0.406347 3.087000 169.482117 0.000227 0.990747 0.135720 0.941406 0.132813 1 11 1.000000
  0 -3.028713 -1.272374 168.732117 -0.718498 0.062734 0.692694 0.941406 0.132813 1 11 1.000000
  0 0.406346 3.274500 174.732117 0.000185 0.999874 -0.015899 0.941406 0.136719 1 11 1.000000
yuyuko.tga
  0 0.406346 -4.975497 167.982117 -0.000156 -0.746254 0.665662 0.953125 0.132813 1 11 1.000000
  0 0.406346 -4.975498 172.482117 0.000244 -0.999995 -0.003069 0.953125 0.132813 1 11 1.000000
  0 -3.028713 -1.272374 168.732117 -0.718498 0.062734 0.692694 0.941406 0.132813 1 11 1.000000
yuyuko.tga
  0 0.406346 -4.975498 172.482117 0.000244 -0.999995 -0.003069 0.953125 0.132813 1 11 1.000000
  0 3.838476 -1.272373 168.732117 0.718110 0.062885 0.693082 0.964844 0.132813 1 11 1.000000
  0 3.838475 -1.304600 173.982117 0.998147 0.060854 0.000374 0.964844 0.136719 1 11 1.000000
yuyuko.tga
  0 3.838476 -1.272373 168.732117 0.718110 0.062885 0.693082 0.964844 0.132813 1 11 1.000000
  0 0.406346 3.274500 174.732117 0.000185 0.999874 -0.015899 0.964844 0.136719 1 11 1.000000
  0 3.838475 -1.304600 173.982117 0.998147 0.060854 0.000374 0.964844 0.136719 1 11 1.000000
yuyuko.tga
  0 0.406347 3.087000 169.482117 0.000227 0.990747 0.135720 0.964844 0.132813 1 11 1.000000
  0 0.406346 3.274500 174.732117 0.000185 0.999874 -0.015899 0.964844 0.136719 1 11 1.000000
  0 3.838476 -1.272373 168.732117 0.718110 0.062885 0.693082 0.964844 0.132813 1 11 1.000000
yuyuko.tga
  0 0.406346 -4.975497 167.982117 -0.000156 -0.746254 0.665662 0.953125 0.132813 1 11 1.000000
  0 3.838476 -1.272373 168.732117 0.718110 0.062885 0.693082 0.964844 0.132813 1 11 1.000000
  0 0.406346 -4.975498 172.482117 0.000244 -0.999995 -0.003069 0.953125 0.132813 1 11 1.000000
yuyuko.tga
  0 -3.028713 -1.272374 168.732117 -0.718498 0.062734 0.692694 0.964844 0.132813 1 11 1.000000
  0 -8.888088 -1.521398 167.232117 -0.274965 -0.055900 0.959828 0.964844 0.136719 1 11 1.000000
  0 0.406346 -4.975497 167.982117 -0.000156 -0.746254 0.665662 0.960938 0.132813 1 11 1.000000
yuyuko.tga
  0 0.406346 -4.975497 167.982117 -0.000156 -0.746254 0.665662 0.960938 0.132813 1 11 1.000000
  0 -8.888088 -1.521398 167.232117 -0.274965 -0.055900 0.959828 0.964844 0.136719 1 11 1.000000
  0 0.406347 -10.506746 164.232117 -0.000109 -0.561158 0.827708 0.960938 0.136719 1 11 1.000000
yuyuko.tga
  0 0.406347 3.087000 169.482117 0.000227 0.990747 0.135720 0.964844 0.132813 1 11 1.000000
  0 0.406347 4.305750 165.732117 -0.000018 0.812012 0.583641 0.964844 0.136719 1 11 1.000000
  0 -3.028713 -1.272374 168.732117 -0.718498 0.062734 0.692694 0.960938 0.132813 1 11 1.000000
yuyuko.tga
  0 -3.028713 -1.272374 168.732117 -0.718498 0.062734 0.692694 0.960938 0.132813 1 11 1.000000
  0 0.406347 4.305750 165.732117 -0.000018 0.812012 0.583641 0.964844 0.136719 1 11 1.000000
  0 -8.888088 -1.521398 167.232117 -0.274965 -0.055900 0.959828 0.960938 0.136719 1 11 1.000000
yuyuko.tga
  0 3.838476 -1.272373 168.732117 0.718110 0.062885 0.693082 0.960938 0.132813 1 11 1.000000
  0 0.406346 -4.975497 167.982117 -0.000156 -0.746254 0.665662 0.964844 0.132813 1 11 1.000000
  0 9.721291 -1.521396 167.232117 0.274128 -0.055998 0.960061 0.960938 0.136719 1 11 1.000000
yuyuko.tga
  0 9.721291 -1.521396 167.232117 0.274128 -0.055998 0.960061 0.960938 0.136719 1 11 1.000000
  0 0.406346 -4.975497 167.982117 -0.000156 -0.746254 0.665662 0.964844 0.132813 1 11 1.000000
  0 0.406347 -10.506746 164.232117 -0.000109 -0.561158 0.827708 0.964844 0.136719 1 11 1.000000
yuyuko.tga
  0 0.406347 3.087000 169.482117 0.000227 0.990747 0.135720 0.960938 0.132813 1 11 1.000000
  0 3.838476 -1.272373 168.732117 0.718110 0.062885 0.693082 0.964844 0.132813 1 11 1.000000
  0 0.406347 4.305750 165.732117 -0.000018 0.812012 0.583641 0.960938 0.136719 1 11 1.000000
yuyuko.tga
  0 0.406347 4.305750 165.732117 -0.000018 0.812012 0.583641 0.960938 0.136719 1 11 1.000000
  0 3.838476 -1.272373 168.732117 0.718110 0.062885 0.693082 0.964844 0.132813 1 11 1.000000
  0 9.721291 -1.521396 167.232117 0.274128 -0.055998 0.960061 0.964844 0.136719 1 11 1.000000
yuyuko.tga
  0 40.893177 -3.791897 122.982101 -0.977245 0.101751 -0.186116 0.079590 0.300781 1 20 1.000000
  0 43.705677 -10.553615 122.232086 -0.315245 -0.905360 0.284506 0.080078 0.308594 1 20 1.000000
  0 42.768177 -6.264553 125.982101 -0.222479 -0.668826 0.709348 0.077148 0.304688 1 20 1.000000
yuyuko.tga
  0 42.955677 -0.721585 123.732101 -0.183205 0.981474 0.056079 0.035400 0.304688 1 20 1.000000
  0 45.393177 -3.475491 126.732101 0.634391 0.106118 0.765694 0.035400 0.296875 1 20 1.000000
  0 46.518181 0.286228 117.732086 -0.099626 0.943091 -0.317259 0.047607 0.308594 1 20 1.000000
yuyuko.tga
  0 45.393177 -3.475491 126.732101 0.634391 0.106118 0.765694 0.050293 0.328125 1 20 1.000000
  0 42.768177 -6.264553 125.982101 -0.222479 -0.668826 0.709348 0.052979 0.332031 1 20 1.000000
  0 43.705677 -10.553615 122.232086 -0.315245 -0.905360 0.284506 0.047363 0.335938 1 20 1.000000
yuyuko.tga
  0 48.580681 -5.256739 111.732086 -0.028349 0.147268 -0.988690 0.081055 0.332031 1 20 1.000000
  0 47.643181 -9.803614 113.232086 -0.203930 -0.657086 -0.725707 0.084473 0.332031 1 20 1.000000
  0 46.518181 0.286228 117.732086 -0.099626 0.943091 -0.317259 0.076660 0.335938 1 20 1.000000
yuyuko.tga
  0 46.518181 0.286228 117.732086 -0.099626 0.943091 -0.317259 0.076660 0.335938 1 20 1.000000
  0 47.643181 -9.803614 113.232086 -0.203930 -0.657086 -0.725707 0.084473 0.332031 1 20 1.000000
  0 43.705677 -10.553615 122.232086 -0.315245 -0.905360 0.284506 0.084961 0.339844 1 20 1.000000
yuyuko.tga
  0 46.518181 0.286228 117.732086 -0.099626 0.943091 -0.317259 0.047607 0.308594 1 20 1.000000
  0 51.393181 -4.553615 121.482086 0.805839 0.189420 0.561020 0.049805 0.296875 1 20 1.000000
  0 51.393181 -2.995021 116.232086 0.804897 0.518176 -0.289197 0.056641 0.304688 1 20 1.000000
yuyuko.tga
  0 51.393181 -4.553615 121.482086 0.805839 0.189420 0.561020 0.051270 0.347656 1 20 1.000000
  0 52.143181 -8.819239 118.482086 0.821040 -0.561287 0.104166 0.054688 0.351563 1 20 1.000000
  0 51.393181 -2.995021 116.232086 0.804897 0.518176 -0.289197 0.050049 0.351563 1 20 1.000000
yuyuko.tga
  0 46.518181 0.286228 117.732086 -0.099626 0.943091 -0.317259 0.047607 0.308594 1 20 1.000000
  0 43.143181 -7.975488 113.982086 -0.098234 -0.400257 -0.911123 0.048096 0.316406 1 20 1.000000
  0 40.893177 -3.791897 122.982101 -0.977245 0.101751 -0.186116 0.033936 0.308594 1 20 1.000000
yuyuko.tga
  0 51.393181 -4.553615 121.482086 0.805839 0.189420 0.561020 0.029419 0.355469 1 20 1.000000
  0 43.705677 -10.553615 122.232086 -0.315245 -0.905360 0.284506 0.033936 0.347656 1 20 1.000000
  0 52.143181 -8.819239 118.482086 0.821040 -0.561287 0.104166 0.032715 0.355469 1 20 1.000000
yuyuko.tga
  0 43.705677 -10.553615 122.232086 -0.315245 -0.905360 0.284506 0.080078 0.308594 1 20 1.000000
  0 40.893177 -3.791897 122.982101 -0.977245 0.101751 -0.186116 0.079590 0.300781 1 20 1.000000
  0 43.143181 -7.975488 113.982086 -0.098234 -0.400257 -0.911123 0.086426 0.304688 1 20 1.000000
yuyuko.tga
  0 46.518181 0.286228 117.732086 -0.099626 0.943091 -0.317259 0.085938 0.320313 1 20 1.000000
  0 43.705677 -10.553615 122.232086 -0.315245 -0.905360 0.284506 0.077148 0.324219 1 20 1.000000
  0 43.143181 -7.975488 113.982086 -0.098234 -0.400257 -0.911123 0.079590 0.316406 1 20 1.000000
yuyuko.tga
  0 46.518181 0.286228 117.732086 -0.099626 0.943091 -0.317259 0.047607 0.308594 1 20 1.000000
  0 51.393181 -2.995021 116.232086 0.804897 0.518176 -0.289197 0.056641 0.304688 1 20 1.000000
  0 48.580681 -5.256739 111.732086 -0.028349 0.147268 -0.988690 0.057861 0.312500 1 20 1.000000
yuyuko.tga
  0 51.393181 -2.995021 116.232086 0.804897 0.518176 -0.289197 0.050049 0.351563 1 20 1.000000
  0 52.143181 -8.819239 118.482086 0.821040 -0.561287 0.104166 0.054688 0.351563 1 20 1.000000
  0 48.580681 -5.256739 111.732086 -0.028349 0.147268 -0.988690 0.051758 0.355469 1 20 1.000000
yuyuko.tga
  0 52.143181 -8.819239 118.482086 0.821040 -0.561287 0.104166 0.035156 0.351563 1 20 1.000000
  0 43.705677 -10.553615 122.232086 -0.315245 -0.905360 0.284506 0.041504 0.347656 1 20 1.000000
  0 47.643181 -9.803614 113.232086 -0.203930 -0.657086 -0.725707 0.038574 0.355469 1 20 1.000000
yuyuko.tga
  0 46.518181 0.286228 117.732086 -0.099626 0.943091 -0.317259 0.047607 0.308594 1 20 1.000000
  0 40.893177 -3.791897 122.982101 -0.977245 0.101751 -0.186116 0.033936 0.308594 1 20 1.000000
  0 42.955677 -0.721585 123.732101 -0.183205 0.981474 0.056079 0.035400 0.304688 1 20 1.000000
yuyuko.tga
  0 45.393177 -3.475491 126.732101 0.634391 0.106118 0.765694 0.050293 0.328125 1 20 1.000000
  0 43.705677 -10.553615 122.232086 -0.315245 -0.905360 0.284506 0.047363 0.335938 1 20 1.000000
  0 51.393181 -4.553615 121.482086 0.805839 0.189420 0.561020 0.036133 0.328125 1 20 1.000000
yuyuko.tga
  0 46.518181 0.286228 117.732086 -0.099626 0.943091 -0.317259 0.047607 0.308594 1 20 1.000000
  0 45.393177 -3.475491 126.732101 0.634391 0.106118 0.765694 0.035400 0.296875 1 20 1.000000
  0 51.393181 -4.553615 121.482086 0.805839 0.189420 0.561020 0.049805 0.296875 1 20 1.000000
yuyuko.tga
  0 48.580681 -5.256739 111.732086 -0.028349 0.147268 -0.988690 0.051758 0.355469 1 20 1.000000
  0 52.143181 -8.819239 118.482086 0.821040 -0.561287 0.104166 0.054688 0.351563 1 20 1.000000
  0 47.643181 -9.803614 113.232086 -0.203930 -0.657086 -0.725707 0.055420 0.355469 1 20 1.000000
yuyuko.tga
  0 -39.169342 -3.791903 122.982101 0.977245 0.101751 -0.186116 0.079590 0.300781 1 14 1.000000
  0 -41.044342 -6.264559 125.982101 0.222479 -0.668826 0.709348 0.077148 0.304688 1 14 1.000000
  0 -41.981846 -10.553621 122.232086 0.310662 -0.907823 0.281685 0.080078 0.308594 1 14 1.000000
yuyuko.tga
  0 -41.231846 -0.721592 123.732101 0.183205 0.981474 0.056079 0.035889 0.304688 1 14 1.000000
  0 -44.794342 0.286221 117.732086 0.101208 0.943103 -0.316724 0.048096 0.308594 1 14 1.000000
  0 -43.669346 -3.475498 126.732101 -0.641845 0.103594 0.759805 0.035889 0.296875 1 14 1.000000
yuyuko.tga
  0 -43.669346 -3.475498 126.732101 -0.641845 0.103594 0.759805 0.050049 0.328125 1 14 1.000000
  0 -41.981846 -10.553621 122.232086 0.310662 -0.907823 0.281685 0.047119 0.335938 1 14 1.000000
  0 -41.044342 -6.264559 125.982101 0.222479 -0.668826 0.709348 0.052734 0.332031 1 14 1.000000
yuyuko.tga
  0 -46.856842 -5.256746 111.732086 0.046023 0.133024 -0.990044 0.081055 0.332031 1 14 1.000000
  0 -44.794342 0.286221 117.732086 0.101208 0.943103 -0.316724 0.076660 0.335938 1 14 1.000000
  0 -46.106842 -9.803619 113.232086 0.169264 -0.659769 -0.732157 0.084473 0.332031 1 14 1.000000
yuyuko.tga
  0 -44.794342 0.286221 117.732086 0.101208 0.943103 -0.316724 0.076660 0.335938 1 14 1.000000
  0 -41.981846 -10.553621 122.232086 0.310662 -0.907823 0.281685 0.084961 0.339844 1 14 1.000000
  0 -46.106842 -9.803619 113.232086 0.169264 -0.659769 -0.732157 0.084473 0.332031 1 14 1.000000
yuyuko.tga
  0 -44.794342 0.286221 117.732086 0.101208 0.943103 -0.316724 0.048096 0.308594 1 14 1.000000
  0 -49.856842 -2.995028 116.232086 -0.821123 0.499874 -0.275468 0.057373 0.304688 1 14 1.000000
  0 -49.481842 -4.553623 121.482086 -0.798268 0.181505 0.574303 0.050293 0.296875 1 14 1.000000
yuyuko.tga
  0 -49.481842 -4.553623 121.482086 -0.798268 0.181505 0.574303 0.051270 0.347656 1 14 1.000000
  0 -49.856842 -2.995028 116.232086 -0.821123 0.499874 -0.275468 0.050049 0.351563 1 14 1.000000
  0 -50.231842 -8.819246 118.482086 -0.812596 -0.570770 0.117938 0.054688 0.351563 1 14 1.000000
yuyuko.tga
  0 -44.794342 0.286221 117.732086 0.101208 0.943103 -0.316724 0.048096 0.308594 1 14 1.000000
  0 -39.169342 -3.791903 122.982101 0.977245 0.101751 -0.186116 0.034668 0.308594 1 14 1.000000
  0 -41.419342 -7.975495 113.982086 0.098234 -0.400257 -0.911123 0.048584 0.316406 1 14 1.000000
yuyuko.tga
  0 -49.481842 -4.553623 121.482086 -0.798268 0.181505 0.574303 0.029419 0.355469 1 14 1.000000
  0 -50.231842 -8.819246 118.482086 -0.812596 -0.570770 0.117938 0.032715 0.355469 1 14 1.000000
  0 -41.981846 -10.553621 122.232086 0.310662 -0.907823 0.281685 0.033936 0.347656 1 14 1.000000
yuyuko.tga
  0 -41.981846 -10.553621 122.232086 0.310662 -0.907823 0.281685 0.080078 0.308594 1 14 1.000000
  0 -41.419342 -7.975495 113.982086 0.098234 -0.400257 -0.911123 0.086426 0.304688 1 14 1.000000
  0 -39.169342 -3.791903 122.982101 0.977245 0.101751 -0.186116 0.079590 0.300781 1 14 1.000000
yuyuko.tga
  0 -44.794342 0.286221 117.732086 0.101208 0.943103 -0.316724 0.085938 0.320313 1 14 1.000000
  0 -41.419342 -7.975495 113.982086 0.098234 -0.400257 -0.911123 0.079590 0.316406 1 14 1.000000
  0 -41.981846 -10.553621 122.232086 0.310662 -0.907823 0.281685 0.077148 0.324219 1 14 1.000000
yuyuko.tga
  0 -44.794342 0.286221 117.732086 0.101208 0.943103 -0.316724 0.048096 0.308594 1 14 1.000000
  0 -46.856842 -5.256746 111.732086 0.046023 0.133024 -0.990044 0.058594 0.312500 1 14 1.000000
  0 -49.856842 -2.995028 116.232086 -0.821123 0.499874 -0.275468 0.057373 0.304688 1 14 1.000000
yuyuko.tga
  0 -49.856842 -2.995028 116.232086 -0.821123 0.499874 -0.275468 0.050049 0.351563 1 14 1.000000
  0 -46.856842 -5.256746 111.732086 0.046023 0.133024 -0.990044 0.051758 0.355469 1 14 1.000000
  0 -50.231842 -8.819246 118.482086 -0.812596 -0.570770 0.117938 0.054688 0.351563 1 14 1.000000
yuyuko.tga
  0 -50.231842 -8.819246 118.482086 -0.812596 -0.570770 0.117938 0.035156 0.351563 1 14 1.000000
  0 -46.106842 -9.803619 113.232086 0.169264 -0.659769 -0.732157 0.038574 0.355469 1 14 1.000000
  0 -41.981846 -10.553621 122.232086 0.310662 -0.907823 0.281685 0.041504 0.347656 1 14 1.000000
yuyuko.tga
  0 -44.794342 0.286221 117.732086 0.101208 0.943103 -0.316724 0.048096 0.308594 1 14 1.000000
  0 -41.231846 -0.721592 123.732101 0.183205 0.981474 0.056079 0.035889 0.304688 1 14 1.000000
  0 -39.169342 -3.791903 122.982101 0.977245 0.101751 -0.186116 0.034668 0.308594 1 14 1.000000
yuyuko.tga
  0 -43.669346 -3.475498 126.732101 -0.641845 0.103594 0.759805 0.050049 0.328125 1 14 1.000000
  0 -49.481842 -4.553623 121.482086 -0.798268 0.181505 0.574303 0.035889 0.328125 1 14 1.000000
  0 -41.981846 -10.553621 122.232086 0.310662 -0.907823 0.281685 0.047119 0.335938 1 14 1.000000
yuyuko.tga
  0 -44.794342 0.286221 117.732086 0.101208 0.943103 -0.316724 0.048096 0.308594 1 14 1.000000
  0 -49.481842 -4.553623 121.482086 -0.798268 0.181505 0.574303 0.050293 0.296875 1 14 1.000000
  0 -43.669346 -3.475498 126.732101 -0.641845 0.103594 0.759805 0.035889 0.296875 1 14 1.000000
yuyuko.tga
  0 -46.856842 -5.256746 111.732086 0.046023 0.133024 -0.990044 0.051758 0.355469 1 14 1.000000
  0 -46.106842 -9.803619 113.232086 0.169264 -0.659769 -0.732157 0.055420 0.355469 1 14 1.000000
  0 -50.231842 -8.819246 118.482086 -0.812596 -0.570770 0.117938 0.054688 0.351563 1 14 1.000000
yuyuko.tga
  0 -27.169331 14.712005 71.607086 -0.707412 0.480013 0.518802 0.527344 0.359375 2 34 0.500000 35 0.500000
  0 -11.981833 5.946381 106.482101 -0.740276 0.500741 0.448608 0.554688 0.277344 2 34 0.500000 35 0.500000
  0 0.514758 26.337008 71.607086 -0.000762 0.889946 0.456066 0.582031 0.359375 1 35 1.000000
yuyuko.tga
  0 0.514758 26.337008 71.607086 -0.000762 0.889946 0.456066 0.582031 0.359375 1 35 1.000000
  0 -11.981833 5.946381 106.482101 -0.740276 0.500741 0.448608 0.554688 0.277344 2 34 0.500000 35 0.500000
  0 0.514753 11.337005 106.107101 -0.000560 0.917070 0.398726 0.582031 0.281250 1 35 1.000000
yuyuko.tga
  0 -11.981833 -6.803617 106.482101 -0.768569 -0.476974 0.426376 0.898438 0.644531 1 34 1.000000
  0 -11.981833 5.946381 106.482101 -0.740276 0.500741 0.448608 0.929688 0.644531 2 34 0.500000 35 0.500000
  0 -27.169334 -13.506740 71.607086 -0.743459 -0.449333 0.495347 0.886719 0.566406 1 34 1.000000
yuyuko.tga
  0 -27.169334 -13.506740 71.607086 -0.743459 -0.449333 0.495347 0.886719 0.566406 1 34 1.000000
  0 -11.981833 5.946381 106.482101 -0.740276 0.500741 0.448608 0.929688 0.644531 2 34 0.500000 35 0.500000
  0 -27.169331 14.712005 71.607086 -0.707412 0.480013 0.518802 0.945313 0.566406 2 34 0.500000 35 0.500000
yuyuko.tga
  0 -27.169334 -13.506740 71.607086 -0.743459 -0.449333 0.495347 0.402344 0.367188 1 34 1.000000
  0 0.514751 -13.694240 106.107101 -0.000860 -0.917347 0.398088 0.349609 0.289063 2 33 0.500000 34 0.500000
  0 -11.981833 -6.803617 106.482101 -0.768569 -0.476974 0.426376 0.375000 0.289063 1 34 1.000000
yuyuko.tga
  0 0.514758 26.337008 71.607086 -0.000762 0.889946 0.456066 0.582031 0.359375 1 35 1.000000
  0 0.514762 44.336998 40.482071 -0.000171 0.863576 0.504219 0.582031 0.441406 1 35 1.000000
  0 -27.169331 14.712005 71.607086 -0.707412 0.480013 0.518802 0.527344 0.359375 2 34 0.500000 35 0.500000
yuyuko.tga
  0 -27.169331 14.712005 71.607086 -0.707412 0.480013 0.518802 0.527344 0.359375 2 34 0.500000 35 0.500000
  0 0.514762 44.336998 40.482071 -0.000171 0.863576 0.504219 0.582031 0.441406 1 35 1.000000
  0 -45.356834 25.212008 41.232075 -0.685722 0.455218 0.567946 0.482422 0.441406 2 34 0.500000 35 0.500000
yuyuko.tga
  0 -45.356834 25.212008 41.232075 -0.685722 0.455218 0.567946 0.968750 0.484375 2 34 0.500000 35 0.500000
  0 -45.356838 -21.475487 41.232079 -0.726844 -0.418081 0.544891 0.867188 0.484375 1 34 1.000000
  0 -27.169331 14.712005 71.607086 -0.707412 0.480013 0.518802 0.945313 0.566406 2 34 0.500000 35 0.500000
yuyuko.tga
  0 -27.169331 14.712005 71.607086 -0.707412 0.480013 0.518802 0.945313 0.566406 2 34 0.500000 35 0.500000
  0 -45.356838 -21.475487 41.232079 -0.726844 -0.418081 0.544891 0.867188 0.484375 1 34 1.000000
  0 -27.169334 -13.506740 71.607086 -0.743459 -0.449333 0.495347 0.886719 0.566406 1 34 1.000000
yuyuko.tga
  0 -45.356838 -21.475487 41.232079 -0.726844 -0.418081 0.544891 0.445313 0.445313 1 34 1.000000
  0 0.514757 -46.975479 40.482079 -0.000208 -0.863738 0.503942 0.349609 0.449219 2 33 0.500000 34 0.500000
  0 -27.169334 -13.506740 71.607086 -0.743459 -0.449333 0.495347 0.402344 0.367188 1 34 1.000000
yuyuko.tga
  0 -27.169334 -13.506740 71.607086 -0.743459 -0.449333 0.495347 0.402344 0.367188 1 34 1.000000
  0 0.514757 -46.975479 40.482079 -0.000208 -0.863738 0.503942 0.349609 0.449219 2 33 0.500000 34 0.500000
  0 0.514755 -28.975481 71.607086 -0.000956 -0.887724 0.460375 0.349609 0.367188 2 33 0.500000 34 0.500000
yuyuko.tga
  0 0.514753 11.337005 106.107101 -0.000560 0.917070 0.398726 0.582031 0.281250 1 35 1.000000
  0 13.049423 5.946383 106.482101 0.738950 0.501429 0.450024 0.554688 0.277344 2 33 0.500000 35 0.500000
  0 0.514758 26.337008 71.607086 -0.000762 0.889946 0.456066 0.582031 0.359375 1 35 1.000000
yuyuko.tga
  0 0.514758 26.337008 71.607086 -0.000762 0.889946 0.456066 0.582031 0.359375 1 35 1.000000
  0 13.049423 5.946383 106.482101 0.738950 0.501429 0.450024 0.554688 0.277344 2 33 0.500000 35 0.500000
  0 28.330681 14.712010 71.607086 0.708079 0.479909 0.517988 0.527344 0.359375 2 33 0.500000 35 0.500000
yuyuko.tga
  0 28.330681 14.712010 71.607086 0.708079 0.479909 0.517988 0.941406 0.566406 2 33 0.500000 35 0.500000
  0 13.049423 5.946383 106.482101 0.738950 0.501429 0.450024 0.929688 0.644531 2 33 0.500000 35 0.500000
  0 28.330681 -13.506733 71.607086 0.743996 -0.449364 0.494512 0.886719 0.566406 1 33 1.000000
yuyuko.tga
  0 28.330681 -13.506733 71.607086 0.743996 -0.449364 0.494512 0.886719 0.566406 1 33 1.000000
  0 13.049423 5.946383 106.482101 0.738950 0.501429 0.450024 0.929688 0.644531 2 33 0.500000 35 0.500000
  0 13.049423 -6.803615 106.482101 0.767293 -0.477575 0.427998 0.898438 0.644531 1 33 1.000000
yuyuko.tga
  0 0.514755 -28.975481 71.607086 -0.000956 -0.887724 0.460375 0.349609 0.367188 2 33 0.500000 34 0.500000
  0 28.330681 -13.506733 71.607086 0.743996 -0.449364 0.494512 0.296875 0.367188 1 33 1.000000
  0 0.514751 -13.694240 106.107101 -0.000860 -0.917347 0.398088 0.349609 0.289063 2 33 0.500000 34 0.500000
yuyuko.tga
  0 0.514758 26.337008 71.607086 -0.000762 0.889946 0.456066 0.582031 0.359375 1 35 1.000000
  0 28.330681 14.712010 71.607086 0.708079 0.479909 0.517988 0.527344 0.359375 2 33 0.500000 35 0.500000
  0 0.514762 44.336998 40.482071 -0.000171 0.863576 0.504219 0.582031 0.441406 1 35 1.000000
yuyuko.tga
  0 0.514762 44.336998 40.482071 -0.000171 0.863576 0.504219 0.582031 0.441406 1 35 1.000000
  0 28.330681 14.712010 71.607086 0.708079 0.479909 0.517988 0.527344 0.359375 2 33 0.500000 35 0.500000
  0 46.330692 25.212013 41.232071 0.687133 0.456684 0.565056 0.482422 0.441406 2 33 0.500000 35 0.500000
yuyuko.tga
  0 28.330681 -13.506733 71.607086 0.743996 -0.449364 0.494512 0.886719 0.566406 1 33 1.000000
  0 46.330685 -21.475477 41.232075 0.728472 -0.419380 0.541709 0.867188 0.484375 1 33 1.000000
  0 28.330681 14.712010 71.607086 0.708079 0.479909 0.517988 0.941406 0.566406 2 33 0.500000 35 0.500000
yuyuko.tga
  0 28.330681 14.712010 71.607086 0.708079 0.479909 0.517988 0.941406 0.566406 2 33 0.500000 35 0.500000
  0 46.330685 -21.475477 41.232075 0.728472 -0.419380 0.541709 0.867188 0.484375 1 33 1.000000
  0 46.330692 25.212013 41.232071 0.687133 0.456684 0.565056 0.968750 0.484375 2 33 0.500000 35 0.500000
yuyuko.tga
  0 0.514755 -28.975481 71.607086 -0.000956 -0.887724 0.460375 0.349609 0.367188 2 33 0.500000 34 0.500000
  0 0.514757 -46.975479 40.482079 -0.000208 -0.863738 0.503942 0.349609 0.449219 2 33 0.500000 34 0.500000
  0 28.330681 -13.506733 71.607086 0.743996 -0.449364 0.494512 0.296875 0.367188 1 33 1.000000
yuyuko.tga
  0 28.330681 -13.506733 71.607086 0.743996 -0.449364 0.494512 0.296875 0.367188 1 33 1.000000
  0 0.514757 -46.975479 40.482079 -0.000208 -0.863738 0.503942 0.349609 0.449219 2 33 0.500000 34 0.500000
  0 46.330685 -21.475477 41.232075 0.728472 -0.419380 0.541709 0.251953 0.445313 1 33 1.000000
yuyuko.tga
  0 0.514755 -28.975481 71.607086 -0.000956 -0.887724 0.460375 0.349609 0.367188 2 33 0.500000 34 0.500000
  0 0.514751 -13.694240 106.107101 -0.000860 -0.917347 0.398088 0.349609 0.289063 2 33 0.500000 34 0.500000
  0 -27.169334 -13.506740 71.607086 -0.743459 -0.449333 0.495347 0.402344 0.367188 1 34 1.000000
yuyuko.tga
  0 0.514751 -13.694240 106.107101 -0.000860 -0.917347 0.398088 0.349609 0.289063 2 33 0.500000 34 0.500000
  0 28.330681 -13.506733 71.607086 0.743996 -0.449364 0.494512 0.296875 0.367188 1 33 1.000000
  0 13.049423 -6.803615 106.482101 0.767293 -0.477575 0.427998 0.322266 0.289063 1 33 1.000000
yuyuko.tga
  0 -10.106840 -5.116123 167.982117 -0.195099 -0.515112 0.834623 0.166992 0.339844 1 11 1.000000
  0 -16.856838 -4.975499 167.982117 -0.465483 -0.502649 0.728470 0.138672 0.335938 1 12 1.000000
  0 -12.544338 -8.584871 156.732117 -0.748482 -0.659655 -0.068049 0.157227 0.300781 1 11 1.000000
yuyuko.tga
  0 -10.669338 5.805750 156.732117 -0.285362 0.946331 -0.151745 0.761719 0.304688 1 11 1.000000
  0 -15.919338 3.977623 167.982117 -0.384163 0.584568 0.714632 0.785156 0.335938 1 12 1.000000
  0 -10.106839 3.954187 167.982117 -0.158634 0.652037 0.741407 0.757813 0.339844 1 11 1.000000
yuyuko.tga
  0 -10.106839 3.954187 167.982117 -0.158634 0.652037 0.741407 0.166992 0.367188 1 11 1.000000
  0 -15.919338 3.977623 167.982117 -0.384163 0.584568 0.714632 0.140625 0.371094 1 12 1.000000
  0 -10.106840 -5.116123 167.982117 -0.195099 -0.515112 0.834623 0.166992 0.339844 1 11 1.000000
yuyuko.tga
  0 -15.919338 3.977623 167.982117 -0.384163 0.584568 0.714632 0.140625 0.371094 1 12 1.000000
  0 -16.856838 -4.975499 167.982117 -0.465483 -0.502649 0.728470 0.138672 0.335938 1 12 1.000000
  0 -10.106840 -5.116123 167.982117 -0.195099 -0.515112 0.834623 0.166992 0.339844 1 11 1.000000
yuyuko.tga
  0 -16.856838 -4.975499 167.982117 -0.465483 -0.502649 0.728470 0.138672 0.335938 1 12 1.000000
  0 -19.856838 -6.264560 154.482101 -0.325338 -0.927506 -0.184088 0.132813 0.292969 1 12 1.000000
  0 -12.544338 -8.584871 156.732117 -0.748482 -0.659655 -0.068049 0.157227 0.300781 1 11 1.000000
yuyuko.tga
  0 -15.919338 3.977623 167.982117 -0.384163 0.584568 0.714632 0.140625 0.371094 1 12 1.000000
  0 -23.138088 -0.721593 156.732117 -0.877867 -0.084684 0.471357 0.121094 0.355469 1 12 1.000000
  0 -16.856838 -4.975499 167.982117 -0.465483 -0.502649 0.728470 0.138672 0.335938 1 12 1.000000
yuyuko.tga
  0 -16.950588 0.620204 149.982101 0.625403 0.168103 -0.761979 0.144531 0.281250 1 12 1.000000
  0 -12.544338 -8.584871 156.732117 -0.748482 -0.659655 -0.068049 0.157227 0.300781 1 11 1.000000
  0 -19.856838 -6.264560 154.482101 -0.325338 -0.927506 -0.184088 0.132813 0.292969 1 12 1.000000
yuyuko.tga
  0 -12.544338 -8.584871 156.732117 -0.748482 -0.659655 -0.068049 0.347656 0.144531 1 11 1.000000
  0 -16.950588 0.620204 149.982101 0.625403 0.168103 -0.761979 0.333984 0.117188 1 12 1.000000
  0 -10.669338 5.805750 156.732117 -0.285362 0.946331 -0.151745 0.351563 0.105469 1 11 1.000000
yuyuko.tga
  0 -10.669338 5.805750 156.732117 -0.285362 0.946331 -0.151745 0.761719 0.304688 1 11 1.000000
  0 -20.981838 4.938562 155.232117 -0.388186 0.920058 0.052965 0.796875 0.296875 1 12 1.000000
  0 -15.919338 3.977623 167.982117 -0.384163 0.584568 0.714632 0.785156 0.335938 1 12 1.000000
yuyuko.tga
  0 -16.856838 -4.975499 167.982117 -0.465483 -0.502649 0.728470 0.138672 0.335938 1 12 1.000000
  0 -23.138088 -0.721593 156.732117 -0.877867 -0.084684 0.471357 0.120605 0.300781 1 12 1.000000
  0 -19.856838 -6.264560 154.482101 -0.325338 -0.927506 -0.184088 0.132813 0.292969 1 12 1.000000
yuyuko.tga
  0 -23.138088 -0.721593 156.732117 -0.877867 -0.084684 0.471357 0.804688 0.300781 1 12 1.000000
  0 -15.919338 3.977623 167.982117 -0.384163 0.584568 0.714632 0.785156 0.335938 1 12 1.000000
  0 -20.981838 4.938562 155.232117 -0.388186 0.920058 0.052965 0.796875 0.296875 1 12 1.000000
yuyuko.tga
  0 -20.981838 4.938562 155.232117 -0.388186 0.920058 0.052965 0.796875 0.296875 1 12 1.000000
  0 -10.669338 5.805750 156.732117 -0.285362 0.946331 -0.151745 0.761719 0.304688 1 11 1.000000
  0 -16.950588 0.620204 149.982101 0.625403 0.168103 -0.761979 0.781250 0.281250 1 12 1.000000
yuyuko.tga
  0 -19.856838 -6.264560 154.482101 -0.325338 -0.927506 -0.184088 0.132813 0.292969 1 12 1.000000
  0 -23.138088 -0.721593 156.732117 -0.877867 -0.084684 0.471357 0.120605 0.300781 1 12 1.000000
  0 -27.544342 -5.256747 143.232117 0.243135 -0.956155 0.163258 0.113770 0.261719 1 13 1.000000
yuyuko.tga
  0 -31.856842 4.165125 139.482117 0.063322 0.990422 0.122701 0.824219 0.253906 1 13 1.000000
  0 -52.481842 11.243249 116.232101 0.034726 0.964309 0.262493 0.882813 0.183594 1 13 1.000000
  0 -32.044346 -1.339757 145.482117 -0.662917 -0.091107 0.743129 0.824219 0.269531 1 13 1.000000
yuyuko.tga
  0 -52.481842 11.243249 116.232101 0.034726 0.964309 0.262493 0.882813 0.183594 1 13 1.000000
  0 -31.856842 4.165125 139.482117 0.063322 0.990422 0.122701 0.824219 0.253906 1 13 1.000000
  0 -25.481838 -1.254795 139.482117 0.884805 0.058205 -0.462312 0.804688 0.253906 1 13 1.000000
yuyuko.tga
  0 -27.544342 -5.256747 143.232117 0.243135 -0.956155 0.163258 0.113770 0.261719 1 13 1.000000
  0 -46.669346 -23.444242 118.482101 0.380457 -0.860931 0.337713 0.058105 0.191406 1 13 1.000000
  0 -25.481838 -1.254795 139.482117 0.884805 0.058205 -0.462312 0.119629 0.253906 1 13 1.000000
yuyuko.tga
  0 -46.669346 -23.444242 118.482101 0.380457 -0.860931 0.337713 0.058105 0.191406 1 13 1.000000
  0 -35.794338 -3.557526 105.732101 0.938081 0.175594 -0.298616 0.089355 0.152344 1 13 1.000000
  0 -25.481838 -1.254795 139.482117 0.884805 0.058205 -0.462312 0.119629 0.253906 1 13 1.000000
yuyuko.tga
  0 -61.106853 -9.569247 127.482109 -0.502971 -0.101204 0.858358 0.014771 0.222656 1 13 1.000000
  0 -46.669346 -23.444242 118.482101 0.380457 -0.860931 0.337713 0.058105 0.191406 1 13 1.000000
  0 -32.044346 -1.339757 145.482117 -0.662917 -0.091107 0.743129 0.100586 0.269531 1 13 1.000000
yuyuko.tga
  0 -27.919342 4.727625 145.482117 -0.187701 0.981422 0.039737 0.812500 0.269531 1 13 1.000000
  0 -29.606842 4.493250 142.482117 -0.082804 0.996046 -0.032170 0.820313 0.261719 1 13 1.000000
  0 -32.044346 -1.339757 145.482117 -0.662917 -0.091107 0.743129 0.824219 0.269531 1 13 1.000000
yuyuko.tga
  0 -25.481838 -1.254795 139.482117 0.884805 0.058205 -0.462312 0.804688 0.253906 1 13 1.000000
  0 -29.606842 4.493250 142.482117 -0.082804 0.996046 -0.032170 0.820313 0.261719 1 13 1.000000
  0 -27.919342 4.727625 145.482117 -0.187701 0.981422 0.039737 0.812500 0.269531 1 13 1.000000
yuyuko.tga
  0 -25.481838 -1.254795 139.482117 0.884805 0.058205 -0.462312 0.804688 0.253906 1 13 1.000000
  0 -31.856842 4.165125 139.482117 0.063322 0.990422 0.122701 0.824219 0.253906 1 13 1.000000
  0 -29.606842 4.493250 142.482117 -0.082804 0.996046 -0.032170 0.820313 0.261719 1 13 1.000000
yuyuko.tga
  0 -29.606842 4.493250 142.482117 -0.082804 0.996046 -0.032170 0.820313 0.261719 1 13 1.000000
  0 -31.856842 4.165125 139.482117 0.063322 0.990422 0.122701 0.824219 0.253906 1 13 1.000000
  0 -32.044346 -1.339757 145.482117 -0.662917 -0.091107 0.743129 0.824219 0.269531 1 13 1.000000
yuyuko.tga
  0 -46.669346 -23.444242 118.482101 0.380457 -0.860931 0.337713 0.058105 0.191406 1 13 1.000000
  0 -27.544342 -5.256747 143.232117 0.243135 -0.956155 0.163258 0.113770 0.261719 1 13 1.000000
  0 -32.044346 -1.339757 145.482117 -0.662917 -0.091107 0.743129 0.100586 0.269531 1 13 1.000000
yuyuko.tga
  0 -19.856838 -6.264560 154.482101 -0.325338 -0.927506 -0.184088 0.132813 0.292969 1 12 1.000000
  0 -27.544342 -5.256747 143.232117 0.243135 -0.956155 0.163258 0.113770 0.261719 1 13 1.000000
  0 -16.950588 0.620204 149.982101 0.625403 0.168103 -0.761979 0.144531 0.281250 1 12 1.000000
yuyuko.tga
  0 -16.950588 0.620204 149.982101 0.625403 0.168103 -0.761979 0.781250 0.281250 1 12 1.000000
  0 -27.919342 4.727625 145.482117 -0.187701 0.981422 0.039737 0.812500 0.269531 1 13 1.000000
  0 -20.981838 4.938562 155.232117 -0.388186 0.920058 0.052965 0.796875 0.296875 1 12 1.000000
yuyuko.tga
  0 -23.138088 -0.721593 156.732117 -0.877867 -0.084684 0.471357 0.804688 0.300781 1 12 1.000000
  0 -27.919342 4.727625 145.482117 -0.187701 0.981422 0.039737 0.812500 0.269531 1 13 1.000000
  0 -32.044346 -1.339757 145.482117 -0.662917 -0.091107 0.743129 0.824219 0.269531 1 13 1.000000
yuyuko.tga
  0 -52.481842 11.243249 116.232101 0.034726 0.964309 0.262493 0.882813 0.183594 1 13 1.000000
  0 -61.106853 -9.569247 127.482109 -0.502971 -0.101204 0.858358 0.906250 0.218750 1 13 1.000000
  0 -32.044346 -1.339757 145.482117 -0.662917 -0.091107 0.743129 0.824219 0.269531 1 13 1.000000
yuyuko.tga
  0 -35.794338 -3.557526 105.732101 0.938081 0.175594 -0.298616 0.832031 0.152344 1 13 1.000000
  0 -52.481842 11.243249 116.232101 0.034726 0.964309 0.262493 0.882813 0.183594 1 13 1.000000
  0 -25.481838 -1.254795 139.482117 0.884805 0.058205 -0.462312 0.804688 0.253906 1 13 1.000000
yuyuko.tga
  0 -9.075588 -17.725494 151.482101 -0.522964 -0.850779 -0.051802 0.404297 0.285156 1 11 1.000000
  0 -12.544338 -8.584871 156.732117 -0.748482 -0.659655 -0.068049 0.429688 0.300781 1 11 1.000000
  0 -9.825586 -8.303620 141.732101 -0.859434 -0.484978 -0.161773 0.431641 0.257813 1 11 1.000000
yuyuko.tga
  0 0.514747 8.899500 156.732117 0.000099 0.997861 0.065375 0.730469 0.300781 1 11 1.000000
  0 -10.669338 5.805750 156.732117 -0.285362 0.946331 -0.151745 0.761719 0.304688 1 11 1.000000
  0 -10.106839 3.954187 167.982117 -0.158634 0.652037 0.741407 0.757813 0.339844 1 11 1.000000
yuyuko.tga
  0 -4.669339 -1.102452 170.232117 -0.204784 -0.057690 0.977106 0.180664 0.351563 1 11 1.000000
  0 0.514745 5.243250 169.482117 0.000099 0.808049 0.589116 0.194336 0.371094 1 11 1.000000
  0 -10.106839 3.954187 167.982117 -0.158634 0.652037 0.741407 0.166992 0.367188 1 11 1.000000
yuyuko.tga
  0 0.514745 5.243250 169.482117 0.000099 0.808049 0.589116 0.730469 0.339844 1 11 1.000000
  0 0.514747 8.899500 156.732117 0.000099 0.997861 0.065375 0.730469 0.300781 1 11 1.000000
  0 -10.106839 3.954187 167.982117 -0.158634 0.652037 0.741407 0.757813 0.339844 1 11 1.000000
yuyuko.tga
  0 -10.106839 3.954187 167.982117 -0.158634 0.652037 0.741407 0.166992 0.367188 1 11 1.000000
  0 -10.106840 -5.116123 167.982117 -0.195099 -0.515112 0.834623 0.166992 0.339844 1 11 1.000000
  0 -4.669339 -1.102452 170.232117 -0.204784 -0.057690 0.977106 0.180664 0.351563 1 11 1.000000
yuyuko.tga
  0 0.514745 -10.600496 165.732117 0.000106 -0.758219 0.652000 0.195313 0.335938 1 11 1.000000
  0 -4.669339 -1.102452 170.232117 -0.204784 -0.057690 0.977106 0.180664 0.351563 1 11 1.000000
  0 -10.106840 -5.116123 167.982117 -0.195099 -0.515112 0.834623 0.166992 0.339844 1 11 1.000000
yuyuko.tga
  0 -10.247461 4.212002 143.232101 -0.798995 0.598065 -0.062650 0.761719 0.261719 1 11 1.000000
  0 0.514750 6.696378 130.482101 0.000112 0.980031 0.198843 0.730469 0.226563 1 11 1.000000
  0 -11.325584 3.227628 129.732101 -0.771038 0.551403 0.318520 0.765625 0.222656 1 11 1.000000
yuyuko.tga
  0 -11.325584 3.227628 129.732101 -0.771038 0.551403 0.318520 0.464844 0.222656 1 11 1.000000
  0 -11.325584 -8.678619 129.732101 -0.762375 -0.550363 0.340420 0.429688 0.222656 1 11 1.000000
  0 -10.247461 4.212002 143.232101 -0.798995 0.598065 -0.062650 0.466797 0.261719 1 11 1.000000
yuyuko.tga
  0 -11.325584 -8.678619 129.732101 -0.762375 -0.550363 0.340420 0.429688 0.222656 1 11 1.000000
  0 -9.825586 -8.303620 141.732101 -0.859434 -0.484978 -0.161773 0.431641 0.257813 1 11 1.000000
  0 -10.247461 4.212002 143.232101 -0.798995 0.598065 -0.062650 0.466797 0.261719 1 11 1.000000
yuyuko.tga
  0 0.514748 -13.037992 142.482101 0.000139 -0.931552 -0.363609 0.195313 0.261719 1 11 1.000000
  0 -9.825586 -8.303620 141.732101 -0.859434 -0.484978 -0.161773 0.165039 0.257813 1 11 1.000000
  0 0.514749 -12.803617 128.982101 0.008840 -0.965548 0.260073 0.195313 0.222656 1 11 1.000000
yuyuko.tga
  0 -9.825586 -8.303620 141.732101 -0.859434 -0.484978 -0.161773 0.431641 0.257813 1 11 1.000000
  0 -12.544338 -8.584871 156.732117 -0.748482 -0.659655 -0.068049 0.429688 0.300781 1 11 1.000000
  0 -10.247461 4.212002 143.232101 -0.798995 0.598065 -0.062650 0.466797 0.261719 1 11 1.000000
yuyuko.tga
  0 -12.544338 -8.584871 156.732117 -0.748482 -0.659655 -0.068049 0.429688 0.300781 1 11 1.000000
  0 -10.669338 5.805750 156.732117 -0.285362 0.946331 -0.151745 0.472656 0.300781 1 11 1.000000
  0 -10.247461 4.212002 143.232101 -0.798995 0.598065 -0.062650 0.466797 0.261719 1 11 1.000000
yuyuko.tga
  0 -9.075588 -17.725494 151.482101 -0.522964 -0.850779 -0.051802 0.168945 0.285156 1 11 1.000000
  0 -10.106840 -5.116123 167.982117 -0.195099 -0.515112 0.834623 0.166992 0.339844 1 11 1.000000
  0 -12.544338 -8.584871 156.732117 -0.748482 -0.659655 -0.068049 0.157227 0.300781 1 11 1.000000
yuyuko.tga
  0 0.514748 8.196377 143.232101 0.000132 0.996476 -0.083872 0.730469 0.261719 1 11 1.000000
  0 -10.247461 4.212002 143.232101 -0.798995 0.598065 -0.062650 0.761719 0.261719 1 11 1.000000
  0 0.514747 8.899500 156.732117 0.000099 0.997861 0.065375 0.730469 0.300781 1 11 1.000000
yuyuko.tga
  0 0.514745 -10.600496 165.732117 0.000106 -0.758219 0.652000 0.195313 0.335938 1 11 1.000000
  0 -10.106840 -5.116123 167.982117 -0.195099 -0.515112 0.834623 0.166992 0.339844 1 11 1.000000
  0 -9.075588 -17.725494 151.482101 -0.522964 -0.850779 -0.051802 0.168945 0.285156 1 11 1.000000
yuyuko.tga
  0 0.514746 -17.631742 151.482101 -0.000004 -0.999977 -0.006807 0.198242 0.285156 1 11 1.000000
  0 0.514745 -10.600496 165.732117 0.000106 -0.758219 0.652000 0.195313 0.335938 1 11 1.000000
  0 -9.075588 -17.725494 151.482101 -0.522964 -0.850779 -0.051802 0.168945 0.285156 1 11 1.000000
yuyuko.tga
  0 -9.075588 -17.725494 151.482101 -0.522964 -0.850779 -0.051802 0.168945 0.285156 1 11 1.000000
  0 0.514748 -13.037992 142.482101 0.000139 -0.931552 -0.363609 0.195313 0.261719 1 11 1.000000
  0 0.514746 -17.631742 151.482101 -0.000004 -0.999977 -0.006807 0.198242 0.285156 1 11 1.000000
yuyuko.tga
  0 -44.794338 24.837002 60.357079 -0.567577 0.383511 0.728543 0.863281 0.042969 2 29 0.500000 32 0.500000
  0 -32.606838 17.149502 84.732094 -0.720952 0.477891 0.501844 0.828125 0.109375 2 29 0.500000 32 0.500000
  0 0.514760 45.649498 60.357075 0.001295 0.758748 0.651383 0.730469 0.042969 1 32 1.000000
yuyuko.tga
  0 0.514760 45.649498 60.357075 0.001295 0.758748 0.651383 0.730469 0.042969 1 32 1.000000
  0 -32.606838 17.149502 84.732094 -0.720952 0.477891 0.501844 0.828125 0.109375 2 29 0.500000 32 0.500000
  0 0.514757 31.024502 83.982094 0.004881 0.869915 0.493178 0.730469 0.109375 1 32 1.000000
yuyuko.tga
  0 -32.606838 -15.569241 84.732094 -0.796879 -0.398347 0.454207 0.410156 0.113281 1 29 1.000000
  0 -32.606838 17.149502 84.732094 -0.720952 0.477891 0.501844 0.503906 0.113281 2 29 0.500000 32 0.500000
  0 -44.794338 -21.194239 60.357086 -0.625772 -0.338491 0.702733 0.392578 0.042969 1 29 1.000000
yuyuko.tga
  0 -44.794338 -21.194239 60.357086 -0.625772 -0.338491 0.702733 0.392578 0.042969 1 29 1.000000
  0 -32.606838 17.149502 84.732094 -0.720952 0.477891 0.501844 0.503906 0.113281 2 29 0.500000 32 0.500000
  0 -44.794338 24.837002 60.357079 -0.567577 0.383511 0.728543 0.527344 0.042969 2 29 0.500000 32 0.500000
yuyuko.tga
  0 0.514760 45.649498 60.357075 0.001295 0.758748 0.651383 0.730469 0.042969 1 32 1.000000
  0 0.514762 56.149498 50.794575 0.000050 0.659595 0.751621 0.730469 0.015625 1 32 1.000000
  0 -44.794338 24.837002 60.357079 -0.567577 0.383511 0.728543 0.863281 0.042969 2 29 0.500000 32 0.500000
yuyuko.tga
  0 -44.794338 24.837002 60.357079 -0.567577 0.383511 0.728543 0.863281 0.042969 2 29 0.500000 32 0.500000
  0 0.514762 56.149498 50.794575 0.000050 0.659595 0.751621 0.730469 0.015625 1 32 1.000000
  0 -56.606838 31.774500 51.357075 -0.459182 0.301969 0.835444 0.898438 0.015625 2 29 0.500000 32 0.500000
yuyuko.tga
  0 -56.606838 31.774500 51.357075 -0.459182 0.301969 0.835444 0.546875 0.015625 2 29 0.500000 32 0.500000
  0 -56.606838 -26.350487 51.357086 -0.509064 -0.263828 0.819298 0.378906 0.015625 1 29 1.000000
  0 -44.794338 24.837002 60.357079 -0.567577 0.383511 0.728543 0.527344 0.042969 2 29 0.500000 32 0.500000
yuyuko.tga
  0 -44.794338 24.837002 60.357079 -0.567577 0.383511 0.728543 0.527344 0.042969 2 29 0.500000 32 0.500000
  0 -56.606838 -26.350487 51.357086 -0.509064 -0.263828 0.819298 0.378906 0.015625 1 29 1.000000
  0 -44.794338 -21.194239 60.357086 -0.625772 -0.338491 0.702733 0.392578 0.042969 1 29 1.000000
yuyuko.tga
  0 -7.434959 -20.444241 110.232101 -0.232156 -0.887467 0.398128 0.171875 0.167969 3 11 0.333333 29 0.333333 30 0.333333
  0 0.514749 -12.803617 128.982101 0.008840 -0.965548 0.260073 0.195313 0.222656 1 11 1.000000
  0 -11.325584 -8.678619 129.732101 -0.762375 -0.550363 0.340420 0.161133 0.222656 1 11 1.000000
yuyuko.tga
  0 -32.606838 17.149502 84.732094 -0.720952 0.477891 0.501844 0.503906 0.113281 2 29 0.500000 32 0.500000
  0 -32.606838 -15.569241 84.732094 -0.796879 -0.398347 0.454207 0.410156 0.113281 1 29 1.000000
  0 -21.263086 9.274504 110.232101 -0.717453 0.489141 0.495986 0.482422 0.164063 3 11 0.333333 29 0.333333 32 0.333333
yuyuko.tga
  0 -21.263086 9.274504 110.232101 -0.717453 0.489141 0.495986 0.482422 0.164063 3 11 0.333333 29 0.333333 32 0.333333
  0 -32.606838 -15.569241 84.732094 -0.796879 -0.398347 0.454207 0.410156 0.113281 1 29 1.000000
  0 -21.263086 -12.803617 110.232086 -0.766754 -0.473965 0.432950 0.417969 0.164063 2 11 0.500000 29 0.500000
yuyuko.tga
  0 -32.606838 17.149502 84.732094 -0.720952 0.477891 0.501844 0.828125 0.109375 2 29 0.500000 32 0.500000
  0 -21.263086 9.274504 110.232101 -0.717453 0.489141 0.495986 0.792969 0.164063 3 11 0.333333 29 0.333333 32 0.333333
  0 0.514757 31.024502 83.982094 0.004881 0.869915 0.493178 0.730469 0.109375 1 32 1.000000
yuyuko.tga
  0 0.514757 31.024502 83.982094 0.004881 0.869915 0.493178 0.730469 0.109375 1 32 1.000000
  0 -21.263086 9.274504 110.232101 -0.717453 0.489141 0.495986 0.792969 0.164063 3 11 0.333333 29 0.333333 32 0.333333
  0 0.514753 17.243254 110.232086 -0.000211 0.888684 0.458519 0.730469 0.167969 2 11 0.500000 32 0.500000
yuyuko.tga
  0 0.514747 8.899500 156.732117 0.000099 0.997861 0.065375 0.730469 0.300781 1 11 1.000000
  0 -10.247461 4.212002 143.232101 -0.798995 0.598065 -0.062650 0.761719 0.261719 1 11 1.000000
  0 -10.669338 5.805750 156.732117 -0.285362 0.946331 -0.151745 0.761719 0.304688 1 11 1.000000
yuyuko.tga
  0 0.514748 8.196377 143.232101 0.000132 0.996476 -0.083872 0.730469 0.261719 1 11 1.000000
  0 0.514750 6.696378 130.482101 0.000112 0.980031 0.198843 0.730469 0.226563 1 11 1.000000
  0 -10.247461 4.212002 143.232101 -0.798995 0.598065 -0.062650 0.761719 0.261719 1 11 1.000000
yuyuko.tga
  0 0.514749 -12.803617 128.982101 0.008840 -0.965548 0.260073 0.195313 0.222656 1 11 1.000000
  0 -9.825586 -8.303620 141.732101 -0.859434 -0.484978 -0.161773 0.165039 0.257813 1 11 1.000000
  0 -11.325584 -8.678619 129.732101 -0.762375 -0.550363 0.340420 0.161133 0.222656 1 11 1.000000
yuyuko.tga
  0 -9.825586 -8.303620 141.732101 -0.859434 -0.484978 -0.161773 0.165039 0.257813 1 11 1.000000
  0 0.514748 -13.037992 142.482101 0.000139 -0.931552 -0.363609 0.195313 0.261719 1 11 1.000000
  0 -9.075588 -17.725494 151.482101 -0.522964 -0.850779 -0.051802 0.168945 0.285156 1 11 1.000000
yuyuko.tga
  0 -20.981838 4.938562 155.232117 -0.388186 0.920058 0.052965 0.796875 0.296875 1 12 1.000000
  0 -27.919342 4.727625 145.482117 -0.187701 0.981422 0.039737 0.812500 0.269531 1 13 1.000000
  0 -23.138088 -0.721593 156.732117 -0.877867 -0.084684 0.471357 0.804688 0.300781 1 12 1.000000
yuyuko.tga
  0 -27.544342 -5.256747 143.232117 0.243135 -0.956155 0.163258 0.113770 0.261719 1 13 1.000000
  0 -23.138088 -0.721593 156.732117 -0.877867 -0.084684 0.471357 0.120605 0.300781 1 12 1.000000
  0 -32.044346 -1.339757 145.482117 -0.662917 -0.091107 0.743129 0.100586 0.269531 1 13 1.000000
yuyuko.tga
  0 -16.950588 0.620204 149.982101 0.625403 0.168103 -0.761979 0.144531 0.281250 1 12 1.000000
  0 -27.544342 -5.256747 143.232117 0.243135 -0.956155 0.163258 0.113770 0.261719 1 13 1.000000
  0 -25.481838 -1.254795 139.482117 0.884805 0.058205 -0.462312 0.119629 0.253906 1 13 1.000000
yuyuko.tga
  0 -16.950588 0.620204 149.982101 0.625403 0.168103 -0.761979 0.781250 0.281250 1 12 1.000000
  0 -25.481838 -1.254795 139.482117 0.884805 0.058205 -0.462312 0.804688 0.253906 1 13 1.000000
  0 -27.919342 4.727625 145.482117 -0.187701 0.981422 0.039737 0.812500 0.269531 1 13 1.000000
yuyuko.tga
  0 11.127541 -5.116122 167.982117 0.195236 -0.515263 0.834498 0.166992 0.339844 1 11 1.000000
  0 13.518167 -8.584869 156.732117 0.751549 -0.656112 -0.068497 0.157227 0.300781 1 11 1.000000
  0 17.830669 -4.975496 167.982117 0.462054 -0.505345 0.728789 0.138672 0.335938 1 18 1.000000
yuyuko.tga
  0 11.690042 5.805752 156.732117 0.285738 0.946083 -0.152579 0.761719 0.304688 1 11 1.000000
  0 11.127541 3.954188 167.982117 0.158710 0.652012 0.741412 0.757813 0.339844 1 11 1.000000
  0 16.986919 3.977627 167.982117 0.385830 0.583062 0.714965 0.785156 0.335938 1 18 1.000000
yuyuko.tga
  0 11.127541 3.954188 167.982117 0.158710 0.652012 0.741412 0.166992 0.367188 1 11 1.000000
  0 11.127541 -5.116122 167.982117 0.195236 -0.515263 0.834498 0.166992 0.339844 1 11 1.000000
  0 16.986919 3.977627 167.982117 0.385830 0.583062 0.714965 0.140625 0.371094 1 18 1.000000
yuyuko.tga
  0 16.986919 3.977627 167.982117 0.385830 0.583062 0.714965 0.140625 0.371094 1 18 1.000000
  0 11.127541 -5.116122 167.982117 0.195236 -0.515263 0.834498 0.166992 0.339844 1 11 1.000000
  0 17.830669 -4.975496 167.982117 0.462054 -0.505345 0.728789 0.138672 0.335938 1 18 1.000000
yuyuko.tga
  0 17.830669 -4.975496 167.982117 0.462054 -0.505345 0.728789 0.138672 0.335938 1 18 1.000000
  0 13.518167 -8.584869 156.732117 0.751549 -0.656112 -0.068497 0.157227 0.300781 1 11 1.000000
  0 20.830671 -6.264556 154.482101 0.320890 -0.928458 -0.187071 0.132813 0.292969 1 18 1.000000
yuyuko.tga
  0 16.986919 3.977627 167.982117 0.385830 0.583062 0.714965 0.140625 0.371094 1 18 1.000000
  0 17.830669 -4.975496 167.982117 0.462054 -0.505345 0.728789 0.138672 0.335938 1 18 1.000000
  0 24.205673 -0.721589 156.732117 0.877877 -0.089586 0.470433 0.121094 0.355469 1 18 1.000000
yuyuko.tga
  0 18.018171 0.620207 149.982101 -0.625853 0.170398 -0.761100 0.144531 0.281250 1 18 1.000000
  0 20.830671 -6.264556 154.482101 0.320890 -0.928458 -0.187071 0.132813 0.292969 1 18 1.000000
  0 13.518167 -8.584869 156.732117 0.751549 -0.656112 -0.068497 0.157227 0.300781 1 11 1.000000
yuyuko.tga
  0 13.518167 -8.584869 156.732117 0.751549 -0.656112 -0.068497 0.361328 0.144531 1 11 1.000000
  0 11.690042 5.805752 156.732117 0.285738 0.946083 -0.152579 0.357422 0.105469 1 11 1.000000
  0 18.018171 0.620207 149.982101 -0.625853 0.170398 -0.761100 0.375000 0.117188 1 18 1.000000
yuyuko.tga
  0 11.690042 5.805752 156.732117 0.285738 0.946083 -0.152579 0.761719 0.304688 1 11 1.000000
  0 16.986919 3.977627 167.982117 0.385830 0.583062 0.714965 0.785156 0.335938 1 18 1.000000
  0 22.049423 4.938566 155.232117 0.389527 0.919500 0.052803 0.796875 0.296875 1 18 1.000000
yuyuko.tga
  0 17.830669 -4.975496 167.982117 0.462054 -0.505345 0.728789 0.138672 0.335938 1 18 1.000000
  0 20.830671 -6.264556 154.482101 0.320890 -0.928458 -0.187071 0.132813 0.292969 1 18 1.000000
  0 24.205673 -0.721589 156.732117 0.877877 -0.089586 0.470433 0.120605 0.300781 1 18 1.000000
yuyuko.tga
  0 24.205673 -0.721589 156.732117 0.877877 -0.089586 0.470433 0.804688 0.300781 1 18 1.000000
  0 22.049423 4.938566 155.232117 0.389527 0.919500 0.052803 0.796875 0.296875 1 18 1.000000
  0 16.986919 3.977627 167.982117 0.385830 0.583062 0.714965 0.785156 0.335938 1 18 1.000000
yuyuko.tga
  0 22.049423 4.938566 155.232117 0.389527 0.919500 0.052803 0.796875 0.296875 1 18 1.000000
  0 18.018171 0.620207 149.982101 -0.625853 0.170398 -0.761100 0.781250 0.281250 1 18 1.000000
  0 11.690042 5.805752 156.732117 0.285738 0.946083 -0.152579 0.761719 0.304688 1 11 1.000000
yuyuko.tga
  0 20.830671 -6.264556 154.482101 0.320890 -0.928458 -0.187071 0.132813 0.292969 1 18 1.000000
  0 28.518173 -5.256743 143.232101 -0.244493 -0.955910 0.162664 0.113281 0.261719 1 18 1.000000
  0 24.205673 -0.721589 156.732117 0.877877 -0.089586 0.470433 0.120605 0.300781 1 18 1.000000
yuyuko.tga
  0 33.018177 4.165131 139.482101 -0.045323 0.988849 0.141855 0.824219 0.253906 1 18 1.000000
  0 33.018177 -1.339751 145.482101 0.663286 -0.092851 0.742584 0.824219 0.269531 1 18 1.000000
  0 53.268185 11.243259 116.232086 -0.038314 0.964753 0.260353 0.882813 0.183594 1 19 1.000000
yuyuko.tga
  0 53.268185 11.243259 116.232086 -0.038314 0.964753 0.260353 0.882813 0.183594 1 19 1.000000
  0 26.455675 -1.254790 139.482101 -0.885359 0.059995 -0.461020 0.804688 0.253906 1 18 1.000000
  0 33.018177 4.165131 139.482101 -0.045323 0.988849 0.141855 0.824219 0.253906 1 18 1.000000
yuyuko.tga
  0 28.518173 -5.256743 143.232101 -0.244493 -0.955910 0.162664 0.113281 0.261719 1 18 1.000000
  0 26.455675 -1.254790 139.482101 -0.885359 0.059995 -0.461020 0.119629 0.253906 1 18 1.000000
  0 47.643185 -23.444235 118.482086 -0.379660 -0.860916 0.338648 0.058105 0.191406 1 19 1.000000
yuyuko.tga
  0 47.643185 -23.444235 118.482086 -0.379660 -0.860916 0.338648 0.058105 0.191406 1 19 1.000000
  0 26.455675 -1.254790 139.482101 -0.885359 0.059995 -0.461020 0.119629 0.253906 1 18 1.000000
  0 36.768185 -3.557520 105.732086 -0.938750 0.172043 -0.298579 0.089355 0.152344 1 19 1.000000
yuyuko.tga
  0 62.268185 -9.569238 127.482101 0.501142 -0.099113 0.859670 0.014648 0.222656 1 19 1.000000
  0 33.018177 -1.339751 145.482101 0.663286 -0.092851 0.742584 0.100586 0.269531 1 18 1.000000
  0 47.643185 -23.444235 118.482086 -0.379660 -0.860916 0.338648 0.058105 0.191406 1 19 1.000000
yuyuko.tga
  0 28.893173 4.727629 145.482101 0.186215 0.981783 0.037756 0.812500 0.269531 1 18 1.000000
  0 33.018177 -1.339751 145.482101 0.663286 -0.092851 0.742584 0.824219 0.269531 1 18 1.000000
  0 30.580675 4.493255 142.482101 0.072848 0.996712 -0.035480 0.816406 0.261719 1 18 1.000000
yuyuko.tga
  0 26.455675 -1.254790 139.482101 -0.885359 0.059995 -0.461020 0.804688 0.253906 1 18 1.000000
  0 28.893173 4.727629 145.482101 0.186215 0.981783 0.037756 0.812500 0.269531 1 18 1.000000
  0 30.580675 4.493255 142.482101 0.072848 0.996712 -0.035480 0.816406 0.261719 1 18 1.000000
yuyuko.tga
  0 26.455675 -1.254790 139.482101 -0.885359 0.059995 -0.461020 0.804688 0.253906 1 18 1.000000
  0 30.580675 4.493255 142.482101 0.072848 0.996712 -0.035480 0.816406 0.261719 1 18 1.000000
  0 33.018177 4.165131 139.482101 -0.045323 0.988849 0.141855 0.824219 0.253906 1 18 1.000000
yuyuko.tga
  0 30.580675 4.493255 142.482101 0.072848 0.996712 -0.035480 0.816406 0.261719 1 18 1.000000
  0 33.018177 -1.339751 145.482101 0.663286 -0.092851 0.742584 0.824219 0.269531 1 18 1.000000
  0 33.018177 4.165131 139.482101 -0.045323 0.988849 0.141855 0.824219 0.253906 1 18 1.000000
yuyuko.tga
  0 47.643185 -23.444235 118.482086 -0.379660 -0.860916 0.338648 0.058105 0.191406 1 19 1.000000
  0 33.018177 -1.339751 145.482101 0.663286 -0.092851 0.742584 0.100586 0.269531 1 18 1.000000
  0 28.518173 -5.256743 143.232101 -0.244493 -0.955910 0.162664 0.113281 0.261719 1 18 1.000000
yuyuko.tga
  0 20.830671 -6.264556 154.482101 0.320890 -0.928458 -0.187071 0.132813 0.292969 1 18 1.000000
  0 18.018171 0.620207 149.982101 -0.625853 0.170398 -0.761100 0.144531 0.281250 1 18 1.000000
  0 28.518173 -5.256743 143.232101 -0.244493 -0.955910 0.162664 0.113281 0.261719 1 18 1.000000
yuyuko.tga
  0 18.018171 0.620207 149.982101 -0.625853 0.170398 -0.761100 0.781250 0.281250 1 18 1.000000
  0 22.049423 4.938566 155.232117 0.389527 0.919500 0.052803 0.796875 0.296875 1 18 1.000000
  0 28.893173 4.727629 145.482101 0.186215 0.981783 0.037756 0.812500 0.269531 1 18 1.000000
yuyuko.tga
  0 24.205673 -0.721589 156.732117 0.877877 -0.089586 0.470433 0.804688 0.300781 1 18 1.000000
  0 33.018177 -1.339751 145.482101 0.663286 -0.092851 0.742584 0.824219 0.269531 1 18 1.000000
  0 28.893173 4.727629 145.482101 0.186215 0.981783 0.037756 0.812500 0.269531 1 18 1.000000
yuyuko.tga
  0 53.268185 11.243259 116.232086 -0.038314 0.964753 0.260353 0.882813 0.183594 1 19 1.000000
  0 33.018177 -1.339751 145.482101 0.663286 -0.092851 0.742584 0.824219 0.269531 1 18 1.000000
  0 62.268185 -9.569238 127.482101 0.501142 -0.099113 0.859670 0.906250 0.218750 1 19 1.000000
yuyuko.tga
  0 36.768185 -3.557520 105.732086 -0.938750 0.172043 -0.298579 0.832031 0.152344 1 19 1.000000
  0 26.455675 -1.254790 139.482101 -0.885359 0.059995 -0.461020 0.804688 0.253906 1 18 1.000000
  0 53.268185 11.243259 116.232086 -0.038314 0.964753 0.260353 0.882813 0.183594 1 19 1.000000
yuyuko.tga
  0 10.096292 -17.725491 151.482101 0.524144 -0.850069 -0.051546 0.404297 0.285156 1 11 1.000000
  0 10.846293 -8.303619 141.732101 0.859847 -0.484643 -0.160573 0.431641 0.257813 1 11 1.000000
  0 13.518167 -8.584869 156.732117 0.751549 -0.656112 -0.068497 0.431641 0.300781 1 11 1.000000
yuyuko.tga
  0 0.514747 8.899500 156.732117 0.000099 0.997861 0.065375 0.730469 0.300781 1 11 1.000000
  0 11.127541 3.954188 167.982117 0.158710 0.652012 0.741412 0.703125 0.339844 1 11 1.000000
  0 11.690042 5.805752 156.732117 0.285738 0.946083 -0.152579 0.699219 0.304688 1 11 1.000000
yuyuko.tga
  0 5.690039 -1.102452 170.232117 0.204865 -0.057724 0.977087 0.209961 0.355469 1 11 1.000000
  0 11.127541 3.954188 167.982117 0.158710 0.652012 0.741412 0.223633 0.367188 1 11 1.000000
  0 0.514745 5.243250 169.482117 0.000099 0.808049 0.589116 0.194336 0.371094 1 11 1.000000
yuyuko.tga
  0 0.514745 5.243250 169.482117 0.000099 0.808049 0.589116 0.730469 0.339844 1 11 1.000000
  0 11.127541 3.954188 167.982117 0.158710 0.652012 0.741412 0.703125 0.339844 1 11 1.000000
  0 0.514747 8.899500 156.732117 0.000099 0.997861 0.065375 0.730469 0.300781 1 11 1.000000
yuyuko.tga
  0 11.127541 3.954188 167.982117 0.158710 0.652012 0.741412 0.223633 0.367188 1 11 1.000000
  0 5.690039 -1.102452 170.232117 0.204865 -0.057724 0.977087 0.209961 0.355469 1 11 1.000000
  0 11.127541 -5.116122 167.982117 0.195236 -0.515263 0.834498 0.223633 0.339844 1 11 1.000000
yuyuko.tga
  0 0.514745 -10.600496 165.732117 0.000106 -0.758219 0.652000 0.195313 0.335938 1 11 1.000000
  0 11.127541 -5.116122 167.982117 0.195236 -0.515263 0.834498 0.223633 0.339844 1 11 1.000000
  0 5.690039 -1.102452 170.232117 0.204865 -0.057724 0.977087 0.209961 0.355469 1 11 1.000000
yuyuko.tga
  0 11.268169 4.212003 143.232101 0.799420 0.597560 -0.062051 0.699219 0.261719 1 11 1.000000
  0 12.346296 3.227631 129.732101 0.770654 0.551533 0.319222 0.695313 0.222656 1 11 1.000000
  0 0.514750 6.696378 130.482101 0.000112 0.980031 0.198843 0.730469 0.226563 1 11 1.000000
yuyuko.tga
  0 12.346296 3.227631 129.732101 0.770654 0.551533 0.319222 0.464844 0.222656 1 11 1.000000
  0 11.268169 4.212003 143.232101 0.799420 0.597560 -0.062051 0.468750 0.261719 1 11 1.000000
  0 12.346296 -8.678617 129.732101 0.759896 -0.560250 0.329665 0.431641 0.222656 1 11 1.000000
yuyuko.tga
  0 12.346296 -8.678617 129.732101 0.759896 -0.560250 0.329665 0.431641 0.222656 1 11 1.000000
  0 11.268169 4.212003 143.232101 0.799420 0.597560 -0.062051 0.468750 0.261719 1 11 1.000000
  0 10.846293 -8.303619 141.732101 0.859847 -0.484643 -0.160573 0.431641 0.257813 1 11 1.000000
yuyuko.tga
  0 0.514748 -13.037992 142.482101 0.000139 -0.931552 -0.363609 0.195313 0.261719 1 11 1.000000
  0 0.514749 -12.803617 128.982101 0.008840 -0.965548 0.260073 0.195313 0.222656 1 11 1.000000
  0 10.846293 -8.303619 141.732101 0.859847 -0.484643 -0.160573 0.225586 0.257813 1 11 1.000000
yuyuko.tga
  0 10.846293 -8.303619 141.732101 0.859847 -0.484643 -0.160573 0.431641 0.257813 1 11 1.000000
  0 11.268169 4.212003 143.232101 0.799420 0.597560 -0.062051 0.468750 0.261719 1 11 1.000000
  0 13.518167 -8.584869 156.732117 0.751549 -0.656112 -0.068497 0.431641 0.300781 1 11 1.000000
yuyuko.tga
  0 13.518167 -8.584869 156.732117 0.751549 -0.656112 -0.068497 0.431641 0.300781 1 11 1.000000
  0 11.268169 4.212003 143.232101 0.799420 0.597560 -0.062051 0.468750 0.261719 1 11 1.000000
  0 11.690042 5.805752 156.732117 0.285738 0.946083 -0.152579 0.472656 0.300781 1 11 1.000000
yuyuko.tga
  0 10.096292 -17.725491 151.482101 0.524144 -0.850069 -0.051546 0.168945 0.285156 1 11 1.000000
  0 13.518167 -8.584869 156.732117 0.751549 -0.656112 -0.068497 0.157227 0.300781 1 11 1.000000
  0 11.127541 -5.116122 167.982117 0.195236 -0.515263 0.834498 0.166992 0.339844 1 11 1.000000
yuyuko.tga
  0 0.514748 8.196377 143.232101 0.000132 0.996476 -0.083872 0.730469 0.261719 1 11 1.000000
  0 0.514747 8.899500 156.732117 0.000099 0.997861 0.065375 0.730469 0.300781 1 11 1.000000
  0 11.268169 4.212003 143.232101 0.799420 0.597560 -0.062051 0.699219 0.261719 1 11 1.000000
yuyuko.tga
  0 0.514745 -10.600496 165.732117 0.000106 -0.758219 0.652000 0.195313 0.335938 1 11 1.000000
  0 10.096292 -17.725491 151.482101 0.524144 -0.850069 -0.051546 0.223633 0.285156 1 11 1.000000
  0 11.127541 -5.116122 167.982117 0.195236 -0.515263 0.834498 0.223633 0.339844 1 11 1.000000
yuyuko.tga
  0 0.514746 -17.631742 151.482101 -0.000004 -0.999977 -0.006807 0.198242 0.285156 1 11 1.000000
  0 10.096292 -17.725491 151.482101 0.524144 -0.850069 -0.051546 0.223633 0.285156 1 11 1.000000
  0 0.514745 -10.600496 165.732117 0.000106 -0.758219 0.652000 0.195313 0.335938 1 11 1.000000
yuyuko.tga
  0 10.096292 -17.725491 151.482101 0.524144 -0.850069 -0.051546 0.223633 0.285156 1 11 1.000000
  0 0.514746 -17.631742 151.482101 -0.000004 -0.999977 -0.006807 0.198242 0.285156 1 11 1.000000
  0 0.514748 -13.037992 142.482101 0.000139 -0.931552 -0.363609 0.195313 0.261719 1 11 1.000000
yuyuko.tga
  0 45.768185 24.837008 60.357075 0.558998 0.377517 0.738243 0.597656 0.042969 2 31 0.500000 32 0.500000
  0 0.514760 45.649498 60.357075 0.001295 0.758748 0.651383 0.730469 0.042969 1 32 1.000000
  0 32.455681 17.149509 84.732094 0.717838 0.481114 0.503228 0.636719 0.113281 2 31 0.500000 32 0.500000
yuyuko.tga
  0 0.514760 45.649498 60.357075 0.001295 0.758748 0.651383 0.730469 0.042969 1 32 1.000000
  0 0.514757 31.024502 83.982094 0.004881 0.869915 0.493178 0.730469 0.109375 1 32 1.000000
  0 32.455681 17.149509 84.732094 0.717838 0.481114 0.503228 0.636719 0.113281 2 31 0.500000 32 0.500000
yuyuko.tga
  0 32.455681 -15.569237 84.732094 0.803531 -0.384321 0.454572 0.410156 0.113281 2 30 0.500000 31 0.500000
  0 45.768185 -21.194231 60.357079 0.632489 -0.292594 0.717180 0.394531 0.042969 2 30 0.500000 31 0.500000
  0 32.455681 17.149509 84.732094 0.717838 0.481114 0.503228 0.503906 0.113281 2 31 0.500000 32 0.500000
yuyuko.tga
  0 45.768185 -21.194231 60.357079 0.632489 -0.292594 0.717180 0.394531 0.042969 2 30 0.500000 31 0.500000
  0 45.768185 24.837008 60.357075 0.558998 0.377517 0.738243 0.527344 0.042969 2 31 0.500000 32 0.500000
  0 32.455681 17.149509 84.732094 0.717838 0.481114 0.503228 0.503906 0.113281 2 31 0.500000 32 0.500000
yuyuko.tga
  0 13.518175 -30.662989 84.357094 0.299910 -0.845652 0.441506 0.233398 0.109375 1 30 1.000000
  0 20.361927 -41.912979 60.357086 0.246191 -0.691654 0.678973 0.253906 0.042969 2 8 0.500000 30 0.500000
  0 32.455681 -15.569237 84.732094 0.803531 -0.384321 0.454572 0.289063 0.113281 2 30 0.500000 31 0.500000
yuyuko.tga
  0 20.361927 -41.912979 60.357086 0.246191 -0.691654 0.678973 0.253906 0.042969 2 8 0.500000 30 0.500000
  0 45.768185 -21.194231 60.357079 0.632489 -0.292594 0.717180 0.326172 0.042969 2 30 0.500000 31 0.500000
  0 32.455681 -15.569237 84.732094 0.803531 -0.384321 0.454572 0.289063 0.113281 2 30 0.500000 31 0.500000
yuyuko.tga
  0 0.514760 45.649498 60.357075 0.001295 0.758748 0.651383 0.730469 0.042969 1 32 1.000000
  0 45.768185 24.837008 60.357075 0.558998 0.377517 0.738243 0.597656 0.042969 2 31 0.500000 32 0.500000
  0 0.514762 56.149498 50.794575 0.000050 0.659595 0.751621 0.730469 0.015625 1 32 1.000000
yuyuko.tga
  0 45.768185 24.837008 60.357075 0.558998 0.377517 0.738243 0.597656 0.042969 2 31 0.500000 32 0.500000
  0 57.768185 31.774515 51.357075 0.455835 0.299072 0.838314 0.562500 0.015625 2 31 0.500000 32 0.500000
  0 0.514762 56.149498 50.794575 0.000050 0.659595 0.751621 0.730469 0.015625 1 32 1.000000
yuyuko.tga
  0 57.768185 31.774515 51.357075 0.455835 0.299072 0.838314 0.546875 0.015625 2 31 0.500000 32 0.500000
  0 45.768185 24.837008 60.357075 0.558998 0.377517 0.738243 0.527344 0.042969 2 31 0.500000 32 0.500000
  0 57.768185 -26.350475 51.357075 0.520476 -0.225975 0.823432 0.378906 0.015625 2 30 0.500000 31 0.500000
yuyuko.tga
  0 45.768185 24.837008 60.357075 0.558998 0.377517 0.738243 0.527344 0.042969 2 31 0.500000 32 0.500000
  0 45.768185 -21.194231 60.357079 0.632489 -0.292594 0.717180 0.394531 0.042969 2 30 0.500000 31 0.500000
  0 57.768185 -26.350475 51.357075 0.520476 -0.225975 0.823432 0.378906 0.015625 2 30 0.500000 31 0.500000
yuyuko.tga
  0 57.768185 -26.350475 51.357075 0.520476 -0.225975 0.823432 0.355469 0.015625 2 30 0.500000 31 0.500000
  0 45.768185 -21.194231 60.357079 0.632489 -0.292594 0.717180 0.326172 0.042969 2 30 0.500000 31 0.500000
  0 27.580681 -51.850479 52.294579 0.212873 -0.528006 0.822128 0.273438 0.015625 1 30 1.000000
yuyuko.tga
  0 45.768185 -21.194231 60.357079 0.632489 -0.292594 0.717180 0.326172 0.042969 2 30 0.500000 31 0.500000
  0 20.361927 -41.912979 60.357086 0.246191 -0.691654 0.678973 0.253906 0.042969 2 8 0.500000 30 0.500000
  0 27.580681 -51.850479 52.294579 0.212873 -0.528006 0.822128 0.273438 0.015625 1 30 1.000000
yuyuko.tga
  0 32.455681 -15.569237 84.732094 0.803531 -0.384321 0.454572 0.289063 0.113281 2 30 0.500000 31 0.500000
  0 22.330675 -12.803615 110.232101 0.761607 -0.466722 0.449584 0.257813 0.164063 3 11 0.333333 30 0.333333 31 0.333333
  0 13.518175 -30.662989 84.357094 0.299910 -0.845652 0.441506 0.233398 0.109375 1 30 1.000000
yuyuko.tga
  0 13.518175 -30.662989 84.357094 0.299910 -0.845652 0.441506 0.233398 0.109375 1 30 1.000000
  0 22.330675 -12.803615 110.232101 0.761607 -0.466722 0.449584 0.257813 0.164063 3 11 0.333333 30 0.333333 31 0.333333
  0 6.205671 -20.069239 110.232086 0.195343 -0.894685 0.401721 0.211914 0.167969 2 11 0.500000 30 0.500000
yuyuko.tga
  0 22.330675 -12.803615 110.232101 0.761607 -0.466722 0.449584 0.417969 0.164063 3 11 0.333333 30 0.333333 31 0.333333
  0 32.455681 -15.569237 84.732094 0.803531 -0.384321 0.454572 0.410156 0.113281 2 30 0.500000 31 0.500000
  0 22.330677 9.274507 110.232101 0.728441 0.486592 0.482289 0.482422 0.164063 3 11 0.333333 31 0.333333 32 0.333333
yuyuko.tga
  0 22.330677 9.274507 110.232101 0.728441 0.486592 0.482289 0.482422 0.164063 3 11 0.333333 31 0.333333 32 0.333333
  0 32.455681 -15.569237 84.732094 0.803531 -0.384321 0.454572 0.410156 0.113281 2 30 0.500000 31 0.500000
  0 32.455681 17.149509 84.732094 0.717838 0.481114 0.503228 0.503906 0.113281 2 31 0.500000 32 0.500000
yuyuko.tga
  0 0.514753 17.243254 110.232086 -0.000211 0.888684 0.458519 0.730469 0.167969 2 11 0.500000 32 0.500000
  0 22.330677 9.274507 110.232101 0.728441 0.486592 0.482289 0.667969 0.164063 3 11 0.333333 31 0.333333 32 0.333333
  0 0.514757 31.024502 83.982094 0.004881 0.869915 0.493178 0.730469 0.109375 1 32 1.000000
yuyuko.tga
  0 0.514757 31.024502 83.982094 0.004881 0.869915 0.493178 0.730469 0.109375 1 32 1.000000
  0 22.330677 9.274507 110.232101 0.728441 0.486592 0.482289 0.667969 0.164063 3 11 0.333333 31 0.333333 32 0.333333
  0 32.455681 17.149509 84.732094 0.717838 0.481114 0.503228 0.636719 0.113281 2 31 0.500000 32 0.500000
yuyuko.tga
  0 0.514747 8.899500 156.732117 0.000099 0.997861 0.065375 0.730469 0.300781 1 11 1.000000
  0 11.690042 5.805752 156.732117 0.285738 0.946083 -0.152579 0.699219 0.304688 1 11 1.000000
  0 11.268169 4.212003 143.232101 0.799420 0.597560 -0.062051 0.699219 0.261719 1 11 1.000000
yuyuko.tga
  0 0.514748 8.196377 143.232101 0.000132 0.996476 -0.083872 0.730469 0.261719 1 11 1.000000
  0 11.268169 4.212003 143.232101 0.799420 0.597560 -0.062051 0.699219 0.261719 1 11 1.000000
  0 0.514750 6.696378 130.482101 0.000112 0.980031 0.198843 0.730469 0.226563 1 11 1.000000
yuyuko.tga
  0 0.514749 -12.803617 128.982101 0.008840 -0.965548 0.260073 0.195313 0.222656 1 11 1.000000
  0 12.346296 -8.678617 129.732101 0.759896 -0.560250 0.329665 0.229492 0.222656 1 11 1.000000
  0 10.846293 -8.303619 141.732101 0.859847 -0.484643 -0.160573 0.225586 0.257813 1 11 1.000000
yuyuko.tga
  0 10.846293 -8.303619 141.732101 0.859847 -0.484643 -0.160573 0.225586 0.257813 1 11 1.000000
  0 10.096292 -17.725491 151.482101 0.524144 -0.850069 -0.051546 0.223633 0.285156 1 11 1.000000
  0 0.514748 -13.037992 142.482101 0.000139 -0.931552 -0.363609 0.195313 0.261719 1 11 1.000000
yuyuko.tga
  0 22.049423 4.938566 155.232117 0.389527 0.919500 0.052803 0.796875 0.296875 1 18 1.000000
  0 24.205673 -0.721589 156.732117 0.877877 -0.089586 0.470433 0.804688 0.300781 1 18 1.000000
  0 28.893173 4.727629 145.482101 0.186215 0.981783 0.037756 0.812500 0.269531 1 18 1.000000
yuyuko.tga
  0 28.518173 -5.256743 143.232101 -0.244493 -0.955910 0.162664 0.113281 0.261719 1 18 1.000000
  0 33.018177 -1.339751 145.482101 0.663286 -0.092851 0.742584 0.100586 0.269531 1 18 1.000000
  0 24.205673 -0.721589 156.732117 0.877877 -0.089586 0.470433 0.120605 0.300781 1 18 1.000000
yuyuko.tga
  0 18.018171 0.620207 149.982101 -0.625853 0.170398 -0.761100 0.144531 0.281250 1 18 1.000000
  0 26.455675 -1.254790 139.482101 -0.885359 0.059995 -0.461020 0.119629 0.253906 1 18 1.000000
  0 28.518173 -5.256743 143.232101 -0.244493 -0.955910 0.162664 0.113281 0.261719 1 18 1.000000
yuyuko.tga
  0 18.018171 0.620207 149.982101 -0.625853 0.170398 -0.761100 0.781250 0.281250 1 18 1.000000
  0 28.893173 4.727629 145.482101 0.186215 0.981783 0.037756 0.812500 0.269531 1 18 1.000000
  0 26.455675 -1.254790 139.482101 -0.885359 0.059995 -0.461020 0.804688 0.253906 1 18 1.000000
yuyuko.tga
  0 -7.434959 -20.444241 110.232101 -0.232156 -0.887467 0.398128 0.171875 0.167969 3 11 0.333333 29 0.333333 30 0.333333
  0 6.205671 -20.069239 110.232086 0.195343 -0.894685 0.401721 0.211914 0.167969 2 11 0.500000 30 0.500000
  0 0.514749 -12.803617 128.982101 0.008840 -0.965548 0.260073 0.195313 0.222656 1 11 1.000000
yuyuko.tga
  0 -21.263086 -12.803617 110.232086 -0.766754 -0.473965 0.432950 0.131836 0.164063 2 11 0.500000 29 0.500000
  0 -7.434959 -20.444241 110.232101 -0.232156 -0.887467 0.398128 0.171875 0.167969 3 11 0.333333 29 0.333333 30 0.333333
  0 -11.325584 -8.678619 129.732101 -0.762375 -0.550363 0.340420 0.161133 0.222656 1 11 1.000000
yuyuko.tga
  0 13.518175 -30.662989 84.357094 0.299910 -0.845652 0.441506 0.233398 0.109375 1 30 1.000000
  0 -7.434959 -20.444241 110.232101 -0.232156 -0.887467 0.398128 0.171875 0.167969 3 11 0.333333 29 0.333333 30 0.333333
  0 -12.356831 -31.600487 84.732101 -0.278924 -0.852034 0.442990 0.157227 0.109375 2 29 0.500000 30 0.500000
yuyuko.tga
  0 20.361927 -41.912979 60.357086 0.246191 -0.691654 0.678973 0.253906 0.042969 2 8 0.500000 30 0.500000
  0 13.518175 -30.662989 84.357094 0.299910 -0.845652 0.441506 0.233398 0.109375 1 30 1.000000
  0 -8.606827 -44.725479 59.982086 0.061659 -0.821367 0.567057 0.168945 0.042969 2 5 0.500000 30 0.500000
yuyuko.tga
  0 -8.606827 -44.725479 59.982086 0.061659 -0.821367 0.567057 0.168945 0.042969 2 5 0.500000 30 0.500000
  0 13.518175 -30.662989 84.357094 0.299910 -0.845652 0.441506 0.233398 0.109375 1 30 1.000000
  0 -12.356831 -31.600487 84.732101 -0.278924 -0.852034 0.442990 0.157227 0.109375 2 29 0.500000 30 0.500000
yuyuko.tga
  0 -8.606827 -44.725479 59.982086 0.061659 -0.821367 0.567057 0.168945 0.042969 2 5 0.500000 30 0.500000
  0 -5.747451 -52.600479 51.357086 0.044058 -0.704297 0.708537 0.176758 0.015625 2 5 0.500000 30 0.500000
  0 20.361927 -41.912979 60.357086 0.246191 -0.691654 0.678973 0.253906 0.042969 2 8 0.500000 30 0.500000
yuyuko.tga
  0 20.361927 -41.912979 60.357086 0.246191 -0.691654 0.678973 0.253906 0.042969 2 8 0.500000 30 0.500000
  0 -5.747451 -52.600479 51.357086 0.044058 -0.704297 0.708537 0.176758 0.015625 2 5 0.500000 30 0.500000
  0 27.580681 -51.850479 52.294579 0.212873 -0.528006 0.822128 0.273438 0.015625 1 30 1.000000
yuyuko.tga
  0 -12.356831 -31.600487 84.732101 -0.278924 -0.852034 0.442990 0.157227 0.109375 2 29 0.500000 30 0.500000
  0 -7.434959 -20.444241 110.232101 -0.232156 -0.887467 0.398128 0.171875 0.167969 3 11 0.333333 29 0.333333 30 0.333333
  0 -32.606838 -15.569241 84.732094 -0.796879 -0.398347 0.454207 0.098633 0.109375 1 29 1.000000
yuyuko.tga
  0 -12.356831 -31.600487 84.732101 -0.278924 -0.852034 0.442990 0.157227 0.109375 2 29 0.500000 30 0.500000
  0 -32.606838 -15.569241 84.732094 -0.796879 -0.398347 0.454207 0.098633 0.109375 1 29 1.000000
  0 -23.138083 -36.662987 59.607086 -0.459573 -0.648170 0.607180 0.125000 0.039063 1 29 1.000000
yuyuko.tga
  0 -23.138083 -36.662987 59.607086 -0.459573 -0.648170 0.607180 0.125000 0.039063 1 29 1.000000
  0 -32.606838 -15.569241 84.732094 -0.796879 -0.398347 0.454207 0.098633 0.109375 1 29 1.000000
  0 -44.794338 -21.194239 60.357086 -0.625772 -0.338491 0.702733 0.063477 0.042969 1 29 1.000000
yuyuko.tga
  0 -56.606838 -26.350487 51.357086 -0.509064 -0.263828 0.819298 0.039063 0.015625 1 29 1.000000
  0 -29.044331 -46.037979 50.794586 -0.348580 -0.520905 0.779199 0.109375 0.015625 1 29 1.000000
  0 -44.794338 -21.194239 60.357086 -0.625772 -0.338491 0.702733 0.063477 0.042969 1 29 1.000000
yuyuko.tga
  0 -44.794338 -21.194239 60.357086 -0.625772 -0.338491 0.702733 0.063477 0.042969 1 29 1.000000
  0 -29.044331 -46.037979 50.794586 -0.348580 -0.520905 0.779199 0.109375 0.015625 1 29 1.000000
  0 -23.138083 -36.662987 59.607086 -0.459573 -0.648170 0.607180 0.125000 0.039063 1 29 1.000000
yuyuko.tga
  0 -21.263086 9.274504 110.232101 -0.717453 0.489141 0.495986 0.482422 0.164063 3 11 0.333333 29 0.333333 32 0.333333
  0 -21.263086 -12.803617 110.232086 -0.766754 -0.473965 0.432950 0.417969 0.164063 2 11 0.500000 29 0.500000
  0 -11.325584 3.227628 129.732101 -0.771038 0.551403 0.318520 0.464844 0.222656 1 11 1.000000
yuyuko.tga
  0 -11.325584 3.227628 129.732101 -0.771038 0.551403 0.318520 0.464844 0.222656 1 11 1.000000
  0 -21.263086 -12.803617 110.232086 -0.766754 -0.473965 0.432950 0.417969 0.164063 2 11 0.500000 29 0.500000
  0 -11.325584 -8.678619 129.732101 -0.762375 -0.550363 0.340420 0.429688 0.222656 1 11 1.000000
yuyuko.tga
  0 -21.263086 9.274504 110.232101 -0.717453 0.489141 0.495986 0.792969 0.164063 3 11 0.333333 29 0.333333 32 0.333333
  0 -11.325584 3.227628 129.732101 -0.771038 0.551403 0.318520 0.765625 0.222656 1 11 1.000000
  0 0.514753 17.243254 110.232086 -0.000211 0.888684 0.458519 0.730469 0.167969 2 11 0.500000 32 0.500000
yuyuko.tga
  0 0.514753 17.243254 110.232086 -0.000211 0.888684 0.458519 0.730469 0.167969 2 11 0.500000 32 0.500000
  0 -11.325584 3.227628 129.732101 -0.771038 0.551403 0.318520 0.765625 0.222656 1 11 1.000000
  0 0.514750 6.696378 130.482101 0.000112 0.980031 0.198843 0.730469 0.226563 1 11 1.000000
yuyuko.tga
  0 22.330677 9.274507 110.232101 0.728441 0.486592 0.482289 0.667969 0.164063 3 11 0.333333 31 0.333333 32 0.333333
  0 0.514753 17.243254 110.232086 -0.000211 0.888684 0.458519 0.730469 0.167969 2 11 0.500000 32 0.500000
  0 12.346296 3.227631 129.732101 0.770654 0.551533 0.319222 0.695313 0.222656 1 11 1.000000
yuyuko.tga
  0 12.346296 3.227631 129.732101 0.770654 0.551533 0.319222 0.695313 0.222656 1 11 1.000000
  0 0.514753 17.243254 110.232086 -0.000211 0.888684 0.458519 0.730469 0.167969 2 11 0.500000 32 0.500000
  0 0.514750 6.696378 130.482101 0.000112 0.980031 0.198843 0.730469 0.226563 1 11 1.000000
yuyuko.tga
  0 12.346296 -8.678617 129.732101 0.759896 -0.560250 0.329665 0.431641 0.222656 1 11 1.000000
  0 22.330675 -12.803615 110.232101 0.761607 -0.466722 0.449584 0.417969 0.164063 3 11 0.333333 30 0.333333 31 0.333333
  0 12.346296 3.227631 129.732101 0.770654 0.551533 0.319222 0.464844 0.222656 1 11 1.000000
yuyuko.tga
  0 12.346296 3.227631 129.732101 0.770654 0.551533 0.319222 0.464844 0.222656 1 11 1.000000
  0 22.330675 -12.803615 110.232101 0.761607 -0.466722 0.449584 0.417969 0.164063 3 11 0.333333 30 0.333333 31 0.333333
  0 22.330677 9.274507 110.232101 0.728441 0.486592 0.482289 0.482422 0.164063 3 11 0.333333 31 0.333333 32 0.333333
yuyuko.tga
  0 22.330675 -12.803615 110.232101 0.761607 -0.466722 0.449584 0.257813 0.164063 3 11 0.333333 30 0.333333 31 0.333333
  0 12.346296 -8.678617 129.732101 0.759896 -0.560250 0.329665 0.229492 0.222656 1 11 1.000000
  0 6.205671 -20.069239 110.232086 0.195343 -0.894685 0.401721 0.211914 0.167969 2 11 0.500000 30 0.500000
yuyuko.tga
  0 6.205671 -20.069239 110.232086 0.195343 -0.894685 0.401721 0.211914 0.167969 2 11 0.500000 30 0.500000
  0 12.346296 -8.678617 129.732101 0.759896 -0.560250 0.329665 0.229492 0.222656 1 11 1.000000
  0 0.514749 -12.803617 128.982101 0.008840 -0.965548 0.260073 0.195313 0.222656 1 11 1.000000
yuyuko.tga
  0 -32.606838 -15.569241 84.732094 -0.796879 -0.398347 0.454207 0.098633 0.109375 1 29 1.000000
  0 -7.434959 -20.444241 110.232101 -0.232156 -0.887467 0.398128 0.171875 0.167969 3 11 0.333333 29 0.333333 30 0.333333
  0 -21.263086 -12.803617 110.232086 -0.766754 -0.473965 0.432950 0.131836 0.164063 2 11 0.500000 29 0.500000
yuyuko.tga
  0 13.518175 -30.662989 84.357094 0.299910 -0.845652 0.441506 0.233398 0.109375 1 30 1.000000
  0 6.205671 -20.069239 110.232086 0.195343 -0.894685 0.401721 0.211914 0.167969 2 11 0.500000 30 0.500000
  0 -7.434959 -20.444241 110.232101 -0.232156 -0.887467 0.398128 0.171875 0.167969 3 11 0.333333 29 0.333333 30 0.333333
yuyuko.tga
  0 -11.888071 -4.342672 23.794573 0.025335 -0.606504 0.794676 0.458984 0.928711 1 6 1.000000
  0 -17.044323 1.786232 23.794571 -0.950754 0.178802 0.253175 0.445313 0.909180 1 6 1.000000
  0 -19.013073 -18.944231 18.075821 -0.645914 -0.614418 0.453085 0.447266 0.965820 1 6 1.000000
yuyuko.tga
  0 -12.919319 10.258888 11.952770 -0.030070 0.881403 -0.471406 0.458984 0.875488 1 6 1.000000
  0 -17.044323 1.786232 23.794571 -0.950754 0.178802 0.253175 0.445313 0.909180 1 6 1.000000
  0 -13.388071 6.462013 23.794571 -0.128694 0.972642 0.193404 0.458984 0.903320 1 6 1.000000
yuyuko.tga
  0 -12.919319 10.258888 11.952770 -0.030070 0.881403 -0.471406 0.359375 0.851563 1 6 1.000000
  0 -4.434943 -0.203023 11.952771 0.800828 0.216937 -0.558223 0.328125 0.885254 1 6 1.000000
  0 -21.263073 -1.298727 11.952772 -0.828780 0.183053 -0.528787 0.388672 0.887207 1 6 1.000000
yuyuko.tga
  0 -12.919319 10.258888 11.952770 -0.030070 0.881403 -0.471406 0.458984 0.875488 1 6 1.000000
  0 -13.388071 6.462013 23.794571 -0.128694 0.972642 0.193404 0.458984 0.903320 1 6 1.000000
  0 -7.341196 1.493265 23.794571 0.933528 0.261160 0.245602 0.478516 0.910645 1 6 1.000000
yuyuko.tga
  0 -13.388071 6.462013 23.794571 -0.128694 0.972642 0.193404 0.972656 0.046875 1 6 1.000000
  0 -12.919328 2.922946 77.607094 -0.065273 0.995709 0.065596 0.964844 0.171875 1 5 1.000000
  0 -7.341196 1.493265 23.794571 0.933528 0.261160 0.245602 0.960938 0.046875 1 6 1.000000
yuyuko.tga
  0 -12.919328 2.922946 77.607094 -0.065273 0.995709 0.065596 0.964844 0.171875 1 5 1.000000
  0 -7.106827 -2.227443 77.607094 0.999040 0.043761 0.002114 0.953125 0.171875 1 5 1.000000
  0 -7.341196 1.493265 23.794571 0.933528 0.261160 0.245602 0.960938 0.046875 1 6 1.000000
yuyuko.tga
  0 -17.044323 1.786232 23.794571 -0.950754 0.178802 0.253175 0.445313 0.909180 1 6 1.000000
  0 -20.513073 -13.412981 11.952774 -0.785356 -0.153085 -0.599818 0.417969 0.955322 1 6 1.000000
  0 -19.013073 -18.944231 18.075821 -0.645914 -0.614418 0.453085 0.447266 0.965820 1 6 1.000000
yuyuko.tga
  0 -12.919321 -22.225477 11.952774 -0.013794 -0.856714 -0.515608 0.460938 0.986633 1 6 1.000000
  0 -6.075570 -18.944229 18.075821 0.663256 -0.622370 0.415627 0.474609 0.965820 1 6 1.000000
  0 -19.013073 -18.944231 18.075821 -0.645914 -0.614418 0.453085 0.447266 0.965820 1 6 1.000000
yuyuko.tga
  0 -7.341196 1.493265 23.794571 0.933528 0.261160 0.245602 0.960938 0.046875 1 6 1.000000
  0 -7.106827 -2.227443 77.607094 0.999040 0.043761 0.002114 0.953125 0.171875 1 5 1.000000
  0 -11.888071 -4.342672 23.794573 0.025335 -0.606504 0.794676 0.945313 0.046875 1 6 1.000000
yuyuko.tga
  0 -7.106827 -2.227443 77.607094 0.999040 0.043761 0.002114 0.953125 0.171875 1 5 1.000000
  0 -12.263078 -8.350489 77.607094 -0.003205 -0.997231 -0.074294 0.937500 0.171875 1 5 1.000000
  0 -11.888071 -4.342672 23.794573 0.025335 -0.606504 0.794676 0.945313 0.046875 1 6 1.000000
yuyuko.tga
  0 -7.341196 1.493265 23.794571 0.933528 0.261160 0.245602 0.478516 0.910645 1 6 1.000000
  0 -11.888071 -4.342672 23.794573 0.025335 -0.606504 0.794676 0.458984 0.928711 1 6 1.000000
  0 -6.075570 -18.944229 18.075821 0.663256 -0.622370 0.415627 0.474609 0.965820 1 6 1.000000
yuyuko.tga
  0 -5.278694 -13.506729 11.952773 0.750797 -0.150754 -0.643100 0.503906 0.957031 1 6 1.000000
  0 -7.341196 1.493265 23.794571 0.933528 0.261160 0.245602 0.478516 0.910645 1 6 1.000000
  0 -6.075570 -18.944229 18.075821 0.663256 -0.622370 0.415627 0.474609 0.965820 1 6 1.000000
yuyuko.tga
  0 -6.075570 -18.944229 18.075821 0.663256 -0.622370 0.415627 0.474609 0.965820 1 6 1.000000
  0 -11.888071 -4.342672 23.794573 0.025335 -0.606504 0.794676 0.458984 0.928711 1 6 1.000000
  0 -19.013073 -18.944231 18.075821 -0.645914 -0.614418 0.453085 0.447266 0.965820 1 6 1.000000
yuyuko.tga
  0 -17.044323 1.786232 23.794571 -0.950754 0.178802 0.253175 0.960938 0.046875 1 6 1.000000
  0 -11.888071 -4.342672 23.794573 0.025335 -0.606504 0.794676 0.945313 0.046875 1 6 1.000000
  0 -17.419331 -2.227444 77.607094 -0.999730 -0.021613 -0.008535 0.953125 0.171875 1 5 1.000000
yuyuko.tga
  0 -11.888071 -4.342672 23.794573 0.025335 -0.606504 0.794676 0.945313 0.046875 1 6 1.000000
  0 -12.263078 -8.350489 77.607094 -0.003205 -0.997231 -0.074294 0.937500 0.171875 1 5 1.000000
  0 -17.419331 -2.227444 77.607094 -0.999730 -0.021613 -0.008535 0.953125 0.171875 1 5 1.000000
yuyuko.tga
  0 -17.419331 -2.227444 77.607094 -0.999730 -0.021613 -0.008535 0.953125 0.171875 1 5 1.000000
  0 -12.919328 2.922946 77.607094 -0.065273 0.995709 0.065596 0.964844 0.171875 1 5 1.000000
  0 -17.044323 1.786232 23.794571 -0.950754 0.178802 0.253175 0.960938 0.046875 1 6 1.000000
yuyuko.tga
  0 -12.919328 2.922946 77.607094 -0.065273 0.995709 0.065596 0.964844 0.171875 1 5 1.000000
  0 -13.388071 6.462013 23.794571 -0.128694 0.972642 0.193404 0.972656 0.046875 1 6 1.000000
  0 -17.044323 1.786232 23.794571 -0.950754 0.178802 0.253175 0.960938 0.046875 1 6 1.000000
yuyuko.tga
  0 -20.513073 -13.412981 11.952774 -0.785356 -0.153085 -0.599818 0.417969 0.955322 1 6 1.000000
  0 -12.919321 -22.225477 11.952774 -0.013794 -0.856714 -0.515608 0.460938 0.986633 1 6 1.000000
  0 -19.013073 -18.944231 18.075821 -0.645914 -0.614418 0.453085 0.447266 0.965820 1 6 1.000000
yuyuko.tga
  0 -5.278694 -13.506729 11.952773 0.750797 -0.150754 -0.643100 0.332031 0.934570 1 6 1.000000
  0 -12.919321 -22.225477 11.952774 -0.013794 -0.856714 -0.515608 0.359375 0.980469 1 6 1.000000
  0 -20.513073 -13.412981 11.952774 -0.785356 -0.153085 -0.599818 0.386719 0.932617 1 6 1.000000
yuyuko.tga
  0 -6.075570 -18.944229 18.075821 0.663256 -0.622370 0.415627 0.474609 0.965820 1 6 1.000000
  0 -12.919321 -22.225477 11.952774 -0.013794 -0.856714 -0.515608 0.460938 0.986633 1 6 1.000000
  0 -5.278694 -13.506729 11.952773 0.750797 -0.150754 -0.643100 0.503906 0.957031 1 6 1.000000
yuyuko.tga
  0 -17.044323 1.786232 23.794571 -0.950754 0.178802 0.253175 0.445313 0.909180 1 6 1.000000
  0 -12.919319 10.258888 11.952770 -0.030070 0.881403 -0.471406 0.458984 0.875488 1 6 1.000000
  0 -21.263073 -1.298727 11.952772 -0.828780 0.183053 -0.528787 0.412109 0.902832 1 6 1.000000
yuyuko.tga
  0 -4.434943 -0.203023 11.952771 0.800828 0.216937 -0.558223 0.503906 0.900879 1 6 1.000000
  0 -12.919319 10.258888 11.952770 -0.030070 0.881403 -0.471406 0.458984 0.875488 1 6 1.000000
  0 -7.341196 1.493265 23.794571 0.933528 0.261160 0.245602 0.478516 0.910645 1 6 1.000000
yuyuko.tga
  0 -17.044323 1.786232 23.794571 -0.950754 0.178802 0.253175 0.445313 0.909180 1 6 1.000000
  0 -21.263073 -1.298727 11.952772 -0.828780 0.183053 -0.528787 0.412109 0.902832 1 6 1.000000
  0 -20.513073 -13.412981 11.952774 -0.785356 -0.153085 -0.599818 0.417969 0.955322 1 6 1.000000
yuyuko.tga
  0 -5.278694 -13.506729 11.952773 0.750797 -0.150754 -0.643100 0.503906 0.957031 1 6 1.000000
  0 -4.434943 -0.203023 11.952771 0.800828 0.216937 -0.558223 0.503906 0.900879 1 6 1.000000
  0 -7.341196 1.493265 23.794571 0.933528 0.261160 0.245602 0.478516 0.910645 1 6 1.000000
yuyuko.tga
  0 -5.278694 -13.506729 11.952773 0.750797 -0.150754 -0.643100 0.332031 0.934570 1 6 1.000000
  0 -20.513073 -13.412981 11.952774 -0.785356 -0.153085 -0.599818 0.386719 0.932617 1 6 1.000000
  0 -21.263073 -1.298727 11.952772 -0.828780 0.183053 -0.528787 0.388672 0.887207 1 6 1.000000
yuyuko.tga
  0 -4.434943 -0.203023 11.952771 0.800828 0.216937 -0.558223 0.328125 0.885254 1 6 1.000000
  0 -5.278694 -13.506729 11.952773 0.750797 -0.150754 -0.643100 0.332031 0.934570 1 6 1.000000
  0 -21.263073 -1.298727 11.952772 -0.828780 0.183053 -0.528787 0.388672 0.887207 1 6 1.000000
yuyuko.tga
  0 12.861935 -4.342670 23.794575 -0.030837 -0.607194 0.793955 0.458984 0.928711 1 9 1.000000
  0 19.986937 -18.944227 18.075823 0.645241 -0.615381 0.452737 0.447266 0.965820 1 9 1.000000
  0 18.111937 1.786235 23.794571 0.951639 0.176243 0.251636 0.445313 0.909180 1 9 1.000000
yuyuko.tga
  0 13.893187 10.258891 11.952772 0.027166 0.881197 -0.471969 0.458984 0.875488 1 9 1.000000
  0 14.455685 6.462016 23.794571 0.132832 0.972270 0.192474 0.458984 0.903320 1 9 1.000000
  0 18.111937 1.786235 23.794571 0.951639 0.176243 0.251636 0.445313 0.909180 1 9 1.000000
yuyuko.tga
  0 13.893187 10.258891 11.952772 0.027166 0.881197 -0.471969 0.359375 0.851563 1 9 1.000000
  0 22.236938 -1.298723 11.952773 0.827026 0.182786 -0.531617 0.388672 0.887207 1 9 1.000000
  0 5.455684 -0.203022 11.952773 -0.800986 0.215990 -0.558364 0.328125 0.885254 1 9 1.000000
yuyuko.tga
  0 13.893187 10.258891 11.952772 0.027166 0.881197 -0.471969 0.458984 0.875488 1 9 1.000000
  0 8.361935 1.493266 23.794575 -0.932890 0.263245 0.245802 0.478516 0.910645 1 9 1.000000
  0 14.455685 6.462016 23.794571 0.132832 0.972270 0.192474 0.458984 0.903320 1 9 1.000000
yuyuko.tga
  0 14.455685 6.462016 23.794571 0.132832 0.972270 0.192474 0.972656 0.046875 1 9 1.000000
  0 8.361935 1.493266 23.794575 -0.932890 0.263245 0.245802 0.960938 0.046875 1 9 1.000000
  0 13.986928 2.922947 77.607094 0.072276 0.995174 0.066373 0.964844 0.171875 1 8 1.000000
yuyuko.tga
  0 13.986928 2.922947 77.607094 0.072276 0.995174 0.066373 0.964844 0.171875 1 8 1.000000
  0 8.361935 1.493266 23.794575 -0.932890 0.263245 0.245802 0.960938 0.046875 1 9 1.000000
  0 8.127551 -2.227442 77.607094 -0.998844 0.048017 0.002443 0.953125 0.171875 1 8 1.000000
yuyuko.tga
  0 18.111937 1.786235 23.794571 0.951639 0.176243 0.251636 0.445313 0.909180 1 9 1.000000
  0 19.986937 -18.944227 18.075823 0.645241 -0.615381 0.452737 0.447266 0.965820 1 9 1.000000
  0 21.486937 -13.412978 11.952774 0.784194 -0.154266 -0.601034 0.417969 0.955322 1 9 1.000000
yuyuko.tga
  0 13.893185 -22.225475 11.952775 0.012480 -0.856727 -0.515620 0.460938 0.986633 1 9 1.000000
  0 19.986937 -18.944227 18.075823 0.645241 -0.615381 0.452737 0.447266 0.965820 1 9 1.000000
  0 7.096308 -18.944229 18.075825 -0.663289 -0.621776 0.416463 0.474609 0.965820 1 9 1.000000
yuyuko.tga
  0 8.361935 1.493266 23.794575 -0.932890 0.263245 0.245802 0.960938 0.046875 1 9 1.000000
  0 12.861935 -4.342670 23.794575 -0.030837 -0.607194 0.793955 0.945313 0.046875 1 9 1.000000
  0 8.127551 -2.227442 77.607094 -0.998844 0.048017 0.002443 0.953125 0.171875 1 8 1.000000
yuyuko.tga
  0 8.127551 -2.227442 77.607094 -0.998844 0.048017 0.002443 0.953125 0.171875 1 8 1.000000
  0 12.861935 -4.342670 23.794575 -0.030837 -0.607194 0.793955 0.945313 0.046875 1 9 1.000000
  0 13.236927 -8.350488 77.607094 0.001046 -0.997237 -0.074279 0.937500 0.171875 1 8 1.000000
yuyuko.tga
  0 8.361935 1.493266 23.794575 -0.932890 0.263245 0.245802 0.478516 0.910645 1 9 1.000000
  0 7.096308 -18.944229 18.075825 -0.663289 -0.621776 0.416463 0.474609 0.965820 1 9 1.000000
  0 12.861935 -4.342670 23.794575 -0.030837 -0.607194 0.793955 0.458984 0.928711 1 9 1.000000
yuyuko.tga
  0 6.299434 -13.506729 11.952774 -0.750922 -0.150119 -0.643102 0.503906 0.957031 1 9 1.000000
  0 7.096308 -18.944229 18.075825 -0.663289 -0.621776 0.416463 0.474609 0.965820 1 9 1.000000
  0 8.361935 1.493266 23.794575 -0.932890 0.263245 0.245802 0.478516 0.910645 1 9 1.000000
yuyuko.tga
  0 7.096308 -18.944229 18.075825 -0.663289 -0.621776 0.416463 0.474609 0.965820 1 9 1.000000
  0 19.986937 -18.944227 18.075823 0.645241 -0.615381 0.452737 0.447266 0.965820 1 9 1.000000
  0 12.861935 -4.342670 23.794575 -0.030837 -0.607194 0.793955 0.458984 0.928711 1 9 1.000000
yuyuko.tga
  0 18.111937 1.786235 23.794571 0.951639 0.176243 0.251636 0.960938 0.046875 1 9 1.000000
  0 18.393177 -2.227441 77.607094 0.999602 -0.027048 -0.008020 0.953125 0.171875 1 8 1.000000
  0 12.861935 -4.342670 23.794575 -0.030837 -0.607194 0.793955 0.945313 0.046875 1 9 1.000000
yuyuko.tga
  0 12.861935 -4.342670 23.794575 -0.030837 -0.607194 0.793955 0.945313 0.046875 1 9 1.000000
  0 18.393177 -2.227441 77.607094 0.999602 -0.027048 -0.008020 0.953125 0.171875 1 8 1.000000
  0 13.236927 -8.350488 77.607094 0.001046 -0.997237 -0.074279 0.937500 0.171875 1 8 1.000000
yuyuko.tga
  0 18.393177 -2.227441 77.607094 0.999602 -0.027048 -0.008020 0.953125 0.171875 1 8 1.000000
  0 18.111937 1.786235 23.794571 0.951639 0.176243 0.251636 0.960938 0.046875 1 9 1.000000
  0 13.986928 2.922947 77.607094 0.072276 0.995174 0.066373 0.964844 0.171875 1 8 1.000000
yuyuko.tga
  0 13.986928 2.922947 77.607094 0.072276 0.995174 0.066373 0.964844 0.171875 1 8 1.000000
  0 18.111937 1.786235 23.794571 0.951639 0.176243 0.251636 0.960938 0.046875 1 9 1.000000
  0 14.455685 6.462016 23.794571 0.132832 0.972270 0.192474 0.972656 0.046875 1 9 1.000000
yuyuko.tga
  0 21.486937 -13.412978 11.952774 0.784194 -0.154266 -0.601034 0.417969 0.955322 1 9 1.000000
  0 19.986937 -18.944227 18.075823 0.645241 -0.615381 0.452737 0.447266 0.965820 1 9 1.000000
  0 13.893185 -22.225475 11.952775 0.012480 -0.856727 -0.515620 0.460938 0.986633 1 9 1.000000
yuyuko.tga
  0 6.299434 -13.506729 11.952774 -0.750922 -0.150119 -0.643102 0.332031 0.934570 1 9 1.000000
  0 21.486937 -13.412978 11.952774 0.784194 -0.154266 -0.601034 0.386719 0.932617 1 9 1.000000
  0 13.893185 -22.225475 11.952775 0.012480 -0.856727 -0.515620 0.359375 0.980469 1 9 1.000000
yuyuko.tga
  0 7.096308 -18.944229 18.075825 -0.663289 -0.621776 0.416463 0.474609 0.965820 1 9 1.000000
  0 6.299434 -13.506729 11.952774 -0.750922 -0.150119 -0.643102 0.503906 0.957031 1 9 1.000000
  0 13.893185 -22.225475 11.952775 0.012480 -0.856727 -0.515620 0.460938 0.986633 1 9 1.000000
yuyuko.tga
  0 18.111937 1.786235 23.794571 0.951639 0.176243 0.251636 0.445313 0.909180 1 9 1.000000
  0 22.236938 -1.298723 11.952773 0.827026 0.182786 -0.531617 0.412109 0.902832 1 9 1.000000
  0 13.893187 10.258891 11.952772 0.027166 0.881197 -0.471969 0.458984 0.875488 1 9 1.000000
yuyuko.tga
  0 5.455684 -0.203022 11.952773 -0.800986 0.215990 -0.558364 0.503906 0.900879 1 9 1.000000
  0 8.361935 1.493266 23.794575 -0.932890 0.263245 0.245802 0.478516 0.910645 1 9 1.000000
  0 13.893187 10.258891 11.952772 0.027166 0.881197 -0.471969 0.458984 0.875488 1 9 1.000000
yuyuko.tga
  0 18.111937 1.786235 23.794571 0.951639 0.176243 0.251636 0.445313 0.909180 1 9 1.000000
  0 21.486937 -13.412978 11.952774 0.784194 -0.154266 -0.601034 0.417969 0.955322 1 9 1.000000
  0 22.236938 -1.298723 11.952773 0.827026 0.182786 -0.531617 0.412109 0.902832 1 9 1.000000
yuyuko.tga
  0 6.299434 -13.506729 11.952774 -0.750922 -0.150119 -0.643102 0.503906 0.957031 1 9 1.000000
  0 8.361935 1.493266 23.794575 -0.932890 0.263245 0.245802 0.478516 0.910645 1 9 1.000000
  0 5.455684 -0.203022 11.952773 -0.800986 0.215990 -0.558364 0.503906 0.900879 1 9 1.000000
yuyuko.tga
  0 6.299434 -13.506729 11.952774 -0.750922 -0.150119 -0.643102 0.332031 0.934570 1 9 1.000000
  0 22.236938 -1.298723 11.952773 0.827026 0.182786 -0.531617 0.388672 0.887207 1 9 1.000000
  0 21.486937 -13.412978 11.952774 0.784194 -0.154266 -0.601034 0.386719 0.932617 1 9 1.000000
yuyuko.tga
  0 5.455684 -0.203022 11.952773 -0.800986 0.215990 -0.558364 0.328125 0.885254 1 9 1.000000
  0 22.236938 -1.298723 11.952773 0.827026 0.182786 -0.531617 0.388672 0.887207 1 9 1.000000
  0 6.299434 -13.506729 11.952774 -0.750922 -0.150119 -0.643102 0.332031 0.934570 1 9 1.000000
yuyuko.tga
  1 -13.856845 -26.350498 205.482132 0.000000 -0.999238 0.039033 0.486328 0.791016 1 22 1.000000
  1 14.830661 -26.350498 205.482132 0.000000 -0.999238 0.039033 0.675781 0.791016 1 22 1.000000
  1 0.514737 -25.413000 229.482132 0.000000 -0.999238 0.039033 0.582031 0.943604 1 22 1.000000
yuyuko.tga
  1 -14.044342 -8.959875 182.232117 -0.973427 -0.181327 -0.139860 0.052979 0.817383 1 22 1.000000
  1 -12.075590 -7.319249 178.482117 -0.762754 0.004406 -0.646674 0.051514 0.780273 1 22 1.000000
  1 -11.794342 -15.287998 181.482117 -0.757672 -0.641732 -0.118799 0.089844 0.824219 1 22 1.000000
yuyuko.tga
  1 -7.856841 1.188561 176.982117 -0.574883 0.255780 -0.777230 0.048096 0.765625 1 22 1.000000
  1 -6.028714 8.711998 178.482117 -0.458974 0.517641 -0.722073 0.036377 0.775391 1 22 1.000000
  1 -3.028714 -1.304601 173.982117 -0.360288 0.189745 -0.913340 0.056396 0.750000 1 22 1.000000
yuyuko.tga
  1 0.406341 -19.319248 206.982132 0.000390 -0.988963 0.148163 0.159180 0.984863 1 22 1.000000
  1 -12.450595 -12.944251 206.982132 -0.763849 -0.620293 0.178243 0.044434 0.981445 1 22 1.000000
  1 -12.919344 -15.663001 194.982132 -0.690610 -0.722942 0.020307 0.078125 0.916504 1 22 1.000000
yuyuko.tga
  1 -16.669346 -0.053629 206.982132 -0.995498 -0.092666 0.019935 0.031250 0.937988 1 22 1.000000
  1 -15.544344 -9.288000 192.732132 -0.973617 -0.217398 -0.069337 0.046875 0.894531 1 22 1.000000
  1 -12.450595 -12.944251 206.982132 -0.763849 -0.620293 0.178243 0.044434 0.981445 1 22 1.000000
yuyuko.tga
  1 -14.419342 1.833091 184.482117 -0.909923 0.211100 -0.357039 0.036865 0.829102 1 22 1.000000
  1 -14.044342 -8.959875 182.232117 -0.973427 -0.181327 -0.139860 0.052979 0.817383 1 22 1.000000
  1 -13.669342 -8.913000 183.732117 -0.976536 -0.214835 0.014971 0.052734 0.831055 1 22 1.000000
yuyuko.tga
  1 -7.903716 -5.514562 175.482117 -0.504956 0.097486 -0.857622 0.071289 0.750977 1 22 1.000000
  1 -7.856841 1.188561 176.982117 -0.574883 0.255780 -0.777230 0.048096 0.765625 1 22 1.000000
  1 -3.028714 -1.304601 173.982117 -0.360288 0.189745 -0.913340 0.056396 0.750000 1 22 1.000000
yuyuko.tga
  1 -11.794342 -15.287998 181.482117 -0.757672 -0.641732 -0.118799 0.089844 0.824219 1 22 1.000000
  1 0.406345 -18.569246 176.232117 -0.000379 -0.816817 -0.576897 0.159180 0.790039 1 22 1.000000
  1 0.406344 -21.381746 182.232117 -0.000004 -0.990685 0.136175 0.159180 0.829102 1 22 1.000000
yuyuko.tga
  1 -7.903716 -5.514562 175.482117 -0.504956 0.097486 -0.857622 0.071289 0.750977 1 22 1.000000
  1 -3.028714 -1.304601 173.982117 -0.360288 0.189745 -0.913340 0.056396 0.750000 1 22 1.000000
  1 0.406346 -4.975498 172.482117 0.000236 0.077812 -0.996968 0.159180 0.730469 1 22 1.000000
yuyuko.tga
  1 -6.028714 8.711998 178.482117 -0.458974 0.517641 -0.722073 0.036377 0.775391 1 22 1.000000
  1 0.406346 13.586996 179.982117 -0.000781 0.643480 -0.765463 0.027710 0.782227 1 22 1.000000
  1 0.406346 3.274499 174.732117 -0.000200 0.380690 -0.924703 0.041016 0.754883 1 22 1.000000
yuyuko.tga
  1 0.406344 -21.381746 182.232117 -0.000004 -0.990685 0.136175 0.159180 0.829102 1 22 1.000000
  1 0.406344 -19.319246 184.482117 0.000422 -0.944697 0.327944 0.159180 0.839844 1 22 1.000000
  1 -11.419342 -14.912998 182.982117 -0.709221 -0.691951 0.134947 0.087402 0.833984 1 22 1.000000
yuyuko.tga
  1 -11.419342 -14.912998 182.982117 -0.709221 -0.691951 0.134947 0.087402 0.833984 1 22 1.000000
  1 0.406342 -20.162998 195.732132 0.000306 -0.999991 -0.004176 0.159180 0.919922 1 22 1.000000
  1 -12.919344 -15.663001 194.982132 -0.690610 -0.722942 0.020307 0.078125 0.916504 1 22 1.000000
yuyuko.tga
  1 -12.075590 -7.319249 178.482117 -0.762754 0.004406 -0.646674 0.051514 0.780273 1 22 1.000000
  1 -7.903716 -5.514562 175.482117 -0.504956 0.097486 -0.857622 0.071289 0.750977 1 22 1.000000
  1 -5.466215 -12.709872 173.982117 -0.441805 -0.271239 -0.855124 0.113770 0.754883 1 22 1.000000
yuyuko.tga
  1 -14.044342 -8.959875 182.232117 -0.973427 -0.181327 -0.139860 0.052979 0.817383 1 22 1.000000
  1 -11.419342 -14.912998 182.982117 -0.709221 -0.691951 0.134947 0.087402 0.833984 1 22 1.000000
  1 -13.669342 -8.913000 183.732117 -0.976536 -0.214835 0.014971 0.052734 0.831055 1 22 1.000000
yuyuko.tga
  1 -11.419342 -14.912998 182.982117 -0.709221 -0.691951 0.134947 0.087402 0.833984 1 22 1.000000
  1 -12.919344 -15.663001 194.982132 -0.690610 -0.722942 0.020307 0.078125 0.916504 1 22 1.000000
  1 -15.544344 -9.288000 192.732132 -0.973617 -0.217398 -0.069337 0.046875 0.894531 1 22 1.000000
yuyuko.tga
  1 -14.419342 1.833091 184.482117 -0.909923 0.211100 -0.357039 0.036865 0.829102 1 22 1.000000
  1 -11.981840 9.368247 185.982117 -0.810135 0.433375 -0.394801 0.028809 0.845703 1 22 1.000000
  1 -6.028714 8.711998 178.482117 -0.458974 0.517641 -0.722073 0.036377 0.775391 1 22 1.000000
yuyuko.tga
  1 -9.216215 -13.881748 176.982117 -0.598151 -0.452089 -0.661688 0.096680 0.790039 1 22 1.000000
  1 -5.466215 -12.709872 173.982117 -0.441805 -0.271239 -0.855124 0.113770 0.754883 1 22 1.000000
  1 0.406345 -18.569246 176.232117 -0.000379 -0.816817 -0.576897 0.159180 0.790039 1 22 1.000000
yuyuko.tga
  1 -13.669342 -8.913000 183.732117 -0.976536 -0.214835 0.014971 0.052734 0.831055 1 22 1.000000
  1 -11.419342 -14.912998 182.982117 -0.709221 -0.691951 0.134947 0.087402 0.833984 1 22 1.000000
  1 -15.544344 -9.288000 192.732132 -0.973617 -0.217398 -0.069337 0.046875 0.894531 1 22 1.000000
yuyuko.tga
  1 -14.419342 1.833091 184.482117 -0.909923 0.211100 -0.357039 0.036865 0.829102 1 22 1.000000
  1 -13.669342 -8.913000 183.732117 -0.976536 -0.214835 0.014971 0.052734 0.831055 1 22 1.000000
  1 -15.544344 -9.288000 192.732132 -0.973617 -0.217398 -0.069337 0.046875 0.894531 1 22 1.000000
yuyuko.tga
  1 -16.669346 -0.053629 206.982132 -0.995498 -0.092666 0.019935 0.031250 0.937988 1 22 1.000000
  1 -14.419342 1.833091 184.482117 -0.909923 0.211100 -0.357039 0.036865 0.829102 1 22 1.000000
  1 -15.544344 -9.288000 192.732132 -0.973617 -0.217398 -0.069337 0.046875 0.894531 1 22 1.000000
yuyuko.tga
  1 -15.544344 -9.288000 192.732132 -0.973617 -0.217398 -0.069337 0.046875 0.894531 1 22 1.000000
  1 -12.919344 -15.663001 194.982132 -0.690610 -0.722942 0.020307 0.078125 0.916504 1 22 1.000000
  1 -12.450595 -12.944251 206.982132 -0.763849 -0.620293 0.178243 0.044434 0.981445 1 22 1.000000
yuyuko.tga
  1 -12.075590 -7.319249 178.482117 -0.762754 0.004406 -0.646674 0.051514 0.780273 1 22 1.000000
  1 -9.216215 -13.881748 176.982117 -0.598151 -0.452089 -0.661688 0.096680 0.790039 1 22 1.000000
  1 -11.794342 -15.287998 181.482117 -0.757672 -0.641732 -0.118799 0.089844 0.824219 1 22 1.000000
yuyuko.tga
  1 -14.044342 -8.959875 182.232117 -0.973427 -0.181327 -0.139860 0.052979 0.817383 1 22 1.000000
  1 -11.794342 -15.287998 181.482117 -0.757672 -0.641732 -0.118799 0.089844 0.824219 1 22 1.000000
  1 -11.419342 -14.912998 182.982117 -0.709221 -0.691951 0.134947 0.087402 0.833984 1 22 1.000000
yuyuko.tga
  1 -12.075590 -7.319249 178.482117 -0.762754 0.004406 -0.646674 0.051514 0.780273 1 22 1.000000
  1 -5.466215 -12.709872 173.982117 -0.441805 -0.271239 -0.855124 0.113770 0.754883 1 22 1.000000
  1 -9.216215 -13.881748 176.982117 -0.598151 -0.452089 -0.661688 0.096680 0.790039 1 22 1.000000
yuyuko.tga
  1 -7.903716 -5.514562 175.482117 -0.504956 0.097486 -0.857622 0.071289 0.750977 1 22 1.000000
  1 -12.075590 -7.319249 178.482117 -0.762754 0.004406 -0.646674 0.051514 0.780273 1 22 1.000000
  1 -7.856841 1.188561 176.982117 -0.574883 0.255780 -0.777230 0.048096 0.765625 1 22 1.000000
yuyuko.tga
  1 -6.028714 8.711998 178.482117 -0.458974 0.517641 -0.722073 0.036377 0.775391 1 22 1.000000
  1 0.406346 3.274499 174.732117 -0.000200 0.380690 -0.924703 0.041016 0.754883 1 22 1.000000
  1 -3.028714 -1.304601 173.982117 -0.360288 0.189745 -0.913340 0.056396 0.750000 1 22 1.000000
yuyuko.tga
  1 -12.075590 -7.319249 178.482117 -0.762754 0.004406 -0.646674 0.051514 0.780273 1 22 1.000000
  1 -14.044342 -8.959875 182.232117 -0.973427 -0.181327 -0.139860 0.052979 0.817383 1 22 1.000000
  1 -14.419342 1.833091 184.482117 -0.909923 0.211100 -0.357039 0.036865 0.829102 1 22 1.000000
yuyuko.tga
  1 -7.856841 1.188561 176.982117 -0.574883 0.255780 -0.777230 0.048096 0.765625 1 22 1.000000
  1 -14.419342 1.833091 184.482117 -0.909923 0.211100 -0.357039 0.036865 0.829102 1 22 1.000000
  1 -6.028714 8.711998 178.482117 -0.458974 0.517641 -0.722073 0.036377 0.775391 1 22 1.000000
yuyuko.tga
  1 -7.856841 1.188561 176.982117 -0.574883 0.255780 -0.777230 0.048096 0.765625 1 22 1.000000
  1 -12.075590 -7.319249 178.482117 -0.762754 0.004406 -0.646674 0.051514 0.780273 1 22 1.000000
  1 -14.419342 1.833091 184.482117 -0.909923 0.211100 -0.357039 0.036865 0.829102 1 22 1.000000
yuyuko.tga
  1 0.406342 -20.162998 195.732132 0.000306 -0.999991 -0.004176 0.159180 0.919922 1 22 1.000000
  1 0.406341 -19.319248 206.982132 0.000390 -0.988963 0.148163 0.159180 0.984863 1 22 1.000000
  1 -12.919344 -15.663001 194.982132 -0.690610 -0.722942 0.020307 0.078125 0.916504 1 22 1.000000
yuyuko.tga
  1 0.406346 -4.975498 172.482117 0.000236 0.077812 -0.996968 0.159180 0.730469 1 22 1.000000
  1 0.406345 -13.975495 171.732117 -0.000579 -0.353461 -0.935449 0.159180 0.744141 1 22 1.000000
  1 -5.466215 -12.709872 173.982117 -0.441805 -0.271239 -0.855124 0.113770 0.754883 1 22 1.000000
yuyuko.tga
  1 -7.903716 -5.514562 175.482117 -0.504956 0.097486 -0.857622 0.071289 0.750977 1 22 1.000000
  1 0.406346 -4.975498 172.482117 0.000236 0.077812 -0.996968 0.159180 0.730469 1 22 1.000000
  1 -5.466215 -12.709872 173.982117 -0.441805 -0.271239 -0.855124 0.113770 0.754883 1 22 1.000000
yuyuko.tga
  1 -11.419342 -14.912998 182.982117 -0.709221 -0.691951 0.134947 0.087402 0.833984 1 22 1.000000
  1 0.406344 -19.319246 184.482117 0.000422 -0.944697 0.327944 0.159180 0.839844 1 22 1.000000
  1 0.406342 -20.162998 195.732132 0.000306 -0.999991 -0.004176 0.159180 0.919922 1 22 1.000000
yuyuko.tga
  1 -11.794342 -15.287998 181.482117 -0.757672 -0.641732 -0.118799 0.089844 0.824219 1 22 1.000000
  1 0.406344 -21.381746 182.232117 -0.000004 -0.990685 0.136175 0.159180 0.829102 1 22 1.000000
  1 -11.419342 -14.912998 182.982117 -0.709221 -0.691951 0.134947 0.087402 0.833984 1 22 1.000000
yuyuko.tga
  1 -11.794342 -15.287998 181.482117 -0.757672 -0.641732 -0.118799 0.089844 0.824219 1 22 1.000000
  1 -9.216215 -13.881748 176.982117 -0.598151 -0.452089 -0.661688 0.096680 0.790039 1 22 1.000000
  1 0.406345 -18.569246 176.232117 -0.000379 -0.816817 -0.576897 0.159180 0.790039 1 22 1.000000
yuyuko.tga
  1 -5.466215 -12.709872 173.982117 -0.441805 -0.271239 -0.855124 0.113770 0.754883 1 22 1.000000
  1 0.406345 -13.975495 171.732117 -0.000579 -0.353461 -0.935449 0.159180 0.744141 1 22 1.000000
  1 0.406345 -18.569246 176.232117 -0.000379 -0.816817 -0.576897 0.159180 0.790039 1 22 1.000000
yuyuko.tga
  1 -14.419342 1.833091 184.482117 -0.909923 0.211100 -0.357039 0.036865 0.829102 1 22 1.000000
  1 -16.669346 -0.053629 206.982132 -0.995498 -0.092666 0.019935 0.031250 0.937988 1 22 1.000000
  1 -11.981840 9.368247 185.982117 -0.810135 0.433375 -0.394801 0.028809 0.845703 1 22 1.000000
yuyuko.tga
  1 14.830664 -8.959871 182.232117 0.973158 -0.183253 -0.139217 0.265625 0.817383 1 22 1.000000
  1 12.627540 -15.287995 181.482117 0.761303 -0.639029 -0.109814 0.228516 0.824219 1 22 1.000000
  1 12.861916 -7.319247 178.482117 0.762101 0.003873 -0.647446 0.265625 0.780273 1 22 1.000000
yuyuko.tga
  1 8.690040 1.188563 176.982117 0.573769 0.253808 -0.778698 0.269531 0.765625 1 22 1.000000
  1 3.838475 -1.304601 173.982117 0.360267 0.188734 -0.913558 0.261719 0.750000 1 22 1.000000
  1 6.861914 8.711999 178.482117 0.457472 0.517651 -0.723019 0.281250 0.775391 1 22 1.000000
yuyuko.tga
  1 0.406341 -19.319248 206.982132 0.000390 -0.988963 0.148163 0.159180 0.984863 1 22 1.000000
  1 13.705662 -15.662998 194.982132 0.690832 -0.722732 0.020255 0.240234 0.916504 1 22 1.000000
  1 13.236911 -12.944248 206.982132 0.764098 -0.620003 0.178187 0.273438 0.981445 1 22 1.000000
yuyuko.tga
  1 17.455664 -0.053627 206.982132 0.995276 -0.094597 0.021837 0.287109 0.937988 1 22 1.000000
  1 13.236911 -12.944248 206.982132 0.764098 -0.620003 0.178187 0.273438 0.981445 1 22 1.000000
  1 16.330666 -9.287997 192.732132 0.973093 -0.220034 -0.068375 0.271484 0.894531 1 22 1.000000
yuyuko.tga
  1 15.299416 1.833094 184.482117 0.910659 0.207695 -0.357159 0.281250 0.829102 1 22 1.000000
  1 14.455664 -8.912996 183.732117 0.975585 -0.219114 0.014903 0.265625 0.831055 1 22 1.000000
  1 14.830664 -8.959871 182.232117 0.973158 -0.183253 -0.139217 0.265625 0.817383 1 22 1.000000
yuyuko.tga
  1 8.690040 -5.514560 175.482117 0.504733 0.097058 -0.857802 0.247070 0.750977 1 22 1.000000
  1 3.838475 -1.304601 173.982117 0.360267 0.188734 -0.913558 0.261719 0.750000 1 22 1.000000
  1 8.690040 1.188563 176.982117 0.573769 0.253808 -0.778698 0.269531 0.765625 1 22 1.000000
yuyuko.tga
  1 12.627540 -15.287995 181.482117 0.761303 -0.639029 -0.109814 0.228516 0.824219 1 22 1.000000
  1 0.406344 -21.381746 182.232117 -0.000004 -0.990685 0.136175 0.159180 0.829102 1 22 1.000000
  1 0.406345 -18.569246 176.232117 -0.000379 -0.816817 -0.576897 0.159180 0.790039 1 22 1.000000
yuyuko.tga
  1 8.690040 -5.514560 175.482117 0.504733 0.097058 -0.857802 0.247070 0.750977 1 22 1.000000
  1 0.406346 -4.975498 172.482117 0.000236 0.077812 -0.996968 0.159180 0.730469 1 22 1.000000
  1 3.838475 -1.304601 173.982117 0.360267 0.188734 -0.913558 0.261719 0.750000 1 22 1.000000
yuyuko.tga
  1 6.861914 8.711999 178.482117 0.457472 0.517651 -0.723019 0.281250 0.775391 1 22 1.000000
  1 0.406346 3.274499 174.732117 -0.000200 0.380690 -0.924703 0.277344 0.754883 1 22 1.000000
  1 0.406346 13.586996 179.982117 -0.000781 0.643480 -0.765463 0.291016 0.782227 1 22 1.000000
yuyuko.tga
  1 0.406344 -21.381746 182.232117 -0.000004 -0.990685 0.136175 0.159180 0.829102 1 22 1.000000
  1 12.205664 -14.912995 182.982117 0.707137 -0.691964 0.145406 0.230469 0.833984 1 22 1.000000
  1 0.406344 -19.319246 184.482117 0.000422 -0.944697 0.327944 0.159180 0.839844 1 22 1.000000
yuyuko.tga
  1 12.205664 -14.912995 182.982117 0.707137 -0.691964 0.145406 0.230469 0.833984 1 22 1.000000
  1 13.705662 -15.662998 194.982132 0.690832 -0.722732 0.020255 0.240234 0.916504 1 22 1.000000
  1 0.406342 -20.162998 195.732132 0.000306 -0.999991 -0.004176 0.159180 0.919922 1 22 1.000000
yuyuko.tga
  1 12.861916 -7.319247 178.482117 0.762101 0.003873 -0.647446 0.265625 0.780273 1 22 1.000000
  1 6.299413 -12.709871 173.982117 0.442105 -0.270549 -0.855188 0.204102 0.754883 1 22 1.000000
  1 8.690040 -5.514560 175.482117 0.504733 0.097058 -0.857802 0.247070 0.750977 1 22 1.000000
yuyuko.tga
  1 14.830664 -8.959871 182.232117 0.973158 -0.183253 -0.139217 0.265625 0.817383 1 22 1.000000
  1 14.455664 -8.912996 183.732117 0.975585 -0.219114 0.014903 0.265625 0.831055 1 22 1.000000
  1 12.205664 -14.912995 182.982117 0.707137 -0.691964 0.145406 0.230469 0.833984 1 22 1.000000
yuyuko.tga
  1 12.205664 -14.912995 182.982117 0.707137 -0.691964 0.145406 0.230469 0.833984 1 22 1.000000
  1 16.330666 -9.287997 192.732132 0.973093 -0.220034 -0.068375 0.271484 0.894531 1 22 1.000000
  1 13.705662 -15.662998 194.982132 0.690832 -0.722732 0.020255 0.240234 0.916504 1 22 1.000000
yuyuko.tga
  1 15.299416 1.833094 184.482117 0.910659 0.207695 -0.357159 0.281250 0.829102 1 22 1.000000
  1 6.861914 8.711999 178.482117 0.457472 0.517651 -0.723019 0.281250 0.775391 1 22 1.000000
  1 12.861916 9.368248 185.982117 0.810018 0.433225 -0.395206 0.289063 0.845703 1 22 1.000000
yuyuko.tga
  1 10.049414 -13.881745 176.982117 0.599265 -0.450499 -0.661764 0.221680 0.790039 1 22 1.000000
  1 0.406345 -18.569246 176.232117 -0.000379 -0.816817 -0.576897 0.159180 0.790039 1 22 1.000000
  1 6.299413 -12.709871 173.982117 0.442105 -0.270549 -0.855188 0.204102 0.754883 1 22 1.000000
yuyuko.tga
  1 14.455664 -8.912996 183.732117 0.975585 -0.219114 0.014903 0.265625 0.831055 1 22 1.000000
  1 16.330666 -9.287997 192.732132 0.973093 -0.220034 -0.068375 0.271484 0.894531 1 22 1.000000
  1 12.205664 -14.912995 182.982117 0.707137 -0.691964 0.145406 0.230469 0.833984 1 22 1.000000
yuyuko.tga
  1 15.299416 1.833094 184.482117 0.910659 0.207695 -0.357159 0.281250 0.829102 1 22 1.000000
  1 16.330666 -9.287997 192.732132 0.973093 -0.220034 -0.068375 0.271484 0.894531 1 22 1.000000
  1 14.455664 -8.912996 183.732117 0.975585 -0.219114 0.014903 0.265625 0.831055 1 22 1.000000
yuyuko.tga
  1 17.455664 -0.053627 206.982132 0.995276 -0.094597 0.021837 0.287109 0.937988 1 22 1.000000
  1 16.330666 -9.287997 192.732132 0.973093 -0.220034 -0.068375 0.271484 0.894531 1 22 1.000000
  1 15.299416 1.833094 184.482117 0.910659 0.207695 -0.357159 0.281250 0.829102 1 22 1.000000
yuyuko.tga
  1 16.330666 -9.287997 192.732132 0.973093 -0.220034 -0.068375 0.271484 0.894531 1 22 1.000000
  1 13.236911 -12.944248 206.982132 0.764098 -0.620003 0.178187 0.273438 0.981445 1 22 1.000000
  1 13.705662 -15.662998 194.982132 0.690832 -0.722732 0.020255 0.240234 0.916504 1 22 1.000000
yuyuko.tga
  1 12.861916 -7.319247 178.482117 0.762101 0.003873 -0.647446 0.265625 0.780273 1 22 1.000000
  1 12.627540 -15.287995 181.482117 0.761303 -0.639029 -0.109814 0.228516 0.824219 1 22 1.000000
  1 10.049414 -13.881745 176.982117 0.599265 -0.450499 -0.661764 0.221680 0.790039 1 22 1.000000
yuyuko.tga
  1 14.830664 -8.959871 182.232117 0.973158 -0.183253 -0.139217 0.265625 0.817383 1 22 1.000000
  1 12.205664 -14.912995 182.982117 0.707137 -0.691964 0.145406 0.230469 0.833984 1 22 1.000000
  1 12.627540 -15.287995 181.482117 0.761303 -0.639029 -0.109814 0.228516 0.824219 1 22 1.000000
yuyuko.tga
  1 12.861916 -7.319247 178.482117 0.762101 0.003873 -0.647446 0.265625 0.780273 1 22 1.000000
  1 10.049414 -13.881745 176.982117 0.599265 -0.450499 -0.661764 0.221680 0.790039 1 22 1.000000
  1 6.299413 -12.709871 173.982117 0.442105 -0.270549 -0.855188 0.204102 0.754883 1 22 1.000000
yuyuko.tga
  1 8.690040 -5.514560 175.482117 0.504733 0.097058 -0.857802 0.247070 0.750977 1 22 1.000000
  1 8.690040 1.188563 176.982117 0.573769 0.253808 -0.778698 0.269531 0.765625 1 22 1.000000
  1 12.861916 -7.319247 178.482117 0.762101 0.003873 -0.647446 0.265625 0.780273 1 22 1.000000
yuyuko.tga
  1 6.861914 8.711999 178.482117 0.457472 0.517651 -0.723019 0.281250 0.775391 1 22 1.000000
  1 3.838475 -1.304601 173.982117 0.360267 0.188734 -0.913558 0.261719 0.750000 1 22 1.000000
  1 0.406346 3.274499 174.732117 -0.000200 0.380690 -0.924703 0.277344 0.754883 1 22 1.000000
yuyuko.tga
  1 12.861916 -7.319247 178.482117 0.762101 0.003873 -0.647446 0.265625 0.780273 1 22 1.000000
  1 15.299416 1.833094 184.482117 0.910659 0.207695 -0.357159 0.281250 0.829102 1 22 1.000000
  1 14.830664 -8.959871 182.232117 0.973158 -0.183253 -0.139217 0.265625 0.817383 1 22 1.000000
yuyuko.tga
  1 8.690040 1.188563 176.982117 0.573769 0.253808 -0.778698 0.269531 0.765625 1 22 1.000000
  1 6.861914 8.711999 178.482117 0.457472 0.517651 -0.723019 0.281250 0.775391 1 22 1.000000
  1 15.299416 1.833094 184.482117 0.910659 0.207695 -0.357159 0.281250 0.829102 1 22 1.000000
yuyuko.tga
  1 8.690040 1.188563 176.982117 0.573769 0.253808 -0.778698 0.269531 0.765625 1 22 1.000000
  1 15.299416 1.833094 184.482117 0.910659 0.207695 -0.357159 0.281250 0.829102 1 22 1.000000
  1 12.861916 -7.319247 178.482117 0.762101 0.003873 -0.647446 0.265625 0.780273 1 22 1.000000
yuyuko.tga
  1 0.406342 -20.162998 195.732132 0.000306 -0.999991 -0.004176 0.159180 0.919922 1 22 1.000000
  1 13.705662 -15.662998 194.982132 0.690832 -0.722732 0.020255 0.240234 0.916504 1 22 1.000000
  1 0.406341 -19.319248 206.982132 0.000390 -0.988963 0.148163 0.159180 0.984863 1 22 1.000000
yuyuko.tga
  1 0.406346 -4.975498 172.482117 0.000236 0.077812 -0.996968 0.159180 0.730469 1 22 1.000000
  1 6.299413 -12.709871 173.982117 0.442105 -0.270549 -0.855188 0.204102 0.754883 1 22 1.000000
  1 0.406345 -13.975495 171.732117 -0.000579 -0.353461 -0.935449 0.159180 0.744141 1 22 1.000000
yuyuko.tga
  1 8.690040 -5.514560 175.482117 0.504733 0.097058 -0.857802 0.247070 0.750977 1 22 1.000000
  1 6.299413 -12.709871 173.982117 0.442105 -0.270549 -0.855188 0.204102 0.754883 1 22 1.000000
  1 0.406346 -4.975498 172.482117 0.000236 0.077812 -0.996968 0.159180 0.730469 1 22 1.000000
yuyuko.tga
  1 12.205664 -14.912995 182.982117 0.707137 -0.691964 0.145406 0.230469 0.833984 1 22 1.000000
  1 0.406342 -20.162998 195.732132 0.000306 -0.999991 -0.004176 0.159180 0.919922 1 22 1.000000
  1 0.406344 -19.319246 184.482117 0.000422 -0.944697 0.327944 0.159180 0.839844 1 22 1.000000
yuyuko.tga
  1 12.627540 -15.287995 181.482117 0.761303 -0.639029 -0.109814 0.228516 0.824219 1 22 1.000000
  1 12.205664 -14.912995 182.982117 0.707137 -0.691964 0.145406 0.230469 0.833984 1 22 1.000000
  1 0.406344 -21.381746 182.232117 -0.000004 -0.990685 0.136175 0.159180 0.829102 1 22 1.000000
yuyuko.tga
  1 12.627540 -15.287995 181.482117 0.761303 -0.639029 -0.109814 0.228516 0.824219 1 22 1.000000
  1 0.406345 -18.569246 176.232117 -0.000379 -0.816817 -0.576897 0.159180 0.790039 1 22 1.000000
  1 10.049414 -13.881745 176.982117 0.599265 -0.450499 -0.661764 0.221680 0.790039 1 22 1.000000
yuyuko.tga
  1 6.299413 -12.709871 173.982117 0.442105 -0.270549 -0.855188 0.204102 0.754883 1 22 1.000000
  1 0.406345 -18.569246 176.232117 -0.000379 -0.816817 -0.576897 0.159180 0.790039 1 22 1.000000
  1 0.406345 -13.975495 171.732117 -0.000579 -0.353461 -0.935449 0.159180 0.744141 1 22 1.000000
yuyuko.tga
  1 15.299416 1.833094 184.482117 0.910659 0.207695 -0.357159 0.281250 0.829102 1 22 1.000000
  1 12.861916 9.368248 185.982117 0.810018 0.433225 -0.395206 0.289063 0.845703 1 22 1.000000
  1 17.455664 -0.053627 206.982132 0.995276 -0.094597 0.021837 0.287109 0.937988 1 22 1.000000
yuyuko.tga
  1 6.861914 8.711999 178.482117 0.457472 0.517651 -0.723019 0.281250 0.775391 1 22 1.000000
  1 0.406346 13.586996 179.982117 -0.000781 0.643480 -0.765463 0.291016 0.782227 1 22 1.000000
  1 12.861916 9.368248 185.982117 0.810018 0.433225 -0.395206 0.289063 0.845703 1 22 1.000000
yuyuko.tga
  1 -6.028714 8.711998 178.482117 -0.458974 0.517641 -0.722073 0.036377 0.775391 1 22 1.000000
  1 -11.981840 9.368247 185.982117 -0.810135 0.433375 -0.394801 0.028809 0.845703 1 22 1.000000
  1 0.406346 13.586996 179.982117 -0.000781 0.643480 -0.765463 0.027710 0.782227 1 22 1.000000
yuyuko.tga
  1 21.486917 37.586998 179.232117 0.268146 0.563671 0.781264 0.492188 0.501953 2 22 0.500000 23 0.500000
  1 -20.606842 37.586990 179.232117 -0.268058 0.565125 0.780243 0.523438 0.501953 2 22 0.500000 23 0.500000
  1 15.580666 29.524490 186.732132 0.495383 0.861665 0.110127 0.492188 0.537109 2 22 0.500000 23 0.500000
yuyuko.tga
  1 15.580666 29.524490 186.732132 0.495383 0.861665 0.110127 0.492188 0.537109 2 22 0.500000 23 0.500000
  1 -20.606842 37.586990 179.232117 -0.268058 0.565125 0.780243 0.523438 0.501953 2 22 0.500000 23 0.500000
  1 -14.794342 29.524490 186.732132 -0.496760 0.861018 0.108981 0.523438 0.537109 2 22 0.500000 23 0.500000
yuyuko.tga
  1 -38.044346 0.883871 184.482117 -0.669909 0.193934 0.716667 0.523438 0.501953 1 22 1.000000
  1 -29.981848 2.922933 191.232132 -0.929699 0.090229 0.357098 0.523438 0.537109 1 22 1.000000
  1 -20.606842 37.586990 179.232117 -0.268058 0.565125 0.780243 0.492188 0.501953 2 22 0.500000 23 0.500000
yuyuko.tga
  1 -20.606842 37.586990 179.232117 -0.268058 0.565125 0.780243 0.492188 0.501953 2 22 0.500000 23 0.500000
  1 -29.981848 2.922933 191.232132 -0.929699 0.090229 0.357098 0.523438 0.537109 1 22 1.000000
  1 -14.794342 29.524490 186.732132 -0.496760 0.861018 0.108981 0.492188 0.537109 2 22 0.500000 23 0.500000
yuyuko.tga
  1 -16.575596 -36.100494 200.232132 -0.361433 -0.322038 0.875019 0.523438 0.501953 1 22 1.000000
  1 -13.388095 -25.412998 205.482132 -0.513970 -0.677740 0.525836 0.523438 0.537109 1 22 1.000000
  1 -38.044346 0.883871 184.482117 -0.669909 0.193934 0.716667 0.492188 0.501953 1 22 1.000000
yuyuko.tga
  1 -38.044346 0.883871 184.482117 -0.669909 0.193934 0.716667 0.492188 0.501953 1 22 1.000000
  1 -13.388095 -25.412998 205.482132 -0.513970 -0.677740 0.525836 0.523438 0.537109 1 22 1.000000
  1 -29.981848 2.922933 191.232132 -0.929699 0.090229 0.357098 0.492188 0.537109 1 22 1.000000
yuyuko.tga
  1 -16.575596 -36.100494 200.232132 -0.361433 -0.322038 0.875019 0.492188 0.501953 1 22 1.000000
  1 17.361912 -36.100494 200.232132 0.361433 -0.322038 0.875019 0.523438 0.501953 1 22 1.000000
  1 -13.388095 -25.412998 205.482132 -0.513970 -0.677740 0.525836 0.492188 0.537109 1 22 1.000000
yuyuko.tga
  1 -13.388095 -25.412998 205.482132 -0.513970 -0.677740 0.525836 0.492188 0.537109 1 22 1.000000
  1 17.361912 -36.100494 200.232132 0.361433 -0.322038 0.875019 0.523438 0.501953 1 22 1.000000
  1 14.174411 -25.412998 205.482132 0.513361 -0.679064 0.524721 0.523438 0.537109 1 22 1.000000
yuyuko.tga
  1 17.361912 -36.100494 200.232132 0.361433 -0.322038 0.875019 0.492188 0.501953 1 22 1.000000
  1 38.830669 0.883877 184.482117 0.669889 0.193288 0.716860 0.523438 0.501953 1 22 1.000000
  1 14.174411 -25.412998 205.482132 0.513361 -0.679064 0.524721 0.492188 0.537109 1 22 1.000000
yuyuko.tga
  1 14.174411 -25.412998 205.482132 0.513361 -0.679064 0.524721 0.492188 0.537109 1 22 1.000000
  1 38.830669 0.883877 184.482117 0.669889 0.193288 0.716860 0.523438 0.501953 1 22 1.000000
  1 30.768166 2.922938 191.232132 0.929582 0.089736 0.357526 0.523438 0.537109 1 22 1.000000
yuyuko.tga
  1 38.830669 0.883877 184.482117 0.669889 0.193288 0.716860 0.492188 0.501953 1 22 1.000000
  1 21.486917 37.586998 179.232117 0.268146 0.563671 0.781264 0.523438 0.501953 2 22 0.500000 23 0.500000
  1 30.768166 2.922938 191.232132 0.929582 0.089736 0.357526 0.492188 0.537109 1 22 1.000000
yuyuko.tga
  1 30.768166 2.922938 191.232132 0.929582 0.089736 0.357526 0.492188 0.537109 1 22 1.000000
  1 21.486917 37.586998 179.232117 0.268146 0.563671 0.781264 0.523438 0.501953 2 22 0.500000 23 0.500000
  1 15.580666 29.524490 186.732132 0.495383 0.861665 0.110127 0.523438 0.537109 2 22 0.500000 23 0.500000
yuyuko.tga
  1 15.580666 29.524490 186.732132 0.495383 0.861665 0.110127 0.492188 0.537109 2 22 0.500000 23 0.500000
  1 -14.794342 29.524490 186.732132 -0.496760 0.861018 0.108981 0.523438 0.537109 2 22 0.500000 23 0.500000
  1 19.236916 35.711990 192.732132 0.526234 0.805235 -0.273266 0.492188 0.572266 1 22 1.000000
yuyuko.tga
  1 19.236916 35.711990 192.732132 0.526234 0.805235 -0.273266 0.492188 0.572266 1 22 1.000000
  1 -14.794342 29.524490 186.732132 -0.496760 0.861018 0.108981 0.523438 0.537109 2 22 0.500000 23 0.500000
  1 -18.450592 35.711990 192.732132 -0.527066 0.805000 -0.272354 0.523438 0.572266 1 22 1.000000
yuyuko.tga
  1 -29.981848 2.922933 191.232132 -0.929699 0.090229 0.357098 0.523438 0.537109 1 22 1.000000
  1 -33.919350 6.977618 200.982132 -0.997860 0.033750 0.055997 0.523438 0.572266 1 22 1.000000
  1 -14.794342 29.524490 186.732132 -0.496760 0.861018 0.108981 0.492188 0.537109 2 22 0.500000 23 0.500000
yuyuko.tga
  1 -14.794342 29.524490 186.732132 -0.496760 0.861018 0.108981 0.492188 0.537109 2 22 0.500000 23 0.500000
  1 -33.919350 6.977618 200.982132 -0.997860 0.033750 0.055997 0.523438 0.572266 1 22 1.000000
  1 -18.450592 35.711990 192.732132 -0.527066 0.805000 -0.272354 0.492188 0.572266 1 22 1.000000
yuyuko.tga
  1 -29.981848 2.922933 191.232132 -0.929699 0.090229 0.357098 0.492188 0.537109 1 22 1.000000
  1 -13.388095 -25.412998 205.482132 -0.513970 -0.677740 0.525836 0.523438 0.537109 1 22 1.000000
  1 -33.919350 6.977618 200.982132 -0.997860 0.033750 0.055997 0.492188 0.572266 1 22 1.000000
yuyuko.tga
  1 -33.919350 6.977618 200.982132 -0.997860 0.033750 0.055997 0.492188 0.572266 1 22 1.000000
  1 -13.388095 -25.412998 205.482132 -0.513970 -0.677740 0.525836 0.523438 0.537109 1 22 1.000000
  1 -16.294348 -24.287998 217.482132 -0.517463 -0.710322 0.477153 0.523438 0.572266 1 22 1.000000
yuyuko.tga
  1 -13.388095 -25.412998 205.482132 -0.513970 -0.677740 0.525836 0.492188 0.537109 1 22 1.000000
  1 14.174411 -25.412998 205.482132 0.513361 -0.679064 0.524721 0.523438 0.537109 1 22 1.000000
  1 -16.294348 -24.287998 217.482132 -0.517463 -0.710322 0.477153 0.492188 0.572266 1 22 1.000000
yuyuko.tga
  1 -16.294348 -24.287998 217.482132 -0.517463 -0.710322 0.477153 0.492188 0.572266 1 22 1.000000
  1 14.174411 -25.412998 205.482132 0.513361 -0.679064 0.524721 0.523438 0.537109 1 22 1.000000
  1 17.174412 -24.287996 217.482132 0.518730 -0.710663 0.475265 0.523438 0.572266 1 22 1.000000
yuyuko.tga
  1 30.768166 2.922938 191.232132 0.929582 0.089736 0.357526 0.523438 0.537109 1 22 1.000000
  1 34.705666 6.977624 200.982132 0.998128 0.032417 0.051870 0.523438 0.572266 1 22 1.000000
  1 14.174411 -25.412998 205.482132 0.513361 -0.679064 0.524721 0.492188 0.537109 1 22 1.000000
yuyuko.tga
  1 14.174411 -25.412998 205.482132 0.513361 -0.679064 0.524721 0.492188 0.537109 1 22 1.000000
  1 34.705666 6.977624 200.982132 0.998128 0.032417 0.051870 0.523438 0.572266 1 22 1.000000
  1 17.174412 -24.287996 217.482132 0.518730 -0.710663 0.475265 0.492188 0.572266 1 22 1.000000
yuyuko.tga
  1 30.768166 2.922938 191.232132 0.929582 0.089736 0.357526 0.492188 0.537109 1 22 1.000000
  1 15.580666 29.524490 186.732132 0.495383 0.861665 0.110127 0.523438 0.537109 2 22 0.500000 23 0.500000
  1 34.705666 6.977624 200.982132 0.998128 0.032417 0.051870 0.492188 0.572266 1 22 1.000000
yuyuko.tga
  1 34.705666 6.977624 200.982132 0.998128 0.032417 0.051870 0.492188 0.572266 1 22 1.000000
  1 15.580666 29.524490 186.732132 0.495383 0.861665 0.110127 0.523438 0.537109 2 22 0.500000 23 0.500000
  1 19.236916 35.711990 192.732132 0.526234 0.805235 -0.273266 0.523438 0.572266 1 22 1.000000
yuyuko.tga
  1 19.236916 35.711990 192.732132 0.526234 0.805235 -0.273266 0.492188 0.572266 1 22 1.000000
  1 -18.450592 35.711990 192.732132 -0.527066 0.805000 -0.272354 0.523438 0.572266 1 22 1.000000
  1 14.080664 32.524490 208.482132 0.347426 0.789244 0.506348 0.492188 0.607422 1 22 1.000000
yuyuko.tga
  1 14.080664 32.524490 208.482132 0.347426 0.789244 0.506348 0.492188 0.607422 1 22 1.000000
  1 -18.450592 35.711990 192.732132 -0.527066 0.805000 -0.272354 0.523438 0.572266 1 22 1.000000
  1 -13.294342 32.524490 208.482132 -0.349890 0.787960 0.506653 0.523438 0.607422 1 22 1.000000
yuyuko.tga
  1 -33.919350 6.977618 200.982132 -0.997860 0.033750 0.055997 0.523438 0.572266 1 22 1.000000
  1 -24.919348 14.243240 212.982132 -0.707843 0.302610 0.638267 0.523438 0.607422 1 22 1.000000
  1 -18.450592 35.711990 192.732132 -0.527066 0.805000 -0.272354 0.492188 0.572266 1 22 1.000000
yuyuko.tga
  1 -18.450592 35.711990 192.732132 -0.527066 0.805000 -0.272354 0.492188 0.572266 1 22 1.000000
  1 -24.919348 14.243240 212.982132 -0.707843 0.302610 0.638267 0.523438 0.607422 1 22 1.000000
  1 -13.294342 32.524490 208.482132 -0.349890 0.787960 0.506653 0.492188 0.607422 1 22 1.000000
yuyuko.tga
  1 -33.919350 6.977618 200.982132 -0.997860 0.033750 0.055997 0.492188 0.572266 1 22 1.000000
  1 -16.294348 -24.287998 217.482132 -0.517463 -0.710322 0.477153 0.523438 0.572266 1 22 1.000000
  1 -24.919348 14.243240 212.982132 -0.707843 0.302610 0.638267 0.492188 0.607422 1 22 1.000000
yuyuko.tga
  1 -24.919348 14.243240 212.982132 -0.707843 0.302610 0.638267 0.492188 0.607422 1 22 1.000000
  1 -16.294348 -24.287998 217.482132 -0.517463 -0.710322 0.477153 0.523438 0.572266 1 22 1.000000
  1 -10.528721 -6.475504 226.482132 -0.342646 -0.109749 0.933032 0.523438 0.607422 1 22 1.000000
yuyuko.tga
  1 -16.294348 -24.287998 217.482132 -0.517463 -0.710322 0.477153 0.492188 0.572266 1 22 1.000000
  1 17.174412 -24.287996 217.482132 0.518730 -0.710663 0.475265 0.523438 0.572266 1 22 1.000000
  1 -10.528721 -6.475504 226.482132 -0.342646 -0.109749 0.933032 0.492188 0.607422 1 22 1.000000
yuyuko.tga
  1 -10.528721 -6.475504 226.482132 -0.342646 -0.109749 0.933032 0.492188 0.607422 1 22 1.000000
  1 17.174412 -24.287996 217.482132 0.518730 -0.710663 0.475265 0.523438 0.572266 1 22 1.000000
  1 11.361910 -6.475502 226.482132 0.340555 -0.109872 0.933783 0.523438 0.607422 1 22 1.000000
yuyuko.tga
  1 34.705666 6.977624 200.982132 0.998128 0.032417 0.051870 0.523438 0.572266 1 22 1.000000
  1 25.893164 14.243243 212.982132 0.710312 0.302905 0.635378 0.523438 0.607422 1 22 1.000000
  1 17.174412 -24.287996 217.482132 0.518730 -0.710663 0.475265 0.492188 0.572266 1 22 1.000000
yuyuko.tga
  1 17.174412 -24.287996 217.482132 0.518730 -0.710663 0.475265 0.492188 0.572266 1 22 1.000000
  1 25.893164 14.243243 212.982132 0.710312 0.302905 0.635378 0.523438 0.607422 1 22 1.000000
  1 11.361910 -6.475502 226.482132 0.340555 -0.109872 0.933783 0.492188 0.607422 1 22 1.000000
yuyuko.tga
  1 34.705666 6.977624 200.982132 0.998128 0.032417 0.051870 0.492188 0.572266 1 22 1.000000
  1 19.236916 35.711990 192.732132 0.526234 0.805235 -0.273266 0.523438 0.572266 1 22 1.000000
  1 25.893164 14.243243 212.982132 0.710312 0.302905 0.635378 0.492188 0.607422 1 22 1.000000
yuyuko.tga
  1 25.893164 14.243243 212.982132 0.710312 0.302905 0.635378 0.492188 0.607422 1 22 1.000000
  1 19.236916 35.711990 192.732132 0.526234 0.805235 -0.273266 0.523438 0.572266 1 22 1.000000
  1 14.080664 32.524490 208.482132 0.347426 0.789244 0.506348 0.523438 0.607422 1 22 1.000000
yuyuko.tga
  1 14.080664 32.524490 208.482132 0.347426 0.789244 0.506348 0.492188 0.607422 1 22 1.000000
  1 -13.294342 32.524490 208.482132 -0.349890 0.787960 0.506653 0.523438 0.607422 1 22 1.000000
  1 0.406341 19.024490 223.482132 -0.000756 0.440825 0.897593 0.507813 0.642578 1 22 1.000000
yuyuko.tga
  1 -13.294342 32.524490 208.482132 -0.349890 0.787960 0.506653 0.492188 0.607422 1 22 1.000000
  1 -24.919348 14.243240 212.982132 -0.707843 0.302610 0.638267 0.523438 0.607422 1 22 1.000000
  1 0.406341 19.024490 223.482132 -0.000756 0.440825 0.897593 0.507813 0.642578 1 22 1.000000
yuyuko.tga
  1 -24.919348 14.243240 212.982132 -0.707843 0.302610 0.638267 0.492188 0.607422 1 22 1.000000
  1 -10.528721 -6.475504 226.482132 -0.342646 -0.109749 0.933032 0.523438 0.607422 1 22 1.000000
  1 0.406341 19.024490 223.482132 -0.000756 0.440825 0.897593 0.507813 0.642578 1 22 1.000000
yuyuko.tga
  1 -10.528721 -6.475504 226.482132 -0.342646 -0.109749 0.933032 0.492188 0.607422 1 22 1.000000
  1 11.361910 -6.475502 226.482132 0.340555 -0.109872 0.933783 0.523438 0.607422 1 22 1.000000
  1 0.406341 19.024490 223.482132 -0.000756 0.440825 0.897593 0.507813 0.642578 1 22 1.000000
yuyuko.tga
  1 11.361910 -6.475502 226.482132 0.340555 -0.109872 0.933783 0.492188 0.607422 1 22 1.000000
  1 25.893164 14.243243 212.982132 0.710312 0.302905 0.635378 0.523438 0.607422 1 22 1.000000
  1 0.406341 19.024490 223.482132 -0.000756 0.440825 0.897593 0.507813 0.642578 1 22 1.000000
yuyuko.tga
  1 25.893164 14.243243 212.982132 0.710312 0.302905 0.635378 0.492188 0.607422 1 22 1.000000
  1 14.080664 32.524490 208.482132 0.347426 0.789244 0.506348 0.523438 0.607422 1 22 1.000000
  1 0.406341 19.024490 223.482132 -0.000756 0.440825 0.897593 0.507813 0.642578 1 22 1.000000
yuyuko.tga
  1 -8.700593 -28.225496 189.732132 -0.445195 -0.892021 -0.078099 0.371094 0.718750 1 22 1.000000
  1 -20.138094 -13.131748 189.732132 -0.794658 -0.602163 -0.076928 0.316406 0.718750 1 22 1.000000
  1 -11.794342 -17.350498 178.482117 -0.748792 -0.567408 -0.342576 0.349609 0.677734 1 22 1.000000
yuyuko.tga
  1 -20.138094 -13.131748 189.732132 -0.794658 -0.602163 -0.076928 0.316406 0.718750 1 22 1.000000
  1 -8.700593 -28.225496 189.732132 -0.445195 -0.892021 -0.078099 0.371094 0.718750 1 22 1.000000
  1 -17.231846 -13.975501 206.982132 -0.691208 -0.626163 0.360764 0.333984 0.772461 1 22 1.000000
yuyuko.tga
  1 20.736916 -15.287995 189.732132 0.764990 -0.637492 -0.091621 0.472656 0.720703 1 22 1.000000
  1 9.955662 -28.225496 189.732132 0.430022 -0.899186 -0.080899 0.423828 0.718750 1 22 1.000000
  1 13.424416 -17.631746 176.982117 0.731051 -0.609209 -0.307292 0.443359 0.671875 1 22 1.000000
yuyuko.tga
  1 20.736916 -15.287995 189.732132 0.764990 -0.637492 -0.091621 0.472656 0.720703 1 22 1.000000
  1 18.018162 -16.225498 208.482132 0.588819 -0.704757 0.395739 0.455078 0.775391 1 22 1.000000
  1 9.955662 -28.225496 189.732132 0.430022 -0.899186 -0.080899 0.423828 0.718750 1 22 1.000000
yuyuko.tga
  1 -11.700592 28.961990 203.982132 -0.435861 0.887071 -0.152088 0.214844 0.683594 1 22 1.000000
  1 -9.497465 27.086996 186.732132 -0.410409 0.911881 0.006094 0.212891 0.623047 2 22 0.500000 23 0.500000
  1 -26.606848 11.243243 203.982132 -0.977118 0.192094 -0.091329 0.133789 0.687500 1 22 1.000000
yuyuko.tga
  1 -26.606848 11.243243 203.982132 -0.977118 0.192094 -0.091329 0.133789 0.687500 1 22 1.000000
  1 -9.497465 27.086996 186.732132 -0.410409 0.911881 0.006094 0.212891 0.623047 2 22 0.500000 23 0.500000
  1 -22.388094 13.118246 182.232117 -0.910912 0.381928 0.156108 0.139648 0.609375 1 22 1.000000
yuyuko.tga
  1 -17.231846 -13.975501 206.982132 -0.691208 -0.626163 0.360764 0.333984 0.772461 1 22 1.000000
  1 -8.700593 -28.225496 189.732132 -0.445195 -0.892021 -0.078099 0.371094 0.718750 1 22 1.000000
  1 -8.091219 -25.412998 203.982132 -0.397756 -0.834130 0.382121 0.371094 0.771484 1 22 1.000000
yuyuko.tga
  1 -8.700593 -28.225496 189.732132 -0.445195 -0.892021 -0.078099 0.371094 0.718750 1 22 1.000000
  1 8.690035 -25.975498 203.982132 0.310552 -0.872448 0.377348 0.421875 0.770508 1 22 1.000000
  1 -8.091219 -25.412998 203.982132 -0.397756 -0.834130 0.382121 0.371094 0.771484 1 22 1.000000
yuyuko.tga
  1 13.049414 29.149490 203.982132 0.442521 0.889215 -0.116064 0.213867 0.683594 1 22 1.000000
  1 28.518164 8.946373 205.482132 0.990825 0.111419 -0.076502 0.132813 0.687500 1 22 1.000000
  1 12.580666 27.086996 186.732132 0.450011 0.892893 0.015227 0.212891 0.623047 2 22 0.500000 23 0.500000
yuyuko.tga
  1 12.580666 27.086996 186.732132 0.450011 0.892893 0.015227 0.212891 0.623047 2 22 0.500000 23 0.500000
  1 28.518164 8.946373 205.482132 0.990825 0.111419 -0.076502 0.132813 0.687500 1 22 1.000000
  1 25.518166 10.211999 182.982117 0.975549 0.200813 0.089326 0.138672 0.607422 1 22 1.000000
yuyuko.tga
  1 -8.091219 -25.412998 203.982132 -0.397756 -0.834130 0.382121 0.371094 0.771484 1 22 1.000000
  1 8.690035 -25.975498 203.982132 0.310552 -0.872448 0.377348 0.421875 0.770508 1 22 1.000000
  1 -0.380282 -14.538001 220.482132 -0.075075 -0.748767 0.658568 0.392578 0.816406 1 22 1.000000
yuyuko.tga
  1 9.955662 -28.225496 189.732132 0.430022 -0.899186 -0.080899 0.423828 0.718750 1 22 1.000000
  1 -8.700593 -28.225496 189.732132 -0.445195 -0.892021 -0.078099 0.371094 0.718750 1 22 1.000000
  1 0.334567 -22.506746 181.482117 0.000000 -0.821856 -0.569695 0.396484 0.691406 1 22 1.000000
yuyuko.tga
  1 -23.138094 1.153403 182.982117 -0.965335 -0.258058 -0.039179 0.092773 0.607422 1 22 1.000000
  1 -17.231846 -13.975501 206.982132 -0.897132 -0.438264 -0.055490 0.037109 0.699219 1 22 1.000000
  1 -26.606848 11.243243 203.982132 -0.977118 0.192094 -0.091329 0.133789 0.687500 1 22 1.000000
yuyuko.tga
  1 9.955662 -28.225496 189.732132 0.430022 -0.899186 -0.080899 0.423828 0.718750 1 22 1.000000
  1 18.018162 -16.225498 208.482132 0.588819 -0.704757 0.395739 0.455078 0.775391 1 22 1.000000
  1 8.690035 -25.975498 203.982132 0.310552 -0.872448 0.377348 0.421875 0.770508 1 22 1.000000
yuyuko.tga
  1 -17.231846 -13.975501 206.982132 -0.691208 -0.626163 0.360764 0.333984 0.772461 1 22 1.000000
  1 -8.091219 -25.412998 203.982132 -0.397756 -0.834130 0.382121 0.371094 0.771484 1 22 1.000000
  1 -0.380282 -14.538001 220.482132 -0.075075 -0.748767 0.658568 0.392578 0.816406 1 22 1.000000
yuyuko.tga
  1 18.018162 -16.225498 208.482132 0.588819 -0.704757 0.395739 0.455078 0.775391 1 22 1.000000
  1 -0.380282 -14.538001 220.482132 -0.075075 -0.748767 0.658568 0.392578 0.816406 1 22 1.000000
  1 8.690035 -25.975498 203.982132 0.310552 -0.872448 0.377348 0.421875 0.770508 1 22 1.000000
yuyuko.tga
  1 -8.700593 -28.225496 189.732132 -0.445195 -0.892021 -0.078099 0.371094 0.718750 1 22 1.000000
  1 9.955662 -28.225496 189.732132 0.430022 -0.899186 -0.080899 0.423828 0.718750 1 22 1.000000
  1 8.690035 -25.975498 203.982132 0.310552 -0.872448 0.377348 0.421875 0.770508 1 22 1.000000
yuyuko.tga
  1 12.580666 27.086996 186.732132 0.450011 0.892893 0.015227 0.212891 0.623047 2 22 0.500000 23 0.500000
  1 -9.497465 27.086996 186.732132 -0.410409 0.911881 0.006094 0.287109 0.623047 2 22 0.500000 23 0.500000
  1 13.049414 29.149490 203.982132 0.442521 0.889215 -0.116064 0.213867 0.683594 1 22 1.000000
yuyuko.tga
  1 13.049414 29.149490 203.982132 0.442521 0.889215 -0.116064 0.213867 0.683594 1 22 1.000000
  1 -9.497465 27.086996 186.732132 -0.410409 0.911881 0.006094 0.287109 0.623047 2 22 0.500000 23 0.500000
  1 -11.700592 28.961990 203.982132 -0.435861 0.887071 -0.152088 0.291016 0.683594 1 22 1.000000
yuyuko.tga
  1 23.080667 -2.830966 182.232117 0.910501 -0.411968 -0.035643 0.091797 0.607422 1 22 1.000000
  1 28.518164 8.946373 205.482132 0.990825 0.111419 -0.076502 0.132813 0.687500 1 22 1.000000
  1 18.018162 -16.225498 208.482132 0.873825 -0.480185 -0.076500 0.036865 0.699219 1 22 1.000000
yuyuko.tga
  1 24.486919 -2.297762 172.482132 0.972795 -0.228938 0.035456 0.094727 0.560547 2 22 0.500000 26 0.500000
  1 28.143169 12.087002 173.232132 0.967744 0.249817 0.032621 0.147461 0.556641 2 22 0.500000 26 0.500000
  1 25.518166 10.211999 182.982117 0.975549 0.200813 0.089326 0.138672 0.607422 1 22 1.000000
yuyuko.tga
  1 25.518166 10.211999 182.982117 0.975549 0.200813 0.089326 0.138672 0.607422 1 22 1.000000
  1 28.143169 12.087002 173.232132 0.967744 0.249817 0.032621 0.147461 0.556641 2 22 0.500000 26 0.500000
  1 12.580666 27.086996 186.732132 0.450011 0.892893 0.015227 0.212891 0.623047 2 22 0.500000 23 0.500000
yuyuko.tga
  1 12.580666 27.086996 186.732132 0.450011 0.892893 0.015227 0.212891 0.623047 2 22 0.500000 23 0.500000
  1 28.143169 12.087002 173.232132 0.967744 0.249817 0.032621 0.147461 0.556641 2 22 0.500000 26 0.500000
  1 11.502542 28.774496 176.982117 0.368318 0.929199 0.030500 0.217773 0.570313 2 22 0.500000 23 0.500000
yuyuko.tga
  1 -9.497465 27.086996 186.732132 -0.410409 0.911881 0.006094 0.287109 0.623047 2 22 0.500000 23 0.500000
  1 12.580666 27.086996 186.732132 0.450011 0.892893 0.015227 0.212891 0.623047 2 22 0.500000 23 0.500000
  1 -9.638088 28.774496 176.982117 -0.368239 0.926668 0.075411 0.285156 0.572266 2 22 0.500000 23 0.500000
yuyuko.tga
  1 -9.638088 28.774496 176.982117 -0.368239 0.926668 0.075411 0.285156 0.572266 2 22 0.500000 23 0.500000
  1 12.580666 27.086996 186.732132 0.450011 0.892893 0.015227 0.212891 0.623047 2 22 0.500000 23 0.500000
  1 11.502542 28.774496 176.982117 0.368318 0.929199 0.030500 0.217773 0.570313 2 22 0.500000 23 0.500000
yuyuko.tga
  1 -9.497465 27.086996 186.732132 -0.410409 0.911881 0.006094 0.212891 0.623047 2 22 0.500000 23 0.500000
  1 -9.638088 28.774496 176.982117 -0.368239 0.926668 0.075411 0.218750 0.570313 2 22 0.500000 23 0.500000
  1 -22.388094 13.118246 182.232117 -0.910912 0.381928 0.156108 0.139648 0.609375 1 22 1.000000
yuyuko.tga
  1 -22.388094 13.118246 182.232117 -0.910912 0.381928 0.156108 0.139648 0.609375 1 22 1.000000
  1 -9.638088 28.774496 176.982117 -0.368239 0.926668 0.075411 0.218750 0.570313 2 22 0.500000 23 0.500000
  1 -27.169342 14.055746 173.982132 -0.944860 0.285221 0.160902 0.147461 0.556641 2 22 0.500000 25 0.500000
yuyuko.tga
  1 13.049414 -16.225494 185.232117 0.789076 -0.605184 -0.105407 0.027954 0.619141 1 22 1.000000
  1 23.080667 -2.830966 182.232117 0.910501 -0.411968 -0.035643 0.091797 0.607422 1 22 1.000000
  1 18.018162 -16.225498 208.482132 0.873825 -0.480185 -0.076500 0.036865 0.699219 1 22 1.000000
yuyuko.tga
  1 23.080667 -2.830966 182.232117 0.910501 -0.411968 -0.035643 0.091797 0.607422 1 22 1.000000
  1 25.518166 10.211999 182.982117 0.975549 0.200813 0.089326 0.138672 0.607422 1 22 1.000000
  1 28.518164 8.946373 205.482132 0.990825 0.111419 -0.076502 0.132813 0.687500 1 22 1.000000
yuyuko.tga
  1 24.486919 -2.297762 172.482132 0.972795 -0.228938 0.035456 0.094727 0.560547 2 22 0.500000 26 0.500000
  1 25.518166 10.211999 182.982117 0.975549 0.200813 0.089326 0.138672 0.607422 1 22 1.000000
  1 23.080667 -2.830966 182.232117 0.910501 -0.411968 -0.035643 0.091797 0.607422 1 22 1.000000
yuyuko.tga
  1 -23.138094 1.153403 182.982117 -0.965335 -0.258058 -0.039179 0.092773 0.607422 1 22 1.000000
  1 -26.606848 11.243243 203.982132 -0.977118 0.192094 -0.091329 0.133789 0.687500 1 22 1.000000
  1 -22.388094 13.118246 182.232117 -0.910912 0.381928 0.156108 0.139648 0.609375 1 22 1.000000
yuyuko.tga
  1 -14.325594 -12.522374 185.982117 -0.823567 -0.560430 -0.087490 0.027466 0.617188 1 22 1.000000
  1 -17.231846 -13.975501 206.982132 -0.897132 -0.438264 -0.055490 0.037109 0.699219 1 22 1.000000
  1 -23.138094 1.153403 182.982117 -0.965335 -0.258058 -0.039179 0.092773 0.607422 1 22 1.000000
yuyuko.tga
  1 -23.138094 1.153403 182.982117 -0.965335 -0.258058 -0.039179 0.092773 0.607422 1 22 1.000000
  1 -22.388094 13.118246 182.232117 -0.910912 0.381928 0.156108 0.139648 0.609375 1 22 1.000000
  1 -23.794342 0.825280 173.982132 -0.984672 -0.151093 0.087135 0.094238 0.560547 2 22 0.500000 25 0.500000
yuyuko.tga
  1 -23.794342 0.825280 173.982132 -0.984672 -0.151093 0.087135 0.094238 0.560547 2 22 0.500000 25 0.500000
  1 -22.388094 13.118246 182.232117 -0.910912 0.381928 0.156108 0.139648 0.609375 1 22 1.000000
  1 -27.169342 14.055746 173.982132 -0.944860 0.285221 0.160902 0.147461 0.556641 2 22 0.500000 25 0.500000
yuyuko.tga
  1 -27.169342 14.055746 173.982132 -0.944860 0.285221 0.160902 0.147461 0.556641 2 22 0.500000 25 0.500000
  1 -9.638088 28.774496 176.982117 -0.368239 0.926668 0.075411 0.218750 0.570313 2 22 0.500000 23 0.500000
  1 -23.044338 15.649498 157.482132 -0.866707 0.474249 -0.154616 0.162109 0.484375 3 22 0.333333 23 0.333333 25 0.333333
yuyuko.tga
  1 -23.044338 15.649498 157.482132 -0.866707 0.474249 -0.154616 0.162109 0.484375 3 22 0.333333 23 0.333333 25 0.333333
  1 -9.638088 28.774496 176.982117 -0.368239 0.926668 0.075411 0.218750 0.570313 2 22 0.500000 23 0.500000
  1 -9.638084 27.649496 156.732132 -0.356918 0.932697 -0.051817 0.221680 0.484375 3 22 0.333333 23 0.333333 25 0.333333
yuyuko.tga
  1 -23.794342 0.825280 173.982132 -0.984672 -0.151093 0.087135 0.094238 0.560547 2 22 0.500000 25 0.500000
  1 -27.169342 14.055746 173.982132 -0.944860 0.285221 0.160902 0.147461 0.556641 2 22 0.500000 25 0.500000
  1 -22.950588 2.032312 160.482132 -0.973772 -0.142699 -0.177213 0.109375 0.488281 2 22 0.500000 25 0.500000
yuyuko.tga
  1 28.143169 12.087002 173.232132 0.967744 0.249817 0.032621 0.147461 0.556641 2 22 0.500000 26 0.500000
  1 24.018173 13.774502 156.732132 0.891613 0.425305 -0.155378 0.162109 0.484375 3 22 0.333333 23 0.333333 26 0.333333
  1 11.502542 28.774496 176.982117 0.368318 0.929199 0.030500 0.217773 0.570313 2 22 0.500000 23 0.500000
yuyuko.tga
  1 11.502542 28.774496 176.982117 0.368318 0.929199 0.030500 0.217773 0.570313 2 22 0.500000 23 0.500000
  1 24.018173 13.774502 156.732132 0.891613 0.425305 -0.155378 0.162109 0.484375 3 22 0.333333 23 0.333333 26 0.333333
  1 11.502546 27.649496 156.732132 0.411226 0.910130 -0.050563 0.221680 0.484375 3 22 0.333333 23 0.333333 26 0.333333
yuyuko.tga
  1 -9.638088 28.774496 176.982117 -0.368239 0.926668 0.075411 0.285156 0.572266 2 22 0.500000 23 0.500000
  1 11.502542 28.774496 176.982117 0.368318 0.929199 0.030500 0.217773 0.570313 2 22 0.500000 23 0.500000
  1 -9.638084 27.649496 156.732132 -0.356918 0.932697 -0.051817 0.281250 0.484375 3 22 0.333333 23 0.333333 25 0.333333
yuyuko.tga
  1 -9.638084 27.649496 156.732132 -0.356918 0.932697 -0.051817 0.281250 0.484375 3 22 0.333333 23 0.333333 25 0.333333
  1 11.502542 28.774496 176.982117 0.368318 0.929199 0.030500 0.217773 0.570313 2 22 0.500000 23 0.500000
  1 11.502546 27.649496 156.732132 0.411226 0.910130 -0.050563 0.221680 0.484375 3 22 0.333333 23 0.333333 26 0.333333
yuyuko.tga
  1 28.143169 12.087002 173.232132 0.967744 0.249817 0.032621 0.147461 0.556641 2 22 0.500000 26 0.500000
  1 23.830671 -0.381746 161.982132 0.968380 -0.171183 -0.181484 0.108887 0.488281 2 22 0.500000 26 0.500000
  1 24.018173 13.774502 156.732132 0.891613 0.425305 -0.155378 0.162109 0.484375 3 22 0.333333 23 0.333333 26 0.333333
yuyuko.tga
  1 23.080667 -2.830966 182.232117 0.910501 -0.411968 -0.035643 0.091797 0.607422 1 22 1.000000
  1 13.049414 -16.225494 185.232117 0.789076 -0.605184 -0.105407 0.027954 0.619141 1 22 1.000000
  1 22.893173 -1.418855 164.982132 0.805114 -0.591683 -0.041259 0.072266 0.527344 1 26 1.000000
yuyuko.tga
  1 -14.325594 -12.522374 185.982117 -0.823567 -0.560430 -0.087490 0.027466 0.617188 1 22 1.000000
  1 -21.544338 -1.134679 163.482132 -0.824461 -0.565503 -0.021698 0.071289 0.529297 1 25 1.000000
  1 -10.669336 -16.319244 161.232132 -0.814804 -0.578876 -0.031564 0.025024 0.529297 1 25 1.000000
yuyuko.tga
  1 28.143169 12.087002 173.232132 0.967744 0.249817 0.032621 0.147461 0.556641 2 22 0.500000 26 0.500000
  1 24.486919 -2.297762 172.482132 0.972795 -0.228938 0.035456 0.094727 0.560547 2 22 0.500000 26 0.500000
  1 23.830671 -0.381746 161.982132 0.968380 -0.171183 -0.181484 0.108887 0.488281 2 22 0.500000 26 0.500000
yuyuko.tga
  1 -22.950588 2.032312 160.482132 -0.973772 -0.142699 -0.177213 0.109375 0.488281 2 22 0.500000 25 0.500000
  1 -27.169342 14.055746 173.982132 -0.944860 0.285221 0.160902 0.147461 0.556641 2 22 0.500000 25 0.500000
  1 -23.044338 15.649498 157.482132 -0.866707 0.474249 -0.154616 0.162109 0.484375 3 22 0.333333 23 0.333333 25 0.333333
yuyuko.tga
  1 22.893173 -1.418855 164.982132 0.805114 -0.591683 -0.041259 0.072266 0.527344 1 26 1.000000
  1 13.049414 -16.225494 185.232117 0.789076 -0.605184 -0.105407 0.027954 0.619141 1 22 1.000000
  1 10.518168 -18.569242 161.982132 0.813047 -0.581430 -0.029905 0.025757 0.529297 1 26 1.000000
yuyuko.tga
  1 -23.138094 1.153403 182.982117 -0.965335 -0.258058 -0.039179 0.092773 0.607422 1 22 1.000000
  1 -21.544338 -1.134679 163.482132 -0.824461 -0.565503 -0.021698 0.071289 0.529297 1 25 1.000000
  1 -14.325594 -12.522374 185.982117 -0.823567 -0.560430 -0.087490 0.027466 0.617188 1 22 1.000000
yuyuko.tga
 24 -10.809966 26.336992 192.732132 -0.404938 0.821639 0.401166 0.871094 0.449219 1 24 1.000000
 24 11.830665 26.336992 192.732132 0.405666 0.821053 0.401631 0.914063 0.449219 1 24 1.000000
 24 -11.888088 35.899490 169.482117 -0.321415 0.804360 0.499697 0.867188 0.386719 1 24 1.000000
yuyuko.tga
 24 -11.888088 35.899490 169.482117 -0.321415 0.804360 0.499697 0.867188 0.386719 1 24 1.000000
 24 11.830665 26.336992 192.732132 0.405666 0.821053 0.401631 0.914063 0.449219 1 24 1.000000
 24 12.955667 35.899490 169.482117 0.322712 0.803926 0.499559 0.917969 0.386719 1 24 1.000000
yuyuko.tga
 24 12.955667 35.899490 169.482117 0.322712 0.803926 0.499559 0.917969 0.386719 1 24 1.000000
 24 11.830665 26.336992 192.732132 0.405666 0.821053 0.401631 0.914063 0.449219 1 24 1.000000
 24 31.330673 17.805748 169.482117 0.630964 0.607405 0.482642 0.953125 0.386719 1 24 1.000000
yuyuko.tga
 24 31.330673 17.805748 169.482117 0.630964 0.607405 0.482642 0.953125 0.386719 1 24 1.000000
 24 11.830665 26.336992 192.732132 0.405666 0.821053 0.401631 0.914063 0.449219 1 24 1.000000
 24 21.955666 12.836996 192.732132 0.729317 0.546988 0.410976 0.933594 0.449219 1 24 1.000000
yuyuko.tga
 24 -11.888088 35.899490 169.482117 -0.321415 0.804360 0.499697 0.867188 0.386719 1 24 1.000000
 24 -30.356842 17.805744 169.482117 -0.629606 0.609106 0.482272 0.832031 0.386719 1 24 1.000000
 24 -10.809966 26.336992 192.732132 -0.404938 0.821639 0.401166 0.871094 0.449219 1 24 1.000000
yuyuko.tga
 24 -10.809966 26.336992 192.732132 -0.404938 0.821639 0.401166 0.871094 0.449219 1 24 1.000000
 24 -30.356842 17.805744 169.482117 -0.629606 0.609106 0.482272 0.832031 0.386719 1 24 1.000000
 24 -20.981846 12.836992 192.732132 -0.728145 0.548637 0.410856 0.851563 0.449219 1 24 1.000000
yuyuko.tga
 24 16.705671 49.024490 150.732117 0.276223 0.760531 0.587616 0.925781 0.339844 1 24 1.000000
 24 12.955667 35.899490 169.482117 0.322712 0.803926 0.499559 0.917969 0.386719 1 24 1.000000
 24 43.143177 21.837000 153.732117 0.571731 0.596953 0.562824 0.976563 0.347656 1 24 1.000000
yuyuko.tga
 24 43.143177 21.837000 153.732117 0.571731 0.596953 0.562824 0.976563 0.347656 1 24 1.000000
 24 12.955667 35.899490 169.482117 0.322712 0.803926 0.499559 0.917969 0.386719 1 24 1.000000
 24 31.330673 17.805748 169.482117 0.630964 0.607405 0.482642 0.953125 0.386719 1 24 1.000000
yuyuko.tga
 24 -11.888088 35.899490 169.482117 -0.321415 0.804360 0.499697 0.867188 0.386719 1 24 1.000000
 24 12.955667 35.899490 169.482117 0.322712 0.803926 0.499559 0.917969 0.386719 1 24 1.000000
 24 -15.731837 49.024490 150.732117 -0.276489 0.759748 0.588504 0.863281 0.339844 1 24 1.000000
yuyuko.tga
 24 -15.731837 49.024490 150.732117 -0.276489 0.759748 0.588504 0.863281 0.339844 1 24 1.000000
 24 12.955667 35.899490 169.482117 0.322712 0.803926 0.499559 0.917969 0.386719 1 24 1.000000
 24 16.705671 49.024490 150.732117 0.276223 0.760531 0.587616 0.925781 0.339844 1 24 1.000000
yuyuko.tga
 24 -15.731837 49.024490 150.732117 -0.276489 0.759748 0.588504 0.863281 0.339844 1 24 1.000000
 24 -42.169346 21.836992 153.732117 -0.570543 0.597467 0.563484 0.812500 0.347656 1 24 1.000000
 24 -11.888088 35.899490 169.482117 -0.321415 0.804360 0.499697 0.867188 0.386719 1 24 1.000000
yuyuko.tga
 24 -11.888088 35.899490 169.482117 -0.321415 0.804360 0.499697 0.867188 0.386719 1 24 1.000000
 24 -42.169346 21.836992 153.732117 -0.570543 0.597467 0.563484 0.812500 0.347656 1 24 1.000000
 24 -30.356842 17.805744 169.482117 -0.629606 0.609106 0.482272 0.832031 0.386719 1 24 1.000000
end
