version 1
nodes
  0 "_M3_Anim_Data"  -1
  1 "Object011"  -1
  2 "Object009"  -1
  3 "Object008"  -1
  4 "Object007"  -1
  5 "Object000"  -1
  6 "Object001"  -1
  7 "Object003"  -1
  8 "Object002"  -1
  9 "Object004"  -1
 10 "bone046"  -1
 11 "bone045"  10
 12 "bone044"  11
 13 "bone043"  12
 14 "bone026"  -1
 15 "bone048"  14
 16 "bone047"  15
 17 "Object005"  -1
 18 "bone0103"  -1
 19 "bone0123"  18
 20 "bone074"  19
 21 "bone073"  20
 22 "bone072"  21
 23 "bone071"  22
 24 "bone069"  22
 25 "bone067"  22
 26 "bone066"  22
 27 "bone065"  22
 28 "bone075"  22
 29 "bone064"  22
 30 "bone061"  22
 31 "bone060"  22
 32 "bone059"  22
 33 "bone058"  22
 34 "bone057"  22
 35 "bone056"  22
 36 "bone055"  22
 37 "bone054"  22
 38 "bone053"  37
 39 "bone063"  22
 40 "bone077"  39
 41 "bone089"  22
 42 "bone078"  41
 43 "bone0100"  22
 44 "bone099"  43
 45 "bone098"  22
 46 "bone097"  45
 47 "bone096"  22
 48 "bone095"  20
 49 "bone094"  48
 50 "bone093"  49
 51 "bone092"  50
 52 "bone091"  51
 53 "bone0101"  52
 54 "bone090"  53
 55 "bone088"  51
 56 "bone087"  55
 57 "bone086"  56
 58 "bone085"  51
 59 "bone084"  58
 60 "bone083"  59
 61 "bone082"  51
 62 "bone081"  61
 63 "bone080"  62
 64 "bone079"  51
 65 "bone052"  64
 66 "bone076"  65
 67 "bone051"  20
 68 "bone024"  67
 69 "bone022"  68
 70 "bone0129"  69
 71 "bone021"  70
 72 "bone020"  71
 73 "bone019"  72
 74 "bone018"  70
 75 "bone017"  74
 76 "bone016"  75
 77 "bone015"  70
 78 "bone014"  77
 79 "bone013"  78
 80 "bone023"  70
 81 "bone012"  80
 82 "bone010"  81
 83 "bone009"  70
 84 "bone008"  83
 85 "bone007"  84
 86 "bone006"  70
 87 "bone005"  20
 88 "bone004"  20
 89 "bone003"  20
 90 "bone002"  20
 91 "bone001"  20
 92 "bone011"  20
 93 "bone042"  18
 94 "bone041"  93
 95 "bone040"  94
 96 "bone039"  95
 97 "bone049"  93
 98 "bone038"  97
 99 "bone036"  98
100 "bone035"  93
101 "bone034" 100
102 "bone033"  93
103 "bone032" 102
104 "bone031"  93
105 "bone030"  93
106 "bone029"  93
107 "bone028" 106
108 "bone027"  93
109 "bone050" 108
110 "bone200"  93
111 "bone0102" 110
112 "bone0000" 111
113 "bone0104" 112
114 "bone0173" 113
115 "bone0172" 114
116 "bone0171" 115
117 "bone0170" 110
118 "bone0169" 117
119 "bone0168" 118
120 "bone0167" 119
121 "bone0166" 120
122 "bone0165" 121
123 "bone0174" 110
124 "bone0164" 123
125 "bone0162" 124
126 "bone0161" 125
127 "bone0160" 126
128 "bone0159" 127
129 "bone0158" 110
130 "bone0157" 129
131 "bone0156" 130
132 "bone0176" 131
133 "bone0154" 132
134 "bone0163" 133
135 "bone0175" 110
136 "bone0184" 135
137 "bone0177" 136
138 "bone0199" 137
139 "bone0197" 138
140 "bone0196" 139
141 "bone0195" 110
142 "bone0194" 141
143 "bone0193" 142
144 "bone0192" 143
145 "bone0191" 144
146 "bone0190" 145
147 "bone0189" 110
148 "bone0198" 147
149 "bone0187" 148
150 "bone0186" 149
151 "bone0185" 150
152 "bone0188" 151
153 "bone0183" 110
154 "bone0182" 153
155 "bone0181" 154
156 "bone0180" 155
157 "bone0179" 156
158 "bone0178" 157
159 "bone0153" 110
160 "bone0155" 159
161 "bone0151" 160
162 "bone0150" 161
163 "bone0124" 162
164 "bone0152" 163
165 "bone0122" 110
166 "bone0121" 165
167 "bone0120" 166
168 "bone0119" 167
169 "bone0118" 168
170 "bone0117" 169
171 "bone0116" 110
172 "bone0125" 171
173 "bone0115" 172
174 "bone0113" 173
175 "bone0112" 174
176 "bone0111" 175
177 "bone0110" 110
178 "bone0109" 177
179 "bone0108" 178
180 "bone0107" 179
181 "bone0106" 180
182 "bone0105" 181
183 "bone0114" 110
184 "bone0126" 183
185 "bone0127" 184
186 "bone0128" 185
187 "bone0149" 186
188 "bone0148" 187
189 "bone0147" 110
190 "bone0146" 189
191 "bone0145" 190
192 "bone0144" 191
193 "bone0143" 192
194 "bone0142" 193
195 "bone0141" 110
196 "bone0140" 195
197 "bone0139" 196
198 "bone0138" 197
199 "bone0137" 198
200 "bone0136" 199
201 "bone0135" 110
202 "bone0134" 201
203 "bone0133" 202
204 "bone0132" 203
205 "bone0131" 204
206 "bone0130" 205
207 "Object006"  -1
208 "∂‘œÛ001"  -1
end
skeleton
time 0
  0 0.059621 0.456168 0.250107 0.000000 -0.000000 0.000000
  1 0.059621 0.456168 0.250107 0.000000 -0.000000 0.000000
  2 0.059621 0.456168 0.250107 0.000000 -0.000000 0.000000
  3 0.059621 0.456168 0.250107 0.000000 -0.000000 0.000000
  4 0.059621 0.456168 0.250107 0.000000 -0.000000 0.000000
  5 0.059621 0.456168 0.250107 0.000000 -0.000000 0.000000
  6 0.059621 0.456168 0.250107 0.000000 -0.000000 0.000000
  7 0.059621 0.456168 0.250107 0.000000 -0.000000 0.000000
  8 0.059621 0.456168 0.250107 0.000000 -0.000000 0.000000
  9 0.059621 0.456168 0.250107 0.000000 -0.000000 0.000000
 10 120.558746 39.731293 154.010239 -1.241095 -0.080263 2.166170
 11 24.668245 0.000015 -0.000046 1.169295 0.443740 0.602846
 12 30.380146 -0.000015 -0.000008 1.653938 0.085181 0.202225
 13 19.902077 -0.000015 0.000015 -0.006674 0.094684 0.021530
 14 -88.350739 -21.637981 107.458252 1.979114 -0.187976 -1.036302
 15 35.349514 0.000015 0.000008 -1.862603 -1.055629 1.146804
 16 37.124329 -0.000023 -0.000011 -0.954380 0.522632 0.741401
 17 0.059621 0.456168 0.250107 0.064768 -0.005215 -0.156772
 18 0.059621 0.456168 89.275116 1.570796 1.570796 0.000000
 19 -65.799545 -0.000020 1.142855 0.000000 0.000515 3.141077
 20 11.181564 0.005760 -0.002411 0.000000 0.254797 0.000515
 21 27.835159 -0.000000 0.000019 -3.141592 -0.129896 -0.000000
 22 5.330383 -0.000001 0.000000 -3.070919 -0.014572 0.003512
 23 10.134888 -4.133391 3.834198 -0.681864 -1.173930 -2.497280
 24 10.134888 4.133398 3.834198 0.681903 -1.173919 2.497246
 25 22.592361 0.000010 17.467113 -0.000010 2.956431 0.000000
 26 21.199997 -7.744006 14.169518 -0.644457 -0.154503 -3.025319
 27 18.142014 -13.440225 7.965771 1.228366 -0.180197 3.082644
 28 21.199966 7.744022 14.169498 0.644460 -0.154503 3.025318
 29 18.141998 13.440235 7.965775 -0.316157 -0.180196 -3.082644
 30 11.858871 -13.359996 3.526514 1.542249 3.132957 0.174415
 31 9.463287 -16.404865 -2.906046 1.542282 3.132901 0.176490
 32 9.125244 -10.885472 -11.371326 0.000496 2.962373 0.000256
 33 11.858856 13.360003 3.526474 -1.542248 3.132957 -0.174414
 34 9.463257 16.404865 -2.906025 -1.542281 3.132900 -0.176490
 35 9.125275 10.885471 -11.371304 -0.000492 2.962373 0.000256
 36 9.023239 -0.000002 -17.296175 0.000180 -0.167048 -3.141356
 37 12.691406 -0.000003 -19.438766 0.015345 0.993599 0.013307
 38 10.989410 0.000003 0.000000 0.000000 -0.167163 0.000000
 39 12.871460 -10.586839 -15.652472 -1.196194 0.568417 -0.940182
 40 10.726997 0.000003 -0.000015 -0.044747 -0.177841 0.024607
 41 12.871445 10.586839 -15.652472 1.148546 0.625667 0.918894
 42 10.726974 -0.000018 0.000031 0.044747 -0.177842 -0.024607
 43 12.847214 -17.570080 -4.701340 -1.374630 0.326606 -1.025926
 44 11.496498 0.000004 0.000000 -0.090459 -0.137773 0.054997
 45 12.847183 17.570080 -4.701359 1.335103 0.391176 1.020367
 46 11.496460 0.000006 0.000015 0.090459 -0.137773 -0.054997
 47 28.485962 0.000011 16.460358 -0.000001 -0.039729 0.000000
 48 23.052750 -6.207911 -0.077286 -1.470206 0.035100 -1.833545
 49 9.436901 -0.000008 -0.000015 0.010287 0.559742 0.003503
 50 31.269325 0.000008 -0.000015 -0.006701 -0.004805 0.008666
 51 28.756508 0.000010 -0.000031 -0.001117 0.032665 0.001416
 52 2.251991 -2.464407 -1.141647 0.481305 0.508197 -0.319329
 53 3.674049 -0.000015 0.000015 -0.277611 0.179024 0.194713
 54 3.614685 0.000012 0.000000 0.013156 0.193871 -0.001558
 55 9.035503 -2.494947 0.484543 -0.001362 0.302449 0.001673
 56 2.943588 0.000002 -0.000015 0.010585 0.293657 -0.007800
 57 2.649429 0.000002 0.000008 -0.006498 0.303243 0.008512
 58 9.093624 -0.386671 0.647705 0.020190 0.475380 -0.012607
 59 3.451897 0.000002 0.000000 -0.014209 0.528778 0.009212
 60 2.898178 0.000002 0.000031 -0.000683 0.490858 0.000916
 61 8.894585 1.605852 0.371887 -0.000566 0.547851 0.000704
 62 3.130409 0.000002 0.000038 0.003896 0.567158 -0.005064
 63 2.629532 0.000000 -0.000038 0.004892 0.544388 -0.006589
 64 8.470631 3.459528 0.131485 -0.021715 0.541478 0.011455
 65 2.410271 -0.000002 -0.000046 0.022815 0.529939 -0.013321
 66 2.000793 0.000004 0.000011 -0.005415 0.533618 0.007402
 67 23.052765 6.207909 -0.077305 1.481823 0.058643 2.080206
 68 9.436890 0.000019 -0.000015 0.151662 0.418551 0.413166
 69 31.269348 -0.000008 -0.000038 0.440444 0.305164 1.902620
 70 28.756500 0.000000 0.000015 0.326384 0.566502 0.119508
 71 2.251890 2.464417 -1.141571 -0.513217 0.249535 0.112914
 72 3.674084 0.000000 -0.000046 0.331388 -0.059506 -0.325011
 73 3.614678 0.000000 0.000015 0.067360 -0.216133 -0.086857
 74 9.035414 2.494965 0.484421 0.001362 -0.011534 -0.001673
 75 2.943565 0.000015 -0.000031 -0.011498 -0.020268 0.014556
 76 2.649441 0.000000 0.000031 0.006498 -0.010740 -0.008512
 77 9.093687 0.386688 0.647781 -0.018031 0.093461 0.020165
 78 3.451862 0.000000 0.000008 0.014953 0.008589 -0.019838
 79 2.898197 0.000015 -0.000008 0.000683 -0.029445 -0.000917
 80 8.894411 -1.605850 0.371902 0.000566 0.090541 -0.000704
 81 3.130434 0.000015 -0.000031 -0.003896 -0.009289 0.005063
 82 2.629517 0.000000 0.000023 -0.004892 -0.032059 0.006589
 83 8.470602 -3.459503 0.131393 0.018786 0.137518 -0.020073
 84 2.410276 0.000000 -0.000008 -0.024238 -0.029075 0.031299
 85 2.000751 0.000000 0.000015 0.005415 -0.025697 -0.007402
 86 9.832346 1.463074 -1.299438 0.016523 -0.031798 -0.020624
 87 25.040588 -5.670406 5.432793 -1.312160 -0.224887 -2.136065
 88 28.779694 -6.856310 -0.811420 -1.466235 0.019064 -1.725377
 89 29.182297 -3.955567 -4.961960 0.881869 2.552753 0.503940
 90 25.040573 5.670406 5.432755 1.296833 -0.398765 2.185823
 91 28.779739 6.856310 -0.811401 1.466235 0.019065 1.725381
 92 29.182266 3.955564 -4.961941 -0.881870 2.552752 -0.503941
 93 -65.335663 -0.000020 1.140918 -3.141591 0.044911 0.000000
 94 26.290924 -12.205289 1.157882 -2.071447 -0.017454 0.065112
 95 49.071037 0.000008 0.000010 2.179705 0.127556 -0.112856
 96 61.871311 -0.000015 -0.000023 3.080256 0.672597 0.035641
 97 26.290924 12.205294 1.157841 2.044502 0.127786 -0.159169
 98 49.071068 0.000004 -0.000038 -2.187262 0.154733 0.063501
 99 61.871300 0.000023 -0.000027 -2.944714 0.642381 0.102745
100 -0.698059 -11.192117 -8.252763 -1.426826 -2.505440 1.514807
101 20.568222 0.000002 0.000015 0.010291 0.085300 -0.148393
102 0.223785 -5.734809 -12.929605 2.230517 0.915296 -1.409025
103 20.803560 -0.000015 -0.000015 0.066391 -0.063546 -0.036748
104 -1.040009 -3.033968 12.140511 1.554517 0.104601 -1.288764
105 -1.039993 3.034004 12.140501 -1.554518 0.104604 1.288764
106 4.165451 -5.407045 12.088390 -0.529189 -2.110835 0.706319
107 16.599449 0.000008 0.000008 -0.047935 -0.051683 0.045016
108 4.165482 5.407080 12.088381 -0.852162 -0.626606 0.625184
109 16.599380 0.000009 -0.000023 0.048006 -0.046610 -0.044850
110 6.428391 0.000001 -0.288944 -0.000001 -0.000000 -0.000000
111 -1.833771 -13.936461 1.224504 1.624163 -0.113723 -1.238225
112 20.406929 -0.000002 -0.000031 -0.006267 -0.443121 0.157003
113 21.655479 0.000006 0.000031 0.028713 0.467661 0.096152
114 22.360638 0.000006 -0.000015 0.006961 0.691348 -0.089322
115 22.519672 -0.000006 -0.000031 -0.048269 0.576696 -0.136882
116 22.140404 -0.000006 0.000000 0.021895 0.035760 0.098594
117 -1.699203 -12.875612 4.918509 1.440898 -0.543464 -1.177907
118 20.938583 0.000017 0.000015 0.029144 -0.485635 0.113467
119 21.993599 0.000002 0.000000 0.028175 0.367996 0.039045
120 22.563766 -0.000013 0.000015 -0.003847 0.624229 -0.141486
121 22.643353 -0.000002 -0.000046 -0.068106 0.569847 -0.146666
122 22.238068 -0.000001 -0.000023 -0.016885 -0.057814 0.111115
123 -1.634338 -9.854568 8.052345 1.151901 -0.877565 -0.979678
124 22.205276 0.000005 -0.000015 0.039151 -0.499408 0.069475
125 22.804363 0.000001 0.000015 0.026025 0.288481 0.016225
126 23.051636 0.000008 0.000031 0.005233 0.537057 -0.134403
127 22.939968 0.000002 -0.000015 -0.056451 0.531454 -0.136831
128 22.472061 0.000006 -0.000015 -0.022610 -0.142610 0.089205
129 -1.616135 -5.333254 10.147438 0.668963 -1.090808 -0.579647
130 23.451281 0.000000 0.000000 0.022617 -0.500657 0.038779
131 23.607994 0.000000 0.000015 0.014804 0.236640 0.013864
132 23.536217 0.000001 -0.000015 0.017050 0.464019 -0.092569
133 23.233978 0.000000 -0.000031 -0.023672 0.489219 -0.113249
134 22.703697 0.000006 -0.000031 -0.001707 -0.199022 0.033752
135 -1.614517 -0.000000 10.883350 -0.031161 -1.161416 0.037895
136 23.962114 0.000001 -0.000015 -0.006988 -0.501692 0.017180
137 23.938938 -0.000003 0.000046 -0.002822 0.215181 0.017732
138 23.736004 -0.000003 -0.000015 0.022946 0.424916 -0.044442
139 23.354965 0.000004 -0.000031 0.012560 0.464319 -0.090733
140 22.798935 -0.000008 -0.000031 0.027036 -0.222656 -0.033111
141 -1.616135 5.333250 10.147423 -0.711087 -1.075252 0.634433
142 23.451290 -0.000008 0.000015 -0.036541 -0.506335 -0.005863
143 23.608002 -0.000002 -0.000015 -0.020677 0.225480 0.021174
144 23.536221 0.000001 0.000000 0.024026 0.428849 0.003036
145 23.233974 -0.000017 -0.000031 0.044534 0.464684 -0.067876
146 22.703674 0.000018 0.000000 0.052979 -0.214012 -0.101603
147 -1.634338 9.854564 8.052343 -1.168312 -0.855365 1.008987
148 22.205246 0.000001 0.000000 -0.052822 -0.510957 -0.039832
149 22.804424 0.000002 -0.000061 -0.032441 0.265814 0.016717
150 23.051617 -0.000017 0.000000 0.023142 0.470774 0.031384
151 22.939980 -0.000002 -0.000015 0.062280 0.482489 -0.048775
152 22.472076 0.000008 -0.000031 0.064814 -0.172405 -0.176949
153 -1.699203 12.875607 4.918524 -1.446353 -0.521493 1.195283
154 20.938578 0.000018 -0.000015 -0.042754 -0.502953 -0.090380
155 21.993580 -0.000011 -0.000015 -0.034962 0.334318 -0.007578
156 22.563774 0.000000 0.000000 0.015951 0.533426 0.018521
157 22.643353 0.000008 -0.000031 0.055224 0.494272 -0.047637
158 22.238045 -0.000008 -0.000015 0.035780 -0.105334 -0.220014
159 -1.833771 13.936457 1.224504 -1.628523 -0.096958 1.251084
160 20.406942 0.000004 -0.000046 -0.006801 -0.465026 -0.143945
161 21.655495 -0.000002 0.000061 -0.033882 0.425871 -0.064094
162 22.360630 -0.000004 0.000000 0.015893 0.496955 -0.071393
163 22.519665 0.000000 -0.000061 0.055209 0.365130 -0.107448
164 22.140392 0.000006 -0.000046 -0.035319 -0.027009 -0.205195
165 -1.972565 12.875608 -3.614555 -1.736760 0.173537 1.197700
166 20.655149 0.000010 0.000000 0.007482 -0.409238 -0.162241
167 21.762226 0.000000 0.000031 -0.042446 0.512026 -0.093111
168 22.392132 0.000010 -0.000046 -0.030574 0.577334 -0.083955
169 22.541355 0.000019 -0.000076 -0.022450 0.385131 -0.069549
170 22.217522 0.000015 -0.000038 -0.097539 0.020879 -0.194551
171 -1.967316 9.854566 -7.722432 -1.941622 0.453549 1.019288
172 21.272694 0.000008 -0.000015 0.016976 -0.296405 -0.170329
173 22.032486 0.000029 -0.000031 -0.053246 0.632038 -0.122450
174 22.475651 0.000008 -0.000031 -0.043576 0.484772 -0.091870
175 22.598717 0.000008 -0.000008 -0.052426 0.167304 -0.054383
176 22.407982 0.000019 -0.000023 -0.115277 0.064395 -0.148058
177 -1.900833 5.333252 -10.470076 -2.377794 0.717085 0.648352
178 21.914303 0.000012 -0.000031 0.010592 -0.138178 -0.133485
179 22.319813 0.000000 -0.000015 -0.049104 0.731647 -0.104882
180 22.569618 0.000010 -0.000008 -0.039609 0.306663 -0.113433
181 22.663216 0.000023 0.000008 -0.053792 -0.121297 -0.124660
182 22.604515 0.000023 -0.000015 -0.095923 0.098099 -0.113688
183 -1.865585 -0.000002 -11.435440 3.138872 0.844210 0.012182
184 22.186668 -0.000003 -0.000031 -0.008903 -0.040897 -0.014544
185 22.443707 -0.000001 -0.000023 -0.007929 0.774280 -0.003683
186 22.611549 -0.000002 -0.000011 -0.010983 0.232963 -0.199996
187 22.692017 0.000017 0.000023 0.001144 -0.180971 -0.295366
188 22.687645 0.000034 0.000000 -0.040073 0.122764 -0.083205
189 -1.900833 -5.333257 -10.470070 2.368993 0.716653 -0.629251
190 21.914330 0.000005 -0.000015 -0.025758 -0.113822 0.114443
191 22.319813 -0.000029 -0.000031 0.039274 0.757992 0.110884
192 22.569626 -0.000008 -0.000031 0.006841 0.406356 -0.228193
193 22.663231 -0.000010 0.000031 0.007292 0.065064 -0.360201
194 22.604515 0.000034 0.000025 0.031602 0.129906 -0.024192
195 -1.967285 -9.854566 -7.722440 1.932635 0.447498 -1.005228
196 21.272690 -0.000021 -0.000031 -0.030228 -0.267838 0.166179
197 22.032444 -0.000002 -0.000031 0.050393 0.673391 0.148059
198 22.475685 -0.000013 -0.000046 0.012764 0.604218 -0.158933
199 22.598724 0.000004 -0.000008 -0.014213 0.346476 -0.275327
200 22.407997 0.000008 0.000019 0.072360 0.119375 0.021670
201 -1.972565 -12.875610 -3.614562 1.730252 0.161456 -1.185285
202 20.655151 0.000008 -0.000031 -0.020529 -0.384463 0.168062
203 21.762249 -0.000002 0.000015 0.038883 0.556244 0.124761
204 22.392151 -0.000006 -0.000046 0.015076 0.691379 -0.104380
205 22.541351 -0.000010 -0.000023 -0.029757 0.517135 -0.187031
206 22.217522 0.000007 0.000011 0.063967 0.087622 0.066670
207 0.059621 0.456168 0.250107 0.000000 -0.000000 0.000000
208 0.059621 0.456168 0.250107 0.000000 -0.000000 0.000000
time 1
  0 0.059621 0.456168 0.250107 0.000000 -0.000000 0.000000
  1 0.059621 0.456168 0.250107 0.000000 -0.000000 0.000000
  2 0.059621 0.456168 0.250107 0.000000 -0.000000 0.000000
  3 0.059621 0.456168 0.250107 0.000000 -0.000000 0.000000
  4 0.059621 0.456168 0.250107 0.000000 -0.000000 0.000000
  5 0.059621 0.456168 0.250107 0.000000 -0.000000 0.000000
  6 0.059621 0.456168 0.250107 0.000000 -0.000000 0.000000
  7 0.059621 0.456168 0.250107 0.000000 -0.000000 0.000000
  8 0.059621 0.456168 0.250107 0.000000 -0.000000 0.000000
  9 0.059621 0.456168 0.250107 0.000000 -0.000000 0.000000
 10 120.173599 38.949757 150.217743 -1.241095 -0.080263 2.072488
 11 24.668251 0.000015 -0.000046 1.049557 0.250328 0.365711
 12 30.380150 -0.000015 -0.000008 1.647681 0.498960 0.300557
 13 19.902092 -0.000023 0.000000 -0.006651 0.094445 0.021473
 14 -88.328941 -14.332696 107.458252 1.973304 -0.167252 -1.042241
 15 35.349506 0.000000 0.000008 -1.579422 -0.828818 0.745405
 16 37.124344 -0.000031 -0.000008 -0.954756 0.520775 0.740941
 17 0.059621 0.456168 0.250107 0.064768 -0.005215 -0.156772
 18 0.059621 0.456168 89.721420 1.570796 1.570796 0.000000
 19 -65.799545 -0.000020 1.142855 0.000000 0.000515 3.141077
 20 11.181564 0.005760 -0.002411 0.000000 0.255369 0.000515
 21 27.835159 -0.000000 0.000019 -3.141592 -0.129896 -0.000000
 22 5.330383 -0.000001 -0.000002 -3.071549 -0.013564 0.003534
 23 10.134888 -4.133392 3.834200 -0.657749 -1.160987 -2.523476
 24 10.134888 4.133399 3.834200 0.657791 -1.160975 2.523439
 25 22.592346 0.000010 17.467112 -0.000010 2.958103 0.000000
 26 21.199982 -7.744007 14.169516 -0.644395 -0.153160 -3.026318
 27 18.141998 -13.440226 7.965773 1.228145 -0.179609 3.084226
 28 21.199951 7.744023 14.169497 0.644398 -0.153160 3.026318
 29 18.141998 13.440233 7.965775 -0.316120 -0.178605 -3.083160
 30 11.858856 -13.359995 3.526514 1.542247 3.133006 0.172743
 31 9.463257 -16.404863 -2.906044 1.542280 3.132950 0.174818
 32 9.125244 -10.885473 -11.371325 0.000496 2.964045 0.000256
 33 11.858841 13.360003 3.526472 -1.542246 3.133006 -0.172742
 34 9.463257 16.404863 -2.906025 -1.542279 3.132949 -0.174818
 35 9.125259 10.885469 -11.371305 -0.000492 2.964045 0.000256
 36 9.023224 -0.000002 -17.296173 0.000180 -0.165375 -3.141356
 37 12.691406 -0.000002 -19.438765 0.025380 1.243722 0.023108
 38 10.989410 0.000002 -0.000015 0.000000 -0.118801 0.000000
 39 12.871460 -10.586840 -15.652470 -1.364000 0.672433 -1.227602
 40 10.726997 0.000006 -0.000015 -0.044839 -0.130078 0.016493
 41 12.871445 10.586840 -15.652470 1.336801 0.734647 1.214776
 42 10.726982 -0.000019 0.000015 0.044838 -0.130173 -0.016516
 43 12.847198 -17.570078 -4.701340 -1.460845 0.398458 -1.268404
 44 11.496490 0.000006 -0.000015 -0.090712 -0.087916 0.042993
 45 12.847183 17.570080 -4.701361 1.439207 0.465065 1.266077
 46 11.496468 0.000002 0.000000 0.090712 -0.088097 -0.042627
 47 28.485962 0.000011 16.460356 -0.000001 -0.052347 0.000000
 48 23.052750 -6.207911 -0.077286 -1.470206 0.035100 -1.833545
 49 9.436909 -0.000006 -0.000031 0.008973 0.553577 -0.075998
 50 31.269341 0.000008 -0.000031 -0.011588 0.012840 -0.003548
 51 28.756508 0.000008 -0.000031 -0.001117 0.032665 0.001416
 52 2.251991 -2.464407 -1.141632 0.481305 0.508197 -0.319329
 53 3.674049 -0.000015 0.000023 -0.277611 0.179024 0.194713
 54 3.614700 0.000011 0.000000 0.013156 0.193871 -0.001558
 55 9.035503 -2.494946 0.484558 -0.001362 0.302449 0.001673
 56 2.943581 0.000000 -0.000015 0.010585 0.293657 -0.007800
 57 2.649429 0.000004 0.000008 -0.006498 0.303243 0.008512
 58 9.093616 -0.386671 0.647720 0.020190 0.475380 -0.012607
 59 3.451889 0.000002 0.000000 -0.014209 0.528778 0.009212
 60 2.898178 -0.000002 0.000031 -0.000683 0.490858 0.000916
 61 8.894581 1.605852 0.371902 -0.000566 0.547851 0.000704
 62 3.130402 0.000002 0.000038 0.003896 0.567158 -0.005064
 63 2.629532 0.000000 -0.000042 0.004892 0.544388 -0.006589
 64 8.470631 3.459530 0.131500 -0.021715 0.541478 0.011456
 65 2.410278 -0.000002 -0.000053 0.022815 0.529939 -0.013321
 66 2.000793 0.000004 0.000004 -0.005415 0.533618 0.007402
 67 23.052750 6.207909 -0.077305 1.481823 0.058643 2.080206
 68 9.436897 0.000023 -0.000015 0.131341 0.416734 0.455955
 69 31.269348 -0.000008 -0.000038 0.455409 0.298217 1.902404
 70 28.756512 0.000008 0.000008 0.340413 0.560661 0.136173
 71 2.251892 2.464401 -1.141563 -0.513217 0.249535 0.112914
 72 3.674086 0.000000 -0.000015 0.331388 -0.059506 -0.325011
 73 3.614677 0.000015 0.000015 0.067360 -0.216133 -0.086857
 74 9.035412 2.494949 0.484421 0.001362 -0.011534 -0.001673
 75 2.943565 0.000000 -0.000031 -0.011497 -0.020268 0.014556
 76 2.649441 0.000000 0.000031 0.006498 -0.010740 -0.008512
 77 9.093689 0.386673 0.647781 -0.018031 0.093461 0.020165
 78 3.451855 0.000000 0.000000 0.014953 0.008589 -0.019838
 79 2.898197 0.000000 -0.000008 0.000683 -0.029445 -0.000917
 80 8.894409 -1.605850 0.371918 0.000566 0.090541 -0.000704
 81 3.130430 0.000000 -0.000038 -0.003896 -0.009289 0.005063
 82 2.629517 0.000000 0.000015 -0.004892 -0.032059 0.006589
 83 8.470600 -3.459534 0.131393 0.018786 0.137518 -0.020073
 84 2.410275 0.000000 -0.000015 -0.024238 -0.029075 0.031299
 85 2.000751 0.000000 0.000015 0.005415 -0.025697 -0.007402
 86 9.832344 1.463058 -1.299431 0.016523 -0.031798 -0.020624
 87 25.040588 -5.670406 5.432796 -1.312160 -0.224887 -2.136065
 88 28.779694 -6.856310 -0.811420 -1.466235 0.019064 -1.725377
 89 29.182297 -3.955567 -4.961960 0.881869 2.552753 0.503940
 90 25.040558 5.670406 5.432755 1.296833 -0.398765 2.185823
 91 28.779739 6.856310 -0.811401 1.466235 0.019065 1.725381
 92 29.182266 3.955564 -4.961941 -0.881870 2.552752 -0.503941
 93 -65.335648 -0.000020 1.140918 -3.141591 0.044911 0.000000
 94 26.290924 -12.205289 1.157882 -2.071430 -0.017707 0.064648
 95 49.071030 0.000008 0.000008 2.179705 0.127555 -0.112856
 96 61.871311 -0.000015 -0.000019 3.080256 0.672597 0.035641
 97 26.290924 12.205294 1.157841 2.044572 0.127437 -0.158495
 98 49.071060 0.000004 -0.000036 -2.187262 0.154733 0.063501
 99 61.871315 0.000023 -0.000026 -2.944714 0.642381 0.102745
100 -0.698074 -11.192117 -8.252762 1.582822 -0.623647 -1.403408
101 20.568222 -0.000005 -0.000015 0.010292 0.091717 -0.148353
102 0.223785 -5.734809 -12.929605 2.455811 0.875946 -1.121239
103 20.803558 -0.000015 -0.000015 0.065888 -0.062000 -0.048892
104 -1.040009 -3.033968 12.140511 1.554517 0.104601 -1.288764
105 -1.039993 3.034004 12.140501 -1.554518 0.104604 1.288764
106 4.165451 -5.407045 12.088390 -0.806293 -2.003138 1.018741
107 16.599438 0.000004 0.000015 -0.048801 -0.025327 0.041019
108 4.165482 5.407080 12.088381 -0.844595 -0.611523 0.616348
109 16.599380 0.000009 -0.000038 0.047999 -0.030157 -0.042668
110 6.428391 0.000001 -0.288944 -0.000001 -0.000000 -0.000000
111 -1.833786 -13.936461 1.224504 1.605044 -0.096294 -1.056322
112 20.406937 -0.000004 -0.000015 -0.022482 -0.589925 0.182716
113 21.655479 0.000004 0.000031 0.025352 0.215338 0.112812
114 22.360653 0.000004 0.000000 0.008963 0.706953 -0.080379
115 22.519661 -0.000008 -0.000031 -0.068669 0.725566 -0.160506
116 22.140411 -0.000006 -0.000008 0.021758 0.027423 0.098086
117 -1.699219 -12.875612 4.918509 1.343708 -0.490727 -0.981851
118 20.938583 0.000013 -0.000015 0.015404 -0.624033 0.136519
119 21.993599 0.000002 0.000000 0.030706 0.126060 0.068151
120 22.563766 -0.000004 0.000015 -0.001363 0.617397 -0.133044
121 22.643333 0.000008 -0.000031 -0.094879 0.706777 -0.185017
122 22.238060 -0.000008 -0.000023 -0.016954 -0.074653 0.110955
123 -1.634354 -9.854568 8.052345 0.997386 -0.784946 -0.771096
124 22.205284 0.000004 -0.000031 0.030416 -0.627739 0.084611
125 22.804367 0.000000 -0.000015 0.028305 0.061447 0.041296
126 23.051643 0.000008 0.000046 0.007863 0.520265 -0.125078
127 22.939968 0.000000 0.000000 -0.078698 0.659025 -0.171596
128 22.472057 -0.000013 -0.000015 -0.022646 -0.161560 0.089106
129 -1.616150 -5.333253 10.147436 0.531869 -0.955729 -0.419538
130 23.451286 0.000001 -0.000015 0.018245 -0.620588 0.046389
131 23.607998 -0.000001 0.000015 0.015300 0.021569 0.026860
132 23.536201 0.000003 0.000000 0.018579 0.444381 -0.084674
133 23.233959 0.000000 0.000000 -0.037076 0.611865 -0.134067
134 22.703682 0.000006 -0.000031 -0.001749 -0.218416 0.033716
135 -1.614517 -0.000000 10.883348 -0.020812 -1.006849 0.026222
136 23.962112 0.000001 -0.000046 -0.008022 -0.618286 0.018544
137 23.938946 -0.000003 0.000046 -0.003788 0.004892 0.016829
138 23.736015 -0.000003 0.000015 0.023289 0.405185 -0.039261
139 23.354973 0.000004 -0.000031 0.007508 0.586241 -0.094992
140 22.798927 -0.000010 -0.000015 0.027035 -0.242170 -0.033409
141 -1.616150 5.333251 10.147421 -0.566116 -0.944827 0.463726
142 23.451294 -0.000008 0.000000 -0.034222 -0.625955 -0.010856
143 23.607994 -0.000006 0.000000 -0.023033 0.011359 0.005927
144 23.536232 -0.000004 0.000000 0.023447 0.410016 0.004974
145 23.233967 -0.000017 -0.000015 0.047537 0.590558 -0.055643
146 22.703671 0.000016 -0.000015 0.052455 -0.233398 -0.101597
147 -1.634354 9.854564 8.052343 -1.016423 -0.767329 0.800111
148 22.205238 0.000002 0.000015 -0.046164 -0.638571 -0.052423
149 22.804428 -0.000001 -0.000061 -0.036541 0.040718 -0.011263
150 23.051613 -0.000008 0.000031 0.021934 0.454693 0.030708
151 22.939960 -0.000006 0.000000 0.072074 0.616882 -0.025798
152 22.472073 0.000006 -0.000031 0.064843 -0.191349 -0.177667
153 -1.699219 12.875607 4.918524 -1.353361 -0.471825 0.999899
154 20.938583 0.000017 -0.000015 -0.030205 -0.639951 -0.112038
155 21.993580 -0.000015 -0.000015 -0.039493 0.095090 -0.041403
156 22.563782 0.000002 0.000015 0.014964 0.526332 0.016398
157 22.643337 0.000008 -0.000031 0.067206 0.642313 -0.026060
158 22.238045 -0.000002 -0.000015 0.035826 -0.122382 -0.219693
159 -1.833786 13.936457 1.224504 -1.612269 -0.081047 1.068728
160 20.406944 0.000008 -0.000046 0.009302 -0.609393 -0.170120
161 21.655487 0.000000 0.000046 -0.034103 0.175983 -0.088720
162 22.360622 -0.000008 0.000031 0.015567 0.518820 -0.077675
163 22.519642 -0.000007 -0.000046 0.058876 0.544959 -0.109000
164 22.140388 -0.000002 -0.000031 -0.035162 -0.033511 -0.204288
165 -1.972580 12.875608 -3.614555 -1.767237 0.167285 1.018452
166 20.655159 0.000010 -0.000031 0.023287 -0.557995 -0.186657
167 21.762230 0.000000 0.000015 -0.039269 0.261632 -0.111206
168 22.392134 0.000006 -0.000031 -0.032762 0.623232 -0.095809
169 22.541348 0.000011 -0.000061 -0.017291 0.566214 -0.069965
170 22.217514 0.000019 -0.000031 -0.097370 0.014397 -0.193327
171 -1.967316 9.854566 -7.722432 -2.013469 0.412789 0.847277
172 21.272705 0.000010 -0.000023 0.030699 -0.451831 -0.187881
173 22.032492 0.000027 -0.000031 -0.046005 0.397689 -0.133430
174 22.475651 0.000004 -0.000031 -0.047212 0.588967 -0.112431
175 22.598717 0.000015 -0.000008 -0.044888 0.371713 -0.048650
176 22.407990 0.000027 0.000000 -0.115094 0.058091 -0.146800
177 -1.900848 5.333252 -10.470076 -2.460854 0.624731 0.515013
178 21.914322 0.000012 -0.000038 0.019904 -0.301342 -0.141290
179 22.319820 0.000000 -0.000031 -0.044029 0.536779 -0.114185
180 22.569618 0.000011 -0.000031 -0.042991 0.472622 -0.127916
181 22.663216 0.000031 -0.000015 -0.054289 0.079161 -0.104582
182 22.604527 0.000027 -0.000015 -0.095504 0.091854 -0.112576
183 -1.865585 -0.000002 -11.435440 3.136864 0.717578 0.009336
184 22.186684 -0.000003 -0.000023 -0.007781 -0.209315 -0.016039
185 22.443699 -0.000001 -0.000031 -0.009657 0.607130 -0.007873
186 22.611542 -0.000003 -0.000023 -0.020271 0.420700 -0.187990
187 22.692024 0.000010 0.000027 -0.015329 -0.011399 -0.277686
188 22.687645 0.000023 0.000011 -0.039948 0.116504 -0.080980
189 -1.900848 -5.333256 -10.470070 2.449711 0.623299 -0.499516
190 21.914330 0.000004 -0.000023 -0.033474 -0.280726 0.118668
191 22.319809 -0.000029 -0.000015 0.030498 0.567299 0.111702
192 22.569618 -0.000010 -0.000046 -0.000646 0.561020 -0.201242
193 22.663239 -0.000011 0.000038 -0.015650 0.234190 -0.356120
194 22.604523 0.000031 0.000032 0.031448 0.123622 -0.024262
195 -1.967285 -9.854566 -7.722440 2.003192 0.406539 -0.835242
196 21.272705 -0.000023 -0.000023 -0.042924 -0.427505 0.180545
197 22.032450 -0.000002 -0.000031 0.037582 0.441413 0.148749
198 22.475674 -0.000011 -0.000061 0.013451 0.703120 -0.135866
199 22.598724 -0.000002 -0.000023 -0.036043 0.513716 -0.285367
200 22.408005 0.000001 0.000019 0.072100 0.113063 0.021115
201 -1.972580 -12.875610 -3.614562 1.758463 0.155906 -1.007214
202 20.655159 0.000006 -0.000031 -0.035799 -0.536557 0.190465
203 21.762255 -0.000004 0.000015 0.030744 0.304780 0.132708
204 22.392143 -0.000006 -0.000031 0.017256 0.737712 -0.091310
205 22.541344 -0.000010 -0.000031 -0.050447 0.674122 -0.206768
206 22.217514 0.000008 0.000023 0.063846 0.081181 0.066055
207 0.059621 0.456168 0.250107 0.000000 -0.000000 0.000000
208 0.059621 0.456168 0.250107 0.000000 -0.000000 0.000000
time 2
  0 0.059621 0.456168 0.250107 0.000000 -0.000000 0.000000
  1 0.059621 0.456168 0.250107 0.000000 -0.000000 0.000000
  2 0.059621 0.456168 0.250107 0.000000 -0.000000 0.000000
  3 0.059621 0.456168 0.250107 0.000000 -0.000000 0.000000
  4 0.059621 0.456168 0.250107 0.000000 -0.000000 0.000000
  5 0.059621 0.456168 0.250107 0.000000 -0.000000 0.000000
  6 0.059621 0.456168 0.250107 0.000000 -0.000000 0.000000
  7 0.059621 0.456168 0.250107 0.000000 -0.000000 0.000000
  8 0.059621 0.456168 0.250107 0.000000 -0.000000 0.000000
  9 0.059621 0.456168 0.250107 0.000000 -0.000000 0.000000
 10 119.046936 36.698463 146.707138 -1.241095 -0.080263 1.982937
 11 24.668253 0.000015 -0.000046 0.993866 0.109496 0.182107
 12 30.380138 -0.000015 0.000000 1.704904 0.653739 0.425409
 13 19.902084 -0.000008 -0.000015 -0.006585 0.093738 0.021305
 14 -88.216087 -7.059794 107.458252 1.967280 -0.146876 -1.059669
 15 35.349503 0.000015 0.000011 -1.482636 -0.629411 0.572542
 16 37.124344 -0.000019 -0.000008 -0.955838 0.515426 0.739617
 17 0.059621 0.456168 0.250107 0.064768 -0.005215 -0.156772
 18 0.059621 0.456168 90.998772 1.570796 1.570796 0.000000
 19 -65.799538 -0.000020 1.142855 -0.000000 0.000515 3.141077
 20 11.181564 0.005760 -0.002411 -0.000000 0.257007 0.000515
 21 27.835159 0.000000 0.000015 -3.141592 -0.129896 -0.000000
 22 5.330383 -0.000001 -0.000004 -3.073352 -0.010636 0.003598
 23 10.134888 -4.133393 3.834198 -0.631195 -1.145461 -2.552458
 24 10.134888 4.133399 3.834198 0.631248 -1.145446 2.552413
 25 22.592361 0.000010 17.467110 -0.000010 2.962889 0.000000
 26 21.199997 -7.744007 14.169518 -0.644217 -0.149315 -3.029178
 27 18.142014 -13.440227 7.965775 1.227512 -0.177926 3.088752
 28 21.199966 7.744022 14.169495 0.644220 -0.149315 3.029178
 29 18.141983 13.440238 7.965773 -0.316016 -0.174050 -3.084637
 30 11.858871 -13.360000 3.526512 1.542243 3.133146 0.167959
 31 9.463287 -16.404865 -2.906044 1.542276 3.133090 0.170034
 32 9.125244 -10.885474 -11.371325 0.000496 2.968832 0.000256
 33 11.858856 13.360005 3.526472 -1.542242 3.133146 -0.167958
 34 9.463272 16.404865 -2.906021 -1.542275 3.133089 -0.170034
 35 9.125259 10.885474 -11.371305 -0.000492 2.968831 0.000256
 36 9.023239 -0.000002 -17.296173 0.000180 -0.160589 -3.141356
 37 12.691406 -0.000002 -19.438763 0.152612 1.507883 0.149736
 38 10.989410 0.000002 -0.000031 0.000000 -0.057152 0.000000
 39 12.871460 -10.586840 -15.652470 1.552937 2.409288 1.567789
 40 10.727003 0.000008 -0.000015 -0.045093 -0.068886 0.009720
 41 12.871460 10.586842 -15.652470 -1.548793 2.351570 -1.562288
 42 10.726974 -0.000020 0.000031 0.045089 -0.069048 -0.009759
 43 12.847214 -17.570084 -4.701339 -1.572354 0.450151 -1.537893
 44 11.496494 0.000000 -0.000015 -0.091411 -0.025314 0.032077
 45 12.847183 17.570086 -4.701360 1.571861 0.511151 1.542489
 46 11.496464 0.000004 0.000000 0.091411 -0.025624 -0.031474
 47 28.485962 0.000011 16.460354 -0.000001 -0.064924 0.000000
 48 23.052750 -6.207911 -0.077286 -1.470206 0.035100 -1.833545
 49 9.436913 -0.000006 -0.000031 0.005213 0.535906 -0.165336
 50 31.269325 0.000008 -0.000015 -0.022400 0.033005 -0.038505
 51 28.756519 0.000015 -0.000046 -0.001117 0.032665 0.001416
 52 2.251991 -2.464405 -1.141647 0.481305 0.508197 -0.319329
 53 3.674042 -0.000019 0.000008 -0.277611 0.179024 0.194713
 54 3.614693 0.000012 0.000000 0.013156 0.193871 -0.001558
 55 9.035519 -2.494946 0.484543 -0.001362 0.302449 0.001673
 56 2.943588 0.000004 -0.000015 0.010585 0.293657 -0.007800
 57 2.649422 0.000004 0.000008 -0.006498 0.303243 0.008512
 58 9.093628 -0.386673 0.647705 0.020190 0.475380 -0.012607
 59 3.451897 0.000000 0.000000 -0.014209 0.528778 0.009212
 60 2.898193 0.000004 0.000031 -0.000683 0.490858 0.000916
 61 8.894600 1.605854 0.371887 -0.000566 0.547851 0.000704
 62 3.130409 0.000000 0.000031 0.003896 0.567158 -0.005064
 63 2.629532 0.000000 -0.000038 0.004892 0.544388 -0.006589
 64 8.470631 3.459530 0.131485 -0.021715 0.541478 0.011456
 65 2.410263 -0.000004 -0.000053 0.022815 0.529939 -0.013321
 66 2.000793 0.000008 0.000015 -0.005415 0.533618 0.007402
 67 23.052765 6.207911 -0.077305 1.481823 0.058643 2.080206
 68 9.436882 0.000023 0.000000 0.110097 0.411476 0.504721
 69 31.269348 -0.000008 -0.000038 0.469226 0.278334 1.901665
 70 28.756496 -0.000015 0.000000 0.354672 0.543946 0.154500
 71 2.251892 2.464417 -1.141556 -0.513217 0.249535 0.112914
 72 3.674086 0.000008 -0.000031 0.331388 -0.059506 -0.325011
 73 3.614677 0.000000 0.000015 0.067360 -0.216133 -0.086857
 74 9.035416 2.494949 0.484421 0.001362 -0.011534 -0.001673
 75 2.943565 -0.000015 -0.000038 -0.011497 -0.020268 0.014556
 76 2.649437 -0.000015 0.000023 0.006498 -0.010740 -0.008512
 77 9.093685 0.386673 0.647781 -0.018031 0.093461 0.020165
 78 3.451862 0.000015 0.000000 0.014953 0.008589 -0.019838
 79 2.898201 0.000000 -0.000008 0.000684 -0.029445 -0.000917
 80 8.894413 -1.605835 0.371910 0.000566 0.090541 -0.000704
 81 3.130428 0.000000 -0.000031 -0.003896 -0.009289 0.005063
 82 2.629520 0.000000 0.000023 -0.004892 -0.032059 0.006589
 83 8.470608 -3.459518 0.131401 0.018786 0.137518 -0.020073
 84 2.410276 -0.000015 -0.000015 -0.024238 -0.029075 0.031299
 85 2.000755 0.000000 0.000023 0.005415 -0.025697 -0.007402
 86 9.832344 1.463074 -1.299423 0.016523 -0.031798 -0.020624
 87 25.040588 -5.670405 5.432793 -1.312160 -0.224888 -2.136065
 88 28.779678 -6.856309 -0.811424 -1.466235 0.019064 -1.725377
 89 29.182281 -3.955565 -4.961960 0.881869 2.552753 0.503940
 90 25.040573 5.670408 5.432755 1.296833 -0.398765 2.185823
 91 28.779724 6.856312 -0.811401 1.466235 0.019065 1.725381
 92 29.182266 3.955565 -4.961937 -0.881870 2.552752 -0.503941
 93 -65.335655 -0.000020 1.140918 -3.141591 0.044911 0.000000
 94 26.290924 -12.205288 1.157882 -2.071384 -0.018430 0.063323
 95 49.071045 0.000008 0.000009 2.179705 0.127556 -0.112856
 96 61.871304 -0.000013 -0.000015 3.080256 0.672597 0.035641
 97 26.290924 12.205295 1.157842 2.044772 0.126441 -0.156565
 98 49.071060 0.000004 -0.000040 -2.187262 0.154733 0.063501
 99 61.871307 0.000023 -0.000026 -2.944714 0.642381 0.102745
100 -0.698059 -11.192116 -8.252762 1.462454 -0.589332 -1.192789
101 20.568224 -0.000005 -0.000015 0.010294 0.099222 -0.148240
102 0.223785 -5.734810 -12.929605 2.635863 0.804394 -0.880153
103 20.803562 -0.000023 -0.000038 0.064448 -0.057576 -0.060677
104 -1.040009 -3.033968 12.140510 1.554517 0.104601 -1.288764
105 -1.039993 3.034004 12.140500 -1.554518 0.104604 1.288764
106 4.165451 -5.407045 12.088391 -1.224326 -1.949972 1.472353
107 16.599438 0.000004 -0.000015 -0.049605 0.004860 0.037347
108 4.165482 5.407080 12.088380 -0.836601 -0.596000 0.605308
109 16.599380 0.000009 -0.000031 0.047976 -0.012121 -0.040643
110 6.428391 0.000001 -0.288944 -0.000001 -0.000000 -0.000000
111 -1.833771 -13.936460 1.224504 1.590218 -0.076964 -0.885386
112 20.406937 -0.000004 -0.000038 -0.031050 -0.655677 0.193927
113 21.655474 0.000006 0.000015 0.017678 -0.040292 0.136015
114 22.360657 0.000010 0.000031 0.019166 0.603121 -0.054709
115 22.519646 0.000000 -0.000015 -0.093815 0.851595 -0.190249
116 22.140411 -0.000004 -0.000023 0.021377 0.008481 0.096687
117 -1.699203 -12.875611 4.918509 1.266442 -0.427095 -0.807866
118 20.938587 0.000011 -0.000008 0.008039 -0.684495 0.147151
119 21.993599 0.000000 -0.000031 0.025968 -0.114454 0.100522
120 22.563782 -0.000004 0.000046 0.012626 0.499294 -0.099845
121 22.643337 0.000010 -0.000031 -0.123290 0.813564 -0.221665
122 22.238060 -0.000004 -0.000031 -0.017148 -0.098656 0.110500
123 -1.634338 -9.854567 8.052346 0.888974 -0.680966 -0.609475
124 22.205292 0.000003 -0.000038 0.025741 -0.682428 0.091782
125 22.804367 0.000008 -0.000015 0.024749 -0.162705 0.068085
126 23.051651 0.000011 0.000046 0.018213 0.400495 -0.096539
127 22.939980 0.000010 0.000000 -0.099593 0.751976 -0.199808
128 22.472061 -0.000002 -0.000015 -0.022746 -0.186806 0.088826
129 -1.616135 -5.333254 10.147438 0.452761 -0.820692 -0.317386
130 23.451302 0.000001 -0.000023 0.016084 -0.670623 0.049668
131 23.607998 -0.000003 -0.000015 0.013003 -0.190280 0.040957
132 23.536224 0.000002 0.000015 0.023424 0.327776 -0.065871
133 23.233948 0.000004 0.000000 -0.048352 0.697367 -0.148356
134 22.703697 0.000010 -0.000031 -0.001867 -0.243923 0.033616
135 -1.614517 -0.000000 10.883350 -0.015387 -0.860949 0.019491
136 23.962120 0.000001 -0.000031 -0.008421 -0.666453 0.018908
137 23.938940 -0.000003 0.000031 -0.004583 -0.202066 0.016751
138 23.736015 -0.000003 0.000015 0.023557 0.290571 -0.033341
139 23.354973 0.000005 -0.000015 0.003928 0.669433 -0.096633
140 22.798920 -0.000010 -0.000031 0.027033 -0.267748 -0.033788
141 -1.616135 5.333250 10.147423 -0.480256 -0.812877 0.352508
142 23.451302 -0.000006 -0.000015 -0.032750 -0.675753 -0.013402
143 23.608000 -0.000004 -0.000015 -0.022111 -0.199414 -0.008727
144 23.536224 -0.000003 0.000015 0.019761 0.294375 -0.001888
145 23.233963 -0.000018 0.000000 0.051041 0.676760 -0.045606
146 22.703674 0.000015 0.000000 0.052062 -0.258916 -0.101576
147 -1.634338 9.854565 8.052344 -0.908062 -0.667348 0.635689
148 22.205254 0.000002 0.000000 -0.042168 -0.692748 -0.058780
149 22.804428 -0.000002 -0.000061 -0.034108 -0.181108 -0.039276
150 23.051613 -0.000015 0.000038 0.014481 0.336144 0.013537
151 22.939964 -0.000011 0.000000 0.081734 0.711551 -0.007729
152 22.472084 0.000004 -0.000046 0.064924 -0.216604 -0.178253
153 -1.699203 12.875607 4.918524 -1.278203 -0.411424 0.825355
154 20.938587 0.000018 0.000000 -0.023427 -0.699495 -0.121945
155 21.993572 -0.000017 -0.000031 -0.035693 -0.141681 -0.076837
156 22.563789 -0.000010 0.000023 0.005903 0.408215 -0.004661
157 22.643337 -0.000004 -0.000015 0.078644 0.752516 -0.009456
158 22.238037 0.000000 -0.000015 0.035954 -0.146550 -0.218785
159 -1.833771 13.936458 1.224504 -1.599839 -0.063574 0.897098
160 20.406952 0.000008 -0.000038 0.017918 -0.673418 -0.181959
161 21.655491 0.000002 0.000015 -0.027990 -0.074797 -0.118209
162 22.360626 -0.000010 0.000015 0.011680 0.419544 -0.091396
163 22.519646 -0.000006 -0.000015 0.059065 0.687195 -0.116232
164 22.140381 -0.000004 -0.000015 -0.034723 -0.051158 -0.201787
165 -1.972565 12.875609 -3.614555 -1.794401 0.156611 0.850372
166 20.655167 0.000011 -0.000031 0.031393 -0.625265 -0.196439
167 21.762232 0.000000 0.000015 -0.031465 0.003532 -0.134252
168 22.392136 0.000002 0.000000 -0.036257 0.545111 -0.110083
169 22.541325 0.000006 -0.000046 -0.016219 0.721993 -0.077406
170 22.217522 0.000011 -0.000031 -0.096892 -0.003199 -0.189994
171 -1.967316 9.854567 -7.722432 -2.072230 0.365228 0.692653
172 21.272713 0.000009 -0.000023 0.037227 -0.525756 -0.192293
173 22.032492 0.000027 -0.000046 -0.035709 0.140201 -0.147387
174 22.475647 0.000008 -0.000015 -0.051775 0.569077 -0.133641
175 22.598721 0.000010 -0.000015 -0.040810 0.565683 -0.055373
176 22.407990 0.000015 -0.000008 -0.114579 0.040981 -0.143383
177 -1.900848 5.333252 -10.470076 -2.520178 0.532284 0.406706
178 21.914314 0.000010 -0.000031 0.024417 -0.386327 -0.140367
179 22.319817 0.000000 -0.000023 -0.035143 0.298590 -0.121345
180 22.569614 0.000015 -0.000038 -0.047505 0.525012 -0.146088
181 22.663223 0.000034 -0.000008 -0.053573 0.304653 -0.099008
182 22.604530 0.000031 -0.000011 -0.094333 0.074902 -0.109507
183 -1.865585 -0.000002 -11.435440 3.135562 0.600196 0.007211
184 22.186668 -0.000003 -0.000015 -0.007153 -0.302373 -0.016287
185 22.443710 -0.000001 -0.000031 -0.010046 0.385623 -0.011697
186 22.611542 -0.000003 -0.000023 -0.023098 0.506152 -0.176640
187 22.692017 0.000013 0.000019 -0.033175 0.202754 -0.262342
188 22.687645 0.000023 0.000015 -0.039608 0.099511 -0.078108
189 -1.900848 -5.333257 -10.470070 2.507219 0.530324 -0.394249
190 21.914337 0.000004 -0.000031 -0.037131 -0.369043 0.116401
191 22.319813 -0.000028 -0.000015 0.019583 0.329264 0.110243
192 22.569618 -0.000008 -0.000053 0.004496 0.608904 -0.165598
193 22.663231 -0.000019 0.000015 -0.041711 0.422087 -0.355951
194 22.604515 0.000019 0.000027 0.031021 0.106565 -0.024450
195 -1.967285 -9.854565 -7.722440 2.060388 0.359143 -0.682429
196 21.272705 -0.000019 -0.000008 -0.048913 -0.504934 0.183081
197 22.032455 -0.000002 -0.000031 0.024180 0.181253 0.152964
198 22.475670 -0.000011 -0.000046 0.024882 0.683541 -0.099954
199 22.598717 -0.000002 -0.000015 -0.063536 0.677276 -0.305906
200 22.407990 -0.000000 0.000008 0.071382 0.095930 0.019608
201 -1.972565 -12.875609 -3.614562 1.783647 0.146273 -0.840274
202 20.655167 0.000003 -0.000031 -0.043514 -0.606303 0.198841
203 21.762251 -0.000004 0.000000 0.020621 0.041999 0.147416
204 22.392136 0.000000 -0.000031 0.027753 0.661820 -0.063338
205 22.541336 -0.000008 -0.000046 -0.078097 0.815719 -0.237112
206 22.217522 0.000002 0.000008 0.063506 0.063698 0.064385
207 0.059621 0.456168 0.250107 0.000000 -0.000000 0.000000
208 0.059621 0.456168 0.250107 0.000000 -0.000000 0.000000
time 3
  0 0.059621 0.456168 0.250107 0.000000 -0.000000 0.000000
  1 0.059621 0.456168 0.250107 0.000000 -0.000000 0.000000
  2 0.059621 0.456168 0.250107 0.000000 -0.000000 0.000000
  3 0.059621 0.456168 0.250107 0.000000 -0.000000 0.000000
  4 0.059621 0.456168 0.250107 0.000000 -0.000000 0.000000
  5 0.059621 0.456168 0.250107 0.000000 -0.000000 0.000000
  6 0.059621 0.456168 0.250107 0.000000 -0.000000 0.000000
  7 0.059621 0.456168 0.250107 0.000000 -0.000000 0.000000
  8 0.059621 0.456168 0.250107 0.000000 -0.000000 0.000000
  9 0.059621 0.456168 0.250107 0.000000 -0.000000 0.000000
 10 117.221893 33.117390 143.467865 -1.241095 -0.080263 1.897052
 11 24.668243 0.000015 -0.000046 0.972671 0.025325 0.042558
 12 30.380148 -0.000015 0.000008 1.736172 0.637757 0.496501
 13 19.902100 -0.000008 0.000000 -0.006476 0.092581 0.021030
 14 -87.940956 0.156038 107.458252 1.961088 -0.126901 -1.088007
 15 35.349510 0.000000 0.000011 -1.446252 -0.472868 0.478864
 16 37.124329 -0.000019 -0.000015 -0.957559 0.506918 0.737510
 17 0.059621 0.456168 0.250107 0.064768 -0.005215 -0.156772
 18 0.059621 0.456168 93.014832 1.570796 1.570796 0.000000
 19 -65.799545 -0.000020 1.142855 -0.000000 0.000515 3.141077
 20 11.181564 0.005760 -0.002411 0.000000 0.259593 0.000515
 21 27.835175 -0.000000 0.000019 -3.141592 -0.129896 -0.000000
 22 5.330383 -0.000001 -0.000004 -3.076198 -0.005934 0.003697
 23 10.134888 -4.133392 3.834198 -0.603427 -1.127559 -2.582963
 24 10.134903 4.133398 3.834200 0.603496 -1.127541 2.582909
 25 22.592377 0.000010 17.467115 -0.000010 2.970443 0.000000
 26 21.199982 -7.744005 14.169519 -0.643937 -0.143247 -3.033693
 27 18.142014 -13.440224 7.965775 1.226513 -0.175271 3.095896
 28 21.199982 7.744021 14.169500 0.643939 -0.143247 3.033692
 29 18.141998 13.440235 7.965773 -0.315850 -0.166862 -3.086969
 30 11.858856 -13.359995 3.526512 1.542235 3.133368 0.160408
 31 9.463287 -16.404863 -2.906042 1.542267 3.133311 0.162483
 32 9.125244 -10.885473 -11.371330 0.000496 2.976386 0.000256
 33 11.858856 13.360003 3.526472 -1.542234 3.133367 -0.160407
 34 9.463257 16.404863 -2.906027 -1.542266 3.133310 -0.162483
 35 9.125259 10.885471 -11.371307 -0.000492 2.976385 0.000256
 36 9.023224 -0.000003 -17.296177 0.000180 -0.153035 -3.141356
 37 12.691422 -0.000003 -19.438765 -0.057635 1.773217 -0.060554
 38 10.989414 0.000002 0.000000 0.000000 0.014450 0.000000
 39 12.871475 -10.586839 -15.652472 1.310953 2.412995 1.206801
 40 10.727001 0.000007 -0.000015 -0.045477 0.002385 0.004166
 41 12.871445 10.586842 -15.652473 -1.279231 2.369195 -1.186880
 42 10.726974 -0.000023 0.000015 0.045469 0.002178 -0.004215
 43 12.847214 -17.570080 -4.701339 1.444441 2.669703 1.324781
 44 11.496492 0.000004 -0.000031 -0.092467 0.046778 0.022241
 45 12.847198 17.570080 -4.701361 -1.424585 2.621043 -1.313121
 46 11.496468 0.000000 -0.000015 0.092466 0.046383 -0.021510
 47 28.485962 0.000011 16.460360 -0.000001 -0.077445 0.000000
 48 23.052750 -6.207911 -0.077290 -1.470206 0.035100 -1.833545
 49 9.436905 -0.000006 -0.000015 -0.000721 0.507970 -0.263005
 50 31.269325 0.000008 -0.000031 -0.038469 0.055319 -0.093677
 51 28.756508 0.000011 -0.000031 -0.001117 0.032665 0.001416
 52 2.251987 -2.464405 -1.141647 0.481305 0.508197 -0.319329
 53 3.674042 -0.000015 0.000015 -0.277611 0.179024 0.194713
 54 3.614700 0.000019 -0.000015 0.013156 0.193871 -0.001558
 55 9.035507 -2.494942 0.484558 -0.001362 0.302449 0.001673
 56 2.943588 0.000000 -0.000023 0.010585 0.293657 -0.007800
 57 2.649437 0.000000 0.000000 -0.006498 0.303243 0.008512
 58 9.093616 -0.386673 0.647705 0.020190 0.475380 -0.012607
 59 3.451874 0.000000 0.000000 -0.014209 0.528778 0.009212
 60 2.898193 0.000008 0.000031 -0.000683 0.490858 0.000916
 61 8.894581 1.605850 0.371887 -0.000565 0.547851 0.000704
 62 3.130409 0.000000 0.000046 0.003896 0.567158 -0.005064
 63 2.629517 0.000000 -0.000042 0.004892 0.544388 -0.006589
 64 8.470623 3.459530 0.131485 -0.021715 0.541478 0.011455
 65 2.410255 0.000004 -0.000046 0.022815 0.529939 -0.013321
 66 2.000793 0.000000 0.000011 -0.005415 0.533618 0.007402
 67 23.052750 6.207909 -0.077309 1.481823 0.058644 2.080206
 68 9.436890 0.000019 -0.000015 0.088013 0.403062 0.558581
 69 31.269348 -0.000015 -0.000031 0.481937 0.246952 1.900276
 70 28.756500 0.000008 0.000000 0.369058 0.517563 0.174215
 71 2.251896 2.464417 -1.141563 -0.513217 0.249535 0.112914
 72 3.674088 0.000008 -0.000015 0.331388 -0.059506 -0.325011
 73 3.614677 0.000000 0.000015 0.067360 -0.216133 -0.086857
 74 9.035416 2.494949 0.484421 0.001362 -0.011534 -0.001673
 75 2.943569 0.000000 -0.000023 -0.011498 -0.020268 0.014556
 76 2.649437 0.000000 0.000015 0.006498 -0.010740 -0.008512
 77 9.093689 0.386673 0.647781 -0.018031 0.093461 0.020165
 78 3.451862 0.000000 -0.000008 0.014953 0.008589 -0.019838
 79 2.898201 0.000015 -0.000008 0.000683 -0.029445 -0.000917
 80 8.894413 -1.605850 0.371910 0.000566 0.090541 -0.000704
 81 3.130428 0.000015 -0.000031 -0.003896 -0.009289 0.005063
 82 2.629524 0.000000 0.000023 -0.004892 -0.032059 0.006589
 83 8.470604 -3.459534 0.131393 0.018786 0.137518 -0.020073
 84 2.410275 0.000015 -0.000015 -0.024238 -0.029075 0.031299
 85 2.000751 0.000000 0.000015 0.005415 -0.025697 -0.007402
 86 9.832348 1.463058 -1.299431 0.016523 -0.031798 -0.020624
 87 25.040573 -5.670406 5.432793 -1.312160 -0.224887 -2.136065
 88 28.779694 -6.856310 -0.811424 -1.466235 0.019064 -1.725377
 89 29.182281 -3.955567 -4.961960 0.881869 2.552753 0.503940
 90 25.040558 5.670406 5.432755 1.296833 -0.398765 2.185823
 91 28.779724 6.856310 -0.811401 1.466235 0.019065 1.725381
 92 29.182266 3.955564 -4.961941 -0.881870 2.552752 -0.503941
 93 -65.335663 -0.000020 1.140918 -3.141591 0.044911 0.000000
 94 26.290909 -12.205288 1.157882 -2.071311 -0.019572 0.061230
 95 49.071022 0.000008 0.000008 2.179705 0.127556 -0.112856
 96 61.871315 -0.000015 -0.000023 3.080256 0.672597 0.035641
 97 26.290909 12.205295 1.157842 2.045088 0.124868 -0.153519
 98 49.071068 0.000003 -0.000038 -2.187262 0.154733 0.063501
 99 61.871307 0.000023 -0.000028 -2.944714 0.642381 0.102744
100 -0.698074 -11.192117 -8.252762 1.362501 -0.539567 -1.006386
101 20.568230 -0.000004 0.000000 0.010295 0.107663 -0.148061
102 0.223770 -5.734810 -12.929604 2.764797 0.717628 -0.694185
103 20.803574 -0.000023 -0.000031 0.062176 -0.050594 -0.072074
104 -1.040024 -3.033968 12.140509 1.554517 0.104601 -1.288764
105 -1.040009 3.034004 12.140501 -1.554518 0.104604 1.288764
106 4.165436 -5.407045 12.088390 1.471030 -1.163574 -1.187933
107 16.599438 0.000000 -0.000015 -0.050347 0.038316 0.033985
108 4.165466 5.407080 12.088381 -0.828266 -0.580168 0.592349
109 16.599388 0.000010 -0.000038 0.047939 0.007236 -0.038771
110 6.428375 0.000001 -0.288944 -0.000001 -0.000000 -0.000000
111 -1.833771 -13.936461 1.224504 1.579981 -0.057869 -0.733718
112 20.406937 -0.000005 -0.000023 -0.029209 -0.655653 0.188357
113 21.655472 0.000002 0.000015 0.005393 -0.257042 0.162417
114 22.360657 0.000004 0.000008 0.028134 0.402975 -0.015992
115 22.519642 0.000000 0.000000 -0.106417 0.916602 -0.200583
116 22.140396 -0.000008 -0.000046 0.020798 -0.018363 0.094590
117 -1.699203 -12.875612 4.918509 1.210100 -0.361122 -0.661439
118 20.938599 0.000010 -0.000008 0.009417 -0.681438 0.143833
119 21.993595 0.000000 -0.000031 0.014855 -0.316747 0.133106
120 22.563766 -0.000008 0.000031 0.025222 0.297886 -0.052155
121 22.643333 0.000011 -0.000015 -0.132877 0.854298 -0.229579
122 22.238052 -0.000006 -0.000031 -0.017445 -0.127718 0.109792
123 -1.634338 -9.854568 8.052346 0.816860 -0.578622 -0.487294
124 22.205276 0.000000 -0.000023 0.026747 -0.677257 0.089529
125 22.804365 0.000002 -0.000031 0.016282 -0.351190 0.094034
126 23.051643 0.000008 0.000038 0.026720 0.207784 -0.055839
127 22.939964 0.000011 0.000015 -0.103353 0.776814 -0.200680
128 22.472061 -0.000002 -0.000015 -0.022899 -0.216395 0.088387
129 -1.616135 -5.333253 10.147437 0.404908 -0.696211 -0.248490
130 23.451294 -0.000001 -0.000031 0.016675 -0.663949 0.048446
131 23.607994 -0.000006 -0.000015 0.008232 -0.368526 0.054767
132 23.536209 0.000000 0.000000 0.026546 0.143902 -0.042905
133 23.233955 -0.000002 0.000046 -0.048887 0.713651 -0.145092
134 22.703674 0.000004 -0.000031 -0.002047 -0.273622 0.033463
135 -1.614517 -0.000000 10.883349 -0.012283 -0.729981 0.015155
136 23.962135 0.000001 -0.000046 -0.008126 -0.659172 0.018148
137 23.938946 -0.000003 0.000031 -0.005362 -0.376267 0.017263
138 23.736023 -0.000003 0.000008 0.022900 0.111163 -0.027477
139 23.354965 0.000005 0.000000 0.005379 0.682625 -0.089706
140 22.798927 -0.000010 -0.000031 0.027028 -0.297479 -0.034221
141 -1.616135 5.333251 10.147422 -0.428378 -0.690463 0.276698
142 23.451302 -0.000007 -0.000015 -0.032728 -0.668848 -0.013616
143 23.608002 -0.000004 -0.000031 -0.018785 -0.376780 -0.021830
144 23.536224 -0.000004 0.000015 0.015987 0.112537 -0.013927
145 23.233963 -0.000021 0.000000 0.053768 0.691126 -0.036837
146 22.703667 0.000014 0.000000 0.051776 -0.288640 -0.101534
147 -1.634338 9.854564 8.052344 -0.835108 -0.568159 0.510000
148 22.205246 0.000003 -0.000015 -0.042865 -0.687059 -0.058058
149 22.804419 -0.000003 -0.000061 -0.026747 -0.367557 -0.065355
150 23.051613 -0.000010 0.000038 0.007607 0.146520 -0.013548
151 22.939964 -0.000011 0.000015 0.085685 0.732120 0.001417
152 22.472076 -0.000003 -0.000046 0.065042 -0.246215 -0.178721
153 -1.699203 12.875607 4.918525 -1.223278 -0.348427 0.677555
154 20.938583 0.000022 -0.000008 -0.024498 -0.695628 -0.119667
155 21.993576 -0.000010 -0.000046 -0.025085 -0.340512 -0.111031
156 22.563789 -0.000011 0.000038 -0.002715 0.210512 -0.037719
157 22.643341 -0.000004 0.000000 0.083247 0.787322 -0.002045
158 22.238022 -0.000008 -0.000031 0.036149 -0.175739 -0.217370
159 -1.833771 13.936457 1.224504 -1.591435 -0.046424 0.744528
160 20.406944 0.000009 -0.000046 0.016212 -0.672095 -0.177285
161 21.655485 0.000004 0.000015 -0.015918 -0.286421 -0.149266
162 22.360634 -0.000008 0.000031 0.009206 0.229095 -0.113473
163 22.519653 -0.000011 0.000000 0.056873 0.751219 -0.123944
164 22.140373 -0.000004 -0.000046 -0.034055 -0.077165 -0.198025
165 -1.972565 12.875608 -3.614555 -1.816636 0.143516 0.701912
166 20.655174 0.000011 -0.000023 0.029413 -0.626794 -0.189754
167 21.762234 0.000006 0.000000 -0.019241 -0.217020 -0.159593
168 22.392136 0.000010 0.000015 -0.037353 0.365181 -0.128452
169 22.541321 0.000002 -0.000031 -0.019430 0.809979 -0.088945
170 22.217503 0.000004 -0.000031 -0.096154 -0.029130 -0.185060
171 -1.967316 9.854566 -7.722432 -2.116126 0.317039 0.561655
172 21.272720 0.000008 -0.000015 0.035416 -0.534422 -0.182680
173 22.032494 0.000029 -0.000046 -0.023365 -0.087972 -0.163080
174 22.475643 0.000006 0.000000 -0.052062 0.435815 -0.152594
175 22.598690 0.000008 -0.000015 -0.043231 0.701839 -0.072445
176 22.407978 0.000019 -0.000015 -0.113788 0.015765 -0.138348
177 -1.900833 5.333252 -10.470076 -2.560234 0.447875 0.321723
178 21.914314 0.000009 -0.000023 0.023897 -0.407864 -0.130912
179 22.319828 0.000000 -0.000023 -0.025214 0.073157 -0.127853
180 22.569603 0.000013 -0.000038 -0.048273 0.460792 -0.160450
181 22.663208 0.000031 -0.000031 -0.055612 0.492355 -0.107915
182 22.604523 0.000023 -0.000008 -0.092541 0.049920 -0.104884
183 -1.865570 -0.000002 -11.435440 3.134733 0.498186 0.005627
184 22.186676 -0.000003 -0.000015 -0.007063 -0.333163 -0.015375
185 22.443710 -0.000001 -0.000031 -0.009661 0.165624 -0.014866
186 22.611534 -0.000003 -0.000031 -0.019559 0.478511 -0.159444
187 22.692017 0.000012 0.000008 -0.048960 0.398610 -0.255253
188 22.687649 0.000023 0.000015 -0.039108 0.074470 -0.074797
189 -1.900833 -5.333256 -10.470070 2.545976 0.445722 -0.311699
190 21.914322 0.000005 -0.000023 -0.036745 -0.393298 0.107751
191 22.319813 -0.000031 -0.000015 0.009618 0.100975 0.109292
192 22.569614 -0.000004 -0.000061 0.016951 0.542591 -0.118661
193 22.663239 -0.000023 0.000015 -0.065426 0.583414 -0.355241
194 22.604523 0.000023 0.000023 0.030376 0.081428 -0.024728
195 -1.967285 -9.854566 -7.722440 2.103045 0.311378 -0.552975
196 21.272697 -0.000021 -0.000015 -0.047302 -0.516311 0.173068
197 22.032455 0.000000 -0.000015 0.011140 -0.052320 0.160482
198 22.475670 -0.000011 -0.000031 0.037975 0.549103 -0.052787
199 22.598705 -0.000006 -0.000031 -0.086850 0.800274 -0.318808
200 22.407997 -0.000004 0.000000 0.070304 0.070681 0.017387
201 -1.972565 -12.875610 -3.614562 1.804298 0.134393 -0.692900
202 20.655167 0.000005 -0.000031 -0.041541 -0.609667 0.191357
203 21.762253 -0.000008 0.000000 0.008100 -0.184326 0.166211
204 22.392143 -0.000002 -0.000015 0.037399 0.479646 -0.023312
205 22.541328 -0.000010 -0.000031 -0.096840 0.904352 -0.252401
206 22.217522 0.000000 0.000000 0.062986 0.037935 0.061925
207 0.059621 0.456168 0.250107 0.000000 -0.000000 0.000000
208 0.059621 0.456168 0.250107 0.000000 -0.000000 0.000000
time 4
  0 0.059621 0.456168 0.250107 0.000000 -0.000000 0.000000
  1 0.059621 0.456168 0.250107 0.000000 -0.000000 0.000000
  2 0.059621 0.456168 0.250107 0.000000 -0.000000 0.000000
  3 0.059621 0.456168 0.250107 0.000000 -0.000000 0.000000
  4 0.059621 0.456168 0.250107 0.000000 -0.000000 0.000000
  5 0.059621 0.456168 0.250107 0.000000 -0.000000 0.000000
  6 0.059621 0.456168 0.250107 0.000000 -0.000000 0.000000
  7 0.059621 0.456168 0.250107 0.000000 -0.000000 0.000000
  8 0.059621 0.456168 0.250107 0.000000 -0.000000 0.000000
  9 0.059621 0.456168 0.250107 0.000000 -0.000000 0.000000
 10 114.741631 28.346508 140.489395 -1.241095 -0.080263 1.814370
 11 24.668249 0.000015 -0.000038 0.966170 -0.013733 -0.056852
 12 30.380131 -0.000015 0.000000 1.729003 0.536912 0.500806
 13 19.902100 -0.000008 -0.000031 -0.006326 0.090988 0.020652
 14 -87.432327 7.290115 107.458252 1.954769 -0.107381 -1.126672
 15 35.349514 0.000000 0.000023 -1.431801 -0.350393 0.420999
 16 37.124329 -0.000019 -0.000015 -0.959852 0.495584 0.734704
 17 0.059621 0.456168 0.250107 0.064768 -0.005215 -0.156772
 18 0.059621 0.456168 95.677269 1.570796 1.570796 0.000000
 19 -65.799538 -0.000020 1.142855 0.000000 0.000515 3.141077
 20 11.181580 0.005760 -0.002411 0.000000 0.263007 0.000515
 21 27.835159 -0.000000 0.000015 -3.141592 -0.129896 -0.000000
 22 5.330399 -0.000001 -0.000004 -3.079957 0.000397 0.003829
 23 10.134888 -4.133393 3.834200 -0.575468 -1.107521 -2.613930
 24 10.134888 4.133399 3.834200 0.575555 -1.107499 2.613863
 25 22.592361 0.000009 17.467110 -0.000010 2.980419 0.000000
 26 21.199982 -7.744007 14.169518 -0.643566 -0.135234 -3.039655
 27 18.142014 -13.440226 7.965773 1.225193 -0.171764 3.105330
 28 21.199966 7.744022 14.169498 0.643568 -0.135234 3.039654
 29 18.141998 13.440238 7.965775 -0.315632 -0.157368 -3.090048
 30 11.858871 -13.359997 3.526512 1.542222 3.133660 0.150436
 31 9.463272 -16.404863 -2.906044 1.542255 3.133603 0.152511
 32 9.125244 -10.885473 -11.371323 0.000496 2.986362 0.000256
 33 11.858841 13.360004 3.526474 -1.542221 3.133659 -0.150435
 34 9.463257 16.404865 -2.906023 -1.542254 3.133602 -0.152511
 35 9.125259 10.885472 -11.371304 -0.000492 2.986361 0.000256
 36 9.023239 -0.000003 -17.296173 0.000180 -0.143059 -3.141356
 37 12.691406 -0.000003 -19.438763 -0.030539 2.011091 -0.034546
 38 10.989418 0.000002 0.000000 0.000000 0.092672 0.000000
 39 12.871460 -10.586840 -15.652470 1.113899 2.469514 0.902246
 40 10.727005 0.000009 -0.000031 -0.045958 0.080382 -0.000289
 41 12.871460 10.586842 -15.652472 -1.070018 2.442113 -0.881338
 42 10.726990 -0.000023 0.000000 0.045944 0.080151 0.000236
 43 12.847214 -17.570082 -4.701339 1.328880 2.678371 1.069824
 44 11.496490 0.000008 -0.000015 -0.093790 0.125103 0.013476
 45 12.847198 17.570082 -4.701357 -1.294820 2.645197 -1.054510
 46 11.496468 0.000000 -0.000015 0.093789 0.124660 -0.012709
 47 28.485962 0.000011 16.460354 -0.000001 -0.089896 0.000000
 48 23.052765 -6.207911 -0.077290 -1.470206 0.035100 -1.833545
 49 9.436905 -0.000004 -0.000031 -0.008558 0.471006 -0.367502
 50 31.269325 0.000011 -0.000015 -0.059128 0.079413 -0.166539
 51 28.756504 0.000015 -0.000015 -0.001117 0.032665 0.001416
 52 2.251987 -2.464409 -1.141647 0.481305 0.508197 -0.319329
 53 3.674049 -0.000019 0.000000 -0.277611 0.179024 0.194713
 54 3.614693 0.000015 0.000008 0.013156 0.193871 -0.001558
 55 9.035503 -2.494946 0.484558 -0.001362 0.302449 0.001672
 56 2.943581 0.000008 -0.000015 0.010585 0.293657 -0.007800
 57 2.649445 0.000008 0.000008 -0.006498 0.303243 0.008512
 58 9.093624 -0.386665 0.647690 0.020190 0.475379 -0.012607
 59 3.451889 0.000004 0.000000 -0.014209 0.528778 0.009212
 60 2.898193 0.000000 0.000031 -0.000683 0.490858 0.000916
 61 8.894588 1.605850 0.371887 -0.000566 0.547851 0.000704
 62 3.130402 0.000008 0.000046 0.003896 0.567158 -0.005064
 63 2.629517 0.000000 -0.000038 0.004892 0.544389 -0.006589
 64 8.470627 3.459526 0.131485 -0.021715 0.541478 0.011455
 65 2.410255 -0.000004 -0.000053 0.022815 0.529939 -0.013321
 66 2.000793 0.000004 0.000011 -0.005415 0.533618 0.007402
 67 23.052765 6.207910 -0.077309 1.481823 0.058643 2.080206
 68 9.436890 0.000021 0.000015 0.065175 0.391777 0.616651
 69 31.269341 -0.000008 -0.000031 0.493583 0.205509 1.898103
 70 28.756508 0.000008 0.000008 0.383469 0.482722 0.195048
 71 2.251896 2.464401 -1.141563 -0.513217 0.249535 0.112914
 72 3.674084 0.000008 -0.000015 0.331388 -0.059506 -0.325011
 73 3.614674 0.000000 0.000000 0.067360 -0.216133 -0.086857
 74 9.035419 2.494949 0.484428 0.001362 -0.011534 -0.001673
 75 2.943565 0.000000 -0.000031 -0.011497 -0.020268 0.014556
 76 2.649437 -0.000015 0.000015 0.006498 -0.010740 -0.008512
 77 9.093685 0.386673 0.647774 -0.018031 0.093461 0.020165
 78 3.451862 0.000000 0.000000 0.014953 0.008589 -0.019838
 79 2.898201 0.000000 -0.000008 0.000684 -0.029445 -0.000917
 80 8.894417 -1.605850 0.371902 0.000566 0.090541 -0.000704
 81 3.130432 0.000000 -0.000031 -0.003896 -0.009289 0.005063
 82 2.629517 0.000000 0.000015 -0.004892 -0.032059 0.006589
 83 8.470604 -3.459534 0.131393 0.018786 0.137518 -0.020073
 84 2.410278 0.000000 -0.000008 -0.024238 -0.029075 0.031299
 85 2.000751 -0.000031 0.000023 0.005415 -0.025697 -0.007402
 86 9.832352 1.463058 -1.299438 0.016523 -0.031798 -0.020624
 87 25.040588 -5.670405 5.432793 -1.312160 -0.224887 -2.136065
 88 28.779694 -6.856310 -0.811420 -1.466235 0.019064 -1.725377
 89 29.182312 -3.955567 -4.961960 0.881869 2.552753 0.503940
 90 25.040573 5.670407 5.432758 1.296833 -0.398765 2.185823
 91 28.779739 6.856310 -0.811401 1.466235 0.019065 1.725381
 92 29.182281 3.955564 -4.961941 -0.881870 2.552752 -0.503941
 93 -65.335655 -0.000020 1.140918 -3.141591 0.044911 0.000000
 94 26.290924 -12.205288 1.157882 -2.071215 -0.021079 0.058467
 95 49.071045 0.000009 0.000010 2.179705 0.127556 -0.112856
 96 61.871307 -0.000013 -0.000021 3.080256 0.672597 0.035641
 97 26.290924 12.205295 1.157841 2.045505 0.122791 -0.149497
 98 49.071075 0.000005 -0.000038 -2.187262 0.154733 0.063501
 99 61.871323 0.000021 -0.000028 -2.944714 0.642381 0.102744
100 -0.698059 -11.192116 -8.252762 1.286194 -0.483126 -0.850754
101 20.568230 -0.000010 0.000000 0.010296 0.116887 -0.147825
102 0.223785 -5.734809 -12.929605 2.850872 0.630849 -0.556573
103 20.803566 -0.000015 -0.000023 0.059174 -0.041372 -0.083055
104 -1.040009 -3.033968 12.140509 1.554517 0.104601 -1.288764
105 -1.039993 3.034004 12.140501 -1.554518 0.104604 1.288764
106 4.165451 -5.407045 12.088390 1.157419 -1.074151 -0.840332
107 16.599438 0.000000 -0.000031 -0.051031 0.074482 0.030922
108 4.165482 5.407080 12.088381 -0.819680 -0.564159 0.577761
109 16.599380 0.000008 -0.000038 0.047886 0.027651 -0.037045
110 6.428391 0.000001 -0.288944 -0.000001 -0.000000 -0.000000
111 -1.833771 -13.936461 1.224504 1.573699 -0.040771 -0.606468
112 20.406952 -0.000006 -0.000031 -0.019657 -0.605584 0.169671
113 21.655472 0.000000 -0.000015 -0.008652 -0.416860 0.186385
114 22.360641 0.000008 0.000015 0.027648 0.156534 0.027387
115 22.519646 0.000008 0.000015 -0.086040 0.889202 -0.165682
116 22.140388 -0.000008 0.000000 0.020066 -0.050402 0.091987
117 -1.699203 -12.875612 4.918509 1.171776 -0.300049 -0.543549
118 20.938591 0.000011 0.000000 0.017288 -0.629652 0.129684
119 21.993595 -0.000004 -0.000046 0.001028 -0.465358 0.161635
120 22.563766 -0.000011 0.000031 0.027161 0.061272 -0.001077
121 22.643341 0.000008 0.000008 -0.108712 0.804081 -0.190234
122 22.238052 -0.000004 -0.000031 -0.017821 -0.159734 0.108870
123 -1.634338 -9.854568 8.052347 0.770413 -0.486840 -0.395987
124 22.205292 0.000000 -0.000031 0.031732 -0.626126 0.080820
125 22.804369 0.000000 -0.000046 0.005859 -0.489880 0.116491
126 23.051636 0.000017 0.000038 0.026959 -0.013960 -0.014007
127 22.939972 0.000019 0.000000 -0.082873 0.714324 -0.165311
128 22.472054 0.000006 0.000000 -0.023094 -0.248374 0.087813
129 -1.616135 -5.333253 10.147438 0.375971 -0.588399 -0.200261
130 23.451302 0.000000 -0.000031 0.019251 -0.613993 0.043828
131 23.607998 -0.000002 -0.000031 0.002558 -0.499931 0.066665
132 23.536209 0.000002 0.000015 0.025208 -0.065471 -0.018596
133 23.233963 0.000006 0.000053 -0.035594 0.645851 -0.118998
134 22.703667 0.000002 -0.000031 -0.002276 -0.305593 0.033268
135 -1.614517 -0.000000 10.883350 -0.010428 -0.617973 0.012187
136 23.962143 0.000001 -0.000046 -0.007301 -0.609642 0.016527
137 23.938950 -0.000003 0.000015 -0.006152 -0.504766 0.017909
138 23.736008 -0.000003 0.000008 0.021281 -0.092650 -0.022526
139 23.354965 0.000005 0.000000 0.011948 0.612645 -0.073192
140 22.798920 -0.000011 -0.000015 0.027020 -0.329449 -0.034683
141 -1.616135 5.333251 10.147423 -0.396573 -0.584054 0.223326
142 23.451309 -0.000007 -0.000008 -0.033833 -0.618617 -0.012112
143 23.608000 -0.000001 -0.000046 -0.014446 -0.507576 -0.032752
144 23.536240 -0.000003 0.000008 0.014786 -0.094100 -0.028762
145 23.233978 -0.000020 0.000008 0.054083 0.620219 -0.030374
146 22.703655 0.000014 0.000000 0.051571 -0.320645 -0.101465
147 -1.634338 9.854564 8.052345 -0.787740 -0.478735 0.415387
148 22.205254 0.000002 -0.000008 -0.045997 -0.635361 -0.052190
149 22.804426 0.000005 -0.000061 -0.017187 -0.504870 -0.087143
150 23.051620 -0.000011 0.000046 0.006527 -0.069898 -0.045094
151 22.939957 -0.000010 0.000038 0.080486 0.662659 -0.001881
152 22.472054 -0.000006 0.000000 0.065186 -0.278224 -0.179084
153 -1.699203 12.875607 4.918525 -1.186069 -0.289846 0.557975
154 20.938591 0.000020 -0.000008 -0.031404 -0.642918 -0.108019
155 21.993578 -0.000006 -0.000046 -0.011476 -0.486465 -0.140732
156 22.563774 -0.000006 0.000031 -0.003508 -0.018367 -0.077100
157 22.643341 -0.000006 0.000000 0.076203 0.726214 -0.009153
158 22.238026 -0.000011 -0.000015 0.036398 -0.207849 -0.215528
159 -1.833771 13.936457 1.224504 -1.586456 -0.031136 0.616290
160 20.406967 0.000008 -0.000053 0.006802 -0.620832 -0.159711
161 21.655493 0.000008 0.000000 -0.001398 -0.442015 -0.176781
162 22.360641 -0.000010 0.000015 0.012959 -0.000925 -0.143556
163 22.519661 -0.000006 0.000008 0.053912 0.713904 -0.129216
164 22.140381 -0.000006 -0.000031 -0.033207 -0.108744 -0.193335
165 -1.972565 12.875608 -3.614555 -1.833561 0.130140 0.577990
166 20.655167 0.000010 -0.000023 0.020172 -0.578970 -0.170465
167 21.762241 0.000008 0.000000 -0.005586 -0.380169 -0.181860
168 22.392143 0.000004 0.000015 -0.033271 0.133779 -0.152700
169 22.541328 0.000006 0.000000 -0.025930 0.800260 -0.102567
170 22.217503 0.000000 -0.000031 -0.095204 -0.060617 -0.179035
171 -1.967316 9.854566 -7.722432 -2.147253 0.273184 0.456001
172 21.272720 0.000009 -0.000015 0.027946 -0.495385 -0.163057
173 22.032497 0.000029 -0.000046 -0.011266 -0.260642 -0.175992
174 22.475639 0.000006 0.000000 -0.046901 0.233042 -0.171378
175 22.598701 0.000004 0.000000 -0.051762 0.746409 -0.095575
176 22.407970 0.000019 -0.000031 -0.112777 -0.014853 -0.132234
177 -1.900833 5.333252 -10.470076 -2.586296 0.376190 0.256705
178 21.914330 0.000010 -0.000023 0.020093 -0.383754 -0.115607
179 22.319828 0.000000 -0.000015 -0.016247 -0.105698 -0.132023
180 22.569603 0.000011 -0.000038 -0.044223 0.311388 -0.169549
181 22.663200 0.000031 -0.000023 -0.061438 0.600881 -0.124353
182 22.604530 0.000031 -0.000008 -0.090258 0.019586 -0.099109
183 -1.865585 -0.000002 -11.435440 3.134215 0.414213 0.004451
184 22.186691 -0.000003 -0.000015 -0.007355 -0.319047 -0.013655
185 22.443726 -0.000001 -0.000023 -0.008704 -0.015331 -0.017135
186 22.611534 -0.000003 -0.000031 -0.013783 0.360268 -0.138622
187 22.692020 0.000010 0.000008 -0.058526 0.531033 -0.246406
188 22.687645 0.000021 0.000011 -0.038501 0.044063 -0.071254
189 -1.900833 -5.333257 -10.470070 2.571160 0.374041 -0.248561
190 21.914337 0.000007 -0.000015 -0.033766 -0.371419 0.094788
191 22.319809 -0.000028 -0.000015 0.001776 -0.081940 0.107548
192 22.569611 -0.000008 -0.000053 0.025643 0.388477 -0.071129
193 22.663223 -0.000029 0.000000 -0.072876 0.681889 -0.333516
194 22.604515 0.000015 0.000023 0.029567 0.050905 -0.025065
195 -1.967285 -9.854566 -7.722440 2.132901 0.268062 -0.448579
196 21.272713 -0.000020 -0.000015 -0.040562 -0.479551 0.153969
197 22.032455 -0.000004 -0.000031 -0.000293 -0.230730 0.166948
198 22.475674 -0.000011 -0.000031 0.041795 0.338631 -0.005776
199 22.598690 -0.000006 -0.000015 -0.082035 0.848746 -0.292192
200 22.407990 -0.000008 -0.000008 0.068960 0.040022 0.014691
201 -1.972565 -12.875610 -3.614562 1.820050 0.122232 -0.569959
202 20.655159 0.000006 -0.000031 -0.032628 -0.563388 0.171746
203 21.762253 -0.000006 -0.000015 -0.004909 -0.352780 0.183216
204 22.392139 0.000004 0.000000 0.037421 0.238516 0.019932
205 22.541313 0.000000 -0.000015 -0.080581 0.906914 -0.219355
206 22.217506 -0.000002 -0.000015 0.062323 0.006650 0.058938
207 0.059621 0.456168 0.250107 0.000000 -0.000000 0.000000
208 0.059621 0.456168 0.250107 0.000000 -0.000000 0.000000
time 5
  0 0.059621 0.456168 0.250107 0.000000 -0.000000 0.000000
  1 0.059621 0.456168 0.250107 0.000000 -0.000000 0.000000
  2 0.059621 0.456168 0.250107 0.000000 -0.000000 0.000000
  3 0.059621 0.456168 0.250107 0.000000 -0.000000 0.000000
  4 0.059621 0.456168 0.250107 0.000000 -0.000000 0.000000
  5 0.059621 0.456168 0.250107 0.000000 -0.000000 0.000000
  6 0.059621 0.456168 0.250107 0.000000 -0.000000 0.000000
  7 0.059621 0.456168 0.250107 0.000000 -0.000000 0.000000
  8 0.059621 0.456168 0.250107 0.000000 -0.000000 0.000000
  9 0.059621 0.456168 0.250107 0.000000 -0.000000 0.000000
 10 111.649300 22.525801 137.761185 -1.241095 -0.080263 1.734427
 11 24.668247 0.000015 -0.000042 0.964525 -0.023851 -0.120769
 12 30.380146 -0.000031 0.000000 1.705882 0.409323 0.466356
 13 19.902092 -0.000008 -0.000015 -0.006137 0.088977 0.020175
 14 -86.619003 14.317749 107.458252 1.948368 -0.088369 -1.175085
 15 35.349514 0.000000 0.000015 -1.426687 -0.252596 0.382536
 16 37.124329 -0.000015 -0.000015 -0.962650 0.481755 0.731279
 17 0.059621 0.456168 0.250107 0.064768 -0.005215 -0.156772
 18 0.059621 0.456168 98.893738 1.570796 1.570796 0.000000
 19 -65.799545 -0.000020 1.142855 0.000000 0.000515 3.141077
 20 11.181580 0.005760 -0.002411 -0.000000 0.267131 0.000515
 21 27.835175 -0.000001 0.000023 -3.141592 -0.129896 -0.000000
 22 5.330383 -0.000000 -0.000002 -3.084499 0.008210 0.003988
 23 10.134888 -4.133393 3.834196 -0.548120 -1.085620 -2.644515
 24 10.134903 4.133399 3.834196 0.548229 -1.085593 2.644433
 25 22.592377 0.000008 17.467110 -0.000010 2.992471 0.000000
 26 21.199997 -7.744010 14.169514 -0.643118 -0.125553 -3.046857
 27 18.142029 -13.440228 7.965771 1.223599 -0.167528 3.116728
 28 21.199982 7.744023 14.169495 0.643121 -0.125553 3.046857
 29 18.142014 13.440239 7.965773 -0.315369 -0.145899 -3.093768
 30 11.858871 -13.360000 3.526510 1.542205 3.134012 0.138389
 31 9.463303 -16.404869 -2.906044 1.542237 3.133955 0.140464
 32 9.125275 -10.885474 -11.371328 0.000496 2.998413 0.000256
 33 11.858871 13.360006 3.526470 -1.542204 3.134012 -0.138388
 34 9.463272 16.404869 -2.906025 -1.542236 3.133955 -0.140464
 35 9.125275 10.885476 -11.371305 -0.000492 2.998413 0.000256
 36 9.023239 -0.000002 -17.296175 0.000180 -0.131007 -3.141356
 37 12.691406 -0.000002 -19.438765 -0.023223 2.203974 -0.027813
 38 10.989410 0.000002 -0.000015 0.000000 0.174179 0.000000
 39 12.871475 -10.586841 -15.652473 0.984060 2.545405 0.683690
 40 10.727005 0.000010 -0.000031 -0.046504 0.161755 -0.003767
 41 12.871475 10.586843 -15.652472 -0.937575 2.530942 -0.669093
 42 10.726990 -0.000023 0.000000 0.046484 0.161515 0.003714
 43 12.847244 -17.570084 -4.701339 1.239079 2.705920 0.864197
 44 11.496498 0.000006 -0.000031 -0.095293 0.206405 0.005773
 45 12.847198 17.570084 -4.701360 -1.197632 2.687157 -0.848746
 46 11.496475 0.000000 -0.000015 0.095291 0.205946 -0.005044
 47 28.485977 0.000010 16.460354 -0.000001 -0.102263 0.000000
 48 23.052780 -6.207911 -0.077282 -1.470206 0.035100 -1.833545
 49 9.436905 -0.000008 -0.000015 -0.018026 0.426255 -0.477321
 50 31.269333 0.000011 -0.000015 -0.083708 0.104915 -0.254562
 51 28.756496 0.000015 0.000000 -0.001117 0.032665 0.001416
 52 2.251991 -2.464401 -1.141663 0.481305 0.508197 -0.319329
 53 3.674042 -0.000015 0.000015 -0.277611 0.179024 0.194713
 54 3.614693 0.000008 0.000000 0.013156 0.193871 -0.001558
 55 9.035507 -2.494949 0.484558 -0.001362 0.302449 0.001673
 56 2.943588 0.000000 -0.000015 0.010585 0.293657 -0.007800
 57 2.649422 0.000008 0.000008 -0.006498 0.303243 0.008512
 58 9.093628 -0.386673 0.647690 0.020190 0.475379 -0.012607
 59 3.451881 0.000000 -0.000008 -0.014209 0.528778 0.009212
 60 2.898193 0.000000 0.000031 -0.000683 0.490858 0.000916
 61 8.894585 1.605850 0.371887 -0.000566 0.547851 0.000704
 62 3.130394 0.000000 0.000038 0.003896 0.567158 -0.005064
 63 2.629532 -0.000008 -0.000034 0.004892 0.544388 -0.006589
 64 8.470615 3.459526 0.131485 -0.021715 0.541478 0.011456
 65 2.410278 0.000000 -0.000046 0.022815 0.529939 -0.013321
 66 2.000793 0.000015 0.000008 -0.005415 0.533618 0.007402
 67 23.052780 6.207910 -0.077301 1.481823 0.058643 2.080206
 68 9.436897 0.000021 0.000000 0.041667 0.377907 0.678047
 69 31.269348 -0.000008 -0.000031 0.504206 0.155442 1.895019
 70 28.756508 0.000008 0.000000 0.397801 0.440630 0.216725
 71 2.251892 2.464417 -1.141563 -0.513217 0.249535 0.112914
 72 3.674080 0.000008 -0.000015 0.331388 -0.059506 -0.325011
 73 3.614681 0.000000 0.000031 0.067360 -0.216133 -0.086857
 74 9.035423 2.494965 0.484436 0.001362 -0.011534 -0.001673
 75 2.943573 0.000000 -0.000031 -0.011497 -0.020268 0.014556
 76 2.649445 -0.000015 0.000023 0.006498 -0.010740 -0.008512
 77 9.093697 0.386673 0.647781 -0.018031 0.093461 0.020165
 78 3.451859 0.000015 0.000000 0.014953 0.008589 -0.019838
 79 2.898201 0.000000 -0.000015 0.000683 -0.029445 -0.000917
 80 8.894424 -1.605835 0.371918 0.000566 0.090541 -0.000704
 81 3.130424 0.000000 -0.000046 -0.003896 -0.009289 0.005063
 82 2.629517 0.000000 0.000015 -0.004892 -0.032059 0.006589
 83 8.470612 -3.459518 0.131401 0.018786 0.137518 -0.020073
 84 2.410278 0.000000 -0.000015 -0.024238 -0.029075 0.031299
 85 2.000755 -0.000015 0.000015 0.005415 -0.025697 -0.007402
 86 9.832352 1.463074 -1.299431 0.016523 -0.031798 -0.020624
 87 25.040588 -5.670406 5.432796 -1.312160 -0.224887 -2.136065
 88 28.779724 -6.856311 -0.811417 -1.466235 0.019064 -1.725377
 89 29.182312 -3.955567 -4.961956 0.881870 2.552753 0.503940
 90 25.040588 5.670407 5.432758 1.296833 -0.398765 2.185823
 91 28.779739 6.856311 -0.811398 1.466235 0.019065 1.725381
 92 29.182281 3.955564 -4.961937 -0.881870 2.552752 -0.503940
 93 -65.335663 -0.000020 1.140918 -3.141591 0.044911 0.000000
 94 26.290924 -12.205288 1.157882 -2.071099 -0.022901 0.055129
 95 49.071045 0.000009 0.000009 2.179705 0.127556 -0.112856
 96 61.871315 -0.000014 -0.000023 3.080256 0.672597 0.035641
 97 26.290924 12.205295 1.157841 2.046009 0.120282 -0.144637
 98 49.071075 0.000003 -0.000037 -2.187262 0.154733 0.063501
 99 61.871315 0.000021 -0.000029 -2.944714 0.642381 0.102744
100 -0.698059 -11.192116 -8.252763 1.231524 -0.428007 -0.726674
101 20.568230 -0.000006 -0.000008 0.010297 0.126739 -0.147540
102 0.223785 -5.734809 -12.929605 2.906757 0.553608 -0.456592
103 20.803574 -0.000019 -0.000031 0.055548 -0.030232 -0.093590
104 -1.040009 -3.033968 12.140511 1.554517 0.104601 -1.288764
105 -1.039993 3.034004 12.140501 -1.554518 0.104604 1.288764
106 4.165451 -5.407045 12.088390 0.976229 -0.964795 -0.628161
107 16.599442 -0.000008 -0.000015 -0.051657 0.112796 0.028144
108 4.165482 5.407080 12.088381 -0.810931 -0.548104 0.561829
109 16.599396 0.000010 -0.000038 0.047817 0.048861 -0.035462
110 6.428391 0.000001 -0.288944 -0.000001 -0.000000 -0.000000
111 -1.833786 -13.936461 1.224504 1.570272 -0.026612 -0.504842
112 20.406967 -0.000005 -0.000031 -0.007777 -0.522659 0.144688
113 21.655479 -0.000006 -0.000015 -0.019622 -0.515774 0.201201
114 22.360649 0.000002 -0.000008 0.016650 -0.085767 0.070287
115 22.519646 0.000004 0.000031 -0.045025 0.761014 -0.095991
116 22.140373 -0.000002 -0.000031 0.019227 -0.084933 0.089068
117 -1.699203 -12.875612 4.918509 1.146969 -0.248115 -0.451989
118 20.938606 0.000011 -0.000008 0.027323 -0.545512 0.110238
119 21.993599 -0.000008 -0.000046 -0.010288 -0.556612 0.180581
120 22.563778 -0.000004 0.000038 0.017568 -0.166402 0.048100
121 22.643333 0.000013 0.000015 -0.067707 0.662112 -0.120083
122 22.238041 -0.000002 -0.000031 -0.018257 -0.192599 0.107773
123 -1.634338 -9.854568 8.052345 0.741045 -0.410000 -0.328317
124 22.205292 0.000000 -0.000031 0.038034 -0.544391 0.068745
125 22.804371 0.000002 -0.000031 -0.002735 -0.575048 0.131672
126 23.051636 0.000011 0.000023 0.018630 -0.225968 0.025822
127 22.939972 0.000017 -0.000015 -0.052616 0.569511 -0.108871
128 22.472061 -0.000002 -0.000015 -0.023319 -0.280791 0.087126
129 -1.616135 -5.333253 10.147436 0.358480 -0.499609 -0.165798
130 23.451302 -0.000001 -0.000031 0.022575 -0.535210 0.037500
131 23.607998 -0.000006 -0.000031 -0.002042 -0.580680 0.074709
132 23.536217 0.000000 0.000008 0.019344 -0.265463 0.004759
133 23.233963 0.000006 0.000061 -0.017950 0.502780 -0.080301
134 22.703667 0.000010 -0.000015 -0.002541 -0.337915 0.033043
135 -1.614517 -0.000000 10.883348 -0.009292 -0.526230 0.010091
136 23.962135 0.000001 -0.000046 -0.006423 -0.531985 0.014495
137 23.938946 -0.000003 0.000000 -0.006605 -0.583728 0.018102
138 23.736012 -0.000003 0.000000 0.019176 -0.287414 -0.019025
139 23.354950 0.000005 0.000000 0.018805 0.470179 -0.053461
140 22.798920 -0.000010 0.000000 0.027008 -0.361748 -0.035146
141 -1.616135 5.333251 10.147421 -0.376876 -0.496224 0.185066
142 23.451309 -0.000007 0.000000 -0.035169 -0.539498 -0.009699
143 23.608002 -0.000003 -0.000046 -0.010761 -0.587918 -0.040387
144 23.536232 -0.000002 0.000015 0.016941 -0.291365 -0.044292
145 23.233963 -0.000021 0.000023 0.051575 0.475330 -0.027541
146 22.703667 0.000010 0.000015 0.051422 -0.353008 -0.101361
147 -1.634338 9.854564 8.052343 -0.757629 -0.403607 0.344943
148 22.205254 0.000004 -0.000008 -0.051079 -0.552945 -0.043503
149 22.804428 0.000005 -0.000061 -0.009170 -0.589071 -0.102348
150 23.051613 -0.000010 0.000038 0.012624 -0.276025 -0.078155
151 22.939957 -0.000017 0.000046 0.069529 0.513866 -0.014840
152 22.472061 -0.000009 -0.000031 0.065343 -0.310675 -0.179355
153 -1.699203 12.875607 4.918524 -1.161280 -0.239867 0.464768
154 20.938591 0.000020 -0.000008 -0.040394 -0.557760 -0.091109
155 21.993572 -0.000008 -0.000061 -0.000166 -0.575933 -0.160537
156 22.563782 -0.000004 0.000015 0.005414 -0.236823 -0.119409
157 22.643349 -0.000004 0.000015 0.061356 0.577409 -0.030178
158 22.238014 -0.000023 -0.000015 0.036684 -0.240780 -0.213339
159 -1.833786 13.936457 1.224504 -1.583907 -0.018517 0.513715
160 20.406952 0.000009 -0.000046 -0.004987 -0.536622 -0.135921
161 21.655502 0.000010 0.000000 0.010204 -0.537806 -0.194410
162 22.360641 -0.000002 0.000015 0.025096 -0.224098 -0.179715
163 22.519661 -0.000006 0.000023 0.050307 0.582004 -0.135532
164 22.140369 -0.000002 0.000000 -0.032230 -0.143110 -0.188050
165 -1.972580 12.875608 -3.614555 -1.845764 0.118051 0.479480
166 20.655182 0.000010 -0.000023 0.008799 -0.499272 -0.145257
167 21.762245 0.000010 0.000000 0.004798 -0.481673 -0.194612
168 22.392147 0.000006 0.000000 -0.022599 -0.097939 -0.182096
169 22.541328 0.000004 0.000015 -0.033207 0.689449 -0.118058
170 22.217499 0.000000 0.000000 -0.094088 -0.094882 -0.172428
171 -1.967316 9.854566 -7.722432 -2.167907 0.236365 0.374108
172 21.272728 0.000009 -0.000015 0.018950 -0.426685 -0.138729
173 22.032509 0.000029 -0.000053 -0.002666 -0.371089 -0.181120
174 22.475651 0.000004 0.000000 -0.036948 0.013571 -0.191728
175 22.598705 0.000000 0.000008 -0.061409 0.689240 -0.119709
176 22.407974 0.000019 -0.000008 -0.111600 -0.048173 -0.125581
177 -1.900848 5.333252 -10.470076 -2.603254 0.318647 0.207999
178 21.914322 0.000009 -0.000023 0.015401 -0.331682 -0.097982
179 22.319817 0.000000 -0.000015 -0.010041 -0.226377 -0.130708
180 22.569611 0.000010 -0.000038 -0.037292 0.125355 -0.177596
181 22.663204 0.000031 -0.000038 -0.067067 0.612851 -0.139857
182 22.604523 0.000023 -0.000031 -0.087616 -0.013426 -0.092584
183 -1.865585 -0.000002 -11.435440 3.133892 0.348099 0.003585
184 22.186684 -0.000003 -0.000015 -0.007432 -0.277357 -0.011573
185 22.443703 -0.000001 -0.000015 -0.007829 -0.141897 -0.018200
186 22.611538 -0.000004 -0.000031 -0.009997 0.194399 -0.120093
187 22.692009 0.000007 0.000000 -0.056516 0.576560 -0.224721
188 22.687649 0.000017 0.000004 -0.037840 0.010973 -0.067687
189 -1.900848 -5.333257 -10.470070 2.587176 0.316594 -0.201273
190 21.914330 0.000008 -0.000011 -0.030165 -0.321257 0.080250
191 22.319809 -0.000027 -0.000015 -0.003218 -0.206437 0.103015
192 22.569603 -0.000002 -0.000053 0.025374 0.193667 -0.032364
193 22.663227 -0.000027 -0.000008 -0.053342 0.694706 -0.275196
194 22.604530 0.000010 0.000008 0.028650 0.017688 -0.025432
195 -1.967285 -9.854566 -7.722440 2.152925 0.231787 -0.367677
196 21.272720 -0.000020 -0.000008 -0.032521 -0.412827 0.130980
197 22.032459 -0.000002 -0.000038 -0.007980 -0.346079 0.167589
198 22.475674 -0.000008 -0.000031 0.034572 0.106073 0.034292
199 22.598690 0.000002 -0.000023 -0.041549 0.801664 -0.214727
200 22.407990 -0.000013 -0.000031 0.067447 0.006658 0.011756
201 -1.972580 -12.875610 -3.614562 1.831434 0.111229 -0.472288
202 20.655167 0.000005 -0.000023 -0.021771 -0.485198 0.146496
203 21.762257 -0.000011 -0.000015 -0.014444 -0.458285 0.192347
204 22.392139 0.000002 -0.000015 0.026995 -0.007181 0.060684
205 22.541313 0.000004 0.000000 -0.034661 0.807167 -0.141133
206 22.217499 -0.000004 -0.000031 0.061555 -0.027394 0.055688
207 0.059621 0.456168 0.250107 0.000000 -0.000000 0.000000
208 0.059621 0.456168 0.250107 0.000000 -0.000000 0.000000
time 6
  0 0.059621 0.456168 0.250107 0.000000 -0.000000 0.000000
  1 0.059621 0.456168 0.250107 0.000000 -0.000000 0.000000
  2 0.059621 0.456168 0.250107 0.000000 -0.000000 0.000000
  3 0.059621 0.456168 0.250107 0.000000 -0.000000 0.000000
  4 0.059621 0.456168 0.250107 0.000000 -0.000000 0.000000
  5 0.059621 0.456168 0.250107 0.000000 -0.000000 0.000000
  6 0.059621 0.456168 0.250107 0.000000 -0.000000 0.000000
  7 0.059621 0.456168 0.250107 0.000000 -0.000000 0.000000
  8 0.059621 0.456168 0.250107 0.000000 -0.000000 0.000000
  9 0.059621 0.456168 0.250107 0.000000 -0.000000 0.000000
 10 107.988029 15.795240 135.272690 -1.241095 -0.080263 1.656759
 11 24.668247 0.000031 -0.000042 0.964022 -0.019390 -0.155872
 12 30.380142 -0.000015 0.000008 1.683544 0.290997 0.417004
 13 19.902086 -0.000015 -0.000015 -0.005910 0.086562 0.019601
 14 -85.429756 21.214254 107.458252 1.941930 -0.069918 -1.232665
 15 35.349506 0.000015 0.000019 -1.425873 -0.172537 0.355843
 16 37.124325 -0.000011 -0.000008 -0.965886 0.465764 0.727320
 17 0.059621 0.456168 0.250107 0.064768 -0.005215 -0.156772
 18 0.059621 0.456168 102.571907 1.570796 1.570796 0.000000
 19 -65.799553 -0.000020 1.142855 -0.000000 0.000515 3.141077
 20 11.181580 0.005760 -0.002411 -0.000000 0.271847 0.000515
 21 27.835175 0.000000 0.000015 -3.141592 -0.129896 -0.000000
 22 5.330383 -0.000001 -0.000004 -3.089692 0.017360 0.004170
 23 10.134872 -4.133393 3.834196 -0.521975 -1.062162 -2.674085
 24 10.134872 4.133399 3.834198 0.522106 -1.062130 2.673990
 25 22.592361 0.000010 17.467110 -0.000010 3.006253 0.000000
 26 21.199966 -7.744007 14.169514 -0.642606 -0.114482 -3.055094
 27 18.142014 -13.440226 7.965769 1.221776 -0.162683 3.129761
 28 21.199966 7.744022 14.169495 0.642608 -0.114482 3.055093
 29 18.141998 13.440238 7.965771 -0.315067 -0.132784 -3.098022
 30 11.858856 -13.359998 3.526510 1.542183 3.134416 0.124613
 31 9.463287 -16.404863 -2.906047 1.542215 3.134359 0.126688
 32 9.125259 -10.885474 -11.371328 0.000496 3.012195 0.000256
 33 11.858856 13.360004 3.526470 -1.542181 3.134416 -0.124612
 34 9.463242 16.404867 -2.906027 -1.542214 3.134358 -0.126688
 35 9.125259 10.885473 -11.371307 -0.000492 3.012195 0.000256
 36 9.023224 -0.000003 -17.296175 0.000180 -0.117225 -3.141356
 37 12.691406 -0.000002 -19.438766 -0.019742 2.347685 -0.024780
 38 10.989426 0.000001 -0.000015 0.000000 0.255636 0.000000
 39 12.871460 -10.586841 -15.652477 0.907108 2.615266 0.539091
 40 10.727005 0.000007 -0.000031 -0.047083 0.243151 -0.006389
 41 12.871445 10.586843 -15.652475 -0.860974 2.609297 -0.531267
 42 10.726990 -0.000023 0.000000 0.047056 0.242916 0.006338
 43 12.847214 -17.570084 -4.701344 1.177468 2.738706 0.713238
 44 11.496521 0.000005 -0.000031 -0.096884 0.287430 -0.000875
 45 12.847183 17.570082 -4.701362 -1.132936 2.731054 -0.699221
 46 11.496475 0.000002 0.000000 0.096881 0.286979 0.001512
 47 28.485962 0.000011 16.460354 -0.000001 -0.114531 0.000000
 48 23.052765 -6.207910 -0.077286 -1.470206 0.035100 -1.833545
 49 9.436909 -0.000006 -0.000031 -0.028853 0.374954 -0.590959
 50 31.269321 0.000004 0.000000 -0.111541 0.131456 -0.355221
 51 28.756504 0.000000 -0.000015 -0.001117 0.032665 0.001416
 52 2.251991 -2.464417 -1.141632 0.481305 0.508197 -0.319329
 53 3.674049 -0.000008 0.000031 -0.277611 0.179024 0.194713
 54 3.614700 0.000015 0.000000 0.013156 0.193871 -0.001558
 55 9.035507 -2.494949 0.484558 -0.001362 0.302449 0.001673
 56 2.943581 0.000015 -0.000015 0.010585 0.293657 -0.007800
 57 2.649429 0.000000 0.000015 -0.006498 0.303243 0.008512
 58 9.093624 -0.386665 0.647705 0.020190 0.475379 -0.012607
 59 3.451889 0.000008 0.000000 -0.014209 0.528778 0.009212
 60 2.898193 0.000000 0.000038 -0.000683 0.490858 0.000916
 61 8.894588 1.605850 0.371902 -0.000566 0.547851 0.000704
 62 3.130402 0.000000 0.000038 0.003896 0.567158 -0.005063
 63 2.629532 0.000000 -0.000038 0.004892 0.544389 -0.006589
 64 8.470627 3.459526 0.131500 -0.021715 0.541478 0.011455
 65 2.410263 0.000000 -0.000046 0.022815 0.529939 -0.013321
 66 2.000793 0.000000 0.000000 -0.005415 0.533618 0.007402
 67 23.052765 6.207911 -0.077305 1.481823 0.058643 2.080206
 68 9.436897 0.000023 0.000000 0.017573 0.361738 0.741885
 69 31.269348 -0.000015 -0.000031 0.513846 0.098188 1.890890
 70 28.756516 0.000000 0.000015 0.411953 0.392497 0.238975
 71 2.251900 2.464401 -1.141556 -0.513217 0.249535 0.112914
 72 3.674080 0.000004 -0.000015 0.331388 -0.059506 -0.325011
 73 3.614681 0.000008 0.000015 0.067360 -0.216133 -0.086857
 74 9.035423 2.494949 0.484428 0.001362 -0.011534 -0.001673
 75 2.943573 0.000015 -0.000023 -0.011497 -0.020268 0.014556
 76 2.649437 0.000000 0.000023 0.006498 -0.010740 -0.008512
 77 9.093704 0.386673 0.647781 -0.018031 0.093461 0.020165
 78 3.451859 0.000000 -0.000008 0.014953 0.008589 -0.019838
 79 2.898209 0.000015 0.000000 0.000683 -0.029445 -0.000917
 80 8.894424 -1.605850 0.371918 0.000566 0.090541 -0.000704
 81 3.130440 0.000000 -0.000038 -0.003896 -0.009289 0.005063
 82 2.629524 -0.000015 0.000023 -0.004892 -0.032059 0.006589
 83 8.470612 -3.459518 0.131409 0.018786 0.137518 -0.020073
 84 2.410278 0.000000 -0.000008 -0.024238 -0.029075 0.031299
 85 2.000748 -0.000015 0.000023 0.005415 -0.025697 -0.007402
 86 9.832359 1.463058 -1.299423 0.016523 -0.031798 -0.020624
 87 25.040588 -5.670405 5.432796 -1.312160 -0.224887 -2.136065
 88 28.779694 -6.856310 -0.811424 -1.466235 0.019064 -1.725377
 89 29.182312 -3.955566 -4.961960 0.881869 2.552753 0.503940
 90 25.040573 5.670408 5.432755 1.296833 -0.398765 2.185823
 91 28.779739 6.856312 -0.811401 1.466235 0.019065 1.725381
 92 29.182281 3.955565 -4.961941 -0.881870 2.552752 -0.503941
 93 -65.335655 -0.000020 1.140918 -3.141591 0.044911 0.000000
 94 26.290924 -12.205289 1.157883 -2.070965 -0.024983 0.051312
 95 49.071037 0.000008 0.000010 2.179705 0.127556 -0.112856
 96 61.871307 -0.000013 -0.000021 3.080256 0.672597 0.035641
 97 26.290924 12.205294 1.157842 2.046585 0.117412 -0.139080
 98 49.071053 0.000004 -0.000034 -2.187262 0.154733 0.063501
 99 61.871311 0.000018 -0.000029 -2.944713 0.642381 0.102745
100 -0.698059 -11.192117 -8.252762 1.193961 -0.379407 -0.631141
101 20.568245 -0.000007 -0.000015 0.010298 0.137068 -0.147214
102 0.223785 -5.734809 -12.929605 2.942641 0.489990 -0.384659
103 20.803558 -0.000015 -0.000031 0.051402 -0.017493 -0.103652
104 -1.040009 -3.033967 12.140509 1.554517 0.104601 -1.288764
105 -1.039993 3.034004 12.140501 -1.554518 0.104604 1.288764
106 4.165451 -5.407045 12.088390 0.873871 -0.861643 -0.499075
107 16.599445 -0.000004 -0.000031 -0.052229 0.152700 0.025639
108 4.165482 5.407080 12.088381 -0.802107 -0.532133 0.544842
109 16.599388 0.000007 -0.000038 0.047730 0.070605 -0.034017
110 6.428391 0.000001 -0.288944 -0.000001 -0.000000 -0.000000
111 -1.833786 -13.936461 1.224504 1.568629 -0.015556 -0.426939
112 20.406944 -0.000005 -0.000023 0.002483 -0.424083 0.119170
113 21.655491 -0.000006 -0.000015 -0.023345 -0.557527 0.202081
114 22.360661 -0.000004 -0.000015 -0.001304 -0.291417 0.109014
115 22.519646 0.000004 0.000015 -0.012843 0.556445 -0.023149
116 22.140373 -0.000002 -0.000015 0.018326 -0.119250 0.086027
117 -1.699203 -12.875612 4.918509 1.131397 -0.206646 -0.382952
118 20.938629 0.000010 -0.000008 0.036116 -0.445651 0.090135
119 21.993607 -0.000013 -0.000053 -0.014677 -0.593455 0.185654
120 22.563774 -0.000013 0.000031 0.000135 -0.358090 0.092410
121 22.643341 0.000010 0.000008 -0.035707 0.456398 -0.047609
122 22.238045 0.000000 0.000000 -0.018729 -0.224210 0.106541
123 -1.634338 -9.854568 8.052346 0.723003 -0.348953 -0.278656
124 22.205292 -0.000001 -0.000023 0.043814 -0.447834 0.056159
125 22.804379 -0.000004 -0.000046 -0.006259 -0.608825 0.136755
126 23.051636 0.000008 0.000015 0.004394 -0.404209 0.062178
127 22.939964 0.000013 0.000000 -0.029812 0.371463 -0.051493
128 22.472061 0.000008 -0.000015 -0.023563 -0.311693 0.086351
129 -1.616135 -5.333253 10.147437 0.346985 -0.429401 -0.140970
130 23.451302 -0.000001 -0.000031 0.025359 -0.442012 0.030866
131 23.608002 -0.000006 -0.000053 -0.003859 -0.612614 0.077169
132 23.536209 -0.000001 0.000000 0.010927 -0.435144 0.023793
133 23.233955 0.000008 0.000053 -0.005907 0.312769 -0.044438
134 22.703667 0.000011 0.000015 -0.002828 -0.368668 0.032799
135 -1.614517 -0.000000 10.883349 -0.008584 -0.453801 0.008590
136 23.962112 0.000001 -0.000031 -0.005577 -0.440202 0.012437
137 23.938957 -0.000003 0.000008 -0.006593 -0.614814 0.017587
138 23.736012 -0.000003 0.000000 0.017303 -0.452816 -0.017036
139 23.354965 0.000006 0.000023 0.022357 0.284078 -0.036389
140 22.798920 -0.000009 0.000008 0.026992 -0.392461 -0.035584
141 -1.616135 5.333251 10.147424 -0.364573 -0.426682 0.157453
142 23.451317 -0.000007 0.000000 -0.036570 -0.445901 -0.007025
143 23.608013 -0.000001 -0.000046 -0.008959 -0.619480 -0.044081
144 23.536228 -0.000001 0.000015 0.022282 -0.458500 -0.060866
145 23.233971 -0.000018 0.000023 0.047224 0.286482 -0.031273
146 22.703667 0.000014 0.000015 0.051302 -0.383803 -0.101218
147 -1.634338 9.854564 8.052344 -0.738675 -0.343728 0.293052
148 22.205254 0.000006 -0.000008 -0.055327 -0.455206 -0.034575
149 22.804436 0.000007 -0.000092 -0.005533 -0.622133 -0.108550
150 23.051613 -0.000006 0.000015 0.024668 -0.449779 -0.110877
151 22.939972 -0.000015 0.000046 0.058724 0.317465 -0.034348
152 22.472054 -0.000004 0.000008 0.065500 -0.341614 -0.179548
153 -1.699203 12.875607 4.918525 -1.145903 -0.199864 0.394307
154 20.938599 0.000022 0.000000 -0.048336 -0.456694 -0.073830
155 21.993584 -0.000004 -0.000069 0.004477 -0.611329 -0.167186
156 22.563782 -0.000004 0.000015 0.022051 -0.420039 -0.161614
157 22.643341 -0.000008 0.000008 0.047459 0.374293 -0.058937
158 22.238022 -0.000015 0.000031 0.036995 -0.272432 -0.210885
159 -1.833786 13.936457 1.224504 -1.582836 -0.008687 0.434987
160 20.406967 0.000009 -0.000038 -0.015232 -0.436628 -0.111537
161 21.655495 0.000011 0.000000 0.014378 -0.577255 -0.197454
162 22.360645 0.000000 0.000015 0.044197 -0.412399 -0.217964
163 22.519676 -0.000008 0.000031 0.046859 0.389259 -0.148143
164 22.140381 0.000000 0.000031 -0.031175 -0.177476 -0.182503
165 -1.972580 12.875608 -3.614555 -1.854255 0.108022 0.404245
166 20.655167 0.000010 -0.000023 -0.000937 -0.404702 -0.119679
167 21.762238 0.000010 -0.000015 0.008316 -0.525625 -0.194216
168 22.392149 0.000011 0.000000 -0.006586 -0.296510 -0.212889
169 22.541344 0.000000 0.000031 -0.038716 0.505831 -0.137934
170 22.217491 -0.000002 0.000000 -0.092856 -0.129147 -0.165748
171 -1.967316 9.854566 -7.722432 -2.181437 0.207254 0.312629
172 21.272728 0.000003 -0.000008 0.011340 -0.344575 -0.114523
173 22.032509 0.000031 -0.000061 0.000190 -0.423837 -0.175683
174 22.475647 0.000008 -0.000008 -0.023892 -0.182859 -0.211934
175 22.598701 0.000000 0.000008 -0.067583 0.550027 -0.142746
176 22.407967 0.000011 -0.000015 -0.110312 -0.081493 -0.118927
177 -1.900848 5.333252 -10.470076 -2.613352 0.274425 0.172204
178 21.914337 0.000008 -0.000023 0.011436 -0.266883 -0.080815
179 22.319839 -0.000002 -0.000023 -0.007473 -0.291392 -0.123616
180 22.569607 0.000010 -0.000038 -0.029387 -0.055307 -0.183038
181 22.663204 0.000031 -0.000038 -0.069345 0.538525 -0.151577
182 22.604519 0.000023 -0.000038 -0.084744 -0.046437 -0.085711
183 -1.865585 -0.000002 -11.435440 3.133693 0.297892 0.002955
184 22.186661 -0.000004 -0.000011 -0.008310 -0.222734 -0.009487
185 22.443718 -0.000001 -0.000015 -0.007281 -0.214833 -0.018163
186 22.611530 -0.000003 -0.000038 -0.008726 0.024252 -0.106483
187 22.692013 0.000007 -0.000008 -0.044903 0.537045 -0.190649
188 22.687645 0.000017 0.000000 -0.037179 -0.022117 -0.064303
189 -1.900848 -5.333257 -10.470070 2.597266 0.272495 -0.166528
190 21.914352 0.000008 -0.000011 -0.027113 -0.258125 0.066275
191 22.319817 -0.000026 -0.000008 -0.005128 -0.274762 0.094803
192 22.569618 -0.000008 -0.000061 0.018768 0.003292 -0.004987
193 22.663219 -0.000031 -0.000015 -0.018567 0.620979 -0.193449
194 22.604523 0.000000 0.000000 0.027678 -0.015528 -0.025798
195 -1.967285 -9.854566 -7.722440 2.166030 0.203158 -0.306962
196 21.272705 -0.000018 -0.000008 -0.025761 -0.332559 0.108287
197 22.032471 -0.000006 -0.000031 -0.010396 -0.402671 0.159806
198 22.475674 -0.000013 -0.000031 0.020897 -0.104622 0.065100
199 22.598686 -0.000006 -0.000008 0.005316 0.664570 -0.118578
200 22.407990 -0.000023 -0.000015 0.065860 -0.026706 0.008822
201 -1.972580 -12.875610 -3.614562 1.839374 0.102098 -0.397743
202 20.655159 0.000007 -0.000023 -0.012502 -0.392171 0.121003
203 21.762260 -0.000013 -0.000015 -0.017453 -0.505287 0.189412
204 22.392145 -0.000004 -0.000031 0.010119 -0.219769 0.095372
205 22.541321 0.000000 0.000000 0.006045 0.622289 -0.054950
206 22.217484 -0.000004 -0.000015 0.060718 -0.061439 0.052437
207 0.059621 0.456168 0.250107 0.000000 -0.000000 0.000000
208 0.059621 0.456168 0.250107 0.000000 -0.000000 0.000000
time 7
  0 0.059621 0.456168 0.250107 0.000000 -0.000000 0.000000
  1 0.059621 0.456168 0.250107 0.000000 -0.000000 0.000000
  2 0.059621 0.456168 0.250107 0.000000 -0.000000 0.000000
  3 0.059621 0.456168 0.250107 0.000000 -0.000000 0.000000
  4 0.059621 0.456168 0.250107 0.000000 -0.000000 0.000000
  5 0.059621 0.456168 0.250107 0.000000 -0.000000 0.000000
  6 0.059621 0.456168 0.250107 0.000000 -0.000000 0.000000
  7 0.059621 0.456168 0.250107 0.000000 -0.000000 0.000000
  8 0.059621 0.456168 0.250107 0.000000 -0.000000 0.000000
  9 0.059621 0.456168 0.250107 0.000000 -0.000000 0.000000
 10 103.800995 8.294807 133.013351 -1.241095 -0.080263 1.580902
 11 24.668251 0.000015 -0.000050 0.963818 -0.010582 -0.169630
 12 30.380127 0.000000 0.000008 1.667310 0.199498 0.366141
 13 19.902081 0.000000 0.000000 -0.005647 0.083761 0.018936
 14 -83.793381 27.954945 107.458252 1.935498 -0.052082 -1.298830
 15 35.349514 0.000000 0.000015 -1.427104 -0.105582 0.336849
 16 37.124325 -0.000019 -0.000023 -0.969491 0.447945 0.722907
 17 0.059621 0.456168 0.250107 0.064768 -0.005215 -0.156772
 18 0.059621 0.456168 106.619431 1.570796 1.570796 0.000000
 19 -65.799545 -0.000020 1.142855 0.000000 0.000515 3.141077
 20 11.181580 0.005760 -0.002411 0.000000 0.277037 0.000515
 21 27.835175 -0.000000 0.000015 -3.141592 -0.129896 -0.000000
 22 5.330383 -0.000001 -0.000004 -3.095406 0.027701 0.004370
 23 10.134888 -4.133393 3.834200 -0.497438 -1.037480 -2.702197
 24 10.134903 4.133399 3.834198 0.497589 -1.037443 2.702089
 25 22.592361 0.000009 17.467108 -0.000010 3.021419 0.000000
 26 21.199982 -7.744007 14.169516 -0.642042 -0.102300 -3.064157
 27 18.142029 -13.440227 7.965773 1.219770 -0.157353 -3.139082
 28 21.199966 7.744023 14.169497 0.642045 -0.102300 3.064157
 29 18.141998 13.440239 7.965773 -0.314736 -0.118352 -3.102703
 30 11.858871 -13.359999 3.526512 1.542154 3.134860 0.109453
 31 9.463287 -16.404871 -2.906044 1.542186 3.134802 0.111529
 32 9.125259 -10.885474 -11.371323 0.000496 3.027361 0.000256
 33 11.858856 13.360006 3.526472 -1.542153 3.134860 -0.109453
 34 9.463257 16.404865 -2.906022 -1.542185 3.134802 -0.111529
 35 9.125275 10.885473 -11.371302 -0.000492 3.027361 0.000256
 36 9.023224 -0.000002 -17.296173 0.000180 -0.102060 -3.141356
 37 12.691406 -0.000003 -19.438766 -0.017742 2.448663 -0.023069
 38 10.989395 0.000002 0.000000 0.000000 0.333709 0.000000
 39 12.871460 -10.586842 -15.652472 0.863117 2.669797 0.446712
 40 10.727020 0.000008 -0.000031 -0.047662 0.321220 -0.008275
 41 12.871445 10.586842 -15.652473 -0.817697 2.668963 -0.443963
 42 10.726990 -0.000023 0.000000 0.047628 0.320998 0.008230
 43 12.847214 -17.570087 -4.701340 1.138130 2.768440 0.608958
 44 11.496506 0.000007 -0.000031 -0.098475 0.364922 -0.006477
 45 12.847183 17.570080 -4.701359 -1.092425 2.768427 -0.596519
 46 11.496460 0.000000 0.000000 0.098472 0.364496 0.006986
 47 28.485962 0.000010 16.460352 -0.000001 -0.126686 0.000000
 48 23.052765 -6.207910 -0.077286 -1.470206 0.035100 -1.833545
 49 9.436901 -0.000004 -0.000015 -0.040767 0.318344 -0.706911
 50 31.269321 0.000000 -0.000015 -0.141961 0.158665 -0.465987
 51 28.756508 0.000015 -0.000031 -0.001117 0.032665 0.001416
 52 2.251991 -2.464409 -1.141647 0.481305 0.508197 -0.319329
 53 3.674038 -0.000011 0.000031 -0.277611 0.179024 0.194713
 54 3.614685 0.000008 0.000000 0.013156 0.193871 -0.001558
 55 9.035503 -2.494942 0.484558 -0.001362 0.302449 0.001673
 56 2.943581 -0.000008 -0.000015 0.010585 0.293657 -0.007800
 57 2.649437 0.000000 0.000015 -0.006498 0.303243 0.008512
 58 9.093628 -0.386665 0.647690 0.020190 0.475380 -0.012607
 59 3.451881 0.000000 0.000000 -0.014209 0.528778 0.009212
 60 2.898193 0.000000 0.000031 -0.000683 0.490858 0.000916
 61 8.894588 1.605858 0.371902 -0.000566 0.547851 0.000704
 62 3.130417 0.000008 0.000046 0.003896 0.567158 -0.005063
 63 2.629547 0.000008 -0.000038 0.004892 0.544389 -0.006589
 64 8.470631 3.459534 0.131485 -0.021715 0.541478 0.011456
 65 2.410263 0.000008 -0.000061 0.022815 0.529939 -0.013321
 66 2.000778 0.000008 0.000015 -0.005415 0.533618 0.007402
 67 23.052765 6.207910 -0.077305 1.481823 0.058643 2.080206
 68 9.436890 0.000023 0.000000 -0.007023 0.343556 0.807283
 69 31.269341 -0.000008 -0.000046 0.522544 0.035185 1.885588
 70 28.756508 0.000000 0.000000 0.425822 0.339530 0.261526
 71 2.251892 2.464417 -1.141563 -0.513217 0.249535 0.112914
 72 3.674080 0.000004 -0.000015 0.331388 -0.059506 -0.325011
 73 3.614677 0.000000 0.000031 0.067360 -0.216133 -0.086857
 74 9.035416 2.494965 0.484428 0.001362 -0.011534 -0.001673
 75 2.943581 0.000000 -0.000031 -0.011497 -0.020268 0.014556
 76 2.649445 0.000000 0.000015 0.006498 -0.010740 -0.008512
 77 9.093689 0.386688 0.647774 -0.018031 0.093461 0.020165
 78 3.451866 0.000000 0.000000 0.014953 0.008589 -0.019838
 79 2.898209 0.000000 -0.000008 0.000683 -0.029445 -0.000917
 80 8.894417 -1.605820 0.371910 0.000566 0.090541 -0.000704
 81 3.130432 0.000000 -0.000038 -0.003896 -0.009289 0.005063
 82 2.629517 0.000000 0.000015 -0.004892 -0.032059 0.006589
 83 8.470604 -3.459503 0.131393 0.018786 0.137518 -0.020073
 84 2.410278 0.000000 -0.000015 -0.024238 -0.029075 0.031299
 85 2.000755 0.000000 0.000015 0.005415 -0.025697 -0.007402
 86 9.832352 1.463074 -1.299438 0.016522 -0.031798 -0.020624
 87 25.040588 -5.670405 5.432800 -1.312160 -0.224887 -2.136065
 88 28.779678 -6.856310 -0.811420 -1.466235 0.019064 -1.725377
 89 29.182312 -3.955566 -4.961960 0.881870 2.552753 0.503940
 90 25.040558 5.670407 5.432755 1.296833 -0.398765 2.185823
 91 28.779739 6.856310 -0.811398 1.466235 0.019065 1.725381
 92 29.182281 3.955564 -4.961937 -0.881870 2.552752 -0.503940
 93 -65.335648 -0.000020 1.140918 -3.141591 0.044911 0.000000
 94 26.290924 -12.205289 1.157882 -2.070819 -0.027275 0.047111
 95 49.071045 0.000008 0.000010 2.179705 0.127556 -0.112856
 96 61.871311 -0.000012 -0.000027 3.080256 0.672597 0.035641
 97 26.290924 12.205294 1.157842 2.047219 0.114255 -0.132965
 98 49.071075 0.000004 -0.000036 -2.187262 0.154733 0.063501
 99 61.871323 0.000021 -0.000030 -2.944713 0.642381 0.102745
100 -0.698059 -11.192117 -8.252762 1.168765 -0.339558 -0.559560
101 20.568237 -0.000009 -0.000008 0.010299 0.147718 -0.146856
102 0.223785 -5.734809 -12.929604 2.965305 0.440375 -0.333346
103 20.803574 -0.000015 -0.000031 0.046839 -0.003474 -0.113213
104 -1.040009 -3.033968 12.140511 1.554517 0.104601 -1.288764
105 -1.039993 3.034004 12.140499 -1.554518 0.104604 1.288764
106 4.165451 -5.407045 12.088390 0.814436 -0.775456 -0.417771
107 16.599442 -0.000004 -0.000031 -0.052748 0.193632 0.023393
108 4.165482 5.407080 12.088381 -0.793296 -0.516379 0.527088
109 16.599380 0.000008 -0.000038 0.047628 0.092620 -0.032704
110 6.428391 0.000001 -0.288944 -0.000001 -0.000000 -0.000000
111 -1.833771 -13.936461 1.224504 1.567604 -0.007293 -0.369185
112 20.406937 -0.000005 -0.000015 0.009596 -0.324371 0.096168
113 21.655487 -0.000006 -0.000008 -0.019277 -0.551089 0.188815
114 22.360657 0.000000 -0.000015 -0.020595 -0.446619 0.139393
115 22.519646 0.000004 0.000023 0.000159 0.321010 0.037694
116 22.140369 0.000000 0.000000 0.017408 -0.150650 0.083053
117 -1.699203 -12.875612 4.918509 1.121764 -0.175045 -0.332181
118 20.938614 0.000010 0.000000 0.042466 -0.344320 0.071949
119 21.993599 -0.000006 -0.000053 -0.011200 -0.583747 0.176464
120 22.563776 -0.000011 0.000015 -0.019594 -0.502488 0.128246
121 22.643333 0.000008 0.000000 -0.021099 0.229704 0.015408
122 22.238037 0.000000 0.000015 -0.019215 -0.252459 0.105215
123 -1.634338 -9.854568 8.052346 0.711086 -0.302259 -0.242559
124 22.205284 -0.000000 -0.000023 0.047977 -0.348935 0.044573
125 22.804382 -0.000005 -0.000053 -0.003987 -0.598346 0.131464
126 23.051649 0.000002 0.000000 -0.011266 -0.540293 0.090866
127 22.939972 0.000015 0.000000 -0.019547 0.158050 -0.001327
128 22.472054 0.000011 0.000000 -0.023815 -0.339127 0.085509
129 -1.616135 -5.333253 10.147437 0.340345 -0.375696 -0.123095
130 23.451309 -0.000001 -0.000023 0.027647 -0.346760 0.024873
131 23.608009 -0.000008 -0.000031 -0.002614 -0.601928 0.074561
132 23.536211 -0.000003 -0.000015 0.001700 -0.564499 0.040230
133 23.233971 0.000005 0.000061 -0.001006 0.110421 -0.012540
134 22.703674 0.000010 0.000023 -0.003124 -0.395929 0.032547
135 -1.614517 -0.000000 10.883349 -0.008139 -0.398353 0.007511
136 23.962128 0.000001 -0.000031 -0.005070 -0.346321 0.010578
137 23.938957 -0.000003 0.000000 -0.006076 -0.604057 0.016205
138 23.736012 -0.000003 0.000000 0.016025 -0.579361 -0.016479
139 23.354965 0.000006 0.000023 0.022665 0.086751 -0.023700
140 22.798920 -0.000009 0.000015 0.026971 -0.419679 -0.035971
141 -1.616135 5.333251 10.147422 -0.356817 -0.373433 0.137545
142 23.451294 -0.000005 -0.000008 -0.038057 -0.350247 -0.004471
143 23.608017 -0.000002 -0.000053 -0.009161 -0.608386 -0.044002
144 23.536226 0.000000 -0.000015 0.029388 -0.586022 -0.076340
145 23.233963 -0.000021 0.000008 0.043723 0.086720 -0.037243
146 22.703644 0.000011 0.000031 0.051187 -0.411105 -0.101028
147 -1.634338 9.854564 8.052344 -0.726771 -0.297922 0.255317
148 22.205261 0.000005 -0.000008 -0.058898 -0.355665 -0.026329
149 22.804443 0.000007 -0.000084 -0.007021 -0.610591 -0.105882
150 23.051615 -0.000004 0.000015 0.039637 -0.581303 -0.140777
151 22.939964 -0.000008 0.000038 0.052034 0.109592 -0.057662
152 22.472046 0.000001 0.000008 0.065643 -0.369082 -0.179674
153 -1.699203 12.875607 4.918525 -1.136737 -0.169328 0.342396
154 20.938591 0.000021 0.000000 -0.054111 -0.354080 -0.058289
155 21.993599 0.000000 -0.000069 0.001570 -0.600106 -0.160594
156 22.563784 -0.000002 0.000000 0.042147 -0.557634 -0.199541
157 22.643341 -0.000002 0.000000 0.039831 0.157097 -0.092133
158 22.238022 -0.000021 0.000000 0.037316 -0.300706 -0.208245
159 -1.833771 13.936457 1.224504 -1.582543 -0.001353 0.376554
160 20.406952 0.000007 -0.000046 -0.022451 -0.335436 -0.089639
161 21.655510 0.000010 0.000000 0.010416 -0.568844 -0.185984
162 22.360641 0.000000 0.000000 0.065514 -0.554250 -0.252082
163 22.519669 -0.000010 0.000023 0.046114 0.177513 -0.168539
164 22.140373 -0.000006 0.000015 -0.030094 -0.209055 -0.177027
165 -1.972565 12.875608 -3.614555 -1.859672 0.100199 0.348617
166 20.655182 0.000009 -0.000023 -0.007719 -0.309289 -0.096669
167 21.762245 0.000008 -0.000023 0.004522 -0.521743 -0.180433
168 22.392149 0.000011 0.000000 0.010770 -0.447207 -0.239419
169 22.541336 0.000008 0.000008 -0.040157 0.292433 -0.162661
170 22.217487 -0.000002 0.000015 -0.091554 -0.160634 -0.159503
171 -1.967316 9.854566 -7.722432 -2.190205 0.185244 0.267673
172 21.272720 0.000004 0.000000 0.006114 -0.261764 -0.092989
173 22.032501 0.000027 -0.000061 -0.002408 -0.429452 -0.160619
174 22.475655 0.000008 -0.000015 -0.010874 -0.336090 -0.227893
175 22.598707 0.000004 0.000000 -0.068811 0.367379 -0.165635
176 22.407967 0.000011 -0.000015 -0.108968 -0.112112 -0.112814
177 -1.900833 5.333252 -10.470076 -2.619946 0.241574 0.146362
178 21.914322 0.000008 -0.000019 0.008757 -0.200645 -0.065651
179 22.319839 -0.000002 -0.000015 -0.008151 -0.311141 -0.111141
180 22.569611 0.000011 -0.000031 -0.022371 -0.203605 -0.186579
181 22.663193 0.000031 -0.000031 -0.068150 0.407686 -0.159843
182 22.604515 0.000015 -0.000046 -0.081773 -0.076772 -0.078893
183 -1.865585 -0.000002 -11.435440 3.133568 0.260868 0.002504
184 22.186661 -0.000004 -0.000008 -0.008786 -0.165823 -0.007607
185 22.443710 -0.000002 -0.000015 -0.007171 -0.243554 -0.017046
186 22.611542 -0.000003 -0.000031 -0.009034 -0.121220 -0.097399
187 22.692013 0.000008 -0.000015 -0.032037 0.434927 -0.155779
188 22.687664 0.000019 -0.000015 -0.036571 -0.052524 -0.061311
189 -1.900833 -5.333257 -10.470070 2.603621 0.239762 -0.141447
190 21.914337 0.000008 -0.000008 -0.025063 -0.193323 0.054028
191 22.319832 -0.000025 -0.000015 -0.004609 -0.297165 0.083578
192 22.569607 0.000000 -0.000053 0.010524 -0.154224 0.011612
193 22.663216 -0.000031 0.000000 0.009536 0.484444 -0.116057
194 22.604515 -0.000004 -0.000015 0.026706 -0.046051 -0.026136
195 -1.967285 -9.854566 -7.722440 2.174516 0.181540 -0.262578
196 21.272720 -0.000018 -0.000008 -0.021203 -0.251440 0.088185
197 22.032478 -0.000002 -0.000031 -0.008111 -0.411306 0.144376
198 22.475674 -0.000013 -0.000031 0.006614 -0.270151 0.085281
199 22.598694 0.000006 -0.000008 0.032645 0.471623 -0.036922
200 22.407978 -0.000019 -0.000031 0.064296 -0.057365 0.006125
201 -1.972565 -12.875610 -3.614562 1.844794 0.094974 -0.342658
202 20.655197 0.000007 -0.000031 -0.006137 -0.298257 0.098242
203 21.762268 -0.000013 -0.000015 -0.013867 -0.503666 0.174820
204 22.392145 -0.000008 -0.000031 -0.007602 -0.381762 0.121190
205 22.541325 0.000000 0.000008 0.024230 0.395067 0.014833
206 22.217491 0.000008 0.000000 0.059852 -0.092723 0.049450
207 0.059621 0.456168 0.250107 0.000000 -0.000000 0.000000
208 0.059621 0.456168 0.250107 0.000000 -0.000000 0.000000
time 8
  0 0.059621 0.456168 0.250107 0.000000 -0.000000 0.000000
  1 0.059621 0.456168 0.250107 0.000000 -0.000000 0.000000
  2 0.059621 0.456168 0.250107 0.000000 -0.000000 0.000000
  3 0.059621 0.456168 0.250107 0.000000 -0.000000 0.000000
  4 0.059621 0.456168 0.250107 0.000000 -0.000000 0.000000
  5 0.059621 0.456168 0.250107 0.000000 -0.000000 0.000000
  6 0.059621 0.456168 0.250107 0.000000 -0.000000 0.000000
  7 0.059621 0.456168 0.250107 0.000000 -0.000000 0.000000
  8 0.059621 0.456168 0.250107 0.000000 -0.000000 0.000000
  9 0.059621 0.456168 0.250107 0.000000 -0.000000 0.000000
 10 99.131332 0.164475 130.972626 -1.241095 -0.080263 1.506391
 11 24.668249 0.000015 -0.000042 0.963866 -0.003565 -0.168892
 12 30.380142 -0.000008 -0.000008 1.656869 0.138153 0.321114
 13 19.902084 0.000000 -0.000015 -0.005348 0.080590 0.018183
 14 -81.638657 34.515133 107.458252 1.929115 -0.034913 -1.373000
 15 35.349503 0.000008 0.000008 -1.429275 -0.048821 0.323150
 16 37.124329 -0.000011 0.000000 -0.973399 0.428629 0.718124
 17 0.059621 0.456168 0.250107 0.064768 -0.005215 -0.156772
 18 0.059621 0.456168 110.943970 1.570796 1.570796 0.000000
 19 -65.799545 -0.000020 1.142855 0.000000 0.000515 3.141077
 20 11.181564 0.005760 -0.002411 -0.000000 0.282583 0.000515
 21 27.835175 -0.000000 0.000023 -3.141592 -0.129896 -0.000000
 22 5.330383 -0.000001 -0.000006 -3.101512 0.039089 0.004584
 23 10.134872 -4.133394 3.834198 -0.474757 -1.011928 -2.728560
 24 10.134888 4.133399 3.834198 0.474928 -1.011887 2.728441
 25 22.592377 0.000009 17.467112 -0.000010 3.037623 0.000000
 26 21.199982 -7.744010 14.169518 -0.641440 -0.089284 -3.073841
 27 18.142014 -13.440229 7.965773 1.217627 -0.151657 -3.123758
 28 21.199966 7.744024 14.169497 0.641442 -0.089284 3.073841
 29 18.141998 13.440241 7.965771 -0.314381 -0.102932 -3.107705
 30 11.858871 -13.360001 3.526512 1.542120 3.135335 0.093256
 31 9.463272 -16.404871 -2.906045 1.542151 3.135276 0.095332
 32 9.125244 -10.885475 -11.371325 0.000496 3.043565 0.000256
 33 11.858841 13.360009 3.526472 -1.542119 3.135334 -0.093255
 34 9.463242 16.404871 -2.906026 -1.542150 3.135276 -0.095332
 35 9.125275 10.885477 -11.371304 -0.000492 3.043565 0.000256
 36 9.023239 -0.000002 -17.296175 0.000180 -0.085856 -3.141356
 37 12.691406 -0.000001 -19.438761 -0.016499 2.517030 -0.022011
 38 10.989410 0.000002 -0.000015 0.000000 0.405064 0.000000
 39 12.871475 -10.586842 -15.652468 0.838194 2.709092 0.388761
 40 10.727020 0.000005 -0.000031 -0.048208 0.392610 -0.009547
 41 12.871460 10.586845 -15.652470 -0.793214 2.711227 -0.389395
 42 10.726990 -0.000021 0.000015 0.048168 0.392407 0.009508
 43 12.847214 -17.570086 -4.701339 1.114045 2.792290 0.539705
 44 11.496506 0.000005 -0.000046 -0.099977 0.435625 -0.011042
 45 12.847183 17.570086 -4.701360 -1.067736 2.797166 -0.528497
 46 11.496490 0.000000 -0.000015 0.099973 0.435235 0.011405
 47 28.485962 0.000010 16.460356 -0.000001 -0.138712 0.000000
 48 23.052750 -6.207912 -0.077282 -1.470206 0.035100 -1.833545
 49 9.436905 -0.000010 -0.000031 -0.053497 0.257662 -0.823672
 50 31.269329 0.000008 0.000000 -0.174300 0.186171 -0.584334
 51 28.756506 0.000015 0.000000 -0.001117 0.032665 0.001416
 52 2.251991 -2.464401 -1.141647 0.481305 0.508197 -0.319329
 53 3.674042 -0.000008 0.000000 -0.277611 0.179024 0.194713
 54 3.614700 0.000011 0.000000 0.013156 0.193871 -0.001558
 55 9.035503 -2.494942 0.484573 -0.001362 0.302449 0.001673
 56 2.943581 0.000008 -0.000015 0.010585 0.293657 -0.007800
 57 2.649429 0.000000 0.000000 -0.006498 0.303243 0.008512
 58 9.093624 -0.386665 0.647705 0.020190 0.475380 -0.012607
 59 3.451881 0.000000 0.000000 -0.014209 0.528778 0.009212
 60 2.898163 0.000000 0.000038 -0.000683 0.490858 0.000916
 61 8.894592 1.605858 0.371902 -0.000566 0.547851 0.000704
 62 3.130394 0.000000 0.000046 0.003896 0.567158 -0.005063
 63 2.629532 -0.000008 -0.000038 0.004892 0.544388 -0.006589
 64 8.470623 3.459534 0.131516 -0.021715 0.541478 0.011455
 65 2.410271 0.000008 -0.000061 0.022815 0.529939 -0.013321
 66 2.000809 0.000008 0.000008 -0.005415 0.533618 0.007402
 67 23.052765 6.207912 -0.077301 1.481823 0.058643 2.080206
 68 9.436897 0.000015 0.000000 -0.032036 0.323646 0.873357
 69 31.269341 -0.000008 -0.000031 0.530341 -0.032130 1.878979
 70 28.756516 0.000015 0.000008 0.439304 0.282939 0.284107
 71 2.251892 2.464417 -1.141556 -0.513217 0.249535 0.112914
 72 3.674088 0.000008 -0.000031 0.331388 -0.059506 -0.325011
 73 3.614677 0.000015 0.000031 0.067360 -0.216133 -0.086857
 74 9.035416 2.494949 0.484428 0.001362 -0.011534 -0.001673
 75 2.943565 0.000000 -0.000023 -0.011497 -0.020268 0.014556
 76 2.649429 0.000000 0.000023 0.006498 -0.010740 -0.008512
 77 9.093681 0.386673 0.647781 -0.018031 0.093461 0.020165
 78 3.451859 -0.000008 0.000000 0.014953 0.008589 -0.019838
 79 2.898209 -0.000015 -0.000015 0.000683 -0.029445 -0.000917
 80 8.894409 -1.605835 0.371910 0.000566 0.090541 -0.000704
 81 3.130440 0.000000 -0.000046 -0.003896 -0.009289 0.005063
 82 2.629532 0.000000 0.000015 -0.004892 -0.032059 0.006589
 83 8.470604 -3.459518 0.131401 0.018786 0.137518 -0.020073
 84 2.410278 0.000000 0.000000 -0.024238 -0.029075 0.031299
 85 2.000755 0.000008 0.000015 0.005415 -0.025697 -0.007402
 86 9.832352 1.463074 -1.299431 0.016523 -0.031798 -0.020624
 87 25.040604 -5.670407 5.432800 -1.312160 -0.224887 -2.136065
 88 28.779694 -6.856311 -0.811413 -1.466235 0.019064 -1.725377
 89 29.182297 -3.955567 -4.961956 0.881870 2.552753 0.503940
 90 25.040573 5.670408 5.432758 1.296833 -0.398765 2.185823
 91 28.779739 6.856313 -0.811398 1.466235 0.019065 1.725381
 92 29.182281 3.955565 -4.961933 -0.881870 2.552752 -0.503940
 93 -65.335663 -0.000020 1.140918 -3.141591 0.044911 0.000000
 94 26.290924 -12.205289 1.157882 -2.070662 -0.029724 0.042623
 95 49.071030 0.000009 0.000010 2.179705 0.127556 -0.112856
 96 61.871304 -0.000012 -0.000027 3.080256 0.672597 0.035641
 97 26.290924 12.205294 1.157842 2.047896 0.110881 -0.126432
 98 49.071060 0.000004 -0.000031 -2.187262 0.154733 0.063501
 99 61.871307 0.000018 -0.000029 -2.944714 0.642381 0.102744
100 -0.698059 -11.192117 -8.252762 1.152076 -0.308601 -0.507167
101 20.568253 -0.000008 -0.000008 0.010300 0.158537 -0.146473
102 0.223785 -5.734809 -12.929604 2.980142 0.403231 -0.297114
103 20.803574 -0.000011 -0.000023 0.041964 0.011504 -0.122243
104 -1.040009 -3.033968 12.140511 1.554517 0.104601 -1.288764
105 -1.039993 3.034004 12.140499 -1.554518 0.104604 1.288764
106 4.165451 -5.407045 12.088390 0.778853 -0.708531 -0.365152
107 16.599442 -0.000008 -0.000046 -0.053216 0.235032 0.021394
108 4.165482 5.407080 12.088381 -0.784587 -0.500971 0.508852
109 16.599388 0.000009 -0.000038 0.047507 0.114644 -0.031519
110 6.428391 0.000001 -0.288944 -0.000001 -0.000000 -0.000000
111 -1.833771 -13.936460 1.224504 1.567425 -0.001316 -0.327536
112 20.406952 -0.000004 -0.000023 0.013841 -0.233292 0.077127
113 21.655487 -0.000006 -0.000008 -0.010556 -0.508667 0.166518
114 22.360655 -0.000004 -0.000015 -0.035337 -0.549231 0.157260
115 22.519646 0.000008 0.000015 -0.001649 0.096378 0.085206
116 22.140366 0.000006 0.000000 0.016519 -0.176427 0.080340
117 -1.699203 -12.875611 4.918509 1.115821 -0.151809 -0.295660
118 20.938599 0.000009 0.000000 0.046420 -0.251381 0.056652
119 21.993622 -0.000011 -0.000053 -0.002788 -0.538701 0.158004
120 22.563776 -0.000017 0.000015 -0.035639 -0.597475 0.152399
121 22.643349 0.000015 0.000008 -0.020568 0.016996 0.065076
122 22.238037 0.000004 0.000023 -0.019695 -0.275244 0.103834
123 -1.634338 -9.854567 8.052346 0.704181 -0.267706 -0.216702
124 22.205292 -0.000000 -0.000023 0.050594 -0.257634 0.034708
125 22.804375 -0.000004 -0.000046 0.002202 -0.553786 0.118647
126 23.051645 0.000004 0.000000 -0.024669 -0.630237 0.111916
127 22.939957 0.000015 0.000000 -0.019492 -0.040938 0.039696
128 22.472046 0.000011 0.000008 -0.024063 -0.361140 0.084625
129 -1.616135 -5.333253 10.147437 0.335891 -0.335745 -0.110309
130 23.451309 -0.000001 -0.000023 0.029122 -0.258284 0.019485
131 23.608017 -0.000007 -0.000046 0.000824 -0.558506 0.067353
132 23.536213 -0.000003 -0.000031 -0.005930 -0.650934 0.051653
133 23.233963 0.000004 0.000046 -0.002163 -0.077878 0.014185
134 22.703674 0.000006 0.000008 -0.003415 -0.417780 0.032299
135 -1.614517 -0.000000 10.883349 -0.007854 -0.357019 0.006739
136 23.962143 0.000001 -0.000031 -0.004663 -0.258926 0.009011
137 23.938957 -0.000003 0.000008 -0.005310 -0.560969 0.014385
138 23.736008 -0.000003 0.000000 0.015380 -0.664206 -0.016698
139 23.354958 0.000005 0.000000 0.021027 -0.096969 -0.014854
140 22.798920 -0.000010 0.000008 0.026944 -0.441487 -0.036280
141 -1.616135 5.333251 10.147422 -0.351881 -0.333797 0.123296
142 23.451324 -0.000006 0.000000 -0.038475 -0.261360 -0.002211
143 23.608017 -0.000001 -0.000046 -0.011288 -0.564436 -0.040342
144 23.536236 -0.000003 0.000000 0.036151 -0.671239 -0.088531
145 23.233963 -0.000021 0.000000 0.042106 -0.098785 -0.046647
146 22.703674 0.000006 0.000031 0.051052 -0.432989 -0.100786
147 -1.634338 9.854565 8.052344 -0.719262 -0.263973 0.228240
148 22.205276 0.000004 0.000000 -0.061010 -0.263648 -0.019335
149 22.804443 0.000007 -0.000084 -0.012049 -0.564925 -0.096445
150 23.051620 -0.000006 0.000000 0.053303 -0.668286 -0.163875
151 22.939964 -0.000013 0.000031 0.050729 -0.082615 -0.083060
152 22.472054 -0.000001 0.000008 0.065762 -0.391124 -0.179748
153 -1.699203 12.875607 4.918525 -1.130484 -0.146848 0.305008
154 20.938599 0.000021 -0.000008 -0.057381 -0.259949 -0.044939
155 21.993591 -0.000002 -0.000061 -0.006536 -0.553769 -0.143616
156 22.563784 0.000000 -0.000015 0.059307 -0.648096 -0.226631
157 22.643356 -0.000006 -0.000008 0.039799 -0.043766 -0.127108
158 22.238037 -0.000021 0.000023 0.037632 -0.323501 -0.205500
159 -1.833771 13.936458 1.224504 -1.582597 0.003945 0.334378
160 20.406967 0.000008 -0.000038 -0.026775 -0.242990 -0.071356
161 21.655510 0.000013 -0.000015 0.001419 -0.524669 -0.164618
162 22.360647 0.000004 0.000000 0.082906 -0.647489 -0.275920
163 22.519669 -0.000002 0.000008 0.049912 -0.021297 -0.193224
164 22.140366 0.000000 0.000023 -0.029036 -0.235062 -0.171954
165 -1.972565 12.875609 -3.614555 -1.863927 0.094367 0.308572
166 20.655182 0.000008 -0.000023 -0.011781 -0.222269 -0.077699
167 21.762245 0.000008 -0.000008 -0.003408 -0.482392 -0.158904
168 22.392151 0.000011 0.000000 0.024191 -0.547243 -0.256068
169 22.541344 0.000008 0.000008 -0.036504 0.087539 -0.191067
170 22.217506 0.000000 0.000015 -0.090231 -0.186565 -0.154202
171 -1.967316 9.854567 -7.722432 -2.195873 0.169163 0.235528
172 21.272720 0.000004 0.000000 0.003062 -0.186398 -0.075070
173 22.032516 0.000027 -0.000046 -0.008050 -0.401231 -0.139678
174 22.475655 0.000011 -0.000015 -0.001625 -0.440805 -0.235323
175 22.598705 0.000008 0.000000 -0.065389 0.179688 -0.188197
176 22.407967 0.000008 -0.000023 -0.107623 -0.137327 -0.107779
177 -1.900848 5.333252 -10.470076 -2.624123 0.217828 0.128019
178 21.914337 0.000007 -0.000015 0.007214 -0.139966 -0.053063
179 22.319839 -0.000004 -0.000015 -0.010620 -0.298586 -0.095701
180 22.569611 0.000008 -0.000031 -0.017857 -0.309960 -0.185549
181 22.663193 0.000023 -0.000046 -0.064876 0.255872 -0.167289
182 22.604500 0.000027 -0.000046 -0.078834 -0.101754 -0.072531
183 -1.865585 -0.000002 -11.435440 3.133490 0.234218 0.002184
184 22.186676 -0.000004 -0.000008 -0.008832 -0.113191 -0.006022
185 22.443710 -0.000002 -0.000015 -0.007243 -0.240509 -0.015163
186 22.611534 -0.000004 -0.000023 -0.009998 -0.229241 -0.090788
187 22.692013 0.000007 0.000000 -0.023553 0.302508 -0.126818
188 22.687641 0.000011 -0.000015 -0.036071 -0.077566 -0.058916
189 -1.900848 -5.333257 -10.470070 2.607644 0.216119 -0.123650
190 21.914337 0.000008 -0.000011 -0.024008 -0.133841 0.043919
191 22.319824 -0.000023 -0.000008 -0.002807 -0.286786 0.070920
192 22.569611 0.000001 -0.000053 0.003957 -0.267874 0.018871
193 22.663227 -0.000027 -0.000008 0.022727 0.321636 -0.057571
194 22.604530 -0.000010 -0.000031 0.025788 -0.071188 -0.026413
195 -1.967285 -9.854565 -7.722440 2.179998 0.165763 -0.230853
196 21.272720 -0.000018 -0.000004 -0.018575 -0.177556 0.071511
197 22.032471 -0.000001 -0.000023 -0.003287 -0.385579 0.124533
198 22.475681 -0.000011 -0.000038 -0.003928 -0.384031 0.093990
199 22.598694 0.000004 -0.000008 0.039477 0.266505 0.021832
200 22.407970 -0.000019 -0.000015 0.062850 -0.082614 0.003905
201 -1.972565 -12.875609 -3.614562 1.848448 0.089664 -0.303027
202 20.655151 0.000007 -0.000015 -0.002457 -0.212688 0.079303
203 21.762276 -0.000011 -0.000015 -0.006514 -0.466490 0.152788
204 22.392159 -0.000011 -0.000031 -0.020763 -0.489928 0.135017
205 22.541321 -0.000002 0.000000 0.024420 0.170480 0.065941
206 22.217484 0.000006 0.000000 0.058993 -0.118487 0.046990
207 0.059621 0.456168 0.250107 0.000000 -0.000000 0.000000
208 0.059621 0.456168 0.250107 0.000000 -0.000000 0.000000
time 9
  0 0.059621 0.456168 0.250107 0.000000 -0.000000 0.000000
  1 0.059621 0.456168 0.250107 0.000000 -0.000000 0.000000
  2 0.059621 0.456168 0.250107 0.000000 -0.000000 0.000000
  3 0.059621 0.456168 0.250107 0.000000 -0.000000 0.000000
  4 0.059621 0.456168 0.250107 0.000000 -0.000000 0.000000
  5 0.059621 0.456168 0.250107 0.000000 -0.000000 0.000000
  6 0.059621 0.456168 0.250107 0.000000 -0.000000 0.000000
  7 0.059621 0.456168 0.250107 0.000000 -0.000000 0.000000
  8 0.059621 0.456168 0.250107 0.000000 -0.000000 0.000000
  9 0.059621 0.456168 0.250107 0.000000 -0.000000 0.000000
 10 94.022186 -8.455778 129.139999 -1.241095 -0.080263 1.432762
 11 24.668255 0.000015 -0.000038 0.964132 -0.001338 -0.159136
 12 30.380146 0.000000 -0.000008 1.650425 0.102183 0.285709
 13 19.902088 0.000008 0.000000 -0.005017 0.077063 0.017346
 14 -78.894371 40.870132 107.458252 1.922826 -0.018466 -1.454594
 15 35.349514 0.000008 0.000023 -1.431779 -0.000543 0.313213
 16 37.124329 0.000000 -0.000015 -0.977543 0.408148 0.713053
 17 0.059621 0.456168 0.250107 0.064768 -0.005215 -0.156772
 18 0.059621 0.456168 115.453178 1.570796 1.570796 0.000000
 19 -65.799538 -0.000020 1.142855 0.000000 0.000515 3.141077
 20 11.181580 0.005760 -0.002411 -0.000000 0.288365 0.000515
 21 27.835175 -0.000001 0.000019 -3.141592 -0.129896 -0.000000
 22 5.330368 -0.000000 -0.000002 -3.107878 0.051376 0.004807
 23 10.134888 -4.133393 3.834198 -0.454062 -0.985875 -2.753003
 24 10.134888 4.133399 3.834198 0.454250 -0.985832 2.752875
 25 22.592361 0.000009 17.467110 -0.000010 3.054518 0.000000
 26 21.199966 -7.744009 14.169514 -0.640812 -0.075712 -3.083938
 27 18.142029 -13.440228 7.965771 1.215392 -0.145718 -3.107780
 28 21.199951 7.744023 14.169495 0.640815 -0.075712 3.083938
 29 18.141983 13.440237 7.965773 -0.314012 -0.086854 -3.112920
 30 11.858871 -13.359999 3.526510 1.542078 3.135829 0.076367
 31 9.463287 -16.404865 -2.906046 1.542109 3.135771 0.078443
 32 9.125259 -10.885474 -11.371325 0.000496 3.060461 0.000256
 33 11.858856 13.360005 3.526472 -1.542078 3.135829 -0.076367
 34 9.463272 16.404863 -2.906023 -1.542109 3.135770 -0.078443
 35 9.125259 10.885474 -11.371305 -0.000492 3.060460 0.000256
 36 9.023239 -0.000003 -17.296175 0.000180 -0.068960 -3.141356
 37 12.691406 -0.000003 -19.438765 -0.015703 2.562290 -0.021342
 38 10.989410 0.000002 0.000000 0.000000 0.466367 0.000000
 39 12.871460 -10.586842 -15.652473 0.824175 2.736371 0.352980
 40 10.727005 0.000009 -0.000023 -0.048689 0.453970 -0.010325
 41 12.871460 10.586843 -15.652472 -0.779394 2.740155 -0.355776
 42 10.726974 -0.000023 0.000023 0.048643 0.453787 0.010294
 43 12.847229 -17.570087 -4.701339 1.099740 2.810355 0.495087
 44 11.496506 0.000007 -0.000031 -0.101301 0.496283 -0.014577
 45 12.847183 17.570084 -4.701359 -1.053172 2.818196 -0.484740
 46 11.496460 0.000000 -0.000015 0.101296 0.495932 0.014795
 47 28.485962 0.000010 16.460354 -0.000001 -0.150597 0.000000
 48 23.052765 -6.207911 -0.077286 -1.470206 0.035100 -1.833545
 49 9.436909 -0.000004 -0.000015 -0.066770 0.194149 -0.939738
 50 31.269318 0.000000 0.000015 -0.207888 0.213606 -0.707736
 51 28.756493 0.000008 0.000000 -0.001117 0.032665 0.001416
 52 2.251984 -2.464409 -1.141647 0.481305 0.508197 -0.319329
 53 3.674042 -0.000019 0.000031 -0.277611 0.179024 0.194713
 54 3.614693 0.000019 0.000000 0.013156 0.193871 -0.001558
 55 9.035501 -2.494942 0.484573 -0.001362 0.302449 0.001672
 56 2.943584 0.000000 0.000000 0.010585 0.293657 -0.007800
 57 2.649437 0.000000 0.000015 -0.006498 0.303243 0.008512
 58 9.093616 -0.386665 0.647720 0.020190 0.475380 -0.012607
 59 3.451889 0.000008 0.000000 -0.014209 0.528778 0.009212
 60 2.898178 0.000000 0.000023 -0.000683 0.490858 0.000916
 61 8.894581 1.605850 0.371902 -0.000566 0.547851 0.000704
 62 3.130409 0.000008 0.000031 0.003896 0.567158 -0.005063
 63 2.629547 0.000015 -0.000038 0.004892 0.544388 -0.006589
 64 8.470617 3.459541 0.131485 -0.021715 0.541478 0.011455
 65 2.410271 0.000008 -0.000046 0.022815 0.529939 -0.013321
 66 2.000793 0.000008 0.000015 -0.005415 0.533618 0.007402
 67 23.052765 6.207910 -0.077305 1.481823 0.058644 2.080206
 68 9.436905 0.000019 0.000000 -0.057381 0.302294 0.939222
 69 31.269333 0.000000 -0.000015 0.537279 -0.102320 1.870936
 70 28.756523 0.000015 0.000000 0.452298 0.223930 0.306444
 71 2.251892 2.464409 -1.141556 -0.513217 0.249535 0.112914
 72 3.674088 0.000002 -0.000015 0.331388 -0.059506 -0.325011
 73 3.614685 0.000000 0.000015 0.067360 -0.216133 -0.086857
 74 9.035416 2.494949 0.484436 0.001362 -0.011534 -0.001673
 75 2.943573 0.000008 -0.000031 -0.011498 -0.020268 0.014556
 76 2.649445 0.000008 0.000023 0.006498 -0.010740 -0.008512
 77 9.093689 0.386681 0.647781 -0.018031 0.093461 0.020165
 78 3.451874 0.000008 0.000015 0.014953 0.008589 -0.019838
 79 2.898209 0.000008 -0.000015 0.000683 -0.029445 -0.000917
 80 8.894409 -1.605843 0.371918 0.000566 0.090541 -0.000704
 81 3.130432 0.000008 -0.000046 -0.003896 -0.009289 0.005063
 82 2.629517 -0.000015 0.000015 -0.004892 -0.032059 0.006589
 83 8.470596 -3.459511 0.131401 0.018786 0.137518 -0.020073
 84 2.410271 -0.000008 -0.000015 -0.024238 -0.029075 0.031299
 85 2.000748 0.000008 0.000031 0.005415 -0.025697 -0.007402
 86 9.832352 1.463074 -1.299423 0.016522 -0.031798 -0.020624
 87 25.040604 -5.670407 5.432800 -1.312160 -0.224887 -2.136065
 88 28.779694 -6.856311 -0.811420 -1.466235 0.019064 -1.725377
 89 29.182297 -3.955567 -4.961960 0.881870 2.552753 0.503940
 90 25.040588 5.670406 5.432758 1.296833 -0.398765 2.185823
 91 28.779739 6.856310 -0.811398 1.466235 0.019065 1.725381
 92 29.182281 3.955563 -4.961937 -0.881870 2.552752 -0.503941
 93 -65.335655 -0.000020 1.140918 -3.141591 0.044911 0.000000
 94 26.290924 -12.205289 1.157881 -2.070499 -0.032277 0.037943
 95 49.071030 0.000011 0.000012 2.179705 0.127555 -0.112856
 96 61.871304 -0.000010 -0.000023 3.080256 0.672597 0.035641
 97 26.290924 12.205294 1.157840 2.048603 0.107363 -0.119619
 98 49.071060 0.000000 -0.000031 -2.187262 0.154733 0.063501
 99 61.871315 0.000017 -0.000034 -2.944714 0.642381 0.102745
100 -0.698059 -11.192117 -8.252764 1.141111 -0.285592 -0.469719
101 20.568237 -0.000008 0.000000 0.010301 0.169373 -0.146073
102 0.223785 -5.734809 -12.929605 2.990093 0.376364 -0.271891
103 20.803574 -0.000015 -0.000023 0.036881 0.027121 -0.130714
104 -1.040009 -3.033968 12.140511 1.554517 0.104601 -1.288764
105 -1.039993 3.034004 12.140503 -1.554518 0.104604 1.288764
106 4.165451 -5.407045 12.088392 0.757094 -0.659298 -0.330726
107 16.599457 -0.000011 -0.000038 -0.053635 0.276340 0.019629
108 4.165482 5.407080 12.088381 -0.776067 -0.486043 0.490424
109 16.599388 0.000009 -0.000038 0.047368 0.136414 -0.030456
110 6.428391 0.000001 -0.288944 -0.000001 0.000000 0.000000
111 -1.833771 -13.936461 1.224505 1.567447 0.002888 -0.298251
112 20.406937 -0.000005 -0.000015 0.015897 -0.155847 0.061957
113 21.655495 -0.000006 -0.000015 -0.001022 -0.444110 0.140668
114 22.360664 -0.000008 -0.000023 -0.041484 -0.603298 0.160485
115 22.519653 0.000000 0.000015 -0.011259 -0.092764 0.120895
116 22.140373 0.000006 0.000015 0.015704 -0.193877 0.078077
117 -1.699203 -12.875612 4.918509 1.112145 -0.135236 -0.269964
118 20.938599 0.000011 0.000000 0.048446 -0.171951 0.044353
119 21.993614 -0.000009 -0.000046 0.006877 -0.471690 0.134938
120 22.563786 -0.000017 -0.000015 -0.043540 -0.646542 0.161486
121 22.643337 0.000011 -0.000008 -0.028322 -0.160793 0.105107
122 22.238045 0.000011 0.000008 -0.020145 -0.290458 0.102439
123 -1.634338 -9.854568 8.052345 0.699578 -0.242841 -0.198476
124 22.205292 -0.000001 -0.000023 0.052355 -0.178956 0.026673
125 22.804375 -0.000006 -0.000046 0.009514 -0.487460 0.102432
126 23.051647 0.000000 0.000000 -0.031645 -0.676891 0.121184
127 22.939964 0.000010 -0.000015 -0.025613 -0.208145 0.073113
128 22.472061 0.000017 0.000008 -0.024296 -0.375780 0.083720
129 -1.616135 -5.333253 10.147438 0.333039 -0.306795 -0.101276
130 23.451324 -0.000002 -0.000023 0.029714 -0.181439 0.015167
131 23.608025 -0.000006 -0.000046 0.004908 -0.493861 0.058292
132 23.536217 -0.000002 -0.000015 -0.009634 -0.696216 0.056202
133 23.233963 0.000006 0.000053 -0.006452 -0.237376 0.033472
134 22.703690 0.000010 0.000031 -0.003689 -0.432299 0.032066
135 -1.614517 -0.000000 10.883350 -0.007671 -0.326982 0.006194
136 23.962143 0.000001 -0.000038 -0.004698 -0.182818 0.007747
137 23.938965 -0.000003 0.000008 -0.004614 -0.496880 0.012255
138 23.736012 -0.000003 -0.000015 0.015986 -0.708733 -0.018663
139 23.354973 0.000005 0.000000 0.019140 -0.252823 -0.011300
140 22.798935 -0.000009 0.000015 0.026912 -0.455975 -0.036485
141 -1.616135 5.333251 10.147423 -0.348718 -0.305061 0.113224
142 23.451309 -0.000005 0.000000 -0.039167 -0.184151 -0.000297
143 23.608025 0.000001 -0.000046 -0.013875 -0.499176 -0.035336
144 23.536232 0.000000 -0.000015 0.040914 -0.715542 -0.096691
145 23.233971 -0.000022 0.000015 0.042603 -0.255675 -0.057777
146 22.703674 0.000011 0.000023 0.050871 -0.447532 -0.100486
147 -1.634338 9.854564 8.052345 -0.714503 -0.239523 0.209137
148 22.205261 0.000005 0.000000 -0.062022 -0.184294 -0.013411
149 22.804443 0.000008 -0.000076 -0.018455 -0.497537 -0.083003
150 23.051620 -0.000006 0.000000 0.061275 -0.713020 -0.175898
151 22.939964 -0.000015 0.000023 0.054135 -0.244139 -0.108299
152 22.472061 -0.000008 0.000015 0.065842 -0.405784 -0.179783
153 -1.699203 12.875607 4.918525 -1.126840 -0.130799 0.278674
154 20.938599 0.000021 0.000008 -0.059874 -0.179447 -0.034280
155 21.993591 -0.000001 -0.000061 -0.015955 -0.485095 -0.122996
156 22.563789 0.000000 -0.000015 0.068714 -0.693942 -0.239902
157 22.643341 -0.000004 0.000000 0.045778 -0.211272 -0.161162
158 22.238022 -0.000023 0.000023 0.037928 -0.338718 -0.202730
159 -1.833771 13.936457 1.224504 -1.582770 0.007670 0.304701
160 20.406967 0.000008 -0.000038 -0.029060 -0.164341 -0.056767
161 21.655510 0.000015 -0.000008 -0.008605 -0.458354 -0.139294
162 22.360645 0.000008 0.000000 0.090397 -0.695974 -0.283317
163 22.519676 -0.000004 0.000023 0.057825 -0.188536 -0.219816
164 22.140388 0.000000 0.000015 -0.028052 -0.252709 -0.167617
165 -1.972580 12.875608 -3.614555 -1.866519 0.090176 0.280441
166 20.655182 0.000010 -0.000015 -0.013710 -0.148381 -0.062490
167 21.762238 0.000008 -0.000023 -0.012137 -0.421681 -0.133768
168 22.392151 0.000019 -0.000015 0.029541 -0.600903 -0.258471
169 22.541340 0.000004 0.000008 -0.028439 -0.087174 -0.218391
170 22.217491 -0.000008 0.000015 -0.088934 -0.204161 -0.150356
171 -1.967316 9.854567 -7.722433 -2.199534 0.157751 0.213027
172 21.272720 0.000005 0.000000 0.001620 -0.122401 -0.060806
173 22.032524 0.000030 -0.000053 -0.014200 -0.352577 -0.117021
174 22.475651 0.000004 -0.000008 0.001362 -0.500267 -0.231992
175 22.598701 0.000000 0.000000 -0.058713 0.013287 -0.208654
176 22.407963 0.000004 -0.000015 -0.106333 -0.154437 -0.104362
177 -1.900848 5.333252 -10.470077 -2.626783 0.201073 0.115226
178 21.914322 0.000009 -0.000015 0.006514 -0.088197 -0.043055
179 22.319855 -0.000005 0.000000 -0.013457 -0.266244 -0.079906
180 22.569618 0.000008 -0.000031 -0.016879 -0.375306 -0.178659
181 22.663197 0.000027 -0.000031 -0.060577 0.111182 -0.173798
182 22.604504 0.000023 -0.000038 -0.076057 -0.118706 -0.067027
183 -1.865585 -0.000002 -11.435440 3.133440 0.215460 0.001961
184 22.186661 -0.000004 -0.000004 -0.008310 -0.068003 -0.004747
185 22.443710 -0.000002 -0.000008 -0.007736 -0.217730 -0.012882
186 22.611549 -0.000004 -0.000031 -0.011160 -0.298740 -0.085576
187 22.692009 0.000007 -0.000008 -0.019533 0.168933 -0.107646
188 22.687653 0.000011 -0.000023 -0.035731 -0.094558 -0.057327
189 -1.900848 -5.333257 -10.470071 2.610203 0.199446 -0.111241
190 21.914337 0.000007 -0.000008 -0.023409 -0.083032 0.035917
191 22.319832 -0.000024 -0.000004 -0.000807 -0.256313 0.058509
192 22.569618 -0.000001 -0.000046 0.000609 -0.338345 0.018938
193 22.663223 -0.000029 -0.000008 0.024826 0.164664 -0.017743
194 22.604515 -0.000008 -0.000023 0.024979 -0.088245 -0.026602
195 -1.967285 -9.854565 -7.722441 2.183539 0.154575 -0.208655
196 21.272720 -0.000020 -0.000004 -0.017390 -0.114793 0.058274
197 22.032471 -0.000001 -0.000031 0.001843 -0.339102 0.103746
198 22.475693 -0.000015 -0.000038 -0.008252 -0.449662 0.091851
199 22.598698 -0.000002 -0.000031 0.034592 0.082095 0.060611
200 22.407970 -0.000019 -0.000031 0.061618 -0.099747 0.002398
201 -1.972580 -12.875610 -3.614562 1.850887 0.085849 -0.275203
202 20.655167 0.000006 -0.000015 -0.000662 -0.140018 0.064241
203 21.762253 -0.000011 -0.000008 0.001403 -0.407651 0.128302
204 22.392147 -0.000013 -0.000031 -0.026011 -0.548778 0.135129
205 22.541325 -0.000004 -0.000008 0.015458 -0.022120 0.102431
206 22.217484 0.000008 0.000000 0.058179 -0.135969 0.045321
207 0.059621 0.456168 0.250107 0.000000 -0.000000 0.000000
208 0.059621 0.456168 0.250107 0.000000 -0.000000 0.000000
time 10
  0 0.059621 0.456168 0.250107 0.000000 -0.000000 0.000000
  1 0.059621 0.456168 0.250107 0.000000 -0.000000 0.000000
  2 0.059621 0.456168 0.250107 0.000000 -0.000000 0.000000
  3 0.059621 0.456168 0.250107 0.000000 -0.000000 0.000000
  4 0.059621 0.456168 0.250107 0.000000 -0.000000 0.000000
  5 0.059621 0.456168 0.250107 0.000000 -0.000000 0.000000
  6 0.059621 0.456168 0.250107 0.000000 -0.000000 0.000000
  7 0.059621 0.456168 0.250107 0.000000 -0.000000 0.000000
  8 0.059621 0.456168 0.250107 0.000000 -0.000000 0.000000
  9 0.059621 0.456168 0.250107 0.000000 -0.000000 0.000000
 10 88.516716 -17.425976 127.504890 -1.241095 -0.080263 1.359552
 11 24.668249 0.000000 -0.000031 0.964457 -0.004862 -0.144325
 12 30.380135 0.000000 -0.000008 1.646521 0.084142 0.261115
 13 19.902073 0.000000 0.000015 -0.004653 0.073199 0.016428
 14 -75.489311 46.995258 107.458252 1.916675 -0.002794 -1.543031
 15 35.349514 0.000008 0.000011 -1.434280 0.040190 0.305963
 16 37.124321 -0.000011 -0.000015 -0.981854 0.386837 0.707775
 17 0.059621 0.456168 0.250107 0.064768 -0.005215 -0.156772
 18 0.059621 0.456168 120.054741 1.570796 1.570796 0.000000
 19 -65.799538 -0.000020 1.142855 0.000000 0.000515 3.141077
 20 11.181580 0.005760 -0.002411 0.000000 0.294265 0.000515
 21 27.835175 -0.000000 0.000015 -3.141592 -0.129896 -0.000000
 22 5.330399 -0.000001 0.000000 -3.114375 0.064418 0.005035
 23 10.134888 -4.133392 3.834199 -0.435397 -0.959703 -2.775438
 24 10.134888 4.133398 3.834199 0.435599 -0.959657 2.775303
 25 22.592361 0.000009 17.467110 -0.000010 3.071760 0.000000
 26 21.199982 -7.744007 14.169515 -0.640171 -0.061862 -3.094242
 27 18.142029 -13.440224 7.965774 1.213112 -0.139657 -3.091475
 28 21.199966 7.744022 14.169496 0.640174 -0.061862 3.094242
 29 18.141998 13.440236 7.965774 -0.313635 -0.070446 -3.118242
 30 11.858856 -13.359995 3.526511 1.542030 3.136334 0.059133
 31 9.463272 -16.404863 -2.906044 1.542060 3.136275 0.061208
 32 9.125244 -10.885473 -11.371327 0.000496 3.077702 0.000256
 33 11.858841 13.360003 3.526471 -1.542029 3.136334 -0.059132
 34 9.463257 16.404865 -2.906024 -1.542060 3.136275 -0.061208
 35 9.125275 10.885471 -11.371305 -0.000492 3.077702 0.000256
 36 9.023224 -0.000003 -17.296177 0.000180 -0.051718 -3.141356
 37 12.691422 -0.000003 -19.438766 -0.015219 2.591743 -0.020917
 38 10.989410 0.000002 0.000000 0.000000 0.514283 0.000000
 39 12.871460 -10.586840 -15.652472 0.816532 2.755004 0.331459
 40 10.727020 0.000008 -0.000023 -0.049073 0.501948 -0.010731
 41 12.871445 10.586841 -15.652472 -0.771784 2.759643 -0.335590
 42 10.726974 -0.000020 0.000015 0.049023 0.501784 0.010706
 43 12.847214 -17.570082 -4.701340 1.091665 2.823711 0.467354
 44 11.496490 0.000008 -0.000031 -0.102357 0.543641 -0.017093
 45 12.847183 17.570082 -4.701361 -1.044679 2.833237 -0.457576
 46 11.496475 0.000000 0.000000 0.102352 0.543327 0.017183
 47 28.485962 0.000010 16.460354 -0.000001 -0.162324 0.000000
 48 23.052765 -6.207911 -0.077290 -1.470206 0.035100 -1.833545
 49 9.436905 -0.000004 -0.000031 -0.080315 0.129042 -1.053604
 50 31.269325 0.000000 0.000000 -0.242059 0.240598 -0.833664
 51 28.756508 0.000015 0.000000 -0.001117 0.032665 0.001416
 52 2.251987 -2.464409 -1.141647 0.481305 0.508197 -0.319329
 53 3.674042 -0.000017 0.000015 -0.277611 0.179024 0.194713
 54 3.614693 0.000011 -0.000015 0.013156 0.193871 -0.001558
 55 9.035500 -2.494942 0.484558 -0.001362 0.302449 0.001673
 56 2.943581 0.000000 -0.000015 0.010585 0.293657 -0.007800
 57 2.649422 0.000000 0.000000 -0.006498 0.303243 0.008512
 58 9.093620 -0.386665 0.647705 0.020190 0.475380 -0.012607
 59 3.451881 0.000000 0.000000 -0.014209 0.528778 0.009212
 60 2.898163 0.000000 0.000031 -0.000683 0.490858 0.000916
 61 8.894588 1.605858 0.371887 -0.000566 0.547851 0.000704
 62 3.130409 0.000000 0.000031 0.003896 0.567158 -0.005063
 63 2.629532 0.000000 -0.000046 0.004892 0.544389 -0.006589
 64 8.470619 3.459534 0.131500 -0.021715 0.541478 0.011455
 65 2.410263 -0.000008 -0.000046 0.022815 0.529939 -0.013321
 66 2.000793 0.000015 0.000015 -0.005415 0.533618 0.007402
 67 23.052765 6.207911 -0.077309 1.481823 0.058643 2.080206
 68 9.436890 0.000023 0.000000 -0.082975 0.279786 1.003995
 69 31.269341 -0.000008 -0.000031 0.543397 -0.173947 1.861326
 70 28.756516 0.000000 0.000000 0.464701 0.163713 0.328265
 71 2.251907 2.464409 -1.141563 -0.513217 0.249535 0.112914
 72 3.674095 0.000004 -0.000015 0.331388 -0.059506 -0.325011
 73 3.614670 0.000008 0.000046 0.067360 -0.216133 -0.086857
 74 9.035416 2.494957 0.484421 0.001362 -0.011534 -0.001673
 75 2.943573 0.000015 -0.000023 -0.011498 -0.020268 0.014556
 76 2.649445 0.000000 0.000023 0.006498 -0.010740 -0.008512
 77 9.093704 0.386673 0.647781 -0.018031 0.093461 0.020165
 78 3.451859 0.000000 0.000000 0.014953 0.008589 -0.019838
 79 2.898209 0.000000 0.000000 0.000684 -0.029445 -0.000917
 80 8.894409 -1.605850 0.371918 0.000566 0.090541 -0.000704
 81 3.130432 0.000008 -0.000046 -0.003896 -0.009289 0.005063
 82 2.629532 0.000008 0.000015 -0.004892 -0.032059 0.006589
 83 8.470612 -3.459518 0.131393 0.018786 0.137518 -0.020073
 84 2.410278 0.000008 -0.000015 -0.024238 -0.029075 0.031299
 85 2.000763 0.000000 0.000031 0.005415 -0.025697 -0.007402
 86 9.832367 1.463066 -1.299431 0.016523 -0.031798 -0.020624
 87 25.040604 -5.670406 5.432796 -1.312160 -0.224887 -2.136065
 88 28.779709 -6.856310 -0.811424 -1.466235 0.019064 -1.725377
 89 29.182312 -3.955566 -4.961964 0.881870 2.552753 0.503940
 90 25.040573 5.670407 5.432755 1.296833 -0.398765 2.185823
 91 28.779755 6.856311 -0.811401 1.466235 0.019065 1.725381
 92 29.182281 3.955564 -4.961945 -0.881870 2.552752 -0.503941
 93 -65.335655 -0.000020 1.140918 -3.141591 0.044911 0.000000
 94 26.290924 -12.205289 1.157882 -2.070332 -0.034882 0.033168
 95 49.071045 0.000009 0.000011 2.179705 0.127556 -0.112856
 96 61.871307 -0.000010 -0.000023 3.080256 0.672597 0.035641
 97 26.290924 12.205294 1.157841 2.049324 0.103773 -0.112667
 98 49.071045 0.000005 -0.000029 -2.187262 0.154733 0.063501
 99 61.871315 0.000016 -0.000031 -2.944714 0.642381 0.102744
100 -0.698059 -11.192117 -8.252764 1.133998 -0.269221 -0.443748
101 20.568237 -0.000008 -0.000008 0.010302 0.180070 -0.145665
102 0.223785 -5.734809 -12.929605 2.996255 0.357610 -0.254718
103 20.803574 -0.000015 -0.000023 0.031694 0.043059 -0.138598
104 -1.040009 -3.033968 12.140509 1.554517 0.104601 -1.288764
105 -1.039993 3.034004 12.140501 -1.554518 0.104604 1.288764
106 4.165451 -5.407045 12.088388 0.743724 -0.624893 -0.308405
107 16.599442 -0.000004 -0.000023 -0.054007 0.316996 0.018085
108 4.165482 5.407080 12.088381 -0.767825 -0.471724 0.472090
109 16.599403 0.000009 -0.000038 0.047211 0.157667 -0.029512
110 6.428391 0.000001 -0.288945 -0.000001 -0.000000 -0.000000
111 -1.833771 -13.936461 1.224504 1.567899 0.005761 -0.278231
112 20.406952 -0.000003 -0.000015 0.016815 -0.093206 0.050293
113 21.655502 -0.000006 -0.000008 0.006850 -0.369946 0.115818
114 22.360668 -0.000008 -0.000038 -0.038761 -0.616494 0.150455
115 22.519648 0.000000 -0.000008 -0.022898 -0.237033 0.145660
116 22.140373 0.000004 -0.000008 0.015009 -0.200295 0.076458
117 -1.699203 -12.875612 4.918509 1.109870 -0.123784 -0.252353
118 20.938614 0.000011 0.000008 0.049390 -0.107395 0.034772
119 21.993614 -0.000010 -0.000046 0.015263 -0.394998 0.111836
120 22.563782 -0.000019 0.000000 -0.042278 -0.656299 0.156499
121 22.643326 0.000011 -0.000008 -0.038996 -0.296249 0.135328
122 22.238052 0.000011 0.000008 -0.020544 -0.295997 0.101068
123 -1.634338 -9.854568 8.052346 0.696300 -0.225488 -0.185924
124 22.205276 -0.000000 -0.000015 0.052847 -0.114414 0.020329
125 22.804382 -0.000006 -0.000038 0.016075 -0.411257 0.085550
126 23.051651 -0.000002 -0.000015 -0.031114 -0.685985 0.118623
127 22.939964 0.000013 -0.000015 -0.034174 -0.336859 0.098723
128 22.472046 0.000013 0.000023 -0.024502 -0.381094 0.082820
129 -1.616135 -5.333253 10.147438 0.331212 -0.286429 -0.095026
130 23.451309 -0.000001 -0.000023 0.030341 -0.117867 0.011730
131 23.608017 -0.000007 -0.000038 0.008495 -0.419174 0.049189
132 23.536224 -0.000004 -0.000038 -0.009498 -0.705170 0.055322
133 23.233963 0.000004 0.000038 -0.011860 -0.361319 0.048240
134 22.703674 0.000009 0.000023 -0.003932 -0.437566 0.031860
135 -1.614517 -0.000000 10.883350 -0.007553 -0.305788 0.005815
136 23.962143 0.000001 -0.000038 -0.004409 -0.119660 0.006763
137 23.938950 -0.000003 0.000008 -0.003979 -0.422747 0.010475
138 23.736015 -0.000003 -0.000038 0.016432 -0.717568 -0.019698
139 23.354958 0.000005 -0.000008 0.017151 -0.374481 -0.008132
140 22.798920 -0.000010 0.000008 0.026872 -0.461229 -0.036560
141 -1.616135 5.333251 10.147423 -0.346692 -0.284841 0.106251
142 23.451309 -0.000006 0.000008 -0.039598 -0.120269 0.001276
143 23.608025 -0.000000 -0.000046 -0.016392 -0.423876 -0.029735
144 23.536243 0.000001 -0.000015 0.042347 -0.723852 -0.099112
145 23.233963 -0.000021 -0.000008 0.045036 -0.377791 -0.069484
146 22.703659 0.000009 0.000023 0.050618 -0.452807 -0.100120
147 -1.634338 9.854564 8.052344 -0.711489 -0.222450 0.195973
148 22.205276 0.000005 0.000000 -0.063071 -0.119156 -0.008763
149 22.804451 0.000009 -0.000076 -0.024385 -0.420108 -0.069447
150 23.051628 -0.000004 -0.000008 0.062357 -0.720585 -0.177455
151 22.939957 -0.000011 0.000015 0.060391 -0.368603 -0.131682
152 22.472069 -0.000004 0.000015 0.065872 -0.411105 -0.179792
153 -1.699203 12.875607 4.918524 -1.124584 -0.119701 0.260615
154 20.938614 0.000021 0.000000 -0.060531 -0.113999 -0.025945
155 21.993591 -0.000001 -0.000061 -0.024182 -0.406809 -0.101643
156 22.563797 0.000004 -0.000023 0.067962 -0.701972 -0.236840
157 22.643341 -0.000002 -0.000008 0.055149 -0.339401 -0.190843
158 22.238022 -0.000027 0.000023 0.038191 -0.344257 -0.200016
159 -1.833771 13.936457 1.224504 -1.582951 0.010214 0.284403
160 20.406967 0.000007 -0.000038 -0.029966 -0.100722 -0.045493
161 21.655502 0.000011 -0.000008 -0.017045 -0.382532 -0.114413
162 22.360645 0.000008 -0.000008 0.086716 -0.706383 -0.274058
163 22.519657 -0.000004 0.000008 0.067679 -0.317189 -0.243339
164 22.140381 -0.000008 0.000031 -0.027194 -0.259211 -0.164350
165 -1.972565 12.875608 -3.614555 -1.868223 0.087268 0.261212
166 20.655167 0.000008 -0.000015 -0.014496 -0.088649 -0.050763
167 21.762253 0.000007 -0.000015 -0.019407 -0.351719 -0.109537
168 22.392159 0.000017 -0.000023 0.026041 -0.615668 -0.247160
169 22.541340 0.000008 0.000000 -0.018634 -0.221974 -0.241268
170 22.217499 0.000000 0.000015 -0.087710 -0.210643 -0.148471
171 -1.967316 9.854566 -7.722432 -2.201889 0.149887 0.197659
172 21.272720 0.000003 0.000000 0.001036 -0.070625 -0.049817
173 22.032524 0.000026 -0.000046 -0.019275 -0.294919 -0.095591
174 22.475670 0.000015 -0.000015 -0.001957 -0.522163 -0.218750
175 22.598701 0.000008 0.000000 -0.050957 -0.119095 -0.224076
176 22.407951 0.000008 -0.000015 -0.105151 -0.160741 -0.103103
177 -1.900848 5.333252 -10.470076 -2.628478 0.189554 0.106495
178 21.914322 0.000007 -0.000019 0.006351 -0.046122 -0.035350
179 22.319824 -0.000006 -0.000004 -0.015849 -0.224485 -0.065291
180 22.569626 0.000004 -0.000031 -0.019109 -0.406034 -0.166854
181 22.663200 0.000023 -0.000031 -0.056194 -0.010008 -0.177873
182 22.604500 0.000015 -0.000046 -0.073573 -0.124951 -0.062785
183 -1.865585 -0.000002 -11.435440 3.133409 0.202574 0.001809
184 22.186676 -0.000004 -0.000004 -0.008792 -0.031095 -0.003756
185 22.443710 -0.000002 -0.000008 -0.007988 -0.184985 -0.010861
186 22.611542 -0.000004 -0.000023 -0.012354 -0.335070 -0.081351
187 22.692009 0.000006 -0.000008 -0.018208 0.052953 -0.094267
188 22.687645 0.000011 -0.000031 -0.035606 -0.100818 -0.056751
189 -1.900848 -5.333257 -10.470070 2.611833 0.187987 -0.102775
190 21.914337 0.000008 -0.000008 -0.023412 -0.041700 0.029784
191 22.319839 -0.000023 0.000000 0.000808 -0.216161 0.047286
192 22.569618 -0.000002 -0.000038 0.000436 -0.372622 0.013597
193 22.663223 -0.000028 -0.000015 0.021549 0.032427 0.005712
194 22.604507 -0.000006 -0.000023 0.024333 -0.094529 -0.026671
195 -1.967285 -9.854566 -7.722440 2.185814 0.146869 -0.193498
196 21.272720 -0.000017 0.000000 -0.017112 -0.064000 0.048102
197 22.032471 0.000003 -0.000023 0.006023 -0.283364 0.084448
198 22.475685 -0.000011 -0.000038 -0.006834 -0.475410 0.081259
199 22.598698 0.000004 -0.000023 0.025697 -0.065035 0.083977
200 22.407970 -0.000015 -0.000023 0.060697 -0.106059 0.001843
201 -1.972565 -12.875610 -3.614562 1.852858 0.083202 -0.256191
202 20.655182 0.000008 -0.000011 -0.000043 -0.081267 0.052680
203 21.762276 -0.000011 -0.000008 0.007854 -0.339465 0.104959
204 22.392143 -0.000011 -0.000038 -0.023446 -0.566516 0.123766
205 22.541325 -0.000008 -0.000008 0.004005 -0.170604 0.126605
206 22.217484 0.000006 0.000008 0.057448 -0.142410 0.044706
207 0.059621 0.456168 0.250107 0.000000 -0.000000 0.000000
208 0.059621 0.456168 0.250107 0.000000 -0.000000 0.000000
time 11
  0 0.059621 0.456168 0.250107 0.000000 -0.000000 0.000000
  1 0.059621 0.456168 0.250107 0.000000 -0.000000 0.000000
  2 0.059621 0.456168 0.250107 0.000000 -0.000000 0.000000
  3 0.059621 0.456168 0.250107 0.000000 -0.000000 0.000000
  4 0.059621 0.456168 0.250107 0.000000 -0.000000 0.000000
  5 0.059621 0.456168 0.250107 0.000000 -0.000000 0.000000
  6 0.059621 0.456168 0.250107 0.000000 -0.000000 0.000000
  7 0.059621 0.456168 0.250107 0.000000 -0.000000 0.000000
  8 0.059621 0.456168 0.250107 0.000000 -0.000000 0.000000
  9 0.059621 0.456168 0.250107 0.000000 -0.000000 0.000000
 10 82.658073 -26.606138 126.056770 -1.241095 -0.080263 1.286296
 11 24.668251 0.000000 -0.000031 0.964628 -0.013966 -0.127093
 12 30.380142 -0.000015 0.000000 1.644362 0.077120 0.246767
 13 19.902084 -0.000008 -0.000008 -0.004259 0.069012 0.015434
 14 -71.352257 52.865818 107.458252 -1.230887 3.129542 1.503863
 15 35.349510 0.000000 0.000019 -1.436563 0.073852 0.300569
 16 37.124329 -0.000004 -0.000015 -0.986267 0.365027 0.702375
 17 0.059621 0.456168 0.250107 0.064768 -0.005215 -0.156772
 18 0.059621 0.456168 124.656296 1.570796 1.570796 0.000000
 19 -65.799545 -0.000020 1.142855 0.000000 0.000515 3.141077
 20 11.181580 0.005760 -0.002411 0.000000 0.300166 0.000515
 21 27.835175 -0.000000 0.000019 -3.141592 -0.129896 -0.000000
 22 5.330383 -0.000001 -0.000002 -3.120872 0.078068 0.005263
 23 10.134888 -4.133394 3.834197 -0.418745 -0.933798 -2.795836
 24 10.134888 4.133399 3.834197 0.418956 -0.933751 2.795698
 25 22.592346 0.000009 17.467106 -0.000010 3.089002 0.000000
 26 21.199982 -7.744009 14.169515 -0.639530 -0.048013 -3.104547
 27 18.142014 -13.440228 7.965772 1.210831 -0.133596 -3.075169
 28 21.199966 7.744022 14.169494 0.639533 -0.048013 3.104546
 29 18.141983 13.440237 7.965768 -0.313258 -0.054039 -3.123564
 30 11.858856 -13.359999 3.526509 1.541974 3.136839 0.041898
 31 9.463272 -16.404865 -2.906046 1.542004 3.136780 0.043973
 32 9.125244 -10.885475 -11.371325 0.000496 3.094944 0.000256
 33 11.858856 13.360004 3.526471 -1.541973 3.136839 -0.041897
 34 9.463257 16.404867 -2.906027 -1.542003 3.136779 -0.043974
 35 9.125275 10.885473 -11.371305 -0.000492 3.094944 0.000256
 36 9.023224 -0.000002 -17.296177 0.000180 -0.034477 -3.141356
 37 12.691406 -0.000002 -19.438763 -0.014897 2.610396 -0.020633
 38 10.989410 0.000003 0.000000 0.000000 0.545477 0.000000
 39 12.871475 -10.586842 -15.652471 0.812737 2.767570 0.319295
 40 10.727020 0.000005 -0.000031 -0.049327 0.533192 -0.010886
 41 12.871445 10.586843 -15.652474 -0.768000 2.772563 -0.324180
 42 10.726974 -0.000021 0.000023 0.049274 0.533043 0.010865
 43 12.847214 -17.570086 -4.701343 1.087580 2.833470 0.451238
 44 11.496506 0.000004 -0.000031 -0.103055 0.574443 -0.018595
 45 12.847183 17.570084 -4.701359 -1.040512 2.843825 -0.441807
 46 11.496460 0.000001 -0.000015 0.103051 0.574156 0.018596
 47 28.485947 0.000010 16.460350 -0.000001 -0.173881 0.000000
 48 23.052750 -6.207911 -0.077290 -1.470206 0.035100 -1.833545
 49 9.436909 0.000000 -0.000046 -0.093860 0.063581 -1.163766
 50 31.269323 -0.000008 0.000015 -0.276146 0.266776 -0.959593
 51 28.756496 0.000000 0.000000 -0.001117 0.032665 0.001416
 52 2.251987 -2.464409 -1.141632 0.481305 0.508197 -0.319329
 53 3.674038 -0.000011 0.000015 -0.277611 0.179024 0.194713
 54 3.614700 0.000015 0.000000 0.013156 0.193871 -0.001558
 55 9.035503 -2.494949 0.484573 -0.001362 0.302449 0.001673
 56 2.943581 0.000000 -0.000015 0.010585 0.293657 -0.007800
 57 2.649429 0.000000 0.000000 -0.006498 0.303243 0.008512
 58 9.093616 -0.386673 0.647705 0.020190 0.475380 -0.012607
 59 3.451889 0.000000 0.000000 -0.014209 0.528778 0.009212
 60 2.898193 0.000008 0.000031 -0.000683 0.490858 0.000916
 61 8.894581 1.605843 0.371902 -0.000566 0.547851 0.000704
 62 3.130405 0.000000 0.000031 0.003896 0.567158 -0.005064
 63 2.629532 0.000000 -0.000061 0.004892 0.544389 -0.006589
 64 8.470615 3.459518 0.131500 -0.021715 0.541478 0.011456
 65 2.410271 0.000000 -0.000061 0.022815 0.529939 -0.013321
 66 2.000778 0.000000 0.000000 -0.005415 0.533618 0.007402
 67 23.052750 6.207911 -0.077309 1.481823 0.058643 2.080206
 68 9.436897 0.000023 -0.000015 -0.108733 0.256407 1.066793
 69 31.269329 -0.000008 -0.000015 0.548739 -0.245574 1.850019
 70 28.756531 0.000000 0.000000 0.476409 0.103496 0.349300
 71 2.251892 2.464409 -1.141556 -0.513217 0.249535 0.112914
 72 3.674103 0.000004 -0.000031 0.331388 -0.059506 -0.325011
 73 3.614685 0.000008 0.000015 0.067360 -0.216133 -0.086857
 74 9.035400 2.494949 0.484428 0.001362 -0.011534 -0.001673
 75 2.943558 0.000008 -0.000023 -0.011498 -0.020268 0.014556
 76 2.649445 0.000000 0.000023 0.006498 -0.010740 -0.008512
 77 9.093674 0.386673 0.647781 -0.018031 0.093461 0.020165
 78 3.451874 0.000000 0.000000 0.014953 0.008589 -0.019838
 79 2.898193 0.000000 0.000000 0.000684 -0.029445 -0.000917
 80 8.894409 -1.605843 0.371918 0.000566 0.090541 -0.000704
 81 3.130432 0.000000 -0.000031 -0.003896 -0.009289 0.005063
 82 2.629532 0.000000 0.000015 -0.004892 -0.032059 0.006589
 83 8.470596 -3.459518 0.131393 0.018786 0.137518 -0.020073
 84 2.410278 0.000000 -0.000015 -0.024238 -0.029075 0.031299
 85 2.000748 -0.000008 0.000015 0.005415 -0.025697 -0.007402
 86 9.832336 1.463066 -1.299431 0.016522 -0.031798 -0.020624
 87 25.040588 -5.670406 5.432800 -1.312159 -0.224887 -2.136065
 88 28.779694 -6.856310 -0.811424 -1.466235 0.019064 -1.725377
 89 29.182312 -3.955566 -4.961960 0.881870 2.552753 0.503940
 90 25.040558 5.670407 5.432755 1.296833 -0.398765 2.185823
 91 28.779724 6.856311 -0.811401 1.466235 0.019065 1.725381
 92 29.182266 3.955564 -4.961941 -0.881870 2.552752 -0.503941
 93 -65.335648 -0.000020 1.140918 -3.141591 0.044911 0.000000
 94 26.290924 -12.205289 1.157882 -2.070166 -0.037488 0.028392
 95 49.071030 0.000008 0.000013 2.179705 0.127556 -0.112856
 96 61.871307 -0.000010 -0.000023 3.080256 0.672597 0.035641
 97 26.290924 12.205294 1.157841 2.050044 0.100183 -0.105715
 98 49.071053 0.000005 -0.000028 -2.187262 0.154733 0.063501
 99 61.871300 0.000016 -0.000031 -2.944714 0.642381 0.102744
100 -0.698059 -11.192117 -8.252764 1.129526 -0.258229 -0.426592
101 20.568237 -0.000008 0.000000 0.010303 0.190476 -0.145258
102 0.223785 -5.734809 -12.929605 3.000120 0.345150 -0.243490
103 20.803589 -0.000011 -0.000023 0.026507 0.058996 -0.145866
104 -1.040009 -3.033968 12.140509 1.554517 0.104601 -1.288764
105 -1.039993 3.034004 12.140501 -1.554518 0.104604 1.288764
106 4.165451 -5.407045 12.088388 0.736086 -0.602441 -0.294508
107 16.599457 -0.000004 -0.000031 -0.054334 0.356439 0.016750
108 4.165482 5.407080 12.088381 -0.759950 -0.458146 0.454138
109 16.599396 0.000011 -0.000031 0.047036 0.178142 -0.028681
110 6.428391 0.000001 -0.288944 -0.000001 -0.000000 -0.000000
111 -1.833771 -13.936460 1.224504 1.567987 0.007645 -0.265097
112 20.406952 -0.000003 -0.000019 0.017000 -0.044297 0.041493
113 21.655487 -0.000005 -0.000008 0.012361 -0.295895 0.093763
114 22.360672 -0.000006 -0.000031 -0.029891 -0.598623 0.131504
115 22.519642 0.000004 -0.000015 -0.032899 -0.336262 0.159811
116 22.140366 0.000010 0.000008 0.014353 -0.194554 0.075344
117 -1.699203 -12.875611 4.918509 1.108483 -0.116208 -0.240765
118 20.938599 0.000011 0.000000 0.049727 -0.056737 0.027493
119 21.993622 -0.000010 -0.000053 0.021364 -0.318243 0.091063
120 22.563797 -0.000021 -0.000015 -0.034189 -0.635688 0.141333
121 22.643335 0.000004 -0.000015 -0.048604 -0.389302 0.155449
122 22.238037 0.000011 0.000015 -0.020942 -0.290536 0.099648
123 -1.634338 -9.854567 8.052346 0.694853 -0.213895 -0.177608
124 22.205307 -0.000000 -0.000015 0.053494 -0.063281 0.015439
125 22.804390 -0.000007 -0.000038 0.020969 -0.334432 0.070326
126 23.051651 -0.000002 -0.000015 -0.025671 -0.665155 0.109536
127 22.939962 0.000011 -0.000031 -0.042214 -0.426304 0.117026
128 22.472046 0.000011 0.000023 -0.024708 -0.375671 0.081888
129 -1.616135 -5.333254 10.147438 0.330062 -0.272708 -0.090858
130 23.451309 -0.000002 -0.000023 0.030412 -0.067055 0.009080
131 23.608032 -0.000005 -0.000038 0.011350 -0.343466 0.040788
132 23.536224 -0.000004 -0.000046 -0.006167 -0.685303 0.049730
133 23.233961 0.000004 0.000031 -0.016481 -0.448805 0.057478
134 22.703674 0.000011 0.000031 -0.004174 -0.432152 0.031654
135 -1.614517 -0.000000 10.883350 -0.007479 -0.291462 0.005562
136 23.962143 0.000001 -0.000031 -0.004496 -0.069018 0.006019
137 23.938965 -0.000003 0.000015 -0.003445 -0.347440 0.008806
138 23.736012 -0.000003 -0.000023 0.017381 -0.697908 -0.021298
139 23.354958 0.000005 -0.000015 0.016142 -0.460746 -0.008043
140 22.798920 -0.000010 0.000008 0.026706 -0.455830 -0.036295
141 -1.616135 5.333250 10.147423 -0.345416 -0.271215 0.101603
142 23.451309 -0.000005 0.000000 -0.039854 -0.069210 0.002545
143 23.608009 0.000000 -0.000038 -0.018447 -0.347577 -0.024299
144 23.536240 0.000002 -0.000023 0.040497 -0.703530 -0.096244
145 23.233959 -0.000018 -0.000031 0.047953 -0.464083 -0.078982
146 22.703651 0.000010 0.000023 0.050312 -0.447433 -0.099358
147 -1.634338 9.854565 8.052344 -0.709612 -0.211040 0.187248
148 22.205261 0.000004 0.000008 -0.063030 -0.067532 -0.005135
149 22.804443 0.000008 -0.000076 -0.029009 -0.342202 -0.056503
150 23.051628 -0.000004 -0.000015 0.057207 -0.699171 -0.168928
151 22.939964 -0.000006 0.000015 0.067251 -0.455534 -0.150148
152 22.472061 -0.000008 0.000015 0.065718 -0.405778 -0.178968
153 -1.699203 12.875607 4.918524 -1.123573 -0.112359 0.248729
154 20.938614 0.000021 0.000000 -0.061156 -0.062629 -0.019601
155 21.993614 0.000001 -0.000061 -0.030377 -0.328461 -0.082618
156 22.563797 0.000008 -0.000015 0.059603 -0.680238 -0.222417
157 22.643337 0.000004 -0.000015 0.064409 -0.427601 -0.213585
158 22.238022 -0.000025 0.000008 0.038454 -0.338885 -0.197204
159 -1.833771 13.936458 1.224504 -1.583098 0.011881 0.271083
160 20.406952 0.000006 -0.000034 -0.030073 -0.051029 -0.037007
161 21.655518 0.000012 0.000000 -0.023107 -0.306864 -0.092363
162 22.360657 0.000010 -0.000023 0.074862 -0.687427 -0.252720
163 22.519661 0.000004 0.000000 0.076468 -0.406585 -0.259859
164 22.140388 -0.000004 0.000023 -0.026372 -0.253373 -0.161982
165 -1.972565 12.875609 -3.614555 -1.869312 0.085340 0.248582
166 20.655182 0.000008 -0.000015 -0.014678 -0.041989 -0.041956
167 21.762253 0.000008 -0.000015 -0.024532 -0.281714 -0.088249
168 22.392151 0.000017 -0.000015 0.016380 -0.600988 -0.226210
169 22.541336 0.000011 -0.000015 -0.009984 -0.316020 -0.256285
170 22.217503 -0.000004 0.000015 -0.086381 -0.204763 -0.147801
171 -1.967316 9.854567 -7.722432 -2.203374 0.144679 0.187540
172 21.272720 0.000003 0.000000 0.001196 -0.030105 -0.041575
173 22.032516 0.000027 -0.000038 -0.022774 -0.236532 -0.076958
174 22.475662 0.000006 -0.000008 -0.009446 -0.515964 -0.199036
175 22.598701 0.000000 0.000000 -0.044333 -0.214171 -0.232569
176 22.407959 0.000008 -0.000015 -0.103916 -0.155002 -0.103136
177 -1.900833 5.333252 -10.470076 -2.629542 0.181916 0.100733
178 21.914337 0.000007 -0.000015 0.006413 -0.013034 -0.029576
179 22.319839 -0.000007 0.000000 -0.017472 -0.180671 -0.052628
180 22.569626 0.000006 -0.000015 -0.023345 -0.410783 -0.152139
181 22.663212 0.000031 -0.000038 -0.052658 -0.101330 -0.178168
182 22.604500 0.000027 -0.000046 -0.071247 -0.119172 -0.059606
183 -1.865585 -0.000002 -11.435440 3.133389 0.194024 0.001709
184 22.186661 -0.000004 -0.000004 -0.008747 -0.001935 -0.003005
185 22.443741 -0.000002 -0.000004 -0.008039 -0.149225 -0.008931
186 22.611534 -0.000004 -0.000015 -0.013416 -0.346414 -0.077183
187 22.692017 0.000005 -0.000008 -0.018082 -0.037196 -0.085231
188 22.687645 0.000008 -0.000015 -0.035619 -0.095073 -0.056840
189 -1.900833 -5.333257 -10.470070 2.612857 0.180389 -0.097187
190 21.914368 0.000008 -0.000008 -0.023811 -0.009168 0.025205
191 22.319824 -0.000023 0.000000 0.001926 -0.173696 0.037746
192 22.569626 0.000001 -0.000038 0.002322 -0.379784 0.005538
193 22.663231 -0.000025 -0.000008 0.017191 -0.067272 0.018670
194 22.604515 -0.000007 -0.000031 0.023788 -0.088761 -0.026555
195 -1.967285 -9.854565 -7.722440 2.187250 0.141768 -0.183518
196 21.272720 -0.000018 0.000000 -0.017194 -0.024231 0.040496
197 22.032471 0.000003 -0.000023 0.008796 -0.226653 0.067858
198 22.475685 -0.000015 -0.000031 -0.001684 -0.471572 0.065732
199 22.598705 0.000000 -0.000015 0.017526 -0.170741 0.095500
200 22.407974 -0.000019 -0.000008 0.060017 -0.100273 0.002065
201 -1.972565 -12.875609 -3.614562 1.853519 0.081447 -0.243705
202 20.655167 0.000008 -0.000008 -0.000277 -0.035398 0.043969
203 21.762299 -0.000010 -0.000004 0.012288 -0.271090 0.084598
204 22.392166 -0.000011 -0.000038 -0.015762 -0.553366 0.105273
205 22.541325 -0.000008 -0.000023 -0.005603 -0.274458 0.137765
206 22.217491 0.000006 0.000000 0.056703 -0.136527 0.044783
207 0.059621 0.456168 0.250107 0.000000 -0.000000 0.000000
208 0.059621 0.456168 0.250107 0.000000 -0.000000 0.000000
time 12
  0 0.059621 0.456168 0.250107 0.000000 -0.000000 0.000000
  1 0.059621 0.456168 0.250107 0.000000 -0.000000 0.000000
  2 0.059621 0.456168 0.250107 0.000000 -0.000000 0.000000
  3 0.059621 0.456168 0.250107 0.000000 -0.000000 0.000000
  4 0.059621 0.456168 0.250107 0.000000 -0.000000 0.000000
  5 0.059621 0.456168 0.250107 0.000000 -0.000000 0.000000
  6 0.059621 0.456168 0.250107 0.000000 -0.000000 0.000000
  7 0.059621 0.456168 0.250107 0.000000 -0.000000 0.000000
  8 0.059621 0.456168 0.250107 0.000000 -0.000000 0.000000
  9 0.059621 0.456168 0.250107 0.000000 -0.000000 0.000000
 10 76.489403 -35.856285 124.785103 -1.241095 -0.080263 1.212531
 11 24.668251 0.000015 -0.000046 0.964479 -0.027949 -0.109073
 12 30.380142 -0.000008 0.000015 1.643447 0.075974 0.241235
 13 19.902088 0.000000 0.000000 -0.003837 0.064519 0.014367
 14 -66.412003 58.457130 107.458252 -1.236632 3.115578 1.403482
 15 35.349514 0.000000 0.000015 -1.438513 0.100716 0.296329
 16 37.124332 0.000000 -0.000015 -0.990714 0.343050 0.696933
 17 0.059621 0.456168 0.250107 0.064768 -0.005215 -0.156772
 18 0.059621 0.456168 129.165512 1.570796 1.570796 0.000000
 19 -65.799545 -0.000020 1.142855 0.000000 0.000515 3.141077
 20 11.181580 0.005760 -0.002411 0.000000 0.305948 0.000515
 21 27.835175 -0.000000 0.000023 -3.141592 -0.129896 -0.000000
 22 5.330383 -0.000001 0.000000 -3.127238 0.092182 0.005486
 23 10.134903 -4.133394 3.834198 -0.404053 -0.908553 -2.814206
 24 10.134888 4.133400 3.834197 0.404269 -0.908505 2.814067
 25 22.592392 0.000009 17.467106 -0.000010 3.105898 0.000000
 26 21.199966 -7.744012 14.169515 -0.638903 -0.034441 -3.114644
 27 18.142014 -13.440233 7.965770 1.208596 -0.127657 -3.059191
 28 21.199966 7.744025 14.169492 0.638905 -0.034441 3.114643
 29 18.141998 13.440243 7.965770 -0.312888 -0.037961 -3.128779
 30 11.858871 -13.360005 3.526511 1.541909 3.137334 0.025009
 31 9.463272 -16.404871 -2.906043 1.541938 3.137274 0.027085
 32 9.125259 -10.885479 -11.371322 0.000496 3.111840 0.000256
 33 11.858856 13.360010 3.526470 -1.541908 3.137334 -0.025009
 34 9.463257 16.404873 -2.906025 -1.541937 3.137273 -0.027085
 35 9.125259 10.885478 -11.371305 -0.000492 3.111840 0.000256
 36 9.023239 -0.000002 -17.296169 0.000180 -0.017581 -3.141356
 37 12.691406 -0.000002 -19.438763 -0.014691 2.621389 -0.020410
 38 10.989441 0.000002 0.000000 0.000000 0.556617 0.000000
 39 12.871460 -10.586844 -15.652467 0.811449 2.775758 0.313576
 40 10.727005 0.000003 -0.000015 -0.049419 0.544351 -0.010911
 41 12.871460 10.586847 -15.652469 -0.766547 2.780752 -0.318760
 42 10.726974 -0.000021 0.000008 0.049365 0.544208 0.010892
 43 12.847214 -17.570091 -4.701340 1.086198 2.840459 0.443411
 44 11.496506 0.000004 -0.000031 -0.103308 0.585434 -0.019094
 45 12.847183 17.570091 -4.701360 -1.039322 2.851029 -0.434131
 46 11.496460 0.000002 0.000000 0.103303 0.585158 0.019062
 47 28.485947 0.000010 16.460350 -0.000001 -0.185251 0.000000
 48 23.052765 -6.207912 -0.077282 -1.470206 0.035100 -1.833545
 49 9.436909 -0.000004 -0.000015 -0.107133 -0.000996 -1.268720
 50 31.269321 -0.000008 0.000031 -0.309479 0.291771 -1.082994
 51 28.756500 -0.000004 0.000015 -0.001117 0.032665 0.001416
 52 2.251987 -2.464409 -1.141647 0.481305 0.508197 -0.319329
 53 3.674042 -0.000015 0.000015 -0.277611 0.179024 0.194713
 54 3.614685 0.000008 0.000000 0.013156 0.193871 -0.001558
 55 9.035500 -2.494953 0.484573 -0.001362 0.302449 0.001673
 56 2.943581 0.000008 -0.000015 0.010585 0.293657 -0.007800
 57 2.649422 0.000000 0.000000 -0.006498 0.303243 0.008512
 58 9.093616 -0.386673 0.647720 0.020190 0.475380 -0.012607
 59 3.451889 0.000008 -0.000015 -0.014209 0.528778 0.009212
 60 2.898178 -0.000004 0.000046 -0.000683 0.490858 0.000916
 61 8.894581 1.605850 0.371887 -0.000566 0.547851 0.000704
 62 3.130402 0.000004 0.000031 0.003896 0.567158 -0.005063
 63 2.629532 0.000000 -0.000031 0.004892 0.544389 -0.006589
 64 8.470615 3.459526 0.131500 -0.021715 0.541478 0.011456
 65 2.410263 -0.000004 -0.000046 0.022815 0.529939 -0.013321
 66 2.000793 -0.000004 0.000000 -0.005415 0.533618 0.007402
 67 23.052750 6.207912 -0.077301 1.481823 0.058643 2.080206
 68 9.436897 0.000015 -0.000015 -0.134570 0.232443 1.126732
 69 31.269333 0.000008 0.000000 0.553343 -0.315764 1.836884
 70 28.756516 0.000000 0.000000 0.487321 0.044488 0.369275
 71 2.251907 2.464401 -1.141563 -0.513217 0.249535 0.112914
 72 3.674088 0.000002 -0.000031 0.331388 -0.059506 -0.325011
 73 3.614670 0.000000 0.000015 0.067360 -0.216133 -0.086857
 74 9.035431 2.494949 0.484436 0.001362 -0.011534 -0.001673
 75 2.943573 0.000008 -0.000023 -0.011497 -0.020268 0.014556
 76 2.649445 0.000000 0.000015 0.006498 -0.010740 -0.008512
 77 9.093704 0.386665 0.647781 -0.018031 0.093461 0.020165
 78 3.451874 0.000008 0.000000 0.014953 0.008589 -0.019838
 79 2.898209 0.000000 0.000000 0.000683 -0.029445 -0.000917
 80 8.894424 -1.605850 0.371918 0.000566 0.090541 -0.000704
 81 3.130432 0.000008 -0.000061 -0.003896 -0.009289 0.005063
 82 2.629532 0.000000 0.000031 -0.004892 -0.032059 0.006589
 83 8.470612 -3.459526 0.131401 0.018786 0.137518 -0.020073
 84 2.410294 0.000000 0.000000 -0.024238 -0.029075 0.031299
 85 2.000763 0.000008 0.000031 0.005415 -0.025697 -0.007402
 86 9.832352 1.463058 -1.299423 0.016523 -0.031798 -0.020624
 87 25.040588 -5.670406 5.432800 -1.312160 -0.224887 -2.136065
 88 28.779709 -6.856312 -0.811417 -1.466235 0.019064 -1.725377
 89 29.182312 -3.955567 -4.961960 0.881869 2.552753 0.503940
 90 25.040573 5.670409 5.432762 1.296833 -0.398765 2.185823
 91 28.779739 6.856312 -0.811394 1.466235 0.019065 1.725381
 92 29.182281 3.955565 -4.961929 -0.881870 2.552752 -0.503940
 93 -65.335648 -0.000020 1.140918 -3.141591 0.044911 0.000000
 94 26.290924 -12.205288 1.157883 -2.070002 -0.040041 0.023712
 95 49.071045 0.000008 0.000013 2.179705 0.127555 -0.112856
 96 61.871307 -0.000007 -0.000027 3.080256 0.672597 0.035641
 97 26.290924 12.205295 1.157842 2.050751 0.096665 -0.098902
 98 49.071060 0.000005 -0.000027 -2.187262 0.154733 0.063501
 99 61.871307 0.000014 -0.000031 -2.944714 0.642381 0.102744
100 -0.698059 -11.192116 -8.252762 1.126934 -0.251577 -0.416313
101 20.568237 -0.000007 -0.000008 0.010303 0.200438 -0.144858
102 0.223785 -5.734809 -12.929604 3.002013 0.337592 -0.236746
103 20.803589 -0.000011 -0.000023 0.021423 0.074614 -0.152490
104 -1.040009 -3.033968 12.140511 1.554517 0.104601 -1.288764
105 -1.039993 3.034004 12.140501 -1.554518 0.104604 1.288764
106 4.165451 -5.407045 12.088390 0.731743 -0.589597 -0.286773
107 16.599434 -0.000008 -0.000023 -0.054619 0.394109 0.015609
108 4.165482 5.407080 12.088381 -0.752528 -0.445441 0.436856
109 16.599365 0.000009 -0.000031 0.046841 0.197575 -0.027958
110 6.428391 0.000001 -0.288943 -0.000001 -0.000000 -0.000000
111 -1.833771 -13.936461 1.224504 1.568053 0.008787 -0.257125
112 20.406952 -0.000003 -0.000011 0.016466 -0.006938 0.035043
113 21.655502 -0.000006 0.000000 0.015774 -0.227892 0.075309
114 22.360672 -0.000006 -0.000015 -0.018573 -0.560124 0.108670
115 22.519659 -0.000004 -0.000015 -0.038638 -0.395101 0.164015
116 22.140388 0.000004 0.000000 0.013643 -0.178526 0.074452
117 -1.699203 -12.875612 4.918509 1.107682 -0.111585 -0.233715
118 20.938583 0.000011 0.000000 0.049878 -0.017883 0.022079
119 21.993622 -0.000010 -0.000053 0.025376 -0.247558 0.073415
120 22.563789 -0.000021 0.000000 -0.022962 -0.594628 0.120851
121 22.643349 0.000000 -0.000046 -0.054987 -0.443819 0.165995
122 22.238045 0.000015 -0.000008 -0.021392 -0.275277 0.098097
123 -1.634338 -9.854568 8.052346 0.693788 -0.206747 -0.172506
124 22.205307 -0.000000 -0.000023 0.053451 -0.023696 0.011742
125 22.804398 -0.000008 -0.000038 0.024313 -0.263166 0.057079
126 23.051666 -0.000006 -0.000008 -0.017024 -0.624167 0.094889
127 22.939968 0.000006 -0.000046 -0.047806 -0.479608 0.127506
128 22.472038 0.000013 0.000008 -0.024941 -0.360517 0.080883
129 -1.616135 -5.333253 10.147438 0.329378 -0.264169 -0.088283
130 23.451309 -0.000001 -0.000015 0.030754 -0.027384 0.007023
131 23.608017 -0.000005 -0.000023 0.013204 -0.272730 0.033394
132 23.536224 -0.000006 -0.000046 -0.001547 -0.645239 0.042473
133 23.233955 0.000003 0.000015 -0.020617 -0.501551 0.065889
134 22.703674 0.000008 0.000015 -0.004448 -0.417022 0.031421
135 -1.614517 -0.000000 10.883350 -0.007434 -0.282514 0.005405
136 23.962128 0.000001 -0.000031 -0.004576 -0.029346 0.005475
137 23.938957 -0.000003 0.000008 -0.003494 -0.276889 0.007466
138 23.736023 -0.000003 -0.000023 0.018061 -0.658267 -0.022238
139 23.354958 0.000005 -0.000015 0.015472 -0.513561 -0.007879
140 22.798912 -0.000010 0.000000 0.026330 -0.440741 -0.035564
141 -1.616135 5.333251 10.147423 -0.344657 -0.262735 0.098728
142 23.451309 -0.000004 0.000000 -0.039630 -0.029341 0.003558
143 23.608017 0.000001 -0.000038 -0.020334 -0.276303 -0.019307
144 23.536240 0.000002 -0.000023 0.036643 -0.663242 -0.089772
145 23.233963 -0.000015 -0.000015 0.050228 -0.516661 -0.084898
146 22.703659 0.000010 0.000031 0.049989 -0.432413 -0.097953
147 -1.634338 9.854564 8.052344 -0.708510 -0.204006 0.181896
148 22.205276 0.000005 0.000000 -0.063153 -0.027563 -0.002347
149 22.804474 0.000008 -0.000076 -0.032215 -0.269910 -0.045356
150 23.051628 -0.000002 -0.000008 0.048853 -0.657629 -0.155046
151 22.939964 -0.000006 -0.000015 0.072454 -0.507409 -0.162269
152 22.472061 -0.000011 0.000008 0.065299 -0.390887 -0.176691
153 -1.699203 12.875607 4.918524 -1.122413 -0.107878 0.241498
154 20.938583 0.000021 0.000008 -0.061468 -0.023251 -0.014812
155 21.993607 -0.000002 -0.000061 -0.034400 -0.256406 -0.066125
156 22.563797 0.000008 -0.000015 0.047231 -0.638663 -0.200593
157 22.643341 0.000004 -0.000031 0.070811 -0.479676 -0.226254
158 22.238014 -0.000025 0.000023 0.038750 -0.323870 -0.194125
159 -1.833771 13.936457 1.224504 -1.583198 0.012891 0.263002
160 20.406967 0.000007 -0.000034 -0.030038 -0.013083 -0.030762
161 21.655533 0.000012 0.000000 -0.026848 -0.237431 -0.073821
162 22.360649 0.000008 -0.000015 0.059413 -0.648837 -0.225183
163 22.519661 0.000000 0.000000 0.081709 -0.460066 -0.266667
164 22.140381 -0.000004 0.000023 -0.025486 -0.237077 -0.160074
165 -1.972565 12.875608 -3.614555 -1.869963 0.084158 0.240887
166 20.655167 0.000007 -0.000019 -0.014516 -0.006328 -0.035498
167 21.762253 0.000007 -0.000015 -0.027712 -0.217380 -0.070464
168 22.392159 0.000015 -0.000015 0.004179 -0.566823 -0.200685
169 22.541340 0.000011 -0.000008 -0.004838 -0.373529 -0.260773
170 22.217503 0.000004 0.000015 -0.084798 -0.188350 -0.147248
171 -1.967316 9.854566 -7.722432 -2.204261 0.141467 0.181321
172 21.272736 0.000003 0.000000 0.001736 0.000943 -0.035545
173 22.032516 0.000028 -0.000046 -0.024899 -0.182500 -0.061486
174 22.475662 0.000010 -0.000015 -0.018510 -0.491310 -0.176639
175 22.598705 0.000008 -0.000008 -0.040326 -0.274729 -0.233059
176 22.407963 0.000011 -0.000023 -0.102480 -0.138980 -0.103252
177 -1.900848 5.333252 -10.470076 -2.630179 0.177169 0.097163
178 21.914322 0.000006 -0.000019 0.006544 0.012471 -0.025351
179 22.319839 -0.000008 0.000008 -0.018489 -0.139287 -0.042146
180 22.569626 0.000006 -0.000019 -0.028240 -0.398282 -0.136641
181 22.663216 0.000023 -0.000031 -0.050566 -0.163080 -0.174248
182 22.604509 0.000019 -0.000046 -0.068871 -0.103040 -0.056965
183 -1.865585 -0.000002 -11.435440 3.133377 0.188692 0.001646
184 22.186691 -0.000004 -0.000008 -0.009068 0.020643 -0.002449
185 22.443710 -0.000002 0.000000 -0.008327 -0.114719 -0.007326
186 22.611557 -0.000004 -0.000015 -0.014279 -0.340844 -0.073620
187 22.692017 0.000007 -0.000015 -0.018533 -0.100242 -0.078682
188 22.687653 0.000010 -0.000031 -0.035655 -0.079034 -0.057091
189 -1.900848 -5.333257 -10.470070 2.613470 0.175666 -0.093723
190 21.914337 0.000008 -0.000004 -0.023802 0.015923 0.021874
191 22.319824 -0.000021 0.000004 0.002534 -0.133395 0.030071
192 22.569626 0.000002 -0.000038 0.005214 -0.368951 -0.003600
193 22.663227 -0.000024 -0.000015 0.013714 -0.134885 0.023444
194 22.604507 -0.000006 -0.000023 0.023254 -0.072659 -0.026231
195 -1.967285 -9.854566 -7.722441 2.188107 0.138620 -0.177382
196 21.272705 -0.000018 0.000004 -0.017767 0.006263 0.034949
197 22.032471 0.000003 -0.000019 0.010405 -0.174030 0.054179
198 22.475700 -0.000011 -0.000031 0.005011 -0.448408 0.048298
199 22.598701 0.000000 -0.000023 0.012130 -0.238198 0.097716
200 22.407982 -0.000013 -0.000023 0.059441 -0.084120 0.002690
201 -1.972565 -12.875610 -3.614562 1.854134 0.080371 -0.236093
202 20.655182 0.000007 -0.000015 -0.000383 -0.000316 0.037623
203 21.762268 -0.000009 0.000000 0.014963 -0.208150 0.067784
204 22.392174 -0.000010 -0.000031 -0.006095 -0.519901 0.084053
205 22.541321 -0.000008 -0.000015 -0.011442 -0.337304 0.140400
206 22.217482 0.000000 -0.000008 0.055850 -0.120106 0.045010
207 0.059621 0.456168 0.250107 0.000000 -0.000000 0.000000
208 0.059621 0.456168 0.250107 0.000000 -0.000000 0.000000
time 13
  0 0.059621 0.456168 0.250107 0.000000 -0.000000 0.000000
  1 0.059621 0.456168 0.250107 0.000000 -0.000000 0.000000
  2 0.059621 0.456168 0.250107 0.000000 -0.000000 0.000000
  3 0.059621 0.456168 0.250107 0.000000 -0.000000 0.000000
  4 0.059621 0.456168 0.250107 0.000000 -0.000000 0.000000
  5 0.059621 0.456168 0.250107 0.000000 -0.000000 0.000000
  6 0.059621 0.456168 0.250107 0.000000 -0.000000 0.000000
  7 0.059621 0.456168 0.250107 0.000000 -0.000000 0.000000
  8 0.059621 0.456168 0.250107 0.000000 -0.000000 0.000000
  9 0.059621 0.456168 0.250107 0.000000 -0.000000 0.000000
 10 70.053841 -45.036465 123.679329 -1.241095 -0.080263 1.137792
 11 24.668247 0.000000 -0.000038 0.963894 -0.045941 -0.091209
 12 30.380142 -0.000008 0.000000 1.643662 0.077370 0.242884
 13 19.902079 0.000000 -0.000015 -0.003387 0.059736 0.013231
 14 -60.597328 63.744507 107.458252 -1.242107 3.102549 1.298001
 15 35.349510 0.000008 0.000008 -1.440076 0.121067 0.292602
 16 37.124329 -0.000004 -0.000015 -0.995126 0.321240 0.691532
 17 0.059621 0.456168 0.250107 0.064768 -0.005215 -0.156772
 18 0.059621 0.456168 133.490051 1.570796 1.570796 0.000000
 19 -65.799545 -0.000020 1.142855 0.000000 0.000515 3.141077
 20 11.181580 0.005760 -0.002411 -0.000000 0.311493 0.000515
 21 27.835159 -0.000000 0.000015 -3.141592 -0.129896 -0.000000
 22 5.330353 -0.000001 -0.000004 -3.133344 0.106613 0.005700
 23 10.134872 -4.133393 3.834197 -0.391247 -0.884361 -2.830571
 24 10.134903 4.133398 3.834197 0.391462 -0.884314 2.830435
 25 22.592361 0.000009 17.467106 -0.000010 3.122102 0.000000
 26 21.199997 -7.744009 14.169515 -0.638300 -0.021425 -3.124328
 27 18.142014 -13.440228 7.965772 1.206453 -0.121961 -3.043867
 28 21.199966 7.744022 14.169494 0.638303 -0.021425 3.124327
 29 18.142014 13.440238 7.965772 -0.312534 -0.022541 -3.133781
 30 11.858856 -13.360000 3.526511 1.541836 3.137808 0.008812
 31 9.463287 -16.404865 -2.906045 1.541864 3.137748 0.010888
 32 9.125244 -10.885475 -11.371324 0.000496 3.128044 0.000256
 33 11.858841 13.360007 3.526471 -1.541835 3.137808 -0.008812
 34 9.463242 16.404865 -2.906024 -1.541863 3.137747 -0.010888
 35 9.125275 10.885472 -11.371305 -0.000492 3.128043 0.000256
 36 9.023224 -0.000003 -17.296173 0.000180 -0.001377 -3.141356
 37 12.691406 -0.000003 -19.438763 -0.014496 2.626499 -0.020183
 38 10.989426 0.000002 -0.000015 0.000000 0.544107 0.000000
 39 12.871460 -10.586843 -15.652467 0.811947 2.780523 0.312684
 40 10.727020 0.000005 -0.000023 -0.049095 0.531810 -0.010759
 41 12.871445 10.586842 -15.652469 -0.766885 2.785227 -0.317757
 42 10.727005 -0.000021 0.000008 0.049040 0.531687 0.010467
 43 12.847214 -17.570084 -4.701339 1.086795 2.845166 0.441931
 44 11.496506 0.000005 -0.000031 -0.102545 0.572773 -0.018232
 45 12.847198 17.570084 -4.701359 -1.039594 2.855453 -0.432605
 46 11.496460 0.000002 0.000000 0.102541 0.572506 0.018203
 47 28.485947 0.000010 16.460350 -0.000001 -0.196422 0.000000
 48 23.052765 -6.207911 -0.077286 -1.470206 0.035100 -1.833545
 49 9.436905 -0.000004 -0.000031 -0.119863 -0.063448 -1.366960
 50 31.269325 -0.000008 0.000015 -0.341392 0.315213 -1.201342
 51 28.756498 0.000008 0.000000 -0.001117 0.032665 0.001416
 52 2.251991 -2.464405 -1.141647 0.481305 0.508197 -0.319329
 53 3.674038 -0.000015 0.000015 -0.277611 0.179024 0.194713
 54 3.614693 0.000011 0.000000 0.013156 0.193871 -0.001558
 55 9.035503 -2.494949 0.484573 -0.001362 0.302449 0.001673
 56 2.943577 -0.000004 -0.000015 0.010585 0.293657 -0.007800
 57 2.649429 0.000008 0.000015 -0.006498 0.303243 0.008512
 58 9.093620 -0.386673 0.647705 0.020190 0.475380 -0.012607
 59 3.451889 -0.000008 -0.000015 -0.014209 0.528778 0.009212
 60 2.898178 0.000000 0.000031 -0.000683 0.490858 0.000916
 61 8.894585 1.605850 0.371902 -0.000566 0.547851 0.000704
 62 3.130409 -0.000004 0.000046 0.003896 0.567158 -0.005064
 63 2.629532 0.000004 -0.000046 0.004892 0.544389 -0.006589
 64 8.470619 3.459526 0.131500 -0.021715 0.541478 0.011456
 65 2.410271 0.000000 -0.000046 0.022815 0.529939 -0.013321
 66 2.000793 0.000004 0.000015 -0.005415 0.533618 0.007402
 67 23.052765 6.207910 -0.077301 1.481823 0.058643 2.080206
 68 9.436897 0.000019 -0.000015 -0.160403 0.208180 1.182929
 69 31.269329 -0.000008 -0.000015 0.557253 -0.383079 1.821792
 70 28.756516 0.000000 0.000000 0.497333 -0.012104 0.387919
 71 2.251892 2.464409 -1.141563 -0.513217 0.249535 0.112914
 72 3.674088 0.000008 -0.000015 0.331388 -0.059506 -0.325011
 73 3.614670 0.000000 0.000031 0.067360 -0.216133 -0.086857
 74 9.035416 2.494957 0.484436 0.001362 -0.011534 -0.001673
 75 2.943558 0.000008 -0.000031 -0.011498 -0.020268 0.014556
 76 2.649460 0.000000 0.000031 0.006498 -0.010740 -0.008512
 77 9.093689 0.386681 0.647789 -0.018031 0.093461 0.020165
 78 3.451874 0.000000 0.000015 0.014953 0.008589 -0.019838
 79 2.898209 0.000000 0.000000 0.000683 -0.029445 -0.000917
 80 8.894409 -1.605850 0.371918 0.000566 0.090541 -0.000704
 81 3.130432 0.000000 -0.000046 -0.003896 -0.009289 0.005063
 82 2.629501 0.000000 0.000015 -0.004892 -0.032059 0.006589
 83 8.470596 -3.459526 0.131393 0.018786 0.137518 -0.020073
 84 2.410278 0.000000 0.000000 -0.024238 -0.029075 0.031299
 85 2.000763 0.000000 0.000015 0.005415 -0.025697 -0.007402
 86 9.832336 1.463066 -1.299431 0.016523 -0.031798 -0.020624
 87 25.040588 -5.670406 5.432800 -1.312160 -0.224887 -2.136065
 88 28.779678 -6.856311 -0.811424 -1.466235 0.019064 -1.725377
 89 29.182297 -3.955566 -4.961960 0.881870 2.552753 0.503940
 90 25.040558 5.670407 5.432762 1.296833 -0.398765 2.185823
 91 28.779739 6.856311 -0.811394 1.466235 0.019065 1.725381
 92 29.182266 3.955564 -4.961937 -0.881870 2.552752 -0.503940
 93 -65.335663 -0.000020 1.140918 -3.141591 0.044911 0.000000
 94 26.290924 -12.205288 1.157883 -2.069846 -0.042490 0.019224
 95 49.071022 0.000010 0.000015 2.179705 0.127556 -0.112856
 96 61.871307 -0.000006 -0.000031 3.080256 0.672597 0.035641
 97 26.290924 12.205295 1.157842 2.051428 0.093292 -0.092369
 98 49.071053 0.000005 -0.000026 -2.187262 0.154733 0.063501
 99 61.871311 0.000015 -0.000032 -2.944714 0.642381 0.102744
100 -0.698059 -11.192116 -8.252762 1.125764 -0.248502 -0.411587
101 20.568253 -0.000008 -0.000008 0.010304 0.209802 -0.144475
102 0.223785 -5.734809 -12.929604 3.003078 0.333952 -0.233515
103 20.803574 -0.000008 -0.000015 0.016548 0.089592 -0.158441
104 -1.040009 -3.033968 12.140511 1.554517 0.104601 -1.288764
105 -1.039993 3.034004 12.140501 -1.554518 0.104604 1.288764
106 4.165451 -5.407045 12.088390 0.729760 -0.584680 -0.283852
107 16.599457 -0.000008 -0.000046 -0.054862 0.429445 0.014651
108 4.165482 5.407080 12.088381 -0.745650 -0.433738 0.420530
109 16.599411 0.000010 -0.000031 0.046626 0.215705 -0.027338
110 6.428391 0.000001 -0.288943 -0.000001 -0.000000 -0.000000
111 -1.833771 -13.936461 1.224504 1.568089 0.009359 -0.253136
112 20.406952 -0.000004 -0.000015 0.016361 0.021287 0.030430
113 21.655518 -0.000007 -0.000004 0.017594 -0.168673 0.060603
114 22.360664 -0.000006 -0.000015 -0.007579 -0.510552 0.085801
115 22.519653 -0.000004 -0.000015 -0.040135 -0.420603 0.159952
116 22.140371 0.000004 -0.000008 0.012908 -0.154002 0.073757
117 -1.699203 -12.875612 4.918509 1.107293 -0.109269 -0.230188
118 20.938614 0.000011 0.000008 0.049264 0.011556 0.018131
119 21.993607 -0.000011 -0.000050 0.027710 -0.185838 0.059116
120 22.563797 -0.000019 0.000000 -0.011666 -0.542376 0.099466
121 22.643341 0.000002 -0.000038 -0.056850 -0.466661 0.165858
122 22.238045 0.000004 -0.000008 -0.021872 -0.251904 0.096440
123 -1.634338 -9.854568 8.052345 0.692897 -0.203118 -0.169924
124 22.205307 0.000000 -0.000015 0.053347 0.006557 0.008994
125 22.804398 -0.000007 -0.000038 0.026438 -0.200491 0.046136
126 23.051651 -0.000003 0.000000 -0.007895 -0.571851 0.078626
127 22.939964 0.000006 -0.000046 -0.049956 -0.502104 0.130610
128 22.472042 0.000008 0.000008 -0.025189 -0.337300 0.079813
129 -1.616135 -5.333253 10.147438 0.329037 -0.259776 -0.086962
130 23.451324 -0.000001 -0.000023 0.030697 0.003183 0.005501
131 23.608032 -0.000007 -0.000031 0.014518 -0.210077 0.027252
132 23.536217 -0.000007 -0.000031 0.003549 -0.593721 0.033966
133 23.233967 0.000002 0.000031 -0.021955 -0.524876 0.067850
134 22.703667 0.000008 0.000000 -0.004739 -0.393841 0.031173
135 -1.614517 -0.000000 10.883350 -0.007412 -0.277887 0.005324
136 23.962128 0.000001 -0.000031 -0.004639 0.001313 0.005092
137 23.938965 -0.000003 0.000015 -0.003221 -0.214236 0.006427
138 23.736015 -0.000003 -0.000023 0.018718 -0.607090 -0.023069
139 23.354973 0.000005 -0.000031 0.015256 -0.537120 -0.008050
140 22.798920 -0.000010 0.000000 0.025798 -0.417623 -0.034458
141 -1.616135 5.333251 10.147423 -0.344278 -0.258375 0.097256
142 23.451309 -0.000005 0.000000 -0.039699 0.001370 0.004367
143 23.608032 0.000001 -0.000046 -0.021357 -0.213184 -0.015115
144 23.536263 0.000003 -0.000023 0.032510 -0.611450 -0.082455
145 23.233971 -0.000016 -0.000046 0.051863 -0.539614 -0.089034
146 22.703659 0.000009 0.000015 0.049650 -0.409400 -0.096021
147 -1.634338 9.854564 8.052345 -0.707966 -0.200440 0.179191
148 22.205261 0.000004 0.000008 -0.063173 0.002975 -0.000226
149 22.804459 0.000006 -0.000061 -0.033929 -0.206361 -0.036005
150 23.051643 -0.000003 0.000000 0.039745 -0.604895 -0.138881
151 22.939976 -0.000011 -0.000031 0.074808 -0.529222 -0.167010
152 22.472061 -0.000011 -0.000008 0.064682 -0.368066 -0.173248
153 -1.699203 12.875607 4.918524 -1.122028 -0.105638 0.237889
154 20.938599 0.000021 -0.000008 -0.061336 0.006569 -0.011302
155 21.993591 -0.000001 -0.000061 -0.036962 -0.193553 -0.052589
156 22.563797 0.000008 -0.000008 0.034541 -0.586087 -0.177121
157 22.643347 0.000008 -0.000046 0.072969 -0.500972 -0.229011
158 22.238022 -0.000023 0.000015 0.039066 -0.300864 -0.190837
159 -1.833771 13.936457 1.224504 -1.583251 0.013395 0.258969
160 20.406967 0.000007 -0.000034 -0.030024 0.015561 -0.026270
161 21.655502 0.000011 -0.000004 -0.029052 -0.177012 -0.058948
162 22.360649 0.000006 -0.000015 0.044599 -0.599400 -0.197563
163 22.519661 0.000000 -0.000008 0.082442 -0.483021 -0.263860
164 22.140381 -0.000002 0.000015 -0.024566 -0.212151 -0.158556
165 -1.972580 12.875608 -3.614555 -1.869924 0.083558 0.236988
166 20.655167 0.000008 -0.000015 -0.014054 0.020622 -0.030890
167 21.762253 0.000007 -0.000008 -0.029426 -0.161401 -0.056061
168 22.392166 0.000013 -0.000023 -0.007712 -0.522236 -0.174653
169 22.541348 0.000015 -0.000015 -0.003833 -0.400552 -0.255422
170 22.217499 0.000004 0.000008 -0.083053 -0.163249 -0.146803
171 -1.967316 9.854566 -7.722432 -2.204715 0.139790 0.178080
172 21.272705 0.000003 -0.000004 0.001555 0.024498 -0.031245
173 22.032501 0.000026 -0.000042 -0.026005 -0.135211 -0.049036
174 22.475655 0.000004 -0.000008 -0.027155 -0.456640 -0.154565
175 22.598705 0.000008 -0.000015 -0.039451 -0.306686 -0.225463
176 22.407963 0.000011 -0.000023 -0.100920 -0.114468 -0.103477
177 -1.900848 5.333252 -10.470076 -2.630513 0.174627 0.095254
178 21.914322 0.000007 -0.000015 0.006867 0.031945 -0.022338
179 22.319855 -0.000008 0.000008 -0.019031 -0.102562 -0.033745
180 22.569626 0.000002 -0.000011 -0.032879 -0.376022 -0.121823
181 22.663208 0.000021 -0.000023 -0.049953 -0.199339 -0.166593
182 22.604507 0.000019 -0.000046 -0.066460 -0.078361 -0.054769
183 -1.865585 -0.000002 -11.435440 3.133371 0.185809 0.001613
184 22.186676 -0.000004 -0.000004 -0.008667 0.037982 -0.002045
185 22.443741 -0.000002 -0.000004 -0.008323 -0.083657 -0.005925
186 22.611542 -0.000005 -0.000015 -0.014898 -0.325474 -0.070293
187 22.692017 0.000005 -0.000008 -0.019012 -0.139413 -0.073212
188 22.687637 0.000010 -0.000023 -0.035709 -0.054495 -0.057478
189 -1.900848 -5.333257 -10.470070 2.613792 0.173134 -0.091869
190 21.914337 0.000008 -0.000008 -0.023716 0.035113 0.019516
191 22.319839 -0.000022 0.000008 0.002895 -0.097515 0.024011
192 22.569626 0.000002 -0.000031 0.008298 -0.347862 -0.012754
193 22.663231 -0.000025 0.000000 0.011681 -0.174936 0.023487
194 22.604504 -0.000005 -0.000031 0.022741 -0.048025 -0.025731
195 -1.967285 -9.854566 -7.722441 2.188547 0.136973 -0.174177
196 21.272720 -0.000017 0.000004 -0.017599 0.029427 0.031016
197 22.032471 0.000004 -0.000023 0.011350 -0.127839 0.043412
198 22.475693 -0.000010 -0.000031 0.011607 -0.414642 0.031584
199 22.598709 0.000002 -0.000015 0.009894 -0.273842 0.093640
200 22.407974 -0.000015 -0.000015 0.058962 -0.059410 0.003653
201 -1.972580 -12.875610 -3.614562 1.854444 0.079822 -0.232226
202 20.655167 0.000008 -0.000011 -0.000903 0.026234 0.033112
203 21.762283 -0.000010 0.000000 0.016255 -0.153278 0.054364
204 22.392174 -0.000013 -0.000038 0.003334 -0.475609 0.063029
205 22.541332 -0.000011 -0.000023 -0.013130 -0.366919 0.134809
206 22.217484 -0.000004 -0.000008 0.054934 -0.094995 0.045378
207 0.059621 0.456168 0.250107 0.000000 -0.000000 0.000000
208 0.059621 0.456168 0.250107 0.000000 -0.000000 0.000000
time 14
  0 0.059621 0.456168 0.250107 0.000000 -0.000000 0.000000
  1 0.059621 0.456168 0.250107 0.000000 -0.000000 0.000000
  2 0.059621 0.456168 0.250107 0.000000 -0.000000 0.000000
  3 0.059621 0.456168 0.250107 0.000000 -0.000000 0.000000
  4 0.059621 0.456168 0.250107 0.000000 -0.000000 0.000000
  5 0.059621 0.456168 0.250107 0.000000 -0.000000 0.000000
  6 0.059621 0.456168 0.250107 0.000000 -0.000000 0.000000
  7 0.059621 0.456168 0.250107 0.000000 -0.000000 0.000000
  8 0.059621 0.456168 0.250107 0.000000 -0.000000 0.000000
  9 0.059621 0.456168 0.250107 0.000000 -0.000000 0.000000
 10 63.394573 -54.006645 122.728912 -1.241095 -0.080263 1.061616
 11 24.668247 0.000015 -0.000031 0.962814 -0.067069 -0.074013
 12 30.380135 -0.000008 0.000000 1.644440 0.079375 0.250270
 13 19.902082 0.000000 -0.000015 -0.002911 0.054679 0.012030
 14 -52.810760 68.808708 107.458252 -1.247269 3.090508 1.188000
 15 35.349506 0.000008 0.000019 -1.439882 0.118287 0.292018
 16 37.124329 -0.000008 -0.000023 -0.999438 0.299928 0.686255
 17 0.059621 0.456168 0.250107 0.064768 -0.005215 -0.156772
 18 0.059621 0.456168 137.537582 1.570796 1.570796 0.000000
 19 -65.799545 -0.000020 1.142855 0.000000 0.000515 3.141077
 20 11.181580 0.005760 -0.002411 -0.000000 0.316683 0.000515
 21 27.835159 -0.000000 0.000015 -3.141592 -0.129896 -0.000000
 22 5.330368 -0.000001 -0.000004 -3.139058 0.121216 0.005900
 23 10.134918 -4.133392 3.834198 -0.380245 -0.861615 -2.844963
 24 10.134888 4.133398 3.834199 0.380455 -0.861570 2.844833
 25 22.592377 0.000009 17.467108 -0.000010 3.137267 0.000000
 26 21.199982 -7.744008 14.169514 -0.637737 -0.009243 -3.133391
 27 18.142029 -13.440226 7.965770 1.204447 -0.116630 -3.029525
 28 21.199982 7.744021 14.169491 0.637739 -0.009243 3.133391
 29 18.142029 13.440236 7.965772 -0.312202 -0.008109 -3.138462
 30 11.858856 -13.359997 3.526511 1.541753 3.138252 -0.006347
 31 9.463287 -16.404863 -2.906045 1.541780 3.138191 -0.004272
 32 9.125244 -10.885472 -11.371325 0.000496 -3.139976 0.000256
 33 11.858887 13.360005 3.526472 -1.541752 3.138252 0.006348
 34 9.463272 16.404863 -2.906024 -1.541779 3.138191 0.004272
 35 9.125290 10.885472 -11.371304 -0.000492 -3.139976 0.000256
 36 9.023224 -0.000003 -17.296173 0.000180 0.013789 -3.141356
 37 12.691437 -0.000003 -19.438763 -0.014297 2.626522 -0.019903
 38 10.989410 0.000002 -0.000015 0.000000 0.509641 0.000000
 39 12.871490 -10.586841 -15.652468 0.813905 2.782260 0.315855
 40 10.727005 0.000005 -0.000015 -0.048240 0.497278 -0.010183
 41 12.871429 10.586841 -15.652470 -0.768491 2.786386 -0.320407
 42 10.727005 -0.000024 0.000000 0.048186 0.497207 0.009229
 43 12.847198 -17.570082 -4.701340 1.088974 2.847768 0.445840
 44 11.496506 0.000004 -0.000031 -0.100535 0.537932 -0.015705
 45 12.847198 17.570080 -4.701360 -1.041691 2.857306 -0.436258
 46 11.496460 0.000000 -0.000015 0.100531 0.537691 0.015685
 47 28.485962 0.000010 16.460350 -0.000001 -0.207378 0.000000
 48 23.052765 -6.207911 -0.077278 -1.470206 0.035100 -1.833545
 49 9.436905 -0.000008 -0.000015 -0.131777 -0.122537 -1.456983
 50 31.269333 -0.000015 0.000031 -0.371216 0.336730 -1.312108
 51 28.756496 0.000002 0.000015 -0.001117 0.032665 0.001416
 52 2.251991 -2.464411 -1.141647 0.481305 0.508197 -0.319329
 53 3.674034 -0.000023 0.000015 -0.277611 0.179024 0.194713
 54 3.614693 0.000011 0.000000 0.013156 0.193871 -0.001558
 55 9.035507 -2.494947 0.484573 -0.001362 0.302449 0.001673
 56 2.943581 -0.000002 0.000000 0.010585 0.293657 -0.007800
 57 2.649437 0.000000 0.000015 -0.006498 0.303243 0.008512
 58 9.093620 -0.386673 0.647720 0.020190 0.475380 -0.012607
 59 3.451878 -0.000006 0.000000 -0.014209 0.528778 0.009212
 60 2.898193 0.000004 0.000031 -0.000683 0.490858 0.000916
 61 8.894585 1.605848 0.371902 -0.000566 0.547851 0.000704
 62 3.130409 0.000002 0.000031 0.003896 0.567158 -0.005064
 63 2.629532 0.000000 -0.000046 0.004892 0.544388 -0.006589
 64 8.470619 3.459528 0.131500 -0.021715 0.541478 0.011456
 65 2.410263 0.000000 -0.000061 0.022815 0.529939 -0.013321
 66 2.000793 0.000004 0.000015 -0.005415 0.533618 0.007402
 67 23.052750 6.207910 -0.077309 1.481823 0.058643 2.080206
 68 9.436890 0.000023 0.000000 -0.186146 0.183904 1.234499
 69 31.269337 0.000000 -0.000031 0.560508 -0.446082 1.804609
 70 28.756500 -0.000008 0.000000 0.506344 -0.065071 0.404960
 71 2.251907 2.464401 -1.141556 -0.513217 0.249535 0.112914
 72 3.674088 0.000000 0.000000 0.331388 -0.059506 -0.325011
 73 3.614670 0.000008 0.000015 0.067360 -0.216133 -0.086857
 74 9.035431 2.494949 0.484436 0.001362 -0.011534 -0.001673
 75 2.943558 0.000000 -0.000023 -0.011498 -0.020268 0.014556
 76 2.649445 0.000004 0.000023 0.006498 -0.010740 -0.008512
 77 9.093719 0.386673 0.647797 -0.018031 0.093461 0.020165
 78 3.451843 0.000000 0.000000 0.014953 0.008589 -0.019838
 79 2.898224 0.000000 -0.000015 0.000683 -0.029445 -0.000917
 80 8.894424 -1.605854 0.371925 0.000566 0.090541 -0.000704
 81 3.130432 0.000004 -0.000031 -0.003896 -0.009289 0.005063
 82 2.629532 0.000008 0.000031 -0.004892 -0.032059 0.006589
 83 8.470612 -3.459526 0.131401 0.018786 0.137518 -0.020073
 84 2.410278 -0.000008 -0.000015 -0.024238 -0.029075 0.031299
 85 2.000748 0.000004 0.000015 0.005415 -0.025697 -0.007402
 86 9.832367 1.463058 -1.299423 0.016523 -0.031798 -0.020624
 87 25.040588 -5.670405 5.432793 -1.312160 -0.224887 -2.136065
 88 28.779709 -6.856310 -0.811424 -1.466235 0.019064 -1.725377
 89 29.182297 -3.955566 -4.961956 0.881870 2.552753 0.503940
 90 25.040573 5.670408 5.432762 1.296833 -0.398765 2.185823
 91 28.779724 6.856311 -0.811401 1.466235 0.019065 1.725381
 92 29.182266 3.955564 -4.961937 -0.881870 2.552752 -0.503940
 93 -65.335648 -0.000020 1.140918 -3.141591 0.044911 0.000000
 94 26.290924 -12.205289 1.157883 -2.069699 -0.044782 0.015023
 95 49.071037 0.000008 0.000017 2.179705 0.127556 -0.112856
 96 61.871323 -0.000008 -0.000023 3.080256 0.672597 0.035641
 97 26.290924 12.205294 1.157842 2.052062 0.090134 -0.086254
 98 49.071053 0.000005 -0.000027 -2.187262 0.154733 0.063501
 99 61.871315 0.000012 -0.000035 -2.944714 0.642381 0.102744
100 -0.698059 -11.192117 -8.252762 1.125767 -0.248509 -0.411598
101 20.568253 -0.000009 -0.000008 0.010304 0.218415 -0.144116
102 0.223785 -5.734809 -12.929605 3.003545 0.333599 -0.233202
103 20.803589 -0.000011 -0.000023 0.011986 0.103611 -0.163691
104 -1.040009 -3.033968 12.140511 1.554517 0.104601 -1.288764
105 -1.039993 3.034004 12.140501 -1.554518 0.104604 1.288764
106 4.165451 -5.407045 12.088390 0.730411 -0.586668 -0.285030
107 16.599457 -0.000004 -0.000031 -0.055067 0.461888 0.013862
108 4.165482 5.407080 12.088381 -0.739402 -0.423171 0.405448
109 16.599380 0.000010 -0.000038 0.046391 0.232269 -0.026817
110 6.428391 0.000001 -0.288943 -0.000001 -0.000000 -0.000000
111 -1.833771 -13.936460 1.224504 1.568096 0.009467 -0.252381
112 20.406952 -0.000003 -0.000011 0.016021 0.042620 0.027233
113 21.655502 -0.000005 0.000000 0.018409 -0.118836 0.049013
114 22.360695 -0.000010 -0.000015 0.001865 -0.457635 0.064336
115 22.519665 -0.000010 -0.000015 -0.038110 -0.421013 0.149393
116 22.140373 -0.000004 -0.000023 0.012177 -0.122771 0.073235
117 -1.699203 -12.875611 4.918509 1.107223 -0.108845 -0.229544
118 20.938599 0.000011 0.000008 0.049425 0.033827 0.015313
119 21.993607 -0.000009 -0.000042 0.029037 -0.133788 0.047612
120 22.563789 -0.000017 0.000008 -0.001741 -0.486662 0.078960
121 22.643345 0.000002 -0.000031 -0.055316 -0.464245 0.160873
122 22.238039 0.000008 -0.000008 -0.022358 -0.222102 0.094707
123 -1.634338 -9.854567 8.052348 0.692796 -0.202412 -0.169421
124 22.205307 -0.000001 -0.000023 0.053241 0.029611 0.006979
125 22.804398 -0.000006 -0.000031 0.027672 -0.147214 0.037302
126 23.051666 -0.000003 -0.000008 0.000177 -0.515544 0.063373
127 22.939972 0.000006 -0.000046 -0.049092 -0.500385 0.128074
128 22.472042 0.000010 -0.000008 -0.025440 -0.307692 0.078690
129 -1.616135 -5.333253 10.147437 0.328966 -0.258854 -0.086685
130 23.451309 -0.000001 -0.000015 0.030640 0.026639 0.004380
131 23.608017 -0.000006 -0.000031 0.014937 -0.156450 0.022271
132 23.536232 -0.000006 -0.000038 0.008273 -0.537975 0.025491
133 23.233967 -0.000002 0.000015 -0.021443 -0.524454 0.066271
134 22.703667 0.000008 -0.000008 -0.005035 -0.364277 0.030921
135 -1.614517 -0.000000 10.883349 -0.007408 -0.276889 0.005307
136 23.962128 0.000001 -0.000031 -0.004679 0.024899 0.004838
137 23.938965 -0.000003 0.000015 -0.003329 -0.160469 0.005646
138 23.736038 -0.000003 -0.000031 0.019276 -0.551587 -0.023742
139 23.354965 0.000005 -0.000031 0.015666 -0.537211 -0.009115
140 22.798931 -0.000010 -0.000008 0.025162 -0.388136 -0.033067
141 -1.616135 5.333251 10.147422 -0.344200 -0.257464 0.096949
142 23.451324 -0.000005 -0.000008 -0.040087 0.024925 0.005024
143 23.608017 -0.000000 -0.000038 -0.022017 -0.159169 -0.011644
144 23.536255 0.000003 -0.000015 0.028768 -0.555416 -0.075557
145 23.233967 -0.000016 -0.000031 0.052402 -0.538871 -0.090652
146 22.703663 0.000010 0.000008 0.049299 -0.380044 -0.093682
147 -1.634338 9.854565 8.052344 -0.707863 -0.199754 0.178671
148 22.205261 0.000005 0.000000 -0.063146 0.026226 0.001386
149 22.804459 0.000007 -0.000061 -0.035462 -0.152370 -0.028338
150 23.051636 0.000000 0.000000 0.031726 -0.548262 -0.123520
151 22.939968 -0.000004 -0.000015 0.074397 -0.527105 -0.165805
152 22.472057 -0.000008 -0.000015 0.063933 -0.338949 -0.168931
153 -1.699203 12.875607 4.918525 -1.122326 -0.105238 0.237244
154 20.938599 0.000021 0.000000 -0.060838 0.029099 -0.008740
155 21.993607 0.000000 -0.000057 -0.037913 -0.140555 -0.041726
156 22.563797 0.000008 -0.000015 0.023525 -0.530137 -0.154702
157 22.643349 0.000008 -0.000038 0.071244 -0.498468 -0.223073
158 22.238018 -0.000017 -0.000008 0.039386 -0.271518 -0.187398
159 -1.833771 13.936458 1.224504 -1.583261 0.013487 0.258228
160 20.406982 0.000007 -0.000038 -0.029738 0.037170 -0.023127
161 21.655518 0.000013 -0.000011 -0.030216 -0.126215 -0.047145
162 22.360672 0.000010 -0.000015 0.031923 -0.546868 -0.172076
163 22.519657 0.000004 -0.000015 0.079484 -0.482281 -0.253346
164 22.140373 0.000004 0.000008 -0.023642 -0.180423 -0.157353
165 -1.972565 12.875609 -3.614555 -1.870359 0.083430 0.236160
166 20.655182 0.000009 -0.000015 -0.013872 0.041020 -0.027686
167 21.762253 0.000007 -0.000008 -0.030283 -0.114173 -0.044802
168 22.392166 0.000015 -0.000015 -0.017569 -0.474154 -0.151466
169 22.541344 0.000015 -0.000015 -0.006099 -0.403740 -0.243647
170 22.217495 0.000008 0.000000 -0.081240 -0.131305 -0.146453
171 -1.967316 9.854567 -7.722431 -2.204834 0.139349 0.177228
172 21.272720 0.000003 0.000000 0.002242 0.042395 -0.028285
173 22.032501 0.000023 -0.000042 -0.026335 -0.095191 -0.039278
174 22.475662 0.000006 -0.000008 -0.034483 -0.418450 -0.134730
175 22.598717 0.000004 -0.000008 -0.040933 -0.316402 -0.212709
176 22.407963 0.000015 -0.000023 -0.099316 -0.083258 -0.103836
177 -1.900833 5.333252 -10.470076 -2.630615 0.173846 0.094668
178 21.914322 0.000007 -0.000015 0.007245 0.046868 -0.020278
179 22.319855 -0.000008 0.000004 -0.019244 -0.071169 -0.027133
180 22.569633 0.000003 -0.000015 -0.036776 -0.349717 -0.108732
181 22.663216 0.000025 -0.000023 -0.050494 -0.215658 -0.156370
182 22.604519 0.000019 -0.000046 -0.064032 -0.046940 -0.052927
183 -1.865570 -0.000002 -11.435439 3.133369 0.184871 0.001602
184 22.186691 -0.000004 -0.000004 -0.009006 0.051373 -0.001758
185 22.443726 -0.000002 -0.000002 -0.008447 -0.056806 -0.004861
186 22.611542 -0.000005 -0.000008 -0.015276 -0.305582 -0.067927
187 22.692017 0.000006 -0.000008 -0.019516 -0.159541 -0.068684
188 22.687649 0.000008 -0.000023 -0.035778 -0.023250 -0.057979
189 -1.900833 -5.333257 -10.470070 2.613891 0.172349 -0.091295
190 21.914337 0.000008 -0.000008 -0.023910 0.049851 0.017912
191 22.319809 -0.000021 0.000008 0.002711 -0.066755 0.019284
192 22.569641 0.000005 -0.000031 0.011165 -0.322399 -0.020948
193 22.663239 -0.000019 -0.000008 0.011077 -0.193594 0.020735
194 22.604519 -0.000002 -0.000015 0.022261 -0.016662 -0.025090
195 -1.967285 -9.854565 -7.722440 2.188664 0.136532 -0.173319
196 21.272705 -0.000017 0.000000 -0.018289 0.047065 0.028328
197 22.032486 0.000005 -0.000019 0.011504 -0.088719 0.034922
198 22.475700 -0.000012 -0.000031 0.017352 -0.377041 0.016203
199 22.598701 0.000000 -0.000031 0.010093 -0.285608 0.084708
200 22.407978 -0.000015 -0.000008 0.058571 -0.027953 0.004893
201 -1.972565 -12.875609 -3.614562 1.854511 0.079703 -0.231384
202 20.655182 0.000007 -0.000011 -0.000904 0.046353 0.030014
203 21.762283 -0.000010 0.000000 0.016886 -0.107023 0.043831
204 22.392181 -0.000011 -0.000031 0.011347 -0.427800 0.043767
205 22.541336 -0.000011 -0.000023 -0.011813 -0.371153 0.125080
206 22.217491 -0.000004 -0.000008 0.053998 -0.063039 0.045881
207 0.059621 0.456168 0.250107 0.000000 -0.000000 0.000000
208 0.059621 0.456168 0.250107 0.000000 -0.000000 0.000000
time 15
  0 0.059621 0.456168 0.250107 0.000000 -0.000000 0.000000
  1 0.059621 0.456168 0.250107 0.000000 -0.000000 0.000000
  2 0.059621 0.456168 0.250107 0.000000 -0.000000 0.000000
  3 0.059621 0.456168 0.250107 0.000000 -0.000000 0.000000
  4 0.059621 0.456168 0.250107 0.000000 -0.000000 0.000000
  5 0.059621 0.456168 0.250107 0.000000 -0.000000 0.000000
  6 0.059621 0.456168 0.250107 0.000000 -0.000000 0.000000
  7 0.059621 0.456168 0.250107 0.000000 -0.000000 0.000000
  8 0.059621 0.456168 0.250107 0.000000 -0.000000 0.000000
  9 0.059621 0.456168 0.250107 0.000000 -0.000000 0.000000
 10 56.554710 -62.626904 121.923309 -1.241095 -0.080263 0.983537
 11 24.668251 0.000015 -0.000038 0.961245 -0.090517 -0.057757
 12 30.380142 -0.000008 -0.000008 1.646690 0.080987 0.262278
 13 19.902081 0.000000 -0.000008 -0.002412 0.049364 0.010768
 14 -42.409920 73.691696 107.458252 -1.252073 3.079508 1.074060
 15 35.349510 0.000008 0.000011 -1.437982 0.092671 0.292534
 16 37.124329 0.000000 -0.000015 -1.003582 0.279448 0.681184
 17 0.059621 0.456168 0.250107 0.064768 -0.005215 -0.156772
 18 0.059621 0.456168 141.215744 1.570796 1.570796 0.000000
 19 -65.799545 -0.000020 1.142855 0.000000 0.000515 3.141077
 20 11.181580 0.005760 -0.002411 0.000000 0.321400 0.000515
 21 27.835175 -0.000000 0.000023 -3.141592 -0.129896 -0.000000
 22 5.330399 -0.000001 0.000000 3.138934 0.135845 0.006082
 23 10.134857 -4.133393 3.834198 -0.370970 -0.840708 -2.857407
 24 10.134888 4.133398 3.834198 0.371168 -0.840666 2.857286
 25 22.592346 0.000009 17.467106 -0.000010 -3.132136 0.000000
 26 21.199982 -7.744009 14.169512 -0.637225 0.001828 3.141558
 27 18.141998 -13.440228 7.965769 1.202624 -0.111786 -3.016491
 28 21.199982 7.744023 14.169493 0.637227 0.001828 -3.141558
 29 18.141998 13.440237 7.965770 -0.311901 0.005007 3.140469
 30 11.858856 -13.359999 3.526510 1.541660 3.138656 -0.020123
 31 9.463287 -16.404867 -2.906045 1.541687 3.138595 -0.018048
 32 9.125244 -10.885475 -11.371325 0.000496 -3.126194 0.000256
 33 11.858826 13.360006 3.526468 -1.541659 3.138656 0.020124
 34 9.463257 16.404869 -2.906025 -1.541686 3.138594 0.018048
 35 9.125275 10.885473 -11.371305 -0.000492 -3.126194 0.000256
 36 9.023193 -0.000003 -17.296173 0.000180 0.027571 -3.141356
 37 12.691376 -0.000003 -19.438765 -0.014086 2.621505 -0.019528
 38 10.989410 0.000002 0.000000 0.000000 0.457811 0.000000
 39 12.871490 -10.586842 -15.652471 0.817199 2.780922 0.322933
 40 10.727020 0.000006 -0.000031 -0.047031 0.445392 -0.009006
 41 12.871429 10.586842 -15.652472 -0.771571 2.784148 -0.326525
 42 10.726974 -0.000022 0.000015 0.046977 0.445389 0.007235
 43 12.847229 -17.570084 -4.701341 1.092613 2.848169 0.454914
 44 11.496506 0.000006 -0.000031 -0.097692 0.485626 -0.011602
 45 12.847168 17.570084 -4.701361 -1.045022 2.856456 -0.444849
 46 11.496475 0.000002 0.000000 0.097688 0.485420 0.011595
 47 28.485931 0.000010 16.460350 -0.000001 -0.218104 0.000000
 48 23.052765 -6.207911 -0.077286 -1.470206 0.035100 -1.833545
 49 9.436905 -0.000008 -0.000015 -0.142604 -0.177025 -1.537284
 50 31.269325 -0.000015 0.000015 -0.398284 0.355953 -1.412767
 51 28.756495 0.000002 0.000000 -0.001117 0.032665 0.001416
 52 2.251984 -2.464409 -1.141663 0.481305 0.508197 -0.319329
 53 3.674049 -0.000015 0.000015 -0.277611 0.179024 0.194713
 54 3.614700 0.000008 0.000015 0.013156 0.193871 -0.001558
 55 9.035500 -2.494946 0.484558 -0.001362 0.302449 0.001673
 56 2.943579 0.000000 0.000000 0.010585 0.293657 -0.007800
 57 2.649437 0.000002 0.000015 -0.006498 0.303243 0.008512
 58 9.093620 -0.386673 0.647705 0.020190 0.475380 -0.012607
 59 3.451889 0.000002 0.000000 -0.014209 0.528778 0.009212
 60 2.898163 -0.000002 0.000031 -0.000683 0.490858 0.000916
 61 8.894577 1.605852 0.371887 -0.000566 0.547851 0.000704
 62 3.130402 -0.000002 0.000046 0.003896 0.567158 -0.005064
 63 2.629532 -0.000002 -0.000031 0.004892 0.544388 -0.006589
 64 8.470619 3.459528 0.131485 -0.021715 0.541478 0.011456
 65 2.410263 0.000002 -0.000061 0.022815 0.529939 -0.013321
 66 2.000778 0.000004 0.000015 -0.005415 0.533618 0.007402
 67 23.052765 6.207909 -0.077301 1.481823 0.058643 2.080206
 68 9.436890 0.000019 0.000000 -0.211716 0.159900 1.280560
 69 31.269333 0.000004 -0.000015 0.563149 -0.503336 1.785208
 70 28.756516 0.000008 0.000031 0.514250 -0.113204 0.420126
 71 2.251907 2.464409 -1.141571 -0.513217 0.249535 0.112914
 72 3.674088 0.000004 -0.000015 0.331388 -0.059506 -0.325011
 73 3.614670 0.000008 0.000046 0.067360 -0.216133 -0.086857
 74 9.035431 2.494953 0.484421 0.001362 -0.011534 -0.001673
 75 2.943588 0.000004 -0.000023 -0.011498 -0.020268 0.014556
 76 2.649445 0.000000 0.000031 0.006498 -0.010740 -0.008512
 77 9.093704 0.386673 0.647781 -0.018031 0.093461 0.020165
 78 3.451874 0.000008 0.000015 0.014953 0.008589 -0.019838
 79 2.898209 0.000000 0.000000 0.000684 -0.029445 -0.000917
 80 8.894424 -1.605846 0.371910 0.000566 0.090541 -0.000704
 81 3.130432 0.000000 -0.000031 -0.003896 -0.009289 0.005063
 82 2.629517 0.000000 0.000015 -0.004892 -0.032059 0.006589
 83 8.470627 -3.459515 0.131401 0.018786 0.137518 -0.020073
 84 2.410294 -0.000004 0.000000 -0.024238 -0.029075 0.031299
 85 2.000763 0.000004 0.000015 0.005415 -0.025697 -0.007402
 86 9.832352 1.463062 -1.299431 0.016523 -0.031798 -0.020624
 87 25.040604 -5.670405 5.432793 -1.312160 -0.224887 -2.136065
 88 28.779709 -6.856310 -0.811417 -1.466235 0.019064 -1.725377
 89 29.182297 -3.955566 -4.961952 0.881869 2.552753 0.503940
 90 25.040588 5.670407 5.432762 1.296833 -0.398765 2.185823
 91 28.779739 6.856310 -0.811394 1.466235 0.019065 1.725381
 92 29.182281 3.955564 -4.961937 -0.881870 2.552752 -0.503940
 93 -65.335648 -0.000020 1.140918 -3.141591 0.044911 0.000000
 94 26.290909 -12.205289 1.157884 -2.069566 -0.046864 0.011206
 95 49.071030 0.000007 0.000015 2.179705 0.127556 -0.112856
 96 61.871304 -0.000007 -0.000031 3.080256 0.672597 0.035641
 97 26.290909 12.205294 1.157843 2.052639 0.087265 -0.080697
 98 49.071060 0.000005 -0.000025 -2.187262 0.154733 0.063501
 99 61.871315 0.000012 -0.000033 -2.944714 0.642381 0.102744
100 -0.698074 -11.192117 -8.252762 1.126843 -0.251341 -0.415950
101 20.568253 -0.000006 0.000000 0.010305 0.226124 -0.143790
102 0.223770 -5.734809 -12.929604 3.002788 0.336197 -0.235506
103 20.803574 -0.000011 -0.000015 0.007839 0.116350 -0.168212
104 -1.040024 -3.033968 12.140510 1.554517 0.104601 -1.288764
105 -1.040009 3.034004 12.140502 -1.554518 0.104604 1.288764
106 4.165436 -5.407045 12.088391 0.733228 -0.595129 -0.290085
107 16.599442 -0.000008 -0.000046 -0.055234 0.490877 0.013231
108 4.165466 5.407080 12.088382 -0.733874 -0.413869 0.391898
109 16.599396 0.000011 -0.000023 0.046135 0.247005 -0.026390
110 6.428375 0.000001 -0.288943 -0.000001 -0.000000 -0.000000
111 -1.833771 -13.936460 1.224504 1.568077 0.009170 -0.254452
112 20.406937 -0.000003 -0.000015 0.015838 0.058966 0.025125
113 21.655487 -0.000006 -0.000008 0.018530 -0.077557 0.040057
114 22.360672 -0.000006 -0.000008 0.009282 -0.406467 0.046008
115 22.519653 -0.000010 -0.000008 -0.034083 -0.403943 0.135913
116 22.140377 -0.000004 -0.000015 0.011479 -0.086623 0.072861
117 -1.699203 -12.875611 4.918509 1.107430 -0.110087 -0.231434
118 20.938614 0.000010 0.000000 0.049298 0.050856 0.013353
119 21.993622 -0.000010 -0.000042 0.029473 -0.090570 0.038674
120 22.563789 -0.000019 0.000000 0.006221 -0.432722 0.061050
121 22.643356 -0.000002 -0.000038 -0.051615 -0.445107 0.149811
122 22.238045 0.000000 -0.000015 -0.022830 -0.187555 0.092924
123 -1.634338 -9.854567 8.052346 0.693066 -0.204293 -0.170759
124 22.205307 -0.000000 -0.000015 0.053164 0.047321 0.005524
125 22.804382 -0.000008 -0.000034 0.028343 -0.102718 0.030265
126 23.051659 -0.000004 0.000000 0.006780 -0.460722 0.049570
127 22.939972 0.000002 -0.000046 -0.046168 -0.481530 0.121597
128 22.472046 0.000002 -0.000015 -0.025684 -0.273363 0.077523
129 -1.616135 -5.333254 10.147439 0.329133 -0.261025 -0.087337
130 23.451309 -0.000001 -0.000023 0.030233 0.044750 0.003567
131 23.608032 -0.000007 -0.000023 0.015489 -0.111375 0.018249
132 23.536224 -0.000004 -0.000031 0.012272 -0.483332 0.017821
133 23.233974 0.000001 0.000015 -0.019814 -0.506931 0.062892
134 22.703663 0.000008 0.000000 -0.005322 -0.329996 0.030677
135 -1.614517 -0.000000 10.883351 -0.007418 -0.279130 0.005346
136 23.962128 0.000001 -0.000023 -0.004695 0.043139 0.004691
137 23.938965 -0.000003 0.000008 -0.003435 -0.115161 0.005076
138 23.736031 -0.000003 -0.000023 0.019750 -0.497077 -0.024158
139 23.354969 0.000005 -0.000038 0.016145 -0.520209 -0.009833
140 22.798920 -0.000010 -0.000008 0.024477 -0.353942 -0.031485
141 -1.616135 5.333250 10.147424 -0.344386 -0.259628 0.097678
142 23.451309 -0.000005 0.000000 -0.039562 0.043098 0.005573
143 23.608017 0.000001 -0.000038 -0.022585 -0.113791 -0.008640
144 23.536255 0.000004 -0.000023 0.025380 -0.500689 -0.068211
145 23.233971 -0.000013 -0.000046 0.051243 -0.521343 -0.087347
146 22.703648 0.000014 0.000000 0.048937 -0.345999 -0.091054
147 -1.634338 9.854565 8.052344 -0.708146 -0.201622 0.180088
148 22.205246 0.000005 0.000008 -0.063102 0.044059 0.002620
149 22.804459 0.000009 -0.000069 -0.036024 -0.107310 -0.022127
150 23.051628 -0.000002 0.000008 0.025068 -0.493271 -0.109577
151 22.939972 0.000000 -0.000015 0.072007 -0.508015 -0.159940
152 22.472063 -0.000002 -0.000015 0.063118 -0.305171 -0.164028
153 -1.699203 12.875607 4.918525 -1.122169 -0.106459 0.239211
154 20.938599 0.000020 0.000008 -0.061108 0.046279 -0.006927
155 21.993591 0.000000 -0.000057 -0.039147 -0.096636 -0.033101
156 22.563805 0.000006 -0.000015 0.014798 -0.476011 -0.135599
157 22.643345 0.000011 -0.000046 0.067148 -0.478879 -0.212238
158 22.238012 -0.000015 -0.000008 0.039697 -0.237484 -0.183865
159 -1.833771 13.936458 1.224504 -1.583232 0.013220 0.260368
160 20.406967 0.000007 -0.000031 -0.029578 0.053675 -0.021017
161 21.655518 0.000012 -0.000004 -0.030737 -0.084197 -0.037952
162 22.360641 0.000006 -0.000015 0.022074 -0.496451 -0.150381
163 22.519665 0.000008 -0.000023 0.074304 -0.464939 -0.238063
164 22.140375 -0.000004 0.000000 -0.022746 -0.143718 -0.156395
165 -1.972565 12.875609 -3.614555 -1.870205 0.083714 0.238004
166 20.655182 0.000007 -0.000011 -0.013689 0.056652 -0.025581
167 21.762268 0.000008 -0.000008 -0.030501 -0.075108 -0.036052
168 22.392151 0.000011 -0.000008 -0.025228 -0.427840 -0.131316
169 22.541348 0.000011 -0.000023 -0.010423 -0.390988 -0.226567
170 22.217491 0.000004 0.000000 -0.079451 -0.094363 -0.146187
171 -1.967316 9.854567 -7.722432 -2.204665 0.139973 0.178433
172 21.272736 0.000003 0.000000 0.002056 0.056198 -0.026358
173 22.032516 0.000023 -0.000038 -0.026459 -0.061893 -0.031734
174 22.475662 0.000004 -0.000008 -0.040088 -0.381217 -0.117982
175 22.598717 0.000004 0.000000 -0.043690 -0.310461 -0.197434
176 22.407963 0.000015 -0.000031 -0.097744 -0.047143 -0.104354
177 -1.900833 5.333252 -10.470076 -2.630521 0.174567 0.095209
178 21.914322 0.000007 -0.000015 0.007375 0.058520 -0.018929
179 22.319824 -0.000009 0.000008 -0.018865 -0.044775 -0.022020
180 22.569626 -0.000001 -0.000004 -0.039665 -0.323428 -0.097797
181 22.663223 0.000021 -0.000023 -0.051642 -0.217786 -0.144890
182 22.604515 0.000023 -0.000038 -0.061604 -0.010583 -0.051345
183 -1.865570 -0.000002 -11.435440 3.133370 0.185588 0.001610
184 22.186676 -0.000004 -0.000004 -0.008623 0.061926 -0.001561
185 22.443726 -0.000002 -0.000002 -0.008263 -0.034045 -0.003981
186 22.611542 -0.000005 -0.000008 -0.015369 -0.284986 -0.066057
187 22.692009 0.000004 0.000000 -0.019783 -0.165945 -0.064566
188 22.687641 0.000006 -0.000015 -0.035859 0.012908 -0.058569
189 -1.900833 -5.333257 -10.470070 2.613802 0.173054 -0.091811
190 21.914337 0.000008 -0.000008 -0.024383 0.061387 0.016891
191 22.319824 -0.000021 0.000008 0.002492 -0.040861 0.015663
192 22.569611 0.000005 -0.000023 0.013600 -0.296565 -0.028609
193 22.663231 -0.000019 0.000000 0.011321 -0.197107 0.015886
194 22.604523 -0.000001 -0.000023 0.021824 0.019628 -0.024341
195 -1.967285 -9.854565 -7.722441 2.188506 0.137129 -0.174481
196 21.272705 -0.000017 0.000000 -0.018467 0.060720 0.026607
197 22.032471 0.000004 -0.000019 0.011679 -0.056091 0.028450
198 22.475693 -0.000010 -0.000027 0.022029 -0.340126 0.002719
199 22.598717 0.000003 -0.000023 0.011797 -0.280659 0.074100
200 22.407978 -0.000021 -0.000023 0.058262 0.008440 0.006344
201 -1.972565 -12.875609 -3.614562 1.854368 0.079956 -0.233170
202 20.655182 0.000007 -0.000015 -0.001466 0.061833 0.028008
203 21.762283 -0.000010 0.000000 0.016913 -0.068648 0.035698
204 22.392159 -0.000008 -0.000023 0.017776 -0.381508 0.026754
205 22.541336 -0.000011 -0.000023 -0.008659 -0.358362 0.111735
206 22.217484 -0.000006 -0.000023 0.053087 -0.026085 0.046510
207 0.059621 0.456168 0.250107 0.000000 -0.000000 0.000000
208 0.059621 0.456168 0.250107 0.000000 -0.000000 0.000000
time 16
  0 0.059621 0.456168 0.250107 0.000000 -0.000000 0.000000
  1 0.059621 0.456168 0.250107 0.000000 -0.000000 0.000000
  2 0.059621 0.456168 0.250107 0.000000 -0.000000 0.000000
  3 0.059621 0.456168 0.250107 0.000000 -0.000000 0.000000
  4 0.059621 0.456168 0.250107 0.000000 -0.000000 0.000000
  5 0.059621 0.456168 0.250107 0.000000 -0.000000 0.000000
  6 0.059621 0.456168 0.250107 0.000000 -0.000000 0.000000
  7 0.059621 0.456168 0.250107 0.000000 -0.000000 0.000000
  8 0.059621 0.456168 0.250107 0.000000 -0.000000 0.000000
  9 0.059621 0.456168 0.250107 0.000000 -0.000000 0.000000
 10 49.577427 -70.757240 121.251968 -1.241095 -0.080263 0.903093
 11 24.668255 0.000015 -0.000046 0.959201 -0.115519 -0.042592
 12 30.380146 0.000000 0.000000 1.649149 0.081757 0.278137
 13 19.902088 0.000000 0.000000 -0.001889 0.043808 0.009449
 14 -30.006197 78.310600 107.458252 -1.256477 3.069602 0.956762
 15 35.349518 0.000008 0.000011 -1.436088 0.067095 0.289424
 16 37.124329 -0.000011 -0.000008 -1.007490 0.260132 0.676401
 17 0.059621 0.456168 0.250107 0.064768 -0.005215 -0.156772
 18 0.059621 0.456168 144.432220 1.570796 1.570796 0.000000
 19 -65.799545 -0.000020 1.142855 0.000000 0.000515 3.141077
 20 11.181580 0.005760 -0.002411 0.000000 0.325524 0.000515
 21 27.835175 -0.000000 0.000031 -3.141592 -0.129896 -0.000000
 22 5.330383 -0.000001 -0.000008 3.134393 0.150354 0.006241
 23 10.134903 -4.133394 3.834198 -0.363353 -0.822030 -2.867918
 24 10.134903 4.133399 3.834197 0.363533 -0.821992 2.867810
 25 22.592361 0.000009 17.467106 -0.000010 -3.120084 0.000000
 26 21.199997 -7.744009 14.169514 -0.636777 0.011509 3.134355
 27 18.142044 -13.440228 7.965771 1.201030 -0.107549 -3.005094
 28 21.199997 7.744023 14.169493 0.636779 0.011509 -3.134356
 29 18.141983 13.440238 7.965769 -0.311637 0.016475 3.136749
 30 11.858871 -13.360002 3.526511 1.541557 3.139009 -0.032170
 31 9.463272 -16.404867 -2.906047 1.541582 3.138947 -0.030095
 32 9.125259 -10.885476 -11.371325 0.000496 -3.114142 0.000256
 33 11.858871 13.360006 3.526470 -1.541556 3.139009 0.032171
 34 9.463272 16.404867 -2.906025 -1.541581 3.138947 0.030095
 35 9.125290 10.885473 -11.371305 -0.000492 -3.114142 0.000256
 36 9.023239 -0.000002 -17.296175 0.000180 0.039622 -3.141356
 37 12.691422 -0.000002 -19.438765 -0.013790 2.610843 -0.019023
 38 10.989410 0.000002 0.000000 0.000000 0.393210 0.000000
 39 12.871475 -10.586843 -15.652471 0.821974 2.776051 0.334277
 40 10.727005 0.000006 -0.000015 -0.045645 0.380791 -0.007050
 41 12.871445 10.586843 -15.652472 -0.775443 2.777978 -0.336412
 42 10.726990 -0.000022 0.000015 0.045592 0.380855 0.004541
 43 12.847214 -17.570086 -4.701341 1.097814 2.845997 0.469566
 44 11.496521 0.000005 -0.000046 -0.094433 0.420567 -0.006013
 45 12.847214 17.570086 -4.701361 -1.049875 2.852436 -0.458767
 46 11.496460 0.000002 0.000000 0.094430 0.420405 0.006019
 47 28.485947 0.000010 16.460352 -0.000001 -0.228588 0.000000
 48 23.052765 -6.207912 -0.077278 -1.470206 0.035100 -1.833545
 49 9.436909 -0.000004 -0.000015 -0.152072 -0.225672 -1.606359
 50 31.269333 -0.000015 0.000046 -0.421928 0.372512 -1.500790
 51 28.756506 0.000000 0.000000 -0.001117 0.032665 0.001416
 52 2.251991 -2.464407 -1.141647 0.481305 0.508197 -0.319329
 53 3.674049 -0.000015 0.000031 -0.277611 0.179024 0.194713
 54 3.614693 0.000015 0.000000 0.013156 0.193871 -0.001558
 55 9.035507 -2.494946 0.484589 -0.001362 0.302449 0.001673
 56 2.943584 0.000002 -0.000015 0.010585 0.293657 -0.007800
 57 2.649437 0.000000 0.000000 -0.006498 0.303243 0.008512
 58 9.093624 -0.386673 0.647736 0.020190 0.475380 -0.012607
 59 3.451881 0.000000 -0.000015 -0.014209 0.528778 0.009212
 60 2.898178 -0.000002 0.000015 -0.000683 0.490858 0.000916
 61 8.894585 1.605850 0.371887 -0.000566 0.547851 0.000704
 62 3.130409 0.000000 0.000031 0.003896 0.567158 -0.005064
 63 2.629532 0.000000 -0.000046 0.004892 0.544388 -0.006589
 64 8.470619 3.459526 0.131500 -0.021715 0.541478 0.011456
 65 2.410263 -0.000002 -0.000046 0.022815 0.529939 -0.013321
 66 2.000793 0.000002 0.000000 -0.005415 0.533618 0.007402
 67 23.052765 6.207912 -0.077293 1.481823 0.058643 2.080206
 68 9.436897 0.000023 -0.000015 -0.237028 0.136454 1.320228
 69 31.269337 0.000000 0.000015 0.565218 -0.553403 1.763455
 70 28.756531 0.000000 0.000015 0.520949 -0.155295 0.433144
 71 2.251907 2.464413 -1.141563 -0.513217 0.249535 0.112914
 72 3.674088 0.000000 0.000000 0.331388 -0.059506 -0.325011
 73 3.614700 0.000008 0.000015 0.067360 -0.216133 -0.086857
 74 9.035431 2.494949 0.484428 0.001362 -0.011534 -0.001673
 75 2.943573 0.000004 -0.000023 -0.011498 -0.020268 0.014556
 76 2.649429 0.000004 0.000015 0.006498 -0.010740 -0.008512
 77 9.093689 0.386669 0.647781 -0.018031 0.093461 0.020165
 78 3.451843 -0.000004 -0.000015 0.014953 0.008589 -0.019838
 79 2.898209 0.000000 -0.000015 0.000683 -0.029445 -0.000917
 80 8.894424 -1.605846 0.371910 0.000566 0.090541 -0.000704
 81 3.130417 0.000000 -0.000046 -0.003896 -0.009289 0.005063
 82 2.629517 0.000000 0.000015 -0.004892 -0.032059 0.006589
 83 8.470627 -3.459522 0.131401 0.018786 0.137518 -0.020073
 84 2.410278 0.000000 0.000000 -0.024238 -0.029075 0.031299
 85 2.000748 0.000004 0.000031 0.005415 -0.025697 -0.007402
 86 9.832367 1.463066 -1.299423 0.016523 -0.031798 -0.020624
 87 25.040604 -5.670406 5.432808 -1.312160 -0.224887 -2.136065
 88 28.779694 -6.856312 -0.811417 -1.466235 0.019064 -1.725377
 89 29.182312 -3.955567 -4.961945 0.881870 2.552753 0.503940
 90 25.040573 5.670409 5.432770 1.296833 -0.398765 2.185823
 91 28.779755 6.856312 -0.811386 1.466235 0.019065 1.725381
 92 29.182281 3.955565 -4.961929 -0.881870 2.552752 -0.503941
 93 -65.335663 -0.000020 1.140918 -3.141591 0.044911 0.000000
 94 26.290924 -12.205288 1.157883 -2.069449 -0.048685 0.007868
 95 49.071045 0.000009 0.000017 2.179705 0.127555 -0.112856
 96 61.871307 -0.000007 -0.000031 3.080256 0.672597 0.035641
 97 26.290924 12.205295 1.157842 2.053142 0.084755 -0.075837
 98 49.071075 0.000004 -0.000025 -2.187262 0.154733 0.063501
 99 61.871307 0.000010 -0.000034 -2.944714 0.642381 0.102744
100 -0.698059 -11.192116 -8.252762 1.129024 -0.256959 -0.424624
101 20.568237 -0.000007 0.000000 0.010305 0.232775 -0.143505
102 0.223785 -5.734809 -12.929605 3.001169 0.341666 -0.240376
103 20.803589 -0.000011 -0.000015 0.004213 0.127490 -0.171974
104 -1.040009 -3.033968 12.140510 1.554517 0.104601 -1.288764
105 -1.039993 3.034004 12.140502 -1.554518 0.104604 1.288764
106 4.165451 -5.407045 12.088389 0.738418 -0.610180 -0.299242
107 16.599457 -0.000008 -0.000031 -0.055367 0.515852 0.012742
108 4.165482 5.407080 12.088382 -0.729152 -0.405964 0.380167
109 16.599396 0.000010 -0.000031 0.045859 0.259650 -0.026051
110 6.428391 0.000001 -0.288943 -0.000001 -0.000000 -0.000000
111 -1.833771 -13.936460 1.224505 1.568035 0.008487 -0.259219
112 20.406952 -0.000004 -0.000015 0.015815 0.071879 0.023863
113 21.655502 -0.000006 0.000000 0.018171 -0.043357 0.033190
114 22.360672 -0.000008 -0.000015 0.014936 -0.360265 0.030020
115 22.519661 -0.000006 -0.000008 -0.029496 -0.376646 0.120809
116 22.140377 -0.000004 -0.000023 0.010843 -0.047350 0.072610
117 -1.699203 -12.875611 4.918509 1.107910 -0.112923 -0.235753
118 20.938629 0.000010 0.000008 0.049263 0.064220 0.012048
119 21.993622 -0.000010 -0.000042 0.029393 -0.054765 0.031619
120 22.563797 -0.000021 0.000008 0.012378 -0.383905 0.045165
121 22.643349 -0.000002 -0.000038 -0.046759 -0.415481 0.137344
122 22.238045 0.000000 -0.000023 -0.023266 -0.149949 0.091119
123 -1.634338 -9.854567 8.052347 0.693704 -0.208658 -0.173868
124 22.205307 -0.000001 -0.000015 0.053129 0.061226 0.004491
125 22.804367 -0.000007 -0.000034 0.028426 -0.065621 0.024686
126 23.051643 -0.000004 0.000000 0.012061 -0.410720 0.037371
127 22.939972 0.000000 -0.000061 -0.042389 -0.452151 0.112908
128 22.472050 0.000008 -0.000031 -0.025910 -0.235984 0.076322
129 -1.616135 -5.333253 10.147438 0.329536 -0.266167 -0.088884
130 23.451309 -0.000001 -0.000023 0.030216 0.058996 0.002992
131 23.608002 -0.000006 -0.000023 0.015910 -0.073578 0.015097
132 23.536240 -0.000004 -0.000031 0.015432 -0.433179 0.011189
133 23.233963 -0.000002 0.000000 -0.017606 -0.478586 0.058773
134 22.703663 0.000008 -0.000015 -0.005587 -0.292664 0.030452
135 -1.614517 -0.000000 10.883350 -0.007444 -0.284486 0.005440
136 23.962143 0.000001 -0.000031 -0.004322 0.057492 0.004633
137 23.938980 -0.000003 0.000015 -0.003375 -0.077101 0.004702
138 23.736038 -0.000003 -0.000015 0.020216 -0.446966 -0.024686
139 23.354973 0.000005 -0.000046 0.016705 -0.492377 -0.010571
140 22.798923 -0.000010 -0.000015 0.023796 -0.316702 -0.029803
141 -1.616135 5.333251 10.147423 -0.344835 -0.264747 0.099409
142 23.451324 -0.000005 -0.000008 -0.039893 0.057372 0.006054
143 23.608032 0.000001 -0.000031 -0.022984 -0.075764 -0.006229
144 23.536263 0.000004 -0.000015 0.023067 -0.450451 -0.062808
145 23.233971 -0.000015 -0.000046 0.050093 -0.492785 -0.084661
146 22.703655 0.000014 -0.000015 0.048567 -0.308916 -0.088255
147 -1.634338 9.854565 8.052345 -0.708810 -0.205944 0.183368
148 22.205276 0.000004 0.000000 -0.063205 0.058020 0.003606
149 22.804459 0.000008 -0.000061 -0.036427 -0.069776 -0.017134
150 23.051620 -0.000004 0.000000 0.020232 -0.443192 -0.098129
151 22.939980 -0.000004 -0.000015 0.068750 -0.478285 -0.152028
152 22.472057 -0.000006 -0.000015 0.062303 -0.268366 -0.158829
153 -1.699203 12.875607 4.918526 -1.123015 -0.109232 0.243682
154 20.938599 0.000020 0.000008 -0.061065 0.059705 -0.005620
155 21.993591 -0.000001 -0.000053 -0.039425 -0.060269 -0.026301
156 22.563812 0.000008 -0.000008 0.008386 -0.427199 -0.119576
157 22.643356 0.000015 -0.000046 0.062154 -0.449128 -0.198604
158 22.238022 -0.000008 -0.000031 0.039984 -0.200413 -0.180297
159 -1.833771 13.936458 1.224505 -1.583169 0.012609 0.265258
160 20.406967 0.000008 -0.000031 -0.029187 0.066648 -0.019701
161 21.655502 0.000012 -0.000004 -0.030550 -0.049449 -0.030829
162 22.360641 0.000006 -0.000015 0.014822 -0.451386 -0.132818
163 22.519676 0.000008 -0.000015 0.068381 -0.437740 -0.220468
164 22.140373 0.000000 0.000015 -0.021907 -0.103866 -0.155610
165 -1.972580 12.875609 -3.614555 -1.869837 0.084389 0.242387
166 20.655167 0.000008 -0.000011 -0.013662 0.069009 -0.024324
167 21.762253 0.000007 -0.000011 -0.030488 -0.042701 -0.029292
168 22.392166 0.000015 -0.000015 -0.030859 -0.386129 -0.115115
169 22.541344 0.000015 -0.000031 -0.015123 -0.367861 -0.209264
170 22.217487 0.000004 -0.000008 -0.077779 -0.054266 -0.145995
171 -1.967316 9.854567 -7.722431 -2.204226 0.141596 0.181571
172 21.272736 0.000004 0.000000 0.002458 0.067194 -0.025238
173 22.032501 0.000023 -0.000038 -0.026149 -0.034198 -0.025945
174 22.475647 0.000004 -0.000004 -0.044245 -0.347737 -0.104252
175 22.598717 0.000008 -0.000015 -0.046820 -0.294864 -0.181592
176 22.407974 0.000019 -0.000031 -0.096283 -0.007916 -0.105059
177 -1.900848 5.333252 -10.470076 -2.630244 0.176683 0.096798
178 21.914322 0.000007 -0.000015 0.007412 0.067946 -0.018151
179 22.319855 -0.000009 0.000008 -0.018991 -0.022621 -0.018134
180 22.569611 -0.000001 -0.000004 -0.041939 -0.299520 -0.089201
181 22.663208 0.000021 -0.000015 -0.053028 -0.210686 -0.133702
182 22.604515 0.000019 -0.000038 -0.059191 0.028904 -0.049932
183 -1.865585 -0.000002 -11.435439 3.133375 0.187833 0.001636
184 22.186676 -0.000004 -0.000004 -0.008615 0.070573 -0.001433
185 22.443726 -0.000002 -0.000004 -0.008592 -0.014781 -0.003309
186 22.611542 -0.000005 -0.000010 -0.015348 -0.265953 -0.065256
187 22.692009 0.000005 0.000008 -0.019985 -0.163237 -0.061485
188 22.687653 0.000010 -0.000023 -0.035947 0.052185 -0.059224
189 -1.900848 -5.333257 -10.470070 2.613537 0.175140 -0.093338
190 21.914337 0.000008 -0.000008 -0.024044 0.070760 0.016333
191 22.319839 -0.000022 0.000008 0.002646 -0.019073 0.012960
192 22.569626 0.000005 -0.000019 0.015695 -0.272852 -0.035573
193 22.663239 -0.000020 0.000000 0.012149 -0.190868 0.009967
194 22.604523 0.000000 -0.000031 0.021442 0.059042 -0.023518
195 -1.967285 -9.854565 -7.722440 2.188086 0.138700 -0.177537
196 21.272690 -0.000016 0.000000 -0.018499 0.071656 0.025645
197 22.032486 0.000004 -0.000019 0.011317 -0.028890 0.023536
198 22.475693 -0.000010 -0.000023 0.025789 -0.306621 -0.009366
199 22.598701 0.000001 -0.000023 0.014087 -0.265513 0.062643
200 22.407974 -0.000019 -0.000031 0.058027 0.047962 0.007944
201 -1.972580 -12.875609 -3.614562 1.854025 0.080563 -0.237448
202 20.655182 0.000007 -0.000008 -0.001856 0.074133 0.026856
203 21.762299 -0.000011 -0.000004 0.016507 -0.036780 0.029519
204 22.392166 -0.000008 -0.000023 0.022714 -0.339587 0.012423
205 22.541344 -0.000011 -0.000031 -0.004729 -0.335366 0.096850
206 22.217495 -0.000006 -0.000023 0.052243 0.014023 0.047259
207 0.059621 0.456168 0.250107 0.000000 -0.000000 0.000000
208 0.059621 0.456168 0.250107 0.000000 -0.000000 0.000000
time 17
  0 0.059621 0.456168 0.250107 0.000000 -0.000000 0.000000
  1 0.059621 0.456168 0.250107 0.000000 -0.000000 0.000000
  2 0.059621 0.456168 0.250107 0.000000 -0.000000 0.000000
  3 0.059621 0.456168 0.250107 0.000000 -0.000000 0.000000
  4 0.059621 0.456168 0.250107 0.000000 -0.000000 0.000000
  5 0.059621 0.456168 0.250107 0.000000 -0.000000 0.000000
  6 0.059621 0.456168 0.250107 0.000000 -0.000000 0.000000
  7 0.059621 0.456168 0.250107 0.000000 -0.000000 0.000000
  8 0.059621 0.456168 0.250107 0.000000 -0.000000 0.000000
  9 0.059621 0.456168 0.250107 0.000000 -0.000000 0.000000
 10 42.505852 -78.257683 120.704353 -1.241095 -0.080263 0.819819
 11 24.668253 0.000015 -0.000046 0.956762 -0.141318 -0.028628
 12 30.380135 0.000000 0.000000 1.652273 0.081525 0.297373
 13 19.902090 0.000000 0.000000 -0.001345 0.038026 0.008076
 14 -16.210972 82.582550 107.458252 -1.260436 3.060845 0.836687
 15 35.349514 0.000008 0.000008 -1.435079 0.054689 0.281646
 16 37.124329 -0.000008 -0.000015 -1.011095 0.242312 0.671988
 17 0.059621 0.456168 0.250107 0.064768 -0.005215 -0.156772
 18 0.059621 0.456168 147.094650 1.570796 1.570796 0.000000
 19 -65.799545 -0.000020 1.142855 0.000000 0.000515 3.141077
 20 11.181564 0.005760 -0.002411 0.000000 0.328938 0.000515
 21 27.835175 -0.000000 0.000023 -3.141592 -0.129896 -0.000000
 22 5.330368 -0.000001 0.000000 3.130634 0.164598 0.006373
 23 10.134888 -4.133392 3.834197 -0.357342 -0.805968 -2.876493
 24 10.134888 4.133398 3.834198 0.357496 -0.805936 2.876401
 25 22.592346 0.000009 17.467106 -0.000010 -3.110108 0.000000
 26 21.199982 -7.744007 14.169515 -0.636406 0.019522 3.128393
 27 18.142029 -13.440227 7.965770 1.199710 -0.104042 -2.995659
 28 21.199982 7.744022 14.169493 0.636408 0.019522 -3.128394
 29 18.141998 13.440235 7.965770 -0.311419 0.025969 3.133670
 30 11.858887 -13.359998 3.526511 1.541443 3.139301 -0.042142
 31 9.463287 -16.404863 -2.906046 1.541467 3.139239 -0.040067
 32 9.125275 -10.885474 -11.371327 0.000496 -3.104166 0.000256
 33 11.858856 13.360004 3.526470 -1.541442 3.139301 0.042143
 34 9.463287 16.404863 -2.906025 -1.541466 3.139239 0.040067
 35 9.125275 10.885471 -11.371306 -0.000492 -3.104167 0.000256
 36 9.023224 -0.000003 -17.296173 0.000180 0.049598 -3.141356
 37 12.691406 -0.000003 -19.438763 -0.013386 2.593216 -0.018338
 38 10.989410 0.000003 -0.000015 0.000000 0.320432 0.000000
 39 12.871490 -10.586841 -15.652472 0.828620 2.766744 0.350802
 40 10.727005 0.000007 -0.000015 -0.044259 0.308112 -0.004138
 41 12.871429 10.586842 -15.652472 -0.781310 2.766848 -0.350882
 42 10.726990 -0.000022 0.000015 0.044206 0.308225 0.001204
 43 12.847229 -17.570080 -4.701341 1.104871 2.840574 0.490884
 44 11.496506 0.000006 -0.000061 -0.091174 0.347468 0.000972
 45 12.847198 17.570082 -4.701361 -1.056569 2.844398 -0.479075
 46 11.496460 0.000000 -0.000015 0.091172 0.347353 -0.000956
 47 28.485962 0.000010 16.460350 -0.000001 -0.238813 0.000000
 48 23.052765 -6.207910 -0.077286 -1.470206 0.035100 -1.833545
 49 9.436901 -0.000004 -0.000031 -0.159909 -0.267239 -1.662702
 50 31.269341 -0.000015 0.000015 -0.441480 0.386035 -1.573651
 51 28.756489 0.000004 0.000000 -0.001117 0.032665 0.001416
 52 2.251987 -2.464409 -1.141632 0.481305 0.508197 -0.319329
 53 3.674042 -0.000015 0.000015 -0.277611 0.179024 0.194713
 54 3.614700 0.000008 0.000000 0.013156 0.193871 -0.001558
 55 9.035498 -2.494946 0.484558 -0.001362 0.302449 0.001673
 56 2.943581 0.000000 -0.000015 0.010585 0.293657 -0.007800
 57 2.649445 -0.000004 0.000000 -0.006498 0.303243 0.008512
 58 9.093616 -0.386669 0.647705 0.020190 0.475380 -0.012607
 59 3.451881 0.000004 0.000000 -0.014209 0.528778 0.009212
 60 2.898178 0.000000 0.000015 -0.000683 0.490858 0.000916
 61 8.894581 1.605854 0.371887 -0.000566 0.547851 0.000704
 62 3.130409 0.000000 0.000046 0.003896 0.567158 -0.005064
 63 2.629547 0.000000 -0.000046 0.004892 0.544388 -0.006589
 64 8.470615 3.459530 0.131500 -0.021715 0.541478 0.011456
 65 2.410271 0.000000 -0.000061 0.022815 0.529939 -0.013321
 66 2.000778 0.000004 0.000015 -0.005415 0.533618 0.007402
 67 23.052765 6.207910 -0.077301 1.481823 0.058643 2.080206
 68 9.436897 0.000015 0.000000 -0.261998 0.113852 1.352618
 69 31.269339 0.000011 0.000000 0.566756 -0.594846 1.739221
 70 28.756500 -0.000004 0.000015 0.526337 -0.190137 0.443743
 71 2.251892 2.464413 -1.141571 -0.513217 0.249535 0.112914
 72 3.674088 0.000008 -0.000015 0.331388 -0.059506 -0.325011
 73 3.614670 0.000008 0.000031 0.067360 -0.216133 -0.086857
 74 9.035416 2.494949 0.484428 0.001362 -0.011534 -0.001673
 75 2.943573 0.000004 -0.000031 -0.011497 -0.020268 0.014556
 76 2.649429 0.000004 0.000015 0.006498 -0.010740 -0.008512
 77 9.093704 0.386677 0.647797 -0.018031 0.093461 0.020165
 78 3.451859 0.000002 0.000000 0.014953 0.008589 -0.019838
 79 2.898209 0.000000 0.000000 0.000683 -0.029445 -0.000917
 80 8.894424 -1.605843 0.371925 0.000566 0.090541 -0.000704
 81 3.130432 0.000006 -0.000046 -0.003896 -0.009289 0.005063
 82 2.629532 0.000004 0.000015 -0.004892 -0.032059 0.006589
 83 8.470627 -3.459515 0.131409 0.018786 0.137518 -0.020073
 84 2.410294 0.000008 0.000000 -0.024238 -0.029075 0.031299
 85 2.000763 0.000006 0.000031 0.005415 -0.025697 -0.007402
 86 9.832352 1.463066 -1.299423 0.016523 -0.031798 -0.020624
 87 25.040588 -5.670405 5.432793 -1.312160 -0.224887 -2.136065
 88 28.779694 -6.856310 -0.811424 -1.466235 0.019064 -1.725377
 89 29.182312 -3.955567 -4.961960 0.881869 2.552753 0.503940
 90 25.040558 5.670407 5.432755 1.296833 -0.398765 2.185823
 91 28.779724 6.856310 -0.811401 1.466235 0.019065 1.725381
 92 29.182281 3.955564 -4.961937 -0.881870 2.552752 -0.503941
 93 -65.335648 -0.000020 1.140918 -3.141591 0.044911 0.000000
 94 26.290924 -12.205288 1.157883 -2.069353 -0.050193 0.005105
 95 49.071045 0.000009 0.000019 2.179705 0.127556 -0.112856
 96 61.871300 -0.000009 -0.000027 3.080256 0.672597 0.035641
 97 26.290924 12.205295 1.157842 2.053560 0.082678 -0.071815
 98 49.071075 0.000005 -0.000025 -2.187262 0.154733 0.063501
 99 61.871323 0.000010 -0.000036 -2.944714 0.642381 0.102744
100 -0.698059 -11.192116 -8.252762 1.132472 -0.265535 -0.437970
101 20.568253 -0.000008 -0.000008 0.010305 0.238215 -0.143269
102 0.223785 -5.734810 -12.929605 2.998585 0.350169 -0.247996
103 20.803574 -0.000011 -0.000023 0.001212 0.136711 -0.174950
104 -1.040009 -3.033967 12.140511 1.554517 0.104601 -1.288764
105 -1.039993 3.034004 12.140501 -1.554518 0.104604 1.288764
106 4.165451 -5.407045 12.088390 0.746922 -0.632487 -0.313221
107 16.599442 -0.000008 -0.000031 -0.055466 0.536252 0.012385
108 4.165482 5.407080 12.088381 -0.725327 -0.399587 0.370543
109 16.599380 0.000010 -0.000023 0.045560 0.269942 -0.025796
110 6.428391 0.000001 -0.288943 -0.000001 -0.000000 -0.000000
111 -1.833786 -13.936461 1.224504 1.567975 0.007400 -0.266806
112 20.406952 -0.000004 -0.000015 0.015327 0.082625 0.023277
113 21.655502 -0.000005 -0.000004 0.018456 -0.014503 0.027915
114 22.360687 -0.000008 -0.000015 0.019286 -0.320417 0.016620
115 22.519669 -0.000008 -0.000008 -0.024967 -0.344496 0.106362
116 22.140385 -0.000006 -0.000015 0.010298 -0.006741 0.072458
117 -1.699203 -12.875612 4.918509 1.108700 -0.117423 -0.242620
118 20.938614 0.000010 0.000008 0.048810 0.075199 0.011247
119 21.993622 -0.000010 -0.000046 0.029604 -0.024558 0.026103
120 22.563797 -0.000018 0.000008 0.017122 -0.341655 0.031744
121 22.643356 0.000002 -0.000031 -0.041770 -0.381224 0.124111
122 22.238052 -0.000004 -0.000031 -0.023643 -0.110967 0.089318
123 -1.634338 -9.854568 8.052347 0.694750 -0.215613 -0.178837
124 22.205292 -0.000002 -0.000015 0.052626 0.072587 0.003777
125 22.804382 -0.000008 -0.000038 0.028410 -0.034221 0.020224
126 23.051666 -0.000005 0.000000 0.016123 -0.367201 0.026669
127 22.939980 -0.000002 -0.000053 -0.038536 -0.417824 0.103321
128 22.472054 -0.000002 -0.000031 -0.026104 -0.197223 0.075097
129 -1.616135 -5.333253 10.147436 0.330200 -0.274401 -0.091371
130 23.451309 -0.000002 -0.000023 0.030592 0.070598 0.002598
131 23.608002 -0.000005 -0.000031 0.015544 -0.041442 0.012590
132 23.536232 -0.000003 -0.000031 0.017905 -0.389277 0.005175
133 23.233986 0.000001 0.000008 -0.015249 -0.444987 0.053684
134 22.703678 0.000008 -0.000015 -0.005816 -0.253949 0.030257
135 -1.614517 -0.000000 10.883348 -0.007487 -0.293080 0.005591
136 23.962128 0.000001 -0.000031 -0.004653 0.069163 0.004652
137 23.938980 -0.000003 0.000015 -0.003442 -0.044698 0.004415
138 23.736046 -0.000003 -0.000023 0.020646 -0.403034 -0.025752
139 23.354977 0.000005 -0.000046 0.017365 -0.459109 -0.011697
140 22.798923 -0.000010 -0.000031 0.023173 -0.278076 -0.028112
141 -1.616135 5.333251 10.147421 -0.345573 -0.272942 0.102190
142 23.451309 -0.000005 0.000000 -0.039836 0.068978 0.006504
143 23.608032 0.000001 -0.000046 -0.023126 -0.043462 -0.004152
144 23.536263 0.000005 -0.000015 0.021336 -0.406632 -0.058289
145 23.233974 -0.000014 -0.000031 0.048868 -0.458950 -0.081343
146 22.703663 0.000011 -0.000015 0.048190 -0.270448 -0.085404
147 -1.634338 9.854564 8.052343 -0.709898 -0.212822 0.188607
148 22.205246 0.000004 0.000000 -0.063158 0.069382 0.004362
149 22.804459 0.000008 -0.000069 -0.036928 -0.038055 -0.012978
150 23.051636 -0.000002 0.000008 0.016566 -0.399885 -0.088617
151 22.939987 0.000000 -0.000023 0.065435 -0.443611 -0.143265
152 22.472061 0.000004 -0.000031 0.061554 -0.230168 -0.153624
153 -1.699203 12.875607 4.918524 -1.123439 -0.113629 0.250782
154 20.938583 0.000021 0.000008 -0.060554 0.070667 -0.004764
155 21.993591 -0.000001 -0.000057 -0.039346 -0.029685 -0.020817
156 22.563797 0.000007 -0.000008 0.003344 -0.385438 -0.106169
157 22.643356 0.000011 -0.000046 0.057230 -0.414882 -0.184123
158 22.238026 -0.000011 -0.000031 0.040232 -0.161958 -0.176752
159 -1.833786 13.936457 1.224504 -1.583075 0.011637 0.273032
160 20.406982 0.000007 -0.000038 -0.028937 0.077362 -0.019010
161 21.655502 0.000011 -0.000008 -0.030465 -0.020202 -0.025278
162 22.360657 0.000008 -0.000015 0.009587 -0.413482 -0.118648
163 22.519661 0.000008 -0.000015 0.063042 -0.405851 -0.203737
164 22.140373 0.000004 0.000000 -0.021157 -0.062693 -0.154925
165 -1.972580 12.875608 -3.614556 -1.869241 0.085467 0.249414
166 20.655197 0.000008 -0.000008 -0.013063 0.079293 -0.023747
167 21.762253 0.000008 -0.000011 -0.030104 -0.015406 -0.024109
168 22.392166 0.000011 -0.000015 -0.035115 -0.350755 -0.101768
169 22.541351 0.000019 -0.000023 -0.019714 -0.340750 -0.190743
170 22.217495 0.000011 -0.000015 -0.076317 -0.012859 -0.145865
171 -1.967316 9.854566 -7.722432 -2.203494 0.144247 0.186703
172 21.272705 0.000003 0.000004 0.002351 0.076430 -0.024775
173 22.032501 0.000023 -0.000038 -0.026220 -0.010770 -0.021499
174 22.475647 0.000003 0.000000 -0.047370 -0.319402 -0.093444
175 22.598717 0.000008 -0.000015 -0.049822 -0.274721 -0.165975
176 22.407963 0.000015 -0.000031 -0.095011 0.032631 -0.105975
177 -1.900848 5.333252 -10.470077 -2.629772 0.180221 0.099457
178 21.914307 0.000007 -0.000015 0.007357 0.076015 -0.017835
179 22.319839 -0.000009 0.000011 -0.018777 -0.003717 -0.015173
180 22.569641 0.000000 -0.000004 -0.043380 -0.279433 -0.082588
181 22.663208 0.000021 -0.000015 -0.054213 -0.198679 -0.123354
182 22.604519 0.000015 -0.000038 -0.056812 0.069715 -0.048597
183 -1.865585 -0.000002 -11.435440 3.133383 0.191626 0.001681
184 22.186691 -0.000004 -0.000004 -0.008617 0.078095 -0.001358
185 22.443741 -0.000002 0.000000 -0.008561 0.001803 -0.002788
186 22.611542 -0.000005 -0.000006 -0.015148 -0.249947 -0.065108
187 22.692017 0.000005 0.000004 -0.019993 -0.155470 -0.058720
188 22.687653 0.000006 -0.000015 -0.036039 0.092788 -0.059919
189 -1.900848 -5.333257 -10.470071 2.613087 0.178633 -0.095898
190 21.914352 0.000008 -0.000008 -0.024357 0.078831 0.016156
191 22.319824 -0.000021 0.000006 0.002832 -0.000432 0.010918
192 22.569611 0.000006 -0.000023 0.017447 -0.252642 -0.042069
193 22.663231 -0.000017 0.000008 0.013133 -0.179271 0.004278
194 22.604523 0.000002 -0.000015 0.021125 0.099779 -0.022654
195 -1.967285 -9.854566 -7.722441 2.187387 0.141269 -0.182545
196 21.272705 -0.000017 0.000008 -0.018389 0.080911 0.025307
197 22.032486 0.000003 -0.000019 0.010998 -0.005803 0.019818
198 22.475693 -0.000009 -0.000023 0.028755 -0.277885 -0.019841
199 22.598709 0.000004 -0.000031 0.016559 -0.245167 0.051153
200 22.407982 -0.000013 -0.000015 0.057857 0.088800 0.009629
201 -1.972580 -12.875610 -3.614563 1.853469 0.081534 -0.244320
202 20.655182 0.000007 -0.000019 -0.001708 0.084449 0.026396
203 21.762283 -0.000010 0.000004 0.016501 -0.009832 0.024805
204 22.392181 -0.000010 -0.000023 0.026456 -0.303566 -0.000333
205 22.541344 -0.000010 -0.000031 -0.001044 -0.307219 0.083628
206 22.217499 -0.000002 -0.000031 0.051511 0.055438 0.048119
207 0.059621 0.456168 0.250107 0.000000 -0.000000 0.000000
208 0.059621 0.456168 0.250107 0.000000 -0.000000 0.000000
time 18
  0 0.059621 0.456168 0.250107 0.000000 -0.000000 0.000000
  1 0.059621 0.456168 0.250107 0.000000 -0.000000 0.000000
  2 0.059621 0.456168 0.250107 0.000000 -0.000000 0.000000
  3 0.059621 0.456168 0.250107 0.000000 -0.000000 0.000000
  4 0.059621 0.456168 0.250107 0.000000 -0.000000 0.000000
  5 0.059621 0.456168 0.250107 0.000000 -0.000000 0.000000
  6 0.059621 0.456168 0.250107 0.000000 -0.000000 0.000000
  7 0.059621 0.456168 0.250107 0.000000 -0.000000 0.000000
  8 0.059621 0.456168 0.250107 0.000000 -0.000000 0.000000
  9 0.059621 0.456168 0.250107 0.000000 -0.000000 0.000000
 10 35.383171 -84.988228 120.269913 -1.241095 -0.080263 0.733251
 11 24.668247 0.000000 -0.000038 0.954019 -0.167117 -0.015990
 12 30.380138 -0.000015 0.000000 1.655830 0.080287 0.319737
 13 19.902081 -0.000008 -0.000023 -0.000782 0.032034 0.006653
 14 -1.635633 86.424652 107.458252 -1.263906 3.053288 0.714416
 15 35.349518 0.000000 0.000023 -1.435432 0.060226 0.270052
 16 37.124329 -0.000004 -0.000015 -1.014330 0.226322 0.668028
 17 0.059621 0.456168 0.250107 0.064768 -0.005215 -0.156772
 18 0.059621 0.456168 149.110718 1.570796 1.570796 0.000000
 19 -65.799545 -0.000020 1.142855 0.000000 0.000515 3.141077
 20 11.181564 0.005760 -0.002411 -0.000000 0.331523 0.000515
 21 27.835175 -0.000000 0.000023 -3.141592 -0.129896 -0.000000
 22 5.330368 -0.000001 -0.000004 3.127788 0.178431 0.006472
 23 10.134918 -4.133393 3.834196 -0.352907 -0.792908 -2.883106
 24 10.134888 4.133398 3.834196 0.353027 -0.792883 2.883033
 25 22.592377 0.000009 17.467102 -0.000010 -3.102554 0.000000
 26 21.199982 -7.744008 14.169510 -0.636125 0.025590 3.123879
 27 18.142029 -13.440226 7.965768 1.198712 -0.101387 -2.988516
 28 21.199982 7.744021 14.169491 0.636128 0.025590 -3.123879
 29 18.142029 13.440237 7.965768 -0.311254 0.033157 3.131338
 30 11.858887 -13.359997 3.526509 1.541318 3.139522 -0.049693
 31 9.463318 -16.404863 -2.906046 1.541340 3.139460 -0.047618
 32 9.125275 -10.885474 -11.371326 0.000496 -3.096612 0.000256
 33 11.858887 13.360003 3.526469 -1.541317 3.139522 0.049694
 34 9.463287 16.404867 -2.906025 -1.541340 3.139460 0.047618
 35 9.125305 10.885471 -11.371304 -0.000492 -3.096612 0.000256
 36 9.023224 -0.000003 -17.296175 0.000180 0.057153 -3.141356
 37 12.691437 -0.000003 -19.438765 -0.012848 2.566379 -0.017406
 38 10.989426 0.000002 -0.000015 0.000000 0.244069 0.000000
 39 12.871490 -10.586841 -15.652473 0.837816 2.751509 0.374181
 40 10.727005 0.000005 -0.000031 -0.043050 0.231992 -0.000090
 41 12.871490 10.586841 -15.652472 -0.789415 2.749054 -0.371452
 42 10.726990 -0.000023 0.000000 0.042998 0.232122 -0.002720
 43 12.847260 -17.570082 -4.701342 1.114465 2.830821 0.520844
 44 11.496490 0.000005 -0.000046 -0.088331 0.271045 0.009263
 45 12.847229 17.570080 -4.701361 -1.065796 2.830986 -0.507711
 46 11.496490 0.000001 -0.000015 0.088330 0.270975 -0.009243
 47 28.485962 0.000010 16.460346 -0.000001 -0.248766 0.000000
 48 23.052765 -6.207911 -0.077278 -1.470206 0.035100 -1.833545
 49 9.436901 -0.000008 -0.000015 -0.165843 -0.300487 -1.704810
 50 31.269325 -0.000015 0.000031 -0.456273 0.396153 -1.628824
 51 28.756489 -0.000008 0.000000 -0.001117 0.032665 0.001416
 52 2.251988 -2.464409 -1.141663 0.481305 0.508197 -0.319329
 53 3.674057 -0.000031 0.000015 -0.277611 0.179024 0.194713
 54 3.614677 0.000023 0.000000 0.013156 0.193871 -0.001558
 55 9.035501 -2.494946 0.484589 -0.001362 0.302449 0.001673
 56 2.943577 -0.000004 -0.000015 0.010585 0.293657 -0.007800
 57 2.649429 0.000004 0.000000 -0.006498 0.303243 0.008512
 58 9.093616 -0.386673 0.647705 0.020190 0.475380 -0.012607
 59 3.451897 0.000000 -0.000015 -0.014209 0.528778 0.009212
 60 2.898193 -0.000004 0.000015 -0.000683 0.490858 0.000916
 61 8.894581 1.605850 0.371887 -0.000566 0.547851 0.000704
 62 3.130409 0.000004 0.000031 0.003896 0.567158 -0.005064
 63 2.629532 0.000000 -0.000031 0.004892 0.544389 -0.006589
 64 8.470617 3.459526 0.131470 -0.021715 0.541478 0.011456
 65 2.410263 0.000000 -0.000046 0.022815 0.529939 -0.013321
 66 2.000793 0.000004 0.000015 -0.005415 0.533618 0.007402
 67 23.052765 6.207910 -0.077309 1.481823 0.058643 2.080206
 68 9.436897 0.000019 0.000000 -0.286541 0.092380 1.376848
 69 31.269333 0.000004 0.000000 0.567804 -0.626228 1.712377
 70 28.756500 -0.000008 0.000031 0.530314 -0.216519 0.451650
 71 2.251892 2.464409 -1.141563 -0.513217 0.249535 0.112914
 72 3.674088 0.000000 -0.000015 0.331388 -0.059506 -0.325011
 73 3.614685 0.000008 0.000031 0.067360 -0.216133 -0.086857
 74 9.035431 2.494953 0.484436 0.001362 -0.011534 -0.001673
 75 2.943558 0.000000 -0.000031 -0.011498 -0.020268 0.014556
 76 2.649429 -0.000002 0.000015 0.006498 -0.010740 -0.008512
 77 9.093704 0.386677 0.647789 -0.018031 0.093461 0.020165
 78 3.451874 0.000002 0.000000 0.014953 0.008589 -0.019838
 79 2.898209 -0.000004 -0.000015 0.000683 -0.029445 -0.000917
 80 8.894409 -1.605846 0.371918 0.000566 0.090541 -0.000704
 81 3.130432 -0.000002 -0.000046 -0.003896 -0.009289 0.005063
 82 2.629532 0.000002 0.000031 -0.004892 -0.032059 0.006589
 83 8.470627 -3.459517 0.131409 0.018786 0.137518 -0.020073
 84 2.410278 -0.000002 -0.000015 -0.024238 -0.029075 0.031299
 85 2.000763 0.000002 0.000015 0.005415 -0.025697 -0.007402
 86 9.832352 1.463066 -1.299423 0.016523 -0.031798 -0.020624
 87 25.040588 -5.670405 5.432800 -1.312160 -0.224887 -2.136065
 88 28.779694 -6.856310 -0.811417 -1.466235 0.019064 -1.725377
 89 29.182312 -3.955567 -4.961960 0.881869 2.552753 0.503940
 90 25.040573 5.670407 5.432762 1.296833 -0.398765 2.185823
 91 28.779739 6.856310 -0.811394 1.466235 0.019065 1.725381
 92 29.182281 3.955564 -4.961945 -0.881870 2.552752 -0.503940
 93 -65.335663 -0.000020 1.140918 -3.141591 0.044911 0.000000
 94 26.290924 -12.205288 1.157884 -2.069280 -0.051334 0.003012
 95 49.071060 0.000009 0.000017 2.179705 0.127556 -0.112856
 96 61.871307 -0.000004 -0.000031 3.080256 0.672597 0.035641
 97 26.290924 12.205295 1.157843 2.053875 0.081105 -0.068769
 98 49.071060 0.000003 -0.000024 -2.187262 0.154733 0.063501
 99 61.871315 0.000010 -0.000033 -2.944714 0.642381 0.102745
100 -0.698059 -11.192117 -8.252762 1.137509 -0.277462 -0.456756
101 20.568237 -0.000008 0.000000 0.010305 0.242290 -0.143091
102 0.223785 -5.734810 -12.929604 2.994812 0.362119 -0.258817
103 20.803589 -0.000015 -0.000023 -0.001061 0.143694 -0.177111
104 -1.040009 -3.033967 12.140512 1.554517 0.104601 -1.288764
105 -1.039993 3.034004 12.140500 -1.554518 0.104604 1.288764
106 4.165451 -5.407045 12.088391 0.759113 -0.663315 -0.333419
107 16.599434 -0.000011 -0.000031 -0.055535 0.551517 0.012146
108 4.165482 5.407080 12.088382 -0.722485 -0.394870 0.363312
109 16.599380 0.000010 -0.000038 0.045240 0.277618 -0.025620
110 6.428391 0.000001 -0.288943 -0.000001 -0.000000 -0.000000
111 -1.833771 -13.936461 1.224504 1.567903 0.005852 -0.277601
112 20.406967 -0.000004 -0.000015 0.015284 0.092277 0.023256
113 21.655502 -0.000005 -0.000004 0.017825 0.010854 0.023851
114 22.360687 -0.000008 -0.000011 0.022444 -0.287342 0.004695
115 22.519669 -0.000010 -0.000008 -0.021247 -0.311883 0.092535
116 22.140381 -0.000008 -0.000031 0.009872 0.033413 0.072381
117 -1.699203 -12.875612 4.918509 1.109875 -0.123807 -0.252389
118 20.938614 0.000010 0.000000 0.048980 0.084881 0.010841
119 21.993622 -0.000011 -0.000046 0.029197 0.001921 0.021713
120 22.563782 -0.000019 0.000004 0.020620 -0.306409 0.020006
121 22.643349 0.000000 -0.000038 -0.037981 -0.346425 0.111830
122 22.238052 -0.000006 -0.000038 -0.023939 -0.072295 0.087549
123 -1.634338 -9.854568 8.052346 0.696299 -0.225482 -0.185919
124 22.205292 -0.000000 -0.000015 0.052692 0.082468 0.003301
125 22.804398 -0.000008 -0.000034 0.028370 -0.006655 0.016618
126 23.051666 -0.000002 0.000000 0.019248 -0.330636 0.017568
127 22.939987 -0.000001 -0.000046 -0.035017 -0.382716 0.094367
128 22.472054 0.000002 -0.000023 -0.026258 -0.158752 0.073858
129 -1.616135 -5.333253 10.147437 0.331183 -0.286095 -0.094924
130 23.451294 -0.000001 -0.000015 0.030118 0.080591 0.002344
131 23.608017 -0.000008 -0.000023 0.015531 -0.013197 0.010531
132 23.536240 -0.000005 -0.000023 0.019931 -0.352243 -0.000381
133 23.233971 0.000000 0.000008 -0.012949 -0.410448 0.048283
134 22.703674 0.000007 -0.000015 -0.005996 -0.215517 0.030104
135 -1.614517 -0.000000 10.883349 -0.007551 -0.305291 0.005806
136 23.962143 0.000001 -0.000031 -0.004589 0.079168 0.004746
137 23.938980 -0.000003 0.000008 -0.003484 -0.016197 0.004271
138 23.736038 -0.000003 -0.000015 0.021328 -0.365979 -0.026766
139 23.354965 0.000005 -0.000038 0.018079 -0.424767 -0.012742
140 22.798920 -0.000010 -0.000031 0.022662 -0.239726 -0.026505
141 -1.616135 5.333251 10.147422 -0.346666 -0.284577 0.106161
142 23.451309 -0.000005 0.000000 -0.039755 0.078943 0.006956
143 23.608032 0.000001 -0.000031 -0.023201 -0.015089 -0.002334
144 23.536255 0.000005 -0.000015 0.020182 -0.369837 -0.054931
145 23.233978 -0.000013 -0.000038 0.047793 -0.424190 -0.078115
146 22.703667 0.000015 -0.000015 0.047809 -0.232246 -0.082619
147 -1.634338 9.854564 8.052344 -0.711511 -0.222578 0.196071
148 22.205261 0.000004 0.000008 -0.063113 0.079209 0.005029
149 22.804459 0.000006 -0.000061 -0.036614 -0.010271 -0.009493
150 23.051636 -0.000002 0.000008 0.014115 -0.363871 -0.081113
151 22.939972 -0.000004 -0.000015 0.062529 -0.408316 -0.134974
152 22.472061 0.000002 -0.000031 0.060937 -0.192212 -0.148701
153 -1.699203 12.875607 4.918525 -1.124980 -0.119862 0.260876
154 20.938599 0.000021 0.000008 -0.060636 0.080257 -0.004149
155 21.993591 -0.000002 -0.000057 -0.039294 -0.002927 -0.016374
156 22.563812 0.000008 -0.000004 0.000263 -0.350931 -0.096181
157 22.643364 0.000015 -0.000046 0.053075 -0.379993 -0.171419
158 22.238026 0.000000 -0.000023 0.040428 -0.123770 -0.173286
159 -1.833771 13.936457 1.224504 -1.582954 0.010254 0.284084
160 20.406967 0.000007 -0.000038 -0.028840 0.086898 -0.018833
161 21.655502 0.000012 -0.000004 -0.030112 0.005415 -0.020906
162 22.360672 0.000006 -0.000015 0.006075 -0.383141 -0.107907
163 22.519669 0.000008 -0.000008 0.058608 -0.373731 -0.188775
164 22.140381 0.000004 0.000000 -0.020525 -0.022027 -0.154268
165 -1.972580 12.875608 -3.614555 -1.868377 0.086998 0.259439
166 20.655167 0.000008 -0.000015 -0.012849 0.088527 -0.023742
167 21.762253 0.000008 -0.000011 -0.029711 0.008564 -0.020031
168 22.392166 0.000013 -0.000011 -0.037446 -0.322039 -0.091560
169 22.541344 0.000015 -0.000023 -0.023380 -0.312453 -0.175410
170 22.217487 0.000008 -0.000008 -0.075158 0.028014 -0.145786
171 -1.967316 9.854567 -7.722432 -2.202421 0.148045 0.194076
172 21.272720 0.000004 -0.000004 0.002725 0.084798 -0.024872
173 22.032532 0.000026 -0.000038 -0.025987 0.009830 -0.018065
174 22.475677 0.000003 0.000000 -0.049375 -0.296828 -0.085091
175 22.598717 0.000004 -0.000015 -0.052232 -0.253232 -0.152438
176 22.407970 0.000015 -0.000031 -0.094006 0.072705 -0.107128
177 -1.900848 5.333252 -10.470076 -2.629072 0.185332 0.103308
178 21.914322 0.000008 -0.000019 0.007206 0.083478 -0.017917
179 22.319855 -0.000008 0.000011 -0.018614 0.013027 -0.012904
180 22.569611 -0.000002 0.000000 -0.044353 -0.263834 -0.077882
181 22.663223 0.000019 -0.000015 -0.055195 -0.184786 -0.114543
182 22.604515 0.000023 -0.000046 -0.054483 0.110045 -0.047245
183 -1.865585 -0.000002 -11.435440 3.133396 0.197132 0.001745
184 22.186691 -0.000004 -0.000004 -0.008627 0.085180 -0.001326
185 22.443741 -0.000002 -0.000004 -0.008171 0.016617 -0.002378
186 22.611542 -0.000005 -0.000008 -0.014778 -0.237634 -0.066083
187 22.692024 0.000005 0.000000 -0.019944 -0.145266 -0.057441
188 22.687660 0.000010 -0.000015 -0.036130 0.132922 -0.060630
189 -1.900848 -5.333257 -10.470070 2.612418 0.183684 -0.099608
190 21.914322 0.000009 -0.000008 -0.024586 0.086345 0.016311
191 22.319824 -0.000021 0.000006 0.002431 0.016140 0.009392
192 22.569626 0.000005 -0.000023 0.018970 -0.236594 -0.048416
193 22.663246 -0.000018 0.000004 0.014165 -0.165428 -0.001875
194 22.604515 0.000003 -0.000023 0.020885 0.140035 -0.021784
195 -1.967285 -9.854565 -7.722440 2.186360 0.144953 -0.189745
196 21.272720 -0.000019 0.000000 -0.018759 0.089373 0.025509
197 22.032471 0.000004 -0.000015 0.010758 0.014563 0.016996
198 22.475693 -0.000009 -0.000023 0.031141 -0.254439 -0.029508
199 22.598717 0.000003 -0.000015 0.018762 -0.223276 0.040171
200 22.407986 -0.000015 -0.000023 0.057745 0.129147 0.011336
201 -1.972580 -12.875610 -3.614562 1.852663 0.082914 -0.254130
202 20.655182 0.000008 -0.000015 -0.001891 0.093798 0.026529
203 21.762299 -0.000010 0.000000 0.016104 0.013887 0.021197
204 22.392166 -0.000009 -0.000019 0.029420 -0.273799 -0.011637
205 22.541336 -0.000008 -0.000023 0.002194 -0.278313 0.070436
206 22.217487 0.000000 -0.000015 0.050933 0.096313 0.049084
207 0.059621 0.456168 0.250107 0.000000 -0.000000 0.000000
208 0.059621 0.456168 0.250107 0.000000 -0.000000 0.000000
time 19
  0 0.059621 0.456168 0.250107 0.000000 -0.000000 0.000000
  1 0.059621 0.456168 0.250107 0.000000 -0.000000 0.000000
  2 0.059621 0.456168 0.250107 0.000000 -0.000000 0.000000
  3 0.059621 0.456168 0.250107 0.000000 -0.000000 0.000000
  4 0.059621 0.456168 0.250107 0.000000 -0.000000 0.000000
  5 0.059621 0.456168 0.250107 0.000000 -0.000000 0.000000
  6 0.059621 0.456168 0.250107 0.000000 -0.000000 0.000000
  7 0.059621 0.456168 0.250107 0.000000 -0.000000 0.000000
  8 0.059621 0.456168 0.250107 0.000000 -0.000000 0.000000
  9 0.059621 0.456168 0.250107 0.000000 -0.000000 0.000000
 10 28.252495 -90.808952 119.938110 -1.241095 -0.080263 0.642925
 11 24.668253 0.000015 -0.000042 0.951126 -0.192008 -0.004849
 12 30.380150 0.000000 0.000000 1.659883 0.078091 0.345135
 13 19.902090 0.000000 -0.000023 -0.000200 0.025849 0.005184
 14 13.108451 89.754036 107.458252 -1.266844 3.046986 0.590530
 15 35.349506 0.000015 0.000008 -1.437429 0.083090 0.256094
 16 37.124329 -0.000004 -0.000023 -1.017128 0.212493 0.664604
 17 0.059621 0.456168 0.250107 0.064768 -0.005215 -0.156772
 18 0.059621 0.456168 150.388062 1.570796 1.570796 0.000000
 19 -65.799545 -0.000020 1.142855 0.000000 0.000515 3.141077
 20 11.181564 0.005760 -0.002411 0.000000 0.333161 0.000515
 21 27.835159 -0.000000 0.000023 -3.141592 -0.129896 -0.000000
 22 5.330353 -0.000001 0.000000 3.125984 0.191707 0.006536
 23 10.134857 -4.133392 3.834194 -0.350045 -0.783230 -2.887701
 24 10.134888 4.133398 3.834194 0.350122 -0.783214 2.887653
 25 22.592346 0.000009 17.467100 -0.000010 -3.097768 0.000000
 26 21.199982 -7.744006 14.169507 -0.635947 0.029435 3.121019
 27 18.142029 -13.440225 7.965765 1.198078 -0.099705 -2.983989
 28 21.199951 7.744021 14.169487 0.635950 0.029435 -3.121019
 29 18.141998 13.440234 7.965765 -0.311149 0.037712 3.129861
 30 11.858856 -13.359996 3.526507 1.541181 3.139663 -0.054477
 31 9.463257 -16.404863 -2.906049 1.541201 3.139600 -0.052402
 32 9.125275 -10.885473 -11.371327 0.000496 -3.091826 0.000256
 33 11.858856 13.360003 3.526467 -1.541180 3.139662 0.054478
 34 9.463257 16.404865 -2.906027 -1.541201 3.139600 0.052402
 35 9.125275 10.885470 -11.371305 -0.000492 -3.091826 0.000256
 36 9.023224 -0.000003 -17.296173 0.000180 0.061939 -3.141356
 37 12.691406 -0.000003 -19.438763 -0.012050 2.526712 -0.016097
 38 10.989410 0.000002 -0.000031 0.000000 0.168716 0.000000
 39 12.871460 -10.586840 -15.652472 0.850995 2.727999 0.407313
 40 10.726990 0.000005 -0.000031 -0.042195 0.157070 0.005270
 41 12.871460 10.586840 -15.652471 -0.801184 2.721901 -0.400748
 42 10.726990 -0.000021 0.000015 0.042143 0.157167 -0.007175
 43 12.847198 -17.570080 -4.701343 1.127857 2.815105 0.562771
 44 11.496490 0.000003 -0.000015 -0.086320 0.196010 0.018772
 45 12.847198 17.570082 -4.701362 -1.078772 2.810129 -0.547949
 46 11.496475 0.000001 -0.000031 0.086320 0.195980 -0.018756
 47 28.485931 0.000010 16.460344 -0.000001 -0.258432 0.000000
 48 23.052750 -6.207910 -0.077286 -1.470206 0.035100 -1.833545
 49 9.436909 -0.000008 -0.000031 -0.169603 -0.324178 -1.731178
 50 31.269318 -0.000008 0.000031 -0.465638 0.402495 -1.663781
 51 28.756493 -0.000008 -0.000031 -0.001117 0.032665 0.001416
 52 2.251989 -2.464413 -1.141663 0.481305 0.508197 -0.319329
 53 3.674042 -0.000015 0.000015 -0.277611 0.179024 0.194713
 54 3.614685 0.000008 -0.000015 0.013156 0.193871 -0.001558
 55 9.035502 -2.494949 0.484589 -0.001362 0.302449 0.001673
 56 2.943581 0.000000 -0.000015 0.010585 0.293657 -0.007800
 57 2.649429 0.000000 0.000015 -0.006498 0.303243 0.008512
 58 9.093618 -0.386673 0.647705 0.020190 0.475380 -0.012607
 59 3.451881 -0.000004 0.000000 -0.014209 0.528778 0.009212
 60 2.898178 0.000000 0.000046 -0.000683 0.490858 0.000916
 61 8.894581 1.605850 0.371918 -0.000566 0.547851 0.000704
 62 3.130409 0.000000 0.000031 0.003896 0.567158 -0.005064
 63 2.629517 0.000004 -0.000031 0.004892 0.544389 -0.006589
 64 8.470617 3.459526 0.131500 -0.021715 0.541478 0.011456
 65 2.410263 0.000004 -0.000046 0.022815 0.529939 -0.013321
 66 2.000793 0.000004 0.000015 -0.005415 0.533618 0.007402
 67 23.052765 6.207910 -0.077301 1.481823 0.058643 2.080206
 68 9.436897 0.000023 -0.000015 -0.310573 0.072322 1.392034
 69 31.269337 0.000000 0.000015 0.568402 -0.646111 1.682789
 70 28.756516 -0.000011 0.000000 0.532775 -0.233235 0.456594
 71 2.251892 2.464409 -1.141563 -0.513217 0.249535 0.112914
 72 3.674072 0.000000 -0.000031 0.331388 -0.059506 -0.325011
 73 3.614700 0.000008 0.000015 0.067360 -0.216133 -0.086857
 74 9.035431 2.494947 0.484421 0.001362 -0.011534 -0.001673
 75 2.943604 0.000002 -0.000023 -0.011497 -0.020268 0.014556
 76 2.649445 0.000002 0.000015 0.006498 -0.010740 -0.008512
 77 9.093704 0.386671 0.647781 -0.018031 0.093461 0.020165
 78 3.451859 0.000002 0.000015 0.014953 0.008589 -0.019838
 79 2.898209 0.000000 0.000000 0.000683 -0.029445 -0.000917
 80 8.894424 -1.605848 0.371918 0.000566 0.090541 -0.000704
 81 3.130432 0.000002 -0.000046 -0.003896 -0.009289 0.005063
 82 2.629501 -0.000002 0.000015 -0.004892 -0.032059 0.006589
 83 8.470596 -3.459522 0.131393 0.018786 0.137518 -0.020073
 84 2.410294 0.000000 0.000000 -0.024238 -0.029075 0.031299
 85 2.000748 0.000000 0.000031 0.005415 -0.025697 -0.007402
 86 9.832352 1.463060 -1.299438 0.016522 -0.031798 -0.020624
 87 25.040588 -5.670405 5.432800 -1.312160 -0.224887 -2.136065
 88 28.779694 -6.856310 -0.811424 -1.466235 0.019064 -1.725377
 89 29.182297 -3.955567 -4.961960 0.881869 2.552753 0.503939
 90 25.040573 5.670407 5.432762 1.296833 -0.398765 2.185823
 91 28.779724 6.856310 -0.811401 1.466235 0.019065 1.725381
 92 29.182297 3.955564 -4.961937 -0.881870 2.552752 -0.503940
 93 -65.335663 -0.000020 1.140918 -3.141591 0.044911 0.000000
 94 26.290924 -12.205289 1.157884 -2.069234 -0.052058 0.001687
 95 49.071045 0.000008 0.000019 2.179705 0.127556 -0.112856
 96 61.871307 -0.000006 -0.000027 3.080256 0.672597 0.035641
 97 26.290924 12.205294 1.157843 2.054075 0.080109 -0.066839
 98 49.071045 0.000005 -0.000022 -2.187262 0.154733 0.063501
 99 61.871300 0.000010 -0.000033 -2.944713 0.642381 0.102745
100 -0.698074 -11.192117 -8.252762 1.144696 -0.293388 -0.482279
101 20.568253 -0.000009 -0.000008 0.010305 0.244848 -0.142978
102 0.223770 -5.734809 -12.929604 2.989454 0.378239 -0.273626
103 20.803589 -0.000011 -0.000023 -0.002500 0.148118 -0.178428
104 -1.040024 -3.033968 12.140510 1.554517 0.104601 -1.288764
105 -1.040009 3.034004 12.140502 -1.554518 0.104604 1.288764
106 4.165451 -5.407045 12.088391 0.777371 -0.704631 -0.362306
107 16.599442 -0.000004 -0.000046 -0.055575 0.561087 0.012012
108 4.165482 5.407080 12.088382 -0.720715 -0.391943 0.358763
109 16.599380 0.000011 -0.000031 0.044898 0.282416 -0.025518
110 6.428375 0.000001 -0.288943 -0.000001 -0.000000 -0.000000
111 -1.833771 -13.936461 1.224504 1.567832 0.003741 -0.292309
112 20.406967 -0.000005 -0.000023 0.014995 0.101851 0.023740
113 21.655487 -0.000005 -0.000008 0.017345 0.034578 0.020632
114 22.360672 -0.000006 -0.000008 0.025055 -0.260792 -0.006124
115 22.519661 -0.000008 -0.000008 -0.018159 -0.281580 0.080059
116 22.140381 -0.000006 -0.000023 0.009596 0.071322 0.072352
117 -1.699203 -12.875612 4.918509 1.111575 -0.132470 -0.265698
118 20.938629 0.000011 0.000000 0.048639 0.094271 0.010751
119 21.993607 -0.000010 -0.000046 0.028754 0.026606 0.018064
120 22.563782 -0.000019 0.000008 0.023541 -0.277887 0.009732
121 22.643356 0.000000 -0.000031 -0.034450 -0.314223 0.100336
122 22.238049 0.000002 -0.000031 -0.024133 -0.035618 0.085839
123 -1.634338 -9.854568 8.052346 0.698521 -0.238846 -0.195575
124 22.205276 -0.000000 -0.000015 0.052452 0.091848 0.003001
125 22.804367 -0.000007 -0.000031 0.028198 0.018984 0.013564
126 23.051666 -0.000004 0.000004 0.021772 -0.300863 0.009341
127 22.939980 0.000001 -0.000038 -0.032035 -0.350026 0.086165
128 22.472061 0.000000 -0.000031 -0.026358 -0.122241 0.072615
129 -1.616135 -5.333253 10.147437 0.332587 -0.301914 -0.099771
130 23.451324 -0.000002 -0.000023 0.030196 0.089912 0.002196
131 23.608002 -0.000006 -0.000031 0.015896 0.013053 0.008811
132 23.536240 -0.000004 -0.000023 0.021426 -0.321962 -0.005227
133 23.233986 -0.000002 0.000000 -0.011129 -0.378054 0.043884
134 22.703674 0.000003 -0.000031 -0.006114 -0.179033 0.030004
135 -1.614517 -0.000000 10.883349 -0.007641 -0.321800 0.006101
136 23.962128 0.000001 -0.000031 -0.004859 0.088428 0.004915
137 23.938980 -0.000003 0.000008 -0.003646 0.010265 0.004230
138 23.736038 -0.000003 -0.000023 0.021689 -0.335712 -0.028270
139 23.354980 0.000006 -0.000046 0.018623 -0.392580 -0.014016
140 22.798935 -0.000010 -0.000031 0.022316 -0.203311 -0.025072
141 -1.616135 5.333251 10.147424 -0.348228 -0.300312 0.111578
142 23.451309 -0.000005 0.000008 -0.039645 0.088210 0.007447
143 23.608032 0.000000 -0.000031 -0.022859 0.011241 -0.000653
144 23.536255 0.000003 -0.000008 0.019329 -0.340001 -0.052687
145 23.233978 -0.000014 -0.000046 0.046963 -0.391675 -0.075734
146 22.703659 0.000012 -0.000031 0.047426 -0.195963 -0.080018
147 -1.634338 9.854564 8.052344 -0.713822 -0.235786 0.206245
148 22.205246 0.000004 0.000008 -0.063068 0.088481 0.005652
149 22.804443 0.000006 -0.000053 -0.036624 0.015516 -0.006395
150 23.051636 -0.000002 0.000015 0.012074 -0.334992 -0.075674
151 22.939980 0.000000 -0.000015 0.060350 -0.375391 -0.128603
152 22.472061 0.000002 -0.000031 0.060519 -0.156131 -0.144351
153 -1.699203 12.875607 4.918525 -1.126165 -0.128317 0.274624
154 20.938614 0.000021 0.000000 -0.060415 0.089480 -0.003825
155 21.993576 -0.000001 -0.000053 -0.038988 0.021914 -0.012561
156 22.563797 0.000005 -0.000004 -0.002193 -0.323801 -0.088211
157 22.643364 0.000011 -0.000038 0.049953 -0.347920 -0.160481
158 22.238029 -0.000008 -0.000015 0.040555 -0.087501 -0.169959
159 -1.833771 13.936457 1.224504 -1.582814 0.008368 0.299138
160 20.406952 0.000007 -0.000038 -0.028765 0.096269 -0.019096
161 21.655502 0.000012 0.000000 -0.029659 0.029300 -0.017324
162 22.360657 0.000008 -0.000015 0.003229 -0.360455 -0.099961
163 22.519669 0.000008 -0.000023 0.055293 -0.344310 -0.176635
164 22.140381 0.000011 -0.000008 -0.020044 0.016305 -0.153567
165 -1.972565 12.875608 -3.614555 -1.867175 0.089072 0.273111
166 20.655182 0.000008 -0.000015 -0.012831 0.097673 -0.024248
167 21.762238 0.000006 -0.000015 -0.029351 0.030942 -0.016678
168 22.392166 0.000015 -0.000015 -0.039667 -0.300021 -0.083786
169 22.541344 0.000015 -0.000023 -0.026131 -0.286282 -0.162654
170 22.217499 0.000008 -0.000008 -0.074394 0.066509 -0.145747
171 -1.967316 9.854566 -7.722432 -2.200907 0.153221 0.204162
172 21.272720 0.000003 0.000000 0.002811 0.093140 -0.025484
173 22.032532 0.000023 -0.000042 -0.025509 0.029067 -0.015342
174 22.475677 0.000005 -0.000004 -0.050746 -0.280171 -0.078800
175 22.598732 0.000010 -0.000015 -0.054089 -0.233124 -0.141132
176 22.407974 0.000019 -0.000038 -0.093346 0.110514 -0.108544
177 -1.900833 5.333252 -10.470076 -2.628080 0.192328 0.108593
178 21.914322 0.000007 -0.000015 0.007679 0.091053 -0.018366
179 22.319839 -0.000009 0.000008 -0.018510 0.028767 -0.011134
180 22.569641 0.000000 0.000000 -0.044688 -0.253134 -0.074759
181 22.663223 0.000017 -0.000011 -0.055847 -0.171371 -0.107363
182 22.604523 0.000015 -0.000038 -0.052221 0.148087 -0.045786
183 -1.865570 -0.000002 -11.435440 3.133414 0.204679 0.001834
184 22.186676 -0.000004 -0.000008 -0.008648 0.092482 -0.001329
185 22.443710 -0.000002 -0.000004 -0.008519 0.030664 -0.002051
186 22.611542 -0.000005 -0.000008 -0.014205 -0.229533 -0.067910
187 22.692024 0.000005 0.000004 -0.019762 -0.135019 -0.056580
188 22.687653 0.000008 -0.000015 -0.036217 0.170793 -0.061333
189 -1.900833 -5.333257 -10.470070 2.611471 0.190598 -0.104700
190 21.914337 0.000008 -0.000011 -0.024357 0.094020 0.016784
191 22.319824 -0.000021 0.000008 0.002351 0.031780 0.008231
192 22.569626 0.000006 -0.000021 0.020408 -0.224993 -0.055120
193 22.663254 -0.000016 0.000004 0.015076 -0.151621 -0.008409
194 22.604523 0.000001 -0.000015 0.020733 0.178008 -0.020941
195 -1.967285 -9.854566 -7.722441 2.184912 0.149976 -0.199597
196 21.272720 -0.000016 0.000000 -0.018956 0.097886 0.026218
197 22.032471 0.000002 -0.000015 0.010357 0.033668 0.014825
198 22.475693 -0.000009 -0.000019 0.033257 -0.236342 -0.038800
199 22.598717 0.000003 -0.000023 0.020617 -0.202391 0.029760
200 22.407997 -0.000013 -0.000023 0.057684 0.167192 0.013001
201 -1.972565 -12.875610 -3.614562 1.851542 0.084783 -0.267515
202 20.655182 0.000007 -0.000015 -0.001862 0.103145 0.027205
203 21.762268 -0.000008 0.000000 0.015546 0.036114 0.018370
204 22.392181 -0.000007 -0.000023 0.031880 -0.250145 -0.022090
205 22.541344 -0.000008 -0.000015 0.004821 -0.251284 0.058312
206 22.217499 -0.000004 -0.000023 0.050555 0.134804 0.050145
207 0.059621 0.456168 0.250107 0.000000 -0.000000 0.000000
208 0.059621 0.456168 0.250107 0.000000 -0.000000 0.000000
time 20
  0 0.059621 0.456168 0.250107 0.000000 -0.000000 0.000000
  1 0.059621 0.456168 0.250107 0.000000 -0.000000 0.000000
  2 0.059621 0.456168 0.250107 0.000000 -0.000000 0.000000
  3 0.059621 0.456168 0.250107 0.000000 -0.000000 0.000000
  4 0.059621 0.456168 0.250107 0.000000 -0.000000 0.000000
  5 0.059621 0.456168 0.250107 0.000000 -0.000000 0.000000
  6 0.059621 0.456168 0.250107 0.000000 -0.000000 0.000000
  7 0.059621 0.456168 0.250107 0.000000 -0.000000 0.000000
  8 0.059621 0.456168 0.250107 0.000000 -0.000000 0.000000
  9 0.059621 0.456168 0.250107 0.000000 -0.000000 0.000000
 10 21.157000 -95.579819 119.698395 -1.241095 -0.080263 0.548377
 11 24.668247 0.000015 -0.000031 0.948259 -0.214915 0.004561
 12 30.380135 -0.000008 0.000008 1.664330 0.075011 0.373558
 13 19.902088 0.000000 -0.000023 0.000398 0.019487 0.003673
 14 27.409887 92.487831 107.458252 -1.269206 3.041991 0.465609
 15 35.349506 0.000000 0.000015 -1.441175 0.120095 0.241158
 16 37.124329 0.000004 -0.000015 -1.019421 0.201158 0.661797
 17 0.059621 0.456168 0.250107 0.064768 -0.005215 -0.156772
 18 0.059621 0.456168 150.834366 1.570796 1.570796 0.000000
 19 -65.799545 -0.000020 1.142855 0.000000 0.000515 3.141077
 20 11.181564 0.005760 -0.002411 0.000000 0.333733 0.000515
 21 27.835175 -0.000000 0.000015 -3.141592 -0.129896 -0.000000
 22 5.330399 -0.000001 -0.000008 3.125354 0.204282 0.006558
 23 10.134888 -4.133392 3.834196 -0.348788 -0.777308 -2.890192
 24 10.134888 4.133399 3.834195 0.348813 -0.777303 2.890173
 25 22.592346 0.000009 17.467102 -0.000010 -3.096096 0.000000
 26 21.199951 -7.744008 14.169508 -0.635885 0.030778 3.120019
 27 18.141998 -13.440226 7.965767 1.197857 -0.099117 -2.982408
 28 21.199951 7.744022 14.169489 0.635888 0.030778 -3.120019
 29 18.141968 13.440235 7.965767 -0.311113 0.039303 3.129345
 30 11.858856 -13.359998 3.526509 1.541031 3.139711 -0.056149
 31 9.463257 -16.404863 -2.906047 1.541050 3.139649 -0.054074
 32 9.125244 -10.885475 -11.371325 0.000496 -3.090154 0.000256
 33 11.858856 13.360003 3.526468 -1.541030 3.139711 0.056150
 34 9.463257 16.404863 -2.906025 -1.541050 3.139649 0.054073
 35 9.125275 10.885470 -11.371306 -0.000492 -3.090154 0.000256
 36 9.023224 -0.000003 -17.296173 0.000180 0.063611 -3.141356
 37 12.691376 -0.000003 -19.438763 -0.010790 2.468458 -0.014146
 38 10.989395 0.000002 0.000000 0.000000 0.098964 0.000000
 39 12.871460 -10.586842 -15.652472 0.870907 2.692600 0.455264
 40 10.726990 0.000006 -0.000015 -0.041871 0.087983 0.012119
 41 12.871460 10.586840 -15.652469 -0.819196 2.681174 -0.443390
 42 10.726974 -0.000021 0.000015 0.041819 0.087981 -0.012104
 43 12.847198 -17.570082 -4.701341 1.147373 2.791051 0.622199
 44 11.496490 0.000002 -0.000031 -0.085558 0.127077 0.029408
 45 12.847198 17.570080 -4.701362 -1.098125 2.778746 -0.605266
 46 11.496475 0.000003 -0.000031 0.085557 0.127077 -0.029408
 47 28.485931 0.000010 16.460342 -0.000001 -0.267796 0.000000
 48 23.052765 -6.207911 -0.077293 -1.470206 0.035100 -1.833545
 49 9.436909 -0.000004 -0.000015 -0.170917 -0.337071 -1.740302
 50 31.269318 -0.000015 0.000031 -0.468908 0.404692 -1.675995
 51 28.756500 -0.000004 -0.000031 -0.001117 0.032665 0.001416
 52 2.251988 -2.464413 -1.141663 0.481305 0.508197 -0.319329
 53 3.674057 -0.000015 0.000015 -0.277611 0.179024 0.194713
 54 3.614685 0.000008 0.000000 0.013156 0.193871 -0.001558
 55 9.035501 -2.494953 0.484558 -0.001362 0.302449 0.001673
 56 2.943573 0.000000 0.000000 0.010585 0.293657 -0.007800
 57 2.649429 0.000000 0.000015 -0.006498 0.303243 0.008512
 58 9.093618 -0.386677 0.647736 0.020190 0.475380 -0.012607
 59 3.451889 0.000000 0.000015 -0.014209 0.528778 0.009212
 60 2.898163 0.000000 0.000031 -0.000683 0.490858 0.000916
 61 8.894585 1.605850 0.371887 -0.000566 0.547851 0.000704
 62 3.130402 0.000000 0.000046 0.003896 0.567158 -0.005064
 63 2.629517 0.000000 -0.000046 0.004892 0.544388 -0.006589
 64 8.470619 3.459526 0.131500 -0.021715 0.541478 0.011455
 65 2.410255 0.000000 -0.000061 0.022815 0.529939 -0.013321
 66 2.000778 0.000000 0.000015 -0.005415 0.533618 0.007402
 67 23.052765 6.207911 -0.077309 1.481823 0.058643 2.080206
 68 9.436897 0.000019 -0.000031 -0.334009 0.053966 1.397292
 69 31.269333 0.000008 0.000000 0.568593 -0.653058 1.650329
 70 28.756531 -0.000008 0.000015 0.533618 -0.239075 0.458302
 71 2.251907 2.464409 -1.141563 -0.513217 0.249535 0.112914
 72 3.674088 0.000008 -0.000015 0.331388 -0.059506 -0.325011
 73 3.614685 0.000006 0.000031 0.067360 -0.216133 -0.086857
 74 9.035416 2.494946 0.484428 0.001362 -0.011534 -0.001673
 75 2.943573 0.000004 -0.000023 -0.011498 -0.020268 0.014556
 76 2.649445 -0.000002 0.000015 0.006498 -0.010740 -0.008512
 77 9.093689 0.386669 0.647789 -0.018031 0.093461 0.020165
 78 3.451859 0.000000 0.000000 0.014953 0.008589 -0.019838
 79 2.898193 -0.000002 0.000000 0.000683 -0.029445 -0.000917
 80 8.894409 -1.605850 0.371910 0.000566 0.090541 -0.000704
 81 3.130432 0.000002 -0.000046 -0.003896 -0.009289 0.005063
 82 2.629532 0.000000 0.000031 -0.004892 -0.032059 0.006589
 83 8.470627 -3.459518 0.131401 0.018786 0.137518 -0.020073
 84 2.410263 -0.000002 0.000000 -0.024238 -0.029075 0.031299
 85 2.000748 0.000006 0.000015 0.005415 -0.025697 -0.007402
 86 9.832367 1.463066 -1.299423 0.016522 -0.031798 -0.020624
 87 25.040588 -5.670405 5.432793 -1.312160 -0.224888 -2.136065
 88 28.779709 -6.856310 -0.811417 -1.466235 0.019064 -1.725377
 89 29.182312 -3.955567 -4.961960 0.881870 2.552753 0.503940
 90 25.040573 5.670408 5.432747 1.296833 -0.398765 2.185823
 91 28.779739 6.856312 -0.811394 1.466235 0.019065 1.725381
 92 29.182297 3.955564 -4.961937 -0.881870 2.552752 -0.503941
 93 -65.335648 -0.000020 1.140918 -3.141591 0.044911 0.000000
 94 26.290924 -12.205288 1.157884 -2.069218 -0.052310 0.001223
 95 49.071030 0.000007 0.000019 2.179705 0.127556 -0.112856
 96 61.871307 -0.000005 -0.000034 3.080256 0.672597 0.035641
 97 26.290924 12.205295 1.157843 2.054145 0.079761 -0.066165
 98 49.071075 0.000004 -0.000026 -2.187262 0.154733 0.063501
 99 61.871323 0.000008 -0.000036 -2.944714 0.642381 0.102744
100 -0.698059 -11.192116 -8.252762 1.154960 -0.314270 -0.516579
101 20.568222 -0.000006 0.000000 0.010305 0.245735 -0.142938
102 0.223785 -5.734809 -12.929604 2.981840 0.399646 -0.293703
103 20.803589 -0.000011 -0.000031 -0.003004 0.149664 -0.178874
104 -1.040009 -3.033968 12.140512 1.554517 0.104601 -1.288764
105 -1.039993 3.034004 12.140500 -1.554518 0.104604 1.288764
106 4.165451 -5.407045 12.088391 0.805424 -0.759184 -0.404265
107 16.599442 -0.000004 -0.000031 -0.055588 0.564402 0.011970
108 4.165482 5.407080 12.088380 -0.720106 -0.390939 0.357183
109 16.599396 0.000010 -0.000031 0.044533 0.284074 -0.025485
110 6.428391 0.000001 -0.288943 -0.000001 -0.000000 -0.000000
111 -1.833771 -13.936460 1.224504 1.567787 0.000904 -0.312072
112 20.406967 -0.000003 -0.000015 0.014963 0.112471 0.024701
113 21.655518 -0.000006 0.000000 0.016858 0.058716 0.017916
114 22.360672 -0.000008 -0.000015 0.027242 -0.240299 -0.016452
115 22.519676 -0.000006 -0.000008 -0.015812 -0.255598 0.069008
116 22.140396 -0.000006 -0.000031 0.009498 0.105196 0.072348
117 -1.699203 -12.875611 4.918509 1.114040 -0.144041 -0.283582
118 20.938599 0.000011 0.000008 0.048562 0.104473 0.010920
119 21.993622 -0.000010 -0.000046 0.028462 0.051584 0.014831
120 22.563797 -0.000018 0.000004 0.025853 -0.255588 0.000112
121 22.643349 0.000002 -0.000031 -0.031936 -0.286474 0.090989
122 22.238045 -0.000006 -0.000038 -0.024202 -0.002619 0.084216
123 -1.634338 -9.854567 8.052346 0.702068 -0.256633 -0.208549
124 22.205276 -0.000002 -0.000023 0.052647 0.101767 0.002819
125 22.804382 -0.000007 -0.000046 0.027851 0.044800 0.010776
126 23.051666 -0.000002 0.000008 0.023820 -0.277364 0.001783
127 22.939995 0.000002 -0.000046 -0.029871 -0.321871 0.079498
128 22.472065 -0.000002 -0.000031 -0.026394 -0.089361 0.071379
129 -1.616135 -5.333253 10.147437 0.334589 -0.322909 -0.106281
130 23.451294 -0.000002 -0.000015 0.030316 0.099537 0.002128
131 23.608002 -0.000006 -0.000023 0.015289 0.039363 0.007257
132 23.536224 -0.000004 -0.000031 0.023157 -0.297981 -0.010208
133 23.233978 -0.000001 0.000008 -0.009487 -0.350235 0.039463
134 22.703674 0.000003 -0.000031 -0.006156 -0.146166 0.029968
135 -1.614517 -0.000000 10.883349 -0.007771 -0.343688 0.006496
136 23.962143 0.000001 -0.000031 -0.004356 0.097893 0.005165
137 23.938965 -0.000003 0.000000 -0.003469 0.036737 0.004260
138 23.736023 -0.000003 -0.000015 0.022218 -0.311837 -0.030013
139 23.354988 0.000005 -0.000046 0.019300 -0.364908 -0.015145
140 22.798927 -0.000010 -0.000031 0.022189 -0.170494 -0.023907
141 -1.616135 5.333251 10.147422 -0.350452 -0.321194 0.118853
142 23.451309 -0.000006 0.000000 -0.039860 0.097751 0.008019
143 23.608032 -0.000000 -0.000031 -0.022837 0.037603 0.001042
144 23.536255 0.000002 -0.000015 0.018999 -0.316689 -0.051630
145 23.233978 -0.000014 -0.000031 0.046615 -0.363724 -0.074818
146 22.703671 0.000014 -0.000015 0.047044 -0.163251 -0.077720
147 -1.634338 9.854565 8.052344 -0.717131 -0.253359 0.219909
148 22.205261 0.000003 0.000000 -0.063017 0.098231 0.006302
149 22.804459 0.000006 -0.000061 -0.036604 0.041420 -0.003415
150 23.051651 -0.000002 0.000008 0.011352 -0.312854 -0.071957
151 22.939987 0.000000 -0.000015 0.058928 -0.347307 -0.124104
152 22.472069 0.000002 -0.000046 0.060364 -0.123561 -0.140863
153 -1.699203 12.875607 4.918525 -1.128997 -0.139607 0.293091
154 20.938599 0.000021 0.000008 -0.060657 0.099431 -0.003556
155 21.993591 -0.000001 -0.000061 -0.038606 0.047002 -0.008998
156 22.563797 0.000007 0.000000 -0.003524 -0.303414 -0.082797
157 22.643356 0.000011 -0.000038 0.047739 -0.320487 -0.152787
158 22.238029 -0.000008 -0.000015 0.040601 -0.054801 -0.166828
159 -1.833771 13.936458 1.224504 -1.582671 0.005831 0.319361
160 20.406982 0.000007 -0.000031 -0.028530 0.106591 -0.019757
161 21.655518 0.000013 -0.000008 -0.029187 0.053520 -0.014166
162 22.360657 0.000008 -0.000015 0.001889 -0.345245 -0.094449
163 22.519669 0.000010 -0.000023 0.053114 -0.319887 -0.167621
164 22.140381 0.000004 0.000008 -0.019742 0.050476 -0.152750
165 -1.972580 12.875609 -3.614555 -1.865515 0.091831 0.291488
166 20.655167 0.000009 -0.000015 -0.012756 0.107791 -0.025241
167 21.762253 0.000006 -0.000015 -0.028844 0.053619 -0.013888
168 22.392166 0.000013 -0.000011 -0.040669 -0.284521 -0.077989
169 22.541344 0.000017 -0.000023 -0.028068 -0.264415 -0.152332
170 22.217499 0.000015 -0.000015 -0.074119 0.100780 -0.145737
171 -1.967316 9.854567 -7.722432 -2.198789 0.160148 0.217733
172 21.272705 0.000004 0.000000 0.002798 0.102387 -0.026604
173 22.032501 0.000025 -0.000042 -0.025141 0.048548 -0.013044
174 22.475677 0.000004 -0.000004 -0.051509 -0.269444 -0.074409
175 22.598709 0.000006 -0.000008 -0.055323 -0.216131 -0.132556
176 22.407963 0.000015 -0.000031 -0.093108 0.144264 -0.110248
177 -1.900848 5.333252 -10.470076 -2.626686 0.201713 0.115712
178 21.914322 0.000007 -0.000019 0.008021 0.099540 -0.019149
179 22.319839 -0.000008 0.000008 -0.018112 0.044770 -0.009660
180 22.569641 0.000000 0.000002 -0.044968 -0.247617 -0.073306
181 22.663223 0.000019 -0.000008 -0.056327 -0.159957 -0.102150
182 22.604523 0.000015 -0.000031 -0.050043 0.182035 -0.044128
183 -1.865585 -0.000002 -11.435440 3.133438 0.214814 0.001954
184 22.186676 -0.000004 -0.000004 -0.008680 0.100752 -0.001364
185 22.443710 -0.000002 -0.000002 -0.008145 0.045031 -0.001775
186 22.611557 -0.000005 -0.000004 -0.013709 -0.225985 -0.071042
187 22.692009 0.000004 0.000000 -0.019561 -0.125927 -0.057336
188 22.687660 0.000008 -0.000008 -0.036296 0.204609 -0.062004
189 -1.900848 -5.333257 -10.470070 2.610140 0.199876 -0.111560
190 21.914337 0.000008 -0.000008 -0.024644 0.102659 0.017583
191 22.319809 -0.000022 0.000008 0.001999 0.047723 0.007332
192 22.569626 0.000005 -0.000021 0.021891 -0.218142 -0.062338
193 22.663223 -0.000015 0.000008 0.015879 -0.139633 -0.014318
194 22.604515 0.000004 -0.000015 0.020680 0.211896 -0.020158
195 -1.967285 -9.854565 -7.722441 2.182887 0.156701 -0.212856
196 21.272720 -0.000018 -0.000008 -0.018938 0.107385 0.027438
197 22.032455 0.000004 -0.000019 0.010003 0.053089 0.013065
198 22.475708 -0.000010 -0.000019 0.035090 -0.223526 -0.048304
199 22.598717 0.000003 -0.000015 0.022093 -0.184294 0.019955
200 22.407990 -0.000013 -0.000031 0.057665 0.201125 0.014561
201 -1.972580 -12.875609 -3.614562 1.849996 0.087270 -0.285507
202 20.655167 0.000008 -0.000008 -0.002083 0.113559 0.028415
203 21.762268 -0.000009 -0.000004 0.015118 0.058736 0.016027
204 22.392166 -0.000008 -0.000023 0.033997 -0.232276 -0.032433
205 22.541351 -0.000007 -0.000015 0.006880 -0.228092 0.047269
206 22.217499 0.000000 -0.000015 0.050419 0.169065 0.051295
207 0.059621 0.456168 0.250107 0.000000 -0.000000 0.000000
208 0.059621 0.456168 0.250107 0.000000 -0.000000 0.000000
time 21
  0 0.059621 0.456168 0.250107 0.000000 -0.000000 0.000000
  1 0.059621 0.456168 0.250107 0.000000 -0.000000 0.000000
  2 0.059621 0.456168 0.250107 0.000000 -0.000000 0.000000
  3 0.059621 0.456168 0.250107 0.000000 -0.000000 0.000000
  4 0.059621 0.456168 0.250107 0.000000 -0.000000 0.000000
  5 0.059621 0.456168 0.250107 0.000000 -0.000000 0.000000
  6 0.059621 0.456168 0.250107 0.000000 -0.000000 0.000000
  7 0.059621 0.456168 0.250107 0.000000 -0.000000 0.000000
  8 0.059621 0.456168 0.250107 0.000000 -0.000000 0.000000
  9 0.059621 0.456168 0.250107 0.000000 -0.000000 0.000000
 10 14.139815 -99.160896 119.540230 -1.241095 -0.080263 0.449142
 11 24.668249 0.000015 -0.000046 0.945682 -0.234525 0.011934
 12 30.380144 0.000000 0.000008 1.669131 0.071147 0.404972
 13 19.902092 -0.000008 -0.000015 0.001012 0.012964 0.002124
 14 40.657303 94.543159 107.458252 -1.270947 3.038357 0.340234
 15 35.349510 0.000015 0.000019 -1.446583 0.167283 0.226415
 16 37.124329 0.000000 -0.000015 -1.021143 0.192650 0.659691
 17 0.059621 0.456168 0.250107 0.064768 -0.005215 -0.156772
 18 0.059621 0.456168 150.834366 1.570796 1.570796 0.000000
 19 -65.799545 -0.000020 1.142855 -0.000000 0.000515 3.141077
 20 11.181564 0.005760 -0.002411 0.000000 0.333588 0.000515
 21 27.835175 -0.000000 0.000023 -3.141592 -0.129896 -0.000000
 22 5.330383 -0.000001 0.000000 3.125428 0.217213 0.006555
 23 10.134888 -4.133391 3.834194 -0.349196 -0.775349 -2.890503
 24 10.134918 4.133398 3.834195 0.349156 -0.775358 2.890522
 25 22.592377 0.000009 17.467102 -0.000010 -3.098958 0.000000
 26 21.200012 -7.744006 14.169508 -0.636594 0.028549 3.121760
 27 18.141998 -13.440226 7.965766 1.199025 -0.100048 -2.985036
 28 21.199951 7.744021 14.169489 0.636587 0.028546 -3.121761
 29 18.141998 13.440234 7.965767 -0.311509 0.036599 3.130260
 30 11.858887 -13.359996 3.526508 1.540152 3.139503 -0.053425
 31 9.463287 -16.404863 -2.906046 1.540170 3.139439 -0.051350
 32 9.125244 -10.885474 -11.371325 0.000496 -3.093016 0.000256
 33 11.858856 13.360003 3.526468 -1.540150 3.139504 0.053425
 34 9.463257 16.404865 -2.906025 -1.540168 3.139440 0.051349
 35 9.125305 10.885470 -11.371304 -0.000492 -3.093016 0.000256
 36 9.023224 -0.000003 -17.296173 0.000180 0.060749 -3.141356
 37 12.691406 -0.000003 -19.438766 -0.009061 2.405616 -0.011615
 38 10.989426 0.000002 -0.000015 0.000000 0.027792 0.000000
 39 12.871460 -10.586840 -15.652473 0.894358 2.654157 0.508039
 40 10.726990 0.000004 -0.000046 -0.043666 0.017749 0.020961
 41 12.871460 10.586840 -15.652473 -0.840526 2.636626 -0.490327
 42 10.726959 -0.000022 0.000000 0.042738 0.017581 -0.017923
 43 12.847229 -17.570080 -4.701342 1.169871 2.764656 0.686811
 44 11.496506 0.000005 -0.000015 -0.087617 0.057253 0.042059
 45 12.847198 17.570080 -4.701363 -1.120806 2.744177 -0.667819
 46 11.496445 0.000002 0.000015 0.087627 0.057277 -0.042086
 47 28.485962 0.000010 16.460346 -0.000001 -0.276845 0.000000
 48 23.052765 -6.207911 -0.077278 -1.470206 0.035100 -1.833545
 49 9.436913 -0.000008 -0.000031 -0.170411 -0.344023 -1.737708
 50 31.269318 -0.000015 0.000015 -0.468273 0.403662 -1.673077
 51 28.756498 0.000000 0.000000 -0.001117 0.032665 0.001416
 52 2.251989 -2.464413 -1.141693 0.481305 0.508197 -0.319329
 53 3.674042 -0.000015 0.000015 -0.277611 0.179024 0.194713
 54 3.614685 0.000015 0.000000 0.013156 0.193871 -0.001558
 55 9.035501 -2.494946 0.484528 -0.001362 0.302449 0.001673
 56 2.943581 -0.000004 -0.000015 0.010585 0.293657 -0.007800
 57 2.649445 -0.000004 0.000000 -0.006498 0.303243 0.008512
 58 9.093616 -0.386673 0.647705 0.020190 0.475380 -0.012607
 59 3.451874 0.000000 0.000000 -0.014209 0.528778 0.009212
 60 2.898178 0.000000 0.000031 -0.000683 0.490858 0.000916
 61 8.894581 1.605850 0.371887 -0.000566 0.547851 0.000704
 62 3.130402 0.000000 0.000031 0.003896 0.567158 -0.005064
 63 2.629547 -0.000004 -0.000053 0.004892 0.544388 -0.006589
 64 8.470617 3.459526 0.131500 -0.021715 0.541478 0.011456
 65 2.410263 0.000000 -0.000046 0.022815 0.529939 -0.013321
 66 2.000793 0.000000 0.000015 -0.005415 0.533618 0.007402
 67 23.052780 6.207910 -0.077301 1.481823 0.058643 2.080206
 68 9.436897 0.000019 0.000000 -0.357640 0.036160 1.395426
 69 31.269337 0.000002 0.000000 0.568077 -0.652853 1.614774
 70 28.756500 0.000000 0.000015 0.533236 -0.237590 0.457678
 71 2.251877 2.464407 -1.141571 -0.513217 0.249535 0.112914
 72 3.674088 0.000008 -0.000031 0.331388 -0.059506 -0.325011
 73 3.614670 0.000002 0.000015 0.067360 -0.216133 -0.086857
 74 9.035416 2.494951 0.484436 0.001362 -0.011534 -0.001673
 75 2.943573 0.000000 -0.000015 -0.011497 -0.020268 0.014556
 76 2.649445 0.000000 0.000023 0.006498 -0.010740 -0.008512
 77 9.093704 0.386671 0.647797 -0.018031 0.093461 0.020165
 78 3.451859 0.000002 0.000000 0.014953 0.008589 -0.019838
 79 2.898209 -0.000002 0.000000 0.000684 -0.029445 -0.000917
 80 8.894409 -1.605848 0.371918 0.000566 0.090541 -0.000704
 81 3.130417 0.000000 -0.000046 -0.003896 -0.009289 0.005063
 82 2.629517 -0.000002 0.000015 -0.004892 -0.032059 0.006589
 83 8.470612 -3.459517 0.131409 0.018786 0.137518 -0.020073
 84 2.410263 0.000000 0.000015 -0.024238 -0.029075 0.031299
 85 2.000748 -0.000002 0.000015 0.005415 -0.025697 -0.007402
 86 9.832352 1.463062 -1.299423 0.016523 -0.031798 -0.020624
 87 25.040604 -5.670405 5.432800 -1.312160 -0.224887 -2.136065
 88 28.779694 -6.856310 -0.811417 -1.466235 0.019064 -1.725377
 89 29.182312 -3.955567 -4.961952 0.881870 2.552753 0.503940
 90 25.040573 5.670407 5.432762 1.296833 -0.398765 2.185823
 91 28.779739 6.856310 -0.811394 1.466235 0.019065 1.725381
 92 29.182281 3.955564 -4.961929 -0.881870 2.552752 -0.503940
 93 -65.335648 -0.000020 1.140918 -3.141591 0.044911 0.000000
 94 26.290924 -12.205288 1.157884 -2.069221 -0.052246 0.001341
 95 49.071045 0.000010 0.000015 2.179705 0.127556 -0.112856
 96 61.871307 -0.000006 -0.000031 3.080256 0.672597 0.035641
 97 26.290924 12.205295 1.157843 2.054127 0.079849 -0.066336
 98 49.071045 0.000005 -0.000023 -2.187262 0.154733 0.063501
 99 61.871315 0.000009 -0.000034 -2.944714 0.642381 0.102745
100 -0.698059 -11.192116 -8.252762 1.166532 -0.335658 -0.552819
101 20.568237 -0.000009 -0.000015 0.010305 0.241657 -0.142950
102 0.223785 -5.734809 -12.929604 2.973300 0.421874 -0.315088
103 20.803558 -0.000015 -0.000023 -0.002968 0.147229 -0.178162
104 -1.040009 -3.033968 12.140512 1.554517 0.104601 -1.288764
105 -1.039993 3.034004 12.140500 -1.554518 0.104604 1.288764
106 4.165451 -5.407045 12.088391 0.839604 -0.815177 -0.453007
107 16.599442 -0.000004 -0.000015 -0.055337 0.558711 0.012118
108 4.165482 5.407080 12.088380 -0.725172 -0.397216 0.366033
109 16.599396 0.000011 -0.000038 0.044060 0.278008 -0.025509
110 6.428391 0.000001 -0.288943 -0.000001 -0.000000 -0.000000
111 -1.833771 -13.936460 1.224504 1.567799 -0.002074 -0.332816
112 20.406952 -0.000004 -0.000023 0.014877 0.119701 0.026251
113 21.655502 -0.000007 -0.000004 0.016279 0.083457 0.015722
114 22.360687 -0.000008 -0.000011 0.029175 -0.219999 -0.026319
115 22.519669 -0.000008 -0.000015 -0.013877 -0.232481 0.058150
116 22.140396 -0.000008 -0.000023 0.009498 0.139360 0.072350
117 -1.699203 -12.875611 4.918509 1.116852 -0.156116 -0.302383
118 20.938599 0.000011 0.000000 0.048477 0.110972 0.011601
119 21.993622 -0.000011 -0.000046 0.027993 0.077001 0.011893
120 22.563797 -0.000019 0.000008 0.027812 -0.233491 -0.009109
121 22.643364 0.000000 -0.000038 -0.029766 -0.261664 0.081786
122 22.238049 -0.000006 -0.000031 -0.024177 0.030759 0.082616
123 -1.634338 -9.854567 8.052346 0.705296 -0.275161 -0.222226
124 22.205292 -0.000001 -0.000015 0.052539 0.107690 0.003007
125 22.804398 -0.000006 -0.000038 0.027556 0.070870 0.008161
126 23.051666 -0.000003 0.000008 0.025717 -0.253988 -0.005552
127 22.939987 0.000002 -0.000046 -0.027915 -0.296602 0.072650
128 22.472061 0.000000 -0.000023 -0.026312 -0.056096 0.069950
129 -1.616135 -5.333253 10.147437 0.336842 -0.344753 -0.113157
130 23.451294 -0.000001 -0.000008 0.029954 0.104992 0.002269
131 23.608017 -0.000007 -0.000031 0.015234 0.065779 0.005841
132 23.536240 -0.000005 -0.000031 0.024379 -0.274051 -0.015046
133 23.233971 0.000000 0.000008 -0.008081 -0.325122 0.034934
134 22.703678 0.000006 -0.000023 -0.006156 -0.112895 0.029983
135 -1.614517 -0.000000 10.883349 -0.007915 -0.366449 0.006913
136 23.962128 0.000001 -0.000031 -0.004716 0.103123 0.005468
137 23.938950 -0.000003 0.000008 -0.003704 0.063242 0.004415
138 23.736023 -0.000003 -0.000015 0.022981 -0.287963 -0.032035
139 23.354980 0.000005 -0.000038 0.019909 -0.339944 -0.017579
140 22.798923 -0.000010 -0.000038 0.022191 -0.137267 -0.022929
141 -1.616135 5.333251 10.147422 -0.352957 -0.342915 0.126535
142 23.451309 -0.000005 0.000000 -0.039705 0.103093 0.008478
143 23.608032 0.000001 -0.000038 -0.022770 0.064037 0.002793
144 23.536270 0.000003 -0.000015 0.018862 -0.293505 -0.050605
145 23.233978 -0.000014 -0.000038 0.046478 -0.338744 -0.074419
146 22.703667 0.000012 -0.000015 0.046602 -0.130151 -0.075427
147 -1.634338 9.854565 8.052344 -0.720868 -0.271656 0.234309
148 22.205261 0.000004 0.000000 -0.062991 0.103931 0.006669
149 22.804443 0.000007 -0.000069 -0.036560 0.067518 -0.000440
150 23.051636 -0.000001 0.000008 0.010069 -0.290956 -0.068519
151 22.939972 -0.000002 -0.000015 0.057831 -0.322310 -0.121043
152 22.472073 0.000008 -0.000031 0.060366 -0.090566 -0.138056
153 -1.699203 12.875607 4.918525 -1.131811 -0.151382 0.312499
154 20.938614 0.000020 0.000000 -0.060246 0.105597 -0.003778
155 21.993607 -0.000001 -0.000061 -0.038260 0.072439 -0.005657
156 22.563797 0.000006 0.000000 -0.004917 -0.283467 -0.077585
157 22.643372 0.000013 -0.000046 0.046087 -0.296550 -0.146345
158 22.238026 -0.000004 -0.000023 0.040551 -0.021794 -0.163615
159 -1.833771 13.936458 1.224504 -1.582575 0.003166 0.340584
160 20.406967 0.000007 -0.000031 -0.028515 0.113429 -0.020993
161 21.655518 0.000013 -0.000008 -0.028630 0.078261 -0.011452
162 22.360657 0.000006 -0.000015 0.000238 -0.330577 -0.089514
163 22.519676 0.000008 -0.000023 0.051428 -0.299463 -0.160480
164 22.140373 0.000004 0.000000 -0.019567 0.084903 -0.151887
165 -1.972580 12.875609 -3.614555 -1.863718 0.094693 0.310782
166 20.655167 0.000008 -0.000015 -0.012685 0.114737 -0.026817
167 21.762253 0.000007 -0.000015 -0.028370 0.076871 -0.011551
168 22.392151 0.000013 -0.000011 -0.042265 -0.269406 -0.072804
169 22.541351 0.000017 -0.000023 -0.029530 -0.245842 -0.143781
170 22.217499 0.000008 -0.000008 -0.074262 0.135237 -0.146502
171 -1.967316 9.854567 -7.722432 -2.196464 0.167381 0.231997
172 21.272720 0.000004 0.000000 0.002841 0.109003 -0.028245
173 22.032516 0.000026 -0.000038 -0.024826 0.068581 -0.011261
174 22.475677 0.000005 -0.000004 -0.052316 -0.259088 -0.070591
175 22.598724 0.000008 -0.000008 -0.056318 -0.202112 -0.125312
176 22.407974 0.000023 -0.000031 -0.093477 0.178435 -0.112719
177 -1.900848 5.333252 -10.470076 -2.625149 0.211538 0.123202
178 21.914337 0.000008 -0.000015 0.007701 0.105957 -0.020351
179 22.319839 -0.000008 0.000011 -0.017878 0.061370 -0.008651
180 22.569611 0.000000 0.000006 -0.045538 -0.242250 -0.072113
181 22.663223 0.000017 -0.000011 -0.056642 -0.150856 -0.098565
182 22.604523 0.000011 -0.000031 -0.048138 0.216395 -0.042681
183 -1.865585 -0.000002 -11.435440 3.133466 0.225432 0.002079
184 22.186676 -0.000004 -0.000011 -0.008356 0.107233 -0.001444
185 22.443741 -0.000002 -0.000002 -0.008510 0.060096 -0.001543
186 22.611542 -0.000005 -0.000004 -0.012897 -0.222605 -0.074359
187 22.692024 0.000006 0.000000 -0.019358 -0.119099 -0.058774
188 22.687645 0.000010 -0.000011 -0.036352 0.238996 -0.062641
189 -1.900848 -5.333257 -10.470070 2.608673 0.209591 -0.118778
190 21.914337 0.000008 -0.000008 -0.024597 0.109282 0.018657
191 22.319824 -0.000023 0.000008 0.001680 0.064333 0.006752
192 22.569626 0.000006 -0.000019 0.023279 -0.211377 -0.069719
193 22.663223 -0.000018 0.000008 0.016514 -0.129590 -0.021647
194 22.604523 0.000006 -0.000008 0.020683 0.246325 -0.019335
195 -1.967285 -9.854565 -7.722441 2.180664 0.163724 -0.226791
196 21.272720 -0.000016 0.000000 -0.018890 0.114331 0.029136
197 22.032471 0.000003 -0.000015 0.009569 0.073127 0.011825
198 22.475693 -0.000010 -0.000027 0.036845 -0.210896 -0.057624
199 22.598717 0.000005 -0.000019 0.023342 -0.168621 0.009979
200 22.407990 -0.000013 -0.000023 0.057673 0.235572 0.016147
201 -1.972580 -12.875609 -3.614562 1.848325 0.089850 -0.304398
202 20.655167 0.000007 -0.000015 -0.002143 0.120887 0.030194
203 21.762283 -0.000010 0.000000 0.014561 0.081994 0.014240
204 22.392166 -0.000008 -0.000015 0.035859 -0.214591 -0.042429
205 22.541351 -0.000006 -0.000015 0.008618 -0.207611 0.036176
206 22.217506 0.000000 -0.000023 0.050609 0.203674 0.052769
207 0.059621 0.456168 0.250107 0.000000 -0.000000 0.000000
208 0.059621 0.456168 0.250107 0.000000 -0.000000 0.000000
time 22
  0 0.059621 0.456168 0.250107 0.000000 -0.000000 0.000000
  1 0.059621 0.456168 0.250107 0.000000 -0.000000 0.000000
  2 0.059621 0.456168 0.250107 0.000000 -0.000000 0.000000
  3 0.059621 0.456168 0.250107 0.000000 -0.000000 0.000000
  4 0.059621 0.456168 0.250107 0.000000 -0.000000 0.000000
  5 0.059621 0.456168 0.250107 0.000000 -0.000000 0.000000
  6 0.059621 0.456168 0.250107 0.000000 -0.000000 0.000000
  7 0.059621 0.456168 0.250107 0.000000 -0.000000 0.000000
  8 0.059621 0.456168 0.250107 0.000000 -0.000000 0.000000
  9 0.059621 0.456168 0.250107 0.000000 -0.000000 0.000000
 10 7.244107 -101.412186 119.453056 -1.241095 -0.080263 0.344758
 11 24.668249 0.000015 -0.000038 0.943681 -0.249241 0.016899
 12 30.380140 0.000000 0.000008 1.674271 0.066636 0.439178
 13 19.902086 0.000000 -0.000023 0.001639 0.006296 0.000541
 14 52.239315 95.837128 107.458252 -1.272023 3.036138 0.214986
 15 35.349514 0.000000 0.000023 -1.453360 0.220747 0.212941
 16 37.124336 -0.000011 -0.000015 -1.022225 0.187302 0.658366
 17 0.059621 0.456168 0.250107 0.064768 -0.005215 -0.156772
 18 0.059621 0.456168 150.834366 1.570796 1.570796 0.000000
 19 -65.799545 -0.000020 1.142855 0.000000 0.000515 3.141077
 20 11.181564 0.005760 -0.002411 0.000000 0.333161 0.000515
 21 27.835159 -0.000000 0.000023 -3.141592 -0.129896 -0.000000
 22 5.330368 -0.000001 -0.000004 3.125648 0.231513 0.006548
 23 10.134888 -4.133393 3.834194 -0.351183 -0.777081 -2.888771
 24 10.134888 4.133399 3.834193 0.351063 -0.777106 2.888835
 25 22.592346 0.000009 17.467100 -0.000010 -3.107150 0.000000
 26 21.199951 -7.744008 14.169506 -0.638623 0.022169 3.126744
 27 18.142029 -13.440228 7.965764 1.202367 -0.102714 -2.992557
 28 21.199982 7.744022 14.169487 0.638586 0.022160 -3.126745
 29 18.141968 13.440235 7.965764 -0.312641 0.028860 3.132879
 30 11.858856 -13.359999 3.526506 1.537927 3.138905 -0.045628
 31 9.463257 -16.404865 -2.906048 1.537944 3.138837 -0.043553
 32 9.125244 -10.885475 -11.371328 0.000496 -3.101208 0.000256
 33 11.858826 13.360004 3.526466 -1.537923 3.138912 0.045628
 34 9.463257 16.404867 -2.906027 -1.537941 3.138844 0.043553
 35 9.125275 10.885471 -11.371309 -0.000492 -3.101208 0.000256
 36 9.023224 -0.000003 -17.296171 0.000180 0.052557 -3.141356
 37 12.691437 -0.000003 -19.438765 -0.007082 2.358079 -0.008999
 38 10.989410 0.000002 -0.000015 0.000000 -0.053096 0.000000
 39 12.871460 -10.586842 -15.652475 0.913903 2.624925 0.549381
 40 10.726990 0.000004 -0.000031 -0.048664 -0.061954 0.031856
 41 12.871460 10.586842 -15.652472 -0.858120 2.602212 -0.526740
 42 10.726974 -0.000020 0.000015 0.045296 -0.062341 -0.024897
 43 12.847229 -17.570082 -4.701344 1.188741 2.743932 0.738069
 44 11.496490 0.000005 -0.000031 -0.093350 -0.021867 0.057259
 45 12.847198 17.570084 -4.701363 -1.140041 2.716571 -0.717499
 46 11.496475 0.000000 0.000000 0.093390 -0.021819 -0.057323
 47 28.485931 0.000010 16.460342 -0.000001 -0.285563 0.000000
 48 23.052750 -6.207911 -0.077286 -1.470206 0.035100 -1.833545
 49 9.436905 -0.000004 -0.000015 -0.168926 -0.350716 -1.730093
 50 31.269333 -0.000015 0.000046 -0.466406 0.400641 -1.664519
 51 28.756493 -0.000008 -0.000031 -0.001117 0.032665 0.001416
 52 2.251989 -2.464409 -1.141663 0.481305 0.508197 -0.319329
 53 3.674072 -0.000046 0.000015 -0.277611 0.179024 0.194713
 54 3.614700 0.000000 -0.000015 0.013156 0.193871 -0.001558
 55 9.035500 -2.494946 0.484558 -0.001362 0.302449 0.001673
 56 2.943573 0.000000 -0.000015 0.010585 0.293657 -0.007800
 57 2.649429 0.000004 0.000015 -0.006498 0.303243 0.008512
 58 9.093619 -0.386677 0.647705 0.020190 0.475380 -0.012607
 59 3.451889 0.000000 -0.000015 -0.014209 0.528778 0.009212
 60 2.898178 0.000000 0.000015 -0.000683 0.490858 0.000916
 61 8.894580 1.605846 0.371887 -0.000566 0.547851 0.000704
 62 3.130409 0.000000 0.000031 0.003896 0.567158 -0.005064
 63 2.629517 0.000000 -0.000038 0.004892 0.544389 -0.006589
 64 8.470617 3.459522 0.131470 -0.021715 0.541478 0.011456
 65 2.410278 -0.000004 -0.000076 0.022815 0.529939 -0.013321
 66 2.000809 -0.000004 0.000015 -0.005415 0.533618 0.007402
 67 23.052765 6.207910 -0.077301 1.481823 0.058643 2.080206
 68 9.436890 0.000019 -0.000015 -0.382256 0.017608 1.389951
 69 31.269331 0.000002 -0.000015 0.566566 -0.652243 1.576131
 70 28.756516 -0.000008 0.000015 0.532115 -0.233235 0.455846
 71 2.251892 2.464405 -1.141571 -0.513217 0.249535 0.112914
 72 3.674088 0.000008 0.000000 0.331388 -0.059506 -0.325011
 73 3.614685 0.000008 0.000015 0.067360 -0.216133 -0.086857
 74 9.035416 2.494949 0.484421 0.001362 -0.011534 -0.001673
 75 2.943573 0.000000 -0.000015 -0.011497 -0.020268 0.014556
 76 2.649445 -0.000002 0.000000 0.006498 -0.010740 -0.008512
 77 9.093704 0.386675 0.647781 -0.018031 0.093461 0.020165
 78 3.451843 0.000000 -0.000015 0.014953 0.008589 -0.019838
 79 2.898193 0.000000 0.000000 0.000683 -0.029445 -0.000917
 80 8.894424 -1.605850 0.371918 0.000566 0.090541 -0.000704
 81 3.130432 -0.000002 -0.000046 -0.003896 -0.009289 0.005063
 82 2.629501 -0.000002 0.000015 -0.004892 -0.032059 0.006589
 83 8.470627 -3.459520 0.131393 0.018786 0.137518 -0.020073
 84 2.410278 0.000000 -0.000015 -0.024238 -0.029075 0.031299
 85 2.000748 0.000002 0.000015 0.005415 -0.025697 -0.007402
 86 9.832367 1.463062 -1.299423 0.016523 -0.031798 -0.020624
 87 25.040588 -5.670405 5.432800 -1.312160 -0.224887 -2.136065
 88 28.779694 -6.856310 -0.811417 -1.466235 0.019064 -1.725377
 89 29.182297 -3.955567 -4.961952 0.881869 2.552753 0.503939
 90 25.040573 5.670407 5.432762 1.296833 -0.398765 2.185823
 91 28.779724 6.856310 -0.811401 1.466235 0.019065 1.725381
 92 29.182281 3.955564 -4.961937 -0.881870 2.552752 -0.503940
 93 -65.335648 -0.000020 1.140918 -3.141591 0.044911 0.000000
 94 26.290924 -12.205288 1.157884 -2.069234 -0.052058 0.001687
 95 49.071045 0.000008 0.000017 2.179705 0.127556 -0.112856
 96 61.871300 -0.000006 -0.000027 3.080256 0.672597 0.035641
 97 26.290924 12.205295 1.157843 2.054075 0.080109 -0.066839
 98 49.071045 0.000005 -0.000022 -2.187262 0.154733 0.063501
 99 61.871300 0.000010 -0.000033 -2.944713 0.642381 0.102745
100 -0.698059 -11.192116 -8.252762 1.176443 -0.352471 -0.582199
101 20.568253 -0.000008 -0.000015 0.010305 0.229836 -0.142984
102 0.223785 -5.734809 -12.929604 2.965663 0.439531 -0.332504
103 20.803558 -0.000011 -0.000015 -0.002840 0.140093 -0.176180
104 -1.040009 -3.033968 12.140512 1.554517 0.104601 -1.288764
105 -1.039993 3.034004 12.140500 -1.554518 0.104604 1.288764
106 4.165451 -5.407045 12.088391 0.872148 -0.859026 -0.496320
107 16.599442 -0.000004 -0.000031 -0.054637 0.542406 0.012558
108 4.165482 5.407080 12.088380 -0.739276 -0.414689 0.390672
109 16.599380 0.000010 -0.000031 0.043422 0.260712 -0.025603
110 6.428391 0.000001 -0.288943 -0.000001 -0.000000 -0.000000
111 -1.833771 -13.936460 1.224504 1.567853 -0.004456 -0.349411
112 20.406952 -0.000004 -0.000023 0.015069 0.119062 0.028389
113 21.655502 -0.000006 -0.000008 0.015812 0.106023 0.014361
114 22.360687 -0.000008 -0.000008 0.030687 -0.194563 -0.035178
115 22.519669 -0.000006 -0.000008 -0.012050 -0.208537 0.046305
116 22.140396 -0.000008 -0.000031 0.009498 0.177493 0.072363
117 -1.699203 -12.875611 4.918509 1.119270 -0.165736 -0.317476
118 20.938614 0.000011 -0.000008 0.048408 0.109329 0.012975
119 21.993637 -0.000010 -0.000046 0.027540 0.099916 0.009605
120 22.563782 -0.000019 0.000008 0.029651 -0.206247 -0.017918
121 22.643364 -0.000002 -0.000031 -0.027752 -0.235733 0.071533
122 22.238060 -0.000006 -0.000031 -0.024107 0.068015 0.080992
123 -1.634338 -9.854567 8.052346 0.708375 -0.289947 -0.233270
124 22.205292 -0.000000 -0.000015 0.052826 0.105307 0.003761
125 22.804398 -0.000008 -0.000046 0.027329 0.094167 0.005939
126 23.051666 -0.000007 0.000008 0.027560 -0.225340 -0.012658
127 22.939987 -0.000002 -0.000038 -0.025773 -0.269829 0.065188
128 22.472065 -0.000003 -0.000031 -0.026099 -0.018974 0.068244
129 -1.616135 -5.333253 10.147437 0.338773 -0.362216 -0.118736
130 23.451324 -0.000002 -0.000015 0.030121 0.102129 0.002716
131 23.608017 -0.000007 -0.000031 0.015340 0.089239 0.004640
132 23.536240 -0.000006 -0.000023 0.025788 -0.244706 -0.019456
133 23.233994 -0.000002 0.000008 -0.006769 -0.298342 0.030312
134 22.703674 0.000006 -0.000031 -0.006153 -0.075751 0.030022
135 -1.614517 -0.000000 10.883349 -0.008040 -0.384659 0.007252
136 23.962128 0.000001 -0.000031 -0.004941 0.100053 0.005776
137 23.938980 -0.000003 0.000015 -0.003752 0.086715 0.004663
138 23.736038 -0.000003 -0.000023 0.023290 -0.258584 -0.033378
139 23.354980 0.000006 -0.000038 0.020716 -0.313269 -0.020215
140 22.798931 -0.000010 -0.000038 0.022198 -0.100169 -0.022018
141 -1.616135 5.333251 10.147422 -0.355103 -0.360278 0.132767
142 23.451309 -0.000005 -0.000008 -0.039596 0.100099 0.008630
143 23.608032 0.000001 -0.000046 -0.022676 0.087469 0.004448
144 23.536240 0.000004 0.000000 0.018373 -0.264739 -0.048748
145 23.233978 -0.000013 -0.000031 0.046184 -0.312305 -0.073873
146 22.703667 0.000015 -0.000015 0.046077 -0.093223 -0.072907
147 -1.634338 9.854565 8.052344 -0.724069 -0.286256 0.245934
148 22.205261 0.000005 0.000000 -0.063022 0.101282 0.006458
149 22.804443 0.000008 -0.000061 -0.036002 0.090760 0.002247
150 23.051636 -0.000002 0.000008 0.008574 -0.263508 -0.063989
151 22.939972 -0.000002 -0.000008 0.056843 -0.296370 -0.117423
152 22.472076 0.000004 -0.000031 0.060370 -0.053732 -0.135582
153 -1.699203 12.875607 4.918525 -1.134233 -0.160762 0.328075
154 20.938583 0.000021 0.000000 -0.060237 0.103566 -0.004723
155 21.993607 -0.000002 -0.000053 -0.037979 0.095268 -0.002849
156 22.563797 0.000007 -0.000004 -0.006168 -0.257913 -0.071662
157 22.643356 0.000011 -0.000023 0.044556 -0.272040 -0.139633
158 22.238026 -0.000004 -0.000031 0.040422 0.014932 -0.160176
159 -1.833771 13.936458 1.224504 -1.582540 0.001033 0.357561
160 20.406952 0.000008 -0.000038 -0.028790 0.112341 -0.022882
161 21.655533 0.000011 -0.000008 -0.028142 0.100717 -0.009536
162 22.360657 0.000006 -0.000019 -0.001028 -0.309661 -0.084047
163 22.519661 0.000006 -0.000015 0.049941 -0.279608 -0.153242
164 22.140377 0.000000 0.000000 -0.019438 0.123328 -0.151105
165 -1.972580 12.875609 -3.614555 -1.862241 0.096958 0.326224
166 20.655182 0.000010 -0.000015 -0.012738 0.114323 -0.028951
167 21.762253 0.000008 -0.000011 -0.027931 0.098145 -0.010076
168 22.392166 0.000015 -0.000019 -0.043093 -0.248722 -0.067391
169 22.541336 0.000015 -0.000031 -0.030873 -0.227108 -0.135448
170 22.217499 0.000008 -0.000015 -0.074650 0.173632 -0.148548
171 -1.967316 9.854567 -7.722432 -2.194526 0.173143 0.243434
172 21.272720 0.000004 0.000000 0.002822 0.109393 -0.030307
173 22.032532 0.000026 -0.000038 -0.024446 0.087120 -0.010300
174 22.475677 0.000004 -0.000004 -0.053124 -0.243504 -0.066510
175 22.598717 0.000008 -0.000008 -0.057230 -0.188482 -0.118363
176 22.407982 0.000019 -0.000031 -0.094429 0.216753 -0.116166
177 -1.900848 5.333252 -10.470076 -2.623863 0.219389 0.129216
178 21.914322 0.000008 -0.000015 0.007245 0.107247 -0.021768
179 22.319824 -0.000008 0.000011 -0.017628 0.077054 -0.008095
180 22.569641 0.000000 0.000004 -0.045541 -0.232041 -0.070752
181 22.663223 0.000015 -0.000011 -0.056834 -0.142746 -0.095129
182 22.604530 0.000011 -0.000031 -0.046564 0.254917 -0.041701
183 -1.865585 -0.000002 -11.435440 3.133489 0.233927 0.002180
184 22.186691 -0.000004 -0.000004 -0.008763 0.109050 -0.001575
185 22.443710 -0.000002 -0.000002 -0.008152 0.074523 -0.001320
186 22.611526 -0.000005 -0.000006 -0.012450 -0.214526 -0.076755
187 22.692017 0.000005 0.000011 -0.019175 -0.113187 -0.060935
188 22.687645 0.000008 -0.000008 -0.036384 0.277733 -0.063283
189 -1.900848 -5.333257 -10.470070 2.607445 0.217354 -0.124574
190 21.914337 0.000008 -0.000008 -0.024201 0.110800 0.019883
191 22.319839 -0.000022 0.000008 0.001789 0.080060 0.006639
192 22.569626 0.000006 -0.000017 0.024423 -0.200032 -0.075739
193 22.663239 -0.000015 0.000011 0.017166 -0.120281 -0.029628
194 22.604515 0.000007 -0.000008 0.020697 0.285084 -0.018389
195 -1.967285 -9.854565 -7.722441 2.178812 0.169321 -0.237963
196 21.272705 -0.000019 -0.000008 -0.018662 0.115091 0.031160
197 22.032471 0.000001 -0.000019 0.009345 0.091755 0.011368
198 22.475677 -0.000010 -0.000021 0.038244 -0.193501 -0.065577
199 22.598717 0.000003 -0.000015 0.024544 -0.153019 -0.001071
200 22.407990 -0.000011 -0.000023 0.057720 0.274324 0.017895
201 -1.972580 -12.875609 -3.614562 1.846954 0.091892 -0.319517
202 20.655151 0.000007 -0.000015 -0.002022 0.120910 0.032447
203 21.762283 -0.000010 -0.000004 0.014143 0.103373 0.013334
204 22.392166 -0.000010 -0.000019 0.037336 -0.191890 -0.051103
205 22.541336 -0.000006 -0.000015 0.010250 -0.186603 0.023967
206 22.217499 0.000000 -0.000023 0.051117 0.242442 0.054689
207 0.059621 0.456168 0.250107 0.000000 -0.000000 0.000000
208 0.059621 0.456168 0.250107 0.000000 -0.000000 0.000000
time 23
  0 0.059621 0.456168 0.250107 0.000000 -0.000000 0.000000
  1 0.059621 0.456168 0.250107 0.000000 -0.000000 0.000000
  2 0.059621 0.456168 0.250107 0.000000 -0.000000 0.000000
  3 0.059621 0.456168 0.250107 0.000000 -0.000000 0.000000
  4 0.059621 0.456168 0.250107 0.000000 -0.000000 0.000000
  5 0.059621 0.456168 0.250107 0.000000 -0.000000 0.000000
  6 0.059621 0.456168 0.250107 0.000000 -0.000000 0.000000
  7 0.059621 0.456168 0.250107 0.000000 -0.000000 0.000000
  8 0.059621 0.456168 0.250107 0.000000 -0.000000 0.000000
  9 0.059621 0.456168 0.250107 0.000000 -0.000000 0.000000
 10 0.513023 -102.193726 119.426346 -1.241095 -0.080263 0.234759
 11 24.668251 0.000015 -0.000046 0.942589 -0.257187 0.019070
 12 30.380142 0.000000 -0.000008 1.679581 0.061682 0.475554
 13 19.902088 -0.000008 -0.000031 0.002278 -0.000502 -0.001073
 14 61.544533 96.286873 107.458252 -1.272392 3.035387 0.090447
 15 35.349514 -0.000008 0.000008 -1.460976 0.276788 0.202014
 16 37.124329 -0.000008 -0.000031 -1.022601 0.185445 0.657906
 17 0.059621 0.456168 0.250107 0.064768 -0.005215 -0.156772
 18 0.059621 0.456168 150.834366 1.570796 1.570796 0.000000
 19 -65.799545 -0.000020 1.142855 0.000000 0.000515 3.141077
 20 11.181564 0.005760 -0.002411 0.000000 0.332468 0.000515
 21 27.835175 -0.000000 0.000015 -3.141592 -0.129896 -0.000000
 22 5.330368 -0.000001 0.000000 3.126010 0.246960 0.006535
 23 10.134918 -4.133392 3.834194 -0.354629 -0.782145 -2.885158
 24 10.134918 4.133399 3.834194 0.354413 -0.782191 2.885276
 25 22.592346 0.000009 17.467098 -0.000010 -3.120079 0.000000
 26 21.200012 -7.744007 14.169504 -0.641825 0.012099 3.134609
 27 18.142029 -13.440226 7.965764 1.207642 -0.106922 -3.004427
 28 21.199982 7.744022 14.169485 0.641743 0.012079 -3.134612
 29 18.142029 13.440235 7.965765 -0.314428 0.016646 3.137013
 30 11.858887 -13.359997 3.526506 1.534506 3.137961 -0.033322
 31 9.463287 -16.404861 -2.906046 1.534524 3.137887 -0.031247
 32 9.125275 -10.885473 -11.371326 0.000496 -3.114137 0.000256
 33 11.858887 13.360004 3.526466 -1.534499 3.137978 0.033322
 34 9.463257 16.404863 -2.906025 -1.534518 3.137903 0.031247
 35 9.125275 10.885471 -11.371307 -0.000492 -3.114137 0.000256
 36 9.023285 -0.000003 -17.296173 0.000180 0.039628 -3.141356
 37 12.691437 -0.000003 -19.438766 -0.005308 2.322518 -0.006360
 38 10.989410 0.000002 -0.000015 0.000000 -0.141018 0.000000
 39 12.871490 -10.586840 -15.652470 0.929607 2.602689 0.581205
 40 10.727005 0.000004 -0.000031 -0.056281 -0.148501 0.044324
 41 12.871460 10.586842 -15.652470 -0.872045 2.575577 -0.554340
 42 10.726990 -0.000019 0.000015 0.049195 -0.149148 -0.032744
 43 12.847260 -17.570080 -4.701344 1.204166 2.727452 0.778381
 44 11.496490 0.000004 -0.000031 -0.102089 -0.107694 0.074389
 45 12.847198 17.570082 -4.701363 -1.155867 2.694260 -0.756531
 46 11.496490 0.000004 -0.000015 0.102174 -0.107623 -0.074497
 47 28.485962 0.000011 16.460339 -0.000001 -0.293937 0.000000
 48 23.052750 -6.207911 -0.077286 -1.470206 0.035100 -1.833545
 49 9.436905 -0.000008 -0.000015 -0.166514 -0.357155 -1.717700
 50 31.269348 -0.000015 0.000031 -0.463367 0.395736 -1.650612
 51 28.756493 0.000000 -0.000031 -0.001117 0.032665 0.001416
 52 2.251988 -2.464413 -1.141693 0.481305 0.508197 -0.319329
 53 3.674057 -0.000031 0.000000 -0.277611 0.179024 0.194713
 54 3.614708 0.000015 0.000015 0.013156 0.193871 -0.001558
 55 9.035502 -2.494953 0.484558 -0.001362 0.302449 0.001673
 56 2.943581 0.000000 -0.000046 0.010585 0.293657 -0.007800
 57 2.649429 0.000004 0.000015 -0.006498 0.303243 0.008512
 58 9.093617 -0.386677 0.647675 0.020190 0.475380 -0.012607
 59 3.451881 -0.000008 -0.000015 -0.014209 0.528778 0.009212
 60 2.898209 0.000000 0.000031 -0.000683 0.490858 0.000916
 61 8.894579 1.605846 0.371887 -0.000566 0.547851 0.000704
 62 3.130394 0.000000 0.000031 0.003896 0.567158 -0.005064
 63 2.629532 0.000000 -0.000053 0.004892 0.544388 -0.006589
 64 8.470616 3.459522 0.131500 -0.021715 0.541478 0.011456
 65 2.410271 0.000000 -0.000046 0.022815 0.529939 -0.013321
 66 2.000793 0.000000 0.000015 -0.005415 0.533618 0.007402
 67 23.052750 6.207910 -0.077301 1.481823 0.058643 2.080206
 68 9.436890 0.000023 0.000000 -0.407775 -0.001629 1.381059
 69 31.269337 0.000006 -0.000015 0.564111 -0.651230 1.534606
 70 28.756516 -0.000004 0.000000 0.530296 -0.226161 0.452871
 71 2.251892 2.464413 -1.141556 -0.513217 0.249535 0.112914
 72 3.674103 0.000000 -0.000015 0.331388 -0.059506 -0.325011
 73 3.614670 0.000000 0.000015 0.067360 -0.216133 -0.086857
 74 9.035431 2.494953 0.484436 0.001362 -0.011534 -0.001673
 75 2.943573 0.000004 -0.000031 -0.011497 -0.020268 0.014556
 76 2.649445 0.000000 0.000015 0.006498 -0.010740 -0.008512
 77 9.093704 0.386681 0.647797 -0.018031 0.093461 0.020165
 78 3.451874 -0.000002 -0.000015 0.014953 0.008589 -0.019838
 79 2.898178 -0.000004 -0.000015 0.000683 -0.029445 -0.000917
 80 8.894409 -1.605846 0.371918 0.000566 0.090541 -0.000704
 81 3.130432 0.000000 -0.000031 -0.003896 -0.009289 0.005063
 82 2.629517 0.000002 0.000015 -0.004892 -0.032059 0.006589
 83 8.470612 -3.459515 0.131409 0.018786 0.137518 -0.020073
 84 2.410278 0.000000 -0.000015 -0.024238 -0.029075 0.031299
 85 2.000732 -0.000004 0.000015 0.005415 -0.025697 -0.007402
 86 9.832367 1.463070 -1.299423 0.016523 -0.031798 -0.020624
 87 25.040588 -5.670405 5.432793 -1.312160 -0.224887 -2.136065
 88 28.779709 -6.856310 -0.811424 -1.466235 0.019064 -1.725377
 89 29.182312 -3.955567 -4.961960 0.881870 2.552753 0.503940
 90 25.040573 5.670407 5.432755 1.296833 -0.398765 2.185823
 91 28.779739 6.856310 -0.811401 1.466235 0.019065 1.725381
 92 29.182281 3.955564 -4.961937 -0.881870 2.552752 -0.503940
 93 -65.335648 -0.000020 1.140918 -3.141591 0.044911 0.000000
 94 26.290924 -12.205288 1.157884 -2.069253 -0.051751 0.002248
 95 49.071030 0.000008 0.000015 2.179705 0.127556 -0.112856
 96 61.871307 -0.000006 -0.000031 3.080256 0.672597 0.035641
 97 26.290924 12.205295 1.157843 2.053991 0.080531 -0.067656
 98 49.071060 0.000004 -0.000024 -2.187262 0.154733 0.063501
 99 61.871307 0.000008 -0.000034 -2.944714 0.642381 0.102744
100 -0.698059 -11.192116 -8.252762 1.184795 -0.365719 -0.605963
101 20.568253 -0.000005 0.000000 0.010305 0.210892 -0.143038
102 0.223785 -5.734809 -12.929604 2.959556 0.453572 -0.346645
103 20.803558 -0.000015 -0.000023 -0.002590 0.128510 -0.173160
104 -1.040009 -3.033968 12.140512 1.554517 0.104601 -1.288764
105 -1.039993 3.034004 12.140500 -1.554518 0.104604 1.288764
106 4.165451 -5.407045 12.088391 0.900918 -0.893376 -0.534234
107 16.599434 -0.000004 -0.000031 -0.053571 0.516641 0.013284
108 4.165482 5.407080 12.088380 -0.760773 -0.441323 0.428227
109 16.599396 0.000010 -0.000031 0.042652 0.233533 -0.025799
110 6.428391 0.000001 -0.288943 -0.000001 -0.000000 -0.000000
111 -1.833771 -13.936460 1.224504 1.567924 -0.006361 -0.362687
112 20.406967 -0.000005 -0.000023 0.015188 0.113422 0.030808
113 21.655502 -0.000006 -0.000008 0.015406 0.124281 0.013917
114 22.360687 -0.000008 -0.000008 0.031682 -0.165813 -0.042957
115 22.519669 -0.000008 -0.000015 -0.010395 -0.181596 0.033690
116 22.140396 -0.000008 -0.000031 0.009500 0.216835 0.072392
117 -1.699203 -12.875611 4.918509 1.121313 -0.173406 -0.329585
118 20.938599 0.000010 0.000000 0.048580 0.102549 0.014731
119 21.993607 -0.000010 -0.000053 0.027180 0.118178 0.008162
120 22.563797 -0.000019 0.000004 0.030939 -0.175808 -0.026042
121 22.643356 -0.000004 -0.000031 -0.025425 -0.206503 0.060303
122 22.238060 -0.000006 -0.000031 -0.024003 0.106627 0.079397
123 -1.634338 -9.854567 8.052346 0.711337 -0.301752 -0.242175
124 22.205276 -0.000000 -0.000015 0.052746 0.097709 0.004847
125 22.804382 -0.000009 -0.000046 0.026891 0.112512 0.004421
126 23.051666 -0.000003 0.000008 0.028808 -0.193495 -0.019642
127 22.939987 -0.000003 -0.000038 -0.024130 -0.239418 0.056582
128 22.472080 -0.000003 -0.000031 -0.025809 0.019521 0.066443
129 -1.616135 -5.333253 10.147437 0.340037 -0.376179 -0.123252
130 23.451294 -0.000001 -0.000015 0.030286 0.094066 0.003341
131 23.608017 -0.000008 -0.000038 0.014981 0.107567 0.003815
132 23.536240 -0.000005 -0.000031 0.026427 -0.212098 -0.023572
133 23.233978 -0.000001 0.000008 -0.005231 -0.267592 0.024879
134 22.703682 0.000003 -0.000031 -0.006146 -0.037221 0.030076
135 -1.614517 -0.000000 10.883349 -0.008145 -0.399227 0.007527
136 23.962143 0.000001 -0.000038 -0.004819 0.091805 0.006074
137 23.938965 -0.000003 0.000008 -0.003620 0.104986 0.004933
138 23.736023 -0.000003 -0.000015 0.023254 -0.225916 -0.034317
139 23.354980 0.000006 -0.000031 0.021199 -0.282659 -0.022364
140 22.798931 -0.000009 -0.000031 0.022211 -0.061677 -0.021205
141 -1.616135 5.333251 10.147422 -0.356914 -0.374159 0.137811
142 23.451294 -0.000005 0.000000 -0.039521 0.091902 0.008579
143 23.608032 0.000000 -0.000038 -0.022575 0.105728 0.005814
144 23.536255 0.000004 -0.000015 0.017636 -0.232622 -0.046282
145 23.233986 -0.000013 -0.000023 0.045870 -0.282015 -0.072796
146 22.703671 0.000015 -0.000015 0.045524 -0.054904 -0.070370
147 -1.634338 9.854565 8.052344 -0.726768 -0.297909 0.255307
148 22.205261 0.000005 -0.000008 -0.063086 0.093409 0.005888
149 22.804459 0.000007 -0.000069 -0.035995 0.108975 0.004338
150 23.051620 -0.000003 0.000008 0.007818 -0.232591 -0.059027
151 22.939972 -0.000004 -0.000008 0.055682 -0.266987 -0.112989
152 22.472069 0.000006 -0.000046 0.060380 -0.015474 -0.133476
153 -1.699203 12.875607 4.918525 -1.136279 -0.168239 0.340570
154 20.938614 0.000021 -0.000008 -0.060594 0.096380 -0.006091
155 21.993607 -0.000001 -0.000061 -0.037524 0.113340 -0.000838
156 22.563797 0.000007 -0.000004 -0.007406 -0.228811 -0.065406
157 22.643372 0.000015 -0.000038 0.042974 -0.244492 -0.132183
158 22.238026 -0.000008 -0.000023 0.040246 0.053022 -0.156774
159 -1.833771 13.936458 1.224504 -1.582537 -0.000673 0.371143
160 20.406967 0.000008 -0.000038 -0.028796 0.106233 -0.025103
161 21.655518 0.000013 -0.000015 -0.027773 0.118764 -0.008576
162 22.360657 0.000008 -0.000015 -0.002118 -0.284552 -0.078480
163 22.519669 0.000011 -0.000023 0.048444 -0.257510 -0.145372
164 22.140369 0.000008 -0.000008 -0.019348 0.162909 -0.150424
165 -1.972580 12.875609 -3.614555 -1.861034 0.098753 0.338582
166 20.655182 0.000008 -0.000015 -0.013022 0.109223 -0.031348
167 21.762253 0.000008 -0.000015 -0.027559 0.115422 -0.009539
168 22.392151 0.000011 -0.000011 -0.043850 -0.224298 -0.062065
169 22.541344 0.000015 -0.000031 -0.032107 -0.206148 -0.126224
170 22.217499 0.000011 -0.000023 -0.075218 0.213134 -0.151498
171 -1.967316 9.854567 -7.722432 -2.192926 0.177737 0.252600
172 21.272720 0.000004 0.000000 0.002500 0.105788 -0.032549
173 22.032532 0.000025 -0.000042 -0.024197 0.102408 -0.010158
174 22.475693 0.000004 0.000000 -0.053602 -0.224256 -0.062512
175 22.598724 0.000008 -0.000008 -0.057854 -0.173248 -0.110867
176 22.407982 0.000019 -0.000031 -0.095731 0.256298 -0.120206
177 -1.900848 5.333252 -10.470076 -2.622799 0.225663 0.134042
178 21.914337 0.000007 -0.000019 0.007555 0.105207 -0.023284
179 22.319824 -0.000007 0.000011 -0.017608 0.090282 -0.008109
180 22.569611 0.000001 0.000006 -0.045949 -0.218272 -0.069142
181 22.663216 0.000019 -0.000004 -0.057026 -0.133501 -0.091632
182 22.604523 0.000015 -0.000023 -0.045142 0.294663 -0.040861
183 -1.865585 -0.000002 -11.435440 3.133508 0.240723 0.002261
184 22.186661 -0.000004 -0.000011 -0.008439 0.107810 -0.001732
185 22.443726 -0.000002 -0.000004 -0.008173 0.086890 -0.001215
186 22.611542 -0.000005 -0.000002 -0.011860 -0.202940 -0.078595
187 22.692032 0.000006 0.000004 -0.018894 -0.106421 -0.063565
188 22.687653 0.000013 -0.000015 -0.036411 0.317755 -0.063962
189 -1.900848 -5.333257 -10.470070 2.606428 0.223560 -0.129225
190 21.914352 0.000007 -0.000004 -0.024356 0.108993 0.021155
191 22.319824 -0.000023 0.000004 0.001585 0.093384 0.006970
192 22.569626 0.000006 -0.000017 0.025242 -0.185318 -0.080575
193 22.663239 -0.000015 0.000011 0.017770 -0.109726 -0.037856
194 22.604523 0.000007 -0.000008 0.020734 0.325109 -0.017385
195 -1.967285 -9.854565 -7.722441 2.177284 0.173783 -0.246915
196 21.272705 -0.000018 -0.000008 -0.018346 0.111869 0.033307
197 22.032471 0.000004 -0.000023 0.009097 0.107213 0.011605
198 22.475693 -0.000010 -0.000023 0.039213 -0.172788 -0.072221
199 22.598724 0.000006 -0.000015 0.025553 -0.135475 -0.012627
200 22.407990 -0.000010 -0.000023 0.057839 0.314322 0.019749
201 -1.972580 -12.875609 -3.614562 1.845833 0.093510 -0.331616
202 20.655182 0.000006 -0.000008 -0.001797 0.116263 0.034905
203 21.762283 -0.000010 0.000000 0.013880 0.120856 0.013263
204 22.392181 -0.000010 -0.000015 0.038331 -0.165824 -0.058669
205 22.541344 -0.000006 -0.000015 0.011683 -0.163003 0.011523
206 22.217506 0.000003 -0.000015 0.051849 0.282366 0.056885
207 0.059621 0.456168 0.250107 0.000000 -0.000000 0.000000
208 0.059621 0.456168 0.250107 0.000000 -0.000000 0.000000
time 24
  0 0.059621 0.456168 0.250107 0.000000 -0.000000 0.000000
  1 0.059621 0.456168 0.250107 0.000000 -0.000000 0.000000
  2 0.059621 0.456168 0.250107 0.000000 -0.000000 0.000000
  3 0.059621 0.456168 0.250107 0.000000 -0.000000 0.000000
  4 0.059621 0.456168 0.250107 0.000000 -0.000000 0.000000
  5 0.059621 0.456168 0.250107 0.000000 -0.000000 0.000000
  6 0.059621 0.456168 0.250107 0.000000 -0.000000 0.000000
  7 0.059621 0.456168 0.250107 0.000000 -0.000000 0.000000
  8 0.059621 0.456168 0.250107 0.000000 -0.000000 0.000000
  9 0.059621 0.456168 0.250107 0.000000 -0.000000 0.000000
 10 -7.629766 -101.100952 119.550949 -1.241095 -0.080263 0.109772
 11 24.668253 0.000031 -0.000046 0.943301 -0.246380 0.021200
 12 30.380144 0.000000 0.000008 1.683231 0.053124 0.501144
 13 19.902096 0.000000 -0.000015 0.002928 -0.007412 -0.002714
 14 69.175491 93.675011 107.458252 -1.272090 3.036195 -0.039258
 15 35.349518 0.000008 0.000015 -1.463525 0.297816 0.202594
 16 37.124336 -0.000008 -0.000015 -1.022454 0.186171 0.658086
 17 0.059621 0.456168 0.250107 0.064768 -0.005215 -0.156772
 18 0.059621 0.456168 150.834366 1.570796 1.570796 0.000000
 19 -65.799545 -0.000020 1.142855 0.000000 0.000515 3.141077
 20 11.181580 0.005760 -0.002411 0.000000 0.331523 0.000515
 21 27.835175 -0.000000 0.000023 -3.141592 -0.129896 -0.000000
 22 5.330383 -0.000001 -0.000008 3.126510 0.263335 0.006517
 23 10.134888 -4.133394 3.834196 -0.359445 -0.790183 -2.879796
 24 10.134888 4.133399 3.834196 0.359121 -0.790253 2.879976
 25 22.592377 0.000009 17.467102 -0.000010 -3.137154 0.000000
 26 21.199982 -7.744010 14.169510 -0.646054 -0.001199 -3.138190
 27 18.141998 -13.440229 7.965767 1.214608 -0.112479 -3.020104
 28 21.199982 7.744024 14.169489 0.645912 -0.001233 3.138185
 29 18.141998 13.440240 7.965763 -0.316789 0.000515 -3.140713
 30 11.858856 -13.360002 3.526508 1.530039 3.136715 -0.017070
 31 9.463318 -16.404871 -2.906048 1.530060 3.136632 -0.014997
 32 9.125275 -10.885477 -11.371328 0.000496 -3.131212 0.000256
 33 11.858856 13.360007 3.526468 -1.530028 3.136744 0.017070
 34 9.463257 16.404869 -2.906027 -1.530049 3.136660 0.014996
 35 9.125275 10.885474 -11.371305 -0.000492 -3.131212 0.000256
 36 9.023224 -0.000003 -17.296171 0.000180 0.022553 -3.141356
 37 12.691437 -0.000003 -19.438765 -0.002717 2.296192 -0.003751
 38 10.989410 0.000002 -0.000015 0.000000 -0.233293 0.000000
 39 12.871490 -10.586844 -15.652472 0.941824 2.585763 0.605311
 40 10.727005 0.000002 -0.000046 -0.065937 -0.239266 0.057884
 41 12.871460 10.586843 -15.652475 -0.882633 2.554896 -0.574766
 42 10.726974 -0.000019 0.000015 0.054137 -0.240204 -0.041183
 43 12.847229 -17.570087 -4.701342 1.216544 2.714204 0.809831
 44 11.496506 0.000002 -0.000031 -0.113166 -0.197639 0.092828
 45 12.847198 17.570084 -4.701365 -1.168600 2.676023 -0.786880
 46 11.496460 0.000006 0.000000 0.113307 -0.197545 -0.092985
 47 28.485962 0.000010 16.460342 -0.000001 -0.301951 0.000000
 48 23.052765 -6.207912 -0.077278 -1.470206 0.035100 -1.833545
 49 9.436909 -0.000008 -0.000015 -0.163227 -0.363343 -1.700777
 50 31.269348 -0.000015 0.000061 -0.459212 0.389049 -1.631646
 51 28.756500 -0.000008 -0.000031 -0.001117 0.032665 0.001416
 52 2.251990 -2.464409 -1.141632 0.481305 0.508197 -0.319329
 53 3.674026 0.000000 0.000031 -0.277611 0.179024 0.194713
 54 3.614693 0.000000 -0.000015 0.013156 0.193871 -0.001558
 55 9.035503 -2.494946 0.484589 -0.001362 0.302449 0.001673
 56 2.943577 0.000000 0.000000 0.010585 0.293657 -0.007800
 57 2.649445 0.000000 0.000000 -0.006498 0.303243 0.008512
 58 9.093619 -0.386673 0.647675 0.020190 0.475380 -0.012607
 59 3.451897 -0.000008 -0.000015 -0.014209 0.528778 0.009212
 60 2.898193 0.000000 0.000015 -0.000683 0.490858 0.000916
 61 8.894586 1.605850 0.371887 -0.000566 0.547851 0.000704
 62 3.130409 0.000008 0.000031 0.003896 0.567158 -0.005064
 63 2.629517 0.000000 -0.000031 0.004892 0.544389 -0.006589
 64 8.470620 3.459526 0.131470 -0.021715 0.541478 0.011456
 65 2.410263 0.000000 -0.000046 0.022815 0.529939 -0.013321
 66 2.000793 -0.000004 0.000000 -0.005415 0.533618 0.007402
 67 23.052780 6.207912 -0.077301 1.481823 0.058643 2.080206
 68 9.436890 0.000015 -0.000015 -0.434114 -0.021488 1.368939
 69 31.269341 0.000002 0.000000 0.560764 -0.649817 1.490405
 70 28.756531 -0.000004 0.000015 0.527815 -0.216519 0.448816
 71 2.251892 2.464409 -1.141556 -0.513217 0.249535 0.112914
 72 3.674088 0.000008 -0.000015 0.331388 -0.059506 -0.325011
 73 3.614670 0.000008 0.000031 0.067360 -0.216133 -0.086857
 74 9.035431 2.494949 0.484436 0.001362 -0.011534 -0.001673
 75 2.943558 0.000000 -0.000046 -0.011498 -0.020268 0.014556
 76 2.649445 0.000000 0.000031 0.006498 -0.010740 -0.008512
 77 9.093689 0.386669 0.647781 -0.018031 0.093461 0.020165
 78 3.451874 0.000004 0.000015 0.014953 0.008589 -0.019838
 79 2.898209 0.000000 -0.000015 0.000684 -0.029445 -0.000917
 80 8.894409 -1.605854 0.371918 0.000566 0.090541 -0.000704
 81 3.130447 0.000000 -0.000046 -0.003896 -0.009289 0.005063
 82 2.629532 0.000008 0.000031 -0.004892 -0.032059 0.006589
 83 8.470612 -3.459522 0.131393 0.018786 0.137518 -0.020073
 84 2.410294 0.000004 0.000000 -0.024238 -0.029075 0.031299
 85 2.000763 0.000000 0.000015 0.005415 -0.025697 -0.007402
 86 9.832367 1.463066 -1.299423 0.016522 -0.031798 -0.020624
 87 25.040604 -5.670406 5.432808 -1.312160 -0.224887 -2.136065
 88 28.779694 -6.856311 -0.811409 -1.466235 0.019064 -1.725377
 89 29.182312 -3.955567 -4.961952 0.881869 2.552753 0.503939
 90 25.040573 5.670409 5.432762 1.296833 -0.398765 2.185823
 91 28.779739 6.856313 -0.811386 1.466235 0.019065 1.725381
 92 29.182297 3.955565 -4.961929 -0.881870 2.552752 -0.503940
 93 -65.335648 -0.000020 1.140918 -3.141591 0.044911 0.000000
 94 26.290924 -12.205288 1.157884 -2.069280 -0.051334 0.003012
 95 49.071045 0.000008 0.000017 2.179705 0.127556 -0.112856
 96 61.871315 -0.000004 -0.000027 3.080256 0.672597 0.035641
 97 26.290924 12.205295 1.157843 2.053875 0.081105 -0.068769
 98 49.071060 0.000003 -0.000023 -2.187262 0.154733 0.063501
 99 61.871300 0.000010 -0.000032 -2.944714 0.642381 0.102745
100 -0.698059 -11.192116 -8.252762 1.191750 -0.376181 -0.625146
101 20.568253 -0.000007 0.000000 0.010305 0.185443 -0.143113
102 0.223785 -5.734809 -12.929604 2.954997 0.464747 -0.358098
103 20.803574 -0.000015 -0.000023 -0.002187 0.112733 -0.169332
104 -1.040009 -3.033968 12.140512 1.554517 0.104601 -1.288764
105 -1.039993 3.034004 12.140500 -1.554518 0.104604 1.288764
106 4.165451 -5.407045 12.088391 0.927053 -0.920312 -0.566950
107 16.599442 -0.000004 -0.000031 -0.052220 0.482566 0.014288
108 4.165482 5.407080 12.088380 -0.788022 -0.475083 0.475830
109 16.599396 0.000010 -0.000046 0.041786 0.197822 -0.026128
110 6.428391 0.000001 -0.288943 -0.000001 -0.000000 -0.000000
111 -1.833771 -13.936460 1.224504 1.568000 -0.007884 -0.373309
112 20.406952 -0.000004 -0.000023 0.015420 0.104810 0.033306
113 21.655487 -0.000006 0.000000 0.015170 0.137466 0.014297
114 22.360672 -0.000008 -0.000008 0.032326 -0.135938 -0.049489
115 22.519676 -0.000008 -0.000008 -0.008923 -0.150619 0.020781
116 22.140388 -0.000006 -0.000023 0.009502 0.254628 0.072444
117 -1.699203 -12.875611 4.918509 1.123018 -0.179524 -0.339294
118 20.938599 0.000012 0.000000 0.049062 0.092753 0.016659
119 21.993607 -0.000010 -0.000046 0.026849 0.131042 0.007621
120 22.563797 -0.000017 0.000008 0.031964 -0.144450 -0.033334
121 22.643341 -0.000001 -0.000031 -0.023860 -0.172997 0.048324
122 22.238060 -0.000006 -0.000031 -0.023876 0.144070 0.077884
123 -1.634338 -9.854567 8.052346 0.713500 -0.311179 -0.249345
124 22.205292 -0.000001 -0.000031 0.053007 0.087080 0.006097
125 22.804398 -0.000008 -0.000046 0.026852 0.125188 0.003598
126 23.051666 -0.000003 0.000000 0.029879 -0.160855 -0.025837
127 22.939995 0.000003 -0.000031 -0.022147 -0.204338 0.047167
128 22.472076 0.000000 -0.000031 -0.025493 0.056905 0.064728
129 -1.616135 -5.333253 10.147437 0.341397 -0.387344 -0.126900
130 23.451309 -0.000001 -0.000031 0.030070 0.083001 0.004052
131 23.608017 -0.000008 -0.000031 0.014668 0.120065 0.003450
132 23.536224 -0.000005 -0.000031 0.027471 -0.178727 -0.027409
133 23.233994 -0.000003 0.000008 -0.003674 -0.231880 0.018477
134 22.703682 0.000003 -0.000031 -0.006135 0.000208 0.030134
135 -1.614517 -0.000000 10.883349 -0.008233 -0.410880 0.007750
136 23.962128 0.000001 -0.000038 -0.004352 0.080571 0.006353
137 23.938965 -0.000003 0.000000 -0.003836 0.117370 0.005183
138 23.736053 -0.000003 -0.000015 0.023807 -0.192463 -0.035002
139 23.354980 0.000006 -0.000031 0.021670 -0.247000 -0.024518
140 22.798939 -0.000009 -0.000031 0.022231 -0.024268 -0.020519
141 -1.616135 5.333251 10.147422 -0.358424 -0.385257 0.141885
142 23.451309 -0.000005 -0.000008 -0.039836 0.080699 0.008401
143 23.608017 -0.000001 -0.000038 -0.022490 0.118124 0.006860
144 23.536255 0.000004 -0.000008 0.017375 -0.199614 -0.043773
145 23.233978 -0.000012 -0.000031 0.045495 -0.246777 -0.071592
146 22.703671 0.000017 -0.000015 0.044998 -0.017629 -0.068028
147 -1.634338 9.854565 8.052344 -0.729016 -0.307214 0.262853
148 22.205261 0.000005 0.000000 -0.062795 0.082504 0.005112
149 22.804459 0.000007 -0.000069 -0.035453 0.121459 0.005673
150 23.051666 -0.000002 0.000000 0.006925 -0.200727 -0.053781
151 22.939995 0.000003 -0.000015 0.054372 -0.233087 -0.107397
152 22.472076 0.000004 -0.000038 0.060397 0.021792 -0.131775
153 -1.699203 12.875607 4.918525 -1.137620 -0.174202 0.350589
154 20.938599 0.000021 0.000000 -0.060473 0.086182 -0.007705
155 21.993607 -0.000003 -0.000053 -0.037227 0.125932 0.000164
156 22.563797 0.000007 0.000000 -0.008484 -0.198566 -0.059156
157 22.643372 0.000010 -0.000031 0.041747 -0.212833 -0.123587
158 22.238037 -0.000008 -0.000031 0.040054 0.090121 -0.153672
159 -1.833771 13.936458 1.224504 -1.582551 -0.002038 0.382010
160 20.406967 0.000008 -0.000038 -0.028932 0.097159 -0.027445
161 21.655518 0.000011 -0.000008 -0.027545 0.131649 -0.008486
162 22.360657 0.000010 -0.000015 -0.003015 -0.257541 -0.073328
163 22.519676 0.000008 -0.000015 0.047049 -0.231562 -0.137061
164 22.140385 0.000004 -0.000015 -0.019290 0.200805 -0.149862
165 -1.972580 12.875609 -3.614555 -1.860052 0.100178 0.348472
166 20.655167 0.000010 -0.000023 -0.013213 0.101332 -0.033813
167 21.762253 0.000006 -0.000015 -0.027384 0.127985 -0.009755
168 22.392166 0.000015 -0.000015 -0.044359 -0.198205 -0.057327
169 22.541336 0.000011 -0.000023 -0.033243 -0.181396 -0.116834
170 22.217506 0.000008 -0.000015 -0.075904 0.250914 -0.154974
171 -1.967316 9.854567 -7.722432 -2.191614 0.181401 0.259942
172 21.272720 0.000003 0.000000 0.002259 0.099769 -0.034814
173 22.032532 0.000025 -0.000046 -0.024013 0.113775 -0.010658
174 22.475677 0.000004 -0.000004 -0.054040 -0.203125 -0.059037
175 22.598724 0.000008 -0.000008 -0.058637 -0.154953 -0.103127
176 22.407990 0.000019 -0.000023 -0.097149 0.294151 -0.124458
177 -1.900848 5.333252 -10.470076 -2.621922 0.230681 0.137915
178 21.914322 0.000008 -0.000023 0.007181 0.101118 -0.024804
179 22.319855 -0.000007 0.000008 -0.017412 0.100452 -0.008503
180 22.569626 0.000000 0.000004 -0.046016 -0.202402 -0.067729
181 22.663216 0.000017 -0.000004 -0.057167 -0.121849 -0.088008
182 22.604507 0.000015 -0.000031 -0.043689 0.332696 -0.039835
183 -1.865585 -0.000002 -11.435440 3.133523 0.246160 0.002326
184 22.186676 -0.000004 -0.000008 -0.008476 0.104665 -0.001900
185 22.443710 -0.000002 0.000000 -0.007836 0.096592 -0.001157
186 22.611542 -0.000005 0.000000 -0.011780 -0.189228 -0.079811
187 22.692017 0.000005 0.000011 -0.018703 -0.097448 -0.065935
188 22.687653 0.000010 -0.000011 -0.036453 0.355998 -0.064714
189 -1.900848 -5.333257 -10.470070 2.605592 0.228520 -0.132954
190 21.914337 0.000007 -0.000011 -0.024402 0.105133 0.022405
191 22.319839 -0.000022 0.000008 0.001547 0.103683 0.007607
192 22.569626 0.000007 -0.000017 0.026036 -0.168740 -0.084292
193 22.663231 -0.000015 0.000015 0.018341 -0.096731 -0.046089
194 22.604523 0.000008 -0.000008 0.020803 0.363338 -0.016387
195 -1.967285 -9.854565 -7.722441 2.176031 0.177343 -0.254088
196 21.272705 -0.000018 0.000000 -0.018263 0.106228 0.035443
197 22.032471 0.000004 -0.000023 0.009049 0.118819 0.012448
198 22.475677 -0.000010 -0.000023 0.040182 -0.150525 -0.077517
199 22.598724 0.000006 -0.000019 0.026440 -0.114861 -0.024291
200 22.407990 -0.000009 -0.000023 0.058063 0.352508 0.021653
201 -1.972580 -12.875609 -3.614562 1.844923 0.094794 -0.341298
202 20.655182 0.000007 -0.000023 -0.001558 0.108816 0.037392
203 21.762283 -0.000010 0.000000 0.013694 0.133690 0.013964
204 22.392181 -0.000008 -0.000015 0.038987 -0.138457 -0.064824
205 22.541351 -0.000007 -0.000015 0.012743 -0.135698 -0.001411
206 22.217514 0.000002 -0.000023 0.052714 0.320445 0.059184
207 0.059621 0.456168 0.250107 0.000000 -0.000000 0.000000
208 0.059621 0.456168 0.250107 0.000000 -0.000000 0.000000
time 25
  0 0.059621 0.456168 0.250107 0.000000 -0.000000 0.000000
  1 0.059621 0.456168 0.250107 0.000000 -0.000000 0.000000
  2 0.059621 0.456168 0.250107 0.000000 -0.000000 0.000000
  3 0.059621 0.456168 0.250107 0.000000 -0.000000 0.000000
  4 0.059621 0.456168 0.250107 0.000000 -0.000000 0.000000
  5 0.059621 0.456168 0.250107 0.000000 -0.000000 0.000000
  6 0.059621 0.456168 0.250107 0.000000 -0.000000 0.000000
  7 0.059621 0.456168 0.250107 0.000000 -0.000000 0.000000
  8 0.059621 0.456168 0.250107 0.000000 -0.000000 0.000000
  9 0.059621 0.456168 0.250107 0.000000 -0.000000 0.000000
 10 -18.263552 -97.939468 119.901924 -1.241095 -0.080263 -0.036885
 11 24.668249 0.000000 -0.000038 0.944197 -0.228141 0.029588
 12 30.380138 0.000000 0.000015 1.682305 0.046059 0.495729
 13 19.902088 0.000000 -0.000015 0.003587 -0.014418 -0.004378
 14 76.134666 86.356880 107.458252 -1.271217 3.038533 -0.179651
 15 35.349510 0.000000 0.000000 -1.458027 0.261989 0.215419
 16 37.124336 0.000000 -0.000031 -1.022024 0.188294 0.658612
 17 0.059621 0.456168 0.250107 0.064768 -0.005215 -0.156772
 18 0.059621 0.456168 150.834366 1.570796 1.570796 0.000000
 19 -65.799545 -0.000020 1.142855 0.000000 0.000515 3.141077
 20 11.181580 0.005760 -0.002411 0.000000 0.330341 0.000515
 21 27.835159 -0.000000 0.000023 -3.141592 -0.129896 -0.000000
 22 5.330368 -0.000001 -0.000004 3.127143 0.280420 0.006495
 23 10.134918 -4.133394 3.834194 -0.365570 -0.800831 -2.872791
 24 10.134949 4.133399 3.834194 0.365125 -0.800927 2.873041
 25 22.592346 0.000009 17.467102 -0.000010 3.125404 0.000000
 26 21.200012 -7.744010 14.169508 -0.651163 -0.017264 -3.125642
 27 18.142029 -13.440231 7.965765 1.223024 -0.119193 -3.039043
 28 21.200012 7.744025 14.169488 0.650948 -0.017316 3.125635
 29 18.142029 13.440241 7.965765 -0.319640 -0.018972 -3.134118
 30 11.858887 -13.360003 3.526508 1.524678 3.135210 0.002563
 31 9.463287 -16.404871 -2.906048 1.524702 3.135116 0.004636
 32 9.125275 -10.885477 -11.371326 0.000496 3.131346 0.000256
 33 11.858856 13.360008 3.526468 -1.524662 3.135253 -0.002563
 34 9.463287 16.404869 -2.906029 -1.524686 3.135158 -0.004637
 35 9.125305 10.885475 -11.371307 -0.000492 3.131346 0.000256
 36 9.023254 -0.000002 -17.296177 0.000180 0.001926 -3.141356
 37 12.691437 -0.000002 -19.438766 -0.001086 2.276870 -0.001214
 38 10.989410 0.000003 0.000000 0.000000 -0.327240 0.000000
 39 12.871521 -10.586843 -15.652477 0.951146 2.572867 0.623322
 40 10.727005 0.000000 -0.000031 -0.077047 -0.331623 0.072057
 41 12.871460 10.586843 -15.652473 -0.890404 2.538766 -0.589517
 42 10.727005 -0.000019 0.000000 0.059825 -0.332870 -0.049931
 43 12.847260 -17.570087 -4.701344 1.226346 2.703474 0.834188
 44 11.496506 0.000002 -0.000015 -0.125912 -0.289111 0.111958
 45 12.847198 17.570086 -4.701363 -1.178645 2.660970 -0.810245
 46 11.496475 0.000006 -0.000015 0.126119 -0.288995 -0.112167
 47 28.485992 0.000010 16.460342 -0.000001 -0.309592 0.000000
 48 23.052750 -6.207912 -0.077278 -1.470206 0.035100 -1.833545
 49 9.436909 -0.000008 -0.000015 -0.159116 -0.369286 -1.679567
 50 31.269348 -0.000015 0.000031 -0.454000 0.380686 -1.607914
 51 28.756500 0.000004 0.000000 -0.001117 0.032665 0.001416
 52 2.251988 -2.464405 -1.141632 0.481305 0.508197 -0.319329
 53 3.674042 -0.000031 0.000000 -0.277611 0.179024 0.194713
 54 3.614693 0.000015 0.000000 0.013156 0.193871 -0.001558
 55 9.035505 -2.494946 0.484589 -0.001362 0.302449 0.001673
 56 2.943584 0.000000 -0.000015 0.010585 0.293657 -0.007800
 57 2.649429 0.000004 0.000000 -0.006498 0.303243 0.008512
 58 9.093618 -0.386673 0.647705 0.020190 0.475379 -0.012607
 59 3.451881 0.000000 0.000000 -0.014209 0.528778 0.009212
 60 2.898163 0.000000 0.000031 -0.000683 0.490858 0.000916
 61 8.894583 1.605846 0.371887 -0.000566 0.547851 0.000704
 62 3.130409 -0.000008 0.000031 0.003896 0.567158 -0.005064
 63 2.629547 0.000000 -0.000061 0.004892 0.544389 -0.006589
 64 8.470619 3.459530 0.131500 -0.021715 0.541478 0.011456
 65 2.410278 -0.000004 -0.000061 0.022815 0.529939 -0.013321
 66 2.000778 0.000000 0.000000 -0.005415 0.533618 0.007402
 67 23.052750 6.207912 -0.077301 1.481823 0.058643 2.080206
 68 9.436897 0.000019 0.000000 -0.461192 -0.041908 1.353782
 69 31.269337 0.000002 0.000000 0.556579 -0.648009 1.443738
 70 28.756500 -0.000004 0.000000 0.524713 -0.204461 0.443745
 71 2.251892 2.464409 -1.141556 -0.513217 0.249535 0.112914
 72 3.674088 0.000000 -0.000015 0.331388 -0.059506 -0.325011
 73 3.614670 0.000004 0.000015 0.067360 -0.216133 -0.086857
 74 9.035431 2.494953 0.484451 0.001362 -0.011534 -0.001673
 75 2.943558 0.000000 -0.000046 -0.011498 -0.020268 0.014556
 76 2.649429 -0.000008 0.000015 0.006498 -0.010740 -0.008512
 77 9.093674 0.386673 0.647781 -0.018031 0.093461 0.020165
 78 3.451859 0.000002 0.000015 0.014953 0.008589 -0.019838
 79 2.898209 -0.000004 -0.000015 0.000683 -0.029445 -0.000917
 80 8.894424 -1.605846 0.371933 0.000566 0.090541 -0.000704
 81 3.130432 0.000000 -0.000031 -0.003896 -0.009289 0.005063
 82 2.629532 0.000004 0.000031 -0.004892 -0.032059 0.006589
 83 8.470612 -3.459515 0.131409 0.018786 0.137518 -0.020073
 84 2.410278 0.000004 0.000000 -0.024238 -0.029075 0.031299
 85 2.000748 0.000004 0.000015 0.005415 -0.025697 -0.007402
 86 9.832352 1.463070 -1.299408 0.016523 -0.031798 -0.020624
 87 25.040588 -5.670406 5.432793 -1.312160 -0.224887 -2.136065
 88 28.779694 -6.856311 -0.811417 -1.466235 0.019064 -1.725377
 89 29.182297 -3.955567 -4.961952 0.881869 2.552753 0.503940
 90 25.040573 5.670409 5.432770 1.296833 -0.398765 2.185823
 91 28.779724 6.856313 -0.811394 1.466235 0.019065 1.725381
 92 29.182266 3.955565 -4.961929 -0.881870 2.552752 -0.503940
 93 -65.335648 -0.000020 1.140918 -3.141591 0.044911 0.000000
 94 26.290924 -12.205288 1.157884 -2.069314 -0.050813 0.003969
 95 49.071030 0.000007 0.000017 2.179705 0.127556 -0.112856
 96 61.871323 -0.000007 -0.000031 3.080256 0.672597 0.035641
 97 26.290924 12.205295 1.157843 2.053731 0.081824 -0.070161
 98 49.071075 0.000005 -0.000024 -2.187262 0.154733 0.063501
 99 61.871307 0.000010 -0.000033 -2.944714 0.642381 0.102744
100 -0.698059 -11.192116 -8.252762 1.197489 -0.384459 -0.640606
101 20.568237 -0.000008 0.000000 0.010305 0.154111 -0.143205
102 0.223785 -5.734809 -12.929604 2.950446 0.473650 -0.367353
103 20.803589 -0.000019 -0.000031 -0.001602 0.093017 -0.164927
104 -1.040009 -3.033968 12.140512 1.554517 0.104601 -1.288764
105 -1.039993 3.034004 12.140500 -1.554518 0.104604 1.288764
106 4.165451 -5.407045 12.088391 0.949046 -0.941465 -0.594821
107 16.599442 -0.000004 -0.000031 -0.050664 0.441334 0.015563
108 4.165482 5.407080 12.088380 -0.819378 -0.513932 0.530608
109 16.599380 0.000011 -0.000031 0.040861 0.154928 -0.026620
110 6.428391 0.000001 -0.288943 -0.000001 -0.000000 -0.000000
111 -1.833771 -13.936460 1.224504 1.568073 -0.009102 -0.381807
112 20.406952 -0.000004 -0.000023 0.015542 0.094639 0.035751
113 21.655502 -0.000006 -0.000008 0.015118 0.145617 0.015399
114 22.360687 -0.000010 -0.000015 0.032859 -0.106922 -0.054763
115 22.519684 -0.000008 -0.000008 -0.007701 -0.115653 0.007952
116 22.140396 -0.000008 -0.000023 0.009505 0.288111 0.072527
117 -1.699203 -12.875611 4.918509 1.124426 -0.184406 -0.347077
118 20.938599 0.000008 0.000000 0.048960 0.081418 0.018617
119 21.993622 -0.000012 -0.000053 0.026762 0.138600 0.007908
120 22.563812 -0.000023 0.000008 0.032678 -0.114248 -0.039588
121 22.643364 -0.000001 -0.000031 -0.022383 -0.135343 0.035855
122 22.238060 0.000000 -0.000023 -0.023737 0.177823 0.076506
123 -1.634338 -9.854567 8.052346 0.714922 -0.318711 -0.255114
124 22.205292 0.000000 -0.000031 0.052870 0.074935 0.007402
125 22.804367 -0.000008 -0.000046 0.026545 0.132323 0.003523
126 23.051666 -0.000004 0.000008 0.030335 -0.129543 -0.031271
127 22.939995 -0.000002 -0.000038 -0.020406 -0.164857 0.036823
128 22.472069 -0.000004 -0.000031 -0.025202 0.090695 0.063278
129 -1.616135 -5.333253 10.147437 0.342521 -0.396274 -0.129843
130 23.451294 -0.000002 -0.000023 0.030198 0.070454 0.004789
131 23.608017 -0.000007 -0.000031 0.014934 0.126894 0.003435
132 23.536240 -0.000006 -0.000023 0.027738 -0.146831 -0.030622
133 23.233986 0.000000 0.000000 -0.002604 -0.191466 0.012394
134 22.703686 0.000003 -0.000031 -0.006117 0.034046 0.030187
135 -1.614517 -0.000000 10.883349 -0.008305 -0.420202 0.007930
136 23.962112 0.000001 -0.000023 -0.004634 0.067877 0.006608
137 23.938965 -0.000003 0.000000 -0.003824 0.124036 0.005533
138 23.736023 -0.000003 -0.000015 0.023966 -0.160481 -0.035219
139 23.354980 0.000006 -0.000031 0.022228 -0.206433 -0.026686
140 22.798935 -0.000009 -0.000031 0.022258 0.009578 -0.019992
141 -1.616135 5.333251 10.147422 -0.359673 -0.394130 0.145171
142 23.451309 -0.000005 0.000000 -0.039800 0.068020 0.008147
143 23.608032 -0.000001 -0.000038 -0.022439 0.124827 0.007487
144 23.536255 0.000004 -0.000015 0.016845 -0.168025 -0.041075
145 23.233971 -0.000013 -0.000031 0.044813 -0.206847 -0.069236
146 22.703667 0.000016 -0.000015 0.044553 0.016166 -0.066093
147 -1.634338 9.854565 8.052344 -0.730873 -0.314646 0.268922
148 22.205261 0.000004 0.000000 -0.063232 0.070096 0.004236
149 22.804443 0.000007 -0.000069 -0.035583 0.128349 0.006402
150 23.051620 -0.000002 0.000000 0.005886 -0.170009 -0.049046
151 22.939987 -0.000003 0.000000 0.053339 -0.194469 -0.101404
152 22.472080 0.000006 -0.000031 0.060423 0.055652 -0.130515
153 -1.699203 12.875607 4.918525 -1.139397 -0.178960 0.358619
154 20.938599 0.000021 0.000000 -0.060391 0.074468 -0.009324
155 21.993591 -0.000001 -0.000061 -0.037271 0.133156 0.000397
156 22.563812 0.000004 -0.000008 -0.009132 -0.169208 -0.053640
157 22.643364 0.000011 -0.000038 0.040179 -0.176793 -0.114452
158 22.238037 -0.000004 -0.000031 0.039877 0.123874 -0.151131
159 -1.833771 13.936458 1.224504 -1.582574 -0.003130 0.390702
160 20.406952 0.000008 -0.000038 -0.028972 0.086547 -0.029768
161 21.655502 0.000011 -0.000015 -0.027421 0.139428 -0.009143
162 22.360672 0.000006 -0.000015 -0.003666 -0.230787 -0.068782
163 22.519669 0.000008 -0.000023 0.046030 -0.201392 -0.128584
164 22.140369 0.000008 -0.000008 -0.019257 0.234173 -0.149437
165 -1.972580 12.875609 -3.614555 -1.859255 0.101311 0.356386
166 20.655167 0.000008 -0.000023 -0.013452 0.091968 -0.036222
167 21.762268 0.000008 -0.000023 -0.027221 0.135808 -0.010819
168 22.392151 0.000015 -0.000015 -0.044689 -0.172410 -0.053299
169 22.541344 0.000017 -0.000031 -0.034125 -0.152921 -0.106550
170 22.217499 0.000004 -0.000023 -0.076643 0.284141 -0.158600
171 -1.967316 9.854567 -7.722432 -2.190545 0.184326 0.265825
172 21.272720 0.000005 0.000000 0.002255 0.092450 -0.037001
173 22.032516 0.000026 -0.000046 -0.023928 0.121194 -0.011816
174 22.475677 0.000004 0.000000 -0.054268 -0.181876 -0.056069
175 22.598724 0.000008 -0.000008 -0.059215 -0.133366 -0.095074
176 22.407982 0.000019 -0.000031 -0.098451 0.327392 -0.128540
177 -1.900848 5.333252 -10.470076 -2.621207 0.234691 0.141018
178 21.914322 0.000008 -0.000023 0.007223 0.095888 -0.026230
179 22.319839 -0.000008 0.000004 -0.017735 0.107467 -0.009305
180 22.569626 0.000001 0.000004 -0.045737 -0.185905 -0.066644
181 22.663223 0.000021 -0.000011 -0.057234 -0.107375 -0.084185
182 22.604530 0.000015 -0.000038 -0.042027 0.366079 -0.038296
183 -1.865585 -0.000002 -11.435440 3.133537 0.250507 0.002379
184 22.186691 -0.000004 -0.000011 -0.008510 0.100425 -0.002068
185 22.443710 -0.000002 0.000000 -0.008239 0.103518 -0.001169
186 22.611557 -0.000005 -0.000004 -0.011625 -0.174645 -0.080747
187 22.692017 0.000006 0.000008 -0.018473 -0.085724 -0.068042
188 22.687653 0.000010 -0.000011 -0.036529 0.389398 -0.065573
189 -1.900848 -5.333257 -10.470070 2.604909 0.232486 -0.135943
190 21.914337 0.000007 -0.000011 -0.024126 0.100117 0.023588
191 22.319824 -0.000023 0.000004 0.001452 0.110871 0.008441
192 22.569611 0.000006 -0.000019 0.026127 -0.151567 -0.087245
193 22.663239 -0.000015 0.000011 0.018788 -0.080789 -0.054323
194 22.604530 0.000010 -0.000008 0.020915 0.396708 -0.015460
195 -1.967285 -9.854565 -7.722441 2.175009 0.180186 -0.259833
196 21.272720 -0.000017 0.000000 -0.018265 0.099262 0.037486
197 22.032486 0.000001 -0.000023 0.008911 0.126536 0.013750
198 22.475693 -0.000009 -0.000015 0.040157 -0.128362 -0.081554
199 22.598732 0.000006 -0.000015 0.027151 -0.090955 -0.035677
200 22.408005 -0.000009 -0.000015 0.058425 0.385823 0.023553
201 -1.972580 -12.875609 -3.614562 1.844186 0.095816 -0.349045
202 20.655167 0.000006 -0.000015 -0.001278 0.099874 0.039795
203 21.762299 -0.000010 -0.000008 0.013558 0.141885 0.015248
204 22.392166 -0.000008 -0.000019 0.039328 -0.111659 -0.069571
205 22.541367 -0.000005 -0.000015 0.013868 -0.104644 -0.014317
206 22.217514 0.000004 -0.000015 0.053617 0.353677 0.061413
207 0.059621 0.456168 0.250107 0.000000 -0.000000 0.000000
208 0.059621 0.456168 0.250107 0.000000 -0.000000 0.000000
time 26
  0 0.059621 0.456168 0.250107 0.000000 -0.000000 0.000000
  1 0.059621 0.456168 0.250107 0.000000 -0.000000 0.000000
  2 0.059621 0.456168 0.250107 0.000000 -0.000000 0.000000
  3 0.059621 0.456168 0.250107 0.000000 -0.000000 0.000000
  4 0.059621 0.456168 0.250107 0.000000 -0.000000 0.000000
  5 0.059621 0.456168 0.250107 0.000000 -0.000000 0.000000
  6 0.059621 0.456168 0.250107 0.000000 -0.000000 0.000000
  7 0.059621 0.456168 0.250107 0.000000 -0.000000 0.000000
  8 0.059621 0.456168 0.250107 0.000000 -0.000000 0.000000
  9 0.059621 0.456168 0.250107 0.000000 -0.000000 0.000000
 10 -30.599714 -92.884537 120.445015 -1.241095 -0.080263 -0.201640
 11 24.668247 0.000015 -0.000038 0.942999 -0.225094 0.045264
 12 30.380136 0.000015 0.000008 1.678394 0.045512 0.469016
 13 19.902092 0.000000 -0.000031 0.004254 -0.021506 -0.006061
 14 82.410484 75.108681 107.458252 -1.269821 3.042269 -0.329628
 15 35.349510 0.000008 0.000019 -1.449932 0.197985 0.229126
 16 37.124329 -0.000008 -0.000015 -1.021328 0.191736 0.659464
 17 0.059621 0.456168 0.250107 0.064768 -0.005215 -0.156772
 18 0.059621 0.456168 150.834366 1.570796 1.570796 0.000000
 19 -65.799545 -0.000020 1.142855 0.000000 0.000515 3.141077
 20 11.181564 0.005760 -0.002411 0.000000 0.328938 0.000515
 21 27.835175 -0.000000 0.000023 -3.141592 -0.129896 -0.000000
 22 5.330399 -0.000001 0.000000 3.127906 0.297993 0.006468
 23 10.134918 -4.133392 3.834196 -0.372957 -0.813722 -2.864237
 24 10.134888 4.133399 3.834196 0.372379 -0.813848 2.864566
 25 22.592377 0.000009 17.467102 -0.000010 3.101816 0.000000
 26 21.199982 -7.744008 14.169512 -0.657005 -0.035636 -3.111293
 27 18.141998 -13.440228 7.965767 1.232648 -0.126870 -3.060700
 28 21.199982 7.744022 14.169489 0.656707 -0.035707 3.111283
 29 18.142029 13.440236 7.965765 -0.322901 -0.041256 -3.126576
 30 11.858887 -13.359999 3.526508 1.518573 3.133489 0.025015
 31 9.463287 -16.404865 -2.906044 1.518599 3.133382 0.027087
 32 9.125275 -10.885474 -11.371330 0.000496 3.107758 0.000256
 33 11.858887 13.360004 3.526466 -1.518551 3.133548 -0.025015
 34 9.463257 16.404865 -2.906029 -1.518578 3.133441 -0.027088
 35 9.125275 10.885472 -11.371307 -0.000492 3.107758 0.000256
 36 9.023254 -0.000003 -17.296177 0.000180 -0.021663 -3.141356
 37 12.691406 -0.000003 -19.438766 0.000815 2.262762 0.001228
 38 10.989410 0.000002 -0.000031 0.000000 -0.420176 0.000000
 39 12.871490 -10.586841 -15.652473 0.958141 2.563032 0.636653
 40 10.727020 0.000004 -0.000015 -0.089032 -0.422947 0.086362
 41 12.871460 10.586841 -15.652473 -0.895913 2.526108 -0.599914
 42 10.726959 -0.000023 0.000015 0.065959 -0.424510 -0.058705
 43 12.847229 -17.570084 -4.701344 1.234014 2.694751 0.852934
 44 11.496490 0.000004 -0.000031 -0.139661 -0.379521 0.131158
 45 12.847198 17.570084 -4.701363 -1.186452 2.648449 -0.828072
 46 11.496460 0.000002 0.000000 0.139939 -0.379384 -0.131420
 47 28.485962 0.000010 16.460346 -0.000001 -0.316845 0.000000
 48 23.052765 -6.207911 -0.077286 -1.470206 0.035100 -1.833545
 49 9.436909 -0.000004 -0.000031 -0.154232 -0.374987 -1.654318
 50 31.269333 -0.000008 0.000015 -0.447790 0.370752 -1.579707
 51 28.756493 0.000004 0.000000 -0.001117 0.032665 0.001416
 52 2.251989 -2.464409 -1.141632 0.481305 0.508197 -0.319329
 53 3.674042 -0.000031 0.000000 -0.277611 0.179024 0.194713
 54 3.614693 0.000015 0.000015 0.013156 0.193871 -0.001558
 55 9.035501 -2.494949 0.484558 -0.001362 0.302449 0.001673
 56 2.943577 0.000000 -0.000031 0.010585 0.293657 -0.007800
 57 2.649437 0.000000 0.000015 -0.006498 0.303243 0.008512
 58 9.093615 -0.386673 0.647705 0.020190 0.475379 -0.012607
 59 3.451889 0.000000 0.000000 -0.014209 0.528778 0.009212
 60 2.898178 -0.000008 0.000031 -0.000683 0.490858 0.000916
 61 8.894581 1.605850 0.371887 -0.000566 0.547851 0.000704
 62 3.130402 0.000000 0.000031 0.003896 0.567158 -0.005064
 63 2.629532 -0.000004 -0.000031 0.004892 0.544388 -0.006589
 64 8.470613 3.459518 0.131470 -0.021715 0.541478 0.011456
 65 2.410263 0.000000 -0.000061 0.022815 0.529939 -0.013321
 66 2.000793 0.000004 0.000015 -0.005415 0.533618 0.007402
 67 23.052765 6.207910 -0.077301 1.481823 0.058643 2.080206
 68 9.436897 0.000019 -0.000015 -0.488927 -0.062825 1.335776
 69 31.269341 0.000006 0.000000 0.551607 -0.645807 1.394810
 70 28.756500 -0.000004 0.000031 0.521028 -0.190136 0.437720
 71 2.251877 2.464401 -1.141556 -0.513217 0.249535 0.112914
 72 3.674103 -0.000008 0.000000 0.331388 -0.059506 -0.325011
 73 3.614685 0.000000 0.000015 0.067360 -0.216133 -0.086857
 74 9.035400 2.494949 0.484436 0.001362 -0.011534 -0.001673
 75 2.943573 0.000008 -0.000031 -0.011498 -0.020268 0.014556
 76 2.649445 0.000004 0.000031 0.006498 -0.010740 -0.008512
 77 9.093704 0.386673 0.647797 -0.018031 0.093461 0.020165
 78 3.451859 0.000008 0.000015 0.014953 0.008589 -0.019838
 79 2.898224 -0.000004 0.000000 0.000683 -0.029445 -0.000917
 80 8.894424 -1.605850 0.371918 0.000566 0.090541 -0.000704
 81 3.130432 0.000000 -0.000046 -0.003896 -0.009289 0.005063
 82 2.629517 0.000000 0.000015 -0.004892 -0.032059 0.006589
 83 8.470596 -3.459526 0.131393 0.018786 0.137518 -0.020073
 84 2.410263 -0.000008 -0.000015 -0.024238 -0.029075 0.031299
 85 2.000748 0.000000 0.000031 0.005415 -0.025697 -0.007402
 86 9.832352 1.463058 -1.299408 0.016522 -0.031798 -0.020624
 87 25.040588 -5.670405 5.432793 -1.312160 -0.224887 -2.136065
 88 28.779694 -6.856310 -0.811424 -1.466235 0.019064 -1.725377
 89 29.182312 -3.955567 -4.961960 0.881869 2.552753 0.503940
 90 25.040573 5.670407 5.432755 1.296833 -0.398765 2.185823
 91 28.779739 6.856310 -0.811401 1.466235 0.019065 1.725381
 92 29.182281 3.955564 -4.961937 -0.881870 2.552752 -0.503941
 93 -65.335648 -0.000020 1.140918 -3.141591 0.044911 0.000000
 94 26.290924 -12.205288 1.157884 -2.069353 -0.050193 0.005105
 95 49.071030 0.000010 0.000019 2.179705 0.127556 -0.112856
 96 61.871300 -0.000009 -0.000027 3.080256 0.672597 0.035641
 97 26.290924 12.205295 1.157843 2.053560 0.082678 -0.071815
 98 49.071075 0.000004 -0.000025 -2.187262 0.154733 0.063501
 99 61.871330 0.000010 -0.000034 -2.944714 0.642381 0.102744
100 -0.698059 -11.192116 -8.252762 1.202194 -0.391022 -0.653050
101 20.568237 -0.000008 -0.000015 0.010304 0.117513 -0.143314
102 0.223785 -5.734809 -12.929604 2.947535 0.480748 -0.374818
103 20.803574 -0.000015 -0.000023 -0.000803 0.069614 -0.160175
104 -1.040009 -3.033968 12.140512 1.554517 0.104601 -1.288764
105 -1.039993 3.034004 12.140500 -1.554518 0.104604 1.288764
106 4.165451 -5.407045 12.088391 0.968660 -0.958108 -0.618301
107 16.599449 -0.000004 -0.000015 -0.048987 0.394096 0.017104
108 4.165482 5.407080 12.088380 -0.853199 -0.555834 0.589692
109 16.599365 0.000010 -0.000031 0.039911 0.106200 -0.027309
110 6.428391 0.000001 -0.288943 -0.000001 -0.000000 -0.000000
111 -1.833771 -13.936460 1.224504 1.568138 -0.010076 -0.388605
112 20.406967 -0.000005 -0.000015 0.016074 0.083874 0.038065
113 21.655502 -0.000006 -0.000015 0.015157 0.149216 0.016996
114 22.360687 -0.000008 -0.000015 0.032781 -0.080316 -0.058818
115 22.519669 -0.000008 -0.000015 -0.007583 -0.077540 -0.004569
116 22.140404 -0.000006 -0.000015 0.009510 0.314525 0.072647
117 -1.699203 -12.875611 4.918509 1.125582 -0.188303 -0.353314
118 20.938614 0.000010 0.000000 0.048938 0.069549 0.020515
119 21.993622 -0.000011 -0.000053 0.026680 0.141392 0.008843
120 22.563782 -0.000019 0.000008 0.032682 -0.086816 -0.044708
121 22.643364 -0.000003 -0.000031 -0.021572 -0.094479 0.023358
122 22.238060 -0.000004 -0.000031 -0.023594 0.205362 0.075316
123 -1.634338 -9.854567 8.052346 0.716388 -0.324729 -0.259750
124 22.205292 -0.000001 -0.000031 0.053058 0.062304 0.008689
125 22.804398 -0.000007 -0.000038 0.026674 0.134507 0.004004
126 23.051666 -0.000004 0.000015 0.030755 -0.101288 -0.035883
127 22.939987 0.000001 -0.000031 -0.019000 -0.121915 0.026573
128 22.472076 -0.000002 -0.000023 -0.024990 0.118406 0.062276
129 -1.616135 -5.333253 10.147437 0.343443 -0.403415 -0.132214
130 23.451309 -0.000001 -0.000031 0.030303 0.057456 0.005513
131 23.608032 -0.000007 -0.000023 0.014722 0.128671 0.003757
132 23.536224 -0.000006 -0.000031 0.028216 -0.118084 -0.033380
133 23.233986 0.000000 0.000008 -0.001658 -0.147418 0.005784
134 22.703674 0.000002 -0.000023 -0.006093 0.061807 0.030226
135 -1.614517 -0.000000 10.883349 -0.008365 -0.427661 0.008074
136 23.962128 0.000001 -0.000038 -0.004932 0.054748 0.006839
137 23.938965 -0.000003 0.000008 -0.003658 0.125626 0.005890
138 23.736038 -0.000003 -0.000015 0.023617 -0.131678 -0.035348
139 23.354988 0.000005 -0.000031 0.022644 -0.162129 -0.028778
140 22.798935 -0.000008 -0.000023 0.022293 0.037384 -0.019654
141 -1.616135 5.333251 10.147422 -0.360697 -0.401228 0.147818
142 23.451309 -0.000005 0.000000 -0.039773 0.054904 0.007857
143 23.608017 0.000001 -0.000046 -0.022425 0.126460 0.007762
144 23.536240 0.000004 -0.000015 0.016701 -0.139531 -0.038688
145 23.233986 -0.000011 -0.000038 0.044284 -0.163083 -0.066823
146 22.703682 0.000019 -0.000015 0.044246 0.044047 -0.064777
147 -1.634338 9.854565 8.052344 -0.732396 -0.320583 0.273798
148 22.205261 0.000004 0.000000 -0.063295 0.057220 0.003331
149 22.804459 0.000007 -0.000069 -0.035422 0.130256 0.006457
150 23.051651 -0.000001 0.000000 0.005627 -0.142251 -0.044723
151 22.939980 -0.000002 -0.000015 0.052030 -0.152401 -0.094524
152 22.472061 0.000010 -0.000031 0.060460 0.083691 -0.129732
153 -1.699203 12.875607 4.918525 -1.140554 -0.182758 0.365054
154 20.938583 0.000021 0.000000 -0.060993 0.062244 -0.010953
155 21.993607 -0.000001 -0.000053 -0.037041 0.135563 -0.000060
156 22.563812 0.000008 -0.000008 -0.009655 -0.142466 -0.048906
157 22.643372 0.000011 -0.000031 0.039520 -0.137312 -0.104874
158 22.238045 -0.000004 -0.000031 0.039748 0.151927 -0.149415
159 -1.833771 13.936458 1.224504 -1.582599 -0.004003 0.397655
160 20.406952 0.000008 -0.000031 -0.029068 0.075372 -0.031986
161 21.655502 0.000013 -0.000008 -0.027391 0.142604 -0.010538
162 22.360657 0.000008 -0.000019 -0.004010 -0.206010 -0.065358
163 22.519661 0.000008 -0.000023 0.044702 -0.167749 -0.119163
164 22.140373 0.000008 -0.000015 -0.019243 0.260172 -0.149169
165 -1.972580 12.875609 -3.614555 -1.858613 0.102213 0.362717
166 20.655182 0.000008 -0.000015 -0.013589 0.082030 -0.038498
167 21.762253 0.000008 -0.000015 -0.027357 0.139382 -0.012329
168 22.392166 0.000015 -0.000015 -0.044678 -0.148440 -0.050287
169 22.541328 0.000015 -0.000031 -0.034397 -0.120936 -0.096744
170 22.217499 0.000015 -0.000015 -0.077372 0.309987 -0.161999
171 -1.967316 9.854567 -7.722432 -2.189676 0.186662 0.270536
172 21.272720 0.000006 -0.000008 0.002183 0.084588 -0.039051
173 22.032516 0.000026 -0.000046 -0.023908 0.125015 -0.013328
174 22.475662 0.000004 -0.000004 -0.054224 -0.161794 -0.053976
175 22.598732 0.000008 -0.000004 -0.059479 -0.108710 -0.087134
176 22.407982 0.000019 -0.000031 -0.099403 0.353101 -0.132071
177 -1.900848 5.333252 -10.470076 -2.620625 0.237899 0.143505
178 21.914322 0.000007 -0.000019 0.007098 0.090115 -0.027627
179 22.319839 -0.000006 0.000004 -0.017569 0.111552 -0.010420
180 22.569626 0.000002 0.000002 -0.045661 -0.169898 -0.065587
181 22.663216 0.000021 -0.000008 -0.057013 -0.090269 -0.080341
182 22.604523 0.000015 -0.000031 -0.039974 0.391875 -0.035916
183 -1.865585 -0.000002 -11.435440 3.133547 0.253990 0.002420
184 22.186676 -0.000004 -0.000004 -0.008905 0.095663 -0.002230
185 22.443726 -0.000002 -0.000008 -0.007915 0.107846 -0.001203
186 22.611557 -0.000005 -0.000004 -0.011188 -0.160353 -0.081438
187 22.692017 0.000006 0.000004 -0.018175 -0.071558 -0.070203
188 22.687653 0.000010 -0.000008 -0.036658 0.414890 -0.066572
189 -1.900848 -5.333257 -10.470070 2.604353 0.235656 -0.138339
190 21.914352 0.000007 -0.000011 -0.024258 0.094552 0.024683
191 22.319839 -0.000022 0.000004 0.001601 0.115174 0.009470
192 22.569626 0.000008 -0.000017 0.026481 -0.135117 -0.089268
193 22.663231 -0.000014 0.000015 0.019503 -0.062491 -0.061705
194 22.604530 0.000009 -0.000008 0.021080 0.422158 -0.014669
195 -1.967285 -9.854565 -7.722441 2.174180 0.182455 -0.264435
196 21.272720 -0.000019 -0.000008 -0.018198 0.091731 0.039386
197 22.032471 0.000001 -0.000023 0.009072 0.130692 0.015366
198 22.475708 -0.000010 -0.000023 0.040305 -0.107518 -0.084547
199 22.598724 0.000006 -0.000015 0.027510 -0.064386 -0.046506
200 22.407997 -0.000010 -0.000015 0.058960 0.411207 0.025392
201 -1.972580 -12.875609 -3.614562 1.843590 0.096628 -0.355243
202 20.655182 0.000007 -0.000023 -0.001256 0.090331 0.042048
203 21.762268 -0.000010 0.000000 0.013668 0.145871 0.016947
204 22.392197 -0.000010 -0.000023 0.039046 -0.086874 -0.073354
205 22.541351 -0.000004 -0.000008 0.014092 -0.070571 -0.026113
206 22.217506 0.000004 -0.000015 0.054465 0.379061 0.063402
207 0.059621 0.456168 0.250107 0.000000 -0.000000 0.000000
208 0.059621 0.456168 0.250107 0.000000 -0.000000 0.000000
time 27
  0 0.059621 0.456168 0.250107 0.000000 -0.000000 0.000000
  1 0.059621 0.456168 0.250107 0.000000 -0.000000 0.000000
  2 0.059621 0.456168 0.250107 0.000000 -0.000000 0.000000
  3 0.059621 0.456168 0.250107 0.000000 -0.000000 0.000000
  4 0.059621 0.456168 0.250107 0.000000 -0.000000 0.000000
  5 0.059621 0.456168 0.250107 0.000000 -0.000000 0.000000
  6 0.059621 0.456168 0.250107 0.000000 -0.000000 0.000000
  7 0.059621 0.456168 0.250107 0.000000 -0.000000 0.000000
  8 0.059621 0.456168 0.250107 0.000000 -0.000000 0.000000
  9 0.059621 0.456168 0.250107 0.000000 -0.000000 0.000000
 10 -43.849651 -86.111412 121.145988 -1.241095 -0.080263 -0.380920
 11 24.668249 0.000000 -0.000042 0.938570 -0.244496 0.066618
 12 30.380140 0.000000 0.000008 1.674271 0.048190 0.440642
 13 19.902088 -0.000008 -0.000015 0.004926 -0.028657 -0.007759
 14 87.991348 60.706615 107.458252 -1.267952 3.047271 -0.488085
 15 35.349510 0.000000 0.000011 -1.443106 0.134832 0.235628
 16 37.124336 -0.000004 -0.000015 -1.020381 0.196415 0.660623
 17 0.059621 0.456168 0.250107 0.064768 -0.005215 -0.156772
 18 0.059621 0.456168 150.834366 1.570796 1.570796 0.000000
 19 -65.799545 -0.000020 1.142855 0.000000 0.000515 3.141077
 20 11.181564 0.005760 -0.002411 0.000000 0.327327 0.000515
 21 27.835175 -0.000000 0.000015 -3.141592 -0.129896 -0.000000
 22 5.330368 -0.000001 0.000000 3.128793 0.315836 0.006437
 23 10.134857 -4.133392 3.834194 -0.381565 -0.828490 -2.854217
 24 10.134888 4.133399 3.834194 0.380844 -0.828650 2.854633
 25 22.592346 0.000009 17.467102 -0.000010 3.075859 0.000000
 26 21.199951 -7.744007 14.169510 -0.663433 -0.055852 -3.095502
 27 18.141968 -13.440228 7.965767 1.243238 -0.135318 -3.084532
 28 21.199951 7.744022 14.169487 0.663045 -0.055945 3.095490
 29 18.141968 13.440235 7.965767 -0.326490 -0.065779 -3.118276
 30 11.858856 -13.359997 3.526508 1.511874 3.131595 0.049721
 31 9.463257 -16.404867 -2.906048 1.511904 3.131475 0.051792
 32 9.125244 -10.885473 -11.371326 0.000496 3.081801 0.000256
 33 11.858856 13.360004 3.526466 -1.511845 3.131672 -0.049722
 34 9.463257 16.404865 -2.906029 -1.511876 3.131551 -0.051793
 35 9.125275 10.885471 -11.371307 -0.000492 3.081800 0.000256
 36 9.023254 -0.000003 -17.296177 0.000180 -0.047620 -3.141356
 37 12.691406 -0.000003 -19.438770 0.002705 2.252442 0.003564
 38 10.989410 0.000002 -0.000015 0.000000 -0.509421 0.000000
 39 12.871490 -10.586840 -15.652477 0.963353 2.555518 0.646492
 40 10.727005 0.000000 -0.000031 -0.101307 -0.510613 0.100318
 41 12.871460 10.586842 -15.652477 -0.899686 2.516087 -0.607088
 42 10.726974 -0.000019 0.000015 0.072242 -0.512487 -0.067225
 43 12.847198 -17.570082 -4.701344 1.239948 2.687665 0.867302
 44 11.496506 0.000000 -0.000031 -0.153743 -0.466279 0.149809
 45 12.847198 17.570084 -4.701366 -1.192433 2.637976 -0.841584
 46 11.496475 0.000000 -0.000015 0.154093 -0.466123 -0.150123
 47 28.485931 0.000010 16.460346 -0.000001 -0.323695 0.000000
 48 23.052780 -6.207911 -0.077286 -1.470206 0.035100 -1.833545
 49 9.436901 -0.000008 -0.000015 -0.148627 -0.380451 -1.625274
 50 31.269348 -0.000015 0.000046 -0.440640 0.359352 -1.547316
 51 28.756491 0.000000 -0.000031 -0.001117 0.032665 0.001416
 52 2.251989 -2.464413 -1.141663 0.481305 0.508197 -0.319329
 53 3.674042 -0.000031 0.000015 -0.277611 0.179024 0.194713
 54 3.614693 0.000015 -0.000015 0.013156 0.193871 -0.001558
 55 9.035501 -2.494949 0.484558 -0.001362 0.302449 0.001673
 56 2.943581 0.000000 -0.000031 0.010585 0.293657 -0.007800
 57 2.649429 0.000000 0.000015 -0.006498 0.303243 0.008512
 58 9.093615 -0.386669 0.647705 0.020190 0.475380 -0.012607
 59 3.451874 0.000008 0.000000 -0.014209 0.528778 0.009212
 60 2.898163 0.000000 0.000031 -0.000683 0.490858 0.000916
 61 8.894579 1.605850 0.371857 -0.000566 0.547851 0.000704
 62 3.130394 0.000004 0.000031 0.003896 0.567158 -0.005064
 63 2.629517 0.000000 -0.000061 0.004892 0.544389 -0.006589
 64 8.470613 3.459522 0.131470 -0.021715 0.541478 0.011456
 65 2.410263 -0.000004 -0.000061 0.022815 0.529939 -0.013321
 66 2.000778 0.000000 0.000000 -0.005415 0.533618 0.007402
 67 23.052765 6.207910 -0.077301 1.481823 0.058643 2.080206
 68 9.436897 0.000023 -0.000015 -0.517235 -0.084179 1.315113
 69 31.269337 0.000003 0.000015 0.545902 -0.643216 1.343829
 70 28.756500 -0.000011 0.000015 0.516800 -0.173698 0.430807
 71 2.251877 2.464409 -1.141556 -0.513217 0.249535 0.112914
 72 3.674088 0.000000 -0.000015 0.331388 -0.059506 -0.325011
 73 3.614670 0.000000 0.000015 0.067360 -0.216133 -0.086857
 74 9.035400 2.494957 0.484436 0.001362 -0.011534 -0.001673
 75 2.943558 0.000000 -0.000015 -0.011498 -0.020268 0.014556
 76 2.649445 -0.000004 0.000031 0.006498 -0.010740 -0.008512
 77 9.093674 0.386681 0.647797 -0.018031 0.093461 0.020165
 78 3.451859 0.000000 0.000015 0.014953 0.008589 -0.019838
 79 2.898209 0.000000 -0.000015 0.000683 -0.029445 -0.000917
 80 8.894409 -1.605843 0.371918 0.000566 0.090541 -0.000704
 81 3.130432 0.000000 -0.000046 -0.003896 -0.009289 0.005063
 82 2.629501 0.000000 0.000015 -0.004892 -0.032059 0.006589
 83 8.470612 -3.459518 0.131409 0.018786 0.137518 -0.020073
 84 2.410263 -0.000008 0.000000 -0.024238 -0.029075 0.031299
 85 2.000748 0.000004 0.000015 0.005415 -0.025697 -0.007402
 86 9.832336 1.463066 -1.299423 0.016523 -0.031798 -0.020624
 87 25.040588 -5.670405 5.432800 -1.312160 -0.224887 -2.136065
 88 28.779709 -6.856310 -0.811417 -1.466235 0.019064 -1.725377
 89 29.182312 -3.955567 -4.961952 0.881870 2.552753 0.503940
 90 25.040588 5.670407 5.432762 1.296833 -0.398765 2.185823
 91 28.779755 6.856310 -0.811401 1.466235 0.019065 1.725381
 92 29.182281 3.955564 -4.961937 -0.881870 2.552752 -0.503940
 93 -65.335648 -0.000020 1.140918 -3.141591 0.044911 0.000000
 94 26.290924 -12.205288 1.157884 -2.069399 -0.049481 0.006408
 95 49.071030 0.000008 0.000019 2.179705 0.127556 -0.112856
 96 61.871330 -0.000008 -0.000031 3.080256 0.672597 0.035641
 97 26.290924 12.205295 1.157843 2.053363 0.083658 -0.073713
 98 49.071075 0.000005 -0.000024 -2.187262 0.154733 0.063501
 99 61.871300 0.000010 -0.000033 -2.944714 0.642381 0.102744
100 -0.698059 -11.192116 -8.252762 1.206031 -0.396233 -0.663053
101 20.568237 -0.000005 -0.000015 0.010304 0.076269 -0.143439
102 0.223785 -5.734809 -12.929604 2.944374 0.486408 -0.380829
103 20.803589 -0.000015 -0.000031 0.000239 0.042780 -0.155308
104 -1.040009 -3.033968 12.140512 1.554517 0.104601 -1.288764
105 -1.039993 3.034004 12.140500 -1.554518 0.104604 1.288764
106 4.165451 -5.407045 12.088391 0.984399 -0.971228 -0.637895
107 16.599442 -0.000008 -0.000031 -0.047269 0.342005 0.018904
108 4.165482 5.407080 12.088380 -0.887842 -0.598754 0.650212
109 16.599388 0.000009 -0.000046 0.038973 0.052988 -0.028224
110 6.428391 0.000001 -0.288943 -0.000001 -0.000000 -0.000000
111 -1.833771 -13.936460 1.224504 1.568195 -0.010854 -0.394042
112 20.406952 -0.000005 -0.000023 0.015875 0.073155 0.040202
113 21.655502 -0.000006 -0.000008 0.015269 0.148948 0.019105
114 22.360672 -0.000010 -0.000015 0.032505 -0.057218 -0.061677
115 22.519653 -0.000006 -0.000008 -0.007652 -0.037578 -0.016345
116 22.140396 -0.000006 -0.000023 0.009516 0.331110 0.072811
117 -1.699203 -12.875611 4.918509 1.126525 -0.191418 -0.358311
118 20.938629 0.000010 0.000000 0.049581 0.057813 0.022299
119 21.993622 -0.000010 -0.000046 0.026838 0.140163 0.010330
120 22.563797 -0.000019 0.000008 0.032728 -0.063240 -0.048682
121 22.643356 -0.000001 -0.000038 -0.020773 -0.051884 0.011125
122 22.238068 -0.000005 -0.000031 -0.023460 0.224163 0.074366
123 -1.634338 -9.854567 8.052346 0.717584 -0.329540 -0.263473
124 22.205292 -0.000000 -0.000031 0.052691 0.049865 0.009915
125 22.804398 -0.000007 -0.000053 0.026582 0.132538 0.005048
126 23.051666 -0.000004 0.000008 0.031037 -0.077152 -0.039626
127 22.939987 -0.000001 -0.000031 -0.018532 -0.077144 0.016255
128 22.472069 0.000000 -0.000023 -0.024908 0.137556 0.061902
129 -1.616135 -5.333253 10.147437 0.344197 -0.409126 -0.134120
130 23.451309 -0.000001 -0.000031 0.030021 0.044690 0.006201
131 23.608017 -0.000006 -0.000031 0.014688 0.126223 0.004401
132 23.536224 -0.000005 -0.000023 0.028165 -0.093647 -0.035584
133 23.233978 -0.000001 0.000000 -0.000681 -0.101384 -0.001052
134 22.703682 0.000007 -0.000031 -0.006059 0.081002 0.030242
135 -1.614517 -0.000000 10.883349 -0.008413 -0.433628 0.008191
136 23.962143 0.000001 -0.000031 -0.004514 0.041870 0.007044
137 23.938950 -0.000003 0.000015 -0.003503 0.122964 0.006137
138 23.736038 -0.000003 -0.000015 0.023813 -0.107238 -0.035576
139 23.354973 0.000006 -0.000031 0.023102 -0.115793 -0.030989
140 22.798939 -0.000008 -0.000031 0.022337 0.056673 -0.019534
141 -1.616135 5.333251 10.147422 -0.361535 -0.406904 0.149947
142 23.451309 -0.000006 0.000000 -0.039384 0.042027 0.007555
143 23.608017 -0.000001 -0.000038 -0.022295 0.123864 0.007686
144 23.536240 0.000004 -0.000008 0.016301 -0.115339 -0.036612
145 23.233978 -0.000016 -0.000023 0.044339 -0.117371 -0.063719
146 22.703682 0.000016 -0.000015 0.044132 0.063579 -0.064291
147 -1.634338 9.854565 8.052344 -0.733638 -0.325327 0.277712
148 22.205261 0.000006 -0.000008 -0.062978 0.044559 0.002445
149 22.804443 0.000008 -0.000076 -0.035533 0.127992 0.005934
150 23.051636 0.000002 0.000000 0.005203 -0.118573 -0.041118
151 22.939980 0.000000 -0.000008 0.051734 -0.108249 -0.087399
152 22.472080 0.000010 -0.000046 0.060510 0.103494 -0.129463
153 -1.699203 12.875607 4.918525 -1.141498 -0.185791 0.370207
154 20.938599 0.000020 0.000000 -0.060818 0.050179 -0.012504
155 21.993607 0.000000 -0.000061 -0.037083 0.133928 -0.001223
156 22.563812 0.000008 -0.000008 -0.009956 -0.119505 -0.045077
157 22.643364 0.000013 -0.000038 0.038578 -0.095827 -0.095121
158 22.238037 0.000000 -0.000023 0.039698 0.171925 -0.148784
159 -1.833771 13.936458 1.224504 -1.582623 -0.004702 0.403220
160 20.406952 0.000008 -0.000038 -0.029808 0.064287 -0.034047
161 21.655518 0.000015 -0.000008 -0.027604 0.141890 -0.012341
162 22.360657 0.000008 -0.000019 -0.004067 -0.184350 -0.062719
163 22.519669 0.000008 -0.000023 0.044574 -0.131499 -0.110723
164 22.140369 0.000008 -0.000008 -0.019239 0.275959 -0.149075
165 -1.972580 12.875609 -3.614555 -1.858094 0.102932 0.367784
166 20.655167 0.000009 -0.000023 -0.014000 0.072128 -0.040597
167 21.762253 0.000010 -0.000015 -0.027481 0.139350 -0.014307
168 22.392166 0.000015 -0.000019 -0.044537 -0.127451 -0.048158
169 22.541359 0.000019 -0.000031 -0.034873 -0.086893 -0.086870
170 22.217499 0.000011 -0.000015 -0.078027 0.325620 -0.164795
171 -1.967316 9.854567 -7.722432 -2.188973 0.188527 0.274306
172 21.272720 0.000005 -0.000008 0.001823 0.076691 -0.040930
173 22.032516 0.000028 -0.000046 -0.024111 0.125750 -0.015213
174 22.475662 0.000006 -0.000004 -0.054095 -0.143926 -0.052623
175 22.598732 0.000004 -0.000008 -0.059447 -0.081959 -0.079180
176 22.407982 0.000015 -0.000015 -0.099772 0.368358 -0.134668
177 -1.900848 5.333252 -10.470076 -2.620152 0.240464 0.145499
178 21.914322 0.000007 -0.000019 0.007233 0.084245 -0.028871
179 22.319839 -0.000005 0.000004 -0.017587 0.113119 -0.011721
180 22.569626 0.000002 0.000006 -0.045507 -0.155348 -0.065120
181 22.663216 0.000017 -0.000008 -0.057159 -0.071048 -0.076444
182 22.604530 0.000015 -0.000023 -0.037350 0.407146 -0.032371
183 -1.865585 -0.000002 -11.435440 3.133556 0.256770 0.002454
184 22.186676 -0.000003 -0.000008 -0.008565 0.090739 -0.002380
185 22.443741 -0.000002 -0.000004 -0.007966 0.109911 -0.001359
186 22.611542 -0.000005 -0.000004 -0.011442 -0.147154 -0.082045
187 22.692024 0.000006 0.000008 -0.017893 -0.055332 -0.071843
188 22.687653 0.000010 -0.000008 -0.036860 0.429410 -0.067747
189 -1.900848 -5.333257 -10.470070 2.603903 0.238192 -0.140257
190 21.914352 0.000008 -0.000011 -0.023698 0.088864 0.025676
191 22.319824 -0.000024 0.000000 0.001542 0.116972 0.010514
192 22.569626 0.000004 -0.000017 0.026547 -0.120212 -0.090557
193 22.663239 -0.000016 0.000015 0.019145 -0.042239 -0.068462
194 22.604515 0.000010 -0.000008 0.021308 0.436624 -0.014077
195 -1.967285 -9.854565 -7.722441 2.173508 0.184269 -0.268119
196 21.272705 -0.000017 -0.000008 -0.017841 0.084134 0.041119
197 22.032486 0.000001 -0.000019 0.009190 0.131793 0.017152
198 22.475677 -0.000010 -0.000023 0.040478 -0.088992 -0.086522
199 22.598724 0.000006 -0.000008 0.027305 -0.035952 -0.056587
200 22.407997 -0.000007 -0.000019 0.059699 0.425602 0.027115
201 -1.972580 -12.875609 -3.614562 1.843111 0.097276 -0.360202
202 20.655182 0.000006 -0.000023 -0.000814 0.080783 0.044114
203 21.762283 -0.000011 -0.000008 0.013820 0.146244 0.019069
204 22.392166 -0.000008 -0.000019 0.038966 -0.065160 -0.075686
205 22.541351 -0.000006 -0.000011 0.013930 -0.034630 -0.037997
206 22.217514 0.000004 -0.000011 0.055166 0.393595 0.064978
207 0.059621 0.456168 0.250107 0.000000 -0.000000 0.000000
208 0.059621 0.456168 0.250107 0.000000 -0.000000 0.000000
time 28
  0 0.059621 0.456168 0.250107 0.000000 -0.000000 0.000000
  1 0.059621 0.456168 0.250107 0.000000 -0.000000 0.000000
  2 0.059621 0.456168 0.250107 0.000000 -0.000000 0.000000
  3 0.059621 0.456168 0.250107 0.000000 -0.000000 0.000000
  4 0.059621 0.456168 0.250107 0.000000 -0.000000 0.000000
  5 0.059621 0.456168 0.250107 0.000000 -0.000000 0.000000
  6 0.059621 0.456168 0.250107 0.000000 -0.000000 0.000000
  7 0.059621 0.456168 0.250107 0.000000 -0.000000 0.000000
  8 0.059621 0.456168 0.250107 0.000000 -0.000000 0.000000
  9 0.059621 0.456168 0.250107 0.000000 -0.000000 0.000000
 10 -57.224751 -77.795364 121.970573 -1.241095 -0.080263 -0.571151
 11 24.668253 0.000000 -0.000038 0.930697 -0.283182 0.091083
 12 30.380138 0.000000 0.000000 1.671749 0.050076 0.423995
 13 19.902088 0.000000 -0.000031 0.005604 -0.035857 -0.009469
 14 92.865669 43.926895 107.458252 -1.265659 3.053407 -0.653917
 15 35.349510 0.000008 0.000011 -1.439194 0.095032 0.231200
 16 37.124332 -0.000004 -0.000015 -1.019200 0.202253 0.662068
 17 0.059621 0.456168 0.250107 0.064768 -0.005215 -0.156772
 18 0.059621 0.456168 150.834366 1.570796 1.570796 0.000000
 19 -65.799545 -0.000020 1.142855 -0.000000 0.000515 3.141077
 20 11.181564 0.005760 -0.002411 0.000000 0.325524 0.000515
 21 27.835190 -0.000000 0.000023 -3.141592 -0.129896 -0.000000
 22 5.330353 -0.000001 -0.000004 3.129802 0.333729 0.006402
 23 10.134872 -4.133393 3.834194 -0.391356 -0.844769 -2.842818
 24 10.134872 4.133398 3.834194 0.390481 -0.844965 2.843329
 25 22.592331 0.000009 17.467102 -0.000010 3.048125 0.000000
 26 21.199997 -7.744008 14.169502 -0.670302 -0.077452 -3.078631
 27 18.142014 -13.440227 7.965763 1.254553 -0.144344 -3.109996
 28 21.199966 7.744022 14.169485 0.669816 -0.077568 3.078616
 29 18.142014 13.440236 7.965763 -0.330323 -0.091979 -3.109409
 30 11.858871 -13.359998 3.526505 1.504731 3.129571 0.076118
 31 9.463272 -16.404865 -2.906052 1.504765 3.129437 0.078188
 32 9.125259 -10.885473 -11.371326 0.000496 3.054067 0.000256
 33 11.858871 13.360003 3.526463 -1.504695 3.129667 -0.076119
 34 9.463272 16.404865 -2.906029 -1.504730 3.129532 -0.078189
 35 9.125290 10.885472 -11.371311 -0.000492 3.054067 0.000256
 36 9.023239 -0.000003 -17.296177 0.000180 -0.075354 -3.141356
 37 12.691422 -0.000003 -19.438770 0.004584 2.244788 0.005794
 38 10.989418 0.000002 0.000000 0.000000 -0.592293 0.000000
 39 12.871475 -10.586841 -15.652477 0.967260 2.549756 0.653827
 40 10.727020 0.000004 -0.000031 -0.113291 -0.591995 0.113446
 41 12.871475 10.586841 -15.652477 -0.902207 2.508053 -0.611971
 42 10.726990 -0.000019 0.000000 0.078377 -0.594164 -0.075208
 43 12.847214 -17.570084 -4.701344 1.244536 2.681946 0.878296
 44 11.496506 0.000004 -0.000015 -0.167491 -0.546795 0.167290
 45 12.847214 17.570080 -4.701366 -1.196977 2.629184 -0.851784
 46 11.496475 0.000004 -0.000015 0.167912 -0.546622 -0.167655
 47 28.485947 0.000010 16.460342 -0.000001 -0.330128 0.000000
 48 23.052780 -6.207911 -0.077286 -1.470206 0.035100 -1.833545
 49 9.436905 -0.000004 -0.000015 -0.142353 -0.385682 -1.592682
 50 31.269318 -0.000015 0.000015 -0.432607 0.346590 -1.511032
 51 28.756491 0.000000 0.000000 -0.001117 0.032665 0.001416
 52 2.251991 -2.464409 -1.141663 0.481305 0.508197 -0.319329
 53 3.674034 -0.000031 0.000031 -0.277611 0.179024 0.194713
 54 3.614700 0.000015 0.000000 0.013156 0.193871 -0.001558
 55 9.035503 -2.494949 0.484528 -0.001362 0.302449 0.001673
 56 2.943581 0.000000 -0.000031 0.010585 0.293657 -0.007800
 57 2.649429 0.000000 -0.000015 -0.006498 0.303243 0.008512
 58 9.093624 -0.386669 0.647675 0.020190 0.475380 -0.012607
 59 3.451897 -0.000004 0.000000 -0.014209 0.528778 0.009212
 60 2.898193 -0.000004 0.000031 -0.000683 0.490858 0.000916
 61 8.894585 1.605850 0.371887 -0.000566 0.547851 0.000704
 62 3.130409 -0.000008 0.000046 0.003896 0.567158 -0.005064
 63 2.629532 0.000000 -0.000031 0.004892 0.544389 -0.006589
 64 8.470615 3.459530 0.131500 -0.021715 0.541478 0.011456
 65 2.410271 0.000000 -0.000046 0.022815 0.529939 -0.013321
 66 2.000778 0.000008 0.000015 -0.005415 0.533618 0.007402
 67 23.052780 6.207911 -0.077301 1.481823 0.058643 2.080206
 68 9.436897 0.000019 0.000000 -0.546035 -0.105906 1.291981
 69 31.269337 0.000005 0.000015 0.539514 -0.640239 1.291002
 70 28.756516 -0.000011 0.000000 0.512066 -0.155295 0.423068
 71 2.251892 2.464417 -1.141556 -0.513217 0.249535 0.112914
 72 3.674103 0.000000 -0.000015 0.331388 -0.059506 -0.325011
 73 3.614670 0.000008 0.000031 0.067360 -0.216133 -0.086857
 74 9.035416 2.494949 0.484436 0.001362 -0.011534 -0.001673
 75 2.943588 0.000000 -0.000046 -0.011498 -0.020268 0.014556
 76 2.649445 -0.000008 0.000015 0.006498 -0.010740 -0.008512
 77 9.093689 0.386677 0.647797 -0.018031 0.093461 0.020165
 78 3.451859 0.000000 0.000000 0.014953 0.008589 -0.019838
 79 2.898209 0.000000 0.000000 0.000683 -0.029445 -0.000917
 80 8.894409 -1.605850 0.371902 0.000566 0.090541 -0.000704
 81 3.130432 -0.000004 -0.000031 -0.003896 -0.009289 0.005063
 82 2.629501 0.000004 0.000031 -0.004892 -0.032059 0.006589
 83 8.470612 -3.459515 0.131393 0.018786 0.137518 -0.020073
 84 2.410263 0.000000 0.000000 -0.024238 -0.029075 0.031299
 85 2.000748 0.000000 0.000015 0.005415 -0.025697 -0.007402
 86 9.832352 1.463066 -1.299408 0.016523 -0.031798 -0.020624
 87 25.040604 -5.670405 5.432800 -1.312160 -0.224887 -2.136065
 88 28.779709 -6.856310 -0.811417 -1.466235 0.019064 -1.725377
 89 29.182327 -3.955566 -4.961952 0.881869 2.552753 0.503940
 90 25.040573 5.670408 5.432762 1.296833 -0.398765 2.185823
 91 28.779755 6.856311 -0.811394 1.466235 0.019065 1.725381
 92 29.182297 3.955564 -4.961937 -0.881870 2.552752 -0.503941
 93 -65.335648 -0.000020 1.140918 -3.141591 0.044911 0.000000
 94 26.290924 -12.205288 1.157882 -2.069449 -0.048685 0.007868
 95 49.071045 0.000009 0.000019 2.179705 0.127556 -0.112856
 96 61.871307 -0.000007 -0.000031 3.080256 0.672597 0.035641
 97 26.290924 12.205295 1.157841 2.053142 0.084755 -0.075837
 98 49.071060 0.000003 -0.000024 -2.187262 0.154733 0.063501
 99 61.871300 0.000011 -0.000036 -2.944713 0.642381 0.102745
100 -0.698059 -11.192116 -8.252762 1.209146 -0.400375 -0.671086
101 20.568237 -0.000010 -0.000015 0.010304 0.030999 -0.143577
102 0.223785 -5.734809 -12.929604 2.942105 0.490926 -0.385664
103 20.803558 -0.000015 -0.000031 0.001556 0.012767 -0.150556
104 -1.040009 -3.033968 12.140511 1.554517 0.104601 -1.288764
105 -1.039993 3.034004 12.140501 -1.554518 0.104604 1.288764
106 4.165436 -5.407045 12.088392 0.997838 -0.981591 -0.654116
107 16.599434 -0.000004 -0.000015 -0.045592 0.286213 0.020955
108 4.165482 5.407080 12.088381 -0.921663 -0.640657 0.709296
109 16.599365 0.000009 -0.000015 0.038081 -0.003360 -0.029398
110 6.428391 0.000001 -0.288943 -0.000001 -0.000000 0.000000
111 -1.833786 -13.936460 1.224504 1.568243 -0.011476 -0.398393
112 20.406967 -0.000005 -0.000023 0.016223 0.062900 0.042140
113 21.655502 -0.000006 -0.000015 0.015616 0.145577 0.021402
114 22.360672 -0.000008 -0.000015 0.031911 -0.038234 -0.063449
115 22.519661 -0.000008 0.000000 -0.007827 0.002743 -0.027142
116 22.140396 -0.000006 -0.000015 0.009532 0.340802 0.073095
117 -1.699219 -12.875611 4.918509 1.127291 -0.193904 -0.362312
118 20.938614 0.000010 0.000008 0.049283 0.046626 0.023940
119 21.993607 -0.000010 -0.000038 0.027048 0.135724 0.012275
120 22.563797 -0.000019 0.000000 0.032939 -0.044109 -0.051545
121 22.643356 0.000000 -0.000031 -0.020701 -0.009119 -0.000403
122 22.238060 -0.000004 -0.000023 -0.023357 0.236372 0.073717
123 -1.634338 -9.854567 8.052345 0.718921 -0.333384 -0.266458
124 22.205276 -0.000000 -0.000015 0.053173 0.038037 0.011051
125 22.804382 -0.000008 -0.000046 0.026772 0.127268 0.006341
126 23.051666 -0.000005 0.000008 0.031219 -0.057806 -0.042472
127 22.939987 0.000001 -0.000031 -0.017868 -0.032261 0.006489
128 22.472061 -0.000001 -0.000015 -0.024911 0.150160 0.061910
129 -1.616135 -5.333253 10.147438 0.344810 -0.413695 -0.135653
130 23.451309 -0.000001 -0.000015 0.030084 0.032578 0.006837
131 23.608002 -0.000008 -0.000038 0.014657 0.120428 0.005202
132 23.536232 -0.000006 -0.000023 0.028238 -0.074142 -0.037197
133 23.233971 -0.000002 0.000000 -0.000124 -0.055146 -0.007117
134 22.703690 0.000004 -0.000031 -0.005988 0.093645 0.030219
135 -1.614517 -0.000000 10.883350 -0.008453 -0.438402 0.008284
136 23.962128 0.000001 -0.000038 -0.004473 0.029660 0.007225
137 23.938950 -0.000003 0.000008 -0.003721 0.116948 0.006415
138 23.736023 -0.000003 -0.000015 0.023768 -0.087775 -0.035547
139 23.354973 0.000006 -0.000031 0.023129 -0.069237 -0.032714
140 22.798927 -0.000008 -0.000023 0.022381 0.069421 -0.019537
141 -1.616135 5.333251 10.147423 -0.362215 -0.411443 0.151657
142 23.451309 -0.000005 -0.000008 -0.039882 0.029814 0.007257
143 23.608017 0.000000 -0.000038 -0.022549 0.117907 0.007482
144 23.536247 0.000003 -0.000015 0.016011 -0.096038 -0.034787
145 23.233978 -0.000014 -0.000031 0.043968 -0.071305 -0.060373
146 22.703674 0.000016 -0.000015 0.044137 0.076628 -0.064312
147 -1.634338 9.854565 8.052343 -0.735013 -0.329120 0.280852
148 22.205261 0.000005 -0.000008 -0.063379 0.032535 0.001606
149 22.804443 0.000007 -0.000069 -0.035459 0.122411 0.005095
150 23.051636 -0.000002 0.000008 0.004872 -0.099590 -0.038372
151 22.939980 0.000000 -0.000008 0.051091 -0.063719 -0.080404
152 22.472084 0.000010 -0.000031 0.060564 0.116838 -0.129485
153 -1.699219 12.875607 4.918524 -1.142266 -0.188215 0.374336
154 20.938599 0.000021 -0.000008 -0.061330 0.038704 -0.013943
155 21.993607 -0.000001 -0.000069 -0.037313 0.129064 -0.002746
156 22.563812 0.000008 -0.000015 -0.010070 -0.100915 -0.042353
157 22.643364 0.000013 -0.000031 0.038329 -0.053798 -0.085804
158 22.238045 -0.000002 -0.000015 0.039727 0.185538 -0.148806
159 -1.833786 13.936458 1.224504 -1.582645 -0.005261 0.407669
160 20.406967 0.000008 -0.000038 -0.029590 0.053693 -0.035926
161 21.655502 0.000011 -0.000008 -0.027774 0.138050 -0.014566
162 22.360657 0.000008 -0.000023 -0.003891 -0.166581 -0.061221
163 22.519669 0.000011 -0.000023 0.044365 -0.094288 -0.102297
164 22.140366 0.000004 -0.000008 -0.019243 0.284745 -0.149677
165 -1.972580 12.875609 -3.614555 -1.857676 0.103505 0.371838
166 20.655167 0.000010 -0.000008 -0.013966 0.062641 -0.042499
167 21.762238 0.000008 -0.000023 -0.027642 0.136353 -0.016601
168 22.392166 0.000015 -0.000019 -0.044283 -0.110024 -0.047028
169 22.541336 0.000011 -0.000023 -0.034638 -0.051797 -0.077679
170 22.217506 0.000008 -0.000015 -0.078582 0.334273 -0.167312
171 -1.967316 9.854567 -7.722432 -2.188039 0.190017 0.277324
172 21.272720 0.000004 -0.000008 0.001796 0.069075 -0.042650
173 22.032516 0.000027 -0.000038 -0.024247 0.123986 -0.017233
174 22.475677 0.000004 -0.000004 -0.054008 -0.128848 -0.052090
175 22.598724 0.000006 0.000000 -0.059810 -0.054061 -0.071900
176 22.407990 0.000015 -0.000019 -0.099768 0.376541 -0.136513
177 -1.900848 5.333252 -10.470076 -2.619771 0.242515 0.147094
178 21.914337 0.000008 -0.000019 0.006678 0.078537 -0.029992
179 22.319855 -0.000006 0.000004 -0.017972 0.112613 -0.013096
180 22.569626 0.000000 0.000004 -0.045153 -0.142724 -0.065138
181 22.663223 0.000019 -0.000004 -0.057037 -0.050424 -0.072883
182 22.604530 0.000015 -0.000023 -0.034053 0.415304 -0.027100
183 -1.865585 -0.000002 -11.435440 3.133562 0.258998 0.002481
184 22.186691 -0.000004 -0.000011 -0.009103 0.085926 -0.002518
185 22.443741 -0.000002 -0.000008 -0.008130 0.110088 -0.001459
186 22.611542 -0.000005 -0.000006 -0.010893 -0.135596 -0.082320
187 22.692032 0.000007 0.000008 -0.017763 -0.037648 -0.073123
188 22.687645 0.000011 -0.000004 -0.037138 0.436661 -0.069255
189 -1.900848 -5.333257 -10.470070 2.603539 0.240221 -0.141795
190 21.914337 0.000008 -0.000008 -0.023902 0.083322 0.026565
191 22.319839 -0.000024 0.000008 0.001701 0.116699 0.011685
192 22.569611 0.000004 -0.000019 0.026331 -0.107257 -0.091392
193 22.663239 -0.000015 0.000019 0.019452 -0.020655 -0.074696
194 22.604530 0.000010 0.000000 0.021647 0.443822 -0.013656
195 -1.967285 -9.854565 -7.722440 2.172966 0.185718 -0.271069
196 21.272705 -0.000019 0.000000 -0.017549 0.076803 0.042676
197 22.032471 0.000001 -0.000023 0.009306 0.130401 0.019063
198 22.475693 -0.000011 -0.000027 0.040192 -0.073411 -0.087578
199 22.598717 0.000005 -0.000008 0.027510 -0.006590 -0.065520
200 22.407997 -0.000004 -0.000015 0.060804 0.432735 0.028890
201 -1.972580 -12.875609 -3.614562 1.842724 0.097793 -0.364171
202 20.655182 0.000008 -0.000015 -0.000973 0.071616 0.045979
203 21.762283 -0.000011 -0.000008 0.014064 0.143722 0.021305
204 22.392166 -0.000010 -0.000023 0.038959 -0.047141 -0.077260
205 22.541344 -0.000006 -0.000011 0.013845 0.001953 -0.048028
206 22.217506 0.000002 -0.000008 0.055801 0.400931 0.066265
207 0.059621 0.456168 0.250107 0.000000 -0.000000 0.000000
208 0.059621 0.456168 0.250107 0.000000 -0.000000 0.000000
time 29
  0 0.059621 0.456168 0.250107 0.000000 -0.000000 0.000000
  1 0.059621 0.456168 0.250107 0.000000 -0.000000 0.000000
  2 0.059621 0.456168 0.250107 0.000000 -0.000000 0.000000
  3 0.059621 0.456168 0.250107 0.000000 -0.000000 0.000000
  4 0.059621 0.456168 0.250107 0.000000 -0.000000 0.000000
  5 0.059621 0.456168 0.250107 0.000000 -0.000000 0.000000
  6 0.059621 0.456168 0.250107 0.000000 -0.000000 0.000000
  7 0.059621 0.456168 0.250107 0.000000 -0.000000 0.000000
  8 0.059621 0.456168 0.250107 0.000000 -0.000000 0.000000
  9 0.059621 0.456168 0.250107 0.000000 -0.000000 0.000000
 10 -69.936417 -68.111633 122.884537 -1.241095 -0.080263 -0.768761
 11 24.668259 0.000015 -0.000046 0.920042 -0.332955 0.115967
 12 30.380146 0.000015 0.000015 1.671433 0.049122 0.423091
 13 19.902092 0.000000 -0.000023 0.006284 -0.043090 -0.011186
 14 97.021881 25.545721 107.458252 -1.262992 3.060547 -0.826021
 15 35.349510 0.000015 0.000011 -1.438791 0.088662 0.215973
 16 37.124325 0.000000 0.000000 -1.017801 0.209170 0.663781
 17 0.059621 0.456168 0.250107 0.064768 -0.005215 -0.156772
 18 0.059621 0.456168 150.834366 1.570796 1.570796 0.000000
 19 -65.799545 -0.000020 1.142855 0.000000 0.000515 3.141077
 20 11.181564 0.005760 -0.002411 0.000000 0.323543 0.000515
 21 27.835175 -0.000000 0.000015 -3.141592 -0.129896 -0.000000
 22 5.330399 -0.000001 -0.000004 3.130927 0.351452 0.006363
 23 10.134857 -4.133393 3.834194 -0.402281 -0.862192 -2.830130
 24 10.134888 4.133398 3.834194 0.401244 -0.862427 2.830744
 25 22.592346 0.000009 17.467098 -0.000010 3.019207 0.000000
 26 21.199982 -7.744007 14.169502 -0.677464 -0.099974 -3.061040
 27 18.142029 -13.440226 7.965763 1.266351 -0.153755 -3.136546
 28 21.199982 7.744022 14.169483 0.676877 -0.100114 3.061021
 29 18.141968 13.440236 7.965763 -0.334321 -0.119299 -3.100163
 30 11.858887 -13.359998 3.526508 1.497295 3.127461 0.103643
 31 9.463287 -16.404865 -2.906052 1.497334 3.127311 0.105711
 32 9.125275 -10.885474 -11.371330 0.000496 3.025149 0.000256
 33 11.858826 13.360003 3.526470 -1.497252 3.127577 -0.103644
 34 9.463287 16.404865 -2.906029 -1.497292 3.127427 -0.105713
 35 9.125275 10.885472 -11.371307 -0.000492 3.025149 0.000256
 36 9.023254 -0.000003 -17.296177 0.000180 -0.104272 -3.141356
 37 12.691406 -0.000003 -19.438770 0.006308 2.238915 0.007931
 38 10.989410 0.000002 -0.000031 0.000000 -0.666110 0.000000
 39 12.871460 -10.586841 -15.652470 0.970272 2.545301 0.659459
 40 10.726990 0.000004 -0.000031 -0.124402 -0.664468 0.125263
 41 12.871460 10.586840 -15.652477 -0.903917 2.501490 -0.615332
 42 10.726959 -0.000023 0.000031 0.084064 -0.666905 -0.082372
 43 12.847229 -17.570084 -4.701344 1.248081 2.677382 0.886746
 44 11.496506 0.000000 -0.000046 -0.180238 -0.618479 0.182983
 45 12.847168 17.570082 -4.701366 -1.200439 2.621790 -0.859503
 46 11.496468 0.000004 -0.000015 0.180724 -0.618291 -0.183393
 47 28.485962 0.000010 16.460339 -0.000001 -0.336129 0.000000
 48 23.052750 -6.207911 -0.077286 -1.470206 0.035100 -1.833545
 49 9.436905 -0.000004 -0.000015 -0.135461 -0.390685 -1.556786
 50 31.269333 -0.000008 0.000031 -0.423750 0.332571 -1.471147
 51 28.756493 0.000008 0.000031 -0.001117 0.032665 0.001416
 52 2.251991 -2.464409 -1.141632 0.481305 0.508197 -0.319329
 53 3.674057 -0.000031 0.000031 -0.277611 0.179024 0.194713
 54 3.614693 0.000015 -0.000015 0.013156 0.193871 -0.001558
 55 9.035507 -2.494942 0.484619 -0.001362 0.302449 0.001673
 56 2.943584 -0.000004 0.000000 0.010585 0.293657 -0.007800
 57 2.649429 -0.000004 0.000000 -0.006498 0.303243 0.008512
 58 9.093620 -0.386665 0.647736 0.020190 0.475380 -0.012607
 59 3.451881 -0.000004 0.000000 -0.014209 0.528778 0.009212
 60 2.898178 -0.000008 0.000046 -0.000683 0.490858 0.000916
 61 8.894585 1.605854 0.371918 -0.000566 0.547851 0.000704
 62 3.130402 0.000000 0.000061 0.003896 0.567158 -0.005064
 63 2.629532 0.000000 -0.000031 0.004892 0.544388 -0.006589
 64 8.470619 3.459534 0.131500 -0.021715 0.541478 0.011456
 65 2.410263 0.000000 -0.000061 0.022815 0.529939 -0.013321
 66 2.000763 0.000008 0.000000 -0.005415 0.533618 0.007402
 67 23.052750 6.207911 -0.077309 1.481823 0.058643 2.080206
 68 9.436890 0.000015 -0.000015 -0.575245 -0.127945 1.266571
 69 31.269341 0.000004 0.000015 0.532498 -0.636880 1.236537
 70 28.756516 -0.000004 0.000031 0.506865 -0.135080 0.414566
 71 2.251877 2.464413 -1.141571 -0.513217 0.249535 0.112914
 72 3.674103 0.000008 -0.000015 0.331388 -0.059506 -0.325011
 73 3.614670 0.000004 0.000015 0.067360 -0.216133 -0.086857
 74 9.035431 2.494957 0.484436 0.001362 -0.011534 -0.001673
 75 2.943573 0.000000 -0.000031 -0.011498 -0.020268 0.014556
 76 2.649460 0.000008 0.000046 0.006498 -0.010740 -0.008512
 77 9.093689 0.386677 0.647797 -0.018031 0.093461 0.020165
 78 3.451859 0.000004 0.000000 0.014953 0.008589 -0.019838
 79 2.898193 0.000008 0.000000 0.000683 -0.029445 -0.000917
 80 8.894409 -1.605846 0.371933 0.000566 0.090541 -0.000704
 81 3.130432 0.000004 -0.000046 -0.003896 -0.009289 0.005063
 82 2.629517 0.000004 0.000031 -0.004892 -0.032059 0.006589
 83 8.470612 -3.459518 0.131409 0.018786 0.137518 -0.020073
 84 2.410278 0.000004 0.000000 -0.024238 -0.029075 0.031299
 85 2.000732 -0.000011 0.000031 0.005415 -0.025697 -0.007402
 86 9.832352 1.463062 -1.299438 0.016523 -0.031798 -0.020624
 87 25.040588 -5.670405 5.432800 -1.312160 -0.224887 -2.136065
 88 28.779694 -6.856310 -0.811417 -1.466235 0.019064 -1.725377
 89 29.182297 -3.955566 -4.961960 0.881870 2.552753 0.503940
 90 25.040573 5.670408 5.432762 1.296833 -0.398765 2.185823
 91 28.779739 6.856311 -0.811394 1.466235 0.019065 1.725381
 92 29.182281 3.955564 -4.961937 -0.881870 2.552752 -0.503940
 93 -65.335648 -0.000020 1.140918 -3.141591 0.044911 0.000000
 94 26.290924 -12.205288 1.157884 -2.069505 -0.047811 0.009471
 95 49.071030 0.000007 0.000017 2.179705 0.127556 -0.112856
 96 61.871307 -0.000007 -0.000031 3.080256 0.672597 0.035641
 97 26.290924 12.205295 1.157843 2.052900 0.085960 -0.078171
 98 49.071045 0.000004 -0.000025 -2.187262 0.154733 0.063501
 99 61.871307 0.000013 -0.000034 -2.944714 0.642381 0.102744
100 -0.698059 -11.192116 -8.252762 1.211669 -0.403672 -0.677533
101 20.568237 -0.000009 -0.000015 0.010303 -0.017678 -0.143729
102 0.223785 -5.734809 -12.929604 2.940267 0.494534 -0.389549
103 20.803574 -0.000015 -0.000038 0.003177 -0.020170 -0.146151
104 -1.040009 -3.033968 12.140512 1.554517 0.104601 -1.288764
105 -1.039993 3.034004 12.140500 -1.554518 0.104604 1.288764
106 4.165451 -5.407045 12.088391 1.008961 -0.989791 -0.667458
107 16.599434 -0.000004 -0.000015 -0.044037 0.227872 0.023251
108 4.165482 5.407080 12.088380 -0.953019 -0.679505 0.764075
109 16.599380 0.000010 -0.000046 0.037272 -0.061493 -0.030861
110 6.428391 0.000001 -0.288943 -0.000001 -0.000000 -0.000000
111 -1.833771 -13.936460 1.224504 1.568284 -0.011975 -0.401874
112 20.406967 -0.000006 -0.000015 0.016499 0.053346 0.043873
113 21.655487 -0.000008 -0.000008 0.015929 0.139831 0.023863
114 22.360687 -0.000008 -0.000015 0.031978 -0.023582 -0.064243
115 22.519684 -0.000008 0.000000 -0.008400 0.041963 -0.036795
116 22.140396 -0.000005 -0.000015 0.009562 0.348522 0.073541
117 -1.699203 -12.875611 4.918509 1.127912 -0.195892 -0.365516
118 20.938614 0.000010 -0.000008 0.049453 0.036239 0.025424
119 21.993622 -0.000011 -0.000053 0.027321 0.128855 0.014443
120 22.563812 -0.000021 0.000008 0.032634 -0.029660 -0.053328
121 22.643356 -0.000002 -0.000023 -0.021545 0.032221 -0.011038
122 22.238068 -0.000005 -0.000015 -0.023291 0.246015 0.073338
123 -1.634338 -9.854567 8.052346 0.719191 -0.336458 -0.268853
124 22.205292 0.000000 -0.000031 0.052895 0.027086 0.012071
125 22.804382 -0.000007 -0.000031 0.027321 0.119509 0.007951
126 23.051682 -0.000006 0.000000 0.030920 -0.043393 -0.044105
127 22.939987 -0.000001 -0.000031 -0.017861 0.011048 -0.002832
128 22.472076 -0.000004 -0.000015 -0.024925 0.160103 0.061966
129 -1.616135 -5.333253 10.147437 0.345306 -0.417349 -0.136883
130 23.451324 -0.000001 -0.000031 0.030132 0.021369 0.007416
131 23.608032 -0.000007 -0.000031 0.014982 0.112123 0.006145
132 23.536240 -0.000006 -0.000031 0.028395 -0.059767 -0.038280
133 23.233986 -0.000001 0.000008 -0.000076 -0.010633 -0.012941
134 22.703690 0.000005 -0.000023 -0.005861 0.103616 0.030145
135 -1.614517 -0.000000 10.883349 -0.008485 -0.442219 0.008360
136 23.962112 0.000001 -0.000038 -0.004440 0.018366 0.007383
137 23.938965 -0.000003 0.000008 -0.003952 0.108411 0.006674
138 23.736038 -0.000003 -0.000023 0.023403 -0.073458 -0.035482
139 23.354973 0.000005 -0.000038 0.023202 -0.024193 -0.034359
140 22.798943 -0.000008 -0.000031 0.022417 0.079473 -0.019547
141 -1.616135 5.333251 10.147422 -0.362766 -0.415072 0.153030
142 23.451309 -0.000006 0.000000 -0.039865 0.018515 0.006974
143 23.608032 0.000000 -0.000046 -0.022610 0.109443 0.007027
144 23.536247 0.000003 -0.000015 0.015912 -0.081846 -0.033552
145 23.233986 -0.000015 -0.000031 0.043864 -0.026750 -0.057538
146 22.703682 0.000019 -0.000015 0.044184 0.086906 -0.064427
147 -1.634338 9.854565 8.052344 -0.735466 -0.332151 0.283371
148 22.205246 0.000004 0.000000 -0.063037 0.021396 0.000829
149 22.804428 0.000006 -0.000076 -0.035768 0.114348 0.003855
150 23.051651 -0.000001 0.000000 0.004926 -0.085550 -0.036412
151 22.939980 -0.000002 -0.000008 0.051208 -0.020605 -0.073703
152 22.472076 0.000008 -0.000031 0.060633 0.127340 -0.129624
153 -1.699203 12.875607 4.918525 -1.142887 -0.190151 0.377639
154 20.938583 0.000020 0.000000 -0.061076 0.028055 -0.015253
155 21.993591 -0.000002 -0.000061 -0.037647 0.121769 -0.004693
156 22.563797 0.000010 0.000000 -0.009974 -0.086997 -0.040583
157 22.643356 0.000013 -0.000031 0.038558 -0.012965 -0.077072
158 22.238037 -0.000002 -0.000015 0.039825 0.196242 -0.148928
159 -1.833771 13.936458 1.224504 -1.582665 -0.005708 0.411233
160 20.406952 0.000008 -0.000038 -0.029459 0.043847 -0.037613
161 21.655502 0.000011 0.000000 -0.028085 0.131834 -0.016987
162 22.360641 0.000008 -0.000015 -0.003655 -0.152982 -0.060760
163 22.519669 0.000011 -0.000023 0.044537 -0.057440 -0.094742
164 22.140381 0.000004 -0.000023 -0.019260 0.291768 -0.151287
165 -1.972580 12.875609 -3.614555 -1.857340 0.103962 0.375081
166 20.655167 0.000009 -0.000015 -0.014230 0.053797 -0.044199
167 21.762253 0.000010 -0.000023 -0.027983 0.131174 -0.018970
168 22.392151 0.000013 -0.000019 -0.043989 -0.096500 -0.046819
169 22.541359 0.000015 -0.000031 -0.034127 -0.017139 -0.069577
170 22.217514 0.000015 -0.000023 -0.079078 0.341191 -0.170037
171 -1.967316 9.854567 -7.722432 -2.187946 0.191210 0.279745
172 21.272705 0.000005 -0.000008 0.001925 0.061988 -0.044133
173 22.032501 0.000027 -0.000046 -0.024550 0.120273 -0.019432
174 22.475662 0.000006 -0.000008 -0.053476 -0.116910 -0.052224
175 22.598732 0.000006 -0.000004 -0.058931 -0.026215 -0.065455
176 22.407990 0.000011 -0.000019 -0.099756 0.383095 -0.138056
177 -1.900848 5.333252 -10.470076 -2.619464 0.244153 0.148370
178 21.914307 0.000007 -0.000015 0.006522 0.073168 -0.030987
179 22.319839 -0.000007 0.000008 -0.017980 0.110463 -0.014563
180 22.569626 0.000002 0.000000 -0.045080 -0.132457 -0.065469
181 22.663216 0.000019 -0.000008 -0.056730 -0.029372 -0.069604
182 22.604530 0.000015 -0.000023 -0.030216 0.421840 -0.020169
183 -1.865585 -0.000002 -11.435440 3.133568 0.260785 0.002502
184 22.186676 -0.000004 -0.000008 -0.008488 0.081377 -0.002642
185 22.443710 -0.000002 -0.000008 -0.008184 0.108773 -0.001703
186 22.611557 -0.000004 -0.000008 -0.010830 -0.126040 -0.082896
187 22.692009 0.000007 0.000008 -0.017472 -0.019663 -0.074402
188 22.687660 0.000011 -0.000008 -0.037474 0.442489 -0.071134
189 -1.900848 -5.333257 -10.470070 2.603245 0.241841 -0.143024
190 21.914352 0.000007 -0.000011 -0.023770 0.078098 0.027352
191 22.319824 -0.000024 0.000004 0.001996 0.114806 0.012819
192 22.569626 0.000004 -0.000021 0.026552 -0.096685 -0.091690
193 22.663223 -0.000014 0.000015 0.019469 0.001133 -0.079986
194 22.604530 0.000012 0.000000 0.022115 0.449609 -0.013326
195 -1.967285 -9.854565 -7.722441 2.172529 0.186876 -0.273430
196 21.272736 -0.000018 -0.000008 -0.017678 0.069930 0.044058
197 22.032471 0.000002 -0.000023 0.009650 0.127072 0.021067
198 22.475693 -0.000010 -0.000023 0.040072 -0.060937 -0.087943
199 22.598717 0.000006 -0.000015 0.026842 0.022537 -0.073392
200 22.408005 -0.000004 -0.000008 0.062338 0.438471 0.030850
201 -1.972580 -12.875609 -3.614562 1.842413 0.098205 -0.367346
202 20.655167 0.000007 -0.000015 -0.000320 0.063058 0.047639
203 21.762283 -0.000010 -0.000008 0.014336 0.138957 0.023719
204 22.392181 -0.000011 -0.000023 0.038746 -0.033046 -0.077692
205 22.541336 -0.000006 -0.000008 0.013058 0.037647 -0.057793
206 22.217514 0.000007 0.000000 0.056491 0.406825 0.067488
207 0.059621 0.456168 0.250107 0.000000 -0.000000 0.000000
208 0.059621 0.456168 0.250107 0.000000 -0.000000 0.000000
time 30
  0 0.059621 0.456168 0.250107 0.000000 -0.000000 0.000000
  1 0.059621 0.456168 0.250107 0.000000 -0.000000 0.000000
  2 0.059621 0.456168 0.250107 0.000000 -0.000000 0.000000
  3 0.059621 0.456168 0.250107 0.000000 -0.000000 0.000000
  4 0.059621 0.456168 0.250107 0.000000 -0.000000 0.000000
  5 0.059621 0.456168 0.250107 0.000000 -0.000000 0.000000
  6 0.059621 0.456168 0.250107 0.000000 -0.000000 0.000000
  7 0.059621 0.456168 0.250107 0.000000 -0.000000 0.000000
  8 0.059621 0.456168 0.250107 0.000000 -0.000000 0.000000
  9 0.059621 0.456168 0.250107 0.000000 -0.000000 0.000000
 10 -81.196030 -57.235485 123.853622 -1.241095 -0.080263 -0.970176
 11 24.668247 0.000015 -0.000038 0.908204 -0.383932 0.138514
 12 30.380138 0.000000 0.000000 1.673099 0.045180 0.436305
 13 19.902092 0.000008 -0.000023 0.006965 -0.050338 -0.012907
 14 100.448387 6.339322 107.458252 -1.259999 3.068557 -1.003290
 15 35.349510 0.000015 0.000023 -1.442440 0.115038 0.192284
 16 37.124332 -0.000004 -0.000031 -1.016199 0.217085 0.665741
 17 0.059621 0.456168 0.250107 0.064768 -0.005215 -0.156772
 18 0.059621 0.456168 150.834366 1.570796 1.570796 0.000000
 19 -65.799545 -0.000020 1.142855 0.000000 0.000515 3.141077
 20 11.181564 0.005760 -0.002411 -0.000000 0.321399 0.000515
 21 27.835190 -0.000000 0.000023 -3.141592 -0.129896 -0.000000
 22 5.330383 -0.000001 -0.000004 3.132166 0.368787 0.006319
 23 10.134872 -4.133393 3.834190 -0.414276 -0.880395 -2.816262
 24 10.134872 4.133398 3.834198 0.413070 -0.880673 2.816986
 25 22.592361 0.000009 17.467102 -0.000010 2.989697 0.000000
 26 21.199966 -7.744008 14.169506 -0.684773 -0.122958 -3.043088
 27 18.142014 -13.440228 7.965763 1.278391 -0.163360 3.119545
 28 21.199966 7.744021 14.169487 0.684082 -0.123122 3.043066
 29 18.141983 13.440235 7.965767 -0.338401 -0.147178 -3.090728
 30 11.858841 -13.359998 3.526508 1.489716 3.125308 0.131731
 31 9.463303 -16.404863 -2.906052 1.489760 3.125143 0.133798
 32 9.125259 -10.885475 -11.371330 0.000496 2.995638 0.000256
 33 11.858871 13.360004 3.526466 -1.489667 3.125444 -0.131732
 34 9.463242 16.404865 -2.906025 -1.489710 3.125279 -0.133800
 35 9.125290 10.885471 -11.371307 -0.000492 2.995638 0.000256
 36 9.023239 -0.000003 -17.296173 0.000180 -0.133782 -3.141356
 37 12.691452 -0.000003 -19.438766 0.008194 2.234140 0.009988
 38 10.989418 0.000002 0.000000 0.000000 -0.728191 0.000000
 39 12.871475 -10.586842 -15.652473 0.972732 2.541804 0.664030
 40 10.726990 0.000008 -0.000015 -0.134057 -0.725406 0.135291
 41 12.871475 10.586842 -15.652473 -0.905105 2.495997 -0.617780
 42 10.726982 -0.000019 0.000015 0.089006 -0.728070 -0.088435
 43 12.847214 -17.570080 -4.701344 1.250848 2.673811 0.893315
 44 11.496498 0.000000 -0.000046 -0.191315 -0.678742 0.196267
 45 12.847183 17.570084 -4.701363 -1.203087 2.615568 -0.865417
 46 11.496468 0.000008 -0.000015 0.191858 -0.678542 -0.196715
 47 28.485947 0.000010 16.460339 -0.000001 -0.341684 0.000000
 48 23.052765 -6.207911 -0.077286 -1.470206 0.035100 -1.833545
 49 9.436909 -0.000004 0.000000 -0.128003 -0.395463 -1.517833
 50 31.269333 -0.000015 0.000031 -0.414128 0.317399 -1.427953
 51 28.756493 0.000004 0.000000 -0.001117 0.032665 0.001416
 52 2.251987 -2.464409 -1.141663 0.481305 0.508197 -0.319329
 53 3.674042 -0.000031 0.000015 -0.277611 0.179024 0.194713
 54 3.614685 0.000015 0.000000 0.013156 0.193871 -0.001558
 55 9.035503 -2.494946 0.484558 -0.001362 0.302449 0.001673
 56 2.943579 -0.000004 -0.000031 0.010585 0.293657 -0.007800
 57 2.649429 0.000000 -0.000015 -0.006498 0.303243 0.008512
 58 9.093616 -0.386673 0.647736 0.020190 0.475380 -0.012607
 59 3.451881 -0.000004 0.000000 -0.014209 0.528778 0.009212
 60 2.898193 -0.000004 0.000015 -0.000683 0.490858 0.000916
 61 8.894585 1.605850 0.371887 -0.000566 0.547851 0.000704
 62 3.130402 0.000004 0.000031 0.003896 0.567158 -0.005064
 63 2.629547 0.000000 -0.000046 0.004892 0.544389 -0.006589
 64 8.470615 3.459526 0.131500 -0.021715 0.541478 0.011455
 65 2.410271 0.000000 -0.000061 0.022815 0.529939 -0.013321
 66 2.000778 0.000000 0.000015 -0.005415 0.533618 0.007402
 67 23.052765 6.207909 -0.077301 1.481823 0.058643 2.080206
 68 9.436890 0.000019 0.000000 -0.604781 -0.150233 1.239072
 69 31.269337 0.000000 0.000015 0.524906 -0.633142 1.180641
 70 28.756516 -0.000011 0.000015 0.501238 -0.113204 0.405366
 71 2.251892 2.464409 -1.141541 -0.513217 0.249535 0.112914
 72 3.674088 0.000000 -0.000031 0.331388 -0.059506 -0.325011
 73 3.614685 0.000000 0.000015 0.067360 -0.216133 -0.086857
 74 9.035416 2.494953 0.484451 0.001362 -0.011534 -0.001673
 75 2.943558 -0.000004 -0.000046 -0.011498 -0.020268 0.014556
 76 2.649429 0.000000 0.000031 0.006498 -0.010740 -0.008512
 77 9.093689 0.386677 0.647812 -0.018031 0.093461 0.020165
 78 3.451874 0.000011 0.000015 0.014953 0.008589 -0.019838
 79 2.898209 0.000008 0.000000 0.000684 -0.029445 -0.000917
 80 8.894409 -1.605850 0.371933 0.000566 0.090541 -0.000704
 81 3.130417 -0.000004 -0.000061 -0.003896 -0.009289 0.005063
 82 2.629517 -0.000008 0.000031 -0.004892 -0.032059 0.006589
 83 8.470596 -3.459518 0.131409 0.018786 0.137518 -0.020073
 84 2.410278 0.000004 -0.000015 -0.024238 -0.029075 0.031299
 85 2.000748 0.000000 0.000031 0.005415 -0.025697 -0.007402
 86 9.832336 1.463066 -1.299408 0.016522 -0.031798 -0.020624
 87 25.040604 -5.670405 5.432800 -1.312160 -0.224887 -2.136065
 88 28.779709 -6.856310 -0.811409 -1.466235 0.019064 -1.725377
 89 29.182297 -3.955567 -4.961952 0.881869 2.552753 0.503940
 90 25.040588 5.670407 5.432762 1.296833 -0.398765 2.185823
 91 28.779724 6.856310 -0.811394 1.466235 0.019065 1.725381
 92 29.182281 3.955564 -4.961937 -0.881870 2.552752 -0.503941
 93 -65.335648 -0.000020 1.140918 -3.141591 0.044911 0.000000
 94 26.290924 -12.205288 1.157884 -2.069566 -0.046864 0.011206
 95 49.071045 0.000008 0.000017 2.179705 0.127556 -0.112856
 96 61.871307 -0.000007 -0.000034 3.080256 0.672597 0.035641
 97 26.290924 12.205295 1.157843 2.052639 0.087265 -0.080697
 98 49.071060 0.000004 -0.000026 -2.187262 0.154733 0.063501
 99 61.871315 0.000011 -0.000032 -2.944714 0.642381 0.102744
100 -0.698059 -11.192116 -8.252762 1.213706 -0.406299 -0.682703
101 20.568237 -0.000010 0.000000 0.010303 -0.069142 -0.143891
102 0.223785 -5.734809 -12.929604 2.938783 0.497415 -0.392667
103 20.803574 -0.000015 -0.000031 0.005132 -0.055779 -0.142323
104 -1.040009 -3.033968 12.140512 1.554517 0.104601 -1.288764
105 -1.039993 3.034004 12.140500 -1.554518 0.104604 1.288764
106 4.165451 -5.407045 12.088391 1.018103 -0.996290 -0.678371
107 16.599442 -0.000004 -0.000015 -0.042685 0.168134 0.025785
108 4.165482 5.407080 12.088380 -0.980268 -0.713265 0.811677
109 16.599380 0.000010 -0.000031 0.036580 -0.120063 -0.032646
110 6.428391 0.000001 -0.288943 -0.000001 -0.000000 -0.000000
111 -1.833771 -13.936460 1.224504 1.568318 -0.012373 -0.404661
112 20.406937 -0.000004 -0.000023 0.016351 0.044627 0.045408
113 21.655487 -0.000008 -0.000015 0.016088 0.132369 0.026441
114 22.360657 -0.000008 -0.000015 0.031782 -0.013247 -0.064178
115 22.519676 -0.000008 -0.000008 -0.009895 0.078812 -0.045173
116 22.140396 -0.000005 -0.000015 0.009603 0.354492 0.074109
117 -1.699203 -12.875611 4.918509 1.128413 -0.197481 -0.368081
118 20.938614 0.000010 -0.000008 0.049582 0.026777 0.026747
119 21.993622 -0.000013 -0.000046 0.027434 0.120253 0.016774
120 22.563797 -0.000021 0.000000 0.032301 -0.019769 -0.054139
121 22.643364 -0.000004 -0.000031 -0.022541 0.070832 -0.020531
122 22.238060 -0.000008 -0.000023 -0.023240 0.253393 0.073145
123 -1.634338 -9.854567 8.052346 0.720193 -0.338915 -0.270772
124 22.205292 0.000001 -0.000015 0.053324 0.017115 0.013010
125 22.804382 -0.000006 -0.000038 0.027209 0.109995 0.009719
126 23.051659 -0.000004 0.000000 0.031131 -0.033776 -0.045355
127 22.939980 -0.000003 -0.000031 -0.018399 0.051349 -0.011123
128 22.472076 -0.000004 -0.000008 -0.024954 0.167699 0.062114
129 -1.616135 -5.333253 10.147437 0.345708 -0.420272 -0.137870
130 23.451324 -0.000001 -0.000031 0.030531 0.011186 0.007934
131 23.608032 -0.000005 -0.000031 0.014919 0.102060 0.007135
132 23.536232 -0.000005 -0.000031 0.028342 -0.050363 -0.038891
133 23.233978 -0.000002 0.000000 -0.000179 0.030845 -0.018301
134 22.703682 0.000006 -0.000015 -0.005690 0.111233 0.030010
135 -1.614517 -0.000000 10.883349 -0.008511 -0.445271 0.008420
136 23.962112 0.000001 -0.000031 -0.004781 0.008103 0.007521
137 23.938950 -0.000003 0.000008 -0.003980 0.098126 0.006953
138 23.736038 -0.000003 -0.000015 0.023680 -0.064175 -0.035294
139 23.354980 0.000006 -0.000038 0.023180 0.017712 -0.035531
140 22.798943 -0.000008 -0.000031 0.022452 0.087148 -0.019570
141 -1.616135 5.333251 10.147422 -0.363212 -0.417979 0.154132
142 23.451294 -0.000006 -0.000008 -0.039484 0.008258 0.006712
143 23.608017 0.000000 -0.000046 -0.023045 0.099226 0.006396
144 23.536240 0.000002 -0.000015 0.015912 -0.072622 -0.032890
145 23.234001 -0.000013 -0.000023 0.043979 0.014824 -0.055322
146 22.703682 0.000019 -0.000015 0.044320 0.094744 -0.064710
147 -1.634338 9.854565 8.052344 -0.736125 -0.334572 0.285387
148 22.205246 0.000004 0.000000 -0.063051 0.011267 0.000124
149 22.804459 0.000009 -0.000076 -0.035704 0.104536 0.002451
150 23.051643 0.000001 -0.000008 0.004830 -0.076328 -0.035256
151 22.939980 0.000000 -0.000015 0.051409 0.019692 -0.067587
152 22.472092 0.000008 -0.000038 0.060739 0.135338 -0.129990
153 -1.699203 12.875607 4.918525 -1.143389 -0.191698 0.380284
154 20.938599 0.000021 0.000000 -0.061158 0.018364 -0.016429
155 21.993607 -0.000002 -0.000069 -0.037853 0.112752 -0.006799
156 22.563797 0.000010 -0.000008 -0.009913 -0.077634 -0.039791
157 22.643356 0.000010 -0.000023 0.038957 0.025378 -0.069269
158 22.238029 0.000000 -0.000015 0.040007 0.204385 -0.149240
159 -1.833771 13.936458 1.224504 -1.582682 -0.006066 0.414082
160 20.406952 0.000008 -0.000038 -0.029642 0.034865 -0.039112
161 21.655518 0.000013 -0.000008 -0.028241 0.123922 -0.019473
162 22.360657 0.000010 -0.000023 -0.003354 -0.143544 -0.061093
163 22.519661 0.000008 -0.000031 0.045036 -0.022346 -0.088440
164 22.140381 0.000011 -0.000015 -0.019295 0.297220 -0.153620
165 -1.972580 12.875609 -3.614555 -1.857070 0.104327 0.377672
166 20.655182 0.000009 -0.000023 -0.013921 0.045713 -0.045705
167 21.762268 0.000010 -0.000023 -0.028221 0.124337 -0.021428
168 22.392166 0.000015 -0.000015 -0.043748 -0.086841 -0.047387
169 22.541351 0.000015 -0.000031 -0.033340 0.015989 -0.062521
170 22.217506 0.000015 -0.000023 -0.079546 0.346565 -0.172835
171 -1.967316 9.854567 -7.722432 -2.187578 0.192162 0.281678
172 21.272720 0.000006 -0.000008 0.001370 0.055473 -0.045465
173 22.032516 0.000027 -0.000046 -0.024412 0.115169 -0.021538
174 22.475662 0.000006 -0.000008 -0.053218 -0.108110 -0.053033
175 22.598732 0.000008 -0.000004 -0.058450 0.000893 -0.059768
176 22.407990 0.000019 -0.000023 -0.099731 0.388197 -0.139320
177 -1.900848 5.333252 -10.470076 -2.619215 0.245466 0.149394
178 21.914322 0.000007 -0.000023 0.006761 0.068238 -0.031841
179 22.319839 -0.000008 0.000000 -0.017965 0.107168 -0.015907
180 22.569611 0.000004 0.000004 -0.044795 -0.124740 -0.066460
181 22.663216 0.000021 -0.000008 -0.056439 -0.008705 -0.066701
182 22.604530 0.000015 -0.000023 -0.026009 0.426929 -0.012188
183 -1.865585 -0.000002 -11.435440 3.133572 0.262210 0.002520
184 22.186691 -0.000004 -0.000015 -0.008868 0.077165 -0.002752
185 22.443710 -0.000002 -0.000004 -0.008231 0.106340 -0.001855
186 22.611542 -0.000004 -0.000004 -0.011014 -0.118482 -0.083193
187 22.692009 0.000007 0.000008 -0.017635 -0.001434 -0.075369
188 22.687660 0.000013 -0.000004 -0.037853 0.447047 -0.073239
189 -1.900848 -5.333257 -10.470070 2.603009 0.243135 -0.144007
190 21.914337 0.000008 -0.000011 -0.023663 0.073274 0.028043
191 22.319824 -0.000022 0.000008 0.002272 0.111700 0.013927
192 22.569611 0.000005 -0.000019 0.026435 -0.088583 -0.091618
193 22.663239 -0.000015 0.000015 0.019388 0.022414 -0.084629
194 22.604530 0.000014 0.000004 0.022681 0.454137 -0.013076
195 -1.967285 -9.854565 -7.722441 2.172177 0.187801 -0.275318
196 21.272720 -0.000020 0.000000 -0.017853 0.063629 0.045272
197 22.032486 0.000001 -0.000023 0.009692 0.122323 0.023053
198 22.475693 -0.000011 -0.000023 0.039763 -0.051642 -0.087689
199 22.598717 0.000005 -0.000015 0.026496 0.050410 -0.080225
200 22.407997 -0.000005 -0.000008 0.064191 0.442960 0.032889
201 -1.972580 -12.875609 -3.614562 1.842163 0.098534 -0.369887
202 20.655167 0.000008 -0.000023 -0.000725 0.055230 0.049104
203 21.762268 -0.000011 -0.000008 0.014762 0.132578 0.026082
204 22.392166 -0.000008 -0.000023 0.038368 -0.022848 -0.077565
205 22.541359 -0.000008 -0.000015 0.012398 0.071532 -0.065379
206 22.217514 0.000005 -0.000004 0.057202 0.411433 0.068622
207 0.059621 0.456168 0.250107 0.000000 -0.000000 0.000000
208 0.059621 0.456168 0.250107 0.000000 -0.000000 0.000000
time 31
  0 0.059621 0.456168 0.250107 0.000000 -0.000000 0.000000
  1 0.059621 0.456168 0.250107 0.000000 -0.000000 0.000000
  2 0.059621 0.456168 0.250107 0.000000 -0.000000 0.000000
  3 0.059621 0.456168 0.250107 0.000000 -0.000000 0.000000
  4 0.059621 0.456168 0.250107 0.000000 -0.000000 0.000000
  5 0.059621 0.456168 0.250107 0.000000 -0.000000 0.000000
  6 0.059621 0.456168 0.250107 0.000000 -0.000000 0.000000
  7 0.059621 0.456168 0.250107 0.000000 -0.000000 0.000000
  8 0.059621 0.456168 0.250107 0.000000 -0.000000 0.000000
  9 0.059621 0.456168 0.250107 0.000000 -0.000000 0.000000
 10 -90.214996 -45.342159 124.843590 -1.241095 -0.080263 -1.171823
 11 24.668247 0.000000 -0.000038 0.897774 -0.425779 0.155611
 12 30.380154 0.000000 0.000000 1.676211 0.039278 0.460096
 13 19.902096 0.000000 -0.000008 0.007647 -0.057586 -0.014628
 14 103.133606 -12.916082 107.458252 -1.256730 3.077307 -1.184622
 15 35.349514 0.000008 0.000008 -1.450670 0.167878 0.163081
 16 37.124329 -0.000015 -0.000015 -1.014412 0.225918 0.667928
 17 0.059621 0.456168 0.250107 0.064768 -0.005215 -0.156772
 18 0.059621 0.456168 150.834366 1.570796 1.570796 0.000000
 19 -65.799545 -0.000020 1.142855 0.000000 0.000515 3.141077
 20 11.181564 0.005760 -0.002411 0.000000 0.319108 0.000515
 21 27.835175 -0.000000 0.000031 -3.141592 -0.129896 -0.000000
 22 5.330368 -0.000001 -0.000008 3.133513 0.385512 0.006272
 23 10.134888 -4.133392 3.834187 -0.427251 -0.899020 -2.801346
 24 10.134888 4.133398 3.834190 0.425870 -0.899343 2.802187
 25 22.592346 0.000009 17.467094 -0.000010 2.960186 0.000000
 26 21.199982 -7.744007 14.169498 -0.692082 -0.145941 -3.025137
 27 18.141998 -13.440225 7.965759 1.290431 -0.172964 3.092451
 28 21.199951 7.744021 14.169479 0.691287 -0.146130 3.025111
 29 18.141998 13.440236 7.965755 -0.342480 -0.175057 -3.081292
 30 11.858887 -13.359996 3.526501 1.482145 3.123154 0.159819
 31 9.463287 -16.404863 -2.906055 1.482194 3.122974 0.161885
 32 9.125244 -10.885474 -11.371334 0.000496 2.966128 0.000256
 33 11.858856 13.360002 3.526463 -1.482088 3.123311 -0.159820
 34 9.463257 16.404865 -2.906033 -1.482137 3.123131 -0.161887
 35 9.125275 10.885471 -11.371311 -0.000492 2.966128 0.000256
 36 9.023224 -0.000002 -17.296185 0.000180 -0.163292 -3.141356
 37 12.691437 -0.000002 -19.438778 0.009956 2.229916 0.011983
 38 10.989410 0.000002 -0.000031 0.000000 -0.775855 0.000000
 39 12.871490 -10.586839 -15.652485 0.974907 2.538991 0.668047
 40 10.727013 0.000004 -0.000015 -0.141675 -0.772184 0.143049
 41 12.871460 10.586841 -15.652485 -0.906084 2.491254 -0.619801
 42 10.726974 -0.000019 0.000000 0.092906 -0.775025 -0.093115
 43 12.847229 -17.570078 -4.701351 1.253062 2.671100 0.898545
 44 11.496490 0.000000 -0.000031 -0.200054 -0.724993 0.206524
 45 12.847198 17.570080 -4.701374 -1.205163 2.610342 -0.870071
 46 11.496460 0.000000 0.000015 0.200642 -0.724784 -0.207001
 47 28.485992 0.000011 16.460331 -0.000001 -0.346779 0.000000
 48 23.052765 -6.207911 -0.077278 -1.470206 0.035100 -1.833545
 49 9.436905 -0.000008 -0.000031 -0.120029 -0.400021 -1.476068
 50 31.269333 -0.000015 0.000031 -0.403798 0.301180 -1.381739
 51 28.756493 0.000004 0.000031 -0.001117 0.032665 0.001416
 52 2.251987 -2.464409 -1.141663 0.481305 0.508197 -0.319329
 53 3.674034 -0.000015 0.000046 -0.277611 0.179024 0.194713
 54 3.614693 0.000015 0.000000 0.013156 0.193871 -0.001558
 55 9.035503 -2.494949 0.484558 -0.001362 0.302449 0.001673
 56 2.943575 0.000000 0.000000 0.010585 0.293657 -0.007800
 57 2.649429 -0.000004 0.000000 -0.006498 0.303243 0.008512
 58 9.093616 -0.386673 0.647675 0.020190 0.475380 -0.012607
 59 3.451885 0.000000 0.000000 -0.014209 0.528778 0.009212
 60 2.898178 0.000000 0.000031 -0.000683 0.490858 0.000916
 61 8.894581 1.605850 0.371857 -0.000566 0.547851 0.000704
 62 3.130402 -0.000008 0.000031 0.003896 0.567158 -0.005064
 63 2.629532 0.000000 -0.000061 0.004892 0.544388 -0.006589
 64 8.470615 3.459526 0.131500 -0.021715 0.541478 0.011455
 65 2.410271 0.000000 -0.000031 0.022815 0.529939 -0.013321
 66 2.000778 0.000000 0.000031 -0.005415 0.533618 0.007402
 67 23.052765 6.207909 -0.077293 1.481823 0.058643 2.080206
 68 9.436897 0.000019 0.000000 -0.634563 -0.172707 1.209675
 69 31.269348 0.000008 0.000015 0.516788 -0.629027 1.123520
 70 28.756516 -0.000011 0.000031 0.495221 -0.089817 0.395530
 71 2.251892 2.464417 -1.141556 -0.513217 0.249535 0.112914
 72 3.674072 0.000000 -0.000015 0.331388 -0.059506 -0.325011
 73 3.614670 0.000000 0.000015 0.067360 -0.216133 -0.086857
 74 9.035416 2.494957 0.484436 0.001362 -0.011534 -0.001673
 75 2.943558 0.000000 -0.000031 -0.011498 -0.020268 0.014556
 76 2.649429 -0.000004 0.000015 0.006498 -0.010740 -0.008512
 77 9.093674 0.386669 0.647781 -0.018031 0.093461 0.020165
 78 3.451859 0.000000 0.000000 0.014953 0.008589 -0.019838
 79 2.898193 -0.000004 -0.000015 0.000683 -0.029445 -0.000917
 80 8.894409 -1.605854 0.371902 0.000566 0.090541 -0.000704
 81 3.130432 0.000008 -0.000061 -0.003896 -0.009289 0.005063
 82 2.629517 -0.000004 0.000000 -0.004892 -0.032059 0.006589
 83 8.470612 -3.459515 0.131409 0.018786 0.137518 -0.020073
 84 2.410278 0.000004 0.000000 -0.024238 -0.029075 0.031299
 85 2.000748 -0.000011 0.000015 0.005415 -0.025697 -0.007402
 86 9.832336 1.463066 -1.299438 0.016523 -0.031798 -0.020624
 87 25.040604 -5.670405 5.432808 -1.312160 -0.224887 -2.136065
 88 28.779694 -6.856310 -0.811409 -1.466235 0.019064 -1.725377
 89 29.182297 -3.955566 -4.961952 0.881870 2.552753 0.503940
 90 25.040573 5.670407 5.432762 1.296833 -0.398765 2.185823
 91 28.779724 6.856310 -0.811394 1.466235 0.019065 1.725381
 92 29.182281 3.955564 -4.961929 -0.881870 2.552752 -0.503941
 93 -65.335648 -0.000020 1.140918 -3.141591 0.044911 0.000000
 94 26.290924 -12.205288 1.157884 -2.069631 -0.045852 0.013061
 95 49.071045 0.000010 0.000015 2.179705 0.127556 -0.112856
 96 61.871307 -0.000007 -0.000031 3.080256 0.672597 0.035641
 97 26.290924 12.205295 1.157843 2.052359 0.088659 -0.083397
 98 49.071045 0.000005 -0.000024 -2.187262 0.154733 0.063501
 99 61.871307 0.000012 -0.000031 -2.944714 0.642381 0.102745
100 -0.698059 -11.192116 -8.252762 1.215348 -0.408394 -0.686849
101 20.568253 -0.000009 0.000000 0.010302 -0.122774 -0.144063
102 0.223785 -5.734809 -12.929604 2.937586 0.499717 -0.395169
103 20.803574 -0.000023 -0.000038 0.007452 -0.093804 -0.139303
104 -1.040009 -3.033968 12.140512 1.554517 0.104601 -1.288764
105 -1.039993 3.034004 12.140500 -1.554518 0.104604 1.288764
106 4.165451 -5.407045 12.088391 1.025579 -1.001450 -0.687262
107 16.599438 -0.000008 -0.000015 -0.041619 0.108150 0.028552
108 4.165482 5.407080 12.088380 -1.001765 -0.739899 0.849233
109 16.599373 0.000007 -0.000031 0.036042 -0.177719 -0.034783
110 6.428391 0.000001 -0.288943 -0.000001 -0.000000 -0.000000
111 -1.833771 -13.936460 1.224504 1.568346 -0.012691 -0.406887
112 20.406967 -0.000005 -0.000031 0.016520 0.036781 0.046755
113 21.655487 -0.000006 -0.000008 0.016531 0.123780 0.028960
114 22.360672 -0.000010 -0.000015 0.031506 -0.006949 -0.063400
115 22.519684 -0.000006 -0.000015 -0.011018 0.112313 -0.052208
116 22.140404 -0.000006 -0.000019 0.009651 0.358935 0.074758
117 -1.699203 -12.875611 4.918509 1.128817 -0.198750 -0.370134
118 20.938614 0.000010 0.000000 0.049679 0.018287 0.027917
119 21.993622 -0.000011 -0.000053 0.027854 0.110527 0.019216
120 22.563782 -0.000023 0.000000 0.032289 -0.014139 -0.054087
121 22.643349 0.000000 -0.000023 -0.023319 0.105646 -0.028891
122 22.238075 -0.000002 -0.000015 -0.023186 0.258808 0.073056
123 -1.634338 -9.854567 8.052346 0.720705 -0.340879 -0.272309
124 22.205276 0.000000 -0.000015 0.052853 0.008181 0.013833
125 22.804382 -0.000006 -0.000046 0.027310 0.099360 0.011629
126 23.051659 -0.000004 0.000000 0.030866 -0.028626 -0.045634
127 22.939980 0.000000 -0.000031 -0.018949 0.087619 -0.018490
128 22.472076 -0.000004 -0.000015 -0.025004 0.173262 0.062399
129 -1.616135 -5.333253 10.147437 0.346031 -0.422610 -0.138661
130 23.451309 -0.000001 -0.000023 0.030554 0.002059 0.008394
131 23.608032 -0.000007 -0.000038 0.015195 0.090885 0.008212
132 23.536232 -0.000005 -0.000023 0.028369 -0.045559 -0.039078
133 23.233971 0.000000 0.000000 -0.000399 0.068121 -0.023061
134 22.703690 0.000005 -0.000031 -0.005487 0.116811 0.029804
135 -1.614517 -0.000000 10.883349 -0.008532 -0.447716 0.008468
136 23.962128 0.000001 -0.000038 -0.004397 -0.001070 0.007640
137 23.938950 -0.000003 0.000008 -0.003609 0.086724 0.007132
138 23.736031 -0.000003 -0.000031 0.023688 -0.059605 -0.035158
139 23.354973 0.000005 -0.000031 0.023199 0.055230 -0.036754
140 22.798935 -0.000008 -0.000031 0.022492 0.092766 -0.019609
141 -1.616135 5.333251 10.147422 -0.363572 -0.420303 0.155016
142 23.451309 -0.000005 -0.000008 -0.039985 -0.000928 0.006473
143 23.608032 0.000000 -0.000046 -0.022594 0.087900 0.005770
144 23.536255 0.000003 -0.000023 0.015987 -0.068037 -0.032316
145 23.233978 -0.000015 -0.000023 0.044040 0.052150 -0.052483
146 22.703674 0.000019 -0.000008 0.044591 0.100471 -0.065238
147 -1.634338 9.854565 8.052344 -0.736658 -0.336512 0.287005
148 22.205246 0.000003 0.000000 -0.063208 0.002198 -0.000502
149 22.804443 0.000009 -0.000076 -0.035984 0.093610 0.000967
150 23.051643 0.000001 0.000000 0.004852 -0.071571 -0.034859
151 22.939987 0.000000 -0.000015 0.051721 0.056069 -0.062232
152 22.472084 0.000011 -0.000031 0.060909 0.141174 -0.130694
153 -1.699203 12.875607 4.918525 -1.143794 -0.192934 0.382400
154 20.938599 0.000021 -0.000008 -0.061217 0.009675 -0.017471
155 21.993576 -0.000004 -0.000069 -0.038017 0.102625 -0.009016
156 22.563797 0.000008 -0.000008 -0.009749 -0.072542 -0.039860
157 22.643372 0.000013 -0.000038 0.039776 0.060103 -0.062560
158 22.238037 -0.000002 -0.000015 0.040290 0.210317 -0.149827
159 -1.833771 13.936458 1.224504 -1.582696 -0.006351 0.416357
160 20.406967 0.000008 -0.000046 -0.029781 0.026791 -0.040431
161 21.655502 0.000013 -0.000008 -0.028599 0.114893 -0.021986
162 22.360657 0.000008 -0.000031 -0.002913 -0.138054 -0.062190
163 22.519669 0.000011 -0.000031 0.045724 0.009898 -0.083319
164 22.140388 0.000008 -0.000015 -0.019357 0.301298 -0.156384
165 -1.972580 12.875609 -3.614555 -1.856854 0.104617 0.379745
166 20.655182 0.000009 -0.000015 -0.014084 0.038443 -0.047024
167 21.762253 0.000008 -0.000015 -0.028464 0.116454 -0.023881
168 22.392166 0.000017 -0.000015 -0.043225 -0.080905 -0.048617
169 22.541359 0.000015 -0.000031 -0.032436 0.046378 -0.056744
170 22.217491 0.000008 -0.000015 -0.080021 0.350587 -0.175572
171 -1.967316 9.854567 -7.722432 -2.187282 0.192923 0.283226
172 21.272736 0.000005 -0.000008 0.001585 0.049603 -0.046629
173 22.032516 0.000027 -0.000046 -0.024962 0.109094 -0.023696
174 22.475677 0.000006 -0.000011 -0.052905 -0.102358 -0.054358
175 22.598724 0.000011 -0.000011 -0.057774 0.026011 -0.055182
176 22.407982 0.000019 -0.000015 -0.099692 0.392025 -0.140327
177 -1.900848 5.333252 -10.470076 -2.619016 0.246517 0.150214
178 21.914322 0.000009 -0.000023 0.006658 0.063757 -0.032610
179 22.319824 -0.000006 0.000000 -0.017927 0.103012 -0.017283
180 22.569626 0.000001 0.000000 -0.044580 -0.119255 -0.067516
181 22.663223 0.000019 -0.000004 -0.056124 0.010874 -0.064502
182 22.604523 0.000011 -0.000023 -0.021603 0.430749 -0.003765
183 -1.865585 -0.000002 -11.435440 3.133576 0.263361 0.002534
184 22.186676 -0.000004 -0.000004 -0.008880 0.073359 -0.002849
185 22.443710 -0.000002 -0.000008 -0.008277 0.103103 -0.002056
186 22.611542 -0.000004 -0.000004 -0.010606 -0.113010 -0.083646
187 22.692009 0.000006 0.000008 -0.017275 0.015837 -0.076302
188 22.687645 0.000011 -0.000004 -0.038262 0.450487 -0.075421
189 -1.900848 -5.333257 -10.470070 2.602819 0.244175 -0.144796
190 21.914337 0.000008 -0.000015 -0.023940 0.068917 0.028643
191 22.319824 -0.000022 0.000000 0.001998 0.107733 0.015026
192 22.569641 0.000004 -0.000023 0.026231 -0.082778 -0.091284
193 22.663231 -0.000014 0.000011 0.019034 0.042603 -0.088443
194 22.604515 0.000010 0.000000 0.023312 0.457554 -0.012895
195 -1.967285 -9.854565 -7.722441 2.171895 0.188540 -0.276827
196 21.272720 -0.000020 -0.000008 -0.017335 0.057931 0.046351
197 22.032486 0.000002 -0.000023 0.010212 0.116602 0.024940
198 22.475677 -0.000010 -0.000023 0.039582 -0.045444 -0.086803
199 22.598717 0.000005 -0.000011 0.025831 0.076270 -0.086113
200 22.407990 -0.000006 -0.000008 0.066254 0.446349 0.034903
201 -1.972580 -12.875609 -3.614562 1.841963 0.098797 -0.371921
202 20.655167 0.000006 -0.000023 -0.000545 0.048182 0.050386
203 21.762283 -0.000008 0.000000 0.014886 0.125100 0.028453
204 22.392181 -0.000010 -0.000027 0.038226 -0.016370 -0.076551
205 22.541344 -0.000008 -0.000015 0.010933 0.102568 -0.072463
206 22.217506 0.000005 -0.000004 0.057898 0.414909 0.069646
207 0.059621 0.456168 0.250107 0.000000 -0.000000 0.000000
208 0.059621 0.456168 0.250107 0.000000 -0.000000 0.000000
time 32
  0 0.059621 0.456168 0.250107 0.000000 -0.000000 0.000000
  1 0.059621 0.456168 0.250107 0.000000 -0.000000 0.000000
  2 0.059621 0.456168 0.250107 0.000000 -0.000000 0.000000
  3 0.059621 0.456168 0.250107 0.000000 -0.000000 0.000000
  4 0.059621 0.456168 0.250107 0.000000 -0.000000 0.000000
  5 0.059621 0.456168 0.250107 0.000000 -0.000000 0.000000
  6 0.059621 0.456168 0.250107 0.000000 -0.000000 0.000000
  7 0.059621 0.456168 0.250107 0.000000 -0.000000 0.000000
  8 0.059621 0.456168 0.250107 0.000000 -0.000000 0.000000
  9 0.059621 0.456168 0.250107 0.000000 -0.000000 0.000000
 10 -96.204704 -32.606915 125.820175 -1.241095 -0.080263 -1.370130
 11 24.668257 0.000000 -0.000042 0.892185 -0.447759 0.163570
 12 30.380142 0.000000 0.000000 1.680247 0.033052 0.490501
 13 19.902100 0.000000 -0.000015 0.008327 -0.064819 -0.016346
 14 105.065964 -31.444305 107.458252 -1.253233 3.086665 -1.368912
 15 35.349510 0.000000 0.000011 -1.463737 0.239404 0.131072
 16 37.124329 -0.000008 -0.000015 -1.012455 0.235591 0.670324
 17 0.059621 0.456168 0.250107 0.064768 -0.005215 -0.156772
 18 0.059621 0.456168 150.834366 1.570796 1.570796 0.000000
 19 -65.799545 -0.000020 1.142855 0.000000 0.000515 3.141077
 20 11.181564 0.005760 -0.002411 0.000000 0.316683 0.000515
 21 27.835159 -0.000000 0.000015 -3.141592 -0.129896 -0.000000
 22 5.330383 -0.000001 0.000000 3.134964 0.401410 0.006221
 23 10.134872 -4.133393 3.834187 -0.441082 -0.917712 -2.785548
 24 10.134872 4.133398 3.834194 0.439522 -0.918083 2.786510
 25 22.592361 0.000009 17.467094 -0.000010 2.931268 0.000000
 26 21.199966 -7.744008 14.169502 -0.699244 -0.168464 -3.007545
 27 18.141983 -13.440226 7.965759 1.302229 -0.182376 3.065900
 28 21.199936 7.744021 14.169479 0.698347 -0.168677 3.007517
 29 18.141983 13.440235 7.965759 -0.346478 -0.202376 -3.072046
 30 11.858871 -13.359996 3.526501 1.474733 3.121044 0.187343
 31 9.463272 -16.404863 -2.906052 1.474787 3.120849 0.189408
 32 9.125259 -10.885473 -11.371330 0.000496 2.937210 0.000256
 33 11.858871 13.360003 3.526463 -1.474669 3.121221 -0.187345
 34 9.463242 16.404865 -2.906029 -1.474722 3.121025 -0.189411
 35 9.125259 10.885470 -11.371307 -0.000492 2.937210 0.000256
 36 9.023270 -0.000002 -17.296181 0.000180 -0.192211 -3.141356
 37 12.691422 -0.000002 -19.438774 0.011648 2.225827 0.013937
 38 10.989410 0.000002 0.000000 0.000000 -0.806420 0.000000
 39 12.871475 -10.586840 -15.652481 0.977027 2.536644 0.671919
 40 10.727013 0.000004 -0.000031 -0.146672 -0.802176 0.148056
 41 12.871445 10.586842 -15.652473 -0.907078 2.487004 -0.621782
 42 10.726974 -0.000023 0.000015 0.095464 -0.805132 -0.096130
 43 12.847214 -17.570080 -4.701347 1.254901 2.669141 0.902876
 44 11.496498 0.000004 -0.000015 -0.205787 -0.754643 0.213132
 45 12.847183 17.570084 -4.701370 -1.206887 2.605959 -0.873909
 46 11.496468 0.000004 -0.000015 0.206405 -0.754428 -0.213629
 47 28.485916 0.000010 16.460335 -0.000001 -0.351399 0.000000
 48 23.052765 -6.207911 -0.077278 -1.470206 0.035100 -1.833545
 49 9.436905 -0.000004 -0.000031 -0.111592 -0.404364 -1.431737
 50 31.269333 -0.000008 0.000031 -0.392818 0.284019 -1.332799
 51 28.756504 0.000008 0.000000 -0.001117 0.032665 0.001416
 52 2.251984 -2.464409 -1.141632 0.481305 0.508197 -0.319329
 53 3.674049 -0.000031 0.000000 -0.277611 0.179024 0.194713
 54 3.614685 0.000008 0.000000 0.013156 0.193871 -0.001558
 55 9.035492 -2.494946 0.484558 -0.001362 0.302449 0.001672
 56 2.943579 0.000004 0.000000 0.010585 0.293657 -0.007800
 57 2.649422 0.000000 0.000000 -0.006498 0.303243 0.008512
 58 9.093613 -0.386665 0.647736 0.020190 0.475380 -0.012607
 59 3.451885 0.000004 0.000000 -0.014209 0.528778 0.009212
 60 2.898163 0.000000 0.000031 -0.000683 0.490858 0.000916
 61 8.894577 1.605850 0.371887 -0.000566 0.547851 0.000704
 62 3.130402 -0.000004 0.000031 0.003896 0.567158 -0.005063
 63 2.629547 -0.000004 -0.000046 0.004892 0.544389 -0.006589
 64 8.470619 3.459526 0.131500 -0.021715 0.541478 0.011456
 65 2.410255 0.000000 -0.000031 0.022815 0.529939 -0.013321
 66 2.000778 0.000000 0.000000 -0.005415 0.533618 0.007402
 67 23.052765 6.207909 -0.077301 1.481823 0.058643 2.080206
 68 9.436897 0.000019 -0.000015 -0.664507 -0.195307 1.178569
 69 31.269337 0.000008 0.000015 0.508199 -0.624540 1.065383
 70 28.756516 -0.000015 0.000031 0.488855 -0.065071 0.385123
 71 2.251907 2.464413 -1.141571 -0.513217 0.249535 0.112914
 72 3.674072 0.000000 -0.000015 0.331388 -0.059506 -0.325011
 73 3.614670 0.000000 0.000015 0.067360 -0.216133 -0.086857
 74 9.035431 2.494949 0.484421 0.001362 -0.011534 -0.001673
 75 2.943573 0.000000 -0.000031 -0.011497 -0.020268 0.014556
 76 2.649429 -0.000004 0.000015 0.006498 -0.010740 -0.008512
 77 9.093704 0.386677 0.647781 -0.018031 0.093461 0.020165
 78 3.451859 -0.000004 0.000015 0.014953 0.008589 -0.019838
 79 2.898193 0.000004 -0.000015 0.000683 -0.029445 -0.000917
 80 8.894424 -1.605846 0.371902 0.000566 0.090541 -0.000704
 81 3.130432 0.000000 -0.000031 -0.003896 -0.009289 0.005063
 82 2.629517 0.000004 0.000031 -0.004892 -0.032059 0.006589
 83 8.470612 -3.459518 0.131378 0.018786 0.137518 -0.020073
 84 2.410294 0.000004 0.000015 -0.024238 -0.029075 0.031299
 85 2.000748 -0.000008 0.000015 0.005415 -0.025697 -0.007402
 86 9.832367 1.463066 -1.299438 0.016523 -0.031798 -0.020624
 87 25.040604 -5.670405 5.432800 -1.312160 -0.224887 -2.136065
 88 28.779694 -6.856310 -0.811424 -1.466235 0.019064 -1.725377
 89 29.182297 -3.955566 -4.961952 0.881869 2.552753 0.503940
 90 25.040573 5.670407 5.432762 1.296833 -0.398765 2.185823
 91 28.779724 6.856310 -0.811401 1.466235 0.019065 1.725381
 92 29.182266 3.955564 -4.961937 -0.881870 2.552752 -0.503940
 93 -65.335648 -0.000020 1.140918 -3.141591 0.044911 0.000000
 94 26.290924 -12.205288 1.157884 -2.069699 -0.044782 0.015023
 95 49.071045 0.000008 0.000017 2.179705 0.127556 -0.112856
 96 61.871315 -0.000008 -0.000027 3.080256 0.672597 0.035641
 97 26.290924 12.205295 1.157843 2.052062 0.090134 -0.086254
 98 49.071060 0.000005 -0.000025 -2.187262 0.154733 0.063501
 99 61.871315 0.000012 -0.000034 -2.944714 0.642381 0.102744
100 -0.698059 -11.192116 -8.252762 1.216670 -0.410065 -0.690169
101 20.568230 -0.000007 0.000015 0.010302 -0.177955 -0.144244
102 0.223785 -5.734809 -12.929604 2.936623 0.501557 -0.397176
103 20.803558 -0.000015 -0.000023 0.010168 -0.133993 -0.137321
104 -1.040009 -3.033968 12.140512 1.554517 0.104601 -1.288764
105 -1.039993 3.034004 12.140500 -1.554518 0.104604 1.288764
106 4.165451 -5.407045 12.088391 1.032028 -1.005552 -0.694477
107 16.599442 0.000000 -0.000015 -0.040920 0.049073 0.031543
108 4.165482 5.407080 12.088380 -1.015869 -0.757373 0.873871
109 16.599373 0.000010 -0.000031 0.035693 -0.233114 -0.037304
110 6.428391 0.000001 -0.288943 -0.000001 -0.000000 -0.000000
111 -1.833771 -13.936460 1.224504 1.568369 -0.012947 -0.408672
112 20.406937 -0.000005 -0.000015 0.016651 0.029821 0.047926
113 21.655487 -0.000008 -0.000015 0.016739 0.114536 0.031413
114 22.360672 -0.000008 -0.000015 0.031206 -0.004242 -0.062013
115 22.519669 -0.000008 -0.000008 -0.012076 0.141839 -0.057825
116 22.140396 -0.000006 -0.000008 0.009704 0.362072 0.075447
117 -1.699203 -12.875611 4.918509 1.129142 -0.199766 -0.371776
118 20.938599 0.000010 -0.000008 0.049385 0.010757 0.028941
119 21.993622 -0.000011 -0.000053 0.028101 0.100185 0.021610
120 22.563797 -0.000019 -0.000008 0.032188 -0.012333 -0.053296
121 22.643341 -0.000004 -0.000031 -0.024547 0.136084 -0.035631
122 22.238068 -0.000004 -0.000023 -0.023108 0.262562 0.072986
123 -1.634338 -9.854567 8.052346 0.721118 -0.342452 -0.273542
124 22.205276 0.000000 -0.000023 0.052884 0.000266 0.014557
125 22.804398 -0.000004 -0.000053 0.027735 0.088129 0.013504
126 23.051666 -0.000006 0.000000 0.030970 -0.027504 -0.045252
127 22.939987 0.000003 -0.000031 -0.019859 0.119084 -0.024810
128 22.472076 -0.000002 -0.000015 -0.025081 0.177108 0.062868
129 -1.616135 -5.333253 10.147437 0.346292 -0.424480 -0.139296
130 23.451324 -0.000002 -0.000038 0.030205 -0.006021 0.008797
131 23.608032 -0.000008 -0.000046 0.015174 0.079128 0.009330
132 23.536232 -0.000005 -0.000031 0.028027 -0.044848 -0.038894
133 23.233978 -0.000002 0.000000 -0.001012 0.100410 -0.027094
134 22.703690 0.000004 -0.000023 -0.005264 0.120667 0.029517
135 -1.614517 -0.000000 10.883349 -0.008549 -0.449667 0.008507
136 23.962128 0.000001 -0.000038 -0.004748 -0.009199 0.007742
137 23.938965 -0.000003 0.000000 -0.003782 0.074756 0.007359
138 23.736031 -0.000003 -0.000031 0.023702 -0.059110 -0.035061
139 23.354980 0.000005 -0.000038 0.023035 0.087891 -0.038086
140 22.798950 -0.000008 -0.000023 0.022543 0.096645 -0.019670
141 -1.616135 5.333251 10.147422 -0.363861 -0.422160 0.155724
142 23.451309 -0.000006 0.000008 -0.039971 -0.009067 0.006260
143 23.608017 -0.000000 -0.000046 -0.022656 0.076008 0.005039
144 23.536247 0.000003 -0.000023 0.015767 -0.067554 -0.032254
145 23.233986 -0.000015 -0.000023 0.044231 0.084551 -0.050469
146 22.703674 0.000015 -0.000015 0.045044 0.104416 -0.066086
147 -1.634338 9.854565 8.052344 -0.737087 -0.338065 0.288303
148 22.205261 0.000005 0.000000 -0.063208 -0.005834 -0.001061
149 22.804459 0.000008 -0.000084 -0.036087 0.082104 -0.000659
150 23.051651 -0.000002 0.000000 0.004989 -0.070857 -0.035048
151 22.939980 0.000000 -0.000015 0.052249 0.087620 -0.057733
152 22.472076 0.000006 -0.000031 0.061166 0.145186 -0.131848
153 -1.699203 12.875607 4.918525 -1.144119 -0.193922 0.384094
154 20.938583 0.000020 0.000000 -0.061258 0.001971 -0.018388
155 21.993591 -0.000002 -0.000053 -0.038492 0.091901 -0.011263
156 22.563805 0.000008 0.000000 -0.009724 -0.071271 -0.040680
157 22.643356 0.000013 -0.000038 0.040523 0.090479 -0.057023
158 22.238037 0.000000 -0.000015 0.040690 0.214387 -0.150778
159 -1.833771 13.936458 1.224504 -1.582708 -0.006580 0.418183
160 20.406952 0.000007 -0.000038 -0.029888 0.019633 -0.041580
161 21.655502 0.000013 -0.000008 -0.028731 0.105234 -0.024460
162 22.360657 0.000008 -0.000015 -0.002489 -0.136144 -0.063810
163 22.519661 0.000008 -0.000031 0.046518 0.038416 -0.079521
164 22.140381 0.000008 -0.000015 -0.019451 0.304198 -0.159294
165 -1.972580 12.875609 -3.614555 -1.856316 0.104851 0.381407
166 20.655167 0.000008 -0.000015 -0.014211 0.031977 -0.048184
167 21.762253 0.000008 -0.000031 -0.028708 0.107868 -0.026361
168 22.392151 0.000015 -0.000023 -0.042856 -0.078313 -0.050391
169 22.541336 0.000015 -0.000031 -0.031489 0.073430 -0.052146
170 22.217506 0.000011 -0.000015 -0.080536 0.353449 -0.178113
171 -1.967316 9.854567 -7.722432 -2.187045 0.193529 0.284459
172 21.272705 0.000005 -0.000015 0.001465 0.044369 -0.047641
173 22.032501 0.000023 -0.000046 -0.025453 0.102444 -0.025738
174 22.475662 0.000004 -0.000008 -0.052623 -0.099378 -0.056119
175 22.598717 0.000004 0.000000 -0.057144 0.048629 -0.051733
176 22.407982 0.000015 -0.000015 -0.099634 0.394758 -0.141100
177 -1.900848 5.333252 -10.470076 -2.618854 0.247363 0.150874
178 21.914322 0.000008 -0.000015 0.006574 0.059767 -0.033295
179 22.319824 -0.000007 0.000000 -0.018223 0.098264 -0.018717
180 22.569626 0.000002 0.000000 -0.044267 -0.115869 -0.068612
181 22.663223 0.000019 -0.000008 -0.055768 0.028840 -0.062923
182 22.604523 0.000015 -0.000019 -0.017166 0.433477 0.004492
183 -1.865585 -0.000002 -11.435440 3.133579 0.264270 0.002545
184 22.186691 -0.000004 -0.000008 -0.008524 0.069930 -0.002933
185 22.443741 -0.000002 -0.000008 -0.008170 0.099345 -0.002289
186 22.611557 -0.000005 -0.000006 -0.010537 -0.109498 -0.083989
187 22.692017 0.000006 0.000008 -0.017157 0.031831 -0.076997
188 22.687653 0.000011 -0.000004 -0.038688 0.452960 -0.077536
189 -1.900848 -5.333257 -10.470070 2.602667 0.245001 -0.145425
190 21.914352 0.000007 -0.000015 -0.023870 0.065013 0.029163
191 22.319824 -0.000024 0.000000 0.002225 0.103222 0.016024
192 22.569641 0.000003 -0.000023 0.026269 -0.079249 -0.090677
193 22.663239 -0.000015 0.000011 0.018892 0.060894 -0.091543
194 22.604538 0.000011 0.000004 0.023974 0.460013 -0.012772
195 -1.967285 -9.854565 -7.722441 2.171301 0.189135 -0.278043
196 21.272720 -0.000018 -0.000015 -0.017579 0.052882 0.047264
197 22.032455 0.000002 -0.000023 0.010230 0.110277 0.026777
198 22.475693 -0.000010 -0.000023 0.039386 -0.041975 -0.085655
199 22.598709 0.000006 -0.000015 0.025159 0.099467 -0.090614
200 22.407997 -0.000005 -0.000008 0.068415 0.448789 0.036787
201 -1.972580 -12.875609 -3.614562 1.841804 0.099006 -0.373540
202 20.655182 0.000006 -0.000023 -0.000768 0.041904 0.051500
203 21.762253 -0.000011 0.000000 0.015169 0.116982 0.030691
204 22.392166 -0.000013 -0.000023 0.038101 -0.013205 -0.075265
205 22.541344 -0.000006 -0.000008 0.010208 0.130083 -0.077530
206 22.217514 0.000006 -0.000004 0.058546 0.417406 0.070535
207 0.059621 0.456168 0.250107 0.000000 -0.000000 0.000000
208 0.059621 0.456168 0.250107 0.000000 -0.000000 0.000000
time 33
  0 0.059621 0.456168 0.250107 0.000000 -0.000000 0.000000
  1 0.059621 0.456168 0.250107 0.000000 -0.000000 0.000000
  2 0.059621 0.456168 0.250107 0.000000 -0.000000 0.000000
  3 0.059621 0.456168 0.250107 0.000000 -0.000000 0.000000
  4 0.059621 0.456168 0.250107 0.000000 -0.000000 0.000000
  5 0.059621 0.456168 0.250107 0.000000 -0.000000 0.000000
  6 0.059621 0.456168 0.250107 0.000000 -0.000000 0.000000
  7 0.059621 0.456168 0.250107 0.000000 -0.000000 0.000000
  8 0.059621 0.456168 0.250107 0.000000 -0.000000 0.000000
  9 0.059621 0.456168 0.250107 0.000000 -0.000000 0.000000
 10 -98.376518 -19.204994 126.749138 -1.241095 -0.080263 -1.561524
 11 24.668247 0.000000 -0.000038 0.894939 -0.438672 0.158532
 12 30.380138 0.000015 0.000008 1.684692 0.028645 0.522280
 13 19.902103 0.000008 -0.000031 0.009004 -0.072019 -0.018056
 14 106.233864 -48.469105 107.458252 -1.249559 3.096498 -1.555054
 15 35.349514 0.000000 0.000015 -1.481443 0.322349 0.098597
 16 37.124336 -0.000004 -0.000031 -1.010345 0.246022 0.672906
 17 0.059621 0.456168 0.250107 0.064768 -0.005215 -0.156772
 18 0.059621 0.456168 150.834366 1.570796 1.570796 0.000000
 19 -65.799545 -0.000020 1.142855 0.000000 0.000515 3.141077
 20 11.181564 0.005760 -0.002411 0.000000 0.314140 0.000515
 21 27.835175 -0.000000 0.000023 -3.141592 -0.129896 -0.000000
 22 5.330368 -0.000001 -0.000004 3.136516 0.416259 0.006167
 23 10.134857 -4.133393 3.834190 -0.455598 -0.936125 -2.769079
 24 10.134888 4.133399 3.834190 0.453857 -0.936545 2.770167
 25 22.592346 0.000009 17.467094 -0.000010 2.903534 0.000000
 26 21.199982 -7.744007 14.169502 -0.706113 -0.190064 -2.990675
 27 18.141998 -13.440228 7.965763 1.313544 -0.191402 3.040437
 28 21.199951 7.744022 14.169479 0.705118 -0.190300 2.990643
 29 18.141968 13.440235 7.965759 -0.350312 -0.228577 -3.063179
 30 11.858826 -13.359999 3.526505 1.467629 3.119020 0.213740
 31 9.463257 -16.404863 -2.906052 1.467687 3.118811 0.215804
 32 9.125275 -10.885475 -11.371338 0.000496 2.909476 0.000256
 33 11.858826 13.360003 3.526466 -1.467558 3.119216 -0.213742
 34 9.463226 16.404867 -2.906029 -1.467616 3.119006 -0.215807
 35 9.125275 10.885472 -11.371307 -0.000492 2.909476 0.000256
 36 9.023224 -0.000003 -17.296173 0.000180 -0.219944 -3.141356
 37 12.691406 -0.000003 -19.438766 0.013220 2.221543 0.015869
 38 10.989403 0.000003 0.000000 0.000000 -0.817204 0.000000
 39 12.871460 -10.586841 -15.652481 0.979253 2.534592 0.675963
 40 10.727005 -0.000004 -0.000031 -0.148468 -0.812756 0.149832
 41 12.871429 10.586841 -15.652481 -0.908236 2.483047 -0.624022
 42 10.726982 -0.000023 0.000015 0.096383 -0.815754 -0.097198
 43 12.847198 -17.570084 -4.701347 1.256497 2.667846 0.906651
 44 11.496490 0.000000 -0.000015 -0.207846 -0.765102 0.215472
 45 12.847168 17.570082 -4.701363 -1.208392 2.602309 -0.877276
 46 11.496460 0.000000 0.000000 0.208475 -0.764885 -0.215976
 47 28.485931 0.000010 16.460335 -0.000001 -0.355530 0.000000
 48 23.052765 -6.207911 -0.077278 -1.470206 0.035100 -1.833545
 49 9.436905 -0.000008 -0.000015 -0.102744 -0.408494 -1.385085
 50 31.269348 -0.000015 0.000061 -0.381247 0.266019 -1.281423
 51 28.756500 0.000004 0.000015 -0.001117 0.032665 0.001416
 52 2.251991 -2.464409 -1.141663 0.481305 0.508197 -0.319329
 53 3.674042 -0.000015 0.000015 -0.277611 0.179024 0.194713
 54 3.614689 0.000008 0.000000 0.013156 0.193871 -0.001558
 55 9.035500 -2.494942 0.484528 -0.001362 0.302449 0.001673
 56 2.943579 0.000000 -0.000031 0.010585 0.293657 -0.007800
 57 2.649422 0.000000 0.000000 -0.006498 0.303243 0.008512
 58 9.093620 -0.386665 0.647675 0.020190 0.475380 -0.012607
 59 3.451885 -0.000004 -0.000031 -0.014209 0.528778 0.009212
 60 2.898178 0.000000 0.000031 -0.000683 0.490858 0.000916
 61 8.894585 1.605854 0.371918 -0.000566 0.547851 0.000704
 62 3.130398 -0.000004 0.000031 0.003896 0.567158 -0.005064
 63 2.629532 -0.000004 -0.000046 0.004892 0.544389 -0.006589
 64 8.470619 3.459530 0.131470 -0.021715 0.541478 0.011456
 65 2.410271 0.000004 -0.000092 0.022815 0.529939 -0.013321
 66 2.000809 0.000000 0.000000 -0.005415 0.533618 0.007402
 67 23.052765 6.207909 -0.077301 1.481823 0.058643 2.080206
 68 9.436890 0.000019 0.000000 -0.694531 -0.217969 1.145943
 69 31.269333 0.000000 0.000015 0.499191 -0.619684 1.006437
 70 28.756516 -0.000011 0.000015 0.482179 -0.039116 0.374207
 71 2.251877 2.464405 -1.141571 -0.513217 0.249535 0.112914
 72 3.674095 0.000000 -0.000015 0.331388 -0.059506 -0.325011
 73 3.614670 0.000011 0.000046 0.067360 -0.216133 -0.086857
 74 9.035416 2.494949 0.484436 0.001362 -0.011534 -0.001673
 75 2.943573 0.000004 -0.000015 -0.011497 -0.020268 0.014556
 76 2.649429 0.000000 0.000015 0.006498 -0.010740 -0.008512
 77 9.093674 0.386677 0.647797 -0.018031 0.093461 0.020165
 78 3.451843 0.000004 0.000000 0.014953 0.008589 -0.019838
 79 2.898209 0.000000 0.000000 0.000684 -0.029445 -0.000917
 80 8.894409 -1.605843 0.371918 0.000566 0.090541 -0.000704
 81 3.130432 -0.000004 -0.000031 -0.003896 -0.009289 0.005063
 82 2.629517 0.000008 0.000015 -0.004892 -0.032059 0.006589
 83 8.470596 -3.459526 0.131409 0.018786 0.137518 -0.020073
 84 2.410263 -0.000004 0.000000 -0.024238 -0.029075 0.031299
 85 2.000778 -0.000004 0.000031 0.005415 -0.025697 -0.007402
 86 9.832336 1.463055 -1.299438 0.016523 -0.031798 -0.020624
 87 25.040604 -5.670406 5.432800 -1.312160 -0.224887 -2.136065
 88 28.779694 -6.856310 -0.811417 -1.466235 0.019064 -1.725377
 89 29.182312 -3.955566 -4.961960 0.881870 2.552753 0.503940
 90 25.040573 5.670406 5.432762 1.296833 -0.398765 2.185823
 91 28.779724 6.856310 -0.811394 1.466235 0.019065 1.725381
 92 29.182281 3.955564 -4.961937 -0.881870 2.552752 -0.503940
 93 -65.335648 -0.000020 1.140918 -3.141591 0.044911 0.000000
 94 26.290924 -12.205288 1.157884 -2.069771 -0.043658 0.017082
 95 49.071014 0.000006 0.000015 2.179705 0.127556 -0.112856
 96 61.871315 -0.000009 -0.000027 3.080256 0.672597 0.035641
 97 26.290924 12.205295 1.157843 2.051752 0.091681 -0.089250
 98 49.071060 0.000004 -0.000027 -2.187262 0.154733 0.063501
 99 61.871315 0.000014 -0.000031 -2.944714 0.642381 0.102744
100 -0.698059 -11.192116 -8.252762 1.217733 -0.411401 -0.692833
101 20.568230 -0.000004 0.000000 0.010301 -0.234065 -0.144432
102 0.223785 -5.734809 -12.929604 2.935849 0.503027 -0.398784
103 20.803574 -0.000015 -0.000031 0.013309 -0.176092 -0.136610
104 -1.040009 -3.033968 12.140512 1.554517 0.104601 -1.288764
105 -1.039993 3.034004 12.140500 -1.554518 0.104604 1.288764
106 4.165451 -5.407045 12.088391 1.036597 -1.008814 -0.700312
107 16.599449 -0.000004 -0.000046 -0.040668 -0.007944 0.034752
108 4.165482 5.407080 12.088380 -1.020936 -0.763650 0.882722
109 16.599373 0.000009 -0.000015 0.035569 -0.284897 -0.040241
110 6.428391 0.000001 -0.288943 -0.000001 -0.000000 -0.000000
111 -1.833771 -13.936460 1.224504 1.568387 -0.013151 -0.410097
112 20.406967 -0.000006 -0.000023 0.016387 0.023692 0.048940
113 21.655487 -0.000006 -0.000015 0.016926 0.105020 0.033795
114 22.360672 -0.000011 -0.000023 0.031149 -0.004738 -0.060167
115 22.519684 -0.000008 -0.000015 -0.013275 0.166891 -0.062228
116 22.140404 -0.000007 -0.000011 0.009758 0.364126 0.076135
117 -1.699203 -12.875611 4.918509 1.129403 -0.200577 -0.373091
118 20.938599 0.000011 0.000000 0.049437 0.004142 0.029831
119 21.993622 -0.000010 -0.000061 0.028121 0.089625 0.023943
120 22.563797 -0.000019 0.000000 0.031960 -0.013814 -0.051891
121 22.643356 0.000000 -0.000031 -0.025715 0.161691 -0.041093
122 22.238068 -0.000003 -0.000023 -0.022988 0.264957 0.072851
123 -1.634338 -9.854567 8.052346 0.721084 -0.343708 -0.274528
124 22.205276 0.000000 -0.000015 0.053172 -0.006677 0.015186
125 22.804382 -0.000007 -0.000038 0.027470 0.076730 0.015300
126 23.051659 -0.000002 0.000000 0.031011 -0.029830 -0.044229
127 22.939987 0.000002 -0.000038 -0.020886 0.145414 -0.029922
128 22.472076 0.000000 -0.000008 -0.025189 0.179551 0.063565
129 -1.616135 -5.333253 10.147437 0.346502 -0.425978 -0.139805
130 23.451294 -0.000002 -0.000023 0.030215 -0.013099 0.009149
131 23.608002 -0.000005 -0.000031 0.015384 0.067220 0.010396
132 23.536224 -0.000005 -0.000038 0.028314 -0.047711 -0.038368
133 23.233963 0.000001 0.000000 -0.001250 0.127253 -0.030576
134 22.703674 0.000004 -0.000023 -0.005032 0.123115 0.029141
135 -1.614517 -0.000000 10.883349 -0.008562 -0.451232 0.008538
136 23.962128 0.000001 -0.000031 -0.004372 -0.016331 0.007830
137 23.938965 -0.000003 0.000000 -0.003704 0.062670 0.007506
138 23.736031 -0.000004 -0.000023 0.023592 -0.062221 -0.034919
139 23.354988 0.000005 -0.000031 0.023064 0.114939 -0.039054
140 22.798935 -0.000009 -0.000023 0.022610 0.099107 -0.019756
141 -1.616135 5.333251 10.147422 -0.364094 -0.423644 0.156290
142 23.451309 -0.000004 0.000000 -0.039593 -0.016204 0.006070
143 23.608002 -0.000000 -0.000046 -0.022711 0.063973 0.004261
144 23.536240 0.000005 -0.000015 0.015844 -0.070630 -0.032514
145 23.233963 -0.000014 -0.000023 0.044416 0.111422 -0.048928
146 22.703674 0.000020 -0.000008 0.045727 0.106911 -0.067331
147 -1.634338 9.854565 8.052344 -0.737797 -0.339303 0.289340
148 22.205261 0.000006 -0.000008 -0.063355 -0.012883 -0.001553
149 22.804459 0.000006 -0.000076 -0.036155 0.070440 -0.002221
150 23.051628 -0.000001 0.000000 0.004966 -0.073567 -0.035826
151 22.939987 0.000002 -0.000015 0.052728 0.114038 -0.054057
152 22.472076 0.000008 -0.000015 0.061536 0.147715 -0.133560
153 -1.699203 12.875607 4.918525 -1.144380 -0.194710 0.385444
154 20.938599 0.000022 0.000000 -0.061285 -0.004801 -0.019187
155 21.993591 0.000000 -0.000076 -0.038542 0.080986 -0.013479
156 22.563805 0.000010 -0.000008 -0.009297 -0.073321 -0.042105
157 22.643356 0.000013 -0.000031 0.041331 0.115992 -0.052764
158 22.238052 -0.000002 -0.000008 0.041224 0.216945 -0.152181
159 -1.833771 13.936458 1.224504 -1.582717 -0.006762 0.419635
160 20.406967 0.000008 -0.000038 -0.029968 0.013329 -0.042578
161 21.655518 0.000013 -0.000008 -0.028783 0.095333 -0.026848
162 22.360641 0.000008 -0.000023 -0.002098 -0.137385 -0.066032
163 22.519676 0.000011 -0.000023 0.047228 0.062771 -0.076730
164 22.140381 0.000004 -0.000015 -0.019585 0.306113 -0.162059
165 -1.972580 12.875609 -3.614555 -1.856542 0.105036 0.382730
166 20.655167 0.000008 -0.000008 -0.013944 0.026307 -0.049166
167 21.762253 0.000008 -0.000031 -0.028888 0.099155 -0.028512
168 22.392166 0.000015 -0.000023 -0.042703 -0.078612 -0.052676
169 22.541336 0.000019 -0.000031 -0.030740 0.096795 -0.049082
170 22.217506 0.000011 -0.000015 -0.081125 0.355342 -0.180324
171 -1.967316 9.854567 -7.722432 -2.186852 0.194020 0.285458
172 21.272720 0.000006 -0.000008 0.001370 0.039786 -0.048511
173 22.032516 0.000029 -0.000053 -0.025371 0.095519 -0.027675
174 22.475693 0.000004 -0.000008 -0.052143 -0.098876 -0.058161
175 22.598717 0.000008 -0.000008 -0.056514 0.068389 -0.049289
176 22.407990 0.000015 -0.000023 -0.099554 0.396574 -0.141662
177 -1.900848 5.333252 -10.470076 -2.618726 0.248035 0.151399
178 21.914322 0.000008 -0.000015 0.006507 0.056252 -0.033864
179 22.319839 -0.000007 0.000000 -0.018335 0.093238 -0.020050
180 22.569626 0.000001 0.000000 -0.044243 -0.114529 -0.070013
181 22.663216 0.000017 -0.000004 -0.055376 0.044809 -0.061817
182 22.604530 0.000008 -0.000015 -0.012870 0.435291 0.011974
183 -1.865585 -0.000002 -11.435440 3.133581 0.264997 0.002553
184 22.186676 -0.000004 -0.000008 -0.008898 0.066900 -0.003006
185 22.443726 -0.000002 -0.000008 -0.008358 0.095280 -0.002449
186 22.611557 -0.000004 -0.000008 -0.010578 -0.107654 -0.084419
187 22.692024 0.000008 0.000011 -0.017104 0.046299 -0.077936
188 22.687653 0.000015 -0.000004 -0.039117 0.454620 -0.079435
189 -1.900848 -5.333257 -10.470070 2.602543 0.245670 -0.145934
190 21.914337 0.000007 -0.000015 -0.023812 0.061577 0.029608
191 22.319824 -0.000024 0.000004 0.002061 0.098408 0.016953
192 22.569626 0.000003 -0.000023 0.026140 -0.077620 -0.089923
193 22.663254 -0.000015 0.000011 0.018589 0.077341 -0.094052
194 22.604530 0.000011 0.000004 0.024636 0.461663 -0.012695
195 -1.967285 -9.854565 -7.722441 2.171119 0.189608 -0.279010
196 21.272705 -0.000019 -0.000008 -0.017117 0.048400 0.048055
197 22.032471 0.000002 -0.000031 0.010275 0.103683 0.028424
198 22.475693 -0.000011 -0.000027 0.039284 -0.041095 -0.084176
199 22.598709 0.000006 -0.000015 0.024580 0.119700 -0.094243
200 22.407997 -0.000004 -0.000008 0.070565 0.450427 0.038435
201 -1.972580 -12.875609 -3.614562 1.841675 0.099174 -0.374843
202 20.655167 0.000005 -0.000015 -0.000657 0.036391 0.052460
203 21.762283 -0.000011 -0.000015 0.015374 0.108576 0.032811
204 22.392166 -0.000011 -0.000031 0.037916 -0.012981 -0.073485
205 22.541336 -0.000008 -0.000015 0.009131 0.153674 -0.081661
206 22.217514 0.000005 0.000000 0.059110 0.419080 0.071267
207 0.059621 0.456168 0.250107 0.000000 -0.000000 0.000000
208 0.059621 0.456168 0.250107 0.000000 -0.000000 0.000000
time 34
  0 0.059621 0.456168 0.250107 0.000000 -0.000000 0.000000
  1 0.059621 0.456168 0.250107 0.000000 -0.000000 0.000000
  2 0.059621 0.456168 0.250107 0.000000 -0.000000 0.000000
  3 0.059621 0.456168 0.250107 0.000000 -0.000000 0.000000
  4 0.059621 0.456168 0.250107 0.000000 -0.000000 0.000000
  5 0.059621 0.456168 0.250107 0.000000 -0.000000 0.000000
  6 0.059621 0.456168 0.250107 0.000000 -0.000000 0.000000
  7 0.059621 0.456168 0.250107 0.000000 -0.000000 0.000000
  8 0.059621 0.456168 0.250107 0.000000 -0.000000 0.000000
  9 0.059621 0.456168 0.250107 0.000000 -0.000000 0.000000
 10 -97.568283 -0.874405 127.841751 -1.241095 -0.080263 -1.763472
 11 24.668251 0.000000 -0.000031 0.901499 -0.407948 0.152445
 12 30.380142 0.000015 0.000000 1.682739 0.028153 0.502447
 13 19.902092 0.000008 -0.000015 0.009677 -0.079170 -0.019754
 14 106.625740 -63.214314 107.458252 1.895836 0.034915 1.399647
 15 35.349510 0.000015 0.000015 -1.502963 0.410405 0.067988
 16 37.124332 -0.000008 -0.000015 -1.008097 0.257132 0.675658
 17 0.059621 0.456168 0.250107 0.064768 -0.005215 -0.156772
 18 0.059621 0.456168 150.834366 1.570796 1.570796 0.000000
 19 -65.799545 -0.000020 1.142855 0.000000 0.000515 3.141077
 20 11.181564 0.005760 -0.002411 0.000000 0.311493 0.000515
 21 27.835175 -0.000000 0.000015 -3.141592 -0.129896 -0.000000
 22 5.330383 -0.000001 -0.000008 3.138164 0.429841 0.006109
 23 10.134872 -4.133393 3.834190 -0.470572 -0.953919 -2.752206
 24 10.134872 4.133398 3.834190 0.468650 -0.954389 2.753420
 25 22.592331 0.000009 17.467094 -0.000010 2.877577 0.000000
 26 21.199966 -7.744007 14.169502 -0.712541 -0.210280 -2.974885
 27 18.141983 -13.440226 7.965759 1.324134 -0.199850 3.016605
 28 21.199966 7.744021 14.169476 0.711456 -0.210538 2.974850
 29 18.141983 13.440235 7.965759 -0.353900 -0.253099 -3.054880
 30 11.858871 -13.359998 3.526505 1.460984 3.117126 0.238446
 31 9.463272 -16.404863 -2.906052 1.461047 3.116903 0.240509
 32 9.125259 -10.885473 -11.371330 0.000496 2.883519 0.000256
 33 11.858841 13.360003 3.526466 -1.460907 3.117340 -0.238449
 34 9.463272 16.404863 -2.906029 -1.460969 3.117117 -0.240512
 35 9.125259 10.885472 -11.371307 -0.000492 2.883519 0.000256
 36 9.023239 -0.000003 -17.296181 0.000180 -0.245901 -3.141356
 37 12.691422 -0.000003 -19.438774 0.014874 2.216803 0.017800
 38 10.989418 0.000002 -0.000031 0.000000 -0.814595 0.000000
 39 12.871475 -10.586842 -15.652466 0.981742 2.532697 0.680438
 40 10.727005 0.000000 -0.000031 -0.148051 -0.810208 0.149329
 41 12.871475 10.586841 -15.652481 -0.909715 2.479218 -0.626769
 42 10.726982 -0.000023 0.000015 0.096175 -0.813194 -0.096906
 43 12.847244 -17.570080 -4.701347 1.258009 2.667140 0.910153
 44 11.496498 0.000000 -0.000031 -0.207375 -0.762584 0.214828
 45 12.847183 17.570080 -4.701370 -1.209837 2.599291 -0.880455
 46 11.496468 0.000008 -0.000015 0.208001 -0.762368 -0.215330
 47 28.485916 0.000010 16.460339 -0.000001 -0.359157 0.000000
 48 23.052765 -6.207911 -0.077286 -1.470206 0.035100 -1.833545
 49 9.436901 -0.000004 -0.000031 -0.093534 -0.412418 -1.336358
 50 31.269341 -0.000015 0.000046 -0.369144 0.247286 -1.227903
 51 28.756493 0.000011 0.000031 -0.001117 0.032665 0.001416
 52 2.251976 -2.464409 -1.141647 0.481305 0.508197 -0.319329
 53 3.674042 -0.000031 0.000000 -0.277611 0.179024 0.194713
 54 3.614685 0.000015 0.000015 0.013156 0.193871 -0.001558
 55 9.035500 -2.494942 0.484558 -0.001362 0.302449 0.001673
 56 2.943579 0.000000 0.000000 0.010585 0.293657 -0.007800
 57 2.649422 0.000000 0.000031 -0.006498 0.303243 0.008512
 58 9.093613 -0.386669 0.647736 0.020190 0.475380 -0.012607
 59 3.451891 0.000000 -0.000031 -0.014209 0.528778 0.009212
 60 2.898178 0.000000 0.000015 -0.000683 0.490858 0.000916
 61 8.894577 1.605850 0.371918 -0.000566 0.547851 0.000704
 62 3.130398 0.000000 0.000031 0.003896 0.567158 -0.005064
 63 2.629532 -0.000004 -0.000046 0.004892 0.544388 -0.006589
 64 8.470612 3.459526 0.131500 -0.021715 0.541478 0.011456
 65 2.410263 -0.000002 -0.000061 0.022815 0.529939 -0.013321
 66 2.000793 0.000000 0.000000 -0.005415 0.533618 0.007402
 67 23.052765 6.207909 -0.077301 1.481823 0.058643 2.080206
 68 9.436897 0.000019 -0.000015 -0.724554 -0.240631 1.111989
 69 31.269337 0.000004 0.000000 0.489816 -0.614462 0.946888
 70 28.756500 -0.000015 0.000015 0.475230 -0.012104 0.362847
 71 2.251892 2.464409 -1.141571 -0.513217 0.249535 0.112914
 72 3.674080 0.000015 -0.000031 0.331388 -0.059506 -0.325011
 73 3.614670 0.000008 0.000015 0.067360 -0.216133 -0.086857
 74 9.035416 2.494949 0.484421 0.001362 -0.011534 -0.001673
 75 2.943573 0.000000 -0.000015 -0.011498 -0.020268 0.014556
 76 2.649445 0.000000 0.000031 0.006498 -0.010740 -0.008512
 77 9.093689 0.386677 0.647797 -0.018031 0.093461 0.020165
 78 3.451874 -0.000004 0.000000 0.014953 0.008589 -0.019838
 79 2.898193 0.000000 0.000000 0.000683 -0.029445 -0.000917
 80 8.894424 -1.605854 0.371918 0.000566 0.090541 -0.000704
 81 3.130432 -0.000004 -0.000031 -0.003896 -0.009289 0.005063
 82 2.629501 -0.000004 0.000015 -0.004892 -0.032059 0.006589
 83 8.470596 -3.459522 0.131393 0.018786 0.137518 -0.020073
 84 2.410263 0.000004 0.000000 -0.024238 -0.029075 0.031299
 85 2.000748 0.000000 0.000031 0.005415 -0.025697 -0.007402
 86 9.832352 1.463066 -1.299423 0.016522 -0.031798 -0.020624
 87 25.040588 -5.670406 5.432800 -1.312160 -0.224887 -2.136065
 88 28.779694 -6.856310 -0.811417 -1.466235 0.019064 -1.725377
 89 29.182297 -3.955566 -4.961960 0.881870 2.552753 0.503940
 90 25.040558 5.670406 5.432755 1.296833 -0.398765 2.185823
 91 28.779739 6.856310 -0.811394 1.466235 0.019065 1.725381
 92 29.182266 3.955564 -4.961945 -0.881870 2.552752 -0.503941
 93 -65.335648 -0.000020 1.140918 -3.141591 0.044911 0.000000
 94 26.290924 -12.205288 1.157884 -2.069846 -0.042490 0.019224
 95 49.071030 0.000008 0.000015 2.179705 0.127556 -0.112856
 96 61.871315 -0.000006 -0.000027 3.080256 0.672597 0.035641
 97 26.290924 12.205295 1.157843 2.051428 0.093292 -0.092369
 98 49.071045 0.000005 -0.000027 -2.187262 0.154733 0.063501
 99 61.871307 0.000013 -0.000033 -2.944714 0.642381 0.102744
100 -0.698059 -11.192116 -8.252762 1.218586 -0.412466 -0.694963
101 20.568237 -0.000008 -0.000015 0.010301 -0.290485 -0.144626
102 0.223785 -5.734809 -12.929604 2.935228 0.504202 -0.400071
103 20.803589 -0.000015 -0.000031 0.017297 -0.225304 -0.136679
104 -1.040009 -3.033968 12.140512 1.554517 0.104601 -1.288764
105 -1.039993 3.034004 12.140500 -1.554518 0.104604 1.288764
106 4.165451 -5.407045 12.088391 1.040589 -1.011414 -0.705026
107 16.599442 -0.000008 -0.000046 -0.041171 -0.069430 0.038584
108 4.165482 5.407080 12.088380 -1.020258 -0.763099 0.881688
109 16.599365 0.000010 -0.000015 0.036277 -0.338801 -0.043988
110 6.428391 0.000001 -0.288943 -0.000001 -0.000000 -0.000000
111 -1.833771 -13.936460 1.224504 1.568403 -0.013315 -0.411244
112 20.406967 -0.000006 -0.000023 0.016465 0.018359 0.049812
113 21.655487 -0.000006 -0.000008 0.017112 0.095544 0.036000
114 22.360672 -0.000008 -0.000015 0.030984 -0.007847 -0.057962
115 22.519669 -0.000010 -0.000015 -0.014268 0.187422 -0.065282
116 22.140404 -0.000006 -0.000004 0.009809 0.365318 0.076782
117 -1.699203 -12.875611 4.918509 1.129612 -0.201222 -0.374136
118 20.938614 0.000010 -0.000008 0.049474 -0.001633 0.030601
119 21.993591 -0.000015 -0.000053 0.028583 0.079159 0.026176
120 22.563812 -0.000023 0.000000 0.031972 -0.018067 -0.050007
121 22.643372 -0.000006 -0.000031 -0.026519 0.182348 -0.045291
122 22.238060 -0.000007 -0.000015 -0.022805 0.266294 0.072569
123 -1.634338 -9.854567 8.052346 0.721716 -0.344714 -0.275318
124 22.205292 0.000000 -0.000023 0.052918 -0.012741 0.015731
125 22.804398 -0.000007 -0.000046 0.027786 0.065457 0.017126
126 23.051651 -0.000002 0.000008 0.030757 -0.034937 -0.042946
127 22.939972 0.000004 -0.000038 -0.021333 0.166430 -0.033856
128 22.472076 -0.000003 -0.000008 -0.025334 0.180906 0.064535
129 -1.616135 -5.333253 10.147437 0.346669 -0.427167 -0.140209
130 23.451309 -0.000002 -0.000023 0.030220 -0.019276 0.009453
131 23.608017 -0.000006 -0.000038 0.015562 0.055497 0.011421
132 23.536224 -0.000005 -0.000038 0.028173 -0.053503 -0.037586
133 23.233978 -0.000002 0.000000 -0.001692 0.148630 -0.033215
134 22.703690 0.000005 -0.000023 -0.004805 0.124473 0.028665
135 -1.614517 -0.000000 10.883349 -0.008574 -0.452492 0.008564
136 23.962128 0.000001 -0.000031 -0.004729 -0.022536 0.007905
137 23.938965 -0.000003 0.000008 -0.003636 0.050784 0.007684
138 23.736038 -0.000003 -0.000031 0.023618 -0.068290 -0.034739
139 23.354980 0.000005 -0.000038 0.022820 0.136340 -0.039688
140 22.798950 -0.000008 -0.000031 0.022699 0.100469 -0.019872
141 -1.616135 5.333251 10.147422 -0.364280 -0.424830 0.156744
142 23.451324 -0.000006 -0.000008 -0.039947 -0.022417 0.005908
143 23.608017 -0.000001 -0.000038 -0.023023 0.052119 0.003530
144 23.536263 0.000003 -0.000023 0.015904 -0.076636 -0.032996
145 23.233994 -0.000012 -0.000046 0.044624 0.132909 -0.047647
146 22.703682 0.000017 -0.000015 0.046685 0.108284 -0.069049
147 -1.634338 9.854565 8.052344 -0.737709 -0.340294 0.290169
148 22.205261 0.000004 -0.000008 -0.062984 -0.019016 -0.001979
149 22.804443 0.000009 -0.000076 -0.036191 0.058938 -0.003816
150 23.051651 0.000000 0.000000 0.005090 -0.079173 -0.037011
151 22.939987 0.000002 -0.000015 0.053239 0.135066 -0.051333
152 22.472084 0.000006 -0.000023 0.062044 0.149101 -0.135943
153 -1.699203 12.875607 4.918525 -1.144590 -0.195343 0.386530
154 20.938599 0.000021 -0.000008 -0.060937 -0.010687 -0.019879
155 21.993607 -0.000002 -0.000061 -0.038632 0.070187 -0.015646
156 22.563805 0.000004 -0.000015 -0.009222 -0.078141 -0.044026
157 22.643364 0.000010 -0.000031 0.042054 0.136518 -0.049675
158 22.238037 -0.000006 -0.000015 0.041907 0.218339 -0.154122
159 -1.833771 13.936458 1.224504 -1.582725 -0.006908 0.420796
160 20.406967 0.000008 -0.000038 -0.029664 0.007833 -0.043439
161 21.655518 0.000015 -0.000015 -0.029274 0.085506 -0.029083
162 22.360657 0.000006 -0.000023 -0.001467 -0.141178 -0.068663
163 22.519669 0.000008 -0.000031 0.047877 0.082672 -0.075179
164 22.140381 0.000008 -0.000008 -0.019765 0.307239 -0.164391
165 -1.972580 12.875609 -3.614555 -1.856430 0.105185 0.383795
166 20.655167 0.000009 -0.000023 -0.014385 0.021359 -0.050018
167 21.762253 0.000008 -0.000023 -0.029096 0.090366 -0.030688
168 22.392151 0.000013 -0.000023 -0.042229 -0.081413 -0.055200
169 22.541359 0.000019 -0.000038 -0.029851 0.115991 -0.047032
170 22.217506 0.000011 -0.000023 -0.081822 0.356457 -0.182070
171 -1.967316 9.854567 -7.722432 -2.186700 0.194408 0.286249
172 21.272705 0.000005 -0.000008 0.001295 0.035763 -0.049260
173 22.032532 0.000025 -0.000046 -0.025484 0.088552 -0.029519
174 22.475677 0.000006 -0.000008 -0.051908 -0.100466 -0.060441
175 22.598717 0.000008 -0.000008 -0.055921 0.084874 -0.047904
176 22.407982 0.000019 -0.000015 -0.099451 0.397650 -0.142035
177 -1.900848 5.333252 -10.470076 -2.618986 0.248582 0.151827
178 21.914322 0.000008 -0.000023 0.006454 0.053152 -0.034356
179 22.319824 -0.000008 0.000004 -0.018197 0.088124 -0.021198
180 22.569626 0.000003 0.000000 -0.043798 -0.114733 -0.071608
181 22.663216 0.000021 -0.000008 -0.055054 0.058428 -0.061291
182 22.604523 0.000011 -0.000015 -0.008884 0.436367 0.018072
183 -1.865585 -0.000002 -11.435440 3.133583 0.265595 0.002561
184 22.186691 -0.000004 -0.000008 -0.008539 0.064269 -0.003069
185 22.443726 -0.000002 -0.000004 -0.008244 0.091090 -0.002666
186 22.611557 -0.000005 -0.000008 -0.010424 -0.107418 -0.084795
187 22.692024 0.000007 0.000011 -0.016982 0.058600 -0.078600
188 22.687660 0.000013 -0.000004 -0.039535 0.455617 -0.080974
189 -1.900848 -5.333257 -10.470070 2.602444 0.246206 -0.146342
190 21.914352 0.000008 -0.000019 -0.023401 0.058576 0.029989
191 22.319824 -0.000024 0.000000 0.002236 0.093495 0.017775
192 22.569626 0.000003 -0.000023 0.025919 -0.077734 -0.089035
193 22.663246 -0.000015 0.000011 0.018303 0.091148 -0.095815
194 22.604530 0.000013 0.000008 0.025265 0.462655 -0.012654
195 -1.967285 -9.854565 -7.722441 2.170971 0.189991 -0.279794
196 21.272705 -0.000018 -0.000008 -0.017038 0.044522 0.048728
197 22.032471 0.000002 -0.000023 0.010634 0.097011 0.029991
198 22.475708 -0.000011 -0.000027 0.038724 -0.042129 -0.082586
199 22.598724 0.000001 -0.000011 0.023903 0.136608 -0.096601
200 22.407997 -0.000006 -0.000008 0.072594 0.451413 0.039742
201 -1.972580 -12.875609 -3.614562 1.841937 0.099308 -0.375884
202 20.655182 0.000007 -0.000023 -0.000301 0.031592 0.053274
203 21.762283 -0.000011 -0.000015 0.015507 0.100155 0.034830
204 22.392166 -0.000010 -0.000023 0.037260 -0.015217 -0.071399
205 22.541336 -0.000006 -0.000015 0.008226 0.173184 -0.084840
206 22.217522 0.000006 0.000000 0.059556 0.420084 0.071818
207 0.059621 0.456168 0.250107 0.000000 -0.000000 0.000000
208 0.059621 0.456168 0.250107 0.000000 -0.000000 0.000000
time 35
  0 0.059621 0.456168 0.250107 0.000000 -0.000000 0.000000
  1 0.059621 0.456168 0.250107 0.000000 -0.000000 0.000000
  2 0.059621 0.456168 0.250107 0.000000 -0.000000 0.000000
  3 0.059621 0.456168 0.250107 0.000000 -0.000000 0.000000
  4 0.059621 0.456168 0.250107 0.000000 -0.000000 0.000000
  5 0.059621 0.456168 0.250107 0.000000 -0.000000 0.000000
  6 0.059621 0.456168 0.250107 0.000000 -0.000000 0.000000
  7 0.059621 0.456168 0.250107 0.000000 -0.000000 0.000000
  8 0.059621 0.456168 0.250107 0.000000 -0.000000 0.000000
  9 0.059621 0.456168 0.250107 0.000000 -0.000000 0.000000
 10 -95.235397 24.392824 129.221481 -1.241095 -0.080263 -1.986656
 11 24.668243 0.000015 -0.000042 0.894983 -0.425521 0.168936
 12 30.380146 0.000015 0.000008 1.673191 0.031926 0.434804
 13 19.902092 -0.000008 -0.000031 0.010344 -0.086258 -0.021437
 14 101.667313 -77.492516 107.458252 1.899719 0.024524 1.213110
 15 35.349514 0.000000 0.000023 -1.506820 0.422195 0.060999
 16 37.124340 0.000008 -0.000015 -1.005728 0.268841 0.678557
 17 0.059621 0.456168 0.250107 0.064768 -0.005215 -0.156772
 18 0.059621 0.456168 150.834366 1.570796 1.570796 0.000000
 19 -65.799545 -0.000020 1.142855 0.000000 0.000515 3.141077
 20 11.181564 0.005760 -0.002411 0.000000 0.308757 0.000515
 21 27.835159 -0.000000 0.000023 -3.141592 -0.129896 -0.000000
 22 5.330399 -0.000001 -0.000008 3.139904 0.441936 0.006048
 23 10.134888 -4.133393 3.834190 -0.485712 -0.970767 -2.735259
 24 10.134888 4.133398 3.834183 0.483615 -0.971288 2.736597
 25 22.592346 0.000009 17.467083 -0.000010 2.853989 0.000000
 26 21.199982 -7.744007 14.169491 -0.718384 -0.228651 -2.960535
 27 18.142029 -13.440226 7.965752 1.333758 -0.207527 2.994947
 28 21.199951 7.744022 14.169472 0.717215 -0.228929 2.960498
 29 18.141998 13.440237 7.965759 -0.357161 -0.275383 -3.047338
 30 11.858856 -13.359997 3.526505 1.454949 3.115405 0.260898
 31 9.463287 -16.404863 -2.906052 1.455016 3.115170 0.262960
 32 9.125244 -10.885473 -11.371330 0.000496 2.859931 0.000256
 33 11.858856 13.360003 3.526459 -1.454866 3.115635 -0.260900
 34 9.463257 16.404865 -2.906029 -1.454932 3.115400 -0.262963
 35 9.125305 10.885472 -11.371315 -0.000492 2.859931 0.000256
 36 9.023224 -0.000003 -17.296181 0.000180 -0.269490 -3.141356
 37 12.691406 -0.000003 -19.438766 0.016480 2.211385 0.019752
 38 10.989410 0.000002 -0.000031 0.000000 -0.807032 0.000000
 39 12.871460 -10.586840 -15.652473 0.984617 2.530852 0.685553
 40 10.727005 0.000000 -0.000046 -0.146845 -0.802822 0.147872
 41 12.871460 10.586842 -15.652473 -0.911653 2.475388 -0.630222
 42 10.726974 -0.000019 0.000015 0.095575 -0.805772 -0.096062
 43 12.847229 -17.570082 -4.701347 1.259494 2.666959 0.913608
 44 11.496506 -0.000008 -0.000046 -0.206009 -0.755285 0.212961
 45 12.847198 17.570080 -4.701370 -1.211320 2.596826 -0.883670
 46 11.496460 0.000000 -0.000015 0.206628 -0.755072 -0.213457
 47 28.485931 0.000010 16.460331 -0.000001 -0.362265 0.000000
 48 23.052750 -6.207911 -0.077278 -1.470206 0.035100 -1.833545
 49 9.436905 -0.000004 -0.000031 -0.084016 -0.416139 -1.285802
 50 31.269325 -0.000015 0.000015 -0.356565 0.227925 -1.172529
 51 28.756500 0.000013 0.000015 -0.001117 0.032665 0.001416
 52 2.251984 -2.464409 -1.141663 0.481305 0.508197 -0.319329
 53 3.674042 -0.000015 0.000015 -0.277611 0.179024 0.194713
 54 3.614700 0.000008 0.000015 0.013156 0.193871 -0.001558
 55 9.035500 -2.494944 0.484558 -0.001362 0.302449 0.001672
 56 2.943577 0.000004 -0.000031 0.010585 0.293657 -0.007800
 57 2.649426 0.000004 0.000000 -0.006498 0.303243 0.008512
 58 9.093613 -0.386669 0.647720 0.020190 0.475380 -0.012607
 59 3.451887 0.000004 0.000000 -0.014209 0.528778 0.009212
 60 2.898193 0.000002 0.000015 -0.000683 0.490858 0.000916
 61 8.894577 1.605850 0.371902 -0.000566 0.547851 0.000704
 62 3.130405 -0.000002 0.000031 0.003896 0.567158 -0.005064
 63 2.629532 0.000000 -0.000046 0.004892 0.544388 -0.006589
 64 8.470612 3.459526 0.131500 -0.021715 0.541478 0.011456
 65 2.410263 -0.000004 -0.000061 0.022815 0.529939 -0.013321
 66 2.000793 0.000008 0.000015 -0.005415 0.533618 0.007403
 67 23.052750 6.207909 -0.077309 1.481823 0.058643 2.080206
 68 9.436890 0.000019 0.000000 -0.754492 -0.263231 1.076896
 69 31.269341 0.000008 0.000015 0.480126 -0.608878 0.886944
 70 28.756516 -0.000019 0.000015 0.468048 0.015814 0.351106
 71 2.251877 2.464413 -1.141556 -0.513217 0.249535 0.112914
 72 3.674080 0.000000 0.000000 0.331388 -0.059506 -0.325011
 73 3.614685 0.000004 0.000031 0.067360 -0.216133 -0.086857
 74 9.035400 2.494946 0.484421 0.001362 -0.011534 -0.001673
 75 2.943558 0.000008 -0.000031 -0.011497 -0.020268 0.014556
 76 2.649429 -0.000004 0.000031 0.006498 -0.010740 -0.008512
 77 9.093674 0.386669 0.647781 -0.018031 0.093461 0.020165
 78 3.451859 0.000000 0.000000 0.014953 0.008589 -0.019838
 79 2.898193 0.000000 -0.000015 0.000683 -0.029445 -0.000917
 80 8.894409 -1.605850 0.371918 0.000566 0.090541 -0.000704
 81 3.130432 0.000000 -0.000031 -0.003896 -0.009289 0.005063
 82 2.629517 0.000000 0.000015 -0.004892 -0.032059 0.006589
 83 8.470612 -3.459511 0.131409 0.018786 0.137518 -0.020073
 84 2.410278 -0.000008 -0.000015 -0.024238 -0.029075 0.031299
 85 2.000748 -0.000004 0.000000 0.005415 -0.025697 -0.007402
 86 9.832336 1.463070 -1.299423 0.016522 -0.031798 -0.020624
 87 25.040588 -5.670406 5.432800 -1.312160 -0.224887 -2.136065
 88 28.779678 -6.856310 -0.811417 -1.466235 0.019064 -1.725377
 89 29.182297 -3.955566 -4.961952 0.881870 2.552753 0.503940
 90 25.040558 5.670406 5.432762 1.296833 -0.398765 2.185823
 91 28.779724 6.856310 -0.811394 1.466235 0.019065 1.725381
 92 29.182266 3.955564 -4.961937 -0.881870 2.552752 -0.503941
 93 -65.335648 -0.000020 1.140918 -3.141591 0.044911 0.000000
 94 26.290924 -12.205288 1.157884 -2.069923 -0.041282 0.021438
 95 49.071045 0.000008 0.000014 2.179705 0.127556 -0.112856
 96 61.871315 -0.000009 -0.000027 3.080256 0.672597 0.035641
 97 26.290924 12.205295 1.157843 2.051094 0.094956 -0.095592
 98 49.071075 0.000004 -0.000029 -2.187262 0.154733 0.063501
 99 61.871307 0.000013 -0.000033 -2.944714 0.642381 0.102744
100 -0.698059 -11.192116 -8.252762 1.219268 -0.413313 -0.696663
101 20.568245 -0.000009 -0.000015 0.010300 -0.346595 -0.144824
102 0.223785 -5.734809 -12.929604 2.934729 0.505142 -0.401103
103 20.803574 -0.000015 -0.000023 0.022381 -0.285450 -0.136873
104 -1.040009 -3.033968 12.140512 1.554517 0.104601 -1.288764
105 -1.039993 3.034004 12.140500 -1.554518 0.104604 1.288764
106 4.165451 -5.407045 12.088391 1.043815 -1.013488 -0.708830
107 16.599442 -0.000008 -0.000046 -0.042577 -0.141106 0.043323
108 4.165482 5.407080 12.088380 -1.018295 -0.761505 0.878692
109 16.599373 0.000009 -0.000015 0.038260 -0.400228 -0.048778
110 6.428391 0.000001 -0.288943 -0.000001 -0.000000 -0.000000
111 -1.833771 -13.936460 1.224504 1.568415 -0.013444 -0.412154
112 20.406952 -0.000005 -0.000031 0.016524 0.013724 0.050560
113 21.655502 -0.000008 -0.000015 0.017219 0.086334 0.038051
114 22.360672 -0.000008 -0.000015 0.030929 -0.013118 -0.055505
115 22.519676 -0.000010 -0.000015 -0.014913 0.203441 -0.067219
116 22.140404 -0.000006 -0.000011 0.009854 0.365871 0.077347
117 -1.699203 -12.875611 4.918509 1.129781 -0.201742 -0.374979
118 20.938599 0.000010 -0.000008 0.049501 -0.006617 0.031261
119 21.993622 -0.000011 -0.000053 0.028514 0.069006 0.028323
120 22.563797 -0.000023 0.000000 0.031758 -0.024494 -0.047743
121 22.643364 0.000000 -0.000031 -0.027239 0.198215 -0.048193
122 22.238060 -0.000007 -0.000023 -0.022539 0.266875 0.072056
123 -1.634338 -9.854567 8.052346 0.721565 -0.345518 -0.275950
124 22.205276 0.000001 -0.000023 0.053290 -0.017966 0.016202
125 22.804382 -0.000008 -0.000053 0.027684 0.054581 0.018790
126 23.051651 -0.000002 0.000000 0.030719 -0.042428 -0.041196
127 22.939980 0.000002 -0.000031 -0.021935 0.182367 -0.036688
128 22.472084 -0.000004 -0.000015 -0.025522 0.181488 0.065825
129 -1.616135 -5.333253 10.147437 0.346803 -0.428116 -0.140532
130 23.451294 -0.000002 -0.000031 0.030223 -0.024602 0.009715
131 23.608017 -0.000007 -0.000038 0.015193 0.044187 0.012392
132 23.536224 -0.000005 -0.000031 0.027871 -0.061643 -0.036605
133 23.233971 -0.000001 0.000000 -0.002017 0.164646 -0.035111
134 22.703690 0.000004 -0.000031 -0.004594 0.125056 0.028080
135 -1.614517 -0.000000 10.883349 -0.008582 -0.453493 0.008583
136 23.962128 0.000001 -0.000023 -0.004357 -0.027914 0.007968
137 23.938950 -0.000003 0.000000 -0.003580 0.039333 0.007803
138 23.736015 -0.000003 -0.000031 0.023576 -0.076603 -0.034549
139 23.354980 0.000005 -0.000031 0.022812 0.152816 -0.040243
140 22.798943 -0.000009 -0.000015 0.022816 0.101052 -0.020022
141 -1.616135 5.333251 10.147422 -0.364430 -0.425780 0.157107
142 23.451309 -0.000006 -0.000008 -0.039571 -0.027788 0.005756
143 23.608032 0.000000 -0.000046 -0.022905 0.040701 0.002798
144 23.536247 0.000004 -0.000023 0.015715 -0.084961 -0.033756
145 23.233971 -0.000015 -0.000031 0.044781 0.148874 -0.046749
146 22.703682 0.000019 -0.000015 0.047966 0.108867 -0.071314
147 -1.634338 9.854565 8.052344 -0.737932 -0.341092 0.290838
148 22.205261 0.000005 -0.000015 -0.063343 -0.024322 -0.002343
149 22.804443 0.000008 -0.000076 -0.036710 0.047842 -0.005316
150 23.051628 -0.000002 0.000000 0.005192 -0.087040 -0.038596
151 22.939972 0.000002 -0.000023 0.053589 0.150905 -0.049368
152 22.472069 0.000008 -0.000031 0.062715 0.149683 -0.139106
153 -1.699203 12.875607 4.918525 -1.144759 -0.195849 0.387398
154 20.938599 0.000022 0.000000 -0.061313 -0.015783 -0.020474
155 21.993591 -0.000002 -0.000076 -0.038566 0.059760 -0.017651
156 22.563805 0.000010 -0.000015 -0.008909 -0.085149 -0.046370
157 22.643356 0.000011 -0.000038 0.042596 0.152143 -0.047692
158 22.238045 0.000002 -0.000015 0.042755 0.218919 -0.156690
159 -1.833771 13.936458 1.224504 -1.582732 -0.007026 0.421733
160 20.406952 0.000008 -0.000046 -0.029709 0.003089 -0.044173
161 21.655502 0.000013 -0.000008 -0.029434 0.075941 -0.031254
162 22.360641 0.000008 -0.000015 -0.000989 -0.147235 -0.071604
163 22.519676 0.000008 -0.000023 0.048463 0.098087 -0.074403
164 22.140381 0.000004 -0.000015 -0.019998 0.307772 -0.166002
165 -1.972580 12.875609 -3.614555 -1.855976 0.105304 0.384645
166 20.655167 0.000010 -0.000023 -0.014444 0.017053 -0.050755
167 21.762268 0.000008 -0.000015 -0.029270 0.081836 -0.032739
168 22.392151 0.000015 -0.000023 -0.041922 -0.086249 -0.057945
169 22.541344 0.000015 -0.000031 -0.029283 0.130999 -0.046162
170 22.217499 0.000008 -0.000015 -0.082660 0.356985 -0.183216
171 -1.967316 9.854567 -7.722432 -2.186577 0.194718 0.286882
172 21.272720 0.000005 -0.000008 0.001601 0.032274 -0.049900
173 22.032501 0.000023 -0.000046 -0.025660 0.081730 -0.031221
174 22.475677 0.000008 -0.000008 -0.051548 -0.103770 -0.062892
175 22.598724 0.000008 -0.000015 -0.055557 0.098110 -0.047419
176 22.407990 0.000015 -0.000015 -0.099320 0.398165 -0.142242
177 -1.900848 5.333252 -10.470076 -2.618906 0.248998 0.152152
178 21.914322 0.000008 -0.000015 0.006775 0.050488 -0.034772
179 22.319839 -0.000005 0.000000 -0.018300 0.083118 -0.022277
180 22.569626 0.000004 0.000000 -0.043593 -0.116692 -0.073383
181 22.663216 0.000021 -0.000004 -0.054863 0.069728 -0.061257
182 22.604523 0.000011 -0.000019 -0.005378 0.436883 0.022177
183 -1.865585 -0.000002 -11.435440 3.133584 0.266038 0.002566
184 22.186676 -0.000004 -0.000004 -0.008910 0.061918 -0.003124
185 22.443741 -0.000002 -0.000008 -0.008273 0.086929 -0.002810
186 22.611557 -0.000004 -0.000008 -0.010422 -0.108345 -0.085099
187 22.692009 0.000007 0.000008 -0.017076 0.069134 -0.079049
188 22.687660 0.000011 0.000000 -0.039929 0.456104 -0.082004
189 -1.900848 -5.333257 -10.470070 2.602365 0.246633 -0.146667
190 21.914352 0.000008 -0.000015 -0.023729 0.055963 0.030314
191 22.319824 -0.000023 0.000004 0.002390 0.088623 0.018587
192 22.569641 0.000003 -0.000027 0.025928 -0.079227 -0.088055
193 22.663239 -0.000016 0.000015 0.018189 0.102760 -0.097005
194 22.604538 0.000014 0.000008 0.025828 0.463140 -0.012637
195 -1.967285 -9.854565 -7.722441 2.170852 0.190298 -0.280424
196 21.272705 -0.000019 -0.000008 -0.017342 0.041155 0.049302
197 22.032486 0.000000 -0.000023 0.010581 0.090469 0.031458
198 22.475693 -0.000011 -0.000023 0.039013 -0.044937 -0.080724
199 22.598724 0.000004 -0.000015 0.023509 0.150202 -0.098165
200 22.408005 -0.000002 -0.000008 0.074391 0.451895 0.040603
201 -1.972580 -12.875609 -3.614562 1.841490 0.099413 -0.376704
202 20.655167 0.000005 -0.000023 -0.000385 0.027380 0.053994
203 21.762268 -0.000010 0.000000 0.015567 0.091973 0.036593
204 22.392166 -0.000013 -0.000023 0.037632 -0.019484 -0.069226
205 22.541336 -0.000008 -0.000015 0.007661 0.188686 -0.086131
206 22.217522 0.000006 0.000000 0.059849 0.420574 0.072166
207 0.059621 0.456168 0.250107 0.000000 -0.000000 0.000000
208 0.059621 0.456168 0.250107 0.000000 -0.000000 0.000000
time 36
  0 0.059621 0.456168 0.250107 0.000000 -0.000000 0.000000
  1 0.059621 0.456168 0.250107 0.000000 -0.000000 0.000000
  2 0.059621 0.456168 0.250107 0.000000 -0.000000 0.000000
  3 0.059621 0.456168 0.250107 0.000000 -0.000000 0.000000
  4 0.059621 0.456168 0.250107 0.000000 -0.000000 0.000000
  5 0.059621 0.456168 0.250107 0.000000 -0.000000 0.000000
  6 0.059621 0.456168 0.250107 0.000000 -0.000000 0.000000
  7 0.059621 0.456168 0.250107 0.000000 -0.000000 0.000000
  8 0.059621 0.456168 0.250107 0.000000 -0.000000 0.000000
  9 0.059621 0.456168 0.250107 0.000000 -0.000000 0.000000
 10 -91.515594 53.040482 130.722427 -1.241095 -0.080263 -2.217329
 11 24.668247 0.000015 -0.000042 0.874862 -0.492756 0.200855
 12 30.380144 0.000000 0.000008 1.666791 0.032490 0.395270
 13 19.902088 -0.000008 -0.000015 0.011003 -0.093264 -0.023101
 14 88.477661 -92.840034 107.458252 1.903632 0.014051 1.028034
 15 35.349514 0.000000 0.000008 -1.489777 0.345853 0.073745
 16 37.124336 0.000015 -0.000015 -1.003254 0.281070 0.681585
 17 0.059621 0.456168 0.250107 0.064768 -0.005215 -0.156772
 18 0.059621 0.456168 150.834366 1.570796 1.570796 0.000000
 19 -65.799545 -0.000020 1.142855 0.000000 0.000515 3.141077
 20 11.181564 0.005760 -0.002411 0.000000 0.305948 0.000515
 21 27.835175 -0.000000 0.000023 -3.141592 -0.129896 -0.000000
 22 5.330399 -0.000001 -0.000004 -3.141453 0.452324 0.005984
 23 10.134857 -4.133393 3.834198 -0.500656 -0.986352 -2.718637
 24 10.134888 4.133398 3.834190 0.498390 -0.986924 2.720098
 25 22.592316 0.000009 17.467098 -0.000010 2.833361 0.000000
 26 21.199982 -7.744007 14.169495 -0.723492 -0.244717 -2.947987
 27 18.141998 -13.440227 7.965759 1.342173 -0.214240 2.976009
 28 21.199982 7.744022 14.169479 0.722251 -0.245011 2.947948
 29 18.141998 13.440237 7.965767 -0.360012 -0.294871 -3.040742
 30 11.858856 -13.359998 3.526505 1.449674 3.113899 0.280531
 31 9.463257 -16.404863 -2.906052 1.449744 3.113654 0.282593
 32 9.125244 -10.885475 -11.371330 0.000496 2.839303 0.000256
 33 11.858856 13.360004 3.526466 -1.449586 3.114144 -0.280534
 34 9.463226 16.404865 -2.906029 -1.449656 3.113898 -0.282596
 35 9.125275 10.885472 -11.371307 -0.000492 2.839303 0.000256
 36 9.023224 -0.000003 -17.296173 0.000180 -0.290118 -3.141356
 37 12.691406 -0.000003 -19.438766 0.018204 2.205107 0.021747
 38 10.989410 0.000002 0.000000 0.000000 -0.794912 0.000000
 39 12.871460 -10.586841 -15.652473 0.987956 2.528969 0.691496
 40 10.726990 0.000004 0.000000 -0.144911 -0.790983 0.145537
 41 12.871460 10.586841 -15.652473 -0.914134 2.471452 -0.634554
 42 10.726974 -0.000015 0.000015 0.094612 -0.793878 -0.094708
 43 12.847198 -17.570082 -4.701340 1.261046 2.667257 0.917200
 44 11.496490 0.000008 -0.000031 -0.203821 -0.743589 0.209969
 45 12.847168 17.570084 -4.701363 -1.212931 2.594852 -0.887101
 46 11.496460 0.000008 -0.000015 0.204427 -0.743379 -0.210456
 47 28.485901 0.000010 16.460335 -0.000001 -0.364841 0.000000
 48 23.052750 -6.207911 -0.077278 -1.470206 0.035100 -1.833545
 49 9.436901 -0.000004 -0.000015 -0.074240 -0.419662 -1.233662
 50 31.269318 -0.000008 0.000046 -0.343570 0.208039 -1.115594
 51 28.756500 0.000002 0.000015 -0.001117 0.032665 0.001416
 52 2.251976 -2.464409 -1.141647 0.481305 0.508197 -0.319329
 53 3.674042 -0.000046 0.000000 -0.277611 0.179024 0.194713
 54 3.614695 0.000008 0.000000 0.013156 0.193871 -0.001558
 55 9.035492 -2.494944 0.484558 -0.001362 0.302449 0.001673
 56 2.943581 0.000002 0.000000 0.010585 0.293657 -0.007800
 57 2.649429 -0.000002 0.000000 -0.006498 0.303243 0.008512
 58 9.093613 -0.386669 0.647690 0.020190 0.475380 -0.012607
 59 3.451883 0.000000 0.000000 -0.014209 0.528778 0.009212
 60 2.898178 -0.000002 0.000015 -0.000683 0.490858 0.000916
 61 8.894577 1.605850 0.371887 -0.000566 0.547851 0.000704
 62 3.130400 0.000000 0.000031 0.003896 0.567158 -0.005064
 63 2.629532 -0.000004 -0.000031 0.004892 0.544388 -0.006589
 64 8.470612 3.459528 0.131485 -0.021715 0.541478 0.011455
 65 2.410267 0.000000 -0.000031 0.022815 0.529939 -0.013321
 66 2.000778 0.000006 0.000031 -0.005415 0.533618 0.007402
 67 23.052750 6.207909 -0.077301 1.481823 0.058643 2.080206
 68 9.436890 0.000019 -0.000015 -0.784265 -0.285707 1.040853
 69 31.269337 0.000008 0.000000 0.470174 -0.602934 0.826813
 70 28.756500 -0.000017 0.000015 0.460672 0.044488 0.339047
 71 2.251907 2.464417 -1.141556 -0.513217 0.249535 0.112914
 72 3.674088 0.000015 -0.000031 0.331388 -0.059506 -0.325011
 73 3.614670 0.000000 0.000015 0.067360 -0.216133 -0.086857
 74 9.035400 2.494946 0.484421 0.001362 -0.011534 -0.001673
 75 2.943558 0.000000 -0.000015 -0.011497 -0.020268 0.014556
 76 2.649445 0.000000 0.000015 0.006498 -0.010740 -0.008512
 77 9.093704 0.386677 0.647781 -0.018031 0.093461 0.020165
 78 3.451866 0.000004 0.000015 0.014953 0.008589 -0.019838
 79 2.898201 -0.000004 -0.000031 0.000684 -0.029445 -0.000917
 80 8.894409 -1.605850 0.371902 0.000566 0.090541 -0.000704
 81 3.130447 0.000008 -0.000031 -0.003896 -0.009289 0.005063
 82 2.629517 0.000004 0.000031 -0.004892 -0.032059 0.006589
 83 8.470612 -3.459518 0.131393 0.018786 0.137518 -0.020073
 84 2.410278 -0.000004 -0.000015 -0.024238 -0.029075 0.031299
 85 2.000755 0.000011 0.000031 0.005415 -0.025697 -0.007402
 86 9.832336 1.463058 -1.299438 0.016523 -0.031798 -0.020624
 87 25.040588 -5.670406 5.432800 -1.312160 -0.224887 -2.136065
 88 28.779709 -6.856310 -0.811417 -1.466235 0.019064 -1.725377
 89 29.182312 -3.955566 -4.961952 0.881870 2.552753 0.503940
 90 25.040573 5.670406 5.432762 1.296833 -0.398765 2.185823
 91 28.779724 6.856310 -0.811401 1.466235 0.019065 1.725381
 92 29.182266 3.955564 -4.961937 -0.881870 2.552752 -0.503941
 93 -65.335648 -0.000020 1.140918 -3.141591 0.044911 0.000000
 94 26.290924 -12.205288 1.157884 -2.070002 -0.040041 0.023712
 95 49.071045 0.000008 0.000014 2.179705 0.127555 -0.112856
 96 61.871307 -0.000008 -0.000023 3.080256 0.672597 0.035641
 97 26.290924 12.205295 1.157843 2.050751 0.096666 -0.098902
 98 49.071060 0.000004 -0.000029 -2.187262 0.154733 0.063501
 99 61.871292 0.000015 -0.000031 -2.944714 0.642381 0.102744
100 -0.698059 -11.192116 -8.252762 1.219818 -0.413995 -0.698031
101 20.568230 -0.000006 0.000000 0.010300 -0.401776 -0.145025
102 0.223785 -5.734809 -12.929604 2.934698 0.505887 -0.401921
103 20.803558 -0.000015 -0.000023 0.028340 -0.354194 -0.137171
104 -1.040009 -3.033968 12.140512 1.554517 0.104601 -1.288764
105 -1.039993 3.034004 12.140500 -1.554518 0.104604 1.288764
106 4.165451 -5.407045 12.088391 1.046778 -1.015143 -0.711890
107 16.599442 -0.000008 -0.000031 -0.044736 -0.220613 0.048776
108 4.165482 5.407080 12.088380 -1.015148 -0.758950 0.873890
109 16.599380 0.000010 -0.000015 0.041305 -0.467337 -0.054400
110 6.428391 0.000001 -0.288943 -0.000001 -0.000000 -0.000000
111 -1.833771 -13.936460 1.224504 1.568425 -0.013549 -0.412884
112 20.406967 -0.000004 -0.000023 0.016205 0.009734 0.051198
113 21.655487 -0.000008 -0.000015 0.017470 0.077536 0.039966
114 22.360687 -0.000008 -0.000031 0.030794 -0.020039 -0.052878
115 22.519653 -0.000008 -0.000008 -0.015685 0.215211 -0.067999
116 22.140388 -0.000008 -0.000011 0.009891 0.366005 0.077788
117 -1.699203 -12.875611 4.918509 1.129916 -0.202158 -0.375654
118 20.938614 0.000009 0.000000 0.049520 -0.010904 0.031825
119 21.993622 -0.000013 -0.000053 0.028841 0.059377 0.030257
120 22.563805 -0.000023 -0.000008 0.031787 -0.032692 -0.045209
121 22.643356 -0.000004 -0.000031 -0.027729 0.209485 -0.049828
122 22.238060 -0.000006 -0.000023 -0.022171 0.267002 0.071227
123 -1.634338 -9.854567 8.052346 0.721736 -0.346160 -0.276456
124 22.205276 -0.000001 -0.000023 0.052928 -0.022458 0.016609
125 22.804382 -0.000007 -0.000046 0.027901 0.044262 0.020375
126 23.051666 -0.000002 0.000000 0.030588 -0.051669 -0.039212
127 22.939987 0.000002 -0.000046 -0.022211 0.193434 -0.038441
128 22.472069 -0.000002 -0.000015 -0.025757 0.181612 0.067478
129 -1.616135 -5.333253 10.147437 0.346912 -0.428885 -0.140794
130 23.451294 -0.000002 -0.000023 0.030589 -0.029185 0.009940
131 23.608017 -0.000008 -0.000046 0.015464 0.033474 0.013283
132 23.536240 -0.000006 -0.000046 0.028051 -0.071539 -0.035441
133 23.233971 -0.000001 0.000008 -0.002327 0.175544 -0.036387
134 22.703674 0.000005 -0.000038 -0.004411 0.125180 0.027376
135 -1.614517 -0.000000 10.883349 -0.008589 -0.454292 0.008599
136 23.962128 0.000001 -0.000046 -0.004718 -0.032522 0.008022
137 23.938950 -0.000003 0.000008 -0.003684 0.028448 0.007939
138 23.736023 -0.000003 -0.000038 0.023475 -0.086880 -0.034419
139 23.354973 0.000005 -0.000038 0.022720 0.163481 -0.040488
140 22.798943 -0.000008 -0.000031 0.022967 0.101175 -0.020211
141 -1.616135 5.333251 10.147422 -0.364549 -0.426529 0.157394
142 23.451324 -0.000005 -0.000008 -0.039563 -0.032423 0.005632
143 23.608032 -0.000000 -0.000053 -0.022930 0.029888 0.002102
144 23.536240 0.000002 -0.000015 0.016032 -0.095072 -0.034578
145 23.233986 -0.000014 -0.000015 0.044909 0.159702 -0.046093
146 22.703682 0.000016 0.000000 0.049617 0.108987 -0.074203
147 -1.634338 9.854565 8.052344 -0.738108 -0.341717 0.291363
148 22.205261 0.000006 0.000000 -0.063335 -0.028890 -0.002661
149 22.804443 0.000008 -0.000061 -0.036467 0.037325 -0.006733
150 23.051636 0.000000 0.000000 0.005362 -0.096676 -0.040407
151 22.939987 -0.000002 -0.000008 0.053898 0.161732 -0.048267
152 22.472084 0.000008 -0.000031 0.063573 0.149802 -0.143159
153 -1.699203 12.875607 4.918525 -1.144529 -0.196254 0.388094
154 20.938614 0.000022 0.000000 -0.060953 -0.020170 -0.020981
155 21.993607 -0.000002 -0.000069 -0.038728 0.049838 -0.019588
156 22.563797 0.000008 -0.000023 -0.008713 -0.093890 -0.048944
157 22.643372 0.000013 -0.000031 0.043050 0.163038 -0.046810
158 22.238037 -0.000002 -0.000015 0.043786 0.219035 -0.159971
159 -1.833771 13.936458 1.224504 -1.582737 -0.007119 0.422483
160 20.406967 0.000008 -0.000038 -0.029743 -0.000996 -0.044802
161 21.655502 0.000013 0.000000 -0.029423 0.066849 -0.033211
162 22.360641 0.000010 -0.000015 -0.000442 -0.154825 -0.074615
163 22.519669 0.000008 -0.000023 0.048796 0.109053 -0.074860
164 22.140381 0.000008 -0.000008 -0.020290 0.307906 -0.166603
165 -1.972580 12.875609 -3.614555 -1.856421 0.105399 0.385326
166 20.655151 0.000010 -0.000015 -0.014338 0.013380 -0.051369
167 21.762253 0.000008 -0.000015 -0.029551 0.073793 -0.034480
168 22.392166 0.000017 -0.000023 -0.041628 -0.092552 -0.060924
169 22.541344 0.000023 -0.000023 -0.028978 0.142245 -0.046235
170 22.217499 0.000015 -0.000015 -0.083673 0.357119 -0.183628
171 -1.967316 9.854567 -7.722432 -2.186479 0.194967 0.287389
172 21.272736 0.000007 0.000000 0.001554 0.029268 -0.050445
173 22.032516 0.000027 -0.000053 -0.025572 0.075211 -0.032724
174 22.475662 0.000004 -0.000008 -0.051253 -0.108394 -0.065461
175 22.598717 0.000008 -0.000015 -0.055188 0.108341 -0.047651
176 22.407982 0.000011 -0.000011 -0.099158 0.398297 -0.142306
177 -1.900848 5.333252 -10.470076 -2.618473 0.249346 0.152425
178 21.914322 0.000008 -0.000015 0.006740 0.048175 -0.035128
179 22.319839 -0.000006 0.000000 -0.018472 0.078265 -0.023277
180 22.569641 0.000002 -0.000004 -0.043364 -0.119627 -0.075181
181 22.663216 0.000023 -0.000008 -0.054622 0.078509 -0.061745
182 22.604523 0.000011 -0.000019 -0.002523 0.437015 0.023681
183 -1.865585 -0.000002 -11.435440 3.133585 0.266391 0.002570
184 22.186676 -0.000004 -0.000011 -0.008914 0.059891 -0.003171
185 22.443726 -0.000002 -0.000008 -0.008300 0.082873 -0.002976
186 22.611542 -0.000005 -0.000008 -0.010370 -0.110344 -0.085497
187 22.692024 0.000006 0.000008 -0.016933 0.077447 -0.079782
188 22.687645 0.000010 0.000000 -0.040285 0.456232 -0.082380
189 -1.900848 -5.333257 -10.470070 2.602301 0.246975 -0.146927
190 21.914337 0.000008 -0.000008 -0.023699 0.053653 0.030611
191 22.319824 -0.000022 0.000000 0.002372 0.083912 0.019322
192 22.569626 0.000003 -0.000027 0.025832 -0.081970 -0.086954
193 22.663246 -0.000015 0.000008 0.018105 0.111762 -0.097596
194 22.604530 0.000010 0.000004 0.026292 0.463268 -0.012634
195 -1.967285 -9.854565 -7.722441 2.170759 0.190538 -0.280915
196 21.272720 -0.000019 -0.000008 -0.017292 0.038223 0.049795
197 22.032471 -0.000001 -0.000015 0.010846 0.084199 0.032760
198 22.475677 -0.000010 -0.000023 0.038844 -0.049112 -0.078791
199 22.598709 0.000003 -0.000011 0.023258 0.160724 -0.098857
200 22.407997 -0.000007 -0.000008 0.075846 0.452023 0.040914
201 -1.972580 -12.875609 -3.614562 1.841424 0.099499 -0.377371
202 20.655182 0.000007 -0.000015 -0.000331 0.023788 0.054594
203 21.762283 -0.000013 -0.000015 0.015815 0.084092 0.038318
204 22.392181 -0.000008 -0.000031 0.037014 -0.025331 -0.066672
205 22.541359 -0.000008 -0.000015 0.007167 0.200341 -0.087262
206 22.217522 0.000005 0.000000 0.059954 0.420703 0.072287
207 0.059621 0.456168 0.250107 0.000000 -0.000000 0.000000
208 0.059621 0.456168 0.250107 0.000000 -0.000000 0.000000
time 37
  0 0.059621 0.456168 0.250107 0.000000 -0.000000 0.000000
  1 0.059621 0.456168 0.250107 0.000000 -0.000000 0.000000
  2 0.059621 0.456168 0.250107 0.000000 -0.000000 0.000000
  3 0.059621 0.456168 0.250107 0.000000 -0.000000 0.000000
  4 0.059621 0.456168 0.250107 0.000000 -0.000000 0.000000
  5 0.059621 0.456168 0.250107 0.000000 -0.000000 0.000000
  6 0.059621 0.456168 0.250107 0.000000 -0.000000 0.000000
  7 0.059621 0.456168 0.250107 0.000000 -0.000000 0.000000
  8 0.059621 0.456168 0.250107 0.000000 -0.000000 0.000000
  9 0.059621 0.456168 0.250107 0.000000 -0.000000 0.000000
 10 -86.546600 81.512405 132.178650 -1.241095 -0.080263 -2.441740
 11 24.668247 0.000015 -0.000046 0.846720 -0.578549 0.236794
 12 30.380150 0.000015 0.000015 1.665797 0.027304 0.393882
 13 19.902096 0.000015 -0.000015 0.011652 -0.100174 -0.024741
 14 69.585167 -108.066467 107.458252 1.907526 0.003629 0.845522
 15 35.349510 0.000015 0.000008 -1.475158 0.272810 0.079998
 16 37.124321 0.000000 -0.000031 -1.000691 0.293738 0.684722
 17 0.059621 0.456168 0.250107 0.064768 -0.005215 -0.156772
 18 0.059621 0.456168 150.834366 1.570796 1.570796 0.000000
 19 -65.799545 -0.000020 1.142855 0.000000 0.000515 3.141077
 20 11.181564 0.005760 -0.002411 0.000000 0.303079 0.000515
 21 27.835175 -0.000000 0.000015 -3.141592 -0.129896 -0.000000
 22 5.330383 -0.000001 -0.000008 -3.139541 0.460786 0.005917
 23 10.134888 -4.133392 3.834183 -0.514967 -1.000373 -2.702817
 24 10.134888 4.133399 3.834183 0.512543 -1.000993 2.704392
 25 22.592377 0.000009 17.467087 -0.000010 2.816287 0.000000
 26 21.199982 -7.744008 14.169487 -0.727721 -0.258015 -2.937600
 27 18.142029 -13.440227 7.965752 1.349139 -0.219797 2.960332
 28 21.199982 7.744022 14.169472 0.726420 -0.258324 2.937559
 29 18.142029 13.440235 7.965752 -0.362373 -0.311001 -3.035283
 30 11.858856 -13.359998 3.526497 1.445309 3.112653 0.296783
 31 9.463257 -16.404865 -2.906052 1.445382 3.112399 0.298843
 32 9.125290 -10.885474 -11.371346 0.000496 2.822229 0.000256
 33 11.858856 13.360004 3.526459 -1.445216 3.112910 -0.296786
 34 9.463257 16.404865 -2.906036 -1.445289 3.112655 -0.298847
 35 9.125290 10.885471 -11.371315 -0.000492 2.822228 0.000256
 36 9.023254 -0.000003 -17.296196 0.000180 -0.307192 -3.141356
 37 12.691467 -0.000003 -19.438782 0.019934 2.197812 0.023810
 38 10.989418 0.000002 0.000000 0.000000 -0.778630 0.000000
 39 12.871490 -10.586840 -15.652489 0.991889 2.526982 0.698420
 40 10.726997 0.000000 -0.000031 -0.142313 -0.775080 0.142401
 41 12.871490 10.586841 -15.652481 -0.917243 2.467327 -0.639915
 42 10.726982 -0.000015 0.000000 0.093319 -0.777900 -0.092890
 43 12.847229 -17.570082 -4.701355 1.262726 2.667990 0.921076
 44 11.496506 0.000000 -0.000031 -0.200880 -0.727876 0.205949
 45 12.847198 17.570082 -4.701385 -1.214727 2.593322 -0.890893
 46 11.496475 0.000000 0.000000 0.201471 -0.727672 -0.206424
 47 28.485962 0.000010 16.460327 -0.000001 -0.366870 0.000000
 48 23.052765 -6.207911 -0.077286 -1.470206 0.035100 -1.833545
 49 9.436909 -0.000008 -0.000031 -0.064258 -0.422990 -1.180184
 50 31.269325 -0.000015 0.000015 -0.330216 0.187735 -1.057389
 51 28.756500 0.000011 0.000015 -0.001117 0.032665 0.001416
 52 2.251984 -2.464403 -1.141647 0.481305 0.508197 -0.319329
 53 3.674040 0.000000 0.000031 -0.277611 0.179024 0.194713
 54 3.614695 0.000008 -0.000015 0.013156 0.193871 -0.001558
 55 9.035507 -2.494944 0.484573 -0.001362 0.302449 0.001673
 56 2.943581 0.000002 -0.000031 0.010585 0.293657 -0.007800
 57 2.649431 0.000000 0.000000 -0.006498 0.303243 0.008512
 58 9.093620 -0.386665 0.647720 0.020190 0.475380 -0.012607
 59 3.451885 0.000004 0.000061 -0.014209 0.528778 0.009212
 60 2.898178 0.000002 0.000031 -0.000683 0.490858 0.000916
 61 8.894585 1.605858 0.371918 -0.000566 0.547851 0.000704
 62 3.130405 0.000002 0.000031 0.003896 0.567158 -0.005064
 63 2.629532 0.000004 -0.000061 0.004892 0.544388 -0.006589
 64 8.470612 3.459528 0.131500 -0.021715 0.541478 0.011456
 65 2.410259 0.000002 -0.000031 0.022815 0.529939 -0.013321
 66 2.000778 0.000002 0.000015 -0.005415 0.533618 0.007402
 67 23.052765 6.207909 -0.077301 1.481823 0.058643 2.080206
 68 9.436897 0.000019 0.000000 -0.813788 -0.307997 1.004051
 69 31.269348 0.000000 0.000000 0.460012 -0.596635 0.766701
 70 28.756531 -0.000019 0.000015 0.453140 0.073766 0.326734
 71 2.251907 2.464409 -1.141556 -0.513217 0.249535 0.112914
 72 3.674088 0.000000 -0.000046 0.331388 -0.059506 -0.325011
 73 3.614677 0.000004 0.000015 0.067360 -0.216133 -0.086857
 74 9.035416 2.494946 0.484421 0.001362 -0.011534 -0.001673
 75 2.943558 0.000004 -0.000031 -0.011498 -0.020268 0.014556
 76 2.649445 0.000000 0.000046 0.006498 -0.010740 -0.008512
 77 9.093704 0.386677 0.647797 -0.018031 0.093461 0.020165
 78 3.451866 -0.000008 0.000000 0.014953 0.008589 -0.019838
 79 2.898201 0.000000 0.000000 0.000684 -0.029445 -0.000917
 80 8.894424 -1.605850 0.371918 0.000566 0.090541 -0.000704
 81 3.130432 -0.000008 -0.000061 -0.003896 -0.009289 0.005063
 82 2.629517 -0.000004 0.000015 -0.004892 -0.032059 0.006589
 83 8.470627 -3.459518 0.131409 0.018786 0.137518 -0.020073
 84 2.410278 -0.000008 -0.000031 -0.024238 -0.029075 0.031299
 85 2.000755 0.000000 0.000031 0.005415 -0.025697 -0.007402
 86 9.832352 1.463058 -1.299438 0.016523 -0.031798 -0.020624
 87 25.040588 -5.670406 5.432793 -1.312160 -0.224887 -2.136065
 88 28.779709 -6.856310 -0.811417 -1.466235 0.019064 -1.725377
 89 29.182297 -3.955566 -4.961960 0.881869 2.552753 0.503940
 90 25.040573 5.670406 5.432755 1.296833 -0.398765 2.185823
 91 28.779739 6.856310 -0.811394 1.466235 0.019065 1.725381
 92 29.182281 3.955564 -4.961933 -0.881870 2.552752 -0.503940
 93 -65.335648 -0.000020 1.140918 -3.141591 0.044911 0.000000
 94 26.290924 -12.205288 1.157884 -2.070083 -0.038774 0.026034
 95 49.071045 0.000008 0.000014 2.179705 0.127556 -0.112856
 96 61.871315 -0.000009 -0.000023 3.080256 0.672597 0.035641
 97 26.290924 12.205295 1.157843 2.050400 0.098411 -0.102283
 98 49.071045 0.000005 -0.000030 -2.187262 0.154733 0.063501
 99 61.871307 0.000016 -0.000032 -2.944714 0.642381 0.102744
100 -0.698059 -11.192116 -8.252762 1.220623 -0.414538 -0.699123
101 20.568230 -0.000006 -0.000015 0.010299 -0.455408 -0.145227
102 0.223785 -5.734809 -12.929604 2.934012 0.506488 -0.402583
103 20.803574 -0.000023 -0.000031 0.034950 -0.429203 -0.137551
104 -1.040009 -3.033968 12.140512 1.554517 0.104601 -1.288764
105 -1.039993 3.034004 12.140500 -1.554518 0.104604 1.288764
106 4.165451 -5.407045 12.088391 1.048347 -1.016460 -0.714343
107 16.599442 -0.000008 -0.000031 -0.047498 -0.305589 0.054754
108 4.165482 5.407080 12.088380 -1.010921 -0.755517 0.867439
109 16.599380 0.000007 -0.000015 0.045199 -0.538282 -0.060642
110 6.428391 0.000001 -0.288943 -0.000001 -0.000000 -0.000000
111 -1.833771 -13.936460 1.224504 1.568432 -0.013632 -0.413468
112 20.406967 -0.000004 -0.000015 0.016605 0.006315 0.051740
113 21.655502 -0.000008 -0.000023 0.017805 0.069293 0.041659
114 22.360672 -0.000008 -0.000015 0.030518 -0.028194 -0.050155
115 22.519669 -0.000008 -0.000008 -0.015853 0.223037 -0.067776
116 22.140404 -0.000006 -0.000008 0.009917 0.338632 0.078122
117 -1.699203 -12.875611 4.918509 1.130025 -0.202491 -0.376194
118 20.938614 0.000010 -0.000008 0.049532 -0.014580 0.032307
119 21.993622 -0.000010 -0.000053 0.028846 0.050346 0.032074
120 22.563797 -0.000021 -0.000008 0.031606 -0.042090 -0.042518
121 22.643341 -0.000002 -0.000031 -0.028073 0.216553 -0.050381
122 22.238068 -0.000006 -0.000023 -0.021594 0.239709 0.069733
123 -1.634338 -9.854567 8.052346 0.722239 -0.346675 -0.276861
124 22.205292 -0.000001 -0.000023 0.052929 -0.026310 0.016952
125 22.804398 -0.000009 -0.000046 0.028077 0.034610 0.021839
126 23.051666 -0.000006 0.000000 0.030380 -0.062124 -0.037058
127 22.939980 0.000000 -0.000038 -0.022647 0.199983 -0.039323
128 22.472069 -0.000001 0.000000 -0.026282 0.154310 0.069941
129 -1.616135 -5.333253 10.147437 0.347000 -0.429501 -0.141004
130 23.451309 -0.000000 -0.000031 0.030588 -0.033105 0.010139
131 23.608017 -0.000006 -0.000038 0.015560 0.023467 0.014115
132 23.536232 -0.000006 -0.000046 0.027704 -0.082704 -0.034215
133 23.233978 -0.000004 -0.000008 -0.002514 0.181839 -0.037038
134 22.703682 0.000006 -0.000031 -0.004236 0.097872 0.026427
135 -1.614517 -0.000000 10.883349 -0.008595 -0.454933 0.008612
136 23.962143 0.000001 -0.000031 -0.004350 -0.036436 0.008067
137 23.938980 -0.000003 -0.000008 -0.003494 0.018250 0.008036
138 23.736023 -0.000003 -0.000031 0.023463 -0.098432 -0.034226
139 23.354980 0.000005 -0.000031 0.022737 0.169495 -0.040677
140 22.798943 -0.000008 -0.000031 0.023157 0.073868 -0.020538
141 -1.616135 5.333251 10.147422 -0.364282 -0.427151 0.157632
142 23.451294 -0.000005 0.000000 -0.039555 -0.036345 0.005534
143 23.608032 -0.000000 -0.000046 -0.022945 0.019779 0.001444
144 23.536247 0.000004 -0.000015 0.016115 -0.106454 -0.035572
145 23.233986 -0.000012 -0.000031 0.044976 0.166052 -0.045617
146 22.703682 0.000017 -0.000015 0.051963 0.081730 -0.078806
147 -1.634338 9.854565 8.052344 -0.738250 -0.342222 0.291787
148 22.205276 0.000006 -0.000008 -0.062961 -0.032793 -0.002933
149 22.804443 0.000007 -0.000076 -0.036412 0.027494 -0.008069
150 23.051643 0.000002 0.000000 0.005688 -0.107564 -0.042402
151 22.939980 -0.000002 -0.000015 0.054068 0.167971 -0.047895
152 22.472084 0.000011 -0.000031 0.065232 0.122575 -0.149238
153 -1.699203 12.875607 4.918525 -1.145003 -0.196577 0.388649
154 20.938614 0.000021 -0.000015 -0.060955 -0.023917 -0.021423
155 21.993576 0.000000 -0.000061 -0.038929 0.040572 -0.021328
156 22.563812 0.000010 -0.000015 -0.008425 -0.103805 -0.051777
157 22.643372 0.000011 -0.000031 0.043189 0.169650 -0.046723
158 22.238037 0.000000 -0.000015 0.045183 0.191773 -0.164579
159 -1.833771 13.936458 1.224504 -1.582742 -0.007195 0.423085
160 20.406967 0.000008 -0.000038 -0.029768 -0.004495 -0.045335
161 21.655533 0.000013 -0.000015 -0.029717 0.058326 -0.034982
162 22.360664 0.000011 -0.000031 -0.000019 -0.163574 -0.077805
163 22.519661 0.000011 -0.000023 0.048948 0.116042 -0.076032
164 22.140388 0.000008 -0.000015 -0.020697 0.280520 -0.166175
165 -1.972580 12.875609 -3.614555 -1.856364 0.105474 0.385867
166 20.655182 0.000009 -0.000023 -0.014008 0.010205 -0.051899
167 21.762268 0.000008 -0.000023 -0.029475 0.066094 -0.036158
168 22.392166 0.000017 -0.000031 -0.041222 -0.100048 -0.063859
169 22.541344 0.000015 -0.000046 -0.028683 0.149741 -0.047270
170 22.217506 0.000015 -0.000023 -0.085005 0.329822 -0.181302
171 -1.967316 9.854567 -7.722432 -2.186035 0.195168 0.287797
172 21.272720 0.000006 -0.000008 0.001517 0.026681 -0.050915
173 22.032516 0.000025 -0.000046 -0.025808 0.069061 -0.034114
174 22.475677 0.000008 -0.000008 -0.050935 -0.114041 -0.068043
175 22.598724 0.000008 -0.000008 -0.055048 0.115376 -0.048680
176 22.407982 0.000019 -0.000015 -0.097759 0.371192 -0.138943
177 -1.900848 5.333252 -10.470076 -2.618784 0.249627 0.152644
178 21.914322 0.000009 -0.000015 0.006712 0.046195 -0.035429
179 22.319855 -0.000006 0.000000 -0.018469 0.073700 -0.024188
180 22.569626 0.000002 -0.000004 -0.043289 -0.123366 -0.076826
181 22.663208 0.000021 -0.000008 -0.054558 0.084988 -0.062684
182 22.604530 0.000015 -0.000023 -0.000179 0.409621 0.023323
183 -1.865585 -0.000002 -11.435440 3.133586 0.266692 0.002574
184 22.186691 -0.000003 -0.000011 -0.008553 0.058187 -0.003210
185 22.443726 -0.000002 -0.000008 -0.008324 0.078990 -0.003154
186 22.611526 -0.000005 -0.000008 -0.010271 -0.113167 -0.085947
187 22.692009 0.000006 0.000008 -0.016966 0.083684 -0.080591
188 22.687653 0.000011 0.000000 -0.040636 0.428827 -0.081378
189 -1.900848 -5.333257 -10.470070 2.602250 0.247247 -0.147134
190 21.914352 0.000008 -0.000015 -0.023675 0.051731 0.030840
191 22.319839 -0.000022 0.000000 0.002484 0.079429 0.019951
192 22.569611 0.000004 -0.000023 0.025715 -0.085315 -0.085953
193 22.663246 -0.000015 0.000011 0.017968 0.119040 -0.097995
194 22.604523 0.000011 0.000004 0.026696 0.435851 -0.013365
195 -1.967285 -9.854565 -7.722441 2.170688 0.190720 -0.281289
196 21.272720 -0.000018 -0.000008 -0.017619 0.035706 0.050212
197 22.032471 0.000000 -0.000023 0.010708 0.078269 0.033962
198 22.475708 -0.000013 -0.000031 0.038671 -0.054378 -0.076831
199 22.598709 0.000003 -0.000015 0.022984 0.168444 -0.098823
200 22.408005 -0.000003 -0.000008 0.077068 0.424670 0.038878
201 -1.972580 -12.875609 -3.614562 1.841370 0.099568 -0.377909
202 20.655151 0.000008 -0.000015 -0.000654 0.020714 0.055102
203 21.762283 -0.000011 -0.000015 0.016122 0.076702 0.039840
204 22.392166 -0.000010 -0.000031 0.037325 -0.032296 -0.064266
205 22.541344 -0.000008 -0.000023 0.007007 0.208157 -0.087033
206 22.217514 0.000007 -0.000004 0.059189 0.393372 0.070451
207 0.059621 0.456168 0.250107 0.000000 -0.000000 0.000000
208 0.059621 0.456168 0.250107 0.000000 -0.000000 0.000000
time 38
  0 0.059621 0.456168 0.250107 0.000000 -0.000000 0.000000
  1 0.059621 0.456168 0.250107 0.000000 -0.000000 0.000000
  2 0.059621 0.456168 0.250107 0.000000 -0.000000 0.000000
  3 0.059621 0.456168 0.250107 0.000000 -0.000000 0.000000
  4 0.059621 0.456168 0.250107 0.000000 -0.000000 0.000000
  5 0.059621 0.456168 0.250107 0.000000 -0.000000 0.000000
  6 0.059621 0.456168 0.250107 0.000000 -0.000000 0.000000
  7 0.059621 0.456168 0.250107 0.000000 -0.000000 0.000000
  8 0.059621 0.456168 0.250107 0.000000 -0.000000 0.000000
  9 0.059621 0.456168 0.250107 0.000000 -0.000000 0.000000
 10 -80.466141 106.252403 133.424240 -1.241095 -0.080263 -2.646140
 11 24.668243 0.000015 -0.000046 0.820941 -0.650997 0.263794
 12 30.380152 0.000015 0.000008 1.668728 0.018285 0.420472
 13 19.902092 0.000015 -0.000015 0.012292 -0.106972 -0.026356
 14 47.518177 -121.981438 107.458252 1.911352 -0.006611 0.666678
 15 35.349506 0.000015 0.000015 -1.469421 0.239494 0.074516
 16 37.124329 0.000000 -0.000031 -0.998055 0.306765 0.687948
 17 0.059621 0.456168 0.250107 0.064768 -0.005215 -0.156772
 18 0.059621 0.456168 150.834366 1.570796 1.570796 0.000000
 19 -65.799545 -0.000020 1.142855 0.000000 0.000515 3.141077
 20 11.181564 0.005760 -0.002411 0.000000 0.300166 0.000515
 21 27.835190 -0.000000 0.000023 -3.141592 -0.129896 -0.000000
 22 5.330368 -0.000001 0.000000 -3.137549 0.467102 0.005847
 23 10.134888 -4.133392 3.834190 -0.528140 -1.012536 -2.688340
 24 10.134888 4.133399 3.834190 0.525573 -1.013201 2.690020
 25 22.592331 0.000009 17.467102 -0.000010 2.803357 0.000000
 26 21.199997 -7.744008 14.169487 -0.730923 -0.268085 -2.929735
 27 18.142014 -13.440226 7.965759 1.354414 -0.224005 2.948461
 28 21.199966 7.744022 14.169487 0.729577 -0.268404 2.929692
 29 18.141983 13.440237 7.965759 -0.364160 -0.323216 -3.031149
 30 11.858871 -13.359997 3.526505 1.442005 3.111710 0.309089
 31 9.463272 -16.404869 -2.906052 1.442080 3.111449 0.311149
 32 9.125275 -10.885473 -11.371338 0.000496 2.809299 0.000256
 33 11.858871 13.360004 3.526459 -1.441909 3.111975 -0.309092
 34 9.463272 16.404865 -2.906036 -1.441985 3.111714 -0.311153
 35 9.125275 10.885473 -11.371315 -0.000492 2.809299 0.000256
 36 9.023239 -0.000003 -17.296181 0.000180 -0.320121 -3.141356
 37 12.691452 -0.000003 -19.438774 0.021820 2.189350 0.025966
 38 10.989399 0.000002 0.000000 0.000000 -0.758584 0.000000
 39 12.871475 -10.586842 -15.652489 0.996459 2.524844 0.706470
 40 10.727005 0.000000 -0.000015 -0.139114 -0.755500 0.138539
 41 12.871475 10.586840 -15.652489 -0.921120 2.462948 -0.646449
 42 10.726982 -0.000023 0.000015 0.091726 -0.758227 -0.090651
 43 12.847214 -17.570084 -4.701347 1.264589 2.669132 0.925355
 44 11.496498 0.000000 -0.000046 -0.197260 -0.708530 0.201000
 45 12.847183 17.570080 -4.701370 -1.216768 2.592201 -0.895157
 46 11.496460 0.000000 -0.000015 0.197832 -0.708333 -0.201459
 47 28.485947 0.000010 16.460327 -0.000001 -0.368336 0.000000
 48 23.052780 -6.207911 -0.077286 -1.470206 0.035100 -1.833545
 49 9.436905 -0.000004 -0.000046 -0.054122 -0.426128 -1.125614
 50 31.269325 -0.000015 0.000046 -0.316562 0.167117 -0.998204
 51 28.756500 0.000006 0.000031 -0.001117 0.032665 0.001416
 52 2.251984 -2.464409 -1.141647 0.481305 0.508197 -0.319329
 53 3.674043 -0.000031 -0.000015 -0.277611 0.179024 0.194713
 54 3.614689 0.000015 0.000000 0.013156 0.193871 -0.001558
 55 9.035507 -2.494946 0.484558 -0.001362 0.302449 0.001673
 56 2.943573 0.000000 -0.000031 0.010585 0.293657 -0.007800
 57 2.649429 -0.000002 0.000031 -0.006498 0.303243 0.008512
 58 9.093628 -0.386673 0.647720 0.020190 0.475380 -0.012607
 59 3.451883 0.000006 0.000031 -0.014209 0.528778 0.009212
 60 2.898193 0.000004 0.000015 -0.000683 0.490858 0.000916
 61 8.894592 1.605848 0.371933 -0.000566 0.547851 0.000704
 62 3.130402 -0.000002 0.000031 0.003896 0.567158 -0.005064
 63 2.629547 0.000002 -0.000046 0.004892 0.544388 -0.006589
 64 8.470627 3.459524 0.131500 -0.021715 0.541478 0.011455
 65 2.410259 0.000000 -0.000031 0.022815 0.529939 -0.013321
 66 2.000793 0.000000 0.000015 -0.005415 0.533618 0.007402
 67 23.052765 6.207909 -0.077309 1.481823 0.058643 2.080206
 68 9.436897 0.000019 -0.000015 -0.842980 -0.330038 0.966679
 69 31.269337 -0.000008 0.000000 0.449693 -0.589984 0.706815
 70 28.756516 -0.000011 0.000015 0.445492 0.103496 0.314230
 71 2.251907 2.464409 -1.141556 -0.513217 0.249535 0.112914
 72 3.674080 0.000008 -0.000015 0.331388 -0.059506 -0.325011
 73 3.614677 0.000004 0.000015 0.067360 -0.216133 -0.086857
 74 9.035416 2.494942 0.484406 0.001362 -0.011534 -0.001673
 75 2.943573 0.000000 -0.000015 -0.011497 -0.020268 0.014556
 76 2.649445 -0.000004 0.000000 0.006498 -0.010740 -0.008512
 77 9.093697 0.386669 0.647781 -0.018031 0.093461 0.020165
 78 3.451859 0.000004 -0.000015 0.014953 0.008589 -0.019838
 79 2.898201 -0.000011 -0.000015 0.000684 -0.029445 -0.000917
 80 8.894424 -1.605846 0.371918 0.000566 0.090541 -0.000704
 81 3.130424 0.000004 -0.000046 -0.003896 -0.009289 0.005063
 82 2.629517 0.000004 0.000031 -0.004892 -0.032059 0.006589
 83 8.470612 -3.459518 0.131393 0.018786 0.137518 -0.020073
 84 2.410278 0.000000 -0.000031 -0.024238 -0.029075 0.031299
 85 2.000755 0.000000 0.000000 0.005415 -0.025697 -0.007402
 86 9.832352 1.463066 -1.299438 0.016522 -0.031798 -0.020624
 87 25.040604 -5.670406 5.432800 -1.312160 -0.224887 -2.136065
 88 28.779709 -6.856310 -0.811424 -1.466235 0.019064 -1.725377
 89 29.182327 -3.955566 -4.961960 0.881869 2.552753 0.503940
 90 25.040573 5.670406 5.432755 1.296833 -0.398765 2.185823
 91 28.779739 6.856310 -0.811401 1.466235 0.019065 1.725381
 92 29.182297 3.955564 -4.961941 -0.881870 2.552752 -0.503941
 93 -65.335648 -0.000020 1.140918 -3.141591 0.044911 0.000000
 94 26.290924 -12.205288 1.157884 -2.070166 -0.037488 0.028392
 95 49.071030 0.000008 0.000012 2.179705 0.127556 -0.112856
 96 61.871300 -0.000009 -0.000023 3.080256 0.672597 0.035641
 97 26.290924 12.205295 1.157843 2.050044 0.100183 -0.105715
 98 49.071045 0.000004 -0.000028 -2.187262 0.154733 0.063501
 99 61.871315 0.000016 -0.000031 -2.944714 0.642381 0.102744
100 -0.698059 -11.192116 -8.252762 1.220975 -0.414973 -0.699998
101 20.568253 -0.000009 -0.000015 0.010299 -0.506873 -0.145430
102 0.223785 -5.734809 -12.929604 2.933754 0.506970 -0.403114
103 20.803558 -0.000015 -0.000023 0.041988 -0.508144 -0.137995
104 -1.040009 -3.033968 12.140512 1.554517 0.104601 -1.288764
105 -1.039993 3.034004 12.140500 -1.554518 0.104604 1.288764
106 4.165451 -5.407045 12.088391 1.050546 -1.017516 -0.716321
107 16.599442 -0.000004 -0.000015 -0.050711 -0.393674 0.061067
108 4.165482 5.407080 12.088380 -1.005716 -0.751291 0.859497
109 16.599380 0.000008 -0.000015 0.049731 -0.611220 -0.067293
110 6.428391 0.000001 -0.288943 -0.000001 -0.000000 -0.000000
111 -1.833771 -13.936460 1.224504 1.568439 -0.013699 -0.413932
112 20.406967 -0.000004 -0.000023 0.016267 0.003394 0.052199
113 21.655487 -0.000008 -0.000008 0.017635 0.061622 0.043239
114 22.360687 -0.000010 -0.000015 0.030423 -0.037221 -0.047404
115 22.519676 -0.000010 -0.000015 -0.015721 0.227225 -0.066866
116 22.140404 -0.000010 -0.000015 0.009938 0.264334 0.078398
117 -1.699203 -12.875611 4.918509 1.129743 -0.202746 -0.376608
118 20.938599 0.000011 0.000000 0.049389 -0.017755 0.032716
119 21.993607 -0.000011 -0.000061 0.029069 0.042017 0.033687
120 22.563797 -0.000021 0.000000 0.031368 -0.052350 -0.039715
121 22.643356 -0.000002 -0.000031 -0.027819 0.219821 -0.049809
122 22.238068 -0.000006 -0.000015 -0.020763 0.165628 0.067427
123 -1.634338 -9.854567 8.052346 0.722349 -0.347087 -0.277185
124 22.205292 -0.000000 -0.000015 0.052929 -0.029622 0.017239
125 22.804398 -0.000006 -0.000046 0.028067 0.025686 0.023186
126 23.051666 -0.000004 -0.000008 0.030282 -0.073348 -0.034818
127 22.939987 -0.000002 -0.000038 -0.022718 0.202549 -0.039290
128 22.472069 0.000002 -0.000015 -0.027257 0.080204 0.073429
129 -1.616135 -5.333253 10.147437 0.347070 -0.429994 -0.141172
130 23.451309 -0.000001 -0.000031 0.030320 -0.036446 0.010290
131 23.608017 -0.000006 -0.000031 0.015451 0.014216 0.014896
132 23.536240 -0.000003 -0.000046 0.027484 -0.094664 -0.032924
133 23.233971 0.000001 0.000008 -0.002770 0.183949 -0.036943
134 22.703682 0.000003 -0.000023 -0.004046 0.023748 0.025178
135 -1.614517 -0.000000 10.883349 -0.008599 -0.455426 0.008622
136 23.962143 0.000001 -0.000046 -0.004712 -0.039802 0.008106
137 23.938965 -0.000003 0.000008 -0.003613 0.008852 0.008137
138 23.736023 -0.000003 -0.000023 0.023353 -0.110629 -0.034105
139 23.354980 0.000005 -0.000046 0.022573 0.171496 -0.040623
140 22.798943 -0.000009 -0.000031 0.023381 -0.000250 -0.021076
141 -1.616135 5.333251 10.147422 -0.364725 -0.427639 0.157819
142 23.451309 -0.000006 0.000000 -0.039547 -0.039685 0.005441
143 23.608032 0.000000 -0.000053 -0.022955 0.010416 0.000825
144 23.536240 0.000003 -0.000023 0.016257 -0.118663 -0.036625
145 23.233986 -0.000013 -0.000031 0.044977 0.167990 -0.045702
146 22.703690 0.000017 -0.000015 0.055132 0.007747 -0.085719
147 -1.634338 9.854565 8.052344 -0.738365 -0.342631 0.292130
148 22.205246 0.000004 0.000000 -0.063319 -0.036098 -0.003164
149 22.804443 0.000010 -0.000069 -0.036484 0.018415 -0.009276
150 23.051636 0.000000 0.000000 0.005633 -0.119234 -0.044591
151 22.939972 0.000000 -0.000008 0.054075 0.170159 -0.047957
152 22.472076 0.000006 -0.000031 0.068075 0.048673 -0.157896
153 -1.699203 12.875607 4.918525 -1.145090 -0.196836 0.389094
154 20.938583 0.000020 0.000000 -0.060955 -0.027117 -0.021793
155 21.993607 0.000000 -0.000069 -0.039092 0.032001 -0.022938
156 22.563812 0.000010 -0.000015 -0.008438 -0.114547 -0.054674
157 22.643356 0.000008 -0.000038 0.043232 0.172341 -0.047439
158 22.238037 0.000000 -0.000008 0.047029 0.117777 -0.170748
159 -1.833771 13.936458 1.224504 -1.582745 -0.007255 0.423564
160 20.406952 0.000008 -0.000038 -0.030152 -0.007481 -0.045788
161 21.655518 0.000013 -0.000015 -0.029694 0.050412 -0.036632
162 22.360649 0.000008 -0.000023 0.000694 -0.173263 -0.080979
163 22.519669 0.000011 -0.000031 0.049164 0.119336 -0.077799
164 22.140396 0.000011 -0.000023 -0.021238 0.206187 -0.165013
165 -1.972580 12.875609 -3.614555 -1.855955 0.105533 0.386286
166 20.655182 0.000010 -0.000015 -0.014399 0.007459 -0.052354
167 21.762253 0.000010 -0.000015 -0.029551 0.058870 -0.037730
168 22.392166 0.000017 -0.000023 -0.040826 -0.108383 -0.066770
169 22.541344 0.000015 -0.000031 -0.028653 0.153729 -0.048957
170 22.217506 0.000015 -0.000015 -0.086703 0.255731 -0.174989
171 -1.967316 9.854567 -7.722432 -2.186338 0.195325 0.288118
172 21.272736 0.000003 0.000000 0.001220 0.024494 -0.051297
173 22.032532 0.000027 -0.000053 -0.026008 0.063351 -0.035364
174 22.475693 0.000010 -0.000008 -0.050591 -0.120392 -0.070590
175 22.598724 0.000008 0.000000 -0.054963 0.119648 -0.050322
176 22.407982 0.000015 -0.000019 -0.094267 0.297621 -0.129813
177 -1.900848 5.333252 -10.470076 -2.618747 0.249820 0.152795
178 21.914322 0.000007 -0.000015 0.006689 0.044502 -0.035683
179 22.319839 -0.000006 0.000000 -0.018960 0.069380 -0.025016
180 22.569626 0.000004 -0.000004 -0.043023 -0.127810 -0.078554
181 22.663223 0.000021 -0.000011 -0.054569 0.089341 -0.063930
182 22.604530 0.000008 -0.000015 0.001908 0.335264 0.022354
183 -1.865585 -0.000002 -11.435440 3.133587 0.266931 0.002577
184 22.186691 -0.000004 -0.000008 -0.008556 0.056724 -0.003243
185 22.443726 -0.000002 -0.000008 -0.007978 0.075359 -0.003288
186 22.611542 -0.000004 -0.000008 -0.010291 -0.116580 -0.086293
187 22.692024 0.000007 0.000004 -0.017030 0.088142 -0.081251
188 22.687653 0.000013 0.000000 -0.041013 0.354443 -0.078656
189 -1.900848 -5.333257 -10.470070 2.602209 0.247469 -0.147304
190 21.914337 0.000008 -0.000008 -0.023655 0.050099 0.031032
191 22.319824 -0.000024 0.000004 0.002578 0.075239 0.020512
192 22.569611 0.000002 -0.000023 0.025635 -0.089443 -0.084939
193 22.663239 -0.000016 0.000015 0.017883 0.123368 -0.097849
194 22.604523 0.000013 0.000008 0.027091 0.361433 -0.015350
195 -1.967285 -9.854565 -7.722441 2.170627 0.190877 -0.281610
196 21.272705 -0.000020 0.000000 -0.017588 0.033561 0.050564
197 22.032471 0.000002 -0.000023 0.010533 0.072744 0.035013
198 22.475693 -0.000011 -0.000034 0.038580 -0.060505 -0.074854
199 22.598717 0.000002 -0.000023 0.023023 0.173363 -0.098447
200 22.407997 -0.000006 -0.000008 0.078229 0.350429 0.033352
201 -1.972580 -12.875609 -3.614562 1.841328 0.099623 -0.378333
202 20.655167 0.000008 -0.000015 -0.000257 0.018077 0.055534
203 21.762283 -0.000011 -0.000008 0.016113 0.069833 0.041233
204 22.392166 -0.000011 -0.000031 0.036876 -0.040123 -0.061733
205 22.541344 -0.000008 -0.000015 0.006898 0.212814 -0.086396
206 22.217514 0.000003 0.000004 0.057113 0.319187 0.065468
207 0.059621 0.456168 0.250107 0.000000 -0.000000 0.000000
208 0.059621 0.456168 0.250107 0.000000 -0.000000 0.000000
time 39
  0 0.059621 0.456168 0.250107 0.000000 -0.000000 0.000000
  1 0.059621 0.456168 0.250107 0.000000 -0.000000 0.000000
  2 0.059621 0.456168 0.250107 0.000000 -0.000000 0.000000
  3 0.059621 0.456168 0.250107 0.000000 -0.000000 0.000000
  4 0.059621 0.456168 0.250107 0.000000 -0.000000 0.000000
  5 0.059621 0.456168 0.250107 0.000000 -0.000000 0.000000
  6 0.059621 0.456168 0.250107 0.000000 -0.000000 0.000000
  7 0.059621 0.456168 0.250107 0.000000 -0.000000 0.000000
  8 0.059621 0.456168 0.250107 0.000000 -0.000000 0.000000
  9 0.059621 0.456168 0.250107 0.000000 -0.000000 0.000000
 10 -73.411934 123.704323 134.293274 -1.241095 -0.080263 -2.816781
 11 24.668243 0.000015 -0.000031 0.814999 -0.676926 0.262604
 12 30.380148 0.000015 0.000015 1.675186 0.008410 0.473494
 13 19.902084 0.000000 -0.000015 0.012919 -0.113640 -0.027939
 14 24.805040 -133.394547 107.458252 1.915061 -0.016538 0.492608
 15 35.349510 0.000000 0.000015 -1.471445 0.243980 0.061475
 16 37.124325 0.000000 -0.000031 -0.995362 0.320072 0.691243
 17 0.059621 0.456168 0.250107 0.064768 -0.005215 -0.156772
 18 0.059621 0.456168 150.834366 1.570796 1.570796 0.000000
 19 -65.799545 -0.000020 1.142855 0.000000 0.000515 3.141077
 20 11.181580 0.005760 -0.002411 0.000000 0.297223 0.000515
 21 27.835175 -0.000000 0.000023 -3.141592 -0.129896 -0.000000
 22 5.330383 -0.000001 -0.000008 -3.135482 0.471052 0.005775
 23 10.134888 -4.133394 3.834198 -0.539614 -1.022562 -2.675805
 24 10.134903 4.133399 3.834198 0.536922 -1.023266 2.677576
 25 22.592377 0.000009 17.467094 -0.000010 2.795166 0.000000
 26 21.199982 -7.744010 14.169495 -0.732952 -0.274465 -2.924752
 27 18.142029 -13.440229 7.965759 1.357757 -0.226671 2.940940
 28 21.199951 7.744023 14.169487 0.731577 -0.274791 2.924708
 29 18.141968 13.440240 7.965767 -0.365293 -0.330955 -3.028530
 30 11.858887 -13.360002 3.526505 1.439912 3.111112 0.316886
 31 9.463303 -16.404867 -2.906044 1.439989 3.110847 0.318946
 32 9.125259 -10.885475 -11.371330 0.000496 2.801108 0.000256
 33 11.858856 13.360007 3.526459 -1.439815 3.111383 -0.316889
 34 9.463272 16.404869 -2.906029 -1.439891 3.111117 -0.318950
 35 9.125290 10.885477 -11.371315 -0.000492 2.801107 0.000256
 36 9.023239 -0.000002 -17.296173 0.000180 -0.328313 -3.141356
 37 12.691437 -0.000002 -19.438774 0.023881 2.179584 0.028242
 38 10.989414 0.000003 -0.000031 0.000000 -0.735169 0.000000
 39 12.871460 -10.586843 -15.652473 1.001808 2.522516 0.715791
 40 10.727005 0.000000 -0.000015 -0.135378 -0.732630 0.134028
 41 12.871490 10.586843 -15.652481 -0.925821 2.458267 -0.654294
 42 10.726974 -0.000015 0.000015 0.089866 -0.735249 -0.088037
 43 12.847229 -17.570087 -4.701347 1.266674 2.670660 0.930143
 44 11.496490 -0.000008 -0.000046 -0.193032 -0.685933 0.195220
 45 12.847168 17.570089 -4.701363 -1.219105 2.591467 -0.899990
 46 11.496460 0.000008 0.000000 0.193581 -0.685743 -0.195661
 47 28.485962 0.000010 16.460342 -0.000001 -0.369227 0.000000
 48 23.052780 -6.207912 -0.077278 -1.470206 0.035100 -1.833545
 49 9.436905 -0.000008 -0.000031 -0.043882 -0.429081 -1.070197
 50 31.269341 -0.000015 0.000046 -0.302666 0.146289 -0.938332
 51 28.756516 0.000004 0.000031 -0.001117 0.032665 0.001416
 52 2.251984 -2.464413 -1.141617 0.481305 0.508197 -0.319329
 53 3.674042 -0.000031 0.000031 -0.277611 0.179024 0.194713
 54 3.614693 0.000015 0.000000 0.013156 0.193871 -0.001558
 55 9.035507 -2.494949 0.484589 -0.001362 0.302449 0.001673
 56 2.943584 0.000000 0.000000 0.010585 0.293657 -0.007800
 57 2.649429 0.000000 0.000031 -0.006498 0.303243 0.008512
 58 9.093613 -0.386673 0.647720 0.020190 0.475380 -0.012607
 59 3.451883 0.000002 0.000000 -0.014209 0.528778 0.009212
 60 2.898163 0.000000 0.000015 -0.000683 0.490858 0.000916
 61 8.894577 1.605854 0.371902 -0.000566 0.547851 0.000704
 62 3.130405 0.000000 0.000061 0.003896 0.567158 -0.005063
 63 2.629532 0.000004 -0.000046 0.004892 0.544389 -0.006589
 64 8.470612 3.459522 0.131516 -0.021715 0.541478 0.011455
 65 2.410271 0.000000 -0.000061 0.022815 0.529939 -0.013321
 66 2.000793 0.000004 0.000015 -0.005415 0.533618 0.007402
 67 23.052780 6.207912 -0.077301 1.481823 0.058643 2.080206
 68 9.436897 0.000019 -0.000015 -0.871759 -0.351768 0.928928
 69 31.269341 -0.000008 0.000015 0.439269 -0.582983 0.647364
 70 28.756516 -0.000015 0.000015 0.437766 0.133529 0.301599
 71 2.251892 2.464401 -1.141556 -0.513217 0.249535 0.112914
 72 3.674091 0.000000 -0.000015 0.331388 -0.059506 -0.325011
 73 3.614677 0.000006 0.000031 0.067360 -0.216133 -0.086857
 74 9.035416 2.494946 0.484436 0.001362 -0.011534 -0.001673
 75 2.943565 0.000008 -0.000015 -0.011497 -0.020268 0.014556
 76 2.649429 -0.000004 0.000015 0.006498 -0.010740 -0.008512
 77 9.093681 0.386665 0.647781 -0.018031 0.093461 0.020165
 78 3.451859 -0.000004 -0.000015 0.014953 0.008589 -0.019838
 79 2.898201 0.000000 0.000000 0.000683 -0.029445 -0.000917
 80 8.894417 -1.605854 0.371918 0.000566 0.090541 -0.000704
 81 3.130440 0.000004 -0.000031 -0.003896 -0.009289 0.005063
 82 2.629517 0.000000 0.000031 -0.004892 -0.032059 0.006589
 83 8.470604 -3.459518 0.131393 0.018786 0.137518 -0.020073
 84 2.410278 0.000000 0.000000 -0.024238 -0.029075 0.031299
 85 2.000748 -0.000004 0.000000 0.005415 -0.025697 -0.007402
 86 9.832344 1.463062 -1.299423 0.016523 -0.031798 -0.020624
 87 25.040588 -5.670407 5.432800 -1.312160 -0.224887 -2.136065
 88 28.779709 -6.856312 -0.811417 -1.466235 0.019064 -1.725377
 89 29.182312 -3.955567 -4.961956 0.881869 2.552753 0.503940
 90 25.040588 5.670408 5.432755 1.296833 -0.398765 2.185823
 91 28.779739 6.856312 -0.811394 1.466235 0.019065 1.725381
 92 29.182281 3.955565 -4.961937 -0.881870 2.552752 -0.503941
 93 -65.335648 -0.000020 1.140918 -3.141591 0.044911 0.000000
 94 26.290924 -12.205288 1.157884 -2.070249 -0.036188 0.030774
 95 49.071014 0.000009 0.000014 2.179705 0.127556 -0.112856
 96 61.871315 -0.000010 -0.000027 3.080256 0.672597 0.035641
 97 26.290924 12.205295 1.157843 2.049685 0.101974 -0.109182
 98 49.071060 0.000004 -0.000028 -2.187262 0.154733 0.063501
 99 61.871292 0.000016 -0.000031 -2.944714 0.642381 0.102744
100 -0.698059 -11.192116 -8.252762 1.221258 -0.415321 -0.700700
101 20.568222 -0.000008 0.000000 0.010298 -0.555549 -0.145632
102 0.223785 -5.734809 -12.929604 2.933548 0.507355 -0.403538
103 20.803558 -0.000023 -0.000023 0.049232 -0.588684 -0.138479
104 -1.040009 -3.033968 12.140512 1.554517 0.104601 -1.288764
105 -1.039993 3.034004 12.140500 -1.554518 0.104604 1.288764
106 4.165451 -5.407045 12.088391 1.051521 -1.018352 -0.717896
107 16.599442 -0.000008 -0.000031 -0.054226 -0.482509 0.067523
108 4.165482 5.407080 12.088380 -0.999636 -0.746354 0.850221
109 16.599380 0.000007 -0.000031 0.054688 -0.684308 -0.074142
110 6.428391 0.000001 -0.288943 -0.000001 -0.000000 -0.000000
111 -1.833771 -13.936460 1.224504 1.568444 -0.013752 -0.414306
112 20.406952 -0.000005 -0.000023 0.016287 0.000918 0.052587
113 21.655502 -0.000008 -0.000008 0.017868 0.054594 0.044637
114 22.360680 -0.000010 -0.000031 0.030632 -0.046742 -0.044690
115 22.519669 -0.000010 -0.000023 -0.015496 0.228260 -0.065244
116 22.140411 -0.000008 -0.000015 0.009953 0.154843 0.078627
117 -1.699203 -12.875611 4.918509 1.129813 -0.202960 -0.376956
118 20.938599 0.000010 0.000000 0.049394 -0.020403 0.033061
119 21.993622 -0.000011 -0.000061 0.028885 0.034347 0.035192
120 22.563797 -0.000019 0.000000 0.031383 -0.063048 -0.036931
121 22.643372 -0.000002 -0.000031 -0.028118 0.219768 -0.048636
122 22.238075 -0.000006 -0.000015 -0.019751 0.056457 0.064539
123 -1.634338 -9.854567 8.052346 0.722439 -0.347420 -0.277447
124 22.205292 0.000000 -0.000023 0.053292 -0.032401 0.017487
125 22.804398 -0.000009 -0.000046 0.027812 0.017532 0.024389
126 23.051666 0.000000 0.000000 0.030075 -0.085121 -0.032514
127 22.939995 0.000000 -0.000038 -0.022638 0.201654 -0.038535
128 22.472069 -0.000002 -0.000015 -0.028562 -0.029005 0.077639
129 -1.616135 -5.333253 10.147437 0.347126 -0.430389 -0.141308
130 23.451294 -0.000001 -0.000023 0.030318 -0.039281 0.010428
131 23.608017 -0.000007 -0.000038 0.015510 0.005777 0.015592
132 23.536240 -0.000004 -0.000038 0.027676 -0.107103 -0.031588
133 23.233986 0.000000 -0.000008 -0.002340 0.182466 -0.036555
134 22.703690 0.000005 -0.000031 -0.003849 -0.085486 0.023722
135 -1.614517 -0.000000 10.883349 -0.008603 -0.455840 0.008630
136 23.962128 0.000001 -0.000038 -0.004345 -0.042671 0.008138
137 23.938980 -0.000003 0.000000 -0.003434 0.000350 0.008214
138 23.736023 -0.000003 -0.000023 0.023478 -0.123313 -0.033913
139 23.354973 0.000005 -0.000031 0.022768 0.169866 -0.040604
140 22.798943 -0.000008 -0.000031 0.023633 -0.109478 -0.021785
141 -1.616135 5.333251 10.147422 -0.364425 -0.428047 0.157976
142 23.451309 -0.000005 -0.000015 -0.039541 -0.042519 0.005362
143 23.608002 0.000000 -0.000038 -0.022807 0.001919 0.000298
144 23.536240 0.000004 -0.000015 0.016242 -0.131286 -0.037694
145 23.233986 -0.000014 -0.000031 0.044964 0.166262 -0.045811
146 22.703693 0.000014 -0.000008 0.058871 -0.101280 -0.094286
147 -1.634338 9.854565 8.052344 -0.738462 -0.342974 0.292418
148 22.205261 0.000005 0.000000 -0.063312 -0.038928 -0.003362
149 22.804443 0.000007 -0.000061 -0.036538 0.010125 -0.010387
150 23.051636 -0.000004 0.000000 0.006155 -0.131348 -0.046796
151 22.939987 0.000000 -0.000023 0.054017 0.168708 -0.048711
152 22.472076 0.000002 -0.000031 0.071781 -0.060235 -0.168375
153 -1.699203 12.875607 4.918525 -1.145159 -0.197041 0.389447
154 20.938583 0.000020 0.000000 -0.060954 -0.029838 -0.022107
155 21.993607 0.000000 -0.000069 -0.039221 0.024157 -0.024399
156 22.563797 0.000008 -0.000023 -0.007657 -0.125737 -0.057600
157 22.643364 0.000015 -0.000046 0.043179 0.171572 -0.048968
158 22.238037 0.000000 -0.000015 0.049182 0.008730 -0.177995
159 -1.833771 13.936458 1.224504 -1.582748 -0.007304 0.423952
160 20.406982 0.000007 -0.000046 -0.030166 -0.010015 -0.046171
161 21.655502 0.000013 -0.000008 -0.029895 0.043169 -0.038101
162 22.360649 0.000008 -0.000023 0.001382 -0.183293 -0.084144
163 22.519661 0.000008 -0.000015 0.049077 0.119264 -0.080175
164 22.140381 0.000008 -0.000015 -0.021874 0.096644 -0.163302
165 -1.972580 12.875609 -3.614555 -1.856283 0.105582 0.386637
166 20.655182 0.000009 -0.000023 -0.014055 0.005190 -0.052728
167 21.762268 0.000008 -0.000015 -0.029387 0.052388 -0.039059
168 22.392151 0.000015 -0.000023 -0.040487 -0.117192 -0.069716
169 22.541344 0.000015 -0.000031 -0.028798 0.154779 -0.051390
170 22.217506 0.000011 -0.000023 -0.088646 0.146545 -0.165687
171 -1.967316 9.854567 -7.722432 -2.186287 0.195452 0.288378
172 21.272720 0.000005 -0.000008 0.001197 0.022618 -0.051627
173 22.032516 0.000027 -0.000046 -0.026173 0.058075 -0.036487
174 22.475662 0.000008 -0.000008 -0.050218 -0.127219 -0.073071
175 22.598717 0.000011 0.000000 -0.055078 0.121286 -0.052465
176 22.407982 0.000019 -0.000023 -0.089210 0.189201 -0.116359
177 -1.900848 5.333252 -10.470076 -2.618710 0.250011 0.152944
178 21.914322 0.000007 -0.000015 0.006669 0.043142 -0.035887
179 22.319855 -0.000008 -0.000004 -0.018702 0.065506 -0.025702
180 22.569641 0.000000 -0.000004 -0.042712 -0.132913 -0.080246
181 22.663223 0.000023 -0.000011 -0.054532 0.091641 -0.065491
182 22.604538 0.000011 -0.000019 0.003741 0.225685 0.020925
183 -1.865585 -0.000002 -11.435440 3.133588 0.267127 0.002579
184 22.186676 -0.000004 -0.000008 -0.008924 0.055489 -0.003272
185 22.443710 -0.000002 -0.000008 -0.008359 0.071986 -0.003387
186 22.611557 -0.000004 -0.000008 -0.010428 -0.120404 -0.086565
187 22.692009 0.000007 0.000008 -0.016963 0.090870 -0.081779
188 22.687660 0.000011 -0.000004 -0.041400 0.244825 -0.074644
189 -1.900848 -5.333257 -10.470070 2.602176 0.247645 -0.147438
190 21.914352 0.000008 -0.000011 -0.023640 0.048620 0.031203
191 22.319839 -0.000024 0.000000 0.002659 0.071387 0.021007
192 22.569626 0.000001 -0.000023 0.025376 -0.094209 -0.083926
193 22.663239 -0.000017 0.000008 0.017936 0.125888 -0.097465
194 22.604523 0.000010 0.000004 0.027471 0.251764 -0.018275
195 -1.967285 -9.854565 -7.722441 2.170578 0.191004 -0.281869
196 21.272705 -0.000020 0.000000 -0.017563 0.031735 0.050861
197 22.032471 0.000000 -0.000023 0.011058 0.067661 0.035949
198 22.475708 -0.000011 -0.000031 0.038559 -0.067001 -0.072897
199 22.598717 0.000005 -0.000015 0.023083 0.175628 -0.097387
200 22.407997 -0.000005 -0.000004 0.079313 0.241021 0.025208
201 -1.972580 -12.875609 -3.614562 1.841295 0.099666 -0.378671
202 20.655167 0.000007 -0.000015 -0.000231 0.015840 0.055898
203 21.762268 -0.000011 -0.000015 0.016329 0.063562 0.042424
204 22.392166 -0.000010 -0.000038 0.037082 -0.048388 -0.059347
205 22.541344 -0.000006 -0.000023 0.007147 0.214270 -0.084795
206 22.217522 0.000003 -0.000008 0.054053 0.209864 0.058124
207 0.059621 0.456168 0.250107 0.000000 -0.000000 0.000000
208 0.059621 0.456168 0.250107 0.000000 -0.000000 0.000000
time 40
  0 0.059621 0.456168 0.250107 0.000000 -0.000000 0.000000
  1 0.059621 0.456168 0.250107 0.000000 -0.000000 0.000000
  2 0.059621 0.456168 0.250107 0.000000 -0.000000 0.000000
  3 0.059621 0.456168 0.250107 0.000000 -0.000000 0.000000
  4 0.059621 0.456168 0.250107 0.000000 -0.000000 0.000000
  5 0.059621 0.456168 0.250107 0.000000 -0.000000 0.000000
  6 0.059621 0.456168 0.250107 0.000000 -0.000000 0.000000
  7 0.059621 0.456168 0.250107 0.000000 -0.000000 0.000000
  8 0.059621 0.456168 0.250107 0.000000 -0.000000 0.000000
  9 0.059621 0.456168 0.250107 0.000000 -0.000000 0.000000
 10 -65.521683 130.311920 134.619827 -1.241095 -0.080263 -2.939913
 11 24.668236 0.000015 -0.000038 0.852732 -0.599679 0.202722
 12 30.380150 0.000015 0.000000 1.688899 -0.000032 0.581286
 13 19.902100 0.000000 -0.000015 0.013532 -0.120163 -0.029488
 14 3.974075 -141.115387 107.458252 1.918603 -0.026019 0.324416
 15 35.349510 0.000015 0.000023 -1.478027 0.270263 0.047809
 16 37.124336 0.000000 0.000000 -0.992630 0.333579 0.694588
 17 0.059621 0.456168 0.250107 0.064768 -0.005215 -0.156772
 18 0.059621 0.456168 150.834366 1.570796 1.570796 0.000000
 19 -65.799545 -0.000020 1.142855 0.000000 0.000515 3.141077
 20 11.181564 0.005760 -0.002411 0.000000 0.294265 0.000515
 21 27.835175 -0.000000 0.000015 -3.141592 -0.129896 -0.000000
 22 5.330399 -0.000001 -0.000004 -3.133344 0.472418 0.005700
 23 10.134888 -4.133393 3.834190 -0.548795 -1.030174 -2.665842
 24 10.134888 4.133399 3.834190 0.546002 -1.030911 2.667687
 25 22.592346 0.000009 17.467102 -0.000010 2.792303 0.000000
 26 21.199982 -7.744008 14.169502 -0.733661 -0.276694 -2.923011
 27 18.141998 -13.440227 7.965759 1.358924 -0.227602 2.938312
 28 21.199982 7.744022 14.169487 0.732276 -0.277022 2.922967
 29 18.141968 13.440236 7.965767 -0.365688 -0.333659 -3.027615
 30 11.858856 -13.359999 3.526512 1.439181 3.110904 0.319610
 31 9.463272 -16.404867 -2.906052 1.439259 3.110636 0.321670
 32 9.125244 -10.885473 -11.371330 0.000496 2.798245 0.000256
 33 11.858856 13.360004 3.526466 -1.439083 3.111176 -0.319613
 34 9.463257 16.404863 -2.906029 -1.439160 3.110909 -0.321674
 35 9.125275 10.885474 -11.371315 -0.000492 2.798245 0.000256
 36 9.023270 -0.000003 -17.296181 0.000180 -0.331175 -3.141356
 37 12.691406 -0.000003 -19.438766 0.025920 2.168365 0.030674
 38 10.989407 0.000003 -0.000031 0.000000 -0.708781 0.000000
 39 12.871460 -10.586842 -15.652473 1.008033 2.519977 0.726527
 40 10.727005 0.000000 -0.000015 -0.131168 -0.706857 0.128945
 41 12.871490 10.586842 -15.652489 -0.931443 2.453243 -0.663603
 42 10.726982 -0.000011 0.000000 0.087770 -0.709354 -0.085090
 43 12.847198 -17.570082 -4.701347 1.269028 2.672562 0.935524
 44 11.496498 0.000000 -0.000031 -0.188267 -0.660468 0.188706
 45 12.847168 17.570084 -4.701363 -1.221767 2.591109 -0.905467
 46 11.496468 0.000008 0.000000 0.188790 -0.660287 -0.189126
 47 28.485962 0.000010 16.460335 -0.000001 -0.369527 0.000000
 48 23.052765 -6.207911 -0.077286 -1.470206 0.035100 -1.833545
 49 9.436905 -0.000008 -0.000015 -0.033592 -0.431852 -1.014178
 50 31.269348 -0.000008 0.000031 -0.288586 0.125356 -0.878064
 51 28.756508 0.000000 0.000031 -0.001117 0.032665 0.001416
 52 2.251999 -2.464413 -1.141647 0.481305 0.508197 -0.319329
 53 3.674040 -0.000015 0.000015 -0.277611 0.179024 0.194713
 54 3.614693 0.000008 0.000000 0.013156 0.193871 -0.001558
 55 9.035492 -2.494946 0.484558 -0.001362 0.302449 0.001673
 56 2.943573 -0.000004 -0.000031 0.010585 0.293657 -0.007800
 57 2.649433 0.000004 0.000061 -0.006498 0.303243 0.008512
 58 9.093628 -0.386669 0.647705 0.020190 0.475380 -0.012607
 59 3.451883 0.000004 0.000000 -0.014209 0.528778 0.009212
 60 2.898186 0.000000 0.000046 -0.000683 0.490858 0.000916
 61 8.894592 1.605846 0.371887 -0.000566 0.547851 0.000704
 62 3.130402 0.000004 0.000031 0.003896 0.567158 -0.005064
 63 2.629517 -0.000008 -0.000031 0.004892 0.544388 -0.006589
 64 8.470627 3.459522 0.131500 -0.021715 0.541478 0.011455
 65 2.410267 0.000004 -0.000061 0.022815 0.529939 -0.013321
 66 2.000809 0.000004 0.000015 -0.005415 0.533618 0.007402
 67 23.052765 6.207911 -0.077309 1.481823 0.058643 2.080206
 68 9.436890 0.000023 0.000000 -0.900043 -0.373126 0.890987
 69 31.269341 0.000000 0.000000 0.428793 -0.575638 0.588555
 70 28.756531 -0.000015 0.000015 0.430001 0.163713 0.288905
 71 2.251892 2.464413 -1.141541 -0.513217 0.249535 0.112914
 72 3.674084 -0.000008 0.000000 0.331388 -0.059506 -0.325011
 73 3.614685 0.000008 0.000031 0.067360 -0.216133 -0.086857
 74 9.035416 2.494946 0.484436 0.001362 -0.011534 -0.001673
 75 2.943573 0.000004 -0.000031 -0.011497 -0.020268 0.014556
 76 2.649437 0.000000 0.000015 0.006498 -0.010740 -0.008512
 77 9.093689 0.386677 0.647781 -0.018031 0.093461 0.020165
 78 3.451851 0.000000 0.000000 0.014953 0.008589 -0.019838
 79 2.898201 0.000004 0.000000 0.000684 -0.029445 -0.000917
 80 8.894417 -1.605854 0.371918 0.000566 0.090541 -0.000704
 81 3.130432 0.000000 0.000000 -0.003896 -0.009289 0.005063
 82 2.629524 -0.000004 0.000000 -0.004892 -0.032059 0.006589
 83 8.470612 -3.459522 0.131393 0.018786 0.137518 -0.020073
 84 2.410278 0.000000 -0.000031 -0.024238 -0.029075 0.031299
 85 2.000748 0.000008 0.000031 0.005415 -0.025697 -0.007402
 86 9.832344 1.463062 -1.299423 0.016523 -0.031798 -0.020624
 87 25.040604 -5.670406 5.432800 -1.312160 -0.224887 -2.136065
 88 28.779709 -6.856310 -0.811417 -1.466235 0.019064 -1.725377
 89 29.182312 -3.955566 -4.961960 0.881870 2.552753 0.503940
 90 25.040573 5.670407 5.432762 1.296833 -0.398765 2.185823
 91 28.779755 6.856311 -0.811394 1.466235 0.019065 1.725381
 92 29.182281 3.955564 -4.961941 -0.881870 2.552752 -0.503941
 93 -65.335648 -0.000020 1.140918 -3.141591 0.044911 0.000000
 94 26.290924 -12.205288 1.157884 -2.070332 -0.034882 0.033168
 95 49.071045 0.000009 0.000012 2.179705 0.127556 -0.112856
 96 61.871307 -0.000009 -0.000023 3.080256 0.672597 0.035641
 97 26.290924 12.205295 1.157843 2.049324 0.103773 -0.112667
 98 49.071045 0.000005 -0.000027 -2.187262 0.154733 0.063501
 99 61.871315 0.000016 -0.000031 -2.944714 0.642381 0.102744
100 -0.698059 -11.192116 -8.252762 1.221486 -0.415600 -0.701263
101 20.568237 -0.000008 0.000000 0.010298 -0.600819 -0.145831
102 0.223785 -5.734809 -12.929604 2.933749 0.507662 -0.403876
103 20.803589 -0.000023 -0.000038 0.056459 -0.668487 -0.138985
104 -1.040009 -3.033968 12.140512 1.554517 0.104601 -1.288764
105 -1.039993 3.034004 12.140500 -1.554518 0.104604 1.288764
106 4.165451 -5.407045 12.088391 1.052608 -1.019028 -0.719173
107 16.599438 -0.000004 -0.000015 -0.057892 -0.569732 0.073933
108 4.165482 5.407080 12.088380 -0.992785 -0.740791 0.839766
109 16.599380 0.000008 -0.000031 0.059857 -0.755702 -0.080976
110 6.428391 0.000001 -0.288943 -0.000001 -0.000000 -0.000000
111 -1.833771 -13.936460 1.224504 1.568448 -0.013795 -0.414604
112 20.406952 -0.000004 -0.000023 0.016668 -0.001183 0.052912
113 21.655487 -0.000008 -0.000015 0.017695 0.048221 0.045868
114 22.360680 -0.000010 -0.000023 0.030159 -0.056485 -0.042049
115 22.519669 -0.000006 -0.000015 -0.015101 0.226607 -0.062925
116 22.140404 -0.000006 -0.000015 0.009966 0.021889 0.078818
117 -1.699203 -12.875611 4.918509 1.129868 -0.203129 -0.377230
118 20.938599 0.000010 -0.000008 0.049398 -0.022652 0.033353
119 21.993622 -0.000011 -0.000046 0.029031 0.027402 0.036524
120 22.563774 -0.000019 -0.000008 0.030707 -0.073958 -0.034144
121 22.643364 -0.000004 -0.000046 -0.027524 0.216866 -0.046682
122 22.238068 -0.000008 -0.000023 -0.018633 -0.076109 0.061296
123 -1.634338 -9.854567 8.052346 0.722143 -0.347680 -0.277652
124 22.205292 -0.000001 -0.000038 0.052924 -0.034796 0.017700
125 22.804367 -0.000006 -0.000046 0.028264 0.010127 0.025489
126 23.051666 -0.000002 -0.000008 0.030124 -0.096987 -0.030278
127 22.939995 0.000000 -0.000046 -0.022647 0.197746 -0.037160
128 22.472061 -0.000006 -0.000015 -0.030078 -0.161616 0.082268
129 -1.616135 -5.333253 10.147437 0.347175 -0.430734 -0.141425
130 23.451294 -0.000002 -0.000015 0.030682 -0.041682 0.010546
131 23.608017 -0.000008 -0.000038 0.015190 -0.001865 0.016215
132 23.536224 -0.000005 -0.000038 0.027093 -0.119559 -0.030264
133 23.233971 -0.000001 0.000000 -0.002202 0.177875 -0.035778
134 22.703674 0.000005 -0.000031 -0.003652 -0.218128 0.022154
135 -1.614517 -0.000000 10.883349 -0.008605 -0.456171 0.008637
136 23.962143 0.000001 -0.000038 -0.004344 -0.045093 0.008165
137 23.938965 -0.000003 0.000015 -0.003412 -0.007375 0.008285
138 23.736031 -0.000003 -0.000031 0.023253 -0.136064 -0.033803
139 23.354988 0.000005 -0.000046 0.022774 0.165034 -0.040232
140 22.798935 -0.000008 -0.000031 0.023905 -0.242111 -0.022625
141 -1.616135 5.333251 10.147422 -0.364472 -0.428346 0.158090
142 23.451309 -0.000006 -0.000008 -0.039902 -0.044911 0.005284
143 23.608017 0.000002 -0.000061 -0.023072 -0.005864 -0.000189
144 23.536255 0.000004 -0.000015 0.016230 -0.143999 -0.038898
145 23.233982 -0.000013 -0.000031 0.044871 0.161434 -0.046258
146 22.703690 0.000017 -0.000015 0.062928 -0.233671 -0.103847
147 -1.634338 9.854565 8.052344 -0.738527 -0.343205 0.292612
148 22.205261 0.000005 -0.000008 -0.063305 -0.041323 -0.003528
149 22.804459 0.000007 -0.000069 -0.036576 0.002612 -0.011394
150 23.051643 0.000000 -0.000008 0.006583 -0.143580 -0.049011
151 22.939987 0.000000 -0.000015 0.053848 0.164192 -0.049880
152 22.472084 0.000006 -0.000046 0.076032 -0.192481 -0.179918
153 -1.699203 12.875607 4.918525 -1.144849 -0.197206 0.389731
154 20.938583 0.000020 0.000008 -0.061317 -0.032144 -0.022363
155 21.993591 -0.000002 -0.000061 -0.038957 0.017038 -0.025712
156 22.563812 0.000010 -0.000015 -0.007282 -0.137089 -0.060470
157 22.643356 0.000011 -0.000031 0.042932 0.167856 -0.051003
158 22.238052 0.000004 -0.000015 0.051504 -0.123683 -0.185840
159 -1.833771 13.936458 1.224504 -1.582750 -0.007338 0.424228
160 20.406952 0.000007 -0.000038 -0.030175 -0.012215 -0.046501
161 21.655502 0.000013 -0.000015 -0.030058 0.036582 -0.039417
162 22.360641 0.000010 -0.000031 0.001606 -0.193568 -0.087237
163 22.519661 0.000008 -0.000031 0.048945 0.116493 -0.082880
164 22.140373 0.000004 -0.000015 -0.022560 -0.036373 -0.161224
165 -1.972580 12.875609 -3.614555 -1.855888 0.105621 0.386921
166 20.655167 0.000010 -0.000023 -0.014436 0.003239 -0.053046
167 21.762268 0.000010 -0.000031 -0.029765 0.046448 -0.040276
168 22.392166 0.000019 -0.000023 -0.040107 -0.126213 -0.072560
169 22.541321 0.000015 -0.000023 -0.029046 0.153202 -0.054174
170 22.217499 0.000015 -0.000015 -0.090716 0.013962 -0.154391
171 -1.967316 9.854567 -7.722432 -2.185729 0.195559 0.288596
172 21.272720 0.000005 -0.000008 0.001393 0.021030 -0.051911
173 22.032516 0.000029 -0.000046 -0.025948 0.053323 -0.037461
174 22.475662 0.000008 -0.000015 -0.049669 -0.134243 -0.075449
175 22.598724 0.000008 -0.000008 -0.055241 0.121111 -0.054922
176 22.407982 0.000019 -0.000015 -0.083116 0.057548 -0.100023
177 -1.900848 5.333252 -10.470076 -2.618317 0.250156 0.153058
178 21.914322 0.000009 -0.000023 0.006654 0.041882 -0.036071
179 22.319824 -0.000007 0.000000 -0.018786 0.061676 -0.026385
180 22.569611 0.000002 -0.000008 -0.042427 -0.137529 -0.081756
181 22.663223 0.000019 -0.000008 -0.054561 0.092013 -0.067303
182 22.604523 0.000015 -0.000019 0.005321 0.092626 0.019190
183 -1.865585 -0.000002 -11.435440 3.133588 0.267296 0.002581
184 22.186676 -0.000004 -0.000004 -0.008560 0.054457 -0.003295
185 22.443710 -0.000002 -0.000008 -0.008375 0.068903 -0.003522
186 22.611542 -0.000004 -0.000008 -0.010155 -0.124539 -0.086970
187 22.692024 0.000006 0.000008 -0.017086 0.091779 -0.082376
188 22.687653 0.000011 0.000000 -0.041785 0.111717 -0.069774
189 -1.900848 -5.333257 -10.470070 2.602150 0.247781 -0.147541
190 21.914337 0.000007 -0.000008 -0.023626 0.047534 0.031330
191 22.319824 -0.000024 0.000000 0.002726 0.067822 0.021446
192 22.569641 0.000002 -0.000023 0.025452 -0.098872 -0.083017
193 22.663239 -0.000017 0.000008 0.017932 0.127309 -0.096900
194 22.604530 0.000010 0.000004 0.027827 0.118596 -0.021826
195 -1.967285 -9.854565 -7.722441 2.170540 0.191101 -0.282069
196 21.272705 -0.000019 0.000000 -0.017165 0.030207 0.051097
197 22.032471 0.000001 -0.000023 0.011027 0.063054 0.036725
198 22.475677 -0.000013 -0.000034 0.038101 -0.073644 -0.071159
199 22.598724 0.000005 -0.000008 0.023281 0.175565 -0.095844
200 22.407990 -0.000004 -0.000008 0.080303 0.108169 0.015320
201 -1.972580 -12.875609 -3.614562 1.841267 0.099701 -0.378946
202 20.655197 0.000007 -0.000031 -0.000210 0.013952 0.056202
203 21.762268 -0.000011 -0.000008 0.016508 0.057803 0.043520
204 22.392166 -0.000011 -0.000023 0.037132 -0.056967 -0.056980
205 22.541359 -0.000008 -0.000023 0.007329 0.213465 -0.082892
206 22.217506 0.000003 -0.000008 0.050337 0.077113 0.049207
207 0.059621 0.456168 0.250107 0.000000 -0.000000 0.000000
208 0.059621 0.456168 0.250107 0.000000 -0.000000 0.000000
end
