version 1
nodes
  0 "_M3_Anim_Data"  -1
  1 "Object011"  -1
  2 "Object009"  -1
  3 "Object008"  -1
  4 "Object007"  -1
  5 "Object000"  -1
  6 "Object001"  -1
  7 "Object003"  -1
  8 "Object002"  -1
  9 "Object004"  -1
 10 "bone046"  -1
 11 "bone045"  10
 12 "bone044"  11
 13 "bone043"  12
 14 "bone026"  -1
 15 "bone048"  14
 16 "bone047"  15
 17 "Object005"  -1
 18 "bone0103"  -1
 19 "bone0123"  18
 20 "bone074"  19
 21 "bone073"  20
 22 "bone072"  21
 23 "bone071"  22
 24 "bone069"  22
 25 "bone067"  22
 26 "bone066"  22
 27 "bone065"  22
 28 "bone075"  22
 29 "bone064"  22
 30 "bone061"  22
 31 "bone060"  22
 32 "bone059"  22
 33 "bone058"  22
 34 "bone057"  22
 35 "bone056"  22
 36 "bone055"  22
 37 "bone054"  22
 38 "bone053"  37
 39 "bone063"  22
 40 "bone077"  39
 41 "bone089"  22
 42 "bone078"  41
 43 "bone0100"  22
 44 "bone099"  43
 45 "bone098"  22
 46 "bone097"  45
 47 "bone096"  22
 48 "bone095"  20
 49 "bone094"  48
 50 "bone093"  49
 51 "bone092"  50
 52 "bone091"  51
 53 "bone0101"  52
 54 "bone090"  53
 55 "bone088"  51
 56 "bone087"  55
 57 "bone086"  56
 58 "bone085"  51
 59 "bone084"  58
 60 "bone083"  59
 61 "bone082"  51
 62 "bone081"  61
 63 "bone080"  62
 64 "bone079"  51
 65 "bone052"  64
 66 "bone076"  65
 67 "bone051"  20
 68 "bone024"  67
 69 "bone022"  68
 70 "bone0129"  69
 71 "bone021"  70
 72 "bone020"  71
 73 "bone019"  72
 74 "bone018"  70
 75 "bone017"  74
 76 "bone016"  75
 77 "bone015"  70
 78 "bone014"  77
 79 "bone013"  78
 80 "bone023"  70
 81 "bone012"  80
 82 "bone010"  81
 83 "bone009"  70
 84 "bone008"  83
 85 "bone007"  84
 86 "bone006"  70
 87 "bone005"  20
 88 "bone004"  20
 89 "bone003"  20
 90 "bone002"  20
 91 "bone001"  20
 92 "bone011"  20
 93 "bone042"  18
 94 "bone041"  93
 95 "bone040"  94
 96 "bone039"  95
 97 "bone049"  93
 98 "bone038"  97
 99 "bone036"  98
100 "bone035"  93
101 "bone034" 100
102 "bone033"  93
103 "bone032" 102
104 "bone031"  93
105 "bone030"  93
106 "bone029"  93
107 "bone028" 106
108 "bone027"  93
109 "bone050" 108
110 "bone200"  93
111 "bone0102" 110
112 "bone0000" 111
113 "bone0104" 112
114 "bone0173" 113
115 "bone0172" 114
116 "bone0171" 115
117 "bone0170" 110
118 "bone0169" 117
119 "bone0168" 118
120 "bone0167" 119
121 "bone0166" 120
122 "bone0165" 121
123 "bone0174" 110
124 "bone0164" 123
125 "bone0162" 124
126 "bone0161" 125
127 "bone0160" 126
128 "bone0159" 127
129 "bone0158" 110
130 "bone0157" 129
131 "bone0156" 130
132 "bone0176" 131
133 "bone0154" 132
134 "bone0163" 133
135 "bone0175" 110
136 "bone0184" 135
137 "bone0177" 136
138 "bone0199" 137
139 "bone0197" 138
140 "bone0196" 139
141 "bone0195" 110
142 "bone0194" 141
143 "bone0193" 142
144 "bone0192" 143
145 "bone0191" 144
146 "bone0190" 145
147 "bone0189" 110
148 "bone0198" 147
149 "bone0187" 148
150 "bone0186" 149
151 "bone0185" 150
152 "bone0188" 151
153 "bone0183" 110
154 "bone0182" 153
155 "bone0181" 154
156 "bone0180" 155
157 "bone0179" 156
158 "bone0178" 157
159 "bone0153" 110
160 "bone0155" 159
161 "bone0151" 160
162 "bone0150" 161
163 "bone0124" 162
164 "bone0152" 163
165 "bone0122" 110
166 "bone0121" 165
167 "bone0120" 166
168 "bone0119" 167
169 "bone0118" 168
170 "bone0117" 169
171 "bone0116" 110
172 "bone0125" 171
173 "bone0115" 172
174 "bone0113" 173
175 "bone0112" 174
176 "bone0111" 175
177 "bone0110" 110
178 "bone0109" 177
179 "bone0108" 178
180 "bone0107" 179
181 "bone0106" 180
182 "bone0105" 181
183 "bone0114" 110
184 "bone0126" 183
185 "bone0127" 184
186 "bone0128" 185
187 "bone0149" 186
188 "bone0148" 187
189 "bone0147" 110
190 "bone0146" 189
191 "bone0145" 190
192 "bone0144" 191
193 "bone0143" 192
194 "bone0142" 193
195 "bone0141" 110
196 "bone0140" 195
197 "bone0139" 196
198 "bone0138" 197
199 "bone0137" 198
200 "bone0136" 199
201 "bone0135" 110
202 "bone0134" 201
203 "bone0133" 202
204 "bone0132" 203
205 "bone0131" 204
206 "bone0130" 205
207 "Object006"  -1
208 "∂‘œÛ001"  -1
end
skeleton
time 0
  0 0.059621 0.456168 0.250107 0.000000 -0.000000 0.000000
  1 0.059621 0.456168 0.250107 0.000000 -0.000000 0.000000
  2 0.059621 0.456168 0.250107 0.000000 -0.000000 0.000000
  3 0.059621 0.456168 0.250107 0.000000 -0.000000 0.000000
  4 0.059621 0.456168 0.250107 0.000000 -0.000000 0.000000
  5 0.059621 0.456168 0.250107 0.000000 -0.000000 0.000000
  6 0.059621 0.456168 0.250107 0.000000 -0.000000 0.000000
  7 0.059621 0.456168 0.250107 0.000000 -0.000000 0.000000
  8 0.059621 0.456168 0.250107 0.000000 -0.000000 0.000000
  9 0.059621 0.456168 0.250107 0.000000 -0.000000 0.000000
 10 120.558746 39.731293 154.010239 -1.241095 -0.080263 2.166170
 11 24.668245 0.000015 -0.000046 1.053467 -0.405770 -0.034134
 12 30.380138 0.000000 0.000000 1.688695 0.077408 0.772071
 13 19.902100 0.000000 -0.000015 -0.006674 0.094684 0.021530
 14 -88.350739 -21.637981 107.458252 1.979114 -0.187976 -1.036302
 15 35.349514 0.000015 0.000008 -1.403630 0.092096 -0.319080
 16 37.124329 -0.000004 -0.000031 -0.954380 0.522632 0.741401
 17 0.059621 0.456168 0.250107 0.064768 -0.005215 -0.156772
 18 0.059621 0.456168 89.275116 1.570796 1.570796 0.000000
 19 -65.799545 -0.000020 1.142855 0.000000 0.000515 3.141077
 20 11.181564 0.005760 -0.002411 0.000000 0.254797 0.000515
 21 27.835159 -0.000000 0.000019 -3.141592 -0.129896 -0.000000
 22 5.330383 -0.000001 0.000000 -3.070919 -0.014572 0.003512
 23 10.134888 -4.133391 3.834198 -0.681867 -1.173929 -2.497278
 24 10.134888 4.133398 3.834198 0.681890 -1.173922 2.497258
 25 22.592361 0.000010 17.467113 -0.000010 2.956431 0.000000
 26 21.199997 -7.744006 14.169518 -0.644457 -0.154503 -3.025319
 27 18.142014 -13.440225 7.965771 1.228366 -0.180197 3.082644
 28 21.199966 7.744022 14.169498 0.644460 -0.154503 3.025318
 29 18.141998 13.440235 7.965775 -0.316157 -0.180196 -3.082644
 30 11.858871 -13.359996 3.526514 1.542249 3.132957 0.174415
 31 9.463287 -16.404865 -2.906046 1.542282 3.132901 0.176490
 32 9.125244 -10.885472 -11.371326 0.000496 2.962373 0.000256
 33 11.858856 13.360003 3.526474 -1.542248 3.132957 -0.174414
 34 9.463257 16.404865 -2.906025 -1.542281 3.132900 -0.176490
 35 9.125275 10.885471 -11.371304 -0.000492 2.962373 0.000256
 36 9.023239 -0.000002 -17.296175 0.000180 -0.167048 -3.141356
 37 12.691406 -0.000003 -19.438766 0.000000 2.513208 0.000000
 38 10.989426 0.000002 -0.000008 0.000000 -0.167163 0.000000
 39 12.871460 -10.586839 -15.652472 1.089563 2.855779 0.487294
 40 10.727005 0.000010 -0.000031 -0.044747 -0.177841 0.024607
 41 12.871445 10.586839 -15.652472 -1.089563 2.855778 -0.487294
 42 10.726974 -0.000025 0.000008 0.044747 -0.177842 -0.024607
 43 12.847214 -17.570080 -4.701340 1.341866 2.972272 0.611786
 44 11.496506 0.000010 -0.000031 -0.090459 -0.137773 0.054997
 45 12.847183 17.570080 -4.701359 -1.341865 2.972272 -0.611786
 46 11.496460 -0.000002 -0.000015 0.090459 -0.137774 -0.054997
 47 28.485962 0.000011 16.460358 -0.000001 -0.039729 0.000000
 48 23.052750 -6.207911 -0.077286 -1.470206 0.035100 -1.833545
 49 9.436901 -0.000008 -0.000015 0.010287 0.559742 0.003503
 50 31.269325 0.000008 -0.000015 -0.006701 -0.004805 0.008666
 51 28.756508 0.000010 -0.000031 -0.001117 0.032665 0.001416
 52 2.251991 -2.464407 -1.141647 0.481305 0.508197 -0.319329
 53 3.674049 -0.000015 0.000015 -0.277611 0.179024 0.194713
 54 3.614685 0.000012 0.000000 0.013156 0.193871 -0.001558
 55 9.035503 -2.494947 0.484543 -0.001362 0.302449 0.001673
 56 2.943588 0.000002 -0.000015 0.010585 0.293657 -0.007800
 57 2.649429 0.000002 0.000008 -0.006498 0.303243 0.008512
 58 9.093624 -0.386671 0.647705 0.020190 0.475380 -0.012607
 59 3.451897 0.000002 0.000000 -0.014209 0.528778 0.009212
 60 2.898178 0.000002 0.000031 -0.000683 0.490858 0.000916
 61 8.894585 1.605852 0.371887 -0.000566 0.547851 0.000704
 62 3.130409 0.000002 0.000038 0.003896 0.567158 -0.005064
 63 2.629532 0.000000 -0.000038 0.004892 0.544388 -0.006589
 64 8.470631 3.459528 0.131485 -0.021715 0.541478 0.011455
 65 2.410271 -0.000002 -0.000046 0.022815 0.529939 -0.013321
 66 2.000793 0.000004 0.000011 -0.005415 0.533618 0.007402
 67 23.052765 6.207909 -0.077305 1.481823 0.058643 2.080206
 68 9.436890 0.000019 -0.000015 0.151662 0.418551 0.413166
 69 31.269348 -0.000008 -0.000038 0.440444 0.305164 1.902620
 70 28.756500 0.000000 0.000015 0.326384 0.566502 0.119508
 71 2.251890 2.464417 -1.141571 -0.513217 0.249535 0.112914
 72 3.674084 0.000000 -0.000046 0.331388 -0.059506 -0.325011
 73 3.614678 0.000000 0.000015 0.067360 -0.216133 -0.086857
 74 9.035414 2.494965 0.484421 0.001362 -0.011534 -0.001673
 75 2.943565 0.000015 -0.000031 -0.011498 -0.020268 0.014556
 76 2.649441 0.000000 0.000031 0.006498 -0.010740 -0.008512
 77 9.093687 0.386688 0.647781 -0.018031 0.093461 0.020165
 78 3.451862 0.000000 0.000008 0.014953 0.008589 -0.019838
 79 2.898197 0.000015 -0.000008 0.000683 -0.029445 -0.000917
 80 8.894411 -1.605850 0.371902 0.000566 0.090541 -0.000704
 81 3.130434 0.000015 -0.000031 -0.003896 -0.009289 0.005063
 82 2.629517 0.000000 0.000023 -0.004892 -0.032059 0.006589
 83 8.470602 -3.459503 0.131393 0.018786 0.137518 -0.020073
 84 2.410276 0.000000 -0.000008 -0.024238 -0.029075 0.031299
 85 2.000751 0.000000 0.000015 0.005415 -0.025697 -0.007402
 86 9.832346 1.463074 -1.299438 0.016523 -0.031798 -0.020624
 87 25.040588 -5.670406 5.432793 -1.312160 -0.224887 -2.136065
 88 28.779694 -6.856310 -0.811420 -1.466235 0.019064 -1.725377
 89 29.182297 -3.955567 -4.961960 0.881869 2.552753 0.503940
 90 25.040573 5.670406 5.432755 1.296833 -0.398765 2.185823
 91 28.779739 6.856310 -0.811401 1.466235 0.019065 1.725381
 92 29.182266 3.955564 -4.961941 -0.881870 2.552752 -0.503941
 93 -65.335663 -0.000020 1.140918 -3.141591 0.044911 0.000000
 94 26.290924 -12.205289 1.157882 -2.071447 -0.017454 0.065112
 95 49.071037 0.000008 0.000010 2.179705 0.127556 -0.112856
 96 61.871311 -0.000015 -0.000023 3.080256 0.672597 0.035641
 97 26.290924 12.205294 1.157841 2.044502 0.127786 -0.159169
 98 49.071068 0.000004 -0.000038 -2.187262 0.154733 0.063501
 99 61.871300 0.000023 -0.000027 -2.944714 0.642381 0.102745
100 -0.698059 -11.192117 -8.252763 1.286940 -0.072229 -0.743433
101 20.568237 -0.000002 -0.000015 0.010291 0.085300 -0.148393
102 0.223785 -5.734809 -12.929605 -2.954238 0.613242 0.101750
103 20.803574 0.000002 -0.000038 0.066391 -0.063546 -0.036748
104 -1.040009 -3.033968 12.140511 1.554517 0.104601 -1.288764
105 -1.039993 3.034004 12.140501 -1.554518 0.104604 1.288764
106 4.165451 -5.407045 12.088390 0.854937 -0.629941 -0.629908
107 16.599442 0.000000 -0.000031 -0.047935 -0.051683 0.045016
108 4.165482 5.407080 12.088381 -0.852162 -0.626606 0.625184
109 16.599380 0.000009 -0.000023 0.048006 -0.046610 -0.044850
110 6.428391 0.000001 -0.288944 -0.000001 -0.000000 -0.000000
111 -1.833771 -13.936461 1.224504 1.552448 0.040995 -0.420999
112 20.406952 -0.000002 -0.000023 0.000000 -0.016932 0.000000
113 21.655487 -0.000002 -0.000015 0.000000 -0.003038 0.000000
114 22.360680 -0.000002 -0.000031 0.080658 -0.188334 0.083486
115 22.519661 -0.000006 -0.000015 0.061324 0.018548 0.097026
116 22.140388 -0.000010 -0.000023 0.021895 0.035760 0.098594
117 -1.699203 -12.875612 4.918509 1.116385 -0.148284 -0.380891
118 20.938591 0.000014 0.000000 0.034482 -0.012972 -0.016104
119 21.993614 -0.000005 -0.000053 0.012521 -0.003068 -0.005923
120 22.563797 -0.000015 -0.000008 0.072613 -0.265083 0.079829
121 22.643349 0.000001 -0.000031 0.038428 -0.064308 0.100052
122 22.238052 -0.000011 -0.000031 -0.016885 -0.057814 0.111115
123 -1.634338 -9.854568 8.052345 0.714077 -0.292095 -0.280759
124 22.205292 0.000001 -0.000023 0.042841 -0.006102 -0.020254
125 22.804390 -0.000005 -0.000046 0.016422 -0.003569 -0.007849
126 23.051659 0.000001 0.000000 0.058063 -0.333546 0.051724
127 22.939976 0.000005 -0.000046 0.023436 -0.140433 0.071867
128 22.472065 -0.000003 -0.000031 -0.022610 -0.142610 0.089205
129 -1.616135 -5.333254 10.147438 0.347094 -0.374743 -0.146641
130 23.451302 -0.000000 -0.000015 0.027042 -0.001892 -0.012901
131 23.608017 -0.000003 -0.000031 0.010829 -0.004544 -0.005221
132 23.536224 -0.000000 -0.000031 0.041937 -0.381804 0.007519
133 23.233973 0.000000 0.000008 0.020430 -0.193774 0.022059
134 22.703674 0.000007 -0.000015 -0.001707 -0.199022 0.033752
135 -1.614517 -0.000000 10.883350 -0.000000 -0.400842 0.000000
136 23.962143 0.000001 -0.000046 0.000000 -0.000699 -0.000000
137 23.938957 -0.000003 0.000000 -0.000000 -0.005054 0.000000
138 23.736038 -0.000003 -0.000031 0.024974 -0.404727 -0.044457
139 23.354977 0.000006 -0.000038 0.022438 -0.218035 -0.038013
140 22.798916 -0.000009 -0.000038 0.027036 -0.222656 -0.033111
141 -1.616135 5.333250 10.147423 -0.347094 -0.374742 0.146641
142 23.451309 -0.000006 0.000000 -0.027042 -0.001892 0.012901
143 23.608025 -0.000002 -0.000038 -0.010829 -0.004544 0.005221
144 23.536243 0.000001 -0.000023 0.005413 -0.400789 -0.096761
145 23.233982 -0.000015 -0.000046 0.021561 -0.212026 -0.099658
146 22.703674 0.000013 -0.000008 0.052979 -0.214012 -0.101603
147 -1.634338 9.854564 8.052343 -0.714078 -0.292096 0.280760
148 22.205254 0.000003 0.000000 -0.042841 -0.006101 0.020254
149 22.804451 0.000002 -0.000076 -0.016422 -0.003570 0.007849
150 23.051632 -0.000008 -0.000008 -0.017241 -0.370114 -0.147422
151 22.939972 -0.000004 -0.000015 0.007492 -0.176926 -0.153985
152 22.472069 0.000004 -0.000031 0.064814 -0.172405 -0.176949
153 -1.699203 12.875607 4.918524 -1.116385 -0.148284 0.380891
154 20.938583 0.000019 0.000000 -0.034482 -0.012973 0.016104
155 21.993591 -0.000005 -0.000061 -0.012521 -0.003068 0.005924
156 22.563812 0.000001 -0.000023 -0.043741 -0.315452 -0.184799
157 22.643356 0.000010 -0.000038 -0.025037 -0.117500 -0.191982
158 22.238029 -0.000002 -0.000023 0.035780 -0.105334 -0.220014
159 -1.833771 13.936457 1.224504 -1.552447 0.040994 0.420999
160 20.406967 0.000005 -0.000038 -0.000000 -0.016932 -0.000000
161 21.655510 0.000009 -0.000008 -0.000000 -0.003038 0.000000
162 22.360657 0.000002 -0.000023 -0.068313 -0.245258 -0.201519
163 22.519669 0.000004 -0.000023 -0.071286 -0.045329 -0.204177
164 22.140377 0.000002 0.000000 -0.035319 -0.027009 -0.205195
165 -1.972565 12.875608 -3.614555 -1.827109 0.155326 0.386830
166 20.655167 0.000007 -0.000015 0.014659 -0.017050 -0.006451
167 21.762253 0.000003 -0.000023 -0.000774 -0.004560 0.000347
168 22.392159 0.000009 -0.000031 -0.086391 -0.198802 -0.193909
169 22.541342 0.000011 -0.000023 -0.112208 0.001127 -0.202578
170 22.217495 0.000004 -0.000015 -0.097539 0.020879 -0.194552
171 -1.967316 9.854566 -7.722432 -2.161803 0.248066 0.289766
172 21.272720 0.000003 -0.000008 0.025990 -0.015445 -0.009916
173 22.032524 0.000022 -0.000046 -0.001394 -0.007621 0.000546
174 22.475662 0.000001 -0.000015 -0.088764 -0.149575 -0.177893
175 22.598705 0.000006 -0.000015 -0.128076 0.047224 -0.180861
176 22.407982 0.000019 -0.000031 -0.115277 0.064395 -0.148058
177 -1.900833 5.333252 -10.470076 -2.601403 0.305546 0.153178
178 21.914307 0.000006 -0.000023 0.024266 -0.010747 -0.007792
179 22.319847 -0.000009 -0.000004 -0.001335 -0.009741 0.000443
180 22.569626 -0.000002 -0.000015 -0.067652 -0.097056 -0.142777
181 22.663216 0.000023 -0.000015 -0.105604 0.093109 -0.142582
182 22.604525 0.000023 -0.000027 -0.095923 0.098099 -0.113688
183 -1.865585 -0.000002 -11.435440 -3.141592 0.324581 -0.000000
184 22.186676 -0.000004 -0.000008 0.000000 -0.007676 0.000000
185 22.443718 -0.000003 -0.000011 -0.000000 -0.010314 0.000000
186 22.611549 -0.000005 -0.000015 -0.014784 -0.059897 -0.079510
187 22.692013 0.000005 0.000004 -0.033031 0.126568 -0.077237
188 22.687649 0.000009 -0.000008 -0.040073 0.122764 -0.083205
189 -1.900833 -5.333257 -10.470070 2.601403 0.305546 -0.153178
190 21.914345 0.000008 -0.000015 -0.024267 -0.010746 0.007792
191 22.319832 -0.000020 -0.000004 0.001336 -0.009741 -0.000443
192 22.569618 0.000007 -0.000038 0.044632 -0.064828 -0.009703
193 22.663231 -0.000019 0.000008 0.041052 0.129215 -0.012016
194 22.604527 0.000003 0.000000 0.031602 0.129906 -0.024192
195 -1.967285 -9.854566 -7.722440 2.161803 0.248066 -0.289766
196 21.272713 -0.000016 -0.000011 -0.025990 -0.015445 0.009916
197 22.032471 0.000004 -0.000031 0.001395 -0.007621 -0.000546
198 22.475685 -0.000004 -0.000038 0.076365 -0.099171 0.038549
199 22.598709 0.000004 -0.000031 0.077438 0.105183 0.038807
200 22.407990 -0.000016 -0.000023 0.072360 0.119375 0.021670
201 -1.972565 -12.875610 -3.614562 1.827110 0.155326 -0.386831
202 20.655182 0.000010 -0.000015 -0.014659 -0.017050 0.006451
203 21.762276 -0.000007 -0.000008 0.000774 -0.004560 -0.000347
204 22.392159 -0.000005 -0.000031 0.085676 -0.141687 0.066434
205 22.541344 -0.000008 -0.000031 0.079474 0.066916 0.073538
206 22.217505 -0.000004 -0.000023 0.063967 0.087622 0.066670
207 0.059621 0.456168 0.250107 0.000000 -0.000000 0.000000
208 0.059621 0.456168 0.250107 0.000000 -0.000000 0.000000
time 1
  0 0.059621 0.456168 0.250107 0.000000 -0.000000 0.000000
  1 0.059621 0.456168 0.250107 0.000000 -0.000000 0.000000
  2 0.059621 0.456168 0.250107 0.000000 -0.000000 0.000000
  3 0.059621 0.456168 0.250107 0.000000 -0.000000 0.000000
  4 0.059621 0.456168 0.250107 0.000000 -0.000000 0.000000
  5 0.059621 0.456168 0.250107 0.000000 -0.000000 0.000000
  6 0.059621 0.456168 0.250107 0.000000 -0.000000 0.000000
  7 0.059621 0.456168 0.250107 0.000000 -0.000000 0.000000
  8 0.059621 0.456168 0.250107 0.000000 -0.000000 0.000000
  9 0.059621 0.456168 0.250107 0.000000 -0.000000 0.000000
 10 119.739006 38.462070 153.732147 -1.241499 -0.079733 2.148537
 11 24.668243 0.000015 -0.000038 1.053348 -0.404493 -0.034520
 12 30.380146 0.000000 0.000000 1.688468 0.079237 0.768688
 13 19.902084 0.000000 -0.000008 -0.006654 0.092720 0.021036
 14 -85.576508 -16.558287 107.458252 1.975680 -0.215005 -1.088572
 15 35.349510 0.000000 0.000011 -1.402109 0.088793 -0.317098
 16 37.124325 0.000000 -0.000031 -0.955127 0.522407 0.740060
 17 0.059621 0.456168 0.250107 0.064768 -0.005215 -0.156772
 18 0.059621 0.456168 89.357307 1.570796 1.570796 0.000000
 19 -65.799553 -0.000020 1.142855 0.000000 0.000515 3.141077
 20 11.181564 0.005760 -0.002411 -0.000000 0.254797 0.000515
 21 27.835175 0.000000 0.000015 -3.141592 -0.129896 -0.000000
 22 5.330383 -0.000001 0.000000 -3.070908 -0.014491 0.002379
 23 10.134888 -4.133393 3.834198 -0.665862 -1.165432 -2.514673
 24 10.134903 4.133399 3.834200 0.665885 -1.165425 2.514652
 25 22.592361 0.000010 17.467108 -0.000010 2.956431 0.000000
 26 21.199982 -7.744008 14.169519 -0.644457 -0.154503 -3.025319
 27 18.142029 -13.440227 7.965773 1.228508 -0.181420 3.082201
 28 21.199966 7.744024 14.169500 0.644460 -0.154503 3.025318
 29 18.141983 13.440239 7.965773 -0.316157 -0.180196 -3.082644
 30 11.858871 -13.360000 3.526514 1.542249 3.132957 0.174415
 31 9.463287 -16.404865 -2.906042 1.542282 3.132901 0.176490
 32 9.125259 -10.885475 -11.371323 0.000496 2.962373 0.000256
 33 11.858856 13.360006 3.526472 -1.542248 3.132957 -0.174414
 34 9.463272 16.404869 -2.906027 -1.542281 3.132900 -0.176490
 35 9.125259 10.885474 -11.371304 -0.000492 2.962373 0.000256
 36 9.023224 -0.000002 -17.296177 0.000180 -0.167048 -3.141356
 37 12.691406 -0.000002 -19.438763 0.000000 2.511914 0.000000
 38 10.989410 0.000002 0.000000 0.000000 -0.160171 0.000000
 39 12.871475 -10.586841 -15.652470 1.089994 2.855234 0.488544
 40 10.726990 0.000008 -0.000023 -0.044760 -0.170855 0.024289
 41 12.871475 10.586843 -15.652470 -1.089994 2.855233 -0.488543
 42 10.726990 -0.000026 0.000015 0.044760 -0.170856 -0.024289
 43 12.847229 -17.570082 -4.701340 1.342124 2.972014 0.613080
 44 11.496490 0.000008 -0.000015 -0.090511 -0.130809 0.054334
 45 12.847198 17.570086 -4.701359 -1.342123 2.972014 -0.613079
 46 11.496475 0.000000 0.000000 0.090510 -0.130809 -0.054334
 47 28.485962 0.000011 16.460356 -0.000001 -0.041023 0.000000
 48 23.052750 -6.207911 -0.077290 -1.470206 0.035100 -1.833545
 49 9.436905 -0.000006 -0.000015 0.010287 0.579660 0.003503
 50 31.269333 0.000010 -0.000015 -0.006701 -0.005491 0.008666
 51 28.756516 0.000006 -0.000031 -0.001117 0.032328 0.001416
 52 2.251991 -2.464407 -1.141663 0.481305 0.508197 -0.319329
 53 3.674049 -0.000013 0.000015 -0.277611 0.179024 0.194713
 54 3.614693 0.000012 0.000000 0.013156 0.193871 -0.001558
 55 9.035500 -2.494947 0.484558 -0.001362 0.302449 0.001673
 56 2.943581 0.000000 -0.000008 0.010585 0.293657 -0.007800
 57 2.649445 0.000002 0.000008 -0.006498 0.303243 0.008512
 58 9.093624 -0.386669 0.647690 0.020190 0.475380 -0.012607
 59 3.451897 0.000000 0.000000 -0.014209 0.528778 0.009212
 60 2.898163 0.000002 0.000023 -0.000683 0.490858 0.000916
 61 8.894577 1.605850 0.371887 -0.000566 0.547851 0.000704
 62 3.130394 0.000002 0.000038 0.003896 0.567158 -0.005064
 63 2.629532 0.000002 -0.000042 0.004892 0.544389 -0.006589
 64 8.470623 3.459528 0.131485 -0.021715 0.541478 0.011456
 65 2.410278 0.000000 -0.000046 0.022815 0.529939 -0.013321
 66 2.000793 0.000006 0.000011 -0.005415 0.533618 0.007402
 67 23.052765 6.207912 -0.077309 1.481823 0.058643 2.080206
 68 9.436897 0.000019 -0.000015 0.151662 0.418551 0.413166
 69 31.269348 -0.000008 -0.000031 0.437690 0.304679 1.902388
 70 28.756500 0.000000 0.000000 0.325982 0.564125 0.118494
 71 2.251894 2.464417 -1.141556 -0.513217 0.249535 0.112914
 72 3.674084 0.000008 -0.000031 0.331388 -0.059506 -0.325011
 73 3.614679 0.000000 0.000015 0.067360 -0.216133 -0.086857
 74 9.035414 2.494965 0.484421 0.001362 -0.011534 -0.001673
 75 2.943569 0.000000 -0.000031 -0.011498 -0.020268 0.014556
 76 2.649441 0.000000 0.000023 0.006498 -0.010740 -0.008512
 77 9.093687 0.386688 0.647781 -0.018031 0.093461 0.020165
 78 3.451862 0.000015 0.000000 0.014953 0.008589 -0.019838
 79 2.898197 -0.000015 -0.000008 0.000683 -0.029445 -0.000917
 80 8.894415 -1.605850 0.371910 0.000566 0.090541 -0.000704
 81 3.130432 0.000000 -0.000038 -0.003896 -0.009289 0.005063
 82 2.629520 0.000000 0.000015 -0.004892 -0.032059 0.006589
 83 8.470606 -3.459518 0.131393 0.018786 0.137518 -0.020073
 84 2.410276 0.000000 -0.000015 -0.024238 -0.029075 0.031299
 85 2.000755 0.000000 0.000015 0.005415 -0.025697 -0.007402
 86 9.832346 1.463074 -1.299431 0.016523 -0.031798 -0.020624
 87 25.040588 -5.670405 5.432793 -1.312271 -0.225003 -2.135592
 88 28.779694 -6.856311 -0.811424 -1.466228 0.019014 -1.724906
 89 29.182297 -3.955566 -4.961964 0.882137 2.552462 0.504400
 90 25.040558 5.670409 5.432751 1.297034 -0.398884 2.185322
 91 28.779739 6.856312 -0.811405 1.466228 0.019015 1.724910
 92 29.182281 3.955565 -4.961941 -0.882137 2.552461 -0.504400
 93 -65.335655 -0.000020 1.140918 -3.141591 0.044911 0.000000
 94 26.290924 -12.205289 1.157882 -2.071447 -0.017454 0.065112
 95 49.071037 0.000008 0.000009 2.179705 0.127556 -0.112856
 96 61.871315 -0.000015 -0.000023 3.080256 0.672597 0.035641
 97 26.290924 12.205294 1.157841 2.044502 0.127786 -0.159169
 98 49.071068 0.000004 -0.000037 -2.187262 0.154733 0.063501
 99 61.871300 0.000023 -0.000027 -2.944714 0.642381 0.102745
100 -0.698074 -11.192117 -8.252763 1.286990 -0.072367 -0.743925
101 20.568237 -0.000002 0.000000 0.010287 0.089668 -0.148378
102 0.223785 -5.734809 -12.929605 -2.954147 0.613740 0.101888
103 20.803589 0.000001 -0.000023 0.066397 -0.059648 -0.036479
104 -1.040024 -3.033968 12.140509 1.554517 0.104601 -1.288764
105 -1.040009 3.034004 12.140499 -1.554518 0.104604 1.288764
106 4.165451 -5.407045 12.088390 0.854937 -0.629941 -0.629908
107 16.599434 0.000000 -0.000031 -0.047935 -0.051683 0.045016
108 4.165482 5.407080 12.088379 -0.850464 -0.623907 0.621933
109 16.599373 0.000009 -0.000031 0.047976 -0.042749 -0.044633
110 6.428391 0.000001 -0.288944 -0.000001 -0.000000 -0.000000
111 -1.833786 -13.936461 1.224504 1.552448 0.040995 -0.420999
112 20.406944 -0.000002 -0.000031 0.000000 -0.016932 0.000000
113 21.655495 -0.000002 -0.000015 -0.000017 -0.005442 -0.000030
114 22.360672 -0.000002 -0.000023 0.080644 -0.190757 0.083449
115 22.519657 -0.000007 -0.000015 0.061591 0.020104 0.098323
116 22.140385 -0.000008 -0.000023 0.021895 0.037320 0.098594
117 -1.699219 -12.875612 4.918508 1.116385 -0.148284 -0.380891
118 20.938614 0.000013 0.000000 0.034482 -0.012972 -0.016104
119 21.993614 -0.000005 -0.000053 0.012506 -0.005673 -0.005949
120 22.563789 -0.000012 0.000000 0.072602 -0.267706 0.079796
121 22.643349 0.000000 -0.000038 0.038503 -0.062749 0.101182
122 22.238056 -0.000010 -0.000023 -0.016801 -0.056256 0.111042
123 -1.634354 -9.854568 8.052347 0.714077 -0.292095 -0.280759
124 22.205292 0.000001 -0.000023 0.042841 -0.006102 -0.020254
125 22.804390 -0.000005 -0.000046 0.016410 -0.006400 -0.007866
126 23.051651 0.000001 0.000000 0.058055 -0.336387 0.051701
127 22.939972 0.000004 -0.000046 0.023436 -0.138874 0.072586
128 22.472061 -0.000003 -0.000031 -0.022448 -0.141052 0.089133
129 -1.616150 -5.333254 10.147438 0.347094 -0.374743 -0.146641
130 23.451302 -0.000000 -0.000015 0.027042 -0.001892 -0.012901
131 23.608025 -0.000003 -0.000031 0.010822 -0.007581 -0.005229
132 23.536236 -0.000001 -0.000023 0.041932 -0.384840 0.007508
133 23.233967 0.000001 0.000015 0.020429 -0.192215 0.022619
134 22.703674 0.000007 -0.000023 -0.001707 -0.197463 0.033752
135 -1.614532 -0.000000 10.883350 -0.000000 -0.400842 0.000000
136 23.962143 0.000001 -0.000038 0.000000 -0.000699 -0.000000
137 23.938957 -0.000003 0.000000 -0.000002 -0.008259 0.000081
138 23.736038 -0.000003 -0.000031 0.024964 -0.403168 -0.044072
139 23.354977 0.000006 -0.000038 0.022426 -0.216476 -0.037670
140 22.798931 -0.000009 -0.000031 0.027033 -0.221097 -0.033069
141 -1.616150 5.333250 10.147423 -0.347094 -0.374742 0.146641
142 23.451309 -0.000006 0.000000 -0.027042 -0.001892 0.012901
143 23.608025 -0.000002 -0.000038 -0.010737 -0.007868 0.005428
144 23.536255 0.000001 -0.000015 0.005437 -0.404083 -0.096747
145 23.233973 -0.000013 -0.000038 0.021559 -0.210467 -0.099625
146 22.703663 0.000015 -0.000015 0.052973 -0.212455 -0.101521
147 -1.634354 9.854564 8.052345 -0.714078 -0.292096 0.280760
148 22.205246 0.000003 0.000000 -0.042841 -0.006101 0.020254
149 22.804451 0.000002 -0.000076 -0.016209 -0.006951 0.007872
150 23.051640 -0.000006 0.000000 -0.017130 -0.373447 -0.147397
151 22.939970 -0.000003 -0.000023 0.007492 -0.175366 -0.153985
152 22.472065 0.000003 -0.000031 0.064779 -0.170854 -0.176780
153 -1.699219 12.875607 4.918524 -1.116385 -0.148284 0.380891
154 20.938591 0.000019 -0.000008 -0.034482 -0.012973 0.016104
155 21.993599 -0.000005 -0.000061 -0.012521 -0.003068 0.005924
156 22.563812 0.000001 -0.000023 -0.043525 -0.318746 -0.184765
157 22.643353 0.000009 -0.000038 -0.025038 -0.115941 -0.192714
158 22.238022 -0.000006 -0.000031 0.035767 -0.103781 -0.219867
159 -1.833786 13.936457 1.224504 -1.552447 0.040994 0.420999
160 20.406975 0.000005 -0.000038 -0.000000 -0.016932 -0.000000
161 21.655518 0.000009 -0.000008 -0.000000 -0.003038 0.000000
162 22.360657 0.000002 -0.000023 -0.068164 -0.248428 -0.201480
163 22.519665 0.000006 -0.000031 -0.071389 -0.043773 -0.205893
164 22.140377 0.000006 -0.000008 -0.035223 -0.025450 -0.205158
165 -1.972580 12.875608 -3.614555 -1.827109 0.155326 0.386830
166 20.655182 0.000007 -0.000023 0.014659 -0.017050 -0.006451
167 21.762253 0.000003 -0.000023 -0.000764 -0.007657 0.000377
168 22.392159 0.000010 -0.000023 -0.086325 -0.201849 -0.193867
169 22.541344 0.000013 -0.000031 -0.112491 0.002676 -0.204695
170 22.217495 0.000008 -0.000008 -0.097521 0.022438 -0.195713
171 -1.967316 9.854566 -7.722432 -2.161803 0.248066 0.289766
172 21.272728 0.000003 -0.000011 0.025990 -0.015445 -0.009916
173 22.032516 0.000022 -0.000046 -0.001313 -0.010546 0.000572
174 22.475662 0.000003 -0.000015 -0.088660 -0.152453 -0.177854
175 22.598713 0.000004 -0.000008 -0.128445 0.048771 -0.183090
176 22.407972 0.000019 -0.000023 -0.115618 0.065944 -0.150226
177 -1.900848 5.333252 -10.470076 -2.601403 0.305546 0.153178
178 21.914307 0.000006 -0.000027 0.024266 -0.010747 -0.007792
179 22.319839 -0.000009 -0.000004 -0.001288 -0.012425 0.000458
180 22.569618 -0.000002 -0.000015 -0.067526 -0.099705 -0.142752
181 22.663216 0.000022 -0.000015 -0.105890 0.094659 -0.144443
182 22.604527 0.000019 -0.000027 -0.096103 0.099652 -0.115442
183 -1.865585 -0.000002 -11.435440 -3.141592 0.324581 -0.000000
184 22.186684 -0.000004 -0.000015 0.000000 -0.007676 0.000000
185 22.443710 -0.000003 -0.000011 -0.000003 -0.012731 -0.000037
186 22.611542 -0.000005 -0.000015 -0.014785 -0.062299 -0.079510
187 22.692020 0.000005 -0.000004 -0.033046 0.128127 -0.078062
188 22.687653 0.000010 -0.000008 -0.040053 0.124323 -0.083711
189 -1.900848 -5.333257 -10.470070 2.601403 0.305546 -0.153178
190 21.914345 0.000008 -0.000015 -0.024267 -0.010746 0.007792
191 22.319832 -0.000020 -0.000004 0.001327 -0.012005 -0.000508
192 22.569618 0.000007 -0.000038 0.044624 -0.067087 -0.009999
193 22.663239 -0.000020 0.000004 0.041400 0.130773 -0.011947
194 22.604530 0.000001 -0.000004 0.031860 0.131465 -0.024139
195 -1.967285 -9.854566 -7.722440 2.161803 0.248066 -0.289766
196 21.272720 -0.000016 -0.000004 -0.025990 -0.015445 0.009916
197 22.032463 0.000004 -0.000031 0.001381 -0.009873 -0.000573
198 22.475685 -0.000008 -0.000038 0.076352 -0.101425 0.038513
199 22.598717 0.000001 -0.000023 0.078039 0.106737 0.039884
200 22.407986 -0.000014 -0.000015 0.072958 0.120931 0.022760
201 -1.972580 -12.875610 -3.614562 1.827110 0.155326 -0.386831
202 20.655167 0.000010 -0.000031 -0.014659 -0.017050 0.006451
203 21.762276 -0.000007 -0.000008 0.000758 -0.006871 -0.000377
204 22.392159 -0.000005 -0.000023 0.085661 -0.144008 0.066395
205 22.541340 -0.000007 -0.000023 0.079960 0.068470 0.074862
206 22.217512 -0.000004 -0.000015 0.064394 0.089178 0.067970
207 0.059621 0.456168 0.250107 0.000000 -0.000000 0.000000
208 0.059621 0.456168 0.250107 0.000000 -0.000000 0.000000
time 2
  0 0.059621 0.456168 0.250107 0.000000 -0.000000 0.000000
  1 0.059621 0.456168 0.250107 0.000000 -0.000000 0.000000
  2 0.059621 0.456168 0.250107 0.000000 -0.000000 0.000000
  3 0.059621 0.456168 0.250107 0.000000 -0.000000 0.000000
  4 0.059621 0.456168 0.250107 0.000000 -0.000000 0.000000
  5 0.059621 0.456168 0.250107 0.000000 -0.000000 0.000000
  6 0.059621 0.456168 0.250107 0.000000 -0.000000 0.000000
  7 0.059621 0.456168 0.250107 0.000000 -0.000000 0.000000
  8 0.059621 0.456168 0.250107 0.000000 -0.000000 0.000000
  9 0.059621 0.456168 0.250107 0.000000 -0.000000 0.000000
 10 117.391808 34.890537 152.949615 -1.242636 -0.078242 2.097978
 11 24.668255 0.000015 -0.000053 1.053002 -0.400797 -0.035637
 12 30.380150 0.000000 0.000015 1.687782 0.084496 0.758838
 13 19.902100 0.000000 0.000000 -0.006582 0.086989 0.019581
 14 -82.914497 -3.458005 107.458252 1.972186 -0.249267 -1.227415
 15 35.349510 0.000000 0.000004 -1.397829 0.079499 -0.311522
 16 37.124325 -0.000011 -0.000015 -0.957229 0.521722 0.735953
 17 0.059621 0.456168 0.250107 0.064768 -0.005215 -0.156772
 18 0.059621 0.456168 89.595566 1.570796 1.570796 0.000000
 19 -65.799545 -0.000020 1.142855 -0.000000 0.000515 3.141077
 20 11.181564 0.005760 -0.002411 0.000000 0.254797 0.000515
 21 27.835175 0.000000 0.000015 -3.141592 -0.129896 -0.000000
 22 5.330383 -0.000001 0.000000 -3.070877 -0.014259 -0.000858
 23 10.134888 -4.133392 3.834200 -0.647405 -1.155010 -2.534815
 24 10.134888 4.133399 3.834198 0.647428 -1.155003 2.534795
 25 22.592361 0.000010 17.467112 -0.000010 2.956431 0.000000
 26 21.199982 -7.744008 14.169516 -0.644457 -0.154503 -3.025319
 27 18.142029 -13.440226 7.965775 1.228918 -0.184962 3.080917
 28 21.199966 7.744023 14.169497 0.644460 -0.154503 3.025318
 29 18.141983 13.440236 7.965773 -0.316157 -0.180196 -3.082644
 30 11.858871 -13.359998 3.526514 1.542249 3.132957 0.174415
 31 9.463287 -16.404865 -2.906044 1.542282 3.132901 0.176490
 32 9.125259 -10.885474 -11.371326 0.000496 2.962373 0.000256
 33 11.858871 13.360005 3.526472 -1.542248 3.132957 -0.174414
 34 9.463257 16.404865 -2.906025 -1.542281 3.132900 -0.176490
 35 9.125275 10.885471 -11.371307 -0.000492 2.962373 0.000256
 36 9.023239 -0.000002 -17.296173 0.000180 -0.167048 -3.141356
 37 12.691406 -0.000002 -19.438763 0.000000 2.508171 0.000000
 38 10.989410 0.000002 -0.000008 0.000000 -0.140412 0.000000
 39 12.871475 -10.586840 -15.652472 1.091241 2.853657 0.492162
 40 10.727020 0.000009 -0.000023 -0.044795 -0.151112 0.023391
 41 12.871445 10.586841 -15.652472 -1.091241 2.853656 -0.492162
 42 10.726990 -0.000023 0.000015 0.044796 -0.151112 -0.023391
 43 12.847229 -17.570082 -4.701340 1.342870 2.971268 0.616823
 44 11.496490 0.000008 -0.000031 -0.090656 -0.111127 0.052461
 45 12.847198 17.570082 -4.701360 -1.342869 2.971268 -0.616823
 46 11.496460 0.000002 0.000000 0.090655 -0.111127 -0.052461
 47 28.485977 0.000012 16.460356 -0.000001 -0.044766 0.000000
 48 23.052750 -6.207911 -0.077290 -1.470206 0.035100 -1.833545
 49 9.436909 -0.000008 -0.000015 0.010287 0.597885 0.003503
 50 31.269348 0.000010 -0.000015 -0.006701 -0.007499 0.008666
 51 28.756516 0.000008 -0.000031 -0.001117 0.031342 0.001416
 52 2.251984 -2.464407 -1.141647 0.481305 0.508197 -0.319329
 53 3.674042 -0.000015 0.000023 -0.277611 0.179024 0.194713
 54 3.614693 0.000013 -0.000008 0.013156 0.193871 -0.001558
 55 9.035507 -2.494944 0.484558 -0.001362 0.302449 0.001673
 56 2.943581 0.000000 -0.000008 0.010585 0.293657 -0.007800
 57 2.649429 0.000002 0.000008 -0.006498 0.303243 0.008512
 58 9.093628 -0.386669 0.647690 0.020190 0.475380 -0.012607
 59 3.451874 0.000002 0.000008 -0.014209 0.528778 0.009212
 60 2.898178 0.000000 0.000038 -0.000683 0.490858 0.000916
 61 8.894592 1.605854 0.371887 -0.000566 0.547851 0.000704
 62 3.130424 0.000002 0.000038 0.003896 0.567158 -0.005064
 63 2.629532 0.000002 -0.000038 0.004892 0.544389 -0.006589
 64 8.470627 3.459528 0.131470 -0.021715 0.541478 0.011456
 65 2.410263 0.000000 -0.000053 0.022815 0.529939 -0.013321
 66 2.000793 0.000006 0.000008 -0.005415 0.533618 0.007402
 67 23.052765 6.207911 -0.077309 1.481823 0.058643 2.080206
 68 9.436890 0.000019 -0.000015 0.151662 0.418551 0.413166
 69 31.269348 -0.000015 -0.000038 0.429771 0.303284 1.901723
 70 28.756512 0.000008 0.000008 0.324820 0.557256 0.115562
 71 2.251892 2.464417 -1.141563 -0.513217 0.249535 0.112914
 72 3.674089 0.000000 -0.000015 0.331388 -0.059506 -0.325011
 73 3.614677 0.000000 0.000015 0.067360 -0.216133 -0.086857
 74 9.035416 2.494965 0.484428 0.001362 -0.011534 -0.001673
 75 2.943565 0.000000 -0.000031 -0.011497 -0.020268 0.014556
 76 2.649441 -0.000015 0.000023 0.006498 -0.010740 -0.008512
 77 9.093689 0.386688 0.647789 -0.018031 0.093461 0.020165
 78 3.451862 0.000000 0.000000 0.014953 0.008589 -0.019838
 79 2.898201 0.000000 -0.000008 0.000683 -0.029445 -0.000917
 80 8.894413 -1.605835 0.371918 0.000566 0.090541 -0.000704
 81 3.130432 0.000000 -0.000038 -0.003896 -0.009289 0.005063
 82 2.629524 0.000015 0.000023 -0.004892 -0.032059 0.006589
 83 8.470604 -3.459518 0.131393 0.018786 0.137518 -0.020073
 84 2.410276 0.000000 -0.000015 -0.024238 -0.029075 0.031299
 85 2.000755 0.000015 0.000015 0.005415 -0.025697 -0.007402
 86 9.832348 1.463074 -1.299431 0.016523 -0.031798 -0.020624
 87 25.040588 -5.670405 5.432793 -1.312592 -0.225338 -2.134226
 88 28.779694 -6.856309 -0.811424 -1.466210 0.018870 -1.723544
 89 29.182297 -3.955566 -4.961964 0.882910 2.551621 0.505728
 90 25.040558 5.670408 5.432751 1.297613 -0.399226 2.183875
 91 28.779739 6.856312 -0.811405 1.466209 0.018871 1.723548
 92 29.182297 3.955565 -4.961941 -0.882910 2.551620 -0.505729
 93 -65.335648 -0.000020 1.140918 -3.141591 0.044911 0.000000
 94 26.290909 -12.205289 1.157882 -2.071447 -0.017454 0.065112
 95 49.071030 0.000007 0.000009 2.179705 0.127556 -0.112856
 96 61.871311 -0.000015 -0.000023 3.080256 0.672597 0.035641
 97 26.290909 12.205294 1.157841 2.044502 0.127786 -0.159169
 98 49.071068 0.000004 -0.000037 -2.187262 0.154733 0.063501
 99 61.871304 0.000023 -0.000027 -2.944714 0.642381 0.102745
100 -0.698074 -11.192117 -8.252762 1.287135 -0.072770 -0.745363
101 20.568237 -0.000002 -0.000008 0.010277 0.101959 -0.148336
102 0.223770 -5.734809 -12.929605 -2.953881 0.615195 0.102291
103 20.803581 0.000000 -0.000031 0.066413 -0.048679 -0.035722
104 -1.040024 -3.033967 12.140509 1.554517 0.104601 -1.288764
105 -1.040009 3.034004 12.140499 -1.554518 0.104604 1.288764
106 4.165436 -5.407045 12.088390 0.854937 -0.629941 -0.629908
107 16.599442 0.000000 -0.000031 -0.047935 -0.051683 0.045016
108 4.165466 5.407080 12.088381 -0.845736 -0.616393 0.612885
109 16.599388 0.000011 -0.000015 0.047891 -0.032001 -0.044029
110 6.428375 0.000001 -0.288944 -0.000001 -0.000000 -0.000000
111 -1.833771 -13.936461 1.224504 1.552448 0.040995 -0.420999
112 20.406944 -0.000002 -0.000015 0.000000 -0.016932 0.000000
113 21.655495 -0.000002 -0.000015 -0.000067 -0.007863 -0.000117
114 22.360680 -0.000002 -0.000031 0.080601 -0.193192 0.083338
115 22.519665 -0.000005 -0.000023 0.061843 0.024588 0.099592
116 22.140387 -0.000004 -0.000015 0.021895 0.041813 0.098594
117 -1.699203 -12.875612 4.918508 1.116385 -0.148284 -0.380891
118 20.938591 0.000013 0.000000 0.034482 -0.012972 -0.016104
119 21.993614 -0.000005 -0.000061 0.012461 -0.008244 -0.006025
120 22.563782 -0.000014 -0.000008 0.072568 -0.270291 0.079701
121 22.643349 -0.000004 -0.000038 0.038574 -0.058260 0.102236
122 22.238056 -0.000011 -0.000038 -0.016721 -0.051768 0.110831
123 -1.634338 -9.854568 8.052347 0.714077 -0.292095 -0.280759
124 22.205292 0.000001 -0.000023 0.042841 -0.006102 -0.020254
125 22.804390 -0.000005 -0.000046 0.016376 -0.009148 -0.007918
126 23.051662 0.000000 -0.000008 0.058030 -0.339143 0.051633
127 22.939972 0.000007 -0.000053 0.023437 -0.134382 0.073252
128 22.472057 0.000000 -0.000031 -0.022294 -0.136564 0.088928
129 -1.616135 -5.333253 10.147438 0.347094 -0.374743 -0.146641
130 23.451294 -0.000000 -0.000015 0.027042 -0.001892 -0.012901
131 23.608025 -0.000003 -0.000031 0.010803 -0.010501 -0.005250
132 23.536232 -0.000000 -0.000031 0.041918 -0.387758 0.007474
133 23.233963 0.000002 0.000008 0.020428 -0.187723 0.023145
134 22.703674 0.000005 -0.000015 -0.001707 -0.192970 0.033752
135 -1.614517 -0.000000 10.883350 -0.000000 -0.400842 0.000000
136 23.962143 0.000001 -0.000038 0.000000 -0.000699 -0.000000
137 23.938965 -0.000003 0.000008 -0.000005 -0.011325 0.000160
138 23.736038 -0.000003 -0.000031 0.024937 -0.398676 -0.043676
139 23.354973 0.000006 -0.000038 0.022391 -0.211985 -0.037288
140 22.798935 -0.000009 -0.000023 0.027023 -0.216606 -0.032949
141 -1.616135 5.333251 10.147423 -0.347094 -0.374742 0.146641
142 23.451294 -0.000005 -0.000008 -0.027042 -0.001892 0.012901
143 23.608025 -0.000002 -0.000046 -0.010647 -0.011046 0.005639
144 23.536243 0.000001 -0.000015 0.005460 -0.407233 -0.096706
145 23.233973 -0.000014 -0.000031 0.021552 -0.205975 -0.099529
146 22.703663 0.000014 -0.000015 0.052955 -0.207968 -0.101286
147 -1.634338 9.854564 8.052345 -0.714078 -0.292096 0.280760
148 22.205254 0.000003 0.000000 -0.042841 -0.006101 0.020254
149 22.804451 0.000002 -0.000076 -0.016004 -0.010193 0.007941
150 23.051636 -0.000007 -0.000008 -0.017023 -0.376646 -0.147322
151 22.939976 -0.000001 -0.000023 0.007492 -0.170873 -0.153986
152 22.472065 0.000003 -0.000031 0.064681 -0.166389 -0.176293
153 -1.699203 12.875607 4.918524 -1.116385 -0.148284 0.380891
154 20.938591 0.000019 0.000000 -0.034482 -0.012973 0.016104
155 21.993599 -0.000005 -0.000061 -0.012521 -0.003068 0.005924
156 22.563812 0.000001 -0.000015 -0.043319 -0.321932 -0.184666
157 22.643353 0.000012 -0.000046 -0.025041 -0.111450 -0.193397
158 22.238022 -0.000002 -0.000015 0.035729 -0.099309 -0.219443
159 -1.833771 13.936457 1.224504 -1.552447 0.040994 0.420999
160 20.406975 0.000005 -0.000038 -0.000000 -0.016932 -0.000000
161 21.655518 0.000009 -0.000008 -0.000000 -0.003038 0.000000
162 22.360649 0.000002 -0.000023 -0.068011 -0.251532 -0.201367
163 22.519665 0.000004 -0.000015 -0.071496 -0.039292 -0.207536
164 22.140373 0.000004 -0.000015 -0.035124 -0.020958 -0.205049
165 -1.972565 12.875608 -3.614555 -1.827109 0.155326 0.386830
166 20.655182 0.000007 -0.000023 0.014659 -0.017050 -0.006451
167 21.762253 0.000003 -0.000015 -0.000733 -0.010722 0.000466
168 22.392159 0.000010 -0.000023 -0.086245 -0.204863 -0.193745
169 22.541344 0.000011 -0.000031 -0.112777 0.007140 -0.206804
170 22.217493 0.000000 -0.000023 -0.097468 0.026926 -0.196793
171 -1.967316 9.854566 -7.722432 -2.161803 0.248066 0.289766
172 21.272736 0.000003 -0.000004 0.025990 -0.015445 -0.009916
173 22.032524 0.000022 -0.000046 -0.001228 -0.013477 0.000647
174 22.475662 0.000003 -0.000008 -0.088550 -0.155339 -0.177743
175 22.598713 0.000006 0.000000 -0.128829 0.053225 -0.185350
176 22.407974 0.000019 -0.000023 -0.115979 0.070405 -0.152396
177 -1.900833 5.333252 -10.470076 -2.601403 0.305546 0.153178
178 21.914322 0.000006 -0.000023 0.024266 -0.010747 -0.007792
179 22.319839 -0.000009 -0.000004 -0.001243 -0.015161 0.000503
180 22.569626 -0.000001 -0.000019 -0.067403 -0.102409 -0.142677
181 22.663216 0.000024 -0.000023 -0.106210 0.099126 -0.146332
182 22.604521 0.000017 -0.000023 -0.096329 0.104122 -0.117210
183 -1.865570 -0.000002 -11.435440 -3.141592 0.324581 -0.000000
184 22.186676 -0.000004 -0.000015 0.000000 -0.007676 0.000000
185 22.443718 -0.000003 -0.000008 -0.000013 -0.015239 -0.000074
186 22.611542 -0.000005 -0.000015 -0.014788 -0.064794 -0.079508
187 22.692024 0.000005 0.000000 -0.033089 0.132617 -0.078855
188 22.687660 0.000010 -0.000008 -0.040034 0.128815 -0.084179
189 -1.900833 -5.333256 -10.470070 2.601403 0.305546 -0.153178
190 21.914337 0.000008 -0.000015 -0.024267 -0.010746 0.007792
191 22.319824 -0.000020 -0.000004 0.001302 -0.014364 -0.000603
192 22.569626 0.000006 -0.000038 0.044601 -0.069443 -0.010308
193 22.663235 -0.000019 -0.000004 0.041724 0.135262 -0.011748
194 22.604527 0.000001 -0.000008 0.032103 0.135955 -0.023986
195 -1.967285 -9.854566 -7.722440 2.161803 0.248066 -0.289766
196 21.272713 -0.000016 -0.000008 -0.025990 -0.015445 0.009916
197 22.032478 0.000004 -0.000031 0.001343 -0.012200 -0.000650
198 22.475693 -0.000006 -0.000031 0.076316 -0.103752 0.038409
199 22.598705 0.000002 -0.000023 0.078599 0.111216 0.041033
200 22.407986 -0.000015 -0.000023 0.073514 0.125411 0.023906
201 -1.972565 -12.875610 -3.614562 1.827110 0.155326 -0.386831
202 20.655167 0.000010 -0.000023 -0.014659 -0.017050 0.006451
203 21.762276 -0.000007 -0.000008 0.000711 -0.009229 -0.000463
204 22.392159 -0.000004 -0.000031 0.085618 -0.146372 0.066281
205 22.541344 -0.000007 -0.000023 0.080415 0.072948 0.076217
206 22.217505 -0.000004 -0.000015 0.064795 0.093661 0.069257
207 0.059621 0.456168 0.250107 0.000000 -0.000000 0.000000
208 0.059621 0.456168 0.250107 0.000000 -0.000000 0.000000
time 3
  0 0.059621 0.456168 0.250107 0.000000 -0.000000 0.000000
  1 0.059621 0.456168 0.250107 0.000000 -0.000000 0.000000
  2 0.059621 0.456168 0.250107 0.000000 -0.000000 0.000000
  3 0.059621 0.456168 0.250107 0.000000 -0.000000 0.000000
  4 0.059621 0.456168 0.250107 0.000000 -0.000000 0.000000
  5 0.059621 0.456168 0.250107 0.000000 -0.000000 0.000000
  6 0.059621 0.456168 0.250107 0.000000 -0.000000 0.000000
  7 0.059621 0.456168 0.250107 0.000000 -0.000000 0.000000
  8 0.059621 0.456168 0.250107 0.000000 -0.000000 0.000000
  9 0.059621 0.456168 0.250107 0.000000 -0.000000 0.000000
 10 113.685165 29.370899 151.740250 -1.244394 -0.075937 2.018004
 11 24.668247 0.000015 -0.000038 1.052448 -0.394883 -0.037423
 12 30.380150 0.000015 0.000000 1.686631 0.092843 0.742963
 13 19.902092 0.000000 -0.000023 -0.006444 0.077728 0.017205
 14 -80.075806 14.454651 107.458252 1.968848 -0.286609 -1.425882
 15 35.349510 0.000000 0.000019 -1.391215 0.065135 -0.302903
 16 37.124329 -0.000011 -0.000031 -0.960478 0.520560 0.728958
 17 0.059621 0.456168 0.250107 0.064768 -0.005215 -0.156772
 18 0.059621 0.456168 89.977394 1.570796 1.570796 0.000000
 19 -65.799553 -0.000020 1.142855 0.000000 0.000515 3.141077
 20 11.181564 0.005760 -0.002411 0.000000 0.254797 0.000515
 21 27.835159 -0.000000 0.000015 -3.141592 -0.129896 -0.000000
 22 5.330383 -0.000001 -0.000002 -3.070828 -0.013895 -0.005948
 23 10.134872 -4.133391 3.834198 -0.627359 -1.142864 -2.556801
 24 10.134903 4.133398 3.834200 0.627381 -1.142857 2.556781
 25 22.592377 0.000010 17.467115 -0.000010 2.956431 0.000000
 26 21.199982 -7.744008 14.169519 -0.644457 -0.154503 -3.025319
 27 18.142014 -13.440225 7.965773 1.229575 -0.190630 3.078862
 28 21.199966 7.744021 14.169497 0.644460 -0.154503 3.025318
 29 18.141998 13.440235 7.965775 -0.316157 -0.180196 -3.082644
 30 11.858871 -13.359997 3.526514 1.542249 3.132957 0.174415
 31 9.463272 -16.404865 -2.906046 1.542282 3.132901 0.176490
 32 9.125244 -10.885473 -11.371326 0.000496 2.962373 0.000256
 33 11.858841 13.360003 3.526472 -1.542248 3.132957 -0.174414
 34 9.463257 16.404863 -2.906023 -1.542281 3.132900 -0.176490
 35 9.125259 10.885471 -11.371305 -0.000492 2.962373 0.000256
 36 9.023239 -0.000003 -17.296175 0.000180 -0.167048 -3.141356
 37 12.691391 -0.000003 -19.438766 0.000000 2.502180 0.000000
 38 10.989426 0.000002 -0.000008 0.000000 -0.109710 0.000000
 39 12.871475 -10.586839 -15.652472 1.093236 2.851133 0.497951
 40 10.727020 0.000009 -0.000023 -0.044851 -0.120433 0.021995
 41 12.871460 10.586840 -15.652472 -1.093235 2.851133 -0.497950
 42 10.726990 -0.000025 0.000008 0.044851 -0.120434 -0.021995
 43 12.847214 -17.570084 -4.701340 1.344064 2.970074 0.622814
 44 11.496506 0.000010 -0.000031 -0.090881 -0.080544 0.049550
 45 12.847198 17.570080 -4.701359 -1.344063 2.970074 -0.622814
 46 11.496475 -0.000002 -0.000015 0.090881 -0.080544 -0.049550
 47 28.485947 0.000011 16.460360 -0.000001 -0.050757 0.000000
 48 23.052750 -6.207911 -0.077286 -1.470206 0.035100 -1.833545
 49 9.436905 -0.000008 -0.000015 0.010287 0.614489 0.003503
 50 31.269333 0.000010 -0.000031 -0.006701 -0.010752 0.008666
 51 28.756516 0.000010 -0.000031 -0.001117 0.029746 0.001416
 52 2.251991 -2.464405 -1.141640 0.481305 0.508197 -0.319329
 53 3.674042 -0.000015 0.000015 -0.277611 0.179024 0.194713
 54 3.614700 0.000015 0.000000 0.013156 0.193871 -0.001558
 55 9.035500 -2.494946 0.484558 -0.001362 0.302449 0.001673
 56 2.943588 0.000004 -0.000008 0.010585 0.293657 -0.007800
 57 2.649437 0.000004 0.000015 -0.006498 0.303243 0.008512
 58 9.093620 -0.386671 0.647705 0.020190 0.475380 -0.012607
 59 3.451897 0.000000 0.000000 -0.014209 0.528778 0.009212
 60 2.898178 0.000000 0.000034 -0.000683 0.490858 0.000916
 61 8.894592 1.605852 0.371902 -0.000566 0.547851 0.000704
 62 3.130417 0.000000 0.000038 0.003896 0.567158 -0.005064
 63 2.629532 0.000000 -0.000034 0.004892 0.544388 -0.006589
 64 8.470634 3.459528 0.131500 -0.021715 0.541478 0.011456
 65 2.410271 0.000002 -0.000053 0.022815 0.529939 -0.013321
 66 2.000793 0.000006 0.000011 -0.005415 0.533618 0.007402
 67 23.052765 6.207910 -0.077305 1.481823 0.058643 2.080206
 68 9.436890 0.000021 -0.000015 0.151662 0.418551 0.413166
 69 31.269348 -0.000015 -0.000038 0.417203 0.301069 1.900667
 70 28.756504 0.000000 0.000008 0.322965 0.546285 0.110879
 71 2.251888 2.464417 -1.141556 -0.513217 0.249535 0.112914
 72 3.674084 0.000015 -0.000015 0.331388 -0.059506 -0.325011
 73 3.614676 0.000000 0.000015 0.067360 -0.216133 -0.086857
 74 9.035416 2.494965 0.484428 0.001362 -0.011534 -0.001673
 75 2.943565 -0.000015 -0.000031 -0.011498 -0.020268 0.014556
 76 2.649441 0.000000 0.000015 0.006498 -0.010740 -0.008512
 77 9.093685 0.386688 0.647789 -0.018031 0.093461 0.020165
 78 3.451859 -0.000015 -0.000008 0.014953 0.008589 -0.019838
 79 2.898201 0.000015 -0.000008 0.000683 -0.029445 -0.000917
 80 8.894413 -1.605850 0.371910 0.000566 0.090541 -0.000704
 81 3.130430 -0.000031 -0.000046 -0.003896 -0.009289 0.005063
 82 2.629517 -0.000015 0.000015 -0.004892 -0.032059 0.006589
 83 8.470600 -3.459518 0.131393 0.018786 0.137518 -0.020073
 84 2.410275 -0.000015 -0.000015 -0.024238 -0.029075 0.031299
 85 2.000755 0.000000 0.000023 0.005415 -0.025697 -0.007402
 86 9.832348 1.463074 -1.299431 0.016523 -0.031798 -0.020624
 87 25.040588 -5.670405 5.432793 -1.313106 -0.225873 -2.132044
 88 28.779694 -6.856310 -0.811420 -1.466180 0.018640 -1.721368
 89 29.182297 -3.955567 -4.961964 0.884144 2.550278 0.507851
 90 25.040558 5.670407 5.432751 1.298537 -0.399773 2.181564
 91 28.779739 6.856310 -0.811401 1.466180 0.018641 1.721372
 92 29.182297 3.955564 -4.961941 -0.884144 2.550277 -0.507852
 93 -65.335655 -0.000020 1.140918 -3.141591 0.044911 0.000000
 94 26.290924 -12.205289 1.157882 -2.071447 -0.017454 0.065112
 95 49.071037 0.000008 0.000009 2.179705 0.127556 -0.112856
 96 61.871311 -0.000015 -0.000023 3.080256 0.672597 0.035641
 97 26.290924 12.205294 1.157841 2.044502 0.127786 -0.159169
 98 49.071060 0.000004 -0.000038 -2.187262 0.154733 0.063501
 99 61.871300 0.000023 -0.000027 -2.944714 0.642381 0.102745
100 -0.698074 -11.192117 -8.252763 1.287371 -0.073422 -0.747689
101 20.568237 0.000000 -0.000015 0.010261 0.120953 -0.148270
102 0.223785 -5.734809 -12.929605 -2.953450 0.617549 0.102943
103 20.803589 0.000000 -0.000031 0.066438 -0.031727 -0.034551
104 -1.040024 -3.033968 12.140509 1.554517 0.104601 -1.288764
105 -1.040009 3.034004 12.140499 -1.554518 0.104604 1.288764
106 4.165451 -5.407045 12.088390 0.854937 -0.629941 -0.629908
107 16.599442 0.000000 -0.000031 -0.047935 -0.051683 0.045016
108 4.165482 5.407080 12.088379 -0.838529 -0.604940 0.599092
109 16.599388 0.000009 -0.000031 0.047763 -0.015618 -0.043109
110 6.428391 0.000001 -0.288944 -0.000001 -0.000000 -0.000000
111 -1.833786 -13.936461 1.224504 1.552448 0.040995 -0.420999
112 20.406952 -0.000002 -0.000023 0.000000 -0.016932 0.000000
113 21.655502 -0.000002 -0.000015 -0.000147 -0.010297 -0.000258
114 22.360672 -0.000002 -0.000023 0.080531 -0.195634 0.083159
115 22.519657 -0.000007 -0.000015 0.062080 0.031721 0.100832
116 22.140387 -0.000010 -0.000031 0.021894 0.048959 0.098594
117 -1.699219 -12.875612 4.918508 1.116385 -0.148284 -0.380891
118 20.938606 0.000013 0.000000 0.034482 -0.012972 -0.016104
119 21.993614 -0.000005 -0.000053 0.012388 -0.010777 -0.006147
120 22.563789 -0.000011 -0.000008 0.072513 -0.272833 0.079546
121 22.643345 -0.000003 -0.000038 0.038642 -0.051119 0.103216
122 22.238052 -0.000008 -0.000031 -0.016646 -0.044630 0.110495
123 -1.634354 -9.854568 8.052347 0.714077 -0.292095 -0.280759
124 22.205292 0.000001 -0.000023 0.042841 -0.006102 -0.020254
125 22.804390 -0.000005 -0.000053 0.016321 -0.011814 -0.008001
126 23.051666 0.000002 0.000000 0.057990 -0.341815 0.051523
127 22.939976 0.000006 -0.000053 0.023438 -0.127237 0.073867
128 22.472057 0.000000 -0.000031 -0.022149 -0.129425 0.088600
129 -1.616150 -5.333253 10.147438 0.347094 -0.374743 -0.146641
130 23.451294 -0.000000 -0.000023 0.027042 -0.001892 -0.012901
131 23.608017 -0.000003 -0.000031 0.010771 -0.013304 -0.005284
132 23.536232 -0.000002 -0.000031 0.041895 -0.390560 0.007421
133 23.233971 0.000002 0.000008 0.020426 -0.180578 0.023637
134 22.703674 0.000006 -0.000015 -0.001707 -0.185823 0.033752
135 -1.614532 -0.000000 10.883350 -0.000000 -0.400842 0.000000
136 23.962143 0.000001 -0.000038 0.000000 -0.000699 -0.000000
137 23.938957 -0.000003 0.000008 -0.000011 -0.014254 0.000237
138 23.736034 -0.000003 -0.000023 0.024893 -0.391532 -0.043271
139 23.354973 0.000006 -0.000046 0.022334 -0.204842 -0.036873
140 22.798931 -0.000009 -0.000031 0.027007 -0.209462 -0.032758
141 -1.616150 5.333251 10.147423 -0.347094 -0.374742 0.146641
142 23.451294 -0.000006 -0.000008 -0.027042 -0.001892 0.012901
143 23.608017 -0.000002 -0.000038 -0.010560 -0.014078 0.005854
144 23.536247 0.000000 -0.000023 0.005483 -0.410242 -0.096640
145 23.233973 -0.000016 -0.000031 0.021541 -0.198830 -0.099377
146 22.703659 0.000013 -0.000008 0.052928 -0.200831 -0.100911
147 -1.634354 9.854564 8.052345 -0.714078 -0.292096 0.280760
148 22.205254 0.000003 -0.000008 -0.042841 -0.006101 0.020254
149 22.804451 0.000002 -0.000076 -0.015806 -0.013299 0.008052
150 23.051636 -0.000005 0.000000 -0.016918 -0.379712 -0.147201
151 22.939978 -0.000001 -0.000023 0.007492 -0.163727 -0.153986
152 22.472069 0.000005 -0.000031 0.064525 -0.159285 -0.175519
153 -1.699219 12.875607 4.918524 -1.116385 -0.148284 0.380891
154 20.938583 0.000019 0.000000 -0.034482 -0.012973 0.016104
155 21.993591 -0.000005 -0.000061 -0.012521 -0.003068 0.005924
156 22.563812 0.000001 -0.000015 -0.043123 -0.325011 -0.184507
157 22.643353 0.000011 -0.000053 -0.025045 -0.104305 -0.194032
158 22.238026 -0.000006 -0.000015 0.035669 -0.092194 -0.218768
159 -1.833786 13.936457 1.224504 -1.552447 0.040994 0.420999
160 20.406960 0.000005 -0.000038 -0.000000 -0.016932 -0.000000
161 21.655510 0.000009 -0.000015 -0.000000 -0.003038 0.000000
162 22.360657 0.000002 -0.000023 -0.067855 -0.254568 -0.201183
163 22.519665 0.000006 -0.000015 -0.071606 -0.032164 -0.209105
164 22.140377 0.000002 -0.000008 -0.035023 -0.013814 -0.204877
165 -1.972580 12.875608 -3.614555 -1.827109 0.155326 0.386830
166 20.655182 0.000007 -0.000015 0.014659 -0.017050 -0.006451
167 21.762253 0.000003 -0.000015 -0.000684 -0.013750 0.000610
168 22.392159 0.000009 -0.000023 -0.086152 -0.207840 -0.193547
169 22.541342 0.000011 -0.000031 -0.113064 0.014240 -0.208899
170 22.217499 0.000008 -0.000015 -0.097383 0.034067 -0.197793
171 -1.967316 9.854566 -7.722432 -2.161803 0.248066 0.289766
172 21.272736 0.000003 -0.000008 0.025990 -0.015445 -0.009916
173 22.032516 0.000022 -0.000053 -0.001138 -0.016409 0.000768
174 22.475662 0.000001 -0.000015 -0.088433 -0.158226 -0.177562
175 22.598709 0.000006 -0.000008 -0.129226 0.060311 -0.187630
176 22.407974 0.000019 -0.000023 -0.116355 0.077502 -0.154558
177 -1.900848 5.333252 -10.470076 -2.601403 0.305546 0.153178
178 21.914307 0.000006 -0.000023 0.024266 -0.010747 -0.007792
179 22.319839 -0.000009 -0.000008 -0.001199 -0.017943 0.000575
180 22.569626 -0.000001 -0.000015 -0.067283 -0.105160 -0.142557
181 22.663212 0.000023 -0.000023 -0.106558 0.106230 -0.148239
182 22.604517 0.000019 -0.000027 -0.096596 0.111234 -0.118985
183 -1.865585 -0.000002 -11.435440 -3.141592 0.324581 -0.000000
184 22.186684 -0.000004 -0.000015 0.000000 -0.007676 0.000000
185 22.443718 -0.000003 -0.000008 -0.000029 -0.017829 -0.000109
186 22.611549 -0.000005 -0.000015 -0.014792 -0.067372 -0.079506
187 22.692017 0.000005 0.000000 -0.033157 0.139759 -0.079615
188 22.687660 0.000010 -0.000011 -0.040017 0.135961 -0.084610
189 -1.900848 -5.333257 -10.470070 2.601403 0.305546 -0.153178
190 21.914345 0.000008 -0.000015 -0.024267 -0.010746 0.007792
191 22.319824 -0.000020 -0.000008 0.001262 -0.016810 -0.000724
192 22.569626 0.000006 -0.000038 0.044564 -0.071885 -0.010629
193 22.663231 -0.000018 0.000000 0.042026 0.142402 -0.011432
194 22.604527 0.000002 -0.000004 0.032329 0.143098 -0.023743
195 -1.967285 -9.854566 -7.722440 2.161803 0.248066 -0.289766
196 21.272713 -0.000016 -0.000011 -0.025990 -0.015445 0.009916
197 22.032471 0.000004 -0.000031 0.001282 -0.014595 -0.000776
198 22.475685 -0.000006 -0.000038 0.076256 -0.106145 0.038240
199 22.598709 0.000003 -0.000023 0.079119 0.118340 0.042245
200 22.407982 -0.000016 -0.000015 0.074030 0.132538 0.025097
201 -1.972580 -12.875610 -3.614562 1.827110 0.155326 -0.386831
202 20.655182 0.000010 -0.000023 -0.014659 -0.017050 0.006451
203 21.762276 -0.000007 -0.000008 0.000635 -0.011629 -0.000603
204 22.392166 -0.000004 -0.000038 0.085549 -0.148773 0.066096
205 22.541340 -0.000008 -0.000031 0.080840 0.080071 0.077597
206 22.217503 -0.000006 -0.000031 0.065170 0.100792 0.070525
207 0.059621 0.456168 0.250107 0.000000 -0.000000 0.000000
208 0.059621 0.456168 0.250107 0.000000 -0.000000 0.000000
time 4
  0 0.059621 0.456168 0.250107 0.000000 -0.000000 0.000000
  1 0.059621 0.456168 0.250107 0.000000 -0.000000 0.000000
  2 0.059621 0.456168 0.250107 0.000000 -0.000000 0.000000
  3 0.059621 0.456168 0.250107 0.000000 -0.000000 0.000000
  4 0.059621 0.456168 0.250107 0.000000 -0.000000 0.000000
  5 0.059621 0.456168 0.250107 0.000000 -0.000000 0.000000
  6 0.059621 0.456168 0.250107 0.000000 -0.000000 0.000000
  7 0.059621 0.456168 0.250107 0.000000 -0.000000 0.000000
  8 0.059621 0.456168 0.250107 0.000000 -0.000000 0.000000
  9 0.059621 0.456168 0.250107 0.000000 -0.000000 0.000000
 10 108.787094 22.257353 150.181656 -1.246659 -0.072966 1.912128
 11 24.668251 0.000000 -0.000031 1.051705 -0.386953 -0.039819
 12 30.380150 0.000015 0.000008 1.685010 0.103933 0.721509
 13 19.902096 0.000000 0.000000 -0.006222 0.065175 0.013946
 14 -76.771500 33.971424 107.458252 -1.175714 -2.818712 1.484570
 15 35.349510 0.000015 0.000015 -1.382691 0.046623 -0.291796
 16 37.124332 -0.000011 -0.000031 -0.964664 0.518903 0.718952
 17 0.059621 0.456168 0.250107 0.064768 -0.005215 -0.156772
 18 0.059621 0.456168 90.490318 1.570796 1.570796 0.000000
 19 -65.799538 -0.000020 1.142855 0.000000 0.000515 3.141077
 20 11.181564 0.005760 -0.002411 0.000000 0.254797 0.000515
 21 27.835175 -0.000000 0.000015 -3.141592 -0.129896 -0.000000
 22 5.330383 -0.000001 0.000000 -3.070765 -0.013416 -0.012647
 23 10.134903 -4.133392 3.834198 -0.606497 -1.129208 -2.579818
 24 10.134888 4.133397 3.834200 0.606519 -1.129201 2.579798
 25 22.592361 0.000009 17.467112 -0.000010 2.956431 0.000000
 26 21.199997 -7.744008 14.169519 -0.644457 -0.154503 -3.025319
 27 18.142029 -13.440226 7.965773 1.230455 -0.198229 3.076107
 28 21.199966 7.744020 14.169497 0.644460 -0.154503 3.025318
 29 18.141998 13.440232 7.965773 -0.316157 -0.180196 -3.082644
 30 11.858871 -13.359996 3.526512 1.542249 3.132957 0.174415
 31 9.463287 -16.404861 -2.906046 1.542282 3.132901 0.176490
 32 9.125259 -10.885471 -11.371325 0.000496 2.962373 0.000256
 33 11.858856 13.360001 3.526472 -1.542248 3.132957 -0.174414
 34 9.463257 16.404861 -2.906023 -1.542281 3.132900 -0.176490
 35 9.125259 10.885469 -11.371307 -0.000492 2.962373 0.000256
 36 9.023224 -0.000003 -17.296175 0.000180 -0.167048 -3.141356
 37 12.691406 -0.000003 -19.438766 0.000000 2.494148 0.000000
 38 10.989410 0.000002 -0.000008 0.000000 -0.069889 0.000000
 39 12.871475 -10.586840 -15.652470 1.095910 2.847749 0.505713
 40 10.727020 0.000010 -0.000031 -0.044923 -0.080642 0.020185
 41 12.871445 10.586838 -15.652473 -1.095910 2.847749 -0.505712
 42 10.726990 -0.000025 0.000008 0.044924 -0.080643 -0.020185
 43 12.847229 -17.570080 -4.701338 1.345665 2.968473 0.630846
 44 11.496506 0.000010 -0.000031 -0.091173 -0.040877 0.045775
 45 12.847198 17.570076 -4.701361 -1.345664 2.968472 -0.630846
 46 11.496460 -0.000002 -0.000015 0.091173 -0.040877 -0.045775
 47 28.485947 0.000010 16.460356 -0.000001 -0.058789 0.000000
 48 23.052765 -6.207911 -0.077290 -1.470206 0.035100 -1.833545
 49 9.436905 -0.000008 0.000000 0.010287 0.629545 0.003503
 50 31.269348 0.000010 -0.000031 -0.006701 -0.015170 0.008666
 51 28.756523 0.000010 -0.000031 -0.001117 0.027578 0.001416
 52 2.251984 -2.464407 -1.141647 0.481305 0.508197 -0.319329
 53 3.674042 -0.000013 0.000015 -0.277611 0.179024 0.194713
 54 3.614685 0.000011 0.000000 0.013156 0.193871 -0.001558
 55 9.035507 -2.494944 0.484558 -0.001362 0.302449 0.001673
 56 2.943581 0.000000 -0.000008 0.010585 0.293657 -0.007800
 57 2.649429 0.000002 0.000015 -0.006498 0.303243 0.008512
 58 9.093613 -0.386669 0.647690 0.020190 0.475380 -0.012607
 59 3.451881 0.000004 0.000000 -0.014209 0.528778 0.009212
 60 2.898178 0.000000 0.000034 -0.000683 0.490858 0.000916
 61 8.894592 1.605854 0.371887 -0.000566 0.547851 0.000704
 62 3.130417 0.000002 0.000038 0.003896 0.567158 -0.005064
 63 2.629547 0.000004 -0.000034 0.004892 0.544388 -0.006589
 64 8.470627 3.459530 0.131485 -0.021715 0.541478 0.011455
 65 2.410271 0.000000 -0.000053 0.022815 0.529939 -0.013321
 66 2.000778 0.000004 0.000011 -0.005415 0.533618 0.007402
 67 23.052780 6.207910 -0.077309 1.481823 0.058643 2.080206
 68 9.436897 0.000021 -0.000015 0.151662 0.418551 0.413166
 69 31.269348 -0.000023 -0.000031 0.400504 0.298127 1.899263
 70 28.756504 0.000015 0.000008 0.320481 0.531602 0.104613
 71 2.251896 2.464417 -1.141563 -0.513217 0.249535 0.112914
 72 3.674084 0.000008 -0.000015 0.331388 -0.059506 -0.325011
 73 3.614680 0.000008 0.000015 0.067360 -0.216133 -0.086857
 74 9.035419 2.494965 0.484428 0.001362 -0.011534 -0.001673
 75 2.943565 -0.000015 -0.000031 -0.011498 -0.020268 0.014556
 76 2.649441 0.000000 0.000023 0.006498 -0.010740 -0.008512
 77 9.093689 0.386688 0.647781 -0.018031 0.093461 0.020165
 78 3.451862 0.000015 0.000000 0.014953 0.008589 -0.019838
 79 2.898201 0.000000 0.000000 0.000683 -0.029445 -0.000917
 80 8.894413 -1.605835 0.371918 0.000566 0.090541 -0.000704
 81 3.130432 0.000000 -0.000038 -0.003896 -0.009289 0.005063
 82 2.629517 0.000000 0.000023 -0.004892 -0.032059 0.006589
 83 8.470604 -3.459518 0.131393 0.018786 0.137518 -0.020073
 84 2.410278 0.000000 -0.000008 -0.024238 -0.029075 0.031299
 85 2.000755 0.000000 0.000015 0.005415 -0.025697 -0.007402
 86 9.832348 1.463058 -1.299423 0.016522 -0.031798 -0.020624
 87 25.040588 -5.670405 5.432793 -1.313793 -0.226588 -2.129123
 88 28.779709 -6.856310 -0.811424 -1.466140 0.018332 -1.718457
 89 29.182297 -3.955567 -4.961964 0.885796 2.548481 0.510691
 90 25.040558 5.670407 5.432751 1.299776 -0.400505 2.178472
 91 28.779755 6.856310 -0.811405 1.466140 0.018333 1.718461
 92 29.182297 3.955564 -4.961937 -0.885797 2.548480 -0.510692
 93 -65.335655 -0.000020 1.140918 -3.141591 0.044911 0.000000
 94 26.290924 -12.205288 1.157882 -2.071447 -0.017454 0.065112
 95 49.071022 0.000008 0.000010 2.179705 0.127556 -0.112856
 96 61.871311 -0.000015 -0.000019 3.080256 0.672597 0.035641
 97 26.290924 12.205295 1.157841 2.044502 0.127786 -0.159169
 98 49.071068 0.000003 -0.000034 -2.187262 0.154733 0.063501
 99 61.871300 0.000022 -0.000028 -2.944714 0.642381 0.102744
100 -0.698059 -11.192116 -8.252762 1.287690 -0.074306 -0.750846
101 20.568237 -0.000002 -0.000015 0.010240 0.145434 -0.148182
102 0.223785 -5.734810 -12.929605 -2.952865 0.620743 0.103828
103 20.803581 0.000001 -0.000038 0.066469 -0.009880 -0.033043
104 -1.040009 -3.033968 12.140511 1.554517 0.104601 -1.288764
105 -1.039993 3.034004 12.140501 -1.554518 0.104604 1.288764
106 4.165451 -5.407045 12.088390 0.854937 -0.629941 -0.629908
107 16.599434 -0.000000 -0.000031 -0.047935 -0.051683 0.045016
108 4.165482 5.407080 12.088381 -0.829394 -0.590424 0.581610
109 16.599373 0.000010 -0.000023 0.047600 0.005148 -0.041943
110 6.428391 0.000001 -0.288944 -0.000001 -0.000000 0.000000
111 -1.833771 -13.936460 1.224504 1.552447 0.040995 -0.420999
112 20.406952 -0.000002 -0.000023 0.000000 -0.016932 0.000000
113 21.655495 -0.000003 -0.000015 -0.000256 -0.012737 -0.000449
114 22.360672 -0.000003 -0.000023 0.080437 -0.198077 0.082917
115 22.519657 -0.000007 -0.000015 0.062303 0.041224 0.102039
116 22.140383 -0.000008 -0.000023 0.021895 0.058480 0.098594
117 -1.699203 -12.875611 4.918509 1.116385 -0.148284 -0.380891
118 20.938591 0.000013 0.000000 0.034482 -0.012972 -0.016104
119 21.993614 -0.000006 -0.000053 0.012290 -0.013271 -0.006313
120 22.563789 -0.000013 -0.000008 0.072439 -0.275333 0.079337
121 22.643353 -0.000004 -0.000038 0.038706 -0.041605 0.104125
122 22.238052 -0.000013 -0.000031 -0.016574 -0.035119 0.110049
123 -1.634338 -9.854567 8.052346 0.714077 -0.292095 -0.280759
124 22.205292 0.000000 -0.000031 0.042841 -0.006102 -0.020254
125 22.804390 -0.000005 -0.000046 0.016247 -0.014398 -0.008114
126 23.051662 -0.000000 0.000000 0.057935 -0.344402 0.051373
127 22.939983 0.000001 -0.000046 0.023438 -0.117719 0.074434
128 22.472065 0.000004 -0.000031 -0.022012 -0.119914 0.088164
129 -1.616135 -5.333253 10.147437 0.347094 -0.374742 -0.146641
130 23.451302 -0.000001 -0.000023 0.027042 -0.001892 -0.012901
131 23.608017 -0.000004 -0.000031 0.010729 -0.015993 -0.005330
132 23.536224 -0.000001 -0.000023 0.041863 -0.393248 0.007348
133 23.233967 0.000003 0.000015 0.020423 -0.171059 0.024096
134 22.703682 0.000008 -0.000015 -0.001707 -0.176302 0.033752
135 -1.614517 -0.000000 10.883349 -0.000000 -0.400842 0.000000
136 23.962135 0.000001 -0.000038 0.000000 -0.000699 0.000000
137 23.938965 -0.000003 0.000008 -0.000019 -0.017048 0.000311
138 23.736023 -0.000003 -0.000023 0.024834 -0.382014 -0.042860
139 23.354969 0.000006 -0.000038 0.022259 -0.195326 -0.036428
140 22.798923 -0.000008 -0.000023 0.026986 -0.199944 -0.032504
141 -1.616135 5.333251 10.147422 -0.347094 -0.374742 0.146641
142 23.451294 -0.000005 -0.000008 -0.027042 -0.001892 0.012901
143 23.608025 -0.000002 -0.000046 -0.010476 -0.016970 0.006073
144 23.536251 0.000001 -0.000015 0.005505 -0.413112 -0.096550
145 23.233974 -0.000014 -0.000038 0.021527 -0.189311 -0.099173
146 22.703659 0.000011 -0.000008 0.052892 -0.191323 -0.100413
147 -1.634338 9.854565 8.052344 -0.714077 -0.292096 0.280760
148 22.205254 0.000003 0.000000 -0.042841 -0.006101 0.020254
149 22.804451 0.000002 -0.000076 -0.015615 -0.016270 0.008203
150 23.051628 -0.000008 0.000000 -0.016817 -0.382648 -0.147037
151 22.939974 -0.000003 -0.000023 0.007492 -0.154206 -0.153985
152 22.472057 0.000008 -0.000031 0.064316 -0.149822 -0.174486
153 -1.699203 12.875607 4.918525 -1.116385 -0.148284 0.380891
154 20.938599 0.000020 -0.000008 -0.034482 -0.012973 0.016104
155 21.993599 -0.000004 -0.000061 -0.012521 -0.003068 0.005924
156 22.563805 0.000001 -0.000015 -0.042936 -0.327983 -0.184291
157 22.643353 0.000009 -0.000046 -0.025051 -0.094787 -0.194620
158 22.238029 0.000000 -0.000015 0.035588 -0.082716 -0.217869
159 -1.833771 13.936458 1.224504 -1.552447 0.040994 0.420999
160 20.406960 0.000005 -0.000031 -0.000000 -0.016932 -0.000000
161 21.655502 0.000009 0.000000 -0.000000 -0.003038 0.000000
162 22.360657 0.000003 -0.000015 -0.067697 -0.257535 -0.200935
163 22.519661 0.000004 -0.000015 -0.071719 -0.022668 -0.210602
164 22.140377 0.000002 0.000000 -0.034921 -0.004296 -0.204647
165 -1.972565 12.875609 -3.614555 -1.827109 0.155326 0.386830
166 20.655182 0.000007 -0.000015 0.014659 -0.017050 -0.006451
167 21.762253 0.000004 -0.000023 -0.000617 -0.016738 0.000805
168 22.392166 0.000010 -0.000015 -0.086046 -0.210778 -0.193279
169 22.541344 0.000013 -0.000023 -0.113350 0.023700 -0.210971
170 22.217493 0.000004 -0.000015 -0.097270 0.043579 -0.198716
171 -1.967316 9.854567 -7.722432 -2.161803 0.248066 0.289766
172 21.272728 0.000003 -0.000008 0.025990 -0.015445 -0.009916
173 22.032516 0.000023 -0.000046 -0.001045 -0.019338 0.000933
174 22.475662 0.000003 -0.000015 -0.088310 -0.161111 -0.177316
175 22.598709 0.000006 0.000000 -0.129631 0.069751 -0.189917
176 22.407978 0.000023 -0.000023 -0.116743 0.086957 -0.156705
177 -1.900848 5.333252 -10.470076 -2.601403 0.305546 0.153178
178 21.914322 0.000006 -0.000019 0.024266 -0.010747 -0.007792
179 22.319839 -0.000008 -0.000004 -0.001156 -0.020763 0.000674
180 22.569626 0.000001 -0.000015 -0.067165 -0.107951 -0.142393
181 22.663223 0.000022 -0.000015 -0.106931 0.115695 -0.150153
182 22.604523 0.000017 -0.000027 -0.096900 0.120709 -0.120758
183 -1.865585 -0.000002 -11.435440 -3.141592 0.324581 -0.000000
184 22.186668 -0.000004 -0.000011 0.000000 -0.007676 0.000000
185 22.443710 -0.000003 -0.000008 -0.000051 -0.020490 -0.000144
186 22.611534 -0.000005 -0.000019 -0.014798 -0.070024 -0.079503
187 22.692009 0.000005 0.000000 -0.033247 0.149275 -0.080341
188 22.687653 0.000010 -0.000008 -0.040000 0.145481 -0.085007
189 -1.900848 -5.333257 -10.470070 2.601403 0.305546 -0.153178
190 21.914330 0.000008 -0.000015 -0.024267 -0.010746 0.007792
191 22.319832 -0.000020 -0.000004 0.001207 -0.019333 -0.000870
192 22.569626 0.000007 -0.000031 0.044514 -0.074405 -0.010961
193 22.663235 -0.000019 0.000008 0.042306 0.151915 -0.011012
194 22.604527 0.000003 -0.000004 0.032540 0.152614 -0.023419
195 -1.967285 -9.854565 -7.722440 2.161803 0.248066 -0.289766
196 21.272705 -0.000016 -0.000008 -0.025990 -0.015445 0.009916
197 22.032471 0.000004 -0.000031 0.001198 -0.017049 -0.000946
198 22.475685 -0.000004 -0.000038 0.076176 -0.108595 0.038011
199 22.598709 0.000000 -0.000023 0.079599 0.127830 0.043508
200 22.407982 -0.000012 -0.000023 0.074508 0.142032 0.026324
201 -1.972565 -12.875609 -3.614562 1.827110 0.155326 -0.386831
202 20.655182 0.000009 -0.000023 -0.014659 -0.017050 0.006451
203 21.762268 -0.000007 0.000000 0.000532 -0.014062 -0.000793
204 22.392166 -0.000005 -0.000038 0.085454 -0.151204 0.065845
205 22.541332 -0.000008 -0.000015 0.081237 0.089561 0.078993
206 22.217501 -0.000002 -0.000015 0.065521 0.110293 0.071772
207 0.059621 0.456168 0.250107 0.000000 -0.000000 0.000000
208 0.059621 0.456168 0.250107 0.000000 -0.000000 0.000000
time 5
  0 0.059621 0.456168 0.250107 0.000000 -0.000000 0.000000
  1 0.059621 0.456168 0.250107 0.000000 -0.000000 0.000000
  2 0.059621 0.456168 0.250107 0.000000 -0.000000 0.000000
  3 0.059621 0.456168 0.250107 0.000000 -0.000000 0.000000
  4 0.059621 0.456168 0.250107 0.000000 -0.000000 0.000000
  5 0.059621 0.456168 0.250107 0.000000 -0.000000 0.000000
  6 0.059621 0.456168 0.250107 0.000000 -0.000000 0.000000
  7 0.059621 0.456168 0.250107 0.000000 -0.000000 0.000000
  8 0.059621 0.456168 0.250107 0.000000 -0.000000 0.000000
  9 0.059621 0.456168 0.250107 0.000000 -0.000000 0.000000
 10 102.865631 13.904102 148.351425 -1.249319 -0.069478 1.783859
 11 24.668253 0.000015 -0.000042 1.050793 -0.377208 -0.042763
 12 30.380144 0.000000 0.000008 1.682912 0.117425 0.694920
 13 19.902096 0.000015 -0.000015 -0.005900 0.049568 0.009844
 14 -72.712677 51.884071 107.458252 -1.178101 -2.787664 1.247705
 15 35.349518 0.000000 0.000015 -1.372682 0.024885 -0.278753
 16 37.124332 -0.000015 -0.000031 -0.969581 0.516735 0.705814
 17 0.059621 0.456168 0.250107 0.064768 -0.005215 -0.156772
 18 0.059621 0.456168 91.121849 1.570796 1.570796 0.000000
 19 -65.799538 -0.000020 1.142855 -0.000000 0.000515 3.141077
 20 11.181564 0.005760 -0.002411 0.000000 0.254797 0.000515
 21 27.835159 0.000000 0.000015 -3.141592 -0.129896 -0.000000
 22 5.330383 -0.000001 -0.000002 -3.070688 -0.012839 -0.020707
 23 10.134872 -4.133392 3.834196 -0.585477 -1.114277 -2.603168
 24 10.134888 4.133398 3.834198 0.585499 -1.114270 2.603148
 25 22.592346 0.000009 17.467112 -0.000010 2.956431 0.000000
 26 21.199982 -7.744009 14.169519 -0.644457 -0.154503 -3.025319
 27 18.142014 -13.440228 7.965769 1.231537 -0.207567 3.072722
 28 21.199951 7.744022 14.169497 0.644460 -0.154503 3.025318
 29 18.141998 13.440236 7.965773 -0.316157 -0.180196 -3.082644
 30 11.858856 -13.359999 3.526512 1.542249 3.132957 0.174415
 31 9.463272 -16.404865 -2.906048 1.542282 3.132901 0.176490
 32 9.125244 -10.885475 -11.371326 0.000496 2.962373 0.000256
 33 11.858841 13.360003 3.526470 -1.542248 3.132957 -0.174414
 34 9.463242 16.404867 -2.906027 -1.542281 3.132900 -0.176490
 35 9.125259 10.885472 -11.371305 -0.000492 2.962373 0.000256
 36 9.023224 -0.000003 -17.296175 0.000180 -0.167048 -3.141356
 37 12.691391 -0.000003 -19.438766 0.000000 2.484277 0.000000
 38 10.989426 0.000002 -0.000015 0.000000 -0.022772 0.000000
 39 12.871460 -10.586842 -15.652472 1.099197 2.843591 0.515251
 40 10.726990 0.000007 -0.000023 -0.045009 -0.033562 0.018044
 41 12.871429 10.586842 -15.652472 -1.099196 2.843590 -0.515250
 42 10.726974 -0.000022 0.000015 0.045009 -0.033562 -0.018044
 43 12.847214 -17.570084 -4.701342 1.347632 2.966506 0.640716
 44 11.496490 0.000010 -0.000031 -0.091519 0.006057 0.041308
 45 12.847183 17.570084 -4.701361 -1.347632 2.966505 -0.640716
 46 11.496445 0.000000 0.000000 0.091519 0.006057 -0.041308
 47 28.485947 0.000010 16.460352 -0.000001 -0.068660 0.000000
 48 23.052750 -6.207911 -0.077290 -1.470206 0.035100 -1.833545
 49 9.436905 -0.000006 0.000000 0.010287 0.643126 0.003503
 50 31.269341 0.000011 -0.000023 -0.006701 -0.020676 0.008666
 51 28.756531 0.000010 -0.000046 -0.001117 0.024876 0.001416
 52 2.251991 -2.464409 -1.141647 0.481305 0.508197 -0.319329
 53 3.674049 -0.000013 0.000023 -0.277611 0.179024 0.194713
 54 3.614693 0.000013 -0.000008 0.013156 0.193871 -0.001558
 55 9.035515 -2.494946 0.484558 -0.001362 0.302449 0.001673
 56 2.943588 0.000002 -0.000015 0.010585 0.293657 -0.007800
 57 2.649422 0.000000 0.000008 -0.006498 0.303243 0.008512
 58 9.093628 -0.386669 0.647705 0.020190 0.475380 -0.012607
 59 3.451881 0.000002 0.000000 -0.014209 0.528778 0.009212
 60 2.898163 -0.000002 0.000031 -0.000683 0.490858 0.000916
 61 8.894600 1.605854 0.371895 -0.000566 0.547851 0.000704
 62 3.130409 0.000000 0.000046 0.003896 0.567158 -0.005064
 63 2.629532 0.000000 -0.000038 0.004892 0.544388 -0.006589
 64 8.470619 3.459528 0.131500 -0.021715 0.541478 0.011456
 65 2.410271 0.000002 -0.000053 0.022815 0.529939 -0.013321
 66 2.000793 0.000006 0.000015 -0.005415 0.533618 0.007402
 67 23.052765 6.207911 -0.077309 1.481823 0.058643 2.080206
 68 9.436905 0.000019 -0.000015 0.151662 0.418551 0.413166
 69 31.269348 -0.000008 -0.000031 0.380190 0.294548 1.897556
 70 28.756508 0.000015 0.000008 0.317436 0.513599 0.096929
 71 2.251896 2.464417 -1.141556 -0.513217 0.249535 0.112914
 72 3.674084 0.000000 -0.000015 0.331388 -0.059506 -0.325011
 73 3.614677 0.000000 0.000000 0.067360 -0.216133 -0.086857
 74 9.035416 2.494949 0.484421 0.001362 -0.011534 -0.001673
 75 2.943569 0.000000 -0.000038 -0.011498 -0.020268 0.014556
 76 2.649445 0.000015 0.000015 0.006498 -0.010740 -0.008512
 77 9.093689 0.386673 0.647781 -0.018031 0.093461 0.020165
 78 3.451866 0.000000 0.000000 0.014953 0.008589 -0.019838
 79 2.898201 -0.000015 -0.000023 0.000683 -0.029445 -0.000917
 80 8.894413 -1.605850 0.371910 0.000566 0.090541 -0.000704
 81 3.130432 0.000015 -0.000046 -0.003896 -0.009289 0.005063
 82 2.629517 -0.000015 0.000015 -0.004892 -0.032059 0.006589
 83 8.470604 -3.459518 0.131393 0.018786 0.137518 -0.020073
 84 2.410276 0.000000 -0.000008 -0.024238 -0.029075 0.031299
 85 2.000755 0.000000 0.000031 0.005415 -0.025697 -0.007402
 86 9.832344 1.463074 -1.299431 0.016522 -0.031798 -0.020624
 87 25.040588 -5.670405 5.432793 -1.314635 -0.227466 -2.125542
 88 28.779694 -6.856309 -0.811420 -1.466091 0.017955 -1.714887
 89 29.182281 -3.955566 -4.961964 0.887822 2.546278 0.514174
 90 25.040558 5.670408 5.432751 1.301293 -0.401403 2.174680
 91 28.779739 6.856312 -0.811401 1.466091 0.017956 1.714891
 92 29.182281 3.955564 -4.961937 -0.887822 2.546276 -0.514175
 93 -65.335655 -0.000020 1.140918 -3.141591 0.044911 0.000000
 94 26.290924 -12.205288 1.157882 -2.071447 -0.017454 0.065112
 95 49.071030 0.000008 0.000009 2.179705 0.127556 -0.112856
 96 61.871315 -0.000015 -0.000019 3.080256 0.672597 0.035641
 97 26.290924 12.205295 1.157842 2.044502 0.127786 -0.159169
 98 49.071060 0.000004 -0.000037 -2.187262 0.154733 0.063501
 99 61.871300 0.000023 -0.000027 -2.944714 0.642381 0.102745
100 -0.698059 -11.192116 -8.252762 1.288087 -0.075407 -0.754777
101 20.568222 -0.000002 -0.000008 0.010215 0.174180 -0.148075
102 0.223785 -5.734810 -12.929604 -2.952137 0.624721 0.104930
103 20.803581 0.000002 -0.000038 0.066507 0.015775 -0.031272
104 -1.040009 -3.033968 12.140510 1.554517 0.104601 -1.288764
105 -1.039993 3.034004 12.140500 -1.554518 0.104604 1.288764
106 4.165451 -5.407045 12.088389 0.854937 -0.629941 -0.629908
107 16.599442 0.000000 -0.000031 -0.047935 -0.051683 0.045016
108 4.165482 5.407080 12.088382 -0.818882 -0.573719 0.561492
109 16.599380 0.000009 -0.000023 0.047413 0.029044 -0.040601
110 6.428391 0.000001 -0.288944 -0.000001 -0.000000 -0.000000
111 -1.833771 -13.936460 1.224504 1.552448 0.040995 -0.420999
112 20.406944 -0.000002 -0.000015 0.000000 -0.016932 0.000000
113 21.655502 -0.000002 -0.000015 -0.000391 -0.015179 -0.000687
114 22.360664 -0.000002 -0.000023 0.080320 -0.200517 0.082614
115 22.519657 -0.000005 -0.000015 0.062513 0.052817 0.103210
116 22.140388 -0.000010 -0.000023 0.021895 0.070096 0.098594
117 -1.699203 -12.875611 4.918509 1.116385 -0.148284 -0.380891
118 20.938599 0.000013 0.000000 0.034482 -0.012972 -0.016104
119 21.993614 -0.000005 -0.000061 0.012167 -0.015722 -0.006520
120 22.563789 -0.000013 -0.000008 0.072346 -0.277786 0.079076
121 22.643349 0.000000 -0.000031 0.038767 -0.029997 0.104965
122 22.238045 -0.000006 -0.000031 -0.016506 -0.023516 0.109504
123 -1.634338 -9.854567 8.052347 0.714077 -0.292095 -0.280759
124 22.205299 0.000001 -0.000023 0.042841 -0.006102 -0.020254
125 22.804390 -0.000005 -0.000046 0.016154 -0.016899 -0.008254
126 23.051659 0.000001 0.000000 0.057867 -0.346906 0.051186
127 22.939980 0.000002 -0.000046 0.023439 -0.106106 0.074953
128 22.472065 0.000002 -0.000031 -0.021883 -0.108310 0.087632
129 -1.616135 -5.333253 10.147438 0.347094 -0.374743 -0.146641
130 23.451302 -0.000000 -0.000023 0.027042 -0.001892 -0.012901
131 23.608017 -0.000003 -0.000023 0.010675 -0.018569 -0.005388
132 23.536224 -0.000001 -0.000023 0.041824 -0.395822 0.007257
133 23.233971 0.000002 0.000008 0.020419 -0.159445 0.024524
134 22.703678 0.000009 -0.000015 -0.001707 -0.164686 0.033752
135 -1.614517 -0.000000 10.883350 -0.000000 -0.400842 0.000000
136 23.962143 0.000001 -0.000031 0.000000 -0.000699 0.000000
137 23.938965 -0.000003 0.000008 -0.000029 -0.019710 0.000384
138 23.736023 -0.000003 -0.000031 0.024762 -0.370401 -0.042446
139 23.354977 0.000006 -0.000046 0.022168 -0.183716 -0.035960
140 22.798935 -0.000009 -0.000031 0.026961 -0.188332 -0.032193
141 -1.616135 5.333251 10.147423 -0.347094 -0.374742 0.146641
142 23.451309 -0.000006 -0.000008 -0.027042 -0.001892 0.012901
143 23.608017 -0.000002 -0.000038 -0.010394 -0.019723 0.006295
144 23.536247 0.000001 -0.000015 0.005526 -0.415847 -0.096438
145 23.233976 -0.000018 -0.000038 0.021509 -0.177698 -0.098926
146 22.703671 0.000013 -0.000008 0.052847 -0.179723 -0.099804
147 -1.634338 9.854565 8.052345 -0.714078 -0.292096 0.280760
148 22.205261 0.000003 0.000000 -0.042841 -0.006101 0.020254
149 22.804451 0.000002 -0.000069 -0.015431 -0.019111 0.008391
150 23.051640 -0.000007 -0.000008 -0.016720 -0.385456 -0.146833
151 22.939974 -0.000006 -0.000015 0.007492 -0.142590 -0.153985
152 22.472065 0.000006 -0.000046 0.064062 -0.138275 -0.173227
153 -1.699203 12.875607 4.918525 -1.116385 -0.148284 0.380891
154 20.938591 0.000019 0.000000 -0.034482 -0.012973 0.016104
155 21.993591 -0.000005 -0.000061 -0.012521 -0.003068 0.005924
156 22.563812 0.000001 -0.000023 -0.042757 -0.330849 -0.184021
157 22.643360 0.000012 -0.000038 -0.025058 -0.083175 -0.195163
158 22.238029 -0.000004 -0.000015 0.035490 -0.071152 -0.216773
159 -1.833771 13.936458 1.224504 -1.552447 0.040994 0.420999
160 20.406960 0.000005 -0.000031 -0.000000 -0.016932 -0.000000
161 21.655510 0.000009 -0.000015 -0.000000 -0.003038 0.000000
162 22.360657 0.000002 -0.000015 -0.067537 -0.260432 -0.200625
163 22.519665 0.000004 -0.000015 -0.071834 -0.011082 -0.212024
164 22.140381 0.000006 -0.000008 -0.034819 0.007317 -0.204367
165 -1.972565 12.875609 -3.614555 -1.827109 0.155326 0.386830
166 20.655167 0.000007 -0.000023 0.014659 -0.017050 -0.006451
167 21.762253 0.000003 -0.000015 -0.000533 -0.019683 0.001048
168 22.392166 0.000011 -0.000023 -0.085928 -0.213673 -0.192945
169 22.541340 0.000015 -0.000031 -0.113635 0.035241 -0.213012
170 22.217497 0.000008 -0.000008 -0.097132 0.055185 -0.199565
171 -1.967316 9.854567 -7.722432 -2.161803 0.248066 0.289766
172 21.272728 0.000003 -0.000008 0.025990 -0.015445 -0.009916
173 22.032516 0.000022 -0.000046 -0.000948 -0.022256 0.001139
174 22.475662 -0.000000 -0.000023 -0.088182 -0.163986 -0.177011
175 22.598709 0.000006 -0.000015 -0.130042 0.081268 -0.192199
176 22.407982 0.000015 -0.000031 -0.117141 0.098492 -0.158826
177 -1.900833 5.333252 -10.470076 -2.601403 0.305546 0.153178
178 21.914322 0.000006 -0.000023 0.024266 -0.010747 -0.007792
179 22.319839 -0.000009 -0.000004 -0.001115 -0.023612 0.000796
180 22.569626 -0.000000 -0.000011 -0.067051 -0.110773 -0.142189
181 22.663216 0.000022 -0.000023 -0.107324 0.127243 -0.152065
182 22.604523 0.000019 -0.000027 -0.097234 0.132268 -0.122520
183 -1.865585 -0.000002 -11.435440 -3.141592 0.324581 -0.000000
184 22.186668 -0.000004 -0.000008 0.000000 -0.007676 0.000000
185 22.443718 -0.000003 -0.000011 -0.000077 -0.023213 -0.000179
186 22.611549 -0.000005 -0.000023 -0.014805 -0.072740 -0.079498
187 22.692017 0.000005 0.000000 -0.033358 0.160884 -0.081034
188 22.687658 0.000010 -0.000008 -0.039984 0.157095 -0.085370
189 -1.900833 -5.333256 -10.470070 2.601403 0.305546 -0.153178
190 21.914337 0.000008 -0.000015 -0.024267 -0.010746 0.007792
191 22.319824 -0.000020 -0.000004 0.001138 -0.021923 -0.001041
192 22.569618 0.000007 -0.000034 0.044451 -0.076993 -0.011303
193 22.663239 -0.000017 0.000000 0.042564 0.163520 -0.010498
194 22.604530 0.000004 -0.000004 0.032736 0.164223 -0.023024
195 -1.967285 -9.854565 -7.722440 2.161803 0.248066 -0.289766
196 21.272720 -0.000016 -0.000008 -0.025990 -0.015445 0.009916
197 22.032463 0.000004 -0.000023 0.001093 -0.019553 -0.001159
198 22.475693 -0.000005 -0.000038 0.076075 -0.111094 0.037725
199 22.598705 0.000001 -0.000015 0.080042 0.139409 0.044810
200 22.407986 -0.000016 -0.000015 0.074948 0.153616 0.027577
201 -1.972565 -12.875609 -3.614562 1.827110 0.155326 -0.386831
202 20.655182 0.000010 -0.000023 -0.014659 -0.017050 0.006451
203 21.762276 -0.000007 -0.000008 0.000404 -0.016523 -0.001029
204 22.392166 -0.000004 -0.000031 0.085336 -0.153659 0.065533
205 22.541340 -0.000009 -0.000031 0.081606 0.101138 0.080395
206 22.217505 -0.000008 -0.000023 0.065847 0.121884 0.072993
207 0.059621 0.456168 0.250107 0.000000 -0.000000 0.000000
208 0.059621 0.456168 0.250107 0.000000 -0.000000 0.000000
time 6
  0 0.059621 0.456168 0.250107 0.000000 -0.000000 0.000000
  1 0.059621 0.456168 0.250107 0.000000 -0.000000 0.000000
  2 0.059621 0.456168 0.250107 0.000000 -0.000000 0.000000
  3 0.059621 0.456168 0.250107 0.000000 -0.000000 0.000000
  4 0.059621 0.456168 0.250107 0.000000 -0.000000 0.000000
  5 0.059621 0.456168 0.250107 0.000000 -0.000000 0.000000
  6 0.059621 0.456168 0.250107 0.000000 -0.000000 0.000000
  7 0.059621 0.456168 0.250107 0.000000 -0.000000 0.000000
  8 0.059621 0.456168 0.250107 0.000000 -0.000000 0.000000
  9 0.059621 0.456168 0.250107 0.000000 -0.000000 0.000000
 10 96.088783 4.665347 146.327194 -1.252261 -0.065620 1.636710
 11 24.668245 0.000015 -0.000038 1.049729 -0.365850 -0.046195
 12 30.380144 0.000015 0.000008 1.680332 0.132975 0.663641
 13 19.902092 0.000000 -0.000015 -0.005463 0.031145 0.004937
 14 -67.610397 64.984360 107.458252 -1.179689 -2.765990 1.032065
 15 35.349518 0.000000 0.000008 -1.361611 0.000843 -0.264328
 16 37.124336 -0.000015 -0.000031 -0.975018 0.514040 0.689419
 17 0.059621 0.456168 0.250107 0.064768 -0.005215 -0.156772
 18 0.059621 0.456168 91.859505 1.570796 1.570796 0.000000
 19 -65.799553 -0.000020 1.142855 -0.000000 0.000515 3.141077
 20 11.181564 0.005760 -0.002411 0.000000 0.254797 0.000515
 21 27.835175 -0.000000 0.000015 -3.141592 -0.129896 -0.000000
 22 5.330383 -0.000001 -0.000002 -3.070600 -0.012182 -0.029879
 23 10.134872 -4.133392 3.834200 -0.564833 -1.098323 -2.626276
 24 10.134872 4.133398 3.834198 0.564854 -1.098317 2.626256
 25 22.592346 0.000009 17.467110 -0.000010 2.956431 0.000000
 26 21.199966 -7.744008 14.169518 -0.644457 -0.154503 -3.025319
 27 18.142014 -13.440228 7.965775 1.232798 -0.218451 3.068776
 28 21.199951 7.744022 14.169498 0.644460 -0.154503 3.025318
 29 18.141983 13.440237 7.965773 -0.316157 -0.180196 -3.082644
 30 11.858856 -13.359997 3.526512 1.542249 3.132957 0.174415
 31 9.463272 -16.404867 -2.906046 1.542282 3.132901 0.176490
 32 9.125229 -10.885473 -11.371326 0.000496 2.962373 0.000256
 33 11.858826 13.360003 3.526470 -1.542248 3.132957 -0.174414
 34 9.463242 16.404865 -2.906025 -1.542281 3.132900 -0.176490
 35 9.125259 10.885470 -11.371307 -0.000492 2.962373 0.000256
 36 9.023224 -0.000003 -17.296175 0.000180 -0.167048 -3.141356
 37 12.691391 -0.000004 -19.438765 0.000000 2.472774 0.000000
 38 10.989410 0.000002 -0.000015 0.000000 0.029817 0.000000
 39 12.871460 -10.586842 -15.652473 1.103028 2.838744 0.526368
 40 10.727020 0.000008 -0.000031 -0.045104 0.018986 0.015654
 41 12.871445 10.586840 -15.652473 -1.103027 2.838744 -0.526367
 42 10.726974 -0.000021 0.000008 0.045105 0.018986 -0.015654
 43 12.847198 -17.570086 -4.701340 1.349926 2.964213 0.652221
 44 11.496506 0.000010 -0.000031 -0.091905 0.058441 0.036322
 45 12.847183 17.570082 -4.701359 -1.349925 2.964212 -0.652220
 46 11.496460 -0.000002 -0.000015 0.091905 0.058441 -0.036322
 47 28.485931 0.000010 16.460358 -0.000001 -0.080164 0.000000
 48 23.052765 -6.207911 -0.077290 -1.470206 0.035100 -1.833545
 49 9.436905 -0.000008 -0.000015 0.010287 0.655305 0.003503
 50 31.269341 0.000008 -0.000031 -0.006701 -0.027193 0.008666
 51 28.756508 0.000008 -0.000015 -0.001117 0.021678 0.001416
 52 2.251984 -2.464409 -1.141640 0.481305 0.508197 -0.319329
 53 3.674049 -0.000013 0.000015 -0.277611 0.179024 0.194713
 54 3.614685 0.000010 0.000000 0.013156 0.193871 -0.001558
 55 9.035507 -2.494946 0.484550 -0.001362 0.302449 0.001673
 56 2.943588 0.000002 -0.000015 0.010585 0.293657 -0.007800
 57 2.649437 0.000000 0.000008 -0.006498 0.303243 0.008512
 58 9.093636 -0.386669 0.647690 0.020190 0.475380 -0.012607
 59 3.451897 0.000002 -0.000008 -0.014209 0.528778 0.009212
 60 2.898178 0.000002 0.000034 -0.000683 0.490858 0.000916
 61 8.894592 1.605852 0.371895 -0.000566 0.547851 0.000704
 62 3.130417 0.000000 0.000038 0.003896 0.567158 -0.005064
 63 2.629532 0.000002 -0.000042 0.004892 0.544388 -0.006589
 64 8.470627 3.459528 0.131485 -0.021715 0.541478 0.011456
 65 2.410263 0.000000 -0.000046 0.022815 0.529939 -0.013321
 66 2.000793 0.000004 0.000011 -0.005415 0.533618 0.007402
 67 23.052780 6.207910 -0.077309 1.481823 0.058643 2.080206
 68 9.436890 0.000019 -0.000031 0.151662 0.418551 0.413166
 69 31.269348 -0.000008 -0.000038 0.356777 0.290423 1.895589
 70 28.756500 0.000000 0.000008 0.313895 0.492666 0.087994
 71 2.251900 2.464417 -1.141563 -0.513217 0.249535 0.112914
 72 3.674088 0.000008 0.000000 0.331388 -0.059506 -0.325011
 73 3.614677 0.000000 0.000031 0.067360 -0.216133 -0.086857
 74 9.035423 2.494965 0.484421 0.001362 -0.011534 -0.001673
 75 2.943565 0.000000 -0.000038 -0.011497 -0.020268 0.014556
 76 2.649441 0.000000 0.000015 0.006498 -0.010740 -0.008512
 77 9.093689 0.386673 0.647781 -0.018031 0.093461 0.020165
 78 3.451862 0.000000 0.000000 0.014953 0.008589 -0.019838
 79 2.898201 -0.000015 -0.000008 0.000683 -0.029445 -0.000917
 80 8.894417 -1.605850 0.371910 0.000566 0.090541 -0.000704
 81 3.130432 0.000015 -0.000038 -0.003896 -0.009289 0.005063
 82 2.629517 -0.000015 0.000015 -0.004892 -0.032059 0.006589
 83 8.470608 -3.459518 0.131393 0.018786 0.137518 -0.020073
 84 2.410278 0.000000 -0.000015 -0.024238 -0.029075 0.031299
 85 2.000751 0.000000 0.000023 0.005415 -0.025697 -0.007402
 86 9.832352 1.463074 -1.299423 0.016523 -0.031798 -0.020624
 87 25.040604 -5.670405 5.432793 -1.315615 -0.228486 -2.121379
 88 28.779709 -6.856310 -0.811420 -1.466034 0.017516 -1.710737
 89 29.182297 -3.955566 -4.961964 0.890178 2.543715 0.518224
 90 25.040573 5.670407 5.432751 1.303058 -0.402447 2.170270
 91 28.779755 6.856310 -0.811401 1.466033 0.017517 1.710740
 92 29.182297 3.955564 -4.961937 -0.890178 2.543714 -0.518225
 93 -65.335655 -0.000020 1.140918 -3.141591 0.044911 0.000000
 94 26.290924 -12.205288 1.157882 -2.071447 -0.017454 0.065112
 95 49.071037 0.000008 0.000009 2.179705 0.127556 -0.112856
 96 61.871315 -0.000015 -0.000019 3.080256 0.672597 0.035641
 97 26.290924 12.205295 1.157842 2.044502 0.127786 -0.159169
 98 49.071068 0.000004 -0.000037 -2.187262 0.154733 0.063501
 99 61.871307 0.000023 -0.000027 -2.944714 0.642381 0.102745
100 -0.698059 -11.192116 -8.252763 1.288558 -0.076709 -0.759425
101 20.568230 0.000000 -0.000008 0.010187 0.205973 -0.147953
102 0.223785 -5.734809 -12.929605 -2.951276 0.629424 0.106233
103 20.803566 0.000001 -0.000031 0.066548 0.044149 -0.029313
104 -1.040009 -3.033968 12.140511 1.554517 0.104601 -1.288764
105 -1.039993 3.034004 12.140501 -1.554518 0.104604 1.288764
106 4.165451 -5.407045 12.088390 0.854937 -0.629941 -0.629908
107 16.599442 0.000000 -0.000031 -0.047935 -0.051683 0.045016
108 4.165482 5.407080 12.088381 -0.807543 -0.555701 0.539793
109 16.599388 0.000010 -0.000038 0.047211 0.054818 -0.039153
110 6.428391 0.000001 -0.288944 -0.000001 -0.000000 -0.000000
111 -1.833771 -13.936460 1.224504 1.552448 0.040995 -0.420999
112 20.406960 -0.000002 -0.000015 0.000000 -0.016932 0.000000
113 21.655487 -0.000002 -0.000015 -0.000552 -0.017618 -0.000969
114 22.360672 -0.000002 -0.000031 0.080181 -0.202949 0.082257
115 22.519661 -0.000006 -0.000015 0.062708 0.066223 0.104343
116 22.140390 -0.000010 -0.000031 0.021895 0.083528 0.098594
117 -1.699203 -12.875612 4.918509 1.116385 -0.148284 -0.380891
118 20.938591 0.000014 0.000000 0.034482 -0.012972 -0.016104
119 21.993614 -0.000005 -0.000053 0.012022 -0.018130 -0.006765
120 22.563789 -0.000013 0.000000 0.072236 -0.280191 0.078768
121 22.643356 0.000000 -0.000046 0.038824 -0.016576 0.105738
122 22.238049 -0.000004 -0.000031 -0.016442 -0.010100 0.108873
123 -1.634338 -9.854568 8.052346 0.714077 -0.292095 -0.280759
124 22.205307 0.000001 -0.000023 0.042841 -0.006102 -0.020254
125 22.804390 -0.000005 -0.000046 0.016044 -0.019319 -0.008420
126 23.051662 0.000001 0.000000 0.057786 -0.349325 0.050966
127 22.939972 0.000005 -0.000046 0.023439 -0.092678 0.075428
128 22.472061 -0.000001 -0.000031 -0.021762 -0.094893 0.087017
129 -1.616135 -5.333253 10.147437 0.347094 -0.374743 -0.146641
130 23.451302 -0.000001 -0.000023 0.027042 -0.001892 -0.012901
131 23.608017 -0.000004 -0.000031 0.010612 -0.021034 -0.005456
132 23.536232 -0.000002 -0.000038 0.041778 -0.398286 0.007150
133 23.233973 0.000004 0.000008 0.020414 -0.146016 0.024920
134 22.703678 0.000010 -0.000015 -0.001707 -0.151255 0.033752
135 -1.614517 -0.000000 10.883349 -0.000000 -0.400842 0.000000
136 23.962135 0.000001 -0.000038 0.000000 -0.000699 -0.000000
137 23.938972 -0.000003 0.000008 -0.000041 -0.022244 0.000454
138 23.736027 -0.000003 -0.000031 0.024679 -0.356973 -0.042031
139 23.354973 0.000006 -0.000038 0.022062 -0.170291 -0.035473
140 22.798935 -0.000009 -0.000031 0.026932 -0.174905 -0.031834
141 -1.616135 5.333251 10.147422 -0.347094 -0.374742 0.146641
142 23.451309 -0.000006 -0.000008 -0.027042 -0.001892 0.012901
143 23.608017 -0.000002 -0.000038 -0.010315 -0.022340 0.006519
144 23.536240 0.000001 -0.000015 0.005548 -0.418449 -0.096306
145 23.233978 -0.000014 -0.000031 0.021489 -0.164269 -0.098639
146 22.703674 0.000016 -0.000015 0.052795 -0.166309 -0.099101
147 -1.634338 9.854564 8.052344 -0.714078 -0.292096 0.280760
148 22.205261 0.000003 -0.000008 -0.042841 -0.006101 0.020254
149 22.804451 0.000002 -0.000076 -0.015255 -0.021822 0.008613
150 23.051640 -0.000006 -0.000015 -0.016625 -0.388138 -0.146591
151 22.939968 -0.000001 -0.000023 0.007492 -0.129158 -0.153986
152 22.472057 0.000009 -0.000038 0.063768 -0.124925 -0.171771
153 -1.699203 12.875607 4.918525 -1.116385 -0.148284 0.380891
154 20.938599 0.000019 0.000000 -0.034482 -0.012973 0.016104
155 21.993591 -0.000005 -0.000069 -0.012521 -0.003068 0.005924
156 22.563812 0.000001 -0.000023 -0.042588 -0.333611 -0.183703
157 22.643356 0.000014 -0.000038 -0.025066 -0.069747 -0.195663
158 22.238029 0.000000 -0.000015 0.035376 -0.057781 -0.215505
159 -1.833771 13.936458 1.224504 -1.552447 0.040994 0.420999
160 20.406967 0.000005 -0.000038 -0.000000 -0.016932 -0.000000
161 21.655502 0.000009 -0.000008 -0.000000 -0.003038 0.000000
162 22.360664 0.000002 -0.000015 -0.067376 -0.263256 -0.200259
163 22.519661 0.000004 -0.000023 -0.071949 0.002316 -0.213373
164 22.140377 0.000008 0.000000 -0.034717 0.020745 -0.204043
165 -1.972580 12.875609 -3.614555 -1.827109 0.155326 0.386830
166 20.655167 0.000007 -0.000015 0.014659 -0.017050 -0.006451
167 21.762253 0.000003 -0.000015 -0.000434 -0.022582 0.001335
168 22.392166 0.000010 -0.000023 -0.085800 -0.216522 -0.192550
169 22.541340 0.000013 -0.000023 -0.113916 0.048586 -0.215014
170 22.217493 0.000008 -0.000015 -0.096972 0.068605 -0.200343
171 -1.967316 9.854567 -7.722432 -2.161803 0.248066 0.289766
172 21.272736 0.000003 -0.000008 0.025990 -0.015445 -0.009916
173 22.032524 0.000022 -0.000053 -0.000848 -0.025160 0.001382
174 22.475662 -0.000002 -0.000015 -0.088050 -0.166848 -0.176650
175 22.598709 0.000004 -0.000015 -0.130457 0.094585 -0.194463
176 22.407976 0.000015 -0.000023 -0.117546 0.111831 -0.160913
177 -1.900848 5.333252 -10.470076 -2.601403 0.305546 0.153178
178 21.914322 0.000006 -0.000019 0.024266 -0.010747 -0.007792
179 22.319839 -0.000009 -0.000004 -0.001075 -0.026482 0.000941
180 22.569626 -0.000001 -0.000015 -0.066940 -0.113618 -0.141947
181 22.663216 0.000021 -0.000023 -0.107733 0.140595 -0.153963
182 22.604527 0.000011 -0.000031 -0.097594 0.145635 -0.124263
183 -1.865585 -0.000002 -11.435440 -3.141592 0.324581 -0.000000
184 22.186684 -0.000004 -0.000008 0.000000 -0.007676 0.000000
185 22.443710 -0.000003 -0.000011 -0.000109 -0.025989 -0.000212
186 22.611549 -0.000005 -0.000023 -0.014813 -0.075509 -0.079494
187 22.692024 0.000005 0.000000 -0.033486 0.174308 -0.081692
188 22.687653 0.000010 -0.000008 -0.039969 0.170525 -0.085701
189 -1.900848 -5.333257 -10.470070 2.601403 0.305546 -0.153178
190 21.914337 0.000008 -0.000015 -0.024267 -0.010746 0.007792
191 22.319824 -0.000020 -0.000004 0.001057 -0.024571 -0.001232
192 22.569626 0.000007 -0.000038 0.044378 -0.079638 -0.011653
193 22.663231 -0.000019 0.000000 0.042802 0.176940 -0.009905
194 22.604527 0.000003 -0.000004 0.032917 0.177648 -0.022566
195 -1.967285 -9.854565 -7.722440 2.161803 0.248066 -0.289766
196 21.272713 -0.000016 -0.000008 -0.025990 -0.015445 0.009916
197 22.032471 0.000004 -0.000031 0.000970 -0.022099 -0.001410
198 22.475685 -0.000008 -0.000038 0.075957 -0.113634 0.037388
199 22.598705 0.000000 -0.000031 0.080449 0.152799 0.046141
200 22.407990 -0.000015 -0.000015 0.075353 0.167010 0.028846
201 -1.972580 -12.875609 -3.614562 1.827110 0.155326 -0.386831
202 20.655182 0.000010 -0.000023 -0.014659 -0.017050 0.006451
203 21.762276 -0.000007 -0.000008 0.000252 -0.019004 -0.001308
204 22.392166 -0.000004 -0.000038 0.085197 -0.156131 0.065165
205 22.541336 -0.000009 -0.000023 0.081947 0.114526 0.081796
206 22.217503 -0.000008 -0.000023 0.066151 0.135287 0.074183
207 0.059621 0.456168 0.250107 0.000000 -0.000000 0.000000
208 0.059621 0.456168 0.250107 0.000000 -0.000000 0.000000
time 7
  0 0.059621 0.456168 0.250107 0.000000 -0.000000 0.000000
  1 0.059621 0.456168 0.250107 0.000000 -0.000000 0.000000
  2 0.059621 0.456168 0.250107 0.000000 -0.000000 0.000000
  3 0.059621 0.456168 0.250107 0.000000 -0.000000 0.000000
  4 0.059621 0.456168 0.250107 0.000000 -0.000000 0.000000
  5 0.059621 0.456168 0.250107 0.000000 -0.000000 0.000000
  6 0.059621 0.456168 0.250107 0.000000 -0.000000 0.000000
  7 0.059621 0.456168 0.250107 0.000000 -0.000000 0.000000
  8 0.059621 0.456168 0.250107 0.000000 -0.000000 0.000000
  9 0.059621 0.456168 0.250107 0.000000 -0.000000 0.000000
 10 88.624580 -5.104705 144.186554 -1.255372 -0.061539 1.474192
 11 24.668243 0.000031 -0.000038 1.048534 -0.353081 -0.050053
 12 30.380144 0.000015 0.000015 1.677264 0.150240 0.628117
 13 19.902094 0.000000 -0.000023 -0.004893 0.010145 -0.000734
 14 -61.175762 70.064056 107.458252 -1.180266 -2.757843 0.864598
 15 35.349518 0.000015 0.000015 -1.349904 -0.024582 -0.249073
 16 37.124329 -0.000008 -0.000031 -0.980768 0.510800 0.669646
 17 0.059621 0.456168 0.250107 0.064768 -0.005215 -0.156772
 18 0.059621 0.456168 92.690796 1.570796 1.570796 0.000000
 19 -65.799545 -0.000020 1.142855 0.000000 0.000515 3.141077
 20 11.181580 0.005760 -0.002411 0.000000 0.254797 0.000515
 21 27.835159 -0.000000 0.000015 -3.141592 -0.129896 -0.000000
 22 5.330368 -0.000001 -0.000002 -3.070505 -0.011463 -0.039917
 23 10.134888 -4.133394 3.834200 -0.544979 -1.081617 -2.648687
 24 10.134888 4.133399 3.834198 0.545000 -1.081611 2.648669
 25 22.592361 0.000007 17.467115 -0.000010 2.956431 0.000000
 26 21.199997 -7.744011 14.169519 -0.644457 -0.154503 -3.025319
 27 18.142029 -13.440229 7.965775 1.234216 -0.230688 3.064340
 28 21.199966 7.744022 14.169500 0.644460 -0.154503 3.025318
 29 18.141998 13.440239 7.965776 -0.316157 -0.180196 -3.082644
 30 11.858871 -13.360001 3.526514 1.542249 3.132957 0.174415
 31 9.463287 -16.404867 -2.906044 1.542282 3.132901 0.176490
 32 9.125244 -10.885477 -11.371326 0.000496 2.962373 0.000256
 33 11.858856 13.360006 3.526472 -1.542248 3.132957 -0.174414
 34 9.463257 16.404869 -2.906027 -1.542281 3.132900 -0.176490
 35 9.125275 10.885475 -11.371307 -0.000492 2.962373 0.000256
 36 9.023239 -0.000002 -17.296173 0.000180 -0.167048 -3.141356
 37 12.691406 -0.000002 -19.438763 0.000000 2.459840 0.000000
 38 10.989426 0.000003 0.000000 0.000000 0.086054 0.000000
 39 12.871460 -10.586843 -15.652472 1.107334 2.833296 0.538866
 40 10.727005 0.000010 -0.000031 -0.045207 0.075179 0.013097
 41 12.871460 10.586844 -15.652472 -1.107334 2.833295 -0.538865
 42 10.726974 -0.000024 0.000023 0.045207 0.075179 -0.013097
 43 12.847229 -17.570087 -4.701338 1.352504 2.961635 0.665154
 44 11.496506 0.000004 -0.000031 -0.092318 0.114459 0.030990
 45 12.847183 17.570087 -4.701361 -1.352503 2.961634 -0.665154
 46 11.496475 -0.000002 0.000000 0.092317 0.114459 -0.030990
 47 28.485962 0.000008 16.460356 -0.000001 -0.093097 0.000000
 48 23.052750 -6.207912 -0.077290 -1.470206 0.035100 -1.833545
 49 9.436909 -0.000006 -0.000015 0.010287 0.666153 0.003503
 50 31.269363 0.000010 -0.000015 -0.006701 -0.034643 0.008666
 51 28.756531 0.000011 -0.000031 -0.001117 0.018022 0.001416
 52 2.251999 -2.464411 -1.141647 0.481305 0.508197 -0.319329
 53 3.674042 -0.000011 0.000015 -0.277611 0.179024 0.194713
 54 3.614693 0.000013 0.000000 0.013156 0.193871 -0.001558
 55 9.035515 -2.494946 0.484550 -0.001362 0.302449 0.001673
 56 2.943573 0.000000 -0.000015 0.010585 0.293657 -0.007800
 57 2.649422 0.000002 0.000008 -0.006498 0.303243 0.008512
 58 9.093620 -0.386671 0.647705 0.020190 0.475379 -0.012607
 59 3.451897 0.000000 -0.000008 -0.014209 0.528778 0.009212
 60 2.898193 0.000000 0.000034 -0.000683 0.490858 0.000916
 61 8.894600 1.605852 0.371887 -0.000566 0.547851 0.000704
 62 3.130402 0.000002 0.000038 0.003896 0.567158 -0.005064
 63 2.629532 0.000000 -0.000034 0.004892 0.544388 -0.006589
 64 8.470634 3.459528 0.131470 -0.021715 0.541478 0.011456
 65 2.410263 -0.000002 -0.000046 0.022815 0.529939 -0.013321
 66 2.000809 0.000006 0.000008 -0.005415 0.533618 0.007402
 67 23.052765 6.207912 -0.077309 1.481823 0.058644 2.080206
 68 9.436897 0.000017 -0.000031 0.151662 0.418551 0.413166
 69 31.269348 -0.000015 -0.000031 0.330781 0.285843 1.893404
 70 28.756508 0.000023 0.000015 0.309925 0.469193 0.077976
 71 2.251892 2.464401 -1.141563 -0.513217 0.249535 0.112914
 72 3.674086 0.000000 -0.000031 0.331388 -0.059506 -0.325011
 73 3.614679 0.000008 0.000015 0.067360 -0.216133 -0.086857
 74 9.035419 2.494949 0.484436 0.001362 -0.011534 -0.001673
 75 2.943569 0.000000 -0.000038 -0.011498 -0.020268 0.014556
 76 2.649445 0.000000 0.000031 0.006498 -0.010740 -0.008512
 77 9.093689 0.386673 0.647781 -0.018031 0.093461 0.020165
 78 3.451862 0.000015 0.000000 0.014953 0.008589 -0.019838
 79 2.898201 0.000000 -0.000008 0.000684 -0.029445 -0.000917
 80 8.894417 -1.605850 0.371902 0.000566 0.090541 -0.000704
 81 3.130432 0.000000 -0.000046 -0.003896 -0.009289 0.005063
 82 2.629520 -0.000015 0.000023 -0.004892 -0.032059 0.006589
 83 8.470604 -3.459518 0.131393 0.018786 0.137518 -0.020073
 84 2.410276 0.000000 -0.000008 -0.024238 -0.029075 0.031299
 85 2.000755 0.000015 0.000031 0.005415 -0.025697 -0.007402
 86 9.832352 1.463058 -1.299438 0.016523 -0.031798 -0.020624
 87 25.040604 -5.670406 5.432796 -1.316713 -0.229630 -2.116710
 88 28.779694 -6.856312 -0.811420 -1.465970 0.017024 -1.706082
 89 29.182297 -3.955567 -4.961960 0.892819 2.540842 0.522765
 90 25.040573 5.670409 5.432755 1.305038 -0.403617 2.165326
 91 28.779739 6.856312 -0.811401 1.465970 0.017025 1.706086
 92 29.182297 3.955565 -4.961941 -0.892819 2.540841 -0.522766
 93 -65.335663 -0.000020 1.140918 -3.141591 0.044911 0.000000
 94 26.290924 -12.205288 1.157880 -2.071447 -0.017454 0.065112
 95 49.071037 0.000010 0.000009 2.179705 0.127556 -0.112856
 96 61.871307 -0.000015 -0.000023 3.080256 0.672597 0.035641
 97 26.290924 12.205295 1.157840 2.044502 0.127786 -0.159169
 98 49.071053 0.000001 -0.000035 -2.187262 0.154733 0.063501
 99 61.871300 0.000023 -0.000030 -2.944714 0.642381 0.102744
100 -0.698059 -11.192117 -8.252764 1.289094 -0.078196 -0.764732
101 20.568230 -0.000002 -0.000015 0.010157 0.239595 -0.147818
102 0.223785 -5.734810 -12.929605 -2.950293 0.634793 0.107721
103 20.803574 0.000002 -0.000031 0.066591 0.074155 -0.027241
104 -1.040009 -3.033968 12.140512 1.554517 0.104601 -1.288764
105 -1.039993 3.034004 12.140503 -1.554518 0.104604 1.288764
106 4.165451 -5.407045 12.088392 0.854937 -0.629941 -0.629908
107 16.599442 -0.000000 -0.000031 -0.047935 -0.051683 0.045016
108 4.165482 5.407080 12.088381 -0.795929 -0.537245 0.517567
109 16.599373 0.000010 -0.000031 0.047004 0.081219 -0.037670
110 6.428391 0.000001 -0.288944 -0.000001 0.000000 0.000000
111 -1.833771 -13.936461 1.224504 1.552447 0.040995 -0.420999
112 20.406952 -0.000003 -0.000015 0.000000 -0.016932 0.000000
113 21.655495 -0.000004 -0.000015 -0.000735 -0.020049 -0.001291
114 22.360672 -0.000004 -0.000031 0.080023 -0.205369 0.081849
115 22.519657 -0.000007 -0.000015 0.062891 0.081162 0.105434
116 22.140388 -0.000010 -0.000023 0.021895 0.098496 0.098594
117 -1.699203 -12.875612 4.918509 1.116385 -0.148284 -0.380891
118 20.938606 0.000014 0.000000 0.034482 -0.012972 -0.016104
119 21.993607 -0.000007 -0.000061 0.011857 -0.020490 -0.007044
120 22.563789 -0.000013 0.000000 0.072111 -0.282546 0.078416
121 22.643349 -0.000001 -0.000038 0.038878 -0.001618 0.106448
122 22.238052 -0.000011 -0.000031 -0.016383 0.004852 0.108171
123 -1.634338 -9.854568 8.052345 0.714077 -0.292095 -0.280759
124 22.205292 0.000001 -0.000031 0.042841 -0.006102 -0.020254
125 22.804398 -0.000005 -0.000046 0.015918 -0.021656 -0.008609
126 23.051666 -0.000000 -0.000008 0.057695 -0.351661 0.050714
127 22.939983 0.000004 -0.000046 0.023440 -0.077714 0.075859
128 22.472065 -0.000001 -0.000031 -0.021648 -0.079940 0.086332
129 -1.616135 -5.333254 10.147438 0.347094 -0.374743 -0.146641
130 23.451302 -0.000000 -0.000015 0.027042 -0.001892 -0.012901
131 23.608025 -0.000005 -0.000031 0.010540 -0.023391 -0.005534
132 23.536224 -0.000000 -0.000031 0.041725 -0.400642 0.007028
133 23.233971 0.000003 0.000000 0.020408 -0.131051 0.025287
134 22.703682 0.000008 -0.000015 -0.001707 -0.136286 0.033752
135 -1.614517 -0.000000 10.883350 -0.000000 -0.400842 0.000000
136 23.962143 0.000001 -0.000038 0.000000 -0.000699 -0.000000
137 23.938957 -0.000003 0.000008 -0.000055 -0.024652 0.000523
138 23.736031 -0.000003 -0.000031 0.024586 -0.342009 -0.041618
139 23.354975 0.000006 -0.000038 0.021944 -0.155330 -0.034972
140 22.798931 -0.000008 -0.000023 0.026899 -0.159942 -0.031434
141 -1.616135 5.333250 10.147425 -0.347094 -0.374742 0.146641
142 23.451302 -0.000005 -0.000008 -0.027042 -0.001892 0.012902
143 23.608017 -0.000002 -0.000038 -0.010238 -0.024826 0.006745
144 23.536247 -0.000000 -0.000023 0.005568 -0.420922 -0.096155
145 23.233974 -0.000016 -0.000031 0.021466 -0.149304 -0.098320
146 22.703671 0.000015 -0.000015 0.052738 -0.151361 -0.098317
147 -1.634338 9.854564 8.052345 -0.714078 -0.292096 0.280760
148 22.205261 0.000003 -0.000008 -0.042841 -0.006101 0.020254
149 22.804451 0.000004 -0.000076 -0.015086 -0.024406 0.008867
150 23.051636 -0.000006 -0.000008 -0.016534 -0.390698 -0.146315
151 22.939972 -0.000003 -0.000031 0.007492 -0.114190 -0.153985
152 22.472069 0.000003 -0.000038 0.063440 -0.110046 -0.170148
153 -1.699203 12.875607 4.918525 -1.116385 -0.148284 0.380891
154 20.938599 0.000019 -0.000008 -0.034482 -0.012973 0.016104
155 21.993591 -0.000004 -0.000061 -0.012521 -0.003068 0.005924
156 22.563812 0.000001 -0.000015 -0.042428 -0.336268 -0.183339
157 22.643356 0.000012 -0.000046 -0.025076 -0.054784 -0.196121
158 22.238029 -0.000002 -0.000023 0.035249 -0.042880 -0.214091
159 -1.833771 13.936457 1.224504 -1.552447 0.040994 0.420999
160 20.406967 0.000006 -0.000046 0.000000 -0.016932 -0.000000
161 21.655510 0.000010 -0.000008 -0.000000 -0.003038 0.000000
162 22.360664 0.000004 -0.000023 -0.067213 -0.266006 -0.199841
163 22.519669 0.000004 -0.000023 -0.072065 0.017245 -0.214647
164 22.140377 0.000006 -0.000008 -0.034616 0.035709 -0.203682
165 -1.972580 12.875608 -3.614555 -1.827109 0.155326 0.386830
166 20.655167 0.000009 -0.000023 0.014659 -0.017050 -0.006451
167 21.762253 0.000006 -0.000023 -0.000321 -0.025430 0.001664
168 22.392159 0.000011 -0.000015 -0.085662 -0.219321 -0.192098
169 22.541344 0.000011 -0.000023 -0.114193 0.063457 -0.216969
170 22.217487 0.000004 -0.000008 -0.096794 0.083560 -0.201052
171 -1.967316 9.854566 -7.722433 -2.161803 0.248066 0.289766
172 21.272736 0.000004 -0.000008 0.025990 -0.015445 -0.009916
173 22.032509 0.000023 -0.000046 -0.000746 -0.028043 0.001659
174 22.475662 0.000002 -0.000023 -0.087914 -0.169690 -0.176237
175 22.598721 0.000004 -0.000008 -0.130872 0.109425 -0.196699
176 22.407976 0.000019 -0.000023 -0.117953 0.126695 -0.162956
177 -1.900848 5.333252 -10.470077 -2.601403 0.305546 0.153178
178 21.914322 0.000008 -0.000019 0.024266 -0.010747 -0.007792
179 22.319847 -0.000008 0.000000 -0.001037 -0.029367 0.001106
180 22.569618 0.000000 -0.000015 -0.066832 -0.116479 -0.141672
181 22.663212 0.000022 -0.000015 -0.108154 0.155475 -0.155838
182 22.604527 0.000015 -0.000023 -0.097975 0.160530 -0.125977
183 -1.865585 -0.000002 -11.435440 -3.141592 0.324581 -0.000000
184 22.186684 -0.000004 -0.000011 0.000000 -0.007676 -0.000000
185 22.443710 -0.000003 -0.000004 -0.000145 -0.028808 -0.000244
186 22.611542 -0.000005 -0.000019 -0.014822 -0.078324 -0.079488
187 22.692024 0.000005 0.000000 -0.033628 0.189267 -0.082316
188 22.687653 0.000010 -0.000008 -0.039955 0.185491 -0.086002
189 -1.900848 -5.333257 -10.470071 2.601403 0.305546 -0.153178
190 21.914337 0.000008 -0.000011 -0.024267 -0.010746 0.007792
191 22.319839 -0.000023 -0.000004 0.000965 -0.027266 -0.001444
192 22.569626 0.000006 -0.000034 0.044293 -0.082332 -0.012011
193 22.663235 -0.000020 0.000000 0.043020 0.191895 -0.009243
194 22.604530 0.000004 -0.000004 0.033084 0.192608 -0.022057
195 -1.967285 -9.854566 -7.722441 2.161803 0.248066 -0.289766
196 21.272713 -0.000018 0.000000 -0.025990 -0.015445 0.009916
197 22.032463 0.000001 -0.000015 0.000829 -0.024680 -0.001696
198 22.475685 -0.000008 -0.000031 0.075821 -0.116206 0.037003
199 22.598705 0.000000 -0.000023 0.080822 0.167719 0.047489
200 22.407990 -0.000016 -0.000015 0.075722 0.181936 0.030123
201 -1.972580 -12.875610 -3.614562 1.827110 0.155326 -0.386831
202 20.655167 0.000007 -0.000023 -0.014659 -0.017050 0.006451
203 21.762276 -0.000008 -0.000015 0.000079 -0.021498 -0.001627
204 22.392159 -0.000006 -0.000031 0.085038 -0.158614 0.064743
205 22.541328 -0.000009 -0.000031 0.082263 0.129444 0.083187
206 22.217506 -0.000004 -0.000015 0.066431 0.150222 0.075339
207 0.059621 0.456168 0.250107 0.000000 -0.000000 0.000000
208 0.059621 0.456168 0.250107 0.000000 -0.000000 0.000000
time 8
  0 0.059621 0.456168 0.250107 0.000000 -0.000000 0.000000
  1 0.059621 0.456168 0.250107 0.000000 -0.000000 0.000000
  2 0.059621 0.456168 0.250107 0.000000 -0.000000 0.000000
  3 0.059621 0.456168 0.250107 0.000000 -0.000000 0.000000
  4 0.059621 0.456168 0.250107 0.000000 -0.000000 0.000000
  5 0.059621 0.456168 0.250107 0.000000 -0.000000 0.000000
  6 0.059621 0.456168 0.250107 0.000000 -0.000000 0.000000
  7 0.059621 0.456168 0.250107 0.000000 -0.000000 0.000000
  8 0.059621 0.456168 0.250107 0.000000 -0.000000 0.000000
  9 0.059621 0.456168 0.250107 0.000000 -0.000000 0.000000
 10 80.641029 -15.051869 142.007095 -1.258539 -0.057386 1.299815
 11 24.668253 0.000015 -0.000042 1.047225 -0.339102 -0.054276
 12 30.380150 0.000015 0.000008 1.673701 0.168876 0.588791
 13 19.902094 -0.000008 -0.000023 -0.004176 -0.013195 -0.007130
 14 -53.468525 69.926476 107.458252 -1.173789 -2.781510 0.739318
 15 35.349514 0.000015 0.000011 -1.337985 -0.050468 -0.233542
 16 37.124329 -0.000015 -0.000031 -0.986623 0.506998 0.646371
 17 0.059621 0.456168 0.250107 0.064768 -0.005215 -0.156772
 18 0.059621 0.456168 93.603241 1.570796 1.570796 0.000000
 19 -65.799545 -0.000020 1.142855 0.000000 0.000515 3.141077
 20 11.181580 0.005760 -0.002411 0.000000 0.254797 0.000515
 21 27.835175 -0.000000 0.000019 -3.141592 -0.129896 -0.000000
 22 5.330383 -0.000001 -0.000002 -3.070403 -0.010700 -0.050573
 23 10.134888 -4.133394 3.834198 -0.526222 -1.064444 -2.670053
 24 10.134903 4.133397 3.834200 0.526242 -1.064438 2.670035
 25 22.592361 0.000006 17.467112 -0.000010 2.956431 0.000000
 26 21.200012 -7.744013 14.169519 -0.644457 -0.154503 -3.025319
 27 18.142029 -13.440229 7.965776 1.235768 -0.244083 3.059484
 28 21.199966 7.744020 14.169497 0.644460 -0.154503 3.025318
 29 18.141998 13.440237 7.965775 -0.316157 -0.180196 -3.082644
 30 11.858871 -13.360003 3.526514 1.542249 3.132957 0.174415
 31 9.463287 -16.404867 -2.906046 1.542282 3.132901 0.176490
 32 9.125244 -10.885477 -11.371326 0.000496 2.962373 0.000256
 33 11.858856 13.360006 3.526474 -1.542248 3.132957 -0.174414
 34 9.463272 16.404869 -2.906025 -1.542281 3.132900 -0.176490
 35 9.125275 10.885475 -11.371307 -0.000492 2.962373 0.000256
 36 9.023224 -0.000003 -17.296175 0.000180 -0.167048 -3.141356
 37 12.691406 -0.000003 -19.438766 0.000000 2.445681 0.000000
 38 10.989410 0.000003 0.000000 0.000000 0.144114 0.000000
 39 12.871475 -10.586842 -15.652473 1.112049 2.827331 0.552548
 40 10.727005 0.000009 -0.000031 -0.045312 0.133195 0.010458
 41 12.871460 10.586843 -15.652473 -1.112048 2.827330 -0.552548
 42 10.726990 -0.000025 0.000015 0.045312 0.133194 -0.010458
 43 12.847229 -17.570086 -4.701340 1.355326 2.958812 0.679313
 44 11.496490 0.000010 -0.000031 -0.092744 0.172294 0.025486
 45 12.847198 17.570084 -4.701361 -1.355325 2.958812 -0.679313
 46 11.496475 -0.000002 -0.000015 0.092743 0.172294 -0.025486
 47 28.485977 0.000008 16.460360 -0.000001 -0.107256 0.000000
 48 23.052765 -6.207912 -0.077286 -1.470206 0.035100 -1.833545
 49 9.436905 -0.000006 0.000000 0.010287 0.675744 0.003503
 50 31.269348 0.000010 -0.000008 -0.006701 -0.042948 0.008666
 51 28.756523 0.000008 -0.000015 -0.001117 0.013946 0.001416
 52 2.251984 -2.464407 -1.141647 0.481305 0.508197 -0.319329
 53 3.674042 -0.000015 0.000023 -0.277611 0.179024 0.194713
 54 3.614693 0.000013 0.000000 0.013156 0.193871 -0.001558
 55 9.035492 -2.494946 0.484558 -0.001362 0.302449 0.001673
 56 2.943588 0.000000 0.000000 0.010585 0.293657 -0.007800
 57 2.649437 0.000002 0.000015 -0.006498 0.303243 0.008512
 58 9.093628 -0.386669 0.647705 0.020190 0.475380 -0.012607
 59 3.451897 0.000002 -0.000008 -0.014209 0.528778 0.009212
 60 2.898163 0.000000 0.000034 -0.000683 0.490858 0.000916
 61 8.894585 1.605854 0.371895 -0.000566 0.547851 0.000704
 62 3.130409 0.000000 0.000038 0.003896 0.567158 -0.005064
 63 2.629547 0.000002 -0.000034 0.004892 0.544388 -0.006589
 64 8.470627 3.459530 0.131485 -0.021715 0.541478 0.011456
 65 2.410286 0.000000 -0.000053 0.022815 0.529939 -0.013321
 66 2.000793 0.000004 0.000015 -0.005415 0.533618 0.007402
 67 23.052780 6.207912 -0.077305 1.481823 0.058643 2.080206
 68 9.436890 0.000019 -0.000015 0.151662 0.418551 0.413166
 69 31.269348 -0.000015 -0.000031 0.302720 0.280899 1.891045
 70 28.756508 0.000023 0.000008 0.305591 0.443572 0.067040
 71 2.251892 2.464401 -1.141556 -0.513217 0.249535 0.112914
 72 3.674088 0.000008 -0.000015 0.331388 -0.059506 -0.325011
 73 3.614677 0.000023 0.000031 0.067360 -0.216133 -0.086857
 74 9.035419 2.494949 0.484436 0.001362 -0.011534 -0.001673
 75 2.943569 0.000015 -0.000031 -0.011498 -0.020268 0.014556
 76 2.649437 0.000000 0.000023 0.006498 -0.010740 -0.008512
 77 9.093685 0.386673 0.647781 -0.018031 0.093461 0.020165
 78 3.451866 0.000000 0.000008 0.014953 0.008589 -0.019838
 79 2.898201 0.000000 -0.000015 0.000684 -0.029445 -0.000917
 80 8.894417 -1.605850 0.371918 0.000566 0.090541 -0.000704
 81 3.130432 0.000015 -0.000038 -0.003896 -0.009289 0.005063
 82 2.629520 0.000000 0.000023 -0.004892 -0.032059 0.006589
 83 8.470608 -3.459534 0.131401 0.018786 0.137518 -0.020073
 84 2.410275 0.000000 -0.000008 -0.024238 -0.029075 0.031299
 85 2.000755 0.000015 0.000023 0.005415 -0.025697 -0.007402
 86 9.832352 1.463058 -1.299431 0.016523 -0.031798 -0.020624
 87 25.040588 -5.670406 5.432793 -1.317912 -0.230879 -2.111614
 88 28.779709 -6.856312 -0.811420 -1.465900 0.016487 -1.701002
 89 29.182312 -3.955567 -4.961960 0.895701 2.537706 0.527722
 90 25.040573 5.670409 5.432755 1.307198 -0.404895 2.159930
 91 28.779755 6.856312 -0.811401 1.465900 0.016488 1.701006
 92 29.182297 3.955565 -4.961937 -0.895702 2.537705 -0.527723
 93 -65.335663 -0.000020 1.140918 -3.141591 0.044911 0.000000
 94 26.290924 -12.205289 1.157882 -2.071447 -0.017454 0.065112
 95 49.071037 0.000008 0.000009 2.179705 0.127556 -0.112856
 96 61.871307 -0.000015 -0.000019 3.080256 0.672597 0.035641
 97 26.290924 12.205294 1.157841 2.044502 0.127786 -0.159169
 98 49.071060 0.000004 -0.000038 -2.187262 0.154733 0.063501
 99 61.871300 0.000023 -0.000027 -2.944714 0.642381 0.102745
100 -0.698059 -11.192117 -8.252762 1.289691 -0.079851 -0.770640
101 20.568237 -0.000002 -0.000008 0.010126 0.273826 -0.147672
102 0.223785 -5.734809 -12.929605 -2.949199 0.640772 0.109377
103 20.803596 0.000001 -0.000038 0.066635 0.104705 -0.025132
104 -1.040009 -3.033968 12.140511 1.554517 0.104601 -1.288764
105 -1.039993 3.034004 12.140501 -1.554518 0.104604 1.288764
106 4.165451 -5.407045 12.088390 0.854937 -0.629941 -0.629908
107 16.599442 0.000000 -0.000031 -0.047935 -0.051683 0.045016
108 4.165482 5.407080 12.088381 -0.784591 -0.519228 0.495868
109 16.599396 0.000010 -0.000038 0.046802 0.106993 -0.036223
110 6.428391 0.000001 -0.288944 -0.000001 -0.000000 -0.000000
111 -1.833771 -13.936461 1.224504 1.552448 0.040995 -0.420999
112 20.406944 -0.000002 -0.000023 0.000000 -0.016932 0.000000
113 21.655495 -0.000002 -0.000015 -0.000939 -0.022466 -0.001649
114 22.360672 -0.000002 -0.000023 0.079847 -0.207770 0.081395
115 22.519661 -0.000006 -0.000023 0.063060 0.097355 0.106481
116 22.140388 -0.000008 -0.000023 0.021895 0.114721 0.098594
117 -1.699203 -12.875612 4.918509 1.116385 -0.148284 -0.380891
118 20.938591 0.000013 0.000000 0.034482 -0.012972 -0.016104
119 21.993607 -0.000005 -0.000053 0.011672 -0.022801 -0.007355
120 22.563789 -0.000014 -0.000008 0.071972 -0.284849 0.078024
121 22.643353 -0.000004 -0.000031 0.038928 0.014595 0.107095
122 22.238056 -0.000010 -0.000038 -0.016327 0.021059 0.107409
123 -1.634338 -9.854568 8.052345 0.714077 -0.292095 -0.280759
124 22.205299 0.000001 -0.000031 0.042841 -0.006102 -0.020254
125 22.804390 -0.000005 -0.000038 0.015778 -0.023911 -0.008821
126 23.051666 0.000001 0.000000 0.057592 -0.353913 0.050434
127 22.939980 0.000004 -0.000046 0.023440 -0.061493 0.076250
128 22.472061 0.000003 -0.000023 -0.021543 -0.063732 0.085589
129 -1.616135 -5.333253 10.147438 0.347094 -0.374743 -0.146641
130 23.451302 -0.000001 -0.000015 0.027042 -0.001892 -0.012901
131 23.608025 -0.000003 -0.000031 0.010460 -0.025640 -0.005621
132 23.536221 -0.000001 -0.000031 0.041666 -0.402889 0.006892
133 23.233969 0.000004 0.000008 0.020401 -0.114829 0.025624
134 22.703674 0.000010 -0.000015 -0.001707 -0.120061 0.033752
135 -1.614517 -0.000000 10.883350 -0.000000 -0.400842 0.000000
136 23.962143 0.000001 -0.000038 0.000000 -0.000699 -0.000000
137 23.938972 -0.000003 0.000008 -0.000070 -0.026937 0.000589
138 23.736023 -0.000003 -0.000031 0.024484 -0.325788 -0.041210
139 23.354973 0.000006 -0.000038 0.021816 -0.139113 -0.034462
140 22.798935 -0.000009 -0.000031 0.026863 -0.143723 -0.031001
141 -1.616135 5.333251 10.147423 -0.347094 -0.374742 0.146641
142 23.451309 -0.000005 0.000000 -0.027042 -0.001892 0.012901
143 23.608025 -0.000002 -0.000038 -0.010164 -0.027182 0.006971
144 23.536247 0.000001 -0.000015 0.005589 -0.423268 -0.095987
145 23.233971 -0.000015 -0.000031 0.021442 -0.133083 -0.097974
146 22.703663 0.000013 0.000000 0.052676 -0.135158 -0.097467
147 -1.634338 9.854564 8.052343 -0.714078 -0.292096 0.280760
148 22.205261 0.000003 0.000000 -0.042841 -0.006101 0.020254
149 22.804451 0.000002 -0.000076 -0.014923 -0.026867 0.009150
150 23.051628 -0.000009 -0.000008 -0.016446 -0.393136 -0.146008
151 22.939974 -0.000001 -0.000015 0.007492 -0.097965 -0.153985
152 22.472065 0.000005 -0.000046 0.063085 -0.093919 -0.168389
153 -1.699203 12.875607 4.918524 -1.116385 -0.148284 0.380891
154 20.938591 0.000019 0.000000 -0.034482 -0.012973 0.016104
155 21.993591 -0.000005 -0.000069 -0.012521 -0.003068 0.005924
156 22.563812 0.000001 -0.000023 -0.042276 -0.338821 -0.182934
157 22.643356 0.000011 -0.000046 -0.025085 -0.038564 -0.196539
158 22.238029 0.000004 -0.000031 0.035112 -0.026728 -0.212560
159 -1.833771 13.936457 1.224504 -1.552447 0.040994 0.420999
160 20.406967 0.000005 -0.000038 -0.000000 -0.016932 -0.000000
161 21.655502 0.000009 -0.000008 -0.000000 -0.003038 0.000000
162 22.360649 0.000002 -0.000023 -0.067050 -0.268681 -0.199375
163 22.519672 0.000008 -0.000023 -0.072180 0.033429 -0.215847
164 22.140369 0.000004 -0.000008 -0.034516 0.051929 -0.203290
165 -1.972565 12.875608 -3.614555 -1.827109 0.155326 0.386830
166 20.655167 0.000007 -0.000015 0.014659 -0.017050 -0.006451
167 21.762260 0.000004 -0.000015 -0.000195 -0.028226 0.002029
168 22.392166 0.000012 -0.000031 -0.085516 -0.222067 -0.191596
169 22.541332 0.000011 -0.000031 -0.114464 0.079577 -0.218867
170 22.217495 0.000004 -0.000015 -0.096602 0.099770 -0.201697
171 -1.967316 9.854566 -7.722432 -2.161803 0.248066 0.289766
172 21.272736 0.000003 -0.000008 0.025990 -0.015445 -0.009916
173 22.032524 0.000022 -0.000053 -0.000641 -0.030899 0.001968
174 22.475662 0.000002 -0.000015 -0.087774 -0.172507 -0.175778
175 22.598721 0.000008 -0.000015 -0.131285 0.125512 -0.198893
176 22.407976 0.000023 -0.000023 -0.118361 0.142807 -0.164946
177 -1.900833 5.333252 -10.470076 -2.601403 0.305546 0.153178
178 21.914307 0.000006 -0.000023 0.024266 -0.010747 -0.007792
179 22.319839 -0.000009 -0.000004 -0.000999 -0.032258 0.001290
180 22.569626 -0.000001 -0.000019 -0.066727 -0.119348 -0.141365
181 22.663216 0.000025 -0.000023 -0.108583 0.171605 -0.157680
182 22.604525 0.000023 -0.000031 -0.098373 0.176677 -0.127655
183 -1.865585 -0.000002 -11.435440 -3.141592 0.324581 -0.000000
184 22.186691 -0.000004 -0.000015 0.000000 -0.007676 0.000000
185 22.443718 -0.000003 -0.000008 -0.000185 -0.031660 -0.000276
186 22.611542 -0.000005 -0.000015 -0.014833 -0.081173 -0.079482
187 22.692009 0.000005 0.000000 -0.033782 0.205483 -0.082905
188 22.687656 0.000010 -0.000004 -0.039942 0.201714 -0.086273
189 -1.900833 -5.333257 -10.470070 2.601403 0.305546 -0.153178
190 21.914345 0.000008 -0.000015 -0.024267 -0.010746 0.007792
191 22.319824 -0.000020 -0.000004 0.000862 -0.030000 -0.001673
192 22.569633 0.000007 -0.000038 0.044199 -0.085064 -0.012374
193 22.663239 -0.000019 0.000000 0.043219 0.208105 -0.008526
194 22.604527 0.000002 -0.000008 0.033238 0.208825 -0.021505
195 -1.967285 -9.854566 -7.722440 2.161803 0.248066 -0.289766
196 21.272713 -0.000016 -0.000008 -0.025990 -0.015445 0.009916
197 22.032478 0.000004 -0.000023 0.000672 -0.027285 -0.002016
198 22.475677 -0.000006 -0.000038 0.075671 -0.118801 0.036573
199 22.598709 0.000002 -0.000023 0.081160 0.183893 0.048842
200 22.407988 -0.000016 -0.000015 0.076059 0.198116 0.031396
201 -1.972565 -12.875610 -3.614562 1.827110 0.155326 -0.386831
202 20.655182 0.000010 -0.000023 -0.014659 -0.017050 0.006451
203 21.762276 -0.000007 -0.000008 -0.000114 -0.023999 -0.001982
204 22.392159 -0.000005 -0.000031 0.084861 -0.161100 0.064274
205 22.541336 -0.000009 -0.000023 0.082552 0.145616 0.084559
206 22.217506 -0.000006 -0.000023 0.066689 0.166413 0.076457
207 0.059621 0.456168 0.250107 0.000000 -0.000000 0.000000
208 0.059621 0.456168 0.250107 0.000000 -0.000000 0.000000
time 9
  0 0.059621 0.456168 0.250107 0.000000 -0.000000 0.000000
  1 0.059621 0.456168 0.250107 0.000000 -0.000000 0.000000
  2 0.059621 0.456168 0.250107 0.000000 -0.000000 0.000000
  3 0.059621 0.456168 0.250107 0.000000 -0.000000 0.000000
  4 0.059621 0.456168 0.250107 0.000000 -0.000000 0.000000
  5 0.059621 0.456168 0.250107 0.000000 -0.000000 0.000000
  6 0.059621 0.456168 0.250107 0.000000 -0.000000 0.000000
  7 0.059621 0.456168 0.250107 0.000000 -0.000000 0.000000
  8 0.059621 0.456168 0.250107 0.000000 -0.000000 0.000000
  9 0.059621 0.456168 0.250107 0.000000 -0.000000 0.000000
 10 72.306168 -24.821920 139.866455 -1.261650 -0.053306 1.117091
 11 24.668253 0.000000 -0.000038 1.045822 -0.324115 -0.058804
 12 30.380146 0.000000 0.000008 1.669638 0.188542 0.546108
 13 19.902100 -0.000008 -0.000023 -0.003294 -0.038636 -0.014213
 14 -44.836266 69.519043 107.458252 -1.156714 -2.843907 0.629737
 15 35.349518 0.000000 0.000011 -1.326278 -0.075893 -0.218287
 16 37.124325 -0.000008 -0.000031 -0.992373 0.502618 0.619473
 17 0.059621 0.456168 0.250107 0.064768 -0.005215 -0.156772
 18 0.059621 0.456168 94.584351 1.570796 1.570796 0.000000
 19 -65.799545 -0.000020 1.142855 0.000000 0.000515 3.141077
 20 11.181580 0.005760 -0.002411 0.000000 0.254797 0.000515
 21 27.835175 -0.000000 0.000015 -3.141592 -0.129896 -0.000000
 22 5.330368 -0.000001 -0.000002 -3.070298 -0.009911 -0.061600
 23 10.134888 -4.133395 3.834200 -0.508778 -1.047101 -2.690117
 24 10.134888 4.133397 3.834200 0.508798 -1.047096 2.690099
 25 22.592377 0.000006 17.467113 -0.000010 2.956431 0.000000
 26 21.199982 -7.744013 14.169521 -0.644457 -0.154503 -3.025319
 27 18.142014 -13.440229 7.965775 1.237432 -0.258445 3.054278
 28 21.199951 7.744020 14.169498 0.644460 -0.154503 3.025318
 29 18.141983 13.440235 7.965775 -0.316157 -0.180196 -3.082644
 30 11.858871 -13.360001 3.526512 1.542249 3.132957 0.174415
 31 9.463272 -16.404865 -2.906044 1.542282 3.132901 0.176490
 32 9.125259 -10.885475 -11.371326 0.000496 2.962373 0.000256
 33 11.858841 13.360003 3.526472 -1.542248 3.132957 -0.174414
 34 9.463257 16.404861 -2.906025 -1.542281 3.132900 -0.176490
 35 9.125275 10.885472 -11.371305 -0.000492 2.962373 0.000256
 36 9.023239 -0.000004 -17.296173 0.000180 -0.167048 -3.141356
 37 12.691406 -0.000004 -19.438766 0.000000 2.430501 0.000000
 38 10.989410 0.000003 0.000000 0.000000 0.202175 0.000000
 39 12.871460 -10.586840 -15.652472 1.117104 2.820936 0.567217
 40 10.726990 0.000008 -0.000031 -0.045417 0.191210 0.007820
 41 12.871445 10.586840 -15.652472 -1.117103 2.820935 -0.567217
 42 10.726990 -0.000025 0.000000 0.045418 0.191210 -0.007820
 43 12.847214 -17.570084 -4.701340 1.358352 2.955787 0.694493
 44 11.496490 0.000008 -0.000031 -0.093170 0.230129 0.019981
 45 12.847183 17.570084 -4.701361 -1.358351 2.955786 -0.694493
 46 11.496460 0.000000 0.000000 0.093170 0.230129 -0.019981
 47 28.485962 0.000006 16.460358 -0.000001 -0.122436 0.000000
 48 23.052750 -6.207911 -0.077290 -1.470206 0.035100 -1.833545
 49 9.436909 -0.000006 -0.000015 0.010287 0.684150 0.003503
 50 31.269333 0.000011 -0.000031 -0.006701 -0.052030 0.008666
 51 28.756523 0.000008 -0.000031 -0.001117 0.009489 0.001416
 52 2.252007 -2.464405 -1.141663 0.481305 0.508197 -0.319329
 53 3.674049 -0.000010 0.000008 -0.277611 0.179024 0.194713
 54 3.614716 0.000015 0.000000 0.013156 0.193871 -0.001558
 55 9.035515 -2.494944 0.484543 -0.001362 0.302449 0.001673
 56 2.943573 0.000002 0.000000 0.010585 0.293657 -0.007800
 57 2.649445 0.000002 0.000000 -0.006498 0.303243 0.008512
 58 9.093620 -0.386671 0.647705 0.020190 0.475380 -0.012607
 59 3.451897 0.000002 0.000000 -0.014209 0.528778 0.009212
 60 2.898178 0.000002 0.000031 -0.000683 0.490858 0.000916
 61 8.894592 1.605854 0.371887 -0.000566 0.547851 0.000704
 62 3.130409 0.000000 0.000038 0.003896 0.567158 -0.005064
 63 2.629532 0.000000 -0.000038 0.004892 0.544388 -0.006589
 64 8.470634 3.459528 0.131485 -0.021715 0.541478 0.011456
 65 2.410255 0.000000 -0.000053 0.022815 0.529939 -0.013321
 66 2.000793 0.000004 0.000011 -0.005415 0.533618 0.007402
 67 23.052765 6.207910 -0.077309 1.481823 0.058643 2.080206
 68 9.436897 0.000019 -0.000015 0.151662 0.418551 0.413166
 69 31.269356 -0.000008 -0.000038 0.273109 0.275682 1.888556
 70 28.756512 0.000000 0.000000 0.300960 0.416193 0.055354
 71 2.251892 2.464401 -1.141556 -0.513217 0.249535 0.112914
 72 3.674080 0.000008 -0.000015 0.331388 -0.059506 -0.325011
 73 3.614679 0.000000 0.000031 0.067360 -0.216133 -0.086857
 74 9.035416 2.494934 0.484421 0.001362 -0.011534 -0.001673
 75 2.943573 0.000000 -0.000031 -0.011497 -0.020268 0.014556
 76 2.649441 0.000000 0.000023 0.006498 -0.010740 -0.008512
 77 9.093685 0.386658 0.647781 -0.018031 0.093461 0.020165
 78 3.451862 0.000000 0.000000 0.014953 0.008589 -0.019838
 79 2.898197 -0.000015 -0.000015 0.000683 -0.029445 -0.000917
 80 8.894413 -1.605850 0.371918 0.000566 0.090541 -0.000704
 81 3.130432 0.000000 -0.000046 -0.003896 -0.009289 0.005063
 82 2.629517 0.000000 0.000031 -0.004892 -0.032059 0.006589
 83 8.470604 -3.459534 0.131393 0.018786 0.137518 -0.020073
 84 2.410278 0.000000 -0.000008 -0.024238 -0.029075 0.031299
 85 2.000755 0.000000 0.000015 0.005415 -0.025697 -0.007402
 86 9.832348 1.463074 -1.299423 0.016523 -0.031798 -0.020624
 87 25.040588 -5.670405 5.432789 -1.319193 -0.232213 -2.106168
 88 28.779678 -6.856310 -0.811428 -1.465825 0.015913 -1.695573
 89 29.182297 -3.955566 -4.961967 0.898782 2.534355 0.533019
 90 25.040558 5.670408 5.432747 1.309506 -0.406260 2.154162
 91 28.779739 6.856311 -0.811405 1.465825 0.015914 1.695577
 92 29.182281 3.955564 -4.961948 -0.898782 2.534354 -0.533020
 93 -65.335663 -0.000020 1.140918 -3.141591 0.044911 0.000000
 94 26.290924 -12.205288 1.157882 -2.071447 -0.017454 0.065112
 95 49.071037 0.000008 0.000009 2.179705 0.127556 -0.112856
 96 61.871311 -0.000015 -0.000023 3.080256 0.672597 0.035641
 97 26.290924 12.205295 1.157841 2.044502 0.127786 -0.159169
 98 49.071060 0.000004 -0.000038 -2.187262 0.154733 0.063501
 99 61.871307 0.000023 -0.000027 -2.944714 0.642381 0.102745
100 -0.698059 -11.192116 -8.252763 1.290344 -0.081658 -0.777093
101 20.568245 -0.000002 -0.000008 0.010095 0.307448 -0.147520
102 0.223785 -5.734809 -12.929605 -2.948004 0.647302 0.111186
103 20.803581 0.000001 -0.000038 0.066679 0.134710 -0.023060
104 -1.040009 -3.033968 12.140511 1.554517 0.104601 -1.288764
105 -1.039993 3.034004 12.140501 -1.554518 0.104604 1.288764
106 4.165451 -5.407045 12.088390 0.854937 -0.629941 -0.629908
107 16.599442 0.000000 -0.000031 -0.047935 -0.051683 0.045016
108 4.165482 5.407080 12.088381 -0.774079 -0.502523 0.475750
109 16.599380 0.000009 -0.000038 0.046615 0.130890 -0.034880
110 6.428391 0.000001 -0.288944 -0.000001 -0.000000 -0.000000
111 -1.833771 -13.936460 1.224504 1.552448 0.040995 -0.420999
112 20.406952 -0.000002 -0.000015 0.000000 -0.016932 0.000000
113 21.655502 -0.000002 -0.000015 -0.001161 -0.024864 -0.002040
114 22.360664 -0.000002 -0.000031 0.079655 -0.210149 0.080899
115 22.519657 -0.000004 -0.000015 0.063217 0.114525 0.107482
116 22.140388 -0.000006 -0.000031 0.021895 0.131924 0.098594
117 -1.699203 -12.875611 4.918509 1.116385 -0.148284 -0.380891
118 20.938606 0.000013 0.000000 0.034482 -0.012972 -0.016104
119 21.993614 -0.000005 -0.000061 0.011471 -0.025060 -0.007695
120 22.563797 -0.000014 0.000000 0.071819 -0.287096 0.077596
121 22.643353 -0.000003 -0.000031 0.038975 0.031785 0.107684
122 22.238052 -0.000011 -0.000023 -0.016274 0.038243 0.106602
123 -1.634338 -9.854567 8.052345 0.714077 -0.292095 -0.280759
124 22.205292 0.000001 -0.000023 0.042841 -0.006102 -0.020254
125 22.804390 -0.000005 -0.000046 0.015626 -0.026084 -0.009051
126 23.051659 0.000002 0.000000 0.057481 -0.356081 0.050128
127 22.939980 0.000002 -0.000046 0.023441 -0.044295 0.076601
128 22.472069 0.000002 -0.000031 -0.021445 -0.046548 0.084801
129 -1.616135 -5.333253 10.147438 0.347094 -0.374743 -0.146641
130 23.451302 -0.000000 -0.000015 0.027042 -0.001892 -0.012901
131 23.608017 -0.000003 -0.000031 0.010373 -0.027783 -0.005716
132 23.536224 -0.000001 -0.000031 0.041602 -0.405032 0.006743
133 23.233967 0.000002 0.000000 0.020393 -0.097630 0.025932
134 22.703678 0.000010 -0.000015 -0.001707 -0.102858 0.033752
135 -1.614517 -0.000000 10.883350 -0.000000 -0.400842 0.000000
136 23.962143 0.000001 -0.000038 0.000000 -0.000699 -0.000000
137 23.938957 -0.000003 0.000008 -0.000086 -0.029102 0.000653
138 23.736031 -0.000003 -0.000023 0.024377 -0.308590 -0.040808
139 23.354973 0.000006 -0.000031 0.021680 -0.121918 -0.033949
140 22.798927 -0.000009 -0.000031 0.026826 -0.126526 -0.030541
141 -1.616135 5.333251 10.147423 -0.347094 -0.374742 0.146641
142 23.451294 -0.000006 0.000000 -0.027042 -0.001892 0.012901
143 23.608017 -0.000002 -0.000031 -0.010092 -0.029412 0.007198
144 23.536247 0.000001 -0.000015 0.005608 -0.425490 -0.095803
145 23.233974 -0.000014 -0.000031 0.021416 -0.115884 -0.097607
146 22.703663 0.000015 -0.000008 0.052610 -0.117979 -0.096566
147 -1.634338 9.854565 8.052343 -0.714078 -0.292096 0.280760
148 22.205254 0.000003 -0.000008 -0.042841 -0.006101 0.020254
149 22.804451 0.000002 -0.000076 -0.014768 -0.029205 0.009458
150 23.051636 -0.000005 -0.000008 -0.016361 -0.395456 -0.145673
151 22.939972 -0.000004 -0.000015 0.007492 -0.080762 -0.153985
152 22.472065 -0.000001 -0.000038 0.062709 -0.076820 -0.166524
153 -1.699203 12.875607 4.918524 -1.116385 -0.148284 0.380891
154 20.938591 0.000019 0.000000 -0.034482 -0.012973 0.016104
155 21.993591 -0.000005 -0.000061 -0.012521 -0.003068 0.005924
156 22.563812 0.000001 -0.000015 -0.042132 -0.341272 -0.182492
157 22.643356 0.000011 -0.000053 -0.025096 -0.021366 -0.196918
158 22.238022 0.000000 -0.000023 0.034966 -0.009603 -0.210936
159 -1.833771 13.936458 1.224504 -1.552447 0.040994 0.420999
160 20.406960 0.000005 -0.000046 -0.000000 -0.016932 -0.000000
161 21.655510 0.000009 -0.000008 -0.000000 -0.003038 0.000000
162 22.360657 0.000002 -0.000023 -0.066886 -0.271279 -0.198867
163 22.519661 0.000006 -0.000015 -0.072294 0.050587 -0.216972
164 22.140381 0.000010 -0.000015 -0.034418 0.069127 -0.202875
165 -1.972580 12.875609 -3.614555 -1.827109 0.155326 0.386830
166 20.655182 0.000007 -0.000023 0.014659 -0.017050 -0.006451
167 21.762253 0.000004 -0.000023 -0.000058 -0.030964 0.002428
168 22.392159 0.000011 -0.000023 -0.085362 -0.224758 -0.191047
169 22.541336 0.000011 -0.000023 -0.114727 0.096669 -0.220703
170 22.217497 0.000008 -0.000015 -0.096398 0.116958 -0.202279
171 -1.967316 9.854567 -7.722432 -2.161803 0.248066 0.289766
172 21.272736 0.000003 -0.000008 0.025990 -0.015445 -0.009916
173 22.032516 0.000022 -0.000053 -0.000535 -0.033725 0.002305
174 22.475662 0.000003 -0.000015 -0.087631 -0.175294 -0.175276
175 22.598713 0.000004 -0.000008 -0.131692 0.142568 -0.201033
176 22.407976 0.000015 -0.000023 -0.118765 0.159891 -0.166874
177 -1.900848 5.333252 -10.470076 -2.601403 0.305546 0.153178
178 21.914322 0.000006 -0.000027 0.024266 -0.010747 -0.007792
179 22.319839 -0.000009 -0.000004 -0.000964 -0.035147 0.001490
180 22.569626 -0.000002 -0.000015 -0.066625 -0.122217 -0.141030
181 22.663216 0.000023 -0.000023 -0.109015 0.188707 -0.159477
182 22.604521 0.000015 -0.000023 -0.098781 0.193796 -0.129287
183 -1.865585 -0.000002 -11.435440 -3.141592 0.324581 -0.000000
184 22.186676 -0.000004 -0.000015 0.000000 -0.007676 0.000000
185 22.443710 -0.000003 -0.000011 -0.000229 -0.034536 -0.000307
186 22.611542 -0.000005 -0.000019 -0.014844 -0.084047 -0.079475
187 22.692017 0.000005 0.000000 -0.033946 0.222676 -0.083459
188 22.687653 0.000010 -0.000008 -0.039930 0.218915 -0.086517
189 -1.900848 -5.333256 -10.470070 2.601403 0.305546 -0.153178
190 21.914337 0.000008 -0.000015 -0.024267 -0.010746 0.007792
191 22.319824 -0.000020 -0.000004 0.000750 -0.032762 -0.001919
192 22.569626 0.000007 -0.000038 0.044096 -0.087825 -0.012741
193 22.663231 -0.000019 0.000000 0.043400 0.225293 -0.007766
194 22.604523 0.000004 -0.000008 0.033378 0.226018 -0.020919
195 -1.967285 -9.854565 -7.722440 2.161803 0.248066 -0.289766
196 21.272713 -0.000016 -0.000008 -0.025990 -0.015445 0.009916
197 22.032471 0.000004 -0.000031 0.000501 -0.029907 -0.002364
198 22.475693 -0.000006 -0.000038 0.075506 -0.121413 0.036105
199 22.598709 0.000002 -0.000031 0.081467 0.201041 0.050190
200 22.407982 -0.000016 -0.000015 0.076364 0.215271 0.032658
201 -1.972580 -12.875609 -3.614562 1.827110 0.155326 -0.386831
202 20.655167 0.000010 -0.000015 -0.014659 -0.017050 0.006451
203 21.762276 -0.000007 -0.000008 -0.000325 -0.026500 -0.002369
204 22.392166 -0.000004 -0.000038 0.084668 -0.163583 0.063762
205 22.541344 -0.000008 -0.000031 0.082818 0.162762 0.085905
206 22.217501 -0.000004 -0.000015 0.066926 0.183578 0.077532
207 0.059621 0.456168 0.250107 0.000000 -0.000000 0.000000
208 0.059621 0.456168 0.250107 0.000000 -0.000000 0.000000
time 10
  0 0.059621 0.456168 0.250107 0.000000 -0.000000 0.000000
  1 0.059621 0.456168 0.250107 0.000000 -0.000000 0.000000
  2 0.059621 0.456168 0.250107 0.000000 -0.000000 0.000000
  3 0.059621 0.456168 0.250107 0.000000 -0.000000 0.000000
  4 0.059621 0.456168 0.250107 0.000000 -0.000000 0.000000
  5 0.059621 0.456168 0.250107 0.000000 -0.000000 0.000000
  6 0.059621 0.456168 0.250107 0.000000 -0.000000 0.000000
  7 0.059621 0.456168 0.250107 0.000000 -0.000000 0.000000
  8 0.059621 0.456168 0.250107 0.000000 -0.000000 0.000000
  9 0.059621 0.456168 0.250107 0.000000 -0.000000 0.000000
 10 63.788002 -34.060677 137.842224 -1.264592 -0.049447 0.929532
 11 24.668245 0.000015 -0.000038 1.044343 -0.308322 -0.063575
 12 30.380142 0.000000 0.000015 1.665070 0.208894 0.500513
 13 19.902094 0.000000 -0.000031 -0.002232 -0.065941 -0.021942
 14 -35.421749 68.849709 107.458252 -1.132572 -2.932122 0.532060
 15 35.349510 0.000000 0.000011 -1.315207 -0.099935 -0.203861
 16 37.124325 0.000000 -0.000015 -0.997810 0.497643 0.588828
 17 0.059621 0.456168 0.250107 0.064768 -0.005215 -0.156772
 18 0.059621 0.456168 95.621643 1.570796 1.570796 0.000000
 19 -65.799545 -0.000020 1.142855 0.000000 0.000515 3.141077
 20 11.181580 0.005760 -0.002411 0.000000 0.254797 0.000515
 21 27.835175 -0.000000 0.000015 -3.141592 -0.129896 -0.000000
 22 5.330383 -0.000001 -0.000004 -3.070192 -0.009113 -0.072751
 23 10.134903 -4.133395 3.834202 -0.492790 -1.029896 -2.708690
 24 10.134903 4.133397 3.834202 0.492810 -1.029891 2.708673
 25 22.592361 0.000005 17.467113 -0.000010 2.956431 0.000000
 26 21.199997 -7.744014 14.169521 -0.644457 -0.154503 -3.025319
 27 18.142014 -13.440230 7.965776 1.239186 -0.273579 3.048792
 28 21.199966 7.744021 14.169498 0.644460 -0.154503 3.025318
 29 18.141998 13.440237 7.965775 -0.316157 -0.180196 -3.082644
 30 11.858871 -13.360002 3.526516 1.542249 3.132957 0.174415
 31 9.463287 -16.404869 -2.906044 1.542282 3.132901 0.176490
 32 9.125259 -10.885476 -11.371326 0.000496 2.962373 0.000256
 33 11.858871 13.360005 3.526474 -1.542248 3.132957 -0.174414
 34 9.463257 16.404869 -2.906025 -1.542281 3.132900 -0.176490
 35 9.125275 10.885473 -11.371307 -0.000492 2.962373 0.000256
 36 9.023239 -0.000002 -17.296177 0.000180 -0.167048 -3.141356
 37 12.691422 -0.000003 -19.438763 0.000000 2.414504 0.000000
 38 10.989426 0.000005 -0.000015 0.000000 0.258411 0.000000
 39 12.871460 -10.586843 -15.652470 1.122431 2.814196 0.582676
 40 10.727005 0.000010 -0.000031 -0.045519 0.247404 0.005263
 41 12.871475 10.586843 -15.652470 -1.122430 2.814196 -0.582675
 42 10.726974 -0.000024 0.000015 0.045520 0.247403 -0.005263
 43 12.847229 -17.570084 -4.701336 1.361541 2.952598 0.710490
 44 11.496506 0.000008 -0.000015 -0.093582 0.286148 0.014650
 45 12.847183 17.570084 -4.701359 -1.361540 2.952598 -0.710490
 46 11.496460 -0.000002 -0.000015 0.093582 0.286148 -0.014650
 47 28.485962 0.000006 16.460358 -0.000001 -0.138433 0.000000
 48 23.052765 -6.207912 -0.077290 -1.470206 0.035100 -1.833545
 49 9.436905 -0.000008 -0.000015 0.010287 0.691444 0.003503
 50 31.269341 0.000011 -0.000008 -0.006701 -0.061812 0.008666
 51 28.756523 0.000010 -0.000015 -0.001117 0.004688 0.001416
 52 2.251984 -2.464409 -1.141647 0.481305 0.508197 -0.319329
 53 3.674034 -0.000019 0.000015 -0.277611 0.179024 0.194713
 54 3.614693 0.000010 0.000000 0.013156 0.193871 -0.001558
 55 9.035507 -2.494946 0.484543 -0.001362 0.302449 0.001673
 56 2.943565 0.000000 -0.000008 0.010585 0.293657 -0.007800
 57 2.649429 0.000002 0.000008 -0.006498 0.303243 0.008512
 58 9.093613 -0.386671 0.647705 0.020190 0.475380 -0.012607
 59 3.451904 0.000000 0.000000 -0.014209 0.528778 0.009212
 60 2.898178 0.000002 0.000034 -0.000683 0.490858 0.000916
 61 8.894592 1.605854 0.371887 -0.000566 0.547851 0.000704
 62 3.130402 0.000000 0.000038 0.003896 0.567158 -0.005064
 63 2.629547 0.000002 -0.000031 0.004892 0.544388 -0.006589
 64 8.470612 3.459528 0.131485 -0.021715 0.541478 0.011456
 65 2.410278 0.000002 -0.000053 0.022815 0.529939 -0.013321
 66 2.000778 0.000004 0.000008 -0.005415 0.533618 0.007402
 67 23.052780 6.207912 -0.077309 1.481823 0.058643 2.080206
 68 9.436890 0.000019 -0.000015 0.151662 0.418551 0.413166
 69 31.269348 -0.000015 -0.000031 0.242466 0.270283 1.885981
 70 28.756504 0.000008 0.000008 0.296098 0.387447 0.043085
 71 2.251896 2.464417 -1.141563 -0.513217 0.249535 0.112914
 72 3.674088 0.000015 -0.000015 0.331388 -0.059506 -0.325011
 73 3.614677 0.000000 0.000015 0.067360 -0.216133 -0.086857
 74 9.035419 2.494949 0.484428 0.001362 -0.011534 -0.001673
 75 2.943565 0.000015 -0.000031 -0.011498 -0.020268 0.014556
 76 2.649441 0.000000 0.000023 0.006498 -0.010740 -0.008512
 77 9.093689 0.386673 0.647781 -0.018031 0.093461 0.020165
 78 3.451859 0.000000 0.000000 0.014953 0.008589 -0.019838
 79 2.898205 0.000015 -0.000008 0.000684 -0.029445 -0.000917
 80 8.894417 -1.605835 0.371918 0.000566 0.090541 -0.000704
 81 3.130432 0.000000 -0.000038 -0.003896 -0.009289 0.005063
 82 2.629520 0.000015 0.000023 -0.004892 -0.032059 0.006589
 83 8.470608 -3.459518 0.131393 0.018786 0.137518 -0.020073
 84 2.410275 -0.000015 -0.000008 -0.024238 -0.029075 0.031299
 85 2.000755 0.000015 0.000023 0.005415 -0.025697 -0.007402
 86 9.832348 1.463058 -1.299438 0.016523 -0.031798 -0.020624
 87 25.040604 -5.670406 5.432793 -1.320539 -0.233614 -2.100450
 88 28.779709 -6.856312 -0.811420 -1.465747 0.015310 -1.689873
 89 29.182312 -3.955567 -4.961960 0.902017 2.530836 0.538580
 90 25.040588 5.670409 5.432755 1.311930 -0.407693 2.148107
 91 28.779755 6.856312 -0.811401 1.465747 0.015311 1.689877
 92 29.182297 3.955565 -4.961937 -0.902017 2.530835 -0.538581
 93 -65.335663 -0.000020 1.140918 -3.141591 0.044911 0.000000
 94 26.290924 -12.205288 1.157882 -2.071447 -0.017454 0.065112
 95 49.071037 0.000008 0.000009 2.179705 0.127556 -0.112856
 96 61.871311 -0.000015 -0.000023 3.080256 0.672597 0.035641
 97 26.290924 12.205295 1.157842 2.044502 0.127786 -0.159169
 98 49.071053 0.000004 -0.000037 -2.187262 0.154733 0.063501
 99 61.871300 0.000023 -0.000027 -2.944714 0.642381 0.102745
100 -0.698074 -11.192116 -8.252762 1.291046 -0.083602 -0.784034
101 20.568245 -0.000002 -0.000015 0.010064 0.339242 -0.147363
102 0.223785 -5.734809 -12.929604 -2.946718 0.654325 0.113132
103 20.803574 0.000001 -0.000038 0.066720 0.163085 -0.021101
104 -1.040024 -3.033968 12.140510 1.554517 0.104601 -1.288764
105 -1.040009 3.034004 12.140500 -1.554518 0.104604 1.288764
106 4.165451 -5.407045 12.088391 0.854937 -0.629941 -0.629908
107 16.599442 0.000000 -0.000015 -0.047935 -0.051683 0.045016
108 4.165482 5.407080 12.088380 -0.764943 -0.488006 0.458268
109 16.599388 0.000010 -0.000031 0.046452 0.151655 -0.033714
110 6.428391 0.000001 -0.288944 -0.000001 -0.000000 -0.000000
111 -1.833786 -13.936461 1.224504 1.552448 0.040995 -0.420999
112 20.406944 -0.000002 -0.000023 0.000000 -0.016932 0.000000
113 21.655487 -0.000002 -0.000015 -0.001401 -0.027238 -0.002460
114 22.360672 -0.000002 -0.000023 0.079448 -0.212500 0.080366
115 22.519657 -0.000006 -0.000008 0.063361 0.132391 0.108432
116 22.140392 -0.000010 -0.000031 0.021895 0.149825 0.098594
117 -1.699219 -12.875612 4.918508 1.116385 -0.148284 -0.380891
118 20.938606 0.000013 0.000000 0.034482 -0.012972 -0.016104
119 21.993614 -0.000005 -0.000061 0.011254 -0.027265 -0.008060
120 22.563789 -0.000013 0.000000 0.071656 -0.289287 0.077135
121 22.643356 -0.000001 -0.000046 0.039018 0.049673 0.108216
122 22.238049 -0.000006 -0.000031 -0.016226 0.056124 0.105762
123 -1.634354 -9.854568 8.052347 0.714077 -0.292095 -0.280759
124 22.205299 0.000001 -0.000023 0.042841 -0.006102 -0.020254
125 22.804390 -0.000005 -0.000046 0.015462 -0.028174 -0.009299
126 23.051666 0.000002 0.000000 0.057361 -0.358166 0.049799
127 22.939987 0.000002 -0.000046 0.023441 -0.026399 0.076914
128 22.472065 -0.000001 -0.000031 -0.021355 -0.028666 0.083981
129 -1.616150 -5.333253 10.147438 0.347094 -0.374743 -0.146641
130 23.451294 -0.000000 -0.000015 0.027042 -0.001892 -0.012901
131 23.608017 -0.000004 -0.000031 0.010279 -0.029824 -0.005818
132 23.536221 -0.000003 -0.000038 0.041533 -0.407070 0.006583
133 23.233974 0.000003 0.000008 0.020383 -0.079732 0.026214
134 22.703674 0.000008 -0.000023 -0.001707 -0.084957 0.033752
135 -1.614532 -0.000000 10.883350 -0.000000 -0.400842 0.000000
136 23.962135 0.000001 -0.000038 0.000000 -0.000699 -0.000000
137 23.938957 -0.000003 0.000008 -0.000104 -0.031149 0.000715
138 23.736031 -0.000003 -0.000031 0.024265 -0.290694 -0.040417
139 23.354973 0.000006 -0.000038 0.021539 -0.104026 -0.033437
140 22.798923 -0.000009 -0.000031 0.026787 -0.108631 -0.030063
141 -1.616150 5.333251 10.147423 -0.347094 -0.374742 0.146641
142 23.451294 -0.000006 -0.000008 -0.027042 -0.001892 0.012901
143 23.608025 -0.000002 -0.000038 -0.010023 -0.031520 0.007425
144 23.536251 0.000001 -0.000015 0.005627 -0.427591 -0.095606
145 23.233974 -0.000017 -0.000031 0.021389 -0.097987 -0.097225
146 22.703671 0.000016 -0.000015 0.052541 -0.100101 -0.095629
147 -1.634354 9.854564 8.052345 -0.714078 -0.292096 0.280760
148 22.205254 0.000003 0.000000 -0.042841 -0.006101 0.020254
149 22.804451 0.000002 -0.000076 -0.014619 -0.031425 0.009790
150 23.051636 -0.000009 -0.000015 -0.016279 -0.397659 -0.145312
151 22.939972 -0.000001 -0.000015 0.007492 -0.062860 -0.153986
152 22.472065 0.000005 -0.000046 0.062317 -0.059026 -0.164583
153 -1.699219 12.875607 4.918524 -1.116385 -0.148284 0.380891
154 20.938599 0.000019 -0.000008 -0.034482 -0.012973 0.016104
155 21.993591 -0.000005 -0.000061 -0.012521 -0.003068 0.005924
156 22.563812 0.000001 -0.000023 -0.041996 -0.343620 -0.182016
157 22.643356 0.000011 -0.000046 -0.025107 -0.003471 -0.197260
158 22.238033 0.000002 -0.000015 0.034814 0.008218 -0.209246
159 -1.833786 13.936457 1.224504 -1.552447 0.040994 0.420999
160 20.406967 0.000005 -0.000038 -0.000000 -0.016932 -0.000000
161 21.655510 0.000009 -0.000015 -0.000000 -0.003038 0.000000
162 22.360657 0.000002 -0.000015 -0.066723 -0.273799 -0.198320
163 22.519669 0.000004 -0.000015 -0.072405 0.068442 -0.218021
164 22.140377 0.000006 -0.000015 -0.034323 0.087023 -0.202443
165 -1.972580 12.875608 -3.614555 -1.827109 0.155326 0.386830
166 20.655167 0.000007 -0.000015 0.014659 -0.017050 -0.006451
167 21.762253 0.000003 -0.000015 0.000090 -0.033643 0.002857
168 22.392159 0.000010 -0.000031 -0.085201 -0.227389 -0.190457
169 22.541336 0.000010 -0.000031 -0.114982 0.114455 -0.222466
170 22.217487 0.000004 -0.000023 -0.096185 0.134844 -0.202802
171 -1.967316 9.854566 -7.722432 -2.161803 0.248066 0.289766
172 21.272728 0.000003 -0.000008 0.025990 -0.015445 -0.009916
173 22.032516 0.000022 -0.000046 -0.000427 -0.036513 0.002668
174 22.475662 0.000001 -0.000015 -0.087486 -0.178044 -0.174737
175 22.598713 0.000004 -0.000008 -0.132090 0.160317 -0.203108
176 22.407974 0.000023 -0.000023 -0.119163 0.177668 -0.168732
177 -1.900848 5.333252 -10.470076 -2.601403 0.305546 0.153178
178 21.914307 0.000006 -0.000023 0.024266 -0.010747 -0.007792
179 22.319847 -0.000009 0.000000 -0.000929 -0.038027 0.001706
180 22.569618 -0.000000 -0.000015 -0.066526 -0.125078 -0.140670
181 22.663216 0.000025 -0.000031 -0.109446 0.206503 -0.161220
182 22.604523 0.000023 -0.000027 -0.099195 0.211610 -0.130865
183 -1.865585 -0.000002 -11.435440 -3.141592 0.324581 -0.000000
184 22.186676 -0.000004 -0.000008 0.000000 -0.007676 0.000000
185 22.443718 -0.000003 -0.000011 -0.000277 -0.037426 -0.000337
186 22.611542 -0.000005 -0.000019 -0.014857 -0.086937 -0.079468
187 22.692017 0.000005 0.000000 -0.034116 0.240567 -0.083977
188 22.687656 0.000010 0.000000 -0.039918 0.236814 -0.086734
189 -1.900848 -5.333257 -10.470070 2.601403 0.305546 -0.153178
190 21.914345 0.000008 -0.000015 -0.024267 -0.010746 0.007792
191 22.319832 -0.000020 -0.000004 0.000629 -0.035544 -0.002179
192 22.569626 0.000007 -0.000038 0.043986 -0.090606 -0.013111
193 22.663239 -0.000020 -0.000008 0.043563 0.243178 -0.006974
194 22.604530 0.000004 -0.000004 0.033506 0.243910 -0.020310
195 -1.967285 -9.854566 -7.722440 2.161803 0.248066 -0.289766
196 21.272705 -0.000016 -0.000008 -0.025990 -0.015445 0.009916
197 22.032471 0.000004 -0.000023 0.000317 -0.032537 -0.002739
198 22.475693 -0.000006 -0.000046 0.075329 -0.124032 0.035601
199 22.598709 0.000002 -0.000015 0.081744 0.218885 0.051521
200 22.407986 -0.000014 -0.000015 0.076639 0.233123 0.033897
201 -1.972580 -12.875610 -3.614562 1.827110 0.155326 -0.386831
202 20.655182 0.000010 -0.000023 -0.014659 -0.017050 0.006451
203 21.762276 -0.000007 -0.000015 -0.000552 -0.028994 -0.002786
204 22.392174 -0.000005 -0.000038 0.084460 -0.166056 0.063211
205 22.541344 -0.000009 -0.000015 0.083059 0.180604 0.087215
206 22.217505 -0.000004 -0.000015 0.067142 0.201441 0.078560
207 0.059621 0.456168 0.250107 0.000000 -0.000000 0.000000
208 0.059621 0.456168 0.250107 0.000000 -0.000000 0.000000
time 11
  0 0.059621 0.456168 0.250107 0.000000 -0.000000 0.000000
  1 0.059621 0.456168 0.250107 0.000000 -0.000000 0.000000
  2 0.059621 0.456168 0.250107 0.000000 -0.000000 0.000000
  3 0.059621 0.456168 0.250107 0.000000 -0.000000 0.000000
  4 0.059621 0.456168 0.250107 0.000000 -0.000000 0.000000
  5 0.059621 0.456168 0.250107 0.000000 -0.000000 0.000000
  6 0.059621 0.456168 0.250107 0.000000 -0.000000 0.000000
  7 0.059621 0.456168 0.250107 0.000000 -0.000000 0.000000
  8 0.059621 0.456168 0.250107 0.000000 -0.000000 0.000000
  9 0.059621 0.456168 0.250107 0.000000 -0.000000 0.000000
 10 55.254570 -42.413925 136.011993 -1.267252 -0.045959 0.740648
 11 24.668247 0.000000 -0.000038 1.042808 -0.291924 -0.068529
 12 30.380138 0.000008 0.000000 1.659989 0.229589 0.452450
 13 19.902088 0.000000 -0.000015 -0.000974 -0.094872 -0.030279
 14 -25.367735 67.926430 107.458252 -1.104898 -3.033247 0.442489
 15 35.349518 0.000000 0.000015 -1.305198 -0.121673 -0.190818
 16 37.124321 -0.000015 -0.000031 -1.002727 0.492056 0.554314
 17 0.059621 0.456168 0.250107 0.064768 -0.005215 -0.156772
 18 0.059621 0.456168 96.702637 1.570796 1.570796 0.000000
 19 -65.799545 -0.000020 1.142855 0.000000 0.000515 3.141077
 20 11.181580 0.005760 -0.002411 0.000000 0.254797 0.000515
 21 27.835175 -0.000000 0.000015 -3.141592 -0.129896 -0.000000
 22 5.330383 -0.000001 0.000000 -3.070087 -0.008323 -0.083779
 23 10.134888 -4.133394 3.834202 -0.478347 -1.013143 -2.725642
 24 10.134888 4.133397 3.834202 0.478367 -1.013138 2.725625
 25 22.592361 0.000007 17.467117 -0.000010 2.956431 0.000000
 26 21.199982 -7.744009 14.169518 -0.644457 -0.154503 -3.025319
 27 18.142014 -13.440226 7.965775 1.241006 -0.289293 3.043095
 28 21.199966 7.744020 14.169502 0.644460 -0.154503 3.025318
 29 18.141998 13.440234 7.965776 -0.316157 -0.180196 -3.082644
 30 11.858871 -13.359999 3.526514 1.542249 3.132957 0.174415
 31 9.463272 -16.404867 -2.906044 1.542282 3.132901 0.176490
 32 9.125259 -10.885475 -11.371326 0.000496 2.962373 0.000256
 33 11.858841 13.360004 3.526474 -1.542248 3.132957 -0.174414
 34 9.463257 16.404865 -2.906023 -1.542281 3.132900 -0.176490
 35 9.125259 10.885472 -11.371305 -0.000492 2.962373 0.000256
 36 9.023224 -0.000002 -17.296175 0.000180 -0.167048 -3.141356
 37 12.691422 -0.000004 -19.438765 0.000000 2.397895 0.000000
 38 10.989410 0.000004 -0.000015 0.000000 0.311000 0.000000
 39 12.871460 -10.586840 -15.652473 1.127961 2.807199 0.598726
 40 10.727005 0.000011 -0.000031 -0.045615 0.299952 0.002873
 41 12.871445 10.586842 -15.652472 -1.127961 2.807199 -0.598725
 42 10.726990 -0.000022 0.000015 0.045615 0.299951 -0.002873
 43 12.847229 -17.570082 -4.701340 1.364852 2.949287 0.727099
 44 11.496506 0.000008 -0.000031 -0.093968 0.338532 0.009664
 45 12.847183 17.570078 -4.701357 -1.364851 2.949287 -0.727099
 46 11.496475 -0.000001 -0.000015 0.093968 0.338532 -0.009664
 47 28.485962 0.000008 16.460358 -0.000001 -0.155042 0.000000
 48 23.052750 -6.207911 -0.077290 -1.470206 0.035100 -1.833545
 49 9.436901 -0.000006 -0.000015 0.010287 0.697698 0.003503
 50 31.269341 0.000010 -0.000023 -0.006701 -0.072216 0.008666
 51 28.756516 0.000008 -0.000031 -0.001117 -0.000417 0.001416
 52 2.251991 -2.464409 -1.141647 0.481305 0.508197 -0.319329
 53 3.674057 -0.000011 0.000015 -0.277611 0.179024 0.194713
 54 3.614685 0.000012 0.000000 0.013156 0.193871 -0.001558
 55 9.035515 -2.494944 0.484543 -0.001362 0.302449 0.001673
 56 2.943588 0.000000 -0.000015 0.010585 0.293657 -0.007800
 57 2.649422 0.000002 0.000015 -0.006498 0.303243 0.008512
 58 9.093620 -0.386669 0.647705 0.020190 0.475380 -0.012607
 59 3.451881 0.000004 -0.000008 -0.014209 0.528778 0.009212
 60 2.898178 0.000002 0.000031 -0.000683 0.490858 0.000916
 61 8.894592 1.605852 0.371887 -0.000566 0.547851 0.000704
 62 3.130409 0.000002 0.000046 0.003896 0.567158 -0.005064
 63 2.629547 0.000000 -0.000031 0.004892 0.544388 -0.006589
 64 8.470634 3.459528 0.131485 -0.021715 0.541478 0.011455
 65 2.410263 0.000000 -0.000061 0.022815 0.529939 -0.013321
 66 2.000778 0.000004 0.000011 -0.005415 0.533618 0.007402
 67 23.052765 6.207910 -0.077309 1.481823 0.058643 2.080206
 68 9.436897 0.000019 -0.000015 0.151662 0.418551 0.413166
 69 31.269348 -0.000015 -0.000038 0.211306 0.264793 1.883363
 70 28.756500 0.000008 0.000008 0.291070 0.357724 0.030399
 71 2.251892 2.464417 -1.141563 -0.513217 0.249535 0.112914
 72 3.674088 0.000004 -0.000031 0.331388 -0.059506 -0.325011
 73 3.614679 0.000008 0.000015 0.067360 -0.216133 -0.086857
 74 9.035416 2.494965 0.484421 0.001362 -0.011534 -0.001673
 75 2.943562 0.000000 -0.000023 -0.011498 -0.020268 0.014556
 76 2.649445 -0.000015 0.000023 0.006498 -0.010740 -0.008512
 77 9.093685 0.386688 0.647781 -0.018031 0.093461 0.020165
 78 3.451862 0.000000 -0.000008 0.014953 0.008589 -0.019838
 79 2.898201 -0.000015 -0.000008 0.000684 -0.029445 -0.000917
 80 8.894417 -1.605835 0.371918 0.000566 0.090541 -0.000704
 81 3.130428 -0.000015 -0.000038 -0.003896 -0.009289 0.005063
 82 2.629520 0.000015 0.000015 -0.004892 -0.032059 0.006589
 83 8.470604 -3.459518 0.131393 0.018786 0.137518 -0.020073
 84 2.410282 -0.000015 -0.000008 -0.024238 -0.029075 0.031299
 85 2.000755 0.000000 0.000023 0.005415 -0.025697 -0.007402
 86 9.832348 1.463074 -1.299431 0.016523 -0.031798 -0.020624
 87 25.040588 -5.670405 5.432793 -1.321930 -0.235063 -2.094538
 88 28.779678 -6.856310 -0.811424 -1.465666 0.014687 -1.683980
 89 29.182297 -3.955566 -4.961964 0.905361 2.527198 0.544331
 90 25.040558 5.670408 5.432751 1.314436 -0.409176 2.141846
 91 28.779739 6.856311 -0.811401 1.465666 0.014688 1.683983
 92 29.182281 3.955564 -4.961941 -0.905361 2.527197 -0.544332
 93 -65.335663 -0.000020 1.140918 -3.141591 0.044911 0.000000
 94 26.290924 -12.205288 1.157882 -2.071447 -0.017454 0.065112
 95 49.071022 0.000008 0.000010 2.179705 0.127556 -0.112856
 96 61.871307 -0.000015 -0.000021 3.080256 0.672597 0.035641
 97 26.290924 12.205295 1.157841 2.044502 0.127786 -0.159169
 98 49.071060 0.000003 -0.000034 -2.187262 0.154733 0.063501
 99 61.871300 0.000022 -0.000029 -2.944714 0.642381 0.102745
100 -0.698074 -11.192116 -8.252762 1.291792 -0.085667 -0.791404
101 20.568230 -0.000004 0.000000 0.010034 0.367988 -0.147205
102 0.223785 -5.734809 -12.929604 -2.945353 0.661782 0.115198
103 20.803574 0.000001 -0.000031 0.066757 0.188739 -0.019330
104 -1.040024 -3.033968 12.140509 1.554517 0.104601 -1.288764
105 -1.040009 3.034004 12.140501 -1.554518 0.104604 1.288764
106 4.165436 -5.407045 12.088390 0.854937 -0.629941 -0.629908
107 16.599442 0.000000 -0.000031 -0.047935 -0.051683 0.045016
108 4.165482 5.407080 12.088379 -0.757737 -0.476554 0.444476
109 16.599396 0.000009 -0.000031 0.046324 0.168038 -0.032794
110 6.428391 0.000001 -0.288944 -0.000001 -0.000000 0.000000
111 -1.833786 -13.936461 1.224505 1.552447 0.040995 -0.420999
112 20.406960 -0.000002 -0.000031 0.000000 -0.016932 0.000000
113 21.655495 -0.000003 -0.000015 -0.001655 -0.029582 -0.002907
114 22.360672 -0.000003 -0.000023 0.079228 -0.214818 0.079799
115 22.519657 -0.000005 -0.000015 0.063493 0.150676 0.109330
116 22.140385 -0.000010 -0.000031 0.021895 0.168146 0.098594
117 -1.699219 -12.875612 4.918508 1.116385 -0.148284 -0.380891
118 20.938614 0.000012 0.000000 0.034482 -0.012972 -0.016104
119 21.993614 -0.000007 -0.000053 0.011024 -0.029414 -0.008448
120 22.563797 -0.000014 -0.000008 0.071482 -0.291420 0.076646
121 22.643349 -0.000001 -0.000038 0.039058 0.067979 0.108693
122 22.238045 -0.000008 -0.000038 -0.016182 0.074424 0.104902
123 -1.634354 -9.854568 8.052347 0.714077 -0.292095 -0.280759
124 22.205292 0.000001 -0.000023 0.042841 -0.006102 -0.020254
125 22.804398 -0.000005 -0.000046 0.015287 -0.030183 -0.009562
126 23.051666 0.000001 -0.000015 0.057233 -0.360168 0.049450
127 22.939980 0.000002 -0.000046 0.023441 -0.008083 0.077193
128 22.472061 0.000002 -0.000031 -0.021271 -0.010365 0.083142
129 -1.616150 -5.333253 10.147440 0.347094 -0.374743 -0.146641
130 23.451294 -0.000001 -0.000023 0.027042 -0.001892 -0.012901
131 23.608025 -0.000004 -0.000031 0.010179 -0.031762 -0.005926
132 23.536224 -0.000001 -0.000031 0.041460 -0.409007 0.006413
133 23.233974 0.000005 0.000008 0.020372 -0.061416 0.026469
134 22.703674 0.000009 -0.000015 -0.001707 -0.066637 0.033752
135 -1.614532 -0.000000 10.883350 -0.000000 -0.400842 0.000000
136 23.962143 0.000001 -0.000031 0.000000 -0.000699 0.000000
137 23.938965 -0.000003 0.000008 -0.000123 -0.033081 0.000774
138 23.736031 -0.000003 -0.000023 0.024149 -0.272379 -0.040038
139 23.354977 0.000006 -0.000031 0.021395 -0.085715 -0.032932
140 22.798927 -0.000009 -0.000031 0.026747 -0.090317 -0.029573
141 -1.616150 5.333251 10.147423 -0.347094 -0.374742 0.146641
142 23.451294 -0.000006 -0.000008 -0.027042 -0.001892 0.012902
143 23.608025 -0.000001 -0.000038 -0.009957 -0.033507 0.007651
144 23.536240 0.000002 -0.000023 0.005646 -0.429575 -0.095396
145 23.233967 -0.000016 -0.000046 0.021361 -0.079671 -0.096835
146 22.703659 0.000014 -0.000015 0.052471 -0.081806 -0.094669
147 -1.634354 9.854564 8.052345 -0.714077 -0.292096 0.280760
148 22.205254 0.000003 0.000000 -0.042841 -0.006101 0.020254
149 22.804451 0.000004 -0.000069 -0.014477 -0.033527 0.010142
150 23.051628 -0.000007 -0.000008 -0.016201 -0.399749 -0.144929
151 22.939972 -0.000006 -0.000015 0.007492 -0.044540 -0.153985
152 22.472061 0.000003 -0.000031 0.061916 -0.040816 -0.162597
153 -1.699219 12.875607 4.918525 -1.116385 -0.148284 0.380891
154 20.938591 0.000019 -0.000008 -0.034482 -0.012973 0.016104
155 21.993591 -0.000004 -0.000061 -0.012521 -0.003068 0.005924
156 22.563805 0.000001 -0.000015 -0.041868 -0.345868 -0.181511
157 22.643349 0.000011 -0.000046 -0.025118 0.014844 -0.197567
158 22.238033 -0.000004 -0.000015 0.034659 0.026456 -0.207516
159 -1.833786 13.936457 1.224504 -1.552447 0.040994 0.420999
160 20.406952 0.000005 -0.000038 0.000000 -0.016932 -0.000000
161 21.655502 0.000009 -0.000008 -0.000000 -0.003038 0.000000
162 22.360657 0.000003 -0.000015 -0.066560 -0.276239 -0.197740
163 22.519665 0.000004 -0.000023 -0.072513 0.086715 -0.218995
164 22.140377 0.000004 -0.000015 -0.034230 0.105338 -0.202001
165 -1.972580 12.875608 -3.614555 -1.827109 0.155326 0.386830
166 20.655182 0.000008 -0.000023 0.014659 -0.017050 -0.006451
167 21.762253 0.000005 -0.000023 0.000247 -0.036258 0.003313
168 22.392166 0.000010 -0.000015 -0.085034 -0.229957 -0.189831
169 22.541336 0.000013 -0.000031 -0.115226 0.132657 -0.224150
170 22.217495 0.000008 -0.000015 -0.095967 0.153148 -0.203268
171 -1.967316 9.854566 -7.722432 -2.161803 0.248066 0.289766
172 21.272705 0.000004 0.000000 0.025990 -0.015445 -0.009916
173 22.032509 0.000022 -0.000053 -0.000319 -0.039259 0.003053
174 22.475662 0.000001 -0.000015 -0.087340 -0.180754 -0.174164
175 22.598717 0.000002 -0.000008 -0.132478 0.178481 -0.205104
176 22.407980 0.000023 -0.000023 -0.119552 0.195861 -0.170508
177 -1.900848 5.333252 -10.470076 -2.601403 0.305546 0.153178
178 21.914322 0.000007 -0.000023 0.024266 -0.010747 -0.007792
179 22.319839 -0.000009 -0.000004 -0.000896 -0.040889 0.001936
180 22.569626 -0.000001 -0.000015 -0.066431 -0.127923 -0.140288
181 22.663208 0.000023 -0.000023 -0.109871 0.224715 -0.162899
182 22.604530 0.000023 -0.000023 -0.099610 0.229841 -0.132380
183 -1.865585 -0.000002 -11.435440 -3.141592 0.324581 -0.000000
184 22.186676 -0.000004 -0.000015 0.000000 -0.007676 0.000000
185 22.443718 -0.000003 -0.000008 -0.000327 -0.040320 -0.000366
186 22.611542 -0.000005 -0.000019 -0.014870 -0.089832 -0.079461
187 22.692020 0.000005 0.000000 -0.034290 0.258876 -0.084460
188 22.687660 0.000010 -0.000004 -0.039908 0.255131 -0.086926
189 -1.900848 -5.333257 -10.470070 2.601403 0.305546 -0.153178
190 21.914330 0.000009 -0.000011 -0.024267 -0.010746 0.007792
191 22.319832 -0.000021 -0.000008 0.000501 -0.038334 -0.002451
192 22.569626 0.000006 -0.000034 0.043869 -0.093396 -0.013483
193 22.663235 -0.000020 0.000008 0.043710 0.261481 -0.006165
194 22.604527 0.000002 0.000000 0.033621 0.262221 -0.019686
195 -1.967285 -9.854566 -7.722440 2.161803 0.248066 -0.289766
196 21.272720 -0.000016 -0.000015 -0.025990 -0.015445 0.009916
197 22.032471 0.000004 -0.000031 0.000121 -0.035168 -0.003137
198 22.475685 -0.000006 -0.000031 0.075141 -0.126650 0.035066
199 22.598709 0.000000 -0.000023 0.081991 0.237147 0.052824
200 22.407990 -0.000013 -0.000008 0.076884 0.251392 0.035105
201 -1.972580 -12.875610 -3.614562 1.827110 0.155326 -0.386831
202 20.655174 0.000009 -0.000023 -0.014659 -0.017050 0.006451
203 21.762268 -0.000008 -0.000008 -0.000793 -0.031474 -0.003229
204 22.392166 -0.000005 -0.000031 0.084239 -0.168514 0.062627
205 22.541344 -0.000007 -0.000031 0.083277 0.198863 0.088481
206 22.217514 -0.000004 -0.000008 0.067338 0.219722 0.079538
207 0.059621 0.456168 0.250107 0.000000 -0.000000 0.000000
208 0.059621 0.456168 0.250107 0.000000 -0.000000 0.000000
time 12
  0 0.059621 0.456168 0.250107 0.000000 -0.000000 0.000000
  1 0.059621 0.456168 0.250107 0.000000 -0.000000 0.000000
  2 0.059621 0.456168 0.250107 0.000000 -0.000000 0.000000
  3 0.059621 0.456168 0.250107 0.000000 -0.000000 0.000000
  4 0.059621 0.456168 0.250107 0.000000 -0.000000 0.000000
  5 0.059621 0.456168 0.250107 0.000000 -0.000000 0.000000
  6 0.059621 0.456168 0.250107 0.000000 -0.000000 0.000000
  7 0.059621 0.456168 0.250107 0.000000 -0.000000 0.000000
  8 0.059621 0.456168 0.250107 0.000000 -0.000000 0.000000
  9 0.059621 0.456168 0.250107 0.000000 -0.000000 0.000000
 10 46.873867 -49.527481 134.453400 -1.269517 -0.042988 0.553952
 11 24.668251 0.000015 -0.000046 1.041234 -0.275123 -0.073605
 12 30.380138 -0.000008 0.000008 1.654391 0.250283 0.402364
 13 19.902092 -0.000008 -0.000023 0.000498 -0.125190 -0.039185
 14 -14.816997 66.757149 107.458252 -1.077223 -3.134372 0.357230
 15 35.349510 0.000000 0.000011 -1.296674 -0.140185 -0.179711
 16 37.124329 -0.000019 -0.000023 -1.006913 0.485839 0.515808
 17 0.059621 0.456168 0.250107 0.064768 -0.005215 -0.156772
 18 0.059621 0.456168 97.814835 1.570796 1.570796 0.000000
 19 -65.799545 -0.000020 1.142855 0.000000 0.000515 3.141077
 20 11.181580 0.005760 -0.002411 0.000000 0.254797 0.000515
 21 27.835175 -0.000000 0.000015 -3.141592 -0.129896 -0.000000
 22 5.330383 -0.000001 0.000000 -3.069985 -0.007560 -0.094435
 23 10.134872 -4.133394 3.834200 -0.465499 -0.997160 -2.740879
 24 10.134903 4.133396 3.834202 0.465518 -0.997155 2.740862
 25 22.592361 0.000004 17.467113 -0.000010 2.956431 0.000000
 26 21.199982 -7.744009 14.169518 -0.644457 -0.154503 -3.025319
 27 18.142029 -13.440229 7.965776 1.242872 -0.305394 3.037258
 28 21.199966 7.744017 14.169498 0.644460 -0.154503 3.025318
 29 18.141998 13.440230 7.965776 -0.316157 -0.180196 -3.082644
 30 11.858871 -13.359999 3.526514 1.542249 3.132957 0.174415
 31 9.463287 -16.404867 -2.906044 1.542282 3.132901 0.176490
 32 9.125244 -10.885473 -11.371325 0.000496 2.962373 0.000256
 33 11.858856 13.360000 3.526474 -1.542248 3.132957 -0.174414
 34 9.463257 16.404863 -2.906023 -1.542281 3.132900 -0.176490
 35 9.125275 10.885468 -11.371304 -0.000492 2.962373 0.000256
 36 9.023224 -0.000006 -17.296173 0.000180 -0.167048 -3.141356
 37 12.691406 -0.000006 -19.438763 0.000000 2.380877 0.000000
 38 10.989410 0.000004 0.000000 0.000000 0.358117 0.000000
 39 12.871475 -10.586843 -15.652466 1.133628 2.800030 0.615171
 40 10.727005 0.000011 -0.000015 -0.045700 0.347032 0.000732
 41 12.871460 10.586838 -15.652468 -1.133627 2.800029 -0.615170
 42 10.726990 -0.000023 0.000000 0.045701 0.347031 -0.000732
 43 12.847214 -17.570082 -4.701338 1.368244 2.945895 0.744117
 44 11.496498 0.000008 -0.000031 -0.094314 0.385466 0.005197
 45 12.847183 17.570078 -4.701357 -1.368243 2.945895 -0.744117
 46 11.496460 -0.000003 -0.000015 0.094314 0.385466 -0.005197
 47 28.485962 0.000004 16.460358 -0.000001 -0.172060 0.000000
 48 23.052765 -6.207911 -0.077290 -1.470206 0.035100 -1.833545
 49 9.436901 -0.000006 -0.000015 0.010287 0.702986 0.003503
 50 31.269333 0.000011 -0.000023 -0.006701 -0.083164 0.008666
 51 28.756500 0.000008 -0.000031 -0.001117 -0.005790 0.001416
 52 2.251984 -2.464409 -1.141632 0.481305 0.508197 -0.319329
 53 3.674042 -0.000013 0.000015 -0.277611 0.179024 0.194713
 54 3.614716 0.000014 0.000000 0.013156 0.193871 -0.001558
 55 9.035507 -2.494946 0.484558 -0.001362 0.302449 0.001673
 56 2.943565 0.000000 -0.000015 0.010585 0.293657 -0.007800
 57 2.649429 0.000002 0.000008 -0.006498 0.303243 0.008512
 58 9.093620 -0.386669 0.647705 0.020190 0.475380 -0.012607
 59 3.451881 0.000000 0.000008 -0.014209 0.528778 0.009212
 60 2.898178 0.000000 0.000038 -0.000683 0.490858 0.000916
 61 8.894592 1.605854 0.371887 -0.000566 0.547851 0.000704
 62 3.130409 0.000004 0.000046 0.003896 0.567158 -0.005064
 63 2.629532 0.000000 -0.000038 0.004892 0.544388 -0.006589
 64 8.470619 3.459528 0.131500 -0.021715 0.541478 0.011456
 65 2.410263 0.000000 -0.000053 0.022815 0.529939 -0.013321
 66 2.000793 0.000004 0.000011 -0.005415 0.533618 0.007402
 67 23.052780 6.207909 -0.077309 1.481823 0.058643 2.080206
 68 9.436897 0.000019 -0.000015 0.151662 0.418551 0.413166
 69 31.269348 -0.000015 -0.000038 0.180146 0.259303 1.880743
 70 28.756500 0.000000 0.000000 0.285943 0.327414 0.017462
 71 2.251888 2.464401 -1.141556 -0.513217 0.249535 0.112914
 72 3.674088 0.000004 -0.000015 0.331388 -0.059506 -0.325011
 73 3.614677 0.000000 0.000031 0.067360 -0.216133 -0.086857
 74 9.035416 2.494949 0.484436 0.001362 -0.011534 -0.001673
 75 2.943562 0.000000 -0.000031 -0.011497 -0.020268 0.014556
 76 2.649437 0.000000 0.000015 0.006498 -0.010740 -0.008512
 77 9.093685 0.386673 0.647789 -0.018031 0.093461 0.020165
 78 3.451862 0.000000 0.000000 0.014953 0.008589 -0.019838
 79 2.898197 0.000015 -0.000008 0.000684 -0.029445 -0.000917
 80 8.894409 -1.605865 0.371910 0.000566 0.090541 -0.000704
 81 3.130432 0.000015 -0.000031 -0.003896 -0.009289 0.005063
 82 2.629520 0.000000 0.000015 -0.004892 -0.032059 0.006589
 83 8.470604 -3.459534 0.131393 0.018786 0.137518 -0.020073
 84 2.410278 0.000000 -0.000008 -0.024238 -0.029075 0.031299
 85 2.000751 -0.000015 0.000023 0.005415 -0.025697 -0.007402
 86 9.832344 1.463043 -1.299431 0.016523 -0.031798 -0.020624
 87 25.040588 -5.670406 5.432789 -1.323348 -0.236540 -2.088509
 88 28.779709 -6.856310 -0.811424 -1.465583 0.014052 -1.677970
 89 29.182297 -3.955567 -4.961967 0.908772 2.523488 0.550195
 90 25.040573 5.670406 5.432747 1.316992 -0.410687 2.135462
 91 28.779755 6.856310 -0.811405 1.465583 0.014052 1.677974
 92 29.182297 3.955564 -4.961941 -0.908772 2.523487 -0.550195
 93 -65.335648 -0.000020 1.140918 -3.141591 0.044911 0.000000
 94 26.290924 -12.205289 1.157882 -2.071447 -0.017454 0.065112
 95 49.071030 0.000008 0.000009 2.179705 0.127556 -0.112856
 96 61.871315 -0.000015 -0.000023 3.080256 0.672597 0.035641
 97 26.290924 12.205294 1.157842 2.044502 0.127786 -0.159169
 98 49.071060 0.000004 -0.000037 -2.187262 0.154733 0.063501
 99 61.871300 0.000023 -0.000027 -2.944714 0.642381 0.102745
100 -0.698074 -11.192117 -8.252763 1.292575 -0.087836 -0.799147
101 20.568237 -0.000002 -0.000015 0.010007 0.392468 -0.147048
102 0.223785 -5.734809 -12.929605 -2.943919 0.669617 0.117369
103 20.803581 0.000002 -0.000038 0.066789 0.210587 -0.017822
104 -1.040024 -3.033968 12.140511 1.554517 0.104601 -1.288764
105 -1.040009 3.034004 12.140501 -1.554518 0.104604 1.288764
106 4.165451 -5.407045 12.088390 0.854937 -0.629941 -0.629908
107 16.599442 0.000000 -0.000015 -0.047935 -0.051683 0.045016
108 4.165482 5.407080 12.088381 -0.753008 -0.469040 0.435427
109 16.599388 0.000012 -0.000031 0.046239 0.178786 -0.032190
110 6.428375 0.000001 -0.288944 -0.000001 -0.000000 -0.000000
111 -1.833771 -13.936460 1.224504 1.552448 0.040995 -0.420999
112 20.406952 -0.000002 -0.000031 0.000000 -0.016932 0.000000
113 21.655487 -0.000002 -0.000015 -0.001922 -0.031892 -0.003376
114 22.360672 -0.000002 -0.000023 0.078997 -0.217100 0.079204
115 22.519657 -0.000005 -0.000015 0.063612 0.169100 0.110172
116 22.140385 -0.000008 -0.000023 0.021895 0.186606 0.098594
117 -1.699203 -12.875611 4.918509 1.116385 -0.148284 -0.380891
118 20.938599 0.000013 0.000000 0.034482 -0.012972 -0.016104
119 21.993614 -0.000005 -0.000061 0.010783 -0.031503 -0.008856
120 22.563789 -0.000012 0.000000 0.071299 -0.293490 0.076133
121 22.643349 0.000000 -0.000031 0.039095 0.086425 0.109118
122 22.238052 -0.000008 -0.000038 -0.016141 0.092863 0.104036
123 -1.634338 -9.854567 8.052346 0.714077 -0.292095 -0.280759
124 22.205299 0.000001 -0.000015 0.042841 -0.006102 -0.020254
125 22.804390 -0.000005 -0.000038 0.015104 -0.032109 -0.009839
126 23.051666 0.000002 0.000000 0.057099 -0.362086 0.049083
127 22.939976 0.000003 -0.000038 0.023442 0.010372 0.077438
128 22.472069 0.000005 -0.000031 -0.021196 0.008076 0.082297
129 -1.616135 -5.333254 10.147437 0.347094 -0.374743 -0.146641
130 23.451309 -0.000000 -0.000023 0.027042 -0.001892 -0.012901
131 23.608025 -0.000003 -0.000031 0.010074 -0.033600 -0.006040
132 23.536224 0.000000 -0.000031 0.041383 -0.410844 0.006235
133 23.233959 0.000005 0.000015 0.020360 -0.042960 0.026698
134 22.703671 0.000006 -0.000015 -0.001707 -0.048177 0.033752
135 -1.614517 -0.000000 10.883349 -0.000000 -0.400842 0.000000
136 23.962143 0.000001 -0.000046 0.000000 -0.000699 0.000000
137 23.938957 -0.000003 0.000008 -0.000143 -0.034902 0.000832
138 23.736031 -0.000003 -0.000031 0.024032 -0.253925 -0.039674
139 23.354977 0.000006 -0.000046 0.021249 -0.067264 -0.032438
140 22.798935 -0.000008 -0.000031 0.026706 -0.071864 -0.029080
141 -1.616135 5.333250 10.147422 -0.347094 -0.374742 0.146641
142 23.451309 -0.000005 0.000000 -0.027042 -0.001892 0.012901
143 23.608025 -0.000002 -0.000038 -0.009893 -0.035377 0.007875
144 23.536247 -0.000000 -0.000015 0.005664 -0.431443 -0.095176
145 23.233971 -0.000014 -0.000038 0.021333 -0.061215 -0.096441
146 22.703671 0.000014 -0.000015 0.052400 -0.063371 -0.093702
147 -1.634338 9.854565 8.052344 -0.714078 -0.292096 0.280760
148 22.205254 0.000003 -0.000008 -0.042841 -0.006101 0.020254
149 22.804451 0.000002 -0.000076 -0.014342 -0.035515 0.010513
150 23.051636 -0.000007 0.000000 -0.016126 -0.401726 -0.144526
151 22.939976 -0.000001 -0.000031 0.007492 -0.026080 -0.153985
152 22.472073 0.000006 -0.000053 0.061512 -0.022467 -0.160595
153 -1.699203 12.875607 4.918525 -1.116385 -0.148284 0.380891
154 20.938591 0.000019 0.000000 -0.034482 -0.012973 0.016104
155 21.993591 -0.000005 -0.000061 -0.012521 -0.003068 0.005924
156 22.563812 0.000001 -0.000015 -0.041748 -0.348015 -0.180981
157 22.643353 0.000008 -0.000038 -0.025129 0.033298 -0.197840
158 22.238033 -0.000004 -0.000015 0.034503 0.044832 -0.205773
159 -1.833771 13.936458 1.224504 -1.552447 0.040994 0.420999
160 20.406960 0.000005 -0.000038 -0.000000 -0.016932 -0.000000
161 21.655510 0.000009 -0.000015 -0.000000 -0.003038 0.000000
162 22.360664 0.000002 -0.000023 -0.066399 -0.278597 -0.197130
163 22.519665 0.000006 -0.000023 -0.072617 0.105128 -0.219892
164 22.140377 0.000008 -0.000008 -0.034142 0.123792 -0.201555
165 -1.972565 12.875609 -3.614555 -1.827109 0.155326 0.386830
166 20.655167 0.000007 -0.000015 0.014659 -0.017050 -0.006451
167 21.762260 0.000003 -0.000031 0.000412 -0.038806 0.003791
168 22.392151 0.000011 -0.000023 -0.084863 -0.232460 -0.189173
169 22.541332 0.000008 -0.000023 -0.115459 0.150997 -0.225746
170 22.217503 0.000008 -0.000023 -0.095748 0.171591 -0.203680
171 -1.967316 9.854567 -7.722432 -2.161803 0.248066 0.289766
172 21.272736 0.000003 -0.000008 0.025990 -0.015445 -0.009916
173 22.032516 0.000022 -0.000053 -0.000210 -0.041957 0.003458
174 22.475670 0.000002 -0.000015 -0.087192 -0.183416 -0.173562
175 22.598721 0.000004 -0.000008 -0.132851 0.196783 -0.207011
176 22.407974 0.000015 -0.000023 -0.119927 0.214192 -0.172196
177 -1.900833 5.333252 -10.470076 -2.601403 0.305546 0.153178
178 21.914322 0.000006 -0.000019 0.024266 -0.010747 -0.007792
179 22.319839 -0.000009 0.000000 -0.000865 -0.043727 0.002177
180 22.569626 -0.000002 -0.000015 -0.066339 -0.130744 -0.139886
181 22.663212 0.000022 -0.000015 -0.110287 0.243067 -0.164502
182 22.604527 0.000019 -0.000023 -0.100020 0.248211 -0.133824
183 -1.865570 -0.000002 -11.435440 -3.141592 0.324581 -0.000000
184 22.186691 -0.000004 -0.000008 0.000000 -0.007676 0.000000
185 22.443718 -0.000003 -0.000008 -0.000380 -0.043209 -0.000394
186 22.611542 -0.000005 -0.000023 -0.014884 -0.092723 -0.079453
187 22.692009 0.000005 0.000000 -0.034465 0.277326 -0.084905
188 22.687653 0.000010 -0.000008 -0.039898 0.273589 -0.087095
189 -1.900833 -5.333257 -10.470070 2.601403 0.305546 -0.153178
190 21.914345 0.000008 -0.000015 -0.024267 -0.010746 0.007792
191 22.319824 -0.000020 -0.000004 0.000366 -0.041124 -0.002734
192 22.569626 0.000008 -0.000038 0.043745 -0.096185 -0.013856
193 22.663239 -0.000018 0.000000 0.043841 0.279925 -0.005349
194 22.604530 0.000003 0.000000 0.033725 0.280671 -0.019058
195 -1.967285 -9.854565 -7.722440 2.161803 0.248066 -0.289766
196 21.272720 -0.000016 -0.000015 -0.025990 -0.015445 0.009916
197 22.032478 0.000004 -0.000031 -0.000084 -0.037790 -0.003555
198 22.475693 -0.000005 -0.000031 0.074943 -0.129258 0.034503
199 22.598713 0.000004 -0.000015 0.082211 0.255549 0.054088
200 22.407982 -0.000016 -0.000023 0.077102 0.269800 0.036271
201 -1.972565 -12.875609 -3.614562 1.827110 0.155326 -0.386831
202 20.655182 0.000010 -0.000023 -0.014659 -0.017050 0.006451
203 21.762276 -0.000007 -0.000008 -0.001045 -0.033933 -0.003694
204 22.392166 -0.000004 -0.000038 0.084007 -0.170949 0.062012
205 22.541336 -0.000007 -0.000023 0.083473 0.217262 0.089694
206 22.217505 -0.000004 -0.000015 0.067515 0.238142 0.080461
207 0.059621 0.456168 0.250107 0.000000 -0.000000 0.000000
208 0.059621 0.456168 0.250107 0.000000 -0.000000 0.000000
time 13
  0 0.059621 0.456168 0.250107 0.000000 -0.000000 0.000000
  1 0.059621 0.456168 0.250107 0.000000 -0.000000 0.000000
  2 0.059621 0.456168 0.250107 0.000000 -0.000000 0.000000
  3 0.059621 0.456168 0.250107 0.000000 -0.000000 0.000000
  4 0.059621 0.456168 0.250107 0.000000 -0.000000 0.000000
  5 0.059621 0.456168 0.250107 0.000000 -0.000000 0.000000
  6 0.059621 0.456168 0.250107 0.000000 -0.000000 0.000000
  7 0.059621 0.456168 0.250107 0.000000 -0.000000 0.000000
  8 0.059621 0.456168 0.250107 0.000000 -0.000000 0.000000
  9 0.059621 0.456168 0.250107 0.000000 -0.000000 0.000000
 10 38.813942 -55.047112 133.244034 -1.271275 -0.040683 0.372953
 11 24.668251 0.000015 -0.000038 1.039643 -0.258120 -0.078743
 12 30.380135 0.000000 0.000015 1.648269 0.270635 0.350700
 13 19.902086 0.000000 -0.000008 0.002198 -0.156657 -0.048619
 14 -3.912296 65.349831 107.458252 -1.053082 3.060598 0.272486
 15 35.349510 0.000015 0.000015 -1.290060 -0.154549 -0.171093
 16 37.124321 -0.000019 -0.000023 -1.010162 0.478977 0.473187
 17 0.059621 0.456168 0.250107 0.064768 -0.005215 -0.156772
 18 0.059621 0.456168 98.945770 1.570796 1.570796 0.000000
 19 -65.799545 -0.000020 1.142855 0.000000 0.000515 3.141077
 20 11.181580 0.005760 -0.002411 0.000000 0.254797 0.000515
 21 27.835159 -0.000000 0.000015 -3.141592 -0.129896 -0.000000
 22 5.330383 -0.000001 -0.000002 -3.069890 -0.006842 -0.104473
 23 10.134888 -4.133394 3.834198 -0.454270 -0.982270 -2.754329
 24 10.134888 4.133394 3.834198 0.454289 -0.982265 2.754313
 25 22.592377 0.000004 17.467117 -0.000010 2.956431 0.000000
 26 21.199997 -7.744013 14.169518 -0.644457 -0.154503 -3.025319
 27 18.142029 -13.440229 7.965775 1.244760 -0.321687 3.031352
 28 21.199982 7.744015 14.169498 0.644460 -0.154503 3.025318
 29 18.141998 13.440228 7.965775 -0.316157 -0.180196 -3.082644
 30 11.858871 -13.359999 3.526512 1.542249 3.132957 0.174415
 31 9.463287 -16.404871 -2.906044 1.542282 3.132901 0.176490
 32 9.125244 -10.885477 -11.371326 0.000496 2.962373 0.000256
 33 11.858856 13.359999 3.526470 -1.542248 3.132957 -0.174414
 34 9.463257 16.404860 -2.906025 -1.542281 3.132900 -0.176490
 35 9.125275 10.885468 -11.371307 -0.000492 2.962373 0.000256
 36 9.023239 -0.000006 -17.296175 0.000180 -0.167048 -3.141356
 37 12.691406 -0.000004 -19.438765 0.000000 2.363655 0.000000
 38 10.989426 0.000004 0.000000 0.000000 0.397939 0.000000
 39 12.871460 -10.586842 -15.652473 1.139363 2.792774 0.631813
 40 10.727005 0.000010 -0.000015 -0.045773 0.386823 -0.001078
 41 12.871460 10.586837 -15.652473 -1.139362 2.792774 -0.631812
 42 10.726990 -0.000024 0.000031 0.045773 0.386822 0.001078
 43 12.847229 -17.570082 -4.701340 1.371677 2.942463 0.761339
 44 11.496490 0.000008 -0.000015 -0.094606 0.425133 0.001421
 45 12.847183 17.570076 -4.701359 -1.371676 2.942462 -0.761339
 46 11.496475 -0.000001 0.000000 0.094606 0.425133 -0.001421
 47 28.485962 0.000004 16.460358 -0.000001 -0.189282 0.000000
 48 23.052750 -6.207911 -0.077290 -1.470206 0.035100 -1.833545
 49 9.436901 -0.000008 -0.000015 0.010287 0.707380 0.003503
 50 31.269341 0.000010 -0.000023 -0.006701 -0.094578 0.008666
 51 28.756516 0.000008 -0.000031 -0.001117 -0.011392 0.001416
 52 2.251991 -2.464409 -1.141647 0.481305 0.508197 -0.319329
 53 3.674049 -0.000013 0.000008 -0.277611 0.179024 0.194713
 54 3.614708 0.000012 0.000008 0.013156 0.193871 -0.001558
 55 9.035507 -2.494944 0.484558 -0.001362 0.302449 0.001673
 56 2.943573 0.000002 -0.000023 0.010585 0.293657 -0.007800
 57 2.649429 0.000002 0.000008 -0.006498 0.303243 0.008512
 58 9.093613 -0.386671 0.647705 0.020190 0.475379 -0.012607
 59 3.451897 0.000000 0.000000 -0.014209 0.528778 0.009212
 60 2.898178 0.000000 0.000034 -0.000683 0.490858 0.000916
 61 8.894592 1.605852 0.371887 -0.000566 0.547851 0.000704
 62 3.130394 0.000000 0.000038 0.003896 0.567158 -0.005064
 63 2.629532 0.000000 -0.000038 0.004892 0.544388 -0.006589
 64 8.470612 3.459526 0.131500 -0.021715 0.541478 0.011456
 65 2.410271 0.000000 -0.000046 0.022815 0.529939 -0.013321
 66 2.000793 0.000006 0.000004 -0.005415 0.533618 0.007402
 67 23.052765 6.207910 -0.077309 1.481823 0.058643 2.080206
 68 9.436890 0.000017 -0.000015 0.151662 0.418551 0.413166
 69 31.269348 -0.000015 -0.000038 0.149502 0.253904 1.878168
 70 28.756500 0.000000 0.000015 0.280784 0.296910 0.004443
 71 2.251896 2.464417 -1.141563 -0.513217 0.249535 0.112914
 72 3.674084 0.000008 -0.000031 0.331388 -0.059506 -0.325011
 73 3.614677 0.000015 0.000015 0.067360 -0.216133 -0.086857
 74 9.035416 2.494949 0.484428 0.001362 -0.011534 -0.001673
 75 2.943558 0.000015 -0.000023 -0.011498 -0.020268 0.014556
 76 2.649445 0.000000 0.000031 0.006498 -0.010740 -0.008512
 77 9.093689 0.386673 0.647781 -0.018031 0.093461 0.020165
 78 3.451866 0.000000 0.000015 0.014953 0.008589 -0.019838
 79 2.898205 -0.000015 -0.000015 0.000683 -0.029445 -0.000917
 80 8.894421 -1.605835 0.371918 0.000566 0.090541 -0.000704
 81 3.130432 0.000000 -0.000031 -0.003896 -0.009289 0.005063
 82 2.629520 0.000015 0.000015 -0.004892 -0.032059 0.006589
 83 8.470608 -3.459518 0.131393 0.018786 0.137518 -0.020073
 84 2.410271 0.000015 -0.000008 -0.024238 -0.029075 0.031299
 85 2.000755 0.000000 0.000031 0.005415 -0.025697 -0.007402
 86 9.832348 1.463058 -1.299423 0.016522 -0.031798 -0.020624
 87 25.040588 -5.670405 5.432793 -1.324775 -0.238026 -2.082442
 88 28.779694 -6.856310 -0.811424 -1.465500 0.013412 -1.671921
 89 29.182297 -3.955567 -4.961960 0.912204 2.519755 0.556096
 90 25.040573 5.670407 5.432755 1.319564 -0.412208 2.129037
 91 28.779739 6.856310 -0.811405 1.465500 0.013413 1.671925
 92 29.182266 3.955564 -4.961941 -0.912204 2.519753 -0.556097
 93 -65.335663 -0.000020 1.140918 -3.141591 0.044911 0.000000
 94 26.290924 -12.205288 1.157882 -2.071447 -0.017454 0.065112
 95 49.071030 0.000008 0.000009 2.179705 0.127556 -0.112856
 96 61.871315 -0.000015 -0.000019 3.080256 0.672597 0.035641
 97 26.290924 12.205295 1.157842 2.044502 0.127786 -0.159169
 98 49.071060 0.000004 -0.000038 -2.187262 0.154733 0.063501
 99 61.871307 0.000023 -0.000027 -2.944714 0.642381 0.102745
100 -0.698059 -11.192116 -8.252763 1.293390 -0.090093 -0.807205
101 20.568237 -0.000004 -0.000008 0.009984 0.411463 -0.146896
102 0.223785 -5.734809 -12.929605 -2.942427 0.677770 0.119628
103 20.803558 0.000001 -0.000023 0.066814 0.227538 -0.016651
104 -1.040009 -3.033968 12.140509 1.554517 0.104601 -1.288764
105 -1.039993 3.034004 12.140501 -1.554518 0.104604 1.288764
106 4.165451 -5.407045 12.088390 0.854937 -0.629941 -0.629908
107 16.599442 0.000000 -0.000031 -0.047935 -0.051683 0.045016
108 4.165482 5.407080 12.088381 -0.751310 -0.466341 0.432177
109 16.599380 0.000012 -0.000031 0.046209 0.182647 -0.031973
110 6.428391 0.000001 -0.288944 -0.000001 -0.000000 -0.000000
111 -1.833771 -13.936461 1.224504 1.552448 0.040995 -0.420999
112 20.406944 -0.000002 -0.000015 0.000000 -0.016932 0.000000
113 21.655495 -0.000002 -0.000015 -0.002200 -0.034162 -0.003864
114 22.360672 -0.000002 -0.000031 0.078757 -0.219339 0.078585
115 22.519661 -0.000006 -0.000015 0.063720 0.187385 0.110956
116 22.140392 -0.000011 -0.000031 0.021895 0.204926 0.098594
117 -1.699203 -12.875612 4.918509 1.116385 -0.148284 -0.380891
118 20.938614 0.000013 0.000000 0.034482 -0.012972 -0.016104
119 21.993614 -0.000005 -0.000053 0.010531 -0.033531 -0.009280
120 22.563805 -0.000011 -0.000015 0.071109 -0.295498 0.075598
121 22.643349 0.000001 -0.000031 0.039128 0.104732 0.109494
122 22.238052 -0.000008 -0.000031 -0.016104 0.111163 0.103176
123 -1.634338 -9.854568 8.052346 0.714077 -0.292095 -0.280759
124 22.205292 0.000001 -0.000023 0.042841 -0.006102 -0.020254
125 22.804390 -0.000005 -0.000046 0.014913 -0.033954 -0.010126
126 23.051666 0.000004 -0.000008 0.056960 -0.363921 0.048700
127 22.939968 0.000006 -0.000053 0.023442 0.028687 0.077652
128 22.472065 0.000003 -0.000038 -0.021127 0.026376 0.081458
129 -1.616135 -5.333253 10.147437 0.347094 -0.374743 -0.146641
130 23.451302 -0.000000 -0.000023 0.027042 -0.001892 -0.012901
131 23.608017 -0.000003 -0.000031 0.009964 -0.035339 -0.006158
132 23.536224 -0.000002 -0.000038 0.041302 -0.412582 0.006049
133 23.233967 -0.000000 0.000015 0.020347 -0.024643 0.026903
134 22.703671 0.000004 -0.000023 -0.001707 -0.029857 0.033752
135 -1.614517 -0.000000 10.883349 -0.000000 -0.400842 0.000000
136 23.962135 0.000001 -0.000038 0.000000 -0.000699 -0.000000
137 23.938965 -0.000003 0.000008 -0.000163 -0.036613 0.000887
138 23.736038 -0.000003 -0.000031 0.023916 -0.235609 -0.039328
139 23.354977 0.000006 -0.000046 0.021105 -0.048953 -0.031960
140 22.798931 -0.000009 -0.000031 0.026666 -0.053550 -0.028590
141 -1.616135 5.333251 10.147422 -0.347094 -0.374742 0.146641
142 23.451309 -0.000006 -0.000008 -0.027042 -0.001892 0.012901
143 23.608025 -0.000002 -0.000038 -0.009832 -0.037133 0.008097
144 23.536255 -0.000000 -0.000023 0.005681 -0.433199 -0.094947
145 23.233978 -0.000016 -0.000038 0.021305 -0.042899 -0.096050
146 22.703663 0.000016 -0.000023 0.052330 -0.045076 -0.092743
147 -1.634338 9.854564 8.052344 -0.714078 -0.292096 0.280760
148 22.205254 0.000003 -0.000008 -0.042841 -0.006101 0.020254
149 22.804451 0.000002 -0.000076 -0.014214 -0.037391 0.010898
150 23.051636 -0.000007 0.000000 -0.016054 -0.403593 -0.144107
151 22.939964 -0.000002 -0.000015 0.007492 -0.007760 -0.153985
152 22.472065 0.000001 -0.000046 0.061111 -0.004257 -0.158609
153 -1.699203 12.875607 4.918525 -1.116385 -0.148284 0.380891
154 20.938591 0.000019 -0.000008 -0.034482 -0.012973 0.016104
155 21.993591 -0.000005 -0.000061 -0.012521 -0.003068 0.005924
156 22.563812 0.000001 -0.000015 -0.041635 -0.350062 -0.180429
157 22.643353 0.000013 -0.000046 -0.025140 0.051613 -0.198082
158 22.238041 0.000002 -0.000023 0.034348 0.063070 -0.204044
159 -1.833771 13.936457 1.224504 -1.552447 0.040994 0.420999
160 20.406975 0.000005 -0.000046 -0.000000 -0.016932 -0.000000
161 21.655518 0.000009 -0.000015 -0.000000 -0.003038 0.000000
162 22.360657 0.000002 -0.000015 -0.066239 -0.280872 -0.196495
163 22.519665 0.000004 -0.000015 -0.072716 0.123401 -0.220714
164 22.140373 0.000004 0.000000 -0.034059 0.142107 -0.201113
165 -1.972565 12.875608 -3.614555 -1.827109 0.155326 0.386830
166 20.655182 0.000007 -0.000015 0.014659 -0.017050 -0.006451
167 21.762260 0.000003 -0.000023 0.000583 -0.041284 0.004290
168 22.392166 0.000010 -0.000023 -0.084688 -0.234892 -0.188487
169 22.541344 0.000013 -0.000031 -0.115679 0.169199 -0.227246
170 22.217503 0.000008 -0.000015 -0.095531 0.189895 -0.204041
171 -1.967316 9.854566 -7.722432 -2.161803 0.248066 0.289766
172 21.272736 0.000003 -0.000008 0.025990 -0.015445 -0.009916
173 22.032516 0.000022 -0.000046 -0.000101 -0.044602 0.003879
174 22.475662 0.000002 -0.000015 -0.087044 -0.186027 -0.172936
175 22.598705 0.000006 -0.000008 -0.133207 0.214947 -0.208815
176 22.407978 0.000019 -0.000015 -0.120287 0.232385 -0.173784
177 -1.900833 5.333252 -10.470076 -2.601403 0.305546 0.153178
178 21.914322 0.000006 -0.000023 0.024266 -0.010747 -0.007792
179 22.319847 -0.000009 -0.000008 -0.000834 -0.046531 0.002427
180 22.569626 -0.000002 -0.000023 -0.066250 -0.133534 -0.139467
181 22.663219 0.000023 -0.000031 -0.110690 0.261279 -0.166020
182 22.604527 0.000019 -0.000023 -0.100421 0.266442 -0.135188
183 -1.865585 -0.000002 -11.435440 -3.141592 0.324581 -0.000000
184 22.186676 -0.000004 -0.000015 0.000000 -0.007676 0.000000
185 22.443718 -0.000003 -0.000011 -0.000434 -0.046083 -0.000421
186 22.611542 -0.000005 -0.000015 -0.014898 -0.095600 -0.079444
187 22.692017 0.000005 0.000000 -0.034639 0.295635 -0.085315
188 22.687656 0.000010 -0.000004 -0.039890 0.291907 -0.087242
189 -1.900833 -5.333257 -10.470070 2.601403 0.305546 -0.153178
190 21.914345 0.000008 -0.000015 -0.024267 -0.010746 0.007792
191 22.319832 -0.000020 -0.000008 0.000226 -0.043904 -0.003026
192 22.569626 0.000007 -0.000031 0.043617 -0.098965 -0.014227
193 22.663223 -0.000018 0.000000 0.043956 0.298229 -0.004539
194 22.604523 0.000002 0.000004 0.033817 0.298981 -0.018434
195 -1.967285 -9.854566 -7.722440 2.161803 0.248066 -0.289766
196 21.272705 -0.000016 -0.000008 -0.025990 -0.015445 0.009916
197 22.032478 0.000004 -0.000031 -0.000298 -0.040395 -0.003991
198 22.475693 -0.000006 -0.000038 0.074737 -0.131849 0.033918
199 22.598705 0.000002 -0.000023 0.082404 0.273811 0.055300
200 22.407990 -0.000017 -0.000008 0.077294 0.288070 0.037387
201 -1.972565 -12.875610 -3.614562 1.827110 0.155326 -0.386831
202 20.655182 0.000010 -0.000031 -0.014659 -0.017050 0.006451
203 21.762276 -0.000007 -0.000015 -0.001309 -0.036365 -0.004178
204 22.392166 -0.000005 -0.000031 0.083766 -0.173355 0.061372
205 22.541336 -0.000008 -0.000031 0.083648 0.235522 0.090847
206 22.217506 -0.000004 -0.000008 0.067672 0.256423 0.081325
207 0.059621 0.456168 0.250107 0.000000 -0.000000 0.000000
208 0.059621 0.456168 0.250107 0.000000 -0.000000 0.000000
time 14
  0 0.059621 0.456168 0.250107 0.000000 -0.000000 0.000000
  1 0.059621 0.456168 0.250107 0.000000 -0.000000 0.000000
  2 0.059621 0.456168 0.250107 0.000000 -0.000000 0.000000
  3 0.059621 0.456168 0.250107 0.000000 -0.000000 0.000000
  4 0.059621 0.456168 0.250107 0.000000 -0.000000 0.000000
  5 0.059621 0.456168 0.250107 0.000000 -0.000000 0.000000
  6 0.059621 0.456168 0.250107 0.000000 -0.000000 0.000000
  7 0.059621 0.456168 0.250107 0.000000 -0.000000 0.000000
  8 0.059621 0.456168 0.250107 0.000000 -0.000000 0.000000
  9 0.059621 0.456168 0.250107 0.000000 -0.000000 0.000000
 10 31.242805 -58.618637 132.461502 -1.272412 -0.039192 0.201164
 11 24.668247 0.000015 -0.000038 1.038051 -0.241117 -0.083879
 12 30.380138 0.000008 0.000008 1.641617 0.290301 0.297901
 13 19.902082 -0.000008 -0.000015 0.004143 -0.189035 -0.058544
 14 7.203612 63.712421 107.458252 -1.036006 2.998202 0.184460
 15 35.349514 0.000008 0.000015 -1.285780 -0.163843 -0.165516
 16 37.124329 -0.000019 -0.000038 -1.012264 0.471452 0.426329
 17 0.059621 0.456168 0.250107 0.064768 -0.005215 -0.156772
 18 0.059621 0.456168 100.082939 1.570796 1.570796 0.000000
 19 -65.799538 -0.000020 1.142855 0.000000 0.000515 3.141077
 20 11.181580 0.005760 -0.002411 0.000000 0.254797 0.000515
 21 27.835175 -0.000000 0.000015 -3.141592 -0.129896 -0.000000
 22 5.330383 -0.000001 0.000000 -3.069802 -0.006185 -0.113645
 23 10.134888 -4.133396 3.834202 -0.444673 -0.968795 -2.765935
 24 10.134872 4.133396 3.834202 0.444691 -0.968790 2.765919
 25 22.592346 0.000004 17.467113 -0.000010 2.956431 0.000000
 26 21.199982 -7.744013 14.169521 -0.644457 -0.154503 -3.025319
 27 18.142029 -13.440229 7.965776 1.246647 -0.337981 3.025445
 28 21.199951 7.744017 14.169502 0.644460 -0.154503 3.025318
 29 18.141998 13.440230 7.965775 -0.316157 -0.180196 -3.082644
 30 11.858856 -13.360003 3.526514 1.542249 3.132957 0.174415
 31 9.463287 -16.404867 -2.906044 1.542282 3.132901 0.176490
 32 9.125244 -10.885473 -11.371326 0.000496 2.962373 0.000256
 33 11.858841 13.360000 3.526474 -1.542248 3.132957 -0.174414
 34 9.463257 16.404861 -2.906023 -1.542281 3.132900 -0.176490
 35 9.125259 10.885469 -11.371305 -0.000492 2.962373 0.000256
 36 9.023224 -0.000004 -17.296173 0.000180 -0.167048 -3.141356
 37 12.691406 -0.000006 -19.438765 0.000000 2.346433 0.000000
 38 10.989410 0.000006 -0.000015 0.000000 0.428641 0.000000
 39 12.871460 -10.586840 -15.652473 1.145097 2.785519 0.648456
 40 10.727020 0.000008 -0.000031 -0.045828 0.417501 -0.002474
 41 12.871460 10.586836 -15.652472 -1.145097 2.785519 -0.648455
 42 10.726990 -0.000025 0.000015 0.045829 0.417500 0.002474
 43 12.847229 -17.570082 -4.701338 1.375110 2.939030 0.778562
 44 11.496490 0.000011 -0.000031 -0.094832 0.455716 -0.001489
 45 12.847183 17.570076 -4.701359 -1.375109 2.939029 -0.778561
 46 11.496475 -0.000001 -0.000015 0.094831 0.455716 0.001489
 47 28.485947 0.000004 16.460361 -0.000001 -0.206504 0.000000
 48 23.052750 -6.207911 -0.077290 -1.470206 0.035100 -1.833545
 49 9.436905 -0.000008 0.000000 0.010287 0.710952 0.003503
 50 31.269356 0.000011 -0.000023 -0.006701 -0.106382 0.008666
 51 28.756523 0.000008 -0.000031 -0.001117 -0.017184 0.001416
 52 2.251984 -2.464409 -1.141663 0.481305 0.508197 -0.319329
 53 3.674042 -0.000011 0.000015 -0.277611 0.179024 0.194713
 54 3.614700 0.000011 -0.000008 0.013156 0.193871 -0.001558
 55 9.035507 -2.494946 0.484528 -0.001362 0.302449 0.001673
 56 2.943573 0.000000 -0.000015 0.010585 0.293657 -0.007800
 57 2.649429 0.000002 0.000008 -0.006498 0.303243 0.008512
 58 9.093613 -0.386671 0.647690 0.020190 0.475380 -0.012607
 59 3.451897 0.000002 0.000000 -0.014209 0.528778 0.009212
 60 2.898163 0.000000 0.000031 -0.000683 0.490858 0.000916
 61 8.894585 1.605852 0.371887 -0.000566 0.547851 0.000704
 62 3.130424 0.000002 0.000038 0.003896 0.567158 -0.005064
 63 2.629532 0.000000 -0.000042 0.004892 0.544388 -0.006589
 64 8.470627 3.459528 0.131470 -0.021715 0.541478 0.011456
 65 2.410271 0.000002 -0.000053 0.022815 0.529939 -0.013321
 66 2.000793 0.000004 0.000008 -0.005415 0.533618 0.007402
 67 23.052765 6.207910 -0.077309 1.481823 0.058643 2.080206
 68 9.436897 0.000019 -0.000031 0.151662 0.418551 0.413166
 69 31.269348 -0.000008 -0.000038 0.119891 0.248687 1.875679
 70 28.756500 0.000000 0.000000 0.275657 0.266601 -0.008494
 71 2.251896 2.464432 -1.141563 -0.513217 0.249535 0.112914
 72 3.674088 0.000008 -0.000031 0.331388 -0.059506 -0.325011
 73 3.614674 0.000008 0.000015 0.067360 -0.216133 -0.086857
 74 9.035416 2.494965 0.484428 0.001362 -0.011534 -0.001673
 75 2.943573 0.000031 -0.000023 -0.011497 -0.020268 0.014556
 76 2.649437 -0.000015 0.000023 0.006498 -0.010740 -0.008512
 77 9.093689 0.386688 0.647781 -0.018031 0.093461 0.020165
 78 3.451862 -0.000008 0.000000 0.014953 0.008589 -0.019838
 79 2.898201 -0.000015 -0.000015 0.000683 -0.029445 -0.000917
 80 8.894409 -1.605850 0.371902 0.000566 0.090541 -0.000704
 81 3.130428 0.000000 -0.000061 -0.003896 -0.009289 0.005063
 82 2.629524 0.000000 0.000015 -0.004892 -0.032059 0.006589
 83 8.470604 -3.459518 0.131386 0.018786 0.137518 -0.020073
 84 2.410278 0.000015 0.000000 -0.024238 -0.029075 0.031299
 85 2.000759 0.000015 0.000031 0.005415 -0.025697 -0.007402
 86 9.832352 1.463089 -1.299431 0.016523 -0.031798 -0.020624
 87 25.040588 -5.670405 5.432793 -1.326194 -0.239503 -2.076413
 88 28.779694 -6.856310 -0.811420 -1.465418 0.012777 -1.665911
 89 29.182297 -3.955566 -4.961964 0.915614 2.516045 0.561960
 90 25.040558 5.670407 5.432751 1.322119 -0.413719 2.122653
 91 28.779739 6.856310 -0.811401 1.465418 0.012778 1.665915
 92 29.182297 3.955564 -4.961941 -0.915614 2.516043 -0.561961
 93 -65.335655 -0.000020 1.140918 -3.141591 0.044911 0.000000
 94 26.290924 -12.205288 1.157882 -2.071447 -0.017454 0.065112
 95 49.071014 0.000008 0.000010 2.179705 0.127556 -0.112856
 96 61.871311 -0.000015 -0.000019 3.080256 0.672597 0.035641
 97 26.290924 12.205295 1.157841 2.044502 0.127786 -0.159169
 98 49.071060 0.000003 -0.000034 -2.187262 0.154733 0.063501
 99 61.871304 0.000022 -0.000028 -2.944714 0.642381 0.102744
100 -0.698059 -11.192116 -8.252762 1.294231 -0.092423 -0.815521
101 20.568230 -0.000004 -0.000008 0.009964 0.423754 -0.146751
102 0.223785 -5.734809 -12.929604 -2.940886 0.686185 0.121959
103 20.803574 0.000002 -0.000031 0.066829 0.238507 -0.015894
104 -1.040009 -3.033968 12.140511 1.554517 0.104601 -1.288764
105 -1.039993 3.034004 12.140501 -1.554518 0.104604 1.288764
106 4.165451 -5.407045 12.088390 0.854937 -0.629941 -0.629908
107 16.599434 0.000000 -0.000031 -0.047935 -0.051683 0.045016
108 4.165482 5.407080 12.088381 -0.751357 -0.466416 0.432433
109 16.599380 0.000008 -0.000023 0.046213 0.182441 -0.031985
110 6.428391 0.000001 -0.288944 -0.000001 -0.000000 0.000000
111 -1.833771 -13.936461 1.224504 1.552447 0.040995 -0.420999
112 20.406960 -0.000002 -0.000015 0.000000 -0.016932 0.000000
113 21.655487 -0.000003 -0.000008 -0.002487 -0.036387 -0.004368
114 22.360672 -0.000003 -0.000023 0.078509 -0.221531 0.077945
115 22.519650 -0.000006 -0.000023 0.063816 0.205251 0.111679
116 22.140377 -0.000008 -0.000031 0.021895 0.222827 0.098594
117 -1.699203 -12.875612 4.918509 1.116385 -0.148284 -0.380891
118 20.938599 0.000013 0.000008 0.034482 -0.012972 -0.016104
119 21.993614 -0.000006 -0.000053 0.010272 -0.035495 -0.009717
120 22.563797 -0.000012 0.000000 0.070913 -0.297439 0.075046
121 22.643345 -0.000004 -0.000031 0.039158 0.122620 0.109822
122 22.238052 -0.000011 -0.000031 -0.016070 0.129045 0.102336
123 -1.634338 -9.854568 8.052346 0.714077 -0.292095 -0.280759
124 22.205299 0.000000 -0.000023 0.042841 -0.006102 -0.020254
125 22.804390 -0.000005 -0.000046 0.014717 -0.035716 -0.010423
126 23.051659 0.000001 -0.000008 0.056816 -0.365674 0.048306
127 22.939976 0.000003 -0.000046 0.023442 0.046583 0.077836
128 22.472061 -0.000002 -0.000031 -0.021066 0.044259 0.080638
129 -1.616135 -5.333253 10.147437 0.347094 -0.374742 -0.146641
130 23.451302 -0.000001 -0.000015 0.027042 -0.001892 -0.012901
131 23.608025 -0.000004 -0.000031 0.009852 -0.036983 -0.006280
132 23.536224 -0.000000 -0.000038 0.041219 -0.414224 0.005857
133 23.233967 0.000005 0.000008 0.020332 -0.006745 0.027084
134 22.703678 0.000010 -0.000023 -0.001707 -0.011955 0.033752
135 -1.614517 -0.000000 10.883349 -0.000000 -0.400842 0.000000
136 23.962135 0.000001 -0.000038 0.000000 -0.000699 0.000000
137 23.938965 -0.000003 0.000015 -0.000185 -0.038219 0.000940
138 23.736023 -0.000003 -0.000023 0.023801 -0.217713 -0.039003
139 23.354973 0.000006 -0.000038 0.020963 -0.031060 -0.031504
140 22.798939 -0.000008 -0.000031 0.026627 -0.035655 -0.028112
141 -1.616135 5.333251 10.147422 -0.347094 -0.374742 0.146641
142 23.451309 -0.000005 -0.000008 -0.027042 -0.001892 0.012901
143 23.608025 -0.000002 -0.000038 -0.009774 -0.038778 0.008316
144 23.536255 -0.000000 -0.000023 0.005698 -0.434846 -0.094710
145 23.233978 -0.000016 -0.000038 0.021278 -0.025001 -0.095668
146 22.703667 0.000017 -0.000015 0.052261 -0.027199 -0.091805
147 -1.634338 9.854564 8.052344 -0.714077 -0.292096 0.280760
148 22.205246 0.000003 0.000000 -0.042841 -0.006101 0.020254
149 22.804451 0.000002 -0.000076 -0.014092 -0.039157 0.011295
150 23.051628 -0.000005 0.000000 -0.015985 -0.405354 -0.143675
151 22.939972 -0.000002 -0.000015 0.007492 0.010141 -0.153986
152 22.472065 0.000006 -0.000031 0.060719 0.013536 -0.156668
153 -1.699203 12.875607 4.918525 -1.116385 -0.148284 0.380891
154 20.938591 0.000020 0.000000 -0.034482 -0.012973 0.016104
155 21.993599 -0.000004 -0.000061 -0.012521 -0.003068 0.005924
156 22.563805 0.000001 -0.000023 -0.041530 -0.352010 -0.179859
157 22.643353 0.000010 -0.000038 -0.025151 0.069508 -0.198292
158 22.238033 0.000002 -0.000015 0.034196 0.080891 -0.202354
159 -1.833771 13.936457 1.224504 -1.552447 0.040994 0.420999
160 20.406944 0.000005 -0.000038 -0.000000 -0.016932 -0.000000
161 21.655502 0.000009 -0.000008 -0.000000 -0.003038 0.000000
162 22.360657 0.000003 -0.000023 -0.066082 -0.283063 -0.195840
163 22.519661 0.000002 -0.000023 -0.072810 0.141256 -0.221458
164 22.140377 0.000004 -0.000008 -0.033980 0.160003 -0.200681
165 -1.972580 12.875608 -3.614555 -1.827109 0.155326 0.386830
166 20.655174 0.000007 -0.000023 0.014659 -0.017050 -0.006451
167 21.762245 0.000004 -0.000015 0.000760 -0.043688 0.004804
168 22.392159 0.000011 -0.000023 -0.084510 -0.237253 -0.187780
169 22.541344 0.000011 -0.000031 -0.115885 0.186985 -0.228641
170 22.217503 0.000008 -0.000015 -0.095318 0.207781 -0.204354
171 -1.967316 9.854566 -7.722432 -2.161803 0.248066 0.289766
172 21.272736 0.000003 0.000000 0.025990 -0.015445 -0.009916
173 22.032516 0.000023 -0.000046 0.000008 -0.047188 0.004314
174 22.475662 0.000002 -0.000008 -0.086897 -0.188580 -0.172289
175 22.598717 0.000002 -0.000015 -0.133542 0.232696 -0.210506
176 22.407976 0.000015 -0.000023 -0.120627 0.250162 -0.175265
177 -1.900848 5.333252 -10.470076 -2.601403 0.305546 0.153178
178 21.914322 0.000007 -0.000019 0.024266 -0.010747 -0.007792
179 22.319839 -0.000008 -0.000004 -0.000805 -0.049295 0.002686
180 22.569626 -0.000002 -0.000015 -0.066165 -0.136284 -0.139036
181 22.663216 0.000019 -0.000023 -0.111074 0.279075 -0.167443
182 22.604523 0.000015 -0.000019 -0.100809 0.284257 -0.136463
183 -1.865585 -0.000002 -11.435440 -3.141592 0.324581 -0.000000
184 22.186676 -0.000004 -0.000008 0.000000 -0.007676 0.000000
185 22.443710 -0.000003 -0.000015 -0.000491 -0.048933 -0.000447
186 22.611534 -0.000005 -0.000015 -0.014913 -0.098454 -0.079436
187 22.692009 0.000004 -0.000008 -0.034810 0.313526 -0.085686
188 22.687656 0.000010 0.000000 -0.039882 0.309806 -0.087368
189 -1.900848 -5.333257 -10.470070 2.601403 0.305546 -0.153178
190 21.914345 0.000008 -0.000015 -0.024267 -0.010746 0.007792
191 22.319832 -0.000020 -0.000004 0.000082 -0.046664 -0.003324
192 22.569633 0.000008 -0.000031 0.043485 -0.101726 -0.014597
193 22.663227 -0.000020 0.000000 0.044057 0.316114 -0.003748
194 22.604527 0.000004 0.000004 0.033898 0.316873 -0.017825
195 -1.967285 -9.854566 -7.722440 2.161803 0.248066 -0.289766
196 21.272705 -0.000016 -0.000008 -0.025990 -0.015445 0.009916
197 22.032471 0.000004 -0.000031 -0.000519 -0.042975 -0.004440
198 22.475693 -0.000007 -0.000038 0.074525 -0.134414 0.033314
199 22.598705 0.000000 -0.000015 0.082572 0.291655 0.056451
200 22.407986 -0.000014 -0.000015 0.077461 0.305921 0.038442
201 -1.972580 -12.875610 -3.614562 1.827110 0.155326 -0.386831
202 20.655182 0.000009 -0.000023 -0.014659 -0.017050 0.006451
203 21.762268 -0.000007 -0.000008 -0.001580 -0.038762 -0.004678
204 22.392166 -0.000005 -0.000038 0.083516 -0.175725 0.060712
205 22.541336 -0.000010 -0.000031 0.083802 0.253364 0.091930
206 22.217503 -0.000006 -0.000008 0.067812 0.274285 0.082127
207 0.059621 0.456168 0.250107 0.000000 -0.000000 0.000000
208 0.059621 0.456168 0.250107 0.000000 -0.000000 0.000000
time 15
  0 0.059621 0.456168 0.250107 0.000000 -0.000000 0.000000
  1 0.059621 0.456168 0.250107 0.000000 -0.000000 0.000000
  2 0.059621 0.456168 0.250107 0.000000 -0.000000 0.000000
  3 0.059621 0.456168 0.250107 0.000000 -0.000000 0.000000
  4 0.059621 0.456168 0.250107 0.000000 -0.000000 0.000000
  5 0.059621 0.456168 0.250107 0.000000 -0.000000 0.000000
  6 0.059621 0.456168 0.250107 0.000000 -0.000000 0.000000
  7 0.059621 0.456168 0.250107 0.000000 -0.000000 0.000000
  8 0.059621 0.456168 0.250107 0.000000 -0.000000 0.000000
  9 0.059621 0.456168 0.250107 0.000000 -0.000000 0.000000
 10 24.328465 -59.887863 132.183411 -1.272816 -0.038662 0.042096
 11 24.668251 0.000015 -0.000042 1.036477 -0.224315 -0.088956
 12 30.380135 0.000008 0.000008 1.634430 0.308938 0.244413
 13 19.902084 0.000000 -0.000015 0.006350 -0.222087 -0.068919
 14 18.387949 61.852882 107.458252 -1.029529 2.974534 0.089357
 15 35.349518 0.000008 0.000011 -1.284259 -0.167146 -0.163535
 16 37.124329 -0.000015 -0.000023 -1.013011 0.463248 0.375111
 17 0.059621 0.456168 0.250107 0.064768 -0.005215 -0.156772
 18 0.059621 0.456168 101.213875 1.570796 1.570796 0.000000
 19 -65.799553 -0.000020 1.142855 0.000000 0.000515 3.141077
 20 11.181580 0.005760 -0.002411 0.000000 0.254797 0.000515
 21 27.835175 -0.000000 0.000019 -3.141592 -0.129896 -0.000000
 22 5.330383 -0.000001 -0.000002 -3.069725 -0.005608 -0.121705
 23 10.134888 -4.133396 3.834200 -0.436719 -0.957058 -2.775639
 24 10.134903 4.133392 3.834200 0.436736 -0.957053 2.775623
 25 22.592361 0.000002 17.467112 -0.000010 2.956431 0.000000
 26 21.199997 -7.744013 14.169519 -0.644457 -0.154503 -3.025319
 27 18.142029 -13.440231 7.965775 1.248513 -0.354081 3.019608
 28 21.199982 7.744015 14.169500 0.644460 -0.154503 3.025318
 29 18.142014 13.440228 7.965775 -0.316157 -0.180196 -3.082644
 30 11.858887 -13.360001 3.526514 1.542249 3.132957 0.174415
 31 9.463287 -16.404869 -2.906044 1.542282 3.132901 0.176490
 32 9.125259 -10.885479 -11.371326 0.000496 2.962373 0.000256
 33 11.858841 13.359999 3.526472 -1.542248 3.132957 -0.174414
 34 9.463272 16.404860 -2.906023 -1.542281 3.132900 -0.176490
 35 9.125259 10.885468 -11.371304 -0.000492 2.962373 0.000256
 36 9.023239 -0.000008 -17.296175 0.000180 -0.167048 -3.141356
 37 12.691406 -0.000006 -19.438761 0.000000 2.329415 0.000000
 38 10.989426 0.000004 0.000000 0.000000 0.448400 0.000000
 39 12.871475 -10.586842 -15.652470 1.150764 2.778350 0.664901
 40 10.727020 0.000010 -0.000015 -0.045864 0.437245 -0.003372
 41 12.871445 10.586834 -15.652468 -1.150764 2.778349 -0.664900
 42 10.726990 -0.000023 0.000000 0.045864 0.437244 0.003372
 43 12.847229 -17.570084 -4.701338 1.378502 2.935638 0.795579
 44 11.496490 0.000011 -0.000031 -0.094977 0.475398 -0.003363
 45 12.847183 17.570076 -4.701359 -1.378501 2.935637 -0.795579
 46 11.496475 0.000000 -0.000015 0.094976 0.475398 0.003363
 47 28.485962 0.000002 16.460360 -0.000001 -0.223522 0.000000
 48 23.052765 -6.207911 -0.077286 -1.470206 0.035100 -1.833545
 49 9.436905 -0.000008 0.000000 0.010287 0.713775 0.003503
 50 31.269333 0.000010 -0.000031 -0.006701 -0.118496 0.008666
 51 28.756523 0.000008 -0.000031 -0.001117 -0.023129 0.001416
 52 2.251999 -2.464409 -1.141647 0.481305 0.508197 -0.319329
 53 3.674057 -0.000011 0.000023 -0.277611 0.179024 0.194713
 54 3.614700 0.000012 -0.000008 0.013156 0.193871 -0.001558
 55 9.035507 -2.494947 0.484573 -0.001362 0.302449 0.001673
 56 2.943565 -0.000002 -0.000008 0.010585 0.293657 -0.007800
 57 2.649437 0.000000 0.000015 -0.006498 0.303243 0.008512
 58 9.093628 -0.386671 0.647705 0.020190 0.475380 -0.012607
 59 3.451874 0.000002 0.000000 -0.014209 0.528778 0.009212
 60 2.898193 0.000000 0.000031 -0.000683 0.490858 0.000916
 61 8.894592 1.605852 0.371902 -0.000566 0.547851 0.000704
 62 3.130394 0.000002 0.000038 0.003896 0.567158 -0.005064
 63 2.629532 0.000002 -0.000042 0.004892 0.544389 -0.006589
 64 8.470627 3.459528 0.131485 -0.021715 0.541478 0.011455
 65 2.410263 -0.000002 -0.000046 0.022815 0.529939 -0.013321
 66 2.000793 0.000006 0.000015 -0.005415 0.533618 0.007402
 67 23.052780 6.207909 -0.077305 1.481823 0.058643 2.080206
 68 9.436897 0.000019 -0.000015 0.151662 0.418551 0.413166
 69 31.269348 -0.000015 -0.000038 0.091830 0.243743 1.873320
 70 28.756508 0.000008 0.000015 0.270630 0.236878 -0.021180
 71 2.251896 2.464424 -1.141563 -0.513217 0.249535 0.112914
 72 3.674084 0.000000 -0.000015 0.331388 -0.059506 -0.325011
 73 3.614677 0.000008 0.000031 0.067360 -0.216133 -0.086857
 74 9.035416 2.494957 0.484428 0.001362 -0.011534 -0.001673
 75 2.943573 0.000000 -0.000023 -0.011497 -0.020268 0.014556
 76 2.649445 0.000000 0.000015 0.006498 -0.010740 -0.008512
 77 9.093689 0.386688 0.647789 -0.018031 0.093461 0.020165
 78 3.451866 0.000000 0.000000 0.014953 0.008589 -0.019838
 79 2.898201 -0.000008 -0.000015 0.000683 -0.029445 -0.000917
 80 8.894417 -1.605858 0.371910 0.000566 0.090541 -0.000704
 81 3.130432 -0.000008 -0.000046 -0.003896 -0.009289 0.005063
 82 2.629520 0.000008 0.000000 -0.004892 -0.032059 0.006589
 83 8.470604 -3.459511 0.131401 0.018786 0.137518 -0.020073
 84 2.410278 0.000008 0.000000 -0.024238 -0.029075 0.031299
 85 2.000755 0.000000 0.000000 0.005415 -0.025697 -0.007402
 86 9.832344 1.463066 -1.299423 0.016523 -0.031798 -0.020624
 87 25.040604 -5.670406 5.432793 -1.327585 -0.240952 -2.070501
 88 28.779709 -6.856310 -0.811420 -1.465337 0.012153 -1.660018
 89 29.182297 -3.955567 -4.961964 0.918959 2.512407 0.567710
 90 25.040573 5.670406 5.432751 1.324625 -0.415201 2.116392
 91 28.779755 6.856310 -0.811401 1.465337 0.012155 1.660021
 92 29.182297 3.955564 -4.961937 -0.918959 2.512405 -0.567711
 93 -65.335655 -0.000020 1.140918 -3.141591 0.044911 0.000000
 94 26.290924 -12.205288 1.157882 -2.071447 -0.017454 0.065112
 95 49.071022 0.000008 0.000009 2.179705 0.127556 -0.112856
 96 61.871307 -0.000015 -0.000019 3.080256 0.672597 0.035641
 97 26.290924 12.205295 1.157841 2.044502 0.127786 -0.159169
 98 49.071053 0.000004 -0.000038 -2.187262 0.154733 0.063501
 99 61.871300 0.000023 -0.000027 -2.944714 0.642381 0.102745
100 -0.698059 -11.192116 -8.252762 1.295092 -0.094808 -0.824037
101 20.568230 -0.000002 -0.000015 0.009950 0.428121 -0.146616
102 0.223785 -5.734809 -12.929605 -2.939309 0.694802 0.124347
103 20.803589 0.000001 -0.000038 0.066835 0.242405 -0.015625
104 -1.040009 -3.033968 12.140509 1.554517 0.104601 -1.288764
105 -1.039993 3.034004 12.140501 -1.554518 0.104604 1.288764
106 4.165451 -5.407045 12.088390 0.854937 -0.629941 -0.629908
107 16.599434 0.000000 -0.000015 -0.047935 -0.051683 0.045016
108 4.165482 5.407080 12.088381 -0.751502 -0.466646 0.433190
109 16.599380 0.000010 -0.000031 0.046224 0.181825 -0.032019
110 6.428391 0.000001 -0.288944 -0.000001 -0.000000 -0.000000
111 -1.833771 -13.936460 1.224504 1.552448 0.040995 -0.420999
112 20.406944 -0.000002 -0.000015 0.000000 -0.016932 0.000000
113 21.655487 -0.000002 -0.000015 -0.002781 -0.038562 -0.004884
114 22.360672 -0.000002 -0.000023 0.078255 -0.223671 0.077291
115 22.519661 -0.000006 -0.000015 0.063901 0.222421 0.112337
116 22.140390 -0.000010 -0.000031 0.021895 0.240030 0.098594
117 -1.699203 -12.875611 4.918509 1.116385 -0.148284 -0.380891
118 20.938599 0.000013 0.000000 0.034482 -0.012972 -0.016104
119 21.993614 -0.000005 -0.000061 0.010006 -0.037393 -0.010166
120 22.563797 -0.000010 0.000000 0.070712 -0.299313 0.074481
121 22.643356 -0.000002 -0.000046 0.039185 0.139810 0.110106
122 22.238056 -0.000011 -0.000031 -0.016041 0.146228 0.101529
123 -1.634338 -9.854567 8.052347 0.714077 -0.292095 -0.280759
124 22.205299 0.000001 -0.000023 0.042841 -0.006102 -0.020254
125 22.804382 -0.000005 -0.000046 0.014515 -0.037396 -0.010728
126 23.051659 0.000003 -0.000008 0.056668 -0.367343 0.047902
127 22.939980 0.000004 -0.000038 0.023443 0.063782 0.077992
128 22.472065 0.000005 -0.000031 -0.021011 0.061443 0.079850
129 -1.616135 -5.333253 10.147438 0.347094 -0.374743 -0.146641
130 23.451302 -0.000001 -0.000023 0.027042 -0.001892 -0.012901
131 23.608025 -0.000003 -0.000031 0.009736 -0.038531 -0.006405
132 23.536224 -0.000001 -0.000038 0.041135 -0.415771 0.005661
133 23.233974 0.000004 0.000008 0.020316 0.010454 0.027242
134 22.703678 0.000009 -0.000015 -0.001707 0.005247 0.033752
135 -1.614517 -0.000000 10.883350 -0.000000 -0.400842 0.000000
136 23.962143 0.000001 -0.000031 0.000000 -0.000699 0.000000
137 23.938972 -0.000003 0.000000 -0.000206 -0.039721 0.000991
138 23.736031 -0.000003 -0.000031 0.023689 -0.200515 -0.038700
139 23.354973 0.000006 -0.000046 0.020828 -0.013866 -0.031075
140 22.798943 -0.000009 -0.000031 0.026589 -0.018458 -0.027652
141 -1.616135 5.333251 10.147423 -0.347094 -0.374742 0.146641
142 23.451294 -0.000006 0.000000 -0.027042 -0.001892 0.012901
143 23.608025 -0.000002 -0.000038 -0.009718 -0.040315 0.008531
144 23.536247 -0.000001 -0.000015 0.005714 -0.436387 -0.094468
145 23.233982 -0.000017 -0.000015 0.021252 -0.007802 -0.095301
146 22.703667 0.000014 -0.000008 0.052195 -0.010019 -0.090904
147 -1.634338 9.854565 8.052345 -0.714078 -0.292096 0.280760
148 22.205254 0.000003 -0.000008 -0.042841 -0.006101 0.020254
149 22.804443 0.000002 -0.000076 -0.013976 -0.040817 0.011703
150 23.051636 -0.000006 -0.000008 -0.015919 -0.407009 -0.143232
151 22.939968 -0.000002 -0.000023 0.007492 0.027344 -0.153985
152 22.472069 0.000006 -0.000031 0.060342 0.030636 -0.154803
153 -1.699203 12.875607 4.918525 -1.116385 -0.148284 0.380891
154 20.938591 0.000019 0.000000 -0.034482 -0.012973 0.016104
155 21.993599 -0.000005 -0.000061 -0.012521 -0.003068 0.005924
156 22.563812 0.000001 -0.000023 -0.041431 -0.353859 -0.179275
157 22.643356 0.000010 -0.000046 -0.025162 0.086706 -0.198473
158 22.238033 0.000002 -0.000023 0.034050 0.098016 -0.200730
159 -1.833771 13.936458 1.224504 -1.552447 0.040994 0.420999
160 20.406975 0.000005 -0.000038 -0.000000 -0.016932 -0.000000
161 21.655502 0.000009 -0.000008 -0.000000 -0.003038 0.000000
162 22.360649 0.000002 -0.000023 -0.065927 -0.285168 -0.195169
163 22.519657 0.000004 -0.000015 -0.072897 0.158414 -0.222126
164 22.140373 0.000008 -0.000008 -0.033907 0.177201 -0.200266
165 -1.972565 12.875609 -3.614555 -1.827109 0.155326 0.386830
166 20.655167 0.000007 -0.000023 0.014659 -0.017050 -0.006451
167 21.762253 0.000003 -0.000015 0.000941 -0.046015 0.005330
168 22.392166 0.000010 -0.000031 -0.084330 -0.239537 -0.187056
169 22.541336 0.000015 -0.000031 -0.116075 0.204076 -0.229924
170 22.217495 0.000008 -0.000031 -0.095114 0.224968 -0.204622
171 -1.967316 9.854567 -7.722432 -2.161803 0.248066 0.289766
172 21.272736 0.000003 -0.000008 0.025990 -0.015445 -0.009916
173 22.032524 0.000022 -0.000046 0.000115 -0.049710 0.004759
174 22.475662 0.000000 -0.000023 -0.086750 -0.191070 -0.171627
175 22.598717 0.000006 -0.000015 -0.133855 0.249752 -0.212070
176 22.407978 0.000015 -0.000023 -0.120945 0.267245 -0.176629
177 -1.900848 5.333252 -10.470076 -2.601403 0.305546 0.153178
178 21.914307 0.000006 -0.000023 0.024266 -0.010747 -0.007792
179 22.319847 -0.000009 -0.000004 -0.000778 -0.052011 0.002951
180 22.569626 -0.000002 -0.000023 -0.066083 -0.138987 -0.138594
181 22.663212 0.000019 -0.000023 -0.111436 0.296177 -0.168759
182 22.604530 0.000023 -0.000019 -0.101176 0.301376 -0.137640
183 -1.865585 -0.000002 -11.435440 -3.141592 0.324581 -0.000000
184 22.186691 -0.000004 -0.000015 0.000000 -0.007676 0.000000
185 22.443710 -0.000003 -0.000008 -0.000549 -0.051749 -0.000472
186 22.611549 -0.000005 -0.000023 -0.014928 -0.101275 -0.079427
187 22.692009 0.000005 -0.000008 -0.034973 0.330719 -0.086021
188 22.687653 0.000011 0.000004 -0.039875 0.327006 -0.087475
189 -1.900848 -5.333256 -10.470070 2.601403 0.305546 -0.153178
190 21.914337 0.000008 -0.000015 -0.024267 -0.010746 0.007792
191 22.319824 -0.000020 -0.000004 -0.000067 -0.049395 -0.003628
192 22.569626 0.000008 -0.000046 0.043349 -0.104457 -0.014962
193 22.663239 -0.000021 0.000000 0.044144 0.333301 -0.002988
194 22.604530 0.000003 0.000000 0.033969 0.334067 -0.017239
195 -1.967285 -9.854565 -7.722440 2.161803 0.248066 -0.289766
196 21.272705 -0.000016 -0.000015 -0.025990 -0.015445 0.009916
197 22.032471 0.000004 -0.000023 -0.000744 -0.045522 -0.004900
198 22.475693 -0.000009 -0.000031 0.074308 -0.136945 0.032696
199 22.598709 0.000001 -0.000031 0.082717 0.308803 0.057529
200 22.407990 -0.000014 -0.000015 0.077604 0.323076 0.039427
201 -1.972565 -12.875609 -3.614562 1.827110 0.155326 -0.386831
202 20.655182 0.000010 -0.000015 -0.014659 -0.017050 0.006451
203 21.762276 -0.000007 -0.000008 -0.001858 -0.041117 -0.005190
204 22.392166 -0.000005 -0.000046 0.083261 -0.178052 0.060037
205 22.541344 -0.000008 -0.000031 0.083937 0.270510 0.092936
206 22.217510 -0.000006 -0.000015 0.067934 0.291451 0.082861
207 0.059621 0.456168 0.250107 0.000000 -0.000000 0.000000
208 0.059621 0.456168 0.250107 0.000000 -0.000000 0.000000
time 16
  0 0.059621 0.456168 0.250107 0.000000 -0.000000 0.000000
  1 0.059621 0.456168 0.250107 0.000000 -0.000000 0.000000
  2 0.059621 0.456168 0.250107 0.000000 -0.000000 0.000000
  3 0.059621 0.456168 0.250107 0.000000 -0.000000 0.000000
  4 0.059621 0.456168 0.250107 0.000000 -0.000000 0.000000
  5 0.059621 0.456168 0.250107 0.000000 -0.000000 0.000000
  6 0.059621 0.456168 0.250107 0.000000 -0.000000 0.000000
  7 0.059621 0.456168 0.250107 0.000000 -0.000000 0.000000
  8 0.059621 0.456168 0.250107 0.000000 -0.000000 0.000000
  9 0.059621 0.456168 0.250107 0.000000 -0.000000 0.000000
 10 17.305935 -59.362183 133.356491 -1.272813 -0.039999 -0.112954
 11 24.668251 0.000015 -0.000042 1.034942 -0.207917 -0.093910
 12 30.380135 0.000000 0.000000 1.626701 0.326202 0.190679
 13 19.902084 0.000000 -0.000008 0.008834 -0.255574 -0.079705
 14 29.497959 59.779156 107.458252 -1.033986 2.976790 -0.009484
 15 35.349514 0.000000 0.000019 -1.284465 -0.166434 -0.163948
 16 37.124329 -0.000015 -0.000023 -0.989837 0.415980 0.282005
 17 0.059621 0.456168 0.250107 0.064768 -0.005215 -0.156772
 18 0.059621 0.456168 102.326073 1.570796 1.570796 0.000000
 19 -65.799538 -0.000020 1.142855 0.000000 0.000515 3.141077
 20 11.181580 0.005760 -0.002411 0.000000 0.254797 0.000515
 21 27.835159 -0.000000 0.000015 -3.141592 -0.129896 -0.000000
 22 5.330383 -0.000001 0.000000 -3.069662 -0.005129 -0.128403
 23 10.134903 -4.133394 3.834200 -0.430426 -0.947380 -2.783374
 24 10.134888 4.133396 3.834200 0.430443 -0.947375 2.783359
 25 22.592346 0.000004 17.467113 -0.000010 2.956431 0.000000
 26 21.199982 -7.744011 14.169521 -0.644457 -0.154503 -3.025319
 27 18.142029 -13.440231 7.965778 1.250334 -0.369795 3.013911
 28 21.199966 7.744015 14.169498 0.644460 -0.154503 3.025318
 29 18.141998 13.440228 7.965776 -0.316157 -0.180196 -3.082644
 30 11.858871 -13.360001 3.526516 1.542249 3.132957 0.174415
 31 9.463272 -16.404865 -2.906044 1.542282 3.132901 0.176490
 32 9.125244 -10.885475 -11.371323 0.000496 2.962373 0.000256
 33 11.858841 13.360001 3.526472 -1.542248 3.132957 -0.174414
 34 9.463257 16.404860 -2.906025 -1.542281 3.132900 -0.176490
 35 9.125275 10.885468 -11.371304 -0.000492 2.962373 0.000256
 36 9.023239 -0.000004 -17.296175 0.000180 -0.167048 -3.141356
 37 12.691406 -0.000006 -19.438763 0.000000 2.312805 0.000000
 38 10.989410 0.000006 -0.000015 0.000000 0.455391 0.000000
 39 12.871460 -10.586842 -15.652470 1.156295 2.771353 0.680951
 40 10.727005 0.000010 -0.000015 -0.045877 0.444231 -0.003690
 41 12.871429 10.586838 -15.652470 -1.156294 2.771352 -0.680950
 42 10.726990 -0.000022 0.000015 0.045877 0.444230 0.003690
 43 12.847214 -17.570084 -4.701336 1.381813 2.932327 0.812189
 44 11.496506 0.000004 -0.000046 -0.095028 0.482362 -0.004025
 45 12.847183 17.570076 -4.701359 -1.381812 2.932327 -0.812189
 46 11.496475 0.000002 -0.000015 0.095028 0.482362 0.004025
 47 28.485962 0.000002 16.460358 -0.000001 -0.240132 0.000000
 48 23.052750 -6.207911 -0.077290 -1.470206 0.035100 -1.833545
 49 9.436901 -0.000008 -0.000015 0.010287 0.715922 0.003503
 50 31.269348 0.000010 -0.000031 -0.006701 -0.130843 0.008666
 51 28.756523 0.000010 -0.000046 -0.001117 -0.029189 0.001416
 52 2.251999 -2.464407 -1.141647 0.481305 0.508197 -0.319329
 53 3.674042 -0.000013 0.000008 -0.277611 0.179024 0.194713
 54 3.614693 0.000011 0.000000 0.013156 0.193871 -0.001558
 55 9.035507 -2.494946 0.484543 -0.001362 0.302449 0.001673
 56 2.943588 0.000000 -0.000015 0.010585 0.293657 -0.007800
 57 2.649445 0.000006 0.000008 -0.006498 0.303243 0.008512
 58 9.093636 -0.386669 0.647690 0.020190 0.475380 -0.012607
 59 3.451881 0.000002 -0.000008 -0.014209 0.528778 0.009212
 60 2.898178 0.000000 0.000031 -0.000683 0.490858 0.000916
 61 8.894592 1.605854 0.371872 -0.000566 0.547851 0.000704
 62 3.130386 0.000000 0.000038 0.003896 0.567158 -0.005064
 63 2.629547 0.000002 -0.000038 0.004892 0.544388 -0.006589
 64 8.470627 3.459528 0.131485 -0.021715 0.541478 0.011456
 65 2.410263 0.000002 -0.000046 0.022815 0.529939 -0.013321
 66 2.000793 0.000006 0.000011 -0.005415 0.533618 0.007402
 67 23.052765 6.207910 -0.077309 1.481823 0.058643 2.080206
 68 9.436905 0.000021 -0.000015 0.151662 0.418551 0.413166
 69 31.269348 -0.000023 -0.000038 0.065835 0.239163 1.871135
 70 28.756500 0.000000 0.000000 0.265767 0.208131 -0.033449
 71 2.251900 2.464424 -1.141571 -0.513217 0.249535 0.112914
 72 3.674084 0.000008 -0.000015 0.331388 -0.059506 -0.325011
 73 3.614681 0.000008 0.000015 0.067360 -0.216133 -0.086857
 74 9.035423 2.494965 0.484421 0.001362 -0.011534 -0.001673
 75 2.943573 0.000000 -0.000031 -0.011497 -0.020268 0.014556
 76 2.649445 0.000000 0.000015 0.006498 -0.010740 -0.008512
 77 9.093689 0.386696 0.647781 -0.018031 0.093461 0.020165
 78 3.451859 0.000000 0.000000 0.014953 0.008589 -0.019838
 79 2.898201 0.000015 -0.000015 0.000683 -0.029445 -0.000917
 80 8.894417 -1.605835 0.371918 0.000566 0.090541 -0.000704
 81 3.130428 0.000000 -0.000031 -0.003896 -0.009289 0.005063
 82 2.629524 0.000000 0.000015 -0.004892 -0.032059 0.006589
 83 8.470612 -3.459518 0.131393 0.018786 0.137518 -0.020073
 84 2.410271 -0.000008 -0.000015 -0.024238 -0.029075 0.031299
 85 2.000755 0.000008 0.000031 0.005415 -0.025697 -0.007402
 86 9.832352 1.463066 -1.299438 0.016523 -0.031798 -0.020624
 87 25.040588 -5.670405 5.432793 -1.328930 -0.242353 -2.064783
 88 28.779694 -6.856310 -0.811420 -1.465258 0.011551 -1.654318
 89 29.182281 -3.955567 -4.961964 0.922193 2.508888 0.573272
 90 25.040558 5.670407 5.432751 1.327049 -0.416635 2.110337
 91 28.779739 6.856310 -0.811401 1.465258 0.011552 1.654321
 92 29.182281 3.955564 -4.961941 -0.922193 2.508887 -0.573272
 93 -65.335655 -0.000020 1.140918 -3.141591 0.044911 0.000000
 94 26.290924 -12.205289 1.157882 -2.071447 -0.017454 0.065112
 95 49.071022 0.000008 0.000009 2.179705 0.127556 -0.112856
 96 61.871311 -0.000015 -0.000023 3.080256 0.672597 0.035641
 97 26.290924 12.205294 1.157842 2.044502 0.127786 -0.159169
 98 49.071060 0.000004 -0.000038 -2.187262 0.154733 0.063501
 99 61.871300 0.000023 -0.000027 -2.944714 0.642381 0.102745
100 -0.698074 -11.192117 -8.252762 1.295968 -0.097234 -0.832697
101 20.568237 -0.000002 0.000000 0.009939 0.424102 -0.146479
102 0.223785 -5.734809 -12.929604 -2.937705 0.703565 0.126774
103 20.803581 0.000001 -0.000038 0.066827 0.238655 -0.015867
104 -1.040024 -3.033968 12.140511 1.554517 0.104601 -1.288764
105 -1.040009 3.034004 12.140501 -1.554518 0.104604 1.288764
106 4.165451 -5.407045 12.088390 0.854937 -0.629941 -0.629908
107 16.599442 0.000000 -0.000015 -0.047935 -0.051683 0.045016
108 4.165482 5.407080 12.088381 -0.751749 -0.467037 0.434428
109 16.599396 0.000011 -0.000046 0.046243 0.180807 -0.032075
110 6.428391 0.000001 -0.288944 -0.000001 -0.000000 -0.000000
111 -1.833786 -13.936461 1.224504 1.552448 0.040995 -0.420999
112 20.406960 -0.000002 -0.000023 0.000000 -0.016932 0.000000
113 21.655502 -0.000002 -0.000015 -0.003080 -0.040682 -0.005409
114 22.360672 -0.000002 -0.000031 0.077997 -0.225754 0.076625
115 22.519661 -0.000007 -0.000015 0.063976 0.238615 0.112929
116 22.140388 -0.000008 -0.000023 0.021895 0.256255 0.098594
117 -1.699219 -12.875612 4.918509 1.116385 -0.148284 -0.380891
118 20.938599 0.000013 0.000000 0.034482 -0.012972 -0.016104
119 21.993607 -0.000005 -0.000061 0.009736 -0.039221 -0.010621
120 22.563797 -0.000011 -0.000015 0.070508 -0.301117 0.073907
121 22.643353 -0.000001 -0.000038 0.039209 0.156023 0.110347
122 22.238052 -0.000010 -0.000038 -0.016014 0.162435 0.100767
123 -1.634354 -9.854568 8.052346 0.714077 -0.292095 -0.280759
124 22.205299 0.000001 -0.000023 0.042841 -0.006102 -0.020254
125 22.804390 -0.000005 -0.000046 0.014310 -0.038994 -0.011037
126 23.051651 0.000004 0.000000 0.056519 -0.368930 0.047492
127 22.939983 0.000003 -0.000046 0.023443 0.080002 0.078123
128 22.472065 0.000000 -0.000038 -0.020963 0.077651 0.079107
129 -1.616150 -5.333253 10.147438 0.347094 -0.374743 -0.146641
130 23.451302 -0.000000 -0.000023 0.027042 -0.001892 -0.012901
131 23.608017 -0.000003 -0.000031 0.009619 -0.039987 -0.006532
132 23.536232 0.000000 -0.000031 0.041048 -0.417225 0.005461
133 23.233971 0.000004 0.000008 0.020298 0.026676 0.027378
134 22.703682 0.000010 -0.000015 -0.001707 0.021473 0.033752
135 -1.614532 -0.000000 10.883350 -0.000000 -0.400842 0.000000
136 23.962143 0.000001 -0.000038 0.000000 -0.000699 0.000000
137 23.938957 -0.000003 0.000008 -0.000228 -0.041122 0.001039
138 23.736038 -0.000003 -0.000031 0.023583 -0.184295 -0.038423
139 23.354980 0.000006 -0.000038 0.020700 0.002351 -0.030677
140 22.798943 -0.000009 -0.000038 0.026554 -0.002239 -0.027219
141 -1.616150 5.333251 10.147423 -0.347094 -0.374742 0.146641
142 23.451309 -0.000006 0.000000 -0.027042 -0.001892 0.012901
143 23.608032 -0.000002 -0.000038 -0.009665 -0.041748 0.008743
144 23.536255 -0.000001 -0.000015 0.005729 -0.437824 -0.094221
145 23.233974 -0.000018 -0.000046 0.021227 0.008419 -0.094955
146 22.703671 0.000012 -0.000008 0.052133 0.006184 -0.090054
147 -1.634354 9.854564 8.052344 -0.714078 -0.292096 0.280760
148 22.205254 0.000003 -0.000008 -0.042841 -0.006101 0.020254
149 22.804451 0.000002 -0.000076 -0.013867 -0.042371 0.012117
150 23.051643 -0.000007 -0.000015 -0.015857 -0.408561 -0.142782
151 22.939968 -0.000002 -0.000015 0.007492 0.043569 -0.153985
152 22.472076 0.000008 -0.000046 0.059987 0.046763 -0.153044
153 -1.699219 12.875607 4.918524 -1.116385 -0.148284 0.380891
154 20.938606 0.000019 0.000000 -0.034482 -0.012973 0.016104
155 21.993599 -0.000005 -0.000061 -0.012521 -0.003068 0.005924
156 22.563812 0.000001 -0.000023 -0.041339 -0.355611 -0.178682
157 22.643356 0.000010 -0.000046 -0.025172 0.102926 -0.198628
158 22.238033 0.000002 -0.000023 0.033913 0.114168 -0.199198
159 -1.833786 13.936457 1.224504 -1.552447 0.040994 0.420999
160 20.406944 0.000005 -0.000038 -0.000000 -0.016932 -0.000000
161 21.655502 0.000009 -0.000008 -0.000000 -0.003038 0.000000
162 22.360649 0.000002 -0.000023 -0.065775 -0.287185 -0.194487
163 22.519665 0.000002 -0.000023 -0.072977 0.174598 -0.222716
164 22.140377 0.000008 0.000000 -0.033840 0.193422 -0.199874
165 -1.972580 12.875608 -3.614555 -1.827109 0.155326 0.386830
166 20.655167 0.000007 -0.000015 0.014659 -0.017050 -0.006451
167 21.762260 0.000003 -0.000031 0.001126 -0.048262 0.005866
168 22.392159 0.000010 -0.000031 -0.084150 -0.241742 -0.186320
169 22.541340 0.000011 -0.000038 -0.116248 0.220197 -0.231087
170 22.217503 0.000008 -0.000023 -0.094921 0.241179 -0.204848
171 -1.967316 9.854566 -7.722432 -2.161803 0.248066 0.289766
172 21.272736 0.000003 -0.000008 0.025990 -0.015445 -0.009916
173 22.032524 0.000022 -0.000053 0.000222 -0.052162 0.005212
174 22.475662 0.000002 -0.000015 -0.086604 -0.193491 -0.170954
175 22.598713 0.000004 -0.000008 -0.134142 0.265838 -0.213495
176 22.407982 0.000011 -0.000023 -0.121238 0.283358 -0.177867
177 -1.900848 5.333252 -10.470076 -2.601403 0.305546 0.153178
178 21.914322 0.000006 -0.000023 0.024266 -0.010747 -0.007792
179 22.319847 -0.000009 -0.000004 -0.000751 -0.054670 0.003221
180 22.569633 -0.000000 -0.000015 -0.066005 -0.141636 -0.138144
181 22.663219 0.000019 -0.000023 -0.111771 0.312307 -0.169960
182 22.604523 0.000019 -0.000023 -0.101519 0.317522 -0.138712
183 -1.865585 -0.000002 -11.435440 -3.141592 0.324581 -0.000000
184 22.186676 -0.000004 -0.000008 0.000000 -0.007676 0.000000
185 22.443726 -0.000003 -0.000008 -0.000608 -0.054521 -0.000496
186 22.611542 -0.000005 -0.000019 -0.014943 -0.104053 -0.079418
187 22.692017 0.000005 0.000000 -0.035127 0.346935 -0.086317
188 22.687653 0.000010 -0.000004 -0.039869 0.343229 -0.087563
189 -1.900848 -5.333257 -10.470070 2.601403 0.305546 -0.153178
190 21.914337 0.000008 -0.000015 -0.024267 -0.010746 0.007792
191 22.319824 -0.000020 -0.000004 -0.000217 -0.052087 -0.003935
192 22.569618 0.000008 -0.000038 0.043212 -0.107149 -0.015323
193 22.663231 -0.000018 0.000000 0.044218 0.349512 -0.002271
194 22.604523 0.000003 0.000004 0.034030 0.350283 -0.016687
195 -1.967285 -9.854566 -7.722440 2.161803 0.248066 -0.289766
196 21.272720 -0.000016 0.000000 -0.025990 -0.015445 0.009916
197 22.032471 0.000004 -0.000031 -0.000974 -0.048026 -0.005368
198 22.475693 -0.000006 -0.000031 0.074087 -0.139434 0.032067
199 22.598713 -0.000000 -0.000023 0.082839 0.324977 0.058522
200 22.407990 -0.000015 -0.000015 0.077725 0.339256 0.040332
201 -1.972580 -12.875610 -3.614562 1.827110 0.155326 -0.386831
202 20.655182 0.000010 -0.000023 -0.014659 -0.017050 0.006451
203 21.762276 -0.000007 -0.000008 -0.002141 -0.043425 -0.005710
204 22.392159 -0.000005 -0.000038 0.083002 -0.180331 0.059349
205 22.541336 -0.000007 -0.000031 0.084052 0.286681 0.093854
206 22.217514 -0.000008 -0.000015 0.068039 0.307641 0.083524
207 0.059621 0.456168 0.250107 0.000000 -0.000000 0.000000
208 0.059621 0.456168 0.250107 0.000000 -0.000000 0.000000
time 17
  0 0.059621 0.456168 0.250107 0.000000 -0.000000 0.000000
  1 0.059621 0.456168 0.250107 0.000000 -0.000000 0.000000
  2 0.059621 0.456168 0.250107 0.000000 -0.000000 0.000000
  3 0.059621 0.456168 0.250107 0.000000 -0.000000 0.000000
  4 0.059621 0.456168 0.250107 0.000000 -0.000000 0.000000
  5 0.059621 0.456168 0.250107 0.000000 -0.000000 0.000000
  6 0.059621 0.456168 0.250107 0.000000 -0.000000 0.000000
  7 0.059621 0.456168 0.250107 0.000000 -0.000000 0.000000
  8 0.059621 0.456168 0.250107 0.000000 -0.000000 0.000000
  9 0.059621 0.456168 0.250107 0.000000 -0.000000 0.000000
 10 9.459001 -57.841526 136.622116 -1.272802 -0.043852 -0.274441
 11 24.668249 0.000015 -0.000038 1.033463 -0.192124 -0.098681
 12 30.380142 0.000000 0.000008 1.618424 0.341752 0.137145
 13 19.902084 0.000000 0.000000 0.011611 -0.289258 -0.090863
 14 40.390877 57.499207 107.458252 -1.046710 2.983027 -0.106639
 15 35.349510 0.000015 0.000015 -1.285071 -0.164352 -0.165155
 16 37.124329 -0.000019 -0.000015 -0.931904 0.310990 0.131628
 17 0.059621 0.456168 0.250107 0.064768 -0.005215 -0.156772
 18 0.059621 0.456168 103.407066 1.570796 1.570796 0.000000
 19 -65.799538 -0.000020 1.142855 0.000000 0.000515 3.141077
 20 11.181580 0.005760 -0.002411 -0.000000 0.254797 0.000515
 21 27.835175 -0.000000 0.000015 -3.141592 -0.129896 -0.000000
 22 5.330383 -0.000001 -0.000002 -3.069613 -0.004764 -0.133494
 23 10.134903 -4.133396 3.834200 -0.425830 -0.940080 -2.789058
 24 10.134888 4.133396 3.834198 0.425847 -0.940075 2.789043
 25 22.592377 0.000002 17.467115 -0.000010 2.956431 0.000000
 26 21.199997 -7.744015 14.169519 -0.644457 -0.154503 -3.025319
 27 18.142029 -13.440231 7.965775 1.252087 -0.384930 3.008425
 28 21.199982 7.744015 14.169497 0.644460 -0.154503 3.025318
 29 18.141998 13.440231 7.965773 -0.316157 -0.180196 -3.082644
 30 11.858856 -13.360001 3.526512 1.542249 3.132957 0.174415
 31 9.463272 -16.404865 -2.906046 1.542282 3.132901 0.176490
 32 9.125244 -10.885475 -11.371325 0.000496 2.962373 0.000256
 33 11.858856 13.360001 3.526472 -1.542248 3.132957 -0.174414
 34 9.463242 16.404863 -2.906025 -1.542281 3.132900 -0.176490
 35 9.125259 10.885471 -11.371307 -0.000492 2.962373 0.000256
 36 9.023239 -0.000004 -17.296175 0.000180 -0.167048 -3.141356
 37 12.691406 -0.000006 -19.438765 0.000000 2.296809 0.000000
 38 10.989395 0.000004 0.000000 0.000000 0.435556 0.000000
 39 12.871475 -10.586842 -15.652472 1.161622 2.764613 0.696410
 40 10.727005 0.000004 -0.000015 -0.045857 0.424409 -0.002881
 41 12.871445 10.586840 -15.652472 -1.161621 2.764613 -0.696408
 42 10.726974 -0.000020 0.000015 0.045857 0.424408 0.002881
 43 12.847214 -17.570087 -4.701342 1.385002 2.929139 0.828186
 44 11.496490 0.000006 -0.000031 -0.094890 0.462592 -0.002358
 45 12.847183 17.570080 -4.701361 -1.385001 2.929138 -0.828186
 46 11.496475 -0.000002 0.000000 0.094890 0.462592 0.002358
 47 28.485962 0.000002 16.460356 -0.000001 -0.256128 0.000000
 48 23.052765 -6.207911 -0.077290 -1.470206 0.035100 -1.833545
 49 9.436901 -0.000008 -0.000015 0.010287 0.717465 0.003503
 50 31.269356 0.000010 -0.000038 -0.006701 -0.143346 0.008666
 51 28.756523 0.000008 -0.000046 -0.001117 -0.035325 0.001416
 52 2.251991 -2.464411 -1.141632 0.481305 0.508197 -0.319329
 53 3.674042 -0.000011 0.000015 -0.277611 0.179024 0.194713
 54 3.614716 0.000013 0.000000 0.013156 0.193871 -0.001558
 55 9.035500 -2.494946 0.484558 -0.001362 0.302449 0.001673
 56 2.943581 0.000000 -0.000015 0.010585 0.293657 -0.007800
 57 2.649437 0.000004 0.000000 -0.006498 0.303243 0.008512
 58 9.093620 -0.386671 0.647690 0.020190 0.475380 -0.012607
 59 3.451874 0.000000 0.000000 -0.014209 0.528778 0.009212
 60 2.898178 0.000000 0.000034 -0.000683 0.490858 0.000916
 61 8.894585 1.605852 0.371902 -0.000566 0.547851 0.000704
 62 3.130409 0.000002 0.000038 0.003896 0.567158 -0.005064
 63 2.629532 0.000000 -0.000038 0.004892 0.544389 -0.006589
 64 8.470619 3.459526 0.131500 -0.021715 0.541478 0.011456
 65 2.410278 0.000002 -0.000053 0.022815 0.529939 -0.013321
 66 2.000809 0.000006 0.000011 -0.005415 0.533618 0.007402
 67 23.052780 6.207910 -0.077309 1.481823 0.058643 2.080206
 68 9.436905 0.000019 -0.000015 0.151662 0.418551 0.413166
 69 31.269348 -0.000015 -0.000038 0.042421 0.235038 1.869168
 70 28.756508 0.000000 0.000000 0.261136 0.180752 -0.045135
 71 2.251892 2.464409 -1.141556 -0.513217 0.249535 0.112914
 72 3.674088 0.000006 -0.000015 0.331388 -0.059506 -0.325011
 73 3.614681 0.000008 0.000031 0.067360 -0.216133 -0.086857
 74 9.035416 2.494972 0.484436 0.001362 -0.011534 -0.001673
 75 2.943565 -0.000008 -0.000031 -0.011497 -0.020268 0.014556
 76 2.649445 0.000000 0.000031 0.006498 -0.010740 -0.008512
 77 9.093689 0.386681 0.647797 -0.018031 0.093461 0.020165
 78 3.451859 0.000008 0.000000 0.014953 0.008589 -0.019838
 79 2.898209 0.000015 0.000000 0.000683 -0.029445 -0.000917
 80 8.894409 -1.605843 0.371918 0.000566 0.090541 -0.000704
 81 3.130424 0.000000 -0.000046 -0.003896 -0.009289 0.005063
 82 2.629517 0.000008 0.000031 -0.004892 -0.032059 0.006589
 83 8.470604 -3.459511 0.131409 0.018786 0.137518 -0.020073
 84 2.410282 -0.000015 -0.000015 -0.024238 -0.029075 0.031299
 85 2.000748 -0.000008 0.000031 0.005415 -0.025697 -0.007402
 86 9.832344 1.463074 -1.299423 0.016523 -0.031798 -0.020624
 87 25.040604 -5.670405 5.432793 -1.330211 -0.243687 -2.059337
 88 28.779709 -6.856310 -0.811424 -1.465183 0.010977 -1.648889
 89 29.182297 -3.955566 -4.961964 0.925274 2.505537 0.578569
 90 25.040573 5.670407 5.432751 1.329358 -0.418000 2.104570
 91 28.779755 6.856310 -0.811405 1.465183 0.010978 1.648892
 92 29.182297 3.955564 -4.961941 -0.925274 2.505535 -0.578569
 93 -65.335655 -0.000020 1.140918 -3.141591 0.044911 0.000000
 94 26.290924 -12.205288 1.157882 -2.071447 -0.017454 0.065112
 95 49.071037 0.000008 0.000009 2.179705 0.127556 -0.112856
 96 61.871315 -0.000015 -0.000021 3.080256 0.672597 0.035641
 97 26.290924 12.205295 1.157842 2.044502 0.127786 -0.159169
 98 49.071068 0.000004 -0.000038 -2.187262 0.154733 0.063501
 99 61.871300 0.000023 -0.000027 -2.944714 0.642381 0.102745
100 -0.698059 -11.192116 -8.252763 1.296852 -0.099684 -0.841443
101 20.568230 0.000000 0.000000 0.009929 0.412598 -0.146330
102 0.223785 -5.734809 -12.929605 -2.936085 0.712415 0.129226
103 20.803574 0.000000 -0.000038 0.066805 0.227923 -0.016558
104 -1.040009 -3.033968 12.140510 1.554517 0.104601 -1.288764
105 -1.039993 3.034004 12.140500 -1.554518 0.104604 1.288764
106 4.165451 -5.407045 12.088389 0.854937 -0.629941 -0.629908
107 16.599442 0.000000 -0.000031 -0.047935 -0.051683 0.045016
108 4.165482 5.407080 12.088380 -0.752103 -0.467597 0.436128
109 16.599365 0.000011 -0.000031 0.046267 0.179393 -0.032153
110 6.428391 0.000001 -0.288944 -0.000001 -0.000000 -0.000000
111 -1.833771 -13.936461 1.224504 1.552448 0.040995 -0.420999
112 20.406960 -0.000002 -0.000031 0.000000 -0.016932 0.000000
113 21.655487 -0.000002 -0.000015 -0.003382 -0.042741 -0.005939
114 22.360672 -0.000002 -0.000031 0.077736 -0.227776 0.075953
115 22.519653 -0.000005 -0.000023 0.064039 0.253554 0.113451
116 22.140392 -0.000010 -0.000023 0.021895 0.271223 0.098594
117 -1.699203 -12.875612 4.918509 1.116385 -0.148284 -0.380891
118 20.938599 0.000013 0.000008 0.034482 -0.012972 -0.016104
119 21.993607 -0.000005 -0.000061 0.009463 -0.040979 -0.011082
120 22.563805 -0.000010 -0.000008 0.070301 -0.302849 0.073327
121 22.643341 0.000002 -0.000038 0.039229 0.170980 0.110548
122 22.238049 -0.000008 -0.000031 -0.015992 0.177387 0.100065
123 -1.634338 -9.854568 8.052346 0.714077 -0.292095 -0.280759
124 22.205299 0.000001 -0.000023 0.042841 -0.006102 -0.020254
125 22.804382 -0.000005 -0.000046 0.014103 -0.040510 -0.011349
126 23.051659 0.000003 0.000000 0.056367 -0.370434 0.047077
127 22.939972 0.000007 -0.000046 0.023443 0.094966 0.078230
128 22.472061 0.000000 -0.000031 -0.020922 0.092603 0.078422
129 -1.616135 -5.333253 10.147438 0.347094 -0.374743 -0.146641
130 23.451302 -0.000000 -0.000015 0.027042 -0.001892 -0.012901
131 23.608017 -0.000004 -0.000031 0.009500 -0.041351 -0.006661
132 23.536224 -0.000001 -0.000031 0.040961 -0.418588 0.005260
133 23.233967 0.000001 0.000015 0.020279 0.041641 0.027493
134 22.703667 0.000005 -0.000008 -0.001707 0.036441 0.033752
135 -1.614517 -0.000000 10.883350 -0.000000 -0.400842 0.000000
136 23.962143 0.000001 -0.000038 0.000000 -0.000699 0.000000
137 23.938972 -0.000003 0.000008 -0.000251 -0.042425 0.001085
138 23.736038 -0.000003 -0.000023 0.023484 -0.169331 -0.038175
139 23.354984 0.000006 -0.000031 0.020582 0.017312 -0.030316
140 22.798943 -0.000008 -0.000038 0.026521 0.012724 -0.026819
141 -1.616135 5.333251 10.147423 -0.347094 -0.374742 0.146641
142 23.451309 -0.000005 -0.000008 -0.027042 -0.001892 0.012901
143 23.608032 -0.000002 -0.000038 -0.009615 -0.043079 0.008949
144 23.536255 -0.000001 -0.000023 0.005744 -0.439160 -0.093973
145 23.233974 -0.000017 -0.000023 0.021204 0.023384 -0.094636
146 22.703671 0.000017 -0.000008 0.052075 0.021132 -0.089270
147 -1.634338 9.854564 8.052344 -0.714078 -0.292096 0.280760
148 22.205254 0.000003 0.000000 -0.042841 -0.006101 0.020254
149 22.804443 0.000002 -0.000076 -0.013764 -0.043824 0.012535
150 23.051636 -0.000008 -0.000008 -0.015798 -0.410013 -0.142327
151 22.939972 -0.000001 -0.000023 0.007492 0.058537 -0.153985
152 22.472073 0.000006 -0.000038 0.059659 0.061641 -0.151421
153 -1.699203 12.875607 4.918524 -1.116385 -0.148284 0.380891
154 20.938591 0.000019 0.000000 -0.034482 -0.012973 0.016104
155 21.993599 -0.000005 -0.000069 -0.012521 -0.003068 0.005924
156 22.563812 0.000001 -0.000015 -0.041254 -0.357266 -0.178082
157 22.643349 0.000013 -0.000046 -0.025181 0.117889 -0.198756
158 22.238041 0.000000 -0.000031 0.033786 0.129069 -0.197785
159 -1.833771 13.936457 1.224504 -1.552447 0.040994 0.420999
160 20.406944 0.000005 -0.000038 -0.000000 -0.016932 -0.000000
161 21.655502 0.000009 -0.000008 -0.000000 -0.003038 0.000000
162 22.360657 0.000002 -0.000023 -0.065627 -0.289113 -0.193798
163 22.519669 0.000006 -0.000015 -0.073049 0.189527 -0.223229
164 22.140385 0.000004 0.000000 -0.033780 0.208385 -0.199513
165 -1.972580 12.875608 -3.614555 -1.827109 0.155326 0.386830
166 20.655167 0.000007 -0.000015 0.014659 -0.017050 -0.006451
167 21.762253 0.000003 -0.000015 0.001312 -0.050425 0.006406
168 22.392166 0.000010 -0.000023 -0.083970 -0.243865 -0.185577
169 22.541340 0.000011 -0.000031 -0.116402 0.235068 -0.232121
170 22.217506 0.000008 -0.000015 -0.094744 0.256134 -0.205034
171 -1.967316 9.854566 -7.722432 -2.161803 0.248066 0.289766
172 21.272720 0.000003 -0.000015 0.025990 -0.015445 -0.009916
173 22.032516 0.000022 -0.000053 0.000327 -0.054539 0.005669
174 22.475662 0.000002 -0.000015 -0.086461 -0.195838 -0.170274
175 22.598709 0.000008 -0.000015 -0.134400 0.280679 -0.214770
176 22.407982 0.000015 -0.000015 -0.121502 0.298222 -0.178970
177 -1.900848 5.333252 -10.470076 -2.601403 0.305546 0.153178
178 21.914322 0.000006 -0.000023 0.024266 -0.010747 -0.007792
179 22.319839 -0.000009 0.000000 -0.000726 -0.057264 0.003493
180 22.569618 -0.000003 -0.000015 -0.065931 -0.144221 -0.137690
181 22.663208 0.000023 -0.000015 -0.112076 0.327187 -0.171033
182 22.604523 0.000015 -0.000015 -0.101833 0.332418 -0.139668
183 -1.865585 -0.000002 -11.435440 -3.141592 0.324581 -0.000000
184 22.186661 -0.000004 -0.000008 0.000000 -0.007676 0.000000
185 22.443718 -0.000003 -0.000011 -0.000668 -0.057240 -0.000519
186 22.611549 -0.000005 -0.000015 -0.014959 -0.106778 -0.079409
187 22.692017 0.000005 -0.000008 -0.035270 0.361894 -0.086575
188 22.687645 0.000010 -0.000004 -0.039864 0.358195 -0.087636
189 -1.900848 -5.333257 -10.470070 2.601403 0.305546 -0.153178
190 21.914337 0.000008 -0.000015 -0.024267 -0.010746 0.007792
191 22.319817 -0.000020 -0.000004 -0.000369 -0.054730 -0.004243
192 22.569618 0.000006 -0.000038 0.043073 -0.109793 -0.015678
193 22.663231 -0.000020 0.000000 0.044280 0.364466 -0.001609
194 22.604523 0.000003 0.000000 0.034081 0.365243 -0.016178
195 -1.967285 -9.854566 -7.722440 2.161803 0.248066 -0.289766
196 21.272720 -0.000016 -0.000008 -0.025990 -0.015445 0.009916
197 22.032478 0.000004 -0.000031 -0.001206 -0.050479 -0.005840
198 22.475693 -0.000006 -0.000046 0.073864 -0.141872 0.031432
199 22.598709 -0.000001 -0.000031 0.082941 0.339898 0.059420
200 22.407990 -0.000016 -0.000023 0.077826 0.354182 0.041147
201 -1.972580 -12.875610 -3.614562 1.827110 0.155326 -0.386831
202 20.655182 0.000010 -0.000023 -0.014659 -0.017050 0.006451
203 21.762276 -0.000007 -0.000008 -0.002427 -0.045678 -0.006235
204 22.392159 -0.000005 -0.000046 0.082740 -0.182553 0.058655
205 22.541340 -0.000008 -0.000031 0.084150 0.301600 0.094678
206 22.217499 0.000000 -0.000008 0.068128 0.322577 0.084112
207 0.059621 0.456168 0.250107 0.000000 -0.000000 0.000000
208 0.059621 0.456168 0.250107 0.000000 -0.000000 0.000000
time 18
  0 0.059621 0.456168 0.250107 0.000000 -0.000000 0.000000
  1 0.059621 0.456168 0.250107 0.000000 -0.000000 0.000000
  2 0.059621 0.456168 0.250107 0.000000 -0.000000 0.000000
  3 0.059621 0.456168 0.250107 0.000000 -0.000000 0.000000
  4 0.059621 0.456168 0.250107 0.000000 -0.000000 0.000000
  5 0.059621 0.456168 0.250107 0.000000 -0.000000 0.000000
  6 0.059621 0.456168 0.250107 0.000000 -0.000000 0.000000
  7 0.059621 0.456168 0.250107 0.000000 -0.000000 0.000000
  8 0.059621 0.456168 0.250107 0.000000 -0.000000 0.000000
  9 0.059621 0.456168 0.250107 0.000000 -0.000000 0.000000
 10 1.028881 -55.410477 141.599808 -1.272785 -0.049980 -0.441484
 11 24.668255 0.000015 -0.000042 1.032060 -0.177137 -0.103209
 12 30.380150 0.000000 0.000000 1.609595 0.355244 0.084255
 13 19.902084 -0.000015 -0.000008 0.014699 -0.322901 -0.102355
 14 50.923943 55.020977 107.458252 -1.066732 2.992448 -0.202782
 15 35.349510 0.000008 0.000015 -1.286057 -0.160984 -0.167109
 16 37.124325 -0.000011 -0.000015 -0.856590 0.177853 -0.042933
 17 0.059621 0.456168 0.250107 0.064768 -0.005215 -0.156772
 18 0.059621 0.456168 104.444359 1.570796 1.570796 0.000000
 19 -65.799538 -0.000020 1.142855 0.000000 0.000515 3.141077
 20 11.181580 0.005760 -0.002411 0.000000 0.254797 0.000515
 21 27.835159 -0.000000 0.000019 -3.141592 -0.129896 -0.000000
 22 5.330383 -0.000001 -0.000004 -3.069582 -0.004532 -0.136730
 23 10.134872 -4.133396 3.834202 -0.422994 -0.935473 -2.792582
 24 10.134872 4.133396 3.834202 0.423011 -0.935468 2.792566
 25 22.592346 0.000002 17.467117 -0.000010 2.956431 0.000000
 26 21.199982 -7.744013 14.169521 -0.644457 -0.154503 -3.025319
 27 18.142014 -13.440233 7.965776 1.253751 -0.399291 3.003219
 28 21.199951 7.744017 14.169498 0.644460 -0.154503 3.025318
 29 18.141998 13.440231 7.965776 -0.316157 -0.180196 -3.082644
 30 11.858856 -13.359999 3.526514 1.542249 3.132957 0.174415
 31 9.463272 -16.404871 -2.906044 1.542282 3.132901 0.176490
 32 9.125244 -10.885477 -11.371325 0.000496 2.962373 0.000256
 33 11.858841 13.360001 3.526474 -1.542248 3.132957 -0.174414
 34 9.463226 16.404865 -2.906025 -1.542281 3.132900 -0.176490
 35 9.125244 10.885469 -11.371305 -0.000492 2.962373 0.000256
 36 9.023224 -0.000004 -17.296177 0.000180 -0.167048 -3.141356
 37 12.691406 -0.000004 -19.438763 0.000000 2.281629 0.000000
 38 10.989426 0.000004 -0.000015 0.000000 0.380769 0.000000
 39 12.871475 -10.586843 -15.652472 1.166676 2.758218 0.711078
 40 10.727005 0.000008 -0.000031 -0.045804 0.369658 -0.000638
 41 12.871445 10.586840 -15.652470 -1.166676 2.758218 -0.711078
 42 10.726990 -0.000023 0.000000 0.045804 0.369657 0.000638
 43 12.847214 -17.570089 -4.701338 1.388028 2.926113 0.843366
 44 11.496490 0.000010 -0.000031 -0.094517 0.407985 0.002262
 45 12.847168 17.570078 -4.701359 -1.388027 2.926112 -0.843366
 46 11.496475 -0.000002 -0.000015 0.094516 0.407985 -0.002262
 47 28.485947 0.000002 16.460361 -0.000001 -0.271308 0.000000
 48 23.052750 -6.207911 -0.077286 -1.470206 0.035100 -1.833545
 49 9.436901 -0.000008 0.000000 0.010287 0.718478 0.003503
 50 31.269333 0.000011 -0.000038 -0.006701 -0.155926 0.008666
 51 28.756500 0.000008 -0.000031 -0.001117 -0.041499 0.001416
 52 2.251991 -2.464407 -1.141647 0.481305 0.508197 -0.319329
 53 3.674042 -0.000017 0.000008 -0.277611 0.179024 0.194713
 54 3.614693 0.000011 0.000000 0.013156 0.193871 -0.001558
 55 9.035492 -2.494947 0.484558 -0.001362 0.302449 0.001673
 56 2.943581 0.000000 -0.000023 0.010585 0.293657 -0.007800
 57 2.649460 0.000004 0.000015 -0.006498 0.303243 0.008512
 58 9.093620 -0.386671 0.647690 0.020190 0.475380 -0.012607
 59 3.451881 0.000002 0.000000 -0.014209 0.528778 0.009212
 60 2.898178 0.000002 0.000032 -0.000683 0.490858 0.000916
 61 8.894585 1.605852 0.371887 -0.000566 0.547851 0.000704
 62 3.130402 0.000000 0.000046 0.003896 0.567158 -0.005064
 63 2.629547 0.000000 -0.000038 0.004892 0.544388 -0.006589
 64 8.470619 3.459528 0.131485 -0.021715 0.541478 0.011456
 65 2.410263 0.000000 -0.000046 0.022815 0.529939 -0.013321
 66 2.000778 0.000004 0.000008 -0.005415 0.533618 0.007402
 67 23.052765 6.207909 -0.077305 1.481823 0.058643 2.080206
 68 9.436905 0.000021 -0.000015 0.151662 0.418551 0.413166
 69 31.269348 -0.000015 -0.000038 0.022107 0.231459 1.867461
 70 28.756500 -0.000008 0.000015 0.256802 0.155131 -0.056070
 71 2.251892 2.464417 -1.141556 -0.513217 0.249535 0.112914
 72 3.674084 0.000006 0.000000 0.331388 -0.059506 -0.325011
 73 3.614681 0.000008 0.000031 0.067360 -0.216133 -0.086857
 74 9.035416 2.494965 0.484436 0.001362 -0.011534 -0.001673
 75 2.943558 -0.000008 -0.000031 -0.011498 -0.020268 0.014556
 76 2.649437 0.000000 0.000015 0.006498 -0.010740 -0.008512
 77 9.093689 0.386688 0.647797 -0.018031 0.093461 0.020165
 78 3.451859 0.000000 0.000000 0.014953 0.008589 -0.019838
 79 2.898201 0.000008 0.000000 0.000684 -0.029445 -0.000917
 80 8.894409 -1.605835 0.371918 0.000566 0.090541 -0.000704
 81 3.130432 -0.000008 -0.000046 -0.003896 -0.009289 0.005063
 82 2.629517 -0.000008 0.000031 -0.004892 -0.032059 0.006589
 83 8.470604 -3.459518 0.131393 0.018786 0.137518 -0.020073
 84 2.410278 0.000000 -0.000015 -0.024238 -0.029075 0.031299
 85 2.000763 0.000000 0.000015 0.005415 -0.025697 -0.007402
 86 9.832344 1.463058 -1.299423 0.016523 -0.031798 -0.020624
 87 25.040588 -5.670406 5.432793 -1.331410 -0.244936 -2.054241
 88 28.779694 -6.856310 -0.811420 -1.465114 0.010440 -1.643808
 89 29.182281 -3.955567 -4.961964 0.928157 2.502401 0.583525
 90 25.040558 5.670406 5.432751 1.331518 -0.419277 2.099174
 91 28.779739 6.856310 -0.811401 1.465114 0.010441 1.643812
 92 29.182281 3.955564 -4.961941 -0.928157 2.502399 -0.583526
 93 -65.335655 -0.000020 1.140918 -3.141591 0.044911 0.000000
 94 26.290924 -12.205288 1.157882 -2.071447 -0.017454 0.065112
 95 49.071037 0.000007 0.000009 2.179705 0.127556 -0.112856
 96 61.871315 -0.000015 -0.000021 3.080256 0.672597 0.035641
 97 26.290924 12.205295 1.157842 2.044502 0.127786 -0.159169
 98 49.071060 0.000004 -0.000036 -2.187262 0.154733 0.063501
 99 61.871300 0.000023 -0.000027 -2.944714 0.642381 0.102745
100 -0.698074 -11.192116 -8.252762 1.297740 -0.102142 -0.850217
101 20.568237 0.000000 -0.000015 0.009920 0.394441 -0.146170
102 0.223785 -5.734809 -12.929604 -2.934460 0.721293 0.131686
103 20.803566 0.000001 -0.000031 0.066771 0.210983 -0.017649
104 -1.040024 -3.033968 12.140511 1.554517 0.104601 -1.288764
105 -1.040009 3.034004 12.140499 -1.554518 0.104604 1.288764
106 4.165451 -5.407045 12.088390 0.854937 -0.629941 -0.629908
107 16.599442 0.000000 -0.000031 -0.047935 -0.051683 0.045016
108 4.165482 5.407080 12.088381 -0.752567 -0.468332 0.438270
109 16.599380 0.000009 -0.000031 0.046299 0.177590 -0.032253
110 6.428391 0.000001 -0.288944 -0.000001 -0.000000 -0.000000
111 -1.833786 -13.936460 1.224504 1.552448 0.040995 -0.420999
112 20.406944 -0.000002 -0.000023 0.000000 -0.016932 0.000000
113 21.655495 -0.000002 -0.000015 -0.003684 -0.044734 -0.006470
114 22.360672 -0.000002 -0.000031 0.077474 -0.229731 0.075278
115 22.519657 -0.000005 -0.000023 0.064092 0.266959 0.113901
116 22.140388 -0.000008 -0.000015 0.021895 0.284655 0.098594
117 -1.699219 -12.875611 4.918509 1.116385 -0.148284 -0.380891
118 20.938599 0.000013 0.000000 0.034482 -0.012972 -0.016104
119 21.993607 -0.000005 -0.000061 0.009189 -0.042663 -0.011543
120 22.563797 -0.000012 -0.000008 0.070094 -0.304506 0.072745
121 22.643345 -0.000001 -0.000031 0.039246 0.184402 0.110712
122 22.238060 -0.000011 -0.000031 -0.015973 0.190804 0.099435
123 -1.634354 -9.854567 8.052346 0.714077 -0.292095 -0.280759
124 22.205299 0.000001 -0.000023 0.042841 -0.006102 -0.020254
125 22.804390 -0.000005 -0.000046 0.013896 -0.041944 -0.011663
126 23.051659 0.000005 -0.000008 0.056215 -0.371856 0.046661
127 22.939972 0.000004 -0.000053 0.023443 0.108394 0.078316
128 22.472065 0.000000 -0.000031 -0.020888 0.106021 0.077806
129 -1.616150 -5.333254 10.147437 0.347094 -0.374743 -0.146641
130 23.451302 -0.000000 -0.000023 0.027042 -0.001892 -0.012901
131 23.608017 -0.000003 -0.000031 0.009381 -0.042626 -0.006790
132 23.536232 -0.000001 -0.000023 0.040874 -0.419862 0.005057
133 23.233967 0.000001 0.000008 0.020258 0.055070 0.027587
134 22.703678 0.000006 -0.000023 -0.001707 0.049873 0.033752
135 -1.614532 -0.000000 10.883349 -0.000000 -0.400842 0.000000
136 23.962143 0.000001 -0.000046 0.000000 -0.000699 0.000000
137 23.938972 -0.000003 0.000008 -0.000273 -0.043634 0.001129
138 23.736038 -0.000003 -0.000031 0.023394 -0.155903 -0.037957
139 23.354980 0.000006 -0.000038 0.020476 0.030737 -0.029997
140 22.798946 -0.000008 -0.000031 0.026492 0.026151 -0.026460
141 -1.616150 5.333250 10.147422 -0.347094 -0.374742 0.146641
142 23.451309 -0.000006 0.000000 -0.027042 -0.001892 0.012901
143 23.608017 -0.000002 -0.000038 -0.009567 -0.044312 0.009150
144 23.536255 -0.000001 -0.000015 0.005758 -0.440399 -0.093723
145 23.233971 -0.000016 -0.000038 0.021184 0.036813 -0.094350
146 22.703671 0.000013 -0.000015 0.052024 0.034545 -0.088567
147 -1.634354 9.854565 8.052344 -0.714078 -0.292096 0.280760
148 22.205254 0.000003 0.000000 -0.042841 -0.006101 0.020254
149 22.804451 0.000002 -0.000069 -0.013667 -0.045176 0.012954
150 23.051643 -0.000007 -0.000008 -0.015742 -0.411366 -0.141871
151 22.939968 -0.000004 -0.000023 0.007492 0.071969 -0.153986
152 22.472069 0.000008 -0.000038 0.059365 0.074992 -0.149965
153 -1.699219 12.875607 4.918525 -1.116385 -0.148284 0.380891
154 20.938591 0.000019 0.000000 -0.034482 -0.012973 0.016104
155 21.993599 -0.000005 -0.000069 -0.012521 -0.003068 0.005924
156 22.563812 0.000001 -0.000015 -0.041176 -0.358826 -0.177481
157 22.643353 0.000013 -0.000053 -0.025189 0.131317 -0.198860
158 22.238037 0.000002 -0.000023 0.033672 0.142441 -0.196517
159 -1.833786 13.936458 1.224504 -1.552447 0.040994 0.420999
160 20.406960 0.000005 -0.000038 -0.000000 -0.016932 -0.000000
161 21.655518 0.000009 -0.000008 -0.000000 -0.003038 0.000000
162 22.360657 0.000002 -0.000023 -0.065482 -0.290950 -0.193107
163 22.519672 0.000006 -0.000015 -0.073112 0.202925 -0.223664
164 22.140381 0.000008 -0.000008 -0.033728 0.221813 -0.199189
165 -1.972580 12.875609 -3.614555 -1.827109 0.155326 0.386830
166 20.655182 0.000007 -0.000023 0.014659 -0.017050 -0.006451
167 21.762260 0.000003 -0.000023 0.001499 -0.052501 0.006949
168 22.392159 0.000011 -0.000023 -0.083791 -0.245902 -0.184831
169 22.541340 0.000015 -0.000023 -0.116536 0.248413 -0.233018
170 22.217495 0.000011 -0.000031 -0.094584 0.269554 -0.205184
171 -1.967331 9.854567 -7.722432 -2.161803 0.248066 0.289766
172 21.272736 0.000003 -0.000015 0.025990 -0.015445 -0.009916
173 22.032509 0.000022 -0.000046 0.000430 -0.056835 0.006128
174 22.475662 0.000002 -0.000015 -0.086320 -0.198106 -0.169592
175 22.598717 0.000006 -0.000008 -0.134627 0.293996 -0.215882
176 22.407982 0.000023 -0.000015 -0.121734 0.311560 -0.179928
177 -1.900848 5.333252 -10.470076 -2.601403 0.305546 0.153178
178 21.914322 0.000006 -0.000023 0.024266 -0.010747 -0.007792
179 22.319847 -0.000009 -0.000008 -0.000703 -0.059787 0.003766
180 22.569626 -0.000001 -0.000015 -0.065860 -0.146735 -0.137235
181 22.663219 0.000020 -0.000031 -0.112345 0.340539 -0.171970
182 22.604527 0.000019 -0.000015 -0.102113 0.345784 -0.140502
183 -1.865585 -0.000002 -11.435440 -3.141592 0.324581 -0.000000
184 22.186661 -0.000004 -0.000008 0.000000 -0.007676 0.000000
185 22.443718 -0.000003 -0.000015 -0.000728 -0.059896 -0.000541
186 22.611549 -0.000005 -0.000015 -0.014975 -0.109440 -0.079400
187 22.692017 0.000004 0.000000 -0.035397 0.375318 -0.086795
188 22.687660 0.000010 0.000000 -0.039859 0.371625 -0.087693
189 -1.900848 -5.333257 -10.470070 2.601403 0.305546 -0.153178
190 21.914337 0.000008 -0.000015 -0.024267 -0.010746 0.007792
191 22.319824 -0.000020 -0.000008 -0.000522 -0.057315 -0.004550
192 22.569626 0.000007 -0.000038 0.042933 -0.112378 -0.016025
193 22.663231 -0.000018 0.000000 0.044330 0.377886 -0.001015
194 22.604527 0.000002 0.000004 0.034123 0.378668 -0.015720
195 -1.967300 -9.854565 -7.722440 2.161803 0.248066 -0.289766
196 21.272705 -0.000016 -0.000008 -0.025990 -0.015445 0.009916
197 22.032478 0.000004 -0.000023 -0.001439 -0.052874 -0.006314
198 22.475693 -0.000006 -0.000038 0.073640 -0.144250 0.030795
199 22.598701 0.000005 -0.000015 0.083023 0.353287 0.060210
200 22.407990 -0.000014 -0.000015 0.077908 0.367577 0.041864
201 -1.972580 -12.875609 -3.614562 1.827110 0.155326 -0.386831
202 20.655182 0.000010 -0.000023 -0.014659 -0.017050 0.006451
203 21.762268 -0.000007 -0.000015 -0.002713 -0.047868 -0.006763
204 22.392174 -0.000002 -0.000038 0.082477 -0.184713 0.057959
205 22.541328 -0.000007 -0.000031 0.084230 0.314987 0.095399
206 22.217503 -0.000004 -0.000015 0.068202 0.335980 0.084621
207 0.059621 0.456168 0.250107 0.000000 -0.000000 0.000000
208 0.059621 0.456168 0.250107 0.000000 -0.000000 0.000000
time 19
  0 0.059621 0.456168 0.250107 0.000000 -0.000000 0.000000
  1 0.059621 0.456168 0.250107 0.000000 -0.000000 0.000000
  2 0.059621 0.456168 0.250107 0.000000 -0.000000 0.000000
  3 0.059621 0.456168 0.250107 0.000000 -0.000000 0.000000
  4 0.059621 0.456168 0.250107 0.000000 -0.000000 0.000000
  5 0.059621 0.456168 0.250107 0.000000 -0.000000 0.000000
  6 0.059621 0.456168 0.250107 0.000000 -0.000000 0.000000
  7 0.059621 0.456168 0.250107 0.000000 -0.000000 0.000000
  8 0.059621 0.456168 0.250107 0.000000 -0.000000 0.000000
  9 0.059621 0.456168 0.250107 0.000000 -0.000000 0.000000
 10 -7.743204 -52.153614 147.909103 -1.272759 -0.058145 -0.613202
 11 24.668251 0.000000 -0.000038 1.030751 -0.163158 -0.107432
 12 30.380150 -0.000008 0.000015 1.600205 0.366334 0.032454
 13 19.902092 0.000000 0.000000 0.018112 -0.356265 -0.114139
 14 60.954380 52.352432 107.458252 -1.093082 3.004258 -0.298585
 15 35.349510 0.000015 0.000019 -1.287406 -0.156412 -0.169760
 16 37.124321 -0.000023 -0.000031 -0.781276 0.046140 -0.208587
 17 0.059621 0.456168 0.250107 0.064768 -0.005215 -0.156772
 18 0.059621 0.456168 105.425468 1.570796 1.570796 0.000000
 19 -65.799538 -0.000020 1.142855 0.000000 0.000515 3.141077
 20 11.181580 0.005760 -0.002411 0.000000 0.254797 0.000515
 21 27.835175 -0.000000 0.000015 -3.141592 -0.129896 -0.000000
 22 5.330383 -0.000001 -0.000002 -3.069571 -0.004451 -0.137864
 23 10.134903 -4.133396 3.834202 -0.422018 -0.933870 -2.793797
 24 10.134903 4.133396 3.834200 0.422035 -0.933865 2.793781
 25 22.592361 0.000004 17.467113 -0.000010 2.956431 0.000000
 26 21.199982 -7.744015 14.169518 -0.644457 -0.154503 -3.025319
 27 18.142044 -13.440231 7.965775 1.255303 -0.412687 2.998363
 28 21.199966 7.744019 14.169498 0.644460 -0.154503 3.025318
 29 18.141998 13.440232 7.965773 -0.316157 -0.180196 -3.082644
 30 11.858871 -13.360004 3.526514 1.542249 3.132957 0.174415
 31 9.463303 -16.404869 -2.906044 1.542282 3.132901 0.176490
 32 9.125259 -10.885475 -11.371326 0.000496 2.962373 0.000256
 33 11.858856 13.360001 3.526472 -1.542248 3.132957 -0.174414
 34 9.463272 16.404863 -2.906025 -1.542281 3.132900 -0.176490
 35 9.125275 10.885471 -11.371307 -0.000492 2.962373 0.000256
 36 9.023239 -0.000004 -17.296177 0.000180 -0.167048 -3.141356
 37 12.691422 -0.000006 -19.438763 0.000000 2.267470 0.000000
 38 10.989410 0.000006 -0.000015 0.000000 0.298109 0.000000
 39 12.871475 -10.586842 -15.652468 1.171391 2.752253 0.724761
 40 10.727013 0.000010 -0.000046 -0.045725 0.287054 0.002763
 41 12.871460 10.586838 -15.652472 -1.171391 2.752253 -0.724760
 42 10.726990 -0.000024 0.000015 0.045725 0.287054 -0.002763
 43 12.847229 -17.570087 -4.701338 1.390850 2.923291 0.857525
 44 11.496490 0.000008 -0.000031 -0.093966 0.325600 0.009264
 45 12.847183 17.570076 -4.701359 -1.390849 2.923290 -0.857525
 46 11.496475 -0.000002 -0.000015 0.093966 0.325600 -0.009264
 47 28.485977 0.000004 16.460358 -0.000001 -0.285467 0.000000
 48 23.052765 -6.207911 -0.077290 -1.470206 0.035100 -1.833545
 49 9.436901 -0.000008 -0.000015 0.010287 0.719032 0.003503
 50 31.269356 0.000010 -0.000031 -0.006701 -0.168507 0.008666
 51 28.756516 0.000010 -0.000046 -0.001117 -0.047672 0.001416
 52 2.251991 -2.464407 -1.141647 0.481305 0.508197 -0.319329
 53 3.674049 -0.000017 0.000023 -0.277611 0.179024 0.194713
 54 3.614685 0.000012 0.000000 0.013156 0.193871 -0.001558
 55 9.035503 -2.494946 0.484543 -0.001362 0.302449 0.001673
 56 2.943581 0.000000 -0.000015 0.010585 0.293657 -0.007800
 57 2.649429 0.000000 0.000015 -0.006498 0.303243 0.008512
 58 9.093620 -0.386671 0.647690 0.020190 0.475380 -0.012607
 59 3.451889 0.000004 -0.000008 -0.014209 0.528778 0.009212
 60 2.898178 -0.000002 0.000032 -0.000683 0.490858 0.000916
 61 8.894581 1.605852 0.371887 -0.000566 0.547851 0.000704
 62 3.130409 0.000002 0.000038 0.003896 0.567158 -0.005064
 63 2.629547 0.000004 -0.000038 0.004892 0.544388 -0.006589
 64 8.470619 3.459528 0.131485 -0.021715 0.541478 0.011456
 65 2.410263 0.000000 -0.000053 0.022815 0.529939 -0.013321
 66 2.000793 0.000006 0.000011 -0.005415 0.533618 0.007402
 67 23.052780 6.207910 -0.077309 1.481823 0.058643 2.080206
 68 9.436897 0.000017 -0.000031 0.151662 0.418551 0.413166
 69 31.269348 -0.000008 -0.000038 0.005408 0.228517 1.866057
 70 28.756500 0.000000 0.000015 0.252832 0.131659 -0.066089
 71 2.251892 2.464417 -1.141556 -0.513217 0.249535 0.112914
 72 3.674084 0.000006 -0.000015 0.331388 -0.059506 -0.325011
 73 3.614674 0.000000 0.000015 0.067360 -0.216133 -0.086857
 74 9.035416 2.494949 0.484436 0.001362 -0.011534 -0.001673
 75 2.943565 0.000008 -0.000031 -0.011497 -0.020268 0.014556
 76 2.649445 0.000000 0.000015 0.006498 -0.010740 -0.008512
 77 9.093689 0.386688 0.647797 -0.018031 0.093461 0.020165
 78 3.451859 0.000000 -0.000015 0.014953 0.008589 -0.019838
 79 2.898201 0.000008 -0.000015 0.000684 -0.029445 -0.000917
 80 8.894409 -1.605850 0.371918 0.000566 0.090541 -0.000704
 81 3.130432 0.000000 -0.000046 -0.003896 -0.009289 0.005063
 82 2.629524 0.000008 0.000015 -0.004892 -0.032059 0.006589
 83 8.470596 -3.459534 0.131393 0.018786 0.137518 -0.020073
 84 2.410275 0.000008 -0.000015 -0.024238 -0.029075 0.031299
 85 2.000755 0.000008 0.000015 0.005415 -0.025697 -0.007402
 86 9.832344 1.463074 -1.299423 0.016522 -0.031798 -0.020624
 87 25.040604 -5.670405 5.432789 -1.332508 -0.246080 -2.049572
 88 28.779709 -6.856310 -0.811424 -1.465050 0.009948 -1.639154
 89 29.182297 -3.955567 -4.961967 0.930798 2.499527 0.588066
 90 25.040573 5.670407 5.432747 1.333497 -0.420448 2.094229
 91 28.779755 6.856310 -0.811405 1.465050 0.009949 1.639158
 92 29.182297 3.955564 -4.961941 -0.930798 2.499527 -0.588067
 93 -65.335655 -0.000020 1.140918 -3.141591 0.044911 0.000000
 94 26.290924 -12.205288 1.157882 -2.071447 -0.017454 0.065112
 95 49.071037 0.000007 0.000009 2.179705 0.127556 -0.112856
 96 61.871315 -0.000015 -0.000019 3.080256 0.672597 0.035641
 97 26.290924 12.205295 1.157842 2.044502 0.127786 -0.159169
 98 49.071060 0.000004 -0.000038 -2.187262 0.154733 0.063501
 99 61.871304 0.000023 -0.000027 -2.944714 0.642381 0.102745
100 -0.698074 -11.192116 -8.252762 1.298624 -0.104592 -0.858963
101 20.568245 0.000000 -0.000015 0.009913 0.370462 -0.146001
102 0.223770 -5.734809 -12.929604 -2.932840 0.730143 0.134138
103 20.803574 0.000001 -0.000031 0.066725 0.188613 -0.019090
104 -1.040024 -3.033968 12.140511 1.554517 0.104601 -1.288764
105 -1.040009 3.034004 12.140499 -1.554518 0.104604 1.288764
106 4.165436 -5.407045 12.088390 0.854937 -0.629941 -0.629908
107 16.599442 0.000000 -0.000031 -0.047935 -0.051683 0.045016
108 4.165466 5.407080 12.088381 -0.753146 -0.469250 0.440836
109 16.599396 0.000010 -0.000038 0.046335 0.175405 -0.032374
110 6.428375 0.000001 -0.288944 -0.000001 -0.000000 -0.000000
111 -1.833771 -13.936461 1.224505 1.552448 0.040995 -0.420999
112 20.406960 -0.000002 -0.000031 0.000000 -0.016932 0.000000
113 21.655502 -0.000002 -0.000023 -0.003986 -0.046657 -0.007000
114 22.360672 -0.000002 -0.000023 0.077213 -0.231614 0.074606
115 22.519653 -0.000005 -0.000015 0.064135 0.278553 0.114275
116 22.140388 -0.000010 -0.000031 0.021895 0.296271 0.098594
117 -1.699203 -12.875612 4.918509 1.116385 -0.148284 -0.380891
118 20.938583 0.000013 0.000000 0.034482 -0.012972 -0.016104
119 21.993607 -0.000005 -0.000053 0.008916 -0.044271 -0.012004
120 22.563797 -0.000013 0.000000 0.069888 -0.306087 0.072164
121 22.643349 -0.000001 -0.000038 0.039260 0.196009 0.110840
122 22.238049 -0.000013 -0.000031 -0.015957 0.202407 0.098890
123 -1.634338 -9.854568 8.052347 0.714077 -0.292095 -0.280759
124 22.205299 0.000001 -0.000031 0.042841 -0.006102 -0.020254
125 22.804398 -0.000005 -0.000046 0.013689 -0.043296 -0.011975
126 23.051666 0.000002 -0.000008 0.056064 -0.373196 0.046246
127 22.939976 0.000003 -0.000046 0.023443 0.120007 0.078381
128 22.472069 0.000000 -0.000023 -0.020860 0.117624 0.077275
129 -1.616135 -5.333253 10.147438 0.347094 -0.374743 -0.146641
130 23.451302 -0.000000 -0.000023 0.027042 -0.001892 -0.012901
131 23.608017 -0.000003 -0.000031 0.009263 -0.043813 -0.006918
132 23.536232 -0.000000 -0.000031 0.040787 -0.421048 0.004856
133 23.233974 0.000001 0.000015 0.020235 0.066684 0.027663
134 22.703682 0.000008 -0.000023 -0.001707 0.061489 0.033752
135 -1.614517 -0.000000 10.883350 -0.000000 -0.400842 0.000000
136 23.962143 0.000001 -0.000031 0.000000 -0.000699 0.000000
137 23.938972 -0.000003 0.000008 -0.000296 -0.044750 0.001170
138 23.736031 -0.000003 -0.000023 0.023313 -0.144290 -0.037773
139 23.354973 0.000006 -0.000046 0.020384 0.042348 -0.029724
140 22.798943 -0.000008 -0.000023 0.026466 0.037763 -0.026149
141 -1.616135 5.333251 10.147423 -0.347094 -0.374742 0.146641
142 23.451294 -0.000006 0.000000 -0.027042 -0.001892 0.012901
143 23.608032 -0.000002 -0.000038 -0.009522 -0.045448 0.009345
144 23.536240 0.000000 -0.000015 0.005771 -0.441543 -0.093474
145 23.233967 -0.000018 -0.000031 0.021167 0.048426 -0.094102
146 22.703667 0.000014 -0.000008 0.051979 0.046146 -0.087959
147 -1.634338 9.854564 8.052345 -0.714078 -0.292096 0.280760
148 22.205254 0.000003 0.000000 -0.042841 -0.006101 0.020254
149 22.804459 0.000002 -0.000076 -0.013577 -0.046431 0.013373
150 23.051643 -0.000009 0.000000 -0.015690 -0.412623 -0.141416
151 22.939976 -0.000003 -0.000031 0.007492 0.083585 -0.153985
152 22.472073 0.000008 -0.000046 0.059111 0.086538 -0.148706
153 -1.699203 12.875607 4.918525 -1.116385 -0.148284 0.380891
154 20.938591 0.000019 0.000000 -0.034482 -0.012973 0.016104
155 21.993599 -0.000005 -0.000061 -0.012521 -0.003068 0.005924
156 22.563812 0.000001 -0.000015 -0.041103 -0.360290 -0.176882
157 22.643353 0.000011 -0.000046 -0.025196 0.142929 -0.198942
158 22.238026 0.000006 -0.000015 0.033574 0.154004 -0.195420
159 -1.833771 13.936457 1.224505 -1.552447 0.040994 0.420999
160 20.406944 0.000005 -0.000038 -0.000000 -0.016932 -0.000000
161 21.655502 0.000009 -0.000015 -0.000000 -0.003038 0.000000
162 22.360657 0.000002 -0.000015 -0.065342 -0.292694 -0.192418
163 22.519661 0.000004 -0.000015 -0.073166 0.214511 -0.224020
164 22.140377 0.000008 -0.000015 -0.033684 0.233426 -0.198909
165 -1.972565 12.875608 -3.614555 -1.827109 0.155326 0.386830
166 20.655167 0.000007 -0.000015 0.014659 -0.017050 -0.006451
167 21.762253 0.000003 -0.000015 0.001685 -0.054486 0.007490
168 22.392159 0.000010 -0.000023 -0.083614 -0.247850 -0.184087
169 22.541344 0.000013 -0.000031 -0.116650 0.259954 -0.233770
170 22.217499 0.000011 -0.000023 -0.094446 0.281160 -0.205300
171 -1.967316 9.854567 -7.722432 -2.161803 0.248066 0.289766
172 21.272736 0.000003 -0.000008 0.025990 -0.015445 -0.009916
173 22.032516 0.000022 -0.000046 0.000530 -0.059045 0.006585
174 22.475662 0.000001 -0.000023 -0.086182 -0.200290 -0.168912
175 22.598717 0.000006 -0.000023 -0.134818 0.305513 -0.216818
176 22.407978 0.000015 -0.000023 -0.121931 0.323096 -0.180732
177 -1.900833 5.333252 -10.470076 -2.601403 0.305546 0.153178
178 21.914322 0.000006 -0.000023 0.024266 -0.010747 -0.007792
179 22.319847 -0.000009 -0.000008 -0.000681 -0.062230 0.004038
180 22.569618 -0.000002 -0.000015 -0.065792 -0.149170 -0.136781
181 22.663216 0.000019 -0.000023 -0.112575 0.352087 -0.172760
182 22.604523 0.000017 -0.000019 -0.102353 0.357344 -0.141203
183 -1.865570 -0.000002 -11.435440 -3.141592 0.324581 -0.000000
184 22.186676 -0.000004 -0.000008 0.000000 -0.007676 0.000000
185 22.443726 -0.000003 -0.000008 -0.000787 -0.062480 -0.000562
186 22.611534 -0.000005 -0.000015 -0.014990 -0.112031 -0.079391
187 22.692009 0.000004 0.000000 -0.035508 0.386927 -0.086975
188 22.687653 0.000010 0.000000 -0.039856 0.383240 -0.087737
189 -1.900833 -5.333257 -10.470070 2.601403 0.305546 -0.153178
190 21.914337 0.000008 -0.000019 -0.024267 -0.010746 0.007792
191 22.319824 -0.000020 -0.000008 -0.000674 -0.059831 -0.004856
192 22.569618 0.000007 -0.000038 0.042794 -0.114896 -0.016363
193 22.663239 -0.000018 0.000000 0.044369 0.389492 -0.000502
194 22.604530 0.000002 0.000004 0.034157 0.390278 -0.015325
195 -1.967285 -9.854565 -7.722440 2.161803 0.248066 -0.289766
196 21.272720 -0.000016 -0.000008 -0.025990 -0.015445 0.009916
197 22.032478 0.000004 -0.000031 -0.001671 -0.055201 -0.006786
198 22.475693 -0.000005 -0.000031 0.073417 -0.146561 0.030160
199 22.598709 0.000005 -0.000015 0.083087 0.364866 0.060882
200 22.407993 -0.000013 -0.000023 0.077971 0.379160 0.042472
201 -1.972565 -12.875610 -3.614562 1.827110 0.155326 -0.386831
202 20.655182 0.000010 -0.000023 -0.014659 -0.017050 0.006451
203 21.762283 -0.000007 -0.000015 -0.002999 -0.049990 -0.007288
204 22.392159 -0.000005 -0.000038 0.082215 -0.186805 0.057265
205 22.541336 -0.000010 -0.000031 0.084294 0.326565 0.096007
206 22.217506 -0.000006 -0.000015 0.068261 0.347571 0.085047
207 0.059621 0.456168 0.250107 0.000000 -0.000000 0.000000
208 0.059621 0.456168 0.250107 0.000000 -0.000000 0.000000
time 20
  0 0.059621 0.456168 0.250107 0.000000 -0.000000 0.000000
  1 0.059621 0.456168 0.250107 0.000000 -0.000000 0.000000
  2 0.059621 0.456168 0.250107 0.000000 -0.000000 0.000000
  3 0.059621 0.456168 0.250107 0.000000 -0.000000 0.000000
  4 0.059621 0.456168 0.250107 0.000000 -0.000000 0.000000
  5 0.059621 0.456168 0.250107 0.000000 -0.000000 0.000000
  6 0.059621 0.456168 0.250107 0.000000 -0.000000 0.000000
  7 0.059621 0.456168 0.250107 0.000000 -0.000000 0.000000
  8 0.059621 0.456168 0.250107 0.000000 -0.000000 0.000000
  9 0.059621 0.456168 0.250107 0.000000 -0.000000 0.000000
 10 -16.616037 -48.155529 155.169556 -1.272726 -0.068106 -0.788714
 11 24.668251 0.000015 -0.000046 1.029556 -0.150389 -0.111290
 12 30.380142 -0.000008 -0.000008 1.590252 0.374681 -0.017815
 13 19.902084 -0.000015 0.000015 0.021867 -0.389112 -0.126178
 14 70.339439 49.501514 107.458252 -1.124792 3.017660 -0.394722
 15 35.349514 0.000008 0.000008 -1.289100 -0.150720 -0.173061
 16 37.124317 -0.000019 -0.000031 -0.723342 -0.054575 -0.332245
 17 0.059621 0.456168 0.250107 0.064768 -0.005215 -0.156772
 18 0.059621 0.456168 106.337914 1.570796 1.570796 0.000000
 19 -65.799538 -0.000020 1.142855 0.000000 0.000515 3.141077
 20 11.181564 0.005760 -0.002411 0.000000 0.254797 0.000515
 21 27.835175 -0.000000 0.000015 -3.141592 -0.129896 -0.000000
 22 5.330383 -0.000001 0.000000 -3.069576 -0.004482 -0.137432
 23 10.134888 -4.133396 3.834200 -0.422373 -0.934454 -2.793355
 24 10.134888 4.133398 3.834200 0.422390 -0.934449 2.793339
 25 22.592346 0.000004 17.467113 -0.000010 2.956431 0.000000
 26 21.199982 -7.744015 14.169525 -0.644457 -0.154503 -3.025319
 27 18.142029 -13.440235 7.965776 1.256721 -0.424923 2.993927
 28 21.199966 7.744019 14.169502 0.644460 -0.154503 3.025318
 29 18.141998 13.440236 7.965775 -0.316157 -0.180196 -3.082644
 30 11.858871 -13.360004 3.526516 1.542249 3.132957 0.174415
 31 9.463272 -16.404873 -2.906044 1.542282 3.132901 0.176490
 32 9.125229 -10.885475 -11.371325 0.000496 2.962373 0.000256
 33 11.858841 13.360004 3.526472 -1.542248 3.132957 -0.174414
 34 9.463257 16.404867 -2.906025 -1.542281 3.132900 -0.176490
 35 9.125259 10.885475 -11.371307 -0.000492 2.962373 0.000256
 36 9.023224 -0.000002 -17.296175 0.000180 -0.167048 -3.141356
 37 12.691391 -0.000002 -19.438765 0.000000 2.254536 0.000000
 38 10.989410 0.000006 -0.000015 0.000000 0.194656 0.000000
 39 12.871460 -10.586842 -15.652470 1.175698 2.746804 0.737259
 40 10.727020 0.000008 -0.000031 -0.045629 0.183673 0.007049
 41 12.871445 10.586842 -15.652472 -1.175697 2.746804 -0.737258
 42 10.726974 -0.000022 0.000015 0.045629 0.183672 -0.007049
 43 12.847214 -17.570087 -4.701338 1.393428 2.920713 0.870458
 44 11.496506 0.000006 -0.000046 -0.093297 0.222493 0.018075
 45 12.847183 17.570082 -4.701359 -1.393427 2.920712 -0.870458
 46 11.496475 -0.000002 -0.000015 0.093297 0.222493 -0.018075
 47 28.485947 0.000004 16.460361 -0.000001 -0.298401 0.000000
 48 23.052765 -6.207912 -0.077290 -1.470206 0.035100 -1.833545
 49 9.436909 -0.000004 -0.000015 0.010287 0.719201 0.003503
 50 31.269348 0.000010 -0.000023 -0.006701 -0.181010 0.008666
 51 28.756516 0.000010 -0.000046 -0.001117 -0.053808 0.001416
 52 2.251991 -2.464409 -1.141632 0.481305 0.508197 -0.319329
 53 3.674042 -0.000013 0.000015 -0.277611 0.179024 0.194713
 54 3.614716 0.000011 -0.000008 0.013156 0.193871 -0.001558
 55 9.035503 -2.494946 0.484558 -0.001362 0.302449 0.001673
 56 2.943573 0.000000 -0.000015 0.010585 0.293657 -0.007800
 57 2.649437 0.000004 0.000015 -0.006498 0.303243 0.008512
 58 9.093624 -0.386669 0.647705 0.020190 0.475380 -0.012607
 59 3.451897 0.000004 0.000000 -0.014209 0.528778 0.009212
 60 2.898193 0.000000 0.000034 -0.000683 0.490858 0.000916
 61 8.894588 1.605852 0.371887 -0.000566 0.547851 0.000704
 62 3.130394 0.000000 0.000038 0.003896 0.567158 -0.005064
 63 2.629517 0.000002 -0.000038 0.004892 0.544388 -0.006589
 64 8.470619 3.459528 0.131485 -0.021715 0.541478 0.011456
 65 2.410271 0.000000 -0.000046 0.022815 0.529939 -0.013321
 66 2.000778 0.000002 0.000011 -0.005415 0.533618 0.007402
 67 23.052780 6.207912 -0.077309 1.481823 0.058644 2.080206
 68 9.436890 0.000017 -0.000015 0.151662 0.418551 0.413166
 69 31.269348 -0.000015 -0.000038 -0.007159 0.226302 1.865001
 70 28.756508 0.000008 0.000000 0.249291 0.110725 -0.075023
 71 2.251892 2.464409 -1.141556 -0.513217 0.249535 0.112914
 72 3.674084 0.000002 -0.000015 0.331388 -0.059506 -0.325011
 73 3.614677 0.000008 0.000015 0.067360 -0.216133 -0.086857
 74 9.035416 2.494965 0.484436 0.001362 -0.011534 -0.001673
 75 2.943565 0.000015 -0.000031 -0.011497 -0.020268 0.014556
 76 2.649452 0.000000 0.000031 0.006498 -0.010740 -0.008512
 77 9.093689 0.386681 0.647781 -0.018031 0.093461 0.020165
 78 3.451859 0.000000 0.000000 0.014953 0.008589 -0.019838
 79 2.898201 -0.000008 -0.000015 0.000683 -0.029445 -0.000917
 80 8.894417 -1.605835 0.371918 0.000566 0.090541 -0.000704
 81 3.130424 0.000000 -0.000046 -0.003896 -0.009289 0.005063
 82 2.629524 0.000008 0.000031 -0.004892 -0.032059 0.006589
 83 8.470612 -3.459503 0.131409 0.018786 0.137518 -0.020073
 84 2.410271 0.000000 -0.000015 -0.024238 -0.029075 0.031299
 85 2.000755 0.000000 0.000015 0.005415 -0.025697 -0.007402
 86 9.832352 1.463081 -1.299423 0.016522 -0.031798 -0.020624
 87 25.040588 -5.670406 5.432793 -1.333488 -0.247100 -2.045408
 88 28.779709 -6.856312 -0.811420 -1.464993 0.009509 -1.635004
 89 29.182312 -3.955567 -4.961960 0.933154 2.496965 0.592116
 90 25.040588 5.670409 5.432755 1.335262 -0.421492 2.089820
 91 28.779755 6.856312 -0.811401 1.464993 0.009510 1.635007
 92 29.182297 3.955565 -4.961941 -0.933154 2.496964 -0.592117
 93 -65.335655 -0.000020 1.140918 -3.141591 0.044911 0.000000
 94 26.290924 -12.205289 1.157883 -2.071447 -0.017454 0.065112
 95 49.071030 0.000009 0.000009 2.179705 0.127556 -0.112856
 96 61.871315 -0.000015 -0.000023 3.080256 0.672597 0.035641
 97 26.290924 12.205294 1.157842 2.044502 0.127786 -0.159169
 98 49.071068 0.000004 -0.000036 -2.187262 0.154733 0.063501
 99 61.871300 0.000023 -0.000027 -2.944714 0.642381 0.102745
100 -0.698074 -11.192117 -8.252762 1.299500 -0.107018 -0.867623
101 20.568237 -0.000002 -0.000015 0.009906 0.341494 -0.145825
102 0.223785 -5.734809 -12.929605 -2.931236 0.738906 0.136566
103 20.803589 0.000001 -0.000031 0.066670 0.161587 -0.020832
104 -1.040009 -3.033968 12.140510 1.554517 0.104601 -1.288764
105 -1.039993 3.034004 12.140500 -1.554518 0.104604 1.288764
106 4.165451 -5.407045 12.088391 0.854937 -0.629941 -0.629908
107 16.599442 0.000000 -0.000031 -0.047935 -0.051683 0.045016
108 4.165482 5.407080 12.088380 -0.753845 -0.470358 0.443805
109 16.599380 0.000008 -0.000031 0.046378 0.172842 -0.032515
110 6.428391 0.000001 -0.288944 -0.000001 -0.000000 -0.000000
111 -1.833786 -13.936461 1.224504 1.552448 0.040995 -0.420999
112 20.406944 -0.000002 -0.000023 0.000000 -0.016932 0.000000
113 21.655495 -0.000002 -0.000023 -0.004285 -0.048503 -0.007525
114 22.360672 -0.000002 -0.000023 0.076955 -0.233421 0.073940
115 22.519661 -0.000005 -0.000023 0.064167 0.288055 0.114571
116 22.140396 -0.000011 -0.000015 0.021895 0.305792 0.098594
117 -1.699219 -12.875612 4.918509 1.116385 -0.148284 -0.380891
118 20.938599 0.000013 0.000000 0.034482 -0.012972 -0.016104
119 21.993607 -0.000005 -0.000061 0.008646 -0.045800 -0.012459
120 22.563797 -0.000011 -0.000008 0.069684 -0.307589 0.071590
121 22.643345 0.000001 -0.000046 0.039271 0.205523 0.110936
122 22.238049 -0.000010 -0.000031 -0.015945 0.211917 0.098443
123 -1.634354 -9.854568 8.052347 0.714077 -0.292095 -0.280759
124 22.205299 0.000001 -0.000031 0.042841 -0.006102 -0.020254
125 22.804398 -0.000005 -0.000046 0.013484 -0.044566 -0.012284
126 23.051666 0.000001 -0.000015 0.055914 -0.374453 0.045836
127 22.939976 0.000004 -0.000046 0.023443 0.129526 0.078429
128 22.472065 -0.000003 -0.000023 -0.020838 0.127135 0.076839
129 -1.616150 -5.333253 10.147438 0.347094 -0.374743 -0.146641
130 23.451302 -0.000000 -0.000023 0.027042 -0.001892 -0.012901
131 23.608025 -0.000003 -0.000023 0.009145 -0.044915 -0.007045
132 23.536232 -0.000000 -0.000038 0.040701 -0.422148 0.004656
133 23.233967 0.000003 0.000008 0.020211 0.076203 0.027720
134 22.703674 0.000009 -0.000015 -0.001707 0.071010 0.033752
135 -1.614517 -0.000000 10.883350 -0.000000 -0.400842 0.000000
136 23.962143 0.000001 -0.000038 0.000000 -0.000699 -0.000000
137 23.938957 -0.000003 0.000008 -0.000318 -0.045777 0.001209
138 23.736031 -0.000003 -0.000023 0.023245 -0.134772 -0.037626
139 23.354977 0.000006 -0.000046 0.020309 0.051864 -0.029504
140 22.798946 -0.000008 -0.000023 0.026446 0.047281 -0.025895
141 -1.616150 5.333251 10.147423 -0.347094 -0.374742 0.146641
142 23.451309 -0.000005 0.000000 -0.027042 -0.001892 0.012901
143 23.608025 -0.000002 -0.000038 -0.009479 -0.046492 0.009533
144 23.536240 -0.000000 -0.000015 0.005784 -0.442595 -0.093228
145 23.233974 -0.000016 -0.000031 0.021152 0.057945 -0.093899
146 22.703667 0.000016 -0.000008 0.051943 0.055654 -0.087460
147 -1.634354 9.854564 8.052345 -0.714078 -0.292096 0.280760
148 22.205254 0.000003 0.000000 -0.042841 -0.006101 0.020254
149 22.804451 0.000002 -0.000076 -0.013492 -0.047591 0.013787
150 23.051636 -0.000007 -0.000008 -0.015640 -0.413787 -0.140966
151 22.939972 -0.000005 -0.000023 0.007492 0.093106 -0.153985
152 22.472073 0.000008 -0.000046 0.058903 0.096002 -0.147674
153 -1.699219 12.875607 4.918525 -1.116385 -0.148284 0.380891
154 20.938591 0.000019 0.000000 -0.034482 -0.012973 0.016104
155 21.993599 -0.000005 -0.000061 -0.012521 -0.003068 0.005924
156 22.563812 0.000001 -0.000023 -0.041037 -0.361659 -0.176288
157 22.643356 0.000011 -0.000038 -0.025202 0.152447 -0.199003
158 22.238037 0.000004 -0.000015 0.033493 0.163482 -0.194522
159 -1.833786 13.936457 1.224504 -1.552447 0.040994 0.420999
160 20.406960 0.000005 -0.000038 -0.000000 -0.016932 -0.000000
161 21.655518 0.000009 -0.000015 -0.000000 -0.003038 0.000000
162 22.360649 0.000002 -0.000023 -0.065207 -0.294345 -0.191735
163 22.519669 0.000002 -0.000015 -0.073209 0.224007 -0.224298
164 22.140381 0.000008 -0.000015 -0.033648 0.242944 -0.198679
165 -1.972580 12.875608 -3.614555 -1.827109 0.155326 0.386830
166 20.655167 0.000007 -0.000015 0.014659 -0.017050 -0.006451
167 21.762253 0.000003 -0.000023 0.001869 -0.056377 0.008025
168 22.392159 0.000010 -0.000015 -0.083440 -0.249705 -0.183351
169 22.541351 0.000013 -0.000038 -0.116740 0.269413 -0.234369
170 22.217505 0.000011 -0.000031 -0.094333 0.290672 -0.205386
171 -1.967316 9.854566 -7.722432 -2.161803 0.248066 0.289766
172 21.272736 0.000003 -0.000008 0.025990 -0.015445 -0.009916
173 22.032516 0.000022 -0.000053 0.000628 -0.061163 0.007037
174 22.475662 0.000002 -0.000023 -0.086048 -0.202383 -0.168239
175 22.598717 0.000004 -0.000015 -0.134973 0.314953 -0.217568
176 22.407978 0.000019 -0.000023 -0.122089 0.332551 -0.181374
177 -1.900848 5.333252 -10.470076 -2.601403 0.305546 0.153178
178 21.914322 0.000006 -0.000023 0.024266 -0.010747 -0.007792
179 22.319839 -0.000009 -0.000004 -0.000660 -0.064586 0.004307
180 22.569626 -0.000002 -0.000023 -0.065729 -0.151519 -0.136331
181 22.663212 0.000021 -0.000023 -0.112761 0.361552 -0.173392
182 22.604519 0.000015 -0.000019 -0.102548 0.366818 -0.141763
183 -1.865585 -0.000002 -11.435440 -3.141592 0.324581 -0.000000
184 22.186676 -0.000004 -0.000008 0.000000 -0.007676 0.000000
185 22.443718 -0.000003 -0.000011 -0.000846 -0.064981 -0.000581
186 22.611542 -0.000005 -0.000015 -0.015006 -0.114540 -0.079382
187 22.692013 0.000005 0.000000 -0.035598 0.396443 -0.087116
188 22.687649 0.000011 0.000000 -0.039853 0.392759 -0.087769
189 -1.900848 -5.333256 -10.470070 2.601403 0.305546 -0.153178
190 21.914322 0.000008 -0.000015 -0.024267 -0.010746 0.007792
191 22.319817 -0.000020 -0.000004 -0.000825 -0.062270 -0.005157
192 22.569626 0.000008 -0.000038 0.042656 -0.117336 -0.016690
193 22.663231 -0.000018 -0.000008 0.044399 0.399004 -0.000081
194 22.604519 0.000002 0.000004 0.034182 0.399794 -0.015001
195 -1.967285 -9.854566 -7.722440 2.161803 0.248066 -0.289766
196 21.272705 -0.000016 -0.000008 -0.025990 -0.015445 0.009916
197 22.032471 0.000004 -0.000031 -0.001901 -0.057453 -0.007254
198 22.475693 -0.000006 -0.000031 0.073196 -0.148797 0.029531
199 22.598713 0.000001 -0.000031 0.083134 0.374357 0.061424
200 22.407978 -0.000013 -0.000008 0.078018 0.388655 0.042962
201 -1.972580 -12.875610 -3.614562 1.827110 0.155326 -0.386831
202 20.655182 0.000010 -0.000023 -0.014659 -0.017050 0.006451
203 21.762276 -0.000007 -0.000015 -0.003282 -0.052037 -0.007808
204 22.392174 -0.000004 -0.000038 0.081955 -0.188820 0.056577
205 22.541336 -0.000008 -0.000023 0.084342 0.336054 0.096495
206 22.217514 -0.000004 -0.000008 0.068305 0.357071 0.085385
207 0.059621 0.456168 0.250107 0.000000 -0.000000 0.000000
208 0.059621 0.456168 0.250107 0.000000 -0.000000 0.000000
time 21
  0 0.059621 0.456168 0.250107 0.000000 -0.000000 0.000000
  1 0.059621 0.456168 0.250107 0.000000 -0.000000 0.000000
  2 0.059621 0.456168 0.250107 0.000000 -0.000000 0.000000
  3 0.059621 0.456168 0.250107 0.000000 -0.000000 0.000000
  4 0.059621 0.456168 0.250107 0.000000 -0.000000 0.000000
  5 0.059621 0.456168 0.250107 0.000000 -0.000000 0.000000
  6 0.059621 0.456168 0.250107 0.000000 -0.000000 0.000000
  7 0.059621 0.456168 0.250107 0.000000 -0.000000 0.000000
  8 0.059621 0.456168 0.250107 0.000000 -0.000000 0.000000
  9 0.059621 0.456168 0.250107 0.000000 -0.000000 0.000000
 10 -25.348396 -43.500797 163.000702 -1.272683 -0.079624 -0.967139
 11 24.668251 0.000015 -0.000038 1.028492 -0.139031 -0.114722
 12 30.380150 0.000000 0.000015 1.579726 0.379940 -0.066106
 13 19.902092 -0.000015 0.000000 0.025980 -0.421203 -0.138432
 14 78.936340 46.476181 107.458252 -1.160892 3.031858 -0.491865
 15 35.349518 0.000000 0.000008 -1.291118 -0.143990 -0.176964
 16 37.124329 -0.000011 -0.000023 -0.700169 -0.094718 -0.380818
 17 0.059621 0.456168 0.250107 0.064768 -0.005215 -0.156772
 18 0.059621 0.456168 107.169205 1.570796 1.570796 0.000000
 19 -65.799545 -0.000020 1.142855 0.000000 0.000515 3.141077
 20 11.181564 0.005760 -0.002411 0.000000 0.254797 0.000515
 21 27.835175 -0.000000 0.000015 -3.141592 -0.129896 -0.000000
 22 5.330383 -0.000001 0.000000 -3.069587 -0.004572 -0.136175
 23 10.134903 -4.133392 3.834198 -0.423415 -0.936162 -2.792058
 24 10.134903 4.133396 3.834198 0.423432 -0.936157 2.792042
 25 22.592377 0.000004 17.467110 -0.000010 2.956431 0.000000
 26 21.200012 -7.744015 14.169521 -0.644457 -0.154503 -3.025319
 27 18.142029 -13.440231 7.965775 1.257982 -0.435807 2.989981
 28 21.199982 7.744017 14.169498 0.644460 -0.154503 3.025318
 29 18.141998 13.440234 7.965771 -0.316157 -0.180196 -3.082644
 30 11.858887 -13.360001 3.526512 1.542249 3.132957 0.174415
 31 9.463287 -16.404865 -2.906044 1.542282 3.132901 0.176490
 32 9.125259 -10.885471 -11.371326 0.000496 2.962373 0.000256
 33 11.858871 13.360004 3.526470 -1.542248 3.132957 -0.174414
 34 9.463257 16.404865 -2.906027 -1.542281 3.132900 -0.176490
 35 9.125275 10.885475 -11.371305 -0.000492 2.962373 0.000256
 36 9.023239 -0.000002 -17.296175 0.000180 -0.167048 -3.141356
 37 12.691422 -0.000004 -19.438765 0.000000 2.243032 0.000000
 38 10.989395 0.000004 -0.000015 0.000000 0.077490 0.000000
 39 12.871490 -10.586842 -15.652470 1.179529 2.741958 0.748376
 40 10.727020 0.000006 -0.000031 -0.045524 0.066589 0.011945
 41 12.871475 10.586842 -15.652472 -1.179528 2.741958 -0.748375
 42 10.726990 -0.000022 0.000015 0.045524 0.066588 -0.011945
 43 12.847229 -17.570087 -4.701338 1.395721 2.918420 0.881962
 44 11.496498 0.000010 -0.000031 -0.092570 0.105723 0.028123
 45 12.847198 17.570084 -4.701361 -1.395721 2.918419 -0.881962
 46 11.496490 -0.000001 -0.000031 0.092570 0.105723 -0.028123
 47 28.485977 0.000004 16.460358 -0.000001 -0.309905 0.000000
 48 23.052765 -6.207912 -0.077290 -1.470206 0.035100 -1.833545
 49 9.436905 -0.000006 -0.000015 0.010287 0.718884 0.003503
 50 31.269348 0.000011 -0.000031 -0.006701 -0.193357 0.008666
 51 28.756516 0.000008 -0.000046 -0.001117 -0.059868 0.001416
 52 2.251999 -2.464409 -1.141663 0.481305 0.508197 -0.319329
 53 3.674049 -0.000011 0.000015 -0.277611 0.179024 0.194713
 54 3.614700 0.000011 0.000000 0.013156 0.193871 -0.001558
 55 9.035522 -2.494944 0.484543 -0.001362 0.302449 0.001673
 56 2.943588 0.000000 -0.000015 0.010585 0.293657 -0.007800
 57 2.649429 0.000002 0.000008 -0.006498 0.303243 0.008512
 58 9.093636 -0.386669 0.647690 0.020190 0.475380 -0.012607
 59 3.451889 0.000002 -0.000008 -0.014209 0.528778 0.009212
 60 2.898193 0.000000 0.000038 -0.000683 0.490858 0.000916
 61 8.894596 1.605850 0.371887 -0.000566 0.547851 0.000704
 62 3.130409 0.000002 0.000046 0.003896 0.567158 -0.005064
 63 2.629532 0.000002 -0.000034 0.004892 0.544388 -0.006589
 64 8.470623 3.459528 0.131470 -0.021715 0.541478 0.011456
 65 2.410278 0.000000 -0.000053 0.022815 0.529939 -0.013321
 66 2.000809 0.000008 0.000015 -0.005415 0.533618 0.007402
 67 23.052780 6.207912 -0.077309 1.481823 0.058644 2.080206
 68 9.436897 0.000019 -0.000015 0.151662 0.418551 0.413166
 69 31.269348 -0.000015 -0.000031 -0.015078 0.224907 1.864336
 70 28.756516 0.000008 0.000015 0.246246 0.092722 -0.082707
 71 2.251892 2.464394 -1.141556 -0.513217 0.249535 0.112914
 72 3.674088 0.000004 -0.000015 0.331388 -0.059506 -0.325011
 73 3.614677 0.000008 0.000000 0.067360 -0.216133 -0.086857
 74 9.035423 2.494949 0.484436 0.001362 -0.011534 -0.001673
 75 2.943565 -0.000008 -0.000031 -0.011497 -0.020268 0.014556
 76 2.649437 0.000000 0.000031 0.006498 -0.010740 -0.008512
 77 9.093697 0.386673 0.647797 -0.018031 0.093461 0.020165
 78 3.451859 0.000000 0.000000 0.014953 0.008589 -0.019838
 79 2.898193 -0.000008 -0.000015 0.000684 -0.029445 -0.000917
 80 8.894417 -1.605865 0.371918 0.000566 0.090541 -0.000704
 81 3.130432 -0.000015 -0.000046 -0.003896 -0.009289 0.005063
 82 2.629517 0.000015 0.000015 -0.004892 -0.032059 0.006589
 83 8.470604 -3.459526 0.131409 0.018786 0.137518 -0.020073
 84 2.410278 0.000008 -0.000015 -0.024238 -0.029075 0.031299
 85 2.000755 0.000008 0.000015 0.005415 -0.025697 -0.007402
 86 9.832352 1.463058 -1.299423 0.016523 -0.031798 -0.020624
 87 25.040604 -5.670406 5.432793 -1.334331 -0.247978 -2.041828
 88 28.779709 -6.856312 -0.811420 -1.464944 0.009131 -1.631434
 89 29.182312 -3.955567 -4.961960 0.935179 2.494761 0.595599
 90 25.040588 5.670409 5.432755 1.336780 -0.422389 2.086027
 91 28.779755 6.856312 -0.811401 1.464944 0.009132 1.631437
 92 29.182297 3.955565 -4.961937 -0.935179 2.494761 -0.595600
 93 -65.335648 -0.000020 1.140918 -3.141591 0.044911 0.000000
 94 26.290924 -12.205289 1.157882 -2.071447 -0.017454 0.065112
 95 49.071037 0.000008 0.000009 2.179705 0.127556 -0.112856
 96 61.871311 -0.000015 -0.000023 3.080256 0.672597 0.035641
 97 26.290924 12.205294 1.157841 2.044502 0.127786 -0.159169
 98 49.071053 0.000004 -0.000038 -2.187262 0.154733 0.063501
 99 61.871300 0.000023 -0.000027 -2.944714 0.642381 0.102745
100 -0.698074 -11.192117 -8.252762 1.300361 -0.109403 -0.876139
101 20.568237 0.000000 -0.000015 0.009899 0.308368 -0.145645
102 0.223785 -5.734809 -12.929605 -2.929659 0.747523 0.138953
103 20.803566 0.000002 -0.000038 0.066606 0.130682 -0.022823
104 -1.040024 -3.033968 12.140509 1.554517 0.104601 -1.288764
105 -1.040009 3.034004 12.140501 -1.554518 0.104604 1.288764
106 4.165451 -5.407045 12.088390 0.854937 -0.629941 -0.629908
107 16.599442 0.000000 -0.000031 -0.047935 -0.051683 0.045016
108 4.165482 5.407080 12.088381 -0.754668 -0.471662 0.447159
109 16.599388 0.000010 -0.000031 0.046425 0.169910 -0.032678
110 6.428391 0.000001 -0.288944 -0.000001 -0.000000 -0.000000
111 -1.833786 -13.936460 1.224504 1.552448 0.040995 -0.420999
112 20.406960 -0.000002 -0.000015 0.000000 -0.016932 0.000000
113 21.655502 -0.000002 -0.000015 -0.004579 -0.050268 -0.008041
114 22.360664 -0.000002 -0.000023 0.076701 -0.235147 0.073286
115 22.519653 -0.000005 -0.000008 0.064190 0.295188 0.114786
116 22.140396 -0.000010 -0.000031 0.021895 0.312939 0.098594
117 -1.699219 -12.875611 4.918509 1.116385 -0.148284 -0.380891
118 20.938599 0.000014 0.000000 0.034482 -0.012972 -0.016104
119 21.993607 -0.000005 -0.000053 0.008380 -0.047248 -0.012908
120 22.563789 -0.000012 0.000000 0.069483 -0.309010 0.071025
121 22.643356 0.000000 -0.000038 0.039279 0.212664 0.111002
122 22.238052 -0.000006 -0.000031 -0.015937 0.219056 0.098107
123 -1.634354 -9.854567 8.052347 0.714077 -0.292095 -0.280759
124 22.205284 0.000001 -0.000023 0.042841 -0.006102 -0.020254
125 22.804390 -0.000005 -0.000046 0.013283 -0.045754 -0.012589
126 23.051659 0.000002 -0.000008 0.055767 -0.375629 0.045432
127 22.939976 0.000003 -0.000046 0.023443 0.136670 0.078460
128 22.472069 0.000000 -0.000031 -0.020823 0.134274 0.076511
129 -1.616150 -5.333253 10.147438 0.347094 -0.374743 -0.146641
130 23.451302 -0.000001 -0.000015 0.027042 -0.001892 -0.012901
131 23.608025 -0.000003 -0.000023 0.009030 -0.045932 -0.007170
132 23.536232 -0.000001 -0.000031 0.040616 -0.423164 0.004460
133 23.233967 0.000002 0.000008 0.020185 0.083348 0.027760
134 22.703682 0.000009 -0.000015 -0.001707 0.078156 0.033752
135 -1.614532 -0.000000 10.883350 -0.000000 -0.400842 0.000000
136 23.962143 0.000001 -0.000038 0.000000 -0.000699 -0.000000
137 23.938972 -0.000003 0.000008 -0.000339 -0.046717 0.001246
138 23.736031 -0.000003 -0.000023 0.023190 -0.127628 -0.037517
139 23.354980 0.000006 -0.000031 0.020253 0.059007 -0.029340
140 22.798939 -0.000008 -0.000031 0.026430 0.054424 -0.025704
141 -1.616150 5.333251 10.147423 -0.347094 -0.374742 0.146641
142 23.451294 -0.000006 0.000000 -0.027042 -0.001892 0.012901
143 23.608025 -0.000002 -0.000038 -0.009439 -0.047447 0.009713
144 23.536247 0.000001 -0.000015 0.005796 -0.443559 -0.092986
145 23.233971 -0.000016 -0.000031 0.021141 0.065090 -0.093747
146 22.703671 0.000015 -0.000015 0.051915 0.062791 -0.087086
147 -1.634354 9.854565 8.052345 -0.714078 -0.292096 0.280760
148 22.205254 0.000003 0.000000 -0.042841 -0.006101 0.020254
149 22.804451 0.000002 -0.000076 -0.013414 -0.048659 0.014194
150 23.051643 -0.000007 0.000000 -0.015594 -0.414859 -0.140523
151 22.939968 -0.000004 -0.000023 0.007492 0.100253 -0.153986
152 22.472069 0.000006 -0.000038 0.058746 0.103105 -0.146899
153 -1.699219 12.875607 4.918525 -1.116385 -0.148284 0.380891
154 20.938591 0.000019 0.000000 -0.034482 -0.012973 0.016104
155 21.993599 -0.000005 -0.000061 -0.012521 -0.003068 0.005924
156 22.563812 0.000001 -0.000015 -0.040976 -0.362935 -0.175705
157 22.643356 0.000013 -0.000046 -0.025206 0.159592 -0.199044
158 22.238037 0.000010 -0.000031 0.033433 0.170597 -0.193847
159 -1.833786 13.936458 1.224504 -1.552447 0.040994 0.420999
160 20.406960 0.000005 -0.000046 -0.000000 -0.016932 -0.000000
161 21.655518 0.000009 -0.000008 -0.000000 -0.003038 0.000000
162 22.360657 0.000002 -0.000015 -0.065078 -0.295901 -0.191064
163 22.519665 0.000002 -0.000015 -0.073241 0.231135 -0.224497
164 22.140377 0.000004 -0.000015 -0.033622 0.250089 -0.198507
165 -1.972580 12.875609 -3.614555 -1.827109 0.155326 0.386830
166 20.655167 0.000007 -0.000015 0.014659 -0.017050 -0.006451
167 21.762253 0.000003 -0.000031 0.002050 -0.058170 0.008552
168 22.392166 0.000010 -0.000023 -0.083270 -0.251464 -0.182627
169 22.541340 0.000013 -0.000015 -0.116806 0.276514 -0.234807
170 22.217503 0.000011 -0.000023 -0.094248 0.297812 -0.205443
171 -1.967316 9.854567 -7.722432 -2.161803 0.248066 0.289766
172 21.272736 0.000003 -0.000008 0.025990 -0.015445 -0.009916
173 22.032509 0.000022 -0.000046 0.000722 -0.063184 0.007483
174 22.475662 0.000000 -0.000015 -0.085918 -0.204380 -0.167577
175 22.598709 0.000006 -0.000015 -0.135086 0.322038 -0.218119
176 22.407974 0.000008 -0.000015 -0.122207 0.339647 -0.181843
177 -1.900848 5.333252 -10.470076 -2.601403 0.305546 0.153178
178 21.914307 0.000006 -0.000027 0.024266 -0.010747 -0.007792
179 22.319847 -0.000009 -0.000004 -0.000640 -0.066846 0.004572
180 22.569626 -0.000002 -0.000023 -0.065669 -0.153773 -0.135889
181 22.663208 0.000021 -0.000023 -0.112899 0.368656 -0.173856
182 22.604519 0.000017 -0.000019 -0.102694 0.373930 -0.142174
183 -1.865585 -0.000002 -11.435440 -3.141592 0.324581 -0.000000
184 22.186691 -0.000004 -0.000015 0.000000 -0.007676 0.000000
185 22.443726 -0.000003 -0.000011 -0.000904 -0.067391 -0.000600
186 22.611542 -0.000005 -0.000015 -0.015021 -0.116957 -0.079373
187 22.692017 0.000005 0.000000 -0.035666 0.403585 -0.087217
188 22.687653 0.000010 0.000004 -0.039851 0.399905 -0.087789
189 -1.900848 -5.333257 -10.470070 2.601403 0.305546 -0.153178
190 21.914322 0.000008 -0.000019 -0.024267 -0.010746 0.007792
191 22.319824 -0.000020 -0.000008 -0.000973 -0.064622 -0.005452
192 22.569618 0.000007 -0.000038 0.042520 -0.119689 -0.017007
193 22.663231 -0.000019 -0.000008 0.044419 0.406144 0.000235
194 22.604534 0.000004 0.000004 0.034200 0.406936 -0.014758
195 -1.967285 -9.854565 -7.722440 2.161803 0.248066 -0.289766
196 21.272705 -0.000016 -0.000008 -0.025990 -0.015445 0.009916
197 22.032471 0.000004 -0.000038 -0.002127 -0.059620 -0.007714
198 22.475693 -0.000005 -0.000038 0.072978 -0.150948 0.028913
199 22.598701 0.000003 -0.000015 0.083166 0.381480 0.061825
200 22.407986 -0.000011 -0.000008 0.078050 0.395781 0.043323
201 -1.972580 -12.875609 -3.614562 1.827110 0.155326 -0.386831
202 20.655182 0.000010 -0.000031 -0.014659 -0.017050 0.006451
203 21.762260 -0.000007 -0.000008 -0.003560 -0.054001 -0.008320
204 22.392159 -0.000002 -0.000046 0.081700 -0.190754 0.055901
205 22.541336 -0.000006 -0.000031 0.084375 0.343177 0.096855
206 22.217506 -0.000006 -0.000015 0.068336 0.364202 0.085631
207 0.059621 0.456168 0.250107 0.000000 -0.000000 0.000000
208 0.059621 0.456168 0.250107 0.000000 -0.000000 0.000000
time 22
  0 0.059621 0.456168 0.250107 0.000000 -0.000000 0.000000
  1 0.059621 0.456168 0.250107 0.000000 -0.000000 0.000000
  2 0.059621 0.456168 0.250107 0.000000 -0.000000 0.000000
  3 0.059621 0.456168 0.250107 0.000000 -0.000000 0.000000
  4 0.059621 0.456168 0.250107 0.000000 -0.000000 0.000000
  5 0.059621 0.456168 0.250107 0.000000 -0.000000 0.000000
  6 0.059621 0.456168 0.250107 0.000000 -0.000000 0.000000
  7 0.059621 0.456168 0.250107 0.000000 -0.000000 0.000000
  8 0.059621 0.456168 0.250107 0.000000 -0.000000 0.000000
  9 0.059621 0.456168 0.250107 0.000000 -0.000000 0.000000
 10 -33.699066 -38.274002 171.022095 -1.272632 -0.092459 -1.147595
 11 24.668247 0.000000 -0.000042 1.027580 -0.129286 -0.117665
 12 30.380142 0.000000 0.000000 1.568624 0.381770 -0.111975
 13 19.902081 0.000000 0.000000 0.030468 -0.452302 -0.150861
 14 86.602341 43.284386 107.458252 -1.200414 3.046057 -0.590688
 15 35.349510 0.000015 0.000019 -1.293444 -0.136306 -0.181420
 16 37.124332 -0.000015 -0.000015 -0.714128 -0.090453 -0.365824
 17 0.059621 0.456168 0.250107 0.064768 -0.005215 -0.156772
 18 0.059621 0.456168 107.906860 1.570796 1.570796 0.000000
 19 -65.799545 -0.000020 1.142855 0.000000 0.000515 3.141077
 20 11.181580 0.005760 -0.002411 0.000000 0.254797 0.000515
 21 27.835175 -0.000000 0.000015 -3.141592 -0.129896 -0.000000
 22 5.330383 -0.000001 -0.000002 -3.069607 -0.004718 -0.134148
 23 10.134903 -4.133394 3.834202 -0.425117 -0.938930 -2.789943
 24 10.134888 4.133396 3.834200 0.425134 -0.938925 2.789927
 25 22.592361 0.000002 17.467115 -0.000010 2.956431 0.000000
 26 21.199982 -7.744011 14.169519 -0.644457 -0.154503 -3.025319
 27 18.142029 -13.440231 7.965775 1.259064 -0.445145 2.986596
 28 21.199966 7.744015 14.169500 0.644460 -0.154503 3.025318
 29 18.141998 13.440230 7.965773 -0.316157 -0.180196 -3.082644
 30 11.858871 -13.360001 3.526518 1.542249 3.132957 0.174415
 31 9.463272 -16.404865 -2.906044 1.542282 3.132901 0.176490
 32 9.125244 -10.885475 -11.371325 0.000496 2.962373 0.000256
 33 11.858856 13.359999 3.526474 -1.542248 3.132957 -0.174414
 34 9.463257 16.404860 -2.906025 -1.542281 3.132900 -0.176490
 35 9.125275 10.885469 -11.371304 -0.000492 2.962373 0.000256
 36 9.023224 -0.000004 -17.296173 0.000180 -0.167048 -3.141356
 37 12.691391 -0.000004 -19.438763 0.000000 2.233162 0.000000
 38 10.989426 0.000004 0.000000 0.000000 -0.046311 0.000000
 39 12.871475 -10.586842 -15.652470 1.182815 2.737800 0.757914
 40 10.727013 0.000010 -0.000031 -0.045420 -0.057123 0.017175
 41 12.871445 10.586840 -15.652472 -1.182815 2.737799 -0.757913
 42 10.726990 -0.000021 0.000015 0.045420 -0.057123 -0.017175
 43 12.847229 -17.570080 -4.701338 1.397689 2.916452 0.891833
 44 11.496498 0.000010 -0.000031 -0.091842 -0.017654 0.038837
 45 12.847183 17.570078 -4.701359 -1.397688 2.916452 -0.891832
 46 11.496460 0.000000 0.000000 0.091842 -0.017654 -0.038837
 47 28.485962 0.000004 16.460360 -0.000001 -0.319775 0.000000
 48 23.052750 -6.207911 -0.077290 -1.470206 0.035100 -1.833545
 49 9.436901 -0.000008 -0.000015 0.010287 0.717952 0.003503
 50 31.269348 0.000011 -0.000023 -0.006701 -0.205471 0.008666
 51 28.756500 0.000006 -0.000031 -0.001117 -0.065813 0.001416
 52 2.251980 -2.464411 -1.141632 0.481305 0.508197 -0.319329
 53 3.674042 -0.000015 0.000031 -0.277611 0.179024 0.194713
 54 3.614700 0.000011 0.000000 0.013156 0.193871 -0.001558
 55 9.035507 -2.494946 0.484558 -0.001362 0.302449 0.001673
 56 2.943573 -0.000002 0.000000 0.010585 0.293657 -0.007800
 57 2.649422 0.000002 0.000000 -0.006498 0.303243 0.008512
 58 9.093620 -0.386671 0.647705 0.020190 0.475380 -0.012607
 59 3.451897 0.000002 0.000000 -0.014209 0.528778 0.009212
 60 2.898193 0.000002 0.000027 -0.000683 0.490858 0.000916
 61 8.894581 1.605850 0.371887 -0.000566 0.547851 0.000704
 62 3.130394 0.000000 0.000031 0.003896 0.567158 -0.005064
 63 2.629547 0.000000 -0.000038 0.004892 0.544388 -0.006589
 64 8.470612 3.459526 0.131500 -0.021715 0.541478 0.011455
 65 2.410255 -0.000002 -0.000053 0.022815 0.529939 -0.013321
 66 2.000809 0.000006 0.000008 -0.005415 0.533618 0.007402
 67 23.052765 6.207909 -0.077309 1.481823 0.058643 2.080206
 68 9.436897 0.000021 -0.000015 0.151662 0.418551 0.413166
 69 31.269348 -0.000008 -0.000031 -0.017833 0.224422 1.864104
 70 28.756500 -0.000008 0.000015 0.243763 0.078040 -0.088974
 71 2.251892 2.464409 -1.141556 -0.513217 0.249535 0.112914
 72 3.674088 0.000008 -0.000015 0.331388 -0.059506 -0.325011
 73 3.614685 0.000015 0.000015 0.067360 -0.216133 -0.086857
 74 9.035416 2.494949 0.484436 0.001362 -0.011534 -0.001673
 75 2.943565 0.000008 -0.000031 -0.011497 -0.020268 0.014556
 76 2.649437 0.000000 0.000015 0.006498 -0.010740 -0.008512
 77 9.093689 0.386673 0.647781 -0.018031 0.093461 0.020165
 78 3.451859 0.000008 0.000000 0.014953 0.008589 -0.019838
 79 2.898209 0.000000 0.000000 0.000684 -0.029445 -0.000917
 80 8.894409 -1.605858 0.371902 0.000566 0.090541 -0.000704
 81 3.130432 0.000015 -0.000031 -0.003896 -0.009289 0.005063
 82 2.629517 -0.000008 0.000015 -0.004892 -0.032059 0.006589
 83 8.470604 -3.459526 0.131393 0.018786 0.137518 -0.020073
 84 2.410278 -0.000008 -0.000015 -0.024238 -0.029075 0.031299
 85 2.000748 0.000015 0.000031 0.005415 -0.025697 -0.007402
 86 9.832352 1.463066 -1.299423 0.016522 -0.031798 -0.020624
 87 25.040588 -5.670406 5.432789 -1.335018 -0.248693 -2.038907
 88 28.779709 -6.856310 -0.811424 -1.464904 0.008824 -1.628522
 89 29.182312 -3.955567 -4.961964 0.936832 2.492965 0.598440
 90 25.040573 5.670406 5.432751 1.338018 -0.423121 2.082935
 91 28.779739 6.856310 -0.811405 1.464904 0.008825 1.628526
 92 29.182281 3.955564 -4.961948 -0.936831 2.492963 -0.598440
 93 -65.335663 -0.000020 1.140918 -3.141591 0.044911 0.000000
 94 26.290909 -12.205288 1.157883 -2.071447 -0.017454 0.065112
 95 49.071022 0.000008 0.000010 2.179705 0.127556 -0.112856
 96 61.871311 -0.000015 -0.000019 3.080256 0.672597 0.035641
 97 26.290909 12.205295 1.157842 2.044502 0.127786 -0.159169
 98 49.071060 0.000004 -0.000038 -2.187262 0.154733 0.063501
 99 61.871300 0.000023 -0.000027 -2.944714 0.642381 0.102745
100 -0.698074 -11.192116 -8.252762 1.301202 -0.111733 -0.884455
101 20.568237 -0.000002 -0.000015 0.009894 0.271915 -0.145463
102 0.223770 -5.734810 -12.929605 -2.928119 0.755938 0.141285
103 20.803574 0.000002 -0.000023 0.066537 0.096674 -0.025013
104 -1.040024 -3.033968 12.140510 1.554517 0.104601 -1.288764
105 -1.040009 3.034004 12.140500 -1.554518 0.104604 1.288764
106 4.165436 -5.407045 12.088389 0.854937 -0.629941 -0.629908
107 16.599442 0.000000 -0.000031 -0.047935 -0.051683 0.045016
108 4.165466 5.407080 12.088380 -0.755619 -0.473170 0.450879
109 16.599373 0.000009 -0.000031 0.046476 0.166615 -0.032861
110 6.428375 0.000001 -0.288944 -0.000001 -0.000000 -0.000000
111 -1.833771 -13.936460 1.224504 1.552448 0.040995 -0.420999
112 20.406960 -0.000002 -0.000031 0.000000 -0.016932 0.000000
113 21.655495 -0.000002 -0.000015 -0.004866 -0.051946 -0.008545
114 22.360672 -0.000002 -0.000031 0.076453 -0.236787 0.072646
115 22.519657 -0.000007 -0.000031 0.064204 0.299672 0.114917
116 22.140392 -0.000010 -0.000023 0.021895 0.317431 0.098594
117 -1.699203 -12.875611 4.918509 1.116385 -0.148284 -0.380891
118 20.938614 0.000013 0.000000 0.034482 -0.012972 -0.016104
119 21.993607 -0.000005 -0.000053 0.008121 -0.048613 -0.013345
120 22.563782 -0.000012 -0.000008 0.069287 -0.310348 0.070473
121 22.643345 0.000001 -0.000031 0.039283 0.217154 0.111039
122 22.238049 -0.000010 -0.000023 -0.015932 0.223544 0.097897
123 -1.634338 -9.854567 8.052347 0.714077 -0.292095 -0.280759
124 22.205299 0.000001 -0.000023 0.042841 -0.006102 -0.020254
125 22.804390 -0.000005 -0.000046 0.013086 -0.046860 -0.012886
126 23.051666 0.000002 0.000000 0.055623 -0.376722 0.045037
127 22.939987 0.000002 -0.000053 0.023443 0.141162 0.078478
128 22.472073 -0.000001 -0.000023 -0.020814 0.138762 0.076306
129 -1.616135 -5.333253 10.147438 0.347094 -0.374743 -0.146641
130 23.451302 -0.000000 -0.000023 0.027042 -0.001892 -0.012901
131 23.608025 -0.000004 -0.000031 0.008917 -0.046868 -0.007292
132 23.536217 0.000000 -0.000031 0.040533 -0.424099 0.004268
133 23.233959 0.000003 0.000008 0.020157 0.087840 0.027783
134 22.703671 0.000005 -0.000015 -0.001707 0.082649 0.033752
135 -1.614517 -0.000000 10.883350 -0.000000 -0.400842 0.000000
136 23.962143 0.000001 -0.000038 0.000000 -0.000699 0.000000
137 23.938965 -0.000003 0.000000 -0.000361 -0.047573 0.001280
138 23.736023 -0.000003 -0.000023 0.023150 -0.123136 -0.037450
139 23.354973 0.000006 -0.000031 0.020218 0.063497 -0.029238
140 22.798935 -0.000008 -0.000031 0.026420 0.058916 -0.025584
141 -1.616135 5.333251 10.147423 -0.347094 -0.374742 0.146641
142 23.451294 -0.000006 -0.000008 -0.027042 -0.001892 0.012901
143 23.608025 -0.000002 -0.000038 -0.009402 -0.048315 0.009886
144 23.536240 0.000001 -0.000015 0.005807 -0.444436 -0.092749
145 23.233974 -0.000017 -0.000031 0.021134 0.069581 -0.093651
146 22.703671 0.000016 -0.000015 0.051898 0.067277 -0.086850
147 -1.634338 9.854565 8.052345 -0.714078 -0.292096 0.280760
148 22.205254 0.000003 0.000000 -0.042841 -0.006101 0.020254
149 22.804443 0.000002 -0.000076 -0.013341 -0.049637 0.014591
150 23.051628 -0.000007 -0.000008 -0.015551 -0.415842 -0.140091
151 22.939972 -0.000005 -0.000023 0.007492 0.104745 -0.153986
152 22.472069 0.000006 -0.000046 0.058648 0.107571 -0.146412
153 -1.699203 12.875607 4.918525 -1.116385 -0.148284 0.380891
154 20.938591 0.000019 0.000000 -0.034482 -0.012973 0.016104
155 21.993599 -0.000005 -0.000061 -0.012521 -0.003068 0.005924
156 22.563812 0.000001 -0.000015 -0.040921 -0.364117 -0.175135
157 22.643353 0.000011 -0.000053 -0.025209 0.164083 -0.199068
158 22.238033 0.000004 -0.000023 0.033395 0.175069 -0.193423
159 -1.833771 13.936458 1.224504 -1.552447 0.040994 0.420999
160 20.406960 0.000005 -0.000046 -0.000000 -0.016932 -0.000000
161 21.655502 0.000009 -0.000008 -0.000000 -0.003038 0.000000
162 22.360657 0.000002 -0.000023 -0.064954 -0.297360 -0.190409
163 22.519661 0.000002 -0.000015 -0.073260 0.235617 -0.224617
164 22.140381 0.000008 0.000000 -0.033606 0.254580 -0.198398
165 -1.972565 12.875609 -3.614555 -1.827109 0.155326 0.386830
166 20.655167 0.000007 -0.000015 0.014659 -0.017050 -0.006451
167 21.762253 0.000003 -0.000015 0.002227 -0.059863 0.009066
168 22.392159 0.000010 -0.000023 -0.083105 -0.253125 -0.181920
169 22.541340 0.000011 -0.000023 -0.116847 0.280977 -0.235076
170 22.217495 0.000008 -0.000015 -0.094195 0.302301 -0.205475
171 -1.967316 9.854567 -7.722432 -2.161803 0.248066 0.289766
172 21.272720 0.000003 -0.000008 0.025990 -0.015445 -0.009916
173 22.032516 0.000022 -0.000053 0.000813 -0.065103 0.007917
174 22.475670 0.000001 -0.000023 -0.085793 -0.206277 -0.166931
175 22.598713 0.000004 -0.000008 -0.135157 0.326493 -0.218458
176 22.407986 0.000015 -0.000015 -0.122280 0.344109 -0.182132
177 -1.900833 5.333252 -10.470076 -2.601403 0.305546 0.153178
178 21.914307 0.000006 -0.000027 0.024266 -0.010747 -0.007792
179 22.319847 -0.000009 -0.000004 -0.000622 -0.069003 0.004831
180 22.569633 -0.000002 -0.000015 -0.065613 -0.155925 -0.135458
181 22.663223 0.000023 -0.000023 -0.112985 0.373123 -0.174142
182 22.604523 0.000017 -0.000023 -0.102785 0.378401 -0.142428
183 -1.865570 -0.000002 -11.435440 -3.141592 0.324581 -0.000000
184 22.186691 -0.000004 -0.000008 0.000000 -0.007676 0.000000
185 22.443718 -0.000003 -0.000011 -0.000961 -0.069699 -0.000618
186 22.611549 -0.000005 -0.000015 -0.015036 -0.119274 -0.079364
187 22.692009 0.000006 0.000000 -0.035709 0.408075 -0.087278
188 22.687649 0.000010 0.000008 -0.039850 0.404397 -0.087801
189 -1.900833 -5.333256 -10.470070 2.601403 0.305546 -0.153178
190 21.914322 0.000008 -0.000015 -0.024267 -0.010746 0.007792
191 22.319824 -0.000020 -0.000004 -0.001118 -0.066877 -0.005739
192 22.569626 0.000007 -0.000038 0.042388 -0.121944 -0.017310
193 22.663231 -0.000017 0.000000 0.044430 0.410633 0.000433
194 22.604530 0.000003 0.000004 0.034210 0.411427 -0.014605
195 -1.967285 -9.854565 -7.722440 2.161803 0.248066 -0.289766
196 21.272705 -0.000016 -0.000008 -0.025990 -0.015445 0.009916
197 22.032471 0.000004 -0.000031 -0.002348 -0.061695 -0.008163
198 22.475693 -0.000007 -0.000031 0.072766 -0.153007 0.028309
199 22.598705 0.000001 -0.000015 0.083184 0.385959 0.062074
200 22.407986 -0.000014 -0.000015 0.078068 0.400262 0.043547
201 -1.972565 -12.875609 -3.614562 1.827110 0.155326 -0.386831
202 20.655182 0.000010 -0.000031 -0.014659 -0.017050 0.006451
203 21.762268 -0.000007 -0.000008 -0.003832 -0.055876 -0.008820
204 22.392159 -0.000004 -0.000038 0.081451 -0.192599 0.055241
205 22.541336 -0.000007 -0.000023 0.084395 0.347655 0.097076
206 22.217514 -0.000004 -0.000015 0.068354 0.368686 0.085782
207 0.059621 0.456168 0.250107 0.000000 -0.000000 0.000000
208 0.059621 0.456168 0.250107 0.000000 -0.000000 0.000000
time 23
  0 0.059621 0.456168 0.250107 0.000000 -0.000000 0.000000
  1 0.059621 0.456168 0.250107 0.000000 -0.000000 0.000000
  2 0.059621 0.456168 0.250107 0.000000 -0.000000 0.000000
  3 0.059621 0.456168 0.250107 0.000000 -0.000000 0.000000
  4 0.059621 0.456168 0.250107 0.000000 -0.000000 0.000000
  5 0.059621 0.456168 0.250107 0.000000 -0.000000 0.000000
  6 0.059621 0.456168 0.250107 0.000000 -0.000000 0.000000
  7 0.059621 0.456168 0.250107 0.000000 -0.000000 0.000000
  8 0.059621 0.456168 0.250107 0.000000 -0.000000 0.000000
  9 0.059621 0.456168 0.250107 0.000000 -0.000000 0.000000
 10 -41.426819 -32.559738 178.853241 -1.272571 -0.106373 -1.329202
 11 24.668251 0.000000 -0.000034 1.026837 -0.121356 -0.120062
 12 30.380142 -0.000008 0.000015 1.534695 0.381630 -0.179701
 13 19.902092 -0.000031 0.000000 0.035346 -0.482169 -0.163427
 14 93.194656 39.934082 107.458252 -1.242386 3.059458 -0.691863
 15 35.349522 0.000008 0.000004 -1.296059 -0.127751 -0.186382
 16 37.124329 -0.000015 -0.000015 -0.752720 -0.078299 -0.324348
 17 0.059621 0.456168 0.250107 0.064768 -0.005215 -0.156772
 18 0.059621 0.456168 108.538391 1.570796 1.570796 0.000000
 19 -65.799545 -0.000020 1.142855 0.000000 0.000515 3.141077
 20 11.181580 0.005760 -0.002411 0.000000 0.254797 0.000515
 21 27.835175 -0.000000 0.000015 -3.141592 -0.129896 -0.000000
 22 5.330383 -0.000001 0.000000 -3.069633 -0.004913 -0.131410
 23 10.134888 -4.133396 3.834202 -0.427459 -0.942690 -2.787040
 24 10.134888 4.133394 3.834202 0.427476 -0.942686 2.787025
 25 22.592361 0.000004 17.467117 -0.000010 2.956431 0.000000
 26 21.199982 -7.744013 14.169521 -0.644457 -0.154503 -3.025319
 27 18.142014 -13.440229 7.965775 1.259945 -0.452745 2.983841
 28 21.199966 7.744017 14.169498 0.644460 -0.154503 3.025318
 29 18.141983 13.440233 7.965773 -0.316157 -0.180196 -3.082644
 30 11.858871 -13.359999 3.526516 1.542249 3.132957 0.174415
 31 9.463287 -16.404867 -2.906044 1.542282 3.132901 0.176490
 32 9.125259 -10.885473 -11.371326 0.000496 2.962373 0.000256
 33 11.858841 13.360003 3.526472 -1.542248 3.132957 -0.174414
 34 9.463257 16.404863 -2.906025 -1.542281 3.132900 -0.176490
 35 9.125259 10.885473 -11.371307 -0.000492 2.962373 0.000256
 36 9.023224 -0.000002 -17.296175 0.000180 -0.167048 -3.141356
 37 12.691406 -0.000006 -19.438761 0.000000 2.225129 0.000000
 38 10.989410 0.000006 -0.000015 0.000000 -0.169666 0.000000
 39 12.871475 -10.586843 -15.652470 1.185490 2.734416 0.765676
 40 10.726997 0.000006 -0.000031 -0.045324 -0.180386 0.022465
 41 12.871445 10.586840 -15.652470 -1.185489 2.734416 -0.765675
 42 10.726990 -0.000024 0.000015 0.045324 -0.180387 -0.022465
 43 12.847214 -17.570082 -4.701336 1.399290 2.914851 0.899865
 44 11.496498 0.000008 -0.000015 -0.091174 -0.140579 0.049644
 45 12.847183 17.570080 -4.701359 -1.399289 2.914850 -0.899865
 46 11.496445 -0.000002 -0.000015 0.091173 -0.140579 -0.049644
 47 28.485962 0.000002 16.460361 -0.000001 -0.327808 0.000000
 48 23.052765 -6.207911 -0.077290 -1.470206 0.035100 -1.833545
 49 9.436909 -0.000006 -0.000015 0.010287 0.716435 0.003503
 50 31.269348 0.000011 -0.000023 -0.006701 -0.217274 0.008666
 51 28.756500 0.000008 -0.000031 -0.001117 -0.071605 0.001416
 52 2.251991 -2.464409 -1.141647 0.481305 0.508197 -0.319329
 53 3.674049 -0.000015 0.000015 -0.277611 0.179024 0.194713
 54 3.614700 0.000014 -0.000008 0.013156 0.193871 -0.001558
 55 9.035503 -2.494947 0.484543 -0.001362 0.302449 0.001673
 56 2.943588 0.000000 -0.000015 0.010585 0.293657 -0.007800
 57 2.649429 0.000002 0.000000 -0.006498 0.303243 0.008512
 58 9.093624 -0.386671 0.647690 0.020190 0.475380 -0.012607
 59 3.451889 0.000000 0.000000 -0.014209 0.528778 0.009212
 60 2.898178 0.000002 0.000027 -0.000683 0.490858 0.000916
 61 8.894592 1.605852 0.371887 -0.000566 0.547851 0.000704
 62 3.130417 0.000000 0.000031 0.003896 0.567158 -0.005064
 63 2.629532 0.000002 -0.000034 0.004892 0.544389 -0.006589
 64 8.470623 3.459526 0.131485 -0.021715 0.541478 0.011456
 65 2.410255 -0.000002 -0.000053 0.022815 0.529939 -0.013321
 66 2.000793 0.000004 0.000011 -0.005415 0.533618 0.007402
 67 23.052780 6.207910 -0.077309 1.481823 0.058643 2.080206
 68 9.436890 0.000019 -0.000015 0.151662 0.418551 0.413166
 69 31.269348 -0.000015 -0.000031 -0.016121 0.224724 1.864248
 70 28.756516 0.000000 0.000015 0.241907 0.067069 -0.093657
 71 2.251892 2.464401 -1.141571 -0.513217 0.249535 0.112914
 72 3.674088 0.000002 -0.000031 0.331388 -0.059506 -0.325011
 73 3.614677 0.000000 0.000015 0.067360 -0.216133 -0.086857
 74 9.035423 2.494957 0.484436 0.001362 -0.011534 -0.001673
 75 2.943565 0.000000 -0.000046 -0.011497 -0.020268 0.014556
 76 2.649437 0.000000 0.000031 0.006498 -0.010740 -0.008512
 77 9.093697 0.386681 0.647797 -0.018031 0.093461 0.020165
 78 3.451866 0.000000 0.000000 0.014953 0.008589 -0.019838
 79 2.898201 0.000008 0.000000 0.000684 -0.029445 -0.000917
 80 8.894424 -1.605835 0.371918 0.000566 0.090541 -0.000704
 81 3.130424 0.000000 -0.000046 -0.003896 -0.009289 0.005063
 82 2.629517 0.000008 0.000031 -0.004892 -0.032059 0.006589
 83 8.470604 -3.459518 0.131409 0.018786 0.137518 -0.020073
 84 2.410278 -0.000008 -0.000015 -0.024238 -0.029075 0.031299
 85 2.000755 0.000015 0.000031 0.005415 -0.025697 -0.007402
 86 9.832359 1.463074 -1.299423 0.016522 -0.031798 -0.020624
 87 25.040604 -5.670405 5.432793 -1.335531 -0.249228 -2.036725
 88 28.779694 -6.856310 -0.811424 -1.464874 0.008594 -1.626347
 89 29.182297 -3.955566 -4.961964 0.938066 2.491622 0.600562
 90 25.040573 5.670408 5.432751 1.338943 -0.423668 2.080624
 91 28.779755 6.856311 -0.811401 1.464874 0.008595 1.626351
 92 29.182281 3.955564 -4.961945 -0.938066 2.491621 -0.600563
 93 -65.335663 -0.000020 1.140918 -3.141591 0.044911 0.000000
 94 26.290924 -12.205288 1.157882 -2.071447 -0.017454 0.065112
 95 49.071030 0.000007 0.000009 2.179705 0.127556 -0.112856
 96 61.871315 -0.000015 -0.000021 3.080256 0.672597 0.035641
 97 26.290924 12.205295 1.157842 2.044502 0.127786 -0.159169
 98 49.071068 0.000004 -0.000038 -2.187262 0.154733 0.063501
 99 61.871300 0.000023 -0.000027 -2.944714 0.642381 0.102745
100 -0.698059 -11.192116 -8.252762 1.302017 -0.113990 -0.892513
101 20.568237 -0.000004 0.000000 0.009890 0.232967 -0.145280
102 0.223785 -5.734809 -12.929604 -2.926626 0.764091 0.143544
103 20.803574 0.000001 -0.000031 0.066462 0.060338 -0.027354
104 -1.040009 -3.033968 12.140511 1.554517 0.104601 -1.288764
105 -1.039993 3.034004 12.140499 -1.554518 0.104604 1.288764
106 4.165451 -5.407045 12.088390 0.854937 -0.629941 -0.629908
107 16.599442 0.000000 -0.000015 -0.047935 -0.051683 0.045016
108 4.165482 5.407080 12.088381 -0.756703 -0.474889 0.454945
109 16.599396 0.000009 -0.000031 0.046532 0.162964 -0.033063
110 6.428391 0.000001 -0.288944 -0.000001 -0.000000 -0.000000
111 -1.833771 -13.936460 1.224504 1.552448 0.040995 -0.420999
112 20.406937 -0.000002 -0.000031 0.000000 -0.016932 0.000000
113 21.655495 -0.000002 -0.000023 -0.005144 -0.053532 -0.009033
114 22.360672 -0.000002 -0.000031 0.076213 -0.238336 0.072027
115 22.519657 -0.000005 -0.000008 0.064208 0.301228 0.114961
116 22.140396 -0.000008 -0.000015 0.021895 0.318991 0.098594
117 -1.699203 -12.875611 4.918509 1.116385 -0.148284 -0.380891
118 20.938583 0.000013 0.000000 0.034482 -0.012972 -0.016104
119 21.993614 -0.000005 -0.000053 0.007869 -0.049892 -0.013769
120 22.563789 -0.000011 -0.000015 0.069096 -0.311600 0.069939
121 22.643353 0.000000 -0.000046 0.039285 0.218712 0.111051
122 22.238056 -0.000011 -0.000031 -0.015930 0.225101 0.097823
123 -1.634338 -9.854567 8.052346 0.714077 -0.292095 -0.280759
124 22.205299 0.000001 -0.000023 0.042841 -0.006102 -0.020254
125 22.804398 -0.000005 -0.000038 0.012895 -0.047883 -0.013173
126 23.051666 0.000003 0.000000 0.055484 -0.377733 0.044655
127 22.939980 0.000002 -0.000046 0.023443 0.142721 0.078483
128 22.472065 -0.000004 -0.000031 -0.020811 0.140320 0.076234
129 -1.616135 -5.333253 10.147437 0.347094 -0.374743 -0.146641
130 23.451302 -0.000000 -0.000023 0.027042 -0.001892 -0.012901
131 23.608025 -0.000003 -0.000031 0.008808 -0.047723 -0.007411
132 23.536232 -0.000001 -0.000031 0.040453 -0.424952 0.004082
133 23.233959 0.000003 0.000015 0.020128 0.089399 0.027791
134 22.703674 0.000006 -0.000015 -0.001707 0.084208 0.033752
135 -1.614517 -0.000000 10.883349 -0.000000 -0.400842 0.000000
136 23.962128 0.000001 -0.000038 0.000000 -0.000699 0.000000
137 23.938972 -0.000003 0.000008 -0.000381 -0.048349 0.001312
138 23.736031 -0.000003 -0.000023 0.023127 -0.121577 -0.037427
139 23.354980 0.000006 -0.000038 0.020205 0.065056 -0.029202
140 22.798946 -0.000008 -0.000038 0.026417 0.060475 -0.025542
141 -1.616135 5.333251 10.147422 -0.347094 -0.374742 0.146641
142 23.451309 -0.000006 -0.000008 -0.027042 -0.001892 0.012901
143 23.608025 -0.000002 -0.000046 -0.009368 -0.049100 0.010049
144 23.536255 -0.000001 -0.000008 0.005818 -0.445230 -0.092520
145 23.233978 -0.000015 -0.000031 0.021132 0.071141 -0.093617
146 22.703671 0.000014 -0.000015 0.051892 0.068835 -0.086769
147 -1.634338 9.854565 8.052344 -0.714078 -0.292096 0.280760
148 22.205254 0.000003 -0.000008 -0.042841 -0.006101 0.020254
149 22.804459 0.000002 -0.000076 -0.013274 -0.050527 0.014977
150 23.051636 -0.000005 -0.000008 -0.015511 -0.416738 -0.139672
151 22.939968 -0.000002 -0.000015 0.007492 0.106305 -0.153985
152 22.472076 0.000011 -0.000046 0.058614 0.109121 -0.146243
153 -1.699203 12.875607 4.918525 -1.116385 -0.148284 0.380891
154 20.938591 0.000019 0.000000 -0.034482 -0.012973 0.016104
155 21.993584 -0.000005 -0.000069 -0.012521 -0.003068 0.005924
156 22.563812 0.000001 -0.000023 -0.040871 -0.365208 -0.174583
157 22.643356 0.000013 -0.000053 -0.025210 0.165642 -0.199075
158 22.238033 0.000006 -0.000023 0.033382 0.176622 -0.193275
159 -1.833771 13.936458 1.224504 -1.552447 0.040994 0.420999
160 20.406967 0.000005 -0.000046 -0.000000 -0.016932 -0.000000
161 21.655518 0.000009 -0.000008 -0.000000 -0.003038 0.000000
162 22.360664 0.000002 -0.000023 -0.064836 -0.298720 -0.189775
163 22.519661 0.000004 -0.000015 -0.073267 0.237172 -0.224657
164 22.140377 0.000008 -0.000008 -0.033601 0.256139 -0.198360
165 -1.972565 12.875609 -3.614555 -1.827109 0.155326 0.386830
166 20.655182 0.000007 -0.000015 0.014659 -0.017050 -0.006451
167 21.762268 0.000003 -0.000015 0.002399 -0.061451 0.009564
168 22.392159 0.000011 -0.000031 -0.082947 -0.254683 -0.181235
169 22.541340 0.000010 -0.000023 -0.116861 0.282527 -0.235168
170 22.217501 0.000008 -0.000023 -0.094176 0.303859 -0.205485
171 -1.967316 9.854567 -7.722432 -2.161803 0.248066 0.289766
172 21.272736 0.000003 -0.000008 0.025990 -0.015445 -0.009916
173 22.032501 0.000022 -0.000053 0.000900 -0.066914 0.008338
174 22.475677 0.000002 -0.000015 -0.085673 -0.208067 -0.166304
175 22.598717 0.000006 -0.000015 -0.135181 0.328039 -0.218574
176 22.407982 0.000023 -0.000023 -0.122304 0.345658 -0.182230
177 -1.900848 5.333252 -10.470076 -2.601403 0.305546 0.153178
178 21.914322 0.000006 -0.000019 0.024266 -0.010747 -0.007792
179 22.319847 -0.000009 0.000000 -0.000605 -0.071049 0.005082
180 22.569633 -0.000002 -0.000015 -0.065561 -0.157967 -0.135040
181 22.663223 0.000020 -0.000031 -0.113015 0.374673 -0.174240
182 22.604530 0.000025 -0.000015 -0.102817 0.379953 -0.142514
183 -1.865585 -0.000002 -11.435440 -3.141592 0.324581 -0.000000
184 22.186691 -0.000004 -0.000015 0.000000 -0.007676 0.000000
185 22.443718 -0.000003 -0.000008 -0.001016 -0.071897 -0.000634
186 22.611542 -0.000005 -0.000015 -0.015050 -0.121479 -0.079356
187 22.692009 0.000005 0.000000 -0.035724 0.409634 -0.087299
188 22.687649 0.000010 0.000004 -0.039849 0.405957 -0.087804
189 -1.900848 -5.333257 -10.470070 2.601403 0.305546 -0.153178
190 21.914337 0.000008 -0.000015 -0.024267 -0.010746 0.007792
191 22.319824 -0.000020 -0.000004 -0.001258 -0.069025 -0.006016
192 22.569618 0.000009 -0.000046 0.042260 -0.124094 -0.017599
193 22.663231 -0.000018 -0.000008 0.044434 0.412191 0.000502
194 22.604527 0.000004 0.000008 0.034213 0.412986 -0.014552
195 -1.967285 -9.854565 -7.722440 2.161803 0.248066 -0.289766
196 21.272705 -0.000016 -0.000008 -0.025990 -0.015445 0.009916
197 22.032471 0.000004 -0.000031 -0.002562 -0.063668 -0.008599
198 22.475693 -0.000008 -0.000038 0.072560 -0.154966 0.027724
199 22.598705 0.000001 -0.000023 0.083190 0.387514 0.062160
200 22.407986 -0.000013 -0.000008 0.078074 0.401817 0.043624
201 -1.972565 -12.875609 -3.614562 1.827110 0.155326 -0.386831
202 20.655182 0.000010 -0.000023 -0.014659 -0.017050 0.006451
203 21.762276 -0.000007 -0.000015 -0.004095 -0.057654 -0.009304
204 22.392159 -0.000004 -0.000038 0.081210 -0.194348 0.054602
205 22.541344 -0.000009 -0.000015 0.084401 0.349210 0.097152
206 22.217514 -0.000004 -0.000008 0.068360 0.370242 0.085833
207 0.059621 0.456168 0.250107 0.000000 -0.000000 0.000000
208 0.059621 0.456168 0.250107 0.000000 -0.000000 0.000000
time 24
  0 0.059621 0.456168 0.250107 0.000000 -0.000000 0.000000
  1 0.059621 0.456168 0.250107 0.000000 -0.000000 0.000000
  2 0.059621 0.456168 0.250107 0.000000 -0.000000 0.000000
  3 0.059621 0.456168 0.250107 0.000000 -0.000000 0.000000
  4 0.059621 0.456168 0.250107 0.000000 -0.000000 0.000000
  5 0.059621 0.456168 0.250107 0.000000 -0.000000 0.000000
  6 0.059621 0.456168 0.250107 0.000000 -0.000000 0.000000
  7 0.059621 0.456168 0.250107 0.000000 -0.000000 0.000000
  8 0.059621 0.456168 0.250107 0.000000 -0.000000 0.000000
  9 0.059621 0.456168 0.250107 0.000000 -0.000000 0.000000
 10 -48.290440 -26.442575 186.113693 -1.272500 -0.121125 -1.511079
 11 24.668251 0.000031 -0.000042 1.026284 -0.115442 -0.121848
 12 30.380142 0.000000 0.000000 1.474859 0.381045 -0.270836
 13 19.902092 -0.000031 0.000000 0.040631 -0.510567 -0.176090
 14 98.570534 36.433220 107.458252 -1.285842 3.071268 -0.796064
 15 35.349510 0.000008 0.000008 -1.298944 -0.118407 -0.191801
 16 37.124329 -0.000015 -0.000031 -0.811020 -0.059217 -0.261642
 17 0.059621 0.456168 0.250107 0.064768 -0.005215 -0.156772
 18 0.059621 0.456168 109.051315 1.570796 1.570796 0.000000
 19 -65.799545 -0.000020 1.142855 0.000000 0.000515 3.141077
 20 11.181580 0.005760 -0.002411 0.000000 0.254797 0.000515
 21 27.835159 -0.000000 0.000015 -3.141592 -0.129896 -0.000000
 22 5.330383 -0.000001 0.000000 -3.069665 -0.005156 -0.128017
 23 10.134903 -4.133396 3.834200 -0.430424 -0.947377 -2.783376
 24 10.134903 4.133396 3.834200 0.430442 -0.947373 2.783360
 25 22.592361 0.000004 17.467117 -0.000010 2.956431 0.000000
 26 21.199997 -7.744015 14.169521 -0.644457 -0.154503 -3.025319
 27 18.142029 -13.440228 7.965776 1.260601 -0.458412 2.981786
 28 21.199966 7.744019 14.169498 0.644460 -0.154503 3.025318
 29 18.141998 13.440232 7.965775 -0.316157 -0.180196 -3.082644
 30 11.858871 -13.359997 3.526512 1.542249 3.132957 0.174415
 31 9.463287 -16.404865 -2.906046 1.542282 3.132901 0.176490
 32 9.125275 -10.885475 -11.371325 0.000496 2.962373 0.000256
 33 11.858871 13.360003 3.526472 -1.542248 3.132957 -0.174414
 34 9.463257 16.404863 -2.906025 -1.542281 3.132900 -0.176490
 35 9.125275 10.885471 -11.371305 -0.000492 2.962373 0.000256
 36 9.023239 -0.000004 -17.296175 0.000180 -0.167048 -3.141356
 37 12.691406 -0.000006 -19.438765 0.000000 2.219139 0.000000
 38 10.989426 0.000004 -0.000015 0.000000 -0.285497 0.000000
 39 12.871475 -10.586842 -15.652472 1.187485 2.731892 0.771465
 40 10.727005 0.000013 -0.000015 -0.045245 -0.296127 0.027539
 41 12.871460 10.586840 -15.652472 -1.187484 2.731892 -0.771464
 42 10.726974 -0.000022 0.000000 0.045245 -0.296128 -0.027539
 43 12.847229 -17.570087 -4.701338 1.400484 2.913657 0.905856
 44 11.496490 0.000008 -0.000015 -0.090623 -0.255996 0.059972
 45 12.847198 17.570082 -4.701359 -1.400483 2.913657 -0.905856
 46 11.496460 0.000000 0.000000 0.090623 -0.255996 -0.059972
 47 28.485962 0.000004 16.460358 -0.000001 -0.333798 0.000000
 48 23.052750 -6.207911 -0.077290 -1.470206 0.035100 -1.833545
 49 9.436905 -0.000008 0.000000 0.010287 0.714361 0.003503
 50 31.269333 0.000010 -0.000015 -0.006701 -0.228688 0.008666
 51 28.756516 0.000010 -0.000031 -0.001117 -0.077207 0.001416
 52 2.251991 -2.464407 -1.141647 0.481305 0.508197 -0.319329
 53 3.674042 -0.000012 0.000015 -0.277611 0.179024 0.194713
 54 3.614708 0.000012 -0.000015 0.013156 0.193871 -0.001558
 55 9.035500 -2.494946 0.484558 -0.001362 0.302449 0.001673
 56 2.943588 0.000002 -0.000031 0.010585 0.293657 -0.007800
 57 2.649429 0.000000 0.000008 -0.006498 0.303243 0.008512
 58 9.093620 -0.386671 0.647705 0.020190 0.475380 -0.012607
 59 3.451904 0.000004 -0.000008 -0.014209 0.528778 0.009212
 60 2.898163 0.000000 0.000027 -0.000683 0.490858 0.000916
 61 8.894585 1.605852 0.371887 -0.000566 0.547851 0.000704
 62 3.130386 0.000000 0.000038 0.003896 0.567158 -0.005064
 63 2.629532 0.000000 -0.000038 0.004892 0.544388 -0.006589
 64 8.470627 3.459528 0.131485 -0.021715 0.541478 0.011456
 65 2.410271 0.000002 -0.000053 0.022815 0.529939 -0.013321
 66 2.000793 0.000004 0.000008 -0.005415 0.533618 0.007402
 67 23.052765 6.207910 -0.077309 1.481823 0.058643 2.080206
 68 9.436897 0.000017 -0.000015 0.151662 0.418551 0.413166
 69 31.269356 -0.000015 -0.000031 -0.011152 0.225599 1.864666
 70 28.756516 0.000000 0.000015 0.240745 0.060199 -0.096588
 71 2.251892 2.464409 -1.141571 -0.513217 0.249535 0.112914
 72 3.674080 0.000002 -0.000015 0.331388 -0.059506 -0.325011
 73 3.614677 -0.000008 0.000015 0.067360 -0.216133 -0.086857
 74 9.035423 2.494965 0.484421 0.001362 -0.011534 -0.001673
 75 2.943573 0.000015 -0.000031 -0.011497 -0.020268 0.014556
 76 2.649445 0.000000 0.000015 0.006498 -0.010740 -0.008512
 77 9.093689 0.386681 0.647781 -0.018031 0.093461 0.020165
 78 3.451866 0.000008 0.000000 0.014953 0.008589 -0.019838
 79 2.898201 -0.000008 0.000000 0.000684 -0.029445 -0.000917
 80 8.894417 -1.605850 0.371902 0.000566 0.090541 -0.000704
 81 3.130432 0.000000 -0.000031 -0.003896 -0.009289 0.005063
 82 2.629532 0.000000 0.000015 -0.004892 -0.032059 0.006589
 83 8.470604 -3.459518 0.131393 0.018786 0.137518 -0.020073
 84 2.410278 0.000000 0.000000 -0.024238 -0.029075 0.031299
 85 2.000755 0.000008 0.000015 0.005415 -0.025697 -0.007402
 86 9.832352 1.463058 -1.299438 0.016522 -0.031798 -0.020624
 87 25.040588 -5.670405 5.432793 -1.335853 -0.249563 -2.035359
 88 28.779678 -6.856310 -0.811428 -1.464855 0.008450 -1.624985
 89 29.182297 -3.955566 -4.961964 0.938839 2.490781 0.601891
 90 25.040558 5.670408 5.432751 1.339522 -0.424011 2.079177
 91 28.779724 6.856311 -0.811409 1.464855 0.008451 1.624989
 92 29.182281 3.955564 -4.961945 -0.938839 2.490779 -0.601892
 93 -65.335648 -0.000020 1.140918 -3.141591 0.044911 0.000000
 94 26.290924 -12.205288 1.157883 -2.071447 -0.017454 0.065112
 95 49.071037 0.000009 0.000009 2.179705 0.127556 -0.112856
 96 61.871315 -0.000015 -0.000019 3.080256 0.672597 0.035641
 97 26.290924 12.205295 1.157842 2.044502 0.127786 -0.159169
 98 49.071060 0.000004 -0.000038 -2.187262 0.154733 0.063501
 99 61.871304 0.000023 -0.000027 -2.944714 0.642381 0.102745
100 -0.698059 -11.192116 -8.252762 1.302800 -0.116159 -0.900256
101 20.568230 -0.000002 -0.000015 0.009886 0.192356 -0.145100
102 0.223785 -5.734809 -12.929605 -2.925192 0.771926 0.145714
103 20.803581 0.000001 -0.000038 0.066385 0.022451 -0.029795
104 -1.040009 -3.033967 12.140509 1.554517 0.104601 -1.288764
105 -1.039993 3.034004 12.140501 -1.554518 0.104604 1.288764
106 4.165451 -5.407045 12.088390 0.854937 -0.629941 -0.629908
107 16.599442 0.000000 -0.000031 -0.047935 -0.051683 0.045016
108 4.165482 5.407080 12.088381 -0.757924 -0.476826 0.459337
109 16.599373 0.000011 -0.000031 0.046591 0.158962 -0.033285
110 6.428391 0.000001 -0.288944 -0.000001 -0.000000 -0.000000
111 -1.833771 -13.936461 1.224504 1.552448 0.040995 -0.420999
112 20.406937 -0.000002 -0.000015 0.000000 -0.016932 0.000000
113 21.655495 -0.000002 -0.000015 -0.005411 -0.055021 -0.009502
114 22.360672 -0.000002 -0.000031 0.075982 -0.239789 0.071432
115 22.519657 -0.000004 -0.000008 0.063998 0.298536 0.114595
116 22.140392 -0.000008 -0.000023 0.021895 0.317854 0.098594
117 -1.699203 -12.875612 4.918509 1.116385 -0.148284 -0.380891
118 20.938614 0.000013 0.000000 0.034482 -0.012972 -0.016104
119 21.993607 -0.000005 -0.000061 0.007628 -0.051082 -0.014177
120 22.563789 -0.000011 -0.000008 0.068914 -0.312765 0.069425
121 22.643349 0.000002 -0.000046 0.039116 0.216129 0.110773
122 22.238056 -0.000006 -0.000023 -0.015932 0.223966 0.097877
123 -1.634338 -9.854568 8.052346 0.714077 -0.292095 -0.280759
124 22.205299 0.000001 -0.000023 0.042841 -0.006102 -0.020254
125 22.804390 -0.000005 -0.000038 0.012712 -0.048825 -0.013450
126 23.051651 0.000000 -0.000008 0.055350 -0.378663 0.044288
127 22.939968 0.000008 -0.000038 0.023324 0.140216 0.078309
128 22.472069 0.000002 -0.000031 -0.020814 0.139185 0.076286
129 -1.616135 -5.333253 10.147437 0.347094 -0.374743 -0.146641
130 23.451302 -0.000001 -0.000015 0.027042 -0.001892 -0.012901
131 23.608025 -0.000003 -0.000031 0.008703 -0.048499 -0.007524
132 23.536232 0.000001 -0.000031 0.040376 -0.425728 0.003904
133 23.233967 0.000005 0.000008 0.020035 0.086936 0.027716
134 22.703678 0.000010 -0.000015 -0.001707 0.083072 0.033752
135 -1.614517 -0.000000 10.883349 -0.000000 -0.400842 0.000000
136 23.962143 0.000001 -0.000038 0.000000 -0.000699 0.000000
137 23.938972 -0.000003 0.000008 -0.000401 -0.049046 0.001341
138 23.736023 -0.000003 -0.000023 0.023114 -0.124030 -0.037456
139 23.354977 0.000006 -0.000031 0.020212 0.063920 -0.029238
140 22.798943 -0.000008 -0.000031 0.026419 0.059339 -0.025573
141 -1.616135 5.333251 10.147424 -0.347094 -0.374742 0.146641
142 23.451309 -0.000005 -0.000008 -0.027042 -0.001892 0.012901
143 23.608025 -0.000002 -0.000046 -0.009336 -0.049805 0.010204
144 23.536247 -0.000002 -0.000023 0.005827 -0.445944 -0.092299
145 23.233971 -0.000017 -0.000031 0.021133 0.070004 -0.093642
146 22.703674 0.000015 -0.000023 0.051893 0.067700 -0.086828
147 -1.634338 9.854564 8.052344 -0.714078 -0.292096 0.280760
148 22.205254 0.000003 0.000000 -0.042841 -0.006101 0.020254
149 22.804443 0.000002 -0.000076 -0.013213 -0.051331 0.015347
150 23.051636 -0.000008 0.000000 -0.015475 -0.417549 -0.139270
151 22.939976 -0.000005 -0.000023 0.007492 0.105168 -0.153986
152 22.472065 0.000008 -0.000038 0.058621 0.107991 -0.146366
153 -1.699203 12.875607 4.918525 -1.116385 -0.148284 0.380891
154 20.938614 0.000019 0.000000 -0.034482 -0.012973 0.016104
155 21.993599 -0.000005 -0.000061 -0.012521 -0.003068 0.005924
156 22.563812 0.000001 -0.000023 -0.040827 -0.366206 -0.174052
157 22.643349 0.000010 -0.000031 -0.025210 0.164506 -0.199066
158 22.238033 -0.000002 -0.000015 0.033385 0.175490 -0.193383
159 -1.833771 13.936457 1.224504 -1.552447 0.040994 0.420999
160 20.406967 0.000005 -0.000038 -0.000000 -0.016932 -0.000000
161 21.655502 0.000009 -0.000008 -0.000000 -0.003038 0.000000
162 22.360657 0.000002 -0.000023 -0.064725 -0.299980 -0.189165
163 22.519661 0.000002 -0.000031 -0.073264 0.236359 -0.224643
164 22.140381 0.000008 -0.000015 -0.033608 0.255209 -0.198388
165 -1.972580 12.875608 -3.614555 -1.827109 0.155326 0.386830
166 20.655182 0.000007 -0.000015 0.014659 -0.017050 -0.006451
167 21.762260 0.000004 -0.000023 0.002564 -0.062932 0.010043
168 22.392151 0.000010 -0.000023 -0.082795 -0.256135 -0.180576
169 22.541336 0.000008 -0.000031 -0.116855 0.281694 -0.235150
170 22.217497 0.000008 -0.000023 -0.094190 0.302945 -0.205473
171 -1.967316 9.854566 -7.722432 -2.161803 0.248066 0.289766
172 21.272736 0.000003 -0.000008 0.025990 -0.015445 -0.009916
173 22.032509 0.000022 -0.000046 0.000982 -0.068611 0.008743
174 22.475662 0.000001 -0.000015 -0.085560 -0.209744 -0.165702
175 22.598709 0.000002 -0.000008 -0.135172 0.327249 -0.218528
176 22.407974 0.000019 -0.000015 -0.122295 0.344864 -0.182189
177 -1.900848 5.333252 -10.470076 -2.601403 0.305546 0.153178
178 21.914322 0.000006 -0.000023 0.024266 -0.010747 -0.007792
179 22.319847 -0.000009 -0.000008 -0.000590 -0.072977 0.005323
180 22.569626 -0.000001 -0.000023 -0.065513 -0.159890 -0.134638
181 22.663219 0.000023 -0.000023 -0.113007 0.373915 -0.174182
182 22.604523 0.000019 -0.000015 -0.102808 0.379191 -0.142457
183 -1.865585 -0.000002 -11.435440 -3.141592 0.324581 -0.000000
184 22.186691 -0.000004 -0.000015 0.000000 -0.007676 0.000000
185 22.443718 -0.000003 -0.000015 -0.001068 -0.073974 -0.000649
186 22.611526 -0.000005 -0.000023 -0.015064 -0.123564 -0.079348
187 22.692009 0.000005 0.000000 -0.035721 0.408885 -0.087258
188 22.687653 0.000010 -0.000008 -0.039850 0.405205 -0.087786
189 -1.900848 -5.333257 -10.470070 2.601403 0.305546 -0.153178
190 21.914337 0.000008 -0.000015 -0.024267 -0.010746 0.007792
191 22.319824 -0.000020 -0.000008 -0.001392 -0.071056 -0.006282
192 22.569626 0.000008 -0.000038 0.042137 -0.126126 -0.017873
193 22.663231 -0.000017 -0.000008 0.044430 0.411426 0.000489
194 22.604530 0.000004 0.000000 0.034211 0.412222 -0.014562
195 -1.967285 -9.854566 -7.722440 2.161803 0.248066 -0.289766
196 21.272720 -0.000016 -0.000015 -0.025990 -0.015445 0.009916
197 22.032471 0.000004 -0.000031 -0.002767 -0.065533 -0.009017
198 22.475685 -0.000006 -0.000031 0.072363 -0.156815 0.027161
199 22.598705 0.000003 -0.000023 0.083183 0.386715 0.062140
200 22.407990 -0.000013 -0.000015 0.078067 0.401023 0.043604
201 -1.972580 -12.875610 -3.614562 1.827110 0.155326 -0.386831
202 20.655182 0.000010 -0.000031 -0.014659 -0.017050 0.006451
203 21.762283 -0.000007 -0.000008 -0.004348 -0.059330 -0.009769
204 22.392174 -0.000003 -0.000031 0.080978 -0.195996 0.053987
205 22.541336 -0.000007 -0.000031 0.084174 0.346957 0.096780
206 22.217499 -0.000004 0.000000 0.068355 0.369380 0.085813
207 0.059621 0.456168 0.250107 0.000000 -0.000000 0.000000
208 0.059621 0.456168 0.250107 0.000000 -0.000000 0.000000
time 25
  0 0.059621 0.456168 0.250107 0.000000 -0.000000 0.000000
  1 0.059621 0.456168 0.250107 0.000000 -0.000000 0.000000
  2 0.059621 0.456168 0.250107 0.000000 -0.000000 0.000000
  3 0.059621 0.456168 0.250107 0.000000 -0.000000 0.000000
  4 0.059621 0.456168 0.250107 0.000000 -0.000000 0.000000
  5 0.059621 0.456168 0.250107 0.000000 -0.000000 0.000000
  6 0.059621 0.456168 0.250107 0.000000 -0.000000 0.000000
  7 0.059621 0.456168 0.250107 0.000000 -0.000000 0.000000
  8 0.059621 0.456168 0.250107 0.000000 -0.000000 0.000000
  9 0.059621 0.456168 0.250107 0.000000 -0.000000 0.000000
 10 -54.048714 -20.007103 192.423004 -1.272420 -0.136476 -1.692344
 11 24.668247 0.000000 -0.000034 1.025937 -0.111746 -0.122965
 12 30.380135 -0.000008 0.000015 1.417873 0.379766 -0.350843
 13 19.902077 -0.000015 0.000008 0.046339 -0.537258 -0.188811
 14 102.587196 32.789761 107.458252 -1.329811 3.080690 -0.903963
 15 35.349518 0.000008 0.000023 -1.302080 -0.108357 -0.197630
 16 37.124332 -0.000011 -0.000015 -0.884100 -0.034170 -0.182962
 17 0.059621 0.456168 0.250107 0.064768 -0.005215 -0.156772
 18 0.059621 0.456168 109.433144 1.570796 1.570796 0.000000
 19 -65.799553 -0.000020 1.142855 0.000000 0.000515 3.141077
 20 11.181580 0.005760 -0.002411 0.000000 0.254797 0.000515
 21 27.835159 -0.000000 0.000015 -3.141592 -0.129896 -0.000000
 22 5.330368 -0.000001 0.000000 -3.069703 -0.005442 -0.124026
 23 10.134872 -4.133392 3.834198 -0.434002 -0.952924 -2.778972
 24 10.134888 4.133394 3.834200 0.434020 -0.952919 2.778956
 25 22.592361 0.000002 17.467115 -0.000010 2.956431 0.000000
 26 21.199982 -7.744011 14.169519 -0.644457 -0.154503 -3.025319
 27 18.142014 -13.440228 7.965775 1.261011 -0.461954 2.980503
 28 21.199951 7.744017 14.169500 0.644460 -0.154503 3.025318
 29 18.141983 13.440230 7.965775 -0.316157 -0.180196 -3.082644
 30 11.858871 -13.360001 3.526512 1.542249 3.132957 0.174415
 31 9.463287 -16.404865 -2.906042 1.542282 3.132901 0.176490
 32 9.125229 -10.885475 -11.371326 0.000496 2.962373 0.000256
 33 11.858841 13.360000 3.526472 -1.542248 3.132957 -0.174414
 34 9.463242 16.404863 -2.906023 -1.542281 3.132900 -0.176490
 35 9.125259 10.885468 -11.371305 -0.000492 2.962373 0.000256
 36 9.023224 -0.000004 -17.296175 0.000180 -0.167048 -3.141356
 37 12.691391 -0.000004 -19.438765 0.000000 2.215395 0.000000
 38 10.989410 0.000004 -0.000015 0.000000 -0.386725 0.000000
 39 12.871460 -10.586842 -15.652470 1.188731 2.730315 0.775082
 40 10.727005 0.000010 -0.000031 -0.045191 -0.397270 0.032124
 41 12.871445 10.586838 -15.652472 -1.188731 2.730314 -0.775081
 42 10.726990 -0.000027 0.000015 0.045191 -0.397270 -0.032124
 43 12.847214 -17.570084 -4.701336 1.401230 2.912911 0.909599
 44 11.496490 0.000010 -0.000031 -0.090249 -0.356847 0.069249
 45 12.847168 17.570076 -4.701361 -1.401230 2.912910 -0.909599
 46 11.496460 0.000001 -0.000015 0.090249 -0.356847 -0.069249
 47 28.485962 0.000002 16.460360 -0.000001 -0.337542 0.000000
 48 23.052750 -6.207911 -0.077290 -1.470206 0.035100 -1.833545
 49 9.436901 -0.000008 -0.000015 0.010287 0.711759 0.003503
 50 31.269348 0.000010 -0.000023 -0.006701 -0.239637 0.008666
 51 28.756508 0.000008 -0.000031 -0.001117 -0.082580 0.001416
 52 2.252003 -2.464409 -1.141647 0.481305 0.508197 -0.319329
 53 3.674049 -0.000011 0.000015 -0.277611 0.179024 0.194713
 54 3.614700 0.000011 0.000000 0.013156 0.193871 -0.001558
 55 9.035511 -2.494947 0.484558 -0.001362 0.302449 0.001673
 56 2.943588 0.000000 0.000000 0.010585 0.293657 -0.007800
 57 2.649422 0.000002 0.000015 -0.006498 0.303243 0.008512
 58 9.093620 -0.386671 0.647705 0.020190 0.475380 -0.012607
 59 3.451889 0.000002 0.000000 -0.014209 0.528778 0.009212
 60 2.898178 0.000000 0.000023 -0.000683 0.490858 0.000916
 61 8.894585 1.605850 0.371902 -0.000566 0.547851 0.000704
 62 3.130409 0.000002 0.000046 0.003896 0.567158 -0.005064
 63 2.629532 0.000000 -0.000042 0.004892 0.544388 -0.006589
 64 8.470631 3.459530 0.131485 -0.021715 0.541478 0.011456
 65 2.410286 0.000002 -0.000053 0.022815 0.529939 -0.013321
 66 2.000793 0.000004 0.000008 -0.005415 0.533618 0.007402
 67 23.052765 6.207909 -0.077309 1.481823 0.058643 2.080206
 68 9.436905 0.000019 -0.000015 0.151662 0.418551 0.413166
 69 31.269348 -0.000015 -0.000046 -0.003178 0.227004 1.865336
 70 28.756500 0.000000 0.000000 0.240343 0.057823 -0.097603
 71 2.251900 2.464409 -1.141556 -0.513217 0.249535 0.112914
 72 3.674088 0.000006 -0.000015 0.331388 -0.059506 -0.325011
 73 3.614685 0.000008 0.000031 0.067360 -0.216133 -0.086857
 74 9.035423 2.494942 0.484421 0.001362 -0.011534 -0.001673
 75 2.943565 0.000000 -0.000015 -0.011497 -0.020268 0.014556
 76 2.649445 -0.000008 0.000015 0.006498 -0.010740 -0.008512
 77 9.093704 0.386673 0.647781 -0.018031 0.093461 0.020165
 78 3.451859 0.000000 0.000000 0.014953 0.008589 -0.019838
 79 2.898209 0.000000 0.000000 0.000684 -0.029445 -0.000917
 80 8.894424 -1.605858 0.371902 0.000566 0.090541 -0.000704
 81 3.130432 0.000000 -0.000046 -0.003896 -0.009289 0.005063
 82 2.629524 0.000000 0.000031 -0.004892 -0.032059 0.006589
 83 8.470612 -3.459526 0.131393 0.018786 0.137518 -0.020073
 84 2.410271 0.000000 0.000000 -0.024238 -0.029075 0.031299
 85 2.000755 -0.000008 0.000015 0.005415 -0.025697 -0.007402
 86 9.832359 1.463058 -1.299423 0.016522 -0.031798 -0.020624
 87 25.040588 -5.670406 5.432789 -1.335964 -0.249679 -2.034886
 88 28.779694 -6.856310 -0.811424 -1.464849 0.008400 -1.624514
 89 29.182281 -3.955567 -4.961964 0.939106 2.490490 0.602351
 90 25.040558 5.670406 5.432747 1.339723 -0.424129 2.078677
 91 28.779739 6.856310 -0.811405 1.464849 0.008401 1.624517
 92 29.182281 3.955564 -4.961941 -0.939106 2.490489 -0.602352
 93 -65.335655 -0.000020 1.140918 -3.141591 0.044911 0.000000
 94 26.290924 -12.205288 1.157882 -2.071447 -0.017454 0.065112
 95 49.071030 0.000008 0.000009 2.179705 0.127556 -0.112856
 96 61.871315 -0.000015 -0.000019 3.080256 0.672597 0.035641
 97 26.290924 12.205295 1.157842 2.044502 0.127786 -0.159169
 98 49.071060 0.000004 -0.000038 -2.187262 0.154733 0.063501
 99 61.871300 0.000023 -0.000027 -2.944714 0.642381 0.102745
100 -0.698059 -11.192116 -8.252763 1.303546 -0.118224 -0.907626
101 20.568230 -0.000004 0.000000 0.009882 0.150914 -0.144924
102 0.223785 -5.734809 -12.929605 -2.923827 0.779384 0.147780
103 20.803574 0.000001 -0.000046 0.066305 -0.016213 -0.032286
104 -1.040009 -3.033968 12.140509 1.554517 0.104601 -1.288764
105 -1.039993 3.034004 12.140501 -1.554518 0.104604 1.288764
106 4.165451 -5.407045 12.088390 0.854937 -0.629941 -0.629908
107 16.599442 0.000000 -0.000031 -0.047935 -0.051683 0.045016
108 4.165482 5.407080 12.088381 -0.759287 -0.478987 0.464038
109 16.599380 0.000010 -0.000038 0.046653 0.154616 -0.033527
110 6.428391 0.000001 -0.288944 -0.000001 -0.000000 -0.000000
111 -1.833771 -13.936461 1.224504 1.552448 0.040995 -0.420999
112 20.406952 -0.000002 -0.000015 0.000000 -0.016932 0.000000
113 21.655502 -0.000002 -0.000015 -0.005665 -0.056409 -0.009949
114 22.360664 -0.000002 -0.000031 0.075762 -0.241141 0.070865
115 22.519661 -0.000005 -0.000015 0.063415 0.290991 0.113580
116 22.140388 -0.000008 -0.000023 0.021895 0.314559 0.098594
117 -1.699203 -12.875612 4.918509 1.116385 -0.148284 -0.380891
118 20.938599 0.000013 0.000000 0.034482 -0.012972 -0.016104
119 21.993614 -0.000005 -0.000053 0.007398 -0.052182 -0.014565
120 22.563782 -0.000009 -0.000008 0.068740 -0.313840 0.068936
121 22.643341 -0.000001 -0.000031 0.038649 0.208886 0.110004
122 22.238056 -0.000011 -0.000031 -0.015936 0.220674 0.098031
123 -1.634338 -9.854568 8.052346 0.714077 -0.292095 -0.280759
124 22.205299 0.000001 -0.000023 0.042841 -0.006102 -0.020254
125 22.804382 -0.000005 -0.000046 0.012538 -0.049685 -0.013713
126 23.051666 0.000003 0.000000 0.055222 -0.379512 0.043939
127 22.939972 0.000004 -0.000046 0.022994 0.133188 0.077828
128 22.472069 0.000000 -0.000023 -0.020821 0.135893 0.076437
129 -1.616135 -5.333254 10.147437 0.347094 -0.374743 -0.146641
130 23.451302 -0.000000 -0.000015 0.027042 -0.001892 -0.012901
131 23.608017 -0.000003 -0.000023 0.008603 -0.049198 -0.007633
132 23.536232 0.000000 -0.000031 0.040302 -0.426426 0.003734
133 23.233963 0.000004 0.000015 0.019831 0.080023 0.027507
134 22.703667 0.000005 -0.000015 -0.001707 0.079776 0.033752
135 -1.614517 -0.000000 10.883349 -0.000000 -0.400842 0.000000
136 23.962143 0.000001 -0.000038 0.000000 -0.000699 -0.000000
137 23.938965 -0.000003 0.000008 -0.000420 -0.049668 0.001368
138 23.736023 -0.000003 -0.000031 0.023103 -0.130916 -0.037539
139 23.354977 0.000006 -0.000046 0.020230 0.060627 -0.029340
140 22.798931 -0.000008 -0.000031 0.026426 0.056044 -0.025661
141 -1.616135 5.333250 10.147422 -0.347094 -0.374742 0.146641
142 23.451309 -0.000006 0.000000 -0.027042 -0.001892 0.012901
143 23.608025 -0.000002 -0.000038 -0.009307 -0.050432 0.010348
144 23.536255 -0.000002 -0.000015 0.005836 -0.446580 -0.092090
145 23.233971 -0.000017 -0.000023 0.021135 0.066710 -0.093712
146 22.703674 0.000017 -0.000023 0.051898 0.064409 -0.087001
147 -1.634338 9.854564 8.052344 -0.714078 -0.292096 0.280760
148 22.205254 0.000003 -0.000008 -0.042841 -0.006101 0.020254
149 22.804459 0.000002 -0.000069 -0.013158 -0.052053 0.015699
150 23.051636 -0.000008 -0.000008 -0.015441 -0.418278 -0.138887
151 22.939964 -0.000005 -0.000023 0.007492 0.101873 -0.153986
152 22.472069 0.000006 -0.000038 0.058642 0.104716 -0.146723
153 -1.699203 12.875607 4.918525 -1.116385 -0.148284 0.380891
154 20.938583 0.000019 0.000000 -0.034482 -0.012973 0.016104
155 21.993599 -0.000005 -0.000061 -0.012521 -0.003068 0.005924
156 22.563812 0.000001 -0.000023 -0.040787 -0.367114 -0.173547
157 22.643349 0.000010 -0.000046 -0.025209 0.161212 -0.199039
158 22.238033 0.000004 -0.000031 0.033395 0.172210 -0.193694
159 -1.833771 13.936457 1.224504 -1.552447 0.040994 0.420999
160 20.406967 0.000005 -0.000038 -0.000000 -0.016932 -0.000000
161 21.655518 0.000009 -0.000015 -0.000000 -0.003038 0.000000
162 22.360664 0.000002 -0.000023 -0.064622 -0.301139 -0.188584
163 22.519669 0.000004 -0.000023 -0.073255 0.233985 -0.224600
164 22.140377 0.000004 -0.000015 -0.033628 0.252503 -0.198467
165 -1.972565 12.875608 -3.614555 -1.827109 0.155326 0.386830
166 20.655167 0.000007 -0.000015 0.014659 -0.017050 -0.006451
167 21.762260 0.000003 -0.000023 0.002721 -0.064302 0.010499
168 22.392159 0.000010 -0.000023 -0.082652 -0.257478 -0.179950
169 22.541340 0.000010 -0.000023 -0.116836 0.279262 -0.235093
170 22.217505 0.000011 -0.000015 -0.094229 0.300283 -0.205434
171 -1.967316 9.854566 -7.722432 -2.161803 0.248066 0.289766
172 21.272736 0.000003 -0.000015 0.025990 -0.015445 -0.009916
173 22.032516 0.000022 -0.000046 0.001059 -0.070189 0.009128
174 22.475662 0.000003 -0.000015 -0.085454 -0.211305 -0.165129
175 22.598713 0.000004 -0.000008 -0.135145 0.324941 -0.218389
176 22.407982 0.000015 -0.000015 -0.122268 0.342545 -0.182065
177 -1.900833 5.333252 -10.470076 -2.601403 0.305546 0.153178
178 21.914307 0.000006 -0.000019 0.024266 -0.010747 -0.007792
179 22.319847 -0.000009 0.000000 -0.000576 -0.074777 0.005552
180 22.569618 -0.000002 -0.000015 -0.065468 -0.161688 -0.134255
181 22.663216 0.000021 -0.000023 -0.112981 0.371696 -0.174009
182 22.604523 0.000019 -0.000019 -0.102783 0.376962 -0.142290
183 -1.865585 -0.000002 -11.435440 -3.141592 0.324581 -0.000000
184 22.186676 -0.000004 -0.000008 0.000000 -0.007676 0.000000
185 22.443718 -0.000003 -0.000015 -0.001119 -0.075921 -0.000663
186 22.611542 -0.000005 -0.000023 -0.015077 -0.125518 -0.079340
187 22.692017 0.000005 -0.000008 -0.035712 0.406696 -0.087141
188 22.687653 0.000010 0.000000 -0.039853 0.403006 -0.087732
189 -1.900833 -5.333257 -10.470070 2.601403 0.305546 -0.153178
190 21.914322 0.000008 -0.000015 -0.024267 -0.010746 0.007792
191 22.319824 -0.000020 -0.000004 -0.001521 -0.072962 -0.006534
192 22.569626 0.000008 -0.000046 0.042019 -0.128033 -0.018130
193 22.663231 -0.000016 0.000000 0.044419 0.409187 0.000451
194 22.604534 0.000005 0.000008 0.034205 0.409988 -0.014595
195 -1.967285 -9.854566 -7.722440 2.161803 0.248066 -0.289766
196 21.272720 -0.000016 -0.000008 -0.025990 -0.015445 0.009916
197 22.032471 0.000004 -0.000023 -0.002963 -0.067279 -0.009415
198 22.475685 -0.000008 -0.000031 0.072175 -0.158548 0.026626
199 22.598701 0.000002 -0.000023 0.083162 0.384381 0.062076
200 22.407982 -0.000016 -0.000015 0.078048 0.398703 0.043542
201 -1.972565 -12.875610 -3.614562 1.827110 0.155326 -0.386831
202 20.655167 0.000010 -0.000023 -0.014659 -0.017050 0.006451
203 21.762268 -0.000007 0.000000 -0.004588 -0.060896 -0.010212
204 22.392159 -0.000005 -0.000023 0.080757 -0.197535 0.053402
205 22.541344 -0.000007 -0.000031 0.083547 0.340626 0.095746
206 22.217506 -0.000004 -0.000015 0.068337 0.366868 0.085752
207 0.059621 0.456168 0.250107 0.000000 -0.000000 0.000000
208 0.059621 0.456168 0.250107 0.000000 -0.000000 0.000000
time 26
  0 0.059621 0.456168 0.250107 0.000000 -0.000000 0.000000
  1 0.059621 0.456168 0.250107 0.000000 -0.000000 0.000000
  2 0.059621 0.456168 0.250107 0.000000 -0.000000 0.000000
  3 0.059621 0.456168 0.250107 0.000000 -0.000000 0.000000
  4 0.059621 0.456168 0.250107 0.000000 -0.000000 0.000000
  5 0.059621 0.456168 0.250107 0.000000 -0.000000 0.000000
  6 0.059621 0.456168 0.250107 0.000000 -0.000000 0.000000
  7 0.059621 0.456168 0.250107 0.000000 -0.000000 0.000000
  8 0.059621 0.456168 0.250107 0.000000 -0.000000 0.000000
  9 0.059621 0.456168 0.250107 0.000000 -0.000000 0.000000
 10 -58.460411 -13.337907 197.400681 -1.272328 -0.152186 -1.872117
 11 24.668251 0.000015 -0.000042 1.025818 -0.110469 -0.123351
 12 30.380142 0.000000 0.000000 1.392487 0.377542 -0.385187
 13 19.902084 -0.000015 0.000023 0.052485 -0.562003 -0.201550
 14 105.101891 29.011648 107.458252 -1.373323 3.086926 -1.016232
 15 35.349506 0.000008 0.000015 -1.305450 -0.097686 -0.203819
 16 37.124336 -0.000011 -0.000015 -0.967034 -0.004120 -0.093563
 17 0.059621 0.456168 0.250107 0.064768 -0.005215 -0.156772
 18 0.059621 0.456168 109.671402 1.570796 1.570796 0.000000
 19 -65.799545 -0.000020 1.142855 0.000000 0.000515 3.141077
 20 11.181580 0.005760 -0.002411 0.000000 0.254797 0.000515
 21 27.835175 -0.000000 0.000015 -3.141592 -0.129896 -0.000000
 22 5.330383 -0.000001 -0.000002 -3.069746 -0.005767 -0.119494
 23 10.134888 -4.133394 3.834198 -0.438185 -0.959261 -2.773845
 24 10.134903 4.133394 3.834198 0.438202 -0.959256 2.773829
 25 22.592361 0.000002 17.467112 -0.000010 2.956431 0.000000
 26 21.199997 -7.744013 14.169519 -0.644457 -0.154503 -3.025319
 27 18.142029 -13.440233 7.965776 1.261153 -0.463178 2.980059
 28 21.199966 7.744013 14.169497 0.644460 -0.154503 3.025318
 29 18.142014 13.440229 7.965773 -0.316157 -0.180196 -3.082644
 30 11.858887 -13.360003 3.526512 1.542249 3.132957 0.174415
 31 9.463287 -16.404867 -2.906044 1.542282 3.132901 0.176490
 32 9.125244 -10.885477 -11.371328 0.000496 2.962373 0.000256
 33 11.858856 13.359997 3.526472 -1.542248 3.132957 -0.174414
 34 9.463272 16.404860 -2.906025 -1.542281 3.132900 -0.176490
 35 9.125275 10.885468 -11.371305 -0.000492 2.962373 0.000256
 36 9.023239 -0.000006 -17.296175 0.000180 -0.167048 -3.141356
 37 12.691422 -0.000008 -19.438768 0.000000 2.214102 0.000000
 38 10.989426 0.000004 0.000000 0.000000 -0.466269 0.000000
 39 12.871475 -10.586843 -15.652472 1.189162 2.729770 0.776332
 40 10.727005 0.000008 -0.000015 -0.045171 -0.476739 0.035943
 41 12.871475 10.586834 -15.652472 -1.189162 2.729770 -0.776331
 42 10.726990 -0.000025 0.000015 0.045171 -0.476739 -0.035943
 43 12.847214 -17.570082 -4.701342 1.401488 2.912653 0.910893
 44 11.496506 0.000008 -0.000031 -0.090112 -0.436075 0.076903
 45 12.847198 17.570074 -4.701361 -1.401487 2.912652 -0.910893
 46 11.496460 -0.000002 0.000000 0.090112 -0.436075 -0.076903
 47 28.485977 0.000002 16.460356 -0.000001 -0.338835 0.000000
 48 23.052765 -6.207911 -0.077290 -1.470206 0.035100 -1.833545
 49 9.436905 -0.000008 -0.000015 0.010287 0.708657 0.003503
 50 31.269333 0.000008 -0.000023 -0.006701 -0.250040 0.008666
 51 28.756508 0.000008 -0.000031 -0.001117 -0.087685 0.001416
 52 2.251991 -2.464409 -1.141632 0.481305 0.508197 -0.319329
 53 3.674049 -0.000019 0.000023 -0.277611 0.179024 0.194713
 54 3.614693 0.000010 0.000000 0.013156 0.193871 -0.001558
 55 9.035503 -2.494947 0.484573 -0.001362 0.302449 0.001673
 56 2.943588 0.000000 -0.000015 0.010585 0.293657 -0.007800
 57 2.649437 0.000004 0.000008 -0.006498 0.303243 0.008512
 58 9.093624 -0.386671 0.647705 0.020190 0.475380 -0.012607
 59 3.451881 0.000002 -0.000015 -0.014209 0.528778 0.009212
 60 2.898178 0.000000 0.000031 -0.000683 0.490858 0.000916
 61 8.894592 1.605852 0.371902 -0.000566 0.547851 0.000704
 62 3.130402 0.000000 0.000031 0.003896 0.567158 -0.005064
 63 2.629532 0.000002 -0.000038 0.004892 0.544389 -0.006589
 64 8.470619 3.459528 0.131500 -0.021715 0.541478 0.011456
 65 2.410263 -0.000002 -0.000046 0.022815 0.529939 -0.013321
 66 2.000793 0.000004 0.000015 -0.005415 0.533618 0.007402
 67 23.052780 6.207909 -0.077309 1.481823 0.058643 2.080206
 68 9.436905 0.000019 -0.000015 0.151662 0.418551 0.413166
 69 31.269348 -0.000015 -0.000031 0.007553 0.228895 1.866237
 70 28.756508 0.000008 0.000031 0.240745 0.060199 -0.096589
 71 2.251900 2.464409 -1.141556 -0.513217 0.249535 0.112914
 72 3.674088 0.000006 0.000000 0.331388 -0.059506 -0.325011
 73 3.614677 0.000008 0.000015 0.067360 -0.216133 -0.086857
 74 9.035423 2.494942 0.484436 0.001362 -0.011534 -0.001673
 75 2.943573 -0.000008 -0.000031 -0.011497 -0.020268 0.014556
 76 2.649445 0.000008 0.000031 0.006498 -0.010740 -0.008512
 77 9.093689 0.386673 0.647797 -0.018031 0.093461 0.020165
 78 3.451866 0.000008 0.000000 0.014953 0.008589 -0.019838
 79 2.898201 0.000015 0.000000 0.000684 -0.029445 -0.000917
 80 8.894417 -1.605858 0.371918 0.000566 0.090541 -0.000704
 81 3.130432 0.000000 -0.000031 -0.003896 -0.009289 0.005063
 82 2.629517 0.000000 0.000031 -0.004892 -0.032059 0.006589
 83 8.470604 -3.459534 0.131409 0.018786 0.137518 -0.020073
 84 2.410278 0.000000 0.000000 -0.024238 -0.029075 0.031299
 85 2.000748 0.000008 0.000031 0.005415 -0.025697 -0.007402
 86 9.832344 1.463066 -1.299423 0.016523 -0.031798 -0.020624
 87 25.040604 -5.670406 5.432793 -1.335853 -0.249563 -2.035359
 88 28.779709 -6.856310 -0.811424 -1.464855 0.008450 -1.624985
 89 29.182297 -3.955567 -4.961964 0.938839 2.490781 0.601891
 90 25.040573 5.670406 5.432751 1.339522 -0.424011 2.079177
 91 28.779755 6.856310 -0.811405 1.464855 0.008451 1.624989
 92 29.182297 3.955564 -4.961937 -0.938839 2.490780 -0.601892
 93 -65.335648 -0.000020 1.140918 -3.141591 0.044911 0.000000
 94 26.290924 -12.205288 1.157883 -2.071447 -0.017454 0.065112
 95 49.071037 0.000008 0.000009 2.179705 0.127556 -0.112856
 96 61.871315 -0.000015 -0.000019 3.080256 0.672597 0.035641
 97 26.290924 12.205295 1.157842 2.044502 0.127786 -0.159169
 98 49.071068 0.000004 -0.000036 -2.187262 0.154733 0.063501
 99 61.871304 0.000023 -0.000027 -2.944714 0.642381 0.102745
100 -0.698059 -11.192116 -8.252762 1.304247 -0.120168 -0.914567
101 20.568230 -0.000004 0.000000 0.009880 0.109471 -0.144754
102 0.223785 -5.734809 -12.929605 -2.922542 0.786406 0.149726
103 20.803574 0.000001 -0.000031 0.066226 -0.054876 -0.034777
104 -1.040009 -3.033968 12.140509 1.554517 0.104601 -1.288764
105 -1.039993 3.034004 12.140501 -1.554518 0.104604 1.288764
106 4.165451 -5.407045 12.088390 0.854937 -0.629941 -0.629908
107 16.599442 0.000000 -0.000015 -0.047935 -0.051683 0.045016
108 4.165482 5.407080 12.088381 -0.760795 -0.481381 0.469027
109 16.599388 0.000010 -0.000031 0.046719 0.149933 -0.033787
110 6.428391 0.000001 -0.288944 -0.000001 -0.000000 -0.000000
111 -1.833771 -13.936461 1.224504 1.552448 0.040995 -0.420999
112 20.406952 -0.000002 -0.000023 0.000000 -0.016932 0.000000
113 21.655502 -0.000002 -0.000008 -0.005904 -0.057688 -0.010369
114 22.360664 -0.000002 -0.000023 0.075556 -0.242387 0.070332
115 22.519653 -0.000005 -0.000015 0.062534 0.279387 0.112048
116 22.140392 -0.000010 -0.000031 0.021895 0.309278 0.098594
117 -1.699203 -12.875612 4.918509 1.116385 -0.148284 -0.380891
118 20.938599 0.000013 0.000000 0.034482 -0.012972 -0.016104
119 21.993607 -0.000005 -0.000053 0.007181 -0.053189 -0.014930
120 22.563782 -0.000011 -0.000008 0.068576 -0.314823 0.068476
121 22.643341 0.000000 -0.000031 0.037943 0.197738 0.108842
122 22.238052 -0.000010 -0.000023 -0.015943 0.215399 0.098279
123 -1.634338 -9.854568 8.052346 0.714077 -0.292095 -0.280759
124 22.205284 0.000001 -0.000023 0.042841 -0.006102 -0.020254
125 22.804390 -0.000005 -0.000038 0.012374 -0.050463 -0.013961
126 23.051666 0.000003 -0.000008 0.055102 -0.380279 0.043610
127 22.939976 0.000002 -0.000046 0.022496 0.122366 0.077101
128 22.472065 -0.000002 -0.000023 -0.020834 0.130618 0.076679
129 -1.616135 -5.333253 10.147437 0.347094 -0.374743 -0.146641
130 23.451302 -0.000000 -0.000015 0.027042 -0.001892 -0.012901
131 23.608025 -0.000003 -0.000031 0.008509 -0.049823 -0.007734
132 23.536224 0.000000 -0.000038 0.040233 -0.427049 0.003574
133 23.233974 0.000006 0.000000 0.019539 0.069377 0.027188
134 22.703674 0.000007 -0.000015 -0.001707 0.074496 0.033752
135 -1.614517 -0.000000 10.883349 -0.000000 -0.400842 0.000000
136 23.962143 0.000001 -0.000038 0.000000 -0.000699 -0.000000
137 23.938972 -0.000003 0.000008 -0.000438 -0.050217 0.001392
138 23.736031 -0.000003 -0.000031 0.023093 -0.141522 -0.037668
139 23.354977 0.000006 -0.000038 0.020260 0.055348 -0.029505
140 22.798943 -0.000008 -0.000031 0.026438 0.050765 -0.025802
141 -1.616135 5.333251 10.147424 -0.347094 -0.374742 0.146641
142 23.451294 -0.000006 0.000000 -0.027042 -0.001892 0.012901
143 23.608017 -0.000002 -0.000046 -0.009281 -0.050985 0.010482
144 23.536240 0.000001 -0.000015 0.005845 -0.447143 -0.091892
145 23.233967 -0.000016 -0.000031 0.021138 0.061430 -0.093825
146 22.703671 0.000012 0.000000 0.051905 0.059135 -0.087277
147 -1.634338 9.854564 8.052344 -0.714078 -0.292096 0.280760
148 22.205254 0.000003 0.000000 -0.042841 -0.006101 0.020254
149 22.804451 0.000002 -0.000076 -0.013108 -0.052695 0.016031
150 23.051628 -0.000009 0.000000 -0.015411 -0.418926 -0.138526
151 22.939968 -0.000005 -0.000015 0.007492 0.096592 -0.153986
152 22.472076 0.000010 -0.000046 0.058678 0.099467 -0.147296
153 -1.699203 12.875607 4.918525 -1.116385 -0.148284 0.380891
154 20.938583 0.000019 -0.000008 -0.034482 -0.012973 0.016104
155 21.993599 -0.000005 -0.000069 -0.012521 -0.003068 0.005924
156 22.563812 0.000001 -0.000015 -0.040752 -0.367932 -0.173072
157 22.643353 0.000011 -0.000046 -0.025208 0.155932 -0.198993
158 22.238033 0.000002 -0.000031 0.033412 0.166953 -0.194192
159 -1.833771 13.936457 1.224504 -1.552447 0.040994 0.420999
160 20.406967 0.000005 -0.000046 -0.000000 -0.016932 -0.000000
161 21.655518 0.000009 -0.000015 -0.000000 -0.003038 0.000000
162 22.360657 0.000002 -0.000023 -0.064526 -0.302195 -0.188037
163 22.519669 0.000004 -0.000023 -0.073241 0.230149 -0.224524
164 22.140369 0.000000 -0.000015 -0.033660 0.248145 -0.198595
165 -1.972580 12.875608 -3.614555 -1.827109 0.155326 0.386830
166 20.655182 0.000007 -0.000015 0.014659 -0.017050 -0.006451
167 21.762260 0.000004 -0.000015 0.002868 -0.065558 0.010928
168 22.392159 0.000010 -0.000015 -0.082517 -0.258710 -0.179360
169 22.541336 0.000011 -0.000023 -0.116804 0.275335 -0.234990
170 22.217499 0.000004 -0.000023 -0.094292 0.295995 -0.205369
171 -1.967316 9.854566 -7.722432 -2.161803 0.248066 0.289766
172 21.272720 0.000003 -0.000008 0.025990 -0.015445 -0.009916
173 22.032516 0.000022 -0.000053 0.001131 -0.071643 0.009491
174 22.475662 0.000000 -0.000015 -0.085355 -0.212743 -0.164590
175 22.598705 0.000006 -0.000023 -0.135100 0.321209 -0.218156
176 22.407986 0.000015 -0.000023 -0.122223 0.338794 -0.181857
177 -1.900848 5.333252 -10.470076 -2.601403 0.305546 0.153178
178 21.914322 0.000006 -0.000019 0.024266 -0.010747 -0.007792
179 22.319839 -0.000009 0.000000 -0.000563 -0.076444 0.005768
180 22.569626 -0.000002 -0.000015 -0.065428 -0.163351 -0.133895
181 22.663216 0.000024 -0.000031 -0.112939 0.368104 -0.173725
182 22.604519 0.000017 -0.000015 -0.102740 0.373352 -0.142015
183 -1.865585 -0.000002 -11.435440 -3.141592 0.324581 -0.000000
184 22.186691 -0.000004 -0.000008 0.000000 -0.007676 0.000000
185 22.443718 -0.000003 -0.000008 -0.001166 -0.077728 -0.000675
186 22.611542 -0.000005 -0.000015 -0.015089 -0.127333 -0.079333
187 22.692017 0.000006 -0.000015 -0.035697 0.403147 -0.086954
188 22.687656 0.000011 0.000000 -0.039857 0.399442 -0.087647
189 -1.900848 -5.333256 -10.470070 2.601403 0.305546 -0.153178
190 21.914337 0.000008 -0.000015 -0.024267 -0.010746 0.007792
191 22.319817 -0.000020 -0.000004 -0.001641 -0.074732 -0.006772
192 22.569626 0.000007 -0.000046 0.041909 -0.129804 -0.018369
193 22.663231 -0.000021 0.000000 0.044399 0.405563 0.000384
194 22.604530 0.000002 0.000004 0.034195 0.406371 -0.014651
195 -1.967285 -9.854566 -7.722440 2.161803 0.248066 -0.289766
196 21.272705 -0.000016 -0.000008 -0.025990 -0.015445 0.009916
197 22.032463 0.000004 -0.000023 -0.003147 -0.068898 -0.009790
198 22.475693 -0.000009 -0.000031 0.071998 -0.160154 0.026122
199 22.598713 0.000004 -0.000023 0.083127 0.380608 0.061968
200 22.407982 -0.000013 -0.000008 0.078015 0.394951 0.043435
201 -1.972580 -12.875610 -3.614562 1.827110 0.155326 -0.386831
202 20.655182 0.000010 -0.000023 -0.014659 -0.017050 0.006451
203 21.762268 -0.000007 -0.000008 -0.004815 -0.062346 -0.010629
204 22.392166 -0.000003 -0.000031 0.080549 -0.198958 0.052851
205 22.541340 -0.000007 -0.000031 0.082598 0.330858 0.094174
206 22.217499 -0.000002 -0.000015 0.068308 0.362816 0.085647
207 0.059621 0.456168 0.250107 0.000000 -0.000000 0.000000
208 0.059621 0.456168 0.250107 0.000000 -0.000000 0.000000
time 27
  0 0.059621 0.456168 0.250107 0.000000 -0.000000 0.000000
  1 0.059621 0.456168 0.250107 0.000000 -0.000000 0.000000
  2 0.059621 0.456168 0.250107 0.000000 -0.000000 0.000000
  3 0.059621 0.456168 0.250107 0.000000 -0.000000 0.000000
  4 0.059621 0.456168 0.250107 0.000000 -0.000000 0.000000
  5 0.059621 0.456168 0.250107 0.000000 -0.000000 0.000000
  6 0.059621 0.456168 0.250107 0.000000 -0.000000 0.000000
  7 0.059621 0.456168 0.250107 0.000000 -0.000000 0.000000
  8 0.059621 0.456168 0.250107 0.000000 -0.000000 0.000000
  9 0.059621 0.456168 0.250107 0.000000 -0.000000 0.000000
 10 -61.284328 -6.519569 200.666306 -1.272225 -0.168015 -2.049515
 11 24.668251 0.000000 -0.000042 1.033659 -0.145749 -0.115665
 12 30.380142 -0.000008 0.000000 1.407980 0.347380 -0.300134
 13 19.902092 -0.000031 0.000000 0.060883 -0.586676 -0.216705
 14 105.971848 25.106842 107.458252 -1.415411 3.089182 -1.133546
 15 35.349503 0.000008 0.000015 -1.309034 -0.086474 -0.210321
 16 37.124321 -0.000008 -0.000031 -1.054894 0.029973 0.001300
 17 0.059621 0.456168 0.250107 0.064768 -0.005215 -0.156772
 18 0.059621 0.456168 109.753593 1.570796 1.570796 0.000000
 19 -65.799538 -0.000020 1.142855 0.000000 0.000515 3.141077
 20 11.181580 0.005760 -0.002411 0.000000 0.254797 0.000515
 21 27.835175 -0.000000 0.000015 -3.141592 -0.129896 -0.000000
 22 5.330368 -0.000001 -0.000002 -3.069794 -0.006126 -0.114478
 23 10.134888 -4.133392 3.834200 -0.442966 -0.966321 -2.768011
 24 10.134872 4.133396 3.834198 0.442984 -0.966316 2.767995
 25 22.592361 0.000006 17.467112 -0.000010 2.956431 0.000000
 26 21.199982 -7.744011 14.169519 -0.644457 -0.154503 -3.025319
 27 18.142014 -13.440228 7.965775 1.260987 -0.461745 2.980578
 28 21.199966 7.744017 14.169500 0.644460 -0.154503 3.025318
 29 18.141998 13.440230 7.965775 -0.316157 -0.180196 -3.082644
 30 11.858871 -13.360001 3.526512 1.542249 3.132957 0.174415
 31 9.463272 -16.404865 -2.906044 1.542282 3.132901 0.176490
 32 9.125259 -10.885475 -11.371325 0.000496 2.962373 0.000256
 33 11.858841 13.360000 3.526472 -1.542248 3.132957 -0.174414
 34 9.463242 16.404861 -2.906025 -1.542281 3.132900 -0.176490
 35 9.125259 10.885469 -11.371305 -0.000492 2.962373 0.000256
 36 9.023224 -0.000002 -17.296175 0.000180 -0.167048 -3.141356
 37 12.691406 -0.000004 -19.438765 0.000000 2.215616 0.000000
 38 10.989410 0.000004 0.000000 0.000000 -0.530309 0.000000
 39 12.871460 -10.586842 -15.652470 1.188821 2.730408 0.774869
 40 10.727005 0.000010 -0.000031 -0.045687 -0.540703 0.039407
 41 12.871429 10.586838 -15.652470 -1.188886 2.730408 -0.774867
 42 10.726990 -0.000025 0.000015 0.045687 -0.540704 -0.039407
 43 12.847229 -17.570080 -4.701342 1.401317 2.912955 0.909378
 44 11.496498 0.000010 -0.000046 -0.091053 -0.499822 0.083719
 45 12.847183 17.570078 -4.701359 -1.401363 2.912954 -0.909378
 46 11.496460 0.000002 -0.000015 0.091053 -0.499822 -0.083719
 47 28.485962 0.000004 16.460356 -0.000001 -0.338220 0.000000
 48 23.052750 -6.207911 -0.077290 -1.470206 0.035100 -1.833545
 49 9.436905 -0.000008 0.000000 0.010287 0.705086 0.003503
 50 31.269363 0.000008 -0.000031 -0.006701 -0.259822 0.008666
 51 28.756516 0.000006 -0.000031 -0.001117 -0.092486 0.001416
 52 2.251987 -2.464407 -1.141647 0.481305 0.508197 -0.319329
 53 3.674049 -0.000015 0.000015 -0.277611 0.179024 0.194713
 54 3.614708 0.000012 -0.000008 0.013156 0.193871 -0.001558
 55 9.035503 -2.494946 0.484558 -0.001362 0.302449 0.001673
 56 2.943581 0.000002 -0.000015 0.010585 0.293657 -0.007800
 57 2.649437 0.000002 0.000015 -0.006498 0.303243 0.008512
 58 9.093624 -0.386671 0.647705 0.020190 0.475380 -0.012607
 59 3.451874 0.000002 0.000000 -0.014209 0.528778 0.009212
 60 2.898178 0.000000 0.000034 -0.000683 0.490858 0.000916
 61 8.894585 1.605852 0.371902 -0.000566 0.547851 0.000704
 62 3.130402 0.000000 0.000046 0.003896 0.567158 -0.005064
 63 2.629532 0.000002 -0.000038 0.004892 0.544388 -0.006589
 64 8.470627 3.459528 0.131500 -0.021715 0.541478 0.011456
 65 2.410278 -0.000002 -0.000046 0.022815 0.529939 -0.013321
 66 2.000793 0.000006 0.000004 -0.005415 0.533618 0.007402
 67 23.052765 6.207910 -0.077309 1.481823 0.058643 2.080206
 68 9.436897 0.000021 -0.000015 0.151662 0.418551 0.413166
 69 31.269348 -0.000015 -0.000031 0.020788 0.231226 1.867350
 70 28.756500 0.000000 0.000015 0.241907 0.067069 -0.093657
 71 2.251892 2.464401 -1.141556 -0.513217 0.249535 0.112914
 72 3.674088 0.000002 0.000000 0.331388 -0.059506 -0.325011
 73 3.614677 0.000008 0.000000 0.067360 -0.216133 -0.086857
 74 9.035416 2.494949 0.484436 0.001362 -0.011534 -0.001673
 75 2.943565 0.000000 -0.000023 -0.011498 -0.020268 0.014556
 76 2.649452 0.000008 0.000031 0.006498 -0.010740 -0.008512
 77 9.093681 0.386673 0.647797 -0.018031 0.093461 0.020165
 78 3.451866 0.000008 0.000015 0.014953 0.008589 -0.019838
 79 2.898193 0.000000 0.000000 0.000684 -0.029445 -0.000917
 80 8.894417 -1.605843 0.371918 0.000566 0.090541 -0.000704
 81 3.130432 0.000008 -0.000046 -0.003896 -0.009289 0.005063
 82 2.629524 -0.000008 0.000015 -0.004892 -0.032059 0.006589
 83 8.470604 -3.459534 0.131393 0.018786 0.137518 -0.020073
 84 2.410278 0.000015 -0.000015 -0.024238 -0.029075 0.031299
 85 2.000763 0.000015 0.000015 0.005415 -0.025697 -0.007402
 86 9.832352 1.463066 -1.299416 0.016523 -0.031798 -0.020624
 87 25.040588 -5.670405 5.432789 -1.335531 -0.249228 -2.036725
 88 28.779694 -6.856310 -0.811424 -1.464874 0.008594 -1.626347
 89 29.182297 -3.955567 -4.961967 0.938066 2.491622 0.600562
 90 25.040558 5.670407 5.432747 1.338943 -0.423668 2.080624
 91 28.779739 6.856310 -0.811405 1.464874 0.008595 1.626351
 92 29.182297 3.955564 -4.961941 -0.938066 2.491621 -0.600563
 93 -65.335655 -0.000020 1.140918 -3.141591 0.044911 0.000000
 94 26.290924 -12.205288 1.157882 -2.071447 -0.017454 0.065112
 95 49.071030 0.000007 0.000009 2.179705 0.127556 -0.112856
 96 61.871315 -0.000015 -0.000019 3.080256 0.672597 0.035641
 97 26.290924 12.205295 1.157842 2.044502 0.127786 -0.159169
 98 49.071068 0.000004 -0.000036 -2.187262 0.154733 0.063501
 99 61.871300 0.000023 -0.000027 -2.944714 0.642381 0.102745
100 -0.698074 -11.192116 -8.252762 1.304900 -0.121975 -0.921020
101 20.568230 0.000000 -0.000015 0.009877 0.068860 -0.144594
102 0.223770 -5.734809 -12.929604 -2.921347 0.792936 0.151535
103 20.803566 0.000001 -0.000046 0.066149 -0.092764 -0.037218
104 -1.040024 -3.033968 12.140511 1.554517 0.104601 -1.288764
105 -1.040009 3.034004 12.140499 -1.554518 0.104604 1.288764
106 4.165436 -5.407045 12.088390 0.854937 -0.629941 -0.629908
107 16.599442 0.000000 -0.000031 -0.047935 -0.051683 0.045016
108 4.165466 5.407080 12.088381 -0.762454 -0.484013 0.474284
109 16.599388 0.000008 -0.000031 0.046786 0.144920 -0.034066
110 6.428375 0.000001 -0.288944 -0.000001 -0.000000 -0.000000
111 -1.833771 -13.936461 1.224504 1.552448 0.040995 -0.420999
112 20.406937 -0.000002 -0.000031 0.000000 -0.016932 0.000000
113 21.655495 -0.000002 -0.000015 -0.006127 -0.058856 -0.010760
114 22.360672 -0.000002 -0.000031 0.075363 -0.243523 0.069836
115 22.519657 -0.000005 -0.000015 0.061431 0.264523 0.110127
116 22.140396 -0.000008 -0.000023 0.021895 0.302184 0.098594
117 -1.699203 -12.875612 4.918509 1.116385 -0.148284 -0.380891
118 20.938614 0.000014 0.000000 0.034482 -0.012972 -0.016104
119 21.993607 -0.000005 -0.000061 0.006980 -0.054100 -0.015270
120 22.563782 -0.000015 -0.000015 0.068424 -0.315712 0.068048
121 22.643345 0.000000 -0.000031 0.037058 0.183445 0.107386
122 22.238049 -0.000011 -0.000031 -0.015952 0.208313 0.098612
123 -1.634338 -9.854568 8.052346 0.714077 -0.292095 -0.280759
124 22.205299 0.000001 -0.000023 0.042841 -0.006102 -0.020254
125 22.804390 -0.000005 -0.000046 0.012221 -0.051159 -0.014192
126 23.051666 0.000003 0.000000 0.054990 -0.380965 0.043304
127 22.939976 0.000005 -0.000046 0.021871 0.108480 0.076190
128 22.472069 -0.000006 -0.000031 -0.020851 0.123531 0.077004
129 -1.616135 -5.333253 10.147437 0.347094 -0.374743 -0.146641
130 23.451286 -0.000000 -0.000023 0.027042 -0.001892 -0.012901
131 23.608025 -0.000003 -0.000031 0.008422 -0.050374 -0.007829
132 23.536224 -0.000001 -0.000031 0.040169 -0.427600 0.003425
133 23.233967 0.000004 0.000008 0.019182 0.055711 0.026781
134 22.703674 0.000005 -0.000031 -0.001707 0.067401 0.033752
135 -1.614517 -0.000000 10.883349 -0.000000 -0.400842 0.000000
136 23.962143 0.000001 -0.000038 0.000000 -0.000699 -0.000000
137 23.938972 -0.000003 0.000008 -0.000454 -0.050697 0.001414
138 23.736023 -0.000003 -0.000031 0.023085 -0.155137 -0.037839
139 23.354973 0.000006 -0.000031 0.020300 0.048257 -0.029725
140 22.798935 -0.000008 -0.000038 0.026454 0.043674 -0.025991
141 -1.616135 5.333251 10.147422 -0.347094 -0.374742 0.146641
142 23.451294 -0.000006 0.000000 -0.027042 -0.001892 0.012901
143 23.608017 -0.000002 -0.000038 -0.009258 -0.051467 0.010604
144 23.536240 -0.000001 -0.000015 0.005852 -0.447633 -0.091709
145 23.233971 -0.000016 -0.000031 0.021142 0.054337 -0.093976
146 22.703667 0.000016 -0.000015 0.051916 0.052051 -0.087649
147 -1.634338 9.854564 8.052344 -0.714078 -0.292096 0.280760
148 22.205254 0.000003 -0.000008 -0.042841 -0.006101 0.020254
149 22.804443 0.000002 -0.000076 -0.013064 -0.053259 0.016340
150 23.051628 -0.000007 0.000000 -0.015384 -0.419497 -0.138190
151 22.939968 -0.000003 -0.000023 0.007492 0.089498 -0.153985
152 22.472069 0.000010 -0.000038 0.058728 0.092415 -0.148065
153 -1.699203 12.875607 4.918525 -1.116385 -0.148284 0.380891
154 20.938599 0.000019 0.000000 -0.034482 -0.012973 0.016104
155 21.993599 -0.000005 -0.000061 -0.012521 -0.003068 0.005924
156 22.563812 0.000001 -0.000015 -0.040722 -0.368661 -0.172629
157 22.643349 0.000013 -0.000046 -0.025206 0.148840 -0.198928
158 22.238033 0.000002 -0.000023 0.033436 0.159890 -0.194862
159 -1.833771 13.936457 1.224504 -1.552447 0.040994 0.420999
160 20.406952 0.000005 -0.000038 -0.000000 -0.016932 -0.000000
161 21.655502 0.000009 -0.000015 -0.000000 -0.003038 0.000000
162 22.360649 0.000002 -0.000023 -0.064438 -0.303146 -0.187529
163 22.519661 0.000006 -0.000015 -0.073221 0.224949 -0.224413
164 22.140377 0.000008 -0.000015 -0.033703 0.242260 -0.198766
165 -1.972565 12.875608 -3.614555 -1.827109 0.155326 0.386830
166 20.655167 0.000007 -0.000015 0.014659 -0.017050 -0.006451
167 21.762268 0.000003 -0.000015 0.003006 -0.066696 0.011327
168 22.392159 0.000012 -0.000023 -0.082393 -0.259825 -0.178811
169 22.541344 0.000011 -0.000031 -0.116760 0.270017 -0.234835
170 22.217499 0.000008 -0.000023 -0.094376 0.290202 -0.205277
171 -1.967316 9.854566 -7.722432 -2.161803 0.248066 0.289766
172 21.272736 0.000003 -0.000015 0.025990 -0.015445 -0.009916
173 22.032509 0.000022 -0.000053 0.001196 -0.072967 0.009828
174 22.475662 0.000002 -0.000015 -0.085263 -0.214052 -0.164088
175 22.598713 0.000004 -0.000015 -0.135037 0.316146 -0.217826
176 22.407990 0.000015 -0.000015 -0.122159 0.333708 -0.181564
177 -1.900833 5.333252 -10.470076 -2.601403 0.305546 0.153178
178 21.914322 0.000006 -0.000019 0.024266 -0.010747 -0.007792
179 22.319839 -0.000009 -0.000004 -0.000552 -0.077968 0.005969
180 22.569618 -0.000001 -0.000015 -0.065392 -0.164873 -0.133560
181 22.663216 0.000021 -0.000031 -0.112878 0.363223 -0.173334
182 22.604527 0.000023 -0.000023 -0.102680 0.368450 -0.141638
183 -1.865570 -0.000002 -11.435440 -3.141592 0.324581 -0.000000
184 22.186661 -0.000004 -0.000008 0.000000 -0.007676 0.000000
185 22.443718 -0.000003 -0.000008 -0.001210 -0.079386 -0.000687
186 22.611542 -0.000005 -0.000023 -0.015101 -0.128997 -0.079327
187 22.692009 0.000004 -0.000008 -0.035676 0.398324 -0.086702
188 22.687656 0.000010 0.000000 -0.039863 0.394600 -0.087531
189 -1.900833 -5.333256 -10.470070 2.601403 0.305546 -0.153178
190 21.914337 0.000008 -0.000015 -0.024267 -0.010746 0.007792
191 22.319817 -0.000020 -0.000008 -0.001754 -0.076357 -0.006992
192 22.569618 0.000008 -0.000038 0.041806 -0.131430 -0.018588
193 22.663239 -0.000018 0.000000 0.044372 0.400640 0.000290
194 22.604538 0.000003 0.000004 0.034179 0.401457 -0.014729
195 -1.967285 -9.854566 -7.722440 2.161803 0.248066 -0.289766
196 21.272705 -0.000016 -0.000008 -0.025990 -0.015445 0.009916
197 22.032478 0.000004 -0.000031 -0.003318 -0.070384 -0.010138
198 22.475685 -0.000005 -0.000038 0.071833 -0.161627 0.025654
199 22.598705 0.000005 -0.000023 0.083077 0.375490 0.061811
200 22.407990 -0.000012 -0.000015 0.077968 0.389860 0.043283
201 -1.972565 -12.875610 -3.614562 1.827110 0.155326 -0.386831
202 20.655182 0.000010 -0.000023 -0.014659 -0.017050 0.006451
203 21.762276 -0.000007 -0.000015 -0.005026 -0.063671 -0.011016
204 22.392159 -0.000004 -0.000031 0.080356 -0.200260 0.052339
205 22.541340 -0.000005 -0.000015 0.081410 0.318294 0.092189
206 22.217506 -0.000004 -0.000015 0.068268 0.357332 0.085499
207 0.059621 0.456168 0.250107 0.000000 -0.000000 0.000000
208 0.059621 0.456168 0.250107 0.000000 -0.000000 0.000000
time 28
  0 0.059621 0.456168 0.250107 0.000000 -0.000000 0.000000
  1 0.059621 0.456168 0.250107 0.000000 -0.000000 0.000000
  2 0.059621 0.456168 0.250107 0.000000 -0.000000 0.000000
  3 0.059621 0.456168 0.250107 0.000000 -0.000000 0.000000
  4 0.059621 0.456168 0.250107 0.000000 -0.000000 0.000000
  5 0.059621 0.456168 0.250107 0.000000 -0.000000 0.000000
  6 0.059621 0.456168 0.250107 0.000000 -0.000000 0.000000
  7 0.059621 0.456168 0.250107 0.000000 -0.000000 0.000000
  8 0.059621 0.456168 0.250107 0.000000 -0.000000 0.000000
  9 0.059621 0.456168 0.250107 0.000000 -0.000000 0.000000
 10 -62.279236 0.363327 201.839386 -1.272111 -0.183725 -2.223660
 11 24.668259 0.000015 -0.000034 1.053882 -0.236734 -0.095844
 12 30.380150 0.000008 0.000000 1.447934 0.274065 -0.080787
 13 19.902084 0.000000 -0.000008 0.072880 -0.612940 -0.236125
 14 105.870827 20.523191 107.458252 -1.465490 3.071293 -1.265272
 15 35.349510 0.000008 0.000015 -1.312815 -0.074807 -0.217088
 16 37.124329 -0.000011 -0.000015 -1.142754 0.067145 0.096373
 17 0.059621 0.456168 0.250107 0.064768 -0.005215 -0.156772
 18 0.059621 0.456168 109.640823 1.570796 1.570796 0.000000
 19 -65.799545 -0.000020 1.142855 0.000000 0.000515 3.141077
 20 11.181580 0.005760 -0.002411 0.000000 0.254797 0.000515
 21 27.835175 -0.000000 0.000019 -3.141592 -0.129896 -0.000000
 22 5.330383 -0.000001 -0.000002 -3.069846 -0.006515 -0.109034
 23 10.134888 -4.133394 3.834200 -0.448345 -0.974036 -2.761483
 24 10.134872 4.133396 3.834200 0.448362 -0.974030 2.761467
 25 22.592361 0.000004 17.467117 -0.000010 2.956431 0.000000
 26 21.199982 -7.744013 14.169521 -0.644457 -0.154503 -3.025319
 27 18.142014 -13.440231 7.965775 1.260508 -0.457610 2.982077
 28 21.199966 7.744015 14.169498 0.644460 -0.154503 3.025318
 29 18.141968 13.440231 7.965771 -0.316157 -0.180196 -3.082644
 30 11.858856 -13.360001 3.526514 1.542249 3.132957 0.174415
 31 9.463272 -16.404865 -2.906048 1.542282 3.132901 0.176490
 32 9.125244 -10.885475 -11.371326 0.000496 2.962373 0.000256
 33 11.858856 13.359999 3.526474 -1.542248 3.132957 -0.174414
 34 9.463257 16.404861 -2.906025 -1.542281 3.132900 -0.176490
 35 9.125244 10.885469 -11.371307 -0.000492 2.962373 0.000256
 36 9.023224 -0.000004 -17.296175 0.000180 -0.167048 -3.141356
 37 12.691391 -0.000006 -19.438765 0.000000 2.219987 0.000000
 38 10.989426 0.000002 0.000000 0.000000 -0.589300 0.000000
 39 12.871460 -10.586842 -15.652475 1.187827 2.732249 0.770645
 40 10.727005 0.000010 -0.000015 -0.047067 -0.599609 0.043010
 41 12.871445 10.586836 -15.652475 -1.188077 2.732249 -0.770644
 42 10.726990 -0.000023 0.000000 0.047068 -0.599609 -0.043010
 43 12.847214 -17.570084 -4.701340 1.400817 2.913826 0.905008
 44 11.496498 0.000006 -0.000031 -0.093577 -0.558504 0.090690
 45 12.847183 17.570078 -4.701359 -1.400992 2.913826 -0.905008
 46 11.496475 0.000000 -0.000015 0.093577 -0.558504 -0.090690
 47 28.485962 0.000004 16.460361 -0.000001 -0.336391 0.000000
 48 23.052765 -6.207911 -0.077286 -1.470206 0.035100 -1.833545
 49 9.436901 -0.000008 -0.000015 0.010287 0.701074 0.003503
 50 31.269348 0.000011 -0.000015 -0.006701 -0.268905 0.008666
 51 28.756504 0.000010 -0.000046 -0.001117 -0.096943 0.001416
 52 2.251995 -2.464411 -1.141632 0.481305 0.508197 -0.319329
 53 3.674034 -0.000015 0.000000 -0.277611 0.179024 0.194713
 54 3.614700 0.000011 -0.000015 0.013156 0.193871 -0.001558
 55 9.035511 -2.494946 0.484558 -0.001362 0.302449 0.001673
 56 2.943588 0.000000 -0.000031 0.010585 0.293657 -0.007800
 57 2.649437 0.000002 0.000008 -0.006498 0.303243 0.008512
 58 9.093620 -0.386671 0.647690 0.020190 0.475380 -0.012607
 59 3.451897 0.000000 -0.000015 -0.014209 0.528778 0.009212
 60 2.898178 0.000002 0.000031 -0.000683 0.490858 0.000916
 61 8.894588 1.605850 0.371902 -0.000566 0.547851 0.000704
 62 3.130402 0.000002 0.000038 0.003896 0.567158 -0.005064
 63 2.629532 0.000002 -0.000038 0.004892 0.544389 -0.006589
 64 8.470623 3.459526 0.131500 -0.021715 0.541478 0.011456
 65 2.410263 0.000000 -0.000046 0.022815 0.529939 -0.013321
 66 2.000778 0.000004 0.000011 -0.005415 0.533618 0.007402
 67 23.052780 6.207909 -0.077305 1.481823 0.058643 2.080206
 68 9.436897 0.000021 -0.000031 0.151662 0.418551 0.413166
 69 31.269348 -0.000023 -0.000046 0.036279 0.233956 1.868652
 70 28.756508 0.000000 0.000015 0.243763 0.078040 -0.088974
 71 2.251884 2.464401 -1.141563 -0.513217 0.249535 0.112914
 72 3.674088 0.000002 -0.000031 0.331388 -0.059506 -0.325011
 73 3.614677 0.000000 0.000031 0.067360 -0.216133 -0.086857
 74 9.035416 2.494934 0.484428 0.001362 -0.011534 -0.001673
 75 2.943565 0.000000 -0.000031 -0.011498 -0.020268 0.014556
 76 2.649445 0.000008 0.000031 0.006498 -0.010740 -0.008512
 77 9.093689 0.386673 0.647781 -0.018031 0.093461 0.020165
 78 3.451859 0.000008 0.000015 0.014953 0.008589 -0.019838
 79 2.898209 0.000008 0.000000 0.000684 -0.029445 -0.000917
 80 8.894409 -1.605865 0.371918 0.000566 0.090541 -0.000704
 81 3.130432 0.000008 -0.000046 -0.003896 -0.009289 0.005063
 82 2.629517 0.000008 0.000015 -0.004892 -0.032059 0.006589
 83 8.470604 -3.459526 0.131401 0.018786 0.137518 -0.020073
 84 2.410271 0.000000 -0.000015 -0.024238 -0.029075 0.031299
 85 2.000755 0.000000 0.000015 0.005415 -0.025697 -0.007402
 86 9.832344 1.463058 -1.299431 0.016523 -0.031798 -0.020624
 87 25.040604 -5.670406 5.432793 -1.335018 -0.248693 -2.038907
 88 28.779709 -6.856310 -0.811420 -1.464904 0.008824 -1.628522
 89 29.182297 -3.955567 -4.961964 0.936832 2.492965 0.598440
 90 25.040573 5.670406 5.432751 1.338018 -0.423121 2.082935
 91 28.779755 6.856310 -0.811401 1.464904 0.008825 1.628526
 92 29.182297 3.955564 -4.961941 -0.936831 2.492963 -0.598440
 93 -65.335648 -0.000020 1.140918 -3.141591 0.044911 0.000000
 94 26.290924 -12.205288 1.157882 -2.071447 -0.017454 0.065112
 95 49.071030 0.000009 0.000009 2.179705 0.127556 -0.112856
 96 61.871311 -0.000015 -0.000023 3.080256 0.672597 0.035641
 97 26.290924 12.205295 1.157841 2.044502 0.127786 -0.159169
 98 49.071068 0.000004 -0.000038 -2.187262 0.154733 0.063501
 99 61.871304 0.000023 -0.000027 -2.944714 0.642381 0.102745
100 -0.698059 -11.192116 -8.252762 1.305498 -0.123630 -0.926928
101 20.568230 -0.000002 0.000000 0.009876 0.029912 -0.144444
102 0.223785 -5.734809 -12.929605 -2.920252 0.798915 0.153191
103 20.803574 0.000001 -0.000046 0.066074 -0.129100 -0.039558
104 -1.040009 -3.033968 12.140511 1.554517 0.104601 -1.288764
105 -1.039993 3.034004 12.140501 -1.554518 0.104604 1.288764
106 4.165451 -5.407045 12.088390 0.854937 -0.629941 -0.629908
107 16.599442 0.000000 -0.000015 -0.047935 -0.051683 0.045016
108 4.165482 5.407080 12.088381 -0.764267 -0.486891 0.479792
109 16.599388 0.000008 -0.000038 0.046856 0.139583 -0.034363
110 6.428391 0.000001 -0.288944 -0.000001 -0.000000 -0.000000
111 -1.833771 -13.936461 1.224505 1.552448 0.040995 -0.420999
112 20.406952 -0.000002 -0.000031 0.000000 -0.016932 0.000000
113 21.655502 -0.000002 -0.000015 -0.006331 -0.059905 -0.011118
114 22.360680 -0.000002 -0.000038 0.075187 -0.244544 0.069382
115 22.519657 -0.000005 -0.000015 0.060178 0.247194 0.107947
116 22.140400 -0.000008 -0.000023 0.021895 0.293449 0.098594
117 -1.699203 -12.875612 4.918509 1.116385 -0.148284 -0.380891
118 20.938614 0.000013 0.000000 0.034482 -0.012972 -0.016104
119 21.993607 -0.000005 -0.000061 0.006795 -0.054913 -0.015581
120 22.563797 -0.000012 -0.000015 0.068285 -0.316504 0.067656
121 22.643353 0.000003 -0.000031 0.036054 0.166764 0.105733
122 22.238056 -0.000008 -0.000038 -0.015965 0.199588 0.099022
123 -1.634338 -9.854568 8.052345 0.714077 -0.292095 -0.280759
124 22.205284 0.000001 -0.000023 0.042841 -0.006102 -0.020254
125 22.804390 -0.000005 -0.000053 0.012081 -0.051773 -0.014403
126 23.051659 0.000002 0.000000 0.054888 -0.381569 0.043024
127 22.939980 0.000006 -0.000046 0.021162 0.092261 0.075156
128 22.472069 -0.000003 -0.000031 -0.020873 0.114806 0.077404
129 -1.616135 -5.333253 10.147438 0.347094 -0.374743 -0.146641
130 23.451302 -0.000000 -0.000015 0.027042 -0.001892 -0.012901
131 23.608025 -0.000003 -0.000031 0.008341 -0.050853 -0.007916
132 23.536240 0.000001 -0.000038 0.040110 -0.428078 0.003289
133 23.233963 0.000002 0.000008 0.018783 0.039741 0.026310
134 22.703671 0.000008 -0.000031 -0.001707 0.058667 0.033752
135 -1.614517 -0.000000 10.883350 -0.000000 -0.400842 0.000000
136 23.962143 0.000001 -0.000038 0.000000 -0.000699 0.000000
137 23.938965 -0.000003 0.000008 -0.000469 -0.051110 0.001434
138 23.736031 -0.000003 -0.000023 0.023079 -0.171049 -0.038044
139 23.354980 0.000006 -0.000038 0.020350 0.039527 -0.029997
140 22.798939 -0.000008 -0.000031 0.026473 0.034942 -0.026225
141 -1.616135 5.333251 10.147423 -0.347094 -0.374742 0.146641
142 23.451294 -0.000006 0.000000 -0.027042 -0.001892 0.012901
143 23.608025 -0.000002 -0.000038 -0.009237 -0.051881 0.010714
144 23.536247 -0.000000 -0.000015 0.005859 -0.448055 -0.091541
145 23.233967 -0.000019 -0.000038 0.021148 0.045605 -0.094162
146 22.703667 0.000013 -0.000015 0.051929 0.043328 -0.088106
147 -1.634338 9.854564 8.052343 -0.714078 -0.292096 0.280760
148 22.205254 0.000003 0.000000 -0.042841 -0.006101 0.020254
149 22.804443 0.000002 -0.000076 -0.013026 -0.053747 0.016622
150 23.051628 -0.000008 0.000000 -0.015360 -0.419992 -0.137883
151 22.939964 -0.000006 -0.000023 0.007492 0.080764 -0.153985
152 22.472069 0.000002 -0.000038 0.058794 0.083733 -0.149012
153 -1.699203 12.875607 4.918524 -1.116385 -0.148284 0.380891
154 20.938599 0.000019 0.000000 -0.034482 -0.012973 0.016104
155 21.993599 -0.000005 -0.000061 -0.012521 -0.003068 0.005924
156 22.563812 0.000001 -0.000015 -0.040696 -0.369301 -0.172224
157 22.643364 0.000010 -0.000046 -0.025204 0.140109 -0.198845
158 22.238033 0.000006 -0.000015 0.033466 0.151195 -0.195687
159 -1.833771 13.936457 1.224504 -1.552447 0.040994 0.420999
160 20.406952 0.000005 -0.000046 -0.000000 -0.016932 -0.000000
161 21.655518 0.000009 -0.000015 -0.000000 -0.003038 0.000000
162 22.360649 0.000002 -0.000015 -0.064359 -0.303991 -0.187064
163 22.519657 0.000002 -0.000023 -0.073195 0.218482 -0.224262
164 22.140377 0.000008 -0.000015 -0.033756 0.234973 -0.198977
165 -1.972580 12.875608 -3.614555 -1.827109 0.155326 0.386830
166 20.655167 0.000007 -0.000015 0.014659 -0.017050 -0.006451
167 21.762260 0.000003 -0.000023 0.003132 -0.067713 0.011692
168 22.392151 0.000009 -0.000023 -0.082279 -0.260822 -0.178309
169 22.541344 0.000011 -0.000023 -0.116703 0.263411 -0.234622
170 22.217503 0.000011 -0.000015 -0.094480 0.283025 -0.205158
171 -1.967316 9.854566 -7.722432 -2.161803 0.248066 0.289766
172 21.272736 0.000003 -0.000008 0.025990 -0.015445 -0.009916
173 22.032516 0.000022 -0.000053 0.001256 -0.074156 0.010137
174 22.475655 0.000002 -0.000023 -0.085180 -0.215228 -0.163629
175 22.598713 0.000002 -0.000008 -0.134956 0.309846 -0.217400
176 22.407974 0.000015 -0.000023 -0.122077 0.327378 -0.181183
177 -1.900848 5.333252 -10.470076 -2.601403 0.305546 0.153178
178 21.914322 0.000006 -0.000019 0.024266 -0.010747 -0.007792
179 22.319847 -0.000009 -0.000008 -0.000542 -0.079342 0.006153
180 22.569626 -0.000002 -0.000015 -0.065360 -0.166246 -0.133253
181 22.663208 0.000020 -0.000023 -0.112799 0.357141 -0.172839
182 22.604519 0.000017 -0.000019 -0.102603 0.362341 -0.141162
183 -1.865585 -0.000002 -11.435440 -3.141592 0.324581 -0.000000
184 22.186676 -0.000004 -0.000015 0.000000 -0.007676 0.000000
185 22.443718 -0.000003 -0.000011 -0.001250 -0.080884 -0.000697
186 22.611542 -0.000005 -0.000023 -0.015111 -0.130502 -0.079321
187 22.692024 0.000005 -0.000008 -0.035649 0.392309 -0.086392
188 22.687656 0.000011 0.000000 -0.039869 0.388561 -0.087390
189 -1.900848 -5.333256 -10.470070 2.601403 0.305546 -0.153178
190 21.914337 0.000008 -0.000015 -0.024267 -0.010746 0.007792
191 22.319824 -0.000020 -0.000004 -0.001856 -0.077827 -0.007193
192 22.569626 0.000008 -0.000038 0.041712 -0.132901 -0.018786
193 22.663239 -0.000019 0.000000 0.044336 0.394505 0.000167
194 22.604530 0.000003 0.000008 0.034159 0.395333 -0.014831
195 -1.967285 -9.854566 -7.722440 2.161803 0.248066 -0.289766
196 21.272720 -0.000016 -0.000008 -0.025990 -0.015445 0.009916
197 22.032463 0.000004 -0.000023 -0.003475 -0.071725 -0.010458
198 22.475685 -0.000009 -0.000038 0.071682 -0.162958 0.025225
199 22.598709 0.000001 -0.000023 0.083012 0.369122 0.061604
200 22.407990 -0.000012 -0.000015 0.077906 0.383526 0.043081
201 -1.972580 -12.875610 -3.614562 1.827110 0.155326 -0.386831
202 20.655182 0.000010 -0.000031 -0.014659 -0.017050 0.006451
203 21.762268 -0.000007 0.000000 -0.005219 -0.064867 -0.011371
204 22.392166 -0.000004 -0.000038 0.080179 -0.201434 0.051870
205 22.541340 -0.000006 -0.000015 0.080061 0.303577 0.089913
206 22.217510 -0.000004 -0.000008 0.068215 0.350526 0.085305
207 0.059621 0.456168 0.250107 0.000000 -0.000000 0.000000
208 0.059621 0.456168 0.250107 0.000000 -0.000000 0.000000
time 29
  0 0.059621 0.456168 0.250107 0.000000 -0.000000 0.000000
  1 0.059621 0.456168 0.250107 0.000000 -0.000000 0.000000
  2 0.059621 0.456168 0.250107 0.000000 -0.000000 0.000000
  3 0.059621 0.456168 0.250107 0.000000 -0.000000 0.000000
  4 0.059621 0.456168 0.250107 0.000000 -0.000000 0.000000
  5 0.059621 0.456168 0.250107 0.000000 -0.000000 0.000000
  6 0.059621 0.456168 0.250107 0.000000 -0.000000 0.000000
  7 0.059621 0.456168 0.250107 0.000000 -0.000000 0.000000
  8 0.059621 0.456168 0.250107 0.000000 -0.000000 0.000000
  9 0.059621 0.456168 0.250107 0.000000 -0.000000 0.000000
 10 -61.014584 8.689964 201.184830 -1.271985 -0.199076 -2.393669
 11 24.668251 0.000000 -0.000038 1.081533 -0.361142 -0.068741
 12 30.380142 0.000008 0.000000 1.502566 0.175016 0.219137
 13 19.902092 0.000000 0.000000 0.087803 -0.640250 -0.258947
 14 105.539421 14.832292 107.458252 -1.529416 3.024132 -1.415606
 15 35.349510 0.000000 0.000008 -1.316774 -0.062765 -0.224071
 16 37.124329 -0.000015 -0.000015 -1.225688 0.106435 0.186400
 17 0.059621 0.456168 0.250107 0.064768 -0.005215 -0.156772
 18 0.059621 0.456168 109.315987 1.570796 1.570796 0.000000
 19 -65.799553 -0.000020 1.142855 0.000000 0.000515 3.141077
 20 11.181580 0.005760 -0.002411 0.000000 0.254797 0.000515
 21 27.835159 -0.000000 0.000019 -3.141592 -0.129896 -0.000000
 22 5.330383 -0.000001 -0.000002 -3.069901 -0.006931 -0.103221
 23 10.134903 -4.133396 3.834198 -0.454318 -0.982335 -2.754272
 24 10.134888 4.133396 3.834198 0.454336 -0.982330 2.754255
 25 22.592361 0.000004 17.467113 -0.000010 2.956431 0.000000
 26 21.199997 -7.744013 14.169518 -0.644457 -0.154503 -3.025319
 27 18.142014 -13.440228 7.965775 1.259744 -0.451018 2.984467
 28 21.199982 7.744013 14.169498 0.644460 -0.154503 3.025318
 29 18.141998 13.440229 7.965773 -0.316157 -0.180196 -3.082644
 30 11.858871 -13.360001 3.526514 1.542249 3.132957 0.174415
 31 9.463303 -16.404865 -2.906044 1.542282 3.132901 0.176490
 32 9.125244 -10.885475 -11.371326 0.000496 2.962373 0.000256
 33 11.858871 13.359999 3.526472 -1.542248 3.132957 -0.174414
 34 9.463272 16.404860 -2.906025 -1.542281 3.132900 -0.176490
 35 9.125290 10.885467 -11.371307 -0.000492 2.962373 0.000256
 36 9.023224 -0.000004 -17.296179 0.000180 -0.167048 -3.141356
 37 12.691406 -0.000006 -19.438766 0.000000 2.226954 0.000000
 38 10.989410 0.000006 0.000000 0.000000 -0.642578 0.000000
 39 12.871475 -10.586843 -15.652473 1.186223 2.735185 0.763913
 40 10.727020 0.000006 -0.000015 -0.049067 -0.652797 0.046607
 41 12.871460 10.586838 -15.652473 -1.186762 2.735184 -0.763912
 42 10.726990 -0.000025 0.000015 0.049067 -0.652797 -0.046607
 43 12.847214 -17.570080 -4.701340 1.400005 2.915215 0.898040
 44 11.496498 0.000010 -0.000031 -0.097231 -0.611470 0.097561
 45 12.847183 17.570074 -4.701361 -1.400381 2.915214 -0.898040
 46 11.496460 -0.000002 0.000000 0.097231 -0.611470 -0.097561
 47 28.485962 0.000004 16.460358 -0.000001 -0.333372 0.000000
 48 23.052750 -6.207911 -0.077286 -1.470206 0.035100 -1.833545
 49 9.436905 -0.000008 0.000000 0.010287 0.696649 0.003503
 50 31.269341 0.000010 -0.000015 -0.006701 -0.277210 0.008666
 51 28.756504 0.000006 -0.000031 -0.001117 -0.101019 0.001416
 52 2.251987 -2.464405 -1.141647 0.481305 0.508197 -0.319329
 53 3.674049 -0.000017 0.000015 -0.277611 0.179024 0.194713
 54 3.614693 0.000010 0.000000 0.013156 0.193871 -0.001558
 55 9.035492 -2.494946 0.484558 -0.001362 0.302449 0.001673
 56 2.943581 0.000002 0.000000 0.010585 0.293657 -0.007800
 57 2.649437 0.000004 0.000008 -0.006498 0.303243 0.008512
 58 9.093616 -0.386669 0.647705 0.020190 0.475380 -0.012607
 59 3.451881 0.000000 -0.000015 -0.014209 0.528778 0.009212
 60 2.898178 0.000000 0.000031 -0.000683 0.490858 0.000916
 61 8.894577 1.605854 0.371902 -0.000566 0.547851 0.000704
 62 3.130409 0.000004 0.000031 0.003896 0.567158 -0.005064
 63 2.629532 0.000000 -0.000042 0.004892 0.544388 -0.006589
 64 8.470612 3.459528 0.131500 -0.021715 0.541478 0.011456
 65 2.410271 0.000000 -0.000046 0.022815 0.529939 -0.013321
 66 2.000809 0.000006 0.000011 -0.005415 0.533618 0.007402
 67 23.052765 6.207909 -0.077305 1.481823 0.058643 2.080206
 68 9.436897 0.000021 -0.000015 0.151662 0.418551 0.413166
 69 31.269348 -0.000015 -0.000031 0.053773 0.237038 1.870122
 70 28.756500 0.000000 0.000015 0.246246 0.092722 -0.082707
 71 2.251892 2.464401 -1.141571 -0.513217 0.249535 0.112914
 72 3.674088 0.000004 -0.000015 0.331388 -0.059506 -0.325011
 73 3.614674 0.000008 0.000031 0.067360 -0.216133 -0.086857
 74 9.035416 2.494965 0.484428 0.001362 -0.011534 -0.001673
 75 2.943573 0.000000 -0.000031 -0.011497 -0.020268 0.014556
 76 2.649445 0.000000 0.000015 0.006498 -0.010740 -0.008512
 77 9.093697 0.386688 0.647781 -0.018031 0.093461 0.020165
 78 3.451866 0.000000 0.000000 0.014953 0.008589 -0.019838
 79 2.898193 0.000000 0.000000 0.000683 -0.029445 -0.000917
 80 8.894417 -1.605858 0.371902 0.000566 0.090541 -0.000704
 81 3.130432 0.000015 -0.000031 -0.003896 -0.009289 0.005063
 82 2.629509 0.000000 0.000000 -0.004892 -0.032059 0.006589
 83 8.470604 -3.459518 0.131386 0.018786 0.137518 -0.020073
 84 2.410278 0.000000 0.000000 -0.024238 -0.029075 0.031299
 85 2.000755 0.000015 0.000015 0.005415 -0.025697 -0.007402
 86 9.832352 1.463074 -1.299438 0.016522 -0.031798 -0.020624
 87 25.040588 -5.670406 5.432793 -1.334331 -0.247978 -2.041828
 88 28.779694 -6.856310 -0.811420 -1.464944 0.009131 -1.631434
 89 29.182281 -3.955567 -4.961964 0.935179 2.494762 0.595599
 90 25.040558 5.670406 5.432751 1.336780 -0.422389 2.086027
 91 28.779739 6.856310 -0.811401 1.464944 0.009132 1.631437
 92 29.182281 3.955564 -4.961937 -0.935179 2.494761 -0.595600
 93 -65.335655 -0.000020 1.140918 -3.141591 0.044911 0.000000
 94 26.290924 -12.205288 1.157882 -2.071447 -0.017454 0.065112
 95 49.071022 0.000008 0.000009 2.179705 0.127556 -0.112856
 96 61.871311 -0.000015 -0.000023 3.080256 0.672597 0.035641
 97 26.290924 12.205295 1.157841 2.044502 0.127786 -0.159169
 98 49.071053 0.000004 -0.000036 -2.187262 0.154733 0.063501
 99 61.871304 0.000023 -0.000027 -2.944714 0.642381 0.102745
100 -0.698074 -11.192116 -8.252763 1.306034 -0.125117 -0.932235
101 20.568230 -0.000002 0.000000 0.009874 -0.006540 -0.144306
102 0.223785 -5.734809 -12.929605 -2.919270 0.804284 0.154679
103 20.803581 0.000001 -0.000031 0.066005 -0.163108 -0.041749
104 -1.040024 -3.033968 12.140511 1.554517 0.104601 -1.288764
105 -1.040009 3.034004 12.140501 -1.554518 0.104604 1.288764
106 4.165451 -5.407045 12.088390 0.854937 -0.629941 -0.629908
107 16.599434 0.000000 -0.000015 -0.047935 -0.051683 0.045016
108 4.165482 5.407080 12.088381 -0.766239 -0.490021 0.485531
109 16.599380 0.000009 -0.000031 0.046926 0.133928 -0.034678
110 6.428375 0.000001 -0.288944 -0.000001 -0.000000 -0.000000
111 -1.833771 -13.936461 1.224505 1.552448 0.040995 -0.420999
112 20.406937 -0.000002 -0.000015 0.000000 -0.016932 0.000000
113 21.655495 -0.000002 -0.000015 -0.006514 -0.060831 -0.011440
114 22.360672 -0.000002 -0.000031 0.075029 -0.245445 0.068974
115 22.519653 -0.000006 -0.000023 0.058851 0.228196 0.105637
116 22.140385 -0.000008 -0.000031 0.021895 0.283247 0.098594
117 -1.699203 -12.875612 4.918509 1.116385 -0.148284 -0.380891
118 20.938599 0.000013 0.000000 0.034482 -0.012972 -0.016104
119 21.993607 -0.000005 -0.000061 0.006630 -0.055626 -0.015860
120 22.563797 -0.000012 -0.000008 0.068159 -0.317199 0.067304
121 22.643341 0.000001 -0.000046 0.034991 0.148451 0.103982
122 22.238052 -0.000008 -0.000038 -0.015980 0.189397 0.099501
123 -1.634338 -9.854568 8.052345 0.714077 -0.292095 -0.280759
124 22.205299 0.000001 -0.000023 0.042841 -0.006102 -0.020254
125 22.804382 -0.000005 -0.000046 0.011956 -0.052305 -0.014592
126 23.051666 0.000003 0.000000 0.054796 -0.382093 0.042772
127 22.939976 0.000003 -0.000046 0.020411 0.074438 0.074060
128 22.472065 0.000000 -0.000023 -0.020901 0.104614 0.077871
129 -1.616135 -5.333254 10.147438 0.347094 -0.374743 -0.146641
130 23.451302 -0.000000 -0.000023 0.027042 -0.001892 -0.012901
131 23.608017 -0.000003 -0.000023 0.008269 -0.051263 -0.007994
132 23.536232 -0.000001 -0.000038 0.040057 -0.428487 0.003167
133 23.233978 0.000004 0.000008 0.018363 0.022181 0.025798
134 22.703678 0.000006 -0.000023 -0.001707 0.048465 0.033752
135 -1.614517 -0.000000 10.883350 -0.000000 -0.400842 0.000000
136 23.962143 0.000001 -0.000038 0.000000 -0.000699 0.000000
137 23.938972 -0.000003 0.000008 -0.000483 -0.051458 0.001451
138 23.736023 -0.000003 -0.000031 0.023074 -0.188547 -0.038278
139 23.354980 0.000006 -0.000031 0.020409 0.029330 -0.030314
140 22.798939 -0.000008 -0.000031 0.026495 0.024744 -0.026497
141 -1.616135 5.333250 10.147423 -0.347094 -0.374742 0.146641
142 23.451309 -0.000006 0.000000 -0.027042 -0.001892 0.012901
143 23.608017 -0.000002 -0.000038 -0.009219 -0.052229 0.010812
144 23.536240 0.000001 -0.000008 0.005864 -0.448412 -0.091390
145 23.233974 -0.000015 -0.000046 0.021154 0.035405 -0.094380
146 22.703674 0.000014 -0.000008 0.051946 0.033139 -0.088641
147 -1.634338 9.854564 8.052343 -0.714078 -0.292096 0.280760
148 22.205254 0.000003 -0.000008 -0.042841 -0.006101 0.020254
149 22.804459 0.000002 -0.000076 -0.012993 -0.054163 0.016876
150 23.051636 -0.000005 -0.000008 -0.015339 -0.420414 -0.137607
151 22.939972 -0.000002 -0.000015 0.007492 0.070561 -0.153985
152 22.472065 0.000004 -0.000046 0.058875 0.073593 -0.150118
153 -1.699203 12.875607 4.918524 -1.116385 -0.148284 0.380891
154 20.938599 0.000019 0.000000 -0.034482 -0.012973 0.016104
155 21.993599 -0.000005 -0.000061 -0.012521 -0.003068 0.005924
156 22.563812 0.000001 -0.000015 -0.040674 -0.369853 -0.171861
157 22.643356 0.000010 -0.000031 -0.025201 0.129910 -0.198743
158 22.238033 -0.000002 -0.000031 0.033503 0.141039 -0.196650
159 -1.833771 13.936457 1.224504 -1.552447 0.040994 0.420999
160 20.406967 0.000005 -0.000046 -0.000000 -0.016932 -0.000000
161 21.655502 0.000009 -0.000008 -0.000000 -0.003038 0.000000
162 22.360649 0.000002 -0.000015 -0.064289 -0.304728 -0.186645
163 22.519661 0.000002 -0.000015 -0.073164 0.210848 -0.224067
164 22.140381 0.000004 0.000000 -0.033818 0.226410 -0.199223
165 -1.972565 12.875608 -3.614555 -1.827109 0.155326 0.386830
166 20.655167 0.000007 -0.000015 0.014659 -0.017050 -0.006451
167 21.762268 0.000003 -0.000023 0.003244 -0.068605 0.012020
168 22.392166 0.000011 -0.000023 -0.082178 -0.261697 -0.177858
169 22.541340 0.000011 -0.000031 -0.116633 0.255619 -0.234344
170 22.217503 0.000008 -0.000023 -0.094601 0.274586 -0.205010
171 -1.967316 9.854566 -7.722432 -2.161803 0.248066 0.289766
172 21.272736 0.000003 -0.000008 0.025990 -0.015445 -0.009916
173 22.032516 0.000022 -0.000053 0.001309 -0.075204 0.010415
174 22.475662 0.000002 -0.000015 -0.085107 -0.216264 -0.163217
175 22.598717 0.000006 -0.000008 -0.134855 0.302401 -0.216876
176 22.407982 0.000015 -0.000031 -0.121976 0.319900 -0.180715
177 -1.900833 5.333252 -10.470076 -2.601403 0.305546 0.153178
178 21.914307 0.000006 -0.000023 0.024266 -0.010747 -0.007792
179 22.319847 -0.000009 -0.000004 -0.000533 -0.080558 0.006318
180 22.569626 -0.000003 -0.000023 -0.065332 -0.167461 -0.132978
181 22.663216 0.000017 -0.000023 -0.112702 0.349942 -0.172243
182 22.604530 0.000017 -0.000023 -0.102507 0.355111 -0.140591
183 -1.865570 -0.000002 -11.435440 -3.141592 0.324581 -0.000000
184 22.186691 -0.000004 -0.000008 0.000000 -0.007676 0.000000
185 22.443718 -0.000003 -0.000015 -0.001286 -0.082214 -0.000706
186 22.611542 -0.000005 -0.000023 -0.015121 -0.131838 -0.079315
187 22.692017 0.000007 -0.000008 -0.035614 0.385184 -0.086029
188 22.687656 0.000010 -0.000004 -0.039878 0.381409 -0.087224
189 -1.900833 -5.333257 -10.470070 2.601403 0.305546 -0.153178
190 21.914322 0.000008 -0.000015 -0.024267 -0.010746 0.007792
191 22.319824 -0.000020 -0.000008 -0.001949 -0.079132 -0.007373
192 22.569618 0.000008 -0.000046 0.041628 -0.134207 -0.018962
193 22.663231 -0.000017 -0.000008 0.044292 0.387246 0.000013
194 22.604530 0.000003 0.000008 0.034132 0.388086 -0.014958
195 -1.967285 -9.854566 -7.722440 2.161803 0.248066 -0.289766
196 21.272720 -0.000016 -0.000008 -0.025990 -0.015445 0.009916
197 22.032471 0.000004 -0.000023 -0.003616 -0.072916 -0.010744
198 22.475685 -0.000006 -0.000038 0.071547 -0.164138 0.024839
199 22.598701 0.000005 -0.000023 0.082933 0.361600 0.061344
200 22.407978 -0.000015 -0.000015 0.077831 0.376041 0.042828
201 -1.972565 -12.875610 -3.614562 1.827110 0.155326 -0.386831
202 20.655182 0.000010 -0.000023 -0.014659 -0.017050 0.006451
203 21.762260 -0.000007 -0.000008 -0.005392 -0.065925 -0.011690
204 22.392166 -0.000002 -0.000038 0.080020 -0.202473 0.051449
205 22.541332 -0.000006 -0.000031 0.078632 0.287346 0.087472
206 22.217510 -0.000004 -0.000015 0.068151 0.342507 0.085064
207 0.059621 0.456168 0.250107 0.000000 -0.000000 0.000000
208 0.059621 0.456168 0.250107 0.000000 -0.000000 0.000000
time 30
  0 0.059621 0.456168 0.250107 0.000000 -0.000000 0.000000
  1 0.059621 0.456168 0.250107 0.000000 -0.000000 0.000000
  2 0.059621 0.456168 0.250107 0.000000 -0.000000 0.000000
  3 0.059621 0.456168 0.250107 0.000000 -0.000000 0.000000
  4 0.059621 0.456168 0.250107 0.000000 -0.000000 0.000000
  5 0.059621 0.456168 0.250107 0.000000 -0.000000 0.000000
  6 0.059621 0.456168 0.250107 0.000000 -0.000000 0.000000
  7 0.059621 0.456168 0.250107 0.000000 -0.000000 0.000000
  8 0.059621 0.456168 0.250107 0.000000 -0.000000 0.000000
  9 0.059621 0.456168 0.250107 0.000000 -0.000000 0.000000
 10 -57.463230 19.386206 199.377136 -1.271847 -0.213828 -2.558660
 11 24.668243 0.000015 -0.000038 1.111660 -0.496691 -0.039210
 12 30.380157 0.000023 0.000015 1.562089 0.067655 0.545920
 13 19.902096 -0.000015 -0.000015 0.104974 -0.668057 -0.284309
 14 104.935104 8.227729 107.458252 1.540709 0.184136 1.564125
 15 35.349510 0.000000 0.000015 -1.320892 -0.050433 -0.231223
 16 37.124317 -0.000008 -0.000031 -1.298767 0.146881 0.266128
 17 0.059621 0.456168 0.250107 0.064768 -0.005215 -0.156772
 18 0.059621 0.456168 108.799263 1.570796 1.570796 0.000000
 19 -65.799553 -0.000020 1.142855 0.000000 0.000515 3.141077
 20 11.181580 0.005760 -0.002411 0.000000 0.254797 0.000515
 21 27.835175 -0.000000 0.000019 -3.141592 -0.129896 -0.000000
 22 5.330383 -0.000001 -0.000002 -3.069960 -0.007370 -0.097094
 23 10.134888 -4.133394 3.834198 -0.460886 -0.991152 -2.746389
 24 10.134888 4.133396 3.834198 0.460904 -0.991146 2.746372
 25 22.592377 0.000004 17.467110 -0.000010 2.956431 0.000000
 26 21.199982 -7.744009 14.169518 -0.644457 -0.154503 -3.025319
 27 18.142029 -13.440229 7.965775 1.258725 -0.442216 2.987658
 28 21.199982 7.744017 14.169498 0.644460 -0.154503 3.025318
 29 18.142014 13.440229 7.965773 -0.316157 -0.180196 -3.082644
 30 11.858856 -13.359999 3.526512 1.542249 3.132957 0.174415
 31 9.463287 -16.404863 -2.906044 1.542282 3.132901 0.176490
 32 9.125259 -10.885473 -11.371325 0.000496 2.962373 0.000256
 33 11.858871 13.360000 3.526472 -1.542248 3.132957 -0.174414
 34 9.463257 16.404861 -2.906025 -1.542281 3.132900 -0.176490
 35 9.125275 10.885469 -11.371305 -0.000492 2.962373 0.000256
 36 9.023224 -0.000004 -17.296171 0.000180 -0.167048 -3.141356
 37 12.691406 -0.000006 -19.438763 0.000000 2.236258 0.000000
 38 10.989410 0.000004 0.000000 0.000000 -0.689481 0.000000
 39 12.871490 -10.586842 -15.652470 1.184054 2.739104 0.754922
 40 10.727013 0.000011 -0.000031 -0.051437 -0.699609 0.050051
 41 12.871445 10.586836 -15.652472 -1.184968 2.739104 -0.754921
 42 10.726990 -0.000025 0.000015 0.051437 -0.699609 -0.050051
 43 12.847229 -17.570086 -4.701340 1.398898 2.917069 0.888737
 44 11.496506 0.000010 -0.000031 -0.101563 -0.658071 0.104077
 45 12.847183 17.570076 -4.701359 -1.399534 2.917069 -0.888737
 46 11.496445 0.000000 0.000000 0.101562 -0.658071 -0.104077
 47 28.485962 0.000004 16.460358 -0.000001 -0.329190 0.000000
 48 23.052765 -6.207911 -0.077286 -1.470206 0.035100 -1.833545
 49 9.436905 -0.000008 0.000000 0.010287 0.691842 0.003503
 50 31.269341 0.000008 -0.000031 -0.006701 -0.284659 0.008666
 51 28.756504 0.000008 -0.000031 -0.001117 -0.104675 0.001416
 52 2.251995 -2.464407 -1.141663 0.481305 0.508197 -0.319329
 53 3.674042 -0.000017 0.000000 -0.277611 0.179024 0.194713
 54 3.614693 0.000010 -0.000008 0.013156 0.193871 -0.001558
 55 9.035507 -2.494944 0.484543 -0.001362 0.302449 0.001673
 56 2.943581 0.000002 0.000000 0.010585 0.293657 -0.007800
 57 2.649422 0.000000 0.000015 -0.006498 0.303243 0.008512
 58 9.093628 -0.386667 0.647690 0.020190 0.475380 -0.012607
 59 3.451897 0.000000 -0.000015 -0.014209 0.528778 0.009212
 60 2.898178 0.000000 0.000038 -0.000683 0.490858 0.000916
 61 8.894585 1.605854 0.371887 -0.000566 0.547851 0.000704
 62 3.130402 0.000000 0.000031 0.003896 0.567158 -0.005064
 63 2.629547 0.000002 -0.000038 0.004892 0.544388 -0.006589
 64 8.470619 3.459528 0.131485 -0.021715 0.541478 0.011456
 65 2.410271 0.000000 -0.000046 0.022815 0.529939 -0.013321
 66 2.000793 0.000004 0.000011 -0.005415 0.533618 0.007402
 67 23.052780 6.207910 -0.077305 1.481823 0.058643 2.080206
 68 9.436905 0.000019 -0.000015 0.151662 0.418551 0.413166
 69 31.269348 -0.000023 -0.000046 0.073021 0.240429 1.871740
 70 28.756508 -0.000008 0.000031 0.249291 0.110725 -0.075023
 71 2.251900 2.464417 -1.141556 -0.513217 0.249535 0.112914
 72 3.674091 0.000008 -0.000015 0.331388 -0.059506 -0.325011
 73 3.614685 0.000000 0.000031 0.067360 -0.216133 -0.086857
 74 9.035416 2.494965 0.484436 0.001362 -0.011534 -0.001673
 75 2.943565 0.000000 -0.000023 -0.011497 -0.020268 0.014556
 76 2.649445 0.000000 0.000023 0.006498 -0.010740 -0.008512
 77 9.093689 0.386688 0.647781 -0.018031 0.093461 0.020165
 78 3.451859 0.000008 0.000000 0.014953 0.008589 -0.019838
 79 2.898201 0.000000 0.000000 0.000683 -0.029445 -0.000917
 80 8.894417 -1.605850 0.371918 0.000566 0.090541 -0.000704
 81 3.130432 0.000000 -0.000031 -0.003896 -0.009289 0.005063
 82 2.629517 0.000000 0.000031 -0.004892 -0.032059 0.006589
 83 8.470612 -3.459511 0.131401 0.018786 0.137518 -0.020073
 84 2.410286 0.000000 -0.000015 -0.024238 -0.029075 0.031299
 85 2.000755 -0.000015 0.000015 0.005415 -0.025697 -0.007402
 86 9.832352 1.463074 -1.299431 0.016522 -0.031798 -0.020624
 87 25.040588 -5.670405 5.432793 -1.333488 -0.247100 -2.045408
 88 28.779709 -6.856310 -0.811420 -1.464993 0.009509 -1.635003
 89 29.182297 -3.955567 -4.961964 0.933154 2.496965 0.592116
 90 25.040573 5.670407 5.432751 1.335262 -0.421492 2.089820
 91 28.779755 6.856310 -0.811401 1.464993 0.009510 1.635007
 92 29.182297 3.955564 -4.961941 -0.933153 2.496964 -0.592117
 93 -65.335655 -0.000020 1.140918 -3.141591 0.044911 0.000000
 94 26.290909 -12.205288 1.157882 -2.071447 -0.017454 0.065112
 95 49.071030 0.000008 0.000009 2.179705 0.127556 -0.112856
 96 61.871315 -0.000015 -0.000023 3.080256 0.672597 0.035641
 97 26.290909 12.205295 1.157841 2.044502 0.127786 -0.159169
 98 49.071068 0.000004 -0.000036 -2.187262 0.154733 0.063501
 99 61.871300 0.000023 -0.000027 -2.944714 0.642381 0.102745
100 -0.698074 -11.192116 -8.252762 1.306504 -0.126419 -0.936883
101 20.568230 0.000000 0.000000 0.009873 -0.039667 -0.144184
102 0.223770 -5.734809 -12.929605 -2.918409 0.808987 0.155982
103 20.803574 0.000001 -0.000046 0.065941 -0.194013 -0.043740
104 -1.040024 -3.033968 12.140511 1.554517 0.104601 -1.288764
105 -1.040009 3.034004 12.140501 -1.554518 0.104604 1.288764
106 4.165436 -5.407045 12.088390 0.854937 -0.629941 -0.629908
107 16.599442 0.000000 -0.000031 -0.047935 -0.051683 0.045016
108 4.165466 5.407080 12.088381 -0.768375 -0.493412 0.491480
109 16.599388 0.000008 -0.000031 0.046998 0.127962 -0.035011
110 6.428375 0.000001 -0.288944 -0.000001 -0.000000 -0.000000
111 -1.833771 -13.936461 1.224505 1.552448 0.040995 -0.420999
112 20.406937 -0.000002 -0.000015 0.000000 -0.016932 0.000000
113 21.655487 -0.000002 -0.000015 -0.006674 -0.061629 -0.011721
114 22.360664 -0.000002 -0.000023 0.074890 -0.246220 0.068616
115 22.519650 -0.000006 -0.000015 0.057525 0.208326 0.103328
116 22.140385 -0.000006 -0.000015 0.021895 0.271750 0.098594
117 -1.699203 -12.875612 4.918509 1.116385 -0.148284 -0.380891
118 20.938599 0.000013 0.000000 0.034482 -0.012972 -0.016104
119 21.993607 -0.000005 -0.000053 0.006485 -0.056235 -0.016105
120 22.563789 -0.000011 -0.000008 0.068050 -0.317792 0.066995
121 22.643353 -0.000002 -0.000046 0.033927 0.129265 0.102231
122 22.238056 -0.000010 -0.000031 -0.015998 0.177913 0.100040
123 -1.634338 -9.854568 8.052347 0.714077 -0.292095 -0.280759
124 22.205299 0.000001 -0.000023 0.042841 -0.006102 -0.020254
125 22.804390 -0.000005 -0.000046 0.011846 -0.052756 -0.014758
126 23.051659 0.000001 -0.000008 0.054716 -0.382535 0.042551
127 22.939980 0.000002 -0.000046 0.019660 0.055741 0.072965
128 22.472069 0.000002 -0.000031 -0.020933 0.093129 0.078398
129 -1.616135 -5.333253 10.147436 0.347094 -0.374743 -0.146641
130 23.451302 -0.000001 -0.000015 0.027042 -0.001892 -0.012901
131 23.608017 -0.000003 -0.000031 0.008206 -0.051605 -0.008062
132 23.536232 -0.000001 -0.000031 0.040011 -0.428829 0.003060
133 23.233971 0.000003 0.000023 0.017946 0.003748 0.025269
134 22.703674 0.000008 -0.000023 -0.001707 0.036967 0.033752
135 -1.614517 -0.000000 10.883348 -0.000000 -0.400842 0.000000
136 23.962143 0.000001 -0.000038 0.000000 -0.000699 0.000000
137 23.938972 -0.000003 0.000008 -0.000495 -0.051745 0.001465
138 23.736031 -0.000003 -0.000031 0.023070 -0.206919 -0.038533
139 23.354973 0.000006 -0.000046 0.020477 0.017839 -0.030672
140 22.798939 -0.000008 -0.000031 0.026520 0.013250 -0.026805
141 -1.616135 5.333251 10.147423 -0.347094 -0.374742 0.146641
142 23.451309 -0.000006 -0.000008 -0.027042 -0.001892 0.012901
143 23.608025 -0.000002 -0.000046 -0.009203 -0.052516 0.010897
144 23.536247 -0.000002 -0.000008 0.005869 -0.448705 -0.091257
145 23.233971 -0.000015 -0.000031 0.021162 0.023910 -0.094625
146 22.703667 0.000012 -0.000008 0.051965 0.021658 -0.089243
147 -1.634338 9.854564 8.052345 -0.714078 -0.292096 0.280760
148 22.205254 0.000003 -0.000008 -0.042841 -0.006101 0.020254
149 22.804451 0.000002 -0.000076 -0.012965 -0.054507 0.017098
150 23.051643 -0.000009 -0.000008 -0.015322 -0.420764 -0.137366
151 22.939976 -0.000003 -0.000015 0.007492 0.059064 -0.153986
152 22.472065 0.000010 -0.000031 0.058972 0.062165 -0.151364
153 -1.699203 12.875607 4.918524 -1.116385 -0.148284 0.380891
154 20.938583 0.000019 0.000000 -0.034482 -0.012973 0.016104
155 21.993599 -0.000005 -0.000061 -0.012521 -0.003068 0.005924
156 22.563812 0.000001 -0.000015 -0.040656 -0.370319 -0.171542
157 22.643360 0.000011 -0.000046 -0.025197 0.118416 -0.198621
158 22.238029 0.000000 -0.000023 0.033546 0.129593 -0.197735
159 -1.833771 13.936457 1.224504 -1.552447 0.040994 0.420999
160 20.406967 0.000005 -0.000046 -0.000000 -0.016932 -0.000000
161 21.655502 0.000009 -0.000008 -0.000000 -0.003038 0.000000
162 22.360649 0.000002 -0.000023 -0.064228 -0.305357 -0.186279
163 22.519665 0.000002 -0.000015 -0.073127 0.202144 -0.223827
164 22.140381 0.000011 -0.000008 -0.033887 0.216695 -0.199501
165 -1.972565 12.875608 -3.614555 -1.827109 0.155326 0.386830
166 20.655167 0.000007 -0.000015 0.014659 -0.017050 -0.006451
167 21.762268 0.000003 -0.000015 0.003343 -0.069369 0.012307
168 22.392159 0.000009 -0.000031 -0.082089 -0.262446 -0.177462
169 22.541344 0.000013 -0.000023 -0.116551 0.246746 -0.233996
170 22.217495 0.000004 -0.000008 -0.094737 0.265007 -0.204835
171 -1.967316 9.854567 -7.722432 -2.161803 0.248066 0.289766
172 21.272720 0.000003 -0.000008 0.025990 -0.015445 -0.009916
173 22.032509 0.000022 -0.000053 0.001355 -0.076106 0.010658
174 22.475662 0.000002 -0.000015 -0.085043 -0.217156 -0.162855
175 22.598717 0.000010 -0.000023 -0.134736 0.293906 -0.216253
176 22.407982 0.000023 -0.000023 -0.121856 0.311368 -0.180156
177 -1.900833 5.333252 -10.470076 -2.601403 0.305546 0.153178
178 21.914322 0.000006 -0.000023 0.024266 -0.010747 -0.007792
179 22.319847 -0.000009 -0.000004 -0.000526 -0.081608 0.006462
180 22.569633 -0.000002 -0.000023 -0.065308 -0.168510 -0.132737
181 22.663216 0.000020 -0.000031 -0.112585 0.341713 -0.171550
182 22.604527 0.000019 -0.000023 -0.102394 0.346849 -0.139929
183 -1.865570 -0.000002 -11.435440 -3.141592 0.324581 -0.000000
184 22.186676 -0.000004 -0.000015 0.000000 -0.007676 0.000000
185 22.443726 -0.000003 -0.000008 -0.001318 -0.083366 -0.000714
186 22.611542 -0.000005 -0.000023 -0.015129 -0.132995 -0.079310
187 22.692024 0.000005 -0.000008 -0.035573 0.377034 -0.085621
188 22.687653 0.000010 -0.000008 -0.039887 0.373230 -0.087037
189 -1.900833 -5.333257 -10.470070 2.601403 0.305546 -0.153178
190 21.914337 0.000008 -0.000015 -0.024267 -0.010746 0.007792
191 22.319824 -0.000020 -0.000008 -0.002030 -0.080262 -0.007530
192 22.569618 0.000007 -0.000046 0.041554 -0.135339 -0.019115
193 22.663239 -0.000017 0.000000 0.044240 0.378949 -0.000172
194 22.604527 0.000001 0.000008 0.034100 0.379803 -0.015109
195 -1.967285 -9.854565 -7.722440 2.161803 0.248066 -0.289766
196 21.272705 -0.000016 -0.000015 -0.025990 -0.015445 0.009916
197 22.032463 0.000004 -0.000031 -0.003739 -0.073946 -0.010995
198 22.475685 -0.000006 -0.000031 0.071428 -0.165160 0.024502
199 22.598709 0.000003 -0.000015 0.082838 0.353018 0.061027
200 22.407990 -0.000013 0.000000 0.077741 0.367500 0.042522
201 -1.972565 -12.875610 -3.614562 1.827110 0.155326 -0.386831
202 20.655182 0.000010 -0.000023 -0.014659 -0.017050 0.006451
203 21.762260 -0.000007 -0.000008 -0.005544 -0.066840 -0.011969
204 22.392174 -0.000004 -0.000038 0.079880 -0.203369 0.051080
205 22.541348 -0.000009 -0.000023 0.077203 0.270245 0.084989
206 22.217499 -0.000004 -0.000015 0.068075 0.333385 0.084775
207 0.059621 0.456168 0.250107 0.000000 -0.000000 0.000000
208 0.059621 0.456168 0.250107 0.000000 -0.000000 0.000000
time 31
  0 0.059621 0.456168 0.250107 0.000000 -0.000000 0.000000
  1 0.059621 0.456168 0.250107 0.000000 -0.000000 0.000000
  2 0.059621 0.456168 0.250107 0.000000 -0.000000 0.000000
  3 0.059621 0.456168 0.250107 0.000000 -0.000000 0.000000
  4 0.059621 0.456168 0.250107 0.000000 -0.000000 0.000000
  5 0.059621 0.456168 0.250107 0.000000 -0.000000 0.000000
  6 0.059621 0.456168 0.250107 0.000000 -0.000000 0.000000
  7 0.059621 0.456168 0.250107 0.000000 -0.000000 0.000000
  8 0.059621 0.456168 0.250107 0.000000 -0.000000 0.000000
  9 0.059621 0.456168 0.250107 0.000000 -0.000000 0.000000
 10 -51.989075 31.687477 196.650238 -1.271695 -0.227742 -2.717754
 11 24.668243 0.000015 -0.000038 1.139311 -0.621099 -0.012108
 12 30.380150 0.000015 0.000015 1.616721 -0.030600 0.845843
 13 19.902102 -0.000015 -0.000015 0.123718 -0.695814 -0.311349
 14 104.015350 0.903086 107.458252 1.468008 0.260569 1.397817
 15 35.349510 0.000000 0.000023 -1.325151 -0.037894 -0.238495
 16 37.124325 -0.000008 -0.000031 -1.357067 0.187522 0.330301
 17 0.059621 0.456168 0.250107 0.064768 -0.005215 -0.156772
 18 0.059621 0.456168 108.110870 1.570796 1.570796 0.000000
 19 -65.799545 -0.000020 1.142855 0.000000 0.000515 3.141077
 20 11.181580 0.005760 -0.002411 0.000000 0.254797 0.000515
 21 27.835159 -0.000000 0.000015 -3.141592 -0.129896 -0.000000
 22 5.330383 -0.000001 -0.000002 -3.070021 -0.007827 -0.090712
 23 10.134888 -4.133396 3.834198 -0.468047 -1.000416 -2.737845
 24 10.134888 4.133396 3.834198 0.468066 -1.000410 2.737828
 25 22.592361 0.000004 17.467110 -0.000010 2.956431 0.000000
 26 21.199997 -7.744013 14.169518 -0.644457 -0.154503 -3.025319
 27 18.142014 -13.440229 7.965771 1.257477 -0.431449 2.991561
 28 21.199982 7.744018 14.169498 0.644460 -0.154503 3.025318
 29 18.141998 13.440233 7.965773 -0.316157 -0.180196 -3.082644
 30 11.858871 -13.360001 3.526510 1.542249 3.132957 0.174415
 31 9.463272 -16.404871 -2.906044 1.542282 3.132901 0.176490
 32 9.125259 -10.885477 -11.371325 0.000496 2.962373 0.000256
 33 11.858841 13.360001 3.526472 -1.542248 3.132957 -0.174414
 34 9.463257 16.404863 -2.906025 -1.542281 3.132900 -0.176490
 35 9.125259 10.885469 -11.371307 -0.000492 2.962373 0.000256
 36 9.023239 -0.000004 -17.296173 0.000180 -0.167048 -3.141356
 37 12.691406 -0.000006 -19.438765 0.000000 2.247638 0.000000
 38 10.989410 0.000004 0.000000 0.000000 -0.729344 0.000000
 39 12.871475 -10.586845 -15.652470 1.181364 2.743898 0.743924
 40 10.727005 0.000008 -0.000031 -0.053930 -0.739386 0.053197
 41 12.871460 10.586840 -15.652472 -1.182720 2.743898 -0.743923
 42 10.726974 -0.000023 0.000015 0.053931 -0.739386 -0.053197
 43 12.847229 -17.570086 -4.701338 1.397514 2.919338 0.877356
 44 11.496498 0.000008 -0.000031 -0.106120 -0.697656 0.109981
 45 12.847198 17.570078 -4.701359 -1.398459 2.919337 -0.877356
 46 11.496460 -0.000002 0.000000 0.106120 -0.697656 -0.109981
 47 28.485962 0.000004 16.460358 -0.000001 -0.323869 0.000000
 48 23.052750 -6.207911 -0.077290 -1.470206 0.035100 -1.833545
 49 9.436905 -0.000006 0.000000 0.010287 0.686679 0.003503
 50 31.269348 0.000010 -0.000031 -0.006701 -0.291176 0.008666
 51 28.756500 0.000008 -0.000046 -0.001117 -0.107873 0.001416
 52 2.251987 -2.464409 -1.141632 0.481305 0.508197 -0.319329
 53 3.674034 -0.000015 0.000015 -0.277611 0.179024 0.194713
 54 3.614685 0.000012 0.000000 0.013156 0.193871 -0.001558
 55 9.035503 -2.494947 0.484573 -0.001362 0.302449 0.001673
 56 2.943573 0.000002 -0.000031 0.010585 0.293657 -0.007800
 57 2.649422 0.000000 0.000015 -0.006498 0.303243 0.008512
 58 9.093616 -0.386673 0.647720 0.020190 0.475379 -0.012607
 59 3.451889 0.000002 0.000000 -0.014209 0.528778 0.009212
 60 2.898193 0.000002 0.000038 -0.000683 0.490858 0.000916
 61 8.894585 1.605850 0.371902 -0.000566 0.547851 0.000704
 62 3.130402 0.000002 0.000046 0.003896 0.567158 -0.005064
 63 2.629517 0.000002 -0.000038 0.004892 0.544389 -0.006589
 64 8.470619 3.459528 0.131500 -0.021715 0.541478 0.011456
 65 2.410263 0.000002 -0.000061 0.022815 0.529939 -0.013321
 66 2.000793 0.000004 0.000019 -0.005415 0.533618 0.007402
 67 23.052765 6.207910 -0.077309 1.481823 0.058643 2.080206
 68 9.436905 0.000019 -0.000015 0.151662 0.418551 0.413166
 69 31.269348 -0.000008 -0.000031 0.093772 0.244085 1.873483
 70 28.756508 0.000000 0.000015 0.252832 0.131659 -0.066089
 71 2.251892 2.464417 -1.141563 -0.513217 0.249535 0.112914
 72 3.674084 0.000000 -0.000031 0.331388 -0.059506 -0.325011
 73 3.614677 0.000008 0.000015 0.067360 -0.216133 -0.086857
 74 9.035416 2.494965 0.484436 0.001362 -0.011534 -0.001673
 75 2.943565 0.000015 -0.000031 -0.011498 -0.020268 0.014556
 76 2.649445 0.000000 0.000023 0.006498 -0.010740 -0.008512
 77 9.093681 0.386688 0.647789 -0.018031 0.093461 0.020165
 78 3.451866 0.000000 0.000000 0.014953 0.008589 -0.019838
 79 2.898201 -0.000015 -0.000015 0.000683 -0.029445 -0.000917
 80 8.894417 -1.605835 0.371918 0.000566 0.090541 -0.000704
 81 3.130432 0.000000 -0.000031 -0.003896 -0.009289 0.005063
 82 2.629517 0.000015 0.000015 -0.004892 -0.032059 0.006589
 83 8.470604 -3.459518 0.131401 0.018786 0.137518 -0.020073
 84 2.410286 0.000000 0.000000 -0.024238 -0.029075 0.031299
 85 2.000748 0.000000 0.000031 0.005415 -0.025697 -0.007402
 86 9.832344 1.463074 -1.299431 0.016523 -0.031798 -0.020624
 87 25.040588 -5.670405 5.432793 -1.332508 -0.246080 -2.049572
 88 28.779694 -6.856310 -0.811424 -1.465050 0.009948 -1.639154
 89 29.182297 -3.955567 -4.961960 0.930798 2.499527 0.588066
 90 25.040573 5.670407 5.432755 1.333497 -0.420448 2.094229
 91 28.779739 6.856310 -0.811405 1.465050 0.009949 1.639158
 92 29.182266 3.955564 -4.961941 -0.930798 2.499527 -0.588067
 93 -65.335663 -0.000020 1.140918 -3.141591 0.044911 0.000000
 94 26.290924 -12.205288 1.157883 -2.071447 -0.017454 0.065112
 95 49.071030 0.000008 0.000009 2.179705 0.127556 -0.112856
 96 61.871315 -0.000015 -0.000023 3.080256 0.672597 0.035641
 97 26.290924 12.205295 1.157842 2.044502 0.127786 -0.159169
 98 49.071068 0.000004 -0.000038 -2.187262 0.154733 0.063501
 99 61.871300 0.000023 -0.000027 -2.944714 0.642381 0.102745
100 -0.698059 -11.192116 -8.252762 1.306902 -0.127520 -0.940814
101 20.568222 -0.000002 0.000000 0.009873 -0.068635 -0.144080
102 0.223785 -5.734810 -12.929604 -2.917681 0.812965 0.157084
103 20.803574 0.000002 -0.000046 0.065886 -0.221039 -0.045481
104 -1.040009 -3.033968 12.140510 1.554517 0.104601 -1.288764
105 -1.039993 3.034004 12.140500 -1.554518 0.104604 1.288764
106 4.165451 -5.407045 12.088389 0.854937 -0.629941 -0.629908
107 16.599442 0.000000 -0.000015 -0.047935 -0.051683 0.045016
108 4.165482 5.407080 12.088382 -0.770679 -0.497069 0.497622
109 16.599388 0.000008 -0.000031 0.047071 0.121692 -0.035361
110 6.428391 0.000001 -0.288944 -0.000001 -0.000000 -0.000000
111 -1.833771 -13.936460 1.224504 1.552448 0.040995 -0.420999
112 20.406937 -0.000002 -0.000023 0.000000 -0.016932 0.000000
113 21.655502 -0.000002 -0.000015 -0.006810 -0.062294 -0.011960
114 22.360657 -0.000002 -0.000023 0.074773 -0.246865 0.068314
115 22.519657 -0.000003 0.000000 0.056272 0.188379 0.101148
116 22.140385 -0.000006 -0.000031 0.021895 0.259130 0.098594
117 -1.699203 -12.875611 4.918508 1.116385 -0.148284 -0.380891
118 20.938599 0.000013 0.000000 0.034482 -0.012972 -0.016104
119 21.993622 -0.000005 -0.000061 0.006362 -0.056739 -0.016312
120 22.563789 -0.000013 0.000000 0.067957 -0.318282 0.066735
121 22.643345 0.000004 -0.000046 0.032923 0.109963 0.100579
122 22.238052 -0.000009 -0.000031 -0.016018 0.165307 0.100633
123 -1.634338 -9.854567 8.052347 0.714077 -0.292095 -0.280759
124 22.205299 0.000001 -0.000023 0.042841 -0.006102 -0.020254
125 22.804390 -0.000005 -0.000046 0.011753 -0.053124 -0.014899
126 23.051659 0.000002 0.000000 0.054648 -0.382897 0.042365
127 22.939983 0.000003 -0.000046 0.018951 0.036900 0.071931
128 22.472061 0.000000 -0.000023 -0.020970 0.080523 0.078975
129 -1.616135 -5.333253 10.147438 0.347094 -0.374743 -0.146641
130 23.451302 -0.000000 -0.000015 0.027042 -0.001892 -0.012901
131 23.608017 -0.000004 -0.000031 0.008153 -0.051880 -0.008120
132 23.536232 0.000001 -0.000031 0.039972 -0.429104 0.002969
133 23.233963 0.000004 0.000015 0.017554 -0.014844 0.024745
134 22.703682 0.000003 -0.000023 -0.001707 0.024348 0.033752
135 -1.614517 -0.000000 10.883350 -0.000000 -0.400842 0.000000
136 23.962143 0.000001 -0.000038 0.000000 -0.000699 0.000000
137 23.938972 -0.000003 0.000008 -0.000505 -0.051974 0.001477
138 23.736031 -0.000003 -0.000031 0.023068 -0.225453 -0.038803
139 23.354977 0.000006 -0.000038 0.020552 0.005225 -0.031065
140 22.798939 -0.000008 -0.000038 0.026548 0.000635 -0.027142
141 -1.616135 5.333251 10.147423 -0.347094 -0.374742 0.146641
142 23.451294 -0.000006 0.000000 -0.027042 -0.001892 0.012901
143 23.608032 -0.000002 -0.000046 -0.009191 -0.052744 0.010967
144 23.536240 -0.000002 -0.000015 0.005873 -0.448939 -0.091146
145 23.233974 -0.000016 -0.000038 0.021171 0.011294 -0.094894
146 22.703674 0.000013 -0.000015 0.051987 0.009055 -0.089904
147 -1.634338 9.854565 8.052345 -0.714078 -0.292096 0.280760
148 22.205254 0.000003 -0.000008 -0.042841 -0.006101 0.020254
149 22.804451 0.000002 -0.000076 -0.012942 -0.054784 0.017286
150 23.051636 -0.000006 -0.000008 -0.015308 -0.421046 -0.137161
151 22.939968 -0.000007 -0.000015 0.007492 0.046444 -0.153985
152 22.472069 0.000008 -0.000046 0.059086 0.049621 -0.152733
153 -1.699203 12.875607 4.918524 -1.116385 -0.148284 0.380891
154 20.938591 0.000019 0.000000 -0.034482 -0.012973 0.016104
155 21.993599 -0.000005 -0.000069 -0.012521 -0.003068 0.005924
156 22.563812 0.000001 -0.000023 -0.040642 -0.370698 -0.171273
157 22.643356 0.000013 -0.000038 -0.025194 0.105800 -0.198481
158 22.238029 0.000002 -0.000031 0.033596 0.117031 -0.198927
159 -1.833771 13.936458 1.224504 -1.552447 0.040994 0.420999
160 20.406967 0.000005 -0.000046 -0.000000 -0.016932 -0.000000
161 21.655518 0.000009 -0.000008 -0.000000 -0.003038 0.000000
162 22.360657 0.000002 -0.000023 -0.064177 -0.305874 -0.185970
163 22.519669 0.000004 -0.000015 -0.073085 0.192469 -0.223538
164 22.140373 0.000008 -0.000015 -0.033964 0.205953 -0.199805
165 -1.972580 12.875609 -3.614555 -1.827109 0.155326 0.386830
166 20.655182 0.000007 -0.000015 0.014659 -0.017050 -0.006451
167 21.762260 0.000003 -0.000023 0.003427 -0.070002 0.012550
168 22.392159 0.000009 -0.000023 -0.082014 -0.263066 -0.177128
169 22.541348 0.000011 -0.000031 -0.116456 0.236894 -0.233571
170 22.217499 0.000008 -0.000015 -0.094887 0.254408 -0.204630
171 -1.967316 9.854567 -7.722432 -2.161803 0.248066 0.289766
172 21.272720 0.000003 0.000000 0.025990 -0.015445 -0.009916
173 22.032509 0.000022 -0.000046 0.001394 -0.076856 0.010863
174 22.475662 -0.000001 -0.000023 -0.084989 -0.217898 -0.162550
175 22.598709 0.000002 -0.000023 -0.134598 0.284453 -0.215528
176 22.407974 0.000015 -0.000015 -0.121717 0.301876 -0.179507
177 -1.900848 5.333252 -10.470076 -2.601403 0.305546 0.153178
178 21.914322 0.000006 -0.000023 0.024266 -0.010747 -0.007792
179 22.319839 -0.000009 0.000000 -0.000519 -0.082485 0.006585
180 22.569626 -0.000002 -0.000023 -0.065288 -0.169387 -0.132533
181 22.663208 0.000019 -0.000023 -0.112449 0.332540 -0.170764
182 22.604530 0.000019 -0.000027 -0.102262 0.337639 -0.139180
183 -1.865585 -0.000002 -11.435440 -3.141592 0.324581 -0.000000
184 22.186676 -0.000004 -0.000015 0.000000 -0.007676 0.000000
185 22.443718 -0.000003 -0.000015 -0.001345 -0.084330 -0.000720
186 22.611542 -0.000005 -0.000023 -0.015136 -0.133964 -0.079306
187 22.692017 0.000005 -0.000008 -0.035525 0.367940 -0.085172
188 22.687653 0.000011 -0.000004 -0.039897 0.364105 -0.086832
189 -1.900848 -5.333256 -10.470070 2.601403 0.305546 -0.153178
190 21.914337 0.000008 -0.000015 -0.024267 -0.010746 0.007792
191 22.319817 -0.000020 -0.000004 -0.002098 -0.081209 -0.007663
192 22.569626 0.000008 -0.000038 0.041491 -0.136287 -0.019243
193 22.663239 -0.000018 -0.000015 0.044178 0.369702 -0.000389
194 22.604530 0.000005 0.000004 0.034062 0.370569 -0.015286
195 -1.967285 -9.854565 -7.722440 2.161803 0.248066 -0.289766
196 21.272720 -0.000016 -0.000008 -0.025990 -0.015445 0.009916
197 22.032463 0.000004 -0.000031 -0.003844 -0.074808 -0.011208
198 22.475693 -0.000007 -0.000031 0.071328 -0.166014 0.024216
199 22.598717 0.000002 -0.000031 0.082728 0.343472 0.060652
200 22.407993 -0.000017 -0.000015 0.077635 0.357996 0.042160
201 -1.972580 -12.875609 -3.614562 1.827110 0.155326 -0.386831
202 20.655182 0.000010 -0.000031 -0.014659 -0.017050 0.006451
203 21.762268 -0.000007 0.000000 -0.005672 -0.067603 -0.012206
204 22.392166 -0.000005 -0.000038 0.079763 -0.204118 0.050768
205 22.541344 -0.000006 -0.000031 0.075855 0.252914 0.082588
206 22.217499 -0.000004 -0.000015 0.067987 0.323269 0.084436
207 0.059621 0.456168 0.250107 0.000000 -0.000000 0.000000
208 0.059621 0.456168 0.250107 0.000000 -0.000000 0.000000
time 32
  0 0.059621 0.456168 0.250107 0.000000 -0.000000 0.000000
  1 0.059621 0.456168 0.250107 0.000000 -0.000000 0.000000
  2 0.059621 0.456168 0.250107 0.000000 -0.000000 0.000000
  3 0.059621 0.456168 0.250107 0.000000 -0.000000 0.000000
  4 0.059621 0.456168 0.250107 0.000000 -0.000000 0.000000
  5 0.059621 0.456168 0.250107 0.000000 -0.000000 0.000000
  6 0.059621 0.456168 0.250107 0.000000 -0.000000 0.000000
  7 0.059621 0.456168 0.250107 0.000000 -0.000000 0.000000
  8 0.059621 0.456168 0.250107 0.000000 -0.000000 0.000000
  9 0.059621 0.456168 0.250107 0.000000 -0.000000 0.000000
 10 -44.956024 44.829205 193.238052 -1.271531 -0.240577 -2.870068
 11 24.668251 0.000000 -0.000038 1.159533 -0.712084 0.007714
 12 30.380150 0.000015 0.000000 1.656676 -0.102328 1.065191
 13 19.902105 0.000015 0.000000 0.143358 -0.722973 -0.339203
 14 102.737640 -6.948052 107.458252 1.400382 0.337002 1.234144
 15 35.349510 0.000008 0.000008 -1.329532 -0.025230 -0.245840
 16 37.124321 -0.000008 -0.000015 -1.395660 0.227395 0.373664
 17 0.059621 0.456168 0.250107 0.064768 -0.005215 -0.156772
 18 0.059621 0.456168 107.270996 1.570796 1.570796 0.000000
 19 -65.799545 -0.000020 1.142855 0.000000 0.000515 3.141077
 20 11.181580 0.005760 -0.002411 0.000000 0.254797 0.000515
 21 27.835159 -0.000000 0.000015 -3.141592 -0.129896 -0.000000
 22 5.330383 -0.000001 -0.000004 -3.070083 -0.008298 -0.084129
 23 10.134888 -4.133394 3.834200 -0.475800 -1.010059 -2.728651
 24 10.134888 4.133395 3.834198 0.475819 -1.010053 2.728634
 25 22.592377 0.000004 17.467115 -0.000010 2.956431 0.000000
 26 21.199982 -7.744011 14.169519 -0.644457 -0.154503 -3.025319
 27 18.142014 -13.440229 7.965773 1.256030 -0.418962 2.996088
 28 21.199982 7.744018 14.169497 0.644460 -0.154503 3.025318
 29 18.141998 13.440230 7.965775 -0.316157 -0.180196 -3.082644
 30 11.858871 -13.360001 3.526512 1.542249 3.132957 0.174415
 31 9.463287 -16.404865 -2.906042 1.542282 3.132901 0.176490
 32 9.125259 -10.885475 -11.371326 0.000496 2.962373 0.000256
 33 11.858841 13.359999 3.526472 -1.542248 3.132957 -0.174414
 34 9.463257 16.404860 -2.906025 -1.542281 3.132900 -0.176490
 35 9.125259 10.885470 -11.371307 -0.000492 2.962373 0.000256
 36 9.023224 -0.000006 -17.296179 0.000180 -0.167048 -3.141356
 37 12.691406 -0.000004 -19.438766 0.000000 2.260837 0.000000
 38 10.989410 0.000004 0.000000 0.000000 -0.761503 0.000000
 39 12.871460 -10.586842 -15.652475 1.178196 2.749459 0.731170
 40 10.726990 0.000010 -0.000015 -0.056301 -0.771470 0.055897
 41 12.871460 10.586837 -15.652472 -1.180046 2.749459 -0.731169
 42 10.726974 -0.000023 0.000015 0.056301 -0.771471 -0.055897
 43 12.847229 -17.570084 -4.701338 1.395870 2.921969 0.864157
 44 11.496490 0.000004 -0.000031 -0.110452 -0.729576 0.115018
 45 12.847183 17.570076 -4.701359 -1.397160 2.921968 -0.864157
 46 11.496460 0.000002 0.000000 0.110452 -0.729576 -0.115018
 47 28.485962 0.000004 16.460360 -0.000001 -0.317435 0.000000
 48 23.052750 -6.207911 -0.077290 -1.470206 0.035100 -1.833545
 49 9.436901 -0.000008 -0.000015 0.010287 0.681192 0.003503
 50 31.269348 0.000011 -0.000031 -0.006701 -0.296683 0.008666
 51 28.756508 0.000008 -0.000046 -0.001117 -0.110575 0.001416
 52 2.251987 -2.464411 -1.141647 0.481305 0.508197 -0.319329
 53 3.674049 -0.000015 0.000015 -0.277611 0.179024 0.194713
 54 3.614693 0.000013 0.000000 0.013156 0.193871 -0.001558
 55 9.035503 -2.494947 0.484543 -0.001362 0.302449 0.001673
 56 2.943581 0.000000 -0.000015 0.010585 0.293657 -0.007800
 57 2.649437 0.000002 0.000008 -0.006498 0.303243 0.008512
 58 9.093624 -0.386671 0.647690 0.020190 0.475380 -0.012607
 59 3.451881 0.000000 0.000015 -0.014209 0.528778 0.009212
 60 2.898209 0.000002 0.000023 -0.000683 0.490858 0.000916
 61 8.894588 1.605850 0.371887 -0.000566 0.547851 0.000704
 62 3.130417 -0.000002 0.000046 0.003896 0.567158 -0.005064
 63 2.629532 0.000000 -0.000042 0.004892 0.544388 -0.006589
 64 8.470627 3.459526 0.131485 -0.021715 0.541478 0.011455
 65 2.410263 0.000000 -0.000061 0.022815 0.529939 -0.013321
 66 2.000793 0.000004 0.000011 -0.005415 0.533618 0.007402
 67 23.052765 6.207910 -0.077309 1.481823 0.058643 2.080206
 68 9.436890 0.000019 -0.000015 0.151662 0.418551 0.413166
 69 31.269348 -0.000015 -0.000038 0.115776 0.247962 1.875334
 70 28.756508 0.000000 0.000015 0.256802 0.155131 -0.056070
 71 2.251892 2.464417 -1.141556 -0.513217 0.249535 0.112914
 72 3.674088 0.000004 -0.000015 0.331388 -0.059506 -0.325011
 73 3.614677 0.000015 0.000015 0.067360 -0.216133 -0.086857
 74 9.035408 2.494949 0.484436 0.001362 -0.011534 -0.001673
 75 2.943565 0.000015 -0.000031 -0.011497 -0.020268 0.014556
 76 2.649437 0.000000 0.000015 0.006498 -0.010740 -0.008512
 77 9.093689 0.386673 0.647789 -0.018031 0.093461 0.020165
 78 3.451859 0.000000 0.000000 0.014953 0.008589 -0.019838
 79 2.898193 0.000015 0.000000 0.000683 -0.029445 -0.000917
 80 8.894409 -1.605850 0.371918 0.000566 0.090541 -0.000704
 81 3.130440 0.000000 -0.000046 -0.003896 -0.009289 0.005063
 82 2.629517 0.000015 0.000015 -0.004892 -0.032059 0.006589
 83 8.470604 -3.459518 0.131409 0.018786 0.137518 -0.020073
 84 2.410278 0.000000 -0.000015 -0.024238 -0.029075 0.031299
 85 2.000755 0.000000 0.000031 0.005415 -0.025697 -0.007402
 86 9.832344 1.463074 -1.299423 0.016523 -0.031798 -0.020624
 87 25.040588 -5.670405 5.432793 -1.331410 -0.244936 -2.054241
 88 28.779694 -6.856310 -0.811420 -1.465114 0.010440 -1.643808
 89 29.182312 -3.955567 -4.961960 0.928157 2.502401 0.583525
 90 25.040573 5.670407 5.432755 1.331518 -0.419277 2.099174
 91 28.779739 6.856310 -0.811401 1.465114 0.010441 1.643812
 92 29.182281 3.955564 -4.961945 -0.928157 2.502399 -0.583526
 93 -65.335663 -0.000020 1.140918 -3.141591 0.044911 0.000000
 94 26.290909 -12.205289 1.157882 -2.071447 -0.017454 0.065112
 95 49.071037 0.000008 0.000009 2.179705 0.127556 -0.112856
 96 61.871311 -0.000015 -0.000019 3.080256 0.672597 0.035641
 97 26.290909 12.205294 1.157841 2.044502 0.127786 -0.159169
 98 49.071060 0.000004 -0.000038 -2.187262 0.154733 0.063501
 99 61.871300 0.000023 -0.000027 -2.944714 0.642381 0.102745
100 -0.698074 -11.192117 -8.252763 1.307221 -0.128405 -0.943971
101 20.568222 -0.000002 -0.000015 0.009872 -0.092613 -0.143995
102 0.223770 -5.734809 -12.929605 -2.917096 0.816159 0.157969
103 20.803566 0.000001 -0.000046 0.065840 -0.243409 -0.046923
104 -1.040024 -3.033968 12.140511 1.554517 0.104601 -1.288764
105 -1.040009 3.034004 12.140501 -1.554518 0.104604 1.288764
106 4.165436 -5.407045 12.088390 0.854937 -0.629941 -0.629908
107 16.599442 0.000000 -0.000031 -0.047935 -0.051683 0.045016
108 4.165466 5.407080 12.088381 -0.773154 -0.501001 0.503937
109 16.599388 0.000010 -0.000031 0.047144 0.115124 -0.035728
110 6.428375 0.000001 -0.288944 -0.000001 -0.000000 -0.000000
111 -1.833771 -13.936460 1.224505 1.552448 0.040995 -0.420999
112 20.406944 -0.000002 -0.000031 0.000000 -0.016932 0.000000
113 21.655495 -0.000002 -0.000015 -0.006919 -0.062820 -0.012151
114 22.360672 -0.000002 -0.000038 0.074679 -0.247375 0.068072
115 22.519653 -0.000005 -0.000023 0.055169 0.169152 0.099227
116 22.140388 -0.000010 -0.000031 0.021895 0.245561 0.098594
117 -1.699203 -12.875611 4.918509 1.116385 -0.148284 -0.380891
118 20.938614 0.000013 0.000000 0.034482 -0.012972 -0.016104
119 21.993614 -0.000005 -0.000053 0.006264 -0.057136 -0.016478
120 22.563797 -0.000010 0.000000 0.067882 -0.318667 0.066525
121 22.643349 -0.000002 -0.000038 0.032038 0.091303 0.099122
122 22.238052 -0.000010 -0.000023 -0.016041 0.151753 0.101269
123 -1.634338 -9.854567 8.052345 0.714077 -0.292095 -0.280759
124 22.205299 0.000001 -0.000023 0.042841 -0.006102 -0.020254
125 22.804390 -0.000005 -0.000046 0.011678 -0.053411 -0.015011
126 23.051666 0.000001 -0.000008 0.054593 -0.383178 0.042215
127 22.939980 0.000007 -0.000046 0.018326 0.018645 0.071019
128 22.472065 -0.000003 -0.000038 -0.021013 0.066968 0.079597
129 -1.616135 -5.333253 10.147438 0.347094 -0.374743 -0.146641
130 23.451302 -0.000001 -0.000015 0.027042 -0.001892 -0.012901
131 23.608017 -0.000003 -0.000031 0.008110 -0.052092 -0.008166
132 23.536232 -0.000000 -0.000031 0.039940 -0.429315 0.002896
133 23.233963 0.000004 0.000008 0.017210 -0.032880 0.024250
134 22.703678 0.000009 -0.000015 -0.001707 0.010778 0.033752
135 -1.614517 -0.000000 10.883350 -0.000000 -0.400842 0.000000
136 23.962143 0.000001 -0.000038 0.000000 -0.000699 0.000000
137 23.938972 -0.000003 0.000008 -0.000513 -0.052147 0.001486
138 23.736023 -0.000003 -0.000031 0.023066 -0.243437 -0.039082
139 23.354973 0.000006 -0.000046 0.020634 -0.008338 -0.031487
140 22.798935 -0.000008 -0.000038 0.026577 -0.012929 -0.027504
141 -1.616135 5.333251 10.147423 -0.347094 -0.374742 0.146641
142 23.451309 -0.000006 0.000000 -0.027042 -0.001892 0.012901
143 23.608032 -0.000002 -0.000038 -0.009181 -0.052915 0.011023
144 23.536247 0.000001 -0.000015 0.005876 -0.449116 -0.091056
145 23.233974 -0.000014 -0.000023 0.021182 -0.002273 -0.095184
146 22.703667 0.000014 -0.000008 0.052013 -0.004496 -0.090614
147 -1.634338 9.854565 8.052343 -0.714078 -0.292096 0.280760
148 22.205254 0.000003 0.000000 -0.042841 -0.006101 0.020254
149 22.804443 0.000002 -0.000076 -0.012924 -0.054995 0.017437
150 23.051643 -0.000006 0.000000 -0.015296 -0.421261 -0.136997
151 22.939968 -0.000003 -0.000031 0.007492 0.032875 -0.153986
152 22.472073 0.000010 -0.000046 0.059216 0.036133 -0.154204
153 -1.699203 12.875607 4.918524 -1.116385 -0.148284 0.380891
154 20.938591 0.000019 0.000000 -0.034482 -0.012973 0.016104
155 21.993584 -0.000005 -0.000069 -0.012521 -0.003068 0.005924
156 22.563805 0.000001 -0.000015 -0.040631 -0.370991 -0.171057
157 22.643356 0.000013 -0.000031 -0.025190 0.092235 -0.198321
158 22.238033 0.000004 -0.000031 0.033653 0.103522 -0.200208
159 -1.833771 13.936458 1.224504 -1.552447 0.040994 0.420999
160 20.406975 0.000005 -0.000038 -0.000000 -0.016932 -0.000000
161 21.655518 0.000009 -0.000008 -0.000000 -0.003038 0.000000
162 22.360649 0.000002 -0.000023 -0.064137 -0.306279 -0.185721
163 22.519665 0.000004 -0.000023 -0.073037 0.181920 -0.223195
164 22.140381 0.000004 -0.000015 -0.034046 0.194310 -0.200132
165 -1.972565 12.875609 -3.614555 -1.827109 0.155326 0.386830
166 20.655167 0.000007 -0.000015 0.014659 -0.017050 -0.006451
167 21.762245 0.000003 -0.000023 0.003494 -0.070500 0.012746
168 22.392159 0.000009 -0.000031 -0.081955 -0.263554 -0.176860
169 22.541340 0.000011 -0.000031 -0.116348 0.226167 -0.233063
170 22.217499 0.000008 -0.000023 -0.095048 0.242912 -0.204396
171 -1.967316 9.854567 -7.722432 -2.161803 0.248066 0.289766
172 21.272736 0.000003 -0.000015 0.025990 -0.015445 -0.009916
173 22.032509 0.000022 -0.000046 0.001425 -0.077449 0.011028
174 22.475662 -0.000001 -0.000015 -0.084946 -0.218485 -0.162304
175 22.598717 0.000006 -0.000015 -0.134440 0.274137 -0.214701
176 22.407982 0.000015 -0.000015 -0.121559 0.291518 -0.178765
177 -1.900833 5.333252 -10.470076 -2.601403 0.305546 0.153178
178 21.914322 0.000006 -0.000019 0.024266 -0.010747 -0.007792
179 22.319839 -0.000009 -0.000008 -0.000515 -0.083181 0.006683
180 22.569618 -0.000002 -0.000031 -0.065273 -0.170082 -0.132369
181 22.663219 0.000019 -0.000023 -0.112293 0.322508 -0.169887
182 22.604530 0.000017 -0.000019 -0.102111 0.327570 -0.138348
183 -1.865570 -0.000002 -11.435440 -3.141592 0.324581 -0.000000
184 22.186691 -0.000004 -0.000015 0.000000 -0.007676 0.000000
185 22.443726 -0.000003 -0.000008 -0.001366 -0.085096 -0.000725
186 22.611542 -0.000005 -0.000015 -0.015142 -0.134734 -0.079303
187 22.692009 0.000004 0.000000 -0.035470 0.357988 -0.084690
188 22.687656 0.000010 -0.000004 -0.039907 0.354120 -0.086612
189 -1.900833 -5.333257 -10.470070 2.601403 0.305546 -0.153178
190 21.914337 0.000008 -0.000015 -0.024267 -0.010746 0.007792
191 22.319817 -0.000020 -0.000004 -0.002153 -0.081963 -0.007770
192 22.569618 0.000009 -0.000038 0.041441 -0.137040 -0.019345
193 22.663239 -0.000018 -0.000008 0.044107 0.359591 -0.000640
194 22.604530 0.000004 0.000000 0.034016 0.360472 -0.015488
195 -1.967285 -9.854565 -7.722440 2.161803 0.248066 -0.289766
196 21.272720 -0.000016 -0.000008 -0.025990 -0.015445 0.009916
197 22.032471 0.000004 -0.000031 -0.003927 -0.075493 -0.011378
198 22.475685 -0.000008 -0.000031 0.071247 -0.166693 0.023987
199 22.598709 0.000001 -0.000023 0.082602 0.333056 0.060215
200 22.407990 -0.000013 -0.000008 0.077514 0.347623 0.041741
201 -1.972565 -12.875609 -3.614562 1.827110 0.155326 -0.386831
202 20.655182 0.000010 -0.000015 -0.014659 -0.017050 0.006451
203 21.762268 -0.000007 -0.000008 -0.005775 -0.068209 -0.012395
204 22.392166 -0.000003 -0.000046 0.079668 -0.204712 0.050518
205 22.541340 -0.000006 -0.000031 0.074666 0.235994 0.080394
206 22.217503 -0.000002 -0.000008 0.067887 0.312268 0.084046
207 0.059621 0.456168 0.250107 0.000000 -0.000000 0.000000
208 0.059621 0.456168 0.250107 0.000000 -0.000000 0.000000
time 33
  0 0.059621 0.456168 0.250107 0.000000 -0.000000 0.000000
  1 0.059621 0.456168 0.250107 0.000000 -0.000000 0.000000
  2 0.059621 0.456168 0.250107 0.000000 -0.000000 0.000000
  3 0.059621 0.456168 0.250107 0.000000 -0.000000 0.000000
  4 0.059621 0.456168 0.250107 0.000000 -0.000000 0.000000
  5 0.059621 0.456168 0.250107 0.000000 -0.000000 0.000000
  6 0.059621 0.456168 0.250107 0.000000 -0.000000 0.000000
  7 0.059621 0.456168 0.250107 0.000000 -0.000000 0.000000
  8 0.059621 0.456168 0.250107 0.000000 -0.000000 0.000000
  9 0.059621 0.456168 0.250107 0.000000 -0.000000 0.000000
 10 -36.727985 58.046814 189.374512 -1.271353 -0.252095 -3.014723
 11 24.668259 0.000015 -0.000038 1.167375 -0.747364 0.015400
 12 30.380142 0.000015 0.000031 1.672168 -0.130108 1.150243
 13 19.902100 0.000000 0.000000 0.163219 -0.748988 -0.367010
 14 101.059448 -15.132099 107.458252 1.344138 0.403678 1.080186
 15 35.349514 0.000008 0.000015 -1.334018 -0.012525 -0.253208
 16 37.124344 -0.000015 -0.000023 -1.409619 0.265540 0.390963
 17 0.059621 0.456168 0.250107 0.064768 -0.005215 -0.156772
 18 0.059621 0.456168 106.299835 1.570796 1.570796 0.000000
 19 -65.799545 -0.000020 1.142855 0.000000 0.000515 3.141077
 20 11.181580 0.005760 -0.002411 0.000000 0.254797 0.000515
 21 27.835175 -0.000000 0.000019 -3.141592 -0.129896 -0.000000
 22 5.330383 -0.000001 0.000000 -3.070148 -0.008780 -0.077405
 23 10.134888 -4.133394 3.834200 -0.484142 -1.020011 -2.718820
 24 10.134903 4.133396 3.834202 0.484161 -1.020005 2.718803
 25 22.592361 0.000007 17.467113 -0.000010 2.956431 0.000000
 26 21.199997 -7.744009 14.169521 -0.644457 -0.154503 -3.025319
 27 18.142014 -13.440226 7.965776 1.254413 -0.405001 3.001149
 28 21.199966 7.744020 14.169498 0.644460 -0.154503 3.025318
 29 18.141998 13.440232 7.965776 -0.316157 -0.180196 -3.082644
 30 11.858856 -13.359999 3.526514 1.542249 3.132957 0.174415
 31 9.463272 -16.404867 -2.906044 1.542282 3.132901 0.176490
 32 9.125259 -10.885473 -11.371326 0.000496 2.962373 0.000256
 33 11.858841 13.360003 3.526472 -1.542248 3.132957 -0.174414
 34 9.463257 16.404861 -2.906023 -1.542281 3.132900 -0.176490
 35 9.125275 10.885472 -11.371304 -0.000492 2.962373 0.000256
 36 9.023224 -0.000004 -17.296177 0.000180 -0.167048 -3.141356
 37 12.691406 -0.000004 -19.438765 0.000000 2.275593 0.000000
 38 10.989426 0.000003 0.000000 0.000000 -0.785296 0.000000
 39 12.871460 -10.586840 -15.652472 1.174595 2.755676 0.716911
 40 10.726990 0.000008 -0.000031 -0.058300 -0.795203 0.058007
 41 12.871445 10.586841 -15.652472 -1.176973 2.755675 -0.716910
 42 10.726974 -0.000024 0.000015 0.058300 -0.795204 -0.058007
 43 12.847214 -17.570082 -4.701340 1.393984 2.924910 0.849401
 44 11.496490 0.000008 -0.000031 -0.114106 -0.753180 0.118933
 45 12.847183 17.570080 -4.701359 -1.395643 2.924909 -0.849401
 46 11.496475 -0.000002 -0.000015 0.114106 -0.753180 -0.118932
 47 28.485962 0.000007 16.460358 -0.000001 -0.309911 0.000000
 48 23.052750 -6.207911 -0.077286 -1.470206 0.035100 -1.833545
 49 9.436905 -0.000008 -0.000015 0.010287 0.675408 0.003503
 50 31.269363 0.000010 -0.000015 -0.006701 -0.301101 0.008666
 51 28.756504 0.000006 -0.000046 -0.001117 -0.112743 0.001416
 52 2.251991 -2.464407 -1.141647 0.481305 0.508197 -0.319329
 53 3.674026 -0.000015 0.000031 -0.277611 0.179024 0.194713
 54 3.614700 0.000013 0.000000 0.013156 0.193871 -0.001558
 55 9.035500 -2.494946 0.484558 -0.001362 0.302449 0.001673
 56 2.943581 0.000000 -0.000015 0.010585 0.293657 -0.007800
 57 2.649437 0.000002 0.000008 -0.006498 0.303243 0.008512
 58 9.093628 -0.386669 0.647690 0.020190 0.475379 -0.012607
 59 3.451889 0.000000 -0.000015 -0.014209 0.528778 0.009212
 60 2.898163 0.000000 0.000031 -0.000683 0.490858 0.000916
 61 8.894585 1.605850 0.371902 -0.000566 0.547851 0.000704
 62 3.130402 0.000002 0.000031 0.003896 0.567158 -0.005064
 63 2.629562 0.000000 -0.000038 0.004892 0.544388 -0.006589
 64 8.470619 3.459528 0.131485 -0.021715 0.541478 0.011456
 65 2.410271 0.000002 -0.000061 0.022815 0.529939 -0.013321
 66 2.000778 0.000006 0.000004 -0.005415 0.533618 0.007402
 67 23.052765 6.207910 -0.077305 1.481823 0.058643 2.080206
 68 9.436897 0.000017 -0.000015 0.151662 0.418551 0.413166
 69 31.269363 -0.000015 -0.000031 0.138781 0.252015 1.877267
 70 28.756508 0.000000 0.000015 0.261136 0.180752 -0.045135
 71 2.251892 2.464401 -1.141556 -0.513217 0.249535 0.112914
 72 3.674084 0.000004 -0.000031 0.331388 -0.059506 -0.325011
 73 3.614681 -0.000008 0.000015 0.067360 -0.216133 -0.086857
 74 9.035423 2.494934 0.484428 0.001362 -0.011534 -0.001673
 75 2.943565 -0.000015 -0.000023 -0.011497 -0.020268 0.014556
 76 2.649437 0.000000 0.000023 0.006498 -0.010740 -0.008512
 77 9.093689 0.386673 0.647789 -0.018031 0.093461 0.020165
 78 3.451859 0.000000 0.000000 0.014953 0.008589 -0.019838
 79 2.898201 0.000015 -0.000015 0.000683 -0.029445 -0.000917
 80 8.894417 -1.605865 0.371918 0.000566 0.090541 -0.000704
 81 3.130432 0.000000 -0.000031 -0.003896 -0.009289 0.005063
 82 2.629524 0.000000 0.000031 -0.004892 -0.032059 0.006589
 83 8.470612 -3.459518 0.131409 0.018786 0.137518 -0.020073
 84 2.410275 0.000000 -0.000008 -0.024238 -0.029075 0.031299
 85 2.000763 0.000000 0.000015 0.005415 -0.025697 -0.007402
 86 9.832352 1.463043 -1.299423 0.016522 -0.031798 -0.020624
 87 25.040588 -5.670405 5.432793 -1.330211 -0.243687 -2.059337
 88 28.779678 -6.856310 -0.811424 -1.465184 0.010977 -1.648889
 89 29.182297 -3.955566 -4.961964 0.925274 2.505537 0.578568
 90 25.040558 5.670408 5.432751 1.329358 -0.418000 2.104570
 91 28.779739 6.856311 -0.811401 1.465183 0.010978 1.648892
 92 29.182281 3.955564 -4.961941 -0.925274 2.505535 -0.578570
 93 -65.335663 -0.000020 1.140918 -3.141591 0.044911 0.000000
 94 26.290924 -12.205289 1.157882 -2.071447 -0.017454 0.065112
 95 49.071030 0.000008 0.000009 2.179705 0.127556 -0.112856
 96 61.871307 -0.000015 -0.000019 3.080256 0.672597 0.035641
 97 26.290924 12.205294 1.157842 2.044502 0.127786 -0.159169
 98 49.071068 0.000004 -0.000038 -2.187262 0.154733 0.063501
 99 61.871304 0.000023 -0.000027 -2.944714 0.642381 0.102745
100 -0.698059 -11.192117 -8.252762 1.307456 -0.129056 -0.946297
101 20.568230 0.000000 -0.000015 0.009872 -0.110770 -0.143931
102 0.223785 -5.734810 -12.929604 -2.916665 0.818513 0.158621
103 20.803574 0.000002 -0.000031 0.065805 -0.260349 -0.048014
104 -1.040009 -3.033968 12.140511 1.554517 0.104601 -1.288764
105 -1.039993 3.034004 12.140501 -1.554518 0.104604 1.288764
106 4.165451 -5.407045 12.088390 0.854937 -0.629941 -0.629908
107 16.599434 0.000000 -0.000031 -0.047935 -0.051683 0.045016
108 4.165482 5.407080 12.088381 -0.775807 -0.505213 0.510405
109 16.599380 0.000008 -0.000038 0.047216 0.108264 -0.036111
110 6.428391 0.000001 -0.288944 -0.000001 -0.000000 -0.000000
111 -1.833771 -13.936461 1.224504 1.552448 0.040995 -0.420999
112 20.406960 -0.000002 -0.000015 0.000000 -0.016932 0.000000
113 21.655495 -0.000002 -0.000015 -0.006999 -0.063202 -0.012292
114 22.360680 -0.000002 -0.000023 0.074609 -0.247746 0.067893
115 22.519653 -0.000004 -0.000008 0.054288 0.151442 0.097694
116 22.140392 -0.000008 -0.000015 0.021895 0.231214 0.098594
117 -1.699203 -12.875612 4.918509 1.116385 -0.148284 -0.380891
118 20.938599 0.000013 0.000000 0.034482 -0.012972 -0.016104
119 21.993607 -0.000005 -0.000061 0.006191 -0.057422 -0.016600
120 22.563789 -0.000013 -0.000008 0.067828 -0.318945 0.066371
121 22.643349 0.000000 -0.000038 0.031333 0.074041 0.097961
122 22.238056 -0.000007 -0.000031 -0.016067 0.137423 0.101943
123 -1.634338 -9.854568 8.052346 0.714077 -0.292095 -0.280759
124 22.205284 0.000001 -0.000023 0.042841 -0.006102 -0.020254
125 22.804382 -0.000005 -0.000038 0.011623 -0.053615 -0.015094
126 23.051674 0.000005 0.000000 0.054553 -0.383379 0.042105
127 22.939980 0.000009 -0.000053 0.017828 0.001705 0.070293
128 22.472065 0.000002 -0.000031 -0.021060 0.052637 0.080254
129 -1.616135 -5.333253 10.147438 0.347094 -0.374743 -0.146641
130 23.451302 -0.000000 -0.000023 0.027042 -0.001892 -0.012901
131 23.608017 -0.000003 -0.000031 0.008079 -0.052240 -0.008200
132 23.536232 0.000000 -0.000031 0.039917 -0.429463 0.002843
133 23.233971 0.000003 0.000008 0.016936 -0.049645 0.023807
134 22.703674 0.000008 -0.000015 -0.001707 -0.003568 0.033752
135 -1.614517 -0.000000 10.883350 -0.000000 -0.400842 0.000000
136 23.962143 0.000001 -0.000038 0.000000 -0.000699 0.000000
137 23.938965 -0.000003 0.000000 -0.000519 -0.052267 0.001492
138 23.736031 -0.000003 -0.000031 0.023064 -0.260161 -0.039364
139 23.354973 0.000006 -0.000046 0.020723 -0.022677 -0.031933
140 22.798935 -0.000009 -0.000031 0.026609 -0.027271 -0.027888
141 -1.616135 5.333251 10.147423 -0.347094 -0.374742 0.146641
142 23.451294 -0.000005 -0.000008 -0.027042 -0.001892 0.012901
143 23.608025 -0.000002 -0.000038 -0.009174 -0.053034 0.011064
144 23.536247 -0.000000 -0.000015 0.005879 -0.449238 -0.090990
145 23.233971 -0.000019 -0.000031 0.021193 -0.016616 -0.095489
146 22.703674 0.000013 -0.000015 0.052041 -0.018823 -0.091366
147 -1.634338 9.854564 8.052344 -0.714078 -0.292096 0.280760
148 22.205254 0.000003 -0.000008 -0.042841 -0.006101 0.020254
149 22.804459 0.000002 -0.000076 -0.012912 -0.055142 0.017548
150 23.051643 -0.000006 -0.000015 -0.015289 -0.421412 -0.136876
151 22.939976 0.000000 -0.000023 0.007492 0.018528 -0.153986
152 22.472065 0.000008 -0.000038 0.059363 0.021873 -0.155759
153 -1.699203 12.875607 4.918524 -1.116385 -0.148284 0.380891
154 20.938591 0.000019 0.000000 -0.034482 -0.012973 0.016104
155 21.993599 -0.000005 -0.000061 -0.012521 -0.003068 0.005924
156 22.563812 0.000001 -0.000023 -0.040624 -0.371200 -0.170897
157 22.643349 0.000010 -0.000046 -0.025185 0.077893 -0.198142
158 22.238026 0.000000 -0.000023 0.033716 0.089240 -0.201562
159 -1.833771 13.936457 1.224504 -1.552447 0.040994 0.420999
160 20.406960 0.000005 -0.000038 -0.000000 -0.016932 -0.000000
161 21.655502 0.000009 -0.000008 -0.000000 -0.003038 0.000000
162 22.360657 0.000002 -0.000015 -0.064108 -0.306570 -0.185538
163 22.519669 0.000006 -0.000015 -0.072983 0.170597 -0.222797
164 22.140377 0.000008 -0.000008 -0.034133 0.181890 -0.200479
165 -1.972565 12.875608 -3.614555 -1.827109 0.155326 0.386830
166 20.655167 0.000007 -0.000023 0.014659 -0.017050 -0.006451
167 21.762253 0.000003 -0.000031 0.003544 -0.070860 0.012890
168 22.392159 0.000010 -0.000031 -0.081911 -0.263907 -0.176662
169 22.541336 0.000010 -0.000031 -0.116227 0.214668 -0.232465
170 22.217491 0.000004 -0.000015 -0.095219 0.230639 -0.204131
171 -1.967316 9.854566 -7.722432 -2.161803 0.248066 0.289766
172 21.272736 0.000003 -0.000008 0.025990 -0.015445 -0.009916
173 22.032509 0.000022 -0.000053 0.001447 -0.077879 0.011150
174 22.475662 0.000001 -0.000015 -0.084915 -0.218911 -0.162123
175 22.598709 0.000006 -0.000015 -0.134263 0.263050 -0.213771
176 22.407970 0.000015 -0.000031 -0.121382 0.280389 -0.177930
177 -1.900833 5.333252 -10.470076 -2.601403 0.305546 0.153178
178 21.914322 0.000006 -0.000023 0.024266 -0.010747 -0.007792
179 22.319847 -0.000009 -0.000008 -0.000511 -0.083687 0.006755
180 22.569626 -0.000001 -0.000015 -0.065262 -0.170589 -0.132248
181 22.663204 0.000020 -0.000023 -0.112117 0.311704 -0.168923
182 22.604523 0.000023 -0.000023 -0.101941 0.316728 -0.137437
183 -1.865585 -0.000002 -11.435440 -3.141592 0.324581 -0.000000
184 22.186691 -0.000004 -0.000015 0.000000 -0.007676 0.000000
185 22.443718 -0.000003 -0.000011 -0.001382 -0.085656 -0.000728
186 22.611534 -0.000005 -0.000015 -0.015146 -0.135296 -0.079300
187 22.692017 0.000005 -0.000008 -0.035408 0.347258 -0.084181
188 22.687653 0.000010 -0.000008 -0.039919 0.343358 -0.086379
189 -1.900833 -5.333256 -10.470070 2.601403 0.305546 -0.153178
190 21.914322 0.000008 -0.000015 -0.024267 -0.010746 0.007792
191 22.319824 -0.000020 -0.000004 -0.002193 -0.082513 -0.007849
192 22.569633 0.000005 -0.000046 0.041404 -0.137591 -0.019419
193 22.663235 -0.000020 -0.000008 0.044028 0.348704 -0.000924
194 22.604530 0.000006 0.000000 0.033964 0.349599 -0.015717
195 -1.967285 -9.854566 -7.722440 2.161803 0.248066 -0.289766
196 21.272705 -0.000016 -0.000008 -0.025990 -0.015445 0.009916
197 22.032478 0.000004 -0.000031 -0.003989 -0.075993 -0.011504
198 22.475677 -0.000006 -0.000038 0.071188 -0.167188 0.023818
199 22.598705 0.000002 -0.000015 0.082461 0.321866 0.059714
200 22.407990 -0.000015 -0.000015 0.077378 0.336475 0.041261
201 -1.972565 -12.875610 -3.614562 1.827110 0.155326 -0.386831
202 20.655182 0.000010 -0.000023 -0.014659 -0.017050 0.006451
203 21.762260 -0.000007 -0.000008 -0.005851 -0.068650 -0.012535
204 22.392159 -0.000003 -0.000038 0.079598 -0.205144 0.050333
205 22.541332 -0.000009 -0.000031 0.073718 0.220127 0.078530
206 22.217506 -0.000004 -0.000015 0.067775 0.300491 0.083604
207 0.059621 0.456168 0.250107 0.000000 -0.000000 0.000000
208 0.059621 0.456168 0.250107 0.000000 -0.000000 0.000000
time 34
  0 0.059621 0.456168 0.250107 0.000000 -0.000000 0.000000
  1 0.059621 0.456168 0.250107 0.000000 -0.000000 0.000000
  2 0.059621 0.456168 0.250107 0.000000 -0.000000 0.000000
  3 0.059621 0.456168 0.250107 0.000000 -0.000000 0.000000
  4 0.059621 0.456168 0.250107 0.000000 -0.000000 0.000000
  5 0.059621 0.456168 0.250107 0.000000 -0.000000 0.000000
  6 0.059621 0.456168 0.250107 0.000000 -0.000000 0.000000
  7 0.059621 0.456168 0.250107 0.000000 -0.000000 0.000000
  8 0.059621 0.456168 0.250107 0.000000 -0.000000 0.000000
  9 0.059621 0.456168 0.250107 0.000000 -0.000000 0.000000
 10 -27.668861 70.575722 185.293579 -1.271161 -0.262056 3.132349
 11 24.668243 0.000015 -0.000038 1.153922 -0.706839 0.007980
 12 30.380157 0.000000 0.000015 1.656325 -0.095678 1.072505
 13 19.902103 0.000000 0.000015 0.182625 -0.773311 -0.393907
 14 98.938255 -23.455475 107.458252 1.305583 0.450839 0.943026
 15 35.349510 0.000008 0.000023 -1.338588 0.000139 -0.260553
 16 37.124321 0.000000 -0.000038 -1.407295 0.305375 0.393368
 17 0.059621 0.456168 0.250107 0.064768 -0.005215 -0.156772
 18 0.059621 0.456168 105.217590 1.570796 1.570796 0.000000
 19 -65.799545 -0.000020 1.142855 0.000000 0.000515 3.141077
 20 11.181580 0.005760 -0.002411 0.000000 0.254797 0.000515
 21 27.835175 -0.000000 0.000015 -3.141592 -0.129896 -0.000000
 22 5.330383 -0.000001 -0.000002 -3.070212 -0.009267 -0.070595
 23 10.134872 -4.133394 3.834202 -0.493066 -1.030205 -2.708368
 24 10.134903 4.133396 3.834202 0.493086 -1.030199 2.708350
 25 22.592361 0.000006 17.467113 -0.000010 2.956431 0.000000
 26 21.199982 -7.744011 14.169518 -0.644457 -0.154503 -3.025319
 27 18.142014 -13.440228 7.965773 1.252653 -0.389812 3.006655
 28 21.199966 7.744018 14.169502 0.644460 -0.154503 3.025318
 29 18.141983 13.440231 7.965776 -0.316157 -0.180196 -3.082644
 30 11.858871 -13.359999 3.526512 1.542249 3.132957 0.174415
 31 9.463272 -16.404865 -2.906044 1.542282 3.132901 0.176490
 32 9.125259 -10.885473 -11.371326 0.000496 2.962373 0.000256
 33 11.858841 13.360000 3.526474 -1.542248 3.132957 -0.174414
 34 9.463257 16.404861 -2.906023 -1.542281 3.132900 -0.176490
 35 9.125259 10.885469 -11.371305 -0.000492 2.962373 0.000256
 36 9.023224 -0.000004 -17.296177 0.000180 -0.167048 -3.141356
 37 12.691406 -0.000004 -19.438766 0.000000 2.291648 0.000000
 38 10.989426 0.000003 -0.000015 0.000000 -0.800058 0.000000
 39 12.871460 -10.586842 -15.652472 1.170603 2.762439 0.701397
 40 10.727005 0.000011 -0.000046 -0.059681 -0.809926 0.059380
 41 12.871460 10.586837 -15.652470 -1.173528 2.762439 -0.701396
 42 10.726990 -0.000024 0.000015 0.059681 -0.809926 -0.059381
 43 12.847214 -17.570084 -4.701338 1.391874 2.928110 0.833346
 44 11.496506 0.000008 -0.000031 -0.116630 -0.767820 0.121469
 45 12.847183 17.570080 -4.701359 -1.393913 2.928109 -0.833346
 46 11.496475 0.000000 -0.000031 0.116629 -0.767820 -0.121469
 47 28.485947 0.000007 16.460361 -0.000001 -0.301325 0.000000
 48 23.052750 -6.207911 -0.077290 -1.470206 0.035100 -1.833545
 49 9.436901 -0.000008 -0.000015 0.010287 0.669356 0.003503
 50 31.269325 0.000008 -0.000031 -0.006701 -0.304353 0.008666
 51 28.756500 0.000006 -0.000031 -0.001117 -0.114339 0.001416
 52 2.251987 -2.464411 -1.141632 0.481305 0.508197 -0.319329
 53 3.674042 -0.000011 0.000015 -0.277611 0.179024 0.194713
 54 3.614693 0.000011 0.000000 0.013156 0.193871 -0.001558
 55 9.035496 -2.494949 0.484543 -0.001362 0.302449 0.001673
 56 2.943573 0.000004 -0.000015 0.010585 0.293657 -0.007800
 57 2.649429 0.000002 0.000008 -0.006498 0.303243 0.008512
 58 9.093620 -0.386673 0.647705 0.020190 0.475380 -0.012607
 59 3.451889 0.000002 -0.000015 -0.014209 0.528778 0.009212
 60 2.898178 -0.000002 0.000031 -0.000683 0.490858 0.000916
 61 8.894581 1.605850 0.371902 -0.000566 0.547851 0.000704
 62 3.130394 -0.000002 0.000031 0.003896 0.567158 -0.005064
 63 2.629532 0.000002 -0.000042 0.004892 0.544389 -0.006589
 64 8.470615 3.459526 0.131485 -0.021715 0.541478 0.011456
 65 2.410255 0.000002 -0.000046 0.022815 0.529939 -0.013321
 66 2.000809 0.000004 0.000004 -0.005415 0.533618 0.007402
 67 23.052765 6.207910 -0.077309 1.481823 0.058643 2.080206
 68 9.436905 0.000021 -0.000031 0.151662 0.418551 0.413166
 69 31.269348 -0.000015 -0.000031 0.162539 0.256201 1.879264
 70 28.756508 0.000000 0.000000 0.265767 0.208131 -0.033449
 71 2.251892 2.464401 -1.141563 -0.513217 0.249535 0.112914
 72 3.674088 0.000004 -0.000031 0.331388 -0.059506 -0.325011
 73 3.614677 -0.000008 0.000031 0.067360 -0.216133 -0.086857
 74 9.035416 2.494934 0.484436 0.001362 -0.011534 -0.001673
 75 2.943573 0.000015 -0.000031 -0.011498 -0.020268 0.014556
 76 2.649445 0.000000 0.000015 0.006498 -0.010740 -0.008512
 77 9.093697 0.386673 0.647797 -0.018031 0.093461 0.020165
 78 3.451859 0.000000 0.000000 0.014953 0.008589 -0.019838
 79 2.898193 0.000000 -0.000008 0.000683 -0.029445 -0.000917
 80 8.894417 -1.605850 0.371925 0.000566 0.090541 -0.000704
 81 3.130424 -0.000015 -0.000046 -0.003896 -0.009289 0.005063
 82 2.629517 0.000000 0.000023 -0.004892 -0.032059 0.006589
 83 8.470612 -3.459518 0.131401 0.018786 0.137518 -0.020073
 84 2.410278 0.000000 -0.000015 -0.024238 -0.029075 0.031299
 85 2.000748 0.000000 0.000023 0.005415 -0.025697 -0.007402
 86 9.832352 1.463058 -1.299423 0.016522 -0.031798 -0.020624
 87 25.040588 -5.670405 5.432793 -1.328930 -0.242353 -2.064783
 88 28.779709 -6.856310 -0.811424 -1.465258 0.011551 -1.654318
 89 29.182312 -3.955566 -4.961960 0.922193 2.508888 0.573272
 90 25.040573 5.670407 5.432755 1.327049 -0.416635 2.110337
 91 28.779739 6.856310 -0.811405 1.465258 0.011552 1.654321
 92 29.182281 3.955564 -4.961941 -0.922193 2.508887 -0.573272
 93 -65.335663 -0.000020 1.140918 -3.141591 0.044911 0.000000
 94 26.290924 -12.205288 1.157882 -2.071447 -0.017454 0.065112
 95 49.071030 0.000007 0.000009 2.179705 0.127556 -0.112856
 96 61.871307 -0.000015 -0.000023 3.080256 0.672597 0.035641
 97 26.290924 12.205295 1.157842 2.044502 0.127786 -0.159169
 98 49.071053 0.000004 -0.000038 -2.187262 0.154733 0.063501
 99 61.871304 0.000023 -0.000027 -2.944714 0.642381 0.102745
100 -0.698074 -11.192116 -8.252762 1.307602 -0.129459 -0.947735
101 20.568237 0.000000 -0.000015 0.009872 -0.122275 -0.143891
102 0.223785 -5.734809 -12.929604 -2.916399 0.819968 0.159025
103 20.803574 0.000001 -0.000031 0.065783 -0.271081 -0.048705
104 -1.040009 -3.033968 12.140509 1.554517 0.104601 -1.288764
105 -1.039993 3.034004 12.140501 -1.554518 0.104604 1.288764
106 4.165451 -5.407045 12.088390 0.854937 -0.629941 -0.629908
107 16.599442 0.000000 -0.000031 -0.047935 -0.051683 0.045016
108 4.165482 5.407080 12.088381 -0.778640 -0.509713 0.517007
109 16.599380 0.000009 -0.000046 0.047288 0.101120 -0.036511
110 6.428391 0.000001 -0.288944 -0.000001 -0.000000 -0.000000
111 -1.833786 -13.936460 1.224504 1.552448 0.040995 -0.420999
112 20.406944 -0.000002 -0.000023 0.000000 -0.016932 0.000000
113 21.655495 -0.000002 -0.000015 -0.007049 -0.063435 -0.012379
114 22.360680 -0.000002 -0.000023 0.074566 -0.247972 0.067782
115 22.519657 -0.000005 -0.000015 0.053705 0.136044 0.096680
116 22.140388 -0.000008 -0.000015 0.021895 0.216264 0.098594
117 -1.699219 -12.875611 4.918509 1.116385 -0.148284 -0.380891
118 20.938599 0.000013 0.000000 0.034482 -0.012972 -0.016104
119 21.993614 -0.000005 -0.000053 0.006146 -0.057595 -0.016676
120 22.563797 -0.000010 0.000000 0.067794 -0.319113 0.066275
121 22.643345 0.000002 -0.000046 0.030866 0.058935 0.097192
122 22.238056 -0.000008 -0.000031 -0.016095 0.122488 0.102644
123 -1.634354 -9.854568 8.052346 0.714077 -0.292095 -0.280759
124 22.205299 0.000001 -0.000023 0.042841 -0.006102 -0.020254
125 22.804390 -0.000005 -0.000046 0.011589 -0.053738 -0.015146
126 23.051666 0.000004 0.000000 0.054528 -0.383500 0.042037
127 22.939980 0.000006 -0.000038 0.017498 -0.013188 0.069811
128 22.472061 -0.000002 -0.000038 -0.021112 0.037702 0.080939
129 -1.616150 -5.333253 10.147437 0.347094 -0.374743 -0.146641
130 23.451302 -0.000000 -0.000023 0.027042 -0.001892 -0.012901
131 23.608017 -0.000003 -0.000031 0.008059 -0.052328 -0.008222
132 23.536224 0.000000 -0.000031 0.039903 -0.429551 0.002809
133 23.233971 0.000002 0.000015 0.016755 -0.064423 0.023439
134 22.703682 0.000007 -0.000015 -0.001707 -0.018519 0.033752
135 -1.614532 -0.000000 10.883349 -0.000000 -0.400842 0.000000
136 23.962143 0.000001 -0.000046 0.000000 -0.000699 0.000000
137 23.938972 -0.000003 0.000008 -0.000522 -0.052337 0.001496
138 23.736023 -0.000003 -0.000031 0.023064 -0.274912 -0.039642
139 23.354969 0.000006 -0.000038 0.020816 -0.037620 -0.032398
140 22.798927 -0.000009 -0.000031 0.026641 -0.042216 -0.028287
141 -1.616150 5.333251 10.147422 -0.347094 -0.374742 0.146641
142 23.451294 -0.000006 -0.000008 -0.027042 -0.001892 0.012901
143 23.608025 -0.000002 -0.000046 -0.009170 -0.053103 0.011089
144 23.536240 -0.000000 -0.000023 0.005880 -0.449310 -0.090949
145 23.233971 -0.000014 -0.000031 0.021206 -0.031564 -0.095808
146 22.703663 0.000013 0.000000 0.052072 -0.033753 -0.092149
147 -1.634354 9.854564 8.052344 -0.714078 -0.292096 0.280760
148 22.205254 0.000003 -0.000008 -0.042841 -0.006101 0.020254
149 22.804451 0.000002 -0.000076 -0.012905 -0.055229 0.017617
150 23.051636 -0.000009 -0.000008 -0.015284 -0.421501 -0.136802
151 22.939968 -0.000004 -0.000023 0.007492 0.003578 -0.153985
152 22.472061 0.000008 -0.000038 0.059527 0.007012 -0.157380
153 -1.699219 12.875607 4.918525 -1.116385 -0.148284 0.380891
154 20.938591 0.000019 0.000000 -0.034482 -0.012973 0.016104
155 21.993599 -0.000005 -0.000061 -0.012521 -0.003068 0.005924
156 22.563812 0.000001 -0.000023 -0.040620 -0.371325 -0.170799
157 22.643356 0.000008 -0.000038 -0.025180 0.062947 -0.197943
158 22.238037 0.000000 -0.000015 0.033786 0.074357 -0.202974
159 -1.833786 13.936458 1.224504 -1.552447 0.040994 0.420999
160 20.406975 0.000005 -0.000046 -0.000000 -0.016932 -0.000000
161 21.655518 0.000009 -0.000015 -0.000000 -0.003038 0.000000
162 22.360664 0.000002 -0.000023 -0.064090 -0.306746 -0.185424
163 22.519665 0.000004 -0.000015 -0.072925 0.158596 -0.222339
164 22.140381 0.000008 -0.000008 -0.034224 0.168817 -0.200840
165 -1.972580 12.875609 -3.614555 -1.827109 0.155326 0.386830
166 20.655167 0.000007 -0.000015 0.014659 -0.017050 -0.006451
167 21.762253 0.000003 -0.000023 0.003574 -0.071078 0.012978
168 22.392159 0.000011 -0.000023 -0.081884 -0.264121 -0.176540
169 22.541348 0.000013 -0.000015 -0.116094 0.202500 -0.231772
170 22.217499 0.000008 -0.000031 -0.095396 0.217712 -0.203837
171 -1.967316 9.854567 -7.722432 -2.161803 0.248066 0.289766
172 21.272736 0.000003 -0.000008 0.025990 -0.015445 -0.009916
173 22.032509 0.000022 -0.000053 0.001461 -0.078141 0.011225
174 22.475670 0.000001 -0.000015 -0.084896 -0.219170 -0.162012
175 22.598713 0.000008 -0.000015 -0.134066 0.251287 -0.212736
176 22.407980 0.000019 -0.000031 -0.121185 0.268582 -0.176999
177 -1.900848 5.333252 -10.470076 -2.601403 0.305546 0.153178
178 21.914322 0.000006 -0.000027 0.024266 -0.010747 -0.007792
179 22.319839 -0.000009 0.000000 -0.000509 -0.083997 0.006800
180 22.569626 -0.000002 -0.000023 -0.065255 -0.170898 -0.132173
181 22.663216 0.000019 -0.000031 -0.111920 0.300213 -0.167876
182 22.604527 0.000019 -0.000023 -0.101752 0.305198 -0.136450
183 -1.865585 -0.000002 -11.435440 -3.141592 0.324581 -0.000000
184 22.186676 -0.000004 -0.000015 0.000000 -0.007676 0.000000
185 22.443718 -0.000003 -0.000011 -0.001392 -0.085998 -0.000730
186 22.611542 -0.000005 -0.000023 -0.015148 -0.135641 -0.079299
187 22.692020 0.000004 0.000000 -0.035337 0.335835 -0.083650
188 22.687653 0.000010 -0.000004 -0.039930 0.331903 -0.086136
189 -1.900848 -5.333257 -10.470070 2.601403 0.305546 -0.153178
190 21.914337 0.000008 -0.000015 -0.024267 -0.010746 0.007792
191 22.319817 -0.000020 -0.000004 -0.002218 -0.082850 -0.007897
192 22.569626 0.000008 -0.000046 0.041381 -0.137928 -0.019465
193 22.663231 -0.000019 0.000000 0.043938 0.337128 -0.001245
194 22.604523 0.000001 0.000000 0.033904 0.338035 -0.015973
195 -1.967285 -9.854565 -7.722440 2.161803 0.248066 -0.289766
196 21.272705 -0.000016 -0.000015 -0.025990 -0.015445 0.009916
197 22.032463 0.000004 -0.000031 -0.004027 -0.076299 -0.011582
198 22.475685 -0.000007 -0.000038 0.071151 -0.167492 0.023714
199 22.598709 0.000004 -0.000015 0.082303 0.309996 0.059147
200 22.407982 -0.000014 -0.000015 0.077226 0.324647 0.040718
201 -1.972580 -12.875609 -3.614562 1.827110 0.155326 -0.386831
202 20.655167 0.000010 -0.000023 -0.014659 -0.017050 0.006451
203 21.762283 -0.000007 -0.000008 -0.005898 -0.068920 -0.012621
204 22.392166 -0.000003 -0.000031 0.079555 -0.205408 0.050219
205 22.541340 -0.000009 -0.000031 0.073090 0.205954 0.077119
206 22.217503 -0.000004 -0.000023 0.067650 0.288049 0.083107
207 0.059621 0.456168 0.250107 0.000000 -0.000000 0.000000
208 0.059621 0.456168 0.250107 0.000000 -0.000000 0.000000
time 35
  0 0.059621 0.456168 0.250107 0.000000 -0.000000 0.000000
  1 0.059621 0.456168 0.250107 0.000000 -0.000000 0.000000
  2 0.059621 0.456168 0.250107 0.000000 -0.000000 0.000000
  3 0.059621 0.456168 0.250107 0.000000 -0.000000 0.000000
  4 0.059621 0.456168 0.250107 0.000000 -0.000000 0.000000
  5 0.059621 0.456168 0.250107 0.000000 -0.000000 0.000000
  6 0.059621 0.456168 0.250107 0.000000 -0.000000 0.000000
  7 0.059621 0.456168 0.250107 0.000000 -0.000000 0.000000
  8 0.059621 0.456168 0.250107 0.000000 -0.000000 0.000000
  9 0.059621 0.456168 0.250107 0.000000 -0.000000 0.000000
 10 -18.142565 81.651352 181.229187 -1.270955 -0.270221 3.005658
 11 24.668251 0.000000 -0.000046 1.119226 -0.602327 -0.011156
 12 30.380157 0.000015 0.000015 1.615469 -0.006886 0.872023
 13 19.902103 0.000000 0.000000 0.200901 -0.795393 -0.419033
 14 96.331535 -31.724592 107.458252 1.291026 0.468727 0.829744
 15 35.349506 0.000008 0.000015 -1.343226 0.012678 -0.267825
 16 37.124329 -0.000015 -0.000031 -1.400701 0.350316 0.395561
 17 0.059621 0.456168 0.250107 0.064768 -0.005215 -0.156772
 18 0.059621 0.456168 104.044464 1.570796 1.570796 0.000000
 19 -65.799545 -0.000020 1.142855 0.000000 0.000515 3.141077
 20 11.181580 0.005760 -0.002411 0.000000 0.254797 0.000515
 21 27.835175 -0.000000 0.000019 -3.141592 -0.129896 -0.000000
 22 5.330383 -0.000001 -0.000002 -3.070277 -0.009757 -0.063757
 23 10.134872 -4.133393 3.834200 -0.502564 -1.040572 -2.697313
 24 10.134888 4.133396 3.834200 0.502584 -1.040566 2.697295
 25 22.592361 0.000007 17.467112 -0.000010 2.956431 0.000000
 26 21.199982 -7.744008 14.169516 -0.644457 -0.154503 -3.025319
 27 18.142014 -13.440228 7.965775 1.250779 -0.373641 3.012517
 28 21.199966 7.744018 14.169497 0.644460 -0.154503 3.025318
 29 18.141998 13.440231 7.965775 -0.316157 -0.180196 -3.082644
 30 11.858856 -13.359998 3.526512 1.542249 3.132957 0.174415
 31 9.463287 -16.404865 -2.906046 1.542282 3.132901 0.176490
 32 9.125244 -10.885474 -11.371325 0.000496 2.962373 0.000256
 33 11.858841 13.360001 3.526472 -1.542248 3.132957 -0.174414
 34 9.463257 16.404861 -2.906025 -1.542281 3.132900 -0.176490
 35 9.125259 10.885469 -11.371305 -0.000492 2.962373 0.000256
 36 9.023224 -0.000003 -17.296175 0.000180 -0.167048 -3.141356
 37 12.691406 -0.000004 -19.438765 0.000000 2.308741 0.000000
 38 10.989410 0.000004 -0.000015 0.000000 -0.805126 0.000000
 39 12.871460 -10.586839 -15.652473 1.166266 2.769640 0.684879
 40 10.727020 0.000008 -0.000031 -0.060196 -0.814980 0.059871
 41 12.871445 10.586838 -15.652470 -1.169736 2.769639 -0.684878
 42 10.726974 -0.000021 0.000015 0.060196 -0.814980 -0.059871
 43 12.847229 -17.570084 -4.701338 1.389557 2.931517 0.816254
 44 11.496483 0.000008 -0.000046 -0.117571 -0.772844 0.122371
 45 12.847183 17.570080 -4.701357 -1.391976 2.931516 -0.816253
 46 11.496475 0.000000 -0.000015 0.117571 -0.772844 -0.122371
 47 28.485947 0.000008 16.460356 -0.000001 -0.291699 0.000000
 48 23.052765 -6.207911 -0.077286 -1.470206 0.035100 -1.833545
 49 9.436901 -0.000008 -0.000015 0.010287 0.663066 0.003503
 50 31.269341 0.000011 -0.000015 -0.006701 -0.306361 0.008666
 51 28.756500 0.000008 -0.000046 -0.001117 -0.115325 0.001416
 52 2.251991 -2.464409 -1.141647 0.481305 0.508197 -0.319329
 53 3.674049 -0.000015 0.000015 -0.277611 0.179024 0.194713
 54 3.614693 0.000011 0.000000 0.013156 0.193871 -0.001558
 55 9.035500 -2.494947 0.484558 -0.001362 0.302449 0.001673
 56 2.943573 -0.000002 -0.000015 0.010585 0.293657 -0.007800
 57 2.649429 0.000002 0.000015 -0.006498 0.303243 0.008512
 58 9.093620 -0.386673 0.647705 0.020190 0.475380 -0.012607
 59 3.451897 0.000002 0.000000 -0.014209 0.528778 0.009212
 60 2.898193 -0.000002 0.000038 -0.000683 0.490858 0.000916
 61 8.894585 1.605850 0.371887 -0.000566 0.547851 0.000704
 62 3.130417 0.000002 0.000046 0.003896 0.567158 -0.005064
 63 2.629547 0.000000 -0.000042 0.004892 0.544389 -0.006589
 64 8.470627 3.459528 0.131470 -0.021715 0.541478 0.011456
 65 2.410271 0.000000 -0.000061 0.022815 0.529939 -0.013321
 66 2.000793 0.000004 0.000023 -0.005415 0.533618 0.007402
 67 23.052780 6.207910 -0.077305 1.481823 0.058643 2.080206
 68 9.436897 0.000021 -0.000015 0.151662 0.418551 0.413166
 69 31.269348 -0.000015 -0.000038 0.186797 0.260475 1.881302
 70 28.756500 0.000008 0.000015 0.270629 0.236878 -0.021180
 71 2.251896 2.464401 -1.141563 -0.513217 0.249535 0.112914
 72 3.674091 0.000004 0.000000 0.331388 -0.059506 -0.325011
 73 3.614677 0.000000 0.000031 0.067360 -0.216133 -0.086857
 74 9.035416 2.494949 0.484428 0.001362 -0.011534 -0.001673
 75 2.943565 0.000015 -0.000031 -0.011498 -0.020268 0.014556
 76 2.649437 0.000000 0.000015 0.006498 -0.010740 -0.008512
 77 9.093689 0.386658 0.647781 -0.018031 0.093461 0.020165
 78 3.451866 0.000000 0.000000 0.014953 0.008589 -0.019838
 79 2.898201 0.000000 -0.000008 0.000683 -0.029445 -0.000917
 80 8.894417 -1.605850 0.371918 0.000566 0.090541 -0.000704
 81 3.130428 0.000015 -0.000046 -0.003896 -0.009289 0.005063
 82 2.629524 0.000000 0.000015 -0.004892 -0.032059 0.006589
 83 8.470604 -3.459518 0.131393 0.018786 0.137518 -0.020073
 84 2.410278 0.000000 -0.000008 -0.024238 -0.029075 0.031299
 85 2.000751 0.000000 0.000015 0.005415 -0.025697 -0.007402
 86 9.832352 1.463058 -1.299423 0.016522 -0.031798 -0.020624
 87 25.040588 -5.670405 5.432793 -1.327585 -0.240952 -2.070501
 88 28.779709 -6.856310 -0.811420 -1.465337 0.012153 -1.660018
 89 29.182312 -3.955567 -4.961960 0.918959 2.512407 0.567710
 90 25.040573 5.670407 5.432755 1.324625 -0.415201 2.116392
 91 28.779755 6.856310 -0.811401 1.465337 0.012155 1.660021
 92 29.182281 3.955564 -4.961941 -0.918959 2.512405 -0.567711
 93 -65.335663 -0.000020 1.140918 -3.141591 0.044911 0.000000
 94 26.290924 -12.205288 1.157883 -2.071447 -0.017454 0.065112
 95 49.071030 0.000008 0.000009 2.179705 0.127556 -0.112856
 96 61.871315 -0.000015 -0.000021 3.080256 0.672597 0.035641
 97 26.290924 12.205295 1.157842 2.044502 0.127786 -0.159169
 98 49.071060 0.000004 -0.000038 -2.187262 0.154733 0.063501
 99 61.871300 0.000023 -0.000027 -2.944714 0.642381 0.102745
100 -0.698059 -11.192116 -8.252762 1.307652 -0.129597 -0.948227
101 20.568230 0.000000 -0.000015 0.009872 -0.126294 -0.143878
102 0.223785 -5.734810 -12.929604 -2.916308 0.820466 0.159162
103 20.803574 0.000000 -0.000046 0.065776 -0.274831 -0.048947
104 -1.040009 -3.033968 12.140511 1.554517 0.104601 -1.288764
105 -1.039993 3.034004 12.140501 -1.554518 0.104604 1.288764
106 4.165451 -5.407045 12.088390 0.854937 -0.629941 -0.629908
107 16.599442 0.000000 -0.000015 -0.047935 -0.051683 0.045016
108 4.165482 5.407080 12.088381 -0.781659 -0.514509 0.523724
109 16.599380 0.000009 -0.000038 0.047359 0.093697 -0.036927
110 6.428391 0.000001 -0.288944 -0.000001 -0.000000 -0.000000
111 -1.833771 -13.936460 1.224505 1.552448 0.040995 -0.420999
112 20.406944 -0.000002 -0.000031 0.000000 -0.016932 0.000000
113 21.655495 -0.000002 -0.000008 -0.007066 -0.063514 -0.012409
114 22.360664 -0.000002 -0.000023 0.074552 -0.248048 0.067744
115 22.519657 -0.000005 -0.000023 0.053495 0.123755 0.096313
116 22.140388 -0.000008 -0.000031 0.021895 0.200881 0.098594
117 -1.699203 -12.875611 4.918509 1.116385 -0.148284 -0.380891
118 20.938599 0.000013 0.000008 0.034482 -0.012972 -0.016104
119 21.993607 -0.000005 -0.000061 0.006131 -0.057654 -0.016702
120 22.563789 -0.000011 -0.000008 0.067782 -0.319170 0.066243
121 22.643345 0.000002 -0.000031 0.030697 0.046744 0.096913
122 22.238049 -0.000009 -0.000031 -0.016126 0.107123 0.103366
123 -1.634338 -9.854567 8.052346 0.714077 -0.292095 -0.280759
124 22.205284 0.000001 -0.000023 0.042841 -0.006102 -0.020254
125 22.804398 -0.000005 -0.000046 0.011577 -0.053779 -0.015163
126 23.051659 0.000005 0.000000 0.054520 -0.383540 0.042014
127 22.939976 0.000003 -0.000038 0.017378 -0.025307 0.069637
128 22.472061 -0.000003 -0.000023 -0.021169 0.022336 0.081643
129 -1.616135 -5.333253 10.147437 0.347094 -0.374743 -0.146641
130 23.451302 -0.000000 -0.000015 0.027042 -0.001892 -0.012901
131 23.608025 -0.000004 -0.000023 0.008053 -0.052357 -0.008229
132 23.536232 -0.000000 -0.000031 0.039898 -0.429580 0.002798
133 23.233967 0.000002 0.000015 0.016690 -0.076500 0.023169
134 22.703682 0.000011 -0.000015 -0.001707 -0.033901 0.033752
135 -1.614517 -0.000000 10.883351 -0.000000 -0.400842 0.000000
136 23.962143 0.000001 -0.000038 0.000000 -0.000699 0.000000
137 23.938965 -0.000003 0.000008 -0.000524 -0.052360 0.001498
138 23.736031 -0.000003 -0.000031 0.023064 -0.286978 -0.039909
139 23.354969 0.000006 -0.000046 0.020914 -0.052995 -0.032877
140 22.798935 -0.000009 -0.000038 0.026675 -0.057593 -0.028698
141 -1.616135 5.333251 10.147424 -0.347094 -0.374742 0.146641
142 23.451294 -0.000006 0.000000 -0.027042 -0.001892 0.012901
143 23.608025 -0.000002 -0.000038 -0.009169 -0.053126 0.011098
144 23.536240 0.000000 -0.000023 0.005881 -0.449333 -0.090935
145 23.233974 -0.000016 -0.000031 0.021220 -0.046943 -0.096136
146 22.703663 0.000013 -0.000008 0.052106 -0.049115 -0.092955
147 -1.634338 9.854565 8.052344 -0.714078 -0.292096 0.280760
148 22.205254 0.000003 -0.000008 -0.042841 -0.006101 0.020254
149 22.804459 0.000002 -0.000076 -0.012902 -0.055258 0.017641
150 23.051636 -0.000008 -0.000008 -0.015282 -0.421530 -0.136776
151 22.939976 -0.000002 -0.000023 0.007492 -0.011805 -0.153985
152 22.472073 0.000002 -0.000038 0.059709 -0.008278 -0.159048
153 -1.699203 12.875607 4.918525 -1.116385 -0.148284 0.380891
154 20.938591 0.000019 -0.000008 -0.034482 -0.012973 0.016104
155 21.993599 -0.000005 -0.000069 -0.012521 -0.003068 0.005924
156 22.563812 0.000001 -0.000015 -0.040618 -0.371366 -0.170765
157 22.643349 0.000011 -0.000046 -0.025174 0.047569 -0.197725
158 22.238033 0.000000 -0.000023 0.033863 0.059044 -0.204426
159 -1.833771 13.936458 1.224505 -1.552447 0.040994 0.420999
160 20.406960 0.000005 -0.000046 -0.000000 -0.016932 -0.000000
161 21.655518 0.000009 -0.000008 -0.000000 -0.003038 0.000000
162 22.360649 0.000002 -0.000023 -0.064084 -0.306805 -0.185386
163 22.519669 0.000004 -0.000023 -0.072861 0.146017 -0.221818
164 22.140377 0.000008 -0.000015 -0.034317 0.155218 -0.201211
165 -1.972565 12.875609 -3.614555 -1.827109 0.155326 0.386830
166 20.655167 0.000007 -0.000015 0.014659 -0.017050 -0.006451
167 21.762260 0.000003 -0.000015 0.003585 -0.071152 0.013009
168 22.392159 0.000011 -0.000031 -0.081874 -0.264193 -0.176498
169 22.541348 0.000013 -0.000031 -0.115948 0.189766 -0.230976
170 22.217499 0.000011 -0.000023 -0.095579 0.204251 -0.203511
171 -1.967316 9.854567 -7.722432 -2.161803 0.248066 0.289766
172 21.272736 0.000003 0.000000 0.025990 -0.015445 -0.009916
173 22.032509 0.000022 -0.000053 0.001466 -0.078230 0.011251
174 22.475662 0.000002 -0.000015 -0.084889 -0.219258 -0.161973
175 22.598709 0.000008 -0.000023 -0.133850 0.238939 -0.211595
176 22.407976 0.000015 -0.000023 -0.120969 0.256192 -0.175972
177 -1.900833 5.333252 -10.470076 -2.601403 0.305546 0.153178
178 21.914322 0.000006 -0.000023 0.024266 -0.010747 -0.007792
179 22.319847 -0.000009 -0.000008 -0.000509 -0.084102 0.006815
180 22.569626 -0.000001 -0.000023 -0.065253 -0.171003 -0.132148
181 22.663212 0.000022 -0.000023 -0.111701 0.288122 -0.166748
182 22.604527 0.000019 -0.000023 -0.101544 0.293070 -0.135393
183 -1.865585 -0.000002 -11.435440 -3.141592 0.324581 -0.000000
184 22.186676 -0.000004 -0.000008 0.000000 -0.007676 0.000000
185 22.443726 -0.000003 -0.000011 -0.001395 -0.086115 -0.000731
186 22.611549 -0.000005 -0.000023 -0.015149 -0.135757 -0.079299
187 22.692009 0.000005 0.000000 -0.035260 0.323802 -0.083103
188 22.687656 0.000010 -0.000004 -0.039943 0.319839 -0.085886
189 -1.900833 -5.333257 -10.470070 2.601403 0.305546 -0.153178
190 21.914322 0.000008 -0.000015 -0.024267 -0.010746 0.007792
191 22.319824 -0.000020 -0.000008 -0.002227 -0.082964 -0.007914
192 22.569626 0.000007 -0.000038 0.041373 -0.138043 -0.019480
193 22.663239 -0.000016 0.000000 0.043839 0.324949 -0.001601
194 22.604523 0.000002 0.000000 0.033836 0.325868 -0.016256
195 -1.967285 -9.854565 -7.722440 2.161803 0.248066 -0.289766
196 21.272705 -0.000016 -0.000015 -0.025990 -0.015445 0.009916
197 22.032478 0.000004 -0.000031 -0.004040 -0.076402 -0.011608
198 22.475693 -0.000007 -0.000031 0.071139 -0.167594 0.023678
199 22.598705 0.000004 -0.000023 0.082129 0.297541 0.058510
200 22.407990 -0.000017 -0.000023 0.077057 0.312231 0.040111
201 -1.972565 -12.875609 -3.614562 1.827110 0.155326 -0.386831
202 20.655167 0.000010 -0.000023 -0.014659 -0.017050 0.006451
203 21.762276 -0.000007 -0.000015 -0.005914 -0.069011 -0.012651
204 22.392166 -0.000004 -0.000038 0.079541 -0.205498 0.050180
205 22.541328 -0.000006 -0.000023 0.072863 0.194117 0.076287
206 22.217506 -0.000004 -0.000015 0.067514 0.275050 0.082555
207 0.059621 0.456168 0.250107 0.000000 -0.000000 0.000000
208 0.059621 0.456168 0.250107 0.000000 -0.000000 0.000000
time 36
  0 0.059621 0.456168 0.250107 0.000000 -0.000000 0.000000
  1 0.059621 0.456168 0.250107 0.000000 -0.000000 0.000000
  2 0.059621 0.456168 0.250107 0.000000 -0.000000 0.000000
  3 0.059621 0.456168 0.250107 0.000000 -0.000000 0.000000
  4 0.059621 0.456168 0.250107 0.000000 -0.000000 0.000000
  5 0.059621 0.456168 0.250107 0.000000 -0.000000 0.000000
  6 0.059621 0.456168 0.250107 0.000000 -0.000000 0.000000
  7 0.059621 0.456168 0.250107 0.000000 -0.000000 0.000000
  8 0.059621 0.456168 0.250107 0.000000 -0.000000 0.000000
  9 0.059621 0.456168 0.250107 0.000000 -0.000000 0.000000
 10 -8.512997 90.509132 177.415253 -1.270733 -0.276349 2.889270
 11 24.668251 0.000015 -0.000038 1.071786 -0.459422 -0.037321
 12 30.380150 0.000015 0.000008 1.559603 0.114524 0.597894
 13 19.902100 0.000000 -0.000031 0.217369 -0.814688 -0.441524
 14 93.196762 -39.745861 107.458252 1.290615 0.457866 0.748682
 15 35.349506 0.000008 0.000008 -1.347912 0.025010 -0.274977
 16 37.124329 -0.000015 -0.000023 -1.390408 0.399392 0.397550
 17 0.059621 0.456168 0.250107 0.064768 -0.005215 -0.156772
 18 0.059621 0.456168 102.800636 1.570796 1.570796 0.000000
 19 -65.799553 -0.000020 1.142855 0.000000 0.000515 3.141077
 20 11.181580 0.005760 -0.002411 0.000000 0.254797 0.000515
 21 27.835159 -0.000000 0.000015 -3.141592 -0.129896 -0.000000
 22 5.330383 -0.000001 0.000000 -3.070342 -0.010244 -0.056947
 23 10.134903 -4.133395 3.834198 -0.512621 -1.051045 -2.685678
 24 10.134903 4.133396 3.834198 0.512641 -1.051039 2.685661
 25 22.592377 0.000006 17.467113 -0.000010 2.956431 0.000000
 26 21.200012 -7.744010 14.169518 -0.644457 -0.154503 -3.025319
 27 18.142014 -13.440227 7.965771 1.248820 -0.356732 3.018647
 28 21.199982 7.744017 14.169498 0.644460 -0.154503 3.025318
 29 18.141998 13.440231 7.965771 -0.316157 -0.180196 -3.082644
 30 11.858887 -13.360000 3.526512 1.542249 3.132957 0.174415
 31 9.463303 -16.404865 -2.906044 1.542282 3.132901 0.176490
 32 9.125275 -10.885474 -11.371326 0.000496 2.962373 0.000256
 33 11.858856 13.360000 3.526472 -1.542248 3.132957 -0.174414
 34 9.463272 16.404861 -2.906025 -1.542281 3.132900 -0.176490
 35 9.125275 10.885468 -11.371305 -0.000492 2.962373 0.000256
 36 9.023239 -0.000005 -17.296173 0.000180 -0.167048 -3.141356
 37 12.691422 -0.000005 -19.438763 0.000000 2.326613 0.000000
 38 10.989426 0.000004 0.000000 0.000000 -0.796999 0.000000
 39 12.871460 -10.586841 -15.652472 1.161627 2.777169 0.667609
 40 10.727005 0.000010 -0.000015 -0.059999 -0.806862 0.059421
 41 12.871460 10.586836 -15.652470 -1.165625 2.777169 -0.667608
 42 10.726974 -0.000024 0.000015 0.060000 -0.806862 -0.059421
 43 12.847214 -17.570084 -4.701340 1.387050 2.935079 0.798382
 44 11.496490 0.000010 -0.000046 -0.117226 -0.764753 0.121513
 45 12.847183 17.570076 -4.701359 -1.389838 2.935079 -0.798381
 46 11.496475 -0.000002 -0.000031 0.117226 -0.764753 -0.121512
 47 28.485962 0.000007 16.460358 -0.000001 -0.281060 0.000000
 48 23.052750 -6.207911 -0.077290 -1.470206 0.035100 -1.833545
 49 9.436905 -0.000008 0.000000 0.010287 0.656566 0.003503
 50 31.269341 0.000010 -0.000015 -0.006701 -0.307048 0.008666
 51 28.756516 0.000008 -0.000046 -0.001117 -0.115662 0.001416
 52 2.251987 -2.464409 -1.141647 0.481305 0.508197 -0.319329
 53 3.674042 -0.000015 0.000031 -0.277611 0.179024 0.194713
 54 3.614693 0.000015 0.000000 0.013156 0.193871 -0.001558
 55 9.035503 -2.494946 0.484528 -0.001362 0.302449 0.001673
 56 2.943577 0.000002 -0.000015 0.010585 0.293657 -0.007800
 57 2.649429 0.000000 0.000015 -0.006498 0.303243 0.008512
 58 9.093620 -0.386671 0.647705 0.020190 0.475379 -0.012607
 59 3.451897 0.000002 0.000000 -0.014209 0.528778 0.009212
 60 2.898193 0.000000 0.000031 -0.000683 0.490858 0.000916
 61 8.894581 1.605852 0.371872 -0.000566 0.547851 0.000704
 62 3.130394 0.000000 0.000031 0.003896 0.567158 -0.005064
 63 2.629532 0.000000 -0.000042 0.004892 0.544388 -0.006589
 64 8.470619 3.459526 0.131470 -0.021715 0.541478 0.011456
 65 2.410255 0.000000 -0.000061 0.022815 0.529939 -0.013321
 66 2.000793 0.000004 0.000000 -0.005415 0.533618 0.007402
 67 23.052765 6.207909 -0.077309 1.481823 0.058643 2.080206
 68 9.436897 0.000021 -0.000015 0.151662 0.418551 0.413166
 69 31.269348 -0.000015 -0.000038 0.211306 0.264793 1.883363
 70 28.756508 0.000000 0.000015 0.275657 0.266601 -0.008494
 71 2.251892 2.464386 -1.141563 -0.513217 0.249535 0.112914
 72 3.674084 0.000008 -0.000015 0.331388 -0.059506 -0.325011
 73 3.614681 0.000008 0.000015 0.067360 -0.216133 -0.086857
 74 9.035416 2.494949 0.484428 0.001362 -0.011534 -0.001673
 75 2.943565 0.000000 -0.000031 -0.011498 -0.020268 0.014556
 76 2.649445 -0.000015 0.000023 0.006498 -0.010740 -0.008512
 77 9.093689 0.386658 0.647781 -0.018031 0.093461 0.020165
 78 3.451855 0.000000 0.000000 0.014953 0.008589 -0.019838
 79 2.898201 0.000000 -0.000008 0.000683 -0.029445 -0.000917
 80 8.894409 -1.605865 0.371910 0.000566 0.090541 -0.000704
 81 3.130428 0.000000 -0.000038 -0.003896 -0.009289 0.005063
 82 2.629520 0.000015 0.000023 -0.004892 -0.032059 0.006589
 83 8.470604 -3.459534 0.131393 0.018786 0.137518 -0.020073
 84 2.410282 0.000015 -0.000015 -0.024238 -0.029075 0.031299
 85 2.000751 0.000000 0.000015 0.005415 -0.025697 -0.007402
 86 9.832344 1.463058 -1.299431 0.016523 -0.031798 -0.020624
 87 25.040588 -5.670406 5.432793 -1.326194 -0.239503 -2.076413
 88 28.779694 -6.856310 -0.811420 -1.465418 0.012777 -1.665911
 89 29.182281 -3.955567 -4.961964 0.915614 2.516045 0.561960
 90 25.040558 5.670406 5.432751 1.322119 -0.413719 2.122653
 91 28.779739 6.856310 -0.811401 1.465418 0.012778 1.665915
 92 29.182281 3.955564 -4.961937 -0.915614 2.516043 -0.561961
 93 -65.335655 -0.000020 1.140918 -3.141591 0.044911 0.000000
 94 26.290924 -12.205289 1.157882 -2.071447 -0.017454 0.065112
 95 49.071030 0.000008 0.000009 2.179705 0.127556 -0.112856
 96 61.871307 -0.000015 -0.000021 3.080256 0.672597 0.035641
 97 26.290924 12.205294 1.157842 2.044502 0.127786 -0.159169
 98 49.071060 0.000004 -0.000038 -2.187262 0.154733 0.063501
 99 61.871300 0.000023 -0.000027 -2.944714 0.642381 0.102745
100 -0.698059 -11.192117 -8.252763 1.307600 -0.128866 -0.946227
101 20.568222 -0.000002 -0.000015 0.009877 -0.123598 -0.143935
102 0.223785 -5.734809 -12.929605 -2.916394 0.818601 0.159042
103 20.803558 0.000001 -0.000038 0.065784 -0.273174 -0.048912
104 -1.040009 -3.033968 12.140509 1.554517 0.104601 -1.288764
105 -1.039993 3.034004 12.140501 -1.554518 0.104604 1.288764
106 4.165451 -5.407045 12.088390 0.854937 -0.629941 -0.629908
107 16.599442 0.000000 -0.000031 -0.047935 -0.051683 0.045016
108 4.165482 5.407080 12.088381 -0.784867 -0.519606 0.530537
109 16.599380 0.000008 -0.000031 0.047429 0.086002 -0.037358
110 6.428391 0.000001 -0.288944 -0.000001 -0.000000 -0.000000
111 -1.833771 -13.936461 1.224504 1.552448 0.040995 -0.420999
112 20.406960 -0.000002 -0.000015 0.000000 -0.016932 0.000000
113 21.655502 -0.000002 -0.000015 -0.007038 -0.062847 -0.012396
114 22.360664 -0.000002 -0.000023 0.074630 -0.247468 0.067945
115 22.519650 -0.000005 -0.000008 0.053594 0.113294 0.096322
116 22.140381 -0.000006 -0.000023 0.021895 0.185240 0.098594
117 -1.699203 -12.875612 4.918509 1.116385 -0.148284 -0.380891
118 20.938599 0.000013 0.000000 0.034482 -0.012972 -0.016104
119 21.993614 -0.000005 -0.000053 0.006155 -0.056958 -0.016689
120 22.563782 -0.000011 0.000000 0.067844 -0.318768 0.066416
121 22.643345 0.000001 -0.000046 0.030795 0.036198 0.096953
122 22.238056 -0.000010 -0.000031 -0.016159 0.091499 0.104100
123 -1.634338 -9.854568 8.052346 0.714077 -0.292095 -0.280759
124 22.205299 0.000001 -0.000023 0.042841 -0.006102 -0.020254
125 22.804390 -0.000005 -0.000046 0.011598 -0.053139 -0.015153
126 23.051666 0.000006 0.000000 0.054565 -0.383268 0.042137
127 22.939983 0.000006 -0.000046 0.017456 -0.035909 0.069666
128 22.472065 0.000001 -0.000031 -0.021230 0.006711 0.082359
129 -1.616135 -5.333254 10.147437 0.347094 -0.374743 -0.146641
130 23.451302 -0.000001 -0.000023 0.027042 -0.001892 -0.012901
131 23.608025 -0.000003 -0.000031 0.008070 -0.051748 -0.008223
132 23.536232 -0.000002 -0.000038 0.039924 -0.429380 0.002858
133 23.233967 0.000004 0.000015 0.016737 -0.087130 0.022981
134 22.703671 0.000008 -0.000023 -0.001707 -0.049543 0.033752
135 -1.614517 -0.000000 10.883349 -0.000000 -0.400842 0.000000
136 23.962143 0.000001 -0.000038 0.000000 -0.000699 -0.000000
137 23.938965 -0.000003 0.000008 -0.000517 -0.051757 0.001479
138 23.736031 -0.000003 -0.000031 0.023088 -0.297614 -0.040194
139 23.354980 0.000006 -0.000046 0.021017 -0.068629 -0.033363
140 22.798931 -0.000009 -0.000031 0.026709 -0.073230 -0.029116
141 -1.616135 5.333250 10.147422 -0.347094 -0.374742 0.146641
142 23.451309 -0.000006 0.000000 -0.027042 -0.001892 0.012901
143 23.608025 -0.000002 -0.000038 -0.009172 -0.052507 0.011060
144 23.536247 -0.000001 -0.000015 0.005875 -0.449109 -0.091009
145 23.233967 -0.000015 -0.000023 0.021235 -0.062580 -0.096470
146 22.703663 0.000016 -0.000015 0.052144 -0.064735 -0.093774
147 -1.634338 9.854564 8.052344 -0.714078 -0.292096 0.280760
148 22.205254 0.000003 -0.000008 -0.042841 -0.006101 0.020254
149 22.804451 0.000002 -0.000076 -0.012908 -0.054599 0.017606
150 23.051636 -0.000007 -0.000015 -0.015307 -0.421214 -0.136912
151 22.939968 -0.000003 -0.000023 0.007492 -0.027446 -0.153985
152 22.472065 0.000010 -0.000046 0.059910 -0.023825 -0.160743
153 -1.699203 12.875607 4.918525 -1.116385 -0.148284 0.380891
154 20.938591 0.000019 -0.000008 -0.034482 -0.012973 0.016104
155 21.993584 -0.000005 -0.000061 -0.012521 -0.003068 0.005924
156 22.563812 0.000001 -0.000023 -0.040658 -0.370906 -0.170944
157 22.643349 0.000010 -0.000038 -0.025168 0.031932 -0.197486
158 22.238029 0.000000 -0.000023 0.033946 0.043473 -0.205902
159 -1.833771 13.936457 1.224504 -1.552447 0.040994 0.420999
160 20.406960 0.000005 -0.000046 -0.000000 -0.016932 -0.000000
161 21.655518 0.000009 -0.000008 -0.000000 -0.003038 0.000000
162 22.360649 0.000002 -0.000023 -0.064138 -0.306021 -0.185591
163 22.519669 0.000008 -0.000015 -0.072791 0.132957 -0.221230
164 22.140373 0.000008 -0.000008 -0.034412 0.141218 -0.201588
165 -1.972580 12.875608 -3.614555 -1.827109 0.155326 0.386830
166 20.655167 0.000007 -0.000015 0.014659 -0.017050 -0.006451
167 21.762260 0.000003 -0.000023 0.003577 -0.070468 0.013000
168 22.392151 0.000011 -0.000015 -0.081932 -0.263360 -0.176720
169 22.541340 0.000010 -0.000031 -0.115789 0.176570 -0.230073
170 22.217499 0.000008 -0.000015 -0.095764 0.190377 -0.203154
171 -1.967316 9.854566 -7.722432 -2.161803 0.248066 0.289766
172 21.272720 0.000003 -0.000008 0.025990 -0.015445 -0.009916
173 22.032524 0.000022 -0.000053 0.001460 -0.077572 0.011241
174 22.475662 0.000000 -0.000015 -0.084939 -0.218370 -0.162176
175 22.598717 0.000008 -0.000015 -0.133613 0.226102 -0.210346
176 22.407978 0.000019 -0.000023 -0.120733 0.243312 -0.174847
177 -1.900848 5.333252 -10.470076 -2.601403 0.305546 0.153178
178 21.914307 0.000006 -0.000023 0.024266 -0.010747 -0.007792
179 22.319847 -0.000009 -0.000008 -0.000511 -0.083452 0.006808
180 22.569626 -0.000002 -0.000015 -0.065283 -0.170061 -0.132283
181 22.663216 0.000022 -0.000031 -0.111462 0.275516 -0.165545
182 22.604523 0.000019 -0.000023 -0.101316 0.280427 -0.134269
183 -1.865585 -0.000002 -11.435440 -3.141592 0.324581 -0.000000
184 22.186676 -0.000004 -0.000008 0.000000 -0.007676 0.000000
185 22.443726 -0.000003 -0.000008 -0.001377 -0.085479 -0.000722
186 22.611542 -0.000005 -0.000023 -0.015148 -0.134791 -0.079299
187 22.692017 0.000005 -0.000008 -0.035174 0.311241 -0.082547
188 22.687660 0.000011 -0.000008 -0.039955 0.307249 -0.085632
189 -1.900848 -5.333257 -10.470070 2.601403 0.305546 -0.153178
190 21.914322 0.000008 -0.000015 -0.024267 -0.010746 0.007792
191 22.319824 -0.000020 -0.000008 -0.002194 -0.082343 -0.007898
192 22.569633 0.000005 -0.000038 0.041415 -0.137110 -0.019356
193 22.663235 -0.000018 -0.000015 0.043730 0.312255 -0.001995
194 22.604530 0.000003 -0.000004 0.033760 0.313185 -0.016568
195 -1.967285 -9.854566 -7.722440 2.161803 0.248066 -0.289766
196 21.272705 -0.000016 -0.000008 -0.025990 -0.015445 0.009916
197 22.032478 0.000004 -0.000038 -0.004009 -0.075790 -0.011600
198 22.475685 -0.000008 -0.000038 0.071205 -0.166723 0.023867
199 22.598705 0.000002 -0.000031 0.081939 0.284597 0.057801
200 22.407986 -0.000013 -0.000015 0.076872 0.299322 0.039437
201 -1.972580 -12.875610 -3.614562 1.827110 0.155326 -0.386831
202 20.655182 0.000010 -0.000023 -0.014659 -0.017050 0.006451
203 21.762268 -0.000007 -0.000008 -0.005885 -0.068403 -0.012640
204 22.392166 -0.000003 -0.000038 0.079619 -0.204685 0.050387
205 22.541336 -0.000007 -0.000031 0.072948 0.183768 0.075842
206 22.217506 -0.000006 -0.000015 0.067365 0.261603 0.081946
207 0.059621 0.456168 0.250107 0.000000 -0.000000 0.000000
208 0.059621 0.456168 0.250107 0.000000 -0.000000 0.000000
time 37
  0 0.059621 0.456168 0.250107 0.000000 -0.000000 0.000000
  1 0.059621 0.456168 0.250107 0.000000 -0.000000 0.000000
  2 0.059621 0.456168 0.250107 0.000000 -0.000000 0.000000
  3 0.059621 0.456168 0.250107 0.000000 -0.000000 0.000000
  4 0.059621 0.456168 0.250107 0.000000 -0.000000 0.000000
  5 0.059621 0.456168 0.250107 0.000000 -0.000000 0.000000
  6 0.059621 0.456168 0.250107 0.000000 -0.000000 0.000000
  7 0.059621 0.456168 0.250107 0.000000 -0.000000 0.000000
  8 0.059621 0.456168 0.250107 0.000000 -0.000000 0.000000
  9 0.059621 0.456168 0.250107 0.000000 -0.000000 0.000000
 10 0.855930 96.384483 174.085709 -1.270497 -0.280202 2.784066
 11 24.668243 0.000015 -0.000038 1.020098 -0.303719 -0.065829
 12 30.380142 0.000000 0.000008 1.498735 0.246807 0.299215
 13 19.902084 0.000008 -0.000015 0.231354 -0.830649 -0.460518
 14 89.491409 -47.325710 107.458252 1.290288 0.428236 0.696671
 15 35.349506 0.000015 0.000015 -1.352628 0.037051 -0.281960
 16 37.124321 0.000000 -0.000023 -1.376984 0.451633 0.399344
 17 0.059621 0.456168 0.250107 0.064768 -0.005215 -0.156772
 18 0.059621 0.456168 101.506325 1.570796 1.570796 0.000000
 19 -65.799553 -0.000020 1.142855 0.000000 0.000515 3.141077
 20 11.181580 0.005760 -0.002411 0.000000 0.254797 0.000515
 21 27.835175 -0.000000 0.000015 -3.141592 -0.129896 -0.000000
 22 5.330383 -0.000001 -0.000004 -3.070406 -0.010726 -0.050222
 23 10.134888 -4.133392 3.834200 -0.523218 -1.061556 -2.673494
 24 10.134888 4.133397 3.834200 0.523238 -1.061550 2.673476
 25 22.592346 0.000008 17.467113 -0.000010 2.956431 0.000000
 26 21.199982 -7.744007 14.169518 -0.644457 -0.154503 -3.025319
 27 18.142029 -13.440226 7.965775 1.246804 -0.339333 3.024955
 28 21.199966 7.744020 14.169498 0.644460 -0.154503 3.025318
 29 18.141998 13.440234 7.965773 -0.316157 -0.180196 -3.082644
 30 11.858856 -13.359997 3.526512 1.542249 3.132957 0.174415
 31 9.463272 -16.404865 -2.906044 1.542282 3.132901 0.176490
 32 9.125244 -10.885473 -11.371328 0.000496 2.962373 0.000256
 33 11.858841 13.360003 3.526472 -1.542248 3.132957 -0.174414
 34 9.463257 16.404863 -2.906025 -1.542281 3.132900 -0.176490
 35 9.125275 10.885470 -11.371305 -0.000492 2.962373 0.000256
 36 9.023224 -0.000003 -17.296175 0.000180 -0.167048 -3.141356
 37 12.691406 -0.000003 -19.438765 0.000000 2.345004 0.000000
 38 10.989426 0.000003 -0.000015 0.000000 -0.774126 0.000000
 39 12.871460 -10.586840 -15.652472 1.156731 2.784917 0.649836
 40 10.727005 0.000008 -0.000031 -0.059445 -0.784019 0.058157
 41 12.871445 10.586841 -15.652473 -1.161223 2.784917 -0.649836
 42 10.726974 -0.000022 0.000015 0.059446 -0.784020 -0.058157
 43 12.847229 -17.570080 -4.701340 1.384371 2.938745 0.779990
 44 11.496506 0.000008 -0.000031 -0.116254 -0.741984 0.119097
 45 12.847183 17.570080 -4.701361 -1.387504 2.938745 -0.779990
 46 11.496460 0.000000 -0.000015 0.116254 -0.741984 -0.119097
 47 28.485947 0.000009 16.460358 -0.000001 -0.269433 0.000000
 48 23.052750 -6.207911 -0.077290 -1.470206 0.035100 -1.833545
 49 9.436901 -0.000008 -0.000015 0.010287 0.649885 0.003503
 50 31.269325 0.000011 -0.000031 -0.006701 -0.302642 0.008666
 51 28.756512 0.000008 -0.000031 -0.001117 -0.113500 0.001416
 52 2.251987 -2.464409 -1.141647 0.481305 0.508197 -0.319329
 53 3.674042 -0.000011 0.000015 -0.277611 0.179024 0.194713
 54 3.614700 0.000011 0.000000 0.013156 0.193871 -0.001558
 55 9.035503 -2.494946 0.484543 -0.001362 0.302449 0.001673
 56 2.943588 0.000000 -0.000015 0.010585 0.293657 -0.007800
 57 2.649445 0.000002 0.000000 -0.006498 0.303243 0.008512
 58 9.093624 -0.386673 0.647690 0.020190 0.475379 -0.012607
 59 3.451904 0.000002 0.000000 -0.014209 0.528778 0.009212
 60 2.898178 -0.000002 0.000031 -0.000683 0.490858 0.000916
 61 8.894588 1.605850 0.371887 -0.000566 0.547851 0.000704
 62 3.130386 0.000000 0.000046 0.003896 0.567158 -0.005064
 63 2.629532 0.000000 -0.000042 0.004892 0.544389 -0.006589
 64 8.470627 3.459526 0.131470 -0.021715 0.541478 0.011455
 65 2.410271 0.000002 -0.000046 0.022815 0.529939 -0.013321
 66 2.000793 0.000002 0.000008 -0.005415 0.533618 0.007402
 67 23.052765 6.207910 -0.077309 1.481823 0.058643 2.080206
 68 9.436897 0.000021 -0.000015 0.151662 0.418551 0.413166
 69 31.269348 -0.000015 -0.000038 0.235814 0.269111 1.885421
 70 28.756500 -0.000015 0.000000 0.280784 0.296910 0.004443
 71 2.251896 2.464401 -1.141563 -0.513217 0.249535 0.112914
 72 3.674091 0.000004 -0.000031 0.331388 -0.059506 -0.325011
 73 3.614681 -0.000015 0.000031 0.067360 -0.216133 -0.086857
 74 9.035419 2.494949 0.484428 0.001362 -0.011534 -0.001673
 75 2.943565 0.000000 -0.000031 -0.011497 -0.020268 0.014556
 76 2.649445 0.000000 0.000015 0.006498 -0.010740 -0.008512
 77 9.093689 0.386673 0.647781 -0.018031 0.093461 0.020165
 78 3.451862 -0.000015 0.000008 0.014953 0.008589 -0.019838
 79 2.898201 0.000015 0.000000 0.000683 -0.029445 -0.000917
 80 8.894417 -1.605850 0.371918 0.000566 0.090541 -0.000704
 81 3.130428 0.000000 -0.000038 -0.003896 -0.009289 0.005063
 82 2.629520 0.000015 0.000015 -0.004892 -0.032059 0.006589
 83 8.470608 -3.459518 0.131401 0.018786 0.137518 -0.020073
 84 2.410278 0.000000 -0.000015 -0.024238 -0.029075 0.031299
 85 2.000751 0.000015 0.000023 0.005415 -0.025697 -0.007402
 86 9.832348 1.463058 -1.299423 0.016523 -0.031798 -0.020624
 87 25.040588 -5.670405 5.432789 -1.324775 -0.238026 -2.082442
 88 28.779709 -6.856310 -0.811424 -1.465500 0.013412 -1.671921
 89 29.182297 -3.955567 -4.961967 0.912204 2.519755 0.556096
 90 25.040558 5.670407 5.432747 1.319564 -0.412208 2.129037
 91 28.779755 6.856310 -0.811405 1.465500 0.013413 1.671925
 92 29.182297 3.955564 -4.961945 -0.912204 2.519753 -0.556097
 93 -65.335655 -0.000020 1.140918 -3.141591 0.044911 0.000000
 94 26.290924 -12.205288 1.157882 -2.071447 -0.017454 0.065112
 95 49.071037 0.000007 0.000009 2.179705 0.127556 -0.112856
 96 61.871307 -0.000015 -0.000021 3.080256 0.672597 0.035641
 97 26.290924 12.205295 1.157842 2.044502 0.127786 -0.159169
 98 49.071053 0.000004 -0.000038 -2.187262 0.154733 0.063501
 99 61.871300 0.000023 -0.000027 -2.944714 0.642381 0.102745
100 -0.698074 -11.192117 -8.252762 1.307435 -0.126809 -0.940538
101 20.568230 0.000000 0.000000 0.009892 -0.116012 -0.144097
102 0.223770 -5.734810 -12.929604 -2.916675 0.813276 0.158642
103 20.803566 0.000001 -0.000038 0.065806 -0.268408 -0.048800
104 -1.040024 -3.033967 12.140510 1.554517 0.104601 -1.288764
105 -1.040009 3.034004 12.140500 -1.554518 0.104604 1.288764
106 4.165451 -5.407045 12.088389 0.854937 -0.629941 -0.629908
107 16.599434 0.000000 -0.000015 -0.047935 -0.051683 0.045016
108 4.165466 5.407080 12.088382 -0.788270 -0.525012 0.537427
109 16.599388 0.000008 -0.000031 0.047496 0.078042 -0.037805
110 6.428375 0.000001 -0.288944 -0.000001 -0.000000 -0.000000
111 -1.833771 -13.936460 1.224504 1.552448 0.040995 -0.420999
112 20.406944 -0.000002 -0.000015 0.000000 -0.016932 0.000000
113 21.655502 -0.000002 -0.000015 -0.006955 -0.060961 -0.012347
114 22.360672 -0.000002 -0.000023 0.074849 -0.245818 0.068509
115 22.519653 -0.000004 -0.000015 0.053875 0.102915 0.096348
116 22.140385 -0.000008 -0.000023 0.021895 0.169512 0.098594
117 -1.699203 -12.875611 4.918508 1.116385 -0.148284 -0.380891
118 20.938583 0.000013 0.000000 0.034482 -0.012972 -0.016104
119 21.993607 -0.000005 -0.000053 0.006230 -0.055001 -0.016641
120 22.563797 -0.000010 0.000000 0.068017 -0.317608 0.066903
121 22.643349 0.000001 -0.000038 0.031072 0.025601 0.097066
122 22.238049 -0.000006 -0.000031 -0.016195 0.075789 0.104838
123 -1.634338 -9.854567 8.052347 0.714077 -0.292095 -0.280759
124 22.205299 0.000001 -0.000023 0.042841 -0.006102 -0.020254
125 22.804390 -0.000005 -0.000046 0.011661 -0.051339 -0.015114
126 23.051659 0.000004 0.000000 0.054692 -0.382468 0.042486
127 22.939983 0.000007 -0.000046 0.017673 -0.046655 0.069746
128 22.472057 0.000004 -0.000038 -0.021297 -0.009000 0.083080
129 -1.616135 -5.333253 10.147438 0.347094 -0.374743 -0.146641
130 23.451302 -0.000000 -0.000023 0.027042 -0.001892 -0.012901
131 23.608017 -0.000003 -0.000031 0.008121 -0.050034 -0.008202
132 23.536240 -0.000001 -0.000031 0.039997 -0.428776 0.003027
133 23.233963 0.000006 0.000015 0.016871 -0.097954 0.022838
134 22.703674 0.000012 -0.000015 -0.001707 -0.065271 0.033752
135 -1.614517 -0.000000 10.883350 -0.000000 -0.400842 0.000000
136 23.962135 0.000001 -0.000038 0.000000 -0.000699 -0.000000
137 23.938965 -0.000003 0.000008 -0.000498 -0.050061 0.001425
138 23.736038 -0.000003 -0.000031 0.023157 -0.308454 -0.040522
139 23.354973 0.000006 -0.000038 0.021122 -0.084349 -0.033852
140 22.798935 -0.000008 -0.000031 0.026744 -0.088952 -0.029537
141 -1.616135 5.333251 10.147423 -0.347094 -0.374742 0.146641
142 23.451309 -0.000006 -0.000008 -0.027042 -0.001892 0.012901
143 23.608025 -0.000002 -0.000038 -0.009182 -0.050765 0.010950
144 23.536247 -0.000001 -0.000023 0.005858 -0.448438 -0.091218
145 23.233971 -0.000017 -0.000023 0.021251 -0.078305 -0.096805
146 22.703674 0.000012 -0.000008 0.052184 -0.080442 -0.094597
147 -1.634338 9.854565 8.052345 -0.714078 -0.292096 0.280760
148 22.205254 0.000003 0.000000 -0.042841 -0.006101 0.020254
149 22.804451 0.000002 -0.000076 -0.012926 -0.052746 0.017498
150 23.051636 -0.000006 0.000000 -0.015377 -0.420289 -0.137293
151 22.939968 -0.000002 -0.000023 0.007492 -0.043174 -0.153986
152 22.472069 0.000005 -0.000046 0.060128 -0.039458 -0.162449
153 -1.699203 12.875607 4.918524 -1.116385 -0.148284 0.380891
154 20.938591 0.000019 0.000000 -0.034482 -0.012973 0.016104
155 21.993599 -0.000005 -0.000069 -0.012521 -0.003068 0.005924
156 22.563812 0.000001 -0.000023 -0.040770 -0.369586 -0.171447
157 22.643356 0.000013 -0.000046 -0.025161 0.016210 -0.197228
158 22.238029 0.000004 -0.000023 0.034035 0.027816 -0.207387
159 -1.833771 13.936458 1.224504 -1.552447 0.040994 0.420999
160 20.406960 0.000005 -0.000046 -0.000000 -0.016932 -0.000000
161 21.655518 0.000009 -0.000008 -0.000000 -0.003038 0.000000
162 22.360664 0.000002 -0.000023 -0.064290 -0.303815 -0.186170
163 22.519665 0.000006 -0.000015 -0.072717 0.119516 -0.220574
164 22.140381 0.000008 -0.000008 -0.034508 0.126940 -0.201968
165 -1.972565 12.875609 -3.614555 -1.827109 0.155326 0.386830
166 20.655167 0.000007 -0.000015 0.014659 -0.017050 -0.006451
167 21.762260 0.000003 -0.000015 0.003551 -0.068527 0.012960
168 22.392159 0.000011 -0.000023 -0.082094 -0.261016 -0.177344
169 22.541340 0.000011 -0.000038 -0.115617 0.163016 -0.229055
170 22.217491 0.000004 -0.000023 -0.095951 0.176214 -0.202764
171 -1.967316 9.854567 -7.722432 -2.161803 0.248066 0.289766
172 21.272720 0.000003 -0.000008 0.025990 -0.015445 -0.009916
173 22.032516 0.000022 -0.000053 0.001440 -0.075697 0.011202
174 22.475655 0.000004 -0.000023 -0.085078 -0.215872 -0.162747
175 22.598717 0.000004 -0.000023 -0.133356 0.212868 -0.208989
176 22.407976 0.000015 -0.000023 -0.120477 0.230038 -0.173623
177 -1.900833 5.333252 -10.470076 -2.601403 0.305546 0.153178
178 21.914307 0.000006 -0.000019 0.024266 -0.010747 -0.007792
179 22.319847 -0.000009 -0.000004 -0.000518 -0.081594 0.006779
180 22.569626 -0.000000 -0.000023 -0.065369 -0.167410 -0.132664
181 22.663208 0.000024 -0.000031 -0.111200 0.262481 -0.164268
182 22.604527 0.000021 -0.000031 -0.101068 0.267359 -0.133081
183 -1.865570 -0.000002 -11.435440 -3.141592 0.324581 -0.000000
184 22.186676 -0.000004 -0.000015 0.000000 -0.007676 0.000000
185 22.443726 -0.000003 -0.000011 -0.001327 -0.083656 -0.000695
186 22.611534 -0.000005 -0.000015 -0.015145 -0.132071 -0.079301
187 22.692017 0.000005 -0.000008 -0.035080 0.298236 -0.081989
188 22.687653 0.000010 -0.000004 -0.039967 0.294218 -0.085377
189 -1.900833 -5.333256 -10.470070 2.601403 0.305546 -0.153178
190 21.914322 0.000008 -0.000015 -0.024267 -0.010746 0.007792
191 22.319824 -0.000020 -0.000004 -0.002100 -0.080563 -0.007847
192 22.569633 0.000008 -0.000046 0.041532 -0.134485 -0.019005
193 22.663246 -0.000017 -0.000008 0.043611 0.299134 -0.002428
194 22.604523 0.000003 -0.000008 0.033674 0.300072 -0.016908
195 -1.967285 -9.854565 -7.722440 2.161803 0.248066 -0.289766
196 21.272705 -0.000016 -0.000008 -0.025990 -0.015445 0.009916
197 22.032478 0.000004 -0.000031 -0.003918 -0.074041 -0.011565
198 22.475677 -0.000007 -0.000038 0.071393 -0.164270 0.024401
199 22.598705 0.000003 -0.000023 0.081733 0.271258 0.057017
200 22.407986 -0.000018 -0.000008 0.076669 0.286014 0.038693
201 -1.972565 -12.875609 -3.614562 1.827110 0.155326 -0.386831
202 20.655182 0.000010 -0.000015 -0.014659 -0.017050 0.006451
203 21.762276 -0.000007 -0.000008 -0.005796 -0.066672 -0.012595
204 22.392166 -0.000002 -0.000031 0.079839 -0.202397 0.050970
205 22.541332 -0.000007 -0.000031 0.073185 0.173638 0.075500
206 22.217503 -0.000004 -0.000015 0.067204 0.247819 0.081279
207 0.059621 0.456168 0.250107 0.000000 -0.000000 0.000000
208 0.059621 0.456168 0.250107 0.000000 -0.000000 0.000000
time 38
  0 0.059621 0.456168 0.250107 0.000000 -0.000000 0.000000
  1 0.059621 0.456168 0.250107 0.000000 -0.000000 0.000000
  2 0.059621 0.456168 0.250107 0.000000 -0.000000 0.000000
  3 0.059621 0.456168 0.250107 0.000000 -0.000000 0.000000
  4 0.059621 0.456168 0.250107 0.000000 -0.000000 0.000000
  5 0.059621 0.456168 0.250107 0.000000 -0.000000 0.000000
  6 0.059621 0.456168 0.250107 0.000000 -0.000000 0.000000
  7 0.059621 0.456168 0.250107 0.000000 -0.000000 0.000000
  8 0.059621 0.456168 0.250107 0.000000 -0.000000 0.000000
  9 0.059621 0.456168 0.250107 0.000000 -0.000000 0.000000
 10 9.600308 98.512833 171.474518 -1.270245 -0.281539 2.690928
 11 24.668243 0.000015 -0.000034 0.972658 -0.160815 -0.091994
 12 30.380142 -0.000015 0.000000 1.442869 0.368216 0.025086
 13 19.902084 -0.000015 0.000000 0.242180 -0.842727 -0.475153
 14 85.172966 -54.270535 107.458252 1.290036 0.384270 0.663526
 15 35.349514 0.000000 0.000015 -1.357356 0.048719 -0.288727
 16 37.124321 -0.000015 -0.000031 -1.360999 0.506068 0.400951
 17 0.059621 0.456168 0.250107 0.064768 -0.005215 -0.156772
 18 0.059621 0.456168 100.181709 1.570796 1.570796 0.000000
 19 -65.799553 -0.000020 1.142855 0.000000 0.000515 3.141077
 20 11.181580 0.005760 -0.002411 0.000000 0.254797 0.000515
 21 27.835175 -0.000000 0.000019 -3.141592 -0.129896 -0.000000
 22 5.330383 -0.000001 -0.000002 -3.070469 -0.011197 -0.043640
 23 10.134888 -4.133395 3.834202 -0.534326 -1.072041 -2.660797
 24 10.134888 4.133398 3.834202 0.534347 -1.072035 2.660779
 25 22.592361 0.000006 17.467115 -0.000010 2.956431 0.000000
 26 21.199982 -7.744012 14.169523 -0.644457 -0.154503 -3.025319
 27 18.142029 -13.440232 7.965776 1.244760 -0.321687 3.031352
 28 21.199951 7.744022 14.169497 0.644460 -0.154503 3.025318
 29 18.141998 13.440239 7.965775 -0.316157 -0.180196 -3.082644
 30 11.858871 -13.360002 3.526514 1.542249 3.132957 0.174415
 31 9.463272 -16.404869 -2.906042 1.542282 3.132901 0.176490
 32 9.125244 -10.885476 -11.371325 0.000496 2.962373 0.000256
 33 11.858856 13.360008 3.526474 -1.542248 3.132957 -0.174414
 34 9.463257 16.404869 -2.906023 -1.542281 3.132900 -0.176490
 35 9.125244 10.885477 -11.371305 -0.000492 2.962373 0.000256
 36 9.023239 -0.000003 -17.296171 0.000180 -0.167048 -3.141356
 37 12.691391 -0.000002 -19.438765 0.000000 2.363655 0.000000
 38 10.989410 0.000004 -0.000015 0.000000 -0.738778 0.000000
 39 12.871460 -10.586843 -15.652470 1.151619 2.792774 0.631813
 40 10.726990 0.000009 -0.000031 -0.058589 -0.748717 0.056203
 41 12.871445 10.586844 -15.652472 -1.156554 2.792774 -0.631812
 42 10.726990 -0.000023 0.000015 0.058590 -0.748718 -0.056203
 43 12.847198 -17.570087 -4.701338 1.381538 2.942463 0.761339
 44 11.496506 0.000008 -0.000031 -0.114752 -0.706797 0.115364
 45 12.847198 17.570084 -4.701357 -1.384979 2.942462 -0.761339
 46 11.496475 -0.000002 -0.000015 0.114751 -0.706797 -0.115364
 47 28.485947 0.000008 16.460360 -0.000001 -0.256842 0.000000
 48 23.052765 -6.207912 -0.077286 -1.470206 0.035100 -1.833545
 49 9.436909 -0.000006 -0.000015 0.010287 0.643052 0.003503
 50 31.269363 0.000011 -0.000031 -0.006701 -0.290305 0.008666
 51 28.756500 0.000006 -0.000015 -0.001117 -0.107445 0.001416
 52 2.251995 -2.464409 -1.141647 0.481305 0.508197 -0.319329
 53 3.674042 -0.000019 0.000015 -0.277611 0.179024 0.194713
 54 3.614700 0.000011 -0.000008 0.013156 0.193871 -0.001558
 55 9.035507 -2.494944 0.484558 -0.001362 0.302449 0.001673
 56 2.943588 0.000000 -0.000015 0.010585 0.293657 -0.007800
 57 2.649414 0.000000 0.000008 -0.006498 0.303243 0.008512
 58 9.093620 -0.386671 0.647720 0.020190 0.475380 -0.012607
 59 3.451897 0.000002 -0.000015 -0.014209 0.528778 0.009212
 60 2.898178 -0.000002 0.000038 -0.000683 0.490858 0.000916
 61 8.894588 1.605852 0.371902 -0.000566 0.547851 0.000704
 62 3.130402 0.000004 0.000031 0.003896 0.567158 -0.005064
 63 2.629547 0.000002 -0.000042 0.004892 0.544389 -0.006589
 64 8.470623 3.459526 0.131500 -0.021715 0.541478 0.011456
 65 2.410263 0.000000 -0.000061 0.022815 0.529939 -0.013321
 66 2.000793 0.000006 0.000008 -0.005415 0.533618 0.007402
 67 23.052780 6.207912 -0.077305 1.481823 0.058644 2.080206
 68 9.436897 0.000019 -0.000015 0.151662 0.418551 0.413166
 69 31.269348 -0.000008 -0.000031 0.260073 0.273385 1.887460
 70 28.756500 0.000015 0.000000 0.285944 0.327414 0.017462
 71 2.251892 2.464401 -1.141556 -0.513217 0.249535 0.112914
 72 3.674080 0.000004 -0.000015 0.331388 -0.059506 -0.325011
 73 3.614681 0.000008 0.000015 0.067360 -0.216133 -0.086857
 74 9.035416 2.494949 0.484421 0.001362 -0.011534 -0.001673
 75 2.943569 0.000000 -0.000031 -0.011497 -0.020268 0.014556
 76 2.649445 0.000000 0.000023 0.006498 -0.010740 -0.008512
 77 9.093689 0.386673 0.647781 -0.018031 0.093461 0.020165
 78 3.451862 0.000000 -0.000015 0.014953 0.008589 -0.019838
 79 2.898201 0.000015 -0.000008 0.000684 -0.029445 -0.000917
 80 8.894413 -1.605850 0.371910 0.000566 0.090541 -0.000704
 81 3.130432 0.000000 -0.000038 -0.003896 -0.009289 0.005063
 82 2.629517 0.000000 0.000015 -0.004892 -0.032059 0.006589
 83 8.470604 -3.459518 0.131393 0.018786 0.137518 -0.020073
 84 2.410278 0.000000 -0.000008 -0.024238 -0.029075 0.031299
 85 2.000751 0.000015 0.000023 0.005415 -0.025697 -0.007402
 86 9.832348 1.463074 -1.299431 0.016523 -0.031798 -0.020624
 87 25.040604 -5.670406 5.432793 -1.323348 -0.236540 -2.088509
 88 28.779709 -6.856312 -0.811420 -1.465583 0.014051 -1.677970
 89 29.182312 -3.955567 -4.961960 0.908772 2.523488 0.550195
 90 25.040588 5.670409 5.432755 1.316992 -0.410687 2.135462
 91 28.779755 6.856312 -0.811401 1.465583 0.014052 1.677974
 92 29.182297 3.955565 -4.961937 -0.908772 2.523487 -0.550195
 93 -65.335655 -0.000020 1.140918 -3.141591 0.044911 0.000000
 94 26.290924 -12.205288 1.157882 -2.071447 -0.017454 0.065112
 95 49.071030 0.000008 0.000009 2.179705 0.127556 -0.112856
 96 61.871311 -0.000015 -0.000021 3.080256 0.672597 0.035641
 97 26.290924 12.205295 1.157842 2.044502 0.127786 -0.159169
 98 49.071068 0.000004 -0.000038 -2.187262 0.154733 0.063501
 99 61.871300 0.000023 -0.000027 -2.944714 0.642381 0.102745
100 -0.698059 -11.192116 -8.252762 1.307138 -0.123631 -0.931627
101 20.568230 0.000000 0.000000 0.009915 -0.104288 -0.144347
102 0.223785 -5.734809 -12.929604 -2.917187 0.804897 0.157906
103 20.803574 0.000001 -0.000038 0.065840 -0.260841 -0.048605
104 -1.040009 -3.033968 12.140511 1.554517 0.104601 -1.288764
105 -1.039993 3.034004 12.140501 -1.554518 0.104604 1.288764
106 4.165451 -5.407045 12.088390 0.854937 -0.629941 -0.629908
107 16.599442 0.000000 -0.000031 -0.047935 -0.051683 0.045016
108 4.165482 5.407080 12.088381 -0.791870 -0.530734 0.544374
109 16.599380 0.000010 -0.000038 0.047561 0.069823 -0.038266
110 6.428391 0.000001 -0.288944 -0.000001 -0.000000 -0.000000
111 -1.833771 -13.936461 1.224504 1.552448 0.040995 -0.420999
112 20.406944 -0.000002 -0.000023 0.000000 -0.016932 0.000000
113 21.655495 -0.000002 -0.000015 -0.006813 -0.058025 -0.012243
114 22.360672 -0.000002 -0.000023 0.075187 -0.243233 0.069382
115 22.519653 -0.000004 -0.000015 0.054309 0.092711 0.096387
116 22.140388 -0.000006 -0.000023 0.021895 0.153870 0.098594
117 -1.699203 -12.875612 4.918509 1.116385 -0.148284 -0.380891
118 20.938583 0.000013 0.000000 0.034482 -0.012972 -0.016104
119 21.993614 -0.000005 -0.000061 0.006356 -0.051977 -0.016542
120 22.563789 -0.000010 -0.000008 0.068285 -0.315759 0.067656
121 22.643349 0.000001 -0.000046 0.031501 0.015068 0.097240
122 22.238052 -0.000003 -0.000031 -0.016234 0.060164 0.105572
123 -1.634338 -9.854568 8.052346 0.714077 -0.292095 -0.280759
124 22.205299 0.000001 -0.000023 0.042841 -0.006102 -0.020254
125 22.804390 -0.000005 -0.000038 0.011767 -0.048557 -0.015039
126 23.051659 0.000000 -0.000008 0.054888 -0.381160 0.043024
127 22.939983 0.000004 -0.000046 0.018008 -0.057415 0.069869
128 22.472057 0.000004 -0.000031 -0.021369 -0.024625 0.083796
129 -1.616135 -5.333253 10.147437 0.347094 -0.374743 -0.146641
130 23.451294 -0.000000 -0.000015 0.027042 -0.001892 -0.012901
131 23.608025 -0.000004 -0.000031 0.008202 -0.047384 -0.008164
132 23.536224 -0.000000 -0.000038 0.040110 -0.427763 0.003289
133 23.233967 0.000002 0.000015 0.017078 -0.108833 0.022732
134 22.703686 0.000010 -0.000015 -0.001707 -0.080912 0.033752
135 -1.614517 -0.000000 10.883349 -0.000000 -0.400842 0.000000
136 23.962143 0.000001 -0.000038 0.000000 -0.000699 -0.000000
137 23.938965 -0.000003 0.000000 -0.000469 -0.047440 0.001342
138 23.736031 -0.000003 -0.000023 0.023262 -0.319359 -0.040882
139 23.354973 0.000005 -0.000038 0.021229 -0.099983 -0.034339
140 22.798931 -0.000009 -0.000046 0.026778 -0.104588 -0.029955
141 -1.616135 5.333251 10.147424 -0.347094 -0.374742 0.146641
142 23.451309 -0.000006 -0.000008 -0.027042 -0.001892 0.012901
143 23.608025 -0.000002 -0.000038 -0.009202 -0.048073 0.010772
144 23.536240 0.000001 -0.000023 0.005832 -0.447325 -0.091541
145 23.233971 -0.000014 -0.000031 0.021268 -0.093943 -0.097139
146 22.703667 0.000014 -0.000008 0.052227 -0.096062 -0.095417
147 -1.634338 9.854564 8.052344 -0.714078 -0.292096 0.280760
148 22.205254 0.000003 0.000000 -0.042841 -0.006101 0.020254
149 22.804451 0.000002 -0.000076 -0.012963 -0.049882 0.017315
150 23.051636 -0.000008 0.000000 -0.015486 -0.418795 -0.137883
151 22.939976 0.000001 -0.000023 0.007492 -0.058816 -0.153986
152 22.472073 0.000003 -0.000031 0.060366 -0.055006 -0.164144
153 -1.699203 12.875607 4.918525 -1.116385 -0.148284 0.380891
154 20.938591 0.000019 0.000000 -0.034482 -0.012973 0.016104
155 21.993599 -0.000005 -0.000061 -0.012521 -0.003068 0.005924
156 22.563805 0.000001 -0.000023 -0.040943 -0.367496 -0.172224
157 22.643349 0.000011 -0.000046 -0.025154 0.000573 -0.196949
158 22.238029 0.000000 -0.000031 0.034131 0.012244 -0.208864
159 -1.833771 13.936457 1.224504 -1.552447 0.040994 0.420999
160 20.406975 0.000005 -0.000038 -0.000000 -0.016932 -0.000000
161 21.655502 0.000009 -0.000015 -0.000000 -0.003038 0.000000
162 22.360649 0.000002 -0.000015 -0.064524 -0.300404 -0.187064
163 22.519665 0.000004 -0.000015 -0.072637 0.105790 -0.219844
164 22.140377 0.000008 -0.000008 -0.034603 0.112510 -0.202345
165 -1.972580 12.875608 -3.614555 -1.827109 0.155326 0.386830
166 20.655167 0.000007 -0.000015 0.014659 -0.017050 -0.006451
167 21.762253 0.000003 -0.000023 0.003501 -0.065496 0.012869
168 22.392151 0.000010 -0.000015 -0.082344 -0.257392 -0.178309
169 22.541340 0.000011 -0.000031 -0.115432 0.149205 -0.227917
170 22.217495 0.000008 -0.000015 -0.096137 0.161880 -0.202342
171 -1.967316 9.854566 -7.722432 -2.161803 0.248066 0.289766
172 21.272720 0.000003 -0.000015 0.025990 -0.015445 -0.009916
173 22.032524 0.000022 -0.000053 0.001404 -0.072753 0.011117
174 22.475662 0.000000 -0.000023 -0.085292 -0.212011 -0.163629
175 22.598709 0.000006 -0.000015 -0.133078 0.199330 -0.207522
176 22.407980 0.000019 -0.000023 -0.120201 0.216463 -0.172298
177 -1.900848 5.333252 -10.470076 -2.601403 0.305546 0.153178
178 21.914322 0.000006 -0.000027 0.024266 -0.010747 -0.007792
179 22.319847 -0.000009 0.000000 -0.000531 -0.078663 0.006719
180 22.569626 -0.000000 -0.000015 -0.065502 -0.163313 -0.133253
181 22.663216 0.000022 -0.000031 -0.110916 0.249103 -0.162921
182 22.604519 0.000015 -0.000031 -0.100801 0.253950 -0.131834
183 -1.865585 -0.000002 -11.435440 -3.141592 0.324581 -0.000000
184 22.186676 -0.000004 -0.000008 0.000000 -0.007676 0.000000
185 22.443726 -0.000003 -0.000011 -0.001250 -0.080775 -0.000655
186 22.611542 -0.000005 -0.000023 -0.015140 -0.127868 -0.079305
187 22.692024 0.000005 0.000000 -0.034977 0.284870 -0.081433
188 22.687656 0.000010 -0.000008 -0.039980 0.280829 -0.085123
189 -1.900848 -5.333257 -10.470070 2.601403 0.305546 -0.153178
190 21.914345 0.000008 -0.000015 -0.024267 -0.010746 0.007792
191 22.319832 -0.000020 -0.000004 -0.001952 -0.077751 -0.007753
192 22.569626 0.000008 -0.000038 0.041712 -0.130429 -0.018463
193 22.663242 -0.000017 0.000000 0.043482 0.285671 -0.002900
194 22.604523 0.000004 -0.000008 0.033580 0.286615 -0.017278
195 -1.967285 -9.854566 -7.722440 2.161803 0.248066 -0.289766
196 21.272705 -0.000016 -0.000008 -0.025990 -0.015445 0.009916
197 22.032471 0.000004 -0.000031 -0.003769 -0.071285 -0.011485
198 22.475685 -0.000006 -0.000038 0.071682 -0.160478 0.025225
199 22.598709 0.000006 -0.000015 0.081509 0.257620 0.056156
200 22.407990 -0.000015 -0.000015 0.076450 0.272400 0.037878
201 -1.972580 -12.875610 -3.614562 1.827110 0.155326 -0.386831
202 20.655182 0.000010 -0.000031 -0.014659 -0.017050 0.006451
203 21.762283 -0.000007 -0.000015 -0.005649 -0.063955 -0.012498
204 22.392166 -0.000004 -0.000031 0.080179 -0.198861 0.051870
205 22.541340 -0.000009 -0.000023 0.073551 0.163739 0.075247
206 22.217506 0.000000 -0.000023 0.067031 0.233806 0.080553
207 0.059621 0.456168 0.250107 0.000000 -0.000000 0.000000
208 0.059621 0.456168 0.250107 0.000000 -0.000000 0.000000
time 39
  0 0.059621 0.456168 0.250107 0.000000 -0.000000 0.000000
  1 0.059621 0.456168 0.250107 0.000000 -0.000000 0.000000
  2 0.059621 0.456168 0.250107 0.000000 -0.000000 0.000000
  3 0.059621 0.456168 0.250107 0.000000 -0.000000 0.000000
  4 0.059621 0.456168 0.250107 0.000000 -0.000000 0.000000
  5 0.059621 0.456168 0.250107 0.000000 -0.000000 0.000000
  6 0.059621 0.456168 0.250107 0.000000 -0.000000 0.000000
  7 0.059621 0.456168 0.250107 0.000000 -0.000000 0.000000
  8 0.059621 0.456168 0.250107 0.000000 -0.000000 0.000000
  9 0.059621 0.456168 0.250107 0.000000 -0.000000 0.000000
 10 18.766914 97.356255 169.304077 -1.269453 -0.277579 2.610780
 11 24.668251 0.000015 -0.000027 0.937962 -0.056302 -0.111129
 12 30.380135 -0.000015 -0.000008 1.402012 0.457009 -0.175396
 13 19.902092 -0.000015 0.000000 0.249172 -0.850375 -0.484566
 14 80.198898 -60.386765 107.458252 1.289851 0.330400 0.639063
 15 35.349518 0.000008 0.000015 -1.362077 0.059930 -0.295229
 16 37.124340 -0.000008 -0.000031 -1.343021 0.561725 0.402379
 17 0.059621 0.456168 0.250107 0.064768 -0.005215 -0.156772
 18 0.059621 0.456168 98.847000 1.570796 1.570796 0.000000
 19 -65.799545 -0.000020 1.142855 0.000000 0.000515 3.141077
 20 11.181580 0.005760 -0.002411 0.000000 0.254797 0.000515
 21 27.835159 -0.000000 0.000015 -3.141592 -0.129896 -0.000000
 22 5.330368 -0.000001 -0.000002 -3.070530 -0.011654 -0.037257
 23 10.134888 -4.133392 3.834200 -0.545911 -1.082434 -2.647630
 24 10.134888 4.133396 3.834200 0.545932 -1.082428 2.647612
 25 22.592361 0.000008 17.467112 -0.000010 2.956431 0.000000
 26 21.199997 -7.744008 14.169519 -0.644457 -0.154503 -3.025319
 27 18.142014 -13.440225 7.965773 1.242715 -0.304042 3.037748
 28 21.199966 7.744020 14.169500 0.644460 -0.154503 3.025318
 29 18.142014 13.440233 7.965775 -0.316157 -0.180196 -3.082644
 30 11.858871 -13.359998 3.526514 1.542249 3.132957 0.174415
 31 9.463287 -16.404865 -2.906046 1.542282 3.132901 0.176490
 32 9.125244 -10.885474 -11.371326 0.000496 2.962373 0.000256
 33 11.858856 13.360001 3.526474 -1.542248 3.132957 -0.174414
 34 9.463257 16.404861 -2.906023 -1.542281 3.132900 -0.176490
 35 9.125275 10.885469 -11.371304 -0.000492 2.962373 0.000256
 36 9.023224 -0.000003 -17.296177 0.000180 -0.167048 -3.141356
 37 12.691406 -0.000003 -19.438766 0.000000 2.382306 0.000000
 38 10.989426 0.000003 -0.000015 0.000000 -0.693223 0.000000
 39 12.871475 -10.586841 -15.652470 1.146338 2.800632 0.613790
 40 10.727005 0.000009 -0.000015 -0.057486 -0.703221 0.053685
 41 12.871460 10.586840 -15.652472 -1.151647 2.800631 -0.613789
 42 10.726974 -0.000025 0.000015 0.057486 -0.703221 -0.053685
 43 12.847229 -17.570080 -4.701340 1.378568 2.946180 0.742689
 44 11.496506 0.000010 -0.000015 -0.112816 -0.661448 0.110553
 45 12.847198 17.570080 -4.701357 -1.382270 2.946180 -0.742688
 46 11.496475 -0.000002 -0.000015 0.112815 -0.661448 -0.110553
 47 28.485947 0.000009 16.460356 -0.000001 -0.243313 0.000000
 48 23.052750 -6.207911 -0.077290 -1.470206 0.035100 -1.833545
 49 9.436905 -0.000008 -0.000015 0.010287 0.636097 0.003503
 50 31.269325 0.000008 -0.000015 -0.006701 -0.271360 0.008666
 51 28.756512 0.000010 -0.000046 -0.001117 -0.098148 0.001416
 52 2.251984 -2.464409 -1.141632 0.481305 0.508197 -0.319329
 53 3.674034 -0.000019 0.000031 -0.277611 0.179024 0.194713
 54 3.614693 0.000011 0.000000 0.013156 0.193871 -0.001558
 55 9.035503 -2.494946 0.484558 -0.001362 0.302449 0.001673
 56 2.943584 0.000002 -0.000015 0.010585 0.293657 -0.007800
 57 2.649445 0.000002 0.000008 -0.006498 0.303243 0.008512
 58 9.093616 -0.386671 0.647690 0.020190 0.475379 -0.012607
 59 3.451881 0.000002 0.000000 -0.014209 0.528778 0.009212
 60 2.898178 0.000000 0.000023 -0.000683 0.490858 0.000916
 61 8.894585 1.605852 0.371902 -0.000566 0.547851 0.000704
 62 3.130402 0.000000 0.000038 0.003896 0.567158 -0.005064
 63 2.629532 0.000002 -0.000038 0.004892 0.544388 -0.006589
 64 8.470619 3.459526 0.131500 -0.021715 0.541478 0.011455
 65 2.410278 0.000000 -0.000046 0.022815 0.529939 -0.013321
 66 2.000793 0.000002 0.000011 -0.005415 0.533618 0.007402
 67 23.052765 6.207910 -0.077309 1.481823 0.058643 2.080206
 68 9.436890 0.000019 -0.000015 0.151662 0.418551 0.413166
 69 31.269363 -0.000015 -0.000038 0.283830 0.277571 1.889457
 70 28.756500 -0.000008 0.000008 0.291070 0.357724 0.030399
 71 2.251892 2.464401 -1.141556 -0.513217 0.249535 0.112914
 72 3.674084 0.000004 -0.000015 0.331388 -0.059506 -0.325011
 73 3.614679 0.000008 0.000015 0.067360 -0.216133 -0.086857
 74 9.035416 2.494949 0.484428 0.001362 -0.011534 -0.001673
 75 2.943569 -0.000015 -0.000038 -0.011497 -0.020268 0.014556
 76 2.649445 -0.000015 0.000031 0.006498 -0.010740 -0.008512
 77 9.093689 0.386673 0.647797 -0.018031 0.093461 0.020165
 78 3.451862 0.000000 -0.000008 0.014953 0.008589 -0.019838
 79 2.898209 0.000000 -0.000008 0.000684 -0.029445 -0.000917
 80 8.894413 -1.605850 0.371918 0.000566 0.090541 -0.000704
 81 3.130428 -0.000015 -0.000046 -0.003896 -0.009289 0.005063
 82 2.629520 -0.000031 0.000023 -0.004892 -0.032059 0.006589
 83 8.470604 -3.459518 0.131409 0.018786 0.137518 -0.020073
 84 2.410278 -0.000015 -0.000015 -0.024238 -0.029075 0.031299
 85 2.000751 0.000000 0.000031 0.005415 -0.025697 -0.007402
 86 9.832348 1.463058 -1.299423 0.016523 -0.031798 -0.020624
 87 25.040588 -5.670405 5.432793 -1.321929 -0.235063 -2.094538
 88 28.779694 -6.856310 -0.811420 -1.465666 0.014687 -1.683980
 89 29.182281 -3.955567 -4.961964 0.905361 2.527198 0.544331
 90 25.040558 5.670407 5.432751 1.314436 -0.409176 2.141846
 91 28.779739 6.856310 -0.811401 1.465666 0.014688 1.683983
 92 29.182281 3.955564 -4.961937 -0.905361 2.527197 -0.544332
 93 -65.335648 -0.000020 1.140918 -3.141591 0.044911 0.000000
 94 26.290924 -12.205288 1.157882 -2.071447 -0.017454 0.065112
 95 49.071030 0.000008 0.000009 2.179705 0.127556 -0.112856
 96 61.871311 -0.000015 -0.000021 3.080256 0.672597 0.035641
 97 26.290924 12.205295 1.157841 2.044502 0.127786 -0.159169
 98 49.071053 0.000004 -0.000037 -2.187262 0.154733 0.063501
 99 61.871304 0.000023 -0.000027 -2.944714 0.642381 0.102745
100 -0.698074 -11.192116 -8.252763 1.306692 -0.119534 -0.919962
101 20.568237 -0.000002 -0.000015 0.009945 -0.089179 -0.144670
102 0.223785 -5.734809 -12.929605 -2.917965 0.793866 0.156774
103 20.803566 0.000001 -0.000038 0.065884 -0.250780 -0.048318
104 -1.040009 -3.033968 12.140509 1.554517 0.104601 -1.288764
105 -1.039993 3.034004 12.140499 -1.554518 0.104604 1.288764
106 4.165451 -5.407045 12.088390 0.854937 -0.629941 -0.629908
107 16.599442 0.000000 -0.000031 -0.047935 -0.051683 0.045016
108 4.165482 5.407080 12.088379 -0.795674 -0.536779 0.551358
109 16.599380 0.000008 -0.000038 0.047624 0.061353 -0.038742
110 6.428391 0.000001 -0.288944 -0.000001 -0.000000 -0.000000
111 -1.833786 -13.936461 1.224504 1.552448 0.040995 -0.420999
112 20.406960 -0.000002 -0.000031 0.000000 -0.016932 0.000000
113 21.655502 -0.000002 -0.000023 -0.006612 -0.054211 -0.012065
114 22.360664 -0.000002 -0.000023 0.075623 -0.239847 0.070506
115 22.519653 -0.000005 -0.000015 0.054868 0.082779 0.096438
116 22.140392 -0.000006 -0.000023 0.021895 0.138488 0.098594
117 -1.699219 -12.875612 4.918508 1.116385 -0.148284 -0.380891
118 20.938599 0.000013 0.000000 0.034482 -0.012972 -0.016104
119 21.993614 -0.000005 -0.000061 0.006536 -0.048079 -0.016377
120 22.563797 -0.000010 -0.000015 0.068630 -0.313291 0.068626
121 22.643349 0.000001 -0.000038 0.032053 0.004716 0.097464
122 22.238049 -0.000005 -0.000031 -0.016275 0.044799 0.106294
123 -1.634354 -9.854568 8.052347 0.714077 -0.292095 -0.280759
124 22.205299 0.000001 -0.000023 0.042841 -0.006102 -0.020254
125 22.804390 -0.000005 -0.000046 0.011914 -0.044972 -0.014917
126 23.051674 0.000004 -0.000008 0.055141 -0.379365 0.043717
127 22.939980 0.000005 -0.000046 0.018441 -0.068060 0.070028
128 22.472057 -0.000001 -0.000031 -0.021446 -0.039991 0.084500
129 -1.616150 -5.333253 10.147438 0.347094 -0.374743 -0.146641
130 23.451302 -0.000000 -0.000023 0.027042 -0.001892 -0.012901
131 23.608025 -0.000003 -0.000031 0.008313 -0.043970 -0.008105
132 23.536232 -0.000001 -0.000031 0.040256 -0.426336 0.003626
133 23.233967 0.000004 0.000015 0.017346 -0.119631 0.022658
134 22.703671 0.000011 -0.000015 -0.001707 -0.096295 0.033752
135 -1.614517 -0.000000 10.883350 -0.000000 -0.400842 0.000000
136 23.962143 0.000001 -0.000046 0.000000 -0.000699 -0.000000
137 23.938957 -0.000003 0.000008 -0.000432 -0.044062 0.001235
138 23.736023 -0.000003 -0.000031 0.023399 -0.330191 -0.041267
139 23.354965 0.000006 -0.000046 0.021339 -0.115358 -0.034817
140 22.798931 -0.000009 -0.000031 0.026811 -0.119965 -0.030366
141 -1.616150 5.333251 10.147423 -0.347094 -0.374742 0.146641
142 23.451294 -0.000006 -0.000008 -0.027042 -0.001892 0.012901
143 23.608025 -0.000002 -0.000038 -0.009233 -0.044604 0.010533
144 23.536255 0.000001 -0.000015 0.005799 -0.445773 -0.091957
145 23.233971 -0.000016 -0.000038 0.021287 -0.109322 -0.097467
146 22.703667 0.000014 -0.000008 0.052273 -0.111424 -0.096222
147 -1.634354 9.854564 8.052345 -0.714078 -0.292096 0.280760
148 22.205254 0.000003 -0.000008 -0.042841 -0.006101 0.020254
149 22.804451 0.000002 -0.000076 -0.013022 -0.046191 0.017053
150 23.051643 -0.000008 -0.000008 -0.015626 -0.416768 -0.138643
151 22.939976 -0.000005 -0.000031 0.007492 -0.074198 -0.153986
152 22.472061 0.000002 -0.000038 0.060623 -0.070296 -0.165812
153 -1.699219 12.875607 4.918524 -1.116385 -0.148284 0.380891
154 20.938591 0.000019 0.000000 -0.034482 -0.012973 0.016104
155 21.993591 -0.000005 -0.000061 -0.012521 -0.003068 0.005924
156 22.563805 0.000001 -0.000023 -0.041166 -0.364728 -0.173227
157 22.643356 0.000011 -0.000031 -0.025147 -0.014805 -0.196650
158 22.238033 0.000002 -0.000031 0.034234 -0.003069 -0.210316
159 -1.833786 13.936457 1.224504 -1.552447 0.040994 0.420999
160 20.406960 0.000005 -0.000046 -0.000000 -0.016932 -0.000000
161 21.655510 0.000009 -0.000008 -0.000000 -0.003038 0.000000
162 22.360664 0.000002 -0.000015 -0.064826 -0.296009 -0.188216
163 22.519661 0.000002 -0.000023 -0.072552 0.091878 -0.219038
164 22.140377 0.000004 -0.000015 -0.034696 0.098053 -0.202716
165 -1.972580 12.875608 -3.614555 -1.827109 0.155326 0.386830
166 20.655167 0.000007 -0.000023 0.014659 -0.017050 -0.006451
167 21.762253 0.000003 -0.000015 0.003422 -0.061540 0.012706
168 22.392151 0.000010 -0.000023 -0.082667 -0.252723 -0.179552
169 22.541336 0.000013 -0.000023 -0.115235 0.135243 -0.226652
170 22.217499 0.000008 -0.000023 -0.096320 0.147500 -0.201888
171 -1.967316 9.854567 -7.722432 -2.161803 0.248066 0.289766
172 21.272720 0.000003 -0.000008 0.025990 -0.015445 -0.009916
173 22.032516 0.000022 -0.000046 0.001347 -0.068886 0.010969
174 22.475662 0.000001 -0.000015 -0.085569 -0.207035 -0.164766
175 22.598717 0.000004 -0.000008 -0.132780 0.185583 -0.205943
176 22.407978 0.000015 -0.000031 -0.119905 0.202682 -0.170871
177 -1.900848 5.333252 -10.470076 -2.601403 0.305546 0.153178
178 21.914322 0.000006 -0.000019 0.024266 -0.010747 -0.007792
179 22.319847 -0.000009 -0.000004 -0.000550 -0.074798 0.006621
180 22.569626 -0.000000 -0.000015 -0.065674 -0.158032 -0.134012
181 22.663208 0.000024 -0.000031 -0.110608 0.235469 -0.161508
182 22.604523 0.000021 -0.000023 -0.100512 0.240289 -0.130531
183 -1.865585 -0.000002 -11.435440 -3.141592 0.324581 -0.000000
184 22.186691 -0.000004 -0.000015 0.000000 -0.007676 0.000000
185 22.443710 -0.000003 -0.000015 -0.001150 -0.076963 -0.000603
186 22.611534 -0.000005 -0.000023 -0.015132 -0.122451 -0.079310
187 22.692024 0.000005 -0.000008 -0.034866 0.271227 -0.080887
188 22.687653 0.000010 -0.000004 -0.039992 0.267166 -0.084873
189 -1.900848 -5.333257 -10.470070 2.601403 0.305546 -0.153178
190 21.914345 0.000008 -0.000015 -0.024267 -0.010746 0.007792
191 22.319832 -0.000020 -0.000004 -0.001758 -0.074034 -0.007608
192 22.569633 0.000007 -0.000046 0.041945 -0.125200 -0.017765
193 22.663235 -0.000017 0.000000 0.043342 0.271954 -0.003412
194 22.604523 0.000000 -0.000004 0.033477 0.272902 -0.017677
195 -1.967285 -9.854565 -7.722440 2.161803 0.248066 -0.289766
196 21.272720 -0.000016 0.000000 -0.025990 -0.015445 0.009916
197 22.032478 0.000004 -0.000031 -0.003566 -0.067656 -0.011342
198 22.475685 -0.000007 -0.000031 0.072055 -0.155592 0.026286
199 22.598713 0.000002 -0.000031 0.081268 0.243778 0.055215
200 22.407986 -0.000015 -0.000015 0.076213 0.258574 0.036988
201 -1.972580 -12.875610 -3.614562 1.827110 0.155326 -0.386831
202 20.655182 0.000010 -0.000023 -0.014659 -0.017050 0.006451
203 21.762276 -0.000007 -0.000015 -0.005442 -0.060389 -0.012328
204 22.392166 -0.000004 -0.000031 0.080617 -0.194305 0.053031
205 22.541336 -0.000006 -0.000023 0.074023 0.154082 0.075065
206 22.217503 -0.000004 -0.000023 0.066845 0.219674 0.079765
207 0.059621 0.456168 0.250107 0.000000 -0.000000 0.000000
208 0.059621 0.456168 0.250107 0.000000 -0.000000 0.000000
time 40
  0 0.059621 0.456168 0.250107 0.000000 -0.000000 0.000000
  1 0.059621 0.456168 0.250107 0.000000 -0.000000 0.000000
  2 0.059621 0.456168 0.250107 0.000000 -0.000000 0.000000
  3 0.059621 0.456168 0.250107 0.000000 -0.000000 0.000000
  4 0.059621 0.456168 0.250107 0.000000 -0.000000 0.000000
  5 0.059621 0.456168 0.250107 0.000000 -0.000000 0.000000
  6 0.059621 0.456168 0.250107 0.000000 -0.000000 0.000000
  7 0.059621 0.456168 0.250107 0.000000 -0.000000 0.000000
  8 0.059621 0.456168 0.250107 0.000000 -0.000000 0.000000
  9 0.059621 0.456168 0.250107 0.000000 -0.000000 0.000000
 10 29.362255 94.158646 167.161346 -1.267725 -0.266630 2.543242
 11 24.668243 0.000015 -0.000050 0.924509 -0.015777 -0.118550
 12 30.380135 -0.000015 -0.000008 1.386170 0.491439 -0.253134
 13 19.902077 -0.000015 0.000015 0.251653 -0.853046 -0.487895
 14 74.526695 -65.480812 107.458252 1.289722 0.271057 0.613097
 15 35.349510 0.000000 0.000015 -1.366772 0.070602 -0.301419
 16 37.124340 -0.000008 -0.000023 -1.323621 0.617636 0.403638
 17 0.059621 0.456168 0.250107 0.064768 -0.005215 -0.156772
 18 0.059621 0.456168 97.522385 1.570796 1.570796 0.000000
 19 -65.799545 -0.000020 1.142855 0.000000 0.000515 3.141077
 20 11.181580 0.005760 -0.002411 0.000000 0.254797 0.000515
 21 27.835175 -0.000000 0.000019 -3.141592 -0.129896 -0.000000
 22 5.330383 -0.000001 -0.000002 -3.070588 -0.012092 -0.031131
 23 10.134888 -4.133394 3.834198 -0.557926 -1.092672 -2.634050
 24 10.134888 4.133397 3.834200 0.557947 -1.092666 2.634031
 25 22.592361 0.000009 17.467113 -0.000010 2.956431 0.000000
 26 21.199982 -7.744007 14.169518 -0.644457 -0.154503 -3.025319
 27 18.142014 -13.440226 7.965775 1.240699 -0.286642 3.044056
 28 21.199966 7.744020 14.169498 0.644460 -0.154503 3.025318
 29 18.141998 13.440233 7.965773 -0.316157 -0.180196 -3.082644
 30 11.858871 -13.359997 3.526514 1.542249 3.132957 0.174415
 31 9.463287 -16.404863 -2.906046 1.542282 3.132901 0.176490
 32 9.125244 -10.885473 -11.371326 0.000496 2.962373 0.000256
 33 11.858856 13.360001 3.526474 -1.542248 3.132957 -0.174414
 34 9.463257 16.404861 -2.906025 -1.542281 3.132900 -0.176490
 35 9.125275 10.885469 -11.371305 -0.000492 2.962373 0.000256
 36 9.023224 -0.000003 -17.296177 0.000180 -0.167048 -3.141356
 37 12.691406 -0.000003 -19.438766 0.000000 2.400697 0.000000
 38 10.989410 0.000003 0.000000 0.000000 -0.639729 0.000000
 39 12.871460 -10.586840 -15.652473 1.140930 2.808380 0.596018
 40 10.727020 0.000010 -0.000031 -0.056191 -0.649796 0.050728
 41 12.871460 10.586838 -15.652472 -1.146528 2.808379 -0.596017
 42 10.726990 -0.000024 0.000000 0.056191 -0.649796 -0.050728
 43 12.847214 -17.570080 -4.701340 1.375478 2.949846 0.724297
 44 11.496490 0.000008 -0.000046 -0.110542 -0.608196 0.104904
 45 12.847183 17.570078 -4.701359 -1.379381 2.949845 -0.724297
 46 11.496475 0.000000 0.000000 0.110542 -0.608196 -0.104903
 47 28.485962 0.000009 16.460358 -0.000001 -0.228870 0.000000
 48 23.052765 -6.207911 -0.077286 -1.470206 0.035100 -1.833545
 49 9.436905 -0.000008 0.000000 0.010287 0.629047 0.003503
 50 31.269348 0.000008 -0.000031 -0.006701 -0.247128 0.008666
 51 28.756512 0.000008 -0.000046 -0.001117 -0.086256 0.001416
 52 2.251987 -2.464407 -1.141632 0.481305 0.508197 -0.319329
 53 3.674049 -0.000015 0.000015 -0.277611 0.179024 0.194713
 54 3.614700 0.000011 0.000000 0.013156 0.193871 -0.001558
 55 9.035507 -2.494946 0.484558 -0.001362 0.302449 0.001673
 56 2.943588 0.000000 -0.000015 0.010585 0.293657 -0.007800
 57 2.649437 0.000002 0.000000 -0.006498 0.303243 0.008512
 58 9.093613 -0.386671 0.647720 0.020190 0.475379 -0.012607
 59 3.451889 0.000002 -0.000015 -0.014209 0.528778 0.009212
 60 2.898178 0.000000 0.000038 -0.000683 0.490858 0.000916
 61 8.894585 1.605852 0.371902 -0.000566 0.547851 0.000704
 62 3.130409 0.000000 0.000038 0.003896 0.567158 -0.005064
 63 2.629532 0.000000 -0.000046 0.004892 0.544388 -0.006589
 64 8.470619 3.459530 0.131500 -0.021715 0.541478 0.011456
 65 2.410255 -0.000002 -0.000053 0.022815 0.529939 -0.013321
 66 2.000793 0.000006 0.000004 -0.005415 0.533618 0.007402
 67 23.052780 6.207909 -0.077305 1.481823 0.058643 2.080206
 68 9.436905 0.000021 -0.000015 0.151662 0.418551 0.413166
 69 31.269348 -0.000023 -0.000031 0.306836 0.281624 1.891391
 70 28.756504 0.000000 0.000008 0.296098 0.387447 0.043085
 71 2.251896 2.464401 -1.141563 -0.513217 0.249535 0.112914
 72 3.674088 0.000008 -0.000031 0.331388 -0.059506 -0.325011
 73 3.614677 0.000015 0.000031 0.067360 -0.216133 -0.086857
 74 9.035416 2.494949 0.484428 0.001362 -0.011534 -0.001673
 75 2.943569 0.000000 -0.000031 -0.011498 -0.020268 0.014556
 76 2.649445 0.000000 0.000031 0.006498 -0.010740 -0.008512
 77 9.093689 0.386673 0.647781 -0.018031 0.093461 0.020165
 78 3.451862 0.000000 0.000000 0.014953 0.008589 -0.019838
 79 2.898205 0.000000 -0.000008 0.000684 -0.029445 -0.000917
 80 8.894413 -1.605850 0.371910 0.000566 0.090541 -0.000704
 81 3.130432 0.000000 -0.000038 -0.003896 -0.009289 0.005063
 82 2.629524 0.000015 0.000015 -0.004892 -0.032059 0.006589
 83 8.470612 -3.459518 0.131393 0.018786 0.137518 -0.020073
 84 2.410278 -0.000015 -0.000008 -0.024238 -0.029075 0.031299
 85 2.000755 0.000000 0.000023 0.005415 -0.025697 -0.007402
 86 9.832344 1.463058 -1.299431 0.016523 -0.031798 -0.020624
 87 25.040604 -5.670406 5.432793 -1.320539 -0.233614 -2.100450
 88 28.779709 -6.856310 -0.811420 -1.465747 0.015310 -1.689873
 89 29.182297 -3.955567 -4.961964 0.902017 2.530836 0.538580
 90 25.040573 5.670406 5.432751 1.311930 -0.407693 2.148107
 91 28.779755 6.856310 -0.811401 1.465747 0.015311 1.689877
 92 29.182297 3.955564 -4.961941 -0.902017 2.530835 -0.538581
 93 -65.335648 -0.000020 1.140918 -3.141591 0.044911 0.000000
 94 26.290924 -12.205289 1.157882 -2.071447 -0.017454 0.065112
 95 49.071037 0.000007 0.000009 2.179705 0.127556 -0.112856
 96 61.871315 -0.000015 -0.000021 3.080256 0.672597 0.035641
 97 26.290924 12.205294 1.157842 2.044502 0.127786 -0.159169
 98 49.071068 0.000004 -0.000037 -2.187262 0.154733 0.063501
 99 61.871304 0.000023 -0.000027 -2.944714 0.642381 0.102745
100 -0.698059 -11.192117 -8.252762 1.306079 -0.114724 -0.906009
101 20.568237 0.000000 0.000000 0.009980 -0.071436 -0.145048
102 0.223785 -5.734810 -12.929604 -2.919045 0.780589 0.155190
103 20.803566 0.000001 -0.000031 0.065935 -0.238534 -0.047930
104 -1.040009 -3.033968 12.140511 1.554517 0.104601 -1.288764
105 -1.039993 3.034004 12.140501 -1.554518 0.104604 1.288764
106 4.165451 -5.407045 12.088390 0.854937 -0.629941 -0.629908
107 16.599442 0.000000 -0.000015 -0.047935 -0.051683 0.045016
108 4.165482 5.407080 12.088381 -0.799685 -0.543155 0.558362
109 16.599380 0.000009 -0.000031 0.047683 0.052636 -0.039233
110 6.428391 0.000001 -0.288944 -0.000001 -0.000000 -0.000000
111 -1.833771 -13.936460 1.224505 1.552448 0.040995 -0.420999
112 20.406960 -0.000002 -0.000015 0.000000 -0.016932 0.000000
113 21.655495 -0.000002 -0.000015 -0.006350 -0.049688 -0.011795
114 22.360664 -0.000002 -0.000031 0.076135 -0.235795 0.071826
115 22.519657 -0.000006 -0.000015 0.055524 0.073213 0.096498
116 22.140381 -0.000006 -0.000031 0.021895 0.123537 0.098594
117 -1.699203 -12.875611 4.918509 1.116385 -0.148284 -0.380891
118 20.938606 0.000013 0.000000 0.034482 -0.012972 -0.016104
119 21.993614 -0.000005 -0.000053 0.006771 -0.043502 -0.016132
120 22.563789 -0.000012 -0.000008 0.069035 -0.310273 0.069765
121 22.643349 0.000001 -0.000046 0.032701 -0.005341 0.097727
122 22.238052 -0.000007 -0.000023 -0.016318 0.029865 0.106996
123 -1.634338 -9.854567 8.052346 0.714077 -0.292095 -0.280759
124 22.205299 0.000001 -0.000023 0.042841 -0.006102 -0.020254
125 22.804390 -0.000005 -0.000038 0.012105 -0.040762 -0.014739
126 23.051666 0.000002 -0.000008 0.055438 -0.377105 0.044531
127 22.939987 0.000005 -0.000053 0.018949 -0.078459 0.070215
128 22.472065 -0.000004 -0.000038 -0.021527 -0.054926 0.085185
129 -1.616135 -5.333253 10.147437 0.347094 -0.374743 -0.146641
130 23.451302 -0.000000 -0.000023 0.027042 -0.001892 -0.012901
131 23.608017 -0.000003 -0.000031 0.008450 -0.039961 -0.008022
132 23.536224 -0.000001 -0.000038 0.040427 -0.424489 0.004022
133 23.233963 0.000002 0.000008 0.017659 -0.130211 0.022608
134 22.703671 0.000010 -0.000015 -0.001707 -0.111246 0.033752
135 -1.614517 -0.000000 10.883349 -0.000000 -0.400842 0.000000
136 23.962151 0.000001 -0.000038 0.000000 -0.000699 -0.000000
137 23.938965 -0.000003 0.000000 -0.000388 -0.040095 0.001109
138 23.736031 -0.000003 -0.000031 0.023559 -0.340810 -0.041667
139 23.354977 0.000006 -0.000046 0.021449 -0.130301 -0.035282
140 22.798935 -0.000009 -0.000038 0.026844 -0.134910 -0.030765
141 -1.616135 5.333251 10.147422 -0.347094 -0.374742 0.146641
142 23.451309 -0.000006 -0.000008 -0.027042 -0.001892 0.012901
143 23.608025 -0.000002 -0.000038 -0.009276 -0.040530 0.010236
144 23.536247 -0.000000 -0.000015 0.005759 -0.443786 -0.092445
145 23.233974 -0.000015 -0.000031 0.021306 -0.124269 -0.097786
146 22.703674 0.000012 -0.000015 0.052323 -0.126354 -0.097005
147 -1.634338 9.854565 8.052344 -0.714078 -0.292096 0.280760
148 22.205254 0.000003 0.000000 -0.042841 -0.006101 0.020254
149 22.804451 0.000002 -0.000076 -0.013108 -0.041857 0.016707
150 23.051636 -0.000009 -0.000008 -0.015790 -0.414246 -0.139536
151 22.939972 0.000001 -0.000023 0.007492 -0.089149 -0.153985
152 22.472061 0.000004 -0.000038 0.060899 -0.085156 -0.167433
153 -1.699203 12.875607 4.918525 -1.116385 -0.148284 0.380891
154 20.938591 0.000019 -0.000008 -0.034482 -0.012973 0.016104
155 21.993591 -0.000005 -0.000061 -0.012521 -0.003068 0.005924
156 22.563812 0.000001 -0.000015 -0.041428 -0.361372 -0.174403
157 22.643353 0.000010 -0.000046 -0.025139 -0.029751 -0.196331
158 22.238029 0.000000 -0.000031 0.034343 -0.017952 -0.211727
159 -1.833771 13.936458 1.224505 -1.552447 0.040994 0.420999
160 20.406967 0.000005 -0.000038 -0.000000 -0.016932 -0.000000
161 21.655518 0.000009 -0.000015 -0.000000 -0.003038 0.000000
162 22.360657 0.000002 -0.000023 -0.065180 -0.290849 -0.189568
163 22.519661 0.000004 -0.000015 -0.072462 0.077879 -0.218152
164 22.140373 0.000004 -0.000008 -0.034787 0.083694 -0.203077
165 -1.972565 12.875609 -3.614555 -1.827109 0.155326 0.386830
166 20.655182 0.000007 -0.000023 0.014659 -0.017050 -0.006451
167 21.762253 0.000003 -0.000023 0.003310 -0.056826 0.012451
168 22.392166 0.000010 -0.000023 -0.083045 -0.247240 -0.181012
169 22.541344 0.000011 -0.000031 -0.115024 0.121231 -0.225253
170 22.217501 0.000008 -0.000015 -0.096497 0.133192 -0.201399
171 -1.967316 9.854567 -7.722432 -2.161803 0.248066 0.289766
172 21.272720 0.000003 -0.000008 0.025990 -0.015445 -0.009916
173 22.032524 0.000022 -0.000046 0.001269 -0.064244 0.010742
174 22.475670 -0.000002 -0.000015 -0.085894 -0.201192 -0.166101
175 22.598709 0.000006 -0.000015 -0.132461 0.171719 -0.204252
176 22.407980 0.000023 -0.000023 -0.119589 0.188788 -0.169341
177 -1.900833 5.333252 -10.470076 -2.601403 0.305546 0.153178
178 21.914322 0.000006 -0.000027 0.024266 -0.010747 -0.007792
179 22.319847 -0.000009 0.000000 -0.000575 -0.070136 0.006475
180 22.569626 -0.000000 -0.000023 -0.065875 -0.151832 -0.134904
181 22.663219 0.000022 -0.000023 -0.110278 0.221663 -0.160033
182 22.604525 0.000021 -0.000027 -0.100203 0.226461 -0.129178
183 -1.865585 -0.000002 -11.435440 -3.141592 0.324581 -0.000000
184 22.186676 -0.000004 -0.000008 0.000000 -0.007676 0.000000
185 22.443718 -0.000003 -0.000011 -0.001034 -0.072350 -0.000541
186 22.611542 -0.000005 -0.000015 -0.015121 -0.116090 -0.079317
187 22.692028 0.000006 -0.000008 -0.034747 0.257388 -0.080355
188 22.687653 0.000011 -0.000004 -0.040004 0.253312 -0.084631
189 -1.900833 -5.333257 -10.470070 2.601403 0.305546 -0.153178
190 21.914345 0.000008 -0.000015 -0.024267 -0.010746 0.007792
191 22.319832 -0.000020 -0.000004 -0.001525 -0.069540 -0.007404
192 22.569626 0.000008 -0.000038 0.042218 -0.119061 -0.016945
193 22.663231 -0.000016 -0.000008 0.043191 0.258071 -0.003966
194 22.604523 0.000001 -0.000004 0.033363 0.259018 -0.018107
195 -1.967285 -9.854565 -7.722440 2.161803 0.248066 -0.289766
196 21.272720 -0.000016 -0.000008 -0.025990 -0.015445 0.009916
197 22.032471 0.000004 -0.000031 -0.003311 -0.063283 -0.011118
198 22.475700 -0.000008 -0.000038 0.072494 -0.149855 0.027533
199 22.598705 0.000001 -0.000015 0.081011 0.229826 0.054190
200 22.407990 -0.000016 -0.000023 0.075958 0.244631 0.036023
201 -1.972565 -12.875609 -3.614562 1.827110 0.155326 -0.386831
202 20.655182 0.000010 -0.000023 -0.014659 -0.017050 0.006451
203 21.762276 -0.000007 -0.000008 -0.005176 -0.056113 -0.012068
204 22.392159 -0.000003 -0.000031 0.081131 -0.188954 0.054394
205 22.541336 -0.000006 -0.000023 0.074577 0.144677 0.074942
206 22.217503 -0.000002 -0.000023 0.066647 0.205532 0.078915
207 0.059621 0.456168 0.250107 0.000000 -0.000000 0.000000
208 0.059621 0.456168 0.250107 0.000000 -0.000000 0.000000
time 41
  0 0.059621 0.456168 0.250107 0.000000 -0.000000 0.000000
  1 0.059621 0.456168 0.250107 0.000000 -0.000000 0.000000
  2 0.059621 0.456168 0.250107 0.000000 -0.000000 0.000000
  3 0.059621 0.456168 0.250107 0.000000 -0.000000 0.000000
  4 0.059621 0.456168 0.250107 0.000000 -0.000000 0.000000
  5 0.059621 0.456168 0.250107 0.000000 -0.000000 0.000000
  6 0.059621 0.456168 0.250107 0.000000 -0.000000 0.000000
  7 0.059621 0.456168 0.250107 0.000000 -0.000000 0.000000
  8 0.059621 0.456168 0.250107 0.000000 -0.000000 0.000000
  9 0.059621 0.456168 0.250107 0.000000 -0.000000 0.000000
 10 40.962070 89.328217 165.077011 -1.265252 -0.250090 2.487239
 11 24.668251 0.000015 -0.000038 0.928579 -0.030883 -0.114962
 12 30.380142 -0.000015 -0.000008 1.394502 0.478356 -0.220250
 13 19.902084 -0.000031 0.000000 0.244606 -0.829161 -0.474234
 14 68.113815 -69.359085 107.458252 1.289642 0.210673 0.575443
 15 35.349518 0.000008 0.000031 -1.371424 0.080651 -0.307247
 16 37.124336 -0.000015 -0.000031 -1.303366 0.672828 0.404737
 17 0.059621 0.456168 0.250107 0.064768 -0.005215 -0.156772
 18 0.059621 0.456168 96.228073 1.570796 1.570796 0.000000
 19 -65.799545 -0.000020 1.142855 0.000000 0.000515 3.141077
 20 11.181580 0.005760 -0.002411 0.000000 0.254797 0.000515
 21 27.835175 -0.000000 0.000015 -3.141592 -0.129896 -0.000000
 22 5.330368 -0.000001 -0.000002 -3.070644 -0.012509 -0.025317
 23 10.134888 -4.133393 3.834200 -0.570314 -1.102692 -2.620122
 24 10.134888 4.133398 3.834198 0.570335 -1.102686 2.620104
 25 22.592377 0.000008 17.467115 -0.000010 2.956431 0.000000
 26 21.199997 -7.744008 14.169519 -0.644457 -0.154503 -3.025319
 27 18.142014 -13.440226 7.965775 1.238740 -0.269734 3.050186
 28 21.199966 7.744021 14.169500 0.644460 -0.154503 3.025318
 29 18.141998 13.440237 7.965776 -0.316157 -0.180196 -3.082644
 30 11.858871 -13.359997 3.526512 1.542249 3.132957 0.174415
 31 9.463272 -16.404863 -2.906046 1.542282 3.132901 0.176490
 32 9.125259 -10.885473 -11.371326 0.000496 2.962373 0.000256
 33 11.858856 13.360004 3.526472 -1.542248 3.132957 -0.174414
 34 9.463257 16.404863 -2.906023 -1.542281 3.132900 -0.176490
 35 9.125275 10.885471 -11.371307 -0.000492 2.962373 0.000256
 36 9.023239 -0.000003 -17.296175 0.000180 -0.167048 -3.141356
 37 12.691422 -0.000003 -19.438765 0.000000 2.418569 0.000000
 38 10.989410 0.000003 0.000000 0.000000 -0.580563 0.000000
 39 12.871475 -10.586840 -15.652470 1.135440 2.815909 0.578748
 40 10.727020 0.000007 -0.000015 -0.054758 -0.590707 0.047458
 41 12.871460 10.586842 -15.652472 -1.141223 2.815908 -0.578747
 42 10.726990 -0.000023 0.000000 0.054758 -0.590707 -0.047458
 43 12.847229 -17.570080 -4.701342 1.372287 2.953408 0.706425
 44 11.496506 0.000008 -0.000015 -0.108028 -0.549299 0.098655
 45 12.847198 17.570080 -4.701359 -1.376319 2.953408 -0.706425
 46 11.496475 0.000000 -0.000015 0.108028 -0.549299 -0.098655
 47 28.485962 0.000010 16.460360 -0.000001 -0.213540 0.000000
 48 23.052750 -6.207911 -0.077290 -1.470206 0.035100 -1.833545
 49 9.436901 -0.000006 -0.000015 0.010287 0.621932 0.003503
 50 31.269333 0.000008 -0.000031 -0.006701 -0.218930 0.008666
 51 28.756516 0.000008 -0.000031 -0.001117 -0.072418 0.001416
 52 2.251999 -2.464407 -1.141647 0.481305 0.508197 -0.319329
 53 3.674049 -0.000013 0.000000 -0.277611 0.179024 0.194713
 54 3.614708 0.000011 -0.000008 0.013156 0.193871 -0.001558
 55 9.035507 -2.494946 0.484558 -0.001362 0.302449 0.001673
 56 2.943588 0.000000 -0.000015 0.010585 0.293657 -0.007800
 57 2.649437 0.000002 0.000015 -0.006498 0.303243 0.008512
 58 9.093628 -0.386671 0.647705 0.020190 0.475380 -0.012607
 59 3.451889 0.000002 -0.000008 -0.014209 0.528778 0.009212
 60 2.898178 0.000000 0.000034 -0.000683 0.490858 0.000916
 61 8.894588 1.605852 0.371902 -0.000566 0.547851 0.000704
 62 3.130402 0.000000 0.000031 0.003896 0.567158 -0.005064
 63 2.629532 0.000002 -0.000038 0.004892 0.544388 -0.006589
 64 8.470627 3.459528 0.131485 -0.021715 0.541478 0.011456
 65 2.410278 0.000002 -0.000053 0.022815 0.529939 -0.013321
 66 2.000793 0.000006 0.000015 -0.005415 0.533618 0.007402
 67 23.052765 6.207910 -0.077309 1.481823 0.058643 2.080206
 68 9.436905 0.000017 -0.000015 0.151662 0.418551 0.413166
 69 31.269363 -0.000015 -0.000023 0.328839 0.285501 1.893241
 70 28.756500 0.000000 0.000000 0.300960 0.416193 0.055354
 71 2.251896 2.464417 -1.141571 -0.513217 0.249535 0.112914
 72 3.674088 0.000000 -0.000015 0.331388 -0.059506 -0.325011
 73 3.614676 0.000000 0.000015 0.067360 -0.216133 -0.086857
 74 9.035419 2.494965 0.484421 0.001362 -0.011534 -0.001673
 75 2.943565 0.000000 -0.000031 -0.011498 -0.020268 0.014556
 76 2.649437 0.000031 0.000023 0.006498 -0.010740 -0.008512
 77 9.093693 0.386688 0.647781 -0.018031 0.093461 0.020165
 78 3.451862 0.000015 0.000008 0.014953 0.008589 -0.019838
 79 2.898205 0.000015 -0.000008 0.000684 -0.029445 -0.000917
 80 8.894413 -1.605850 0.371910 0.000566 0.090541 -0.000704
 81 3.130432 0.000000 -0.000038 -0.003896 -0.009289 0.005063
 82 2.629517 0.000000 0.000015 -0.004892 -0.032059 0.006589
 83 8.470604 -3.459518 0.131401 0.018786 0.137518 -0.020073
 84 2.410278 0.000015 -0.000008 -0.024238 -0.029075 0.031299
 85 2.000755 0.000015 0.000023 0.005415 -0.025697 -0.007402
 86 9.832348 1.463074 -1.299423 0.016523 -0.031798 -0.020624
 87 25.040588 -5.670405 5.432793 -1.319193 -0.232213 -2.106168
 88 28.779694 -6.856310 -0.811424 -1.465825 0.015913 -1.695573
 89 29.182297 -3.955566 -4.961964 0.898782 2.534355 0.533019
 90 25.040558 5.670408 5.432751 1.309506 -0.406260 2.154162
 91 28.779739 6.856311 -0.811405 1.465825 0.015914 1.695577
 92 29.182281 3.955564 -4.961941 -0.898782 2.534354 -0.533020
 93 -65.335648 -0.000020 1.140918 -3.141591 0.044911 0.000000
 94 26.290924 -12.205288 1.157882 -2.071447 -0.017454 0.065112
 95 49.071030 0.000008 0.000009 2.179705 0.127556 -0.112856
 96 61.871315 -0.000015 -0.000021 3.080256 0.672597 0.035641
 97 26.290924 12.205295 1.157841 2.044502 0.127786 -0.159169
 98 49.071060 0.000004 -0.000037 -2.187262 0.154733 0.063501
 99 61.871307 0.000023 -0.000027 -2.944714 0.642381 0.102745
100 -0.698074 -11.192116 -8.252762 1.305282 -0.109403 -0.890236
101 20.568237 -0.000002 -0.000015 0.010019 -0.051813 -0.145467
102 0.223785 -5.734809 -12.929605 -2.920462 0.765469 0.153096
103 20.803581 0.000002 -0.000038 0.065992 -0.224409 -0.047434
104 -1.040024 -3.033968 12.140509 1.554517 0.104601 -1.288764
105 -1.040009 3.034004 12.140499 -1.554518 0.104604 1.288764
106 4.165451 -5.407045 12.088390 0.854937 -0.629941 -0.629908
107 16.599442 0.000000 -0.000031 -0.047935 -0.051683 0.045016
108 4.165482 5.407080 12.088379 -0.803908 -0.549867 0.565364
109 16.599388 0.000008 -0.000038 0.047739 0.043680 -0.039737
110 6.428391 0.000001 -0.288944 -0.000001 -0.000000 -0.000000
111 -1.833786 -13.936461 1.224504 1.552448 0.040995 -0.420999
112 20.406944 -0.000002 -0.000015 0.000000 -0.016932 0.000000
113 21.655487 -0.000002 -0.000023 -0.006025 -0.044628 -0.011415
114 22.360672 -0.000002 -0.000031 0.076701 -0.231213 0.073286
115 22.519657 -0.000005 -0.000023 0.056251 0.064107 0.096564
116 22.140385 -0.000008 -0.000031 0.021895 0.109190 0.098594
117 -1.699219 -12.875612 4.918508 1.116385 -0.148284 -0.380891
118 20.938599 0.000013 0.000000 0.034482 -0.012972 -0.016104
119 21.993607 -0.000005 -0.000053 0.007063 -0.038440 -0.015791
120 22.563805 -0.000011 -0.000015 0.069483 -0.306775 0.071025
121 22.643349 0.000001 -0.000038 0.033418 -0.014988 0.098018
122 22.238052 -0.000010 -0.000023 -0.016364 0.015534 0.107669
123 -1.634354 -9.854568 8.052347 0.714077 -0.292095 -0.280759
124 22.205299 0.000001 -0.000023 0.042841 -0.006102 -0.020254
125 22.804390 -0.000005 -0.000046 0.012339 -0.036105 -0.014497
126 23.051659 0.000005 0.000000 0.055767 -0.374400 0.045432
127 22.939980 0.000005 -0.000046 0.019511 -0.088483 0.070422
128 22.472057 0.000007 -0.000023 -0.021613 -0.069257 0.085842
129 -1.616150 -5.333253 10.147438 0.347094 -0.374743 -0.146641
130 23.451294 -0.000000 -0.000015 0.027042 -0.001892 -0.012901
131 23.608017 -0.000004 -0.000023 0.008612 -0.035527 -0.007913
132 23.536232 -0.000001 -0.000031 0.040616 -0.422218 0.004460
133 23.233967 0.000003 0.000015 0.018006 -0.140434 0.022577
134 22.703667 0.000008 -0.000008 -0.001707 -0.125592 0.033752
135 -1.614532 -0.000000 10.883350 -0.000000 -0.400842 0.000000
136 23.962143 0.000001 -0.000046 0.000000 -0.000699 -0.000000
137 23.938965 -0.000003 0.000008 -0.000339 -0.035708 0.000971
138 23.736031 -0.000003 -0.000031 0.023736 -0.351078 -0.042073
139 23.354965 0.000006 -0.000038 0.021560 -0.144641 -0.035729
140 22.798923 -0.000008 -0.000031 0.026876 -0.149252 -0.031148
141 -1.616150 5.333251 10.147423 -0.347094 -0.374742 0.146641
142 23.451294 -0.000006 0.000000 -0.027042 -0.001892 0.012901
143 23.608017 -0.000002 -0.000038 -0.009335 -0.036025 0.009887
144 23.536247 -0.000002 -0.000023 0.005716 -0.441367 -0.092986
145 23.233974 -0.000016 -0.000031 0.021327 -0.138612 -0.098092
146 22.703667 0.000014 -0.000015 0.052375 -0.140682 -0.097757
147 -1.634354 9.854564 8.052345 -0.714078 -0.292096 0.280760
148 22.205261 0.000003 -0.000008 -0.042841 -0.006101 0.020254
149 22.804459 0.000002 -0.000076 -0.013225 -0.037064 0.016274
150 23.051636 -0.000008 -0.000008 -0.015972 -0.411268 -0.140523
151 22.939972 -0.000003 -0.000023 0.007492 -0.103495 -0.153986
152 22.472061 0.000003 -0.000031 0.061195 -0.099417 -0.168988
153 -1.699219 12.875607 4.918524 -1.116385 -0.148284 0.380891
154 20.938591 0.000019 -0.000008 -0.034482 -0.012973 0.016104
155 21.993599 -0.000005 -0.000069 -0.012521 -0.003068 0.005924
156 22.563812 0.000001 -0.000023 -0.041718 -0.357520 -0.175705
157 22.643349 0.000010 -0.000038 -0.025131 -0.044093 -0.195991
158 22.238033 0.000002 -0.000015 0.034458 -0.032234 -0.213082
159 -1.833786 13.936457 1.224504 -1.552447 0.040994 0.420999
160 20.406967 0.000005 -0.000046 -0.000000 -0.016932 -0.000000
161 21.655510 0.000009 -0.000008 -0.000000 -0.003038 0.000000
162 22.360649 0.000002 -0.000015 -0.065573 -0.285141 -0.191065
163 22.519657 0.000006 -0.000015 -0.072366 0.063890 -0.217183
164 22.140377 0.000004 -0.000008 -0.034874 0.069559 -0.203423
165 -1.972580 12.875608 -3.614555 -1.827109 0.155326 0.386830
166 20.655182 0.000007 -0.000023 0.014659 -0.017050 -0.006451
167 21.762253 0.000003 -0.000015 0.003159 -0.051519 0.012083
168 22.392159 0.000009 -0.000023 -0.083464 -0.241175 -0.182627
169 22.541340 0.000011 -0.000031 -0.114801 0.107273 -0.223716
170 22.217501 0.000008 -0.000015 -0.096668 0.119080 -0.200876
171 -1.967316 9.854566 -7.722432 -2.161803 0.248066 0.289766
172 21.272720 0.000003 -0.000008 0.025990 -0.015445 -0.009916
173 22.032516 0.000022 -0.000046 0.001165 -0.058974 0.010420
174 22.475670 0.000001 -0.000015 -0.086253 -0.194730 -0.167577
175 22.598717 0.000004 -0.000008 -0.132120 0.157832 -0.202447
176 22.407986 0.000015 -0.000023 -0.119252 0.174876 -0.167707
177 -1.900848 5.333252 -10.470076 -2.601403 0.305546 0.153178
178 21.914322 0.000006 -0.000023 0.024266 -0.010747 -0.007792
179 22.319839 -0.000009 -0.000008 -0.000608 -0.064812 0.006272
180 22.569626 -0.000001 -0.000023 -0.066097 -0.144974 -0.135889
181 22.663216 0.000020 -0.000031 -0.109924 0.207773 -0.158498
182 22.604525 0.000019 -0.000031 -0.099873 0.212553 -0.127776
183 -1.865585 -0.000002 -11.435440 -3.141592 0.324581 -0.000000
184 22.186676 -0.000004 -0.000015 0.000000 -0.007676 0.000000
185 22.443710 -0.000003 -0.000015 -0.000904 -0.067063 -0.000474
186 22.611549 -0.000005 -0.000019 -0.015107 -0.109055 -0.079325
187 22.692009 0.000005 0.000000 -0.034618 0.243438 -0.079846
188 22.687653 0.000010 -0.000011 -0.040015 0.239353 -0.084398
189 -1.900848 -5.333256 -10.470070 2.601403 0.305546 -0.153178
190 21.914345 0.000008 -0.000015 -0.024267 -0.010746 0.007792
191 22.319824 -0.000020 -0.000004 -0.001261 -0.064395 -0.007134
192 22.569626 0.000007 -0.000038 0.042520 -0.112271 -0.016039
193 22.663246 -0.000016 -0.000008 0.043030 0.244107 -0.004563
194 22.604530 0.000003 -0.000008 0.033240 0.245052 -0.018567
195 -1.967285 -9.854566 -7.722440 2.161803 0.248066 -0.289766
196 21.272720 -0.000016 -0.000008 -0.025990 -0.015445 0.009916
197 22.032478 0.000004 -0.000031 -0.003008 -0.058300 -0.010796
198 22.475693 -0.000007 -0.000031 0.072978 -0.143509 0.028913
199 22.598709 -0.000001 -0.000023 0.080735 0.215859 0.053081
200 22.407986 -0.000016 -0.000023 0.075685 0.230664 0.034979
201 -1.972580 -12.875610 -3.614562 1.827110 0.155326 -0.386831
202 20.655167 0.000010 -0.000015 -0.014659 -0.017050 0.006451
203 21.762276 -0.000007 -0.000008 -0.004851 -0.051264 -0.011699
204 22.392159 -0.000003 -0.000038 0.081700 -0.183036 0.055901
205 22.541332 -0.000007 -0.000023 0.075190 0.135535 0.074861
206 22.217506 -0.000002 -0.000023 0.066437 0.191489 0.078001
207 0.059621 0.456168 0.250107 0.000000 -0.000000 0.000000
208 0.059621 0.456168 0.250107 0.000000 -0.000000 0.000000
time 42
  0 0.059621 0.456168 0.250107 0.000000 -0.000000 0.000000
  1 0.059621 0.456168 0.250107 0.000000 -0.000000 0.000000
  2 0.059621 0.456168 0.250107 0.000000 -0.000000 0.000000
  3 0.059621 0.456168 0.250107 0.000000 -0.000000 0.000000
  4 0.059621 0.456168 0.250107 0.000000 -0.000000 0.000000
  5 0.059621 0.456168 0.250107 0.000000 -0.000000 0.000000
  6 0.059621 0.456168 0.250107 0.000000 -0.000000 0.000000
  7 0.059621 0.456168 0.250107 0.000000 -0.000000 0.000000
  8 0.059621 0.456168 0.250107 0.000000 -0.000000 0.000000
  9 0.059621 0.456168 0.250107 0.000000 -0.000000 0.000000
 10 53.142097 83.273170 163.081757 -1.262226 -0.229356 2.441696
 11 24.668251 0.000015 -0.000046 0.939627 -0.071885 -0.105224
 12 30.380142 0.000000 0.000000 1.417117 0.442847 -0.130994
 13 19.902084 -0.000015 0.000000 0.225481 -0.764330 -0.437154
 14 60.917751 -71.828018 107.458252 1.289600 0.153681 0.515916
 15 35.349510 0.000015 0.000008 -1.376013 0.089995 -0.312666
 16 37.124325 -0.000008 -0.000031 -1.282827 0.726332 0.405683
 17 0.059621 0.456168 0.250107 0.064768 -0.005215 -0.156772
 18 0.059621 0.456168 94.984245 1.570796 1.570796 0.000000
 19 -65.799538 -0.000020 1.142855 0.000000 0.000515 3.141077
 20 11.181580 0.005760 -0.002411 0.000000 0.254797 0.000515
 21 27.835175 -0.000000 0.000015 -3.141592 -0.129896 -0.000000
 22 5.330383 -0.000001 -0.000002 -3.070696 -0.012898 -0.019874
 23 10.134903 -4.133393 3.834198 -0.583003 -1.112435 -2.605927
 24 10.134903 4.133397 3.834200 0.583025 -1.112429 2.605908
 25 22.592361 0.000008 17.467110 -0.000010 2.956431 0.000000
 26 21.200012 -7.744009 14.169518 -0.644457 -0.154503 -3.025319
 27 18.142029 -13.440226 7.965775 1.236866 -0.253562 3.056048
 28 21.199982 7.744020 14.169498 0.644460 -0.154503 3.025318
 29 18.142014 13.440235 7.965775 -0.316157 -0.180196 -3.082644
 30 11.858887 -13.359999 3.526514 1.542249 3.132957 0.174415
 31 9.463287 -16.404863 -2.906042 1.542282 3.132901 0.176490
 32 9.125259 -10.885473 -11.371325 0.000496 2.962373 0.000256
 33 11.858871 13.360001 3.526472 -1.542248 3.132957 -0.174414
 34 9.463272 16.404863 -2.906023 -1.542281 3.132900 -0.176490
 35 9.125290 10.885471 -11.371304 -0.000492 2.962373 0.000256
 36 9.023239 -0.000003 -17.296171 0.000180 -0.167048 -3.141356
 37 12.691422 -0.000003 -19.438763 0.000000 2.435662 0.000000
 38 10.989426 0.000003 -0.000015 0.000000 -0.517996 0.000000
 39 12.871475 -10.586840 -15.652468 1.129912 2.823110 0.562230
 40 10.727005 0.000008 -0.000031 -0.053243 -0.528220 0.043999
 41 12.871460 10.586840 -15.652470 -1.135761 2.823109 -0.562229
 42 10.727005 -0.000023 0.000015 0.053243 -0.528221 -0.043999
 43 12.847229 -17.570080 -4.701338 1.369011 2.956815 0.689332
 44 11.496506 0.000006 -0.000031 -0.105369 -0.487015 0.092048
 45 12.847198 17.570080 -4.701359 -1.373089 2.956815 -0.689332
 46 11.496460 -0.000002 0.000000 0.105369 -0.487015 -0.092048
 47 28.485962 0.000009 16.460358 -0.000001 -0.197346 0.000000
 48 23.052765 -6.207911 -0.077290 -1.470206 0.035100 -1.833545
 49 9.436901 -0.000006 -0.000015 0.010287 0.614781 0.003503
 50 31.269341 0.000010 -0.000031 -0.006701 -0.188089 0.008666
 51 28.756523 0.000008 -0.000046 -0.001117 -0.057283 0.001416
 52 2.251995 -2.464409 -1.141647 0.481305 0.508197 -0.319329
 53 3.674049 -0.000011 0.000015 -0.277611 0.179024 0.194713
 54 3.614700 0.000013 -0.000008 0.013156 0.193871 -0.001558
 55 9.035503 -2.494946 0.484558 -0.001362 0.302449 0.001673
 56 2.943573 0.000000 -0.000015 0.010585 0.293657 -0.007800
 57 2.649429 0.000004 0.000015 -0.006498 0.303243 0.008512
 58 9.093624 -0.386671 0.647705 0.020190 0.475379 -0.012607
 59 3.451881 0.000000 0.000000 -0.014209 0.528778 0.009212
 60 2.898178 0.000000 0.000038 -0.000683 0.490858 0.000916
 61 8.894592 1.605852 0.371887 -0.000566 0.547851 0.000704
 62 3.130402 0.000002 0.000031 0.003896 0.567158 -0.005064
 63 2.629532 0.000002 -0.000046 0.004892 0.544389 -0.006589
 64 8.470623 3.459526 0.131500 -0.021715 0.541478 0.011456
 65 2.410271 0.000002 -0.000061 0.022815 0.529939 -0.013321
 66 2.000793 0.000006 0.000008 -0.005415 0.533618 0.007402
 67 23.052780 6.207910 -0.077309 1.481823 0.058643 2.080206
 68 9.436897 0.000019 -0.000015 0.151662 0.418551 0.413166
 69 31.269348 -0.000008 -0.000038 0.349591 0.289157 1.894984
 70 28.756508 0.000008 0.000015 0.305591 0.443572 0.067040
 71 2.251892 2.464401 -1.141571 -0.513217 0.249535 0.112914
 72 3.674084 0.000008 -0.000031 0.331388 -0.059506 -0.325011
 73 3.614677 0.000000 0.000015 0.067360 -0.216133 -0.086857
 74 9.035416 2.494949 0.484421 0.001362 -0.011534 -0.001673
 75 2.943569 0.000000 -0.000046 -0.011498 -0.020268 0.014556
 76 2.649433 0.000015 0.000015 0.006498 -0.010740 -0.008512
 77 9.093689 0.386688 0.647781 -0.018031 0.093461 0.020165
 78 3.451862 0.000015 0.000000 0.014953 0.008589 -0.019838
 79 2.898197 0.000015 -0.000008 0.000684 -0.029445 -0.000917
 80 8.894417 -1.605850 0.371910 0.000566 0.090541 -0.000704
 81 3.130428 0.000000 -0.000046 -0.003896 -0.009289 0.005063
 82 2.629517 0.000000 0.000015 -0.004892 -0.032059 0.006589
 83 8.470604 -3.459518 0.131393 0.018786 0.137518 -0.020073
 84 2.410276 -0.000015 -0.000008 -0.024238 -0.029075 0.031299
 85 2.000755 0.000000 0.000015 0.005415 -0.025697 -0.007402
 86 9.832348 1.463058 -1.299431 0.016523 -0.031798 -0.020624
 87 25.040604 -5.670405 5.432789 -1.317912 -0.230878 -2.111614
 88 28.779709 -6.856310 -0.811424 -1.465900 0.016487 -1.701002
 89 29.182297 -3.955567 -4.961967 0.895701 2.537706 0.527722
 90 25.040573 5.670407 5.432747 1.307198 -0.404895 2.159930
 91 28.779755 6.856310 -0.811405 1.465900 0.016488 1.701006
 92 29.182297 3.955564 -4.961941 -0.895702 2.537705 -0.527723
 93 -65.335655 -0.000020 1.140918 -3.141591 0.044911 0.000000
 94 26.290924 -12.205288 1.157882 -2.071447 -0.017454 0.065112
 95 49.071030 0.000008 0.000009 2.179705 0.127556 -0.112856
 96 61.871311 -0.000015 -0.000023 3.080256 0.672597 0.035641
 97 26.290924 12.205295 1.157842 2.044502 0.127786 -0.159169
 98 49.071060 0.000004 -0.000037 -2.187262 0.154733 0.063501
 99 61.871307 0.000023 -0.000027 -2.944714 0.642381 0.102745
100 -0.698074 -11.192116 -8.252762 1.304283 -0.103777 -0.873109
101 20.568230 -0.000002 -0.000015 0.010060 -0.031061 -0.145910
102 0.223785 -5.734810 -12.929605 -2.922252 0.748913 0.150433
103 20.803566 0.000001 -0.000031 0.066053 -0.208714 -0.046822
104 -1.040024 -3.033967 12.140511 1.554517 0.104601 -1.288764
105 -1.040009 3.034004 12.140501 -1.554518 0.104604 1.288764
106 4.165451 -5.407045 12.088390 0.854937 -0.629941 -0.629908
107 16.599442 0.000000 -0.000015 -0.047935 -0.051683 0.045016
108 4.165482 5.407080 12.088381 -0.808347 -0.556924 0.572348
109 16.599380 0.000006 -0.000031 0.047790 0.034491 -0.040255
110 6.428375 0.000001 -0.288944 -0.000001 -0.000000 -0.000000
111 -1.833771 -13.936460 1.224504 1.552448 0.040995 -0.420999
112 20.406960 -0.000002 -0.000015 0.000000 -0.016932 0.000000
113 21.655495 -0.000002 -0.000023 -0.005636 -0.039201 -0.010906
114 22.360664 -0.000002 -0.000023 0.077300 -0.226234 0.074830
115 22.519653 -0.000005 -0.000008 0.057018 0.055558 0.096634
116 22.140385 -0.000006 -0.000031 0.021895 0.095621 0.098594
117 -1.699203 -12.875611 4.918509 1.116385 -0.148284 -0.380891
118 20.938606 0.000013 0.000000 0.034482 -0.012972 -0.016104
119 21.993614 -0.000005 -0.000053 0.007413 -0.033086 -0.015339
120 22.563789 -0.000011 0.000000 0.069956 -0.302864 0.072357
121 22.643345 -0.000001 -0.000038 0.034176 -0.024109 0.098326
122 22.238049 -0.000007 -0.000046 -0.016412 0.001980 0.108306
123 -1.634338 -9.854567 8.052346 0.714077 -0.292095 -0.280759
124 22.205292 0.000001 -0.000023 0.042841 -0.006102 -0.020254
125 22.804390 -0.000005 -0.000038 0.012616 -0.031181 -0.014180
126 23.051659 0.000003 0.000000 0.056114 -0.371272 0.046384
127 22.939980 0.000003 -0.000061 0.020105 -0.098003 0.070641
128 22.472054 0.000001 -0.000031 -0.021705 -0.082812 0.086463
129 -1.616135 -5.333253 10.147437 0.347094 -0.374743 -0.146641
130 23.451302 -0.000001 -0.000023 0.027042 -0.001892 -0.012901
131 23.608025 -0.000003 -0.000023 0.008797 -0.030838 -0.007774
132 23.536232 -0.000002 -0.000038 0.040816 -0.419517 0.004923
133 23.233971 0.000003 0.000015 0.018373 -0.150165 0.022558
134 22.703671 0.000006 -0.000015 -0.001707 -0.139161 0.033752
135 -1.614517 -0.000000 10.883349 -0.000000 -0.400842 0.000000
136 23.962143 0.000001 -0.000038 0.000000 -0.000699 -0.000000
137 23.938965 -0.000003 0.000000 -0.000288 -0.031069 0.000824
138 23.736031 -0.000003 -0.000023 0.023923 -0.360855 -0.042475
139 23.354971 0.000006 -0.000038 0.021669 -0.158203 -0.036151
140 22.798931 -0.000008 -0.000023 0.026905 -0.162816 -0.031511
141 -1.616135 5.333251 10.147422 -0.347094 -0.374742 0.146641
142 23.451309 -0.000006 0.000000 -0.027042 -0.001892 0.012901
143 23.608025 -0.000002 -0.000038 -0.009410 -0.031260 0.009491
144 23.536243 0.000000 -0.000015 0.005670 -0.438520 -0.093557
145 23.233974 -0.000015 -0.000038 0.021349 -0.152179 -0.098381
146 22.703667 0.000011 -0.000008 0.052430 -0.154233 -0.098467
147 -1.634338 9.854565 8.052344 -0.714078 -0.292096 0.280760
148 22.205246 0.000003 -0.000008 -0.042841 -0.006101 0.020254
149 22.804459 0.000002 -0.000069 -0.013378 -0.031994 0.015750
150 23.051643 -0.000006 0.000000 -0.016164 -0.407869 -0.141568
151 22.939972 -0.000002 -0.000015 0.007492 -0.117065 -0.153985
152 22.472065 0.000002 -0.000031 0.061511 -0.112904 -0.170460
153 -1.699203 12.875607 4.918525 -1.116385 -0.148284 0.380891
154 20.938599 0.000019 0.000000 -0.034482 -0.012973 0.016104
155 21.993591 -0.000005 -0.000061 -0.012521 -0.003068 0.005924
156 22.563812 0.000001 -0.000023 -0.042024 -0.353261 -0.177081
157 22.643360 0.000010 -0.000046 -0.025122 -0.057658 -0.195630
158 22.238033 -0.000006 -0.000023 0.034579 -0.045742 -0.214363
159 -1.833771 13.936458 1.224504 -1.552447 0.040994 0.420999
160 20.406952 0.000005 -0.000038 -0.000000 -0.016932 -0.000000
161 21.655510 0.000009 -0.000008 -0.000000 -0.003038 0.000000
162 22.360657 0.000002 -0.000023 -0.065987 -0.279105 -0.192647
163 22.519665 0.000008 -0.000031 -0.072266 0.050010 -0.216128
164 22.140377 0.000004 -0.000015 -0.034956 0.055771 -0.203751
165 -1.972565 12.875609 -3.614555 -1.827109 0.155326 0.386830
166 20.655182 0.000007 -0.000015 0.014659 -0.017050 -0.006451
167 21.762253 0.000003 -0.000015 0.002964 -0.045788 0.011582
168 22.392159 0.000010 -0.000015 -0.083907 -0.234762 -0.184334
169 22.541336 0.000011 -0.000031 -0.114565 0.093473 -0.222033
170 22.217495 0.000008 -0.000031 -0.096829 0.105284 -0.200319
171 -1.967316 9.854567 -7.722432 -2.161803 0.248066 0.289766
172 21.272736 0.000003 -0.000008 0.025990 -0.015445 -0.009916
173 22.032524 0.000022 -0.000046 0.001032 -0.053224 0.009987
174 22.475655 0.000000 -0.000023 -0.086633 -0.187896 -0.169138
175 22.598713 0.000004 -0.000015 -0.131759 0.144015 -0.200527
176 22.407970 0.000015 -0.000031 -0.118895 0.161040 -0.165966
177 -1.900833 5.333252 -10.470076 -2.601403 0.305546 0.153178
178 21.914322 0.000006 -0.000023 0.024266 -0.010747 -0.007792
179 22.319839 -0.000009 -0.000004 -0.000649 -0.058964 0.006004
180 22.569626 -0.000002 -0.000015 -0.066333 -0.137722 -0.136932
181 22.663216 0.000022 -0.000023 -0.109546 0.193883 -0.156907
182 22.604527 0.000021 -0.000023 -0.099522 0.198652 -0.126332
183 -1.865570 -0.000002 -11.435440 -3.141592 0.324581 -0.000000
184 22.186661 -0.000004 -0.000008 0.000000 -0.007676 0.000000
185 22.443703 -0.000003 -0.000011 -0.000767 -0.061230 -0.000402
186 22.611549 -0.000005 -0.000023 -0.015090 -0.101615 -0.079336
187 22.692017 0.000005 -0.000008 -0.034481 0.229459 -0.079364
188 22.687653 0.000010 -0.000008 -0.040026 0.225370 -0.084177
189 -1.900833 -5.333257 -10.470070 2.601403 0.305546 -0.153178
190 21.914330 0.000008 -0.000015 -0.024267 -0.010746 0.007792
191 22.319824 -0.000020 -0.000004 -0.000972 -0.058726 -0.006789
192 22.569618 0.000007 -0.000038 0.042840 -0.105091 -0.015080
193 22.663235 -0.000019 -0.000008 0.042857 0.230151 -0.005203
194 22.604523 0.000003 -0.000008 0.033105 0.231089 -0.019059
195 -1.967285 -9.854565 -7.722440 2.161803 0.248066 -0.289766
196 21.272713 -0.000016 -0.000008 -0.025990 -0.015445 0.009916
197 22.032478 0.000004 -0.000031 -0.002660 -0.052836 -0.010358
198 22.475693 -0.000007 -0.000031 0.073491 -0.136799 0.030371
199 22.598709 0.000001 -0.000015 0.080443 0.201973 0.051883
200 22.407986 -0.000014 -0.000015 0.075394 0.216767 0.033854
201 -1.972565 -12.875609 -3.614562 1.827110 0.155326 -0.386831
202 20.655167 0.000010 -0.000031 -0.014659 -0.017050 0.006451
203 21.762276 -0.000007 -0.000008 -0.004466 -0.045979 -0.011201
204 22.392166 -0.000005 -0.000031 0.082302 -0.176778 0.057495
205 22.541340 -0.000005 -0.000023 0.075839 0.126667 0.074807
206 22.217495 -0.000004 -0.000015 0.066213 0.177655 0.077022
207 0.059621 0.456168 0.250107 0.000000 -0.000000 0.000000
208 0.059621 0.456168 0.250107 0.000000 -0.000000 0.000000
time 43
  0 0.059621 0.456168 0.250107 0.000000 -0.000000 0.000000
  1 0.059621 0.456168 0.250107 0.000000 -0.000000 0.000000
  2 0.059621 0.456168 0.250107 0.000000 -0.000000 0.000000
  3 0.059621 0.456168 0.250107 0.000000 -0.000000 0.000000
  4 0.059621 0.456168 0.250107 0.000000 -0.000000 0.000000
  5 0.059621 0.456168 0.250107 0.000000 -0.000000 0.000000
  6 0.059621 0.456168 0.250107 0.000000 -0.000000 0.000000
  7 0.059621 0.456168 0.250107 0.000000 -0.000000 0.000000
  8 0.059621 0.456168 0.250107 0.000000 -0.000000 0.000000
  9 0.059621 0.456168 0.250107 0.000000 -0.000000 0.000000
 10 65.478081 76.401718 161.206284 -1.258838 -0.205828 2.405538
 11 24.668251 0.000015 -0.000038 0.955908 -0.132308 -0.090874
 12 30.380142 -0.000015 -0.000015 1.450444 0.390519 0.000542
 13 19.902088 -0.000015 0.000015 0.197296 -0.668789 -0.382510
 14 52.895981 -72.694016 107.458252 1.289588 0.104512 0.424331
 15 35.349503 0.000008 0.000015 -1.380522 0.098551 -0.317628
 16 37.124325 -0.000008 -0.000023 -1.262573 0.777176 0.406485
 17 0.059621 0.456168 0.250107 0.064768 -0.005215 -0.156772
 18 0.059621 0.456168 93.811119 1.570796 1.570796 0.000000
 19 -65.799538 -0.000020 1.142855 0.000000 0.000515 3.141077
 20 11.181564 0.005760 -0.002411 0.000000 0.254797 0.000515
 21 27.835159 -0.000000 0.000015 -3.141592 -0.129896 -0.000000
 22 5.330368 -0.000001 0.000000 -3.070743 -0.013257 -0.014858
 23 10.134903 -4.133393 3.834198 -0.595910 -1.121843 -2.591557
 24 10.134903 4.133398 3.834198 0.595932 -1.121837 2.591537
 25 22.592361 0.000009 17.467110 -0.000010 2.956431 0.000000
 26 21.199997 -7.744008 14.169518 -0.644457 -0.154503 -3.025319
 27 18.142029 -13.440227 7.965773 1.235107 -0.238373 3.061554
 28 21.199982 7.744021 14.169498 0.644460 -0.154503 3.025318
 29 18.141998 13.440236 7.965773 -0.316157 -0.180196 -3.082644
 30 11.858871 -13.359998 3.526510 1.542249 3.132957 0.174415
 31 9.463272 -16.404865 -2.906048 1.542282 3.132901 0.176490
 32 9.125244 -10.885475 -11.371328 0.000496 2.962373 0.000256
 33 11.858841 13.360003 3.526470 -1.542248 3.132957 -0.174414
 34 9.463257 16.404865 -2.906025 -1.542281 3.132900 -0.176490
 35 9.125275 10.885471 -11.371307 -0.000492 2.962373 0.000256
 36 9.023224 -0.000003 -17.296177 0.000180 -0.167048 -3.141356
 37 12.691406 -0.000003 -19.438768 0.000000 2.451717 0.000000
 38 10.989426 0.000002 0.000000 0.000000 -0.454294 0.000000
 39 12.871475 -10.586842 -15.652472 1.124389 2.829873 0.546716
 40 10.727005 0.000010 -0.000015 -0.051700 -0.464601 0.040478
 41 12.871445 10.586840 -15.652473 -1.130166 2.829873 -0.546715
 42 10.726974 -0.000021 0.000015 0.051700 -0.464601 -0.040478
 43 12.847214 -17.570084 -4.701342 1.365668 2.960016 0.673278
 44 11.496506 0.000006 -0.000031 -0.102662 -0.423602 0.085320
 45 12.847183 17.570084 -4.701359 -1.369696 2.960015 -0.673277
 46 11.496475 -0.000002 0.000000 0.102662 -0.423602 -0.085320
 47 28.485947 0.000010 16.460358 -0.000001 -0.180314 0.000000
 48 23.052750 -6.207911 -0.077290 -1.470206 0.035100 -1.833545
 49 9.436905 -0.000008 -0.000015 0.010287 0.607623 0.003503
 50 31.269341 0.000011 -0.000031 -0.006701 -0.155926 0.008666
 51 28.756508 0.000008 -0.000031 -0.001117 -0.041499 0.001416
 52 2.251995 -2.464409 -1.141663 0.481305 0.508197 -0.319329
 53 3.674042 -0.000013 0.000015 -0.277611 0.179024 0.194713
 54 3.614693 0.000010 -0.000008 0.013156 0.193871 -0.001558
 55 9.035503 -2.494946 0.484558 -0.001362 0.302449 0.001673
 56 2.943581 0.000002 -0.000031 0.010585 0.293657 -0.007800
 57 2.649437 0.000000 0.000008 -0.006498 0.303243 0.008512
 58 9.093628 -0.386669 0.647675 0.020190 0.475380 -0.012607
 59 3.451889 0.000000 0.000000 -0.014209 0.528778 0.009212
 60 2.898163 0.000002 0.000027 -0.000683 0.490858 0.000916
 61 8.894585 1.605850 0.371887 -0.000566 0.547851 0.000704
 62 3.130402 0.000000 0.000031 0.003896 0.567158 -0.005064
 63 2.629547 0.000000 -0.000034 0.004892 0.544388 -0.006589
 64 8.470619 3.459528 0.131470 -0.021715 0.541478 0.011455
 65 2.410271 -0.000002 -0.000053 0.022815 0.529939 -0.013321
 66 2.000809 0.000006 0.000008 -0.005415 0.533618 0.007402
 67 23.052765 6.207910 -0.077309 1.481823 0.058643 2.080206
 68 9.436905 0.000019 -0.000015 0.151662 0.418551 0.413166
 69 31.269348 -0.000015 -0.000031 0.368839 0.292548 1.896603
 70 28.756508 0.000000 0.000000 0.309925 0.469193 0.077976
 71 2.251892 2.464417 -1.141556 -0.513217 0.249535 0.112914
 72 3.674088 0.000015 -0.000015 0.331388 -0.059506 -0.325011
 73 3.614679 0.000015 0.000031 0.067360 -0.216133 -0.086857
 74 9.035412 2.494965 0.484428 0.001362 -0.011534 -0.001673
 75 2.943569 -0.000015 -0.000023 -0.011497 -0.020268 0.014556
 76 2.649445 0.000000 0.000023 0.006498 -0.010740 -0.008512
 77 9.093685 0.386673 0.647781 -0.018031 0.093461 0.020165
 78 3.451862 0.000000 0.000000 0.014953 0.008589 -0.019838
 79 2.898201 -0.000015 -0.000015 0.000683 -0.029445 -0.000917
 80 8.894409 -1.605835 0.371910 0.000566 0.090541 -0.000704
 81 3.130432 0.000000 -0.000046 -0.003896 -0.009289 0.005063
 82 2.629517 -0.000015 0.000015 -0.004892 -0.032059 0.006589
 83 8.470600 -3.459518 0.131393 0.018786 0.137518 -0.020073
 84 2.410275 0.000000 -0.000015 -0.024238 -0.029075 0.031299
 85 2.000759 0.000000 0.000023 0.005415 -0.025697 -0.007402
 86 9.832344 1.463074 -1.299431 0.016523 -0.031798 -0.020624
 87 25.040588 -5.670405 5.432793 -1.316713 -0.229630 -2.116710
 88 28.779694 -6.856310 -0.811420 -1.465970 0.017024 -1.706082
 89 29.182281 -3.955567 -4.961964 0.892819 2.540842 0.522765
 90 25.040558 5.670407 5.432751 1.305038 -0.403617 2.165326
 91 28.779739 6.856310 -0.811401 1.465970 0.017025 1.706086
 92 29.182281 3.955564 -4.961941 -0.892819 2.540841 -0.522766
 93 -65.335655 -0.000020 1.140918 -3.141591 0.044911 0.000000
 94 26.290924 -12.205289 1.157882 -2.071447 -0.017454 0.065112
 95 49.071022 0.000008 0.000009 2.179705 0.127556 -0.112856
 96 61.871315 -0.000015 -0.000021 3.080256 0.672597 0.035641
 97 26.290924 12.205294 1.157841 2.044502 0.127786 -0.159169
 98 49.071060 0.000004 -0.000037 -2.187262 0.154733 0.063501
 99 61.871304 0.000023 -0.000027 -2.944714 0.642381 0.102745
100 -0.698059 -11.192117 -8.252762 1.303066 -0.098049 -0.855097
101 20.568237 -0.000002 -0.000015 0.010102 -0.009933 -0.146361
102 0.223785 -5.734809 -12.929605 -2.924450 0.731323 0.147145
103 20.803566 0.000002 -0.000031 0.066114 -0.191757 -0.046084
104 -1.040009 -3.033968 12.140511 1.554517 0.104601 -1.288764
105 -1.039993 3.034004 12.140501 -1.554518 0.104604 1.288764
106 4.165451 -5.407045 12.088390 0.854937 -0.629941 -0.629908
107 16.599442 0.000000 -0.000015 -0.047935 -0.051683 0.045016
108 4.165482 5.407080 12.088381 -0.813007 -0.564331 0.579291
109 16.599388 0.000008 -0.000023 0.047837 0.025077 -0.040787
110 6.428391 0.000001 -0.288944 -0.000001 -0.000000 -0.000000
111 -1.833771 -13.936460 1.224504 1.552448 0.040995 -0.420999
112 20.406952 -0.000002 -0.000015 0.000000 -0.016932 0.000000
113 21.655495 -0.000002 -0.000023 -0.005180 -0.033578 -0.010250
114 22.360672 -0.000002 -0.000023 0.077910 -0.220995 0.076401
115 22.519653 -0.000005 -0.000023 0.057800 0.047658 0.096705
116 22.140385 -0.000008 -0.000015 0.021895 0.083001 0.098594
117 -1.699203 -12.875611 4.918509 1.116385 -0.148284 -0.380891
118 20.938606 0.000013 -0.000008 0.034482 -0.012972 -0.016104
119 21.993614 -0.000005 -0.000053 0.007823 -0.027636 -0.014761
120 22.563782 -0.000012 -0.000008 0.070439 -0.298612 0.073714
121 22.643345 0.000000 -0.000038 0.034948 -0.032589 0.098640
122 22.238052 -0.000004 -0.000031 -0.016463 -0.010626 0.108898
123 -1.634338 -9.854567 8.052345 0.714077 -0.292095 -0.280759
124 22.205299 0.000001 -0.000023 0.042841 -0.006102 -0.020254
125 22.804390 -0.000005 -0.000046 0.012936 -0.026167 -0.013779
126 23.051659 0.000002 0.000000 0.056468 -0.367742 0.047354
127 22.939972 0.000004 -0.000038 0.020710 -0.106888 0.070864
128 22.472057 -0.000001 -0.000031 -0.021801 -0.095419 0.087041
129 -1.616135 -5.333253 10.147436 0.347094 -0.374743 -0.146641
130 23.451302 -0.000000 -0.000015 0.027042 -0.001892 -0.012901
131 23.608025 -0.000003 -0.000031 0.009002 -0.026063 -0.007602
132 23.536232 -0.000001 -0.000031 0.041019 -0.416381 0.005394
133 23.233971 0.000004 0.000008 0.018746 -0.159264 0.022544
134 22.703674 0.000007 -0.000015 -0.001707 -0.151781 0.033752
135 -1.614517 -0.000000 10.883348 -0.000000 -0.400842 0.000000
136 23.962151 0.000001 -0.000046 0.000000 -0.000699 -0.000000
137 23.938957 -0.000003 0.000008 -0.000236 -0.026345 0.000674
138 23.736034 -0.000003 -0.000031 0.024114 -0.370002 -0.042864
139 23.354971 0.000006 -0.000038 0.021778 -0.170817 -0.036543
140 22.798927 -0.000008 -0.000031 0.026933 -0.175432 -0.031848
141 -1.616135 5.333251 10.147421 -0.347094 -0.374742 0.146641
142 23.451309 -0.000006 -0.000008 -0.027042 -0.001892 0.012901
143 23.608025 -0.000002 -0.000046 -0.009504 -0.026409 0.009052
144 23.536255 0.000000 -0.000023 0.005624 -0.435250 -0.094139
145 23.233971 -0.000018 -0.000031 0.021372 -0.164796 -0.098650
146 22.703663 0.000012 -0.000008 0.052488 -0.166835 -0.099128
147 -1.634338 9.854565 8.052343 -0.714078 -0.292096 0.280760
148 22.205254 0.000003 0.000000 -0.042841 -0.006101 0.020254
149 22.804451 0.000002 -0.000076 -0.013571 -0.026833 0.015131
150 23.051643 -0.000007 -0.000015 -0.016359 -0.404090 -0.142631
151 22.939976 -0.000005 -0.000015 0.007492 -0.129685 -0.153985
152 22.472061 0.000001 -0.000038 0.061848 -0.125448 -0.171828
153 -1.699203 12.875607 4.918524 -1.116385 -0.148284 0.380891
154 20.938599 0.000019 -0.000008 -0.034482 -0.012973 0.016104
155 21.993599 -0.000005 -0.000061 -0.012521 -0.003068 0.005924
156 22.563812 0.000001 -0.000015 -0.042336 -0.348686 -0.178482
157 22.643353 0.000010 -0.000046 -0.025113 -0.070274 -0.195249
158 22.238026 -0.000004 -0.000023 0.034707 -0.058305 -0.215554
159 -1.833771 13.936458 1.224504 -1.552447 0.040994 0.420999
160 20.406944 0.000005 -0.000038 -0.000000 -0.016932 -0.000000
161 21.655510 0.000009 -0.000008 -0.000000 -0.003038 0.000000
162 22.360649 0.000002 -0.000015 -0.066409 -0.272959 -0.194258
163 22.519665 0.000006 -0.000015 -0.072161 0.036337 -0.214984
164 22.140381 0.000006 0.000000 -0.035033 0.042456 -0.204055
165 -1.972580 12.875609 -3.614555 -1.827109 0.155326 0.386830
166 20.655182 0.000007 -0.000023 0.014659 -0.017050 -0.006451
167 21.762260 0.000003 -0.000023 0.002721 -0.039796 0.010928
168 22.392166 0.000010 -0.000023 -0.084358 -0.228233 -0.186073
169 22.541336 0.000011 -0.000031 -0.114316 0.079933 -0.220198
170 22.217491 0.000008 -0.000015 -0.096978 0.091926 -0.199726
171 -1.967316 9.854567 -7.722432 -2.161803 0.248066 0.289766
172 21.272736 0.000003 -0.000015 0.025990 -0.015445 -0.009916
173 22.032524 0.000022 -0.000053 0.000869 -0.047141 0.009426
174 22.475670 0.000000 -0.000023 -0.087020 -0.180938 -0.170728
175 22.598709 0.000004 -0.000015 -0.131376 0.130362 -0.198491
176 22.407978 0.000015 -0.000031 -0.118517 0.147375 -0.164118
177 -1.900848 5.333252 -10.470076 -2.601403 0.305546 0.153178
178 21.914307 0.000006 -0.000023 0.024266 -0.010747 -0.007792
179 22.319839 -0.000009 -0.000004 -0.000698 -0.052729 0.005662
180 22.569618 -0.000002 -0.000019 -0.066572 -0.130338 -0.137993
181 22.663212 0.000019 -0.000023 -0.109143 0.180080 -0.155264
182 22.604527 0.000015 -0.000027 -0.099150 0.184845 -0.124848
183 -1.865585 -0.000002 -11.435440 -3.141592 0.324581 -0.000000
184 22.186661 -0.000004 -0.000015 0.000000 -0.007676 0.000000
185 22.443710 -0.000003 -0.000011 -0.000628 -0.054980 -0.000329
186 22.611542 -0.000005 -0.000023 -0.015068 -0.094040 -0.079349
187 22.692020 0.000006 0.000000 -0.034334 0.215534 -0.078915
188 22.687653 0.000012 0.000000 -0.040036 0.211450 -0.083972
189 -1.900848 -5.333257 -10.470070 2.601403 0.305546 -0.153178
190 21.914345 0.000008 -0.000015 -0.024267 -0.010746 0.007792
191 22.319824 -0.000020 -0.000004 -0.000666 -0.052660 -0.006363
192 22.569626 0.000007 -0.000038 0.043165 -0.097780 -0.014104
193 22.663231 -0.000018 0.000000 0.042673 0.216290 -0.005888
194 22.604527 0.000005 -0.000004 0.032960 0.217216 -0.019583
195 -1.967285 -9.854565 -7.722440 2.161803 0.248066 -0.289766
196 21.272713 -0.000016 0.000000 -0.025990 -0.015445 0.009916
197 22.032471 0.000004 -0.000031 -0.002270 -0.047024 -0.009786
198 22.475693 -0.000007 -0.000038 0.074013 -0.129967 0.031856
199 22.598709 0.000003 -0.000015 0.080132 0.188262 0.050595
200 22.407990 -0.000017 -0.000008 0.075084 0.203034 0.032646
201 -1.972580 -12.875609 -3.614562 1.827110 0.155326 -0.386831
202 20.655167 0.000010 -0.000015 -0.014659 -0.017050 0.006451
203 21.762276 -0.000007 -0.000015 -0.004021 -0.040397 -0.010556
204 22.392159 -0.000003 -0.000038 0.082915 -0.170407 0.059118
205 22.541338 -0.000009 -0.000031 0.076499 0.118085 0.074765
206 22.217503 -0.000004 -0.000015 0.065978 0.164139 0.075976
207 0.059621 0.456168 0.250107 0.000000 -0.000000 0.000000
208 0.059621 0.456168 0.250107 0.000000 -0.000000 0.000000
time 44
  0 0.059621 0.456168 0.250107 0.000000 -0.000000 0.000000
  1 0.059621 0.456168 0.250107 0.000000 -0.000000 0.000000
  2 0.059621 0.456168 0.250107 0.000000 -0.000000 0.000000
  3 0.059621 0.456168 0.250107 0.000000 -0.000000 0.000000
  4 0.059621 0.456168 0.250107 0.000000 -0.000000 0.000000
  5 0.059621 0.456168 0.250107 0.000000 -0.000000 0.000000
  6 0.059621 0.456168 0.250107 0.000000 -0.000000 0.000000
  7 0.059621 0.456168 0.250107 0.000000 -0.000000 0.000000
  8 0.059621 0.456168 0.250107 0.000000 -0.000000 0.000000
  9 0.059621 0.456168 0.250107 0.000000 -0.000000 0.000000
 10 77.545753 69.122063 159.481293 -1.255280 -0.180901 2.377690
 11 24.668247 0.000000 -0.000031 0.975677 -0.205680 -0.073448
 12 30.380150 0.000015 0.000000 1.490914 0.326977 0.160264
 13 19.902088 0.000000 -0.000015 0.163071 -0.552774 -0.316156
 14 38.864552 -69.865845 107.458252 1.327783 0.056145 0.272993
 15 35.349510 0.000008 0.000023 -1.384931 0.106235 -0.322084
 16 37.124325 -0.000008 -0.000031 -1.243172 0.824390 0.407153
 17 0.059621 0.456168 0.250107 0.064768 -0.005215 -0.156772
 18 0.059621 0.456168 92.728874 1.570796 1.570796 0.000000
 19 -65.799538 -0.000020 1.142855 -0.000000 0.000515 3.141077
 20 11.181564 0.005760 -0.002411 0.000000 0.254797 0.000515
 21 27.835159 -0.000000 0.000015 -3.141592 -0.129896 -0.000000
 22 5.330383 -0.000001 0.000000 -3.070787 -0.013582 -0.010326
 23 10.134888 -4.133393 3.834200 -0.608934 -1.130860 -2.577121
 24 10.134903 4.133398 3.834204 0.608956 -1.130853 2.577102
 25 22.592377 0.000009 17.467115 -0.000010 2.956431 0.000000
 26 21.199997 -7.744007 14.169523 -0.644457 -0.154503 -3.025319
 27 18.142014 -13.440226 7.965775 1.233489 -0.224413 3.066615
 28 21.199966 7.744021 14.169500 0.644460 -0.154503 3.025318
 29 18.141998 13.440233 7.965776 -0.316157 -0.180196 -3.082644
 30 11.858871 -13.359997 3.526514 1.542249 3.132957 0.174415
 31 9.463287 -16.404863 -2.906044 1.542282 3.132901 0.176490
 32 9.125259 -10.885473 -11.371326 0.000496 2.962373 0.000256
 33 11.858871 13.360003 3.526474 -1.542248 3.132957 -0.174414
 34 9.463257 16.404863 -2.906023 -1.542281 3.132900 -0.176490
 35 9.125275 10.885469 -11.371304 -0.000492 2.962373 0.000256
 36 9.023239 -0.000003 -17.296175 0.000180 -0.167048 -3.141356
 37 12.691406 -0.000003 -19.438766 0.000000 2.466473 0.000000
 38 10.989410 0.000003 -0.000031 0.000000 -0.391726 0.000000
 39 12.871460 -10.586840 -15.652472 1.118914 2.836090 0.532457
 40 10.727005 0.000007 -0.000023 -0.050185 -0.402114 0.037020
 41 12.871445 10.586840 -15.652470 -1.124466 2.836089 -0.532456
 42 10.726974 -0.000023 0.000008 0.050185 -0.402114 -0.037020
 43 12.847214 -17.570078 -4.701338 1.362276 2.962957 0.658522
 44 11.496521 0.000008 -0.000031 -0.100003 -0.361318 0.078713
 45 12.847183 17.570080 -4.701357 -1.366147 2.962956 -0.658521
 46 11.496460 -0.000004 -0.000015 0.100003 -0.361318 -0.078713
 47 28.485977 0.000010 16.460360 -0.000001 -0.162469 0.000000
 48 23.052750 -6.207911 -0.077290 -1.470206 0.035100 -1.833545
 49 9.436901 -0.000008 -0.000015 0.010287 0.600487 0.003503
 50 31.269325 0.000010 -0.000015 -0.006701 -0.123763 0.008666
 51 28.756516 0.000008 -0.000031 -0.001117 -0.025714 0.001416
 52 2.251987 -2.464409 -1.141647 0.481305 0.508197 -0.319329
 53 3.674042 -0.000010 0.000015 -0.277611 0.179024 0.194713
 54 3.614685 0.000012 0.000000 0.013156 0.193871 -0.001558
 55 9.035503 -2.494946 0.484543 -0.001362 0.302449 0.001673
 56 2.943581 0.000002 -0.000015 0.010585 0.293657 -0.007800
 57 2.649429 0.000002 0.000000 -0.006498 0.303243 0.008512
 58 9.093632 -0.386669 0.647690 0.020190 0.475380 -0.012607
 59 3.451881 0.000000 0.000000 -0.014209 0.528778 0.009212
 60 2.898193 0.000000 0.000038 -0.000683 0.490858 0.000916
 61 8.894588 1.605850 0.371887 -0.000566 0.547851 0.000704
 62 3.130409 0.000002 0.000046 0.003896 0.567158 -0.005064
 63 2.629532 0.000002 -0.000038 0.004892 0.544388 -0.006589
 64 8.470627 3.459526 0.131485 -0.021715 0.541478 0.011456
 65 2.410263 0.000000 -0.000046 0.022815 0.529939 -0.013321
 66 2.000793 0.000006 0.000015 -0.005415 0.533618 0.007402
 67 23.052765 6.207909 -0.077309 1.481823 0.058643 2.080206
 68 9.436897 0.000019 -0.000015 0.151662 0.418551 0.413166
 69 31.269348 -0.000015 -0.000038 0.386333 0.295630 1.898072
 70 28.756508 0.000008 0.000008 0.313895 0.492666 0.087994
 71 2.251892 2.464401 -1.141563 -0.513217 0.249535 0.112914
 72 3.674086 0.000008 -0.000015 0.331388 -0.059506 -0.325011
 73 3.614679 0.000000 0.000015 0.067360 -0.216133 -0.086857
 74 9.035412 2.494934 0.484428 0.001362 -0.011534 -0.001673
 75 2.943569 0.000000 -0.000031 -0.011497 -0.020268 0.014556
 76 2.649441 0.000000 0.000023 0.006498 -0.010740 -0.008512
 77 9.093689 0.386688 0.647789 -0.018031 0.093461 0.020165
 78 3.451859 0.000000 -0.000008 0.014953 0.008589 -0.019838
 79 2.898197 0.000000 -0.000015 0.000683 -0.029445 -0.000917
 80 8.894409 -1.605850 0.371910 0.000566 0.090541 -0.000704
 81 3.130428 0.000000 -0.000038 -0.003896 -0.009289 0.005063
 82 2.629520 0.000000 0.000015 -0.004892 -0.032059 0.006589
 83 8.470604 -3.459518 0.131401 0.018786 0.137518 -0.020073
 84 2.410276 -0.000015 -0.000015 -0.024238 -0.029075 0.031299
 85 2.000755 0.000000 0.000023 0.005415 -0.025697 -0.007402
 86 9.832344 1.463074 -1.299431 0.016523 -0.031798 -0.020624
 87 25.040588 -5.670406 5.432789 -1.315615 -0.228486 -2.121379
 88 28.779694 -6.856310 -0.811424 -1.466034 0.017516 -1.710737
 89 29.182281 -3.955567 -4.961967 0.890178 2.543715 0.518224
 90 25.040558 5.670406 5.432747 1.303058 -0.402447 2.170270
 91 28.779739 6.856310 -0.811405 1.466033 0.017517 1.710740
 92 29.182281 3.955564 -4.961941 -0.890178 2.543714 -0.518225
 93 -65.335655 -0.000020 1.140918 -3.141591 0.044911 0.000000
 94 26.290924 -12.205288 1.157882 -2.071447 -0.017454 0.065112
 95 49.071022 0.000008 0.000009 2.179705 0.127556 -0.112856
 96 61.871315 -0.000015 -0.000023 3.080256 0.672597 0.035641
 97 26.290924 12.205295 1.157841 2.044502 0.127786 -0.159169
 98 49.071068 0.000004 -0.000037 -2.187262 0.154733 0.063501
 99 61.871300 0.000023 -0.000027 -2.944714 0.642381 0.102745
100 -0.698074 -11.192117 -8.252763 1.301612 -0.092423 -0.836665
101 20.568230 0.000000 -0.000015 0.010143 0.010819 -0.146803
102 0.223770 -5.734810 -12.929605 -2.927092 0.713105 0.143173
103 20.803574 0.000002 -0.000038 0.066175 -0.173844 -0.045214
104 -1.040024 -3.033968 12.140509 1.554517 0.104601 -1.288764
105 -1.040009 3.034004 12.140499 -1.554518 0.104604 1.288764
106 4.165451 -5.407045 12.088390 0.854937 -0.629941 -0.629908
107 16.599434 0.000000 -0.000031 -0.047935 -0.051683 0.045016
108 4.165482 5.407080 12.088379 -0.817891 -0.572097 0.586177
109 16.599373 0.000008 -0.000031 0.047879 0.015442 -0.041331
110 6.428375 0.000001 -0.288944 -0.000001 -0.000000 -0.000000
111 -1.833771 -13.936461 1.224504 1.552448 0.040995 -0.420999
112 20.406944 -0.000002 -0.000023 0.000000 -0.016932 0.000000
113 21.655502 -0.000002 -0.000015 -0.004657 -0.027928 -0.009429
114 22.360664 -0.000002 -0.000031 0.078509 -0.215629 0.077945
115 22.519653 -0.000005 -0.000023 0.058568 0.040504 0.096775
116 22.140388 -0.000004 -0.000023 0.021895 0.071504 0.098594
117 -1.699203 -12.875612 4.918508 1.116385 -0.148284 -0.380891
118 20.938606 0.000013 0.000000 0.034482 -0.012972 -0.016104
119 21.993607 -0.000005 -0.000053 0.008295 -0.022282 -0.014042
120 22.563789 -0.000011 -0.000008 0.070913 -0.294087 0.075046
121 22.643353 0.000000 -0.000038 0.035706 -0.040312 0.098947
122 22.238052 -0.000008 -0.000023 -0.016516 -0.022110 0.109437
123 -1.634338 -9.854568 8.052347 0.714077 -0.292095 -0.280759
124 22.205292 0.000001 -0.000023 0.042841 -0.006102 -0.020254
125 22.804390 -0.000005 -0.000046 0.013301 -0.021243 -0.013286
126 23.051655 0.000003 0.000000 0.056816 -0.363831 0.048306
127 22.939976 0.000004 -0.000053 0.021304 -0.115010 0.071082
128 22.472065 -0.000002 -0.000023 -0.021902 -0.106904 0.087568
129 -1.616135 -5.333254 10.147438 0.347094 -0.374743 -0.146641
130 23.451302 -0.000000 -0.000023 0.027042 -0.001892 -0.012901
131 23.608017 -0.000003 -0.000031 0.009225 -0.021374 -0.007395
132 23.536232 -0.000000 -0.000031 0.041219 -0.412804 0.005857
133 23.233969 0.000003 0.000008 0.019113 -0.167596 0.022530
134 22.703671 0.000008 -0.000008 -0.001707 -0.163279 0.033752
135 -1.614517 -0.000000 10.883350 -0.000000 -0.400842 0.000000
136 23.962143 0.000001 -0.000046 0.000000 -0.000699 -0.000000
137 23.938965 -0.000003 0.000008 -0.000185 -0.021706 0.000527
138 23.736027 -0.000003 -0.000031 0.024302 -0.378381 -0.043231
139 23.354971 0.000006 -0.000038 0.021884 -0.182309 -0.036901
140 22.798927 -0.000009 -0.000031 0.026958 -0.186925 -0.032155
141 -1.616135 5.333250 10.147423 -0.347094 -0.374742 0.146641
142 23.451309 -0.000006 -0.000008 -0.027042 -0.001892 0.012901
143 23.608025 -0.000002 -0.000038 -0.009617 -0.021645 0.008577
144 23.536251 0.000002 -0.000015 0.005578 -0.431559 -0.094710
145 23.233971 -0.000015 -0.000038 0.021396 -0.176290 -0.098896
146 22.703659 0.000013 -0.000015 0.052549 -0.178317 -0.099730
147 -1.634338 9.854564 8.052345 -0.714078 -0.292096 0.280760
148 22.205246 0.000003 -0.000008 -0.042841 -0.006101 0.020254
149 22.804451 0.000002 -0.000076 -0.013809 -0.021764 0.014415
150 23.051636 -0.000007 -0.000008 -0.016551 -0.399966 -0.143675
151 22.939976 -0.000001 -0.000031 0.007492 -0.141182 -0.153986
152 22.472057 0.000001 -0.000031 0.062206 -0.136876 -0.173074
153 -1.699203 12.875607 4.918524 -1.116385 -0.148284 0.380891
154 20.938583 0.000019 0.000000 -0.034482 -0.012973 0.016104
155 21.993591 -0.000005 -0.000061 -0.012521 -0.003068 0.005924
156 22.563812 0.000001 -0.000015 -0.042642 -0.343887 -0.179859
157 22.643356 0.000010 -0.000046 -0.025103 -0.081768 -0.194846
158 22.238026 -0.000002 -0.000015 0.034842 -0.069751 -0.216640
159 -1.833771 13.936457 1.224504 -1.552447 0.040994 0.420999
160 20.406960 0.000005 -0.000031 -0.000000 -0.016932 -0.000000
161 21.655510 0.000009 -0.000015 -0.000000 -0.003038 0.000000
162 22.360657 0.000002 -0.000015 -0.066824 -0.266923 -0.195840
163 22.519661 0.000004 -0.000031 -0.072050 0.022970 -0.213746
164 22.140377 0.000006 -0.000015 -0.035102 0.029739 -0.204333
165 -1.972565 12.875608 -3.614555 -1.827109 0.155326 0.386830
166 20.655167 0.000007 -0.000023 0.014659 -0.017050 -0.006451
167 21.762253 0.000003 -0.000031 0.002423 -0.033712 0.010100
168 22.392151 0.000011 -0.000023 -0.084801 -0.221820 -0.187780
169 22.541340 0.000013 -0.000031 -0.114053 0.066757 -0.218205
170 22.217487 0.000004 -0.000015 -0.097115 0.079127 -0.199098
171 -1.967316 9.854566 -7.722432 -2.161803 0.248066 0.289766
172 21.272736 0.000003 -0.000008 0.025990 -0.015445 -0.009916
173 22.032516 0.000022 -0.000046 0.000671 -0.040873 0.008721
174 22.475670 0.000000 -0.000015 -0.087400 -0.174103 -0.172289
175 22.598724 0.000010 -0.000008 -0.130971 0.116967 -0.196336
176 22.407972 0.000015 -0.000031 -0.118118 0.133974 -0.162161
177 -1.900833 5.333252 -10.470076 -2.601403 0.305546 0.153178
178 21.914322 0.000006 -0.000019 0.024266 -0.010747 -0.007792
179 22.319839 -0.000009 -0.000004 -0.000757 -0.046243 0.005236
180 22.569626 -0.000002 -0.000019 -0.066808 -0.123086 -0.139036
181 22.663219 0.000018 -0.000015 -0.108716 0.166450 -0.153572
182 22.604517 0.000017 -0.000023 -0.098756 0.171218 -0.123328
183 -1.865570 -0.000002 -11.435440 -3.141592 0.324581 -0.000000
184 22.186668 -0.000004 -0.000008 0.000000 -0.007676 0.000000
185 22.443710 -0.000003 -0.000011 -0.000491 -0.048441 -0.000257
186 22.611549 -0.000005 -0.000019 -0.015043 -0.086600 -0.079364
187 22.692009 0.000005 0.000000 -0.034178 0.201747 -0.078507
188 22.687649 0.000010 -0.000004 -0.040045 0.197674 -0.083786
189 -1.900833 -5.333257 -10.470070 2.601403 0.305546 -0.153178
190 21.914337 0.000008 -0.000015 -0.024267 -0.010746 0.007792
191 22.319824 -0.000020 -0.000008 -0.000350 -0.046324 -0.005847
192 22.569626 0.000007 -0.000038 0.043485 -0.090600 -0.013145
193 22.663239 -0.000020 0.000000 0.042478 0.202610 -0.006618
194 22.604519 0.000003 0.000000 0.032803 0.203519 -0.020139
195 -1.967285 -9.854566 -7.722440 2.161803 0.248066 -0.289766
196 21.272713 -0.000016 -0.000008 -0.025990 -0.015445 0.009916
197 22.032471 0.000004 -0.000038 -0.001840 -0.040995 -0.009063
198 22.475693 -0.000006 -0.000031 0.074525 -0.123256 0.033314
199 22.598705 0.000000 -0.000023 0.079803 0.174822 0.049213
200 22.407986 -0.000017 -0.000023 0.074754 0.189558 0.031352
201 -1.972565 -12.875610 -3.614562 1.827110 0.155326 -0.386831
202 20.655182 0.000010 -0.000015 -0.014659 -0.017050 0.006451
203 21.762276 -0.000007 -0.000008 -0.003517 -0.034656 -0.009746
204 22.392166 -0.000003 -0.000038 0.083516 -0.164148 0.060712
205 22.541340 -0.000008 -0.000031 0.077147 0.109799 0.074721
206 22.217506 -0.000002 -0.000015 0.065729 0.151051 0.074862
207 0.059621 0.456168 0.250107 0.000000 -0.000000 0.000000
208 0.059621 0.456168 0.250107 0.000000 -0.000000 0.000000
time 45
  0 0.059621 0.456168 0.250107 0.000000 -0.000000 0.000000
  1 0.059621 0.456168 0.250107 0.000000 -0.000000 0.000000
  2 0.059621 0.456168 0.250107 0.000000 -0.000000 0.000000
  3 0.059621 0.456168 0.250107 0.000000 -0.000000 0.000000
  4 0.059621 0.456168 0.250107 0.000000 -0.000000 0.000000
  5 0.059621 0.456168 0.250107 0.000000 -0.000000 0.000000
  6 0.059621 0.456168 0.250107 0.000000 -0.000000 0.000000
  7 0.059621 0.456168 0.250107 0.000000 -0.000000 0.000000
  8 0.059621 0.456168 0.250107 0.000000 -0.000000 0.000000
  9 0.059621 0.456168 0.250107 0.000000 -0.000000 0.000000
 10 88.920860 61.842407 157.937485 -1.251744 -0.155975 2.357075
 11 24.668245 0.000000 -0.000034 0.997191 -0.285526 -0.054485
 12 30.380142 0.000000 0.000015 1.534953 0.257828 0.334079
 13 19.902088 0.000008 0.000000 0.125826 -0.426523 -0.243948
 14 16.272512 -62.572132 107.458252 1.426287 0.001852 0.061317
 15 35.349506 0.000000 0.000015 -1.389222 0.112964 -0.325987
 16 37.124332 -0.000008 -0.000023 -1.225194 0.867004 0.407694
 17 0.059621 0.456168 0.250107 0.064768 -0.005215 -0.156772
 18 0.059621 0.456168 91.757713 1.570796 1.570796 0.000000
 19 -65.799538 -0.000020 1.142855 0.000000 0.000515 3.141077
 20 11.181564 0.005760 -0.002411 0.000000 0.254797 0.000515
 21 27.835159 -0.000000 0.000015 -3.141592 -0.129896 -0.000000
 22 5.330368 -0.000001 0.000000 -3.070825 -0.013867 -0.006335
 23 10.134888 -4.133392 3.834198 -0.621959 -1.139433 -2.562745
 24 10.134888 4.133398 3.834198 0.621980 -1.139426 2.562726
 25 22.592361 0.000010 17.467110 -0.000010 2.956431 0.000000
 26 21.199982 -7.744008 14.169518 -0.644457 -0.154503 -3.025319
 27 18.142014 -13.440224 7.965773 1.232042 -0.211926 3.071142
 28 21.199951 7.744021 14.169495 0.644460 -0.154503 3.025318
 29 18.141983 13.440234 7.965773 -0.316157 -0.180196 -3.082644
 30 11.858871 -13.359997 3.526512 1.542249 3.132957 0.174415
 31 9.463287 -16.404861 -2.906044 1.542282 3.132901 0.176490
 32 9.125244 -10.885473 -11.371325 0.000496 2.962373 0.000256
 33 11.858856 13.360002 3.526472 -1.542248 3.132957 -0.174414
 34 9.463257 16.404860 -2.906021 -1.542281 3.132900 -0.176490
 35 9.125259 10.885470 -11.371304 -0.000492 2.962373 0.000256
 36 9.023239 -0.000003 -17.296171 0.000180 -0.167048 -3.141356
 37 12.691422 -0.000003 -19.438763 0.000000 2.479671 0.000000
 38 10.989410 0.000002 0.000000 0.000000 -0.332561 0.000000
 39 12.871475 -10.586840 -15.652470 1.113534 2.841650 0.519702
 40 10.727005 0.000008 -0.000038 -0.048752 -0.343025 0.033749
 41 12.871460 10.586838 -15.652470 -1.118688 2.841650 -0.519702
 42 10.726974 -0.000023 0.000015 0.048753 -0.343026 -0.033749
 43 12.847214 -17.570080 -4.701338 1.358851 2.965587 0.645323
 44 11.496475 0.000008 -0.000031 -0.097488 -0.302421 0.072464
 45 12.847198 17.570078 -4.701359 -1.362446 2.965587 -0.645323
 46 11.496475 0.000000 0.000000 0.097488 -0.302421 -0.072464
 47 28.485962 0.000011 16.460354 -0.000001 -0.143836 0.000000
 48 23.052750 -6.207911 -0.077290 -1.470206 0.035100 -1.833545
 49 9.436901 -0.000008 -0.000015 0.010287 0.593401 0.003503
 50 31.269333 0.000008 -0.000031 -0.006701 -0.092922 0.008666
 51 28.756504 0.000008 -0.000031 -0.001117 -0.010579 0.001416
 52 2.251991 -2.464409 -1.141647 0.481305 0.508197 -0.319329
 53 3.674042 -0.000010 0.000015 -0.277611 0.179024 0.194713
 54 3.614693 0.000013 0.000000 0.013156 0.193871 -0.001558
 55 9.035515 -2.494944 0.484543 -0.001362 0.302449 0.001673
 56 2.943588 0.000002 -0.000015 0.010585 0.293657 -0.007800
 57 2.649422 0.000002 0.000015 -0.006498 0.303243 0.008512
 58 9.093624 -0.386671 0.647705 0.020190 0.475380 -0.012607
 59 3.451881 0.000002 0.000008 -0.014209 0.528778 0.009212
 60 2.898193 -0.000002 0.000031 -0.000683 0.490858 0.000916
 61 8.894588 1.605852 0.371887 -0.000566 0.547851 0.000704
 62 3.130409 0.000002 0.000038 0.003896 0.567158 -0.005063
 63 2.629532 0.000000 -0.000034 0.004892 0.544388 -0.006589
 64 8.470631 3.459528 0.131485 -0.021715 0.541478 0.011456
 65 2.410271 0.000002 -0.000053 0.022815 0.529939 -0.013321
 66 2.000778 0.000002 0.000011 -0.005415 0.533618 0.007402
 67 23.052765 6.207910 -0.077309 1.481823 0.058643 2.080206
 68 9.436897 0.000021 -0.000015 0.151662 0.418551 0.413166
 69 31.269348 -0.000008 -0.000038 0.401823 0.298360 1.899374
 70 28.756516 0.000000 0.000008 0.317436 0.513599 0.096929
 71 2.251896 2.464401 -1.141556 -0.513217 0.249535 0.112914
 72 3.674086 0.000008 -0.000015 0.331388 -0.059506 -0.325011
 73 3.614679 0.000000 0.000015 0.067360 -0.216133 -0.086857
 74 9.035423 2.494949 0.484428 0.001362 -0.011534 -0.001673
 75 2.943565 0.000000 -0.000031 -0.011498 -0.020268 0.014556
 76 2.649441 -0.000015 0.000023 0.006498 -0.010740 -0.008512
 77 9.093689 0.386658 0.647781 -0.018031 0.093461 0.020165
 78 3.451862 0.000000 -0.000008 0.014953 0.008589 -0.019838
 79 2.898201 0.000000 -0.000015 0.000684 -0.029445 -0.000917
 80 8.894417 -1.605850 0.371918 0.000566 0.090541 -0.000704
 81 3.130432 0.000000 -0.000038 -0.003896 -0.009289 0.005063
 82 2.629520 0.000015 0.000023 -0.004892 -0.032059 0.006589
 83 8.470608 -3.459534 0.131409 0.018786 0.137518 -0.020073
 84 2.410276 -0.000015 -0.000015 -0.024238 -0.029075 0.031299
 85 2.000755 0.000000 0.000015 0.005415 -0.025697 -0.007402
 86 9.832352 1.463058 -1.299423 0.016522 -0.031798 -0.020624
 87 25.040588 -5.670405 5.432793 -1.314635 -0.227466 -2.125542
 88 28.779694 -6.856310 -0.811420 -1.466091 0.017955 -1.714887
 89 29.182297 -3.955566 -4.961964 0.887822 2.546278 0.514174
 90 25.040558 5.670407 5.432751 1.301294 -0.401403 2.174680
 91 28.779739 6.856310 -0.811401 1.466091 0.017956 1.714891
 92 29.182297 3.955564 -4.961937 -0.887822 2.546277 -0.514175
 93 -65.335655 -0.000020 1.140918 -3.141591 0.044911 0.000000
 94 26.290924 -12.205288 1.157882 -2.071447 -0.017454 0.065112
 95 49.071030 0.000008 0.000009 2.179705 0.127556 -0.112856
 96 61.871315 -0.000015 -0.000023 3.080256 0.672597 0.035641
 97 26.290924 12.205295 1.157842 2.044502 0.127786 -0.159169
 98 49.071060 0.000004 -0.000037 -2.187262 0.154733 0.063501
 99 61.871304 0.000023 -0.000027 -2.944714 0.642381 0.102745
100 -0.698059 -11.192116 -8.252763 1.299903 -0.087102 -0.818281
101 20.568230 0.000000 -0.000008 0.010182 0.030442 -0.147222
102 0.223785 -5.734809 -12.929605 -2.930212 0.694662 0.138460
103 20.803566 0.000001 -0.000023 0.066232 -0.155284 -0.044203
104 -1.040009 -3.033967 12.140511 1.554517 0.104601 -1.288764
105 -1.039993 3.034004 12.140501 -1.554518 0.104604 1.288764
106 4.165451 -5.407045 12.088390 0.854937 -0.629941 -0.629908
107 16.599442 0.000000 -0.000031 -0.047935 -0.051683 0.045016
108 4.165482 5.407080 12.088381 -0.823004 -0.580228 0.592984
109 16.599380 0.000010 -0.000031 0.047916 0.005595 -0.041888
110 6.428391 0.000001 -0.288944 -0.000001 -0.000000 -0.000000
111 -1.833771 -13.936460 1.224504 1.552448 0.040995 -0.420999
112 20.406952 -0.000002 -0.000015 0.000000 -0.016932 0.000000
113 21.655502 -0.000002 -0.000015 -0.004064 -0.022424 -0.008424
114 22.360680 -0.000002 -0.000023 0.079075 -0.210272 0.079405
115 22.519665 -0.000006 -0.000015 0.059294 0.034191 0.096841
116 22.140388 -0.000010 -0.000031 0.021895 0.061302 0.098594
117 -1.699203 -12.875611 4.918509 1.116385 -0.148284 -0.380891
118 20.938599 0.000013 0.000000 0.034482 -0.012972 -0.016104
119 21.993614 -0.000005 -0.000061 0.008831 -0.017220 -0.013167
120 22.563782 -0.000013 0.000000 0.071361 -0.289357 0.076306
121 22.643353 -0.000001 -0.000038 0.036424 -0.047164 0.099239
122 22.238045 -0.000010 -0.000031 -0.016572 -0.032301 0.109916
123 -1.634338 -9.854567 8.052346 0.714077 -0.292095 -0.280759
124 22.205299 0.000001 -0.000023 0.042841 -0.006102 -0.020254
125 22.804390 -0.000005 -0.000046 0.013709 -0.016587 -0.012690
126 23.051659 0.000003 0.000000 0.057144 -0.359560 0.049207
127 22.939980 0.000003 -0.000046 0.021865 -0.122238 0.071289
128 22.472057 0.000001 -0.000031 -0.022008 -0.117095 0.088035
129 -1.616135 -5.333253 10.147437 0.347094 -0.374743 -0.146641
130 23.451294 -0.000000 -0.000015 0.027042 -0.001892 -0.012901
131 23.608025 -0.000004 -0.000031 0.009465 -0.016940 -0.007148
132 23.536224 -0.000001 -0.000031 0.041409 -0.408782 0.006295
133 23.233973 0.000003 0.000015 0.019460 -0.175023 0.022508
134 22.703667 0.000008 -0.000008 -0.001707 -0.173481 0.033752
135 -1.614517 -0.000000 10.883349 -0.000000 -0.400842 0.000000
136 23.962143 0.000001 -0.000038 0.000000 -0.000699 -0.000000
137 23.938957 -0.000003 0.000008 -0.000136 -0.017318 0.000388
138 23.736031 -0.000003 -0.000031 0.024479 -0.385852 -0.043568
139 23.354969 0.000006 -0.000031 0.021988 -0.192506 -0.037218
140 22.798927 -0.000009 -0.000031 0.026980 -0.197124 -0.032428
141 -1.616135 5.333251 10.147422 -0.347094 -0.374742 0.146641
142 23.451294 -0.000006 0.000000 -0.027042 -0.001892 0.012901
143 23.608025 -0.000002 -0.000038 -0.009753 -0.017139 0.008069
144 23.536247 0.000001 -0.000015 0.005534 -0.427451 -0.095250
145 23.233971 -0.000015 -0.000038 0.021421 -0.186490 -0.099113
146 22.703671 0.000012 -0.000015 0.052613 -0.188505 -0.100265
147 -1.634338 9.854565 8.052344 -0.714078 -0.292096 0.280760
148 22.205261 0.000003 0.000000 -0.042841 -0.006101 0.020254
149 22.804451 0.000002 -0.000076 -0.014096 -0.016971 0.013597
150 23.051643 -0.000006 -0.000008 -0.016733 -0.395537 -0.144662
151 22.939972 0.000000 -0.000015 0.007492 -0.151384 -0.153985
152 22.472061 0.000001 -0.000046 0.062585 -0.147017 -0.174180
153 -1.699203 12.875607 4.918525 -1.116385 -0.148284 0.380891
154 20.938591 0.000019 0.000000 -0.034482 -0.012973 0.016104
155 21.993599 -0.000005 -0.000061 -0.012521 -0.003068 0.005924
156 22.563812 0.000001 -0.000015 -0.042932 -0.338953 -0.181160
157 22.643356 0.000010 -0.000046 -0.025093 -0.091967 -0.194422
158 22.238033 0.000004 -0.000023 0.034983 -0.079907 -0.217603
159 -1.833771 13.936458 1.224504 -1.552447 0.040994 0.420999
160 20.406944 0.000005 -0.000038 -0.000000 -0.016932 -0.000000
161 21.655510 0.000009 -0.000008 -0.000000 -0.003038 0.000000
162 22.360657 0.000002 -0.000023 -0.067216 -0.261215 -0.197336
163 22.519661 0.000004 -0.000031 -0.071935 0.010005 -0.212412
164 22.140377 0.000008 -0.000008 -0.035164 0.017745 -0.204579
165 -1.972565 12.875609 -3.614555 -1.827109 0.155326 0.386830
166 20.655167 0.000007 -0.000015 0.014659 -0.017050 -0.006451
167 21.762253 0.000003 -0.000023 0.002067 -0.027701 0.009079
168 22.392159 0.000008 -0.000023 -0.085220 -0.215755 -0.189395
169 22.541340 0.000011 -0.000031 -0.113778 0.054048 -0.216047
170 22.217499 0.000004 -0.000015 -0.097236 0.067009 -0.198434
171 -1.967316 9.854567 -7.722432 -2.161803 0.248066 0.289766
172 21.272728 0.000003 -0.000008 0.025990 -0.015445 -0.009916
173 22.032524 0.000022 -0.000053 0.000436 -0.034567 0.007855
174 22.475677 0.000000 -0.000015 -0.087759 -0.167641 -0.173765
175 22.598713 0.000004 -0.000015 -0.130544 0.103922 -0.194062
176 22.407972 0.000015 -0.000023 -0.117698 0.120931 -0.160094
177 -1.900833 5.333252 -10.470076 -2.601403 0.305546 0.153178
178 21.914307 0.000006 -0.000019 0.024266 -0.010747 -0.007792
179 22.319839 -0.000009 -0.000004 -0.000825 -0.039645 0.004719
180 22.569626 0.000000 -0.000011 -0.067030 -0.116228 -0.140022
181 22.663208 0.000022 -0.000023 -0.108263 0.153079 -0.151834
182 22.604523 0.000015 -0.000023 -0.098340 0.157859 -0.121778
183 -1.865585 -0.000002 -11.435440 -3.141592 0.324581 -0.000000
184 22.186668 -0.000004 -0.000015 0.000000 -0.007676 0.000000
185 22.443710 -0.000003 -0.000011 -0.000362 -0.041741 -0.000190
186 22.611534 -0.000005 -0.000023 -0.015012 -0.079565 -0.079382
187 22.692017 0.000005 -0.000008 -0.034012 0.188181 -0.078145
188 22.687653 0.000010 -0.000004 -0.040053 0.184128 -0.083620
189 -1.900833 -5.333257 -10.470070 2.601403 0.305546 -0.153178
190 21.914345 0.000008 -0.000015 -0.024267 -0.010746 0.007792
191 22.319824 -0.000020 -0.000008 -0.000032 -0.039845 -0.005234
192 22.569626 0.000007 -0.000038 0.043787 -0.083810 -0.012238
193 22.663239 -0.000020 0.000000 0.042271 0.189198 -0.007395
194 22.604523 0.000001 -0.000008 0.032635 0.190086 -0.020729
195 -1.967285 -9.854565 -7.722440 2.161803 0.248066 -0.289766
196 21.272705 -0.000016 -0.000008 -0.025990 -0.015445 0.009916
197 22.032471 0.000004 -0.000031 -0.001374 -0.034880 -0.008170
198 22.475677 -0.000004 -0.000038 0.075010 -0.116911 0.034694
199 22.598713 0.000002 -0.000015 0.079456 0.161747 0.047734
200 22.407984 -0.000015 -0.000015 0.074406 0.176434 0.029971
201 -1.972565 -12.875609 -3.614562 1.827110 0.155326 -0.386831
202 20.655182 0.000010 -0.000023 -0.014659 -0.017050 0.006451
203 21.762276 -0.000007 -0.000015 -0.002952 -0.028892 -0.008751
204 22.392166 -0.000004 -0.000038 0.084085 -0.158230 0.062220
205 22.541338 -0.000007 -0.000031 0.077760 0.101820 0.074658
206 22.217503 -0.000004 -0.000015 0.065468 0.138499 0.073678
207 0.059621 0.456168 0.250107 0.000000 -0.000000 0.000000
208 0.059621 0.456168 0.250107 0.000000 -0.000000 0.000000
time 46
  0 0.059621 0.456168 0.250107 0.000000 -0.000000 0.000000
  1 0.059621 0.456168 0.250107 0.000000 -0.000000 0.000000
  2 0.059621 0.456168 0.250107 0.000000 -0.000000 0.000000
  3 0.059621 0.456168 0.250107 0.000000 -0.000000 0.000000
  4 0.059621 0.456168 0.250107 0.000000 -0.000000 0.000000
  5 0.059621 0.456168 0.250107 0.000000 -0.000000 0.000000
  6 0.059621 0.456168 0.250107 0.000000 -0.000000 0.000000
  7 0.059621 0.456168 0.250107 0.000000 -0.000000 0.000000
  8 0.059621 0.456168 0.250107 0.000000 -0.000000 0.000000
  9 0.059621 0.456168 0.250107 0.000000 -0.000000 0.000000
 10 99.179138 54.970947 156.605530 -1.248421 -0.132446 2.342620
 11 24.668259 0.000015 -0.000034 1.018704 -0.365371 -0.035522
 12 30.380138 0.000000 0.000023 1.578993 0.188679 0.507895
 13 19.902100 0.000008 0.000000 0.088582 -0.300272 -0.171739
 14 -10.973126 -52.599079 107.458252 1.560976 -0.053494 -0.180219
 15 35.349514 0.000015 0.000019 -1.393377 0.118657 -0.329288
 16 37.124336 -0.000008 -0.000031 -1.209209 0.904046 0.408117
 17 0.059621 0.456168 0.250107 0.064768 -0.005215 -0.156772
 18 0.059621 0.456168 90.917839 1.570796 1.570796 0.000000
 19 -65.799538 -0.000020 1.142855 0.000000 0.000515 3.141077
 20 11.181564 0.005760 -0.002411 0.000000 0.254797 0.000515
 21 27.835175 -0.000000 0.000015 -3.141592 -0.129896 -0.000000
 22 5.330383 -0.000001 -0.000002 -3.070857 -0.014110 -0.002942
 23 10.134888 -4.133392 3.834200 -0.634850 -1.147509 -2.548571
 24 10.134872 4.133398 3.834198 0.634873 -1.147502 2.548551
 25 22.592346 0.000009 17.467110 -0.000010 2.956431 0.000000
 26 21.199966 -7.744006 14.169518 -0.644457 -0.154503 -3.025319
 27 18.142014 -13.440225 7.965775 1.230794 -0.201158 3.075045
 28 21.199951 7.744022 14.169498 0.644460 -0.154503 3.025318
 29 18.141983 13.440235 7.965775 -0.316157 -0.180196 -3.082644
 30 11.858856 -13.359997 3.526512 1.542249 3.132957 0.174415
 31 9.463257 -16.404863 -2.906044 1.542282 3.132901 0.176490
 32 9.125244 -10.885472 -11.371325 0.000496 2.962373 0.000256
 33 11.858841 13.360003 3.526472 -1.542248 3.132957 -0.174414
 34 9.463257 16.404863 -2.906025 -1.542281 3.132900 -0.176490
 35 9.125259 10.885471 -11.371305 -0.000492 2.962373 0.000256
 36 9.023209 -0.000003 -17.296175 0.000180 -0.167048 -3.141356
 37 12.691391 -0.000003 -19.438765 0.000000 2.491052 0.000000
 38 10.989395 0.000002 0.000000 0.000000 -0.279066 0.000000
 39 12.871460 -10.586839 -15.652470 1.108290 2.846445 0.508705
 40 10.726990 0.000009 -0.000031 -0.047457 -0.289600 0.030792
 41 12.871445 10.586841 -15.652468 -1.112859 2.846444 -0.508704
 42 10.726974 -0.000024 0.000008 0.047457 -0.289600 -0.030792
 43 12.847214 -17.570078 -4.701338 1.355413 2.967856 0.633942
 44 11.496490 0.000006 -0.000031 -0.095215 -0.249169 0.066815
 45 12.847168 17.570082 -4.701359 -1.358599 2.967855 -0.633942
 46 11.496475 0.000000 0.000000 0.095215 -0.249170 -0.066815
 47 28.485947 0.000011 16.460358 -0.000001 -0.124440 0.000000
 48 23.052750 -6.207911 -0.077286 -1.470206 0.035100 -1.833545
 49 9.436905 -0.000008 -0.000015 0.010287 0.586394 0.003503
 50 31.269333 0.000010 -0.000031 -0.006701 -0.064725 0.008666
 51 28.756523 0.000008 -0.000031 -0.001117 0.003259 0.001416
 52 2.251987 -2.464409 -1.141647 0.481305 0.508197 -0.319329
 53 3.674042 -0.000013 0.000015 -0.277611 0.179024 0.194713
 54 3.614700 0.000014 -0.000008 0.013156 0.193871 -0.001558
 55 9.035500 -2.494947 0.484543 -0.001362 0.302449 0.001673
 56 2.943581 0.000002 -0.000015 0.010585 0.293657 -0.007800
 57 2.649429 0.000000 0.000008 -0.006498 0.303243 0.008512
 58 9.093628 -0.386669 0.647690 0.020190 0.475380 -0.012607
 59 3.451889 0.000002 0.000000 -0.014209 0.528778 0.009212
 60 2.898193 0.000000 0.000034 -0.000683 0.490858 0.000916
 61 8.894596 1.605852 0.371887 -0.000566 0.547851 0.000704
 62 3.130424 0.000002 0.000038 0.003896 0.567158 -0.005064
 63 2.629532 0.000002 -0.000038 0.004892 0.544388 -0.006589
 64 8.470627 3.459530 0.131485 -0.021715 0.541478 0.011456
 65 2.410271 -0.000002 -0.000053 0.022815 0.529939 -0.013321
 66 2.000793 0.000004 0.000008 -0.005415 0.533618 0.007402
 67 23.052765 6.207910 -0.077305 1.481823 0.058643 2.080206
 68 9.436905 0.000019 -0.000031 0.151662 0.418551 0.413166
 69 31.269363 -0.000008 -0.000038 0.415059 0.300692 1.900487
 70 28.756500 0.000000 0.000000 0.320481 0.531602 0.104613
 71 2.251892 2.464401 -1.141563 -0.513217 0.249535 0.112914
 72 3.674088 0.000000 -0.000031 0.331388 -0.059506 -0.325011
 73 3.614679 0.000000 0.000031 0.067360 -0.216133 -0.086857
 74 9.035416 2.494949 0.484421 0.001362 -0.011534 -0.001673
 75 2.943573 0.000000 -0.000038 -0.011497 -0.020268 0.014556
 76 2.649441 -0.000015 0.000015 0.006498 -0.010740 -0.008512
 77 9.093685 0.386673 0.647774 -0.018031 0.093461 0.020165
 78 3.451862 0.000015 0.000000 0.014953 0.008589 -0.019838
 79 2.898201 0.000000 -0.000008 0.000683 -0.029445 -0.000917
 80 8.894413 -1.605850 0.371910 0.000566 0.090541 -0.000704
 81 3.130432 0.000015 -0.000046 -0.003896 -0.009289 0.005063
 82 2.629520 0.000000 0.000023 -0.004892 -0.032059 0.006589
 83 8.470604 -3.459518 0.131393 0.018786 0.137518 -0.020073
 84 2.410278 0.000000 -0.000015 -0.024238 -0.029075 0.031299
 85 2.000755 0.000015 0.000023 0.005415 -0.025697 -0.007402
 86 9.832344 1.463058 -1.299431 0.016523 -0.031798 -0.020624
 87 25.040588 -5.670405 5.432793 -1.313793 -0.226588 -2.129123
 88 28.779694 -6.856310 -0.811424 -1.466140 0.018332 -1.718457
 89 29.182297 -3.955566 -4.961964 0.885796 2.548481 0.510691
 90 25.040558 5.670408 5.432751 1.299775 -0.400505 2.178472
 91 28.779724 6.856311 -0.811405 1.466140 0.018333 1.718461
 92 29.182281 3.955564 -4.961941 -0.885797 2.548480 -0.510692
 93 -65.335655 -0.000020 1.140918 -3.141591 0.044911 0.000000
 94 26.290924 -12.205288 1.157882 -2.071447 -0.017454 0.065112
 95 49.071022 0.000008 0.000009 2.179705 0.127556 -0.112856
 96 61.871311 -0.000015 -0.000021 3.080256 0.672597 0.035641
 97 26.290924 12.205295 1.157842 2.044502 0.127786 -0.159169
 98 49.071068 0.000004 -0.000036 -2.187262 0.154733 0.063501
 99 61.871300 0.000023 -0.000027 -2.944714 0.642381 0.102745
100 -0.698059 -11.192116 -8.252763 1.297924 -0.082292 -0.800413
101 20.568237 -0.000002 -0.000008 0.010217 0.048185 -0.147601
102 0.223785 -5.734810 -12.929605 -2.933846 0.676400 0.132947
103 20.803566 0.000001 -0.000031 0.066283 -0.136385 -0.043043
104 -1.040009 -3.033968 12.140510 1.554517 0.104601 -1.288764
105 -1.039993 3.034004 12.140500 -1.554518 0.104604 1.288764
106 4.165451 -5.407045 12.088389 0.854937 -0.629941 -0.629908
107 16.599442 0.000000 -0.000031 -0.047935 -0.051683 0.045016
108 4.165482 5.407080 12.088380 -0.828351 -0.588731 0.599695
109 16.599380 0.000009 -0.000031 0.047947 -0.004459 -0.042457
110 6.428391 0.000001 -0.288944 -0.000001 -0.000000 -0.000000
111 -1.833786 -13.936460 1.224504 1.552448 0.040995 -0.420999
112 20.406952 -0.000002 -0.000023 0.000000 -0.016932 0.000000
113 21.655495 -0.000002 -0.000015 -0.003400 -0.017234 -0.007217
114 22.360664 -0.000002 -0.000023 0.079587 -0.205058 0.080725
115 22.519653 -0.000005 -0.000008 0.059951 0.028812 0.096901
116 22.140388 -0.000010 -0.000023 0.021895 0.052567 0.098594
117 -1.699219 -12.875611 4.918509 1.116385 -0.148284 -0.380891
118 20.938606 0.000013 0.000000 0.034482 -0.012972 -0.016104
119 21.993614 -0.000005 -0.000061 0.009432 -0.012643 -0.012121
120 22.563797 -0.000013 -0.000008 0.071766 -0.284494 0.077446
121 22.643353 -0.000001 -0.000031 0.037072 -0.053028 0.099502
122 22.238049 -0.000008 -0.000038 -0.016630 -0.041026 0.110326
123 -1.634338 -9.854567 8.052346 0.714077 -0.292095 -0.280759
124 22.205299 0.000001 -0.000023 0.042841 -0.006102 -0.020254
125 22.804390 -0.000005 -0.000046 0.014162 -0.012376 -0.011982
126 23.051670 0.000001 0.000000 0.057442 -0.354950 0.050021
127 22.939983 0.000003 -0.000038 0.022373 -0.128442 0.071476
128 22.472061 -0.000002 -0.000023 -0.022118 -0.125820 0.088435
129 -1.616135 -5.333254 10.147438 0.347094 -0.374743 -0.146641
130 23.451294 -0.000000 -0.000023 0.027042 -0.001892 -0.012901
131 23.608017 -0.000003 -0.000031 0.009718 -0.012931 -0.006859
132 23.536224 -0.000002 -0.000031 0.041580 -0.404309 0.006691
133 23.233969 0.000002 0.000015 0.019774 -0.181407 0.022472
134 22.703667 0.000008 -0.000015 -0.001707 -0.182215 0.033752
135 -1.614517 -0.000000 10.883350 -0.000000 -0.400842 0.000000
136 23.962135 0.000001 -0.000038 0.000000 -0.000699 -0.000000
137 23.938957 -0.000003 0.000008 -0.000092 -0.013352 0.000263
138 23.736038 -0.000003 -0.000031 0.024639 -0.392276 -0.043863
139 23.354971 0.000007 -0.000038 0.022088 -0.201236 -0.037490
140 22.798927 -0.000008 -0.000023 0.026999 -0.205855 -0.032662
141 -1.616135 5.333250 10.147423 -0.347094 -0.374742 0.146641
142 23.451309 -0.000005 0.000000 -0.027042 -0.001892 0.012901
143 23.608025 -0.000002 -0.000046 -0.009913 -0.013065 0.007534
144 23.536247 0.000000 -0.000015 0.005495 -0.422930 -0.095739
145 23.233971 -0.000015 -0.000038 0.021447 -0.195223 -0.099300
146 22.703659 0.000014 -0.000015 0.052680 -0.197228 -0.100722
147 -1.634338 9.854565 8.052344 -0.714078 -0.292096 0.280760
148 22.205261 0.000003 0.000000 -0.042841 -0.006101 0.020254
149 22.804451 0.000002 -0.000069 -0.014436 -0.012636 0.012673
150 23.051643 -0.000005 -0.000008 -0.016897 -0.390838 -0.145555
151 22.939976 -0.000005 -0.000031 0.007492 -0.160119 -0.153986
152 22.472065 0.000003 -0.000038 0.062986 -0.155699 -0.175127
153 -1.699219 12.875607 4.918524 -1.116385 -0.148284 0.380891
154 20.938599 0.000019 0.000000 -0.034482 -0.012973 0.016104
155 21.993591 -0.000005 -0.000061 -0.012521 -0.003068 0.005924
156 22.563812 0.000001 -0.000015 -0.043193 -0.333977 -0.182337
157 22.643356 0.000012 -0.000046 -0.025083 -0.100699 -0.193977
158 22.238029 -0.000002 -0.000031 0.035130 -0.088602 -0.218427
159 -1.833786 13.936458 1.224504 -1.552447 0.040994 0.420999
160 20.406952 0.000005 -0.000038 -0.000000 -0.016932 -0.000000
161 21.655518 0.000009 -0.000008 -0.000000 -0.003038 0.000000
162 22.360657 0.000002 -0.000015 -0.067571 -0.256054 -0.198689
163 22.519665 0.000004 -0.000031 -0.071815 -0.002458 -0.210978
164 22.140377 0.000004 -0.000008 -0.035217 0.006598 -0.204790
165 -1.972580 12.875609 -3.614555 -1.827109 0.155326 0.386830
166 20.655182 0.000007 -0.000023 0.014659 -0.017050 -0.006451
167 21.762253 0.000003 -0.000023 0.001646 -0.021929 0.007842
168 22.392151 0.000010 -0.000023 -0.085598 -0.210272 -0.190855
169 22.541340 0.000013 -0.000023 -0.113490 0.041910 -0.213720
170 22.217503 0.000008 -0.000015 -0.097340 0.055693 -0.197733
171 -1.967316 9.854567 -7.722432 -2.161803 0.248066 0.289766
172 21.272728 0.000003 -0.000008 0.025990 -0.015445 -0.009916
173 22.032524 0.000022 -0.000053 0.000161 -0.028370 0.006812
174 22.475655 0.000002 -0.000015 -0.088084 -0.161798 -0.175100
175 22.598713 0.000004 -0.000008 -0.130096 0.091320 -0.191668
176 22.407976 0.000019 -0.000031 -0.117257 0.108342 -0.157915
177 -1.900848 5.333252 -10.470076 -2.601403 0.305546 0.153178
178 21.914307 0.000006 -0.000023 0.024266 -0.010747 -0.007792
179 22.319839 -0.000009 0.000000 -0.000904 -0.033069 0.004101
180 22.569618 -0.000001 -0.000015 -0.067231 -0.110027 -0.140913
181 22.663216 0.000023 -0.000023 -0.107785 0.140052 -0.150054
182 22.604527 0.000021 -0.000023 -0.097902 0.144852 -0.120199
183 -1.865585 -0.000002 -11.435440 -3.141592 0.324581 -0.000000
184 22.186661 -0.000004 -0.000008 0.000000 -0.007676 0.000000
185 22.443718 -0.000003 -0.000011 -0.000245 -0.035008 -0.000128
186 22.611534 -0.000005 -0.000023 -0.014978 -0.073204 -0.079402
187 22.692013 0.000005 0.000000 -0.033836 0.174918 -0.077834
188 22.687656 0.000012 -0.000008 -0.040060 0.170894 -0.083478
189 -1.900848 -5.333257 -10.470070 2.601403 0.305546 -0.153178
190 21.914345 0.000008 -0.000015 -0.024267 -0.010746 0.007792
191 22.319824 -0.000020 -0.000004 0.000281 -0.033349 -0.004517
192 22.569626 0.000008 -0.000042 0.044060 -0.077670 -0.011418
193 22.663235 -0.000019 0.000000 0.042052 0.176142 -0.008220
194 22.604523 0.000002 -0.000008 0.032454 0.177004 -0.021352
195 -1.967285 -9.854565 -7.722440 2.161803 0.248066 -0.289766
196 21.272705 -0.000016 -0.000008 -0.025990 -0.015445 0.009916
197 22.032471 0.000004 -0.000031 -0.000875 -0.028811 -0.007091
198 22.475685 -0.000005 -0.000031 0.075448 -0.111173 0.035941
199 22.598717 0.000001 -0.000023 0.079090 0.149133 0.046157
200 22.407988 -0.000016 -0.000015 0.074037 0.163756 0.028500
201 -1.972580 -12.875609 -3.614562 1.827110 0.155326 -0.386831
202 20.655182 0.000010 -0.000023 -0.014659 -0.017050 0.006451
203 21.762276 -0.000007 -0.000015 -0.002328 -0.023244 -0.007552
204 22.392174 -0.000003 -0.000031 0.084600 -0.152880 0.063583
205 22.541336 -0.000008 -0.000031 0.078315 0.094160 0.074561
206 22.217505 -0.000006 -0.000015 0.065193 0.126594 0.072424
207 0.059621 0.456168 0.250107 0.000000 -0.000000 0.000000
208 0.059621 0.456168 0.250107 0.000000 -0.000000 0.000000
time 47
  0 0.059621 0.456168 0.250107 0.000000 -0.000000 0.000000
  1 0.059621 0.456168 0.250107 0.000000 -0.000000 0.000000
  2 0.059621 0.456168 0.250107 0.000000 -0.000000 0.000000
  3 0.059621 0.456168 0.250107 0.000000 -0.000000 0.000000
  4 0.059621 0.456168 0.250107 0.000000 -0.000000 0.000000
  5 0.059621 0.456168 0.250107 0.000000 -0.000000 0.000000
  6 0.059621 0.456168 0.250107 0.000000 -0.000000 0.000000
  7 0.059621 0.456168 0.250107 0.000000 -0.000000 0.000000
  8 0.059621 0.456168 0.250107 0.000000 -0.000000 0.000000
  9 0.059621 0.456168 0.250107 0.000000 -0.000000 0.000000
 10 107.896324 48.915909 155.516129 -1.245504 -0.111712 2.333249
 11 24.668249 0.000015 -0.000038 1.038474 -0.438743 -0.018097
 12 30.380144 0.000000 0.000015 1.619462 0.125138 0.667617
 13 19.902100 0.000000 -0.000015 0.054357 -0.184258 -0.105385
 14 -38.965309 -41.732918 107.458252 1.707726 -0.105022 -0.421136
 15 35.349510 0.000000 0.000019 -1.397377 0.123228 -0.331940
 16 37.124329 -0.000008 -0.000031 -1.195785 0.934546 0.408431
 17 0.059621 0.456168 0.250107 0.064768 -0.005215 -0.156772
 18 0.059621 0.456168 90.229446 1.570796 1.570796 0.000000
 19 -65.799545 -0.000020 1.142855 0.000000 0.000515 3.141077
 20 11.181564 0.005760 -0.002411 0.000000 0.254797 0.000515
 21 27.835175 -0.000000 0.000015 -3.141592 -0.129896 -0.000000
 22 5.330383 -0.000001 0.000000 -3.070883 -0.014306 -0.000204
 23 10.134872 -4.133393 3.834198 -0.647458 -1.155042 -2.534756
 24 10.134872 4.133399 3.834198 0.647482 -1.155035 2.534736
 25 22.592361 0.000010 17.467112 -0.000010 2.956431 0.000000
 26 21.199982 -7.744008 14.169519 -0.644457 -0.154503 -3.025319
 27 18.141998 -13.440226 7.965773 1.229775 -0.192356 3.078236
 28 21.199951 7.744022 14.169497 0.644460 -0.154503 3.025318
 29 18.141983 13.440236 7.965773 -0.316157 -0.180196 -3.082644
 30 11.858856 -13.359999 3.526512 1.542249 3.132957 0.174415
 31 9.463257 -16.404865 -2.906046 1.542282 3.132901 0.176490
 32 9.125229 -10.885474 -11.371326 0.000496 2.962373 0.000256
 33 11.858841 13.360003 3.526472 -1.542248 3.132957 -0.174414
 34 9.463257 16.404863 -2.906023 -1.542281 3.132900 -0.176490
 35 9.125244 10.885472 -11.371305 -0.000492 2.962373 0.000256
 36 9.023239 -0.000003 -17.296175 0.000180 -0.167048 -3.141356
 37 12.691406 -0.000003 -19.438761 0.000000 2.500356 0.000000
 38 10.989410 0.000002 0.000000 0.000000 -0.233511 0.000000
 39 12.871460 -10.586840 -15.652470 1.103227 2.850364 0.499714
 40 10.727005 0.000008 -0.000031 -0.046354 -0.244104 0.028274
 41 12.871445 10.586840 -15.652470 -1.107005 2.850364 -0.499713
 42 10.726990 -0.000024 0.000015 0.046354 -0.244104 -0.028274
 43 12.847214 -17.570084 -4.701338 1.351978 2.969710 0.624638
 44 11.496506 0.000008 -0.000015 -0.093279 -0.203821 0.062004
 45 12.847183 17.570080 -4.701359 -1.354612 2.969710 -0.624638
 46 11.496460 -0.000002 0.000000 0.093279 -0.203821 -0.062004
 47 28.485962 0.000011 16.460356 -0.000001 -0.104307 0.000000
 48 23.052765 -6.207911 -0.077290 -1.470206 0.035100 -1.833545
 49 9.436905 -0.000008 -0.000015 0.010287 0.579496 0.003503
 50 31.269341 0.000010 -0.000031 -0.006701 -0.040492 0.008666
 51 28.756519 0.000008 -0.000031 -0.001117 0.015151 0.001416
 52 2.251991 -2.464407 -1.141647 0.481305 0.508197 -0.319329
 53 3.674034 -0.000015 0.000023 -0.277611 0.179024 0.194713
 54 3.614700 0.000011 0.000000 0.013156 0.193871 -0.001558
 55 9.035503 -2.494944 0.484558 -0.001362 0.302449 0.001673
 56 2.943588 0.000000 -0.000015 0.010585 0.293657 -0.007800
 57 2.649437 0.000000 0.000008 -0.006498 0.303243 0.008512
 58 9.093632 -0.386667 0.647690 0.020190 0.475380 -0.012607
 59 3.451881 0.000004 0.000000 -0.014209 0.528778 0.009212
 60 2.898178 0.000002 0.000034 -0.000683 0.490858 0.000916
 61 8.894588 1.605852 0.371887 -0.000566 0.547851 0.000704
 62 3.130424 0.000004 0.000038 0.003896 0.567158 -0.005064
 63 2.629532 0.000000 -0.000038 0.004892 0.544388 -0.006589
 64 8.470619 3.459528 0.131485 -0.021715 0.541478 0.011456
 65 2.410278 0.000000 -0.000053 0.022815 0.529939 -0.013321
 66 2.000793 0.000006 0.000011 -0.005415 0.533618 0.007402
 67 23.052780 6.207910 -0.077309 1.481823 0.058643 2.080206
 68 9.436897 0.000019 -0.000015 0.151662 0.418551 0.413166
 69 31.269348 -0.000015 -0.000031 0.425789 0.302582 1.901388
 70 28.756512 0.000015 0.000008 0.322965 0.546285 0.110879
 71 2.251896 2.464417 -1.141556 -0.513217 0.249535 0.112914
 72 3.674086 0.000000 -0.000015 0.331388 -0.059506 -0.325011
 73 3.614679 0.000008 0.000023 0.067360 -0.216133 -0.086857
 74 9.035412 2.494949 0.484421 0.001362 -0.011534 -0.001673
 75 2.943565 0.000000 -0.000031 -0.011498 -0.020268 0.014556
 76 2.649445 0.000000 0.000015 0.006498 -0.010740 -0.008512
 77 9.093685 0.386658 0.647789 -0.018031 0.093461 0.020165
 78 3.451862 0.000000 -0.000008 0.014953 0.008589 -0.019838
 79 2.898197 0.000000 -0.000008 0.000683 -0.029445 -0.000917
 80 8.894417 -1.605850 0.371918 0.000566 0.090541 -0.000704
 81 3.130432 0.000000 -0.000031 -0.003896 -0.009289 0.005063
 82 2.629520 0.000000 0.000031 -0.004892 -0.032059 0.006589
 83 8.470604 -3.459534 0.131401 0.018786 0.137518 -0.020073
 84 2.410276 0.000000 -0.000008 -0.024238 -0.029075 0.031299
 85 2.000755 0.000015 0.000023 0.005415 -0.025697 -0.007402
 86 9.832348 1.463058 -1.299423 0.016523 -0.031798 -0.020624
 87 25.040604 -5.670405 5.432789 -1.313106 -0.225873 -2.132044
 88 28.779709 -6.856310 -0.811424 -1.466180 0.018640 -1.721368
 89 29.182297 -3.955566 -4.961967 0.884144 2.550278 0.507851
 90 25.040573 5.670407 5.432747 1.298537 -0.399773 2.181564
 91 28.779755 6.856310 -0.811405 1.466180 0.018641 1.721372
 92 29.182297 3.955564 -4.961945 -0.884144 2.550277 -0.507852
 93 -65.335648 -0.000020 1.140918 -3.141591 0.044911 0.000000
 94 26.290924 -12.205288 1.157882 -2.071447 -0.017454 0.065112
 95 49.071037 0.000008 0.000009 2.179705 0.127556 -0.112856
 96 61.871307 -0.000015 -0.000019 3.080256 0.672597 0.035641
 97 26.290924 12.205295 1.157842 2.044502 0.127786 -0.159169
 98 49.071068 0.000004 -0.000037 -2.187262 0.154733 0.063501
 99 61.871307 0.000023 -0.000027 -2.944714 0.642381 0.102745
100 -0.698059 -11.192116 -8.252763 1.295655 -0.078196 -0.783527
101 20.568237 0.000000 -0.000015 0.010247 0.063294 -0.147923
102 0.223785 -5.734809 -12.929605 -2.938031 0.658722 0.126578
103 20.803589 0.000001 -0.000031 0.066327 -0.117454 -0.041725
104 -1.040009 -3.033968 12.140510 1.554517 0.104601 -1.288764
105 -1.039993 3.034004 12.140500 -1.554518 0.104604 1.288764
106 4.165451 -5.407045 12.088389 0.854937 -0.629941 -0.629908
107 16.599442 0.000000 -0.000031 -0.047935 -0.051683 0.045016
108 4.165482 5.407080 12.088380 -0.833936 -0.597613 0.606290
109 16.599373 0.000008 -0.000023 0.047972 -0.014713 -0.043038
110 6.428391 0.000001 -0.288944 -0.000001 -0.000000 -0.000000
111 -1.833771 -13.936461 1.224504 1.552448 0.040995 -0.420999
112 20.406944 -0.000002 -0.000015 0.000000 -0.016932 0.000000
113 21.655487 -0.000002 -0.000023 -0.002663 -0.012530 -0.005789
114 22.360672 -0.000002 -0.000031 0.080023 -0.200123 0.081849
115 22.519653 -0.000006 -0.000015 0.060510 0.024464 0.096952
116 22.140385 -0.000008 -0.000023 0.021895 0.045473 0.098594
117 -1.699203 -12.875612 4.918509 1.116385 -0.148284 -0.380891
118 20.938591 0.000013 -0.000008 0.034482 -0.012972 -0.016104
119 21.993614 -0.000005 -0.000053 0.010100 -0.008745 -0.010889
120 22.563782 -0.000014 -0.000015 0.072111 -0.279566 0.078416
121 22.643353 -0.000002 -0.000038 0.037624 -0.057790 0.099726
122 22.238049 -0.000009 -0.000031 -0.016690 -0.048112 0.110659
123 -1.634338 -9.854568 8.052346 0.714077 -0.292095 -0.280759
124 22.205292 0.000001 -0.000023 0.042841 -0.006102 -0.020254
125 22.804390 -0.000005 -0.000046 0.014660 -0.008791 -0.011154
126 23.051662 0.000003 0.000000 0.057695 -0.350023 0.050714
127 22.939980 0.000002 -0.000046 0.022806 -0.133494 0.071635
128 22.472057 0.000000 -0.000038 -0.022234 -0.132907 0.088760
129 -1.616135 -5.333253 10.147438 0.347094 -0.374743 -0.146641
130 23.451294 -0.000000 -0.000023 0.027042 -0.001892 -0.012901
131 23.608025 -0.000003 -0.000031 0.009983 -0.009516 -0.006525
132 23.536228 -0.000000 -0.000031 0.041725 -0.399380 0.007028
133 23.233967 0.000003 0.000015 0.020041 -0.186612 0.022415
134 22.703674 0.000010 -0.000015 -0.001707 -0.189309 0.033752
135 -1.614517 -0.000000 10.883350 -0.000000 -0.400842 0.000000
136 23.962143 0.000001 -0.000038 0.000000 -0.000699 -0.000000
137 23.938957 -0.000003 0.000008 -0.000055 -0.009974 0.000156
138 23.736034 -0.000003 -0.000023 0.024775 -0.397515 -0.044109
139 23.354971 0.000006 -0.000046 0.022184 -0.208327 -0.037711
140 22.798931 -0.000008 -0.000023 0.027015 -0.212947 -0.032851
141 -1.616135 5.333251 10.147423 -0.347094 -0.374742 0.146641
142 23.451294 -0.000006 -0.000008 -0.027042 -0.001892 0.012901
143 23.608025 -0.000002 -0.000038 -0.010099 -0.009596 0.006976
144 23.536247 0.000002 -0.000023 0.005462 -0.418000 -0.096155
145 23.233974 -0.000015 -0.000031 0.021474 -0.202315 -0.099451
146 22.703671 0.000012 0.000000 0.052750 -0.204312 -0.101094
147 -1.634338 9.854564 8.052344 -0.714078 -0.292096 0.280760
148 22.205246 0.000003 0.000000 -0.042841 -0.006101 0.020254
149 22.804451 0.000002 -0.000076 -0.014835 -0.008946 0.011640
150 23.051636 -0.000008 -0.000008 -0.017037 -0.385909 -0.146315
151 22.939972 0.000000 -0.000023 0.007492 -0.167213 -0.153985
152 22.472061 0.000000 -0.000038 0.063409 -0.162750 -0.175896
153 -1.699203 12.875607 4.918524 -1.116385 -0.148284 0.380891
154 20.938583 0.000019 0.000000 -0.034482 -0.012973 0.016104
155 21.993599 -0.000005 -0.000061 -0.012521 -0.003068 0.005924
156 22.563812 0.000001 -0.000015 -0.043416 -0.329048 -0.183339
157 22.643356 0.000010 -0.000038 -0.025072 -0.107790 -0.193511
158 22.238029 0.000000 -0.000023 0.035283 -0.095665 -0.219097
159 -1.833771 13.936457 1.224504 -1.552447 0.040994 0.420999
160 20.406975 0.000005 -0.000038 -0.000000 -0.016932 -0.000000
161 21.655510 0.000009 -0.000015 -0.000000 -0.003038 0.000000
162 22.360664 0.000002 -0.000015 -0.067873 -0.251659 -0.199841
163 22.519665 0.000006 -0.000023 -0.071690 -0.014321 -0.209441
164 22.140377 0.000008 0.000000 -0.035260 -0.003575 -0.204961
165 -1.972565 12.875608 -3.614555 -1.827109 0.155326 0.386830
166 20.655167 0.000007 -0.000023 0.014659 -0.017050 -0.006451
167 21.762253 0.000003 -0.000031 0.001157 -0.016563 0.006372
168 22.392151 0.000010 -0.000015 -0.085921 -0.205603 -0.192098
169 22.541342 0.000015 -0.000031 -0.113189 0.030445 -0.211215
170 22.217499 0.000008 -0.000031 -0.097424 0.045301 -0.196995
171 -1.967316 9.854566 -7.722432 -2.161803 0.248066 0.289766
172 21.272728 0.000003 -0.000008 0.025990 -0.015445 -0.009916
173 22.032524 0.000022 -0.000053 -0.000156 -0.022429 0.005576
174 22.475662 0.000001 -0.000015 -0.088361 -0.156822 -0.176237
175 22.598709 0.000004 -0.000015 -0.129625 0.079257 -0.189152
176 22.407972 0.000015 -0.000031 -0.116794 0.096299 -0.155624
177 -1.900833 5.333252 -10.470076 -2.601403 0.305546 0.153178
178 21.914307 0.000006 -0.000023 0.024266 -0.010747 -0.007792
179 22.319839 -0.000009 -0.000004 -0.000994 -0.026654 0.003373
180 22.569626 -0.000001 -0.000015 -0.067403 -0.104747 -0.141672
181 22.663212 0.000021 -0.000015 -0.107280 0.127455 -0.148236
182 22.604527 0.000019 -0.000023 -0.097441 0.132287 -0.118597
183 -1.865585 -0.000002 -11.435440 -3.141592 0.324581 -0.000000
184 22.186676 -0.000004 -0.000008 0.000000 -0.007676 0.000000
185 22.443710 -0.000003 -0.000015 -0.000145 -0.028371 -0.000076
186 22.611534 -0.000005 -0.000015 -0.014938 -0.067787 -0.079424
187 22.692017 0.000005 0.000000 -0.033651 0.162043 -0.077582
188 22.687651 0.000010 0.000000 -0.040065 0.158057 -0.083363
189 -1.900833 -5.333257 -10.470070 2.601403 0.305546 -0.153178
190 21.914345 0.000008 -0.000015 -0.024267 -0.010746 0.007792
191 22.319824 -0.000020 -0.000004 0.000582 -0.026964 -0.003686
192 22.569626 0.000006 -0.000038 0.044293 -0.072442 -0.010720
193 22.663235 -0.000017 0.000000 0.041821 0.163529 -0.009093
194 22.604523 0.000002 0.000000 0.032261 0.164357 -0.022009
195 -1.967285 -9.854566 -7.722440 2.161803 0.248066 -0.289766
196 21.272720 -0.000016 -0.000015 -0.025990 -0.015445 0.009916
197 22.032471 0.000004 -0.000031 -0.000346 -0.022919 -0.005806
198 22.475693 -0.000007 -0.000038 0.075821 -0.106287 0.037003
199 22.598709 -0.000000 -0.000031 0.078706 0.137075 0.044479
200 22.407986 -0.000018 -0.000015 0.073649 0.151617 0.026937
201 -1.972565 -12.875610 -3.614562 1.827110 0.155326 -0.386831
202 20.655182 0.000010 -0.000023 -0.014659 -0.017050 0.006451
203 21.762283 -0.000007 -0.000008 -0.001643 -0.017849 -0.006131
204 22.392159 -0.000005 -0.000031 0.085038 -0.148323 0.064743
205 22.541334 -0.000009 -0.000023 0.078787 0.086828 0.074416
206 22.217505 -0.000008 -0.000023 0.064906 0.115444 0.071097
207 0.059621 0.456168 0.250107 0.000000 -0.000000 0.000000
208 0.059621 0.456168 0.250107 0.000000 -0.000000 0.000000
time 48
  0 0.059621 0.456168 0.250107 0.000000 -0.000000 0.000000
  1 0.059621 0.456168 0.250107 0.000000 -0.000000 0.000000
  2 0.059621 0.456168 0.250107 0.000000 -0.000000 0.000000
  3 0.059621 0.456168 0.250107 0.000000 -0.000000 0.000000
  4 0.059621 0.456168 0.250107 0.000000 -0.000000 0.000000
  5 0.059621 0.456168 0.250107 0.000000 -0.000000 0.000000
  6 0.059621 0.456168 0.250107 0.000000 -0.000000 0.000000
  7 0.059621 0.456168 0.250107 0.000000 -0.000000 0.000000
  8 0.059621 0.456168 0.250107 0.000000 -0.000000 0.000000
  9 0.059621 0.456168 0.250107 0.000000 -0.000000 0.000000
 10 114.648163 44.085480 154.699982 -1.243182 -0.095172 2.327886
 11 24.668249 0.000000 -0.000038 1.054754 -0.499166 -0.003746
 12 30.380154 0.000000 0.000000 1.652790 0.072809 0.799152
 13 19.902100 -0.000015 -0.000015 0.026172 -0.088717 -0.050741
 14 -63.796986 -31.759871 107.458252 1.842415 -0.147860 -0.630955
 15 35.349510 0.000000 0.000015 -1.401205 0.126597 -0.333893
 16 37.124329 -0.000004 -0.000023 -1.185492 0.957534 0.408645
 17 0.059621 0.456168 0.250107 0.064768 -0.005215 -0.156772
 18 0.059621 0.456168 89.712730 1.570796 1.570796 0.000000
 19 -65.799538 -0.000020 1.142855 0.000000 0.000515 3.141077
 20 11.181564 0.005760 -0.002411 0.000000 0.254797 0.000515
 21 27.835175 -0.000000 0.000015 -3.141592 -0.129896 -0.000000
 22 5.330383 -0.000001 -0.000002 -3.070902 -0.014451 0.001823
 23 10.134888 -4.133392 3.834200 -0.659620 -1.161984 -2.521475
 24 10.134888 4.133398 3.834196 0.659642 -1.161977 2.521455
 25 22.592361 0.000010 17.467112 -0.000010 2.956431 0.000000
 26 21.199997 -7.744008 14.169516 -0.644457 -0.154503 -3.025319
 27 18.142014 -13.440224 7.965773 1.229011 -0.185765 3.080626
 28 21.199966 7.744022 14.169497 0.644460 -0.154503 3.025318
 29 18.141998 13.440235 7.965773 -0.316157 -0.180196 -3.082644
 30 11.858871 -13.359997 3.526510 1.542249 3.132957 0.174415
 31 9.463272 -16.404863 -2.906046 1.542282 3.132901 0.176490
 32 9.125259 -10.885473 -11.371325 0.000496 2.962373 0.000256
 33 11.858871 13.360003 3.526472 -1.542248 3.132957 -0.174414
 34 9.463257 16.404863 -2.906025 -1.542281 3.132900 -0.176490
 35 9.125275 10.885471 -11.371307 -0.000492 2.962373 0.000256
 36 9.023224 -0.000003 -17.296175 0.000180 -0.167048 -3.141356
 37 12.691422 -0.000003 -19.438765 0.000000 2.507323 0.000000
 38 10.989426 0.000002 -0.000008 0.000000 -0.198163 0.000000
 39 12.871475 -10.586840 -15.652473 1.098389 2.853299 0.492982
 40 10.727005 0.000006 -0.000031 -0.045498 -0.208801 0.026320
 41 12.871460 10.586840 -15.652472 -1.101153 2.853299 -0.492981
 42 10.726990 -0.000023 0.000015 0.045498 -0.208802 -0.026320
 43 12.847214 -17.570080 -4.701340 1.348563 2.971099 0.617671
 44 11.496506 0.000008 -0.000031 -0.091777 -0.168633 0.058271
 45 12.847183 17.570078 -4.701359 -1.350490 2.971099 -0.617671
 46 11.496460 -0.000002 0.000000 0.091777 -0.168633 -0.058271
 47 28.485962 0.000011 16.460356 -0.000001 -0.083460 0.000000
 48 23.052750 -6.207911 -0.077290 -1.470206 0.035100 -1.833545
 49 9.436901 -0.000008 -0.000015 0.010287 0.572736 0.003503
 50 31.269333 0.000008 -0.000031 -0.006701 -0.021547 0.008666
 51 28.756523 0.000010 -0.000031 -0.001117 0.024448 0.001416
 52 2.251984 -2.464409 -1.141663 0.481305 0.508197 -0.319329
 53 3.674034 -0.000015 0.000015 -0.277611 0.179024 0.194713
 54 3.614700 0.000012 0.000008 0.013156 0.193871 -0.001558
 55 9.035500 -2.494946 0.484543 -0.001362 0.302449 0.001673
 56 2.943573 0.000002 -0.000015 0.010585 0.293657 -0.007800
 57 2.649429 0.000000 0.000008 -0.006498 0.303243 0.008512
 58 9.093624 -0.386669 0.647675 0.020190 0.475380 -0.012607
 59 3.451889 0.000000 0.000008 -0.014209 0.528778 0.009212
 60 2.898193 0.000000 0.000031 -0.000683 0.490858 0.000916
 61 8.894592 1.605852 0.371872 -0.000566 0.547851 0.000704
 62 3.130402 0.000000 0.000046 0.003896 0.567158 -0.005064
 63 2.629532 0.000002 -0.000038 0.004892 0.544388 -0.006589
 64 8.470627 3.459530 0.131470 -0.021715 0.541478 0.011456
 65 2.410271 0.000000 -0.000053 0.022815 0.529939 -0.013321
 66 2.000778 0.000004 0.000008 -0.005415 0.533618 0.007402
 67 23.052765 6.207909 -0.077309 1.481823 0.058643 2.080206
 68 9.436897 0.000017 -0.000015 0.151662 0.418551 0.413166
 69 31.269348 -0.000015 -0.000038 0.433764 0.303987 1.902058
 70 28.756500 0.000008 0.000000 0.324820 0.557256 0.115562
 71 2.251892 2.464401 -1.141571 -0.513217 0.249535 0.112914
 72 3.674088 0.000008 -0.000015 0.331388 -0.059506 -0.325011
 73 3.614677 0.000000 0.000023 0.067360 -0.216133 -0.086857
 74 9.035416 2.494965 0.484421 0.001362 -0.011534 -0.001673
 75 2.943573 0.000000 -0.000023 -0.011497 -0.020268 0.014556
 76 2.649445 0.000000 0.000031 0.006498 -0.010740 -0.008512
 77 9.093689 0.386688 0.647774 -0.018031 0.093461 0.020165
 78 3.451862 0.000000 -0.000008 0.014953 0.008589 -0.019838
 79 2.898201 0.000015 -0.000008 0.000684 -0.029445 -0.000917
 80 8.894413 -1.605850 0.371902 0.000566 0.090541 -0.000704
 81 3.130428 0.000015 -0.000046 -0.003896 -0.009289 0.005063
 82 2.629520 0.000000 0.000023 -0.004892 -0.032059 0.006589
 83 8.470604 -3.459518 0.131393 0.018786 0.137518 -0.020073
 84 2.410275 -0.000015 -0.000015 -0.024238 -0.029075 0.031299
 85 2.000751 0.000015 0.000015 0.005415 -0.025697 -0.007402
 86 9.832352 1.463074 -1.299438 0.016523 -0.031798 -0.020624
 87 25.040588 -5.670406 5.432789 -1.312592 -0.225338 -2.134226
 88 28.779709 -6.856310 -0.811424 -1.466209 0.018870 -1.723544
 89 29.182297 -3.955567 -4.961967 0.882910 2.551621 0.505728
 90 25.040558 5.670406 5.432747 1.297613 -0.399226 2.183875
 91 28.779739 6.856310 -0.811405 1.466209 0.018871 1.723548
 92 29.182297 3.955564 -4.961941 -0.882910 2.551620 -0.505729
 93 -65.335655 -0.000020 1.140918 -3.141591 0.044911 0.000000
 94 26.290924 -12.205289 1.157882 -2.071447 -0.017454 0.065112
 95 49.071030 0.000007 0.000009 2.179705 0.127556 -0.112856
 96 61.871315 -0.000015 -0.000021 3.080256 0.672597 0.035641
 97 26.290924 12.205294 1.157842 2.044502 0.127786 -0.159169
 98 49.071060 0.000004 -0.000038 -2.187262 0.154733 0.063501
 99 61.871300 0.000023 -0.000027 -2.944714 0.642381 0.102745
100 -0.698059 -11.192117 -8.252762 1.293080 -0.075017 -0.768090
101 20.568245 -0.000002 0.000000 0.010270 0.075018 -0.148173
102 0.223785 -5.734809 -12.929604 -2.942801 0.642034 0.119293
103 20.803581 0.000002 -0.000038 0.066362 -0.098798 -0.040242
104 -1.040009 -3.033968 12.140511 1.554517 0.104601 -1.288764
105 -1.039993 3.034004 12.140499 -1.554518 0.104604 1.288764
106 4.165451 -5.407045 12.088390 0.854937 -0.629941 -0.629908
107 16.599434 0.000000 -0.000031 -0.047935 -0.051683 0.045016
108 4.165482 5.407080 12.088381 -0.839763 -0.606882 0.612749
109 16.599373 0.000008 -0.000023 0.047991 -0.025161 -0.043631
110 6.428391 0.000001 -0.288944 -0.000001 -0.000000 -0.000000
111 -1.833771 -13.936461 1.224505 1.552448 0.040995 -0.420999
112 20.406952 -0.000002 -0.000023 0.000000 -0.016932 0.000000
113 21.655502 -0.000002 -0.000015 -0.001852 -0.008483 -0.004123
114 22.360680 -0.000002 -0.000015 0.080362 -0.195600 0.082722
115 22.519661 -0.000006 -0.000015 0.060944 0.021240 0.096991
116 22.140388 -0.000008 -0.000015 0.021895 0.040192 0.098594
117 -1.699203 -12.875612 4.918509 1.116385 -0.148284 -0.380891
118 20.938614 0.000013 0.000000 0.034482 -0.012972 -0.016104
119 21.993607 -0.000005 -0.000061 0.010836 -0.005721 -0.009455
120 22.563797 -0.000013 -0.000008 0.072379 -0.274641 0.079168
121 22.643353 -0.000003 -0.000038 0.038052 -0.061334 0.099900
122 22.238056 -0.000008 -0.000031 -0.016753 -0.053387 0.110907
123 -1.634338 -9.854568 8.052347 0.714077 -0.292095 -0.280759
124 22.205299 0.000001 -0.000023 0.042841 -0.006102 -0.020254
125 22.804390 -0.000005 -0.000046 0.015202 -0.006009 -0.010195
126 23.051659 0.000004 0.000000 0.057891 -0.344799 0.051252
127 22.939976 0.000003 -0.000046 0.023141 -0.137262 0.071759
128 22.472061 0.000005 -0.000031 -0.022354 -0.138182 0.089002
129 -1.616135 -5.333253 10.147438 0.347094 -0.374743 -0.146641
130 23.451294 -0.000000 -0.000023 0.027042 -0.001892 -0.012901
131 23.608017 -0.000003 -0.000031 0.010258 -0.006867 -0.006143
132 23.536224 -0.000000 -0.000031 0.041838 -0.393989 0.007289
133 23.233969 0.000001 0.000000 0.020248 -0.190499 0.022332
134 22.703678 0.000008 -0.000023 -0.001707 -0.194590 0.033752
135 -1.614517 -0.000000 10.883350 -0.000000 -0.400842 0.000000
136 23.962143 0.000001 -0.000038 0.000000 -0.000699 -0.000000
137 23.938957 -0.000003 0.000008 -0.000026 -0.007353 0.000073
138 23.736031 -0.000003 -0.000023 0.024881 -0.401429 -0.044297
139 23.354979 0.000006 -0.000046 0.022275 -0.213605 -0.037875
140 22.798923 -0.000009 -0.000031 0.027026 -0.218226 -0.032992
141 -1.616135 5.333251 10.147423 -0.347094 -0.374742 0.146641
142 23.451294 -0.000006 0.000000 -0.027042 -0.001892 0.012901
143 23.608017 -0.000002 -0.000038 -0.010312 -0.006904 0.006402
144 23.536240 0.000000 -0.000015 0.005436 -0.412664 -0.096478
145 23.233978 -0.000014 -0.000031 0.021502 -0.207595 -0.099563
146 22.703663 0.000011 -0.000015 0.052824 -0.209586 -0.101370
147 -1.634338 9.854564 8.052345 -0.714078 -0.292096 0.280760
148 22.205261 0.000003 -0.000008 -0.042841 -0.006101 0.020254
149 22.804451 0.000002 -0.000076 -0.015295 -0.006082 0.010494
150 23.051636 -0.000008 0.000000 -0.017146 -0.380787 -0.146905
151 22.939972 0.000000 -0.000015 0.007492 -0.172494 -0.153986
152 22.472069 0.000007 -0.000038 0.063854 -0.167999 -0.176469
153 -1.699203 12.875607 4.918525 -1.116385 -0.148284 0.380891
154 20.938591 0.000019 0.000000 -0.034482 -0.012973 0.016104
155 21.993599 -0.000005 -0.000069 -0.012521 -0.003068 0.005924
156 22.563812 0.000001 -0.000023 -0.043589 -0.324257 -0.184117
157 22.643353 0.000012 -0.000038 -0.025061 -0.113070 -0.193023
158 22.238026 -0.000002 -0.000031 0.035443 -0.100922 -0.219596
159 -1.833771 13.936457 1.224505 -1.552447 0.040994 0.420999
160 20.406952 0.000005 -0.000031 -0.000000 -0.016932 -0.000000
161 21.655510 0.000009 -0.000008 -0.000000 -0.003038 0.000000
162 22.360664 0.000002 -0.000015 -0.068107 -0.248249 -0.200735
163 22.519672 0.000006 -0.000015 -0.071560 -0.025486 -0.207797
164 22.140377 0.000008 -0.000015 -0.035292 -0.012651 -0.205088
165 -1.972565 12.875608 -3.614555 -1.827109 0.155326 0.386830
166 20.655167 0.000007 -0.000023 0.014659 -0.017050 -0.006451
167 21.762253 0.000004 -0.000015 0.000594 -0.011768 0.004646
168 22.392166 0.000010 -0.000031 -0.086171 -0.201980 -0.193063
169 22.541338 0.000013 -0.000038 -0.112875 0.019758 -0.208527
170 22.217493 0.000008 -0.000015 -0.097487 0.035954 -0.196219
171 -1.967316 9.854566 -7.722432 -2.161803 0.248066 0.289766
172 21.272736 0.000003 -0.000011 0.025990 -0.015445 -0.009916
173 22.032524 0.000022 -0.000046 -0.000519 -0.016893 0.004131
174 22.475662 0.000000 -0.000015 -0.088575 -0.152961 -0.177119
175 22.598709 -0.000002 0.000000 -0.129131 0.067824 -0.186513
176 22.407978 0.000011 -0.000023 -0.116310 0.084897 -0.153218
177 -1.900833 5.333252 -10.470076 -2.601403 0.305546 0.153178
178 21.914322 0.000006 -0.000027 0.024266 -0.010747 -0.007792
179 22.319839 -0.000009 0.000000 -0.001095 -0.020537 0.002526
180 22.569633 -0.000000 -0.000015 -0.067536 -0.100650 -0.142261
181 22.663208 0.000022 -0.000023 -0.106748 0.115375 -0.146382
182 22.604523 0.000019 -0.000031 -0.096958 0.120248 -0.116975
183 -1.865585 -0.000002 -11.435440 -3.141592 0.324581 -0.000000
184 22.186668 -0.000004 -0.000008 0.000000 -0.007676 0.000000
185 22.443710 -0.000003 -0.000011 -0.000068 -0.021957 -0.000036
186 22.611542 -0.000005 -0.000015 -0.014892 -0.063584 -0.079450
187 22.692024 0.000005 0.000000 -0.033455 0.149637 -0.077395
188 22.687653 0.000009 -0.000004 -0.040069 0.145700 -0.083277
189 -1.900833 -5.333256 -10.470070 2.601403 0.305546 -0.153178
190 21.914337 0.000008 -0.000015 -0.024267 -0.010746 0.007792
191 22.319824 -0.000020 -0.000004 0.000862 -0.020816 -0.002736
192 22.569626 0.000007 -0.000034 0.044474 -0.068386 -0.010178
193 22.663239 -0.000018 0.000008 0.041577 0.151445 -0.010016
194 22.604523 0.000004 0.000000 0.032055 0.152235 -0.022702
195 -1.967285 -9.854566 -7.722440 2.161803 0.248066 -0.289766
196 21.272713 -0.000016 -0.000008 -0.025990 -0.015445 0.009916
197 22.032478 0.000004 -0.000023 0.000211 -0.017336 -0.004299
198 22.475693 -0.000007 -0.000031 0.076111 -0.102496 0.037827
199 22.598713 0.000002 -0.000015 0.078302 0.125667 0.042696
200 22.407986 -0.000017 -0.000023 0.073240 0.140111 0.025279
201 -1.972565 -12.875610 -3.614562 1.827110 0.155326 -0.386831
202 20.655182 0.000010 -0.000031 -0.014659 -0.017050 0.006451
203 21.762276 -0.000007 -0.000008 -0.000898 -0.012845 -0.004470
204 22.392166 -0.000003 -0.000031 0.085378 -0.144788 0.065644
205 22.541344 -0.000007 -0.000031 0.079153 0.079836 0.074208
206 22.217499 -0.000006 -0.000015 0.064606 0.105160 0.069697
207 0.059621 0.456168 0.250107 0.000000 -0.000000 0.000000
208 0.059621 0.456168 0.250107 0.000000 -0.000000 0.000000
time 49
  0 0.059621 0.456168 0.250107 0.000000 -0.000000 0.000000
  1 0.059621 0.456168 0.250107 0.000000 -0.000000 0.000000
  2 0.059621 0.456168 0.250107 0.000000 -0.000000 0.000000
  3 0.059621 0.456168 0.250107 0.000000 -0.000000 0.000000
  4 0.059621 0.456168 0.250107 0.000000 -0.000000 0.000000
  5 0.059621 0.456168 0.250107 0.000000 -0.000000 0.000000
  6 0.059621 0.456168 0.250107 0.000000 -0.000000 0.000000
  7 0.059621 0.456168 0.250107 0.000000 -0.000000 0.000000
  8 0.059621 0.456168 0.250107 0.000000 -0.000000 0.000000
  9 0.059621 0.456168 0.250107 0.000000 -0.000000 0.000000
 10 119.010391 40.887878 154.187790 -1.241649 -0.084223 2.325457
 11 24.668245 0.000000 -0.000042 1.065802 -0.540168 0.005991
 12 30.380146 0.000015 0.000015 1.675405 0.037300 0.888409
 13 19.902092 0.000000 -0.000004 0.007046 -0.023885 -0.013661
 14 -81.561142 -24.466152 107.458252 1.940919 -0.177135 -0.779198
 15 35.349510 0.000000 0.000011 -1.404840 0.128678 -0.335100
 16 37.124329 -0.000011 -0.000015 -1.178899 0.972038 0.408767
 17 0.059621 0.456168 0.250107 0.064768 -0.005215 -0.156772
 18 0.059621 0.456168 89.387886 1.570796 1.570796 0.000000
 19 -65.799553 -0.000020 1.142855 0.000000 0.000515 3.141077
 20 11.181564 0.005760 -0.002411 0.000000 0.254797 0.000515
 21 27.835175 -0.000000 0.000015 -3.141592 -0.129896 -0.000000
 22 5.330383 -0.000001 0.000000 -3.070914 -0.014541 0.003080
 23 10.134903 -4.133391 3.834198 -0.671153 -1.168294 -2.508916
 24 10.134903 4.133398 3.834200 0.671176 -1.168287 2.508895
 25 22.592377 0.000010 17.467112 -0.000010 2.956431 0.000000
 26 21.199982 -7.744006 14.169516 -0.644457 -0.154503 -3.025319
 27 18.142029 -13.440223 7.965773 1.228532 -0.181630 3.082125
 28 21.199966 7.744022 14.169500 0.644460 -0.154503 3.025318
 29 18.141998 13.440235 7.965773 -0.316157 -0.180196 -3.082644
 30 11.858871 -13.359995 3.526510 1.542249 3.132957 0.174415
 31 9.463272 -16.404865 -2.906046 1.542282 3.132901 0.176490
 32 9.125259 -10.885472 -11.371326 0.000496 2.962373 0.000256
 33 11.858871 13.360003 3.526472 -1.542248 3.132957 -0.174414
 34 9.463272 16.404861 -2.906027 -1.542281 3.132900 -0.176490
 35 9.125275 10.885470 -11.371307 -0.000492 2.962373 0.000256
 36 9.023239 -0.000003 -17.296175 0.000180 -0.167048 -3.141356
 37 12.691406 -0.000003 -19.438765 0.000000 2.511693 0.000000
 38 10.989426 0.000002 0.000000 0.000000 -0.175291 0.000000
 39 12.871460 -10.586840 -15.652473 1.093820 2.855141 0.488758
 40 10.727020 0.000008 -0.000031 -0.044944 -0.185959 0.025056
 41 12.871460 10.586840 -15.652472 -1.095330 2.855140 -0.488757
 42 10.726974 -0.000026 0.000008 0.044944 -0.185959 -0.025056
 43 12.847214 -17.570082 -4.701342 1.345186 2.971970 0.613301
 44 11.496506 0.000006 -0.000031 -0.090805 -0.145865 0.055855
 45 12.847198 17.570080 -4.701360 -1.346239 2.971970 -0.613300
 46 11.496475 -0.000002 -0.000015 0.090805 -0.145865 -0.055855
 47 28.485962 0.000012 16.460356 -0.000001 -0.061926 0.000000
 48 23.052765 -6.207911 -0.077290 -1.470206 0.035100 -1.833545
 49 9.436901 -0.000008 -0.000015 0.010287 0.566141 0.003503
 50 31.269333 0.000008 -0.000031 -0.006701 -0.009211 0.008666
 51 28.756516 0.000010 -0.000031 -0.001117 0.030503 0.001416
 52 2.251984 -2.464407 -1.141647 0.481305 0.508197 -0.319329
 53 3.674042 -0.000017 0.000015 -0.277611 0.179024 0.194713
 54 3.614700 0.000013 0.000000 0.013156 0.193871 -0.001558
 55 9.035503 -2.494944 0.484543 -0.001362 0.302449 0.001673
 56 2.943581 0.000002 -0.000008 0.010585 0.293657 -0.007800
 57 2.649429 0.000000 0.000008 -0.006498 0.303243 0.008512
 58 9.093620 -0.386671 0.647690 0.020190 0.475380 -0.012607
 59 3.451889 -0.000002 0.000000 -0.014209 0.528778 0.009212
 60 2.898178 -0.000002 0.000031 -0.000683 0.490858 0.000916
 61 8.894585 1.605854 0.371872 -0.000566 0.547851 0.000704
 62 3.130409 0.000000 0.000038 0.003896 0.567158 -0.005064
 63 2.629517 0.000000 -0.000038 0.004892 0.544388 -0.006589
 64 8.470615 3.459528 0.131485 -0.021715 0.541478 0.011456
 65 2.410278 0.000002 -0.000061 0.022815 0.529939 -0.013321
 66 2.000793 0.000006 0.000011 -0.005415 0.533618 0.007402
 67 23.052780 6.207909 -0.077309 1.481823 0.058643 2.080206
 68 9.436905 0.000021 -0.000015 0.151662 0.418551 0.413166
 69 31.269348 -0.000015 -0.000038 0.438732 0.304863 1.902476
 70 28.756504 0.000015 0.000000 0.325982 0.564125 0.118494
 71 2.251894 2.464401 -1.141563 -0.513217 0.249535 0.112914
 72 3.674086 0.000000 -0.000031 0.331388 -0.059506 -0.325011
 73 3.614679 0.000008 0.000031 0.067360 -0.216133 -0.086857
 74 9.035421 2.494949 0.484421 0.001362 -0.011534 -0.001673
 75 2.943569 0.000000 -0.000038 -0.011497 -0.020268 0.014556
 76 2.649441 0.000015 0.000023 0.006498 -0.010740 -0.008512
 77 9.093687 0.386673 0.647774 -0.018031 0.093461 0.020165
 78 3.451862 0.000000 -0.000008 0.014953 0.008589 -0.019838
 79 2.898201 -0.000015 0.000000 0.000684 -0.029445 -0.000917
 80 8.894415 -1.605850 0.371910 0.000566 0.090541 -0.000704
 81 3.130428 0.000000 -0.000046 -0.003896 -0.009289 0.005063
 82 2.629517 0.000000 0.000023 -0.004892 -0.032059 0.006589
 83 8.470602 -3.459534 0.131386 0.018786 0.137518 -0.020073
 84 2.410276 0.000000 -0.000015 -0.024238 -0.029075 0.031299
 85 2.000755 0.000000 0.000015 0.005415 -0.025697 -0.007402
 86 9.832350 1.463058 -1.299431 0.016523 -0.031798 -0.020624
 87 25.040588 -5.670406 5.432789 -1.312271 -0.225003 -2.135592
 88 28.779709 -6.856310 -0.811424 -1.466228 0.019014 -1.724906
 89 29.182297 -3.955567 -4.961967 0.882137 2.552462 0.504400
 90 25.040558 5.670406 5.432747 1.297033 -0.398884 2.185322
 91 28.779755 6.856310 -0.811405 1.466228 0.019015 1.724910
 92 29.182297 3.955564 -4.961945 -0.882137 2.552461 -0.504400
 93 -65.335655 -0.000020 1.140918 -3.141591 0.044911 0.000000
 94 26.290924 -12.205289 1.157882 -2.071447 -0.017454 0.065112
 95 49.071037 0.000008 0.000010 2.179705 0.127556 -0.112856
 96 61.871311 -0.000015 -0.000021 3.080256 0.672597 0.035641
 97 26.290924 12.205294 1.157842 2.044502 0.127786 -0.159169
 98 49.071068 0.000004 -0.000037 -2.187262 0.154733 0.063501
 99 61.871300 0.000023 -0.000027 -2.944714 0.642381 0.102745
100 -0.698074 -11.192117 -8.252762 1.290181 -0.072960 -0.754570
101 20.568237 0.000000 -0.000015 0.010285 0.082604 -0.148335
102 0.223785 -5.734809 -12.929605 -2.948191 0.626739 0.111037
103 20.803581 0.000001 -0.000031 0.066384 -0.080727 -0.038586
104 -1.040009 -3.033968 12.140510 1.554517 0.104601 -1.288764
105 -1.039993 3.034004 12.140500 -1.554518 0.104604 1.288764
106 4.165451 -5.407045 12.088391 0.854937 -0.629941 -0.629908
107 16.599442 0.000000 -0.000031 -0.047935 -0.051683 0.045016
108 4.165482 5.407080 12.088380 -0.845837 -0.616544 0.619053
109 16.599380 0.000008 -0.000031 0.048002 -0.035795 -0.044235
110 6.428391 0.000001 -0.288944 -0.000001 -0.000000 -0.000000
111 -1.833786 -13.936461 1.224504 1.552448 0.040995 -0.420999
112 20.406960 -0.000002 -0.000023 0.000000 -0.016932 0.000000
113 21.655487 -0.000002 -0.000008 -0.000965 -0.005262 -0.002199
114 22.360680 -0.000002 -0.000023 0.080580 -0.191626 0.083286
115 22.519657 -0.000006 -0.000015 0.061224 0.019237 0.097017
116 22.140387 -0.000010 -0.000015 0.021895 0.036897 0.098594
117 -1.699219 -12.875612 4.918509 1.116385 -0.148284 -0.380891
118 20.938606 0.000013 0.000000 0.034482 -0.012972 -0.016104
119 21.993614 -0.000005 -0.000061 0.011643 -0.003764 -0.007805
120 22.563805 -0.000012 -0.000008 0.072552 -0.269791 0.079656
121 22.643353 -0.000002 -0.000038 0.038329 -0.063545 0.100012
122 22.238049 -0.000010 -0.000031 -0.016818 -0.056679 0.111061
123 -1.634354 -9.854568 8.052346 0.714077 -0.292095 -0.280759
124 22.205299 0.000001 -0.000023 0.042841 -0.006102 -0.020254
125 22.804390 -0.000005 -0.000038 0.015789 -0.004209 -0.009096
126 23.051662 0.000003 -0.000008 0.058018 -0.339300 0.051601
127 22.939980 0.000005 -0.000046 0.023359 -0.139619 0.071839
128 22.472057 0.000000 -0.000031 -0.022480 -0.141474 0.089153
129 -1.616150 -5.333254 10.147438 0.347094 -0.374743 -0.146641
130 23.451302 -0.000000 -0.000015 0.027042 -0.001892 -0.012901
131 23.608017 -0.000003 -0.000023 0.010541 -0.005153 -0.005709
132 23.536221 -0.000002 -0.000031 0.041911 -0.388132 0.007459
133 23.233971 0.000003 0.000015 0.020382 -0.192933 0.022215
134 22.703671 0.000006 -0.000015 -0.001707 -0.197886 0.033752
135 -1.614517 -0.000000 10.883350 -0.000000 -0.400842 0.000000
136 23.962143 0.000001 -0.000038 0.000000 -0.000699 -0.000000
137 23.938965 -0.000003 0.000008 -0.000007 -0.005657 0.000019
138 23.736031 -0.000003 -0.000023 0.024950 -0.403879 -0.044416
139 23.354971 0.000006 -0.000038 0.022360 -0.216898 -0.037978
140 22.798931 -0.000008 -0.000023 0.027034 -0.221520 -0.033080
141 -1.616150 5.333250 10.147423 -0.347094 -0.374742 0.146641
142 23.451294 -0.000006 0.000000 -0.027042 -0.001892 0.012901
143 23.608017 -0.000002 -0.000038 -0.010555 -0.005163 0.005815
144 23.536251 0.000001 -0.000015 0.005419 -0.406925 -0.096687
145 23.233974 -0.000016 -0.000046 0.021531 -0.210890 -0.099634
146 22.703655 0.000013 -0.000015 0.052900 -0.212877 -0.101543
147 -1.634354 9.854564 8.052344 -0.714078 -0.292096 0.280760
148 22.205261 0.000003 0.000000 -0.042841 -0.006101 0.020254
149 22.804451 0.000002 -0.000076 -0.015823 -0.004229 0.009232
150 23.051636 -0.000006 0.000000 -0.017216 -0.375510 -0.147287
151 22.939970 -0.000003 -0.000015 0.007492 -0.175789 -0.153986
152 22.472061 0.000001 -0.000031 0.064323 -0.171275 -0.176826
153 -1.699219 12.875607 4.918524 -1.116385 -0.148284 0.380891
154 20.938599 0.000019 -0.000008 -0.034482 -0.012973 0.016104
155 21.993591 -0.000005 -0.000061 -0.012521 -0.003068 0.005924
156 22.563812 0.000001 -0.000023 -0.043701 -0.319695 -0.184620
157 22.643360 0.000014 -0.000053 -0.025049 -0.116364 -0.192513
158 22.238029 -0.000008 -0.000031 0.035608 -0.104202 -0.219907
159 -1.833786 13.936457 1.224504 -1.552447 0.040994 0.420999
160 20.406967 0.000005 -0.000046 -0.000000 -0.016932 -0.000000
161 21.655502 0.000009 -0.000008 -0.000000 -0.003038 0.000000
162 22.360649 0.000002 -0.000015 -0.068259 -0.246043 -0.201313
163 22.519661 0.000004 -0.000023 -0.071425 -0.035855 -0.206044
164 22.140369 0.000004 -0.000015 -0.035312 -0.020504 -0.205168
165 -1.972580 12.875608 -3.614555 -1.827109 0.155326 0.386830
166 20.655167 0.000007 -0.000023 0.014659 -0.017050 -0.006451
167 21.762253 0.000004 -0.000015 -0.000048 -0.007712 0.002644
168 22.392159 0.000010 -0.000023 -0.086333 -0.199635 -0.193687
169 22.541342 0.000011 -0.000038 -0.112548 0.009951 -0.205650
170 22.217497 0.000008 -0.000015 -0.097526 0.027773 -0.195404
171 -1.967316 9.854566 -7.722432 -2.161803 0.248066 0.289766
172 21.272728 0.000003 -0.000011 0.025990 -0.015445 -0.009916
173 22.032516 0.000022 -0.000046 -0.000931 -0.011908 0.002459
174 22.475670 -0.000001 -0.000015 -0.088714 -0.150463 -0.177690
175 22.598721 0.000008 -0.000015 -0.128615 0.057115 -0.183750
176 22.407972 0.000023 -0.000031 -0.115805 0.074231 -0.150697
177 -1.900848 5.333252 -10.470076 -2.601403 0.305546 0.153178
178 21.914307 0.000006 -0.000019 0.024266 -0.010747 -0.007792
179 22.319839 -0.000009 -0.000008 -0.001208 -0.014853 0.001553
180 22.569618 -0.000000 -0.000011 -0.067622 -0.097999 -0.142642
181 22.663212 0.000022 -0.000015 -0.106190 0.103898 -0.144496
182 22.604528 0.000021 -0.000027 -0.096452 0.108824 -0.115338
183 -1.865585 -0.000002 -11.435440 -3.141592 0.324581 -0.000000
184 22.186684 -0.000004 -0.000015 0.000000 -0.007676 0.000000
185 22.443718 -0.000003 -0.000015 -0.000018 -0.015896 -0.000009
186 22.611542 -0.000005 -0.000023 -0.014841 -0.060864 -0.079479
187 22.692017 0.000005 0.000000 -0.033248 0.137784 -0.077278
188 22.687656 0.000010 -0.000004 -0.040072 0.133908 -0.083224
189 -1.900848 -5.333257 -10.470070 2.601403 0.305546 -0.153178
190 21.914345 0.000008 -0.000015 -0.024267 -0.010746 0.007792
191 22.319824 -0.000020 -0.000008 0.001116 -0.015033 -0.001657
192 22.569626 0.000006 -0.000038 0.044590 -0.065761 -0.009828
193 22.663239 -0.000018 0.000004 0.041321 0.139978 -0.010990
194 22.604523 0.000002 -0.000008 0.031835 0.140722 -0.023429
195 -1.967285 -9.854566 -7.722440 2.161803 0.248066 -0.289766
196 21.272705 -0.000016 -0.000008 -0.025990 -0.015445 0.009916
197 22.032463 0.000004 -0.000031 0.000792 -0.012193 -0.002551
198 22.475685 -0.000005 -0.000031 0.076298 -0.100043 0.038360
199 22.598709 0.000005 -0.000023 0.077880 0.115004 0.040806
200 22.407990 -0.000015 -0.000023 0.072810 0.129333 0.023524
201 -1.972580 -12.875610 -3.614562 1.827110 0.155326 -0.386831
202 20.655182 0.000010 -0.000023 -0.014659 -0.017050 0.006451
203 21.762276 -0.000007 -0.000008 -0.000092 -0.008369 -0.002548
204 22.392166 -0.000004 -0.000038 0.085598 -0.142500 0.066227
205 22.541336 -0.000008 -0.000031 0.079390 0.073195 0.073920
206 22.217505 -0.000006 -0.000031 0.064294 0.095849 0.068222
207 0.059621 0.456168 0.250107 0.000000 -0.000000 0.000000
208 0.059621 0.456168 0.250107 0.000000 -0.000000 0.000000
time 50
  0 0.059621 0.456168 0.250107 0.000000 -0.000000 0.000000
  1 0.059621 0.456168 0.250107 0.000000 -0.000000 0.000000
  2 0.059621 0.456168 0.250107 0.000000 -0.000000 0.000000
  3 0.059621 0.456168 0.250107 0.000000 -0.000000 0.000000
  4 0.059621 0.456168 0.250107 0.000000 -0.000000 0.000000
  5 0.059621 0.456168 0.250107 0.000000 -0.000000 0.000000
  6 0.059621 0.456168 0.250107 0.000000 -0.000000 0.000000
  7 0.059621 0.456168 0.250107 0.000000 -0.000000 0.000000
  8 0.059621 0.456168 0.250107 0.000000 -0.000000 0.000000
  9 0.059621 0.456168 0.250107 0.000000 -0.000000 0.000000
 10 120.558746 39.731293 154.010239 -1.241095 -0.080263 2.324886
 11 24.668253 0.000000 -0.000042 1.069872 -0.555274 0.009579
 12 30.380146 0.000023 0.000015 1.683737 0.024218 0.921293
 13 19.902100 0.000015 -0.000004 0.000000 -0.000000 0.000000
 14 -88.350739 -21.637981 107.458252 1.979114 -0.187976 -0.835385
 15 35.349510 0.000000 0.000008 -1.408266 0.129391 -0.335514
 16 37.124332 -0.000008 -0.000015 -1.176574 0.977089 0.408805
 17 0.059621 0.456168 0.250107 0.064768 -0.005215 -0.156772
 18 0.059621 0.456168 89.275116 1.570796 1.570796 0.000000
 19 -65.799545 -0.000020 1.142855 0.000000 0.000515 3.141077
 20 11.181564 0.005760 -0.002411 0.000000 0.254797 0.000515
 21 27.835159 -0.000000 0.000019 -3.141592 -0.129896 -0.000000
 22 5.330383 -0.000001 0.000000 -3.070919 -0.014572 0.003512
 23 10.134888 -4.133391 3.834198 -0.681867 -1.173929 -2.497278
 24 10.134888 4.133398 3.834198 0.681890 -1.173922 2.497258
 25 22.592361 0.000010 17.467113 -0.000010 2.956431 0.000000
 26 21.199997 -7.744006 14.169518 -0.644457 -0.154503 -3.025319
 27 18.142014 -13.440225 7.965771 1.228366 -0.180197 3.082644
 28 21.199966 7.744022 14.169498 0.644460 -0.154503 3.025318
 29 18.141998 13.440235 7.965775 -0.316157 -0.180196 -3.082644
 30 11.858871 -13.359996 3.526514 1.542249 3.132957 0.174415
 31 9.463287 -16.404865 -2.906046 1.542282 3.132901 0.176490
 32 9.125244 -10.885472 -11.371326 0.000496 2.962373 0.000256
 33 11.858856 13.360003 3.526474 -1.542248 3.132957 -0.174414
 34 9.463257 16.404865 -2.906025 -1.542281 3.132900 -0.176490
 35 9.125275 10.885471 -11.371304 -0.000492 2.962373 0.000256
 36 9.023239 -0.000002 -17.296175 0.000180 -0.167048 -3.141356
 37 12.691406 -0.000003 -19.438766 0.000000 2.513208 0.000000
 38 10.989426 0.000002 -0.000008 0.000000 -0.167163 0.000000
 39 12.871460 -10.586839 -15.652472 1.089563 2.855779 0.487294
 40 10.727005 0.000010 -0.000031 -0.044747 -0.177841 0.024607
 41 12.871445 10.586839 -15.652472 -1.089563 2.855778 -0.487294
 42 10.726974 -0.000025 0.000008 0.044747 -0.177842 -0.024607
 43 12.847214 -17.570080 -4.701340 1.341866 2.972272 0.611786
 44 11.496506 0.000010 -0.000031 -0.090459 -0.137773 0.054997
 45 12.847183 17.570080 -4.701359 -1.341865 2.972272 -0.611786
 46 11.496460 -0.000002 -0.000015 0.090459 -0.137774 -0.054997
 47 28.485962 0.000011 16.460358 -0.000001 -0.039729 0.000000
 48 23.052750 -6.207911 -0.077286 -1.470206 0.035100 -1.833545
 49 9.436901 -0.000008 -0.000015 0.010287 0.559742 0.003503
 50 31.269325 0.000008 -0.000015 -0.006701 -0.004805 0.008666
 51 28.756508 0.000010 -0.000031 -0.001117 0.032665 0.001416
 52 2.251991 -2.464407 -1.141647 0.481305 0.508197 -0.319329
 53 3.674049 -0.000015 0.000015 -0.277611 0.179024 0.194713
 54 3.614685 0.000012 0.000000 0.013156 0.193871 -0.001558
 55 9.035503 -2.494947 0.484543 -0.001362 0.302449 0.001673
 56 2.943588 0.000002 -0.000015 0.010585 0.293657 -0.007800
 57 2.649429 0.000002 0.000008 -0.006498 0.303243 0.008512
 58 9.093624 -0.386671 0.647705 0.020190 0.475380 -0.012607
 59 3.451897 0.000002 0.000000 -0.014209 0.528778 0.009212
 60 2.898178 0.000002 0.000031 -0.000683 0.490858 0.000916
 61 8.894585 1.605852 0.371887 -0.000566 0.547851 0.000704
 62 3.130409 0.000002 0.000038 0.003896 0.567158 -0.005064
 63 2.629532 0.000000 -0.000038 0.004892 0.544388 -0.006589
 64 8.470631 3.459528 0.131485 -0.021715 0.541478 0.011455
 65 2.410271 -0.000002 -0.000046 0.022815 0.529939 -0.013321
 66 2.000793 0.000004 0.000011 -0.005415 0.533618 0.007402
 67 23.052765 6.207909 -0.077305 1.481823 0.058643 2.080206
 68 9.436890 0.000019 -0.000015 0.151662 0.418551 0.413166
 69 31.269348 -0.000008 -0.000038 0.440444 0.305164 1.902620
 70 28.756500 0.000000 0.000015 0.326384 0.566502 0.119508
 71 2.251890 2.464417 -1.141571 -0.513217 0.249535 0.112914
 72 3.674084 0.000000 -0.000046 0.331388 -0.059506 -0.325011
 73 3.614678 0.000000 0.000015 0.067360 -0.216133 -0.086857
 74 9.035414 2.494965 0.484421 0.001362 -0.011534 -0.001673
 75 2.943565 0.000015 -0.000031 -0.011498 -0.020268 0.014556
 76 2.649441 0.000000 0.000031 0.006498 -0.010740 -0.008512
 77 9.093687 0.386688 0.647781 -0.018031 0.093461 0.020165
 78 3.451862 0.000000 0.000008 0.014953 0.008589 -0.019838
 79 2.898197 0.000015 -0.000008 0.000683 -0.029445 -0.000917
 80 8.894411 -1.605850 0.371902 0.000566 0.090541 -0.000704
 81 3.130434 0.000015 -0.000031 -0.003896 -0.009289 0.005063
 82 2.629517 0.000000 0.000023 -0.004892 -0.032059 0.006589
 83 8.470602 -3.459503 0.131393 0.018786 0.137518 -0.020073
 84 2.410276 0.000000 -0.000008 -0.024238 -0.029075 0.031299
 85 2.000751 0.000000 0.000015 0.005415 -0.025697 -0.007402
 86 9.832346 1.463074 -1.299438 0.016523 -0.031798 -0.020624
 87 25.040588 -5.670406 5.432793 -1.312160 -0.224887 -2.136065
 88 28.779694 -6.856310 -0.811420 -1.466235 0.019064 -1.725377
 89 29.182297 -3.955567 -4.961960 0.881869 2.552753 0.503940
 90 25.040573 5.670406 5.432755 1.296833 -0.398765 2.185823
 91 28.779739 6.856310 -0.811401 1.466235 0.019065 1.725381
 92 29.182266 3.955564 -4.961941 -0.881870 2.552752 -0.503941
 93 -65.335663 -0.000020 1.140918 -3.141591 0.044911 0.000000
 94 26.290924 -12.205289 1.157882 -2.071447 -0.017454 0.065112
 95 49.071037 0.000008 0.000010 2.179705 0.127556 -0.112856
 96 61.871311 -0.000015 -0.000023 3.080256 0.672597 0.035641
 97 26.290924 12.205294 1.157841 2.044502 0.127786 -0.159169
 98 49.071068 0.000004 -0.000038 -2.187262 0.154733 0.063501
 99 61.871300 0.000023 -0.000027 -2.944714 0.642381 0.102745
100 -0.698059 -11.192117 -8.252763 1.286940 -0.072229 -0.743433
101 20.568237 -0.000002 -0.000015 0.010291 0.085300 -0.148393
102 0.223785 -5.734809 -12.929605 -2.954238 0.613242 0.101750
103 20.803574 0.000002 -0.000038 0.066391 -0.063546 -0.036748
104 -1.040009 -3.033968 12.140511 1.554517 0.104601 -1.288764
105 -1.039993 3.034004 12.140501 -1.554518 0.104604 1.288764
106 4.165451 -5.407045 12.088390 0.854937 -0.629941 -0.629908
107 16.599442 0.000000 -0.000031 -0.047935 -0.051683 0.045016
108 4.165482 5.407080 12.088381 -0.852162 -0.626606 0.625184
109 16.599380 0.000009 -0.000023 0.048006 -0.046610 -0.044850
110 6.428391 0.000001 -0.288944 -0.000001 -0.000000 -0.000000
111 -1.833771 -13.936461 1.224504 1.552448 0.040995 -0.420999
112 20.406952 -0.000002 -0.000023 0.000000 -0.016932 0.000000
113 21.655487 -0.000002 -0.000015 0.000000 -0.003038 0.000000
114 22.360680 -0.000002 -0.000031 0.080658 -0.188334 0.083486
115 22.519661 -0.000006 -0.000015 0.061324 0.018548 0.097026
116 22.140388 -0.000010 -0.000023 0.021895 0.035760 0.098594
117 -1.699203 -12.875612 4.918509 1.116385 -0.148284 -0.380891
118 20.938591 0.000014 0.000000 0.034482 -0.012972 -0.016104
119 21.993614 -0.000005 -0.000053 0.012521 -0.003068 -0.005923
120 22.563797 -0.000015 -0.000008 0.072613 -0.265083 0.079829
121 22.643349 0.000001 -0.000031 0.038428 -0.064308 0.100052
122 22.238052 -0.000011 -0.000031 -0.016885 -0.057814 0.111115
123 -1.634338 -9.854568 8.052345 0.714077 -0.292095 -0.280759
124 22.205292 0.000001 -0.000023 0.042841 -0.006102 -0.020254
125 22.804390 -0.000005 -0.000046 0.016422 -0.003569 -0.007849
126 23.051659 0.000001 0.000000 0.058063 -0.333546 0.051724
127 22.939976 0.000005 -0.000046 0.023436 -0.140433 0.071867
128 22.472065 -0.000003 -0.000031 -0.022610 -0.142610 0.089205
129 -1.616135 -5.333254 10.147438 0.347094 -0.374743 -0.146641
130 23.451302 -0.000000 -0.000015 0.027042 -0.001892 -0.012901
131 23.608017 -0.000003 -0.000031 0.010829 -0.004544 -0.005221
132 23.536224 -0.000000 -0.000031 0.041937 -0.381804 0.007519
133 23.233973 0.000000 0.000008 0.020430 -0.193774 0.022059
134 22.703674 0.000007 -0.000015 -0.001707 -0.199022 0.033752
135 -1.614517 -0.000000 10.883350 -0.000000 -0.400842 0.000000
136 23.962143 0.000001 -0.000046 0.000000 -0.000699 -0.000000
137 23.938957 -0.000003 0.000000 -0.000000 -0.005054 0.000000
138 23.736038 -0.000003 -0.000031 0.024974 -0.404727 -0.044457
139 23.354977 0.000006 -0.000038 0.022438 -0.218035 -0.038013
140 22.798916 -0.000009 -0.000038 0.027036 -0.222656 -0.033111
141 -1.616135 5.333250 10.147423 -0.347094 -0.374742 0.146641
142 23.451309 -0.000006 0.000000 -0.027042 -0.001892 0.012901
143 23.608025 -0.000002 -0.000038 -0.010829 -0.004544 0.005221
144 23.536243 0.000001 -0.000023 0.005413 -0.400789 -0.096761
145 23.233982 -0.000015 -0.000046 0.021561 -0.212026 -0.099658
146 22.703674 0.000013 -0.000008 0.052979 -0.214012 -0.101603
147 -1.634338 9.854564 8.052343 -0.714078 -0.292096 0.280760
148 22.205254 0.000003 0.000000 -0.042841 -0.006101 0.020254
149 22.804451 0.000002 -0.000076 -0.016422 -0.003570 0.007849
150 23.051632 -0.000008 -0.000008 -0.017241 -0.370114 -0.147422
151 22.939972 -0.000004 -0.000015 0.007492 -0.176926 -0.153985
152 22.472069 0.000004 -0.000031 0.064814 -0.172405 -0.176949
153 -1.699203 12.875607 4.918524 -1.116385 -0.148284 0.380891
154 20.938583 0.000019 0.000000 -0.034482 -0.012973 0.016104
155 21.993591 -0.000005 -0.000061 -0.012521 -0.003068 0.005924
156 22.563812 0.000001 -0.000023 -0.043741 -0.315452 -0.184799
157 22.643356 0.000010 -0.000038 -0.025037 -0.117500 -0.191982
158 22.238029 -0.000002 -0.000023 0.035780 -0.105334 -0.220014
159 -1.833771 13.936457 1.224504 -1.552447 0.040994 0.420999
160 20.406967 0.000005 -0.000038 -0.000000 -0.016932 -0.000000
161 21.655510 0.000009 -0.000008 -0.000000 -0.003038 0.000000
162 22.360657 0.000002 -0.000023 -0.068313 -0.245258 -0.201519
163 22.519669 0.000004 -0.000023 -0.071286 -0.045329 -0.204177
164 22.140377 0.000002 0.000000 -0.035319 -0.027009 -0.205195
165 -1.972565 12.875608 -3.614555 -1.827109 0.155326 0.386830
166 20.655167 0.000007 -0.000015 0.014659 -0.017050 -0.006451
167 21.762253 0.000003 -0.000023 -0.000774 -0.004560 0.000347
168 22.392159 0.000009 -0.000031 -0.086391 -0.198802 -0.193909
169 22.541342 0.000011 -0.000023 -0.112208 0.001127 -0.202578
170 22.217495 0.000004 -0.000015 -0.097539 0.020879 -0.194552
171 -1.967316 9.854566 -7.722432 -2.161803 0.248066 0.289766
172 21.272720 0.000003 -0.000008 0.025990 -0.015445 -0.009916
173 22.032524 0.000022 -0.000046 -0.001394 -0.007621 0.000546
174 22.475662 0.000001 -0.000015 -0.088764 -0.149575 -0.177893
175 22.598705 0.000006 -0.000015 -0.128076 0.047224 -0.180861
176 22.407982 0.000019 -0.000031 -0.115277 0.064395 -0.148058
177 -1.900833 5.333252 -10.470076 -2.601403 0.305546 0.153178
178 21.914307 0.000006 -0.000023 0.024266 -0.010747 -0.007792
179 22.319847 -0.000009 -0.000004 -0.001335 -0.009741 0.000443
180 22.569626 -0.000002 -0.000015 -0.067652 -0.097056 -0.142777
181 22.663216 0.000023 -0.000015 -0.105604 0.093109 -0.142582
182 22.604525 0.000023 -0.000027 -0.095923 0.098099 -0.113688
183 -1.865585 -0.000002 -11.435440 -3.141592 0.324581 -0.000000
184 22.186676 -0.000004 -0.000008 0.000000 -0.007676 0.000000
185 22.443718 -0.000003 -0.000011 -0.000000 -0.010314 0.000000
186 22.611549 -0.000005 -0.000015 -0.014784 -0.059897 -0.079510
187 22.692013 0.000005 0.000004 -0.033031 0.126568 -0.077237
188 22.687649 0.000009 -0.000008 -0.040073 0.122764 -0.083205
189 -1.900833 -5.333257 -10.470070 2.601403 0.305546 -0.153178
190 21.914345 0.000008 -0.000015 -0.024267 -0.010746 0.007792
191 22.319832 -0.000020 -0.000004 0.001336 -0.009741 -0.000443
192 22.569618 0.000007 -0.000038 0.044632 -0.064828 -0.009703
193 22.663231 -0.000019 0.000008 0.041052 0.129215 -0.012016
194 22.604527 0.000003 0.000000 0.031602 0.129906 -0.024192
195 -1.967285 -9.854566 -7.722440 2.161803 0.248066 -0.289766
196 21.272713 -0.000016 -0.000011 -0.025990 -0.015445 0.009916
197 22.032471 0.000004 -0.000031 0.001395 -0.007621 -0.000546
198 22.475685 -0.000004 -0.000038 0.076365 -0.099171 0.038549
199 22.598709 0.000004 -0.000031 0.077438 0.105183 0.038807
200 22.407990 -0.000016 -0.000023 0.072360 0.119375 0.021670
201 -1.972565 -12.875610 -3.614562 1.827110 0.155326 -0.386831
202 20.655182 0.000010 -0.000015 -0.014659 -0.017050 0.006451
203 21.762276 -0.000007 -0.000008 0.000774 -0.004560 -0.000347
204 22.392159 -0.000005 -0.000031 0.085676 -0.141687 0.066434
205 22.541344 -0.000008 -0.000031 0.079474 0.066916 0.073538
206 22.217505 -0.000004 -0.000023 0.063967 0.087622 0.066670
207 0.059621 0.456168 0.250107 0.000000 -0.000000 0.000000
208 0.059621 0.456168 0.250107 0.000000 -0.000000 0.000000
end
