version 1
nodes
  0 "Bone29"  -1
  1 "Bone28"  -1
  2 "Bone27"  -1
  3 "Bone26"  -1
  4 "Bone24"  -1
  5 "Bone01"   4
  6 "Bone02"   5
  7 "Bone03"   6
  8 "Bone04"   4
  9 "Bone05"   8
 10 "Bone06"   9
 11 "Bone17"   4
 12 "Bone07"  11
 13 "Bone08"  12
 14 "Bone09"  13
 15 "Bone10"  14
 16 "Bone11"  15
 17 "Bone12"  14
 18 "Bone13"  11
 19 "Bone14"  18
 20 "Bone15"  19
 21 "Bone16"  20
 22 "Bone21"  11
 23 "Bone18"  22
 24 "Bone19"  23
 25 "Bone20"  22
 26 "Bone22"  22
 27 "Bone23"  22
 28 "Bone25"  11
 29 "outskirt_r"   4
 30 "outskirt_f"   4
 31 "outskirt_l"   4
 32 "outskirt_b"   4
 33 "skirt_l"   4
 34 "skirt_r"   4
 35 "skirt_b"   4
end
skeleton
time 0
  0 0.768169 -0.850492 1.544617 0.000000 -0.000000 0.000000
  1 0.768169 -0.850492 1.544617 0.000000 -0.000000 0.000000
  2 0.984829 -7.246327 246.548599 0.000000 -0.000000 0.000000
  3 0.998367 -3.471023 1.599335 0.000000 -0.000000 0.000000
  4 0.998364 -3.471023 134.780151 -0.107463 -0.008506 -0.064715
  5 -11.802608 0.277809 -45.319954 0.607630 0.001296 -0.009903
  6 -0.797622 4.276028 -49.223644 0.396968 0.012222 -0.211580
  7 -0.000013 0.000000 -7.282921 0.000000 -0.000000 0.000000
  8 11.803282 0.236656 -45.319954 0.330295 -0.000890 0.005339
  9 0.812356 4.273222 -49.223576 0.464045 -0.078406 0.268104
 10 0.000004 -0.000002 -7.282921 0.000000 -0.000000 0.000000
 11 -0.008948 0.029732 10.838699 0.003489 -0.000004 0.294300
 12 -16.431324 3.246393 32.898788 0.073350 -0.088081 -0.350305
 13 -12.321597 -2.201931 -17.125488 -0.057883 -0.002638 0.042227
 14 -13.252195 -2.413309 -18.422256 0.000370 -0.003477 -0.000000
 15 -3.868650 -0.832968 -6.257858 0.000000 -0.000000 0.000000
 16 -37.279190 -5.051155 -38.191193 0.000000 -0.000000 0.000000
 17 -3.806087 -1.056423 -7.595871 0.000000 -0.000000 0.000000
 18 16.442680 3.189079 32.898773 0.071288 0.121104 -0.269742
 19 12.313801 -2.244883 -17.125641 0.000000 -0.000000 0.000000
 20 13.243654 -2.459517 -18.422256 0.000042 0.000387 -0.000021
 21 4.038902 -0.928110 -8.488220 0.000000 -0.000000 0.000000
 22 -0.000708 -0.454945 46.067261 -0.010624 -0.015147 -0.244752
 23 -0.489966 22.757860 18.762009 0.000000 -0.000000 0.000000
 24 0.260434 -19.713449 -182.091064 0.000000 -0.000000 0.000000
 25 -16.518967 9.856461 11.602509 0.000000 -0.000000 0.000000
 26 12.687092 8.730812 11.181000 0.000000 -0.000000 0.000000
 27 -0.009708 -4.696529 26.700012 0.000000 -0.000000 0.000000
 28 -0.000046 -0.005968 23.601593 0.000000 -0.000000 0.000000
 29 -21.531244 -10.281187 -6.106491 0.087200 0.000000 0.000000
 30 6.667686 -19.285320 -6.979965 0.087229 0.010914 0.005440
 31 21.613562 5.850680 -6.561752 0.087200 0.000000 0.000000
 32 -0.490760 19.244429 -5.608490 0.085427 0.044209 -0.013796
 33 12.172539 -7.748505 -10.307098 0.087200 0.000000 0.000000
 34 -12.668404 -7.748510 -10.702652 0.087200 0.000000 0.000000
 35 -0.490768 14.424885 -10.375053 0.085688 0.046152 -0.001897
time 1
  0 0.768169 -0.850492 1.544617 0.000000 -0.000000 0.000000
  1 0.768169 -0.850492 1.544617 0.000000 -0.000000 0.000000
  2 0.984829 -7.246327 246.548599 0.000000 -0.000000 0.000000
  3 0.998367 -3.471023 1.599335 0.000000 -0.000000 0.000000
  4 0.998364 -3.328202 140.294769 -0.107329 -0.009319 -0.077856
  5 -11.802612 0.277813 -45.319946 0.593687 0.001221 -0.009682
  6 -0.797632 4.276024 -49.223640 0.404657 0.012068 -0.211333
  7 -0.000011 -0.000008 -7.282917 0.000000 -0.000000 0.000000
  8 11.803280 0.236656 -45.319962 0.375282 -0.001368 0.005898
  9 0.812346 4.273218 -49.223576 0.454884 -0.072534 0.267176
 10 0.000002 -0.000004 -7.282921 0.000000 -0.000000 0.000000
 11 -0.008512 0.029778 10.838287 -0.010148 -0.000250 0.280203
 12 -16.431322 3.246397 32.898773 0.009479 -0.087107 -0.244634
 13 -12.321603 -2.201927 -17.125473 -0.092069 0.002172 0.066809
 14 -13.252197 -2.413311 -18.422256 0.000344 -0.003236 -0.000000
 15 -3.868649 -0.832966 -6.257874 0.000000 -0.000000 0.000000
 16 -37.279190 -5.051147 -38.191177 0.000000 -0.000000 0.000000
 17 -3.806089 -1.056423 -7.595886 0.000000 -0.000000 0.000000
 18 16.442680 3.189075 32.898758 0.032668 0.105822 -0.318967
 19 12.313798 -2.244884 -17.125656 0.000000 -0.000000 0.000000
 20 13.243655 -2.459519 -18.422226 0.001056 0.000182 -0.001429
 21 4.038898 -0.928112 -8.488220 0.000000 -0.000000 0.000000
 22 -0.000704 -0.454945 46.067276 0.035346 -0.013571 -0.232486
 23 -0.489970 22.757858 18.761993 0.000000 -0.000000 0.000000
 24 0.260425 -19.713455 -182.091019 0.000000 -0.000000 0.000000
 25 -16.518969 9.856469 11.602509 0.000000 -0.000000 0.000000
 26 12.687092 8.730807 11.181000 0.000000 -0.000000 0.000000
 27 -0.009704 -4.696529 26.700012 0.000000 -0.000000 0.000000
 28 -0.000044 -0.005968 23.601593 0.000000 -0.000000 0.000000
 29 -21.531246 -10.281179 -6.106491 0.081160 0.000000 -0.000000
 30 6.667691 -19.285316 -6.979965 0.085448 0.010609 0.005696
 31 21.613558 5.850676 -6.561752 0.081160 -0.000000 0.000000
 32 -0.490765 19.244425 -5.608490 0.079510 0.041148 -0.012841
 33 12.172542 -7.748503 -10.307098 0.081160 0.000000 -0.000000
 34 -12.668405 -7.748505 -10.702652 0.081160 0.000000 -0.000000
 35 -0.490772 14.424881 -10.375046 0.079753 0.042955 -0.001765
time 2
  0 0.768169 -0.850492 1.544617 0.000000 -0.000000 0.000000
  1 0.768169 -0.850492 1.544617 0.000000 -0.000000 0.000000
  2 0.984829 -7.246327 246.548599 0.000000 -0.000000 0.000000
  3 0.998367 -3.471023 1.599335 0.000000 -0.000000 0.000000
  4 0.998364 -3.214022 154.190002 -0.106993 -0.011351 -0.110669
  5 -11.802616 0.277813 -45.319954 0.558556 0.001031 -0.009124
  6 -0.797633 4.276031 -49.223648 0.424033 0.011679 -0.210709
  7 -0.000011 -0.000004 -7.282917 0.000000 -0.000000 0.000000
  8 11.803276 0.236654 -45.319954 0.488637 -0.002571 0.007308
  9 0.812346 4.273224 -49.223572 0.431799 -0.057738 0.264837
 10 0.000004 0.000000 -7.282923 0.000000 -0.000000 0.000000
 11 -0.007416 0.029888 10.837250 -0.044510 -0.000738 0.244682
 12 -16.431322 3.246391 32.898773 -0.151458 -0.084652 -0.079898
 13 -12.321603 -2.201927 -17.125473 -0.174509 0.014292 0.126046
 14 -13.252201 -2.413307 -18.422241 0.000279 -0.002630 -0.000000
 15 -3.868656 -0.832970 -6.257858 0.000000 -0.000000 0.000000
 16 -37.279194 -5.051140 -38.191185 0.000000 -0.000000 0.000000
 17 -3.806095 -1.056427 -7.595871 0.000000 -0.000000 0.000000
 18 16.442680 3.189072 32.898773 -0.064643 0.067316 -0.380533
 19 12.313793 -2.244883 -17.125656 0.000000 -0.000000 0.000000
 20 13.243649 -2.459518 -18.422241 0.003608 -0.000335 -0.004979
 21 4.038902 -0.928108 -8.488220 0.000000 -0.000000 0.000000
 22 -0.000702 -0.454950 46.067261 0.151180 -0.009598 -0.201578
 23 -0.489968 22.757866 18.761993 0.000000 -0.000000 0.000000
 24 0.260417 -19.713459 -182.091019 0.000000 -0.000000 0.000000
 25 -16.518970 9.856470 11.602493 0.000000 -0.000000 0.000000
 26 12.687096 8.730811 11.180984 0.000000 -0.000000 0.000000
 27 -0.009704 -4.696529 26.699997 0.000000 -0.000000 0.000000
 28 -0.000043 -0.005970 23.601608 0.000000 -0.000000 0.000000
 29 -21.531246 -10.281181 -6.106491 0.065943 0.000000 -0.000000
 30 6.667691 -19.285318 -6.979965 0.080307 0.009727 0.005969
 31 21.613556 5.850676 -6.561737 0.065943 0.000000 0.000000
 32 -0.490765 19.244429 -5.608490 0.064603 0.033433 -0.010433
 33 12.172541 -7.748503 -10.307114 0.065943 0.000000 -0.000000
 34 -12.668406 -7.748507 -10.702652 0.065943 -0.000000 0.000000
 35 -0.490773 14.424884 -10.375061 0.064800 0.034901 -0.001434
time 3
  0 0.768169 -0.850492 1.544617 0.000000 -0.000000 0.000000
  1 0.768169 -0.850492 1.544617 0.000000 -0.000000 0.000000
  2 0.984829 -7.246327 246.548599 0.000000 -0.000000 0.000000
  3 0.998367 -3.471023 1.599335 0.000000 -0.000000 0.000000
  4 0.998364 -3.126924 172.492859 -0.106551 -0.014024 -0.153813
  5 -11.802613 0.277811 -45.319946 0.512281 0.000781 -0.008389
  6 -0.797636 4.276028 -49.223663 0.449555 0.011166 -0.209887
  7 -0.000013 -0.000008 -7.282917 0.000000 -0.000000 0.000000
  8 11.803276 0.236652 -45.319946 0.637949 -0.004157 0.009164
  9 0.812344 4.273209 -49.223572 0.401393 -0.038249 0.261755
 10 0.000000 0.000000 -7.282923 0.000000 -0.000000 0.000000
 11 -0.005972 0.030031 10.835892 -0.089771 -0.001347 0.197893
 12 -16.431324 3.246395 32.898758 -0.363444 -0.081418 0.110937
 13 -12.321603 -2.201920 -17.125488 -0.282145 0.030256 0.203377
 14 -13.252190 -2.413300 -18.422234 0.000195 -0.001830 -0.000000
 15 -3.868649 -0.832962 -6.257858 0.000000 -0.000000 0.000000
 16 -37.279190 -5.051117 -38.191154 0.000000 -0.000000 0.000000
 17 -3.806087 -1.056427 -7.595863 0.000000 -0.000000 0.000000
 18 16.442682 3.189068 32.898758 -0.192822 0.016597 -0.445532
 19 12.313793 -2.244873 -17.125641 0.000000 -0.000000 0.000000
 20 13.243652 -2.459511 -18.422241 0.006971 -0.001017 -0.009655
 21 4.038898 -0.928108 -8.488220 0.000000 -0.000000 0.000000
 22 -0.000703 -0.454948 46.067261 0.303756 -0.004366 -0.160867
 23 -0.489970 22.757854 18.762009 0.000000 -0.000000 0.000000
 24 0.260422 -19.713470 -182.090988 0.000000 -0.000000 0.000000
 25 -16.518970 9.856468 11.602509 0.000000 -0.000000 0.000000
 26 12.687094 8.730808 11.181000 0.000000 -0.000000 0.000000
 27 -0.009704 -4.696524 26.700012 0.000000 -0.000000 0.000000
 28 -0.000044 -0.005970 23.601593 0.000000 -0.000000 0.000000
 29 -21.531244 -10.281179 -6.106491 0.045899 0.000000 0.000000
 30 6.667693 -19.285322 -6.979950 0.072112 0.008321 0.006254
 31 21.613558 5.850672 -6.561737 0.045899 0.000000 0.000000
 32 -0.490767 19.244425 -5.608490 0.044966 0.023271 -0.007262
 33 12.172541 -7.748507 -10.307098 0.045899 0.000000 -0.000000
 34 -12.668404 -7.748507 -10.702637 0.045899 0.000000 0.000000
 35 -0.490773 14.424880 -10.375046 0.045104 0.024293 -0.000998
time 4
  0 0.768169 -0.850492 1.544617 0.000000 -0.000000 0.000000
  1 0.768169 -0.850492 1.544617 0.000000 -0.000000 0.000000
  2 0.984829 -7.246327 246.548599 0.000000 -0.000000 0.000000
  3 0.998367 -3.471023 1.599335 0.000000 -0.000000 0.000000
  4 0.998364 -3.065348 191.230255 -0.106099 -0.016758 -0.197949
  5 -11.802612 0.277815 -45.319931 0.464908 0.000526 -0.007637
  6 -0.797639 4.276024 -49.223663 0.475682 0.010642 -0.209046
  7 -0.000013 -0.000015 -7.282913 0.000000 -0.000000 0.000000
  8 11.803274 0.236654 -45.319946 0.790805 -0.005780 0.011065
  9 0.812342 4.273232 -49.223549 0.370264 -0.018297 0.258601
 10 0.000004 0.000000 -7.282913 0.000000 -0.000000 0.000000
 11 -0.004492 0.030184 10.834488 -0.136106 -0.001954 0.149994
 12 -16.431313 3.246391 32.898758 -0.580463 -0.078108 0.294901
 13 -12.321599 -2.201920 -17.125473 -0.391921 0.046599 0.282240
 14 -13.252205 -2.413315 -18.422245 0.000108 -0.001012 -0.000000
 15 -3.868652 -0.832947 -6.257862 0.000000 -0.000000 0.000000
 16 -37.279190 -5.051178 -38.191158 0.000000 -0.000000 0.000000
 17 -3.806091 -1.056427 -7.595875 0.000000 -0.000000 0.000000
 18 16.442673 3.189072 32.898743 -0.324044 -0.035327 -0.505060
 19 12.313797 -2.244888 -17.125656 0.000000 -0.000000 0.000000
 20 13.243645 -2.459511 -18.422226 0.010413 -0.001714 -0.014441
 21 4.038895 -0.928101 -8.488220 0.000000 -0.000000 0.000000
 22 -0.000701 -0.454952 46.067245 0.459954 0.000991 -0.119188
 23 -0.489971 22.757866 18.762024 0.000000 -0.000000 0.000000
 24 0.260410 -19.713486 -182.091003 0.000000 -0.000000 0.000000
 25 -16.518963 9.856468 11.602493 0.000000 -0.000000 0.000000
 26 12.687090 8.730812 11.181000 0.000000 -0.000000 0.000000
 27 -0.009702 -4.696526 26.700012 0.000000 -0.000000 0.000000
 28 -0.000042 -0.005970 23.601578 0.000000 -0.000000 0.000000
 29 -21.531240 -10.281176 -6.106476 0.025380 0.000000 -0.000000
 30 6.667692 -19.285315 -6.979935 0.061169 0.006443 0.006551
 31 21.613550 5.850672 -6.561737 0.025380 -0.000000 0.000000
 32 -0.490768 19.244427 -5.608490 0.024863 0.012867 -0.004015
 33 12.172539 -7.748507 -10.307083 0.025380 0.000000 0.000000
 34 -12.668401 -7.748503 -10.702621 0.025380 0.000000 0.000000
 35 -0.490775 14.424883 -10.375046 0.024940 0.013432 -0.000552
time 5
  0 0.768169 -0.850492 1.544617 0.000000 -0.000000 0.000000
  1 0.768169 -0.850492 1.544617 0.000000 -0.000000 0.000000
  2 0.984829 -7.246327 246.548599 0.000000 -0.000000 0.000000
  3 0.998367 -3.471023 1.599335 0.000000 -0.000000 0.000000
  4 0.998364 -3.027737 206.429153 -0.105732 -0.018976 -0.233735
  5 -11.802614 0.277815 -45.319962 0.426481 0.000319 -0.007027
  6 -0.797637 4.276020 -49.223656 0.496876 0.010217 -0.208364
  7 -0.000011 0.000000 -7.282913 0.000000 -0.000000 0.000000
  8 11.803270 0.236652 -45.319962 0.914796 -0.007097 0.012607
  9 0.812340 4.273224 -49.223557 0.345013 -0.002113 0.256042
 10 0.000004 0.000000 -7.282921 0.000000 -0.000000 0.000000
 11 -0.003293 0.030304 10.833328 -0.173692 -0.002441 0.111140
 12 -16.431309 3.246391 32.898758 -0.756499 -0.075422 0.439027
 13 -12.321600 -2.201920 -17.125465 -0.480780 0.059856 0.346074
 14 -13.252197 -2.413315 -18.422245 0.000037 -0.000348 -0.000000
 15 -3.868652 -0.832977 -6.257853 0.000000 -0.000000 0.000000
 16 -37.279182 -5.051163 -38.191170 0.000000 -0.000000 0.000000
 17 -3.806099 -1.056427 -7.595869 0.000000 -0.000000 0.000000
 18 16.442673 3.189075 32.898758 -0.430485 -0.077446 -0.550209
 19 12.313789 -2.244873 -17.125641 0.000000 -0.000000 0.000000
 20 13.243645 -2.459518 -18.422226 0.013205 -0.002280 -0.018324
 21 4.038895 -0.928116 -8.488205 0.000000 -0.000000 0.000000
 22 -0.000701 -0.454948 46.067230 0.586655 0.005336 -0.085381
 23 -0.489970 22.757851 18.761993 0.000000 -0.000000 0.000000
 24 0.260409 -19.713455 -182.090942 0.000000 -0.000000 0.000000
 25 -16.518959 9.856468 11.602478 0.000000 -0.000000 0.000000
 26 12.687087 8.730812 11.180969 0.000000 -0.000000 0.000000
 27 -0.009702 -4.696533 26.699982 0.000000 -0.000000 0.000000
 28 -0.000042 -0.005970 23.601578 0.000000 -0.000000 0.000000
 29 -21.531239 -10.281178 -6.106506 0.008735 0.000000 -0.000000
 30 6.667690 -19.285316 -6.979950 0.047782 0.004147 0.006855
 31 21.613548 5.850672 -6.561737 0.008735 -0.000000 0.000000
 32 -0.490767 19.244423 -5.608505 0.008557 0.004428 -0.001382
 33 12.172537 -7.748505 -10.307098 0.008735 0.000000 -0.000000
 34 -12.668401 -7.748505 -10.702652 0.008735 -0.000000 0.000000
 35 -0.490774 14.424879 -10.375061 0.008583 0.004623 -0.000190
time 6
  0 0.768169 -0.850492 1.544617 0.000000 -0.000000 0.000000
  1 0.768169 -0.850492 1.544617 0.000000 -0.000000 0.000000
  2 0.984829 -7.246327 246.548599 0.000000 -0.000000 0.000000
  3 0.998367 -3.471023 1.599335 0.000000 -0.000000 0.000000
  4 0.998364 -3.012532 214.116516 -0.105547 -0.020097 -0.251830
  5 -11.802617 0.277813 -45.319946 0.407045 0.000214 -0.006718
  6 -0.797637 4.276009 -49.223640 0.507595 0.010002 -0.208019
  7 -0.000010 -0.000008 -7.282906 0.000000 -0.000000 0.000000
  8 11.803270 0.236656 -45.319946 0.977508 -0.007763 0.013386
  9 0.812347 4.273216 -49.223572 0.332242 0.006072 0.254748
 10 0.000004 0.000015 -7.282919 0.000000 -0.000000 0.000000
 11 -0.002686 0.030365 10.832779 -0.192702 -0.002685 0.091489
 12 -16.431313 3.246384 32.898773 -0.845535 -0.074064 0.510346
 13 -12.321598 -2.201935 -17.125473 -0.525666 0.066561 0.378319
 14 -13.252190 -2.413315 -18.422241 0.000001 -0.000013 -0.000000
 15 -3.868652 -0.832947 -6.257851 0.000000 -0.000000 0.000000
 16 -37.279190 -5.051178 -38.191158 0.000000 -0.000000 0.000000
 17 -3.806091 -1.056412 -7.595867 0.000000 -0.000000 0.000000
 18 16.442680 3.189072 32.898773 -0.484321 -0.098748 -0.572074
 19 12.313789 -2.244873 -17.125656 0.000000 -0.000000 0.000000
 20 13.243637 -2.459534 -18.422211 0.014618 -0.002567 -0.020288
 21 4.038895 -0.928101 -8.488220 0.000000 -0.000000 0.000000
 22 -0.000697 -0.454956 46.067261 0.650738 0.007534 -0.068281
 23 -0.489965 22.757866 18.762024 0.000000 -0.000000 0.000000
 24 0.260407 -19.713524 -182.091003 0.000000 -0.000000 0.000000
 25 -16.518963 9.856468 11.602478 0.000000 -0.000000 0.000000
 26 12.687092 8.730812 11.181000 0.000000 -0.000000 0.000000
 27 -0.009703 -4.696510 26.700012 0.000000 -0.000000 0.000000
 28 -0.000041 -0.005974 23.601593 0.000000 -0.000000 0.000000
 29 -21.531246 -10.281179 -6.106506 0.000316 0.000000 0.000000
 30 6.667687 -19.285315 -6.979965 0.032257 0.001483 0.007166
 31 21.613552 5.850677 -6.561752 0.000316 0.000000 0.000000
 32 -0.490764 19.244423 -5.608505 0.000310 0.000160 -0.000050
 33 12.172537 -7.748503 -10.307098 0.000316 0.000000 0.000000
 34 -12.668404 -7.748507 -10.702652 0.000316 -0.000000 0.000000
 35 -0.490772 14.424880 -10.375046 0.000311 0.000167 -0.000007
time 7
  0 0.768169 -0.850492 1.544617 0.000000 -0.000000 0.000000
  1 0.768169 -0.850492 1.544617 0.000000 -0.000000 0.000000
  2 0.984829 -7.246327 246.548599 0.000000 -0.000000 0.000000
  3 0.998367 -3.471023 1.599335 0.000000 -0.000000 0.000000
  4 0.998364 -3.008276 214.366562 -0.105547 -0.020119 -0.252100
  5 -11.802616 0.277815 -45.319946 0.406558 0.000211 -0.006711
  6 -0.797639 4.276012 -49.223648 0.507881 0.009981 -0.208011
  7 -0.000015 -0.000008 -7.282913 0.000000 -0.000000 0.000000
  8 11.803268 0.236654 -45.319946 0.980015 -0.007790 0.013417
  9 0.812334 4.273232 -49.223557 0.331735 0.006387 0.254701
 10 0.000004 0.000015 -7.282921 0.000000 -0.000000 0.000000
 11 -0.002666 0.030367 10.832748 -0.193367 -0.002687 0.090853
 12 -16.431309 3.246384 32.898773 -0.849363 -0.072368 0.509547
 13 -12.321596 -2.201904 -17.125473 -0.526020 0.066414 0.378579
 14 -13.252190 -2.413315 -18.422245 0.000000 -0.000003 -0.000000
 15 -3.868652 -0.832962 -6.257851 0.000000 -0.000000 0.000000
 16 -37.279205 -5.051163 -38.191177 0.000000 -0.000000 0.000000
 17 -3.806091 -1.056396 -7.595871 0.000000 -0.000000 0.000000
 18 16.442675 3.189056 32.898773 -0.488369 -0.100953 -0.569808
 19 12.313789 -2.244873 -17.125641 0.000000 -0.000000 0.000000
 20 13.243645 -2.459503 -18.422241 0.014676 -0.002578 -0.020369
 21 4.038902 -0.928131 -8.488205 0.000000 -0.000000 0.000000
 22 -0.000698 -0.454948 46.067245 0.653778 0.007626 -0.067741
 23 -0.489967 22.757858 18.761993 0.000000 -0.000000 0.000000
 24 0.260392 -19.713509 -182.090942 0.000000 -0.000000 0.000000
 25 -16.518959 9.856468 11.602478 0.000000 -0.000000 0.000000
 26 12.687090 8.730804 11.180969 0.000000 -0.000000 0.000000
 27 -0.009698 -4.696518 26.699982 0.000000 -0.000000 0.000000
 28 -0.000041 -0.005974 23.601563 0.000000 -0.000000 0.000000
 29 -21.531239 -10.281176 -6.106491 0.000012 0.000000 0.000000
 30 6.667690 -19.285318 -6.979950 0.014901 -0.001494 0.007481
 31 21.613550 5.850672 -6.561737 0.000012 0.000000 0.000000
 32 -0.490768 19.244425 -5.608490 0.000012 0.000006 -0.000002
 33 12.172537 -7.748507 -10.307098 0.000012 0.000000 0.000000
 34 -12.668402 -7.748507 -10.702637 0.000012 -0.000000 0.000000
 35 -0.490775 14.424884 -10.375046 0.000012 0.000006 -0.000000
time 8
  0 0.768169 -0.850492 1.544617 0.000000 -0.000000 0.000000
  1 0.768169 -0.850492 1.544617 0.000000 -0.000000 0.000000
  2 0.984829 -7.246327 246.548599 0.000000 -0.000000 0.000000
  3 0.998367 -3.471023 1.599335 0.000000 -0.000000 0.000000
  4 0.998364 -2.992664 214.205109 -0.105578 -0.020032 -0.250385
  5 -11.802616 0.277815 -45.319962 0.407568 0.000215 -0.006728
  6 -0.797640 4.276016 -49.223656 0.507393 0.009929 -0.208033
  7 -0.000013 -0.000008 -7.282913 0.000000 -0.000000 0.000000
  8 11.803267 0.236654 -45.319962 0.980638 -0.007799 0.013422
  9 0.812344 4.273216 -49.223557 0.331622 0.006416 0.254705
 10 0.000000 0.000015 -7.282923 0.000000 -0.000000 0.000000
 11 -0.002679 0.030367 10.832764 -0.193159 -0.002660 0.091280
 12 -16.431309 3.246391 32.898758 -0.851424 -0.065524 0.495159
 13 -12.321598 -2.201935 -17.125473 -0.520466 0.064760 0.374615
 14 -13.252205 -2.413315 -18.422239 -0.000000 -0.000017 -0.000000
 15 -3.868652 -0.832993 -6.257853 0.000000 -0.000000 0.000000
 16 -37.279175 -5.051178 -38.191154 0.000000 -0.000000 0.000000
 17 -3.806076 -1.056412 -7.595869 0.000000 -0.000000 0.000000
 18 16.442673 3.189072 32.898773 -0.496856 -0.106750 -0.556985
 19 12.313782 -2.244873 -17.125626 0.000000 -0.000000 0.000000
 20 13.243637 -2.459518 -18.422241 0.014698 -0.002581 -0.020398
 21 4.038895 -0.928116 -8.488220 0.000000 -0.000000 0.000000
 22 -0.000697 -0.454948 46.067245 0.656409 0.007663 -0.068168
 23 -0.489967 22.757858 18.761978 0.000000 -0.000000 0.000000
 24 0.260402 -19.713516 -182.090912 0.000000 -0.000000 0.000000
 25 -16.518963 9.856468 11.602463 0.000000 -0.000000 0.000000
 26 12.687088 8.730812 11.180984 0.000000 -0.000000 0.000000
 27 -0.009701 -4.696510 26.699966 0.000000 -0.000000 0.000000
 28 -0.000041 -0.005966 23.601593 0.000000 -0.000000 0.000000
 29 -21.531239 -10.281176 -6.106491 0.000063 0.000000 0.000000
 30 6.667690 -19.285318 -6.979950 -0.003983 -0.004734 0.007797
 31 21.613546 5.850674 -6.561752 0.000063 -0.000000 0.000000
 32 -0.490767 19.244423 -5.608505 0.000062 0.000032 -0.000010
 33 12.172537 -7.748503 -10.307098 0.000063 -0.000000 0.000000
 34 -12.668402 -7.748503 -10.702652 0.000063 -0.000000 -0.000000
 35 -0.490775 14.424880 -10.375061 0.000062 0.000034 -0.000001
time 9
  0 0.768169 -0.850492 1.544617 0.000000 -0.000000 0.000000
  1 0.768169 -0.850492 1.544617 0.000000 -0.000000 0.000000
  2 0.984829 -7.246327 246.548599 0.000000 -0.000000 0.000000
  3 0.998367 -3.471023 1.599335 0.000000 -0.000000 0.000000
  4 0.998364 -2.966941 213.936066 -0.105630 -0.019888 -0.247527
  5 -11.802616 0.277815 -45.319962 0.409236 0.000221 -0.006755
  6 -0.797641 4.276009 -49.223633 0.506587 0.009843 -0.208067
  7 -0.000013 -0.000008 -7.282913 0.000000 -0.000000 0.000000
  8 11.803268 0.236652 -45.319962 0.981639 -0.007813 0.013429
  9 0.812334 4.273201 -49.223541 0.331440 0.006463 0.254712
 10 0.000004 0.000000 -7.282921 0.000000 -0.000000 0.000000
 11 -0.002701 0.030369 10.832748 -0.192809 -0.002614 0.091993
 12 -16.431313 3.246391 32.898773 -0.854928 -0.054209 0.471234
 13 -12.321600 -2.201920 -17.125473 -0.511238 0.062033 0.368031
 14 -13.252197 -2.413300 -18.422241 0.000000 -0.000039 -0.000000
 15 -3.868668 -0.832977 -6.257851 0.000000 -0.000000 0.000000
 16 -37.279175 -5.051178 -38.191166 0.000000 -0.000000 0.000000
 17 -3.806107 -1.056427 -7.595867 0.000000 -0.000000 0.000000
 18 16.442677 3.189072 32.898758 -0.511020 -0.116228 -0.535633
 19 12.313797 -2.244888 -17.125641 0.000000 -0.000000 0.000000
 20 13.243645 -2.459518 -18.422226 0.014734 -0.002587 -0.020446
 21 4.038895 -0.928101 -8.488205 0.000000 -0.000000 0.000000
 22 -0.000700 -0.454941 46.067215 0.660753 0.007725 -0.068880
 23 -0.489968 22.757851 18.761963 0.000000 -0.000000 0.000000
 24 0.260401 -19.713478 -182.090912 0.000000 -0.000000 0.000000
 25 -16.518963 9.856476 11.602509 0.000000 -0.000000 0.000000
 26 12.687089 8.730804 11.180969 0.000000 -0.000000 0.000000
 27 -0.009701 -4.696526 26.699982 0.000000 -0.000000 0.000000
 28 -0.000041 -0.005974 23.601578 0.000000 -0.000000 0.000000
 29 -21.531239 -10.281174 -6.106491 0.000154 0.000000 -0.000000
 30 6.667692 -19.285316 -6.979980 -0.024089 -0.008183 0.008112
 31 21.613548 5.850672 -6.561737 0.000154 -0.000000 -0.000000
 32 -0.490769 19.244423 -5.608490 0.000151 0.000078 -0.000024
 33 12.172539 -7.748501 -10.307098 0.000154 0.000000 0.000000
 34 -12.668401 -7.748501 -10.702667 0.000154 -0.000000 -0.000000
 35 -0.490776 14.424883 -10.375061 0.000151 0.000081 -0.000003
time 10
  0 0.768169 -0.850492 1.544617 0.000000 -0.000000 0.000000
  1 0.768169 -0.850492 1.544617 0.000000 -0.000000 0.000000
  2 0.984829 -7.246327 246.548599 0.000000 -0.000000 0.000000
  3 0.998367 -3.471023 1.599335 0.000000 -0.000000 0.000000
  4 0.998364 -2.933284 213.579193 -0.105698 -0.019694 -0.243734
  5 -11.802614 0.277815 -45.319931 0.411425 0.000230 -0.006792
  6 -0.797637 4.276009 -49.223633 0.505525 0.009730 -0.208111
  7 -0.000011 0.000000 -7.282913 0.000000 -0.000000 0.000000
  8 11.803268 0.236656 -45.319946 0.982911 -0.007830 0.013439
  9 0.812340 4.273216 -49.223564 0.331208 0.006523 0.254722
 10 0.000000 0.000000 -7.282927 0.000000 -0.000000 0.000000
 11 -0.002730 0.030369 10.832779 -0.192335 -0.002552 0.092941
 12 -16.431307 3.246384 32.898743 -0.859690 -0.039342 0.439579
 13 -12.321600 -2.201935 -17.125473 -0.499041 0.058464 0.359331
 14 -13.252182 -2.413315 -18.422241 0.000000 -0.000067 -0.000000
 15 -3.868652 -0.832977 -6.257849 0.000000 -0.000000 0.000000
 16 -37.279205 -5.051178 -38.191151 0.000000 -0.000000 0.000000
 17 -3.806107 -1.056427 -7.595869 0.000000 -0.000000 0.000000
 18 16.442673 3.189072 32.898758 -0.529840 -0.128509 -0.507337
 19 12.313789 -2.244873 -17.125641 0.000000 -0.000000 0.000000
 20 13.243645 -2.459518 -18.422226 0.014779 -0.002593 -0.020506
 21 4.038887 -0.928116 -8.488220 0.000000 -0.000000 0.000000
 22 -0.000698 -0.454956 46.067215 0.666451 0.007806 -0.069828
 23 -0.489967 22.757851 18.761993 0.000000 -0.000000 0.000000
 24 0.260407 -19.713486 -182.090942 0.000000 -0.000000 0.000000
 25 -16.518959 9.856468 11.602509 0.000000 -0.000000 0.000000
 26 12.687087 8.730804 11.180969 0.000000 -0.000000 0.000000
 27 -0.009703 -4.696526 26.699982 0.000000 -0.000000 0.000000
 28 -0.000041 -0.005981 23.601578 0.000000 -0.000000 0.000000
 29 -21.531235 -10.281178 -6.106476 0.000283 0.000000 -0.000000
 30 6.667688 -19.285313 -6.979950 -0.045110 -0.011790 0.008424
 31 21.613546 5.850676 -6.561752 0.000283 -0.000000 0.000000
 32 -0.490765 19.244423 -5.608490 0.000277 0.000143 -0.000045
 33 12.172537 -7.748501 -10.307083 0.000283 0.000000 0.000000
 34 -12.668400 -7.748501 -10.702637 0.000283 0.000000 0.000000
 35 -0.490773 14.424880 -10.375046 0.000278 0.000150 -0.000006
time 11
  0 0.768169 -0.850492 1.544617 0.000000 -0.000000 0.000000
  1 0.768169 -0.850492 1.544617 0.000000 -0.000000 0.000000
  2 0.984829 -7.246327 246.548599 0.000000 -0.000000 0.000000
  3 0.998367 -3.471023 1.599335 0.000000 -0.000000 0.000000
  4 0.998364 -2.893869 213.154236 -0.105779 -0.019462 -0.239215
  5 -11.802616 0.277815 -45.319931 0.413999 0.000241 -0.006835
  6 -0.797637 4.276005 -49.223648 0.504273 0.009598 -0.208160
  7 -0.000013 -0.000008 -7.282913 0.000000 -0.000000 0.000000
  8 11.803267 0.236656 -45.319946 0.984342 -0.007849 0.013450
  9 0.812340 4.273201 -49.223560 0.330948 0.006590 0.254732
 10 0.000000 0.000015 -7.282921 0.000000 -0.000000 0.000000
 11 -0.002765 0.030369 10.832809 -0.191759 -0.002478 0.094071
 12 -16.431307 3.246384 32.898773 -0.865521 -0.021842 0.402002
 13 -12.321602 -2.201904 -17.125465 -0.484578 0.054284 0.349019
 14 -13.252197 -2.413330 -18.422230 -0.000000 -0.000100 -0.000000
 15 -3.868652 -0.832977 -6.257847 0.000000 -0.000000 0.000000
 16 -37.279190 -5.051163 -38.191139 0.000000 -0.000000 0.000000
 17 -3.806076 -1.056412 -7.595867 0.000000 -0.000000 0.000000
 18 16.442675 3.189072 32.898758 -0.552297 -0.142718 -0.473683
 19 12.313782 -2.244873 -17.125626 0.000000 -0.000000 0.000000
 20 13.243652 -2.459503 -18.422226 0.014830 -0.002601 -0.020574
 21 4.038895 -0.928101 -8.488220 0.000000 -0.000000 0.000000
 22 -0.000697 -0.454948 46.067215 0.673143 0.007899 -0.070959
 23 -0.489966 22.757874 18.762009 0.000000 -0.000000 0.000000
 24 0.260414 -19.713531 -182.090958 0.000000 -0.000000 0.000000
 25 -16.518957 9.856468 11.602524 0.000000 -0.000000 0.000000
 26 12.687088 8.730820 11.180984 0.000000 -0.000000 0.000000
 27 -0.009705 -4.696518 26.699997 0.000000 -0.000000 0.000000
 28 -0.000040 -0.005974 23.601578 0.000000 -0.000000 0.000000
 29 -21.531239 -10.281178 -6.106491 0.000449 0.000000 -0.000000
 30 6.667687 -19.285316 -6.979950 -0.066743 -0.015501 0.008730
 31 21.613548 5.850676 -6.561737 0.000449 -0.000000 0.000000
 32 -0.490767 19.244423 -5.608490 0.000440 0.000228 -0.000071
 33 12.172536 -7.748501 -10.307098 0.000449 0.000000 0.000000
 34 -12.668400 -7.748501 -10.702652 0.000449 -0.000000 0.000000
 35 -0.490774 14.424882 -10.375046 0.000441 0.000238 -0.000010
time 12
  0 0.768169 -0.850492 1.544617 0.000000 -0.000000 0.000000
  1 0.768169 -0.850492 1.544617 0.000000 -0.000000 0.000000
  2 0.984829 -7.246327 246.548599 0.000000 -0.000000 0.000000
  3 0.998367 -3.471023 1.599335 0.000000 -0.000000 0.000000
  4 0.998364 -2.850876 212.680954 -0.105868 -0.019201 -0.234179
  5 -11.802614 0.277815 -45.319946 0.416820 0.000252 -0.006882
  6 -0.797639 4.276020 -49.223656 0.502896 0.009453 -0.208211
  7 -0.000013 0.000000 -7.282913 0.000000 -0.000000 0.000000
  8 11.803267 0.236652 -45.319946 0.985825 -0.007870 0.013462
  9 0.812334 4.273239 -49.223572 0.330678 0.006659 0.254743
 10 0.000008 0.000015 -7.282923 0.000000 -0.000000 0.000000
 11 -0.002804 0.030369 10.832809 -0.191102 -0.002394 0.095334
 12 -16.431309 3.246395 32.898758 -0.872237 -0.002628 0.360309
 13 -12.321594 -2.201904 -17.125481 -0.468556 0.049722 0.337599
 14 -13.252197 -2.413330 -18.422241 -0.000000 -0.000136 -0.000000
 15 -3.868652 -0.832962 -6.257849 0.000000 -0.000000 0.000000
 16 -37.279175 -5.051193 -38.191158 0.000000 -0.000000 0.000000
 17 -3.806091 -1.056412 -7.595873 0.000000 -0.000000 0.000000
 18 16.442675 3.189068 32.898773 -0.577372 -0.157977 -0.436256
 19 12.313789 -2.244873 -17.125641 0.000000 -0.000000 0.000000
 20 13.243645 -2.459534 -18.422241 0.014883 -0.002608 -0.020644
 21 4.038895 -0.928116 -8.488235 0.000000 -0.000000 0.000000
 22 -0.000698 -0.454948 46.067230 0.680471 0.008000 -0.072224
 23 -0.489970 22.757858 18.761993 0.000000 -0.000000 0.000000
 24 0.260394 -19.713509 -182.090942 0.000000 -0.000000 0.000000
 25 -16.518959 9.856461 11.602493 0.000000 -0.000000 0.000000
 26 12.687088 8.730804 11.181000 0.000000 -0.000000 0.000000
 27 -0.009698 -4.696518 26.700012 0.000000 -0.000000 0.000000
 28 -0.000041 -0.005974 23.601578 0.000000 -0.000000 0.000000
 29 -21.531235 -10.281178 -6.106476 0.000653 0.000000 0.000000
 30 6.667691 -19.285320 -6.979950 -0.088680 -0.019264 0.009028
 31 21.613548 5.850672 -6.561737 0.000652 0.000000 0.000000
 32 -0.490769 19.244427 -5.608490 0.000639 0.000331 -0.000103
 33 12.172538 -7.748508 -10.307083 0.000653 0.000000 0.000000
 34 -12.668400 -7.748505 -10.702637 0.000652 -0.000000 0.000000
 35 -0.490776 14.424882 -10.375046 0.000641 0.000345 -0.000014
time 13
  0 0.768169 -0.850492 1.544617 0.000000 -0.000000 0.000000
  1 0.768169 -0.850492 1.544617 0.000000 -0.000000 0.000000
  2 0.984829 -7.246327 246.548599 0.000000 -0.000000 0.000000
  3 0.998367 -3.471023 1.599335 0.000000 -0.000000 0.000000
  4 0.998364 -2.806480 212.179092 -0.105962 -0.018920 -0.228834
  5 -11.802614 0.277817 -45.319946 0.419753 0.000264 -0.006930
  6 -0.797641 4.276016 -49.223648 0.501457 0.009303 -0.208261
  7 -0.000013 -0.000008 -7.282921 0.000000 -0.000000 0.000000
  8 11.803266 0.236652 -45.319946 0.987250 -0.007889 0.013473
  9 0.812334 4.273216 -49.223564 0.330418 0.006726 0.254753
 10 0.000008 0.000015 -7.282921 0.000000 -0.000000 0.000000
 11 -0.002845 0.030367 10.832840 -0.190383 -0.002302 0.096676
 12 -16.431307 3.246387 32.898773 -0.879648 0.017380 0.316309
 13 -12.321594 -2.201920 -17.125465 -0.451677 0.045010 0.325575
 14 -13.252197 -2.413315 -18.422239 0.000000 -0.000172 0.000000
 15 -3.868652 -0.832977 -6.257849 0.000000 -0.000000 0.000000
 16 -37.279160 -5.051193 -38.191147 0.000000 -0.000000 0.000000
 17 -3.806076 -1.056427 -7.595867 0.000000 -0.000000 0.000000
 18 16.442673 3.189068 32.898773 -0.604045 -0.173409 -0.396639
 19 12.313789 -2.244888 -17.125610 0.000000 -0.000000 0.000000
 20 13.243645 -2.459503 -18.422241 0.014934 -0.002616 -0.020712
 21 4.038895 -0.928101 -8.488220 0.000000 -0.000000 0.000000
 22 -0.000699 -0.454956 46.067291 0.688076 0.008104 -0.073571
 23 -0.489969 22.757866 18.761993 0.000000 -0.000000 0.000000
 24 0.260399 -19.713531 -182.090927 0.000000 -0.000000 0.000000
 25 -16.518959 9.856468 11.602493 0.000000 -0.000000 0.000000
 26 12.687088 8.730812 11.181000 0.000000 -0.000000 0.000000
 27 -0.009700 -4.696510 26.699982 0.000000 -0.000000 0.000000
 28 -0.000041 -0.005974 23.601593 0.000000 -0.000000 0.000000
 29 -21.531235 -10.281178 -6.106476 0.000892 0.000000 0.000000
 30 6.667689 -19.285313 -6.979935 -0.110618 -0.023028 0.009316
 31 21.613544 5.850670 -6.561737 0.000892 0.000000 -0.000000
 32 -0.490768 19.244419 -5.608475 0.000874 0.000452 -0.000141
 33 12.172536 -7.748501 -10.307098 0.000892 0.000000 -0.000000
 34 -12.668398 -7.748501 -10.702637 0.000892 0.000000 -0.000000
 35 -0.490775 14.424877 -10.375046 0.000877 0.000472 -0.000019
time 14
  0 0.768169 -0.850492 1.544617 0.000000 -0.000000 0.000000
  1 0.768169 -0.850492 1.544617 0.000000 -0.000000 0.000000
  2 0.984829 -7.246327 246.548599 0.000000 -0.000000 0.000000
  3 0.998367 -3.471023 1.599335 0.000000 -0.000000 0.000000
  4 0.998364 -2.762861 211.668396 -0.106056 -0.018630 -0.223390
  5 -11.802615 0.277813 -45.319931 0.422659 0.000276 -0.006979
  6 -0.797636 4.276012 -49.223648 0.500021 0.009156 -0.208304
  7 -0.000011 -0.000015 -7.282921 0.000000 -0.000000 0.000000
  8 11.803270 0.236656 -45.319931 0.988508 -0.007906 0.013482
  9 0.812347 4.273216 -49.223568 0.330190 0.006785 0.254762
 10 0.000004 0.000000 -7.282927 0.000000 -0.000000 0.000000
 11 -0.002888 0.030367 10.832855 -0.189624 -0.002207 0.098046
 12 -16.431311 3.246380 32.898758 -0.887568 0.037263 0.271809
 13 -12.321602 -2.201920 -17.125465 -0.434647 0.040377 0.313451
 14 -13.252190 -2.413315 -18.422237 -0.000000 -0.000207 -0.000000
 15 -3.868652 -0.832993 -6.257849 0.000000 -0.000000 0.000000
 16 -37.279175 -5.051163 -38.191154 0.000000 -0.000000 0.000000
 17 -3.806091 -1.056427 -7.595869 0.000000 -0.000000 0.000000
 18 16.442678 3.189068 32.898758 -0.631296 -0.188138 -0.356419
 19 12.313789 -2.244873 -17.125641 0.000000 -0.000000 0.000000
 20 13.243637 -2.459518 -18.422226 0.014979 -0.002622 -0.020772
 21 4.038902 -0.928116 -8.488220 0.000000 -0.000000 0.000000
 22 -0.000698 -0.454964 46.067245 0.695598 0.008203 -0.074949
 23 -0.489966 22.757858 18.761993 0.000000 -0.000000 0.000000
 24 0.260419 -19.713501 -182.090942 0.000000 -0.000000 0.000000
 25 -16.518961 9.856468 11.602524 0.000000 -0.000000 0.000000
 26 12.687090 8.730804 11.180984 0.000000 -0.000000 0.000000
 27 -0.009705 -4.696518 26.699982 0.000000 -0.000000 0.000000
 28 -0.000041 -0.005974 23.601578 0.000000 -0.000000 0.000000
 29 -21.531240 -10.281181 -6.106491 0.001168 0.000000 0.000000
 30 6.667686 -19.285316 -6.979965 -0.132251 -0.026739 0.009591
 31 21.613552 5.850679 -6.561752 0.001168 -0.000000 0.000000
 32 -0.490764 19.244427 -5.608490 0.001144 0.000592 -0.000185
 33 12.172535 -7.748501 -10.307098 0.001168 0.000000 -0.000000
 34 -12.668404 -7.748505 -10.702637 0.001168 0.000000 -0.000000
 35 -0.490772 14.424884 -10.375046 0.001148 0.000618 -0.000025
time 15
  0 0.768169 -0.850492 1.544617 0.000000 -0.000000 0.000000
  1 0.768169 -0.850492 1.544617 0.000000 -0.000000 0.000000
  2 0.984829 -7.246327 246.548599 0.000000 -0.000000 0.000000
  3 0.998367 -3.471023 1.599335 0.000000 -0.000000 0.000000
  4 0.998364 -2.722194 211.168640 -0.106146 -0.018340 -0.218054
  5 -11.802616 0.277815 -45.319931 0.425403 0.000287 -0.007025
  6 -0.797642 4.276024 -49.223633 0.498654 0.009017 -0.208338
  7 -0.000013 -0.000008 -7.282913 0.000000 -0.000000 0.000000
  8 11.803269 0.236650 -45.319946 0.989489 -0.007920 0.013490
  9 0.812334 4.273209 -49.223564 0.330011 0.006831 0.254769
 10 0.000004 0.000000 -7.282925 0.000000 -0.000000 0.000000
 11 -0.002930 0.030367 10.832870 -0.188844 -0.002110 0.099395
 12 -16.431313 3.246391 32.898758 -0.895811 0.056102 0.228615
 13 -12.321598 -2.201904 -17.125473 -0.418170 0.036055 0.301733
 14 -13.252197 -2.413315 -18.422237 -0.000000 -0.000238 -0.000000
 15 -3.868652 -0.832962 -6.257851 0.000000 -0.000000 0.000000
 16 -37.279175 -5.051193 -38.191151 0.000000 -0.000000 0.000000
 17 -3.806091 -1.056442 -7.595869 0.000000 -0.000000 0.000000
 18 16.442677 3.189068 32.898758 -0.658107 -0.201287 -0.317180
 19 12.313782 -2.244873 -17.125641 0.000000 -0.000000 0.000000
 20 13.243637 -2.459503 -18.422218 0.015014 -0.002627 -0.020818
 21 4.038895 -0.928085 -8.488213 0.000000 -0.000000 0.000000
 22 -0.000699 -0.454956 46.067261 0.702677 0.008294 -0.076307
 23 -0.489968 22.757851 18.761993 0.000000 -0.000000 0.000000
 24 0.260406 -19.713531 -182.090912 0.000000 -0.000000 0.000000
 25 -16.518963 9.856468 11.602509 0.000000 -0.000000 0.000000
 26 12.687090 8.730812 11.180984 0.000000 -0.000000 0.000000
 27 -0.009702 -4.696518 26.699982 0.000000 -0.000000 0.000000
 28 -0.000041 -0.005974 23.601578 0.000000 -0.000000 0.000000
 29 -21.531239 -10.281179 -6.106491 0.001478 0.000000 0.000000
 30 6.667691 -19.285322 -6.979950 -0.153272 -0.030346 0.009851
 31 21.613548 5.850670 -6.561722 0.001478 -0.000000 0.000000
 32 -0.490768 19.244423 -5.608475 0.001448 0.000749 -0.000234
 33 12.172538 -7.748507 -10.307083 0.001478 0.000000 -0.000000
 34 -12.668402 -7.748503 -10.702637 0.001478 0.000000 0.000000
 35 -0.490776 14.424880 -10.375046 0.001452 0.000782 -0.000032
time 16
  0 0.768169 -0.850492 1.544617 0.000000 -0.000000 0.000000
  1 0.768169 -0.850492 1.544617 0.000000 -0.000000 0.000000
  2 0.984829 -7.246327 246.548599 0.000000 -0.000000 0.000000
  3 0.998367 -3.471023 1.599335 0.000000 -0.000000 0.000000
  4 0.998364 -2.686658 210.699570 -0.106229 -0.018060 -0.213036
  5 -11.802615 0.277815 -45.319946 0.427847 0.000297 -0.007066
  6 -0.797640 4.276020 -49.223640 0.497418 0.008896 -0.208358
  7 -0.000013 -0.000008 -7.282921 0.000000 -0.000000 0.000000
  8 11.803267 0.236652 -45.319946 0.990084 -0.007928 0.013495
  9 0.812336 4.273239 -49.223564 0.329903 0.006859 0.254773
 10 0.000000 0.000015 -7.282923 0.000000 -0.000000 0.000000
 11 -0.002970 0.030367 10.832901 -0.188065 -0.002015 0.100669
 12 -16.431307 3.246387 32.898773 -0.904189 0.072978 0.188536
 13 -12.321598 -2.201920 -17.125473 -0.402951 0.032273 0.290923
 14 -13.252197 -2.413330 -18.422235 -0.000000 -0.000265 -0.000000
 15 -3.868652 -0.832962 -6.257849 0.000000 -0.000000 0.000000
 16 -37.279175 -5.051193 -38.191147 0.000000 -0.000000 0.000000
 17 -3.806091 -1.056427 -7.595869 0.000000 -0.000000 0.000000
 18 16.442675 3.189072 32.898773 -0.683456 -0.211980 -0.280507
 19 12.313782 -2.244888 -17.125633 0.000000 -0.000000 0.000000
 20 13.243652 -2.459518 -18.422234 0.015035 -0.002630 -0.020846
 21 4.038902 -0.928131 -8.488220 0.000000 -0.000000 0.000000
 22 -0.000698 -0.454956 46.067276 0.708956 0.008371 -0.077596
 23 -0.489968 22.757874 18.762024 0.000000 -0.000000 0.000000
 24 0.260402 -19.713486 -182.090942 0.000000 -0.000000 0.000000
 25 -16.518959 9.856468 11.602509 0.000000 -0.000000 0.000000
 26 12.687086 8.730812 11.180984 0.000000 -0.000000 0.000000
 27 -0.009701 -4.696533 26.700012 0.000000 -0.000000 0.000000
 28 -0.000041 -0.005974 23.601593 0.000000 -0.000000 0.000000
 29 -21.531235 -10.281179 -6.106506 0.001823 0.000000 0.000000
 30 6.667689 -19.285318 -6.979950 -0.173378 -0.033795 0.010094
 31 21.613548 5.850672 -6.561737 0.001822 0.000000 0.000000
 32 -0.490767 19.244425 -5.608490 0.001785 0.000924 -0.000288
 33 12.172536 -7.748507 -10.307098 0.001822 0.000000 0.000000
 34 -12.668401 -7.748503 -10.702637 0.001822 -0.000000 0.000000
 35 -0.490774 14.424881 -10.375046 0.001791 0.000965 -0.000040
time 17
  0 0.768169 -0.850492 1.544617 0.000000 -0.000000 0.000000
  1 0.768169 -0.850492 1.544617 0.000000 -0.000000 0.000000
  2 0.984829 -7.246327 246.548599 0.000000 -0.000000 0.000000
  3 0.998367 -3.471023 1.599335 0.000000 -0.000000 0.000000
  4 0.998364 -2.657924 210.277481 -0.106301 -0.017797 -0.208505
  5 -11.802614 0.277811 -45.319962 0.429878 0.000306 -0.007100
  6 -0.797637 4.276024 -49.223633 0.496367 0.008796 -0.208361
  7 -0.000011 0.000000 -7.282913 0.000000 -0.000000 0.000000
  8 11.803270 0.236652 -45.319946 0.990213 -0.007930 0.013496
  9 0.812340 4.273239 -49.223557 0.329880 0.006864 0.254774
 10 0.000004 0.000000 -7.282921 0.000000 -0.000000 0.000000
 11 -0.003007 0.030367 10.832916 -0.187304 -0.001924 0.101826
 12 -16.431311 3.246395 32.898758 -0.912558 0.087141 0.153051
 13 -12.321594 -2.201920 -17.125473 -0.389565 0.029222 0.281436
 14 -13.252190 -2.413300 -18.422235 0.000000 -0.000284 -0.000000
 15 -3.868652 -0.832962 -6.257847 0.000000 -0.000000 0.000000
 16 -37.279190 -5.051193 -38.191147 0.000000 -0.000000 0.000000
 17 -3.806107 -1.056427 -7.595865 0.000000 -0.000000 0.000000
 18 16.442673 3.189079 32.898758 -0.706533 -0.219473 -0.247679
 19 12.313782 -2.244888 -17.125641 0.000000 -0.000000 0.000000
 20 13.243637 -2.459518 -18.422218 0.015036 -0.002631 -0.020848
 21 4.038895 -0.928101 -8.488220 0.000000 -0.000000 0.000000
 22 -0.000699 -0.454948 46.067230 0.714137 0.008428 -0.078772
 23 -0.489967 22.757874 18.762024 0.000000 -0.000000 0.000000
 24 0.260409 -19.713554 -182.090988 0.000000 -0.000000 0.000000
 25 -16.518957 9.856491 11.602524 0.000000 -0.000000 0.000000
 26 12.687090 8.730820 11.181000 0.000000 -0.000000 0.000000
 27 -0.009702 -4.696503 26.700012 0.000000 -0.000000 0.000000
 28 -0.000041 -0.005974 23.601578 0.000000 -0.000000 0.000000
 29 -21.531240 -10.281181 -6.106506 0.002200 0.000000 0.000000
 30 6.667687 -19.285316 -6.979980 -0.192262 -0.037035 0.010317
 31 21.613550 5.850674 -6.561752 0.002200 0.000000 0.000000
 32 -0.490766 19.244425 -5.608505 0.002156 0.001116 -0.000348
 33 12.172537 -7.748505 -10.307114 0.002200 0.000000 0.000000
 34 -12.668402 -7.748505 -10.702667 0.002200 -0.000000 0.000000
 35 -0.490773 14.424881 -10.375061 0.002162 0.001165 -0.000048
time 18
  0 0.768169 -0.850492 1.544617 0.000000 -0.000000 0.000000
  1 0.768169 -0.850492 1.544617 0.000000 -0.000000 0.000000
  2 0.984829 -7.246327 246.548599 0.000000 -0.000000 0.000000
  3 0.998367 -3.471023 1.599335 0.000000 -0.000000 0.000000
  4 0.998364 -2.630348 209.865753 -0.106373 -0.017531 -0.204032
  5 -11.802615 0.277815 -45.319931 0.431734 0.000314 -0.007132
  6 -0.797640 4.276009 -49.223633 0.495371 0.008702 -0.208336
  7 -0.000011 -0.000008 -7.282913 0.000000 -0.000000 0.000000
  8 11.803268 0.236654 -45.319931 0.990213 -0.007930 0.013496
  9 0.812336 4.273224 -49.223557 0.329894 0.006840 0.254766
 10 0.000008 0.000000 -7.282917 0.000000 -0.000000 0.000000
 11 -0.003043 0.030367 10.832947 -0.186528 -0.001830 0.102962
 12 -16.431309 3.246387 32.898773 -0.921378 0.100414 0.118677
 13 -12.321594 -2.201935 -17.125458 -0.376638 0.026481 0.272315
 14 -13.252190 -2.413315 -18.422234 -0.000000 -0.000298 0.000000
 15 -3.868668 -0.832993 -6.257847 0.000000 -0.000000 0.000000
 16 -37.279175 -5.051163 -38.191139 0.000000 -0.000000 0.000000
 17 -3.806091 -1.056427 -7.595865 0.000000 -0.000000 0.000000
 18 16.442673 3.189068 32.898758 -0.729600 -0.225143 -0.215386
 19 12.313797 -2.244888 -17.125633 0.000000 -0.000000 0.000000
 20 13.243637 -2.459518 -18.422234 0.014980 -0.002621 -0.020772
 21 4.038895 -0.928116 -8.488213 0.000000 -0.000000 0.000000
 22 -0.000699 -0.454948 46.067245 0.718863 0.008477 -0.079937
 23 -0.489967 22.757843 18.761978 0.000000 -0.000000 0.000000
 24 0.260396 -19.713470 -182.090927 0.000000 -0.000000 0.000000
 25 -16.518959 9.856461 11.602493 0.000000 -0.000000 0.000000
 26 12.687088 8.730804 11.180969 0.000000 -0.000000 0.000000
 27 -0.009700 -4.696533 26.699982 0.000000 -0.000000 0.000000
 28 -0.000041 -0.005966 23.601578 0.000000 -0.000000 0.000000
 29 -21.531235 -10.281176 -6.106491 0.002611 0.000000 0.000000
 30 6.667689 -19.285315 -6.979950 -0.209619 -0.040012 0.010518
 31 21.613548 5.850672 -6.561737 0.002611 -0.000000 0.000000
 32 -0.490768 19.244425 -5.608490 0.002558 0.001324 -0.000413
 33 12.172535 -7.748503 -10.307083 0.002611 0.000000 -0.000000
 34 -12.668402 -7.748503 -10.702637 0.002611 0.000000 0.000000
 35 -0.490775 14.424880 -10.375046 0.002566 0.001382 -0.000057
time 19
  0 0.768169 -0.850492 1.544617 0.000000 -0.000000 0.000000
  1 0.768169 -0.850492 1.544617 0.000000 -0.000000 0.000000
  2 0.984829 -7.246327 246.548599 0.000000 -0.000000 0.000000
  3 0.998367 -3.471023 1.599335 0.000000 -0.000000 0.000000
  4 0.998364 -2.602356 209.449219 -0.106449 -0.017252 -0.199460
  5 -11.802614 0.277813 -45.319946 0.433523 0.000322 -0.007163
  6 -0.797637 4.276016 -49.223633 0.494381 0.008610 -0.208286
  7 -0.000011 -0.000008 -7.282913 0.000000 -0.000000 0.000000
  8 11.803271 0.236652 -45.319962 0.990213 -0.007930 0.013496
  9 0.812338 4.273216 -49.223564 0.329928 0.006790 0.254750
 10 0.000008 0.000015 -7.282923 0.000000 -0.000000 0.000000
 11 -0.003080 0.030367 10.832962 -0.185721 -0.001731 0.104116
 12 -16.431311 3.246391 32.898773 -0.930787 0.113495 0.084033
 13 -12.321594 -2.201935 -17.125465 -0.363633 0.023873 0.263175
 14 -13.252190 -2.413315 -18.422235 -0.000000 -0.000310 0.000000
 15 -3.868652 -0.832962 -6.257847 0.000000 -0.000000 0.000000
 16 -37.279175 -5.051163 -38.191139 0.000000 -0.000000 0.000000
 17 -3.806076 -1.056412 -7.595865 0.000000 -0.000000 0.000000
 18 16.442673 3.189072 32.898773 -0.753417 -0.229683 -0.182433
 19 12.313797 -2.244888 -17.125633 0.000000 -0.000000 0.000000
 20 13.243637 -2.459503 -18.422234 0.014864 -0.002602 -0.020613
 21 4.038902 -0.928116 -8.488205 0.000000 -0.000000 0.000000
 22 -0.000699 -0.454956 46.067261 0.723411 0.008522 -0.081129
 23 -0.489969 22.757866 18.761993 0.000000 -0.000000 0.000000
 24 0.260409 -19.713501 -182.090912 0.000000 -0.000000 0.000000
 25 -16.518959 9.856468 11.602493 0.000000 -0.000000 0.000000
 26 12.687087 8.730812 11.181000 0.000000 -0.000000 0.000000
 27 -0.009702 -4.696518 26.699997 0.000000 -0.000000 0.000000
 28 -0.000041 -0.005974 23.601578 0.000000 -0.000000 0.000000
 29 -21.531239 -10.281178 -6.106491 0.003054 0.000000 0.000000
 30 6.667689 -19.285313 -6.979965 -0.225143 -0.042676 0.010694
 31 21.613548 5.850674 -6.561752 0.003054 0.000000 0.000000
 32 -0.490766 19.244425 -5.608505 0.002992 0.001548 -0.000483
 33 12.172538 -7.748505 -10.307098 0.003054 0.000000 0.000000
 34 -12.668401 -7.748505 -10.702652 0.003054 0.000000 0.000000
 35 -0.490773 14.424880 -10.375046 0.003001 0.001616 -0.000066
time 20
  0 0.768169 -0.850492 1.544617 0.000000 -0.000000 0.000000
  1 0.768169 -0.850492 1.544617 0.000000 -0.000000 0.000000
  2 0.984829 -7.246327 246.548599 0.000000 -0.000000 0.000000
  3 0.998367 -3.471023 1.599335 0.000000 -0.000000 0.000000
  4 0.998364 -2.574714 209.027908 -0.106526 -0.016964 -0.194808
  5 -11.802614 0.277813 -45.319946 0.435250 0.000330 -0.007192
  6 -0.797638 4.276005 -49.223640 0.493401 0.008519 -0.208217
  7 -0.000011 -0.000015 -7.282913 0.000000 -0.000000 0.000000
  8 11.803269 0.236650 -45.319946 0.990213 -0.007930 0.013496
  9 0.812338 4.273216 -49.223557 0.329990 0.006716 0.254728
 10 0.000000 0.000000 -7.282919 0.000000 -0.000000 0.000000
 11 -0.003119 0.030367 10.832993 -0.184880 -0.001627 0.105289
 12 -16.431309 3.246391 32.898758 -0.940731 0.126325 0.049187
 13 -12.321594 -2.201920 -17.125465 -0.350585 0.021395 0.254027
 14 -13.252205 -2.413300 -18.422232 0.000000 -0.000320 -0.000000
 15 -3.868652 -0.832947 -6.257849 0.000000 -0.000000 0.000000
 16 -37.279190 -5.051208 -38.191135 0.000000 -0.000000 0.000000
 17 -3.806107 -1.056412 -7.595863 0.000000 -0.000000 0.000000
 18 16.442673 3.189072 32.898758 -0.777808 -0.233219 -0.148998
 19 12.313782 -2.244873 -17.125633 0.000000 -0.000000 0.000000
 20 13.243652 -2.459534 -18.422234 0.014696 -0.002574 -0.020384
 21 4.038895 -0.928116 -8.488213 0.000000 -0.000000 0.000000
 22 -0.000699 -0.454948 46.067245 0.727791 0.008563 -0.082346
 23 -0.489968 22.757866 18.761963 0.000000 -0.000000 0.000000
 24 0.260396 -19.713524 -182.090927 0.000000 -0.000000 0.000000
 25 -16.518959 9.856483 11.602493 0.000000 -0.000000 0.000000
 26 12.687089 8.730812 11.180984 0.000000 -0.000000 0.000000
 27 -0.009699 -4.696518 26.699997 0.000000 -0.000000 0.000000
 28 -0.000041 -0.005974 23.601593 0.000000 -0.000000 0.000000
 29 -21.531239 -10.281181 -6.106491 0.003528 0.000000 0.000000
 30 6.667689 -19.285316 -6.979950 -0.238530 -0.044972 0.010844
 31 21.613548 5.850672 -6.561737 0.003528 0.000000 0.000000
 32 -0.490767 19.244423 -5.608490 0.003456 0.001789 -0.000558
 33 12.172536 -7.748505 -10.307083 0.003528 0.000000 0.000000
 34 -12.668402 -7.748505 -10.702652 0.003528 -0.000000 0.000000
 35 -0.490774 14.424877 -10.375046 0.003467 0.001867 -0.000077
time 21
  0 0.768169 -0.850492 1.544617 0.000000 -0.000000 0.000000
  1 0.768169 -0.850492 1.544617 0.000000 -0.000000 0.000000
  2 0.984829 -7.246327 246.548599 0.000000 -0.000000 0.000000
  3 0.998367 -3.471023 1.599335 0.000000 -0.000000 0.000000
  4 0.998364 -2.548190 208.601868 -0.106603 -0.016668 -0.190097
  5 -11.802616 0.277811 -45.319962 0.436921 0.000337 -0.007222
  6 -0.797637 4.276020 -49.223648 0.492438 0.008432 -0.208135
  7 -0.000011 -0.000008 -7.282921 0.000000 -0.000000 0.000000
  8 11.803269 0.236652 -45.319962 0.990213 -0.007930 0.013496
  9 0.812342 4.273224 -49.223557 0.330084 0.006619 0.254701
 10 0.000000 0.000000 -7.282925 0.000000 -0.000000 0.000000
 11 -0.003158 0.030369 10.833023 -0.184003 -0.001520 0.106479
 12 -16.431307 3.246384 32.898758 -0.951157 0.138846 0.014206
 13 -12.321598 -2.201920 -17.125473 -0.337526 0.019047 0.244882
 14 -13.252197 -2.413330 -18.422237 0.000000 -0.000328 0.000000
 15 -3.868652 -0.832947 -6.257849 0.000000 -0.000000 0.000000
 16 -37.279175 -5.051163 -38.191154 0.000000 -0.000000 0.000000
 17 -3.806107 -1.056427 -7.595867 0.000000 -0.000000 0.000000
 18 16.442675 3.189079 32.898758 -0.802594 -0.235877 -0.115261
 19 12.313774 -2.244873 -17.125641 0.000000 -0.000000 0.000000
 20 13.243645 -2.459518 -18.422226 0.014487 -0.002540 -0.020100
 21 4.038887 -0.928101 -8.488205 0.000000 -0.000000 0.000000
 22 -0.000698 -0.454948 46.067261 0.732011 0.008599 -0.083584
 23 -0.489967 22.757866 18.761993 0.000000 -0.000000 0.000000
 24 0.260417 -19.713486 -182.090942 0.000000 -0.000000 0.000000
 25 -16.518961 9.856468 11.602493 0.000000 -0.000000 0.000000
 26 12.687088 8.730812 11.180984 0.000000 -0.000000 0.000000
 27 -0.009704 -4.696526 26.699997 0.000000 -0.000000 0.000000
 28 -0.000041 -0.005966 23.601578 0.000000 -0.000000 0.000000
 29 -21.531239 -10.281178 -6.106522 0.004033 0.000000 -0.000000
 30 6.667686 -19.285313 -6.979965 -0.249473 -0.046850 0.010964
 31 21.613552 5.850676 -6.561752 0.004033 0.000000 0.000000
 32 -0.490766 19.244423 -5.608505 0.003951 0.002044 -0.000638
 33 12.172538 -7.748505 -10.307114 0.004033 0.000000 0.000000
 34 -12.668404 -7.748508 -10.702667 0.004033 0.000000 -0.000000
 35 -0.490773 14.424879 -10.375061 0.003963 0.002134 -0.000088
time 22
  0 0.768169 -0.850492 1.544617 0.000000 -0.000000 0.000000
  1 0.768169 -0.850492 1.544617 0.000000 -0.000000 0.000000
  2 0.984829 -7.246327 246.548599 0.000000 -0.000000 0.000000
  3 0.998367 -3.471023 1.599335 0.000000 -0.000000 0.000000
  4 0.998364 -2.523549 208.171112 -0.106679 -0.016366 -0.185345
  5 -11.802614 0.277813 -45.319946 0.438543 0.000345 -0.007250
  6 -0.797640 4.276016 -49.223648 0.491495 0.008349 -0.208048
  7 -0.000013 0.000000 -7.282913 0.000000 -0.000000 0.000000
  8 11.803267 0.236650 -45.319946 0.990213 -0.007930 0.013496
  9 0.812334 4.273224 -49.223576 0.330216 0.006501 0.254674
 10 0.000008 0.000000 -7.282932 0.000000 -0.000000 0.000000
 11 -0.003199 0.030371 10.833054 -0.183087 -0.001409 0.107688
 12 -16.431309 3.246399 32.898743 -0.962011 0.150999 -0.020843
 13 -12.321594 -2.201920 -17.125458 -0.324492 0.016825 0.235753
 14 -13.252197 -2.413315 -18.422234 0.000000 -0.000334 -0.000000
 15 -3.868637 -0.832977 -6.257849 0.000000 -0.000000 0.000000
 16 -37.279190 -5.051147 -38.191139 0.000000 -0.000000 0.000000
 17 -3.806076 -1.056412 -7.595867 0.000000 -0.000000 0.000000
 18 16.442675 3.189075 32.898758 -0.827599 -0.237783 -0.081399
 19 12.313789 -2.244888 -17.125633 0.000000 -0.000000 0.000000
 20 13.243645 -2.459518 -18.422226 0.014247 -0.002500 -0.019771
 21 4.038895 -0.928116 -8.488213 0.000000 -0.000000 0.000000
 22 -0.000699 -0.454948 46.067215 0.736080 0.008630 -0.084841
 23 -0.489969 22.757858 18.761978 0.000000 -0.000000 0.000000
 24 0.260403 -19.713501 -182.090912 0.000000 -0.000000 0.000000
 25 -16.518959 9.856476 11.602493 0.000000 -0.000000 0.000000
 26 12.687091 8.730804 11.180969 0.000000 -0.000000 0.000000
 27 -0.009700 -4.696518 26.699997 0.000000 -0.000000 0.000000
 28 -0.000041 -0.005966 23.601578 0.000000 -0.000000 0.000000
 29 -21.531235 -10.281176 -6.106506 0.004567 0.000000 0.000000
 30 6.667690 -19.285318 -6.979950 -0.257668 -0.048256 0.011053
 31 21.613544 5.850670 -6.561752 0.004567 0.000000 -0.000000
 32 -0.490769 19.244427 -5.608490 0.004474 0.002315 -0.000723
 33 12.172536 -7.748507 -10.307098 0.004567 0.000000 -0.000000
 34 -12.668400 -7.748503 -10.702652 0.004567 0.000000 -0.000000
 35 -0.490776 14.424878 -10.375046 0.004488 0.002417 -0.000099
time 23
  0 0.768169 -0.850492 1.544617 0.000000 -0.000000 0.000000
  1 0.768169 -0.850492 1.544617 0.000000 -0.000000 0.000000
  2 0.984829 -7.246327 246.548599 0.000000 -0.000000 0.000000
  3 0.998367 -3.471023 1.599335 0.000000 -0.000000 0.000000
  4 0.998364 -2.501558 207.735672 -0.106750 -0.016060 -0.180574
  5 -11.802615 0.277813 -45.319931 0.440121 0.000352 -0.007277
  6 -0.797638 4.276016 -49.223633 0.490579 0.008273 -0.207962
  7 -0.000011 -0.000008 -7.282909 0.000000 -0.000000 0.000000
  8 11.803269 0.236652 -45.319931 0.990213 -0.007930 0.013496
  9 0.812342 4.273239 -49.223572 0.330390 0.006365 0.254646
 10 0.000004 0.000015 -7.282925 0.000000 -0.000000 0.000000
 11 -0.003238 0.030375 10.833084 -0.182130 -0.001297 0.108914
 12 -16.431309 3.246391 32.898758 -0.973238 0.162726 -0.055893
 13 -12.321602 -2.201935 -17.125465 -0.311515 0.014728 0.226651
 14 -13.252197 -2.413315 -18.422241 -0.000000 -0.000339 -0.000000
 15 -3.868652 -0.832962 -6.257853 0.000000 -0.000000 0.000000
 16 -37.279205 -5.051178 -38.191151 0.000000 -0.000000 0.000000
 17 -3.806091 -1.056427 -7.595871 0.000000 -0.000000 0.000000
 18 16.442675 3.189075 32.898773 -0.852645 -0.239061 -0.047590
 19 12.313789 -2.244904 -17.125633 0.000000 -0.000000 0.000000
 20 13.243645 -2.459518 -18.422226 0.013985 -0.002456 -0.019413
 21 4.038895 -0.928116 -8.488220 0.000000 -0.000000 0.000000
 22 -0.000699 -0.454945 46.067245 0.740007 0.008656 -0.086113
 23 -0.489968 22.757858 18.761993 0.000000 -0.000000 0.000000
 24 0.260417 -19.713470 -182.090927 0.000000 -0.000000 0.000000
 25 -16.518959 9.856461 11.602463 0.000000 -0.000000 0.000000
 26 12.687087 8.730804 11.180969 0.000000 -0.000000 0.000000
 27 -0.009704 -4.696526 26.699966 0.000000 -0.000000 0.000000
 28 -0.000041 -0.005978 23.601593 0.000000 -0.000000 0.000000
 29 -21.531239 -10.281176 -6.106491 0.005131 0.000000 -0.000000
 30 6.667690 -19.285318 -6.979965 -0.262809 -0.049138 0.011108
 31 21.613552 5.850674 -6.561737 0.005131 -0.000000 0.000000
 32 -0.490767 19.244425 -5.608490 0.005027 0.002601 -0.000812
 33 12.172538 -7.748507 -10.307098 0.005131 0.000000 -0.000000
 34 -12.668402 -7.748507 -10.702637 0.005131 0.000000 0.000000
 35 -0.490774 14.424882 -10.375046 0.005042 0.002716 -0.000112
time 24
  0 0.768169 -0.850492 1.544617 0.000000 -0.000000 0.000000
  1 0.768169 -0.850492 1.544617 0.000000 -0.000000 0.000000
  2 0.984829 -7.246327 246.548599 0.000000 -0.000000 0.000000
  3 0.998367 -3.471023 1.599335 0.000000 -0.000000 0.000000
  4 0.998364 -2.482983 207.295609 -0.106816 -0.015752 -0.175802
  5 -11.802614 0.277815 -45.319931 0.441661 0.000359 -0.007304
  6 -0.797639 4.276009 -49.223648 0.489694 0.008203 -0.207882
  7 -0.000013 -0.000015 -7.282917 0.000000 -0.000000 0.000000
  8 11.803271 0.236654 -45.319946 0.990213 -0.007930 0.013496
  9 0.812338 4.273232 -49.223564 0.330614 0.006213 0.254621
 10 0.000000 0.000015 -7.282923 0.000000 -0.000000 0.000000
 11 -0.003279 0.030375 10.833130 -0.181129 -0.001184 0.110159
 12 -16.431313 3.246391 32.898758 -0.984787 0.173968 -0.090876
 13 -12.321598 -2.201935 -17.125469 -0.298631 0.012753 0.217588
 14 -13.252190 -2.413315 -18.422235 -0.000000 -0.000344 0.000000
 15 -3.868652 -0.832977 -6.257849 0.000000 -0.000000 0.000000
 16 -37.279190 -5.051178 -38.191147 0.000000 -0.000000 0.000000
 17 -3.806076 -1.056427 -7.595867 0.000000 -0.000000 0.000000
 18 16.442671 3.189072 32.898773 -0.877556 -0.239836 -0.014014
 19 12.313789 -2.244873 -17.125641 0.000000 -0.000000 0.000000
 20 13.243645 -2.459518 -18.422226 0.013711 -0.002411 -0.019037
 21 4.038895 -0.928101 -8.488220 0.000000 -0.000000 0.000000
 22 -0.000702 -0.454948 46.067245 0.743801 0.008677 -0.087397
 23 -0.489971 22.757843 18.761978 0.000000 -0.000000 0.000000
 24 0.260403 -19.713470 -182.090973 0.000000 -0.000000 0.000000
 25 -16.518959 9.856461 11.602493 0.000000 -0.000000 0.000000
 26 12.687086 8.730804 11.181000 0.000000 -0.000000 0.000000
 27 -0.009700 -4.696533 26.699997 0.000000 -0.000000 0.000000
 28 -0.000043 -0.005974 23.601578 0.000000 -0.000000 0.000000
 29 -21.531239 -10.281176 -6.106506 0.005723 0.000000 0.000000
 30 6.667689 -19.285315 -6.979950 -0.264590 -0.049443 0.011127
 31 21.613552 5.850674 -6.561737 0.005723 0.000000 0.000000
 32 -0.490767 19.244425 -5.608490 0.005607 0.002902 -0.000905
 33 12.172538 -7.748507 -10.307083 0.005723 0.000000 0.000000
 34 -12.668401 -7.748503 -10.702637 0.005723 0.000000 0.000000
 35 -0.490774 14.424881 -10.375046 0.005624 0.003029 -0.000125
time 25
  0 0.768169 -0.850492 1.544617 0.000000 -0.000000 0.000000
  1 0.768169 -0.850492 1.544617 0.000000 -0.000000 0.000000
  2 0.984829 -7.246327 246.548599 0.000000 -0.000000 0.000000
  3 0.998367 -3.471023 1.599335 0.000000 -0.000000 0.000000
  4 0.998364 -2.468592 206.850937 -0.106875 -0.015443 -0.171051
  5 -11.802616 0.277813 -45.319946 0.443171 0.000366 -0.007330
  6 -0.797637 4.276016 -49.223648 0.488847 0.008143 -0.207817
  7 -0.000013 -0.000008 -7.282921 0.000000 -0.000000 0.000000
  8 11.803270 0.236654 -45.319962 0.990213 -0.007930 0.013496
  9 0.812340 4.273216 -49.223549 0.330891 0.006047 0.254600
 10 0.000000 0.000015 -7.282923 0.000000 -0.000000 0.000000
 11 -0.003320 0.030376 10.833145 -0.180082 -0.001069 0.111421
 12 -16.431309 3.246391 32.898743 -0.996602 0.184667 -0.125725
 13 -12.321594 -2.201920 -17.125477 -0.285873 0.010898 0.208576
 14 -13.252197 -2.413300 -18.422237 -0.000000 -0.000349 -0.000000
 15 -3.868652 -0.832977 -6.257849 0.000000 -0.000000 0.000000
 16 -37.279160 -5.051147 -38.191147 0.000000 -0.000000 0.000000
 17 -3.806091 -1.056427 -7.595865 0.000000 -0.000000 0.000000
 18 16.442673 3.189072 32.898743 -0.902153 -0.240235 0.019151
 19 12.313789 -2.244873 -17.125633 0.000000 -0.000000 0.000000
 20 13.243645 -2.459534 -18.422226 0.013434 -0.002365 -0.018657
 21 4.038902 -0.928116 -8.488205 0.000000 -0.000000 0.000000
 22 -0.000698 -0.454952 46.067230 0.747470 0.008692 -0.088690
 23 -0.489967 22.757866 18.761978 0.000000 -0.000000 0.000000
 24 0.260412 -19.713501 -182.090912 0.000000 -0.000000 0.000000
 25 -16.518957 9.856483 11.602493 0.000000 -0.000000 0.000000
 26 12.687088 8.730812 11.180969 0.000000 -0.000000 0.000000
 27 -0.009703 -4.696510 26.699997 0.000000 -0.000000 0.000000
 28 -0.000041 -0.005970 23.601578 0.000000 -0.000000 0.000000
 29 -21.531244 -10.281179 -6.106491 0.006343 0.000000 -0.000000
 30 6.667689 -19.285315 -6.979965 -0.264476 -0.049424 0.011126
 31 21.613552 5.850674 -6.561752 0.006343 0.000000 0.000000
 32 -0.490767 19.244421 -5.608505 0.006214 0.003216 -0.001004
 33 12.172539 -7.748507 -10.307114 0.006343 0.000000 -0.000000
 34 -12.668403 -7.748507 -10.702652 0.006343 0.000000 -0.000000
 35 -0.490774 14.424879 -10.375061 0.006233 0.003357 -0.000138
time 26
  0 0.768169 -0.850492 1.544617 0.000000 -0.000000 0.000000
  1 0.768169 -0.850492 1.544617 0.000000 -0.000000 0.000000
  2 0.984829 -7.246327 246.548599 0.000000 -0.000000 0.000000
  3 0.998367 -3.471023 1.599335 0.000000 -0.000000 0.000000
  4 0.998364 -2.459151 206.401703 -0.106924 -0.015135 -0.166339
  5 -11.802610 0.277813 -45.319946 0.444655 0.000373 -0.007355
  6 -0.797637 4.276016 -49.223640 0.488040 0.008093 -0.207771
  7 -0.000015 0.000000 -7.282917 0.000000 -0.000000 0.000000
  8 11.803270 0.236654 -45.319962 0.990213 -0.007930 0.013496
  9 0.812342 4.273239 -49.223557 0.331228 0.005868 0.254585
 10 0.000000 -0.000015 -7.282925 0.000000 -0.000000 0.000000
 11 -0.003362 0.030378 10.833191 -0.178986 -0.000956 0.112702
 12 -16.431311 3.246387 32.898773 -1.008629 0.194764 -0.160373
 13 -12.321594 -2.201935 -17.125473 -0.273275 0.009161 0.199625
 14 -13.252190 -2.413330 -18.422241 0.000000 -0.000355 -0.000000
 15 -3.868660 -0.832962 -6.257851 0.000000 -0.000000 0.000000
 16 -37.279175 -5.051163 -38.191154 0.000000 -0.000000 0.000000
 17 -3.806084 -1.056396 -7.595869 0.000000 -0.000000 0.000000
 18 16.442675 3.189075 32.898758 -0.926260 -0.240382 0.051727
 19 12.313782 -2.244888 -17.125641 0.000000 -0.000000 0.000000
 20 13.243645 -2.459503 -18.422226 0.013164 -0.002320 -0.018286
 21 4.038895 -0.928101 -8.488213 0.000000 -0.000000 0.000000
 22 -0.000700 -0.454948 46.067276 0.751023 0.008702 -0.089990
 23 -0.489968 22.757866 18.762009 0.000000 -0.000000 0.000000
 24 0.260422 -19.713501 -182.090988 0.000000 -0.000000 0.000000
 25 -16.518959 9.856468 11.602493 0.000000 -0.000000 0.000000
 26 12.687088 8.730812 11.181000 0.000000 -0.000000 0.000000
 27 -0.009705 -4.696526 26.699982 0.000000 -0.000000 0.000000
 28 -0.000042 -0.005966 23.601608 0.000000 -0.000000 0.000000
 29 -21.531237 -10.281179 -6.106506 0.006990 0.000000 0.000000
 30 6.667689 -19.285318 -6.979965 -0.264139 -0.049366 0.011123
 31 21.613548 5.850676 -6.561752 0.006990 -0.000000 0.000000
 32 -0.490766 19.244425 -5.608505 0.006848 0.003544 -0.001106
 33 12.172537 -7.748507 -10.307114 0.006990 0.000000 0.000000
 34 -12.668398 -7.748507 -10.702652 0.006990 -0.000000 0.000000
 35 -0.490774 14.424880 -10.375046 0.006869 0.003700 -0.000152
time 27
  0 0.768169 -0.850492 1.544617 0.000000 -0.000000 0.000000
  1 0.768169 -0.850492 1.544617 0.000000 -0.000000 0.000000
  2 0.984829 -7.246327 246.548599 0.000000 -0.000000 0.000000
  3 0.998367 -3.471023 1.599335 0.000000 -0.000000 0.000000
  4 0.998364 -2.455426 205.947922 -0.106963 -0.014831 -0.161686
  5 -11.802613 0.277813 -45.319946 0.446121 0.000380 -0.007379
  6 -0.797641 4.276016 -49.223648 0.487281 0.008054 -0.207753
  7 -0.000015 -0.000008 -7.282921 0.000000 -0.000000 0.000000
  8 11.803270 0.236652 -45.319962 0.990213 -0.007930 0.013496
  9 0.812338 4.273224 -49.223557 0.331629 0.005680 0.254579
 10 0.000008 0.000000 -7.282923 0.000000 -0.000000 0.000000
 11 -0.003404 0.030380 10.833221 -0.177839 -0.000843 0.114001
 12 -16.431311 3.246395 32.898758 -1.020816 0.204201 -0.194754
 13 -12.321598 -2.201920 -17.125473 -0.260871 0.007539 0.190749
 14 -13.252190 -2.413300 -18.422237 -0.000000 -0.000362 0.000000
 15 -3.868652 -0.832962 -6.257849 0.000000 -0.000000 0.000000
 16 -37.279175 -5.051178 -38.191147 0.000000 -0.000000 0.000000
 17 -3.806091 -1.056427 -7.595869 0.000000 -0.000000 0.000000
 18 16.442675 3.189075 32.898758 -0.949699 -0.240403 0.083536
 19 12.313789 -2.244888 -17.125633 0.000000 -0.000000 0.000000
 20 13.243645 -2.459518 -18.422226 0.012910 -0.002278 -0.017937
 21 4.038895 -0.928101 -8.488205 0.000000 -0.000000 0.000000
 22 -0.000700 -0.454952 46.067245 0.754470 0.008706 -0.091292
 23 -0.489969 22.757858 18.761993 0.000000 -0.000000 0.000000
 24 0.260401 -19.713501 -182.090973 0.000000 -0.000000 0.000000
 25 -16.518963 9.856476 11.602478 0.000000 -0.000000 0.000000
 26 12.687088 8.730804 11.180969 0.000000 -0.000000 0.000000
 27 -0.009700 -4.696510 26.699997 0.000000 -0.000000 0.000000
 28 -0.000042 -0.005974 23.601593 0.000000 -0.000000 0.000000
 29 -21.531240 -10.281179 -6.106491 0.007664 0.000000 0.000000
 30 6.667691 -19.285318 -6.979965 -0.263581 -0.049270 0.011119
 31 21.613546 5.850670 -6.561737 0.007664 -0.000000 0.000000
 32 -0.490768 19.244425 -5.608505 0.007508 0.003886 -0.001213
 33 12.172539 -7.748507 -10.307098 0.007664 0.000000 -0.000000
 34 -12.668400 -7.748505 -10.702637 0.007664 -0.000000 -0.000000
 35 -0.490775 14.424882 -10.375061 0.007531 0.004056 -0.000167
time 28
  0 0.768169 -0.850492 1.544617 0.000000 -0.000000 0.000000
  1 0.768169 -0.850492 1.544617 0.000000 -0.000000 0.000000
  2 0.984829 -7.246327 246.548599 0.000000 -0.000000 0.000000
  3 0.998367 -3.471023 1.599335 0.000000 -0.000000 0.000000
  4 0.998364 -2.455505 205.486084 -0.106991 -0.014525 -0.157051
  5 -11.802612 0.277817 -45.319931 0.447565 0.000386 -0.007402
  6 -0.797638 4.276024 -49.223633 0.486579 0.008025 -0.207754
  7 -0.000013 -0.000008 -7.282917 0.000000 -0.000000 0.000000
  8 11.803268 0.236656 -45.319946 0.989971 -0.007927 0.013494
  9 0.812338 4.273224 -49.223564 0.332095 0.005481 0.254581
 10 0.000000 0.000000 -7.282927 0.000000 -0.000000 0.000000
 11 -0.003446 0.030384 10.833282 -0.176631 -0.000730 0.115321
 12 -16.431307 3.246384 32.898773 -1.033350 0.213091 -0.229048
 13 -12.321594 -2.201935 -17.125473 -0.248607 0.006013 0.181898
 14 -13.252190 -2.413315 -18.422237 -0.000000 -0.000369 -0.000000
 15 -3.868652 -0.832947 -6.257849 0.000000 -0.000000 0.000000
 16 -37.279175 -5.051178 -38.191147 0.000000 -0.000000 0.000000
 17 -3.806091 -1.056412 -7.595873 0.000000 -0.000000 0.000000
 18 16.442671 3.189068 32.898773 -0.972687 -0.239578 0.114825
 19 12.313782 -2.244888 -17.125633 0.000000 -0.000000 0.000000
 20 13.243645 -2.459518 -18.422222 0.012663 -0.002237 -0.017595
 21 4.038887 -0.928085 -8.488216 0.000000 -0.000000 0.000000
 22 -0.000700 -0.454948 46.067245 0.757832 0.008705 -0.092598
 23 -0.489969 22.757874 18.761993 0.000000 -0.000000 0.000000
 24 0.260408 -19.713470 -182.090927 0.000000 -0.000000 0.000000
 25 -16.518959 9.856476 11.602509 0.000000 -0.000000 0.000000
 26 12.687087 8.730820 11.181000 0.000000 -0.000000 0.000000
 27 -0.009702 -4.696533 26.699982 0.000000 -0.000000 0.000000
 28 -0.000042 -0.005974 23.601593 0.000000 -0.000000 0.000000
 29 -21.531235 -10.281178 -6.106491 0.008363 0.000000 0.000000
 30 6.667690 -19.285316 -6.979950 -0.262809 -0.049138 0.011112
 31 21.613546 5.850674 -6.561737 0.008363 -0.000000 0.000000
 32 -0.490767 19.244429 -5.608490 0.008193 0.004240 -0.001323
 33 12.172535 -7.748505 -10.307083 0.008363 0.000000 0.000000
 34 -12.668400 -7.748501 -10.702652 0.008363 0.000000 0.000000
 35 -0.490774 14.424883 -10.375046 0.008218 0.004426 -0.000182
time 29
  0 0.768169 -0.850492 1.544617 0.000000 -0.000000 0.000000
  1 0.768169 -0.850492 1.544617 0.000000 -0.000000 0.000000
  2 0.984829 -7.246327 246.548599 0.000000 -0.000000 0.000000
  3 0.998367 -3.471023 1.599335 0.000000 -0.000000 0.000000
  4 0.998364 -2.456030 205.012741 -0.107010 -0.014213 -0.152366
  5 -11.802617 0.277817 -45.319946 0.448978 0.000393 -0.007424
  6 -0.797639 4.276009 -49.223648 0.485937 0.008001 -0.207757
  7 -0.000013 -0.000008 -7.282917 0.000000 -0.000000 0.000000
  8 11.803272 0.236652 -45.319931 0.989194 -0.007916 0.013488
  9 0.812338 4.273224 -49.223568 0.332617 0.005269 0.254588
 10 0.000004 0.000008 -7.282923 0.000000 -0.000000 0.000000
 11 -0.003488 0.030386 10.833313 -0.175357 -0.000617 0.116666
 12 -16.431314 3.246387 32.898773 -1.046478 0.221618 -0.263516
 13 -12.321602 -2.201904 -17.125465 -0.236390 0.004567 0.173011
 14 -13.252197 -2.413315 -18.422234 -0.000000 -0.000377 0.000000
 15 -3.868652 -0.832962 -6.257847 0.000000 -0.000000 0.000000
 16 -37.279175 -5.051163 -38.191132 0.000000 -0.000000 0.000000
 17 -3.806091 -1.056412 -7.595865 0.000000 -0.000000 0.000000
 18 16.442677 3.189068 32.898758 -0.995663 -0.236901 0.146064
 19 12.313797 -2.244888 -17.125637 0.000000 -0.000000 0.000000
 20 13.243652 -2.459518 -18.422222 0.012398 -0.002194 -0.017228
 21 4.038902 -0.928101 -8.488216 0.000000 -0.000000 0.000000
 22 -0.000700 -0.454952 46.067261 0.761120 0.008701 -0.093910
 23 -0.489970 22.757858 18.761993 0.000000 -0.000000 0.000000
 24 0.260406 -19.713501 -182.090912 0.000000 -0.000000 0.000000
 25 -16.518965 9.856476 11.602509 0.000000 -0.000000 0.000000
 26 12.687091 8.730804 11.181000 0.000000 -0.000000 0.000000
 27 -0.009701 -4.696518 26.699997 0.000000 -0.000000 0.000000
 28 -0.000042 -0.005970 23.601578 0.000000 -0.000000 0.000000
 29 -21.531244 -10.281178 -6.106476 0.009087 0.000000 -0.000000
 30 6.667690 -19.285316 -6.979950 -0.261827 -0.048969 0.011104
 31 21.613554 5.850674 -6.561737 0.009087 -0.000000 -0.000000
 32 -0.490768 19.244425 -5.608490 0.008902 0.004607 -0.001438
 33 12.172541 -7.748503 -10.307098 0.009087 0.000000 -0.000000
 34 -12.668404 -7.748501 -10.702652 0.009087 0.000000 -0.000000
 35 -0.490774 14.424880 -10.375046 0.008930 0.004809 -0.000198
time 30
  0 0.768169 -0.850492 1.544617 0.000000 -0.000000 0.000000
  1 0.768169 -0.850492 1.544617 0.000000 -0.000000 0.000000
  2 0.984829 -7.246327 246.548599 0.000000 -0.000000 0.000000
  3 0.998367 -3.471023 1.599335 0.000000 -0.000000 0.000000
  4 0.998364 -2.457232 204.530579 -0.107023 -0.013895 -0.147657
  5 -11.802613 0.277817 -45.319962 0.450359 0.000399 -0.007445
  6 -0.797636 4.276016 -49.223663 0.485346 0.007982 -0.207763
  7 -0.000011 0.000000 -7.282913 0.000000 -0.000000 0.000000
  8 11.803269 0.236654 -45.319931 0.987963 -0.007900 0.013479
  9 0.812340 4.273216 -49.223568 0.333194 0.005042 0.254603
 10 0.000000 0.000008 -7.282919 0.000000 -0.000000 0.000000
 11 -0.003531 0.030388 10.833344 -0.174026 -0.000503 0.118034
 12 -16.431313 3.246387 32.898758 -1.060083 0.229722 -0.298049
 13 -12.321594 -2.201935 -17.125469 -0.224244 0.003215 0.164120
 14 -13.252197 -2.413300 -18.422239 -0.000000 -0.000384 0.000000
 15 -3.868652 -0.832977 -6.257851 0.000000 -0.000000 0.000000
 16 -37.279182 -5.051163 -38.191154 0.000000 -0.000000 0.000000
 17 -3.806091 -1.056412 -7.595869 0.000000 -0.000000 0.000000
 18 16.442678 3.189068 32.898758 -1.018537 -0.232615 0.177140
 19 12.313789 -2.244858 -17.125641 0.000000 -0.000000 0.000000
 20 13.243645 -2.459518 -18.422222 0.012120 -0.002148 -0.016842
 21 4.038895 -0.928116 -8.488209 0.000000 -0.000000 0.000000
 22 -0.000699 -0.454945 46.067230 0.764313 0.008693 -0.095230
 23 -0.489969 22.757874 18.762009 0.000000 -0.000000 0.000000
 24 0.260404 -19.713516 -182.090942 0.000000 -0.000000 0.000000
 25 -16.518959 9.856476 11.602524 0.000000 -0.000000 0.000000
 26 12.687087 8.730804 11.181000 0.000000 -0.000000 0.000000
 27 -0.009702 -4.696518 26.700012 0.000000 -0.000000 0.000000
 28 -0.000041 -0.005974 23.601578 0.000000 -0.000000 0.000000
 29 -21.531239 -10.281179 -6.106491 0.009836 0.000000 -0.000000
 30 6.667688 -19.285318 -6.979965 -0.260639 -0.048765 0.011094
 31 21.613548 5.850676 -6.561737 0.009835 0.000000 0.000000
 32 -0.490767 19.244429 -5.608490 0.009636 0.004987 -0.001556
 33 12.172538 -7.748505 -10.307098 0.009836 0.000000 0.000000
 34 -12.668402 -7.748505 -10.702652 0.009835 0.000000 0.000000
 35 -0.490774 14.424884 -10.375061 0.009665 0.005206 -0.000214
time 31
  0 0.768169 -0.850492 1.544617 0.000000 -0.000000 0.000000
  1 0.768169 -0.850492 1.544617 0.000000 -0.000000 0.000000
  2 0.984829 -7.246327 246.548599 0.000000 -0.000000 0.000000
  3 0.998367 -3.471023 1.599335 0.000000 -0.000000 0.000000
  4 0.998364 -2.459371 204.042267 -0.107031 -0.013575 -0.142946
  5 -11.802614 0.277815 -45.319946 0.451707 0.000405 -0.007465
  6 -0.797639 4.276012 -49.223648 0.484795 0.007967 -0.207769
  7 -0.000011 -0.000015 -7.282913 0.000000 -0.000000 0.000000
  8 11.803268 0.236654 -45.319946 0.986362 -0.007879 0.013467
  9 0.812336 4.273201 -49.223557 0.333824 0.004800 0.254626
 10 0.000004 -0.000008 -7.282927 0.000000 -0.000000 0.000000
 11 -0.003574 0.030392 10.833389 -0.172645 -0.000388 0.119421
 12 -16.431311 3.246387 32.898773 -1.074043 0.237339 -0.332537
 13 -12.321602 -2.201920 -17.125473 -0.212197 0.001976 0.155257
 14 -13.252197 -2.413315 -18.422230 -0.000000 -0.000392 -0.000000
 15 -3.868660 -0.832977 -6.257843 0.000000 -0.000000 0.000000
 16 -37.279182 -5.051132 -38.191139 0.000000 -0.000000 0.000000
 17 -3.806099 -1.056427 -7.595860 0.000000 -0.000000 0.000000
 18 16.442677 3.189068 32.898743 -1.041216 -0.226966 0.207938
 19 12.313789 -2.244873 -17.125633 0.000000 -0.000000 0.000000
 20 13.243652 -2.459518 -18.422234 0.011833 -0.002101 -0.016444
 21 4.038902 -0.928101 -8.488209 0.000000 -0.000000 0.000000
 22 -0.000698 -0.454948 46.067245 0.767391 0.008680 -0.096560
 23 -0.489967 22.757874 18.762024 0.000000 -0.000000 0.000000
 24 0.260393 -19.713547 -182.090988 0.000000 -0.000000 0.000000
 25 -16.518957 9.856461 11.602493 0.000000 -0.000000 0.000000
 26 12.687088 8.730820 11.181015 0.000000 -0.000000 0.000000
 27 -0.009699 -4.696518 26.699982 0.000000 -0.000000 0.000000
 28 -0.000041 -0.005974 23.601578 0.000000 -0.000000 0.000000
 29 -21.531235 -10.281178 -6.106506 0.010607 0.000000 -0.000000
 30 6.667688 -19.285313 -6.979950 -0.259251 -0.048527 0.011083
 31 21.613546 5.850672 -6.561737 0.010607 -0.000000 0.000000
 32 -0.490767 19.244421 -5.608490 0.010392 0.005378 -0.001678
 33 12.172535 -7.748503 -10.307098 0.010607 0.000000 0.000000
 34 -12.668400 -7.748501 -10.702652 0.010607 0.000000 -0.000000
 35 -0.490774 14.424881 -10.375046 0.010424 0.005614 -0.000231
time 32
  0 0.768169 -0.850492 1.544617 0.000000 -0.000000 0.000000
  1 0.768169 -0.850492 1.544617 0.000000 -0.000000 0.000000
  2 0.984829 -7.246327 246.548599 0.000000 -0.000000 0.000000
  3 0.998367 -3.471023 1.599335 0.000000 -0.000000 0.000000
  4 0.998364 -2.462705 203.550522 -0.107035 -0.013254 -0.138258
  5 -11.802616 0.277813 -45.319946 0.453022 0.000411 -0.007484
  6 -0.797637 4.276009 -49.223656 0.484275 0.007956 -0.207777
  7 -0.000013 -0.000008 -7.282913 0.000000 -0.000000 0.000000
  8 11.803272 0.236652 -45.319946 0.984474 -0.007854 0.013453
  9 0.812342 4.273209 -49.223564 0.334504 0.004544 0.254659
 10 0.000004 0.000008 -7.282921 0.000000 -0.000000 0.000000
 11 -0.003618 0.030392 10.833420 -0.171222 -0.000272 0.120825
 12 -16.431313 3.246387 32.898758 -1.088237 0.244408 -0.366867
 13 -12.321609 -2.201935 -17.125477 -0.200274 0.000864 0.146454
 14 -13.252197 -2.413315 -18.422241 -0.000000 -0.000399 -0.000000
 15 -3.868652 -0.832962 -6.257851 0.000000 -0.000000 0.000000
 16 -37.279190 -5.051147 -38.191162 0.000000 -0.000000 0.000000
 17 -3.806107 -1.056427 -7.595873 0.000000 -0.000000 0.000000
 18 16.442675 3.189072 32.898758 -1.063609 -0.220205 0.238342
 19 12.313797 -2.244888 -17.125641 0.000000 -0.000000 0.000000
 20 13.243645 -2.459518 -18.422228 0.011542 -0.002053 -0.016040
 21 4.038895 -0.928116 -8.488216 0.000000 -0.000000 0.000000
 22 -0.000700 -0.454960 46.067261 0.770331 0.008661 -0.097900
 23 -0.489969 22.757858 18.761993 0.000000 -0.000000 0.000000
 24 0.260413 -19.713531 -182.090927 0.000000 -0.000000 0.000000
 25 -16.518965 9.856461 11.602509 0.000000 -0.000000 0.000000
 26 12.687090 8.730804 11.180984 0.000000 -0.000000 0.000000
 27 -0.009703 -4.696533 26.699982 0.000000 -0.000000 0.000000
 28 -0.000042 -0.005974 23.601578 0.000000 -0.000000 0.000000
 29 -21.531242 -10.281179 -6.106506 0.011402 0.000000 -0.000000
 30 6.667690 -19.285315 -6.979965 -0.257668 -0.048256 0.011069
 31 21.613552 5.850672 -6.561752 0.011402 -0.000000 -0.000000
 32 -0.490767 19.244421 -5.608490 0.011170 0.005781 -0.001804
 33 12.172539 -7.748507 -10.307098 0.011402 0.000000 -0.000000
 34 -12.668402 -7.748507 -10.702667 0.011402 0.000000 -0.000000
 35 -0.490774 14.424878 -10.375061 0.011204 0.006035 -0.000248
time 33
  0 0.768169 -0.850492 1.544617 0.000000 -0.000000 0.000000
  1 0.768169 -0.850492 1.544617 0.000000 -0.000000 0.000000
  2 0.984829 -7.246327 246.548599 0.000000 -0.000000 0.000000
  3 0.998367 -3.471023 1.599335 0.000000 -0.000000 0.000000
  4 0.998364 -2.467494 203.058029 -0.107038 -0.012936 -0.133617
  5 -11.802611 0.277813 -45.319946 0.454301 0.000417 -0.007503
  6 -0.797634 4.276009 -49.223640 0.483774 0.007949 -0.207784
  7 -0.000013 0.000000 -7.282913 0.000000 -0.000000 0.000000
  8 11.803271 0.236652 -45.319946 0.982385 -0.007826 0.013437
  9 0.812342 4.273216 -49.223549 0.335235 0.004272 0.254705
 10 0.000008 0.000000 -7.282923 0.000000 -0.000000 0.000000
 11 -0.003662 0.030392 10.833481 -0.169765 -0.000155 0.122244
 12 -16.431311 3.246391 32.898758 -1.102543 0.250865 -0.400929
 13 -12.321598 -2.201935 -17.125477 -0.188503 -0.000103 0.137743
 14 -13.252197 -2.413315 -18.422241 0.000000 -0.000406 -0.000000
 15 -3.868645 -0.832977 -6.257847 0.000000 -0.000000 0.000000
 16 -37.279198 -5.051178 -38.191154 0.000000 -0.000000 0.000000
 17 -3.806084 -1.056427 -7.595863 0.000000 -0.000000 0.000000
 18 16.442673 3.189075 32.898758 -1.085620 -0.212581 0.268234
 19 12.313789 -2.244888 -17.125629 0.000000 -0.000000 0.000000
 20 13.243645 -2.459503 -18.422232 0.011251 -0.002005 -0.015635
 21 4.038895 -0.928116 -8.488216 0.000000 -0.000000 0.000000
 22 -0.000701 -0.454945 46.067245 0.773113 0.008635 -0.099253
 23 -0.489969 22.757874 18.761993 0.000000 -0.000000 0.000000
 24 0.260424 -19.713516 -182.090942 0.000000 -0.000000 0.000000
 25 -16.518963 9.856461 11.602509 0.000000 -0.000000 0.000000
 26 12.687091 8.730820 11.181000 0.000000 -0.000000 0.000000
 27 -0.009704 -4.696503 26.700012 0.000000 -0.000000 0.000000
 28 -0.000042 -0.005974 23.601593 0.000000 -0.000000 0.000000
 29 -21.531239 -10.281178 -6.106491 0.012219 0.000000 -0.000000
 30 6.667688 -19.285313 -6.979965 -0.255894 -0.047951 0.011054
 31 21.613546 5.850670 -6.561737 0.012219 -0.000000 0.000000
 32 -0.490766 19.244421 -5.608490 0.011970 0.006195 -0.001933
 33 12.172537 -7.748507 -10.307083 0.012219 0.000000 -0.000000
 34 -12.668402 -7.748505 -10.702637 0.012219 0.000000 -0.000000
 35 -0.490773 14.424879 -10.375061 0.012007 0.006467 -0.000266
time 34
  0 0.768169 -0.850492 1.544617 0.000000 -0.000000 0.000000
  1 0.768169 -0.850492 1.544617 0.000000 -0.000000 0.000000
  2 0.984829 -7.246327 246.548599 0.000000 -0.000000 0.000000
  3 0.998367 -3.471023 1.599335 0.000000 -0.000000 0.000000
  4 0.998364 -2.473997 202.567520 -0.107041 -0.012623 -0.129047
  5 -11.802613 0.277813 -45.319946 0.455545 0.000422 -0.007521
  6 -0.797634 4.276009 -49.223648 0.483284 0.007943 -0.207791
  7 -0.000011 -0.000008 -7.282921 0.000000 -0.000000 0.000000
  8 11.803271 0.236652 -45.319946 0.980177 -0.007796 0.013419
  9 0.812342 4.273224 -49.223557 0.336013 0.003984 0.254764
 10 0.000008 0.000000 -7.282917 0.000000 -0.000000 0.000000
 11 -0.003707 0.030396 10.833542 -0.168282 -0.000037 0.123673
 12 -16.431311 3.246387 32.898758 -1.116840 0.256648 -0.434611
 13 -12.321602 -2.201935 -17.125469 -0.176911 -0.000910 0.129158
 14 -13.252197 -2.413330 -18.422234 -0.000000 -0.000413 -0.000000
 15 -3.868652 -0.832947 -6.257847 0.000000 -0.000000 0.000000
 16 -37.279182 -5.051178 -38.191151 0.000000 -0.000000 0.000000
 17 -3.806084 -1.056427 -7.595863 0.000000 -0.000000 0.000000
 18 16.442675 3.189072 32.898773 -1.107159 -0.204342 0.297500
 19 12.313789 -2.244904 -17.125637 0.000000 -0.000000 0.000000
 20 13.243645 -2.459503 -18.422226 0.010964 -0.001958 -0.015236
 21 4.038895 -0.928085 -8.488213 0.000000 -0.000000 0.000000
 22 -0.000700 -0.454952 46.067245 0.775716 0.008600 -0.100620
 23 -0.489968 22.757858 18.762009 0.000000 -0.000000 0.000000
 24 0.260422 -19.713501 -182.090958 0.000000 -0.000000 0.000000
 25 -16.518961 9.856461 11.602493 0.000000 -0.000000 0.000000
 26 12.687090 8.730804 11.181000 0.000000 -0.000000 0.000000
 27 -0.009706 -4.696533 26.699997 0.000000 -0.000000 0.000000
 28 -0.000042 -0.005974 23.601593 0.000000 -0.000000 0.000000
 29 -21.531239 -10.281179 -6.106491 0.013057 0.000000 0.000000
 30 6.667688 -19.285315 -6.979950 -0.253933 -0.047615 0.011037
 31 21.613548 5.850674 -6.561737 0.013057 -0.000000 0.000000
 32 -0.490765 19.244421 -5.608490 0.012791 0.006620 -0.002066
 33 12.172537 -7.748503 -10.307098 0.013057 0.000000 0.000000
 34 -12.668400 -7.748507 -10.702637 0.013057 0.000000 0.000000
 35 -0.490772 14.424878 -10.375046 0.012831 0.006911 -0.000284
time 35
  0 0.768169 -0.850492 1.544617 0.000000 -0.000000 0.000000
  1 0.768169 -0.850492 1.544617 0.000000 -0.000000 0.000000
  2 0.984829 -7.246327 246.548599 0.000000 -0.000000 0.000000
  3 0.998367 -3.471023 1.599335 0.000000 -0.000000 0.000000
  4 0.998364 -2.482472 202.081665 -0.107046 -0.012317 -0.124572
  5 -11.802615 0.277817 -45.319946 0.456752 0.000428 -0.007539
  6 -0.797637 4.276016 -49.223640 0.482794 0.007940 -0.207798
  7 -0.000011 -0.000008 -7.282913 0.000000 -0.000000 0.000000
  8 11.803271 0.236654 -45.319946 0.977935 -0.007765 0.013401
  9 0.812340 4.273216 -49.223557 0.336837 0.003679 0.254839
 10 0.000000 0.000008 -7.282925 0.000000 -0.000000 0.000000
 11 -0.003752 0.030399 10.833572 -0.166781 0.000081 0.125112
 12 -16.431311 3.246391 32.898773 -1.131006 0.261694 -0.467801
 13 -12.321602 -2.201920 -17.125471 -0.165524 -0.001539 0.120730
 14 -13.252197 -2.413300 -18.422234 0.000000 -0.000420 -0.000000
 15 -3.868652 -0.832962 -6.257847 0.000000 -0.000000 0.000000
 16 -37.279190 -5.051178 -38.191139 0.000000 -0.000000 0.000000
 17 -3.806091 -1.056427 -7.595867 0.000000 -0.000000 0.000000
 18 16.442675 3.189075 32.898773 -1.128132 -0.195738 0.326022
 19 12.313782 -2.244873 -17.125633 0.000000 -0.000000 0.000000
 20 13.243637 -2.459518 -18.422226 0.010687 -0.001911 -0.014850
 21 4.038895 -0.928101 -8.488213 0.000000 -0.000000 0.000000
 22 -0.000699 -0.454948 46.067245 0.778119 0.008555 -0.102003
 23 -0.489967 22.757858 18.762009 0.000000 -0.000000 0.000000
 24 0.260412 -19.713470 -182.090973 0.000000 -0.000000 0.000000
 25 -16.518959 9.856476 11.602509 0.000000 -0.000000 0.000000
 26 12.687090 8.730804 11.180984 0.000000 -0.000000 0.000000
 27 -0.009703 -4.696533 26.699997 0.000000 -0.000000 0.000000
 28 -0.000041 -0.005970 23.601593 0.000000 -0.000000 0.000000
 29 -21.531239 -10.281178 -6.106491 0.013916 0.000000 -0.000000
 30 6.667689 -19.285313 -6.979950 -0.251791 -0.047247 0.011019
 31 21.613550 5.850674 -6.561752 0.013916 0.000000 0.000000
 32 -0.490767 19.244425 -5.608505 0.013633 0.007055 -0.002202
 33 12.172537 -7.748505 -10.307098 0.013916 0.000000 0.000000
 34 -12.668403 -7.748501 -10.702667 0.013916 0.000000 -0.000000
 35 -0.490774 14.424882 -10.375061 0.013675 0.007365 -0.000303
time 36
  0 0.768169 -0.850492 1.544617 0.000000 -0.000000 0.000000
  1 0.768169 -0.850492 1.544617 0.000000 -0.000000 0.000000
  2 0.984829 -7.246327 246.548599 0.000000 -0.000000 0.000000
  3 0.998367 -3.471023 1.599335 0.000000 -0.000000 0.000000
  4 0.998364 -2.493179 201.603165 -0.107055 -0.012020 -0.120216
  5 -11.802614 0.277815 -45.319946 0.457922 0.000433 -0.007557
  6 -0.797638 4.276012 -49.223648 0.482293 0.007939 -0.207802
  7 -0.000011 -0.000008 -7.282913 0.000000 -0.000000 0.000000
  8 11.803271 0.236652 -45.319946 0.975742 -0.007735 0.013382
  9 0.812336 4.273209 -49.223560 0.337706 0.003358 0.254930
 10 0.000008 0.000000 -7.282923 0.000000 -0.000000 0.000000
 11 -0.003797 0.030399 10.833618 -0.165269 0.000200 0.126556
 12 -16.431316 3.246391 32.898773 -1.144921 0.265941 -0.500389
 13 -12.321602 -2.201904 -17.125475 -0.154368 -0.001975 0.112491
 14 -13.252190 -2.413315 -18.422235 -0.000000 -0.000427 -0.000000
 15 -3.868652 -0.832947 -6.257845 0.000000 -0.000000 0.000000
 16 -37.279175 -5.051147 -38.191147 0.000000 -0.000000 0.000000
 17 -3.806091 -1.056412 -7.595865 0.000000 -0.000000 0.000000
 18 16.442677 3.189068 32.898773 -1.148446 -0.187019 0.353686
 19 12.313797 -2.244873 -17.125645 0.000000 -0.000000 0.000000
 20 13.243649 -2.459518 -18.422230 0.010423 -0.001867 -0.014482
 21 4.038895 -0.928101 -8.488216 0.000000 -0.000000 0.000000
 22 -0.000701 -0.454952 46.067291 0.780301 0.008500 -0.103402
 23 -0.489969 22.757874 18.762009 0.000000 -0.000000 0.000000
 24 0.260412 -19.713562 -182.090958 0.000000 -0.000000 0.000000
 25 -16.518963 9.856476 11.602509 0.000000 -0.000000 0.000000
 26 12.687091 8.730804 11.180984 0.000000 -0.000000 0.000000
 27 -0.009703 -4.696518 26.699982 0.000000 -0.000000 0.000000
 28 -0.000042 -0.005970 23.601593 0.000000 -0.000000 0.000000
 29 -21.531240 -10.281176 -6.106491 0.014795 0.000000 0.000000
 30 6.667692 -19.285318 -6.979950 -0.249473 -0.046850 0.010999
 31 21.613550 5.850672 -6.561737 0.014794 -0.000000 0.000000
 32 -0.490768 19.244421 -5.608490 0.014494 0.007501 -0.002341
 33 12.172539 -7.748505 -10.307098 0.014795 0.000000 0.000000
 34 -12.668402 -7.748503 -10.702652 0.014795 -0.000000 0.000000
 35 -0.490775 14.424878 -10.375046 0.014538 0.007830 -0.000322
time 37
  0 0.768169 -0.850492 1.544617 0.000000 -0.000000 0.000000
  1 0.768169 -0.850492 1.544617 0.000000 -0.000000 0.000000
  2 0.984829 -7.246327 246.548599 0.000000 -0.000000 0.000000
  3 0.998367 -3.471023 1.599335 0.000000 -0.000000 0.000000
  4 0.998364 -2.506377 201.134750 -0.107068 -0.011735 -0.116004
  5 -11.802614 0.277815 -45.319962 0.459054 0.000438 -0.007575
  6 -0.797638 4.276020 -49.223648 0.481773 0.007938 -0.207805
  7 -0.000013 0.000008 -7.282906 0.000000 -0.000000 0.000000
  8 11.803272 0.236654 -45.319962 0.973683 -0.007706 0.013364
  9 0.812338 4.273224 -49.223564 0.338617 0.003019 0.255040
 10 0.000004 0.000000 -7.282925 0.000000 -0.000000 0.000000
 11 -0.003842 0.030403 10.833664 -0.163755 0.000319 0.128004
 12 -16.431314 3.246387 32.898758 -1.158462 0.269325 -0.532263
 13 -12.321606 -2.201920 -17.125481 -0.143471 -0.002200 0.104475
 14 -13.252197 -2.413284 -18.422245 -0.000000 -0.000434 -0.000000
 15 -3.868652 -0.832977 -6.257849 0.000000 -0.000000 0.000000
 16 -37.279190 -5.051163 -38.191154 0.000000 -0.000000 0.000000
 17 -3.806091 -1.056427 -7.595869 0.000000 -0.000000 0.000000
 18 16.442678 3.189068 32.898773 -1.168009 -0.178432 0.380375
 19 12.313797 -2.244873 -17.125641 0.000000 -0.000000 0.000000
 20 13.243645 -2.459534 -18.422230 0.010176 -0.001826 -0.014140
 21 4.038895 -0.928101 -8.488216 0.000000 -0.000000 0.000000
 22 -0.000701 -0.454956 46.067276 0.782241 0.008433 -0.104820
 23 -0.489969 22.757874 18.761993 0.000000 -0.000000 0.000000
 24 0.260418 -19.713501 -182.090958 0.000000 -0.000000 0.000000
 25 -16.518965 9.856476 11.602509 0.000000 -0.000000 0.000000
 26 12.687090 8.730835 11.181000 0.000000 -0.000000 0.000000
 27 -0.009704 -4.696533 26.699982 0.000000 -0.000000 0.000000
 28 -0.000042 -0.005970 23.601578 0.000000 -0.000000 0.000000
 29 -21.531239 -10.281174 -6.106506 0.015693 0.000000 -0.000000
 30 6.667690 -19.285316 -6.979950 -0.246983 -0.046423 0.010977
 31 21.613550 5.850672 -6.561737 0.015693 0.000000 -0.000000
 32 -0.490767 19.244423 -5.608490 0.015374 0.007956 -0.002483
 33 12.172539 -7.748505 -10.307098 0.015693 0.000000 -0.000000
 34 -12.668402 -7.748503 -10.702652 0.015693 0.000000 -0.000000
 35 -0.490774 14.424880 -10.375046 0.015421 0.008305 -0.000341
time 38
  0 0.768169 -0.850492 1.544617 0.000000 -0.000000 0.000000
  1 0.768169 -0.850492 1.544617 0.000000 -0.000000 0.000000
  2 0.984829 -7.246327 246.548599 0.000000 -0.000000 0.000000
  3 0.998367 -3.471023 1.599335 0.000000 -0.000000 0.000000
  4 0.998364 -2.522632 200.677338 -0.107088 -0.011462 -0.111941
  5 -11.802614 0.277815 -45.319962 0.460144 0.000443 -0.007593
  6 -0.797640 4.276020 -49.223633 0.481224 0.007939 -0.207805
  7 -0.000013 0.000000 -7.282921 0.000000 -0.000000 0.000000
  8 11.803270 0.236654 -45.319962 0.971816 -0.007679 0.013346
  9 0.812332 4.273224 -49.223572 0.339575 0.002661 0.255172
 10 0.000004 0.000000 -7.282921 0.000000 -0.000000 0.000000
 11 -0.003889 0.030405 10.833710 -0.162243 0.000440 0.129452
 12 -16.431313 3.246395 32.898758 -1.171577 0.271850 -0.563395
 13 -12.321598 -2.201920 -17.125473 -0.132835 -0.002229 0.096691
 14 -13.252197 -2.413300 -18.422234 -0.000000 -0.000440 0.000000
 15 -3.868652 -0.832977 -6.257851 0.000000 -0.000000 0.000000
 16 -37.279175 -5.051132 -38.191143 0.000000 -0.000000 0.000000
 17 -3.806091 -1.056442 -7.595867 0.000000 -0.000000 0.000000
 18 16.442673 3.189068 32.898773 -1.186765 -0.170056 0.406038
 19 12.313789 -2.244873 -17.125641 0.000000 -0.000000 0.000000
 20 13.243649 -2.459534 -18.422234 0.009948 -0.001787 -0.013821
 21 4.038898 -0.928116 -8.488216 0.000000 -0.000000 0.000000
 22 -0.000700 -0.454952 46.067245 0.783918 0.008353 -0.106259
 23 -0.489970 22.757858 18.761993 0.000000 -0.000000 0.000000
 24 0.260398 -19.713486 -182.090942 0.000000 -0.000000 0.000000
 25 -16.518961 9.856476 11.602509 0.000000 -0.000000 0.000000
 26 12.687088 8.730804 11.180984 0.000000 -0.000000 0.000000
 27 -0.009699 -4.696518 26.700012 0.000000 -0.000000 0.000000
 28 -0.000042 -0.005970 23.601593 0.000000 -0.000000 0.000000
 29 -21.531237 -10.281176 -6.106506 0.016609 0.000000 -0.000000
 30 6.667692 -19.285315 -6.979965 -0.244326 -0.045967 0.010954
 31 21.613548 5.850672 -6.561752 0.016609 -0.000000 0.000000
 32 -0.490770 19.244427 -5.608505 0.016271 0.008421 -0.002628
 33 12.172539 -7.748507 -10.307098 0.016609 0.000000 0.000000
 34 -12.668401 -7.748503 -10.702652 0.016609 -0.000000 0.000000
 35 -0.490776 14.424881 -10.375046 0.016321 0.008791 -0.000361
time 39
  0 0.768169 -0.850492 1.544617 0.000000 -0.000000 0.000000
  1 0.768169 -0.850492 1.544617 0.000000 -0.000000 0.000000
  2 0.984829 -7.246327 246.548599 0.000000 -0.000000 0.000000
  3 0.998367 -3.471023 1.599335 0.000000 -0.000000 0.000000
  4 0.998364 -2.544028 200.222610 -0.107113 -0.011194 -0.107939
  5 -11.802615 0.277817 -45.319946 0.461183 0.000448 -0.007611
  6 -0.797639 4.276016 -49.223648 0.480658 0.007948 -0.207802
  7 -0.000015 -0.000008 -7.282917 0.000000 -0.000000 0.000000
  8 11.803272 0.236654 -45.319931 0.970023 -0.007653 0.013328
  9 0.812336 4.273224 -49.223557 0.340608 0.002281 0.255340
 10 0.000008 0.000000 -7.282919 0.000000 -0.000000 0.000000
 11 -0.003935 0.030407 10.833771 -0.160725 0.000563 0.130900
 12 -16.431314 3.246399 32.898758 -1.184591 0.273883 -0.594190
 13 -12.321598 -2.201935 -17.125481 -0.122344 -0.002227 0.089032
 14 -13.252205 -2.413315 -18.422237 -0.000000 -0.000446 0.000000
 15 -3.868645 -0.832962 -6.257847 0.000000 -0.000000 0.000000
 16 -37.279190 -5.051163 -38.191158 0.000000 -0.000000 0.000000
 17 -3.806099 -1.056442 -7.595867 0.000000 -0.000000 0.000000
 18 16.442673 3.189075 32.898758 -1.204885 -0.161069 0.430983
 19 12.313789 -2.244888 -17.125641 0.000000 -0.000000 0.000000
 20 13.243656 -2.459518 -18.422234 0.009712 -0.001746 -0.013492
 21 4.038895 -0.928101 -8.488216 0.000000 -0.000000 0.000000
 22 -0.000702 -0.454948 46.067245 0.785331 0.008262 -0.107729
 23 -0.489971 22.757843 18.761978 0.000000 -0.000000 0.000000
 24 0.260396 -19.713440 -182.090912 0.000000 -0.000000 0.000000
 25 -16.518963 9.856461 11.602493 0.000000 -0.000000 0.000000
 26 12.687089 8.730789 11.180969 0.000000 -0.000000 0.000000
 27 -0.009699 -4.696533 26.699997 0.000000 -0.000000 0.000000
 28 -0.000043 -0.005970 23.601578 0.000000 -0.000000 0.000000
 29 -21.531240 -10.281176 -6.106491 0.017544 0.000000 0.000000
 30 6.667692 -19.285318 -6.979950 -0.241506 -0.045483 0.010929
 31 21.613550 5.850672 -6.561752 0.017544 0.000000 -0.000000
 32 -0.490768 19.244423 -5.608475 0.017187 0.008894 -0.002776
 33 12.172540 -7.748503 -10.307098 0.017544 0.000000 -0.000000
 34 -12.668403 -7.748501 -10.702637 0.017544 0.000000 0.000000
 35 -0.490775 14.424881 -10.375046 0.017240 0.009285 -0.000382
time 40
  0 0.768169 -0.850492 1.544617 0.000000 -0.000000 0.000000
  1 0.768169 -0.850492 1.544617 0.000000 -0.000000 0.000000
  2 0.984829 -7.246327 246.548599 0.000000 -0.000000 0.000000
  3 0.998367 -3.471023 1.599335 0.000000 -0.000000 0.000000
  4 0.998364 -2.571089 199.770126 -0.107142 -0.010930 -0.103999
  5 -11.802614 0.277815 -45.319977 0.462175 0.000452 -0.007630
  6 -0.797639 4.276020 -49.223640 0.480083 0.007965 -0.207796
  7 -0.000011 0.000000 -7.282921 0.000000 -0.000000 0.000000
  8 11.803270 0.236652 -45.319962 0.968254 -0.007626 0.013309
  9 0.812336 4.273209 -49.223560 0.341710 0.001879 0.255537
 10 0.000000 0.000000 -7.282919 0.000000 -0.000000 0.000000
 11 -0.003983 0.030409 10.833786 -0.159193 0.000690 0.132351
 12 -16.431311 3.246387 32.898788 -1.197536 0.275526 -0.624651
 13 -12.321594 -2.201935 -17.125469 -0.112003 -0.002223 0.081496
 14 -13.252190 -2.413315 -18.422234 0.000000 -0.000453 -0.000000
 15 -3.868652 -0.832977 -6.257843 0.000000 -0.000000 0.000000
 16 -37.279175 -5.051147 -38.191147 0.000000 -0.000000 0.000000
 17 -3.806091 -1.056427 -7.595867 0.000000 -0.000000 0.000000
 18 16.442675 3.189072 32.898773 -1.222416 -0.151445 0.455244
 19 12.313784 -2.244888 -17.125633 0.000000 -0.000000 0.000000
 20 13.243645 -2.459518 -18.422228 0.009471 -0.001703 -0.013156
 21 4.038891 -0.928101 -8.488213 0.000000 -0.000000 0.000000
 22 -0.000700 -0.454952 46.067276 0.786501 0.008161 -0.109227
 23 -0.489969 22.757874 18.761993 0.000000 -0.000000 0.000000
 24 0.260406 -19.713501 -182.090942 0.000000 -0.000000 0.000000
 25 -16.518963 9.856476 11.602493 0.000000 -0.000000 0.000000
 26 12.687089 8.730820 11.181000 0.000000 -0.000000 0.000000
 27 -0.009701 -4.696518 26.699982 0.000000 -0.000000 0.000000
 28 -0.000042 -0.005966 23.601593 0.000000 -0.000000 0.000000
 29 -21.531239 -10.281178 -6.106506 0.018495 0.000000 0.000000
 30 6.667689 -19.285320 -6.979965 -0.238530 -0.044972 0.010903
 31 21.613548 5.850674 -6.561752 0.018495 -0.000000 0.000000
 32 -0.490767 19.244423 -5.608505 0.018119 0.009377 -0.002926
 33 12.172537 -7.748505 -10.307114 0.018495 0.000000 0.000000
 34 -12.668401 -7.748505 -10.702667 0.018495 0.000000 0.000000
 35 -0.490774 14.424881 -10.375061 0.018175 0.009789 -0.000402
time 41
  0 0.768169 -0.850492 1.544617 0.000000 -0.000000 0.000000
  1 0.768169 -0.850492 1.544617 0.000000 -0.000000 0.000000
  2 0.984829 -7.246327 246.548599 0.000000 -0.000000 0.000000
  3 0.998367 -3.471023 1.599335 0.000000 -0.000000 0.000000
  4 0.998364 -2.604029 199.321152 -0.107173 -0.010671 -0.100137
  5 -11.802616 0.277811 -45.319931 0.463124 0.000456 -0.007647
  6 -0.797636 4.276031 -49.223656 0.479501 0.007990 -0.207789
  7 -0.000013 0.000008 -7.282917 0.000000 -0.000000 0.000000
  8 11.803274 0.236650 -45.319931 0.966482 -0.007598 0.013289
  9 0.812340 4.273232 -49.223564 0.342869 0.001459 0.255758
 10 0.000008 0.000008 -7.282921 0.000000 -0.000000 0.000000
 11 -0.004030 0.030411 10.833847 -0.157647 0.000818 0.133808
 12 -16.431316 3.246391 32.898743 -1.210379 0.276822 -0.654698
 13 -12.321602 -2.201920 -17.125473 -0.101838 -0.002216 0.074100
 14 -13.252197 -2.413300 -18.422245 0.000000 -0.000459 -0.000000
 15 -3.868652 -0.832962 -6.257851 0.000000 -0.000000 0.000000
 16 -37.279190 -5.051147 -38.191162 0.000000 -0.000000 0.000000
 17 -3.806099 -1.056427 -7.595871 0.000000 -0.000000 0.000000
 18 16.442677 3.189075 32.898758 -1.239369 -0.141327 0.478791
 19 12.313791 -2.244888 -17.125639 0.000000 -0.000000 0.000000
 20 13.243645 -2.459518 -18.422228 0.009233 -0.001661 -0.012822
 21 4.038902 -0.928101 -8.488213 0.000000 -0.000000 0.000000
 22 -0.000700 -0.454945 46.067230 0.787449 0.008049 -0.110745
 23 -0.489969 22.757858 18.761993 0.000000 -0.000000 0.000000
 24 0.260416 -19.713440 -182.090912 0.000000 -0.000000 0.000000
 25 -16.518965 9.856461 11.602493 0.000000 -0.000000 0.000000
 26 12.687090 8.730804 11.180984 0.000000 -0.000000 0.000000
 27 -0.009703 -4.696533 26.699997 0.000000 -0.000000 0.000000
 28 -0.000042 -0.005970 23.601578 0.000000 -0.000000 0.000000
 29 -21.531242 -10.281183 -6.106491 0.019463 0.000000 0.000000
 30 6.667690 -19.285318 -6.979950 -0.235400 -0.044435 0.010875
 31 21.613554 5.850674 -6.561737 0.019463 -0.000000 -0.000000
 32 -0.490767 19.244429 -5.608490 0.019067 0.009868 -0.003079
 33 12.172539 -7.748507 -10.307098 0.019463 0.000000 -0.000000
 34 -12.668404 -7.748507 -10.702637 0.019463 0.000000 -0.000000
 35 -0.490774 14.424883 -10.375031 0.019126 0.010301 -0.000423
time 42
  0 0.768169 -0.850492 1.544617 0.000000 -0.000000 0.000000
  1 0.768169 -0.850492 1.544617 0.000000 -0.000000 0.000000
  2 0.984829 -7.246327 246.548599 0.000000 -0.000000 0.000000
  3 0.998367 -3.471023 1.599335 0.000000 -0.000000 0.000000
  4 0.998364 -2.643063 198.876923 -0.107206 -0.010419 -0.096370
  5 -11.802613 0.277813 -45.319931 0.464038 0.000460 -0.007665
  6 -0.797637 4.276016 -49.223633 0.478920 0.008021 -0.207780
  7 -0.000011 -0.000008 -7.282913 0.000000 -0.000000 0.000000
  8 11.803273 0.236652 -45.319931 0.964677 -0.007570 0.013268
  9 0.812339 4.273224 -49.223557 0.344074 0.001022 0.255993
 10 0.000004 0.000000 -7.282927 0.000000 -0.000000 0.000000
 11 -0.004078 0.030413 10.833893 -0.156082 0.000947 0.135274
 12 -16.431314 3.246391 32.898758 -1.223089 0.277811 -0.684252
 13 -12.321602 -2.201935 -17.125473 -0.091879 -0.002205 0.066862
 14 -13.252205 -2.413315 -18.422245 -0.000000 -0.000466 -0.000000
 15 -3.868652 -0.832977 -6.257851 0.000000 -0.000000 0.000000
 16 -37.279190 -5.051132 -38.191154 0.000000 -0.000000 0.000000
 17 -3.806091 -1.056427 -7.595867 0.000000 -0.000000 0.000000
 18 16.442677 3.189068 32.898758 -1.255757 -0.130857 0.501595
 19 12.313793 -2.244904 -17.125637 0.000000 -0.000000 0.000000
 20 13.243647 -2.459518 -18.422232 0.009003 -0.001620 -0.012501
 21 4.038898 -0.928101 -8.488216 0.000000 -0.000000 0.000000
 22 -0.000701 -0.454956 46.067245 0.788197 0.007928 -0.112279
 23 -0.489970 22.757858 18.761978 0.000000 -0.000000 0.000000
 24 0.260403 -19.713470 -182.090942 0.000000 -0.000000 0.000000
 25 -16.518965 9.856476 11.602509 0.000000 -0.000000 0.000000
 26 12.687090 8.730820 11.181000 0.000000 -0.000000 0.000000
 27 -0.009701 -4.696518 26.699997 0.000000 -0.000000 0.000000
 28 -0.000042 -0.005970 23.601578 0.000000 -0.000000 0.000000
 29 -21.531239 -10.281178 -6.106476 0.020447 0.000000 -0.000000
 30 6.667691 -19.285316 -6.979950 -0.232123 -0.043873 0.010845
 31 21.613552 5.850672 -6.561737 0.020447 -0.000000 0.000000
 32 -0.490767 19.244423 -5.608490 0.020031 0.010366 -0.003235
 33 12.172539 -7.748505 -10.307098 0.020447 0.000000 0.000000
 34 -12.668403 -7.748505 -10.702652 0.020447 0.000000 -0.000000
 35 -0.490774 14.424878 -10.375046 0.020092 0.010822 -0.000445
time 43
  0 0.768169 -0.850492 1.544617 0.000000 -0.000000 0.000000
  1 0.768169 -0.850492 1.544617 0.000000 -0.000000 0.000000
  2 0.984829 -7.246327 246.548599 0.000000 -0.000000 0.000000
  3 0.998367 -3.471023 1.599335 0.000000 -0.000000 0.000000
  4 0.998364 -2.688405 198.438675 -0.107241 -0.010176 -0.092717
  5 -11.802615 0.277813 -45.319962 0.464921 0.000464 -0.007683
  6 -0.797638 4.276020 -49.223633 0.478344 0.008057 -0.207771
  7 -0.000013 0.000000 -7.282925 0.000000 -0.000000 0.000000
  8 11.803275 0.236650 -45.319962 0.962813 -0.007541 0.013247
  9 0.812339 4.273216 -49.223545 0.345312 0.000571 0.256236
 10 0.000000 0.000008 -7.282917 0.000000 -0.000000 0.000000
 11 -0.004127 0.030415 10.833939 -0.154497 0.001076 0.136751
 12 -16.431313 3.246395 32.898758 -1.235631 0.278535 -0.713232
 13 -12.321609 -2.201935 -17.125481 -0.082152 -0.002189 0.059800
 14 -13.252205 -2.413315 -18.422239 -0.000000 -0.000472 0.000000
 15 -3.868652 -0.832947 -6.257849 0.000000 -0.000000 0.000000
 16 -37.279198 -5.051147 -38.191158 0.000000 -0.000000 0.000000
 17 -3.806091 -1.056412 -7.595865 0.000000 -0.000000 0.000000
 18 16.442677 3.189072 32.898773 -1.271592 -0.120177 0.523628
 19 12.313796 -2.244873 -17.125645 0.000000 -0.000000 0.000000
 20 13.243652 -2.459518 -18.422234 0.008790 -0.001581 -0.012203
 21 4.038898 -0.928101 -8.488216 0.000000 -0.000000 0.000000
 22 -0.000701 -0.454945 46.067245 0.788770 0.007797 -0.113822
 23 -0.489969 22.757858 18.761978 0.000000 -0.000000 0.000000
 24 0.260408 -19.713531 -182.090912 0.000000 -0.000000 0.000000
 25 -16.518961 9.856476 11.602509 0.000000 -0.000000 0.000000
 26 12.687090 8.730820 11.181000 0.000000 -0.000000 0.000000
 27 -0.009701 -4.696503 26.699997 0.000000 -0.000000 0.000000
 28 -0.000042 -0.005970 23.601578 0.000000 -0.000000 0.000000
 29 -21.531242 -10.281176 -6.106506 0.021446 0.000000 -0.000000
 30 6.667692 -19.285315 -6.979965 -0.228702 -0.043286 0.010814
 31 21.613556 5.850672 -6.561752 0.021445 0.000000 0.000000
 32 -0.490767 19.244421 -5.608505 0.021009 0.010873 -0.003393
 33 12.172541 -7.748503 -10.307114 0.021445 0.000000 0.000000
 34 -12.668404 -7.748503 -10.702652 0.021445 0.000000 0.000000
 35 -0.490774 14.424878 -10.375046 0.021074 0.011350 -0.000466
time 44
  0 0.768169 -0.850492 1.544617 0.000000 -0.000000 0.000000
  1 0.768169 -0.850492 1.544617 0.000000 -0.000000 0.000000
  2 0.984829 -7.246327 246.548599 0.000000 -0.000000 0.000000
  3 0.998367 -3.471023 1.599335 0.000000 -0.000000 0.000000
  4 0.998364 -2.740271 198.007690 -0.107274 -0.009944 -0.089194
  5 -11.802610 0.277815 -45.319962 0.465779 0.000468 -0.007699
  6 -0.797633 4.276009 -49.223648 0.477776 0.008099 -0.207762
  7 -0.000011 -0.000008 -7.282925 0.000000 -0.000000 0.000000
  8 11.803275 0.236654 -45.319946 0.960860 -0.007511 0.013224
  9 0.812341 4.273209 -49.223557 0.346572 0.000109 0.256479
 10 0.000004 0.000000 -7.282923 0.000000 -0.000000 0.000000
 11 -0.004176 0.030415 10.833984 -0.152888 0.001203 0.138242
 12 -16.431316 3.246387 32.898758 -1.247974 0.279034 -0.741560
 13 -12.321602 -2.201935 -17.125471 -0.072688 -0.002167 0.052930
 14 -13.252197 -2.413315 -18.422239 -0.000000 -0.000477 -0.000000
 15 -3.868652 -0.832962 -6.257847 0.000000 -0.000000 0.000000
 16 -37.279175 -5.051163 -38.191151 0.000000 -0.000000 0.000000
 17 -3.806091 -1.056412 -7.595863 0.000000 -0.000000 0.000000
 18 16.442675 3.189068 32.898758 -1.286887 -0.109429 0.544860
 19 12.313795 -2.244873 -17.125641 0.000000 -0.000000 0.000000
 20 13.243650 -2.459518 -18.422228 0.008601 -0.001547 -0.011938
 21 4.038898 -0.928131 -8.488209 0.000000 -0.000000 0.000000
 22 -0.000705 -0.454960 46.067261 0.789187 0.007658 -0.115369
 23 -0.489972 22.757858 18.761993 0.000000 -0.000000 0.000000
 24 0.260422 -19.713562 -182.091003 0.000000 -0.000000 0.000000
 25 -16.518963 9.856491 11.602524 0.000000 -0.000000 0.000000
 26 12.687088 8.730804 11.180984 0.000000 -0.000000 0.000000
 27 -0.009703 -4.696518 26.699997 0.000000 -0.000000 0.000000
 28 -0.000045 -0.005978 23.601593 0.000000 -0.000000 0.000000
 29 -21.531240 -10.281174 -6.106506 0.022458 0.000000 -0.000000
 30 6.667690 -19.285313 -6.979965 -0.225143 -0.042676 0.010782
 31 21.613550 5.850670 -6.561752 0.022458 -0.000000 0.000000
 32 -0.490767 19.244419 -5.608505 0.022002 0.011386 -0.003553
 33 12.172540 -7.748505 -10.307114 0.022458 0.000000 0.000000
 34 -12.668402 -7.748505 -10.702652 0.022458 0.000000 0.000000
 35 -0.490773 14.424876 -10.375061 0.022069 0.011886 -0.000489
time 45
  0 0.768169 -0.850492 1.544617 0.000000 -0.000000 0.000000
  1 0.768169 -0.850492 1.544617 0.000000 -0.000000 0.000000
  2 0.984829 -7.246327 246.548599 0.000000 -0.000000 0.000000
  3 0.998367 -3.471023 1.599335 0.000000 -0.000000 0.000000
  4 0.998364 -2.798875 197.585190 -0.107307 -0.009723 -0.085818
  5 -11.802614 0.277815 -45.319946 0.466618 0.000472 -0.007716
  6 -0.797639 4.276031 -49.223656 0.477224 0.008145 -0.207754
  7 -0.000011 -0.000008 -7.282917 0.000000 -0.000000 0.000000
  8 11.803273 0.236654 -45.319946 0.958789 -0.007480 0.013201
  9 0.812335 4.273216 -49.223568 0.347843 -0.000362 0.256714
 10 0.000004 0.000000 -7.282925 0.000000 -0.000000 0.000000
 11 -0.004224 0.030416 10.834030 -0.151253 0.001328 0.139751
 12 -16.431314 3.246395 32.898773 -1.260085 0.279350 -0.769154
 13 -12.321606 -2.201920 -17.125481 -0.063513 -0.002140 0.046272
 14 -13.252197 -2.413300 -18.422237 -0.000000 -0.000483 -0.000000
 15 -3.868652 -0.832977 -6.257851 0.000000 -0.000000 0.000000
 16 -37.279182 -5.051147 -38.191154 0.000000 -0.000000 0.000000
 17 -3.806091 -1.056427 -7.595867 0.000000 -0.000000 0.000000
 18 16.442675 3.189072 32.898758 -1.301654 -0.098754 0.565262
 19 12.313790 -2.244873 -17.125639 0.000000 -0.000000 0.000000
 20 13.243649 -2.459534 -18.422230 0.008442 -0.001518 -0.011715
 21 4.038902 -0.928085 -8.488216 0.000000 -0.000000 0.000000
 22 -0.000701 -0.454956 46.067261 0.789473 0.007511 -0.116913
 23 -0.489970 22.757858 18.761993 0.000000 -0.000000 0.000000
 24 0.260412 -19.713501 -182.090942 0.000000 -0.000000 0.000000
 25 -16.518967 9.856476 11.602493 0.000000 -0.000000 0.000000
 26 12.687093 8.730820 11.181000 0.000000 -0.000000 0.000000
 27 -0.009702 -4.696518 26.699982 0.000000 -0.000000 0.000000
 28 -0.000042 -0.005970 23.601578 0.000000 -0.000000 0.000000
 29 -21.531240 -10.281176 -6.106491 0.023485 0.000000 0.000000
 30 6.667692 -19.285315 -6.979965 -0.221450 -0.042042 0.010748
 31 21.613552 5.850672 -6.561752 0.023485 -0.000000 -0.000000
 32 -0.490768 19.244423 -5.608490 0.023007 0.011907 -0.003716
 33 12.172540 -7.748507 -10.307083 0.023485 0.000000 -0.000000
 34 -12.668401 -7.748503 -10.702652 0.023485 0.000000 -0.000000
 35 -0.490776 14.424880 -10.375046 0.023078 0.012430 -0.000511
time 46
  0 0.768169 -0.850492 1.544617 0.000000 -0.000000 0.000000
  1 0.768169 -0.850492 1.544617 0.000000 -0.000000 0.000000
  2 0.984829 -7.246327 246.548599 0.000000 -0.000000 0.000000
  3 0.998367 -3.471023 1.599335 0.000000 -0.000000 0.000000
  4 0.998364 -2.864433 197.172455 -0.107337 -0.009517 -0.082607
  5 -11.802614 0.277809 -45.319931 0.467444 0.000476 -0.007732
  6 -0.797639 4.276020 -49.223656 0.476691 0.008195 -0.207748
  7 -0.000013 -0.000015 -7.282913 0.000000 -0.000000 0.000000
  8 11.803272 0.236649 -45.319962 0.956574 -0.007447 0.013178
  9 0.812337 4.273216 -49.223564 0.349111 -0.000838 0.256934
 10 0.000000 0.000000 -7.282919 0.000000 -0.000000 0.000000
 11 -0.004273 0.030418 10.834076 -0.149589 0.001450 0.141280
 12 -16.431313 3.246395 32.898773 -1.271932 0.279525 -0.795936
 13 -12.321587 -2.201920 -17.125469 -0.054656 -0.002106 0.039842
 14 -13.252174 -2.413315 -18.422234 -0.000000 -0.000488 -0.000000
 15 -3.868645 -0.832962 -6.257843 0.000000 -0.000000 0.000000
 16 -37.279152 -5.051163 -38.191139 0.000000 -0.000000 0.000000
 17 -3.806091 -1.056412 -7.595863 0.000000 -0.000000 0.000000
 18 16.442677 3.189072 32.898758 -1.315904 -0.088295 0.584805
 19 12.313781 -2.244888 -17.125633 0.000000 -0.000000 0.000000
 20 13.243643 -2.459503 -18.422224 0.008320 -0.001496 -0.011545
 21 4.038902 -0.928101 -8.488220 0.000000 -0.000000 0.000000
 22 -0.000700 -0.454948 46.067245 0.789649 0.007356 -0.118448
 23 -0.489970 22.757858 18.761993 0.000000 -0.000000 0.000000
 24 0.260409 -19.713455 -182.090927 0.000000 -0.000000 0.000000
 25 -16.518959 9.856461 11.602493 0.000000 -0.000000 0.000000
 26 12.687086 8.730804 11.180984 0.000000 -0.000000 0.000000
 27 -0.009702 -4.696533 26.699982 0.000000 -0.000000 0.000000
 28 -0.000042 -0.005966 23.601578 0.000000 -0.000000 0.000000
 29 -21.531242 -10.281181 -6.106491 0.024524 0.000000 0.000000
 30 6.667691 -19.285320 -6.979935 -0.217629 -0.041387 0.010712
 31 21.613550 5.850672 -6.561737 0.024524 -0.000000 0.000000
 32 -0.490768 19.244427 -5.608490 0.024026 0.012434 -0.003880
 33 12.172539 -7.748507 -10.307083 0.024524 0.000000 -0.000000
 34 -12.668402 -7.748505 -10.702652 0.024524 -0.000000 -0.000000
 35 -0.490775 14.424880 -10.375046 0.024099 0.012980 -0.000533
time 47
  0 0.768169 -0.850492 1.544617 0.000000 -0.000000 0.000000
  1 0.768169 -0.850492 1.544617 0.000000 -0.000000 0.000000
  2 0.984829 -7.246327 246.548599 0.000000 -0.000000 0.000000
  3 0.998367 -3.471023 1.599335 0.000000 -0.000000 0.000000
  4 0.998364 -2.937158 196.770691 -0.107365 -0.009325 -0.079579
  5 -11.802612 0.277815 -45.319946 0.468263 0.000480 -0.007747
  6 -0.797635 4.276012 -49.223648 0.476183 0.008247 -0.207744
  7 -0.000013 0.000000 -7.282913 0.000000 -0.000000 0.000000
  8 11.803274 0.236654 -45.319931 0.954186 -0.007412 0.013153
  9 0.812338 4.273216 -49.223549 0.350367 -0.001319 0.257131
 10 0.000000 0.000000 -7.282923 0.000000 -0.000000 0.000000
 11 -0.004323 0.030416 10.834137 -0.147893 0.001567 0.142832
 12 -16.431316 3.246395 32.898758 -1.283483 0.279598 -0.821827
 13 -12.321598 -2.201904 -17.125475 -0.046145 -0.002064 0.033658
 14 -13.252205 -2.413315 -18.422239 0.000000 -0.000492 -0.000000
 15 -3.868652 -0.832962 -6.257856 0.000000 -0.000000 0.000000
 16 -37.279182 -5.051163 -38.191147 0.000000 -0.000000 0.000000
 17 -3.806091 -1.056412 -7.595869 0.000000 -0.000000 0.000000
 18 16.442677 3.189072 32.898758 -1.329651 -0.078194 0.603460
 19 12.313791 -2.244873 -17.125641 0.000000 -0.000000 0.000000
 20 13.243649 -2.459503 -18.422235 0.008244 -0.001482 -0.011438
 21 4.038902 -0.928101 -8.488216 0.000000 -0.000000 0.000000
 22 -0.000702 -0.454948 46.067230 0.789737 0.007194 -0.119969
 23 -0.489970 22.757874 18.761993 0.000000 -0.000000 0.000000
 24 0.260408 -19.713440 -182.090942 0.000000 -0.000000 0.000000
 25 -16.518963 9.856476 11.602493 0.000000 -0.000000 0.000000
 26 12.687089 8.730789 11.180969 0.000000 -0.000000 0.000000
 27 -0.009701 -4.696533 26.699982 0.000000 -0.000000 0.000000
 28 -0.000043 -0.005970 23.601578 0.000000 -0.000000 0.000000
 29 -21.531240 -10.281179 -6.106491 0.025576 0.000000 0.000000
 30 6.667690 -19.285318 -6.979950 -0.213683 -0.040710 0.010675
 31 21.613552 5.850672 -6.561752 0.025576 -0.000000 0.000000
 32 -0.490767 19.244423 -5.608490 0.025056 0.012967 -0.004047
 33 12.172539 -7.748507 -10.307083 0.025576 0.000000 -0.000000
 34 -12.668401 -7.748505 -10.702637 0.025576 -0.000000 0.000000
 35 -0.490774 14.424881 -10.375061 0.025133 0.013536 -0.000556
time 48
  0 0.768169 -0.850492 1.544617 0.000000 -0.000000 0.000000
  1 0.768169 -0.850492 1.544617 0.000000 -0.000000 0.000000
  2 0.984829 -7.246327 246.548599 0.000000 -0.000000 0.000000
  3 0.998367 -3.471023 1.599335 0.000000 -0.000000 0.000000
  4 0.998364 -3.017232 196.381180 -0.107387 -0.009150 -0.076749
  5 -11.802609 0.277815 -45.319962 0.469080 0.000484 -0.007761
  6 -0.797636 4.276005 -49.223656 0.475705 0.008301 -0.207742
  7 -0.000013 -0.000008 -7.282921 0.000000 -0.000000 0.000000
  8 11.803277 0.236652 -45.319962 0.951597 -0.007376 0.013128
  9 0.812340 4.273209 -49.223557 0.351596 -0.001800 0.257297
 10 0.000000 -0.000008 -7.282919 0.000000 -0.000000 0.000000
 11 -0.004374 0.030420 10.834152 -0.146162 0.001679 0.144410
 12 -16.431316 3.246387 32.898773 -1.294707 0.279611 -0.846751
 13 -12.321594 -2.201920 -17.125469 -0.038005 -0.002013 0.027737
 14 -13.252190 -2.413315 -18.422234 0.000000 -0.000496 -0.000000
 15 -3.868645 -0.832962 -6.257851 0.000000 -0.000000 0.000000
 16 -37.279182 -5.051147 -38.191139 0.000000 -0.000000 0.000000
 17 -3.806099 -1.056427 -7.595871 0.000000 -0.000000 0.000000
 18 16.442671 3.189064 32.898758 -1.342909 -0.068589 0.621203
 19 12.313793 -2.244873 -17.125639 0.000000 -0.000000 0.000000
 20 13.243647 -2.459518 -18.422230 0.008219 -0.001477 -0.011403
 21 4.038902 -0.928116 -8.488213 0.000000 -0.000000 0.000000
 22 -0.000705 -0.454956 46.067245 0.789759 0.007024 -0.121469
 23 -0.489972 22.757858 18.762009 0.000000 -0.000000 0.000000
 24 0.260420 -19.713516 -182.090958 0.000000 -0.000000 0.000000
 25 -16.518965 9.856461 11.602509 0.000000 -0.000000 0.000000
 26 12.687088 8.730804 11.181015 0.000000 -0.000000 0.000000
 27 -0.009703 -4.696533 26.700012 0.000000 -0.000000 0.000000
 28 -0.000044 -0.005974 23.601578 0.000000 -0.000000 0.000000
 29 -21.531242 -10.281178 -6.106491 0.026639 0.000000 -0.000000
 30 6.667690 -19.285313 -6.979980 -0.209619 -0.040012 0.010637
 31 21.613552 5.850670 -6.561768 0.026639 0.000000 0.000000
 32 -0.490767 19.244423 -5.608505 0.026097 0.013506 -0.004215
 33 12.172540 -7.748505 -10.307114 0.026639 0.000000 -0.000000
 34 -12.668401 -7.748503 -10.702652 0.026639 0.000000 -0.000000
 35 -0.490774 14.424877 -10.375061 0.026177 0.014099 -0.000579
time 49
  0 0.768169 -0.850492 1.544617 0.000000 -0.000000 0.000000
  1 0.768169 -0.850492 1.544617 0.000000 -0.000000 0.000000
  2 0.984829 -7.246327 246.548599 0.000000 -0.000000 0.000000
  3 0.998367 -3.471023 1.599335 0.000000 -0.000000 0.000000
  4 0.998364 -3.096196 196.001495 -0.107407 -0.008987 -0.073992
  5 -11.802610 0.277813 -45.319946 0.469822 0.000488 -0.007773
  6 -0.797636 4.276016 -49.223648 0.475288 0.008362 -0.207761
  7 -0.000011 -0.000008 -7.282921 0.000000 -0.000000 0.000000
  8 11.803274 0.236652 -45.319962 0.949037 -0.007341 0.013104
  9 0.812342 4.273209 -49.223553 0.352786 -0.002247 0.257431
 10 0.000008 0.000000 -7.282923 0.000000 -0.000000 0.000000
 11 -0.004421 0.030418 10.834213 -0.144403 0.001794 0.145983
 12 -16.431314 3.246391 32.898758 -1.306449 0.278994 -0.872357
 13 -12.321602 -2.201950 -17.125477 -0.029744 -0.001849 0.021722
 14 -13.252193 -2.413300 -18.422245 -0.000000 -0.000499 0.000000
 15 -3.868652 -0.832977 -6.257854 0.000000 -0.000000 0.000000
 16 -37.279182 -5.051132 -38.191154 0.000000 -0.000000 0.000000
 17 -3.806099 -1.056427 -7.595875 0.000000 -0.000000 0.000000
 18 16.442673 3.189072 32.898758 -1.356329 -0.058627 0.638880
 19 12.313793 -2.244873 -17.125641 0.000000 -0.000000 0.000000
 20 13.243652 -2.459518 -18.422226 0.008226 -0.001479 -0.011416
 21 4.038898 -0.928116 -8.488213 0.000000 -0.000000 0.000000
 22 -0.000703 -0.454952 46.067261 0.789682 0.006845 -0.122948
 23 -0.489970 22.757874 18.761993 0.000000 -0.000000 0.000000
 24 0.260413 -19.713516 -182.090942 0.000000 -0.000000 0.000000
 25 -16.518965 9.856461 11.602493 0.000000 -0.000000 0.000000
 26 12.687090 8.730820 11.181000 0.000000 -0.000000 0.000000
 27 -0.009702 -4.696518 26.699982 0.000000 -0.000000 0.000000
 28 -0.000043 -0.005970 23.601578 0.000000 -0.000000 0.000000
 29 -21.531240 -10.281178 -6.106506 0.027713 0.000000 0.000000
 30 6.667690 -19.285316 -6.979965 -0.205439 -0.039295 0.010597
 31 21.613550 5.850672 -6.561768 0.027713 -0.000000 0.000000
 32 -0.490767 19.244423 -5.608505 0.027149 0.014050 -0.004385
 33 12.172539 -7.748505 -10.307114 0.027713 0.000000 0.000000
 34 -12.668401 -7.748505 -10.702652 0.027713 -0.000000 0.000000
 35 -0.490773 14.424879 -10.375061 0.027232 0.014667 -0.000603
time 50
  0 0.768169 -0.850492 1.544617 0.000000 -0.000000 0.000000
  1 0.768169 -0.850492 1.544617 0.000000 -0.000000 0.000000
  2 0.984829 -7.246327 246.548599 0.000000 -0.000000 0.000000
  3 0.998367 -3.471023 1.599335 0.000000 -0.000000 0.000000
  4 0.998364 -3.170634 195.629562 -0.107426 -0.008832 -0.071243
  5 -11.802614 0.277815 -45.319977 0.470458 0.000491 -0.007784
  6 -0.797635 4.276012 -49.223648 0.474940 0.008433 -0.207810
  7 -0.000011 -0.000008 -7.282921 0.000000 -0.000000 0.000000
  8 11.803278 0.236652 -45.319977 0.946622 -0.007308 0.013082
  9 0.812342 4.273232 -49.223564 0.353940 -0.002649 0.257537
 10 0.000000 0.000000 -7.282923 0.000000 -0.000000 0.000000
 11 -0.004468 0.030418 10.834274 -0.142622 0.001917 0.147534
 12 -16.431318 3.246391 32.898773 -1.319060 0.277421 -0.899345
 13 -12.321602 -2.201920 -17.125477 -0.021148 -0.001518 0.015460
 14 -13.252205 -2.413315 -18.422241 -0.000000 -0.000502 0.000000
 15 -3.868652 -0.832962 -6.257847 0.000000 -0.000000 0.000000
 16 -37.279190 -5.051163 -38.191158 0.000000 -0.000000 0.000000
 17 -3.806091 -1.056412 -7.595867 0.000000 -0.000000 0.000000
 18 16.442673 3.189072 32.898773 -1.370147 -0.047849 0.656843
 19 12.313793 -2.244873 -17.125641 0.000000 -0.000000 0.000000
 20 13.243647 -2.459503 -18.422230 0.008244 -0.001483 -0.011447
 21 4.038898 -0.928131 -8.488213 0.000000 -0.000000 0.000000
 22 -0.000705 -0.454948 46.067245 0.789443 0.006655 -0.124410
 23 -0.489972 22.757874 18.761993 0.000000 -0.000000 0.000000
 24 0.260417 -19.713470 -182.090958 0.000000 -0.000000 0.000000
 25 -16.518963 9.856476 11.602509 0.000000 -0.000000 0.000000
 26 12.687090 8.730804 11.180984 0.000000 -0.000000 0.000000
 27 -0.009702 -4.696518 26.699997 0.000000 -0.000000 0.000000
 28 -0.000044 -0.005970 23.601578 0.000000 -0.000000 0.000000
 29 -21.531244 -10.281176 -6.106506 0.028796 0.000000 -0.000000
 30 6.667694 -19.285318 -6.979980 -0.201150 -0.038560 0.010556
 31 21.613556 5.850672 -6.561752 0.028796 -0.000000 0.000000
 32 -0.490767 19.244425 -5.608505 0.028211 0.014600 -0.004556
 33 12.172543 -7.748503 -10.307114 0.028796 0.000000 0.000000
 34 -12.668404 -7.748503 -10.702667 0.028796 0.000000 0.000000
 35 -0.490773 14.424880 -10.375046 0.028297 0.015241 -0.000626
time 51
  0 0.768169 -0.850492 1.544617 0.000000 -0.000000 0.000000
  1 0.768169 -0.850492 1.544617 0.000000 -0.000000 0.000000
  2 0.984829 -7.246327 246.548599 0.000000 -0.000000 0.000000
  3 0.998367 -3.471023 1.599335 0.000000 -0.000000 0.000000
  4 0.998364 -3.245284 195.265945 -0.107443 -0.008688 -0.068564
  5 -11.802612 0.277815 -45.319946 0.471024 0.000494 -0.007792
  6 -0.797636 4.276016 -49.223656 0.474639 0.008510 -0.207882
  7 -0.000013 -0.000008 -7.282917 0.000000 -0.000000 0.000000
  8 11.803274 0.236652 -45.319946 0.944237 -0.007276 0.013061
  9 0.812340 4.273216 -49.223557 0.355076 -0.003026 0.257624
 10 0.000000 0.000000 -7.282921 0.000000 -0.000000 0.000000
 11 -0.004515 0.030418 10.834335 -0.140816 0.002043 0.149082
 12 -16.431316 3.246391 32.898773 -1.332076 0.275091 -0.926820
 13 -12.321602 -2.201920 -17.125473 -0.012482 -0.001062 0.009145
 14 -13.252201 -2.413315 -18.422247 0.000000 -0.000504 0.000000
 15 -3.868652 -0.832947 -6.257853 0.000000 -0.000000 0.000000
 16 -37.279190 -5.051163 -38.191170 0.000000 -0.000000 0.000000
 17 -3.806091 -1.056412 -7.595877 0.000000 -0.000000 0.000000
 18 16.442675 3.189072 32.898758 -1.383979 -0.036651 0.674620
 19 12.313793 -2.244888 -17.125641 0.000000 -0.000000 0.000000
 20 13.243650 -2.459503 -18.422232 0.008270 -0.001489 -0.011493
 21 4.038900 -0.928116 -8.488220 0.000000 -0.000000 0.000000
 22 -0.000703 -0.454948 46.067261 0.789003 0.006456 -0.125861
 23 -0.489971 22.757858 18.761978 0.000000 -0.000000 0.000000
 24 0.260420 -19.713501 -182.090942 0.000000 -0.000000 0.000000
 25 -16.518967 9.856491 11.602509 0.000000 -0.000000 0.000000
 26 12.687090 8.730820 11.180984 0.000000 -0.000000 0.000000
 27 -0.009703 -4.696503 26.699997 0.000000 -0.000000 0.000000
 28 -0.000043 -0.005966 23.601578 0.000000 -0.000000 0.000000
 29 -21.531239 -10.281178 -6.106491 0.029890 0.000000 0.000000
 30 6.667691 -19.285313 -6.979950 -0.196756 -0.037806 0.010514
 31 21.613552 5.850672 -6.561752 0.029889 -0.000000 0.000000
 32 -0.490767 19.244423 -5.608475 0.029282 0.015154 -0.004729
 33 12.172539 -7.748505 -10.307098 0.029890 0.000000 -0.000000
 34 -12.668400 -7.748501 -10.702652 0.029889 -0.000000 -0.000000
 35 -0.490774 14.424880 -10.375046 0.029371 0.015819 -0.000650
time 52
  0 0.768169 -0.850492 1.544617 0.000000 -0.000000 0.000000
  1 0.768169 -0.850492 1.544617 0.000000 -0.000000 0.000000
  2 0.984829 -7.246327 246.548599 0.000000 -0.000000 0.000000
  3 0.998367 -3.471023 1.599335 0.000000 -0.000000 0.000000
  4 0.998364 -3.324886 194.911209 -0.107458 -0.008556 -0.066016
  5 -11.802610 0.277815 -45.319962 0.471558 0.000497 -0.007800
  6 -0.797634 4.276012 -49.223648 0.474365 0.008593 -0.207971
  7 -0.000013 -0.000015 -7.282921 0.000000 -0.000000 0.000000
  8 11.803275 0.236652 -45.319946 0.941767 -0.007244 0.013039
  9 0.812338 4.273216 -49.223557 0.356210 -0.003403 0.257697
 10 0.000000 0.000008 -7.282925 0.000000 -0.000000 0.000000
 11 -0.004561 0.030420 10.834396 -0.138984 0.002169 0.150641
 12 -16.431314 3.246391 32.898773 -1.345033 0.272204 -0.953885
 13 -12.321598 -2.201920 -17.125469 -0.004012 -0.000523 0.002972
 14 -13.252193 -2.413315 -18.422237 -0.000000 -0.000505 0.000000
 15 -3.868656 -0.832977 -6.257849 0.000000 -0.000000 0.000000
 16 -37.279175 -5.051163 -38.191162 0.000000 -0.000000 0.000000
 17 -3.806095 -1.056427 -7.595877 0.000000 -0.000000 0.000000
 18 16.442675 3.189075 32.898773 -1.397441 -0.025431 0.691740
 19 12.313787 -2.244858 -17.125637 0.000000 -0.000000 0.000000
 20 13.243647 -2.459518 -18.422230 0.008302 -0.001497 -0.011548
 21 4.038900 -0.928101 -8.488216 0.000000 -0.000000 0.000000
 22 -0.000704 -0.454945 46.067261 0.788324 0.006247 -0.127305
 23 -0.489972 22.757858 18.761978 0.000000 -0.000000 0.000000
 24 0.260422 -19.713486 -182.090942 0.000000 -0.000000 0.000000
 25 -16.518963 9.856476 11.602493 0.000000 -0.000000 0.000000
 26 12.687086 8.730820 11.180984 0.000000 -0.000000 0.000000
 27 -0.009703 -4.696518 26.699982 0.000000 -0.000000 0.000000
 28 -0.000044 -0.005970 23.601578 0.000000 -0.000000 0.000000
 29 -21.531239 -10.281176 -6.106491 0.030991 0.000000 -0.000000
 30 6.667691 -19.285318 -6.979965 -0.192262 -0.037035 0.010470
 31 21.613552 5.850672 -6.561752 0.030991 -0.000000 -0.000000
 32 -0.490767 19.244423 -5.608490 0.030361 0.015712 -0.004903
 33 12.172538 -7.748505 -10.307098 0.030991 0.000000 0.000000
 34 -12.668401 -7.748503 -10.702652 0.030991 0.000000 -0.000000
 35 -0.490774 14.424881 -10.375061 0.030454 0.016402 -0.000674
time 53
  0 0.768169 -0.850492 1.544617 0.000000 -0.000000 0.000000
  1 0.768169 -0.850492 1.544617 0.000000 -0.000000 0.000000
  2 0.984829 -7.246327 246.548599 0.000000 -0.000000 0.000000
  3 0.998367 -3.471023 1.599335 0.000000 -0.000000 0.000000
  4 0.998364 -3.414181 194.565948 -0.107472 -0.008437 -0.063662
  5 -11.802612 0.277813 -45.319931 0.472099 0.000500 -0.007808
  6 -0.797636 4.276024 -49.223648 0.474094 0.008678 -0.208073
  7 -0.000013 -0.000008 -7.282909 0.000000 -0.000000 0.000000
  8 11.803271 0.236652 -45.319946 0.939100 -0.007210 0.013016
  9 0.812341 4.273232 -49.223564 0.357359 -0.003800 0.257762
 10 0.000004 0.000008 -7.282927 0.000000 -0.000000 0.000000
 11 -0.004607 0.030418 10.834473 -0.137122 0.002289 0.152229
 12 -16.431314 3.246391 32.898758 -1.357466 0.268958 -0.979644
 13 -12.321602 -2.201935 -17.125477 0.003995 0.000059 -0.002866
 14 -13.252197 -2.413315 -18.422243 -0.000000 -0.000506 -0.000000
 15 -3.868645 -0.832947 -6.257851 0.000000 -0.000000 0.000000
 16 -37.279182 -5.051178 -38.191158 0.000000 -0.000000 0.000000
 17 -3.806091 -1.056427 -7.595867 0.000000 -0.000000 0.000000
 18 16.442675 3.189072 32.898773 -1.410150 -0.014587 0.707733
 19 12.313793 -2.244873 -17.125639 0.000000 -0.000000 0.000000
 20 13.243652 -2.459518 -18.422230 0.008337 -0.001505 -0.011609
 21 4.038895 -0.928101 -8.488213 0.000000 -0.000000 0.000000
 22 -0.000701 -0.454948 46.067245 0.787367 0.006032 -0.128746
 23 -0.489969 22.757874 18.761978 0.000000 -0.000000 0.000000
 24 0.260413 -19.713470 -182.090942 0.000000 -0.000000 0.000000
 25 -16.518961 9.856461 11.602478 0.000000 -0.000000 0.000000
 26 12.687090 8.730820 11.180984 0.000000 -0.000000 0.000000
 27 -0.009702 -4.696518 26.699997 0.000000 -0.000000 0.000000
 28 -0.000042 -0.005970 23.601578 0.000000 -0.000000 0.000000
 29 -21.531239 -10.281178 -6.106476 0.032101 0.000000 -0.000000
 30 6.667689 -19.285316 -6.979950 -0.187672 -0.036247 0.010425
 31 21.613550 5.850674 -6.561737 0.032101 -0.000000 0.000000
 32 -0.490767 19.244425 -5.608505 0.031448 0.016275 -0.005079
 33 12.172537 -7.748505 -10.307098 0.032101 0.000000 -0.000000
 34 -12.668402 -7.748505 -10.702637 0.032101 0.000000 -0.000000
 35 -0.490774 14.424879 -10.375031 0.031544 0.016990 -0.000698
time 54
  0 0.768169 -0.850492 1.544617 0.000000 -0.000000 0.000000
  1 0.768169 -0.850492 1.544617 0.000000 -0.000000 0.000000
  2 0.984829 -7.246327 246.548599 0.000000 -0.000000 0.000000
  3 0.998367 -3.471023 1.599335 0.000000 -0.000000 0.000000
  4 0.998364 -3.517906 194.230713 -0.107484 -0.008335 -0.061561
  5 -11.802610 0.277815 -45.319946 0.472683 0.000504 -0.007816
  6 -0.797634 4.276024 -49.223640 0.473806 0.008763 -0.208180
  7 -0.000015 0.000000 -7.282917 0.000000 -0.000000 0.000000
  8 11.803276 0.236654 -45.319962 0.936119 -0.007171 0.012991
  9 0.812340 4.273224 -49.223572 0.358539 -0.004240 0.257826
 10 0.000000 0.000000 -7.282928 0.000000 -0.000000 0.000000
 11 -0.004657 0.030418 10.834518 -0.135229 0.002399 0.153862
 12 -16.431316 3.246391 32.898758 -1.368910 0.265553 -1.003201
 13 -12.321600 -2.201920 -17.125477 0.011275 0.000641 -0.008174
 14 -13.252197 -2.413315 -18.422243 -0.000000 -0.000507 0.000000
 15 -3.868656 -0.832977 -6.257849 0.000000 -0.000000 0.000000
 16 -37.279186 -5.051147 -38.191166 0.000000 -0.000000 0.000000
 17 -3.806091 -1.056412 -7.595869 0.000000 -0.000000 0.000000
 18 16.442673 3.189072 32.898743 -1.421721 -0.004516 0.722126
 19 12.313789 -2.244888 -17.125639 0.000000 -0.000000 0.000000
 20 13.243647 -2.459503 -18.422234 0.008372 -0.001514 -0.011670
 21 4.038902 -0.928101 -8.488216 0.000000 -0.000000 0.000000
 22 -0.000705 -0.454952 46.067245 0.786095 0.005810 -0.130188
 23 -0.489973 22.757858 18.762009 0.000000 -0.000000 0.000000
 24 0.260423 -19.713531 -182.090988 0.000000 -0.000000 0.000000
 25 -16.518967 9.856476 11.602524 0.000000 -0.000000 0.000000
 26 12.687089 8.730804 11.181000 0.000000 -0.000000 0.000000
 27 -0.009703 -4.696518 26.699997 0.000000 -0.000000 0.000000
 28 -0.000044 -0.005974 23.601563 0.000000 -0.000000 0.000000
 29 -21.531239 -10.281179 -6.106506 0.033217 0.000000 0.000000
 30 6.667690 -19.285315 -6.979965 -0.182992 -0.035444 0.010379
 31 21.613550 5.850672 -6.561737 0.033217 0.000000 0.000000
 32 -0.490767 19.244423 -5.608505 0.032542 0.016841 -0.005256
 33 12.172539 -7.748503 -10.307114 0.033217 0.000000 0.000000
 34 -12.668400 -7.748503 -10.702652 0.033217 0.000000 -0.000000
 35 -0.490773 14.424880 -10.375061 0.032642 0.017581 -0.000723
time 55
  0 0.768169 -0.850492 1.544617 0.000000 -0.000000 0.000000
  1 0.768169 -0.850492 1.544617 0.000000 -0.000000 0.000000
  2 0.984829 -7.246327 246.548599 0.000000 -0.000000 0.000000
  3 0.998367 -3.471023 1.599335 0.000000 -0.000000 0.000000
  4 0.998364 -3.640803 193.906097 -0.107493 -0.008250 -0.059777
  5 -11.802610 0.277815 -45.319946 0.473348 0.000508 -0.007826
  6 -0.797631 4.276012 -49.223656 0.473479 0.008846 -0.208288
  7 -0.000011 -0.000008 -7.282917 0.000000 -0.000000 0.000000
  8 11.803278 0.236656 -45.319962 0.932712 -0.007126 0.012962
  9 0.812343 4.273209 -49.223572 0.359766 -0.004745 0.257896
 10 0.000000 0.000000 -7.282921 0.000000 -0.000000 0.000000
 11 -0.004706 0.030420 10.834564 -0.133302 0.002494 0.155556
 12 -16.431318 3.246391 32.898773 -1.378901 0.262188 -1.023659
 13 -12.321598 -2.201935 -17.125481 0.017560 0.001183 -0.012758
 14 -13.252201 -2.413300 -18.422243 0.000000 -0.000508 0.000000
 15 -3.868656 -0.832962 -6.257856 0.000000 -0.000000 0.000000
 16 -37.279194 -5.051163 -38.191162 0.000000 -0.000000 0.000000
 17 -3.806095 -1.056427 -7.595869 0.000000 -0.000000 0.000000
 18 16.442677 3.189072 32.898758 -1.431771 0.004384 0.734449
 19 12.313795 -2.244873 -17.125645 0.000000 -0.000000 0.000000
 20 13.243654 -2.459518 -18.422239 0.008405 -0.001521 -0.011728
 21 4.038902 -0.928116 -8.488213 0.000000 -0.000000 0.000000
 22 -0.000705 -0.454952 46.067245 0.784470 0.005583 -0.131637
 23 -0.489972 22.757843 18.761978 0.000000 -0.000000 0.000000
 24 0.260421 -19.713516 -182.090973 0.000000 -0.000000 0.000000
 25 -16.518967 9.856461 11.602509 0.000000 -0.000000 0.000000
 26 12.687090 8.730789 11.180984 0.000000 -0.000000 0.000000
 27 -0.009703 -4.696518 26.699982 0.000000 -0.000000 0.000000
 28 -0.000044 -0.005966 23.601578 0.000000 -0.000000 0.000000
 29 -21.531242 -10.281174 -6.106491 0.034341 0.000000 0.000000
 30 6.667692 -19.285309 -6.979965 -0.178225 -0.034627 0.010331
 31 21.613552 5.850674 -6.561752 0.034341 -0.000000 0.000000
 32 -0.490767 19.244423 -5.608490 0.033642 0.017410 -0.005433
 33 12.172541 -7.748501 -10.307098 0.034341 0.000000 0.000000
 34 -12.668402 -7.748501 -10.702652 0.034341 -0.000000 0.000000
 35 -0.490773 14.424880 -10.375061 0.033745 0.018175 -0.000747
time 56
  0 0.768169 -0.850492 1.544617 0.000000 -0.000000 0.000000
  1 0.768169 -0.850492 1.544617 0.000000 -0.000000 0.000000
  2 0.984829 -7.246327 246.548599 0.000000 -0.000000 0.000000
  3 0.998367 -3.471023 1.599335 0.000000 -0.000000 0.000000
  4 0.998364 -3.787610 193.592667 -0.107500 -0.008184 -0.058370
  5 -11.802612 0.277815 -45.319962 0.474133 0.000512 -0.007837
  6 -0.797637 4.276016 -49.223663 0.473092 0.008925 -0.208390
  7 -0.000013 0.000000 -7.282917 0.000000 -0.000000 0.000000
  8 11.803272 0.236650 -45.319946 0.928764 -0.007074 0.012929
  9 0.812339 4.273224 -49.223557 0.361056 -0.005337 0.257978
 10 0.000004 0.000000 -7.282919 0.000000 -0.000000 0.000000
 11 -0.004758 0.030418 10.834641 -0.131339 0.002571 0.157328
 12 -16.431313 3.246391 32.898758 -1.386975 0.259062 -1.040122
 13 -12.321598 -2.201920 -17.125477 0.022585 0.001642 -0.016423
 14 -13.252193 -2.413300 -18.422239 0.000000 -0.000510 0.000000
 15 -3.868652 -0.832977 -6.257856 0.000000 -0.000000 0.000000
 16 -37.279182 -5.051147 -38.191158 0.000000 -0.000000 0.000000
 17 -3.806095 -1.056427 -7.595873 0.000000 -0.000000 0.000000
 18 16.442673 3.189072 32.898758 -1.439916 0.011715 0.744231
 19 12.313789 -2.244888 -17.125641 0.000000 -0.000000 0.000000
 20 13.243649 -2.459518 -18.422237 0.008433 -0.001528 -0.011777
 21 4.038906 -0.928101 -8.488220 0.000000 -0.000000 0.000000
 22 -0.000700 -0.454948 46.067261 0.782454 0.005352 -0.133097
 23 -0.489969 22.757858 18.761993 0.000000 -0.000000 0.000000
 24 0.260408 -19.713516 -182.090942 0.000000 -0.000000 0.000000
 25 -16.518963 9.856476 11.602493 0.000000 -0.000000 0.000000
 26 12.687089 8.730804 11.180984 0.000000 -0.000000 0.000000
 27 -0.009701 -4.696518 26.700012 0.000000 -0.000000 0.000000
 28 -0.000042 -0.005970 23.601593 0.000000 -0.000000 0.000000
 29 -21.531239 -10.281179 -6.106506 0.035470 0.000000 0.000000
 30 6.667690 -19.285318 -6.979980 -0.173378 -0.033795 0.010283
 31 21.613548 5.850672 -6.561737 0.035470 0.000000 0.000000
 32 -0.490767 19.244425 -5.608505 0.034749 0.017983 -0.005612
 33 12.172537 -7.748507 -10.307098 0.035470 0.000000 -0.000000
 34 -12.668400 -7.748507 -10.702652 0.035470 -0.000000 0.000000
 35 -0.490774 14.424881 -10.375061 0.034855 0.018773 -0.000772
time 57
  0 0.768169 -0.850492 1.544617 0.000000 -0.000000 0.000000
  1 0.768169 -0.850492 1.544617 0.000000 -0.000000 0.000000
  2 0.984829 -7.246327 246.548599 0.000000 -0.000000 0.000000
  3 0.998367 -3.471023 1.599335 0.000000 -0.000000 0.000000
  4 0.998364 -3.963068 193.291000 -0.107505 -0.008140 -0.057402
  5 -11.802610 0.277813 -45.319931 0.475074 0.000518 -0.007850
  6 -0.797634 4.276028 -49.223663 0.472622 0.008997 -0.208480
  7 -0.000013 -0.000008 -7.282921 0.000000 -0.000000 0.000000
  8 11.803277 0.236652 -45.319946 0.924161 -0.007013 0.012890
  9 0.812341 4.273209 -49.223557 0.362427 -0.006038 0.258077
 10 0.000004 0.000008 -7.282923 0.000000 -0.000000 0.000000
 11 -0.004815 0.030418 10.834702 -0.129337 0.002625 0.159194
 12 -16.431316 3.246391 32.898758 -1.392667 0.256375 -1.051694
 13 -12.321602 -2.201935 -17.125477 0.026085 0.001977 -0.018975
 14 -13.252197 -2.413300 -18.422245 0.000000 -0.000511 -0.000000
 15 -3.868649 -0.832962 -6.257847 0.000000 -0.000000 0.000000
 16 -37.279194 -5.051163 -38.191162 0.000000 -0.000000 0.000000
 17 -3.806091 -1.056427 -7.595871 0.000000 -0.000000 0.000000
 18 16.442677 3.189072 32.898758 -1.445772 0.017081 0.751001
 19 12.313786 -2.244888 -17.125637 0.000000 -0.000000 0.000000
 20 13.243649 -2.459503 -18.422230 0.008454 -0.001533 -0.011813
 21 4.038895 -0.928101 -8.488209 0.000000 -0.000000 0.000000
 22 -0.000704 -0.454948 46.067245 0.780009 0.005118 -0.134572
 23 -0.489973 22.757858 18.761993 0.000000 -0.000000 0.000000
 24 0.260418 -19.713486 -182.090942 0.000000 -0.000000 0.000000
 25 -16.518970 9.856461 11.602509 0.000000 -0.000000 0.000000
 26 12.687091 8.730804 11.181000 0.000000 -0.000000 0.000000
 27 -0.009702 -4.696503 26.700012 0.000000 -0.000000 0.000000
 28 -0.000044 -0.005966 23.601563 0.000000 -0.000000 0.000000
 29 -21.531242 -10.281178 -6.106506 0.036604 0.000000 0.000000
 30 6.667691 -19.285320 -6.979965 -0.168454 -0.032950 0.010232
 31 21.613556 5.850672 -6.561768 0.036604 -0.000000 0.000000
 32 -0.490767 19.244423 -5.608505 0.035859 0.018558 -0.005791
 33 12.172540 -7.748505 -10.307114 0.036604 0.000000 -0.000000
 34 -12.668403 -7.748501 -10.702652 0.036604 0.000000 -0.000000
 35 -0.490773 14.424880 -10.375061 0.035969 0.019373 -0.000796
time 58
  0 0.768169 -0.850492 1.544617 0.000000 -0.000000 0.000000
  1 0.768169 -0.850492 1.544617 0.000000 -0.000000 0.000000
  2 0.984829 -7.246327 246.548599 0.000000 -0.000000 0.000000
  3 0.998367 -3.471023 1.599335 0.000000 -0.000000 0.000000
  4 0.998364 -4.171915 193.001663 -0.107508 -0.008119 -0.056935
  5 -11.802608 0.277811 -45.319931 0.476209 0.000524 -0.007867
  6 -0.797631 4.276009 -49.223640 0.472049 0.009061 -0.208552
  7 -0.000013 0.000000 -7.282917 0.000000 -0.000000 0.000000
  8 11.803280 0.236650 -45.319946 0.918788 -0.006941 0.012845
  9 0.812344 4.273201 -49.223560 0.363895 -0.006871 0.258202
 10 0.000000 0.000000 -7.282921 0.000000 -0.000000 0.000000
 11 -0.004876 0.030418 10.834778 -0.127295 0.002652 0.161170
 12 -16.431324 3.246395 32.898773 -1.395513 0.254326 -1.057478
 13 -12.321602 -2.201935 -17.125484 0.027792 0.002147 -0.020221
 14 -13.252205 -2.413300 -18.422249 0.000000 -0.000514 -0.000000
 15 -3.868649 -0.832962 -6.257854 0.000000 -0.000000 0.000000
 16 -37.279198 -5.051163 -38.191185 0.000000 -0.000000 0.000000
 17 -3.806091 -1.056412 -7.595875 0.000000 -0.000000 0.000000
 18 16.442675 3.189075 32.898773 -1.448955 0.020083 0.754287
 19 12.313795 -2.244888 -17.125641 0.000000 -0.000000 0.000000
 20 13.243649 -2.459518 -18.422237 0.008464 -0.001535 -0.011831
 21 4.038898 -0.928101 -8.488216 0.000000 -0.000000 0.000000
 22 -0.000707 -0.454948 46.067261 0.777095 0.004883 -0.136067
 23 -0.489974 22.757858 18.761993 0.000000 -0.000000 0.000000
 24 0.260424 -19.713470 -182.090942 0.000000 -0.000000 0.000000
 25 -16.518970 9.856461 11.602509 0.000000 -0.000000 0.000000
 26 12.687092 8.730789 11.180969 0.000000 -0.000000 0.000000
 27 -0.009703 -4.696533 26.699997 0.000000 -0.000000 0.000000
 28 -0.000046 -0.005970 23.601593 0.000000 -0.000000 0.000000
 29 -21.531240 -10.281176 -6.106491 0.037742 0.000000 0.000000
 30 6.667692 -19.285315 -6.979950 -0.163459 -0.032093 0.010181
 31 21.613554 5.850670 -6.561737 0.037742 -0.000000 0.000000
 32 -0.490767 19.244423 -5.608505 0.036975 0.019135 -0.005971
 33 12.172541 -7.748507 -10.307083 0.037742 0.000000 0.000000
 34 -12.668400 -7.748503 -10.702637 0.037742 -0.000000 -0.000000
 35 -0.490773 14.424879 -10.375046 0.037088 0.019975 -0.000821
time 59
  0 0.768169 -0.850492 1.544617 0.000000 -0.000000 0.000000
  1 0.768169 -0.850492 1.544617 0.000000 -0.000000 0.000000
  2 0.984829 -7.246327 246.548599 0.000000 -0.000000 0.000000
  3 0.998367 -3.471023 1.599335 0.000000 -0.000000 0.000000
  4 0.998364 -4.413484 192.726883 -0.107508 -0.008118 -0.056903
  5 -11.802614 0.277815 -45.319962 0.477547 0.000532 -0.007887
  6 -0.797635 4.276024 -49.223648 0.471364 0.009117 -0.208607
  7 -0.000011 0.000000 -7.282921 0.000000 -0.000000 0.000000
  8 11.803274 0.236652 -45.319946 0.912623 -0.006859 0.012792
  9 0.812341 4.273224 -49.223557 0.365461 -0.007832 0.258351
 10 0.000004 0.000008 -7.282923 0.000000 -0.000000 0.000000
 11 -0.004938 0.030418 10.834824 -0.125204 0.002653 0.163260
 12 -16.431316 3.246391 32.898773 -1.395816 0.252923 -1.058126
 13 -12.321600 -2.201920 -17.125477 0.027888 0.002158 -0.020291
 14 -13.252197 -2.413300 -18.422243 0.000000 -0.000518 -0.000000
 15 -3.868652 -0.832977 -6.257856 0.000000 -0.000000 0.000000
 16 -37.279190 -5.051147 -38.191162 0.000000 -0.000000 0.000000
 17 -3.806091 -1.056427 -7.595873 0.000000 -0.000000 0.000000
 18 16.442677 3.189072 32.898773 -1.449785 0.020963 0.754496
 19 12.313795 -2.244873 -17.125641 0.000000 -0.000000 0.000000
 20 13.243649 -2.459534 -18.422234 0.008462 -0.001535 -0.011828
 21 4.038898 -0.928131 -8.488216 0.000000 -0.000000 0.000000
 22 -0.000702 -0.454952 46.067245 0.773812 0.004648 -0.137578
 23 -0.489970 22.757858 18.762009 0.000000 -0.000000 0.000000
 24 0.260412 -19.713486 -182.090958 0.000000 -0.000000 0.000000
 25 -16.518967 9.856461 11.602478 0.000000 -0.000000 0.000000
 26 12.687092 8.730804 11.181000 0.000000 -0.000000 0.000000
 27 -0.009702 -4.696533 26.699997 0.000000 -0.000000 0.000000
 28 -0.000043 -0.005966 23.601593 0.000000 -0.000000 0.000000
 29 -21.531242 -10.281179 -6.106506 0.038884 0.000000 0.000000
 30 6.667691 -19.285318 -6.979965 -0.158397 -0.031225 0.010129
 31 21.613554 5.850674 -6.561752 0.038884 -0.000000 0.000000
 32 -0.490767 19.244427 -5.608505 0.038093 0.019714 -0.006152
 33 12.172541 -7.748507 -10.307114 0.038884 0.000000 0.000000
 34 -12.668404 -7.748503 -10.702667 0.038884 -0.000000 0.000000
 35 -0.490774 14.424881 -10.375061 0.038210 0.020580 -0.000846
time 60
  0 0.768169 -0.850492 1.544617 0.000000 -0.000000 0.000000
  1 0.768169 -0.850492 1.544617 0.000000 -0.000000 0.000000
  2 0.984829 -7.246327 246.548599 0.000000 -0.000000 0.000000
  3 0.998367 -3.471023 1.599335 0.000000 -0.000000 0.000000
  4 0.998364 -4.671653 192.471848 -0.107508 -0.008119 -0.056917
  5 -11.802613 0.277813 -45.319962 0.479010 0.000540 -0.007909
  6 -0.797636 4.276016 -49.223656 0.470603 0.009173 -0.208662
  7 -0.000013 -0.000008 -7.282913 0.000000 -0.000000 0.000000
  8 11.803273 0.236652 -45.319946 0.905920 -0.006772 0.012730
  9 0.812342 4.273232 -49.223564 0.367086 -0.008848 0.258508
 10 0.000000 0.000008 -7.282923 0.000000 -0.000000 0.000000
 11 -0.005004 0.030418 10.834885 -0.123047 0.002648 0.165424
 12 -16.431314 3.246399 32.898758 -1.395917 0.251630 -1.058365
 13 -12.321598 -2.201920 -17.125473 0.027735 0.002150 -0.020179
 14 -13.252193 -2.413300 -18.422232 0.000001 -0.000526 0.000000
 15 -3.868656 -0.832962 -6.257854 0.000000 -0.000000 0.000000
 16 -37.279182 -5.051147 -38.191154 0.000000 -0.000000 0.000000
 17 -3.806091 -1.056427 -7.595871 0.000000 -0.000000 0.000000
 18 16.442675 3.189075 32.898758 -1.450420 0.021663 0.754331
 19 12.313793 -2.244888 -17.125643 0.000000 -0.000000 0.000000
 20 13.243649 -2.459503 -18.422230 0.008447 -0.001531 -0.011807
 21 4.038898 -0.928116 -8.488220 0.000000 -0.000000 0.000000
 22 -0.000701 -0.454948 46.067245 0.770585 0.004417 -0.139081
 23 -0.489970 22.757874 18.761993 0.000000 -0.000000 0.000000
 24 0.260406 -19.713470 -182.090927 0.000000 -0.000000 0.000000
 25 -16.518965 9.856491 11.602509 0.000000 -0.000000 0.000000
 26 12.687088 8.730820 11.180969 0.000000 -0.000000 0.000000
 27 -0.009701 -4.696503 26.699997 0.000000 -0.000000 0.000000
 28 -0.000043 -0.005966 23.601578 0.000000 -0.000000 0.000000
 29 -21.531239 -10.281181 -6.106491 0.040029 0.000000 -0.000000
 30 6.667690 -19.285316 -6.979965 -0.153272 -0.030346 0.010075
 31 21.613548 5.850672 -6.561737 0.040029 0.000000 0.000000
 32 -0.490767 19.244427 -5.608490 0.039215 0.020294 -0.006333
 33 12.172538 -7.748505 -10.307098 0.040029 0.000000 -0.000000
 34 -12.668400 -7.748505 -10.702652 0.040029 -0.000000 0.000000
 35 -0.490774 14.424882 -10.375046 0.039335 0.021186 -0.000871
time 61
  0 0.768169 -0.850492 1.544617 0.000000 -0.000000 0.000000
  1 0.768169 -0.850492 1.544617 0.000000 -0.000000 0.000000
  2 0.984829 -7.246327 246.548599 0.000000 -0.000000 0.000000
  3 0.998367 -3.471023 1.599335 0.000000 -0.000000 0.000000
  4 0.998364 -4.944010 192.235565 -0.107507 -0.008120 -0.056943
  5 -11.802610 0.277817 -45.319962 0.480586 0.000549 -0.007932
  6 -0.797635 4.276028 -49.223648 0.469772 0.009230 -0.208718
  7 -0.000011 -0.000008 -7.282917 0.000000 -0.000000 0.000000
  8 11.803276 0.236656 -45.319946 0.898721 -0.006681 0.012661
  9 0.812341 4.273232 -49.223549 0.368762 -0.009911 0.258670
 10 0.000004 0.000000 -7.282921 0.000000 -0.000000 0.000000
 11 -0.005073 0.030416 10.834946 -0.120825 0.002639 0.167657
 12 -16.431316 3.246395 32.898758 -1.396017 0.250395 -1.058602
 13 -12.321604 -2.201935 -17.125479 0.027453 0.002134 -0.019974
 14 -13.252197 -2.413300 -18.422245 0.000002 -0.000539 -0.000000
 15 -3.868649 -0.832962 -6.257849 0.000000 -0.000000 0.000000
 16 -37.279194 -5.051163 -38.191170 0.000000 -0.000000 0.000000
 17 -3.806087 -1.056442 -7.595865 0.000000 -0.000000 0.000000
 18 16.442675 3.189075 32.898773 -1.451043 0.022349 0.754024
 19 12.313793 -2.244888 -17.125637 0.000000 -0.000000 0.000000
 20 13.243652 -2.459503 -18.422234 0.008419 -0.001525 -0.011768
 21 4.038895 -0.928131 -8.488213 0.000000 -0.000000 0.000000
 22 -0.000705 -0.454952 46.067261 0.767424 0.004189 -0.140573
 23 -0.489972 22.757858 18.762009 0.000000 -0.000000 0.000000
 24 0.260422 -19.713501 -182.090958 0.000000 -0.000000 0.000000
 25 -16.518967 9.856461 11.602493 0.000000 -0.000000 0.000000
 26 12.687088 8.730804 11.180984 0.000000 -0.000000 0.000000
 27 -0.009704 -4.696533 26.699982 0.000000 -0.000000 0.000000
 28 -0.000044 -0.005970 23.601578 0.000000 -0.000000 0.000000
 29 -21.531240 -10.281178 -6.106491 0.041176 0.000000 0.000000
 30 6.667692 -19.285313 -6.979965 -0.148091 -0.029457 0.010020
 31 21.613554 5.850674 -6.561752 0.041176 -0.000000 0.000000
 32 -0.490767 19.244427 -5.608490 0.040339 0.020876 -0.006515
 33 12.172541 -7.748505 -10.307114 0.041176 0.000000 0.000000
 34 -12.668402 -7.748505 -10.702667 0.041176 -0.000000 0.000000
 35 -0.490773 14.424883 -10.375061 0.040462 0.021793 -0.000896
time 62
  0 0.768169 -0.850492 1.544617 0.000000 -0.000000 0.000000
  1 0.768169 -0.850492 1.544617 0.000000 -0.000000 0.000000
  2 0.984829 -7.246327 246.548599 0.000000 -0.000000 0.000000
  3 0.998367 -3.471023 1.599335 0.000000 -0.000000 0.000000
  4 0.998364 -5.229515 192.016586 -0.107507 -0.008122 -0.056980
  5 -11.802620 0.277815 -45.319946 0.482271 0.000559 -0.007958
  6 -0.797642 4.276020 -49.223640 0.468875 0.009289 -0.208775
  7 -0.000015 0.000000 -7.282921 0.000000 -0.000000 0.000000
  8 11.803270 0.236654 -45.319931 0.891046 -0.006586 0.012584
  9 0.812336 4.273232 -49.223549 0.370486 -0.011019 0.258837
 10 0.000000 -0.000008 -7.282923 0.000000 -0.000000 0.000000
 11 -0.005141 0.030413 10.835037 -0.118541 0.002627 0.169954
 12 -16.431313 3.246387 32.898758 -1.396116 0.249216 -1.058837
 13 -12.321598 -2.201920 -17.125475 0.027048 0.002111 -0.019679
 14 -13.252197 -2.413315 -18.422245 0.000004 -0.000555 0.000000
 15 -3.868652 -0.832962 -6.257853 0.000000 -0.000000 0.000000
 16 -37.279179 -5.051132 -38.191170 0.000000 -0.000000 0.000000
 17 -3.806087 -1.056427 -7.595869 0.000000 -0.000000 0.000000
 18 16.442680 3.189068 32.898773 -1.451656 0.023023 0.753576
 19 12.313795 -2.244888 -17.125641 0.000000 -0.000000 0.000000
 20 13.243652 -2.459534 -18.422237 0.008380 -0.001516 -0.011713
 21 4.038906 -0.928116 -8.488216 0.000000 -0.000000 0.000000
 22 -0.000697 -0.454952 46.067245 0.764302 0.003964 -0.142057
 23 -0.489967 22.757858 18.762009 0.000000 -0.000000 0.000000
 24 0.260395 -19.713531 -182.090942 0.000000 -0.000000 0.000000
 25 -16.518959 9.856476 11.602509 0.000000 -0.000000 0.000000
 26 12.687090 8.730820 11.181015 0.000000 -0.000000 0.000000
 27 -0.009700 -4.696518 26.699997 0.000000 -0.000000 0.000000
 28 -0.000041 -0.005970 23.601593 0.000000 -0.000000 0.000000
 29 -21.531246 -10.281176 -6.106491 0.042325 0.000000 0.000000
 30 6.667691 -19.285315 -6.979950 -0.142857 -0.028559 0.009964
 31 21.613554 5.850676 -6.561737 0.042325 -0.000000 0.000000
 32 -0.490768 19.244427 -5.608505 0.041464 0.021458 -0.006696
 33 12.172539 -7.748503 -10.307098 0.042325 0.000000 0.000000
 34 -12.668406 -7.748503 -10.702637 0.042325 0.000000 0.000000
 35 -0.490775 14.424882 -10.375046 0.041591 0.022401 -0.000921
time 63
  0 0.768169 -0.850492 1.544617 0.000000 -0.000000 0.000000
  1 0.768169 -0.850492 1.544617 0.000000 -0.000000 0.000000
  2 0.984829 -7.246327 246.548599 0.000000 -0.000000 0.000000
  3 0.998367 -3.471023 1.599335 0.000000 -0.000000 0.000000
  4 0.998364 -5.527125 191.813416 -0.107507 -0.008124 -0.057027
  5 -11.802607 0.277811 -45.319946 0.484059 0.000569 -0.007985
  6 -0.797631 4.276020 -49.223656 0.467914 0.009348 -0.208833
  7 -0.000011 -0.000008 -7.282921 0.000000 -0.000000 0.000000
  8 11.803278 0.236652 -45.319946 0.882916 -0.006488 0.012500
  9 0.812343 4.273201 -49.223564 0.372257 -0.012168 0.259009
 10 0.000004 0.000000 -7.282923 0.000000 -0.000000 0.000000
 11 -0.005216 0.030405 10.835114 -0.116199 0.002611 0.172312
 12 -16.431318 3.246391 32.898773 -1.396214 0.248088 -1.059069
 13 -12.321600 -2.201935 -17.125479 0.026523 0.002082 -0.019296
 14 -13.252201 -2.413300 -18.422243 0.000006 -0.000576 -0.000000
 15 -3.868652 -0.832962 -6.257853 0.000000 -0.000000 0.000000
 16 -37.279186 -5.051178 -38.191154 0.000000 -0.000000 0.000000
 17 -3.806095 -1.056442 -7.595869 0.000000 -0.000000 0.000000
 18 16.442673 3.189072 32.898773 -1.452259 0.023683 0.752988
 19 12.313789 -2.244888 -17.125641 0.000000 -0.000000 0.000000
 20 13.243650 -2.459503 -18.422226 0.008328 -0.001504 -0.011640
 21 4.038898 -0.928085 -8.488213 0.000000 -0.000000 0.000000
 22 -0.000708 -0.454952 46.067276 0.761195 0.003742 -0.143533
 23 -0.489974 22.757874 18.762009 0.000000 -0.000000 0.000000
 24 0.260431 -19.713547 -182.090942 0.000000 -0.000000 0.000000
 25 -16.518967 9.856476 11.602509 0.000000 -0.000000 0.000000
 26 12.687091 8.730835 11.181015 0.000000 -0.000000 0.000000
 27 -0.009704 -4.696503 26.700012 0.000000 -0.000000 0.000000
 28 -0.000046 -0.005970 23.601608 0.000000 -0.000000 0.000000
 29 -21.531239 -10.281181 -6.106491 0.043474 0.000000 -0.000000
 30 6.667691 -19.285316 -6.979950 -0.137575 -0.027653 0.009907
 31 21.613550 5.850670 -6.561737 0.043474 0.000000 0.000000
 32 -0.490766 19.244419 -5.608490 0.042590 0.022041 -0.006878
 33 12.172539 -7.748505 -10.307098 0.043474 0.000000 -0.000000
 34 -12.668400 -7.748505 -10.702637 0.043474 -0.000000 -0.000000
 35 -0.490772 14.424877 -10.375046 0.042720 0.023009 -0.000946
time 64
  0 0.768169 -0.850492 1.544617 0.000000 -0.000000 0.000000
  1 0.768169 -0.850492 1.544617 0.000000 -0.000000 0.000000
  2 0.984829 -7.246327 246.548599 0.000000 -0.000000 0.000000
  3 0.998367 -3.471023 1.599335 0.000000 -0.000000 0.000000
  4 0.998364 -5.835800 191.624573 -0.107507 -0.008127 -0.057086
  5 -11.802612 0.277813 -45.319931 0.485947 0.000580 -0.008014
  6 -0.797633 4.276028 -49.223648 0.466891 0.009409 -0.208892
  7 -0.000013 -0.000008 -7.282921 0.000000 -0.000000 0.000000
  8 11.803274 0.236654 -45.319962 0.874353 -0.006387 0.012408
  9 0.812341 4.273216 -49.223564 0.374072 -0.013358 0.259186
 10 0.000000 -0.000008 -7.282921 0.000000 -0.000000 0.000000
 11 -0.005289 0.030401 10.835175 -0.113803 0.002591 0.174729
 12 -16.431313 3.246399 32.898758 -1.396312 0.247009 -1.059299
 13 -12.321604 -2.201950 -17.125481 0.025884 0.002046 -0.018830
 14 -13.252201 -2.413315 -18.422243 0.000009 -0.000600 -0.000000
 15 -3.868656 -0.832962 -6.257854 0.000000 -0.000000 0.000000
 16 -37.279194 -5.051147 -38.191162 0.000000 -0.000000 0.000000
 17 -3.806091 -1.056427 -7.595867 0.000000 -0.000000 0.000000
 18 16.442675 3.189075 32.898773 -1.452850 0.024329 0.752261
 19 12.313793 -2.244888 -17.125641 0.000000 -0.000000 0.000000
 20 13.243649 -2.459503 -18.422237 0.008265 -0.001490 -0.011552
 21 4.038902 -0.928101 -8.488220 0.000000 -0.000000 0.000000
 22 -0.000702 -0.454945 46.067245 0.758074 0.003522 -0.145004
 23 -0.489970 22.757858 18.762009 0.000000 -0.000000 0.000000
 24 0.260411 -19.713455 -182.090958 0.000000 -0.000000 0.000000
 25 -16.518965 9.856476 11.602509 0.000000 -0.000000 0.000000
 26 12.687088 8.730804 11.181000 0.000000 -0.000000 0.000000
 27 -0.009702 -4.696533 26.699997 0.000000 -0.000000 0.000000
 28 -0.000043 -0.005966 23.601593 0.000000 -0.000000 0.000000
 29 -21.531242 -10.281176 -6.106506 0.044624 0.000000 -0.000000
 30 6.667689 -19.285318 -6.979965 -0.132251 -0.026739 0.009849
 31 21.613552 5.850672 -6.561737 0.044624 -0.000000 0.000000
 32 -0.490767 19.244427 -5.608490 0.043716 0.022624 -0.007060
 33 12.172539 -7.748507 -10.307098 0.044624 0.000000 -0.000000
 34 -12.668403 -7.748503 -10.702652 0.044624 -0.000000 -0.000000
 35 -0.490773 14.424881 -10.375031 0.043850 0.023618 -0.000971
time 65
  0 0.768169 -0.850492 1.544617 0.000000 -0.000000 0.000000
  1 0.768169 -0.850492 1.544617 0.000000 -0.000000 0.000000
  2 0.984829 -7.246327 246.548599 0.000000 -0.000000 0.000000
  3 0.998367 -3.471023 1.599335 0.000000 -0.000000 0.000000
  4 0.998364 -6.154499 191.448578 -0.107506 -0.008130 -0.057154
  5 -11.802613 0.277817 -45.319946 0.487929 0.000591 -0.008044
  6 -0.797633 4.276020 -49.223625 0.465809 0.009471 -0.208952
  7 -0.000011 -0.000008 -7.282925 0.000000 -0.000000 0.000000
  8 11.803276 0.236656 -45.319946 0.865374 -0.006282 0.012310
  9 0.812343 4.273232 -49.223549 0.375928 -0.014586 0.259366
 10 0.000000 -0.000008 -7.282923 0.000000 -0.000000 0.000000
 11 -0.005364 0.030397 10.835251 -0.111355 0.002568 0.177199
 12 -16.431322 3.246391 32.898773 -1.396408 0.245974 -1.059527
 13 -12.321606 -2.201935 -17.125484 0.025133 0.002004 -0.018283
 14 -13.252201 -2.413315 -18.422256 0.000012 -0.000628 -0.000000
 15 -3.868652 -0.832962 -6.257847 0.000000 -0.000000 0.000000
 16 -37.279190 -5.051147 -38.191177 0.000000 -0.000000 0.000000
 17 -3.806095 -1.056412 -7.595871 0.000000 -0.000000 0.000000
 18 16.442678 3.189072 32.898758 -1.453431 0.024962 0.751395
 19 12.313789 -2.244904 -17.125643 0.000000 -0.000000 0.000000
 20 13.243649 -2.459518 -18.422234 0.008192 -0.001473 -0.011449
 21 4.038902 -0.928101 -8.488216 0.000000 -0.000000 0.000000
 22 -0.000704 -0.454952 46.067261 0.754915 0.003304 -0.146469
 23 -0.489971 22.757858 18.761963 0.000000 -0.000000 0.000000
 24 0.260417 -19.713470 -182.090942 0.000000 -0.000000 0.000000
 25 -16.518967 9.856476 11.602478 0.000000 -0.000000 0.000000
 26 12.687092 8.730820 11.180969 0.000000 -0.000000 0.000000
 27 -0.009703 -4.696503 26.699997 0.000000 -0.000000 0.000000
 28 -0.000044 -0.005970 23.601578 0.000000 -0.000000 0.000000
 29 -21.531244 -10.281178 -6.106491 0.045772 0.000000 -0.000000
 30 6.667691 -19.285313 -6.979950 -0.126888 -0.025819 0.009790
 31 21.613558 5.850674 -6.561737 0.045772 -0.000000 0.000000
 32 -0.490766 19.244427 -5.608505 0.044842 0.023206 -0.007242
 33 12.172541 -7.748505 -10.307098 0.045772 0.000000 -0.000000
 34 -12.668405 -7.748505 -10.702637 0.045772 0.000000 -0.000000
 35 -0.490773 14.424883 -10.375031 0.044979 0.024226 -0.000996
time 66
  0 0.768169 -0.850492 1.544617 0.000000 -0.000000 0.000000
  1 0.768169 -0.850492 1.544617 0.000000 -0.000000 0.000000
  2 0.984829 -7.246327 246.548599 0.000000 -0.000000 0.000000
  3 0.998367 -3.471023 1.599335 0.000000 -0.000000 0.000000
  4 0.998364 -6.482179 191.283966 -0.107506 -0.008134 -0.057232
  5 -11.802612 0.277813 -45.319946 0.490001 0.000603 -0.008075
  6 -0.797631 4.276024 -49.223633 0.464672 0.009534 -0.209012
  7 -0.000011 -0.000008 -7.282917 0.000000 -0.000000 0.000000
  8 11.803278 0.236652 -45.319946 0.856002 -0.006175 0.012206
  9 0.812342 4.273239 -49.223564 0.377822 -0.015850 0.259551
 10 0.000008 0.000008 -7.282921 0.000000 -0.000000 0.000000
 11 -0.005442 0.030388 10.835312 -0.108859 0.002541 0.179720
 12 -16.431322 3.246395 32.898773 -1.396502 0.244981 -1.059751
 13 -12.321606 -2.201935 -17.125484 0.024277 0.001956 -0.017659
 14 -13.252201 -2.413300 -18.422258 0.000016 -0.000659 -0.000000
 15 -3.868652 -0.832947 -6.257854 0.000000 -0.000000 0.000000
 16 -37.279205 -5.051163 -38.191200 0.000000 -0.000000 0.000000
 17 -3.806095 -1.056412 -7.595875 0.000000 -0.000000 0.000000
 18 16.442678 3.189075 32.898758 -1.454000 0.025581 0.750392
 19 12.313795 -2.244858 -17.125652 0.000000 -0.000000 0.000000
 20 13.243656 -2.459518 -18.422237 0.008108 -0.001454 -0.011331
 21 4.038898 -0.928116 -8.488220 0.000000 -0.000000 0.000000
 22 -0.000705 -0.454948 46.067261 0.751690 0.003087 -0.147931
 23 -0.489972 22.757858 18.762009 0.000000 -0.000000 0.000000
 24 0.260424 -19.713470 -182.090973 0.000000 -0.000000 0.000000
 25 -16.518970 9.856461 11.602493 0.000000 -0.000000 0.000000
 26 12.687093 8.730804 11.180984 0.000000 -0.000000 0.000000
 27 -0.009704 -4.696526 26.699997 0.000000 -0.000000 0.000000
 28 -0.000045 -0.005970 23.601578 0.000000 -0.000000 0.000000
 29 -21.531246 -10.281181 -6.106491 0.046920 0.000000 0.000000
 30 6.667693 -19.285324 -6.979965 -0.121492 -0.024894 0.009729
 31 21.613556 5.850672 -6.561737 0.046920 -0.000000 0.000000
 32 -0.490766 19.244425 -5.608490 0.045966 0.023788 -0.007423
 33 12.172543 -7.748508 -10.307098 0.046920 0.000000 -0.000000
 34 -12.668404 -7.748505 -10.702637 0.046920 0.000000 0.000000
 35 -0.490773 14.424883 -10.375061 0.046107 0.024833 -0.001021
time 67
  0 0.768169 -0.850492 1.544617 0.000000 -0.000000 0.000000
  1 0.768169 -0.850492 1.544617 0.000000 -0.000000 0.000000
  2 0.984829 -7.246327 246.548599 0.000000 -0.000000 0.000000
  3 0.998367 -3.471023 1.599335 0.000000 -0.000000 0.000000
  4 0.998364 -6.817801 191.129257 -0.107505 -0.008138 -0.057319
  5 -11.802611 0.277813 -45.319962 0.492158 0.000616 -0.008108
  6 -0.797632 4.276009 -49.223640 0.463482 0.009597 -0.209074
  7 -0.000013 0.000000 -7.282913 0.000000 -0.000000 0.000000
  8 11.803277 0.236652 -45.319962 0.846257 -0.006064 0.012095
  9 0.812345 4.273216 -49.223557 0.379752 -0.017148 0.259740
 10 0.000008 0.000000 -7.282917 0.000000 -0.000000 0.000000
 11 -0.005520 0.030380 10.835388 -0.106319 0.002511 0.182288
 12 -16.431314 3.246391 32.898758 -1.396596 0.244025 -1.059973
 13 -12.321600 -2.201920 -17.125477 0.023319 0.001903 -0.016960
 14 -13.252197 -2.413300 -18.422251 0.000020 -0.000694 -0.000000
 15 -3.868649 -0.832962 -6.257858 0.000000 -0.000000 0.000000
 16 -37.279205 -5.051147 -38.191177 0.000000 -0.000000 0.000000
 17 -3.806091 -1.056427 -7.595871 0.000000 -0.000000 0.000000
 18 16.442673 3.189072 32.898758 -1.454558 0.026186 0.749252
 19 12.313789 -2.244858 -17.125637 0.000000 -0.000000 0.000000
 20 13.243645 -2.459518 -18.422234 0.008013 -0.001432 -0.011199
 21 4.038902 -0.928101 -8.488213 0.000000 -0.000000 0.000000
 22 -0.000705 -0.454952 46.067245 0.748373 0.002870 -0.149391
 23 -0.489972 22.757858 18.762009 0.000000 -0.000000 0.000000
 24 0.260427 -19.713470 -182.090958 0.000000 -0.000000 0.000000
 25 -16.518967 9.856461 11.602509 0.000000 -0.000000 0.000000
 26 12.687090 8.730804 11.181000 0.000000 -0.000000 0.000000
 27 -0.009705 -4.696526 26.699997 0.000000 -0.000000 0.000000
 28 -0.000044 -0.005970 23.601578 0.000000 -0.000000 0.000000
 29 -21.531242 -10.281181 -6.106491 0.048065 0.000000 -0.000000
 30 6.667691 -19.285316 -6.979965 -0.116067 -0.023963 0.009668
 31 21.613556 5.850672 -6.561752 0.048065 0.000000 0.000000
 32 -0.490766 19.244427 -5.608521 0.047088 0.024369 -0.007605
 33 12.172543 -7.748505 -10.307098 0.048065 0.000000 -0.000000
 34 -12.668402 -7.748505 -10.702652 0.048065 -0.000000 0.000000
 35 -0.490773 14.424881 -10.375061 0.047232 0.025439 -0.001046
time 68
  0 0.768169 -0.850492 1.544617 0.000000 -0.000000 0.000000
  1 0.768169 -0.850492 1.544617 0.000000 -0.000000 0.000000
  2 0.984829 -7.246327 246.548599 0.000000 -0.000000 0.000000
  3 0.998367 -3.471023 1.599335 0.000000 -0.000000 0.000000
  4 0.998364 -7.160323 190.982956 -0.107505 -0.008143 -0.057416
  5 -11.802615 0.277813 -45.319946 0.494396 0.000629 -0.008143
  6 -0.797635 4.276028 -49.223633 0.462241 0.009661 -0.209136
  7 -0.000013 0.000000 -7.282921 0.000000 -0.000000 0.000000
  8 11.803275 0.236652 -45.319931 0.836159 -0.005951 0.011978
  9 0.812340 4.273224 -49.223564 0.381715 -0.018477 0.259932
 10 0.000004 0.000008 -7.282917 0.000000 -0.000000 0.000000
 11 -0.005599 0.030375 10.835480 -0.103737 0.002479 0.184901
 12 -16.431320 3.246391 32.898773 -1.396689 0.243104 -1.060191
 13 -12.321604 -2.201935 -17.125481 0.022263 0.001844 -0.016191
 14 -13.252197 -2.413300 -18.422251 0.000024 -0.000732 -0.000000
 15 -3.868652 -0.832962 -6.257849 0.000000 -0.000000 0.000000
 16 -37.279194 -5.051147 -38.191189 0.000000 -0.000000 0.000000
 17 -3.806095 -1.056396 -7.595873 0.000000 -0.000000 0.000000
 18 16.442682 3.189075 32.898773 -1.455104 0.026777 0.747976
 19 12.313793 -2.244873 -17.125643 0.000000 -0.000000 0.000000
 20 13.243649 -2.459518 -18.422237 0.007910 -0.001409 -0.011054
 21 4.038895 -0.928116 -8.488216 0.000000 -0.000000 0.000000
 22 -0.000700 -0.454945 46.067245 0.744938 0.002655 -0.150850
 23 -0.489969 22.757858 18.761978 0.000000 -0.000000 0.000000
 24 0.260409 -19.713455 -182.091003 0.000000 -0.000000 0.000000
 25 -16.518965 9.856476 11.602493 0.000000 -0.000000 0.000000
 26 12.687092 8.730820 11.180984 0.000000 -0.000000 0.000000
 27 -0.009703 -4.696541 26.699982 0.000000 -0.000000 0.000000
 28 -0.000042 -0.005966 23.601593 0.000000 -0.000000 0.000000
 29 -21.531242 -10.281185 -6.106491 0.049208 0.000000 -0.000000
 30 6.667691 -19.285320 -6.979950 -0.110618 -0.023028 0.009606
 31 21.613556 5.850674 -6.561737 0.049208 0.000000 -0.000000
 32 -0.490767 19.244431 -5.608490 0.048208 0.024948 -0.007785
 33 12.172542 -7.748508 -10.307083 0.049208 0.000000 0.000000
 34 -12.668404 -7.748505 -10.702637 0.049208 -0.000000 -0.000000
 35 -0.490774 14.424885 -10.375046 0.048355 0.026044 -0.001070
time 69
  0 0.768169 -0.850492 1.544617 0.000000 -0.000000 0.000000
  1 0.768169 -0.850492 1.544617 0.000000 -0.000000 0.000000
  2 0.984829 -7.246327 246.548599 0.000000 -0.000000 0.000000
  3 0.998367 -3.471023 1.599335 0.000000 -0.000000 0.000000
  4 0.998364 -7.508703 190.843613 -0.107504 -0.008149 -0.057520
  5 -11.802609 0.277813 -45.319962 0.496710 0.000642 -0.008178
  6 -0.797631 4.276016 -49.223640 0.460953 0.009727 -0.209199
  7 -0.000013 0.000000 -7.282917 0.000000 -0.000000 0.000000
  8 11.803281 0.236652 -45.319946 0.825727 -0.005836 0.011856
  9 0.812343 4.273216 -49.223572 0.383709 -0.019836 0.260127
 10 0.000008 0.000000 -7.282921 0.000000 -0.000000 0.000000
 11 -0.005682 0.030365 10.835541 -0.101118 0.002443 0.187553
 12 -16.431318 3.246391 32.898773 -1.396780 0.242214 -1.060407
 13 -12.321602 -2.201920 -17.125483 0.021114 0.001780 -0.015354
 14 -13.252201 -2.413315 -18.422245 0.000029 -0.000773 -0.000000
 15 -3.868649 -0.832977 -6.257847 0.000000 -0.000000 0.000000
 16 -37.279194 -5.051147 -38.191177 0.000000 -0.000000 0.000000
 17 -3.806091 -1.056427 -7.595871 0.000000 -0.000000 0.000000
 18 16.442675 3.189075 32.898758 -1.455639 0.027355 0.746564
 19 12.313793 -2.244873 -17.125639 0.000000 -0.000000 0.000000
 20 13.243650 -2.459534 -18.422230 0.007797 -0.001383 -0.010896
 21 4.038902 -0.928116 -8.488209 0.000000 -0.000000 0.000000
 22 -0.000706 -0.454952 46.067276 0.741359 0.002439 -0.152309
 23 -0.489974 22.757874 18.761978 0.000000 -0.000000 0.000000
 24 0.260425 -19.713516 -182.090973 0.000000 -0.000000 0.000000
 25 -16.518967 9.856476 11.602493 0.000000 -0.000000 0.000000
 26 12.687090 8.730820 11.181000 0.000000 -0.000000 0.000000
 27 -0.009703 -4.696518 26.699997 0.000000 -0.000000 0.000000
 28 -0.000045 -0.005970 23.601593 0.000000 -0.000000 0.000000
 29 -21.531242 -10.281178 -6.106506 0.050347 0.000000 0.000000
 30 6.667691 -19.285320 -6.979950 -0.105151 -0.022090 0.009542
 31 21.613556 5.850674 -6.561768 0.050347 0.000000 -0.000000
 32 -0.490766 19.244427 -5.608505 0.049324 0.025526 -0.007966
 33 12.172541 -7.748505 -10.307114 0.050347 0.000000 -0.000000
 34 -12.668402 -7.748508 -10.702652 0.050347 -0.000000 0.000000
 35 -0.490773 14.424881 -10.375046 0.049475 0.026647 -0.001095
time 70
  0 0.768169 -0.850492 1.544617 0.000000 -0.000000 0.000000
  1 0.768169 -0.850492 1.544617 0.000000 -0.000000 0.000000
  2 0.984829 -7.246327 246.548599 0.000000 -0.000000 0.000000
  3 0.998367 -3.471023 1.599335 0.000000 -0.000000 0.000000
  4 0.998364 -7.861901 190.709732 -0.107504 -0.008154 -0.057633
  5 -11.802615 0.277811 -45.319962 0.499096 0.000656 -0.008215
  6 -0.797636 4.276028 -49.223648 0.459620 0.009792 -0.209262
  7 -0.000013 0.000000 -7.282917 0.000000 -0.000000 0.000000
  8 11.803276 0.236650 -45.319962 0.814984 -0.005718 0.011729
  9 0.812343 4.273216 -49.223564 0.385730 -0.021222 0.260325
 10 0.000000 0.000008 -7.282919 0.000000 -0.000000 0.000000
 11 -0.005762 0.030354 10.835632 -0.098464 0.002405 0.190242
 12 -16.431316 3.246395 32.898773 -1.396869 0.241352 -1.060619
 13 -12.321604 -2.201935 -17.125484 0.019877 0.001711 -0.014452
 14 -13.252201 -2.413315 -18.422245 0.000035 -0.000817 -0.000000
 15 -3.868652 -0.832962 -6.257851 0.000000 -0.000000 0.000000
 16 -37.279182 -5.051147 -38.191162 0.000000 -0.000000 0.000000
 17 -3.806091 -1.056412 -7.595871 0.000000 -0.000000 0.000000
 18 16.442677 3.189068 32.898773 -1.456162 0.027919 0.745019
 19 12.313789 -2.244904 -17.125645 0.000000 -0.000000 0.000000
 20 13.243652 -2.459503 -18.422241 0.007676 -0.001355 -0.010725
 21 4.038902 -0.928101 -8.488213 0.000000 -0.000000 0.000000
 22 -0.000701 -0.454948 46.067261 0.737610 0.002222 -0.153769
 23 -0.489971 22.757858 18.761963 0.000000 -0.000000 0.000000
 24 0.260409 -19.713470 -182.090958 0.000000 -0.000000 0.000000
 25 -16.518967 9.856476 11.602478 0.000000 -0.000000 0.000000
 26 12.687090 8.730820 11.180984 0.000000 -0.000000 0.000000
 27 -0.009701 -4.696526 26.699982 0.000000 -0.000000 0.000000
 28 -0.000042 -0.005970 23.601593 0.000000 -0.000000 0.000000
 29 -21.531244 -10.281183 -6.106506 0.051482 0.000000 0.000000
 30 6.667691 -19.285318 -6.979980 -0.099668 -0.021150 0.009478
 31 21.613556 5.850676 -6.561752 0.051482 0.000000 0.000000
 32 -0.490766 19.244427 -5.608505 0.050436 0.026101 -0.008145
 33 12.172542 -7.748507 -10.307098 0.051482 0.000000 0.000000
 34 -12.668405 -7.748507 -10.702652 0.051482 0.000000 -0.000000
 35 -0.490773 14.424881 -10.375061 0.050590 0.027248 -0.001120
time 71
  0 0.768169 -0.850492 1.544617 0.000000 -0.000000 0.000000
  1 0.768169 -0.850492 1.544617 0.000000 -0.000000 0.000000
  2 0.984829 -7.246327 246.548599 0.000000 -0.000000 0.000000
  3 0.998367 -3.471023 1.599335 0.000000 -0.000000 0.000000
  4 0.998364 -8.218875 190.579834 -0.107503 -0.008160 -0.057753
  5 -11.802607 0.277813 -45.319946 0.501549 0.000671 -0.008253
  6 -0.797629 4.276016 -49.223648 0.458245 0.009859 -0.209326
  7 -0.000015 0.000000 -7.282913 0.000000 -0.000000 0.000000
  8 11.803280 0.236652 -45.319931 0.803949 -0.005599 0.011596
  9 0.812345 4.273216 -49.223564 0.387776 -0.022634 0.260527
 10 0.000008 0.000008 -7.282919 0.000000 -0.000000 0.000000
 11 -0.005847 0.030344 10.835739 -0.095779 0.002364 0.192964
 12 -16.431322 3.246391 32.898788 -1.396958 0.240514 -1.060827
 13 -12.321602 -2.201935 -17.125481 0.018556 0.001637 -0.013489
 14 -13.252205 -2.413315 -18.422251 0.000040 -0.000863 -0.000000
 15 -3.868652 -0.832962 -6.257856 0.000000 -0.000000 0.000000
 16 -37.279198 -5.051163 -38.191181 0.000000 -0.000000 0.000000
 17 -3.806091 -1.056427 -7.595865 0.000000 -0.000000 0.000000
 18 16.442671 3.189072 32.898773 -1.456672 0.028468 0.743341
 19 12.313793 -2.244858 -17.125643 0.000000 -0.000000 0.000000
 20 13.243645 -2.459518 -18.422237 0.007546 -0.001326 -0.010543
 21 4.038898 -0.928101 -8.488220 0.000000 -0.000000 0.000000
 22 -0.000708 -0.454952 46.067261 0.733663 0.002004 -0.155232
 23 -0.489973 22.757889 18.762009 0.000000 -0.000000 0.000000
 24 0.260429 -19.713562 -182.090973 0.000000 -0.000000 0.000000
 25 -16.518965 9.856491 11.602509 0.000000 -0.000000 0.000000
 26 12.687088 8.730820 11.181000 0.000000 -0.000000 0.000000
 27 -0.009704 -4.696495 26.699997 0.000000 -0.000000 0.000000
 28 -0.000046 -0.005970 23.601593 0.000000 -0.000000 0.000000
 29 -21.531240 -10.281181 -6.106476 0.052613 0.000000 0.000000
 30 6.667691 -19.285316 -6.979950 -0.094177 -0.020207 0.009413
 31 21.613550 5.850674 -6.561752 0.052612 -0.000000 0.000000
 32 -0.490766 19.244423 -5.608490 0.051543 0.026674 -0.008324
 33 12.172540 -7.748505 -10.307098 0.052613 0.000000 0.000000
 34 -12.668400 -7.748505 -10.702652 0.052613 0.000000 0.000000
 35 -0.490772 14.424879 -10.375031 0.051700 0.027846 -0.001144
time 72
  0 0.768169 -0.850492 1.544617 0.000000 -0.000000 0.000000
  1 0.768169 -0.850492 1.544617 0.000000 -0.000000 0.000000
  2 0.984829 -7.246327 246.548599 0.000000 -0.000000 0.000000
  3 0.998367 -3.471023 1.599335 0.000000 -0.000000 0.000000
  4 0.998364 -8.578584 190.452438 -0.107502 -0.008166 -0.057881
  5 -11.802616 0.277813 -45.319946 0.504063 0.000685 -0.008291
  6 -0.797635 4.276031 -49.223648 0.456831 0.009925 -0.209390
  7 -0.000015 0.000000 -7.282917 0.000000 -0.000000 0.000000
  8 11.803274 0.236652 -45.319946 0.792642 -0.005477 0.011459
  9 0.812343 4.273216 -49.223557 0.389846 -0.024069 0.260730
 10 0.000004 0.000008 -7.282917 0.000000 -0.000000 0.000000
 11 -0.005930 0.030333 10.835800 -0.093066 0.002320 0.195716
 12 -16.431316 3.246391 32.898758 -1.397044 0.239696 -1.061032
 13 -12.321602 -2.201935 -17.125481 0.017154 0.001558 -0.012467
 14 -13.252197 -2.413315 -18.422247 0.000046 -0.000913 -0.000000
 15 -3.868649 -0.832977 -6.257849 0.000000 -0.000000 0.000000
 16 -37.279186 -5.051147 -38.191181 0.000000 -0.000000 0.000000
 17 -3.806091 -1.056427 -7.595873 0.000000 -0.000000 0.000000
 18 16.442677 3.189072 32.898758 -1.457171 0.029003 0.741529
 19 12.313791 -2.244888 -17.125635 0.000000 -0.000000 0.000000
 20 13.243649 -2.459503 -18.422234 0.007408 -0.001294 -0.010351
 21 4.038898 -0.928101 -8.488216 0.000000 -0.000000 0.000000
 22 -0.000702 -0.454952 46.067261 0.729493 0.001785 -0.156699
 23 -0.489970 22.757851 18.761978 0.000000 -0.000000 0.000000
 24 0.260420 -19.713486 -182.090942 0.000000 -0.000000 0.000000
 25 -16.518965 9.856468 11.602509 0.000000 -0.000000 0.000000
 26 12.687090 8.730797 11.181000 0.000000 -0.000000 0.000000
 27 -0.009704 -4.696541 26.699982 0.000000 -0.000000 0.000000
 28 -0.000043 -0.005970 23.601578 0.000000 -0.000000 0.000000
 29 -21.531248 -10.281183 -6.106476 0.053737 0.000000 0.000000
 30 6.667691 -19.285318 -6.979950 -0.088680 -0.019264 0.009347
 31 21.613554 5.850674 -6.561752 0.053737 -0.000000 0.000000
 32 -0.490767 19.244431 -5.608505 0.052644 0.027244 -0.008502
 33 12.172541 -7.748507 -10.307098 0.053737 0.000000 0.000000
 34 -12.668404 -7.748507 -10.702652 0.053737 -0.000000 0.000000
 35 -0.490774 14.424887 -10.375061 0.052805 0.028441 -0.001169
time 73
  0 0.768169 -0.850492 1.544617 0.000000 -0.000000 0.000000
  1 0.768169 -0.850492 1.544617 0.000000 -0.000000 0.000000
  2 0.984829 -7.246327 246.548599 0.000000 -0.000000 0.000000
  3 0.998367 -3.471023 1.599335 0.000000 -0.000000 0.000000
  4 0.998364 -8.939986 190.326080 -0.107501 -0.008173 -0.058015
  5 -11.802618 0.277813 -45.319962 0.506636 0.000700 -0.008331
  6 -0.797637 4.276016 -49.223648 0.455380 0.009992 -0.209455
  7 -0.000013 0.000000 -7.282921 0.000000 -0.000000 0.000000
  8 11.803276 0.236652 -45.319946 0.781085 -0.005353 0.011318
  9 0.812342 4.273201 -49.223572 0.391935 -0.025525 0.260936
 10 0.000000 -0.000008 -7.282921 0.000000 -0.000000 0.000000
 11 -0.006014 0.030319 10.835892 -0.090329 0.002275 0.198494
 12 -16.431318 3.246391 32.898773 -1.397129 0.238897 -1.061233
 13 -12.321602 -2.201935 -17.125486 0.015678 0.001476 -0.011391
 14 -13.252205 -2.413315 -18.422258 0.000053 -0.000964 -0.000000
 15 -3.868656 -0.832977 -6.257854 0.000000 -0.000000 0.000000
 16 -37.279202 -5.051132 -38.191193 0.000000 -0.000000 0.000000
 17 -3.806091 -1.056412 -7.595871 0.000000 -0.000000 0.000000
 18 16.442680 3.189068 32.898773 -1.457657 0.029524 0.739587
 19 12.313799 -2.244888 -17.125645 0.000000 -0.000000 0.000000
 20 13.243654 -2.459518 -18.422234 0.007263 -0.001261 -0.010147
 21 4.038902 -0.928131 -8.488220 0.000000 -0.000000 0.000000
 22 -0.000701 -0.454952 46.067261 0.725073 0.001564 -0.158171
 23 -0.489969 22.757858 18.761978 0.000000 -0.000000 0.000000
 24 0.260415 -19.713501 -182.090942 0.000000 -0.000000 0.000000
 25 -16.518970 9.856476 11.602509 0.000000 -0.000000 0.000000
 26 12.687094 8.730820 11.181000 0.000000 -0.000000 0.000000
 27 -0.009703 -4.696526 26.699982 0.000000 -0.000000 0.000000
 28 -0.000042 -0.005974 23.601593 0.000000 -0.000000 0.000000
 29 -21.531248 -10.281181 -6.106476 0.054855 0.000000 0.000000
 30 6.667691 -19.285320 -6.979950 -0.083184 -0.018322 0.009279
 31 21.613558 5.850674 -6.561752 0.054855 -0.000000 -0.000000
 32 -0.490766 19.244427 -5.608490 0.053740 0.027811 -0.008679
 33 12.172543 -7.748505 -10.307083 0.054855 0.000000 0.000000
 34 -12.668407 -7.748508 -10.702637 0.054855 -0.000000 -0.000000
 35 -0.490774 14.424881 -10.375046 0.053904 0.029033 -0.001193
time 74
  0 0.768169 -0.850492 1.544617 0.000000 -0.000000 0.000000
  1 0.768169 -0.850492 1.544617 0.000000 -0.000000 0.000000
  2 0.984829 -7.246327 246.548599 0.000000 -0.000000 0.000000
  3 0.998367 -3.471023 1.599335 0.000000 -0.000000 0.000000
  4 0.998364 -9.302041 190.199280 -0.107501 -0.008180 -0.058156
  5 -11.802609 0.277817 -45.319946 0.509262 0.000716 -0.008372
  6 -0.797629 4.276024 -49.223640 0.453896 0.010060 -0.209520
  7 -0.000013 -0.000008 -7.282917 0.000000 -0.000000 0.000000
  8 11.803280 0.236656 -45.319962 0.769296 -0.005228 0.011173
  9 0.812347 4.273224 -49.223564 0.394041 -0.027000 0.261143
 10 0.000000 -0.000008 -7.282921 0.000000 -0.000000 0.000000
 11 -0.006102 0.030308 10.835953 -0.087571 0.002227 0.201295
 12 -16.431320 3.246391 32.898773 -1.397213 0.238110 -1.061430
 13 -12.321604 -2.201920 -17.125483 0.014130 0.001389 -0.010263
 14 -13.252205 -2.413315 -18.422255 0.000059 -0.001018 -0.000000
 15 -3.868652 -0.832962 -6.257854 0.000000 -0.000000 0.000000
 16 -37.279198 -5.051147 -38.191196 0.000000 -0.000000 0.000000
 17 -3.806091 -1.056396 -7.595879 0.000000 -0.000000 0.000000
 18 16.442673 3.189068 32.898773 -1.458131 0.030030 0.737513
 19 12.313795 -2.244873 -17.125641 0.000000 -0.000000 0.000000
 20 13.243652 -2.459518 -18.422237 0.007111 -0.001226 -0.009934
 21 4.038902 -0.928101 -8.488224 0.000000 -0.000000 0.000000
 22 -0.000708 -0.454952 46.067261 0.720377 0.001341 -0.159649
 23 -0.489974 22.757858 18.761993 0.000000 -0.000000 0.000000
 24 0.260433 -19.713531 -182.090988 0.000000 -0.000000 0.000000
 25 -16.518969 9.856476 11.602509 0.000000 -0.000000 0.000000
 26 12.687090 8.730820 11.181000 0.000000 -0.000000 0.000000
 27 -0.009705 -4.696526 26.699997 0.000000 -0.000000 0.000000
 28 -0.000046 -0.005974 23.601593 0.000000 -0.000000 0.000000
 29 -21.531244 -10.281178 -6.106506 0.055966 0.000000 0.000000
 30 6.667690 -19.285313 -6.979965 -0.077692 -0.017379 0.009211
 31 21.613556 5.850674 -6.561752 0.055966 -0.000000 0.000000
 32 -0.490765 19.244425 -5.608505 0.054829 0.028375 -0.008855
 33 12.172543 -7.748501 -10.307114 0.055966 0.000000 0.000000
 34 -12.668403 -7.748501 -10.702667 0.055966 -0.000000 0.000000
 35 -0.490772 14.424880 -10.375061 0.054996 0.029621 -0.001217
time 75
  0 0.768169 -0.850492 1.544617 0.000000 -0.000000 0.000000
  1 0.768169 -0.850492 1.544617 0.000000 -0.000000 0.000000
  2 0.984829 -7.246327 246.548599 0.000000 -0.000000 0.000000
  3 0.998367 -3.471023 1.599335 0.000000 -0.000000 0.000000
  4 0.998364 -9.663708 190.070557 -0.107500 -0.008187 -0.058303
  5 -11.802614 0.277817 -45.319962 0.511936 0.000731 -0.008413
  6 -0.797633 4.276020 -49.223656 0.452380 0.010128 -0.209584
  7 -0.000013 -0.000008 -7.282921 0.000000 -0.000000 0.000000
  8 11.803276 0.236656 -45.319962 0.757298 -0.005102 0.011024
  9 0.812343 4.273209 -49.223579 0.396162 -0.028491 0.261352
 10 0.000000 0.000000 -7.282921 0.000000 -0.000000 0.000000
 11 -0.006187 0.030294 10.836044 -0.084795 0.002177 0.204116
 12 -16.431320 3.246391 32.898758 -1.397295 0.237334 -1.061623
 13 -12.321602 -2.201935 -17.125484 0.012516 0.001299 -0.009086
 14 -13.252193 -2.413315 -18.422253 0.000066 -0.001075 -0.000000
 15 -3.868649 -0.832962 -6.257856 0.000000 -0.000000 0.000000
 16 -37.279171 -5.051163 -38.191177 0.000000 -0.000000 0.000000
 17 -3.806091 -1.056427 -7.595877 0.000000 -0.000000 0.000000
 18 16.442675 3.189068 32.898773 -1.458593 0.030522 0.735310
 19 12.313789 -2.244888 -17.125641 0.000000 -0.000000 0.000000
 20 13.243652 -2.459534 -18.422237 0.006953 -0.001190 -0.009712
 21 4.038902 -0.928085 -8.488216 0.000000 -0.000000 0.000000
 22 -0.000704 -0.454956 46.067261 0.715379 0.001115 -0.161136
 23 -0.489970 22.757866 18.761993 0.000000 -0.000000 0.000000
 24 0.260415 -19.713539 -182.090973 0.000000 -0.000000 0.000000
 25 -16.518969 9.856468 11.602509 0.000000 -0.000000 0.000000
 26 12.687093 8.730812 11.181000 0.000000 -0.000000 0.000000
 27 -0.009702 -4.696526 26.699997 0.000000 -0.000000 0.000000
 28 -0.000044 -0.005974 23.601578 0.000000 -0.000000 0.000000
 29 -21.531244 -10.281178 -6.106506 0.057070 0.000000 0.000000
 30 6.667690 -19.285316 -6.979965 -0.072210 -0.016439 0.009142
 31 21.613554 5.850676 -6.561752 0.057070 -0.000000 0.000000
 32 -0.490766 19.244423 -5.608490 0.055910 0.028934 -0.009029
 33 12.172541 -7.748501 -10.307098 0.057070 0.000000 -0.000000
 34 -12.668404 -7.748505 -10.702652 0.057070 -0.000000 0.000000
 35 -0.490773 14.424881 -10.375061 0.056081 0.030205 -0.001241
time 76
  0 0.768169 -0.850492 1.544617 0.000000 -0.000000 0.000000
  1 0.768169 -0.850492 1.544617 0.000000 -0.000000 0.000000
  2 0.984829 -7.246327 246.548599 0.000000 -0.000000 0.000000
  3 0.998367 -3.471023 1.599335 0.000000 -0.000000 0.000000
  4 0.998364 -10.023945 189.938431 -0.107499 -0.008195 -0.058456
  5 -11.802613 0.277813 -45.319946 0.514653 0.000747 -0.008455
  6 -0.797634 4.276035 -49.223648 0.450837 0.010195 -0.209650
  7 -0.000013 0.000000 -7.282921 0.000000 -0.000000 0.000000
  8 11.803277 0.236654 -45.319946 0.745109 -0.004975 0.010871
  9 0.812343 4.273209 -49.223564 0.398295 -0.029997 0.261563
 10 0.000008 -0.000008 -7.282921 0.000000 -0.000000 0.000000
 11 -0.006274 0.030283 10.836136 -0.082006 0.002125 0.206952
 12 -16.431322 3.246399 32.898758 -1.397375 0.236566 -1.061813
 13 -12.321606 -2.201935 -17.125484 0.010839 0.001205 -0.007864
 14 -13.252201 -2.413300 -18.422256 0.000074 -0.001133 -0.000000
 15 -3.868656 -0.832962 -6.257858 0.000000 -0.000000 0.000000
 16 -37.279190 -5.051147 -38.191177 0.000000 -0.000000 0.000000
 17 -3.806103 -1.056427 -7.595879 0.000000 -0.000000 0.000000
 18 16.442680 3.189072 32.898773 -1.459042 0.030999 0.732977
 19 12.313791 -2.244873 -17.125650 0.000000 -0.000000 0.000000
 20 13.243652 -2.459518 -18.422237 0.006788 -0.001153 -0.009481
 21 4.038906 -0.928101 -8.488216 0.000000 -0.000000 0.000000
 22 -0.000704 -0.454948 46.067261 0.710052 0.000885 -0.162631
 23 -0.489971 22.757866 18.762009 0.000000 -0.000000 0.000000
 24 0.260421 -19.713486 -182.090973 0.000000 -0.000000 0.000000
 25 -16.518969 9.856468 11.602478 0.000000 -0.000000 0.000000
 26 12.687095 8.730827 11.181000 0.000000 -0.000000 0.000000
 27 -0.009703 -4.696518 26.699997 0.000000 -0.000000 0.000000
 28 -0.000044 -0.005966 23.601593 0.000000 -0.000000 0.000000
 29 -21.531242 -10.281181 -6.106491 0.058165 0.000000 0.000000
 30 6.667691 -19.285316 -6.979965 -0.066743 -0.015501 0.009072
 31 21.613556 5.850674 -6.561752 0.058165 0.000000 0.000000
 32 -0.490766 19.244427 -5.608490 0.056982 0.029489 -0.009203
 33 12.172542 -7.748505 -10.307098 0.058165 0.000000 -0.000000
 34 -12.668404 -7.748505 -10.702667 0.058165 0.000000 -0.000000
 35 -0.490773 14.424880 -10.375046 0.057157 0.030784 -0.001265
time 77
  0 0.768169 -0.850492 1.544617 0.000000 -0.000000 0.000000
  1 0.768169 -0.850492 1.544617 0.000000 -0.000000 0.000000
  2 0.984829 -7.246327 246.548599 0.000000 -0.000000 0.000000
  3 0.998367 -3.471023 1.599335 0.000000 -0.000000 0.000000
  4 0.998364 -10.381711 189.801437 -0.107498 -0.008203 -0.058614
  5 -11.802618 0.277815 -45.319962 0.517411 0.000763 -0.008498
  6 -0.797636 4.276012 -49.223640 0.449268 0.010263 -0.209715
  7 -0.000011 -0.000008 -7.282913 0.000000 -0.000000 0.000000
  8 11.803276 0.236654 -45.319962 0.732751 -0.004846 0.010716
  9 0.812343 4.273224 -49.223572 0.400437 -0.031516 0.261774
 10 0.000008 0.000000 -7.282921 0.000000 -0.000000 0.000000
 11 -0.006360 0.030272 10.836212 -0.079205 0.002071 0.209800
 12 -16.431320 3.246395 32.898788 -1.397453 0.235801 -1.061997
 13 -12.321609 -2.201920 -17.125484 0.009104 0.001108 -0.006600
 14 -13.252201 -2.413315 -18.422256 0.000081 -0.001193 -0.000000
 15 -3.868652 -0.832977 -6.257854 0.000000 -0.000000 0.000000
 16 -37.279213 -5.051147 -38.191208 0.000000 -0.000000 0.000000
 17 -3.806099 -1.056427 -7.595875 0.000000 -0.000000 0.000000
 18 16.442682 3.189072 32.898773 -1.459477 0.031462 0.730516
 19 12.313799 -2.244888 -17.125647 0.000000 -0.000000 0.000000
 20 13.243658 -2.459503 -18.422237 0.006618 -0.001114 -0.009242
 21 4.038906 -0.928101 -8.488216 0.000000 -0.000000 0.000000
 22 -0.000701 -0.454952 46.067276 0.704371 0.000652 -0.164136
 23 -0.489969 22.757866 18.761978 0.000000 -0.000000 0.000000
 24 0.260414 -19.713547 -182.090927 0.000000 -0.000000 0.000000
 25 -16.518970 9.856468 11.602509 0.000000 -0.000000 0.000000
 26 12.687097 8.730827 11.180984 0.000000 -0.000000 0.000000
 27 -0.009702 -4.696518 26.699997 0.000000 -0.000000 0.000000
 28 -0.000042 -0.005966 23.601593 0.000000 -0.000000 0.000000
 29 -21.531246 -10.281176 -6.106522 0.059251 0.000000 0.000000
 30 6.667691 -19.285315 -6.979980 -0.061294 -0.014566 0.009002
 31 21.613558 5.850676 -6.561752 0.059251 -0.000000 -0.000000
 32 -0.490766 19.244423 -5.608521 0.058046 0.030040 -0.009374
 33 12.172541 -7.748503 -10.307129 0.059251 0.000000 -0.000000
 34 -12.668406 -7.748503 -10.702652 0.059251 -0.000000 -0.000000
 35 -0.490773 14.424881 -10.375061 0.058224 0.031359 -0.001289
time 78
  0 0.768169 -0.850492 1.544617 0.000000 -0.000000 0.000000
  1 0.768169 -0.850492 1.544617 0.000000 -0.000000 0.000000
  2 0.984829 -7.246327 246.548599 0.000000 -0.000000 0.000000
  3 0.998367 -3.471023 1.599335 0.000000 -0.000000 0.000000
  4 0.998364 -10.735964 189.658066 -0.107497 -0.008211 -0.058777
  5 -11.802608 0.277815 -45.319946 0.520202 0.000780 -0.008541
  6 -0.797629 4.276020 -49.223648 0.447676 0.010331 -0.209780
  7 -0.000010 0.000000 -7.282917 0.000000 -0.000000 0.000000
  8 11.803279 0.236654 -45.319962 0.720244 -0.004717 0.010557
  9 0.812347 4.273224 -49.223564 0.402586 -0.033045 0.261986
 10 0.000008 0.000000 -7.282917 0.000000 -0.000000 0.000000
 11 -0.006449 0.030252 10.836304 -0.076397 0.002016 0.212657
 12 -16.431324 3.246395 32.898788 -1.397529 0.235036 -1.062177
 13 -12.321608 -2.201920 -17.125488 0.007316 0.001008 -0.005296
 14 -13.252205 -2.413300 -18.422253 0.000089 -0.001255 -0.000000
 15 -3.868652 -0.832962 -6.257851 0.000000 -0.000000 0.000000
 16 -37.279190 -5.051147 -38.191177 0.000000 -0.000000 0.000000
 17 -3.806091 -1.056427 -7.595871 0.000000 -0.000000 0.000000
 18 16.442675 3.189068 32.898773 -1.459900 0.031909 0.727928
 19 12.313795 -2.244873 -17.125647 0.000000 -0.000000 0.000000
 20 13.243650 -2.459518 -18.422241 0.006443 -0.001074 -0.008996
 21 4.038898 -0.928101 -8.488220 0.000000 -0.000000 0.000000
 22 -0.000708 -0.454948 46.067261 0.698307 0.000415 -0.165653
 23 -0.489974 22.757858 18.761993 0.000000 -0.000000 0.000000
 24 0.260437 -19.713516 -182.090958 0.000000 -0.000000 0.000000
 25 -16.518972 9.856476 11.602509 0.000000 -0.000000 0.000000
 26 12.687092 8.730789 11.180984 0.000000 -0.000000 0.000000
 27 -0.009705 -4.696518 26.699997 0.000000 -0.000000 0.000000
 28 -0.000046 -0.005970 23.601593 0.000000 -0.000000 0.000000
 29 -21.531239 -10.281179 -6.106491 0.060327 0.000000 -0.000000
 30 6.667690 -19.285318 -6.979965 -0.055869 -0.013635 0.008930
 31 21.613550 5.850674 -6.561737 0.060327 0.000000 0.000000
 32 -0.490766 19.244425 -5.608505 0.059100 0.030585 -0.009545
 33 12.172540 -7.748507 -10.307098 0.060327 0.000000 0.000000
 34 -12.668402 -7.748507 -10.702652 0.060327 0.000000 0.000000
 35 -0.490772 14.424881 -10.375061 0.059281 0.031929 -0.001312
time 79
  0 0.768169 -0.850492 1.544617 0.000000 -0.000000 0.000000
  1 0.768169 -0.850492 1.544617 0.000000 -0.000000 0.000000
  2 0.984829 -7.246327 246.548599 0.000000 -0.000000 0.000000
  3 0.998367 -3.471023 1.599335 0.000000 -0.000000 0.000000
  4 0.998364 -11.085664 189.506882 -0.107496 -0.008219 -0.058944
  5 -11.802613 0.277813 -45.319962 0.523024 0.000796 -0.008584
  6 -0.797636 4.276028 -49.223648 0.446065 0.010399 -0.209845
  7 -0.000011 0.000000 -7.282913 0.000000 -0.000000 0.000000
  8 11.803274 0.236656 -45.319962 0.707608 -0.004587 0.010396
  9 0.812345 4.273216 -49.223564 0.404740 -0.034582 0.262199
 10 0.000004 0.000000 -7.282921 0.000000 -0.000000 0.000000
 11 -0.006536 0.030241 10.836380 -0.073585 0.001959 0.215520
 12 -16.431318 3.246391 32.898773 -1.397604 0.234268 -1.062353
 13 -12.321606 -2.201935 -17.125481 0.005479 0.000905 -0.003957
 14 -13.252201 -2.413330 -18.422247 0.000097 -0.001318 -0.000000
 15 -3.868652 -0.832977 -6.257858 0.000000 -0.000000 0.000000
 16 -37.279190 -5.051147 -38.191177 0.000000 -0.000000 0.000000
 17 -3.806091 -1.056412 -7.595875 0.000000 -0.000000 0.000000
 18 16.442678 3.189068 32.898758 -1.460309 0.032342 0.725213
 19 12.313793 -2.244873 -17.125645 0.000000 -0.000000 0.000000
 20 13.243652 -2.459518 -18.422237 0.006262 -0.001033 -0.008743
 21 4.038902 -0.928101 -8.488220 0.000000 -0.000000 0.000000
 22 -0.000701 -0.454948 46.067245 0.691837 0.000173 -0.167183
 23 -0.489969 22.757843 18.761993 0.000000 -0.000000 0.000000
 24 0.260407 -19.713501 -182.090988 0.000000 -0.000000 0.000000
 25 -16.518963 9.856476 11.602493 0.000000 -0.000000 0.000000
 26 12.687092 8.730812 11.181000 0.000000 -0.000000 0.000000
 27 -0.009701 -4.696518 26.700012 0.000000 -0.000000 0.000000
 28 -0.000043 -0.005970 23.601593 0.000000 -0.000000 0.000000
 29 -21.531242 -10.281178 -6.106506 0.061392 0.000000 0.000000
 30 6.667689 -19.285316 -6.979965 -0.050473 -0.012710 0.008858
 31 21.613556 5.850676 -6.561752 0.061392 0.000000 0.000000
 32 -0.490766 19.244427 -5.608521 0.060144 0.031125 -0.009713
 33 12.172539 -7.748505 -10.307114 0.061392 0.000000 0.000000
 34 -12.668404 -7.748505 -10.702667 0.061392 -0.000000 0.000000
 35 -0.490773 14.424883 -10.375061 0.060328 0.032493 -0.001335
time 80
  0 0.768169 -0.850492 1.544617 0.000000 -0.000000 0.000000
  1 0.768169 -0.850492 1.544617 0.000000 -0.000000 0.000000
  2 0.984829 -7.246327 246.548599 0.000000 -0.000000 0.000000
  3 0.998367 -3.471023 1.599335 0.000000 -0.000000 0.000000
  4 0.998364 -11.429769 189.346375 -0.107495 -0.008228 -0.059116
  5 -11.802612 0.277813 -45.319946 0.525871 0.000813 -0.008629
  6 -0.797636 4.276020 -49.223648 0.444436 0.010467 -0.209910
  7 -0.000013 0.000000 -7.282917 0.000000 -0.000000 0.000000
  8 11.803274 0.236652 -45.319946 0.694864 -0.004456 0.010233
  9 0.812341 4.273216 -49.223572 0.406895 -0.036126 0.262412
 10 0.000004 -0.000008 -7.282928 0.000000 -0.000000 0.000000
 11 -0.006623 0.030224 10.836472 -0.070772 0.001900 0.218384
 12 -16.431316 3.246399 32.898773 -1.397676 0.233493 -1.062524
 13 -12.321600 -2.201935 -17.125477 0.003598 0.000800 -0.002586
 14 -13.252197 -2.413330 -18.422247 0.000105 -0.001383 -0.000000
 15 -3.868652 -0.832977 -6.257854 0.000000 -0.000000 0.000000
 16 -37.279190 -5.051132 -38.191185 0.000000 -0.000000 0.000000
 17 -3.806091 -1.056427 -7.595875 0.000000 -0.000000 0.000000
 18 16.442675 3.189072 32.898788 -1.460706 0.032760 0.722373
 19 12.313791 -2.244888 -17.125643 0.000000 -0.000000 0.000000
 20 13.243650 -2.459503 -18.422234 0.006078 -0.000990 -0.008484
 21 4.038895 -0.928116 -8.488213 0.000000 -0.000000 0.000000
 22 -0.000702 -0.454948 46.067276 0.684932 -0.000074 -0.168726
 23 -0.489970 22.757881 18.762009 0.000000 -0.000000 0.000000
 24 0.260416 -19.713531 -182.090973 0.000000 -0.000000 0.000000
 25 -16.518963 9.856468 11.602493 0.000000 -0.000000 0.000000
 26 12.687090 8.730812 11.181000 0.000000 -0.000000 0.000000
 27 -0.009702 -4.696518 26.699997 0.000000 -0.000000 0.000000
 28 -0.000043 -0.005966 23.601593 0.000000 -0.000000 0.000000
 29 -21.531240 -10.281178 -6.106506 0.062446 0.000000 0.000000
 30 6.667691 -19.285316 -6.979950 -0.045110 -0.011790 0.008785
 31 21.613552 5.850674 -6.561752 0.062446 0.000000 -0.000000
 32 -0.490767 19.244423 -5.608505 0.061177 0.031660 -0.009880
 33 12.172539 -7.748508 -10.307098 0.062446 0.000000 0.000000
 34 -12.668402 -7.748501 -10.702637 0.062446 0.000000 0.000000
 35 -0.490774 14.424881 -10.375046 0.061364 0.033050 -0.001358
time 81
  0 0.768169 -0.850492 1.544617 0.000000 -0.000000 0.000000
  1 0.768169 -0.850492 1.544617 0.000000 -0.000000 0.000000
  2 0.984829 -7.246327 246.548599 0.000000 -0.000000 0.000000
  3 0.998367 -3.471023 1.599335 0.000000 -0.000000 0.000000
  4 0.998364 -11.767239 189.175079 -0.107494 -0.008237 -0.059291
  5 -11.802610 0.277813 -45.319946 0.528739 0.000830 -0.008673
  6 -0.797630 4.276020 -49.223648 0.442793 0.010535 -0.209975
  7 -0.000013 -0.000008 -7.282917 0.000000 -0.000000 0.000000
  8 11.803283 0.236654 -45.319962 0.682031 -0.004325 0.010068
  9 0.812349 4.273209 -49.223572 0.409048 -0.037673 0.262626
 10 0.000004 -0.000008 -7.282913 0.000000 -0.000000 0.000000
 11 -0.006712 0.030209 10.836548 -0.067962 0.001841 0.221246
 12 -16.431322 3.246395 32.898773 -1.397746 0.232708 -1.062690
 13 -12.321604 -2.201950 -17.125488 0.001676 0.000693 -0.001185
 14 -13.252197 -2.413330 -18.422255 0.000113 -0.001450 -0.000000
 15 -3.868652 -0.832962 -6.257854 0.000000 -0.000000 0.000000
 16 -37.279190 -5.051163 -38.191185 0.000000 -0.000000 0.000000
 17 -3.806091 -1.056412 -7.595875 0.000000 -0.000000 0.000000
 18 16.442677 3.189075 32.898758 -1.461088 0.033163 0.719408
 19 12.313797 -2.244873 -17.125643 0.000000 -0.000000 0.000000
 20 13.243645 -2.459503 -18.422241 0.005889 -0.000947 -0.008220
 21 4.038898 -0.928116 -8.488220 0.000000 -0.000000 0.000000
 22 -0.000708 -0.454952 46.067261 0.677567 -0.000327 -0.170285
 23 -0.489974 22.757858 18.761993 0.000000 -0.000000 0.000000
 24 0.260439 -19.713531 -182.090973 0.000000 -0.000000 0.000000
 25 -16.518970 9.856476 11.602509 0.000000 -0.000000 0.000000
 26 12.687089 8.730804 11.180984 0.000000 -0.000000 0.000000
 27 -0.009705 -4.696533 26.699997 0.000000 -0.000000 0.000000
 28 -0.000046 -0.005970 23.601578 0.000000 -0.000000 0.000000
 29 -21.531244 -10.281183 -6.106491 0.063488 0.000000 0.000000
 30 6.667691 -19.285318 -6.979950 -0.039786 -0.010876 0.008711
 31 21.613558 5.850674 -6.561752 0.063488 -0.000000 0.000000
 32 -0.490765 19.244423 -5.608505 0.062198 0.032188 -0.010045
 33 12.172543 -7.748503 -10.307098 0.063488 0.000000 0.000000
 34 -12.668405 -7.748507 -10.702652 0.063488 -0.000000 0.000000
 35 -0.490771 14.424881 -10.375046 0.062388 0.033602 -0.001381
time 82
  0 0.768169 -0.850492 1.544617 0.000000 -0.000000 0.000000
  1 0.768169 -0.850492 1.544617 0.000000 -0.000000 0.000000
  2 0.984829 -7.246327 246.548599 0.000000 -0.000000 0.000000
  3 0.998367 -3.471023 1.599335 0.000000 -0.000000 0.000000
  4 0.998364 -12.097031 188.991516 -0.107493 -0.008245 -0.059469
  5 -11.802611 0.277811 -45.319931 0.531623 0.000847 -0.008718
  6 -0.797634 4.276028 -49.223648 0.441138 0.010602 -0.210039
  7 -0.000015 -0.000008 -7.282917 0.000000 -0.000000 0.000000
  8 11.803276 0.236650 -45.319946 0.669132 -0.004194 0.009901
  9 0.812345 4.273224 -49.223557 0.411198 -0.039222 0.262839
 10 0.000004 -0.000008 -7.282921 0.000000 -0.000000 0.000000
 11 -0.006799 0.030193 10.836639 -0.065158 0.001780 0.224104
 12 -16.431320 3.246395 32.898773 -1.397815 0.231909 -1.062850
 13 -12.321602 -2.201950 -17.125481 -0.000282 0.000583 0.000242
 14 -13.252197 -2.413315 -18.422256 0.000121 -0.001517 -0.000000
 15 -3.868652 -0.832977 -6.257851 0.000000 -0.000000 0.000000
 16 -37.279202 -5.051163 -38.191193 0.000000 -0.000000 0.000000
 17 -3.806095 -1.056427 -7.595875 0.000000 -0.000000 0.000000
 18 16.442677 3.189075 32.898788 -1.461457 0.033550 0.716318
 19 12.313793 -2.244873 -17.125645 0.000000 -0.000000 0.000000
 20 13.243652 -2.459503 -18.422237 0.005697 -0.000903 -0.007950
 21 4.038906 -0.928116 -8.488216 0.000000 -0.000000 0.000000
 22 -0.000704 -0.454945 46.067261 0.669715 -0.000585 -0.171860
 23 -0.489971 22.757874 18.761993 0.000000 -0.000000 0.000000
 24 0.260418 -19.713531 -182.090973 0.000000 -0.000000 0.000000
 25 -16.518967 9.856476 11.602493 0.000000 -0.000000 0.000000
 26 12.687092 8.730804 11.180969 0.000000 -0.000000 0.000000
 27 -0.009702 -4.696510 26.699997 0.000000 -0.000000 0.000000
 28 -0.000044 -0.005970 23.601593 0.000000 -0.000000 0.000000
 29 -21.531242 -10.281178 -6.106491 0.064518 0.000000 0.000000
 30 6.667692 -19.285320 -6.979935 -0.034504 -0.009970 0.008636
 31 21.613556 5.850672 -6.561722 0.064518 -0.000000 0.000000
 32 -0.490767 19.244425 -5.608490 0.063206 0.032710 -0.010208
 33 12.172542 -7.748508 -10.307083 0.064518 0.000000 0.000000
 34 -12.668403 -7.748505 -10.702652 0.064518 -0.000000 0.000000
 35 -0.490773 14.424881 -10.375046 0.063399 0.034147 -0.001403
time 83
  0 0.768169 -0.850492 1.544617 0.000000 -0.000000 0.000000
  1 0.768169 -0.850492 1.544617 0.000000 -0.000000 0.000000
  2 0.984829 -7.246327 246.548599 0.000000 -0.000000 0.000000
  3 0.998367 -3.471023 1.599335 0.000000 -0.000000 0.000000
  4 0.998364 -12.418104 188.794205 -0.107492 -0.008254 -0.059650
  5 -11.802611 0.277809 -45.319946 0.534518 0.000864 -0.008763
  6 -0.797635 4.276020 -49.223648 0.439475 0.010669 -0.210103
  7 -0.000013 0.000000 -7.282921 0.000000 -0.000000 0.000000
  8 11.803275 0.236652 -45.319962 0.656185 -0.004063 0.009733
  9 0.812342 4.273220 -49.223572 0.413342 -0.040771 0.263051
 10 0.000000 0.000000 -7.282917 0.000000 -0.000000 0.000000
 11 -0.006886 0.030174 10.836716 -0.062364 0.001719 0.226952
 12 -16.431320 3.246395 32.898773 -1.397881 0.231094 -1.063006
 13 -12.321598 -2.201920 -17.125483 -0.002272 0.000472 0.001692
 14 -13.252193 -2.413300 -18.422255 0.000130 -0.001585 -0.000000
 15 -3.868652 -0.832977 -6.257858 0.000000 -0.000000 0.000000
 16 -37.279190 -5.051147 -38.191177 0.000000 -0.000000 0.000000
 17 -3.806091 -1.056427 -7.595871 0.000000 -0.000000 0.000000
 18 16.442677 3.189079 32.898773 -1.461812 0.033922 0.713106
 19 12.313795 -2.244858 -17.125645 0.000000 -0.000000 0.000000
 20 13.243647 -2.459534 -18.422241 0.005501 -0.000859 -0.007676
 21 4.038898 -0.928101 -8.488220 0.000000 -0.000000 0.000000
 22 -0.000704 -0.454948 46.067276 0.661351 -0.000850 -0.173453
 23 -0.489973 22.757874 18.761993 0.000000 -0.000000 0.000000
 24 0.260417 -19.713486 -182.090973 0.000000 -0.000000 0.000000
 25 -16.518969 9.856483 11.602524 0.000000 -0.000000 0.000000
 26 12.687090 8.730812 11.180984 0.000000 -0.000000 0.000000
 27 -0.009702 -4.696533 26.699997 0.000000 -0.000000 0.000000
 28 -0.000044 -0.005966 23.601593 0.000000 -0.000000 0.000000
 29 -21.531239 -10.281181 -6.106491 0.065534 0.000000 -0.000000
 30 6.667691 -19.285316 -6.979965 -0.029270 -0.009072 0.008561
 31 21.613554 5.850672 -6.561737 0.065534 0.000000 0.000000
 32 -0.490767 19.244427 -5.608490 0.064201 0.033225 -0.010368
 33 12.172540 -7.748508 -10.307098 0.065534 0.000000 0.000000
 34 -12.668402 -7.748505 -10.702652 0.065534 -0.000000 0.000000
 35 -0.490773 14.424881 -10.375046 0.064398 0.034685 -0.001426
time 84
  0 0.768169 -0.850492 1.544617 0.000000 -0.000000 0.000000
  1 0.768169 -0.850492 1.544617 0.000000 -0.000000 0.000000
  2 0.984829 -7.246327 246.548599 0.000000 -0.000000 0.000000
  3 0.998367 -3.471023 1.599335 0.000000 -0.000000 0.000000
  4 0.998364 -12.729419 188.581680 -0.107491 -0.008264 -0.059834
  5 -11.802612 0.277809 -45.319962 0.537421 0.000881 -0.008808
  6 -0.797627 4.276020 -49.223648 0.437805 0.010736 -0.210167
  7 -0.000011 0.000000 -7.282925 0.000000 -0.000000 0.000000
  8 11.803282 0.236649 -45.319962 0.643211 -0.003933 0.009564
  9 0.812349 4.273216 -49.223572 0.415476 -0.042318 0.263263
 10 0.000004 0.000000 -7.282928 0.000000 -0.000000 0.000000
 11 -0.006973 0.030159 10.836807 -0.059582 0.001656 0.229789
 12 -16.431322 3.246395 32.898788 -1.397945 0.230257 -1.063156
 13 -12.321602 -2.201935 -17.125483 -0.004288 0.000359 0.003162
 14 -13.252197 -2.413315 -18.422255 0.000139 -0.001654 -0.000000
 15 -3.868656 -0.832962 -6.257858 0.000000 -0.000000 0.000000
 16 -37.279209 -5.051163 -38.191185 0.000000 -0.000000 0.000000
 17 -3.806091 -1.056442 -7.595871 0.000000 -0.000000 0.000000
 18 16.442678 3.189075 32.898773 -1.462153 0.034279 0.709771
 19 12.313795 -2.244873 -17.125641 0.000000 -0.000000 0.000000
 20 13.243658 -2.459503 -18.422241 0.005303 -0.000814 -0.007399
 21 4.038898 -0.928131 -8.488213 0.000000 -0.000000 0.000000
 22 -0.000705 -0.454945 46.067261 0.652447 -0.001122 -0.175065
 23 -0.489972 22.757866 18.762009 0.000000 -0.000000 0.000000
 24 0.260435 -19.713440 -182.091003 0.000000 -0.000000 0.000000
 25 -16.518970 9.856468 11.602493 0.000000 -0.000000 0.000000
 26 12.687092 8.730812 11.181000 0.000000 -0.000000 0.000000
 27 -0.009705 -4.696518 26.700027 0.000000 -0.000000 0.000000
 28 -0.000044 -0.005966 23.601593 0.000000 -0.000000 0.000000
 29 -21.531246 -10.281181 -6.106491 0.066536 0.000000 -0.000000
 30 6.667691 -19.285320 -6.979965 -0.024089 -0.008183 0.008485
 31 21.613562 5.850676 -6.561752 0.066536 -0.000000 0.000000
 32 -0.490764 19.244427 -5.608505 0.065183 0.033733 -0.010527
 33 12.172543 -7.748505 -10.307098 0.066536 0.000000 -0.000000
 34 -12.668406 -7.748505 -10.702652 0.066536 -0.000000 -0.000000
 35 -0.490771 14.424881 -10.375046 0.065382 0.035215 -0.001447
time 85
  0 0.768169 -0.850492 1.544617 0.000000 -0.000000 0.000000
  1 0.768169 -0.850492 1.544617 0.000000 -0.000000 0.000000
  2 0.984829 -7.246327 246.548599 0.000000 -0.000000 0.000000
  3 0.998367 -3.471023 1.599335 0.000000 -0.000000 0.000000
  4 0.998364 -13.029933 188.352448 -0.107490 -0.008273 -0.060020
  5 -11.802610 0.277817 -45.319962 0.540325 0.000898 -0.008853
  6 -0.797632 4.276024 -49.223633 0.436132 0.010802 -0.210230
  7 -0.000011 0.000000 -7.282921 0.000000 -0.000000 0.000000
  8 11.803282 0.236652 -45.319946 0.630231 -0.003802 0.009394
  9 0.812346 4.273224 -49.223579 0.417599 -0.043860 0.263473
 10 0.000004 0.000000 -7.282925 0.000000 -0.000000 0.000000
 11 -0.007059 0.030144 10.836899 -0.056817 0.001593 0.232609
 12 -16.431328 3.246391 32.898788 -1.398006 0.229398 -1.063301
 13 -12.321608 -2.201935 -17.125488 -0.006328 0.000245 0.004649
 14 -13.252205 -2.413300 -18.422255 0.000147 -0.001724 -0.000000
 15 -3.868652 -0.832962 -6.257858 0.000000 -0.000000 0.000000
 16 -37.279205 -5.051147 -38.191193 0.000000 -0.000000 0.000000
 17 -3.806091 -1.056427 -7.595875 0.000000 -0.000000 0.000000
 18 16.442677 3.189072 32.898773 -1.462481 0.034621 0.706315
 19 12.313797 -2.244873 -17.125641 0.000000 -0.000000 0.000000
 20 13.243652 -2.459518 -18.422235 0.005103 -0.000768 -0.007118
 21 4.038902 -0.928116 -8.488216 0.000000 -0.000000 0.000000
 22 -0.000706 -0.454952 46.067276 0.642978 -0.001401 -0.176697
 23 -0.489974 22.757881 18.761993 0.000000 -0.000000 0.000000
 24 0.260434 -19.713493 -182.091019 0.000000 -0.000000 0.000000
 25 -16.518970 9.856483 11.602509 0.000000 -0.000000 0.000000
 26 12.687093 8.730820 11.181000 0.000000 -0.000000 0.000000
 27 -0.009705 -4.696526 26.700012 0.000000 -0.000000 0.000000
 28 -0.000045 -0.005970 23.601593 0.000000 -0.000000 0.000000
 29 -21.531244 -10.281178 -6.106491 0.067523 0.000000 -0.000000
 30 6.667692 -19.285316 -6.979950 -0.018964 -0.007304 0.008408
 31 21.613558 5.850674 -6.561737 0.067523 -0.000000 0.000000
 32 -0.490766 19.244427 -5.608505 0.066150 0.034233 -0.010683
 33 12.172543 -7.748508 -10.307098 0.067523 0.000000 0.000000
 34 -12.668404 -7.748505 -10.702652 0.067523 0.000000 -0.000000
 35 -0.490772 14.424883 -10.375046 0.066352 0.035737 -0.001469
time 86
  0 0.768169 -0.850492 1.544617 0.000000 -0.000000 0.000000
  1 0.768169 -0.850492 1.544617 0.000000 -0.000000 0.000000
  2 0.984829 -7.246327 246.548599 0.000000 -0.000000 0.000000
  3 0.998367 -3.471023 1.599335 0.000000 -0.000000 0.000000
  4 0.998364 -13.318604 188.105042 -0.107489 -0.008282 -0.060207
  5 -11.802618 0.277813 -45.319962 0.543228 0.000915 -0.008898
  6 -0.797636 4.276028 -49.223640 0.434459 0.010868 -0.210293
  7 -0.000011 0.000000 -7.282913 0.000000 -0.000000 0.000000
  8 11.803276 0.236652 -45.319962 0.617264 -0.003673 0.009224
  9 0.812343 4.273216 -49.223557 0.419707 -0.045395 0.263683
 10 0.000008 0.000000 -7.282921 0.000000 -0.000000 0.000000
 11 -0.007144 0.030125 10.836975 -0.054071 0.001529 0.235411
 12 -16.431320 3.246391 32.898788 -1.398065 0.228511 -1.063441
 13 -12.321600 -2.201920 -17.125481 -0.008385 0.000130 0.006148
 14 -13.252197 -2.413300 -18.422256 0.000156 -0.001795 -0.000000
 15 -3.868649 -0.832962 -6.257851 0.000000 -0.000000 0.000000
 16 -37.279186 -5.051147 -38.191185 0.000000 -0.000000 0.000000
 17 -3.806091 -1.056412 -7.595879 0.000000 -0.000000 0.000000
 18 16.442677 3.189072 32.898773 -1.462793 0.034947 0.702738
 19 12.313797 -2.244873 -17.125641 0.000000 -0.000000 0.000000
 20 13.243649 -2.459518 -18.422235 0.004901 -0.000722 -0.006835
 21 4.038898 -0.928116 -8.488220 0.000000 -0.000000 0.000000
 22 -0.000700 -0.454952 46.067276 0.632917 -0.001688 -0.178350
 23 -0.489970 22.757881 18.762009 0.000000 -0.000000 0.000000
 24 0.260411 -19.713547 -182.091003 0.000000 -0.000000 0.000000
 25 -16.518965 9.856491 11.602524 0.000000 -0.000000 0.000000
 26 12.687091 8.730812 11.181000 0.000000 -0.000000 0.000000
 27 -0.009701 -4.696510 26.699997 0.000000 -0.000000 0.000000
 28 -0.000042 -0.005970 23.601593 0.000000 -0.000000 0.000000
 29 -21.531248 -10.281181 -6.106506 0.068494 0.000000 -0.000000
 30 6.667691 -19.285320 -6.979965 -0.013902 -0.006436 0.008331
 31 21.613556 5.850674 -6.561752 0.068494 0.000000 -0.000000
 32 -0.490767 19.244427 -5.608505 0.067102 0.034726 -0.010837
 33 12.172541 -7.748508 -10.307098 0.068494 0.000000 0.000000
 34 -12.668406 -7.748508 -10.702652 0.068494 -0.000000 -0.000000
 35 -0.490774 14.424881 -10.375046 0.067307 0.036251 -0.001490
time 87
  0 0.768169 -0.850492 1.544617 0.000000 -0.000000 0.000000
  1 0.768169 -0.850492 1.544617 0.000000 -0.000000 0.000000
  2 0.984829 -7.246327 246.548599 0.000000 -0.000000 0.000000
  3 0.998367 -3.471023 1.599335 0.000000 -0.000000 0.000000
  4 0.998364 -13.594393 187.837982 -0.107488 -0.008292 -0.060396
  5 -11.802608 0.277817 -45.319946 0.546124 0.000932 -0.008943
  6 -0.797631 4.276016 -49.223640 0.432788 0.010932 -0.210355
  7 -0.000015 0.000000 -7.282913 0.000000 -0.000000 0.000000
  8 11.803276 0.236656 -45.319946 0.604332 -0.003544 0.009053
  9 0.812346 4.273205 -49.223572 0.421798 -0.046921 0.263890
 10 0.000000 0.000000 -7.282917 0.000000 -0.000000 0.000000
 11 -0.007230 0.030113 10.837051 -0.051348 0.001465 0.238190
 12 -16.431320 3.246395 32.898773 -1.398122 0.227593 -1.063574
 13 -12.321602 -2.201920 -17.125483 -0.010457 0.000014 0.007658
 14 -13.252197 -2.413315 -18.422245 0.000165 -0.001866 -0.000000
 15 -3.868656 -0.832977 -6.257854 0.000000 -0.000000 0.000000
 16 -37.279175 -5.051147 -38.191181 0.000000 -0.000000 0.000000
 17 -3.806091 -1.056427 -7.595871 0.000000 -0.000000 0.000000
 18 16.442673 3.189072 32.898788 -1.463092 0.035257 0.699042
 19 12.313789 -2.244888 -17.125639 0.000000 -0.000000 0.000000
 20 13.243649 -2.459503 -18.422234 0.004698 -0.000675 -0.006549
 21 4.038902 -0.928101 -8.488220 0.000000 -0.000000 0.000000
 22 -0.000705 -0.454945 46.067245 0.622237 -0.001984 -0.180026
 23 -0.489973 22.757866 18.761993 0.000000 -0.000000 0.000000
 24 0.260427 -19.713478 -182.090958 0.000000 -0.000000 0.000000
 25 -16.518967 9.856476 11.602509 0.000000 -0.000000 0.000000
 26 12.687088 8.730812 11.180984 0.000000 -0.000000 0.000000
 27 -0.009704 -4.696533 26.699982 0.000000 -0.000000 0.000000
 28 -0.000045 -0.005966 23.601578 0.000000 -0.000000 0.000000
 29 -21.531239 -10.281181 -6.106491 0.069449 0.000000 0.000000
 30 6.667690 -19.285316 -6.979965 -0.008907 -0.005579 0.008253
 31 21.613552 5.850677 -6.561752 0.069449 -0.000000 0.000000
 32 -0.490766 19.244429 -5.608505 0.068037 0.035210 -0.010988
 33 12.172539 -7.748505 -10.307098 0.069449 0.000000 0.000000
 34 -12.668400 -7.748505 -10.702652 0.069449 0.000000 0.000000
 35 -0.490772 14.424883 -10.375061 0.068245 0.036757 -0.001511
time 88
  0 0.768169 -0.850492 1.544617 0.000000 -0.000000 0.000000
  1 0.768169 -0.850492 1.544617 0.000000 -0.000000 0.000000
  2 0.984829 -7.246327 246.548599 0.000000 -0.000000 0.000000
  3 0.998367 -3.471023 1.599335 0.000000 -0.000000 0.000000
  4 0.998364 -13.856257 187.549789 -0.107487 -0.008301 -0.060585
  5 -11.802616 0.277817 -45.319946 0.549008 0.000949 -0.008988
  6 -0.797635 4.276024 -49.223640 0.431121 0.010997 -0.210416
  7 -0.000011 -0.000008 -7.282921 0.000000 -0.000000 0.000000
  8 11.803275 0.236660 -45.319977 0.591455 -0.003416 0.008883
  9 0.812343 4.273224 -49.223557 0.423870 -0.048437 0.264096
 10 0.000008 0.000000 -7.282921 0.000000 -0.000000 0.000000
 11 -0.007313 0.030094 10.837128 -0.048652 0.001401 0.240942
 12 -16.431316 3.246395 32.898773 -1.398176 0.226641 -1.063702
 13 -12.321602 -2.201950 -17.125483 -0.012538 -0.000102 0.009175
 14 -13.252201 -2.413300 -18.422256 0.000174 -0.001937 -0.000000
 15 -3.868656 -0.832977 -6.257858 0.000000 -0.000000 0.000000
 16 -37.279194 -5.051147 -38.191177 0.000000 -0.000000 0.000000
 17 -3.806099 -1.056412 -7.595879 0.000000 -0.000000 0.000000
 18 16.442680 3.189068 32.898788 -1.463375 0.035552 0.695226
 19 12.313797 -2.244873 -17.125645 0.000000 -0.000000 0.000000
 20 13.243650 -2.459518 -18.422237 0.004494 -0.000629 -0.006263
 21 4.038902 -0.928116 -8.488216 0.000000 -0.000000 0.000000
 22 -0.000700 -0.454952 46.067276 0.610913 -0.002287 -0.181727
 23 -0.489969 22.757874 18.762024 0.000000 -0.000000 0.000000
 24 0.260417 -19.713562 -182.091034 0.000000 -0.000000 0.000000
 25 -16.518970 9.856468 11.602493 0.000000 -0.000000 0.000000
 26 12.687095 8.730812 11.181000 0.000000 -0.000000 0.000000
 27 -0.009703 -4.696518 26.700012 0.000000 -0.000000 0.000000
 28 -0.000042 -0.005970 23.601593 0.000000 -0.000000 0.000000
 29 -21.531248 -10.281178 -6.106506 0.070388 0.000000 0.000000
 30 6.667691 -19.285313 -6.979965 -0.003983 -0.004734 0.008174
 31 21.613560 5.850676 -6.561752 0.070388 0.000000 -0.000000
 32 -0.490766 19.244427 -5.608505 0.068956 0.035686 -0.011136
 33 12.172542 -7.748501 -10.307098 0.070388 0.000000 -0.000000
 34 -12.668406 -7.748501 -10.702652 0.070388 0.000000 -0.000000
 35 -0.490773 14.424883 -10.375076 0.069167 0.037254 -0.001531
time 89
  0 0.768169 -0.850492 1.544617 0.000000 -0.000000 0.000000
  1 0.768169 -0.850492 1.544617 0.000000 -0.000000 0.000000
  2 0.984829 -7.246327 246.548599 0.000000 -0.000000 0.000000
  3 0.998367 -3.471023 1.599335 0.000000 -0.000000 0.000000
  4 0.998364 -14.103156 187.238968 -0.107486 -0.008310 -0.060775
  5 -11.802612 0.277813 -45.319946 0.551876 0.000966 -0.009033
  6 -0.797630 4.276020 -49.223633 0.429463 0.011060 -0.210476
  7 -0.000013 0.000008 -7.282917 0.000000 -0.000000 0.000000
  8 11.803280 0.236652 -45.319946 0.578653 -0.003289 0.008713
  9 0.812346 4.273224 -49.223557 0.425920 -0.049939 0.264300
 10 0.000004 0.000000 -7.282925 0.000000 -0.000000 0.000000
 11 -0.007398 0.030079 10.837204 -0.045985 0.001336 0.243665
 12 -16.431324 3.246391 32.898758 -1.398228 0.225651 -1.063824
 13 -12.321604 -2.201935 -17.125481 -0.014624 -0.000219 0.010696
 14 -13.252201 -2.413315 -18.422256 0.000183 -0.002008 -0.000000
 15 -3.868652 -0.832962 -6.257854 0.000000 -0.000000 0.000000
 16 -37.279190 -5.051147 -38.191189 0.000000 -0.000000 0.000000
 17 -3.806091 -1.056427 -7.595871 0.000000 -0.000000 0.000000
 18 16.442677 3.189068 32.898758 -1.463644 0.035830 0.691293
 19 12.313797 -2.244873 -17.125641 0.000000 -0.000000 0.000000
 20 13.243652 -2.459518 -18.422234 0.004289 -0.000582 -0.005976
 21 4.038895 -0.928116 -8.488213 0.000000 -0.000000 0.000000
 22 -0.000705 -0.454952 46.067245 0.598918 -0.002601 -0.183452
 23 -0.489973 22.757866 18.762009 0.000000 -0.000000 0.000000
 24 0.260432 -19.713524 -182.090988 0.000000 -0.000000 0.000000
 25 -16.518970 9.856468 11.602509 0.000000 -0.000000 0.000000
 26 12.687092 8.730797 11.180969 0.000000 -0.000000 0.000000
 27 -0.009705 -4.696518 26.699982 0.000000 -0.000000 0.000000
 28 -0.000045 -0.005974 23.601578 0.000000 -0.000000 0.000000
 29 -21.531244 -10.281181 -6.106506 0.071308 0.000000 -0.000000
 30 6.667691 -19.285320 -6.979950 0.000864 -0.003902 0.008095
 31 21.613556 5.850672 -6.561752 0.071308 0.000000 -0.000000
 32 -0.490765 19.244425 -5.608505 0.069858 0.036153 -0.011282
 33 12.172541 -7.748505 -10.307098 0.071308 0.000000 0.000000
 34 -12.668404 -7.748508 -10.702667 0.071308 -0.000000 -0.000000
 35 -0.490772 14.424881 -10.375046 0.070072 0.037741 -0.001551
time 90
  0 0.768169 -0.850492 1.544617 0.000000 -0.000000 0.000000
  1 0.768169 -0.850492 1.544617 0.000000 -0.000000 0.000000
  2 0.984829 -7.246327 246.548599 0.000000 -0.000000 0.000000
  3 0.998367 -3.471023 1.599335 0.000000 -0.000000 0.000000
  4 0.998364 -14.334047 186.904083 -0.107485 -0.008320 -0.060965
  5 -11.802614 0.277817 -45.319962 0.554723 0.000983 -0.009077
  6 -0.797634 4.276028 -49.223663 0.427815 0.011123 -0.210536
  7 -0.000011 0.000000 -7.282921 0.000000 -0.000000 0.000000
  8 11.803280 0.236656 -45.319946 0.565947 -0.003164 0.008544
  9 0.812347 4.273220 -49.223564 0.427945 -0.051427 0.264501
 10 0.000000 0.000000 -7.282917 0.000000 -0.000000 0.000000
 11 -0.007480 0.030064 10.837280 -0.043352 0.001271 0.246355
 12 -16.431320 3.246395 32.898788 -1.398277 0.224621 -1.063939
 13 -12.321596 -2.201935 -17.125484 -0.016711 -0.000336 0.012217
 14 -13.252205 -2.413315 -18.422253 0.000192 -0.002079 -0.000000
 15 -3.868652 -0.832977 -6.257854 0.000000 -0.000000 0.000000
 16 -37.279190 -5.051147 -38.191185 0.000000 -0.000000 0.000000
 17 -3.806091 -1.056412 -7.595875 0.000000 -0.000000 0.000000
 18 16.442680 3.189075 32.898788 -1.463899 0.036093 0.687243
 19 12.313793 -2.244873 -17.125645 0.000000 -0.000000 0.000000
 20 13.243649 -2.459518 -18.422237 0.004084 -0.000535 -0.005688
 21 4.038898 -0.928101 -8.488213 0.000000 -0.000000 0.000000
 22 -0.000705 -0.454952 46.067276 0.586102 -0.002925 -0.185214
 23 -0.489972 22.757866 18.762009 0.000000 -0.000000 0.000000
 24 0.260427 -19.713448 -182.091003 0.000000 -0.000000 0.000000
 25 -16.518974 9.856476 11.602509 0.000000 -0.000000 0.000000
 26 12.687094 8.730804 11.180984 0.000000 -0.000000 0.000000
 27 -0.009704 -4.696526 26.700012 0.000000 -0.000000 0.000000
 28 -0.000044 -0.005966 23.601608 0.000000 -0.000000 0.000000
 29 -21.531246 -10.281181 -6.106506 0.072210 0.000000 0.000000
 30 6.667692 -19.285316 -6.979965 0.005630 -0.003085 0.008015
 31 21.613558 5.850676 -6.561768 0.072210 0.000000 0.000000
 32 -0.490766 19.244429 -5.608505 0.070742 0.036610 -0.011425
 33 12.172543 -7.748505 -10.307098 0.072210 0.000000 0.000000
 34 -12.668404 -7.748505 -10.702652 0.072210 -0.000000 -0.000000
 35 -0.490773 14.424883 -10.375046 0.070959 0.038218 -0.001571
time 91
  0 0.768169 -0.850492 1.544617 0.000000 -0.000000 0.000000
  1 0.768169 -0.850492 1.544617 0.000000 -0.000000 0.000000
  2 0.984829 -7.246327 246.548599 0.000000 -0.000000 0.000000
  3 0.998367 -3.471023 1.599335 0.000000 -0.000000 0.000000
  4 0.998364 -14.547892 186.543625 -0.107484 -0.008329 -0.061155
  5 -11.802610 0.277813 -45.319946 0.557545 0.001000 -0.009121
  6 -0.797627 4.276028 -49.223656 0.426180 0.011184 -0.210594
  7 -0.000011 -0.000008 -7.282925 0.000000 -0.000000 0.000000
  8 11.803282 0.236652 -45.319962 0.553356 -0.003040 0.008376
  9 0.812349 4.273228 -49.223564 0.429942 -0.052897 0.264700
 10 0.000008 0.000000 -7.282925 0.000000 -0.000000 0.000000
 11 -0.007561 0.030048 10.837357 -0.040755 0.001207 0.249008
 12 -16.431324 3.246391 32.898773 -1.398323 0.223546 -1.064048
 13 -12.321604 -2.201920 -17.125488 -0.018794 -0.000452 0.013736
 14 -13.252201 -2.413300 -18.422260 0.000201 -0.002151 -0.000000
 15 -3.868652 -0.832962 -6.257858 0.000000 -0.000000 0.000000
 16 -37.279182 -5.051163 -38.191200 0.000000 -0.000000 0.000000
 17 -3.806091 -1.056427 -7.595875 0.000000 -0.000000 0.000000
 18 16.442678 3.189075 32.898773 -1.464138 0.036340 0.683076
 19 12.313795 -2.244888 -17.125645 0.000000 -0.000000 0.000000
 20 13.243647 -2.459518 -18.422237 0.003879 -0.000489 -0.005402
 21 4.038900 -0.928116 -8.488220 0.000000 -0.000000 0.000000
 22 -0.000707 -0.454945 46.067261 0.571403 -0.003282 -0.187107
 23 -0.489973 22.757874 18.761993 0.000000 -0.000000 0.000000
 24 0.260445 -19.713470 -182.090942 0.000000 -0.000000 0.000000
 25 -16.518972 9.856468 11.602493 0.000000 -0.000000 0.000000
 26 12.687094 8.730820 11.181000 0.000000 -0.000000 0.000000
 27 -0.009707 -4.696533 26.699997 0.000000 -0.000000 0.000000
 28 -0.000045 -0.005970 23.601593 0.000000 -0.000000 0.000000
 29 -21.531246 -10.281185 -6.106506 0.073093 0.000000 0.000000
 30 6.667690 -19.285320 -6.979965 0.010311 -0.002282 0.007935
 31 21.613558 5.850679 -6.561752 0.073093 0.000000 -0.000000
 32 -0.490763 19.244431 -5.608505 0.071607 0.037058 -0.011564
 33 12.172541 -7.748508 -10.307098 0.073093 0.000000 -0.000000
 34 -12.668404 -7.748508 -10.702652 0.073093 0.000000 -0.000000
 35 -0.490771 14.424885 -10.375061 0.071826 0.038686 -0.001590
time 92
  0 0.768169 -0.850492 1.544617 0.000000 -0.000000 0.000000
  1 0.768169 -0.850492 1.544617 0.000000 -0.000000 0.000000
  2 0.984829 -7.246327 246.548599 0.000000 -0.000000 0.000000
  3 0.998367 -3.471023 1.599335 0.000000 -0.000000 0.000000
  4 0.998364 -14.743646 186.156113 -0.107482 -0.008339 -0.061344
  5 -11.802614 0.277813 -45.319946 0.560337 0.001016 -0.009165
  6 -0.797634 4.276024 -49.223633 0.424561 0.011245 -0.210652
  7 -0.000011 -0.000008 -7.282917 0.000000 -0.000000 0.000000
  8 11.803277 0.236652 -45.319946 0.540902 -0.002917 0.008210
  9 0.812345 4.273224 -49.223572 0.431909 -0.054347 0.264896
 10 0.000004 0.000000 -7.282925 0.000000 -0.000000 0.000000
 11 -0.007640 0.030025 10.837448 -0.038198 0.001143 0.251622
 12 -16.431316 3.246391 32.898773 -1.398367 0.222423 -1.064151
 13 -12.321602 -2.201935 -17.125483 -0.020870 -0.000568 0.015248
 14 -13.252193 -2.413300 -18.422260 0.000210 -0.002221 -0.000000
 15 -3.868652 -0.832962 -6.257851 0.000000 -0.000000 0.000000
 16 -37.279190 -5.051163 -38.191200 0.000000 -0.000000 0.000000
 17 -3.806091 -1.056427 -7.595871 0.000000 -0.000000 0.000000
 18 16.442677 3.189075 32.898758 -1.464362 0.036570 0.678793
 19 12.313791 -2.244873 -17.125641 0.000000 -0.000000 0.000000
 20 13.243649 -2.459518 -18.422234 0.003676 -0.000442 -0.005116
 21 4.038904 -0.928101 -8.488220 0.000000 -0.000000 0.000000
 22 -0.000702 -0.454948 46.067245 0.554720 -0.003671 -0.189138
 23 -0.489972 22.757866 18.761993 0.000000 -0.000000 0.000000
 24 0.260424 -19.713539 -182.091019 0.000000 -0.000000 0.000000
 25 -16.518969 9.856476 11.602524 0.000000 -0.000000 0.000000
 26 12.687092 8.730812 11.181000 0.000000 -0.000000 0.000000
 27 -0.009704 -4.696526 26.699997 0.000000 -0.000000 0.000000
 28 -0.000043 -0.005970 23.601578 0.000000 -0.000000 0.000000
 29 -21.531246 -10.281181 -6.106491 0.073957 0.000000 -0.000000
 30 6.667690 -19.285316 -6.979965 0.014901 -0.001494 0.007854
 31 21.613554 5.850674 -6.561752 0.073957 0.000000 0.000000
 32 -0.490766 19.244427 -5.608490 0.072453 0.037495 -0.011701
 33 12.172540 -7.748508 -10.307098 0.073957 0.000000 0.000000
 34 -12.668404 -7.748508 -10.702652 0.073957 0.000000 0.000000
 35 -0.490772 14.424881 -10.375046 0.072675 0.039142 -0.001609
time 93
  0 0.768169 -0.850492 1.544617 0.000000 -0.000000 0.000000
  1 0.768169 -0.850492 1.544617 0.000000 -0.000000 0.000000
  2 0.984829 -7.246327 246.548599 0.000000 -0.000000 0.000000
  3 0.998367 -3.471023 1.599335 0.000000 -0.000000 0.000000
  4 0.998364 -14.920270 185.740082 -0.107481 -0.008348 -0.061532
  5 -11.802612 0.277813 -45.319962 0.563094 0.001032 -0.009208
  6 -0.797632 4.276031 -49.223640 0.422961 0.011304 -0.210709
  7 -0.000011 -0.000008 -7.282917 0.000000 -0.000000 0.000000
  8 11.803278 0.236652 -45.319962 0.528604 -0.002797 0.008045
  9 0.812347 4.273212 -49.223564 0.433843 -0.055776 0.265089
 10 0.000000 -0.000008 -7.282921 0.000000 -0.000000 0.000000
 11 -0.007720 0.030010 10.837540 -0.035684 0.001079 0.254191
 12 -16.431324 3.246395 32.898773 -1.398407 0.221248 -1.064247
 13 -12.321600 -2.201935 -17.125483 -0.022932 -0.000683 0.016752
 14 -13.252205 -2.413315 -18.422260 0.000219 -0.002291 -0.000000
 15 -3.868656 -0.832977 -6.257854 0.000000 -0.000000 0.000000
 16 -37.279198 -5.051147 -38.191196 0.000000 -0.000000 0.000000
 17 -3.806095 -1.056412 -7.595875 0.000000 -0.000000 0.000000
 18 16.442678 3.189075 32.898773 -1.464570 0.036785 0.674396
 19 12.313799 -2.244858 -17.125641 0.000000 -0.000000 0.000000
 20 13.243650 -2.459534 -18.422234 0.003473 -0.000396 -0.004832
 21 4.038895 -0.928116 -8.488216 0.000000 -0.000000 0.000000
 22 -0.000703 -0.454948 46.067276 0.536227 -0.004090 -0.191294
 23 -0.489972 22.757866 18.762024 0.000000 -0.000000 0.000000
 24 0.260424 -19.713539 -182.091003 0.000000 -0.000000 0.000000
 25 -16.518970 9.856476 11.602509 0.000000 -0.000000 0.000000
 26 12.687092 8.730804 11.181000 0.000000 -0.000000 0.000000
 27 -0.009704 -4.696526 26.699982 0.000000 -0.000000 0.000000
 28 -0.000044 -0.005970 23.601593 0.000000 -0.000000 0.000000
 29 -21.531242 -10.281181 -6.106506 0.074799 0.000000 -0.000000
 30 6.667690 -19.285320 -6.979980 0.019395 -0.000723 0.007772
 31 21.613556 5.850676 -6.561752 0.074799 0.000000 -0.000000
 32 -0.490765 19.244427 -5.608505 0.073279 0.037923 -0.011834
 33 12.172541 -7.748505 -10.307114 0.074799 0.000000 -0.000000
 34 -12.668406 -7.748505 -10.702652 0.074799 0.000000 -0.000000
 35 -0.490772 14.424881 -10.375046 0.073503 0.039588 -0.001627
time 94
  0 0.768169 -0.850492 1.544617 0.000000 -0.000000 0.000000
  1 0.768169 -0.850492 1.544617 0.000000 -0.000000 0.000000
  2 0.984829 -7.246327 246.548599 0.000000 -0.000000 0.000000
  3 0.998367 -3.471023 1.599335 0.000000 -0.000000 0.000000
  4 0.998364 -15.076722 185.294052 -0.107480 -0.008357 -0.061718
  5 -11.802613 0.277813 -45.319962 0.565813 0.001048 -0.009250
  6 -0.797635 4.276028 -49.223648 0.421383 0.011362 -0.210764
  7 -0.000015 0.000008 -7.282917 0.000000 -0.000000 0.000000
  8 11.803278 0.236652 -45.319962 0.516484 -0.002678 0.007883
  9 0.812344 4.273228 -49.223572 0.435742 -0.057181 0.265278
 10 0.000004 0.000000 -7.282917 0.000000 -0.000000 0.000000
 11 -0.007797 0.029991 10.837601 -0.033217 0.001015 0.256713
 12 -16.431324 3.246391 32.898758 -1.398445 0.220019 -1.064337
 13 -12.321606 -2.201920 -17.125490 -0.024978 -0.000798 0.018243
 14 -13.252205 -2.413300 -18.422256 0.000228 -0.002361 -0.000000
 15 -3.868652 -0.832962 -6.257854 0.000000 -0.000000 0.000000
 16 -37.279198 -5.051163 -38.191196 0.000000 -0.000000 0.000000
 17 -3.806095 -1.056427 -7.595879 0.000000 -0.000000 0.000000
 18 16.442680 3.189072 32.898758 -1.464763 0.036983 0.669886
 19 12.313789 -2.244888 -17.125645 0.000000 -0.000000 0.000000
 20 13.243649 -2.459518 -18.422237 0.003272 -0.000350 -0.004550
 21 4.038898 -0.928131 -8.488216 0.000000 -0.000000 0.000000
 22 -0.000704 -0.454952 46.067245 0.516098 -0.004537 -0.193561
 23 -0.489973 22.757866 18.761978 0.000000 -0.000000 0.000000
 24 0.260422 -19.713455 -182.090988 0.000000 -0.000000 0.000000
 25 -16.518967 9.856468 11.602493 0.000000 -0.000000 0.000000
 26 12.687091 8.730804 11.180984 0.000000 -0.000000 0.000000
 27 -0.009703 -4.696533 26.700012 0.000000 -0.000000 0.000000
 28 -0.000044 -0.005974 23.601578 0.000000 -0.000000 0.000000
 29 -21.531244 -10.281181 -6.106506 0.075621 0.000000 -0.000000
 30 6.667691 -19.285320 -6.979965 0.023789 0.000031 0.007690
 31 21.613556 5.850674 -6.561752 0.075621 -0.000000 0.000000
 32 -0.490766 19.244427 -5.608505 0.074083 0.038339 -0.011964
 33 12.172542 -7.748508 -10.307114 0.075621 0.000000 0.000000
 34 -12.668404 -7.748508 -10.702652 0.075621 -0.000000 0.000000
 35 -0.490773 14.424883 -10.375061 0.074310 0.040023 -0.001645
time 95
  0 0.768169 -0.850492 1.544617 0.000000 -0.000000 0.000000
  1 0.768169 -0.850492 1.544617 0.000000 -0.000000 0.000000
  2 0.984829 -7.246327 246.548599 0.000000 -0.000000 0.000000
  3 0.998367 -3.471023 1.599335 0.000000 -0.000000 0.000000
  4 0.998364 -15.211962 184.816559 -0.107479 -0.008366 -0.061903
  5 -11.802612 0.277817 -45.319946 0.568487 0.001064 -0.009292
  6 -0.797629 4.276028 -49.223656 0.419829 0.011419 -0.210819
  7 -0.000013 0.000008 -7.282921 0.000000 -0.000000 0.000000
  8 11.803278 0.236660 -45.319962 0.504561 -0.002562 0.007722
  9 0.812349 4.273216 -49.223564 0.437602 -0.058560 0.265463
 10 0.000004 0.000000 -7.282917 0.000000 -0.000000 0.000000
 11 -0.007873 0.029980 10.837662 -0.030799 0.000953 0.259185
 12 -16.431324 3.246391 32.898773 -1.398480 0.218732 -1.064419
 13 -12.321608 -2.201935 -17.125494 -0.027003 -0.000911 0.019719
 14 -13.252205 -2.413300 -18.422266 0.000237 -0.002430 -0.000000
 15 -3.868652 -0.832977 -6.257858 0.000000 -0.000000 0.000000
 16 -37.279202 -5.051147 -38.191216 0.000000 -0.000000 0.000000
 17 -3.806091 -1.056427 -7.595882 0.000000 -0.000000 0.000000
 18 16.442684 3.189072 32.898773 -1.464941 0.037164 0.665262
 19 12.313805 -2.244873 -17.125652 0.000000 -0.000000 0.000000
 20 13.243660 -2.459534 -18.422245 0.003074 -0.000305 -0.004272
 21 4.038906 -0.928101 -8.488216 0.000000 -0.000000 0.000000
 22 -0.000705 -0.454952 46.067276 0.494508 -0.005006 -0.195924
 23 -0.489970 22.757858 18.761978 0.000000 -0.000000 0.000000
 24 0.260437 -19.713493 -182.091034 0.000000 -0.000000 0.000000
 25 -16.518970 9.856461 11.602493 0.000000 -0.000000 0.000000
 26 12.687096 8.730812 11.181000 0.000000 -0.000000 0.000000
 27 -0.009707 -4.696518 26.700012 0.000000 -0.000000 0.000000
 28 -0.000044 -0.005974 23.601593 0.000000 -0.000000 0.000000
 29 -21.531246 -10.281181 -6.106491 0.076420 0.000000 -0.000000
 30 6.667689 -19.285316 -6.979965 0.028078 0.000766 0.007607
 31 21.613556 5.850679 -6.561752 0.076420 -0.000000 0.000000
 32 -0.490764 19.244431 -5.608521 0.074867 0.038744 -0.012091
 33 12.172540 -7.748501 -10.307098 0.076420 0.000000 -0.000000
 34 -12.668405 -7.748501 -10.702667 0.076420 0.000000 -0.000000
 35 -0.490771 14.424885 -10.375061 0.075096 0.040446 -0.001662
time 96
  0 0.768169 -0.850492 1.544617 0.000000 -0.000000 0.000000
  1 0.768169 -0.850492 1.544617 0.000000 -0.000000 0.000000
  2 0.984829 -7.246327 246.548599 0.000000 -0.000000 0.000000
  3 0.998367 -3.471023 1.599335 0.000000 -0.000000 0.000000
  4 0.998364 -15.324947 184.306091 -0.107478 -0.008376 -0.062085
  5 -11.802612 0.277813 -45.319946 0.571113 0.001080 -0.009333
  6 -0.797628 4.276020 -49.223640 0.418302 0.011475 -0.210872
  7 -0.000015 0.000000 -7.282917 0.000000 -0.000000 0.000000
  8 11.803282 0.236656 -45.319962 0.492856 -0.002448 0.007564
  9 0.812348 4.273212 -49.223572 0.439422 -0.059912 0.265644
 10 0.000004 0.000000 -7.282921 0.000000 -0.000000 0.000000
 11 -0.007947 0.029964 10.837738 -0.028436 0.000891 0.261602
 12 -16.431326 3.246395 32.898788 -1.398512 0.217384 -1.064495
 13 -12.321608 -2.201935 -17.125488 -0.029003 -0.001023 0.021176
 14 -13.252209 -2.413315 -18.422264 0.000245 -0.002498 -0.000000
 15 -3.868652 -0.832962 -6.257854 0.000000 -0.000000 0.000000
 16 -37.279205 -5.051147 -38.191216 0.000000 -0.000000 0.000000
 17 -3.806091 -1.056427 -7.595871 0.000000 -0.000000 0.000000
 18 16.442678 3.189072 32.898773 -1.465102 0.037330 0.660526
 19 12.313799 -2.244873 -17.125648 0.000000 -0.000000 0.000000
 20 13.243656 -2.459518 -18.422239 0.002877 -0.000260 -0.003996
 21 4.038904 -0.928116 -8.488224 0.000000 -0.000000 0.000000
 22 -0.000707 -0.454948 46.067276 0.471630 -0.005497 -0.198369
 23 -0.489974 22.757881 18.762024 0.000000 -0.000000 0.000000
 24 0.260432 -19.713516 -182.091049 0.000000 -0.000000 0.000000
 25 -16.518972 9.856483 11.602524 0.000000 -0.000000 0.000000
 26 12.687094 8.730812 11.181000 0.000000 -0.000000 0.000000
 27 -0.009704 -4.696510 26.700027 0.000000 -0.000000 0.000000
 28 -0.000045 -0.005970 23.601593 0.000000 -0.000000 0.000000
 29 -21.531248 -10.281181 -6.106491 0.077197 0.000000 0.000000
 30 6.667691 -19.285316 -6.979965 0.032257 0.001483 0.007524
 31 21.613562 5.850677 -6.561737 0.077197 -0.000000 0.000000
 32 -0.490764 19.244427 -5.608490 0.075628 0.039138 -0.012214
 33 12.172543 -7.748505 -10.307098 0.077197 0.000000 -0.000000
 34 -12.668406 -7.748505 -10.702652 0.077197 0.000000 0.000000
 35 -0.490771 14.424883 -10.375046 0.075859 0.040858 -0.001679
time 97
  0 0.768169 -0.850492 1.544617 0.000000 -0.000000 0.000000
  1 0.768169 -0.850492 1.544617 0.000000 -0.000000 0.000000
  2 0.984829 -7.246327 246.548599 0.000000 -0.000000 0.000000
  3 0.998367 -3.471023 1.599335 0.000000 -0.000000 0.000000
  4 0.998364 -15.414637 183.761200 -0.107477 -0.008384 -0.062264
  5 -11.802610 0.277809 -45.319946 0.573686 0.001095 -0.009373
  6 -0.797629 4.276028 -49.223640 0.416805 0.011529 -0.210923
  7 -0.000011 -0.000008 -7.282913 0.000000 -0.000000 0.000000
  8 11.803281 0.236652 -45.319962 0.481389 -0.002336 0.007409
  9 0.812350 4.273212 -49.223572 0.441199 -0.061233 0.265822
 10 0.000004 -0.000008 -7.282921 0.000000 -0.000000 0.000000
 11 -0.008019 0.029945 10.837814 -0.026129 0.000830 0.263962
 12 -16.431322 3.246391 32.898773 -1.398541 0.215970 -1.064563
 13 -12.321602 -2.201920 -17.125483 -0.030972 -0.001133 0.022612
 14 -13.252201 -2.413330 -18.422253 0.000254 -0.002565 -0.000000
 15 -3.868652 -0.832962 -6.257862 0.000000 -0.000000 0.000000
 16 -37.279190 -5.051147 -38.191189 0.000000 -0.000000 0.000000
 17 -3.806091 -1.056427 -7.595875 0.000000 -0.000000 0.000000
 18 16.442673 3.189072 32.898758 -1.465248 0.037478 0.655679
 19 12.313791 -2.244858 -17.125637 0.000000 -0.000000 0.000000
 20 13.243647 -2.459518 -18.422226 0.002684 -0.000216 -0.003725
 21 4.038902 -0.928116 -8.488224 0.000000 -0.000000 0.000000
 22 -0.000708 -0.454948 46.067261 0.447640 -0.006004 -0.200883
 23 -0.489975 22.757866 18.761993 0.000000 -0.000000 0.000000
 24 0.260441 -19.713516 -182.091003 0.000000 -0.000000 0.000000
 25 -16.518969 9.856468 11.602509 0.000000 -0.000000 0.000000
 26 12.687089 8.730804 11.181000 0.000000 -0.000000 0.000000
 27 -0.009706 -4.696529 26.699982 0.000000 -0.000000 0.000000
 28 -0.000046 -0.005970 23.601593 0.000000 -0.000000 0.000000
 29 -21.531242 -10.281181 -6.106506 0.077951 0.000000 0.000000
 30 6.667691 -19.285316 -6.979965 0.036322 0.002181 0.007441
 31 21.613556 5.850676 -6.561752 0.077951 -0.000000 -0.000000
 32 -0.490764 19.244427 -5.608505 0.076366 0.039520 -0.012333
 33 12.172542 -7.748505 -10.307114 0.077951 0.000000 0.000000
 34 -12.668404 -7.748508 -10.702652 0.077951 -0.000000 -0.000000
 35 -0.490771 14.424881 -10.375061 0.076600 0.041256 -0.001696
time 98
  0 0.768169 -0.850492 1.544617 0.000000 -0.000000 0.000000
  1 0.768169 -0.850492 1.544617 0.000000 -0.000000 0.000000
  2 0.984829 -7.246327 246.548599 0.000000 -0.000000 0.000000
  3 0.998367 -3.471023 1.599335 0.000000 -0.000000 0.000000
  4 0.998364 -15.479990 183.180405 -0.107476 -0.008393 -0.062440
  5 -11.802611 0.277813 -45.319946 0.576202 0.001110 -0.009412
  6 -0.797629 4.276039 -49.223648 0.415340 0.011582 -0.210973
  7 -0.000013 0.000000 -7.282921 0.000000 -0.000000 0.000000
  8 11.803281 0.236652 -45.319931 0.470180 -0.002228 0.007257
  9 0.812349 4.273232 -49.223557 0.442930 -0.062522 0.265994
 10 0.000006 0.000000 -7.282917 0.000000 -0.000000 0.000000
 11 -0.008090 0.029930 10.837875 -0.023882 0.000770 0.266261
 12 -16.431324 3.246395 32.898773 -1.398568 0.214488 -1.064624
 13 -12.321606 -2.201935 -17.125486 -0.032907 -0.001241 0.024022
 14 -13.252205 -2.413330 -18.422262 0.000262 -0.002631 -0.000000
 15 -3.868652 -0.832962 -6.257851 0.000000 -0.000000 0.000000
 16 -37.279198 -5.051163 -38.191193 0.000000 -0.000000 0.000000
 17 -3.806091 -1.056427 -7.595871 0.000000 -0.000000 0.000000
 18 16.442680 3.189075 32.898773 -1.465377 0.037610 0.650722
 19 12.313795 -2.244888 -17.125645 0.000000 -0.000000 0.000000
 20 13.243654 -2.459503 -18.422241 0.002494 -0.000172 -0.003459
 21 4.038900 -0.928116 -8.488220 0.000000 -0.000000 0.000000
 22 -0.000706 -0.454948 46.067261 0.422711 -0.006526 -0.203450
 23 -0.489974 22.757862 18.762009 0.000000 -0.000000 0.000000
 24 0.260438 -19.713448 -182.091003 0.000000 -0.000000 0.000000
 25 -16.518976 9.856472 11.602509 0.000000 -0.000000 0.000000
 26 12.687095 8.730816 11.180984 0.000000 -0.000000 0.000000
 27 -0.009706 -4.696541 26.699982 0.000000 -0.000000 0.000000
 28 -0.000045 -0.005966 23.601578 0.000000 -0.000000 0.000000
 29 -21.531242 -10.281181 -6.106491 0.078680 0.000000 -0.000000
 30 6.667690 -19.285316 -6.979950 0.040268 0.002858 0.007357
 31 21.613556 5.850676 -6.561737 0.078680 0.000000 0.000000
 32 -0.490764 19.244427 -5.608505 0.077081 0.039890 -0.012448
 33 12.172542 -7.748505 -10.307083 0.078680 0.000000 -0.000000
 34 -12.668404 -7.748508 -10.702637 0.078680 0.000000 0.000000
 35 -0.490771 14.424881 -10.375046 0.077316 0.041643 -0.001712
time 99
  0 0.768169 -0.850492 1.544617 0.000000 -0.000000 0.000000
  1 0.768169 -0.850492 1.544617 0.000000 -0.000000 0.000000
  2 0.984829 -7.246327 246.548599 0.000000 -0.000000 0.000000
  3 0.998367 -3.471023 1.599335 0.000000 -0.000000 0.000000
  4 0.998364 -15.519966 182.562210 -0.107475 -0.008402 -0.062613
  5 -11.802608 0.277813 -45.319946 0.578655 0.001124 -0.009450
  6 -0.797628 4.276031 -49.223633 0.413911 0.011634 -0.211022
  7 -0.000013 0.000000 -7.282917 0.000000 -0.000000 0.000000
  8 11.803281 0.236656 -45.319946 0.459251 -0.002122 0.007109
  9 0.812352 4.273224 -49.223579 0.444612 -0.063777 0.266162
 10 0.000004 0.000004 -7.282925 0.000000 -0.000000 0.000000
 11 -0.008158 0.029915 10.837967 -0.021698 0.000711 0.268495
 12 -16.431320 3.246395 32.898788 -1.398590 0.212934 -1.064678
 13 -12.321602 -2.201950 -17.125490 -0.034803 -0.001347 0.025404
 14 -13.252193 -2.413300 -18.422253 0.000270 -0.002695 -0.000000
 15 -3.868652 -0.832977 -6.257862 0.000000 -0.000000 0.000000
 16 -37.279175 -5.051163 -38.191189 0.000000 -0.000000 0.000000
 17 -3.806095 -1.056427 -7.595879 0.000000 -0.000000 0.000000
 18 16.442677 3.189075 32.898773 -1.465491 0.037725 0.645655
 19 12.313795 -2.244888 -17.125641 0.000000 -0.000000 0.000000
 20 13.243652 -2.459518 -18.422239 0.002308 -0.000130 -0.003198
 21 4.038902 -0.928131 -8.488216 0.000000 -0.000000 0.000000
 22 -0.000708 -0.454945 46.067261 0.397017 -0.007058 -0.206057
 23 -0.489971 22.757870 18.761993 0.000000 -0.000000 0.000000
 24 0.260443 -19.713490 -182.091034 0.000000 -0.000000 0.000000
 25 -16.518970 9.856472 11.602509 0.000000 -0.000000 0.000000
 26 12.687093 8.730812 11.180984 0.000000 -0.000000 0.000000
 27 -0.009707 -4.696522 26.700027 0.000000 -0.000000 0.000000
 28 -0.000046 -0.005966 23.601578 0.000000 -0.000000 0.000000
 29 -21.531244 -10.281181 -6.106491 0.079385 0.000000 -0.000000
 30 6.667689 -19.285320 -6.979950 0.044089 0.003513 0.007273
 31 21.613556 5.850677 -6.561737 0.079385 0.000000 -0.000000
 32 -0.490763 19.244427 -5.608490 0.077771 0.040248 -0.012560
 33 12.172540 -7.748505 -10.307083 0.079385 0.000000 -0.000000
 34 -12.668404 -7.748508 -10.702637 0.079385 0.000000 -0.000000
 35 -0.490771 14.424881 -10.375031 0.078009 0.042015 -0.001727
time 100
  0 0.768169 -0.850492 1.544617 0.000000 -0.000000 0.000000
  1 0.768169 -0.850492 1.544617 0.000000 -0.000000 0.000000
  2 0.984829 -7.246327 246.548599 0.000000 -0.000000 0.000000
  3 0.998367 -3.471023 1.599335 0.000000 -0.000000 0.000000
  4 0.998364 -15.533523 181.905151 -0.107474 -0.008410 -0.062782
  5 -11.802610 0.277809 -45.319946 0.581041 0.001138 -0.009488
  6 -0.797626 4.276028 -49.223633 0.412520 0.011683 -0.211069
  7 -0.000011 0.000000 -7.282921 0.000000 -0.000000 0.000000
  8 11.803282 0.236656 -45.319962 0.448621 -0.002019 0.006965
  9 0.812352 4.273224 -49.223579 0.446243 -0.064995 0.266325
 10 0.000004 -0.000004 -7.282925 0.000000 -0.000000 0.000000
 11 -0.008224 0.029903 10.838013 -0.019582 0.000654 0.270662
 12 -16.431322 3.246395 32.898773 -1.398610 0.211304 -1.064724
 13 -12.321598 -2.201935 -17.125484 -0.036656 -0.001451 0.026755
 14 -13.252197 -2.413315 -18.422255 0.000278 -0.002758 -0.000000
 15 -3.868652 -0.832977 -6.257862 0.000000 -0.000000 0.000000
 16 -37.279182 -5.051147 -38.191189 0.000000 -0.000000 0.000000
 17 -3.806091 -1.056412 -7.595882 0.000000 -0.000000 0.000000
 18 16.442677 3.189079 32.898758 -1.465587 0.037824 0.640480
 19 12.313795 -2.244888 -17.125645 0.000000 -0.000000 0.000000
 20 13.243649 -2.459518 -18.422235 0.002126 -0.000088 -0.002943
 21 4.038897 -0.928101 -8.488209 0.000000 -0.000000 0.000000
 22 -0.000706 -0.454945 46.067245 0.370733 -0.007599 -0.208689
 23 -0.489972 22.757870 18.761993 0.000000 -0.000000 0.000000
 24 0.260441 -19.713470 -182.091034 0.000000 -0.000000 0.000000
 25 -16.518967 9.856476 11.602509 0.000000 -0.000000 0.000000
 26 12.687090 8.730812 11.180969 0.000000 -0.000000 0.000000
 27 -0.009706 -4.696529 26.700012 0.000000 -0.000000 0.000000
 28 -0.000045 -0.005966 23.601578 0.000000 -0.000000 0.000000
 29 -21.531244 -10.281181 -6.106476 0.080064 0.000000 0.000000
 30 6.667689 -19.285316 -6.979950 0.047782 0.004147 0.007188
 31 21.613560 5.850677 -6.561752 0.080064 0.000000 0.000000
 32 -0.490763 19.244431 -5.608490 0.078436 0.040592 -0.012667
 33 12.172541 -7.748505 -10.307098 0.080064 -0.000000 -0.000000
 34 -12.668404 -7.748505 -10.702637 0.080064 -0.000000 0.000000
 35 -0.490770 14.424885 -10.375061 0.078676 0.042375 -0.001742
time 101
  0 0.768169 -0.850492 1.544617 0.000000 -0.000000 0.000000
  1 0.768169 -0.850492 1.544617 0.000000 -0.000000 0.000000
  2 0.984829 -7.246327 246.548599 0.000000 -0.000000 0.000000
  3 0.998367 -3.471023 1.599335 0.000000 -0.000000 0.000000
  4 0.998364 -15.446069 180.952515 -0.107473 -0.008418 -0.062946
  5 -11.802612 0.277805 -45.319962 0.583356 0.001152 -0.009524
  6 -0.797628 4.276031 -49.223640 0.411170 0.011731 -0.211115
  7 -0.000011 0.000000 -7.282917 0.000000 -0.000000 0.000000
  8 11.803278 0.236652 -45.319977 0.438311 -0.001920 0.006824
  9 0.812349 4.273216 -49.223579 0.447820 -0.066174 0.266482
 10 0.000004 -0.000004 -7.282925 0.000000 -0.000000 0.000000
 11 -0.008288 0.029888 10.838074 -0.017536 0.000598 0.272756
 12 -16.431324 3.246391 32.898773 -1.398626 0.209596 -1.064762
 13 -12.321602 -2.201935 -17.125490 -0.038461 -0.001552 0.028071
 14 -13.252209 -2.413300 -18.422260 0.000286 -0.002819 -0.000000
 15 -3.868656 -0.832962 -6.257858 0.000000 -0.000000 0.000000
 16 -37.279202 -5.051147 -38.191204 0.000000 -0.000000 0.000000
 17 -3.806099 -1.056412 -7.595882 0.000000 -0.000000 0.000000
 18 16.442680 3.189075 32.898773 -1.465668 0.037905 0.635196
 19 12.313791 -2.244873 -17.125639 0.000000 -0.000000 0.000000
 20 13.243650 -2.459518 -18.422232 0.001949 -0.000048 -0.002694
 21 4.038906 -0.928101 -8.488216 0.000000 -0.000000 0.000000
 22 -0.000704 -0.454948 46.067261 0.344033 -0.008144 -0.211332
 23 -0.489969 22.757870 18.762009 0.000000 -0.000000 0.000000
 24 0.260429 -19.713509 -182.091064 0.000000 -0.000000 0.000000
 25 -16.518970 9.856472 11.602509 0.000000 -0.000000 0.000000
 26 12.687097 8.730812 11.180984 0.000000 -0.000000 0.000000
 27 -0.009706 -4.696522 26.700027 0.000000 -0.000000 0.000000
 28 -0.000043 -0.005970 23.601578 0.000000 -0.000000 0.000000
 29 -21.531244 -10.281185 -6.106506 0.080717 0.000000 -0.000000
 30 6.667689 -19.285324 -6.979980 0.051341 0.004757 0.007103
 31 21.613558 5.850676 -6.561752 0.080717 0.000000 -0.000000
 32 -0.490763 19.244425 -5.608505 0.079076 0.040923 -0.012771
 33 12.172541 -7.748505 -10.307114 0.080717 0.000000 -0.000000
 34 -12.668406 -7.748512 -10.702667 0.080717 0.000000 -0.000000
 35 -0.490771 14.424881 -10.375061 0.079318 0.042721 -0.001756
time 102
  0 0.768169 -0.850492 1.544617 0.000000 -0.000000 0.000000
  1 0.768169 -0.850492 1.544617 0.000000 -0.000000 0.000000
  2 0.984829 -7.246327 246.548599 0.000000 -0.000000 0.000000
  3 0.998367 -3.471023 1.599335 0.000000 -0.000000 0.000000
  4 0.998364 -15.195771 179.488937 -0.107473 -0.008426 -0.063106
  5 -11.802608 0.277813 -45.319946 0.585595 0.001165 -0.009559
  6 -0.797626 4.276035 -49.223640 0.409864 0.011778 -0.211159
  7 -0.000011 0.000000 -7.282913 0.000000 -0.000000 0.000000
  8 11.803284 0.236656 -45.319962 0.428341 -0.001824 0.006688
  9 0.812352 4.273212 -49.223587 0.449341 -0.067313 0.266634
 10 0.000004 0.000000 -7.282921 0.000000 -0.000000 0.000000
 11 -0.008351 0.029873 10.838135 -0.015564 0.000543 0.274775
 12 -16.431324 3.246395 32.898758 -1.398639 0.207806 -1.064793
 13 -12.321606 -2.201935 -17.125484 -0.040214 -0.001650 0.029349
 14 -13.252197 -2.413315 -18.422255 0.000293 -0.002879 -0.000000
 15 -3.868649 -0.832962 -6.257854 0.000000 -0.000000 0.000000
 16 -37.279194 -5.051178 -38.191189 0.000000 -0.000000 0.000000
 17 -3.806091 -1.056427 -7.595875 0.000000 -0.000000 0.000000
 18 16.442677 3.189075 32.898758 -1.465731 0.037969 0.629806
 19 12.313799 -2.244873 -17.125647 0.000000 -0.000000 0.000000
 20 13.243650 -2.459518 -18.422241 0.001777 -0.000009 -0.002453
 21 4.038897 -0.928101 -8.488213 0.000000 -0.000000 0.000000
 22 -0.000709 -0.454945 46.067245 0.317091 -0.008690 -0.213972
 23 -0.489972 22.757858 18.761993 0.000000 -0.000000 0.000000
 24 0.260447 -19.713482 -182.091034 0.000000 -0.000000 0.000000
 25 -16.518972 9.856468 11.602509 0.000000 -0.000000 0.000000
 26 12.687096 8.730808 11.180984 0.000000 -0.000000 0.000000
 27 -0.009708 -4.696526 26.699997 0.000000 -0.000000 0.000000
 28 -0.000046 -0.005970 23.601578 0.000000 -0.000000 0.000000
 29 -21.531244 -10.281181 -6.106491 0.081343 0.000000 0.000000
 30 6.667690 -19.285313 -6.979965 0.054762 0.005344 0.007017
 31 21.613558 5.850674 -6.561737 0.081343 0.000000 -0.000000
 32 -0.490762 19.244423 -5.608490 0.079689 0.041240 -0.012870
 33 12.172541 -7.748501 -10.307098 0.081343 0.000000 -0.000000
 34 -12.668404 -7.748508 -10.702652 0.081343 0.000000 0.000000
 35 -0.490770 14.424881 -10.375061 0.079933 0.043052 -0.001769
time 103
  0 0.768169 -0.850492 1.544617 0.000000 -0.000000 0.000000
  1 0.768169 -0.850492 1.544617 0.000000 -0.000000 0.000000
  2 0.984829 -7.246327 246.548599 0.000000 -0.000000 0.000000
  3 0.998367 -3.471023 1.599335 0.000000 -0.000000 0.000000
  4 0.998364 -14.800724 177.574936 -0.107472 -0.008434 -0.063261
  5 -11.802611 0.277813 -45.319946 0.587753 0.001178 -0.009593
  6 -0.797625 4.276035 -49.223640 0.408604 0.011822 -0.211201
  7 -0.000011 0.000000 -7.282921 0.000000 -0.000000 0.000000
  8 11.803283 0.236656 -45.319962 0.418732 -0.001732 0.006557
  9 0.812354 4.273212 -49.223572 0.450802 -0.068408 0.266780
 10 0.000006 -0.000004 -7.282925 0.000000 -0.000000 0.000000
 11 -0.008410 0.029861 10.838196 -0.013668 0.000491 0.276716
 12 -16.431326 3.246391 32.898773 -1.398649 0.205930 -1.064815
 13 -12.321608 -2.201935 -17.125488 -0.041911 -0.001745 0.030586
 14 -13.252197 -2.413315 -18.422258 0.000301 -0.002936 -0.000000
 15 -3.868652 -0.832947 -6.257862 0.000000 -0.000000 0.000000
 16 -37.279205 -5.051178 -38.191189 0.000000 -0.000000 0.000000
 17 -3.806091 -1.056412 -7.595871 0.000000 -0.000000 0.000000
 18 16.442678 3.189072 32.898758 -1.465778 0.038016 0.624309
 19 12.313797 -2.244888 -17.125647 0.000000 -0.000000 0.000000
 20 13.243652 -2.459503 -18.422237 0.001610 0.000030 -0.002219
 21 4.038902 -0.928101 -8.488220 0.000000 -0.000000 0.000000
 22 -0.000708 -0.454948 46.067261 0.290081 -0.009235 -0.216595
 23 -0.489972 22.757870 18.762024 0.000000 -0.000000 0.000000
 24 0.260444 -19.713486 -182.091034 0.000000 -0.000000 0.000000
 25 -16.518970 9.856472 11.602509 0.000000 -0.000000 0.000000
 26 12.687094 8.730808 11.181000 0.000000 -0.000000 0.000000
 27 -0.009707 -4.696527 26.699997 0.000000 -0.000000 0.000000
 28 -0.000046 -0.005970 23.601578 0.000000 -0.000000 0.000000
 29 -21.531248 -10.281181 -6.106491 0.081942 0.000000 0.000000
 30 6.667689 -19.285309 -6.979965 0.058039 0.005906 0.006932
 31 21.613564 5.850677 -6.561752 0.081942 0.000000 -0.000000
 32 -0.490762 19.244427 -5.608490 0.080276 0.041544 -0.012964
 33 12.172543 -7.748505 -10.307098 0.081942 0.000000 0.000000
 34 -12.668406 -7.748505 -10.702652 0.081942 -0.000000 0.000000
 35 -0.490769 14.424883 -10.375061 0.080521 0.043369 -0.001782
time 104
  0 0.768169 -0.850492 1.544617 0.000000 -0.000000 0.000000
  1 0.768169 -0.850492 1.544617 0.000000 -0.000000 0.000000
  2 0.984829 -7.246327 246.548599 0.000000 -0.000000 0.000000
  3 0.998367 -3.471023 1.599335 0.000000 -0.000000 0.000000
  4 0.998364 -14.279020 175.271072 -0.107471 -0.008441 -0.063410
  5 -11.802610 0.277817 -45.319954 0.589826 0.001190 -0.009625
  6 -0.797627 4.276020 -49.223648 0.407393 0.011864 -0.211241
  7 -0.000011 -0.000008 -7.282917 0.000000 -0.000000 0.000000
  8 11.803282 0.236656 -45.319954 0.409503 -0.001643 0.006431
  9 0.812352 4.273212 -49.223587 0.452202 -0.069459 0.266920
 10 0.000004 -0.000004 -7.282925 0.000000 -0.000000 0.000000
 11 -0.008467 0.029850 10.838242 -0.011853 0.000440 0.278575
 12 -16.431320 3.246395 32.898773 -1.398655 0.203965 -1.064829
 13 -12.321604 -2.201935 -17.125490 -0.043548 -0.001836 0.031778
 14 -13.252197 -2.413300 -18.422258 0.000308 -0.002992 -0.000000
 15 -3.868652 -0.832977 -6.257858 0.000000 -0.000000 0.000000
 16 -37.279190 -5.051163 -38.191200 0.000000 -0.000000 0.000000
 17 -3.806099 -1.056442 -7.595879 0.000000 -0.000000 0.000000
 18 16.442678 3.189077 32.898758 -1.465807 0.038046 0.618708
 19 12.313793 -2.244888 -17.125645 0.000000 -0.000000 0.000000
 20 13.243650 -2.459518 -18.422235 0.001450 0.000066 -0.001994
 21 4.038897 -0.928101 -8.488220 0.000000 -0.000000 0.000000
 22 -0.000707 -0.454948 46.067261 0.263177 -0.009774 -0.219187
 23 -0.489972 22.757870 18.761993 0.000000 -0.000000 0.000000
 24 0.260439 -19.713482 -182.091003 0.000000 -0.000000 0.000000
 25 -16.518970 9.856472 11.602509 0.000000 -0.000000 0.000000
 26 12.687095 8.730808 11.181000 0.000000 -0.000000 0.000000
 27 -0.009706 -4.696527 26.699997 0.000000 -0.000000 0.000000
 28 -0.000044 -0.005970 23.601593 0.000000 -0.000000 0.000000
 29 -21.531246 -10.281178 -6.106476 0.082512 0.000000 0.000000
 30 6.667691 -19.285309 -6.979950 0.061169 0.006443 0.006845
 31 21.613558 5.850677 -6.561737 0.082512 -0.000000 0.000000
 32 -0.490763 19.244429 -5.608490 0.080834 0.041833 -0.013055
 33 12.172543 -7.748501 -10.307098 0.082512 0.000000 0.000000
 34 -12.668406 -7.748505 -10.702637 0.082512 -0.000000 0.000000
 35 -0.490771 14.424883 -10.375046 0.081081 0.043670 -0.001795
time 105
  0 0.768169 -0.850492 1.544617 0.000000 -0.000000 0.000000
  1 0.768169 -0.850492 1.544617 0.000000 -0.000000 0.000000
  2 0.984829 -7.246327 246.548599 0.000000 -0.000000 0.000000
  3 0.998367 -3.471023 1.599335 0.000000 -0.000000 0.000000
  4 0.998364 -13.648754 172.637848 -0.107470 -0.008448 -0.063553
  5 -11.802610 0.277813 -45.319946 0.591809 0.001202 -0.009656
  6 -0.797627 4.276043 -49.223648 0.406234 0.011905 -0.211280
  7 -0.000011 0.000000 -7.282913 0.000000 -0.000000 0.000000
  8 11.803281 0.236656 -45.319954 0.400676 -0.001559 0.006310
  9 0.812351 4.273220 -49.223579 0.453537 -0.070463 0.267053
 10 0.000004 0.000000 -7.282921 0.000000 -0.000000 0.000000
 11 -0.008521 0.029835 10.838303 -0.010122 0.000392 0.280348
 12 -16.431326 3.246393 32.898788 -1.398657 0.201907 -1.064835
 13 -12.321602 -2.201920 -17.125488 -0.045119 -0.001924 0.032923
 14 -13.252201 -2.413315 -18.422264 0.000315 -0.003045 -0.000000
 15 -3.868652 -0.832962 -6.257854 0.000000 -0.000000 0.000000
 16 -37.279190 -5.051147 -38.191208 0.000000 -0.000000 0.000000
 17 -3.806091 -1.056396 -7.595875 0.000000 -0.000000 0.000000
 18 16.442678 3.189075 32.898758 -1.465820 0.038059 0.613002
 19 12.313797 -2.244873 -17.125647 0.000000 -0.000000 0.000000
 20 13.243658 -2.459518 -18.422234 0.001295 0.000101 -0.001778
 21 4.038904 -0.928116 -8.488220 0.000000 -0.000000 0.000000
 22 -0.000707 -0.454948 46.067261 0.236555 -0.010306 -0.221732
 23 -0.489971 22.757866 18.761993 0.000000 -0.000000 0.000000
 24 0.260438 -19.713482 -182.091064 0.000000 -0.000000 0.000000
 25 -16.518970 9.856472 11.602493 0.000000 -0.000000 0.000000
 26 12.687094 8.730814 11.180984 0.000000 -0.000000 0.000000
 27 -0.009706 -4.696527 26.699997 0.000000 -0.000000 0.000000
 28 -0.000045 -0.005970 23.601593 0.000000 -0.000000 0.000000
 29 -21.531244 -10.281185 -6.106506 0.083053 0.000000 0.000000
 30 6.667688 -19.285320 -6.979950 0.064145 0.006954 0.006759
 31 21.613556 5.850677 -6.561737 0.083053 0.000000 -0.000000
 32 -0.490763 19.244429 -5.608490 0.081364 0.042107 -0.013140
 33 12.172541 -7.748501 -10.307098 0.083053 0.000000 0.000000
 34 -12.668405 -7.748508 -10.702652 0.083053 0.000000 -0.000000
 35 -0.490770 14.424885 -10.375046 0.081613 0.043957 -0.001807
time 106
  0 0.768169 -0.850492 1.544617 0.000000 -0.000000 0.000000
  1 0.768169 -0.850492 1.544617 0.000000 -0.000000 0.000000
  2 0.984829 -7.246327 246.548599 0.000000 -0.000000 0.000000
  3 0.998367 -3.471023 1.599335 0.000000 -0.000000 0.000000
  4 0.998364 -12.928020 169.735809 -0.107469 -0.008455 -0.063690
  5 -11.802612 0.277807 -45.319969 0.593697 0.001213 -0.009685
  6 -0.797629 4.276020 -49.223648 0.405130 0.011943 -0.211316
  7 -0.000011 -0.000008 -7.282913 0.000000 -0.000000 0.000000
  8 11.803278 0.236649 -45.319969 0.392271 -0.001478 0.006195
  9 0.812349 4.273220 -49.223564 0.454806 -0.071417 0.267180
 10 0.000004 0.000004 -7.282921 0.000000 -0.000000 0.000000
 11 -0.008572 0.029819 10.838333 -0.008478 0.000345 0.282032
 12 -16.431320 3.246395 32.898788 -1.375924 0.196775 -1.053270
 13 -12.321598 -2.201920 -17.125481 -0.046621 -0.002008 0.034018
 14 -13.252190 -2.413300 -18.422256 0.000321 -0.003096 -0.000000
 15 -3.868645 -0.832962 -6.257858 0.000000 -0.000000 0.000000
 16 -37.279182 -5.051163 -38.191177 0.000000 -0.000000 0.000000
 17 -3.806091 -1.056412 -7.595879 0.000000 -0.000000 0.000000
 18 16.442677 3.189077 32.898788 -1.437950 0.026194 0.592893
 19 12.313793 -2.244888 -17.125645 0.000000 -0.000000 0.000000
 20 13.243649 -2.459503 -18.422237 0.001148 0.000135 -0.001571
 21 4.038897 -0.928101 -8.488216 0.000000 -0.000000 0.000000
 22 -0.000705 -0.454945 46.067261 0.210387 -0.010826 -0.224218
 23 -0.489968 22.757864 18.762009 0.000000 -0.000000 0.000000
 24 0.260431 -19.713482 -182.091019 0.000000 -0.000000 0.000000
 25 -16.518967 9.856470 11.602509 0.000000 -0.000000 0.000000
 26 12.687092 8.730810 11.180984 0.000000 -0.000000 0.000000
 27 -0.009706 -4.696525 26.700012 0.000000 -0.000000 0.000000
 28 -0.000045 -0.005966 23.601578 0.000000 -0.000000 0.000000
 29 -21.531244 -10.281181 -6.106506 0.083564 0.000000 -0.000000
 30 6.667690 -19.285320 -6.979965 0.066965 0.007438 0.006672
 31 21.613558 5.850674 -6.561752 0.083564 0.000000 0.000000
 32 -0.490764 19.244423 -5.608505 0.081865 0.042366 -0.013221
 33 12.172541 -7.748505 -10.307114 0.083564 0.000000 -0.000000
 34 -12.668404 -7.748508 -10.702667 0.083564 0.000000 0.000000
 35 -0.490771 14.424877 -10.375061 0.082115 0.044227 -0.001818
time 107
  0 0.768169 -0.850492 1.544617 0.000000 -0.000000 0.000000
  1 0.768169 -0.850492 1.544617 0.000000 -0.000000 0.000000
  2 0.984829 -7.246327 246.548599 0.000000 -0.000000 0.000000
  3 0.998367 -3.471023 1.599335 0.000000 -0.000000 0.000000
  4 0.998364 -12.134911 166.625504 -0.107468 -0.008462 -0.063820
  5 -11.802616 0.277815 -45.319954 0.595487 0.001224 -0.009713
  6 -0.797631 4.276031 -49.223640 0.404084 0.011980 -0.211351
  7 -0.000011 0.000000 -7.282921 0.000000 -0.000000 0.000000
  8 11.803276 0.236656 -45.319954 0.384308 -0.001402 0.006085
  9 0.812347 4.273222 -49.223572 0.456004 -0.072320 0.267300
 10 0.000004 0.000000 -7.282921 0.000000 -0.000000 0.000000
 11 -0.008620 0.029810 10.838379 -0.006925 0.000301 0.283624
 12 -16.431322 3.246395 32.898773 -1.288454 0.182929 -1.008849
 13 -12.321602 -2.201920 -17.125484 -0.048048 -0.002088 0.035059
 14 -13.252201 -2.413300 -18.422264 0.000327 -0.003144 -0.000000
 15 -3.868652 -0.832977 -6.257858 0.000000 -0.000000 0.000000
 16 -37.279198 -5.051132 -38.191204 0.000000 -0.000000 0.000000
 17 -3.806091 -1.056427 -7.595879 0.000000 -0.000000 0.000000
 18 16.442682 3.189075 32.898788 -1.337509 -0.012307 0.535104
 19 12.313795 -2.244888 -17.125645 0.000000 -0.000000 0.000000
 20 13.243649 -2.459518 -18.422234 0.001008 0.000167 -0.001374
 21 4.038902 -0.928116 -8.488216 0.000000 -0.000000 0.000000
 22 -0.000702 -0.454948 46.067261 0.184849 -0.011332 -0.226629
 23 -0.489969 22.757866 18.761993 0.000000 -0.000000 0.000000
 24 0.260419 -19.713463 -182.091034 0.000000 -0.000000 0.000000
 25 -16.518970 9.856470 11.602493 0.000000 -0.000000 0.000000
 26 12.687096 8.730812 11.180984 0.000000 -0.000000 0.000000
 27 -0.009704 -4.696529 26.700012 0.000000 -0.000000 0.000000
 28 -0.000043 -0.005970 23.601608 0.000000 -0.000000 0.000000
 29 -21.531246 -10.281179 -6.106506 0.084045 0.000000 -0.000000
 30 6.667689 -19.285318 -6.979950 0.069622 0.007894 0.006585
 31 21.613556 5.850679 -6.561752 0.084045 0.000000 -0.000000
 32 -0.490764 19.244429 -5.608505 0.082336 0.042610 -0.013297
 33 12.172541 -7.748503 -10.307114 0.084045 0.000000 0.000000
 34 -12.668406 -7.748507 -10.702652 0.084045 0.000000 0.000000
 35 -0.490772 14.424883 -10.375061 0.082588 0.044482 -0.001828
time 108
  0 0.768169 -0.850492 1.544617 0.000000 -0.000000 0.000000
  1 0.768169 -0.850492 1.544617 0.000000 -0.000000 0.000000
  2 0.984829 -7.246327 246.548599 0.000000 -0.000000 0.000000
  3 0.998367 -3.471023 1.599335 0.000000 -0.000000 0.000000
  4 0.998364 -11.287520 163.367432 -0.107468 -0.008468 -0.063942
  5 -11.802611 0.277811 -45.319954 0.597172 0.001234 -0.009740
  6 -0.797626 4.276024 -49.223652 0.403097 0.012014 -0.211383
  7 -0.000011 -0.000004 -7.282921 0.000000 -0.000000 0.000000
  8 11.803283 0.236654 -45.319969 0.376807 -0.001331 0.005982
  9 0.812351 4.273222 -49.223579 0.457130 -0.073169 0.267412
 10 0.000006 0.000000 -7.282921 0.000000 -0.000000 0.000000
 11 -0.008667 0.029799 10.838425 -0.005465 0.000259 0.285119
 12 -16.431324 3.246397 32.898788 -1.149422 0.161847 -0.938422
 13 -12.321602 -2.201920 -17.125488 -0.049398 -0.002163 0.036042
 14 -13.252201 -2.413315 -18.422260 0.000333 -0.003190 -0.000000
 15 -3.868652 -0.832977 -6.257854 0.000000 -0.000000 0.000000
 16 -37.279194 -5.051163 -38.191193 0.000000 -0.000000 0.000000
 17 -3.806095 -1.056427 -7.595871 0.000000 -0.000000 0.000000
 18 16.442677 3.189075 32.898773 -1.193387 -0.057158 0.453817
 19 12.313795 -2.244873 -17.125647 0.000000 -0.000000 0.000000
 20 13.243654 -2.459488 -18.422235 0.000875 0.000197 -0.001189
 21 4.038895 -0.928116 -8.488216 0.000000 -0.000000 0.000000
 22 -0.000707 -0.454943 46.067261 0.160114 -0.011820 -0.228952
 23 -0.489972 22.757864 18.762009 0.000000 -0.000000 0.000000
 24 0.260438 -19.713474 -182.091034 0.000000 -0.000000 0.000000
 25 -16.518970 9.856471 11.602524 0.000000 -0.000000 0.000000
 26 12.687093 8.730810 11.181000 0.000000 -0.000000 0.000000
 27 -0.009706 -4.696527 26.700012 0.000000 -0.000000 0.000000
 28 -0.000045 -0.005968 23.601608 0.000000 -0.000000 0.000000
 29 -21.531246 -10.281179 -6.106491 0.084494 0.000000 -0.000000
 30 6.667690 -19.285318 -6.979965 0.072112 0.008321 0.006498
 31 21.613560 5.850676 -6.561752 0.084494 0.000000 0.000000
 32 -0.490763 19.244427 -5.608490 0.082777 0.042838 -0.013368
 33 12.172544 -7.748503 -10.307098 0.084494 0.000000 -0.000000
 34 -12.668405 -7.748507 -10.702652 0.084495 0.000000 0.000000
 35 -0.490770 14.424883 -10.375046 0.083030 0.044720 -0.001838
time 109
  0 0.768169 -0.850492 1.544617 0.000000 -0.000000 0.000000
  1 0.768169 -0.850492 1.544617 0.000000 -0.000000 0.000000
  2 0.984829 -7.246327 246.548599 0.000000 -0.000000 0.000000
  3 0.998367 -3.471023 1.599335 0.000000 -0.000000 0.000000
  4 0.998364 -10.403944 160.022156 -0.107467 -0.008474 -0.064058
  5 -11.802610 0.277815 -45.319962 0.598750 0.001243 -0.009764
  6 -0.797626 4.276020 -49.223648 0.402174 0.012045 -0.211413
  7 -0.000011 -0.000004 -7.282919 0.000000 -0.000000 0.000000
  8 11.803280 0.236656 -45.319962 0.369789 -0.001264 0.005886
  9 0.812351 4.273222 -49.223579 0.458182 -0.073962 0.267517
 10 0.000004 0.000000 -7.282925 0.000000 -0.000000 0.000000
 11 -0.008710 0.029789 10.838470 -0.004103 0.000220 0.286515
 12 -16.431324 3.246393 32.898804 -0.973905 0.135255 -0.849808
 13 -12.321602 -2.201920 -17.125488 -0.050664 -0.002234 0.036965
 14 -13.252197 -2.413300 -18.422249 0.000338 -0.003233 -0.000000
 15 -3.868649 -0.832962 -6.257858 0.000000 -0.000000 0.000000
 16 -37.279171 -5.051147 -38.191181 0.000000 -0.000000 0.000000
 17 -3.806091 -1.056412 -7.595875 0.000000 -0.000000 0.000000
 18 16.442677 3.189077 32.898788 -1.036911 -0.086971 0.364457
 19 12.313801 -2.244873 -17.125656 0.000000 -0.000000 0.000000
 20 13.243656 -2.459518 -18.422237 0.000751 0.000226 -0.001014
 21 4.038895 -0.928101 -8.488224 0.000000 -0.000000 0.000000
 22 -0.000708 -0.454947 46.067261 0.136357 -0.012288 -0.231172
 23 -0.489972 22.757872 18.761993 0.000000 -0.000000 0.000000
 24 0.260440 -19.713465 -182.091064 0.000000 -0.000000 0.000000
 25 -16.518967 9.856474 11.602493 0.000000 -0.000000 0.000000
 26 12.687088 8.730814 11.180969 0.000000 -0.000000 0.000000
 27 -0.009706 -4.696530 26.699997 0.000000 -0.000000 0.000000
 28 -0.000046 -0.005968 23.601608 0.000000 -0.000000 0.000000
 29 -21.531242 -10.281181 -6.106506 0.084912 0.000000 -0.000000
 30 6.667690 -19.285320 -6.979965 0.074430 0.008719 0.006411
 31 21.613556 5.850679 -6.561768 0.084912 0.000000 0.000000
 32 -0.490763 19.244429 -5.608505 0.083186 0.043050 -0.013434
 33 12.172539 -7.748501 -10.307098 0.084912 0.000000 0.000000
 34 -12.668404 -7.748508 -10.702667 0.084912 0.000000 0.000000
 35 -0.490770 14.424884 -10.375061 0.083440 0.044941 -0.001847
time 110
  0 0.768169 -0.850492 1.544617 0.000000 -0.000000 0.000000
  1 0.768169 -0.850492 1.544617 0.000000 -0.000000 0.000000
  2 0.984829 -7.246327 246.548599 0.000000 -0.000000 0.000000
  3 0.998367 -3.471023 1.599335 0.000000 -0.000000 0.000000
  4 0.998364 -9.502273 156.650192 -0.107466 -0.008479 -0.064165
  5 -11.802611 0.277815 -45.319946 0.600214 0.001252 -0.009787
  6 -0.797626 4.276035 -49.223648 0.401316 0.012075 -0.211441
  7 -0.000011 0.000000 -7.282917 0.000000 -0.000000 0.000000
  8 11.803286 0.236656 -45.319954 0.363274 -0.001202 0.005796
  9 0.812351 4.273215 -49.223591 0.459156 -0.074698 0.267615
 10 0.000004 -0.000004 -7.282925 0.000000 -0.000000 0.000000
 11 -0.008750 0.029781 10.838516 -0.002842 0.000183 0.287808
 12 -16.431328 3.246393 32.898788 -0.776980 0.104879 -0.750826
 13 -12.321604 -2.201920 -17.125473 -0.051844 -0.002300 0.037825
 14 -13.252197 -2.413300 -18.422249 0.000344 -0.003273 -0.000000
 15 -3.868652 -0.832962 -6.257851 0.000000 -0.000000 0.000000
 16 -37.279198 -5.051147 -38.191193 0.000000 -0.000000 0.000000
 17 -3.806091 -1.056427 -7.595871 0.000000 -0.000000 0.000000
 18 16.442678 3.189074 32.898773 -0.883470 -0.089604 0.273199
 19 12.313797 -2.244873 -17.125656 0.000000 -0.000000 0.000000
 20 13.243656 -2.459518 -18.422234 0.000635 0.000252 -0.000852
 21 4.038902 -0.928116 -8.488216 0.000000 -0.000000 0.000000
 22 -0.000709 -0.454948 46.067276 0.113751 -0.012731 -0.233275
 23 -0.489970 22.757864 18.762009 0.000000 -0.000000 0.000000
 24 0.260443 -19.713457 -182.091019 0.000000 -0.000000 0.000000
 25 -16.518974 9.856469 11.602509 0.000000 -0.000000 0.000000
 26 12.687096 8.730813 11.181000 0.000000 -0.000000 0.000000
 27 -0.009707 -4.696530 26.700027 0.000000 -0.000000 0.000000
 28 -0.000046 -0.005968 23.601593 0.000000 -0.000000 0.000000
 29 -21.531248 -10.281178 -6.106476 0.085297 -0.000000 -0.000000
 30 6.667692 -19.285320 -6.979935 0.076572 0.009086 0.006323
 31 21.613564 5.850679 -6.561752 0.085297 0.000000 -0.000000
 32 -0.490764 19.244431 -5.608490 0.083563 0.043245 -0.013495
 33 12.172544 -7.748505 -10.307098 0.085297 -0.000000 -0.000000
 34 -12.668406 -7.748508 -10.702637 0.085297 0.000000 -0.000000
 35 -0.490771 14.424887 -10.375061 0.083819 0.045145 -0.001855
time 111
  0 0.768169 -0.850492 1.544617 0.000000 -0.000000 0.000000
  1 0.768169 -0.850492 1.544617 0.000000 -0.000000 0.000000
  2 0.984829 -7.246327 246.548599 0.000000 -0.000000 0.000000
  3 0.998367 -3.471023 1.599335 0.000000 -0.000000 0.000000
  4 0.998364 -8.600601 153.312088 -0.107466 -0.008484 -0.064264
  5 -11.802609 0.277817 -45.319962 0.601561 0.001260 -0.009808
  6 -0.797630 4.276028 -49.223648 0.400527 0.012102 -0.211466
  7 -0.000013 0.000000 -7.282917 0.000000 -0.000000 0.000000
  8 11.803283 0.236656 -45.319954 0.357284 -0.001145 0.005713
  9 0.812352 4.273220 -49.223583 0.460049 -0.075374 0.267704
 10 0.000004 0.000000 -7.282917 0.000000 -0.000000 0.000000
 11 -0.008786 0.029772 10.838547 -0.001685 0.000150 0.288994
 12 -16.431328 3.246397 32.898773 -0.573726 0.072443 -0.649295
 13 -12.321598 -2.201920 -17.125473 -0.052932 -0.002361 0.038618
 14 -13.252197 -2.413300 -18.422256 0.000348 -0.003310 -0.000000
 15 -3.868652 -0.832962 -6.257851 0.000000 -0.000000 0.000000
 16 -37.279175 -5.051147 -38.191193 0.000000 -0.000000 0.000000
 17 -3.806087 -1.056412 -7.595871 0.000000 -0.000000 0.000000
 18 16.442677 3.189075 32.898758 -0.702264 -0.085639 0.162589
 19 12.313799 -2.244873 -17.125648 0.000000 -0.000000 0.000000
 20 13.243652 -2.459534 -18.422234 0.000528 0.000276 -0.000702
 21 4.038898 -0.928101 -8.488220 0.000000 -0.000000 0.000000
 22 -0.000709 -0.454945 46.067245 0.092472 -0.013147 -0.235248
 23 -0.489974 22.757858 18.761993 0.000000 -0.000000 0.000000
 24 0.260445 -19.713457 -182.090988 0.000000 -0.000000 0.000000
 25 -16.518972 9.856470 11.602493 0.000000 -0.000000 0.000000
 26 12.687094 8.730808 11.180984 0.000000 -0.000000 0.000000
 27 -0.009706 -4.696529 26.700012 0.000000 -0.000000 0.000000
 28 -0.000046 -0.005966 23.601578 0.000000 -0.000000 0.000000
 29 -21.531246 -10.281178 -6.106506 0.085649 0.000000 0.000000
 30 6.667693 -19.285320 -6.979965 0.078533 0.009422 0.006235
 31 21.613558 5.850674 -6.561737 0.085649 -0.000000 0.000000
 32 -0.490766 19.244427 -5.608505 0.083908 0.043423 -0.013551
 33 12.172544 -7.748505 -10.307114 0.085649 -0.000000 0.000000
 34 -12.668404 -7.748505 -10.702652 0.085649 0.000000 0.000000
 35 -0.490772 14.424883 -10.375046 0.084164 0.045331 -0.001863
time 112
  0 0.768169 -0.850492 1.544617 0.000000 -0.000000 0.000000
  1 0.768169 -0.850492 1.544617 0.000000 -0.000000 0.000000
  2 0.984829 -7.246327 246.548599 0.000000 -0.000000 0.000000
  3 0.998367 -3.471023 1.599335 0.000000 -0.000000 0.000000
  4 0.998364 -7.717024 150.068344 -0.107465 -0.008488 -0.064355
  5 -11.802608 0.277811 -45.319962 0.602785 0.001267 -0.009828
  6 -0.797627 4.276024 -49.223656 0.399810 0.012126 -0.211490
  7 -0.000011 -0.000004 -7.282919 0.000000 -0.000000 0.000000
  8 11.803281 0.236654 -45.319954 0.351837 -0.001093 0.005638
  9 0.812352 4.273212 -49.223583 0.460860 -0.075988 0.267785
 10 0.000004 -0.000004 -7.282921 0.000000 -0.000000 0.000000
 11 -0.008819 0.029764 10.838577 -0.000635 0.000119 0.290071
 12 -16.431324 3.246393 32.898788 -0.379220 0.039673 -0.553034
 13 -12.321599 -2.201927 -17.125504 -0.053924 -0.002416 0.039342
 14 -13.252199 -2.413307 -18.422249 0.000353 -0.003343 -0.000000
 15 -3.868649 -0.832970 -6.257858 0.000000 -0.000000 0.000000
 16 -37.279194 -5.051140 -38.191216 0.000000 -0.000000 0.000000
 17 -3.806091 -1.056419 -7.595894 0.000000 -0.000000 0.000000
 18 16.442677 3.189079 32.898788 -0.513966 -0.072998 0.048924
 19 12.313791 -2.244865 -17.125656 0.000000 -0.000000 0.000000
 20 13.243649 -2.459511 -18.422249 0.000431 0.000299 -0.000565
 21 4.038898 -0.928101 -8.488235 0.000000 -0.000000 0.000000
 22 -0.000707 -0.454945 46.067276 0.072693 -0.013533 -0.237075
 23 -0.489971 22.757866 18.761993 0.000000 -0.000000 0.000000
 24 0.260438 -19.713470 -182.091049 0.000000 -0.000000 0.000000
 25 -16.518965 9.856472 11.602509 0.000000 -0.000000 0.000000
 26 12.687092 8.730812 11.180984 0.000000 -0.000000 0.000000
 27 -0.009706 -4.696528 26.700012 0.000000 -0.000000 0.000000
 28 -0.000045 -0.005966 23.601593 0.000000 -0.000000 0.000000
 29 -21.531244 -10.281183 -6.106491 0.085967 -0.000000 -0.000000
 30 6.667689 -19.285318 -6.979965 0.080307 0.009727 0.006147
 31 21.613558 5.850679 -6.561752 0.085967 0.000000 -0.000000
 32 -0.490764 19.244431 -5.608505 0.084219 0.043585 -0.013601
 33 12.172541 -7.748507 -10.307098 0.085967 0.000000 0.000000
 34 -12.668403 -7.748510 -10.702652 0.085967 0.000000 -0.000000
 35 -0.490771 14.424886 -10.375061 0.084477 0.045499 -0.001870
time 113
  0 0.768169 -0.850492 1.544617 0.000000 -0.000000 0.000000
  1 0.768169 -0.850492 1.544617 0.000000 -0.000000 0.000000
  2 0.984829 -7.246327 246.548599 0.000000 -0.000000 0.000000
  3 0.998367 -3.471023 1.599335 0.000000 -0.000000 0.000000
  4 0.998364 -6.869635 146.979538 -0.107465 -0.008492 -0.064436
  5 -11.802607 0.277807 -45.319946 0.603883 0.001274 -0.009845
  6 -0.797623 4.276028 -49.223648 0.399166 0.012148 -0.211510
  7 -0.000010 -0.000004 -7.282923 0.000000 -0.000000 0.000000
  8 11.803283 0.236652 -45.319954 0.346954 -0.001047 0.005570
  9 0.812358 4.273216 -49.223587 0.461585 -0.076537 0.267858
 10 0.000006 0.000000 -7.282925 0.000000 -0.000000 0.000000
 11 -0.008848 0.029755 10.838638 0.000304 0.000091 0.291033
 12 -16.431326 3.246393 32.898758 -0.208539 0.008296 -0.469863
 13 -12.321600 -2.201935 -17.125473 -0.054816 -0.002466 0.039992
 14 -13.252199 -2.413307 -18.422272 0.000356 -0.003373 -0.000000
 15 -3.868652 -0.832970 -6.257858 0.000000 -0.000000 0.000000
 16 -37.279198 -5.051163 -38.191208 0.000000 -0.000000 0.000000
 17 -3.806095 -1.056419 -7.595886 0.000000 -0.000000 0.000000
 18 16.442678 3.189081 32.898773 -0.332436 -0.040763 -0.054980
 19 12.313797 -2.244873 -17.125656 0.000000 -0.000000 0.000000
 20 13.243652 -2.459518 -18.422256 0.000343 0.000319 -0.000443
 21 4.038902 -0.928108 -8.488220 0.000000 -0.000000 0.000000
 22 -0.000708 -0.454943 46.067261 0.054588 -0.013885 -0.238742
 23 -0.489968 22.757870 18.762009 0.000000 -0.000000 0.000000
 24 0.260443 -19.713474 -182.091034 0.000000 -0.000000 0.000000
 25 -16.518970 9.856468 11.602493 0.000000 -0.000000 0.000000
 26 12.687096 8.730815 11.180984 0.000000 -0.000000 0.000000
 27 -0.009709 -4.696527 26.699997 0.000000 -0.000000 0.000000
 28 -0.000046 -0.005966 23.601593 0.000000 -0.000000 0.000000
 29 -21.531246 -10.281189 -6.106476 0.086250 -0.000000 0.000000
 30 6.667686 -19.285316 -6.979950 0.081890 0.009998 0.006059
 31 21.613560 5.850677 -6.561737 0.086250 0.000000 -0.000000
 32 -0.490760 19.244423 -5.608490 0.084497 0.043728 -0.013646
 33 12.172540 -7.748505 -10.307083 0.086250 -0.000000 0.000000
 34 -12.668404 -7.748510 -10.702637 0.086250 0.000000 -0.000000
 35 -0.490768 14.424881 -10.375046 0.084755 0.045649 -0.001876
time 114
  0 0.768169 -0.850492 1.544617 0.000000 -0.000000 0.000000
  1 0.768169 -0.850492 1.544617 0.000000 -0.000000 0.000000
  2 0.984829 -7.246327 246.548599 0.000000 -0.000000 0.000000
  3 0.998367 -3.471023 1.599335 0.000000 -0.000000 0.000000
  4 0.998364 -6.076526 144.106171 -0.107465 -0.008496 -0.064508
  5 -11.802608 0.277815 -45.319954 0.604849 0.001279 -0.009860
  6 -0.797625 4.276020 -49.223644 0.398599 0.012167 -0.211528
  7 -0.000010 -0.000004 -7.282915 0.000000 -0.000000 0.000000
  8 11.803283 0.236660 -45.319962 0.342657 -0.001006 0.005511
  9 0.812355 4.273218 -49.223583 0.462222 -0.077020 0.267922
 10 0.000006 -0.000004 -7.282921 0.000000 -0.000000 0.000000
 11 -0.008874 0.029753 10.838638 0.001129 0.000067 0.291879
 12 -16.431328 3.246393 32.898773 -0.076761 -0.019965 -0.407600
 13 -12.321600 -2.201931 -17.125488 -0.055603 -0.002510 0.040566
 14 -13.252193 -2.413303 -18.422272 0.000360 -0.003400 -0.000000
 15 -3.868652 -0.832962 -6.257858 0.000000 -0.000000 0.000000
 16 -37.279190 -5.051151 -38.191193 0.000000 -0.000000 0.000000
 17 -3.806091 -1.056419 -7.595871 0.000000 -0.000000 0.000000
 18 16.442677 3.189072 32.898758 -0.136441 0.027718 -0.160294
 19 12.313797 -2.244873 -17.125671 0.000000 -0.000000 0.000000
 20 13.243658 -2.459515 -18.422241 0.000266 0.000336 -0.000334
 21 4.038902 -0.928108 -8.488220 0.000000 -0.000000 0.000000
 22 -0.000709 -0.454950 46.067261 0.038332 -0.014201 -0.240236
 23 -0.489970 22.757854 18.762009 0.000000 -0.000000 0.000000
 24 0.260440 -19.713448 -182.091049 0.000000 -0.000000 0.000000
 25 -16.518970 9.856466 11.602509 0.000000 -0.000000 0.000000
 26 12.687097 8.730808 11.181000 0.000000 -0.000000 0.000000
 27 -0.009707 -4.696527 26.699997 0.000000 -0.000000 0.000000
 28 -0.000046 -0.005970 23.601593 0.000000 -0.000000 0.000000
 29 -21.531246 -10.281181 -6.106491 0.086498 -0.000000 0.000000
 30 6.667689 -19.285313 -6.979950 0.083278 0.010236 0.005971
 31 21.613560 5.850678 -6.561752 0.086498 0.000000 0.000000
 32 -0.490762 19.244427 -5.608505 0.084739 0.043854 -0.013685
 33 12.172542 -7.748501 -10.307114 0.086498 0.000000 -0.000000
 34 -12.668406 -7.748505 -10.702652 0.086498 0.000000 -0.000000
 35 -0.490769 14.424881 -10.375046 0.084998 0.045780 -0.001882
time 115
  0 0.768169 -0.850492 1.544617 0.000000 -0.000000 0.000000
  1 0.768169 -0.850492 1.544617 0.000000 -0.000000 0.000000
  2 0.984829 -7.246327 246.548599 0.000000 -0.000000 0.000000
  3 0.998367 -3.471023 1.599335 0.000000 -0.000000 0.000000
  4 0.998364 -5.355792 141.508774 -0.107464 -0.008499 -0.064570
  5 -11.802614 0.277813 -45.319962 0.605680 0.001284 -0.009873
  6 -0.797628 4.276035 -49.223640 0.398112 0.012184 -0.211544
  7 -0.000013 -0.000004 -7.282921 0.000000 -0.000000 0.000000
  8 11.803280 0.236656 -45.319962 0.338965 -0.000972 0.005459
  9 0.812350 4.273220 -49.223576 0.462768 -0.077435 0.267976
 10 0.000004 -0.000004 -7.282923 0.000000 -0.000000 0.000000
 11 -0.008896 0.029743 10.838654 0.001836 0.000046 0.292604
 12 -16.431324 3.246393 32.898773 0.001036 -0.043383 -0.374064
 13 -12.321603 -2.201931 -17.125488 -0.056282 -0.002548 0.041060
 14 -13.252197 -2.413307 -18.422272 0.000363 -0.003423 -0.000000
 15 -3.868652 -0.832966 -6.257858 0.000000 -0.000000 0.000000
 16 -37.279198 -5.051147 -38.191200 0.000000 -0.000000 0.000000
 17 -3.806091 -1.056419 -7.595886 0.000000 -0.000000 0.000000
 18 16.442680 3.189075 32.898773 -0.009047 0.082715 -0.227137
 19 12.313797 -2.244883 -17.125656 0.000000 -0.000000 0.000000
 20 13.243657 -2.459517 -18.422241 0.000200 0.000352 -0.000241
 21 4.038900 -0.928110 -8.488220 0.000000 -0.000000 0.000000
 22 -0.000704 -0.454947 46.067245 0.024099 -0.014477 -0.241541
 23 -0.489969 22.757858 18.762009 0.000000 -0.000000 0.000000
 24 0.260427 -19.713455 -182.091034 0.000000 -0.000000 0.000000
 25 -16.518972 9.856466 11.602509 0.000000 -0.000000 0.000000
 26 12.687098 8.730808 11.181000 0.000000 -0.000000 0.000000
 27 -0.009706 -4.696529 26.700012 0.000000 -0.000000 0.000000
 28 -0.000044 -0.005968 23.601578 0.000000 -0.000000 0.000000
 29 -21.531248 -10.281183 -6.106506 0.086709 -0.000000 -0.000000
 30 6.667688 -19.285316 -6.979965 0.084466 0.010440 0.005882
 31 21.613560 5.850677 -6.561752 0.086709 0.000000 -0.000000
 32 -0.490763 19.244427 -5.608490 0.084946 0.043961 -0.013719
 33 12.172541 -7.748505 -10.307114 0.086709 0.000000 -0.000000
 34 -12.668406 -7.748507 -10.702667 0.086709 -0.000000 -0.000000
 35 -0.490770 14.424883 -10.375046 0.085206 0.045892 -0.001886
time 116
  0 0.768169 -0.850492 1.544617 0.000000 -0.000000 0.000000
  1 0.768169 -0.850492 1.544617 0.000000 -0.000000 0.000000
  2 0.984829 -7.246327 246.548599 0.000000 -0.000000 0.000000
  3 0.998367 -3.471023 1.599335 0.000000 -0.000000 0.000000
  4 0.998364 -4.725525 139.247894 -0.107464 -0.008502 -0.064621
  5 -11.802607 0.277811 -45.319962 0.606369 0.001288 -0.009884
  6 -0.797624 4.276028 -49.223633 0.397708 0.012197 -0.211557
  7 -0.000011 0.000000 -7.282917 0.000000 -0.000000 0.000000
  8 11.803282 0.236654 -45.319962 0.335898 -0.000943 0.005417
  9 0.812353 4.273220 -49.223572 0.463221 -0.077779 0.268022
 10 0.000004 -0.000004 -7.282921 0.000000 -0.000000 0.000000
 11 -0.008915 0.029739 10.838669 0.002422 0.000028 0.293205
 12 -16.431324 3.246395 32.898773 0.033562 -0.061013 -0.363430
 13 -12.321597 -2.201931 -17.125488 -0.056846 -0.002580 0.041471
 14 -13.252192 -2.413311 -18.422241 0.000365 -0.003442 -0.000000
 15 -3.868652 -0.832964 -6.257858 0.000000 -0.000000 0.000000
 16 -37.279171 -5.051153 -38.191185 0.000000 -0.000000 0.000000
 17 -3.806091 -1.056421 -7.595856 0.000000 -0.000000 0.000000
 18 16.442677 3.189078 32.898758 0.026098 0.100159 -0.245785
 19 12.313796 -2.244885 -17.125641 0.000000 -0.000000 0.000000
 20 13.243657 -2.459518 -18.422241 0.000144 0.000364 -0.000163
 21 4.038900 -0.928111 -8.488220 0.000000 -0.000000 0.000000
 22 -0.000708 -0.454943 46.067261 0.012063 -0.014710 -0.242645
 23 -0.489971 22.757860 18.761993 0.000000 -0.000000 0.000000
 24 0.260443 -19.713459 -182.091003 0.000000 -0.000000 0.000000
 25 -16.518967 9.856468 11.602509 0.000000 -0.000000 0.000000
 26 12.687090 8.730810 11.181000 0.000000 -0.000000 0.000000
 27 -0.009708 -4.696526 26.700012 0.000000 -0.000000 0.000000
 28 -0.000046 -0.005966 23.601593 0.000000 -0.000000 0.000000
 29 -21.531244 -10.281183 -6.106506 0.086884 0.000000 -0.000000
 30 6.667688 -19.285318 -6.979965 0.085448 0.010609 0.005794
 31 21.613556 5.850677 -6.561768 0.086884 0.000000 -0.000000
 32 -0.490762 19.244427 -5.608505 0.085117 0.044049 -0.013746
 33 12.172541 -7.748505 -10.307106 0.086884 0.000000 -0.000000
 34 -12.668404 -7.748508 -10.702660 0.086884 0.000000 -0.000000
 35 -0.490770 14.424881 -10.375061 0.085378 0.045984 -0.001890
time 117
  0 0.768169 -0.850492 1.544617 0.000000 -0.000000 0.000000
  1 0.768169 -0.850492 1.544617 0.000000 -0.000000 0.000000
  2 0.984829 -7.246327 246.548599 0.000000 -0.000000 0.000000
  3 0.998367 -3.471023 1.599335 0.000000 -0.000000 0.000000
  4 0.998364 -4.203823 137.384064 -0.107464 -0.008504 -0.064662
  5 -11.802609 0.277807 -45.319946 0.606914 0.001292 -0.009892
  6 -0.797624 4.276028 -49.223648 0.397388 0.012208 -0.211567
  7 -0.000013 -0.000004 -7.282917 0.000000 -0.000000 0.000000
  8 11.803281 0.236654 -45.319954 0.333477 -0.000920 0.005383
  9 0.812353 4.273217 -49.223576 0.463578 -0.078050 0.268057
 10 0.000004 -0.000002 -7.282923 0.000000 -0.000000 0.000000
 11 -0.008929 0.029737 10.838684 0.002884 0.000014 0.293679
 12 -16.431322 3.246394 32.898773 0.054044 -0.073717 -0.356726
 13 -12.321599 -2.201931 -17.125519 -0.057293 -0.002605 0.041797
 14 -13.252195 -2.413309 -18.422241 0.000367 -0.003457 -0.000000
 15 -3.868652 -0.832966 -6.257858 0.000000 -0.000000 0.000000
 16 -37.279179 -5.051159 -38.191193 0.000000 -0.000000 0.000000
 17 -3.806087 -1.056421 -7.595871 0.000000 -0.000000 0.000000
 18 16.442677 3.189081 32.898773 0.048694 0.111106 -0.257893
 19 12.313797 -2.244884 -17.125656 0.000000 -0.000000 0.000000
 20 13.243652 -2.459519 -18.422241 0.000100 0.000374 -0.000102
 21 4.038904 -0.928110 -8.488220 0.000000 -0.000000 0.000000
 22 -0.000706 -0.454943 46.067261 0.002399 -0.014896 -0.243532
 23 -0.489968 22.757868 18.761993 0.000000 -0.000000 0.000000
 24 0.260431 -19.713472 -182.091034 0.000000 -0.000000 0.000000
 25 -16.518967 9.856470 11.602493 0.000000 -0.000000 0.000000
 26 12.687095 8.730814 11.181000 0.000000 -0.000000 0.000000
 27 -0.009706 -4.696527 26.699997 0.000000 -0.000000 0.000000
 28 -0.000045 -0.005966 23.601578 0.000000 -0.000000 0.000000
 29 -21.531246 -10.281183 -6.106506 0.087021 -0.000000 0.000000
 30 6.667687 -19.285315 -6.979965 0.086220 0.010741 0.005705
 31 21.613556 5.850680 -6.561752 0.087021 0.000000 -0.000000
 32 -0.490761 19.244427 -5.608490 0.085252 0.044119 -0.013768
 33 12.172540 -7.748503 -10.307106 0.087021 -0.000000 0.000000
 34 -12.668404 -7.748508 -10.702652 0.087021 -0.000000 -0.000000
 35 -0.490769 14.424882 -10.375061 0.085512 0.046057 -0.001893
time 118
  0 0.768169 -0.850492 1.544617 0.000000 -0.000000 0.000000
  1 0.768169 -0.850492 1.544617 0.000000 -0.000000 0.000000
  2 0.984829 -7.246327 246.548599 0.000000 -0.000000 0.000000
  3 0.998367 -3.471023 1.599335 0.000000 -0.000000 0.000000
  4 0.998364 -3.808774 135.977798 -0.107464 -0.008505 -0.064691
  5 -11.802608 0.277811 -45.319962 0.607309 0.001294 -0.009898
  6 -0.797622 4.276031 -49.223652 0.397156 0.012216 -0.211574
  7 -0.000011 0.000000 -7.282919 0.000000 -0.000000 0.000000
  8 11.803283 0.236656 -45.319969 0.331723 -0.000903 0.005359
  9 0.812355 4.273225 -49.223572 0.463836 -0.078247 0.268083
 10 0.000004 -0.000002 -7.282921 0.000000 -0.000000 0.000000
 11 -0.008940 0.029734 10.838684 0.003218 0.000004 0.294022
 12 -16.431328 3.246393 32.898788 0.065671 -0.082080 -0.352861
 13 -12.321598 -2.201930 -17.125488 -0.057618 -0.002623 0.042034
 14 -13.252201 -2.413307 -18.422256 0.000368 -0.003468 -0.000000
 15 -3.868652 -0.832966 -6.257874 0.000000 -0.000000 0.000000
 16 -37.279190 -5.051155 -38.191170 0.000000 -0.000000 0.000000
 17 -3.806093 -1.056423 -7.595886 0.000000 -0.000000 0.000000
 18 16.442677 3.189077 32.898773 0.062258 0.117386 -0.265199
 19 12.313800 -2.244882 -17.125641 0.000000 -0.000000 0.000000
 20 13.243656 -2.459518 -18.422256 0.000068 0.000382 -0.000057
 21 4.038902 -0.928110 -8.488220 0.000000 -0.000000 0.000000
 22 -0.000709 -0.454945 46.067261 -0.004720 -0.015034 -0.244188
 23 -0.489969 22.757860 18.762009 0.000000 -0.000000 0.000000
 24 0.260442 -19.713453 -182.091034 0.000000 -0.000000 0.000000
 25 -16.518972 9.856465 11.602524 0.000000 -0.000000 0.000000
 26 12.687096 8.730811 11.180984 0.000000 -0.000000 0.000000
 27 -0.009708 -4.696529 26.700012 0.000000 -0.000000 0.000000
 28 -0.000046 -0.005968 23.601578 0.000000 -0.000000 0.000000
 29 -21.531246 -10.281185 -6.106491 0.087120 -0.000000 0.000000
 30 6.667687 -19.285316 -6.979965 0.086778 0.010837 0.005617
 31 21.613560 5.850680 -6.561752 0.087120 -0.000000 0.000000
 32 -0.490760 19.244429 -5.608505 0.085349 0.044169 -0.013784
 33 12.172540 -7.748501 -10.307106 0.087120 -0.000000 0.000000
 34 -12.668404 -7.748508 -10.702652 0.087120 -0.000000 0.000000
 35 -0.490768 14.424885 -10.375061 0.085610 0.046109 -0.001895
time 119
  0 0.768169 -0.850492 1.544617 0.000000 -0.000000 0.000000
  1 0.768169 -0.850492 1.544617 0.000000 -0.000000 0.000000
  2 0.984829 -7.246327 246.548599 0.000000 -0.000000 0.000000
  3 0.998367 -3.471023 1.599335 0.000000 -0.000000 0.000000
  4 0.998364 -3.558476 135.089645 -0.107463 -0.008506 -0.064709
  5 -11.802608 0.277813 -45.319962 0.607549 0.001295 -0.009902
  6 -0.797628 4.276031 -49.223648 0.397015 0.012220 -0.211579
  7 -0.000015 0.000000 -7.282917 0.000000 -0.000000 0.000000
  8 11.803282 0.236654 -45.319969 0.330655 -0.000893 0.005344
  9 0.812351 4.273222 -49.223583 0.463992 -0.078366 0.268099
 10 0.000002 0.000000 -7.282921 0.000000 -0.000000 0.000000
 11 -0.008947 0.029734 10.838699 0.003421 -0.000002 0.294230
 12 -16.431324 3.246396 32.898773 0.071190 -0.086677 -0.350999
 13 -12.321594 -2.201929 -17.125504 -0.057816 -0.002634 0.042178
 14 -13.252190 -2.413305 -18.422272 0.000369 -0.003475 -0.000000
 15 -3.868649 -0.832964 -6.257858 0.000000 -0.000000 0.000000
 16 -37.279179 -5.051153 -38.191208 0.000000 -0.000000 0.000000
 17 -3.806084 -1.056419 -7.595871 0.000000 -0.000000 0.000000
 18 16.442675 3.189079 32.898773 0.069040 0.120289 -0.268787
 19 12.313798 -2.244884 -17.125656 0.000000 -0.000000 0.000000
 20 13.243652 -2.459521 -18.422256 0.000049 0.000386 -0.000030
 21 4.038904 -0.928110 -8.488220 0.000000 -0.000000 0.000000
 22 -0.000709 -0.454945 46.067261 -0.009119 -0.015118 -0.244600
 23 -0.489971 22.757864 18.761993 0.000000 -0.000000 0.000000
 24 0.260442 -19.713459 -182.091064 0.000000 -0.000000 0.000000
 25 -16.518970 9.856472 11.602493 0.000000 -0.000000 0.000000
 26 12.687091 8.730810 11.181000 0.000000 -0.000000 0.000000
 27 -0.009707 -4.696531 26.699997 0.000000 -0.000000 0.000000
 28 -0.000046 -0.005966 23.601578 0.000000 -0.000000 0.000000
 29 -21.531244 -10.281181 -6.106499 0.087180 -0.000000 0.000000
 30 6.667692 -19.285320 -6.979973 0.087115 0.010895 0.005528
 31 21.613554 5.850675 -6.561752 0.087180 -0.000000 0.000000
 32 -0.490765 19.244431 -5.608505 0.085407 0.044199 -0.013793
 33 12.172543 -7.748505 -10.307106 0.087180 -0.000000 -0.000000
 34 -12.668402 -7.748508 -10.702660 0.087180 -0.000000 0.000000
 35 -0.490772 14.424887 -10.375061 0.085668 0.046141 -0.001896
time 120
  0 0.768169 -0.850492 1.544617 0.000000 -0.000000 0.000000
  1 0.768169 -0.850492 1.544617 0.000000 -0.000000 0.000000
  2 0.984829 -7.246327 246.548599 0.000000 -0.000000 0.000000
  3 0.998367 -3.471023 1.599335 0.000000 -0.000000 0.000000
  4 0.998364 -3.471023 134.780151 -0.107463 -0.008506 -0.064715
  5 -11.802608 0.277809 -45.319954 0.607630 0.001296 -0.009903
  6 -0.797625 4.276024 -49.223644 0.396967 0.012222 -0.211580
  7 -0.000013 0.000000 -7.282919 0.000000 -0.000000 0.000000
  8 11.803282 0.236652 -45.319954 0.330295 -0.000890 0.005339
  9 0.812353 4.273220 -49.223579 0.464045 -0.078406 0.268104
 10 0.000002 0.000000 -7.282921 0.000000 -0.000000 0.000000
 11 -0.008949 0.029736 10.838699 0.003489 -0.000004 0.294300
 12 -16.431324 3.246397 32.898788 0.073350 -0.088081 -0.350305
 13 -12.321594 -2.201931 -17.125488 -0.057883 -0.002638 0.042227
 14 -13.252197 -2.413311 -18.422272 0.000370 -0.003477 -0.000000
 15 -3.868652 -0.832968 -6.257858 0.000000 -0.000000 0.000000
 16 -37.279186 -5.051155 -38.191200 0.000000 -0.000000 0.000000
 17 -3.806087 -1.056421 -7.595871 0.000000 -0.000000 0.000000
 18 16.442677 3.189082 32.898773 0.071288 0.121104 -0.269742
 19 12.313803 -2.244885 -17.125641 0.000000 -0.000000 0.000000
 20 13.243654 -2.459520 -18.422256 0.000042 0.000387 -0.000021
 21 4.038898 -0.928111 -8.488220 0.000000 -0.000000 0.000000
 22 -0.000707 -0.454941 46.067261 -0.010624 -0.015147 -0.244752
 23 -0.489968 22.757860 18.762009 0.000000 -0.000000 0.000000
 24 0.260436 -19.713461 -182.091064 0.000000 -0.000000 0.000000
 25 -16.518967 9.856464 11.602509 0.000000 -0.000000 0.000000
 26 12.687092 8.730812 11.181000 0.000000 -0.000000 0.000000
 27 -0.009707 -4.696527 26.700012 0.000000 -0.000000 0.000000
 28 -0.000046 -0.005966 23.601608 0.000000 -0.000000 0.000000
 29 -21.531244 -10.281181 -6.106499 0.087200 -0.000000 0.000000
 30 6.667689 -19.285320 -6.979965 0.087229 0.010914 0.005440
 31 21.613556 5.850679 -6.561752 0.087200 -0.000000 0.000000
 32 -0.490763 19.244431 -5.608490 0.085427 0.044209 -0.013796
 33 12.172541 -7.748505 -10.307098 0.087200 -0.000000 0.000000
 34 -12.668404 -7.748508 -10.702644 0.087200 -0.000000 0.000000
 35 -0.490770 14.424885 -10.375046 0.085688 0.046152 -0.001897
end
