version 1
nodes
  0 "_M3_Anim_Data"  -1
  1 "Object011"  -1
  2 "Object009"  -1
  3 "Object008"  -1
  4 "Object007"  -1
  5 "Object000"  -1
  6 "Object001"  -1
  7 "Object003"  -1
  8 "Object002"  -1
  9 "Object004"  -1
 10 "bone046"  -1
 11 "bone045"  10
 12 "bone044"  11
 13 "bone043"  12
 14 "bone026"  -1
 15 "bone048"  14
 16 "bone047"  15
 17 "Object005"  -1
 18 "bone0103"  -1
 19 "bone0123"  18
 20 "bone074"  19
 21 "bone073"  20
 22 "bone072"  21
 23 "bone071"  22
 24 "bone069"  22
 25 "bone067"  22
 26 "bone066"  22
 27 "bone065"  22
 28 "bone075"  22
 29 "bone064"  22
 30 "bone061"  22
 31 "bone060"  22
 32 "bone059"  22
 33 "bone058"  22
 34 "bone057"  22
 35 "bone056"  22
 36 "bone055"  22
 37 "bone054"  22
 38 "bone053"  37
 39 "bone063"  22
 40 "bone077"  39
 41 "bone089"  22
 42 "bone078"  41
 43 "bone0100"  22
 44 "bone099"  43
 45 "bone098"  22
 46 "bone097"  45
 47 "bone096"  22
 48 "bone095"  20
 49 "bone094"  48
 50 "bone093"  49
 51 "bone092"  50
 52 "bone091"  51
 53 "bone0101"  52
 54 "bone090"  53
 55 "bone088"  51
 56 "bone087"  55
 57 "bone086"  56
 58 "bone085"  51
 59 "bone084"  58
 60 "bone083"  59
 61 "bone082"  51
 62 "bone081"  61
 63 "bone080"  62
 64 "bone079"  51
 65 "bone052"  64
 66 "bone076"  65
 67 "bone051"  20
 68 "bone024"  67
 69 "bone022"  68
 70 "bone0129"  69
 71 "bone021"  70
 72 "bone020"  71
 73 "bone019"  72
 74 "bone018"  70
 75 "bone017"  74
 76 "bone016"  75
 77 "bone015"  70
 78 "bone014"  77
 79 "bone013"  78
 80 "bone023"  70
 81 "bone012"  80
 82 "bone010"  81
 83 "bone009"  70
 84 "bone008"  83
 85 "bone007"  84
 86 "bone006"  70
 87 "bone005"  20
 88 "bone004"  20
 89 "bone003"  20
 90 "bone002"  20
 91 "bone001"  20
 92 "bone011"  20
 93 "bone042"  18
 94 "bone041"  93
 95 "bone040"  94
 96 "bone039"  95
 97 "bone049"  93
 98 "bone038"  97
 99 "bone036"  98
100 "bone035"  93
101 "bone034" 100
102 "bone033"  93
103 "bone032" 102
104 "bone031"  93
105 "bone030"  93
106 "bone029"  93
107 "bone028" 106
108 "bone027"  93
109 "bone050" 108
110 "bone200"  93
111 "bone0102" 110
112 "bone0000" 111
113 "bone0104" 112
114 "bone0173" 113
115 "bone0172" 114
116 "bone0171" 115
117 "bone0170" 110
118 "bone0169" 117
119 "bone0168" 118
120 "bone0167" 119
121 "bone0166" 120
122 "bone0165" 121
123 "bone0174" 110
124 "bone0164" 123
125 "bone0162" 124
126 "bone0161" 125
127 "bone0160" 126
128 "bone0159" 127
129 "bone0158" 110
130 "bone0157" 129
131 "bone0156" 130
132 "bone0176" 131
133 "bone0154" 132
134 "bone0163" 133
135 "bone0175" 110
136 "bone0184" 135
137 "bone0177" 136
138 "bone0199" 137
139 "bone0197" 138
140 "bone0196" 139
141 "bone0195" 110
142 "bone0194" 141
143 "bone0193" 142
144 "bone0192" 143
145 "bone0191" 144
146 "bone0190" 145
147 "bone0189" 110
148 "bone0198" 147
149 "bone0187" 148
150 "bone0186" 149
151 "bone0185" 150
152 "bone0188" 151
153 "bone0183" 110
154 "bone0182" 153
155 "bone0181" 154
156 "bone0180" 155
157 "bone0179" 156
158 "bone0178" 157
159 "bone0153" 110
160 "bone0155" 159
161 "bone0151" 160
162 "bone0150" 161
163 "bone0124" 162
164 "bone0152" 163
165 "bone0122" 110
166 "bone0121" 165
167 "bone0120" 166
168 "bone0119" 167
169 "bone0118" 168
170 "bone0117" 169
171 "bone0116" 110
172 "bone0125" 171
173 "bone0115" 172
174 "bone0113" 173
175 "bone0112" 174
176 "bone0111" 175
177 "bone0110" 110
178 "bone0109" 177
179 "bone0108" 178
180 "bone0107" 179
181 "bone0106" 180
182 "bone0105" 181
183 "bone0114" 110
184 "bone0126" 183
185 "bone0127" 184
186 "bone0128" 185
187 "bone0149" 186
188 "bone0148" 187
189 "bone0147" 110
190 "bone0146" 189
191 "bone0145" 190
192 "bone0144" 191
193 "bone0143" 192
194 "bone0142" 193
195 "bone0141" 110
196 "bone0140" 195
197 "bone0139" 196
198 "bone0138" 197
199 "bone0137" 198
200 "bone0136" 199
201 "bone0135" 110
202 "bone0134" 201
203 "bone0133" 202
204 "bone0132" 203
205 "bone0131" 204
206 "bone0130" 205
207 "Object006"  -1
208 "∂‘œÛ001"  -1
end
skeleton
time 0
  0 0.059621 0.456168 0.250107 0.000000 -0.000000 0.000000
  1 0.059621 0.456168 0.250107 0.000000 -0.000000 0.000000
  2 0.059621 0.456168 0.250107 0.000000 -0.000000 0.000000
  3 0.059621 0.456168 0.250107 0.000000 -0.000000 0.000000
  4 0.059621 0.456168 0.250107 0.000000 -0.000000 0.000000
  5 0.059621 0.456168 0.250107 0.000000 -0.000000 0.000000
  6 0.059621 0.456168 0.250107 0.000000 -0.000000 0.000000
  7 0.059621 0.456168 0.250107 0.000000 -0.000000 0.000000
  8 0.059621 0.456168 0.250107 0.000000 -0.000000 0.000000
  9 0.059621 0.456168 0.250107 0.000000 -0.000000 0.000000
 10 120.558746 39.731293 154.010239 -1.241095 -0.080263 1.621612
 11 24.668247 0.000015 -0.000038 0.964461 0.004943 -0.185061
 12 30.380142 -0.000015 0.000000 1.664077 0.204280 0.352252
 13 19.902092 0.000000 -0.000015 0.048481 -0.262365 -0.094745
 14 -88.350739 -21.637981 107.458252 -1.162479 -2.953616 -1.087925
 15 35.349506 0.000004 0.000015 -1.434272 -0.119308 0.446392
 16 37.124329 -0.000031 -0.000008 -2.247276 -0.035753 0.350009
 17 0.059621 0.456168 0.250107 0.064768 -0.005215 -0.156772
 18 0.059621 -21.868710 98.277725 0.026935 1.715781 -1.543862
 19 -65.799553 -0.000020 1.142856 -0.000000 0.000515 3.141077
 20 11.181564 0.005761 -0.002411 -0.000000 0.254797 0.000515
 21 27.835175 0.000002 0.000015 -3.141592 -0.129896 -0.000000
 22 5.330383 -0.000001 -0.000002 -3.070919 -0.014572 0.003512
 23 10.134872 -4.133391 3.834198 -0.681865 -1.173930 -2.497280
 24 10.134872 4.133399 3.834198 0.681899 -1.173919 2.497249
 25 22.592346 0.000011 17.467110 -0.000010 2.956431 0.000000
 26 21.199982 -7.744006 14.169518 -0.644457 -0.154503 -3.025319
 27 18.141998 -13.440224 7.965771 1.228366 -0.180197 3.082644
 28 21.199966 7.744023 14.169495 0.644460 -0.154503 3.025318
 29 18.141983 13.440238 7.965775 -0.316157 -0.180196 -3.082644
 30 11.858841 -13.359997 3.526512 1.542249 3.132957 0.174415
 31 9.463257 -16.404863 -2.906046 1.542282 3.132901 0.176490
 32 9.125244 -10.885474 -11.371326 0.000496 2.962373 0.000256
 33 11.858856 13.360005 3.526478 -1.542248 3.132957 -0.174414
 34 9.463257 16.404869 -2.906025 -1.542281 3.132900 -0.176490
 35 9.125244 10.885473 -11.371305 -0.000492 2.962373 0.000256
 36 9.023224 -0.000002 -17.296177 0.000180 -0.167048 -3.141356
 37 12.691391 -0.000001 -19.438766 -0.372211 2.250875 -0.447736
 38 10.989410 0.000000 0.000000 0.000000 -0.501911 0.000000
 39 12.871445 -10.586839 -15.652472 0.928722 2.577954 0.584123
 40 10.727005 0.000006 -0.000015 -0.198970 -0.487765 0.322064
 41 12.871429 10.586842 -15.652472 -1.072801 2.711617 -0.909630
 42 10.726974 -0.000027 0.000015 0.215656 -0.483521 -0.330417
 43 12.847198 -17.570080 -4.701338 1.254077 2.809530 0.890095
 44 11.496490 0.000011 -0.000031 -0.220746 -0.450599 0.356522
 45 12.847168 17.570084 -4.701359 -1.274402 2.859323 -1.023851
 46 11.496460 0.000000 -0.000015 0.251221 -0.444160 -0.370890
 47 28.485962 0.000013 16.460358 -0.009718 0.410839 -0.034442
 48 23.052750 -6.207909 -0.077290 -1.470206 0.035100 -1.833545
 49 9.436905 -0.000008 -0.000031 -0.000147 0.488900 0.401350
 50 31.269348 0.000004 -0.000015 0.005728 -0.170753 -0.004443
 51 28.756516 0.000004 -0.000031 0.039571 -0.320558 -0.042778
 52 2.251987 -2.464409 -1.141647 0.481305 0.508197 -0.319329
 53 3.674042 -0.000015 0.000015 -0.277611 0.179024 0.194713
 54 3.614693 0.000015 0.000000 0.013156 0.193871 -0.001558
 55 9.035507 -2.494947 0.484558 -0.001362 0.302449 0.001673
 56 2.943588 0.000000 -0.000015 0.010585 0.293657 -0.007800
 57 2.649445 0.000002 0.000015 -0.006498 0.303243 0.008512
 58 9.093624 -0.386671 0.647690 0.020190 0.475379 -0.012607
 59 3.451889 0.000000 0.000000 -0.014209 0.528778 0.009212
 60 2.898178 0.000002 0.000023 -0.000683 0.490858 0.000916
 61 8.894588 1.605848 0.371902 -0.000566 0.547851 0.000704
 62 3.130402 0.000000 0.000046 0.003896 0.567158 -0.005064
 63 2.629547 0.000000 -0.000038 0.004892 0.544388 -0.006589
 64 8.470619 3.459528 0.131500 -0.021715 0.541478 0.011455
 65 2.410263 0.000000 -0.000046 0.022815 0.529939 -0.013321
 66 2.000793 0.000004 0.000015 -0.005415 0.533618 0.007402
 67 23.052765 6.207913 -0.077312 1.481823 0.058643 2.080206
 68 9.436890 0.000023 0.000000 0.382816 0.148150 -0.219041
 69 31.269348 -0.000015 -0.000031 -0.665920 -0.293810 0.146803
 70 28.756504 -0.000008 -0.000031 0.209939 -0.114342 -0.057487
 71 2.251890 2.464405 -1.141571 -0.513217 0.249535 0.112914
 72 3.674080 0.000000 -0.000031 0.331388 -0.059506 -0.325011
 73 3.614677 0.000004 0.000015 0.067360 -0.216133 -0.086857
 74 9.035416 2.494947 0.484406 0.001362 -0.011534 -0.001673
 75 2.943573 0.000000 -0.000031 -0.011498 -0.020268 0.014556
 76 2.649437 0.000000 0.000000 0.006498 -0.010740 -0.008512
 77 9.093681 0.386669 0.647766 -0.018031 0.093461 0.020165
 78 3.451870 0.000000 -0.000015 0.014953 0.008589 -0.019838
 79 2.898197 0.000000 0.000000 0.000683 -0.029445 -0.000917
 80 8.894409 -1.605856 0.371918 0.000566 0.090541 -0.000704
 81 3.130432 0.000002 -0.000031 -0.003896 -0.009289 0.005063
 82 2.629505 -0.000002 0.000015 -0.004892 -0.032059 0.006589
 83 8.470604 -3.459524 0.131393 0.018786 0.137518 -0.020073
 84 2.410282 0.000000 -0.000015 -0.024238 -0.029075 0.031299
 85 2.000755 0.000002 0.000015 0.005415 -0.025697 -0.007402
 86 9.832344 1.463058 -1.299438 0.016523 -0.031798 -0.020624
 87 25.040604 -5.670404 5.432793 -1.312160 -0.224887 -2.136065
 88 28.779694 -6.856308 -0.811420 -1.466235 0.019064 -1.725377
 89 29.182312 -3.955564 -4.961964 0.881870 2.552753 0.503940
 90 25.040573 5.670409 5.432751 1.296833 -0.398765 2.185823
 91 28.779724 6.856312 -0.811405 1.466235 0.019065 1.725381
 92 29.182281 3.955566 -4.961941 -0.881870 2.552752 -0.503940
 93 -65.335640 -0.000020 1.140920 -3.141591 0.044911 0.000000
 94 26.290924 -12.205289 1.157883 -2.071447 -0.017454 0.065112
 95 49.071022 0.000002 0.000005 2.102688 0.292638 -0.461195
 96 61.871304 -0.000020 -0.000019 3.055147 0.298223 0.070543
 97 26.290924 12.205296 1.157843 2.044502 0.127786 -0.159169
 98 49.071060 0.000000 -0.000034 -1.687512 0.453644 1.287849
 99 61.871262 0.000021 -0.000046 -2.944713 0.642381 0.102745
100 -0.698059 -11.192117 -8.252766 1.221106 -0.466760 -0.701438
101 20.568237 -0.000004 -0.000008 -0.095560 0.027187 0.106251
102 0.223785 -5.734810 -12.929609 2.927462 0.468543 -0.416630
103 20.803574 -0.000019 -0.000015 0.013869 0.133962 0.302529
104 -1.040009 -3.033968 12.140512 1.554517 0.104601 -1.288764
105 -1.039993 3.034005 12.140501 -1.554518 0.104604 1.288764
106 4.165451 -5.407044 12.088392 1.019096 -1.032925 -0.679936
107 16.599442 0.000000 -0.000015 0.077320 -0.278938 0.296915
108 4.165482 5.407081 12.088385 -1.047622 -1.021916 0.712806
109 16.599377 0.000011 -0.000015 -0.085949 -0.320079 -0.310600
110 6.428391 0.000001 -0.288944 -0.000001 -0.000000 -0.000000
111 -1.833786 -13.936462 1.224506 1.563782 -0.001542 -0.415975
112 20.406952 -0.000002 -0.000023 0.011888 -0.012058 0.042202
113 21.655495 0.000000 -0.000008 0.014976 -0.106785 0.114284
114 22.360672 -0.000008 -0.000031 0.020469 -0.266160 0.014154
115 22.519661 -0.000006 -0.000015 -0.012169 0.088310 -0.078024
116 22.140388 -0.000008 -0.000031 -0.039473 0.047915 -0.002785
117 -1.699219 -12.875611 4.918510 1.126210 -0.191240 -0.378442
118 20.938599 0.000015 -0.000008 0.045467 -0.028381 0.023710
119 21.993614 -0.000008 -0.000053 0.024081 -0.152198 0.102821
120 22.563782 -0.000017 0.000000 0.019265 -0.297570 0.025613
121 22.643351 0.000006 -0.000031 -0.023877 0.079799 -0.052149
122 22.238049 0.000000 -0.000023 -0.070537 0.005086 0.029784
123 -1.634338 -9.854567 8.052349 0.720116 -0.335802 -0.278560
124 22.205307 0.000006 -0.000023 0.050306 -0.036751 0.010652
125 22.804382 0.000000 -0.000038 0.023261 -0.189209 0.075087
126 23.051659 0.000009 0.000000 0.018958 -0.331780 0.018290
127 22.939983 0.000016 -0.000038 -0.018988 0.061363 -0.034128
128 22.472061 0.000013 -0.000015 -0.059822 -0.046272 0.037746
129 -1.616150 -5.333254 10.147446 0.347676 -0.481244 -0.141976
130 23.451302 0.000000 -0.000015 0.029344 -0.041535 0.006603
131 23.608017 -0.000004 -0.000023 0.015050 -0.106104 0.023400
132 23.536224 -0.000001 -0.000023 0.033003 -0.211541 -0.050470
133 23.233974 0.000005 0.000008 0.000325 -0.015403 -0.018309
134 22.703678 0.000010 -0.000015 -0.020722 -0.086490 0.010973
135 -1.614517 -0.000000 10.883352 -0.008527 -0.444286 0.008366
136 23.962120 0.000001 -0.000023 -0.003963 -0.044157 0.008015
137 23.938965 -0.000003 0.000015 -0.003435 -0.221140 0.006603
138 23.736023 -0.000003 -0.000015 0.023119 -0.378679 -0.032822
139 23.354973 0.000005 -0.000023 0.022752 0.027782 -0.027764
140 22.798933 -0.000010 -0.000015 0.026920 -0.105782 -0.030836
141 -1.616135 5.333251 10.147425 -0.361602 -0.416669 0.156678
142 23.451302 -0.000008 0.000008 -0.037397 -0.044691 0.007316
143 23.608025 -0.000003 -0.000046 -0.019789 -0.216587 -0.026665
144 23.536247 -0.000001 -0.000015 0.023375 -0.383519 -0.064118
145 23.233974 -0.000022 -0.000023 0.042722 0.021849 -0.033160
146 22.703663 0.000010 -0.000008 0.067312 -0.102400 -0.075866
147 -1.634323 9.854565 8.052347 -0.733896 -0.331853 0.291255
148 22.205246 -0.000006 0.000008 -0.059215 -0.042850 0.002173
149 22.804451 0.000000 -0.000069 -0.030928 -0.197835 -0.062305
150 23.051628 -0.000010 -0.000008 0.019182 -0.375586 -0.096964
151 22.939968 -0.000015 -0.000008 0.050315 0.021678 -0.035417
152 22.472061 -0.000010 -0.000031 0.097151 -0.076844 -0.126817
153 -1.699219 12.875608 4.918526 -1.139412 -0.185980 0.389115
154 20.938599 0.000019 0.000000 -0.055579 -0.037120 -0.013741
155 21.993591 -0.000008 -0.000069 -0.033177 -0.163821 -0.093726
156 22.563797 0.000002 -0.000015 0.008488 -0.357754 -0.122459
157 22.643351 -0.000002 -0.000046 0.038224 0.021595 -0.035828
158 22.238037 -0.000015 -0.000015 0.096544 -0.041397 -0.147898
159 -1.833786 13.936459 1.224506 -1.576601 0.004192 0.424842
160 20.406960 0.000008 -0.000031 -0.023647 -0.022261 -0.036538
161 21.655502 0.000010 -0.000008 -0.025926 -0.119166 -0.110604
162 22.360649 0.000000 -0.000015 0.021432 -0.397567 -0.152027
163 22.519663 -0.000004 0.000000 0.043274 -0.032891 -0.065355
164 22.140373 -0.000006 0.000000 0.096202 -0.042594 -0.159497
165 -1.972595 12.875609 -3.614557 -1.850168 0.117692 0.388016
166 20.655174 0.000010 -0.000015 -0.008278 -0.009645 -0.043197
167 21.762253 0.000008 -0.000015 -0.026986 -0.091567 -0.108645
168 22.392151 0.000015 -0.000023 -0.026197 -0.319091 -0.132894
169 22.541328 0.000010 -0.000023 -0.033617 0.012137 -0.042450
170 22.217484 0.000004 -0.000015 -0.013541 0.004248 -0.123958
171 -1.967316 9.854568 -7.722437 -2.181380 0.208384 0.289519
172 21.272736 0.000006 -0.000008 0.006315 0.005821 -0.043185
173 22.032524 0.000027 -0.000053 -0.025187 -0.062242 -0.094892
174 22.475655 0.000006 -0.000008 -0.038511 -0.301655 -0.126428
175 22.598705 0.000011 -0.000015 -0.058435 0.004515 -0.047598
176 22.407963 0.000015 -0.000023 -0.038637 0.000487 -0.084682
177 -1.900848 5.333254 -10.470076 -2.615460 0.263641 0.153484
178 21.914322 0.000007 -0.000011 0.009811 0.024424 -0.030438
179 22.319824 -0.000006 -0.000004 -0.018763 -0.030069 -0.061647
180 22.569618 0.000005 -0.000008 -0.035725 -0.278170 -0.114523
181 22.663208 0.000025 -0.000023 -0.056472 0.000878 -0.066311
182 22.604515 0.000017 -0.000038 -0.037893 0.000645 -0.082437
183 -1.865585 -0.000003 -11.435442 3.133660 0.281115 0.002499
184 22.186676 -0.000004 -0.000004 -0.008459 0.035785 -0.003296
185 22.443718 -0.000002 -0.000004 -0.008502 -0.011413 -0.005078
186 22.611549 -0.000004 -0.000015 -0.008946 -0.253346 -0.094164
187 22.692017 0.000005 0.000000 -0.017644 0.011914 -0.091995
188 22.687653 0.000010 -0.000015 -0.011714 0.010631 -0.098439
189 -1.900848 -5.333257 -10.470070 2.601991 0.261529 -0.148742
190 21.914337 0.000010 -0.000011 -0.023728 0.029616 0.025917
191 22.319824 -0.000022 0.000000 0.002923 -0.023892 0.056046
192 22.569618 0.000004 -0.000031 0.021537 -0.239768 -0.061844
193 22.663235 -0.000022 0.000000 0.017881 0.041017 -0.116735
194 22.604523 0.000005 -0.000015 0.023475 0.030288 -0.085478
195 -1.967300 -9.854564 -7.722439 2.167949 0.204415 -0.283912
196 21.272713 -0.000021 0.000000 -0.019824 0.014246 0.042243
197 22.032486 0.000002 -0.000023 0.010637 -0.052384 0.093175
198 22.475700 -0.000010 -0.000031 0.031335 -0.241696 -0.030332
199 22.598709 -0.000002 -0.000015 0.023985 0.068455 -0.117328
200 22.407982 -0.000016 -0.000023 0.034675 0.052123 -0.069473
201 -1.972580 -12.875610 -3.614563 1.837071 0.112427 -0.380939
202 20.655167 0.000010 -0.000015 -0.004583 0.000210 0.045869
203 21.762260 -0.000008 -0.000015 0.014400 -0.080050 0.109535
204 22.392166 -0.000010 -0.000031 0.028252 -0.251240 -0.005147
205 22.541328 -0.000008 -0.000023 0.009344 0.084214 -0.101768
206 22.217506 -0.000002 -0.000015 0.008048 0.059906 -0.036370
207 0.059621 0.456168 0.250107 0.000000 -0.000000 0.000000
208 0.059621 0.456168 0.250107 0.000000 -0.000000 0.000000
time 1
  0 0.059621 0.456168 0.250107 0.000000 -0.000000 0.000000
  1 0.059621 0.456168 0.250107 0.000000 -0.000000 0.000000
  2 0.059621 0.456168 0.250107 0.000000 -0.000000 0.000000
  3 0.059621 0.456168 0.250107 0.000000 -0.000000 0.000000
  4 0.059621 0.456168 0.250107 0.000000 -0.000000 0.000000
  5 0.059621 0.456168 0.250107 0.000000 -0.000000 0.000000
  6 0.059621 0.456168 0.250107 0.000000 -0.000000 0.000000
  7 0.059621 0.456168 0.250107 0.000000 -0.000000 0.000000
  8 0.059621 0.456168 0.250107 0.000000 -0.000000 0.000000
  9 0.059621 0.456168 0.250107 0.000000 -0.000000 0.000000
 10 120.558746 39.731293 154.010239 -1.241528 -0.081811 1.632991
 11 24.668247 0.000015 -0.000038 0.964411 0.029950 -0.187079
 12 30.380127 -0.000015 0.000000 1.664559 0.199835 0.354141
 13 19.902081 0.000000 -0.000015 0.047542 -0.267144 -0.095103
 14 -88.350739 -21.637981 107.458252 -1.161717 -2.955567 -1.092413
 15 35.349510 0.000004 0.000015 -1.434138 -0.100137 0.444270
 16 37.124344 -0.000015 -0.000015 -2.246954 -0.029962 0.356819
 17 0.059621 0.456168 0.250107 0.064768 -0.005215 -0.156772
 18 0.059621 -21.868710 98.277725 0.032090 1.710015 -1.538690
 19 -65.799553 -0.000020 1.142858 0.049174 -0.019637 -3.140131
 20 11.181580 0.005760 -0.002411 -0.000000 0.254797 0.000515
 21 27.835175 -0.000001 0.000019 3.092192 -0.117802 -0.009625
 22 5.330383 -0.000000 -0.000002 -3.070919 -0.014572 0.003512
 23 10.134888 -4.133394 3.834204 -0.681865 -1.173930 -2.497280
 24 10.134888 4.133400 3.834200 0.681899 -1.173919 2.497249
 25 22.592361 0.000008 17.467112 -0.000010 2.956431 0.000000
 26 21.199982 -7.744011 14.169516 -0.644457 -0.154503 -3.025319
 27 18.142014 -13.440230 7.965773 1.228366 -0.180197 3.082644
 28 21.199982 7.744023 14.169497 0.644460 -0.154503 3.025318
 29 18.141998 13.440240 7.965773 -0.316157 -0.180196 -3.082644
 30 11.858871 -13.360002 3.526518 1.542249 3.132957 0.174415
 31 9.463287 -16.404869 -2.906042 1.542282 3.132901 0.176490
 32 9.125259 -10.885477 -11.371321 0.000496 2.962373 0.000256
 33 11.858856 13.360009 3.526472 -1.542248 3.132957 -0.174414
 34 9.463257 16.404869 -2.906023 -1.542281 3.132900 -0.176490
 35 9.125275 10.885476 -11.371302 -0.000492 2.962373 0.000256
 36 9.023239 -0.000002 -17.296171 0.000180 -0.167048 -3.141356
 37 12.691406 -0.000002 -19.438761 -0.280109 2.205743 -0.333289
 38 10.989410 0.000004 0.000000 -0.000078 -0.506744 0.000003
 39 12.871460 -10.586843 -15.652468 0.961405 2.558209 0.643460
 40 10.727005 0.000004 -0.000031 -0.199451 -0.492537 0.322962
 41 12.871445 10.586844 -15.652470 -1.047030 2.644654 -0.857258
 42 10.726974 -0.000023 0.000031 0.216054 -0.488274 -0.331432
 43 12.847214 -17.570086 -4.701336 1.265128 2.775898 0.920120
 44 11.496506 0.000000 -0.000015 -0.220746 -0.450599 0.356522
 45 12.847183 17.570086 -4.701359 -1.262603 2.800166 -0.990964
 46 11.496468 0.000004 0.000000 0.251221 -0.444160 -0.370890
 47 28.485962 0.000010 16.460356 -0.009671 0.402756 -0.034188
 48 23.052765 -6.207912 -0.077286 -1.470206 0.035100 -1.833545
 49 9.436905 -0.000004 -0.000015 -0.000147 0.488900 0.401350
 50 31.269341 -0.000006 -0.000031 0.005809 -0.175585 -0.004587
 51 28.756516 -0.000002 -0.000031 0.039704 -0.325381 -0.043116
 52 2.251987 -2.464409 -1.141663 0.480007 0.503871 -0.321737
 53 3.674046 -0.000015 0.000015 -0.277421 0.174328 0.195869
 54 3.614685 0.000011 0.000000 0.013171 0.189043 -0.001788
 55 9.035503 -2.494949 0.484558 -0.001341 0.297617 0.001564
 56 2.943577 -0.000002 0.000000 0.010618 0.288826 -0.007941
 57 2.649429 0.000002 0.000015 -0.006410 0.298410 0.008466
 58 9.093620 -0.386673 0.647690 0.020157 0.470550 -0.012817
 59 3.451889 0.000000 0.000000 -0.014098 0.523945 0.009214
 60 2.898193 -0.000004 0.000031 -0.000558 0.486026 0.000909
 61 8.894588 1.605846 0.371902 -0.000544 0.543019 0.000597
 62 3.130409 0.000000 0.000031 0.003970 0.562326 -0.005131
 63 2.629517 -0.000002 -0.000038 0.004996 0.539555 -0.006584
 64 8.470623 3.459522 0.131485 -0.021630 0.536645 0.011456
 65 2.410278 -0.000004 -0.000061 0.022838 0.525108 -0.013483
 66 2.000793 0.000002 0.000023 -0.005285 0.528785 0.007441
 67 23.052765 6.207911 -0.077301 1.481823 0.058644 2.080206
 68 9.436905 0.000019 -0.000015 0.329902 0.019336 -0.092497
 69 31.269356 -0.000008 -0.000015 -0.588448 -0.429913 0.274716
 70 28.756512 -0.000011 0.000000 0.178564 -0.118798 -0.043306
 71 2.251892 2.464403 -1.141556 -0.513217 0.249535 0.112914
 72 3.674088 0.000008 -0.000031 0.331388 -0.059506 -0.325011
 73 3.614685 0.000004 0.000031 0.067360 -0.216133 -0.086857
 74 9.035416 2.494946 0.484436 0.001362 -0.011534 -0.001673
 75 2.943581 0.000004 -0.000046 -0.011497 -0.020268 0.014556
 76 2.649445 -0.000004 0.000015 0.006498 -0.010740 -0.008512
 77 9.093689 0.386673 0.647797 -0.018031 0.093461 0.020165
 78 3.451874 0.000001 0.000015 0.014953 0.008589 -0.019838
 79 2.898201 -0.000004 -0.000015 0.000683 -0.029445 -0.000917
 80 8.894417 -1.605850 0.371918 0.000566 0.090541 -0.000704
 81 3.130432 -0.000002 -0.000046 -0.003896 -0.009289 0.005063
 82 2.629524 0.000000 0.000000 -0.004892 -0.032059 0.006589
 83 8.470612 -3.459522 0.131393 0.018786 0.137518 -0.020073
 84 2.410286 0.000000 -0.000031 -0.024238 -0.029075 0.031299
 85 2.000755 0.000002 0.000031 0.005415 -0.025697 -0.007402
 86 9.832352 1.463058 -1.299438 0.016523 -0.031798 -0.020624
 87 25.040588 -5.670407 5.432793 -1.312160 -0.224887 -2.136065
 88 28.779709 -6.856313 -0.811420 -1.466235 0.019064 -1.725377
 89 29.182312 -3.955568 -4.961960 0.881869 2.552753 0.503939
 90 25.040573 5.670408 5.432758 1.296833 -0.398765 2.185823
 91 28.779739 6.856312 -0.811401 1.466235 0.019065 1.725381
 92 29.182297 3.955564 -4.961937 -0.881870 2.552752 -0.503940
 93 -65.335655 -0.000020 1.140918 -3.141591 0.044911 0.000000
 94 26.290924 -12.205291 1.157887 -2.071800 -0.015096 0.069315
 95 49.071030 0.000006 0.000007 2.101040 0.294893 -0.465681
 96 61.871300 -0.000018 -0.000031 3.055445 0.305654 0.069780
 97 26.290939 12.205297 1.157845 2.044231 0.130041 -0.163477
 98 49.071045 0.000004 -0.000034 -1.673626 0.454126 1.316756
 99 61.871269 0.000016 -0.000031 -2.944044 0.647052 0.104302
100 -0.698044 -11.192118 -8.252771 1.221289 -0.446976 -0.701676
101 20.568237 -0.000004 -0.000008 -0.094947 0.022365 0.106484
102 0.223785 -5.734811 -12.929605 2.929618 0.484446 -0.411418
103 20.803566 -0.000015 -0.000023 0.013854 0.127836 0.300621
104 -1.040024 -3.033968 12.140512 1.554113 0.104908 -1.293615
105 -1.039993 3.034004 12.140505 -1.554114 0.104911 1.293615
106 4.165436 -5.407045 12.088396 1.033179 -1.029135 -0.696596
107 16.599442 0.000000 -0.000015 0.077622 -0.283736 0.295441
108 4.165466 5.407081 12.088387 -1.055294 -1.023916 0.721505
109 16.599377 0.000011 -0.000031 -0.086293 -0.324872 -0.309009
110 6.428391 0.000001 -0.288940 -0.000001 -0.004834 0.000000
111 -1.833771 -13.936465 1.224504 1.563782 -0.001542 -0.428387
112 20.406952 -0.000004 -0.000023 0.011889 -0.022893 0.042126
113 21.655495 -0.000004 -0.000015 0.017175 -0.040186 0.091886
114 22.360672 -0.000006 -0.000023 0.015077 -0.292572 0.034647
115 22.519657 -0.000004 -0.000023 -0.009628 0.039985 -0.050136
116 22.140388 -0.000004 -0.000031 -0.039317 0.043009 -0.002370
117 -1.699234 -12.875613 4.918512 1.128239 -0.198509 -0.389948
118 20.938606 0.000017 0.000000 0.045446 -0.040097 0.023481
119 21.993622 -0.000006 -0.000053 0.027374 -0.074694 0.076517
120 22.563789 -0.000017 0.000000 0.012887 -0.334204 0.046642
121 22.643349 0.000000 -0.000031 -0.021943 0.024564 -0.024451
122 22.238056 -0.000002 -0.000023 -0.070341 -0.000137 0.030244
123 -1.634354 -9.854568 8.052349 0.722971 -0.346963 -0.287352
124 22.205284 0.000004 -0.000015 0.050295 -0.049070 0.010405
125 22.804375 -0.000002 -0.000031 0.026225 -0.103237 0.055391
126 23.051662 0.000005 0.000000 0.013502 -0.377186 0.034027
127 22.939980 0.000012 -0.000038 -0.018059 0.000268 -0.013332
128 22.472061 0.000011 -0.000031 -0.059719 -0.051714 0.038099
129 -1.616150 -5.333254 10.147442 0.347171 -0.462158 -0.141231
130 23.451309 0.000000 -0.000015 0.029342 -0.054170 0.006459
131 23.608017 -0.000005 -0.000031 0.014015 -0.112766 0.035182
132 23.536224 -0.000001 -0.000023 0.031990 -0.234435 -0.045289
133 23.233973 0.000003 0.000015 0.000658 -0.003590 -0.031159
134 22.703674 0.000008 -0.000023 -0.020747 -0.092040 0.011186
135 -1.614532 -0.000000 10.883352 -0.008527 -0.458357 0.008366
136 23.962135 0.000001 -0.000015 -0.003963 -0.056891 0.008015
137 23.938972 -0.000003 0.000008 -0.003338 -0.128886 0.007801
138 23.736034 -0.000003 -0.000015 0.024111 -0.431342 -0.035751
139 23.354971 0.000005 -0.000023 0.022649 -0.038165 -0.027943
140 22.798931 -0.000009 -0.000015 0.026920 -0.111362 -0.030836
141 -1.616135 5.333252 10.147427 -0.363522 -0.429995 0.161558
142 23.451317 -0.000008 0.000008 -0.037398 -0.057345 0.007494
143 23.608032 -0.000001 -0.000046 -0.021707 -0.125594 -0.015337
144 23.536247 -0.000003 -0.000015 0.027855 -0.434453 -0.076314
145 23.233976 -0.000020 -0.000023 0.042910 -0.042930 -0.044094
146 22.703669 0.000012 0.000000 0.066900 -0.107945 -0.075845
147 -1.634354 9.854565 8.052345 -0.736680 -0.342911 0.300167
148 22.205269 -0.000001 0.000008 -0.059213 -0.055201 0.002458
149 22.804443 0.000002 -0.000069 -0.034503 -0.111399 -0.041119
150 23.051628 -0.000007 -0.000008 0.026965 -0.421055 -0.117588
151 22.939972 -0.000010 -0.000008 0.049949 -0.039506 -0.056221
152 22.472065 -0.000008 -0.000031 0.096709 -0.082283 -0.126762
153 -1.699234 12.875608 4.918528 -1.141320 -0.193120 0.400689
154 20.938599 0.000019 0.000000 -0.055568 -0.048882 -0.013467
155 21.993591 -0.000004 -0.000069 -0.036919 -0.085835 -0.065918
156 22.563797 0.000002 -0.000008 0.017457 -0.394152 -0.147622
157 22.643351 0.000004 -0.000038 0.037673 -0.033646 -0.063846
158 22.238026 -0.000017 -0.000015 0.096419 -0.046629 -0.147733
159 -1.833771 13.936458 1.224504 -1.576601 0.004192 0.437304
160 20.406967 0.000004 -0.000038 -0.023617 -0.033160 -0.036411
161 21.655510 0.000010 -0.000015 -0.028620 -0.052036 -0.086432
162 22.360657 0.000004 -0.000015 0.030689 -0.423653 -0.175956
163 22.519665 -0.000004 -0.000015 0.043969 -0.081075 -0.092902
164 22.140373 -0.000004 -0.000008 0.096143 -0.047420 -0.159215
165 -1.972565 12.875609 -3.614559 -1.848413 0.119000 0.399834
166 20.655167 0.000006 -0.000015 -0.008278 -0.019857 -0.043197
167 21.762260 0.000006 -0.000015 -0.029358 -0.032208 -0.081443
168 22.392151 0.000017 -0.000023 -0.019313 -0.338248 -0.155480
169 22.541332 0.000006 -0.000015 -0.034176 -0.030365 -0.072628
170 22.217484 0.000000 0.000000 -0.013260 -0.000536 -0.123329
171 -1.967316 9.854568 -7.722439 -2.178978 0.211123 0.299339
172 21.272713 0.000006 0.000000 0.006315 -0.002529 -0.043185
173 22.032516 0.000025 -0.000046 -0.026170 -0.016022 -0.068716
174 22.475662 0.000004 -0.000015 -0.033078 -0.313476 -0.145360
175 22.598717 0.000008 -0.000008 -0.058669 -0.030933 -0.074074
176 22.407967 0.000015 -0.000023 -0.038294 -0.004291 -0.084044
177 -1.900848 5.333253 -10.470079 -2.613656 0.269324 0.159376
178 21.914322 0.000010 -0.000015 0.009811 0.019590 -0.030438
179 22.319839 -0.000005 -0.000008 -0.019180 0.001091 -0.045510
180 22.569626 0.000007 -0.000008 -0.032802 -0.282697 -0.125532
181 22.663204 0.000027 -0.000015 -0.056428 -0.027214 -0.082671
182 22.604515 0.000017 -0.000031 -0.037583 -0.004139 -0.081826
183 -1.865585 -0.000002 -11.435444 3.133660 0.288220 0.002499
184 22.186661 -0.000004 -0.000004 -0.008459 0.030951 -0.003296
185 22.443718 -0.000002 -0.000008 -0.008522 0.015278 -0.004558
186 22.611542 -0.000004 -0.000004 -0.009117 -0.254853 -0.093351
187 22.692009 0.000007 0.000000 -0.017599 -0.013487 -0.093024
188 22.687651 0.000011 -0.000015 -0.011552 0.005825 -0.097851
189 -1.900848 -5.333258 -10.470076 2.600295 0.267141 -0.154723
190 21.914352 0.000006 -0.000015 -0.023683 0.024783 0.026572
191 22.319824 -0.000023 0.000000 0.003094 0.007366 0.039168
192 22.569618 0.000001 -0.000027 0.018844 -0.245111 -0.049317
193 22.663235 -0.000021 0.000000 0.018606 0.012567 -0.100720
194 22.604523 0.000005 -0.000015 0.023423 0.025462 -0.084911
195 -1.967300 -9.854568 -7.722445 2.165678 0.207100 -0.293774
196 21.272705 -0.000017 0.000000 -0.019818 0.006175 0.042719
197 22.032478 0.000000 -0.000023 0.011431 -0.006445 0.067014
198 22.475685 -0.000013 -0.000031 0.027018 -0.254629 -0.011276
199 22.598709 0.000000 -0.000015 0.025751 0.032740 -0.091495
200 22.407993 -0.000013 -0.000023 0.034548 0.047292 -0.069142
201 -1.972580 -12.875613 -3.614561 1.835462 0.113675 -0.392750
202 20.655167 0.000006 -0.000023 -0.004583 -0.009941 0.045869
203 21.762276 -0.000010 -0.000015 0.016288 -0.020875 0.083765
204 22.392174 -0.000011 -0.000031 0.023160 -0.271555 0.015583
205 22.541344 -0.000011 -0.000031 0.011841 0.041268 -0.072735
206 22.217503 0.000000 -0.000023 0.007969 0.055074 -0.036076
207 0.059621 0.456168 0.250107 0.000000 -0.000000 0.000000
208 0.059621 0.456168 0.250107 0.000000 -0.000000 0.000000
time 2
  0 0.059621 0.456168 0.250107 0.000000 -0.000000 0.000000
  1 0.059621 0.456168 0.250107 0.000000 -0.000000 0.000000
  2 0.059621 0.456168 0.250107 0.000000 -0.000000 0.000000
  3 0.059621 0.456168 0.250107 0.000000 -0.000000 0.000000
  4 0.059621 0.456168 0.250107 0.000000 -0.000000 0.000000
  5 0.059621 0.456168 0.250107 0.000000 -0.000000 0.000000
  6 0.059621 0.456168 0.250107 0.000000 -0.000000 0.000000
  7 0.059621 0.456168 0.250107 0.000000 -0.000000 0.000000
  8 0.059621 0.456168 0.250107 0.000000 -0.000000 0.000000
  9 0.059621 0.456168 0.250107 0.000000 -0.000000 0.000000
 10 120.558746 39.731293 154.010239 -1.242645 -0.085803 1.647490
 11 24.668251 0.000015 -0.000046 0.964344 0.055359 -0.186863
 12 30.380127 -0.000031 0.000000 1.662975 0.201927 0.346902
 13 19.902084 0.000000 0.000000 0.046005 -0.279468 -0.096027
 14 -88.350739 -21.637981 107.458252 -1.159753 -2.960599 -1.103988
 15 35.349518 0.000008 0.000015 -1.434098 -0.073518 0.442444
 16 37.124344 -0.000015 -0.000015 -2.246713 -0.021639 0.368140
 17 0.059621 0.456168 0.250107 0.064768 -0.005215 -0.156772
 18 0.059621 -21.868710 98.277725 0.039004 1.697196 -1.531749
 19 -65.799545 -0.000020 1.142853 0.175991 -0.071608 -3.135034
 20 11.181580 0.005759 -0.002411 -0.000000 0.254797 0.000515
 21 27.835159 -0.000001 0.000011 2.964790 -0.086612 -0.034446
 22 5.330383 -0.000000 -0.000002 -3.070919 -0.014572 0.003512
 23 10.134888 -4.133394 3.834200 -0.681865 -1.173930 -2.497280
 24 10.134888 4.133399 3.834196 0.681899 -1.173920 2.497249
 25 22.592361 0.000009 17.467112 -0.000010 2.956431 0.000000
 26 21.199997 -7.744010 14.169519 -0.644458 -0.154503 -3.025319
 27 18.142029 -13.440230 7.965773 1.228366 -0.180197 3.082644
 28 21.199982 7.744024 14.169497 0.644460 -0.154503 3.025318
 29 18.142014 13.440241 7.965773 -0.316157 -0.180196 -3.082644
 30 11.858871 -13.360002 3.526510 1.542249 3.132957 0.174415
 31 9.463287 -16.404871 -2.906046 1.542282 3.132901 0.176490
 32 9.125259 -10.885477 -11.371325 0.000496 2.962373 0.000256
 33 11.858856 13.360006 3.526472 -1.542248 3.132957 -0.174414
 34 9.463272 16.404867 -2.906023 -1.542281 3.132900 -0.176490
 35 9.125275 10.885475 -11.371304 -0.000492 2.962373 0.000256
 36 9.023239 -0.000004 -17.296177 0.000180 -0.167048 -3.141356
 37 12.691406 -0.000005 -19.438766 -0.124765 2.150364 -0.146269
 38 10.989410 0.000002 0.000000 -0.000279 -0.519209 0.000010
 39 12.871475 -10.586844 -15.652472 1.008651 2.530397 0.726900
 40 10.727005 0.000007 -0.000015 -0.200692 -0.504843 0.325277
 41 12.871460 10.586843 -15.652472 -0.997060 2.538611 -0.767413
 42 10.726990 -0.000023 0.000000 0.217080 -0.500530 -0.334050
 43 12.847214 -17.570087 -4.701342 1.282297 2.727777 0.963847
 44 11.496506 0.000006 -0.000031 -0.220746 -0.450599 0.356522
 45 12.847198 17.570087 -4.701357 -1.237193 2.701907 -0.933393
 46 11.496460 -0.000004 -0.000015 0.251221 -0.444160 -0.370890
 47 28.485977 0.000010 16.460360 -0.009613 0.389028 -0.033841
 48 23.052765 -6.207912 -0.077290 -1.470206 0.035100 -1.833545
 49 9.436909 -0.000004 -0.000031 -0.000147 0.488900 0.401350
 50 31.269341 0.000004 -0.000015 0.006018 -0.188046 -0.004959
 51 28.756512 0.000006 -0.000015 0.040048 -0.337822 -0.043988
 52 2.251986 -2.464409 -1.141632 0.476658 0.492714 -0.327948
 53 3.674038 -0.000015 0.000015 -0.276930 0.162216 0.198852
 54 3.614697 0.000011 0.000000 0.013210 0.176590 -0.002379
 55 9.035509 -2.494947 0.484573 -0.001288 0.285154 0.001284
 56 2.943573 0.000004 -0.000031 0.010703 0.276365 -0.008306
 57 2.649437 0.000000 0.000000 -0.006182 0.285947 0.008347
 58 9.093626 -0.386675 0.647705 0.020071 0.458093 -0.013358
 59 3.451885 0.000000 0.000000 -0.013811 0.511482 0.009218
 60 2.898178 -0.000002 0.000023 -0.000236 0.473564 0.000891
 61 8.894590 1.605850 0.371902 -0.000488 0.530556 0.000322
 62 3.130405 0.000002 0.000046 0.004160 0.549863 -0.005307
 63 2.629532 -0.000002 -0.000038 0.005265 0.527092 -0.006570
 64 8.470619 3.459524 0.131485 -0.021411 0.524180 0.011459
 65 2.410255 0.000000 -0.000046 0.022898 0.512650 -0.013900
 66 2.000793 0.000004 0.000008 -0.004950 0.516322 0.007539
 67 23.052750 6.207911 -0.077309 1.481823 0.058643 2.080206
 68 9.436890 0.000019 -0.000015 0.211965 -0.264052 0.203268
 69 31.269341 -0.000008 -0.000031 -0.429059 -0.729336 0.539021
 70 28.756516 -0.000010 0.000000 0.097648 -0.130292 -0.009160
 71 2.251877 2.464409 -1.141571 -0.513217 0.249535 0.112914
 72 3.674103 0.000008 -0.000015 0.331388 -0.059506 -0.325011
 73 3.614685 0.000008 0.000023 0.067360 -0.216133 -0.086857
 74 9.035400 2.494953 0.484428 0.001362 -0.011534 -0.001673
 75 2.943573 0.000000 -0.000038 -0.011497 -0.020268 0.014556
 76 2.649445 0.000004 0.000023 0.006498 -0.010740 -0.008512
 77 9.093689 0.386677 0.647789 -0.018031 0.093461 0.020165
 78 3.451874 0.000002 0.000015 0.014953 0.008589 -0.019838
 79 2.898209 0.000002 -0.000008 0.000684 -0.029445 -0.000917
 80 8.894409 -1.605844 0.371918 0.000566 0.090541 -0.000704
 81 3.130432 0.000002 -0.000023 -0.003896 -0.009289 0.005063
 82 2.629532 0.000008 0.000031 -0.004892 -0.032059 0.006589
 83 8.470596 -3.459517 0.131401 0.018786 0.137518 -0.020073
 84 2.410294 0.000000 -0.000008 -0.024238 -0.029075 0.031299
 85 2.000763 0.000004 0.000031 0.005415 -0.025697 -0.007402
 86 9.832336 1.463066 -1.299423 0.016523 -0.031798 -0.020624
 87 25.040588 -5.670407 5.432789 -1.312160 -0.224887 -2.136065
 88 28.779709 -6.856313 -0.811428 -1.466235 0.019064 -1.725377
 89 29.182297 -3.955568 -4.961964 0.881870 2.552753 0.503940
 90 25.040558 5.670407 5.432751 1.296833 -0.398765 2.185823
 91 28.779724 6.856311 -0.811405 1.466235 0.019065 1.725381
 92 29.182281 3.955564 -4.961945 -0.881870 2.552752 -0.503940
 93 -65.335632 -0.000020 1.140919 -3.141591 0.044911 0.000000
 94 26.290909 -12.205291 1.157887 -2.072709 -0.009012 0.080156
 95 49.071030 0.000006 0.000006 2.096791 0.300709 -0.477250
 96 61.871300 -0.000023 -0.000031 3.055881 0.319052 0.068341
 97 26.290924 12.205294 1.157843 2.043532 0.135856 -0.174586
 98 49.071045 0.000006 -0.000038 -1.662882 0.454482 1.339776
 99 61.871258 0.000016 -0.000046 -2.942316 0.659097 0.108318
100 -0.698059 -11.192118 -8.252760 1.221333 -0.417965 -0.702317
101 20.568245 -0.000004 -0.000008 -0.094153 0.009930 0.107085
102 0.223770 -5.734811 -12.929602 2.932699 0.505744 -0.404804
103 20.803566 -0.000015 -0.000031 0.013814 0.114887 0.299226
104 -1.040024 -3.033968 12.140512 1.553071 0.105701 -1.306125
105 -1.039993 3.034005 12.140501 -1.553072 0.105703 1.306125
106 4.165451 -5.407045 12.088394 1.055319 -1.021976 -0.722611
107 16.599442 0.000004 -0.000015 0.078400 -0.296110 0.293529
108 4.165466 5.407081 12.088385 -1.075077 -1.029072 0.743939
109 16.599377 0.000011 -0.000031 -0.087181 -0.337232 -0.306935
110 6.428375 0.000001 -0.288942 -0.000001 -0.017301 0.000000
111 -1.833771 -13.936464 1.224504 1.563782 -0.001542 -0.443800
112 20.406929 -0.000002 -0.000015 0.011892 -0.037692 0.041930
113 21.655495 -0.000006 -0.000015 0.017940 0.026296 0.058262
114 22.360672 -0.000007 -0.000023 0.010636 -0.295598 0.052801
115 22.519661 -0.000004 -0.000008 -0.008187 -0.012201 -0.014290
116 22.140392 -0.000008 -0.000031 -0.039180 0.030519 -0.001890
117 -1.699219 -12.875612 4.918512 1.131072 -0.205811 -0.404233
118 20.938599 0.000011 0.000000 0.045431 -0.055228 0.022890
119 21.993622 -0.000010 -0.000053 0.028900 0.004962 0.044112
120 22.563789 -0.000019 0.000000 0.008177 -0.346563 0.062575
121 22.643341 0.000000 -0.000023 -0.021422 -0.038576 0.010163
122 22.238049 -0.000002 -0.000031 -0.070124 -0.012746 0.030834
123 -1.634354 -9.854568 8.052349 0.726811 -0.359185 -0.298349
124 22.205276 0.000004 -0.000015 0.050288 -0.064434 0.009767
125 22.804382 -0.000002 -0.000038 0.028007 -0.013495 0.031722
126 23.051655 0.000001 0.000000 0.009381 -0.397655 0.045788
127 22.939972 0.000009 -0.000038 -0.018514 -0.071941 0.012566
128 22.472050 0.000008 -0.000015 -0.059622 -0.064411 0.038574
129 -1.616150 -5.333254 10.147442 0.347170 -0.433540 -0.140825
130 23.451309 0.000000 -0.000015 0.029341 -0.069666 0.006086
131 23.608017 -0.000005 -0.000031 0.012707 -0.122817 0.049129
132 23.536228 -0.000003 -0.000031 0.030112 -0.257705 -0.036924
133 23.233963 0.000003 0.000008 0.000923 0.000170 -0.039689
134 22.703671 0.000010 -0.000008 -0.020812 -0.104783 0.011487
135 -1.614548 -0.000000 10.883352 -0.008527 -0.474416 0.008366
136 23.962120 0.000001 -0.000031 -0.003963 -0.072429 0.008015
137 23.938950 -0.000003 0.000008 -0.003717 -0.031775 0.009135
138 23.736031 -0.000003 -0.000015 0.025077 -0.458755 -0.038346
139 23.354963 0.000005 -0.000023 0.022596 -0.117852 -0.029051
140 22.798923 -0.000010 -0.000015 0.026920 -0.124119 -0.030836
141 -1.616150 5.333251 10.147427 -0.366151 -0.445051 0.167715
142 23.451294 -0.000008 0.000000 -0.037398 -0.072846 0.007952
143 23.608017 -0.000001 -0.000038 -0.022963 -0.030245 -0.001976
144 23.536240 0.000001 -0.000023 0.031693 -0.460284 -0.085791
145 23.233969 -0.000018 -0.000023 0.043792 -0.120827 -0.058662
146 22.703659 0.000011 -0.000008 0.066557 -0.120686 -0.075791
147 -1.634338 9.854566 8.052345 -0.740499 -0.354995 0.311314
148 22.205254 -0.000002 0.000008 -0.059212 -0.070573 0.003193
149 22.804436 0.000004 -0.000076 -0.036434 -0.021749 -0.015957
150 23.051636 -0.000007 -0.000008 0.033063 -0.441806 -0.133274
151 22.939968 -0.000010 -0.000008 0.051442 -0.111719 -0.083649
152 22.472059 -0.000008 -0.000015 0.096392 -0.094983 -0.126618
153 -1.699219 12.875607 4.918528 -1.144060 -0.200246 0.415047
154 20.938591 0.000019 -0.000008 -0.055560 -0.064026 -0.012760
155 21.993591 -0.000002 -0.000069 -0.038879 -0.006399 -0.032224
156 22.563797 0.000004 -0.000008 0.024179 -0.406599 -0.166518
157 22.643349 0.000002 -0.000031 0.039182 -0.096471 -0.100152
158 22.238041 -0.000008 -0.000015 0.096328 -0.059243 -0.147308
159 -1.833786 13.936459 1.224506 -1.576601 0.004192 0.452736
160 20.406960 0.000010 -0.000038 -0.023595 -0.047981 -0.036082
161 21.655502 0.000011 -0.000008 -0.029857 0.014145 -0.051380
162 22.360657 0.000010 -0.000023 0.038149 -0.427109 -0.195544
163 22.519665 0.000002 -0.000015 0.047028 -0.133156 -0.129210
164 22.140373 -0.000002 0.000000 0.096099 -0.059866 -0.158488
165 -1.972580 12.875608 -3.614555 -1.846403 0.122374 0.414708
166 20.655167 0.000010 -0.000015 -0.008278 -0.034414 -0.043197
167 21.762245 0.000010 -0.000023 -0.029806 0.025526 -0.047212
168 22.392159 0.000013 -0.000015 -0.014651 -0.335396 -0.171624
169 22.541336 0.000013 -0.000015 -0.033100 -0.073972 -0.110100
170 22.217491 0.000004 -0.000008 -0.012534 -0.012872 -0.121708
171 -1.967316 9.854567 -7.722433 -2.175971 0.218186 0.312124
172 21.272705 0.000004 0.000000 0.006315 -0.016363 -0.043185
173 22.032509 0.000023 -0.000046 -0.026010 0.031728 -0.039529
174 22.475662 0.000004 -0.000008 -0.030060 -0.306806 -0.157077
175 22.598707 0.000006 -0.000008 -0.057794 -0.065670 -0.106193
176 22.407970 0.000015 -0.000031 -0.037409 -0.016612 -0.082398
177 -1.900848 5.333254 -10.470079 -2.611282 0.280654 0.167299
178 21.914337 0.000009 -0.000015 0.009811 0.007124 -0.030438
179 22.319839 -0.000007 0.000000 -0.018856 0.038253 -0.027719
180 22.569633 0.000001 -0.000011 -0.031371 -0.273056 -0.131886
181 22.663208 0.000029 -0.000023 -0.056003 -0.053262 -0.102235
182 22.604515 0.000021 -0.000038 -0.036784 -0.016475 -0.080250
183 -1.865585 -0.000003 -11.435440 3.133660 0.301570 0.002499
184 22.186661 -0.000004 0.000000 -0.008459 0.018484 -0.003296
185 22.443726 -0.000002 -0.000008 -0.008261 0.047748 -0.004054
186 22.611534 -0.000005 -0.000008 -0.009190 -0.242981 -0.091872
187 22.692017 0.000006 0.000000 -0.017509 -0.036192 -0.093400
188 22.687651 0.000010 -0.000015 -0.011133 -0.006569 -0.096551
189 -1.900848 -5.333257 -10.470070 2.597939 0.278370 -0.162805
190 21.914345 0.000006 -0.000008 -0.023647 0.012320 0.027053
191 22.319824 -0.000024 0.000008 0.002518 0.044761 0.021039
192 22.569633 0.000002 -0.000031 0.017266 -0.235842 -0.040885
193 22.663231 -0.000023 0.000000 0.019014 -0.014331 -0.081175
194 22.604517 0.000006 -0.000015 0.023287 0.013015 -0.084110
195 -1.967300 -9.854567 -7.722441 2.162744 0.214026 -0.306648
196 21.272713 -0.000021 0.000000 -0.019804 -0.007549 0.043074
197 22.032478 0.000002 -0.000031 0.010944 0.041612 0.037902
198 22.475693 -0.000013 -0.000031 0.024508 -0.248615 0.001614
199 22.598709 -0.000004 -0.000023 0.026973 -0.003173 -0.060000
200 22.407986 -0.000017 -0.000015 0.034223 0.034833 -0.068778
201 -1.972580 -12.875612 -3.614561 1.833563 0.116894 -0.407650
202 20.655159 0.000008 -0.000015 -0.004583 -0.024475 0.045869
203 21.762268 -0.000011 0.000000 0.016328 0.037249 0.050508
204 22.392159 -0.000011 -0.000031 0.019690 -0.269287 0.031799
205 22.541342 -0.000011 -0.000031 0.013446 -0.003466 -0.036894
206 22.217499 0.000000 -0.000015 0.007763 0.042610 -0.035795
207 0.059621 0.456168 0.250107 0.000000 -0.000000 0.000000
208 0.059621 0.456168 0.250107 0.000000 -0.000000 0.000000
time 3
  0 0.059621 0.456168 0.250107 0.000000 -0.000000 0.000000
  1 0.059621 0.456168 0.250107 0.000000 -0.000000 0.000000
  2 0.059621 0.456168 0.250107 0.000000 -0.000000 0.000000
  3 0.059621 0.456168 0.250107 0.000000 -0.000000 0.000000
  4 0.059621 0.456168 0.250107 0.000000 -0.000000 0.000000
  5 0.059621 0.456168 0.250107 0.000000 -0.000000 0.000000
  6 0.059621 0.456168 0.250107 0.000000 -0.000000 0.000000
  7 0.059621 0.456168 0.250107 0.000000 -0.000000 0.000000
  8 0.059621 0.456168 0.250107 0.000000 -0.000000 0.000000
  9 0.059621 0.456168 0.250107 0.000000 -0.000000 0.000000
 10 120.558746 39.731293 154.010239 -1.244172 -0.091262 1.663335
 11 24.668247 0.000031 -0.000038 0.964359 0.078198 -0.185346
 12 30.380142 0.000000 0.000000 1.659942 0.209758 0.332774
 13 19.902069 -0.000031 -0.000015 0.044140 -0.296320 -0.097291
 14 -88.350739 -21.637981 107.458252 -1.157068 -2.967478 -1.119814
 15 35.349514 0.000011 0.000015 -1.434030 -0.045377 0.441009
 16 37.124336 -0.000015 0.000000 -2.246541 -0.012033 0.381946
 17 0.059621 0.456168 0.250107 0.064768 -0.005215 -0.156772
 18 0.059621 -21.868710 98.277725 0.046749 1.680218 -1.523972
 19 -65.799561 -0.000020 1.142855 0.349392 -0.142669 -3.128065
 20 11.181564 0.005758 -0.002411 -0.000000 0.254797 0.000515
 21 27.835175 -0.000003 0.000008 2.790587 -0.043964 -0.068384
 22 5.330383 -0.000000 0.000000 -3.070919 -0.014572 0.003512
 23 10.134888 -4.133394 3.834194 -0.681865 -1.173930 -2.497280
 24 10.134888 4.133398 3.834198 0.681899 -1.173919 2.497249
 25 22.592361 0.000008 17.467106 -0.000010 2.956431 0.000000
 26 21.199982 -7.744010 14.169510 -0.644457 -0.154503 -3.025319
 27 18.142014 -13.440231 7.965767 1.228366 -0.180197 3.082644
 28 21.199966 7.744022 14.169491 0.644460 -0.154503 3.025318
 29 18.141998 13.440237 7.965771 -0.316157 -0.180196 -3.082644
 30 11.858856 -13.360001 3.526505 1.542249 3.132957 0.174415
 31 9.463257 -16.404871 -2.906048 1.542282 3.132901 0.176490
 32 9.125244 -10.885479 -11.371328 0.000496 2.962373 0.000256
 33 11.858856 13.360004 3.526466 -1.542248 3.132957 -0.174414
 34 9.463242 16.404863 -2.906025 -1.542281 3.132900 -0.176490
 35 9.125259 10.885469 -11.371304 -0.000492 2.962373 0.000256
 36 9.023209 -0.000005 -17.296171 0.000180 -0.167048 -3.141356
 37 12.691406 -0.000006 -19.438763 0.072608 2.095859 0.084658
 38 10.989410 0.000002 -0.000015 -0.000555 -0.536253 0.000020
 39 12.871460 -10.586845 -15.652470 1.058918 2.503251 0.813309
 40 10.727005 0.000004 -0.000046 -0.202389 -0.521669 0.328443
 41 12.871429 10.586840 -15.652471 -0.932141 2.398277 -0.667387
 42 10.726982 -0.000017 0.000000 0.218482 -0.517288 -0.337631
 43 12.847214 -17.570087 -4.701342 1.298184 2.681385 1.001476
 44 11.496498 0.000000 -0.000015 -0.220746 -0.450599 0.356522
 45 12.847183 17.570086 -4.701359 -1.210217 2.564123 -0.884119
 46 11.496460 0.000000 -0.000015 0.251221 -0.444160 -0.370890
 47 28.485947 0.000009 16.460346 -0.009552 0.372167 -0.033451
 48 23.052765 -6.207913 -0.077290 -1.470206 0.035100 -1.833545
 49 9.436909 -0.000004 -0.000031 -0.000147 0.488900 0.401350
 50 31.269341 -0.000002 -0.000015 0.006305 -0.205084 -0.005467
 51 28.756504 -0.000002 -0.000015 0.040518 -0.354831 -0.045180
 52 2.251991 -2.464411 -1.141647 0.472079 0.477459 -0.336439
 53 3.674038 -0.000015 0.000015 -0.276259 0.145656 0.202931
 54 3.614693 0.000015 0.000000 0.013263 0.159564 -0.003188
 55 9.035507 -2.494949 0.484573 -0.001215 0.268112 0.000901
 56 2.943577 0.000002 0.000000 0.010819 0.259328 -0.008804
 57 2.649429 0.000000 0.000000 -0.005871 0.268905 0.008184
 58 9.093620 -0.386675 0.647705 0.019953 0.441061 -0.014098
 59 3.451878 -0.000002 0.000000 -0.013419 0.494440 0.009223
 60 2.898186 -0.000002 0.000031 0.000205 0.456523 0.000866
 61 8.894581 1.605852 0.371918 -0.000411 0.513515 -0.000054
 62 3.130398 0.000002 0.000031 0.004420 0.532823 -0.005546
 63 2.629532 0.000000 -0.000031 0.005633 0.510049 -0.006552
 64 8.470619 3.459522 0.131485 -0.021112 0.507137 0.011463
 65 2.410267 0.000000 -0.000061 0.022981 0.495614 -0.014471
 66 2.000793 0.000002 0.000000 -0.004491 0.499281 0.007674
 67 23.052765 6.207909 -0.077312 1.481823 0.058643 2.080206
 68 9.436897 0.000023 0.000000 0.073217 -0.547441 0.555878
 69 31.269341 0.000000 -0.000015 -0.271795 -1.028760 0.800038
 70 28.756516 -0.000002 -0.000004 -0.012991 -0.146007 0.036879
 71 2.251923 2.464411 -1.141575 -0.513217 0.249535 0.112914
 72 3.674072 0.000008 -0.000023 0.331388 -0.059506 -0.325011
 73 3.614685 0.000008 0.000023 0.067360 -0.216133 -0.086857
 74 9.035431 2.494951 0.484421 0.001362 -0.011534 -0.001673
 75 2.943588 0.000002 -0.000038 -0.011498 -0.020268 0.014556
 76 2.649445 -0.000002 0.000027 0.006498 -0.010740 -0.008512
 77 9.093704 0.386671 0.647770 -0.018031 0.093461 0.020165
 78 3.451859 0.000006 0.000000 0.014953 0.008589 -0.019838
 79 2.898209 0.000002 0.000000 0.000684 -0.029445 -0.000917
 80 8.894440 -1.605846 0.371910 0.000566 0.090541 -0.000704
 81 3.130432 0.000000 -0.000046 -0.003896 -0.009289 0.005063
 82 2.629532 -0.000002 0.000015 -0.004892 -0.032059 0.006589
 83 8.470627 -3.459522 0.131390 0.018786 0.137518 -0.020073
 84 2.410278 -0.000002 -0.000008 -0.024238 -0.029075 0.031299
 85 2.000763 0.000004 0.000023 0.005415 -0.025697 -0.007402
 86 9.832352 1.463064 -1.299442 0.016522 -0.031798 -0.020624
 87 25.040604 -5.670407 5.432789 -1.312160 -0.224887 -2.136065
 88 28.779709 -6.856314 -0.811428 -1.466235 0.019064 -1.725377
 89 29.182312 -3.955569 -4.961967 0.881869 2.552753 0.503940
 90 25.040573 5.670404 5.432751 1.296833 -0.398765 2.185823
 91 28.779739 6.856308 -0.811409 1.466235 0.019065 1.725381
 92 29.182297 3.955561 -4.961945 -0.881870 2.552752 -0.503941
 93 -65.335663 -0.000020 1.140917 -3.141591 0.044911 0.000000
 94 26.290894 -12.205290 1.157885 -2.073952 -0.000695 0.094979
 95 49.071022 0.000008 0.000004 2.090981 0.308662 -0.493068
 96 61.871296 -0.000019 -0.000019 3.056387 0.335826 0.066514
 97 26.290909 12.205296 1.157845 2.042576 0.143808 -0.189777
 98 49.071068 -0.000001 -0.000036 -1.654913 0.454731 1.357437
 99 61.871258 0.000021 -0.000031 -2.939954 0.675568 0.113810
100 -0.698074 -11.192117 -8.252768 1.221502 -0.386383 -0.703038
101 20.568245 -0.000002 0.000000 -0.093280 -0.007072 0.107906
102 0.223770 -5.734810 -12.929609 2.935822 0.527032 -0.398369
103 20.803581 -0.000015 -0.000023 0.013760 0.097945 0.298264
104 -1.040024 -3.033968 12.140514 1.551647 0.106784 -1.323230
105 -1.040009 3.034005 12.140503 -1.551648 0.106786 1.323230
106 4.165421 -5.407045 12.088394 1.080453 -1.012549 -0.752264
107 16.599438 0.000000 -0.000015 0.079465 -0.313029 0.291423
108 4.165466 5.407081 12.088387 -1.102127 -1.036123 0.774613
109 16.599373 0.000008 0.000000 -0.088396 -0.354133 -0.304643
110 6.428375 0.000001 -0.288944 -0.000001 -0.034347 0.000000
111 -1.833755 -13.936463 1.224503 1.563782 -0.001542 -0.460425
112 20.406967 -0.000006 -0.000031 0.011896 -0.054402 0.041662
113 21.655487 -0.000004 -0.000015 0.016486 0.085259 0.021760
114 22.360680 -0.000008 -0.000031 0.009292 -0.277553 0.061624
115 22.519661 -0.000006 -0.000023 -0.008434 -0.058998 0.025200
116 22.140385 -0.000008 -0.000015 -0.039063 0.013486 -0.001391
117 -1.699203 -12.875613 4.918510 1.134301 -0.212726 -0.419638
118 20.938614 0.000010 0.000000 0.045420 -0.071872 0.022082
119 21.993622 -0.000008 -0.000053 0.027943 0.077067 0.011337
120 22.563797 -0.000019 -0.000008 0.006915 -0.334476 0.068872
121 22.643353 0.000005 -0.000031 -0.023077 -0.099234 0.047454
122 22.238060 0.000001 -0.000023 -0.069906 -0.029756 0.031482
123 -1.634354 -9.854567 8.052349 0.731118 -0.371457 -0.310254
124 22.205284 0.000002 -0.000023 0.050282 -0.081042 0.008895
125 22.804382 0.000002 -0.000038 0.027529 0.068739 0.007869
126 23.051659 0.000004 0.000008 0.008166 -0.391114 0.050217
127 22.939978 0.000012 -0.000031 -0.020978 -0.144244 0.040581
128 22.472065 0.000013 -0.000023 -0.059534 -0.081414 0.039106
129 -1.616135 -5.333255 10.147444 0.347144 -0.402388 -0.141005
130 23.451309 0.000000 -0.000023 0.029340 -0.086271 0.005576
131 23.608009 -0.000004 -0.000031 0.011624 -0.127215 0.060982
132 23.536232 0.000001 -0.000031 0.027183 -0.283410 -0.025017
133 23.233963 0.000005 0.000023 0.001196 -0.005047 -0.044369
134 22.703674 0.000010 -0.000008 -0.020900 -0.121786 0.011833
135 -1.614517 -0.000000 10.883352 -0.008527 -0.490949 0.008366
136 23.962112 0.000001 -0.000023 -0.003963 -0.089037 0.008015
137 23.938965 -0.000003 0.000015 -0.003747 0.057853 0.010429
138 23.736031 -0.000004 -0.000015 0.025571 -0.457422 -0.039629
139 23.354977 0.000005 -0.000023 0.022765 -0.199904 -0.030844
140 22.798925 -0.000009 -0.000008 0.026920 -0.141124 -0.030836
141 -1.616135 5.333251 10.147425 -0.369123 -0.460460 0.174409
142 23.451309 -0.000007 -0.000008 -0.037399 -0.089446 0.008578
143 23.608017 -0.000004 -0.000031 -0.022967 0.057379 0.011416
144 23.536247 -0.000001 -0.000015 0.033309 -0.458005 -0.090153
145 23.233971 -0.000018 -0.000023 0.045933 -0.200394 -0.075771
146 22.703663 0.000008 0.000000 0.066280 -0.137690 -0.075717
147 -1.634338 9.854566 8.052347 -0.744820 -0.367111 0.323381
148 22.205269 0.000001 0.000000 -0.059211 -0.087171 0.004198
149 22.804443 0.000002 -0.000069 -0.036300 0.059893 0.009182
150 23.051636 -0.000007 0.000000 0.035245 -0.436195 -0.139965
151 22.939976 -0.000008 0.000000 0.055219 -0.183824 -0.114633
152 22.472076 -0.000006 -0.000015 0.096179 -0.111993 -0.126420
153 -1.699219 12.875608 4.918526 -1.147220 -0.206964 0.430525
154 20.938599 0.000019 0.000008 -0.055554 -0.080660 -0.011794
155 21.993584 -0.000006 -0.000061 -0.038300 0.064904 0.001483
156 22.563805 0.000006 -0.000008 0.026253 -0.395535 -0.174063
157 22.643349 0.000004 -0.000031 0.043252 -0.156490 -0.140235
158 22.238024 -0.000013 -0.000015 0.096267 -0.076258 -0.146727
159 -1.833786 13.936459 1.224506 -1.576601 0.004192 0.469359
160 20.406952 0.000006 -0.000046 -0.023579 -0.064684 -0.035634
161 21.655510 0.000013 -0.000015 -0.028835 0.072171 -0.013917
162 22.360649 0.000006 -0.000031 0.040559 -0.410732 -0.203874
163 22.519665 0.000002 -0.000015 0.052317 -0.179922 -0.169897
164 22.140369 -0.000010 -0.000008 0.096069 -0.076883 -0.157494
165 -1.972580 12.875608 -3.614555 -1.844328 0.126988 0.430861
166 20.655182 0.000013 -0.000023 -0.008278 -0.051162 -0.043197
167 21.762253 0.000008 -0.000015 -0.028427 0.075598 -0.012842
168 22.392159 0.000016 -0.000015 -0.013902 -0.314723 -0.176967
169 22.541344 0.000011 -0.000031 -0.030482 -0.110195 -0.149769
170 22.217491 0.000006 -0.000008 -0.011541 -0.029739 -0.119492
171 -1.967300 9.854568 -7.722435 -2.172714 0.227844 0.326245
172 21.272736 0.000008 0.000000 0.006315 -0.033214 -0.043185
173 22.032516 0.000032 -0.000046 -0.024683 0.074736 -0.012089
174 22.475662 0.000008 -0.000008 -0.030070 -0.285165 -0.159530
175 22.598713 0.000011 -0.000008 -0.056009 -0.093008 -0.138799
176 22.407974 0.000015 -0.000023 -0.036200 -0.033459 -0.080148
177 -1.900833 5.333253 -10.470078 -2.608647 0.295253 0.176183
178 21.914337 0.000012 -0.000015 0.009811 -0.009923 -0.030438
179 22.319832 -0.000004 0.000000 -0.017887 0.074495 -0.011204
180 22.569626 0.000003 0.000000 -0.031533 -0.251440 -0.132649
181 22.663216 0.000029 -0.000023 -0.055226 -0.072503 -0.121708
182 22.604523 0.000025 -0.000031 -0.035692 -0.033344 -0.078096
183 -1.865585 -0.000003 -11.435442 3.133660 0.318490 0.002499
184 22.186676 -0.000004 -0.000008 -0.008459 0.001438 -0.003296
185 22.443726 -0.000002 -0.000004 -0.008438 0.079792 -0.003665
186 22.611542 -0.000004 -0.000011 -0.009648 -0.220317 -0.090281
187 22.692028 0.000008 0.000000 -0.017494 -0.051607 -0.093457
188 22.687654 0.000011 -0.000008 -0.010560 -0.023516 -0.094831
189 -1.900848 -5.333258 -10.470072 2.595259 0.292853 -0.171888
190 21.914360 0.000005 -0.000008 -0.023620 -0.004723 0.027385
191 22.319832 -0.000026 0.000000 0.001410 0.081352 0.004344
192 22.569626 0.000004 -0.000027 0.017129 -0.214082 -0.037842
193 22.663246 -0.000023 0.000000 0.019069 -0.034704 -0.061284
194 22.604521 0.000001 -0.000015 0.023102 -0.004005 -0.083190
195 -1.967285 -9.854567 -7.722445 2.159516 0.223496 -0.320884
196 21.272705 -0.000021 0.000000 -0.019785 -0.024414 0.043325
197 22.032471 -0.000004 -0.000031 0.009323 0.085337 0.010467
198 22.475693 -0.000013 -0.000031 0.024362 -0.226794 0.005863
199 22.598701 -0.000005 -0.000023 0.027282 -0.032288 -0.027842
200 22.407990 -0.000020 -0.000023 0.033777 0.017797 -0.068412
201 -1.972580 -12.875613 -3.614563 1.831572 0.121296 -0.423850
202 20.655182 0.000002 -0.000023 -0.004583 -0.041226 0.045869
203 21.762276 -0.000011 -0.000008 0.014569 0.088156 0.016644
204 22.392174 -0.000010 -0.000038 0.019075 -0.248173 0.038436
205 22.541344 -0.000012 -0.000031 0.013692 -0.041416 0.001123
206 22.217497 -0.000006 -0.000008 0.007482 0.025568 -0.035537
207 0.059621 0.456168 0.250107 0.000000 -0.000000 0.000000
208 0.059621 0.456168 0.250107 0.000000 -0.000000 0.000000
time 4
  0 0.059621 0.456168 0.250107 0.000000 -0.000000 0.000000
  1 0.059621 0.456168 0.250107 0.000000 -0.000000 0.000000
  2 0.059621 0.456168 0.250107 0.000000 -0.000000 0.000000
  3 0.059621 0.456168 0.250107 0.000000 -0.000000 0.000000
  4 0.059621 0.456168 0.250107 0.000000 -0.000000 0.000000
  5 0.059621 0.456168 0.250107 0.000000 -0.000000 0.000000
  6 0.059621 0.456168 0.250107 0.000000 -0.000000 0.000000
  7 0.059621 0.456168 0.250107 0.000000 -0.000000 0.000000
  8 0.059621 0.456168 0.250107 0.000000 -0.000000 0.000000
  9 0.059621 0.456168 0.250107 0.000000 -0.000000 0.000000
 10 120.558746 39.731293 154.010239 -1.245836 -0.097210 1.678749
 11 24.668247 0.000015 -0.000031 0.964450 0.096105 -0.183268
 12 30.380142 0.000000 -0.000008 1.655805 0.221733 0.314373
 13 19.902081 -0.000015 -0.000015 0.042219 -0.314681 -0.098668
 14 -88.350739 -21.637981 107.458252 -1.154143 -2.974974 -1.137058
 15 35.349514 -0.000004 0.000015 -1.433971 -0.020511 0.439940
 16 37.124329 0.000000 -0.000008 -2.246428 -0.002391 0.396210
 17 0.059621 0.456168 0.250107 0.064768 -0.005215 -0.156772
 18 0.059621 -21.868710 98.277725 0.054393 1.661973 -1.516295
 19 -65.799545 -0.000020 1.142855 0.538323 -0.220094 -3.120471
 20 11.181580 0.005757 -0.002420 -0.000000 0.254797 0.000515
 21 27.835159 -0.000004 0.000006 2.600785 0.002503 -0.105363
 22 5.330383 0.000001 0.000000 -3.070919 -0.014572 0.003512
 23 10.134872 -4.133393 3.834198 -0.681865 -1.173930 -2.497280
 24 10.134888 4.133397 3.834198 0.681899 -1.173919 2.497249
 25 22.592346 0.000008 17.467110 -0.000010 2.956431 0.000000
 26 21.199982 -7.744010 14.169510 -0.644457 -0.154503 -3.025319
 27 18.142014 -13.440228 7.965771 1.228366 -0.180197 3.082644
 28 21.199966 7.744020 14.169495 0.644460 -0.154503 3.025318
 29 18.141983 13.440237 7.965771 -0.316157 -0.180196 -3.082644
 30 11.858856 -13.360000 3.526508 1.542249 3.132957 0.174415
 31 9.463272 -16.404869 -2.906050 1.542282 3.132901 0.176490
 32 9.125244 -10.885478 -11.371325 0.000496 2.962373 0.000256
 33 11.858841 13.360004 3.526474 -1.542248 3.132957 -0.174414
 34 9.463242 16.404865 -2.906021 -1.542281 3.132900 -0.176490
 35 9.125259 10.885469 -11.371304 -0.000492 2.962373 0.000256
 36 9.023239 -0.000007 -17.296175 0.000180 -0.167048 -3.141356
 37 12.691422 -0.000007 -19.438765 0.275201 2.058041 0.315700
 38 10.989418 0.000002 -0.000015 -0.000855 -0.554824 0.000031
 39 12.871475 -10.586844 -15.652471 1.097558 2.480448 0.877943
 40 10.727005 0.000006 -0.000046 -0.204238 -0.540002 0.331892
 41 12.871460 10.586836 -15.652470 -0.857613 2.242191 -0.570609
 42 10.726982 -0.000019 0.000000 0.220010 -0.535547 -0.341531
 43 12.847214 -17.570087 -4.701344 1.305836 2.642442 1.018426
 44 11.496506 0.000006 -0.000015 -0.220746 -0.450599 0.356522
 45 12.847198 17.570078 -4.701357 -1.194478 2.395923 -0.866349
 46 11.496468 0.000000 0.000000 0.251221 -0.444160 -0.370890
 47 28.485947 0.000008 16.460350 -0.009493 0.354682 -0.033063
 48 23.052765 -6.207916 -0.077295 -1.470206 0.035100 -1.833545
 49 9.436909 -0.000006 -0.000031 -0.000147 0.488900 0.401350
 50 31.269333 -0.000004 -0.000031 0.006617 -0.223647 -0.006020
 51 28.756504 -0.000004 -0.000015 0.041030 -0.373364 -0.046478
 52 2.251991 -2.464411 -1.141647 0.467091 0.460838 -0.345691
 53 3.674038 -0.000015 0.000015 -0.275528 0.127613 0.207375
 54 3.614697 0.000004 0.000015 0.013320 0.141012 -0.004070
 55 9.035507 -2.494949 0.484558 -0.001135 0.249545 0.000484
 56 2.943579 0.000000 0.000000 0.010945 0.240764 -0.009348
 57 2.649433 0.000002 0.000015 -0.005531 0.250337 0.008007
 58 9.093628 -0.386675 0.647690 0.019825 0.422504 -0.014904
 59 3.451893 0.000002 0.000000 -0.012992 0.475872 0.009229
 60 2.898170 -0.000002 0.000046 0.000686 0.437957 0.000838
 61 8.894585 1.605850 0.371902 -0.000328 0.494948 -0.000464
 62 3.130402 0.000004 0.000046 0.004703 0.514256 -0.005807
 63 2.629532 -0.000002 -0.000046 0.006033 0.491481 -0.006531
 64 8.470627 3.459526 0.131500 -0.020786 0.488567 0.011467
 65 2.410267 -0.000004 -0.000046 0.023070 0.477054 -0.015093
 66 2.000801 0.000004 0.000015 -0.003991 0.480714 0.007821
 67 23.052765 6.207907 -0.077312 1.481823 0.058643 2.080206
 68 9.436897 0.000021 0.000000 -0.042130 -0.676255 0.852957
 69 31.269341 0.000000 0.000000 -0.200697 -1.164863 0.918085
 70 28.756531 -0.000011 -0.000023 -0.133539 -0.163130 0.086738
 71 2.251892 2.464405 -1.141556 -0.513217 0.249535 0.112914
 72 3.674072 0.000008 -0.000015 0.331388 -0.059506 -0.325011
 73 3.614670 0.000006 0.000015 0.067360 -0.216133 -0.086857
 74 9.035416 2.494946 0.484421 0.001362 -0.011534 -0.001673
 75 2.943558 0.000002 -0.000031 -0.011497 -0.020268 0.014556
 76 2.649429 -0.000008 0.000023 0.006498 -0.010740 -0.008512
 77 9.093704 0.386669 0.647774 -0.018031 0.093461 0.020165
 78 3.451859 0.000004 0.000000 0.014953 0.008589 -0.019838
 79 2.898193 0.000000 -0.000011 0.000683 -0.029445 -0.000917
 80 8.894424 -1.605846 0.371910 0.000566 0.090541 -0.000704
 81 3.130432 0.000004 -0.000038 -0.003896 -0.009289 0.005063
 82 2.629517 0.000000 0.000023 -0.004892 -0.032059 0.006589
 83 8.470612 -3.459522 0.131386 0.018786 0.137518 -0.020073
 84 2.410263 0.000000 -0.000011 -0.024238 -0.029075 0.031299
 85 2.000748 -0.000004 0.000011 0.005415 -0.025697 -0.007402
 86 9.832352 1.463058 -1.299438 0.016523 -0.031798 -0.020624
 87 25.040604 -5.670414 5.432783 -1.312160 -0.224887 -2.136065
 88 28.779694 -6.856316 -0.811430 -1.466235 0.019064 -1.725377
 89 29.182312 -3.955574 -4.961969 0.881870 2.552753 0.503940
 90 25.040573 5.670403 5.432749 1.296833 -0.398765 2.185823
 91 28.779724 6.856310 -0.811415 1.466235 0.019065 1.725381
 92 29.182281 3.955561 -4.961950 -0.881870 2.552752 -0.503941
 93 -65.335648 -0.000020 1.140920 -3.141591 0.044911 0.000000
 94 26.290909 -12.205289 1.157885 -2.075307 0.008368 0.111130
 95 49.071037 0.000008 0.000001 2.084651 0.317326 -0.510304
 96 61.871307 -0.000022 -0.000034 3.056897 0.353384 0.064589
 97 26.290924 12.205296 1.157845 2.041534 0.152472 -0.206328
 98 49.071053 0.000004 -0.000040 -1.649353 0.454892 1.370261
 99 61.871250 0.000021 -0.000038 -2.937381 0.693512 0.119794
100 -0.698059 -11.192117 -8.252764 1.221694 -0.358047 -0.703696
101 20.568237 -0.000002 -0.000008 -0.092427 -0.025597 0.108801
102 0.223785 -5.734809 -12.929604 2.938425 0.544671 -0.393267
103 20.803574 -0.000011 -0.000031 0.013701 0.079841 0.297654
104 -1.040009 -3.033968 12.140512 1.550096 0.107963 -1.341868
105 -1.040009 3.034004 12.140505 -1.550097 0.107966 1.341867
106 4.165451 -5.407044 12.088394 1.103905 -1.002552 -0.780050
107 16.599442 0.000000 0.000000 0.080625 -0.331463 0.289363
108 4.165466 5.407081 12.088383 -1.131600 -1.043805 0.808035
109 16.599373 0.000011 -0.000015 -0.089719 -0.372547 -0.302398
110 6.428391 0.000001 -0.288944 -0.000001 -0.052920 -0.000000
111 -1.833771 -13.936463 1.224504 1.563782 -0.001542 -0.476472
112 20.406952 -0.000004 -0.000015 0.011900 -0.070972 0.041370
113 21.655495 -0.000006 0.000000 0.013608 0.130590 -0.010819
114 22.360672 -0.000005 -0.000015 0.011427 -0.243005 0.058316
115 22.519657 -0.000007 -0.000008 -0.009907 -0.092483 0.062522
116 22.140388 -0.000004 -0.000015 -0.038970 -0.005053 -0.000922
117 -1.699203 -12.875611 4.918510 1.137521 -0.218835 -0.434506
118 20.938591 0.000010 0.000000 0.045413 -0.088128 0.021201
119 21.993607 -0.000008 -0.000053 0.025385 0.133440 -0.016936
120 22.563782 -0.000018 0.000000 0.009476 -0.301013 0.063901
121 22.643349 0.000000 -0.000031 -0.026318 -0.147317 0.082367
122 22.238052 0.000001 -0.000023 -0.069704 -0.048181 0.032114
123 -1.634354 -9.854568 8.052347 0.735372 -0.382763 -0.321771
124 22.205292 0.000000 -0.000015 0.050278 -0.097093 0.007945
125 22.804382 -0.000006 -0.000046 0.025809 0.133748 -0.012821
126 23.051659 -0.000001 0.000000 0.010284 -0.359273 0.046235
127 22.939972 0.000005 -0.000038 -0.024933 -0.205100 0.067235
128 22.472054 0.000004 -0.000023 -0.059460 -0.099774 0.039631
129 -1.616150 -5.333254 10.147438 0.347478 -0.374626 -0.141753
130 23.451309 -0.000002 -0.000031 0.029339 -0.102234 0.005021
131 23.608017 -0.000008 -0.000031 0.011131 -0.121257 0.067865
132 23.536236 -0.000005 -0.000038 0.023051 -0.309580 -0.010500
133 23.233963 -0.000003 0.000015 0.001415 -0.020036 -0.044832
134 22.703674 0.000003 -0.000015 -0.020996 -0.140115 0.012180
135 -1.614548 -0.000000 10.883350 -0.008527 -0.506442 0.008366
136 23.962128 0.000001 -0.000031 -0.003963 -0.104976 0.008015
137 23.938950 -0.000003 0.000008 -0.003625 0.129213 0.011507
138 23.736015 -0.000003 -0.000015 0.025459 -0.427889 -0.039711
139 23.354969 0.000005 -0.000023 0.023113 -0.271917 -0.032985
140 22.798927 -0.000010 -0.000015 0.026920 -0.159448 -0.030836
141 -1.616135 5.333251 10.147423 -0.372072 -0.474842 0.180901
142 23.451294 -0.000006 0.000000 -0.037399 -0.105398 0.009261
143 23.608009 -0.000001 -0.000038 -0.022066 0.126837 0.023013
144 23.536240 0.000001 -0.000015 0.031980 -0.428625 -0.088070
145 23.233967 -0.000017 -0.000023 0.049490 -0.269632 -0.092987
146 22.703669 0.000010 0.000000 0.066067 -0.156023 -0.075637
147 -1.634354 9.854566 8.052343 -0.749108 -0.378265 0.335054
148 22.205254 0.000003 0.000000 -0.059211 -0.103203 0.005293
149 22.804436 0.000006 -0.000069 -0.034606 0.124027 0.030798
150 23.051628 -0.000007 0.000000 0.032921 -0.406160 -0.136025
151 22.939960 -0.000009 -0.000008 0.061132 -0.244672 -0.145108
152 22.472057 -0.000010 -0.000023 0.096050 -0.130361 -0.126206
153 -1.699234 12.875609 4.918526 -1.150392 -0.212876 0.445459
154 20.938599 0.000021 0.000000 -0.055551 -0.096890 -0.010741
155 21.993591 -0.000002 -0.000053 -0.036016 0.120174 0.030283
156 22.563797 0.000003 -0.000008 0.023244 -0.364219 -0.168637
157 22.643345 0.000006 -0.000031 0.049003 -0.204168 -0.178563
158 22.238020 -0.000010 -0.000008 0.096230 -0.094686 -0.146094
159 -1.833771 13.936459 1.224503 -1.576601 0.004192 0.485389
160 20.406952 0.000006 -0.000031 -0.023568 -0.081229 -0.035145
161 21.655510 0.000011 -0.000008 -0.026341 0.116253 0.019162
162 22.360649 0.000006 -0.000023 0.037440 -0.379038 -0.198715
163 22.519661 0.000004 -0.000008 0.058742 -0.213973 -0.209048
164 22.140371 -0.000008 0.000008 0.096048 -0.095424 -0.156411
165 -1.972580 12.875609 -3.614555 -1.842381 0.132014 0.446517
166 20.655167 0.000010 -0.000015 -0.008278 -0.067942 -0.043197
167 21.762253 0.000010 -0.000015 -0.026106 0.113302 0.016252
168 22.392151 0.000013 -0.000023 -0.016840 -0.281616 -0.170621
169 22.541332 0.000011 -0.000031 -0.027284 -0.133212 -0.185724
170 22.217487 -0.000002 0.000000 -0.010460 -0.048117 -0.117077
171 -1.967316 9.854567 -7.722435 -2.169563 0.238367 0.340068
172 21.272713 0.000006 0.000000 0.006315 -0.050615 -0.043185
173 22.032516 0.000027 -0.000046 -0.022789 0.108171 0.010007
174 22.475662 0.000007 -0.000015 -0.032640 -0.253485 -0.152932
175 22.598709 0.000008 -0.000008 -0.054021 -0.108534 -0.166998
176 22.407967 0.000015 -0.000023 -0.034882 -0.051814 -0.077697
177 -1.900848 5.333253 -10.470079 -2.606060 0.310746 0.184956
178 21.914322 0.000010 -0.000023 0.009811 -0.028495 -0.030438
179 22.319832 -0.000005 -0.000008 -0.016709 0.104439 0.001888
180 22.569626 0.000003 -0.000004 -0.033041 -0.221867 -0.128171
181 22.663216 0.000021 -0.000015 -0.054410 -0.081721 -0.138130
182 22.604519 0.000015 -0.000031 -0.034501 -0.051723 -0.075748
183 -1.865585 -0.000002 -11.435444 3.133660 0.336306 0.002499
184 22.186668 -0.000004 -0.000008 -0.008459 -0.017135 -0.003296
185 22.443710 -0.000002 -0.000008 -0.008672 0.106564 -0.003442
186 22.611534 -0.000005 -0.000008 -0.009927 -0.191057 -0.088753
187 22.692020 0.000007 0.000000 -0.017556 -0.057421 -0.092978
188 22.687651 0.000011 -0.000015 -0.009937 -0.041981 -0.092985
189 -1.900848 -5.333257 -10.470070 2.592591 0.308229 -0.180870
190 21.914322 0.000007 -0.000008 -0.023600 -0.023291 0.027596
191 22.319824 -0.000025 0.000000 0.000288 0.111690 -0.008884
192 22.569626 0.000002 -0.000023 0.018216 -0.183920 -0.040274
193 22.663242 -0.000022 0.000008 0.018976 -0.045013 -0.043900
194 22.604519 0.000003 -0.000008 0.022901 -0.022549 -0.082270
195 -1.967300 -9.854567 -7.722443 2.156364 0.233814 -0.334830
196 21.272713 -0.000017 -0.000008 -0.019763 -0.041904 0.043490
197 22.032463 0.000000 -0.000031 0.007188 0.119681 -0.011722
198 22.475685 -0.000010 -0.000031 0.026290 -0.194078 0.001193
199 22.598709 0.000000 -0.000015 0.027128 -0.049516 0.000254
200 22.407988 -0.000013 -0.000023 0.033292 -0.000765 -0.068074
201 -1.972565 -12.875612 -3.614563 1.829682 0.126092 -0.439563
202 20.655174 0.000006 -0.000023 -0.004583 -0.058026 0.045869
203 21.762276 -0.000011 -0.000015 0.011860 0.126911 -0.012326
204 22.392159 -0.000010 -0.000031 0.021309 -0.213579 0.033955
205 22.541340 -0.000007 -0.000023 0.013083 -0.066071 0.035639
206 22.217503 -0.000001 -0.000023 0.007175 0.007001 -0.035316
207 0.059621 0.456168 0.250107 0.000000 -0.000000 0.000000
208 0.059621 0.456168 0.250107 0.000000 -0.000000 0.000000
time 5
  0 0.059621 0.456168 0.250107 0.000000 -0.000000 0.000000
  1 0.059621 0.456168 0.250107 0.000000 -0.000000 0.000000
  2 0.059621 0.456168 0.250107 0.000000 -0.000000 0.000000
  3 0.059621 0.456168 0.250107 0.000000 -0.000000 0.000000
  4 0.059621 0.456168 0.250107 0.000000 -0.000000 0.000000
  5 0.059621 0.456168 0.250107 0.000000 -0.000000 0.000000
  6 0.059621 0.456168 0.250107 0.000000 -0.000000 0.000000
  7 0.059621 0.456168 0.250107 0.000000 -0.000000 0.000000
  8 0.059621 0.456168 0.250107 0.000000 -0.000000 0.000000
  9 0.059621 0.456168 0.250107 0.000000 -0.000000 0.000000
 10 120.558746 39.731293 154.010239 -1.247364 -0.102669 1.691957
 11 24.668243 0.000000 -0.000046 0.964564 0.107206 -0.181221
 12 30.380127 -0.000031 -0.000008 1.651120 0.235877 0.294466
 13 19.902077 -0.000015 0.000000 0.040512 -0.331533 -0.099931
 14 -88.350739 -21.637981 107.458252 -1.151458 -2.981854 -1.152884
 15 35.349510 0.000008 0.000015 -1.433866 -0.002814 0.439154
 16 37.124329 -0.000008 -0.000015 -2.246360 0.006041 0.408908
 17 0.059621 0.456168 0.250107 0.064768 -0.005215 -0.156772
 18 0.059621 -21.868710 98.277725 0.061007 1.645359 -1.509650
 19 -65.799553 -0.000020 1.142855 0.711725 -0.291155 -3.113502
 20 11.181580 0.005758 -0.002413 -0.000000 0.254797 0.000515
 21 27.835159 -0.000011 0.000010 2.426582 0.045151 -0.139302
 22 5.330399 0.000004 -0.000002 -3.070919 -0.014572 0.003512
 23 10.134903 -4.133394 3.834192 -0.681864 -1.173930 -2.497280
 24 10.134903 4.133396 3.834200 0.681900 -1.173920 2.497249
 25 22.592377 0.000003 17.467108 -0.000010 2.956431 0.000000
 26 21.200012 -7.744013 14.169516 -0.644457 -0.154503 -3.025319
 27 18.142029 -13.440228 7.965769 1.228366 -0.180197 3.082644
 28 21.199966 7.744019 14.169497 0.644460 -0.154503 3.025318
 29 18.142014 13.440233 7.965773 -0.316157 -0.180196 -3.082644
 30 11.858887 -13.360001 3.526506 1.542249 3.132957 0.174415
 31 9.463287 -16.404865 -2.906050 1.542282 3.132901 0.176490
 32 9.125259 -10.885477 -11.371328 0.000496 2.962373 0.000256
 33 11.858871 13.360003 3.526472 -1.542248 3.132957 -0.174414
 34 9.463257 16.404860 -2.906023 -1.542281 3.132900 -0.176490
 35 9.125290 10.885468 -11.371305 -0.000492 2.962373 0.000256
 36 9.023239 -0.000007 -17.296177 0.000180 -0.167048 -3.141356
 37 12.691437 -0.000010 -19.438766 0.420533 2.042201 0.478826
 38 10.989410 0.000000 0.000000 -0.001130 -0.571868 0.000041
 39 12.871490 -10.586845 -15.652473 1.115212 2.462106 0.906206
 40 10.726997 0.000006 -0.000031 -0.205935 -0.556828 0.335058
 41 12.871475 10.586834 -15.652472 -0.785239 2.112864 -0.488555
 42 10.726982 -0.000019 0.000000 0.221412 -0.552306 -0.345111
 43 12.847244 -17.570087 -4.701345 1.303984 2.611925 1.013802
 44 11.496498 0.000011 -0.000015 -0.220746 -0.450599 0.356522
 45 12.847198 17.570076 -4.701359 -1.201872 2.238464 -0.886685
 46 11.496460 0.000000 -0.000015 0.251221 -0.444160 -0.370890
 47 28.485977 0.000002 16.460352 -0.009443 0.339085 -0.032727
 48 23.052750 -6.207924 -0.077291 -1.470206 0.035100 -1.833545
 49 9.436904 -0.000008 -0.000015 -0.000147 0.488900 0.401350
 50 31.269325 -0.000002 0.000000 0.006904 -0.240686 -0.006528
 51 28.756496 0.000005 -0.000015 0.041500 -0.390374 -0.047670
 52 2.251984 -2.464413 -1.141647 0.462512 0.445583 -0.354183
 53 3.674034 -0.000015 0.000031 -0.274857 0.111053 0.211453
 54 3.614693 0.000008 0.000000 0.013373 0.123986 -0.004879
 55 9.035500 -2.494949 0.484558 -0.001063 0.232504 0.000102
 56 2.943581 0.000002 -0.000015 0.011061 0.223726 -0.009846
 57 2.649429 -0.000002 0.000015 -0.005220 0.233295 0.007844
 58 9.093620 -0.386672 0.647720 0.019707 0.405473 -0.015644
 59 3.451881 0.000002 0.000000 -0.012600 0.458831 0.009234
 60 2.898186 0.000000 0.000015 0.001127 0.420917 0.000813
 61 8.894577 1.605846 0.371887 -0.000251 0.477907 -0.000841
 62 3.130402 0.000000 0.000061 0.004963 0.497215 -0.006047
 63 2.629532 0.000000 -0.000031 0.006400 0.474438 -0.006512
 64 8.470612 3.459526 0.131485 -0.020486 0.471523 0.011470
 65 2.410263 -0.000003 -0.000046 0.023152 0.460019 -0.015663
 66 2.000786 0.000004 0.000015 -0.003532 0.463673 0.007956
 67 23.052734 6.207899 -0.077312 1.481823 0.058644 2.080206
 68 9.436897 0.000023 -0.000015 -0.132829 -0.508230 1.098849
 69 31.269341 0.000000 -0.000015 -0.329861 -0.929065 0.825888
 70 28.756531 -0.000004 -0.000004 -0.244178 -0.178845 0.132345
 71 2.251892 2.464409 -1.141571 -0.513217 0.249535 0.112914
 72 3.674103 0.000000 -0.000023 0.331388 -0.059506 -0.325011
 73 3.614670 0.000008 0.000031 0.067360 -0.216133 -0.086857
 74 9.035431 2.494946 0.484425 0.001362 -0.011534 -0.001673
 75 2.943558 0.000004 -0.000034 -0.011498 -0.020268 0.014556
 76 2.649445 0.000008 0.000027 0.006498 -0.010740 -0.008512
 77 9.093689 0.386673 0.647785 -0.018031 0.093461 0.020165
 78 3.451874 -0.000004 0.000000 0.014953 0.008589 -0.019838
 79 2.898209 -0.000008 -0.000008 0.000684 -0.029445 -0.000917
 80 8.894409 -1.605850 0.371906 0.000566 0.090541 -0.000704
 81 3.130417 0.000000 -0.000038 -0.003896 -0.009289 0.005063
 82 2.629517 0.000000 0.000023 -0.004892 -0.032059 0.006589
 83 8.470612 -3.459515 0.131401 0.018786 0.137518 -0.020073
 84 2.410294 0.000000 -0.000015 -0.024238 -0.029075 0.031299
 85 2.000748 0.000004 0.000015 0.005415 -0.025697 -0.007402
 86 9.832367 1.463066 -1.299435 0.016522 -0.031798 -0.020624
 87 25.040588 -5.670416 5.432789 -1.312160 -0.224887 -2.136065
 88 28.779678 -6.856325 -0.811428 -1.466235 0.019064 -1.725377
 89 29.182312 -3.955582 -4.961967 0.881870 2.552753 0.503940
 90 25.040558 5.670397 5.432745 1.296833 -0.398765 2.185823
 91 28.779709 6.856302 -0.811409 1.466235 0.019064 1.725381
 92 29.182266 3.955551 -4.961946 -0.881870 2.552752 -0.503940
 93 -65.335670 -0.000020 1.140918 -3.141591 0.044911 0.000000
 94 26.290894 -12.205291 1.157885 -2.076550 0.016686 0.125954
 95 49.071030 0.000005 -0.000002 2.078841 0.325278 -0.526123
 96 61.871300 -0.000026 -0.000031 3.057344 0.369134 0.062856
 97 26.290924 12.205295 1.157845 2.040578 0.160423 -0.221518
 98 49.071060 0.000002 -0.000040 -1.645835 0.454984 1.378771
 99 61.871262 0.000017 -0.000031 -2.935019 0.709983 0.125285
100 -0.698059 -11.192117 -8.252762 1.221936 -0.338033 -0.704210
101 20.568237 -0.000002 -0.000015 -0.091694 -0.042599 0.109622
102 0.223785 -5.734810 -12.929602 2.940100 0.556303 -0.390202
103 20.803566 -0.000008 -0.000015 0.013647 0.063405 0.297317
104 -1.040009 -3.033968 12.140512 1.548671 0.109047 -1.358973
105 -1.039993 3.034004 12.140502 -1.548672 0.109049 1.358973
106 4.165436 -5.407045 12.088393 1.121213 -0.994380 -0.800623
107 16.599442 0.000000 -0.000046 0.081690 -0.348382 0.287593
108 4.165466 5.407081 12.088384 -1.158650 -1.050855 0.838709
109 16.599377 0.000011 -0.000031 -0.090933 -0.389448 -0.300466
110 6.428391 0.000001 -0.288942 -0.000001 -0.069966 -0.000000
111 -1.833786 -13.936462 1.224506 1.563782 -0.001542 -0.490151
112 20.406944 -0.000002 -0.000023 0.011904 -0.085349 0.041103
113 21.655487 -0.000006 -0.000008 0.010866 0.157717 -0.033795
114 22.360672 -0.000007 -0.000023 0.016043 -0.198354 0.043086
115 22.519661 -0.000009 -0.000015 -0.011333 -0.107199 0.091452
116 22.140388 -0.000006 -0.000023 -0.038901 -0.022058 -0.000528
117 -1.699219 -12.875612 4.918512 1.140324 -0.223718 -0.447179
118 20.938599 0.000013 -0.000008 0.045409 -0.102095 0.020393
119 21.993614 -0.000006 -0.000053 0.023000 0.167806 -0.036331
120 22.563789 -0.000010 -0.000008 0.014785 -0.252207 0.048313
121 22.643349 0.000004 -0.000038 -0.029459 -0.174592 0.109405
122 22.238049 -0.000003 -0.000023 -0.069538 -0.065038 0.032656
123 -1.634338 -9.854567 8.052347 0.739054 -0.392094 -0.331602
124 22.205276 0.000004 -0.000015 0.050276 -0.110787 0.007073
125 22.804382 -0.000003 -0.000038 0.023831 0.173879 -0.027150
126 23.051659 0.000002 0.000008 0.014911 -0.307639 0.034172
127 22.939983 0.000008 -0.000038 -0.028837 -0.244110 0.088321
128 22.472065 0.000011 -0.000023 -0.059403 -0.116539 0.040086
129 -1.616150 -5.333254 10.147442 0.348022 -0.355180 -0.142777
130 23.451294 0.000001 -0.000008 0.029339 -0.115805 0.004511
131 23.608002 -0.000004 -0.000023 0.011525 -0.103626 0.067315
132 23.536221 -0.000001 -0.000031 0.018251 -0.332275 0.005369
133 23.233967 0.000003 0.000023 0.001394 -0.044087 -0.037954
134 22.703659 0.000009 0.000000 -0.021084 -0.156839 0.012482
135 -1.614532 -0.000000 10.883352 -0.008527 -0.519383 0.008366
136 23.962128 0.000001 -0.000031 -0.003963 -0.118511 0.008015
137 23.938957 -0.000003 0.000015 -0.003498 0.173625 0.012192
138 23.736031 -0.000003 -0.000031 0.025005 -0.374959 -0.038555
139 23.354963 0.000005 -0.000023 0.023665 -0.321877 -0.035374
140 22.798914 -0.000010 -0.000015 0.026920 -0.176162 -0.030836
141 -1.616135 5.333251 10.147425 -0.374631 -0.486822 0.186454
142 23.451302 -0.000008 0.000000 -0.037400 -0.118956 0.009887
143 23.608025 -0.000002 -0.000046 -0.020947 0.169831 0.030995
144 23.536247 0.000001 -0.000015 0.028448 -0.376924 -0.080386
145 23.233978 -0.000020 -0.000023 0.053211 -0.316988 -0.108008
146 22.703680 0.000010 0.000000 0.065918 -0.172750 -0.075563
147 -1.634338 9.854565 8.052347 -0.752832 -0.387463 0.345019
148 22.205254 0.000000 0.000000 -0.059211 -0.116875 0.006299
149 22.804443 0.000002 -0.000076 -0.032717 0.163306 0.045581
150 23.051628 -0.000007 0.000000 0.027067 -0.356903 -0.122197
151 22.939972 -0.000007 -0.000015 0.066514 -0.284389 -0.170089
152 22.472059 -0.000008 -0.000015 0.095984 -0.147136 -0.126009
153 -1.699219 12.875608 4.918526 -1.153166 -0.217590 0.458186
154 20.938583 0.000015 0.000000 -0.055548 -0.110826 -0.009775
155 21.993599 -0.000004 -0.000069 -0.033715 0.153497 0.049818
156 22.563797 0.000002 -0.000015 0.016412 -0.318272 -0.151290
157 22.643364 0.000003 -0.000038 0.054188 -0.231964 -0.208952
158 22.238033 -0.000015 -0.000023 0.096210 -0.111545 -0.145513
159 -1.833786 13.936458 1.224506 -1.576601 0.004192 0.499045
160 20.406960 0.000006 -0.000038 -0.023562 -0.095573 -0.034696
161 21.655502 0.000013 -0.000023 -0.024022 0.142205 0.042251
162 22.360657 0.000010 -0.000031 0.029996 -0.337906 -0.180872
163 22.519669 0.000004 -0.000031 0.064226 -0.230185 -0.240396
164 22.140373 -0.000004 -0.000015 0.096036 -0.112442 -0.155416
165 -1.972580 12.875610 -3.614553 -1.840752 0.136628 0.459899
166 20.655167 0.000011 -0.000015 -0.008278 -0.082598 -0.043197
167 21.762238 0.000006 -0.000008 -0.024119 0.135306 0.035741
168 22.392159 0.000017 -0.000023 -0.022300 -0.242167 -0.153823
169 22.541332 0.000013 -0.000023 -0.024912 -0.140032 -0.212311
170 22.217487 0.000000 -0.000015 -0.009467 -0.064984 -0.114860
171 -1.967331 9.854568 -7.722433 -2.166872 0.248026 0.351961
172 21.272713 0.000004 0.000000 0.006315 -0.066098 -0.043185
173 22.032509 0.000030 -0.000046 -0.021157 0.128531 0.024035
174 22.475662 0.000005 -0.000008 -0.036774 -0.217420 -0.138705
175 22.598709 0.000008 -0.000008 -0.052803 -0.110270 -0.186708
176 22.407970 0.000015 -0.000015 -0.033672 -0.068661 -0.075447
177 -1.900848 5.333252 -10.470079 -2.603830 0.324756 0.192548
178 21.914330 0.000012 -0.000023 0.009811 -0.045541 -0.030438
179 22.319832 -0.000004 0.000000 -0.015835 0.124016 0.010030
180 22.569626 0.000004 -0.000004 -0.035330 -0.189340 -0.119406
181 22.663212 0.000027 -0.000015 -0.053935 -0.079643 -0.149178
182 22.604523 0.000019 -0.000031 -0.033409 -0.068591 -0.073593
183 -1.865585 -0.000002 -11.435438 3.133660 0.352343 0.002499
184 22.186684 -0.000003 -0.000004 -0.008459 -0.034181 -0.003296
185 22.443703 -0.000002 -0.000008 -0.008299 0.124320 -0.003379
186 22.611534 -0.000005 -0.000011 -0.010068 -0.160031 -0.087646
187 22.692017 0.000005 0.000008 -0.017399 -0.052886 -0.092091
188 22.687654 0.000010 -0.000015 -0.009364 -0.058928 -0.091304
189 -1.900848 -5.333257 -10.470072 2.590270 0.322135 -0.188649
190 21.914345 0.000006 -0.000008 -0.023586 -0.040333 0.027714
191 22.319839 -0.000029 0.000000 -0.000925 0.131618 -0.017139
192 22.569618 0.000004 -0.000027 0.019926 -0.150522 -0.047652
193 22.663235 -0.000020 0.000008 0.019024 -0.043617 -0.031583
194 22.604517 0.000001 -0.000008 0.022716 -0.039568 -0.081468
195 -1.967285 -9.854564 -7.722443 2.153657 0.243284 -0.346836
196 21.272720 -0.000023 -0.000015 -0.019744 -0.057509 0.043585
197 22.032471 -0.000002 -0.000031 0.005395 0.140885 -0.025901
198 22.475700 -0.000014 -0.000031 0.029426 -0.156408 -0.011445
199 22.598709 -0.000001 -0.000031 0.027117 -0.052287 0.020215
200 22.407978 -0.000021 -0.000023 0.032847 -0.017801 -0.067795
201 -1.972565 -12.875609 -3.614563 1.828090 0.130494 -0.453001
202 20.655182 0.000006 -0.000023 -0.004583 -0.072710 0.045869
203 21.762260 -0.000011 -0.000015 0.009486 0.149892 -0.031945
204 22.392166 -0.000009 -0.000023 0.025356 -0.171981 0.019055
205 22.541344 -0.000011 -0.000031 0.012620 -0.073715 0.061224
206 22.217499 -0.000004 -0.000015 0.006894 -0.010041 -0.035144
207 0.059621 0.456168 0.250107 0.000000 -0.000000 0.000000
208 0.059621 0.456168 0.250107 0.000000 -0.000000 0.000000
time 6
  0 0.059621 0.456168 0.250107 0.000000 -0.000000 0.000000
  1 0.059621 0.456168 0.250107 0.000000 -0.000000 0.000000
  2 0.059621 0.456168 0.250107 0.000000 -0.000000 0.000000
  3 0.059621 0.456168 0.250107 0.000000 -0.000000 0.000000
  4 0.059621 0.456168 0.250107 0.000000 -0.000000 0.000000
  5 0.059621 0.456168 0.250107 0.000000 -0.000000 0.000000
  6 0.059621 0.456168 0.250107 0.000000 -0.000000 0.000000
  7 0.059621 0.456168 0.250107 0.000000 -0.000000 0.000000
  8 0.059621 0.456168 0.250107 0.000000 -0.000000 0.000000
  9 0.059621 0.456168 0.250107 0.000000 -0.000000 0.000000
 10 120.558746 39.731293 154.010239 -1.248481 -0.106662 1.701184
 11 24.668243 0.000000 -0.000046 0.964695 0.110023 -0.179694
 12 30.380127 -0.000015 0.000008 1.646484 0.249986 0.275873
 13 19.902084 -0.000015 -0.000015 0.039290 -0.343858 -0.100855
 14 -88.350739 -21.637981 107.458252 -1.149494 -2.986885 -1.164459
 15 35.349510 0.000008 0.000008 -1.433732 0.004563 0.438558
 16 37.124344 0.000000 -0.000008 -2.246328 0.012015 0.418012
 17 0.059621 0.456168 0.250107 0.064768 -0.005215 -0.156772
 18 0.059621 -21.868710 98.277725 0.065653 1.633267 -1.504982
 19 -65.799538 -0.000020 1.142855 0.838541 -0.343125 -3.108405
 20 11.181564 0.005756 -0.002413 -0.000000 0.254797 0.000515
 21 27.835175 -0.000015 0.000008 2.299180 0.076342 -0.164123
 22 5.330399 0.000000 0.000002 -3.070919 -0.014572 0.003512
 23 10.134888 -4.133396 3.834198 -0.681864 -1.173930 -2.497280
 24 10.134888 4.133394 3.834194 0.681900 -1.173920 2.497249
 25 22.592361 -0.000002 17.467106 -0.000010 2.956431 0.000000
 26 21.199997 -7.744019 14.169514 -0.644457 -0.154503 -3.025319
 27 18.142029 -13.440235 7.965775 1.228366 -0.180197 3.082644
 28 21.199951 7.744013 14.169498 0.644460 -0.154503 3.025318
 29 18.141983 13.440231 7.965767 -0.316157 -0.180196 -3.082644
 30 11.858856 -13.360004 3.526512 1.542249 3.132957 0.174415
 31 9.463303 -16.404869 -2.906044 1.542282 3.132901 0.176490
 32 9.125259 -10.885475 -11.371326 0.000496 2.962373 0.000256
 33 11.858841 13.360003 3.526470 -1.542248 3.132957 -0.174414
 34 9.463242 16.404863 -2.906029 -1.542281 3.132900 -0.176490
 35 9.125259 10.885473 -11.371307 -0.000492 2.962373 0.000256
 36 9.023239 -0.000004 -17.296177 0.000180 -0.167048 -3.141356
 37 12.691422 -0.000004 -19.438770 0.471750 2.037542 0.535288
 38 10.989410 0.000004 0.000000 -0.001331 -0.584333 0.000048
 39 12.871475 -10.586842 -15.652472 1.114986 2.450039 0.904602
 40 10.727005 0.000008 -0.000046 -0.207176 -0.569134 0.337374
 41 12.871445 10.586840 -15.652476 -0.750633 2.049617 -0.453891
 42 10.726974 -0.000011 0.000015 0.222438 -0.564562 -0.347730
 43 12.847229 -17.570084 -4.701342 1.297906 2.593519 1.000206
 44 11.496498 0.000008 -0.000046 -0.220746 -0.450599 0.356522
 45 12.847183 17.570078 -4.701366 -1.228204 2.151529 -0.928326
 46 11.496468 0.000004 -0.000015 0.251221 -0.444160 -0.370890
 47 28.485947 -0.000004 16.460350 -0.009408 0.327885 -0.032491
 48 23.052780 -6.207920 -0.077293 -1.470206 0.035100 -1.833545
 49 9.436906 -0.000004 -0.000015 -0.000147 0.488900 0.401350
 50 31.269325 0.000001 -0.000015 0.007113 -0.253146 -0.006899
 51 28.756500 -0.000001 0.000000 0.041844 -0.402814 -0.048542
 52 2.251984 -2.464411 -1.141647 0.459164 0.434426 -0.360393
 53 3.674042 -0.000023 0.000015 -0.274367 0.098941 0.214436
 54 3.614693 0.000015 0.000015 0.013412 0.111534 -0.005471
 55 9.035507 -2.494950 0.484558 -0.001009 0.220041 -0.000178
 56 2.943577 0.000003 0.000000 0.011146 0.211266 -0.010211
 57 2.649429 -0.000001 0.000015 -0.004992 0.220832 0.007725
 58 9.093613 -0.386677 0.647705 0.019621 0.393016 -0.016185
 59 3.451889 0.000000 0.000015 -0.012313 0.446367 0.009238
 60 2.898182 -0.000004 0.000015 0.001450 0.408455 0.000795
 61 8.894577 1.605847 0.371887 -0.000195 0.465444 -0.001116
 62 3.130402 0.000001 0.000046 0.005153 0.484753 -0.006222
 63 2.629532 0.000001 -0.000031 0.006669 0.461974 -0.006498
 64 8.470612 3.459523 0.131485 -0.020268 0.459059 0.011473
 65 2.410263 -0.000003 -0.000046 0.023213 0.447560 -0.016081
 66 2.000801 0.000002 0.000000 -0.003197 0.451209 0.008054
 67 23.052765 6.207897 -0.077314 1.481823 0.058643 2.080206
 68 9.436882 0.000021 0.000000 -0.208126 -0.164348 1.312611
 69 31.269337 0.000000 0.000000 -0.573516 -0.449953 0.622957
 70 28.756516 -0.000015 0.000031 -0.325094 -0.190339 0.165630
 71 2.251877 2.464409 -1.141563 -0.513217 0.249535 0.112914
 72 3.674088 0.000000 -0.000015 0.331388 -0.059506 -0.325011
 73 3.614670 0.000008 0.000015 0.067360 -0.216133 -0.086857
 74 9.035431 2.494942 0.484444 0.001362 -0.011534 -0.001673
 75 2.943573 -0.000008 -0.000023 -0.011497 -0.020268 0.014556
 76 2.649445 0.000000 0.000008 0.006498 -0.010740 -0.008512
 77 9.093689 0.386665 0.647789 -0.018031 0.093461 0.020165
 78 3.451859 0.000008 0.000000 0.014953 0.008589 -0.019838
 79 2.898209 0.000000 -0.000008 0.000683 -0.029445 -0.000917
 80 8.894409 -1.605858 0.371933 0.000566 0.090541 -0.000704
 81 3.130432 0.000000 -0.000046 -0.003896 -0.009289 0.005063
 82 2.629532 -0.000008 0.000023 -0.004892 -0.032059 0.006589
 83 8.470612 -3.459526 0.131401 0.018786 0.137518 -0.020073
 84 2.410263 0.000000 -0.000008 -0.024238 -0.029075 0.031299
 85 2.000763 -0.000008 0.000031 0.005415 -0.025697 -0.007402
 86 9.832352 1.463066 -1.299416 0.016523 -0.031798 -0.020624
 87 25.040588 -5.670414 5.432787 -1.312160 -0.224887 -2.136065
 88 28.779709 -6.856327 -0.811432 -1.466235 0.019064 -1.725377
 89 29.182312 -3.955582 -4.961969 0.881869 2.552753 0.503940
 90 25.040573 5.670395 5.432747 1.296833 -0.398765 2.185823
 91 28.779724 6.856300 -0.811407 1.466235 0.019065 1.725381
 92 29.182281 3.955551 -4.961946 -0.881870 2.552752 -0.503941
 93 -65.335655 -0.000020 1.140917 -3.141591 0.044911 0.000000
 94 26.290924 -12.205291 1.157885 -2.077459 0.022769 0.136795
 95 49.071037 0.000006 -0.000003 2.074592 0.331094 -0.537692
 96 61.871307 -0.000026 -0.000031 3.057661 0.380484 0.061604
 97 26.290924 12.205296 1.157844 2.039879 0.166239 -0.232627
 98 49.071068 0.000004 -0.000048 -1.643993 0.455026 1.383493
 99 61.871262 0.000021 -0.000046 -2.933291 0.722028 0.129302
100 -0.698059 -11.192117 -8.252764 1.222198 -0.330531 -0.704527
101 20.568245 -0.000004 -0.000008 -0.091181 -0.055033 0.110223
102 0.223785 -5.734809 -12.929602 2.940571 0.560332 -0.389506
103 20.803574 -0.000019 -0.000015 0.013607 0.051468 0.297174
104 -1.040009 -3.033967 12.140514 1.547630 0.109838 -1.371483
105 -1.040009 3.034005 12.140505 -1.547631 0.109841 1.371483
106 4.165436 -5.407044 12.088395 1.128472 -0.990687 -0.809199
107 16.599442 -0.000002 -0.000031 0.082469 -0.360756 0.286353
108 4.165466 5.407081 12.088384 -1.178433 -1.056012 0.861143
109 16.599377 0.000008 -0.000015 -0.091821 -0.401808 -0.299112
110 6.428391 0.000001 -0.288942 -0.000001 -0.082432 -0.000000
111 -1.833771 -13.936463 1.224506 1.563782 -0.001542 -0.499670
112 20.406944 -0.000006 -0.000023 0.011907 -0.095480 0.040907
113 21.655495 -0.000008 -0.000023 0.010053 0.163387 -0.042470
114 22.360672 -0.000008 -0.000023 0.021615 -0.150803 0.017940
115 22.519657 -0.000008 -0.000023 -0.011551 -0.100992 0.106351
116 22.140388 -0.000009 -0.000031 -0.038858 -0.034490 -0.000257
117 -1.699203 -12.875613 4.918510 1.142303 -0.226955 -0.455998
118 20.938606 0.000015 0.000000 0.045407 -0.111869 0.019802
119 21.993607 -0.000006 -0.000053 0.022179 0.175589 -0.042997
120 22.563789 -0.000014 -0.000008 0.021131 -0.195859 0.024041
121 22.643356 0.000002 -0.000046 -0.030684 -0.176130 0.123142
122 22.238056 0.000000 -0.000038 -0.069424 -0.077341 0.033035
123 -1.634338 -9.854568 8.052349 0.741644 -0.398435 -0.338452
124 22.205292 0.000002 -0.000023 0.050275 -0.120324 0.006436
125 22.804382 0.000000 -0.000046 0.023223 0.183429 -0.032150
126 23.051666 0.000001 0.000000 0.020708 -0.244279 0.015636
127 22.939980 0.000008 -0.000038 -0.030668 -0.253627 0.099520
128 22.472061 0.000010 -0.000015 -0.059366 -0.128762 0.040406
129 -1.616150 -5.333253 10.147442 0.348143 -0.348024 -0.143594
130 23.451309 0.000000 -0.000015 0.029338 -0.125231 0.004139
131 23.608017 -0.000006 -0.000031 0.012731 -0.075585 0.058122
132 23.536221 -0.000004 -0.000023 0.013762 -0.347001 0.019697
133 23.233961 0.000002 0.000015 0.000858 -0.075339 -0.024369
134 22.703667 0.000007 -0.000015 -0.021148 -0.169024 0.012695
135 -1.614532 -0.000000 10.883352 -0.008527 -0.528258 0.008366
136 23.962143 0.000001 -0.000023 -0.003963 -0.127906 0.008015
137 23.938965 -0.000003 0.000008 -0.003409 0.184490 0.012348
138 23.736031 -0.000004 -0.000023 0.024181 -0.306587 -0.036614
139 23.354973 0.000005 -0.000031 0.024174 -0.339846 -0.037043
140 22.798925 -0.000009 -0.000015 0.026920 -0.188339 -0.030836
141 -1.616135 5.333251 10.147425 -0.376435 -0.495020 0.190327
142 23.451309 -0.000007 0.000000 -0.037401 -0.128371 0.010345
143 23.608017 -0.000003 -0.000038 -0.020638 0.180136 0.033664
144 23.536247 -0.000001 -0.000023 0.023990 -0.310736 -0.067953
145 23.233982 -0.000020 -0.000031 0.055506 -0.333528 -0.116377
146 22.703667 0.000009 0.000000 0.065829 -0.184939 -0.075509
147 -1.634338 9.854563 8.052345 -0.755457 -0.393710 0.351962
148 22.205261 0.000002 0.000000 -0.059210 -0.126394 0.007034
149 22.804443 0.000002 -0.000076 -0.032321 0.172347 0.050526
150 23.051636 -0.000009 -0.000008 0.019477 -0.295813 -0.100769
151 22.939976 -0.000008 -0.000015 0.069623 -0.295561 -0.184271
152 22.472075 0.000000 -0.000023 0.095959 -0.159366 -0.125865
153 -1.699219 12.875607 4.918528 -1.155130 -0.220707 0.467043
154 20.938606 0.000019 -0.000008 -0.055547 -0.120575 -0.009068
155 21.993591 -0.000004 -0.000061 -0.033213 0.160672 0.056311
156 22.563805 0.000004 -0.000015 0.007752 -0.264684 -0.124620
157 22.643360 0.000006 -0.000031 0.056904 -0.235136 -0.225338
158 22.238026 -0.000015 -0.000023 0.096202 -0.123849 -0.145088
159 -1.833786 13.936458 1.224508 -1.576601 0.004192 0.508546
160 20.406967 0.000010 -0.000053 -0.023559 -0.105676 -0.034367
161 21.655510 0.000013 -0.000015 -0.022975 0.147168 0.050750
162 22.360641 0.000008 -0.000023 0.020162 -0.293603 -0.153130
163 22.519661 0.000006 -0.000031 0.066604 -0.226683 -0.257187
164 22.140369 -0.000006 0.000000 0.096031 -0.124887 -0.154689
165 -1.972580 12.875607 -3.614553 -1.839635 0.140002 0.469232
166 20.655167 0.000010 -0.000015 -0.008278 -0.092974 -0.043197
167 21.762253 0.000011 -0.000015 -0.023336 0.139343 0.042182
168 22.392159 0.000014 -0.000031 -0.028883 -0.202529 -0.128803
169 22.541355 0.000013 -0.000031 -0.024860 -0.130472 -0.224744
170 22.217503 0.000008 -0.000015 -0.008741 -0.077320 -0.113239
171 -1.967316 9.854567 -7.722437 -2.164997 0.255089 0.360294
172 21.272713 0.000006 -0.000008 0.006315 -0.077198 -0.043185
173 22.032501 0.000028 -0.000046 -0.021058 0.133309 0.027933
174 22.475662 0.000004 -0.000008 -0.041601 -0.182605 -0.118792
175 22.598721 0.000013 0.000000 -0.052824 -0.098565 -0.194939
176 22.407972 0.000021 -0.000023 -0.032788 -0.080982 -0.073802
177 -1.900848 5.333252 -10.470079 -2.602265 0.334904 0.197889
178 21.914322 0.000010 -0.000031 0.009811 -0.058008 -0.030438
179 22.319855 -0.000002 0.000000 -0.015538 0.130142 0.012147
180 22.569626 0.000004 -0.000008 -0.037892 -0.159145 -0.107471
181 22.663208 0.000023 -0.000008 -0.054133 -0.066877 -0.153276
182 22.604523 0.000027 -0.000031 -0.032610 -0.080927 -0.072017
183 -1.865585 -0.000002 -11.435442 3.133660 0.363926 0.002499
184 22.186684 -0.000004 -0.000008 -0.008459 -0.046648 -0.003296
185 22.443718 -0.000002 -0.000015 -0.008524 0.130132 -0.003436
186 22.611549 -0.000004 -0.000008 -0.010098 -0.132319 -0.086935
187 22.692017 0.000006 0.000008 -0.017402 -0.039046 -0.090878
188 22.687662 0.000011 -0.000008 -0.008945 -0.071323 -0.090080
189 -1.900848 -5.333257 -10.470072 2.588631 0.332211 -0.194125
190 21.914352 0.000003 -0.000008 -0.023579 -0.052797 0.027764
191 22.319832 -0.000027 -0.000008 -0.001193 0.137947 -0.019300
192 22.569626 0.000005 -0.000023 0.022191 -0.119388 -0.058879
193 22.663239 -0.000016 0.000015 0.019506 -0.030967 -0.026042
194 22.604525 0.000003 -0.000008 0.022580 -0.052015 -0.080900
195 -1.967300 -9.854567 -7.722441 2.151762 0.250210 -0.355250
196 21.272720 -0.000021 -0.000015 -0.019729 -0.068715 0.043630
197 22.032463 -0.000002 -0.000023 0.004742 0.146181 -0.029931
198 22.475693 -0.000012 -0.000038 0.033051 -0.119883 -0.030344
199 22.598709 -0.000003 -0.000023 0.027703 -0.040669 0.029054
200 22.407986 -0.000018 -0.000031 0.032521 -0.030260 -0.067605
201 -1.972580 -12.875612 -3.614563 1.826992 0.133713 -0.462375
202 20.655182 0.000006 -0.000023 -0.004583 -0.083108 0.045869
203 21.762268 -0.000013 -0.000015 0.009069 0.154522 -0.038630
204 22.392166 -0.000010 -0.000031 0.029693 -0.130064 -0.004252
205 22.541355 -0.000010 -0.000031 0.013239 -0.063733 0.073441
206 22.217503 -0.000009 -0.000015 0.006688 -0.022504 -0.035031
207 0.059621 0.456168 0.250107 0.000000 -0.000000 0.000000
208 0.059621 0.456168 0.250107 0.000000 -0.000000 0.000000
time 7
  0 0.059621 0.456168 0.250107 0.000000 -0.000000 0.000000
  1 0.059621 0.456168 0.250107 0.000000 -0.000000 0.000000
  2 0.059621 0.456168 0.250107 0.000000 -0.000000 0.000000
  3 0.059621 0.456168 0.250107 0.000000 -0.000000 0.000000
  4 0.059621 0.456168 0.250107 0.000000 -0.000000 0.000000
  5 0.059621 0.456168 0.250107 0.000000 -0.000000 0.000000
  6 0.059621 0.456168 0.250107 0.000000 -0.000000 0.000000
  7 0.059621 0.456168 0.250107 0.000000 -0.000000 0.000000
  8 0.059621 0.456168 0.250107 0.000000 -0.000000 0.000000
  9 0.059621 0.456168 0.250107 0.000000 -0.000000 0.000000
 10 120.558746 39.731293 154.010239 -1.248914 -0.108210 1.704654
 11 24.668243 0.000000 -0.000046 0.964468 0.103370 -0.179095
 12 30.380142 -0.000015 0.000000 1.642515 0.261852 0.261240
 13 19.902081 -0.000015 -0.000015 0.038822 -0.348637 -0.101213
 14 -88.350739 -21.637981 107.458252 -1.148733 -2.988836 -1.168947
 15 35.349510 0.000008 0.000015 -1.433527 -0.000920 0.438113
 16 37.124336 0.000000 -0.000015 -2.246319 0.014284 0.421497
 17 0.059621 0.456168 0.250107 0.064768 -0.005215 -0.156772
 18 0.059621 -21.868710 98.277725 0.067411 1.628593 -1.503217
 19 -65.799568 -0.000020 1.142853 0.887715 -0.363277 -3.106428
 20 11.181580 0.005749 -0.002417 0.000000 0.254797 0.000515
 21 27.835175 -0.000011 0.000006 2.249779 0.088436 -0.173747
 22 5.330368 0.000004 0.000002 -3.070919 -0.014572 0.003512
 23 10.134872 -4.133404 3.834194 -0.681864 -1.173930 -2.497280
 24 10.134872 4.133392 3.834198 0.681900 -1.173920 2.497249
 25 22.592346 -0.000008 17.467098 -0.000010 2.956431 0.000000
 26 21.199982 -7.744019 14.169510 -0.644457 -0.154503 -3.025319
 27 18.142014 -13.440235 7.965763 1.228366 -0.180197 3.082644
 28 21.199951 7.744009 14.169487 0.644460 -0.154503 3.025318
 29 18.141983 13.440231 7.965767 -0.316157 -0.180196 -3.082644
 30 11.858871 -13.360004 3.526508 1.542249 3.132957 0.174415
 31 9.463287 -16.404873 -2.906048 1.542282 3.132901 0.176490
 32 9.125259 -10.885483 -11.371330 0.000496 2.962373 0.000256
 33 11.858841 13.359999 3.526466 -1.542248 3.132957 -0.174414
 34 9.463242 16.404861 -2.906033 -1.542281 3.132900 -0.176490
 35 9.125275 10.885468 -11.371309 -0.000492 2.962373 0.000256
 36 9.023224 -0.000011 -17.296181 0.000180 -0.167048 -3.141356
 37 12.691406 -0.000011 -19.438768 0.426854 2.036011 0.483425
 38 10.989410 0.000004 0.000000 -0.001410 -0.589166 0.000051
 39 12.871460 -10.586845 -15.652477 1.106025 2.450677 0.889150
 40 10.727013 0.000008 -0.000031 -0.207657 -0.573905 0.338271
 41 12.871445 10.586836 -15.652474 -0.792087 2.074394 -0.504045
 42 10.726967 -0.000023 0.000031 0.222836 -0.569314 -0.348745
 43 12.847214 -17.570091 -4.701347 1.294526 2.596556 0.992462
 44 11.496498 0.000004 -0.000015 -0.220746 -0.450599 0.356522
 45 12.847168 17.570074 -4.701363 -1.244808 2.180648 -0.953317
 46 11.496468 0.000008 -0.000015 0.251221 -0.444160 -0.370890
 47 28.485931 -0.000004 16.460342 -0.009395 0.323594 -0.032401
 48 23.052765 -6.207928 -0.077297 -1.470206 0.035100 -1.833545
 49 9.436905 -0.000006 -0.000015 -0.000147 0.488900 0.401350
 50 31.269325 0.000003 -0.000015 0.007194 -0.257978 -0.007043
 51 28.756498 0.000003 -0.000015 0.041977 -0.407638 -0.048880
 52 2.251984 -2.464410 -1.141647 0.457865 0.430100 -0.362802
 53 3.674046 -0.000015 0.000015 -0.274177 0.094245 0.215593
 54 3.614697 0.000015 0.000000 0.013427 0.106705 -0.005700
 55 9.035500 -2.494947 0.484558 -0.000988 0.215208 -0.000287
 56 2.943577 0.000000 0.000000 0.011179 0.206434 -0.010352
 57 2.649431 0.000002 0.000015 -0.004904 0.215999 0.007678
 58 9.093613 -0.386673 0.647690 0.019588 0.388186 -0.016395
 59 3.451887 0.000001 0.000000 -0.012202 0.441534 0.009240
 60 2.898178 0.000000 0.000015 0.001575 0.403622 0.000788
 61 8.894577 1.605851 0.371902 -0.000173 0.460611 -0.001223
 62 3.130405 -0.000003 0.000046 0.005227 0.479920 -0.006290
 63 2.629532 0.000002 -0.000031 0.006773 0.457141 -0.006493
 64 8.470619 3.459524 0.131500 -0.020183 0.454225 0.011474
 65 2.410269 -0.000001 -0.000046 0.023236 0.442729 -0.016242
 66 2.000793 0.000001 0.000000 -0.003067 0.446377 0.008093
 67 23.052765 6.207897 -0.077316 1.481823 0.058643 2.080206
 68 9.436897 0.000025 -0.000015 -0.239552 0.115099 1.403934
 69 31.269341 0.000008 -0.000015 -0.715909 -0.069953 0.419788
 70 28.756504 -0.000011 0.000000 -0.356470 -0.194795 0.178518
 71 2.251884 2.464401 -1.141563 -0.513217 0.249535 0.112914
 72 3.674091 0.000015 -0.000019 0.331388 -0.059506 -0.325011
 73 3.614677 0.000000 0.000023 0.067360 -0.216133 -0.086857
 74 9.035408 2.494942 0.484436 0.001362 -0.011534 -0.001673
 75 2.943565 -0.000008 -0.000031 -0.011498 -0.020268 0.014556
 76 2.649445 0.000000 0.000023 0.006498 -0.010740 -0.008512
 77 9.093681 0.386658 0.647797 -0.018031 0.093461 0.020165
 78 3.451866 0.000000 0.000000 0.014953 0.008589 -0.019838
 79 2.898209 -0.000008 -0.000015 0.000684 -0.029445 -0.000917
 80 8.894417 -1.605858 0.371918 0.000566 0.090541 -0.000704
 81 3.130432 0.000008 -0.000046 -0.003896 -0.009289 0.005063
 82 2.629517 -0.000008 0.000031 -0.004892 -0.032059 0.006589
 83 8.470604 -3.459526 0.131401 0.018786 0.137518 -0.020073
 84 2.410278 0.000008 -0.000015 -0.024238 -0.029075 0.031299
 85 2.000755 0.000015 0.000015 0.005415 -0.025697 -0.007402
 86 9.832344 1.463043 -1.299423 0.016523 -0.031798 -0.020624
 87 25.040604 -5.670422 5.432783 -1.312160 -0.224887 -2.136065
 88 28.779694 -6.856327 -0.811434 -1.466235 0.019064 -1.725377
 89 29.182312 -3.955582 -4.961971 0.881869 2.552753 0.503940
 90 25.040588 5.670387 5.432745 1.296833 -0.398765 2.185823
 91 28.779739 6.856300 -0.811413 1.466235 0.019065 1.725381
 92 29.182281 3.955547 -4.961950 -0.881870 2.552752 -0.503941
 93 -65.335655 -0.000020 1.140919 -3.141591 0.044911 0.000000
 94 26.290924 -12.205290 1.157880 -2.077812 0.025128 0.140998
 95 49.071037 0.000006 -0.000002 2.072945 0.333350 -0.542178
 96 61.871296 -0.000026 -0.000031 3.057782 0.384844 0.061122
 97 26.290924 12.205297 1.157841 2.039608 0.168494 -0.236935
 98 49.071037 0.000002 -0.000042 -1.643460 0.455035 1.384951
 99 61.871258 0.000017 -0.000046 -2.932621 0.726699 0.130859
100 -0.698059 -11.192118 -8.252769 1.222449 -0.338801 -0.704540
101 20.568230 -0.000004 -0.000008 -0.090987 -0.059855 0.110455
102 0.223785 -5.734810 -12.929604 2.939710 0.555330 -0.391325
103 20.803566 -0.000015 -0.000031 0.013592 0.046860 0.297144
104 -1.040009 -3.033968 12.140513 1.547226 0.110146 -1.376334
105 -1.039993 3.034005 12.140502 -1.547227 0.110149 1.376334
106 4.165436 -5.407045 12.088392 1.122492 -0.993541 -0.801910
107 16.599442 -0.000002 -0.000031 0.082771 -0.365554 0.285886
108 4.165482 5.407082 12.088383 -1.186104 -1.058012 0.869841
109 16.599377 0.000011 -0.000031 -0.092166 -0.406601 -0.298602
110 6.428391 0.000001 -0.288944 -0.000001 -0.087266 0.000000
111 -1.833786 -13.936465 1.224504 1.563782 -0.001542 -0.503242
112 20.406944 -0.000006 -0.000023 0.011908 -0.099313 0.040831
113 21.655487 -0.000008 -0.000015 0.011798 0.145091 -0.033146
114 22.360672 -0.000009 -0.000015 0.027048 -0.107204 -0.014231
115 22.519661 -0.000007 -0.000008 -0.009694 -0.074762 0.103095
116 22.140388 -0.000007 -0.000015 -0.038843 -0.039310 -0.000156
117 -1.699219 -12.875614 4.918510 1.143054 -0.228127 -0.459306
118 20.938599 0.000013 -0.000008 0.045406 -0.115550 0.019573
119 21.993614 -0.000010 -0.000046 0.023900 0.153346 -0.033923
120 22.563789 -0.000017 -0.000015 0.027308 -0.140088 -0.006189
121 22.643356 0.000001 -0.000031 -0.028766 -0.150546 0.119420
122 22.238045 0.000000 -0.000031 -0.069382 -0.082105 0.033178
123 -1.634354 -9.854568 8.052345 0.742622 -0.400774 -0.341023
124 22.205299 0.000002 -0.000023 0.050275 -0.123903 0.006188
125 22.804390 -0.000006 -0.000031 0.024599 0.158175 -0.025484
126 23.051659 -0.000001 0.000000 0.026195 -0.178319 -0.007328
127 22.939987 0.000002 -0.000031 -0.029246 -0.229806 0.096978
128 22.472057 0.000011 -0.000015 -0.059353 -0.133491 0.040526
129 -1.616165 -5.333254 10.147440 0.348274 -0.356164 -0.143698
130 23.451317 -0.000002 -0.000015 0.029338 -0.128762 0.003994
131 23.608017 -0.000004 -0.000023 0.014203 -0.040428 0.040648
132 23.536232 -0.000003 -0.000038 0.010845 -0.349402 0.029268
133 23.233963 0.000002 0.000015 -0.000401 -0.110378 -0.006755
134 22.703674 0.000008 0.000000 -0.021173 -0.173738 0.012777
135 -1.614548 -0.000000 10.883354 -0.008527 -0.531552 0.008366
136 23.962135 0.000001 -0.000031 -0.003963 -0.131423 0.008015
137 23.938957 -0.000003 0.000008 -0.003236 0.156979 0.011922
138 23.736027 -0.000004 -0.000023 0.023683 -0.232463 -0.034325
139 23.354980 0.000005 -0.000031 0.023902 -0.319259 -0.037240
140 22.798927 -0.000010 -0.000023 0.026920 -0.193049 -0.030836
141 -1.616135 5.333251 10.147423 -0.377118 -0.498059 0.191783
142 23.451317 -0.000006 -0.000008 -0.037401 -0.131898 0.010523
143 23.608017 -0.000002 -0.000038 -0.021438 0.153218 0.029746
144 23.536247 0.000002 -0.000015 0.019626 -0.239266 -0.052896
145 23.233978 -0.000018 -0.000031 0.054896 -0.312939 -0.116298
146 22.703663 0.000009 0.000000 0.065800 -0.189653 -0.075488
147 -1.634369 9.854566 8.052347 -0.756451 -0.396014 0.354568
148 22.205254 0.000002 0.000008 -0.059210 -0.129965 0.007319
149 22.804443 0.000002 -0.000069 -0.033671 0.147235 0.043346
150 23.051636 -0.000005 -0.000015 0.011926 -0.231387 -0.074460
151 22.939972 -0.000005 -0.000015 0.068361 -0.274092 -0.182888
152 22.472065 0.000000 -0.000031 0.095956 -0.164098 -0.125809
153 -1.699219 12.875608 4.918524 -1.155876 -0.221835 0.470364
154 20.938599 0.000019 0.000000 -0.055547 -0.124246 -0.008794
155 21.993584 -0.000006 -0.000069 -0.034569 0.138612 0.046865
156 22.563797 0.000002 -0.000008 -0.000803 -0.210903 -0.091688
157 22.643360 0.000002 -0.000031 0.055156 -0.212141 -0.222596
158 22.238029 -0.000015 -0.000023 0.096201 -0.128613 -0.144923
159 -1.833786 13.936458 1.224503 -1.576601 0.004192 0.512109
160 20.406952 0.000010 -0.000038 -0.023558 -0.109498 -0.034240
161 21.655510 0.000015 -0.000008 -0.024457 0.129010 0.041071
162 22.360649 0.000010 -0.000023 0.009558 -0.252456 -0.118393
163 22.519665 0.000008 -0.000015 0.064947 -0.203129 -0.255600
164 22.140373 -0.000006 -0.000008 0.096029 -0.129713 -0.154408
165 -1.972595 12.875609 -3.614553 -1.839220 0.141310 0.472737
166 20.655159 0.000013 -0.000015 -0.008278 -0.096912 -0.043197
167 21.762245 0.000011 -0.000015 -0.024680 0.123685 0.032889
168 22.392151 0.000016 -0.000023 -0.035558 -0.168221 -0.098259
169 22.541340 0.000015 -0.000031 -0.025994 -0.106002 -0.220199
170 22.217487 -0.000004 -0.000015 -0.008460 -0.082103 -0.112610
171 -1.967316 9.854568 -7.722439 -2.164293 0.257828 0.363434
172 21.272728 0.000010 0.000000 0.006315 -0.081446 -0.043185
173 22.032509 0.000029 -0.000046 -0.021801 0.120539 0.020117
174 22.475670 0.000011 -0.000008 -0.046348 -0.154376 -0.094899
175 22.598709 0.000013 -0.000015 -0.054184 -0.075379 -0.189939
176 22.407974 0.000023 -0.000031 -0.032444 -0.085760 -0.073164
177 -1.900848 5.333253 -10.470079 -2.601675 0.338815 0.199907
178 21.914322 0.000010 -0.000023 0.009811 -0.062842 -0.030438
179 22.319839 -0.000005 0.000000 -0.016233 0.120347 0.007443
180 22.569618 0.000002 -0.000008 -0.040463 -0.136304 -0.093471
181 22.663208 0.000021 -0.000008 -0.054786 -0.045421 -0.149650
182 22.604515 0.000015 -0.000031 -0.032300 -0.085711 -0.071406
183 -1.865585 -0.000003 -11.435446 3.133660 0.368382 0.002499
184 22.186684 -0.000004 -0.000015 -0.008459 -0.051482 -0.003296
185 22.443726 -0.000002 0.000000 -0.008114 0.121609 -0.003564
186 22.611542 -0.000004 -0.000008 -0.010115 -0.112650 -0.086736
187 22.692024 0.000005 0.000008 -0.017406 -0.018046 -0.089652
188 22.687653 0.000008 0.000000 -0.008783 -0.076128 -0.089608
189 -1.900833 -5.333258 -10.470076 2.588010 0.336095 -0.196195
190 21.914337 0.000003 -0.000008 -0.023577 -0.057630 0.027775
191 22.319832 -0.000027 0.000000 -0.000579 0.128095 -0.014509
192 22.569626 0.000001 -0.000027 0.024175 -0.095710 -0.072943
193 22.663242 -0.000019 0.000008 0.020012 -0.009176 -0.028211
194 22.604525 0.000003 0.000000 0.022528 -0.056842 -0.080685
195 -1.967300 -9.854567 -7.722446 2.151048 0.252895 -0.358422
196 21.272697 -0.000021 -0.000008 -0.019724 -0.073009 0.043641
197 22.032471 -0.000003 -0.000031 0.005895 0.133342 -0.022142
198 22.475693 -0.000014 -0.000023 0.036305 -0.090082 -0.053686
199 22.598717 0.000001 -0.000015 0.028730 -0.016813 0.024911
200 22.407991 -0.000017 -0.000008 0.032395 -0.035091 -0.067535
201 -1.972580 -12.875612 -3.614567 1.826582 0.134962 -0.465897
202 20.655167 0.000002 -0.000023 -0.004583 -0.087056 0.045869
203 21.762276 -0.000011 -0.000015 0.010207 0.138756 -0.029563
204 22.392159 -0.000013 -0.000038 0.034394 -0.093885 -0.033611
205 22.541344 -0.000011 -0.000023 0.014539 -0.038059 0.069203
206 22.217506 -0.000007 -0.000023 0.006609 -0.027337 -0.034991
207 0.059621 0.456168 0.250107 0.000000 -0.000000 0.000000
208 0.059621 0.456168 0.250107 0.000000 -0.000000 0.000000
time 8
  0 0.059621 0.456168 0.250107 0.000000 -0.000000 0.000000
  1 0.059621 0.456168 0.250107 0.000000 -0.000000 0.000000
  2 0.059621 0.456168 0.250107 0.000000 -0.000000 0.000000
  3 0.059621 0.456168 0.250107 0.000000 -0.000000 0.000000
  4 0.059621 0.456168 0.250107 0.000000 -0.000000 0.000000
  5 0.059621 0.456168 0.250107 0.000000 -0.000000 0.000000
  6 0.059621 0.456168 0.250107 0.000000 -0.000000 0.000000
  7 0.059621 0.456168 0.250107 0.000000 -0.000000 0.000000
  8 0.059621 0.456168 0.250107 0.000000 -0.000000 0.000000
  9 0.059621 0.456168 0.250107 0.000000 -0.000000 0.000000
 10 120.558746 39.731293 154.010239 -1.248827 -0.107901 1.701086
 11 24.668251 0.000000 -0.000038 0.964668 0.087732 -0.177834
 12 30.380157 -0.000015 0.000000 1.640173 0.269481 0.252933
 13 19.902092 0.000015 0.000000 0.039237 -0.345594 -0.101066
 14 -88.350739 -21.637981 107.458252 -1.149323 -2.987323 -1.168210
 15 35.349510 0.000008 0.000015 -1.433611 -0.014603 0.436182
 16 37.124329 -0.000015 -0.000015 -2.246360 0.013835 0.419449
 17 0.059621 0.456168 0.250107 0.064768 -0.005215 -0.156772
 18 0.059621 -21.868710 98.277725 0.065670 1.632339 -1.504964
 19 -65.799553 -0.000020 1.142853 0.851387 -0.349410 -3.107961
 20 11.181595 0.005756 -0.002413 -0.000000 0.254797 0.000515
 21 27.835190 -0.000023 0.000008 2.288099 0.079054 -0.166282
 22 5.330399 0.000002 0.000002 -3.070919 -0.014572 0.003512
 23 10.134903 -4.133396 3.834194 -0.681865 -1.173930 -2.497280
 24 10.134888 4.133396 3.834198 0.681900 -1.173919 2.497249
 25 22.592346 0.000004 17.467102 -0.000010 2.956431 0.000000
 26 21.199982 -7.744015 14.169510 -0.644457 -0.154503 -3.025319
 27 18.142014 -13.440235 7.965763 1.228366 -0.180197 3.082644
 28 21.199951 7.744019 14.169491 0.644460 -0.154503 3.025318
 29 18.141983 13.440235 7.965771 -0.316157 -0.180196 -3.082644
 30 11.858871 -13.360008 3.526505 1.542249 3.132957 0.174415
 31 9.463287 -16.404869 -2.906054 1.542282 3.132901 0.176490
 32 9.125259 -10.885479 -11.371330 0.000496 2.962373 0.000256
 33 11.858841 13.360003 3.526470 -1.542248 3.132957 -0.174414
 34 9.463242 16.404861 -2.906027 -1.542281 3.132900 -0.176490
 35 9.125259 10.885473 -11.371307 -0.000492 2.962373 0.000256
 36 9.023239 -0.000008 -17.296179 0.000180 -0.167048 -3.141356
 37 12.691406 -0.000008 -19.438768 0.292415 2.045136 0.331335
 38 10.989410 0.000008 -0.000015 -0.001349 -0.586254 0.000049
 39 12.871475 -10.586853 -15.652475 1.090367 2.467075 0.863413
 40 10.727005 0.000008 -0.000031 -0.207551 -0.570999 0.338089
 41 12.871445 10.586836 -15.652472 -0.870393 2.185348 -0.596283
 42 10.726982 -0.000011 0.000000 0.222775 -0.566415 -0.348492
 43 12.847244 -17.570091 -4.701347 1.294895 2.624968 0.992770
 44 11.496490 0.000000 -0.000015 -0.220746 -0.450599 0.356522
 45 12.847183 17.570080 -4.701361 -1.236437 2.313676 -0.941429
 46 11.496468 0.000008 -0.000015 0.251221 -0.444160 -0.370890
 47 28.485947 0.000002 16.460342 -0.009409 0.327343 -0.032489
 48 23.052780 -6.207924 -0.077293 -1.470206 0.035100 -1.833545
 49 9.436906 -0.000006 -0.000031 -0.000147 0.488900 0.401350
 50 31.269341 0.000001 -0.000031 0.007156 -0.254809 -0.006961
 51 28.756498 0.000000 -0.000031 0.041945 -0.404760 -0.048708
 52 2.251991 -2.464411 -1.141663 0.458872 0.433456 -0.360934
 53 3.674042 -0.000023 0.000031 -0.274324 0.097888 0.214696
 54 3.614693 0.000015 0.000015 0.013415 0.110451 -0.005522
 55 9.035500 -2.494946 0.484558 -0.001005 0.218956 -0.000202
 56 2.943581 -0.000002 0.000000 0.011153 0.210182 -0.010242
 57 2.649431 0.000004 0.000000 -0.004972 0.219748 0.007714
 58 9.093620 -0.386672 0.647705 0.019614 0.391933 -0.016232
 59 3.451883 0.000000 0.000015 -0.012288 0.445283 0.009239
 60 2.898182 0.000001 0.000031 0.001478 0.407371 0.000793
 61 8.894585 1.605849 0.371902 -0.000190 0.464360 -0.001140
 62 3.130402 0.000001 0.000046 0.005170 0.483669 -0.006237
 63 2.629532 -0.000001 -0.000046 0.006692 0.460890 -0.006497
 64 8.470619 3.459525 0.131500 -0.020248 0.457974 0.011473
 65 2.410267 0.000000 -0.000046 0.023218 0.446476 -0.016117
 66 2.000793 0.000004 0.000000 -0.003168 0.450125 0.008063
 67 23.052780 6.207897 -0.077318 1.481823 0.058643 2.080206
 68 9.436897 0.000021 -0.000015 -0.219893 0.268262 1.268637
 69 31.269341 0.000000 -0.000046 -0.731983 0.117218 0.221948
 70 28.756512 -0.000023 -0.000031 -0.332132 -0.191338 0.168377
 71 2.251888 2.464401 -1.141571 -0.513217 0.249535 0.112914
 72 3.674088 0.000000 -0.000031 0.331388 -0.059506 -0.325011
 73 3.614685 0.000008 0.000015 0.067360 -0.216133 -0.086857
 74 9.035416 2.494949 0.484421 0.001362 -0.011534 -0.001673
 75 2.943573 -0.000008 -0.000046 -0.011497 -0.020268 0.014556
 76 2.649441 0.000000 0.000031 0.006498 -0.010740 -0.008512
 77 9.093685 0.386673 0.647781 -0.018031 0.093461 0.020165
 78 3.451870 0.000000 0.000000 0.014953 0.008589 -0.019838
 79 2.898209 -0.000008 0.000000 0.000683 -0.029445 -0.000917
 80 8.894413 -1.605843 0.371902 0.000566 0.090541 -0.000704
 81 3.130428 0.000000 -0.000031 -0.003896 -0.009289 0.005063
 82 2.629520 0.000000 0.000031 -0.004892 -0.032059 0.006589
 83 8.470604 -3.459526 0.131393 0.018786 0.137518 -0.020073
 84 2.410275 0.000000 -0.000015 -0.024238 -0.029075 0.031299
 85 2.000751 0.000000 0.000015 0.005415 -0.025697 -0.007402
 86 9.832352 1.463058 -1.299454 0.016523 -0.031798 -0.020624
 87 25.040604 -5.670418 5.432787 -1.312160 -0.224887 -2.136065
 88 28.779709 -6.856327 -0.811432 -1.466235 0.019064 -1.725377
 89 29.182327 -3.955582 -4.961967 0.881870 2.552753 0.503940
 90 25.040573 5.670395 5.432743 1.296833 -0.398765 2.185823
 91 28.779739 6.856297 -0.811411 1.466235 0.019065 1.725381
 92 29.182297 3.955547 -4.961948 -0.881870 2.552752 -0.503941
 93 -65.335640 -0.000020 1.140917 -3.141591 0.044911 0.000000
 94 26.290924 -12.205290 1.157885 -2.077538 0.023299 0.137737
 95 49.071037 0.000006 -0.000002 2.073994 0.332004 -0.539532
 96 61.871300 -0.000025 -0.000015 3.057668 0.381122 0.061527
 97 26.290939 12.205296 1.157845 2.039818 0.166745 -0.233594
 98 49.071060 0.000004 -0.000042 -1.644427 0.455020 1.383007
 99 61.871269 0.000021 -0.000038 -2.933141 0.723076 0.129651
100 -0.698059 -11.192117 -8.252766 1.222603 -0.361491 -0.704147
101 20.568245 -0.000002 -0.000008 -0.091184 -0.056529 0.110413
102 0.223801 -5.734809 -12.929600 2.937798 0.541668 -0.395330
103 20.803574 -0.000011 -0.000023 0.013595 0.050603 0.297375
104 -1.040009 -3.033968 12.140511 1.547539 0.109907 -1.372571
105 -1.039993 3.034004 12.140499 -1.547540 0.109910 1.372571
106 4.165451 -5.407045 12.088390 1.104152 -1.002055 -0.779843
107 16.599442 0.000000 -0.000015 0.082725 -0.362503 0.286360
108 4.165497 5.407080 12.088381 -1.180970 -1.057198 0.863758
109 16.599373 0.000008 0.000000 -0.092115 -0.403624 -0.299117
110 6.428406 0.000001 -0.288942 -0.000001 -0.083517 0.000000
111 -1.833771 -13.936462 1.224508 1.563782 -0.001542 -0.499492
112 20.406952 -0.000004 -0.000023 0.011908 -0.095564 0.040890
113 21.655487 -0.000002 -0.000008 0.015107 0.102542 -0.007542
114 22.360664 -0.000007 -0.000015 0.031289 -0.073633 -0.047667
115 22.519661 -0.000006 -0.000023 -0.007338 -0.032037 0.081059
116 22.140377 -0.000006 -0.000031 -0.038870 -0.035562 -0.000269
117 -1.699219 -12.875612 4.918510 1.142404 -0.226746 -0.455832
118 20.938606 0.000011 0.000008 0.045409 -0.111910 0.019750
119 21.993607 -0.000006 -0.000046 0.026920 0.101655 -0.010663
120 22.563789 -0.000016 -0.000008 0.031951 -0.093618 -0.037024
121 22.643345 0.000004 -0.000031 -0.024962 -0.100832 0.097507
122 22.238049 -0.000002 -0.000031 -0.069432 -0.078359 0.033032
123 -1.634354 -9.854568 8.052347 0.741700 -0.398292 -0.338339
124 22.205299 0.000002 -0.000015 0.050276 -0.120394 0.006380
125 22.804367 -0.000001 -0.000038 0.026519 0.099727 -0.008475
126 23.051662 0.000006 0.000000 0.030363 -0.120901 -0.030507
127 22.939983 0.000005 -0.000023 -0.024980 -0.174751 0.079804
128 22.472069 0.000010 -0.000015 -0.059373 -0.129744 0.040407
129 -1.616150 -5.333254 10.147442 0.347939 -0.378053 -0.142994
130 23.451317 0.000000 -0.000008 0.029339 -0.125326 0.004106
131 23.608009 -0.000003 -0.000031 0.015459 -0.006555 0.018390
132 23.536224 -0.000001 -0.000015 0.010700 -0.336497 0.030991
133 23.233969 0.000006 0.000031 -0.002432 -0.142187 0.013223
134 22.703674 0.000009 0.000000 -0.021169 -0.169989 0.012699
135 -1.614532 -0.000000 10.883353 -0.008527 -0.528138 0.008366
136 23.962128 0.000001 -0.000023 -0.003963 -0.128009 0.008015
137 23.938957 -0.000003 0.000023 -0.003554 0.093565 0.011007
138 23.736015 -0.000004 -0.000008 0.023140 -0.165782 -0.032310
139 23.354969 0.000005 -0.000015 0.024064 -0.260604 -0.036554
140 22.798920 -0.000009 -0.000023 0.026920 -0.189299 -0.030836
141 -1.616135 5.333251 10.147427 -0.376531 -0.494884 0.190348
142 23.451294 -0.000008 0.000000 -0.037401 -0.128482 0.010385
143 23.608017 -0.000004 -0.000031 -0.022372 0.091425 0.019907
144 23.536236 0.000000 -0.000015 0.015765 -0.175122 -0.037929
145 23.233978 -0.000021 -0.000023 0.051882 -0.256210 -0.105959
146 22.703667 0.000012 0.000000 0.065865 -0.185904 -0.075492
147 -1.634338 9.854565 8.052347 -0.755596 -0.393554 0.351919
148 22.205261 0.000000 0.000008 -0.059210 -0.126517 0.007098
149 22.804443 0.000000 -0.000069 -0.035432 0.089804 0.025354
150 23.051643 -0.000007 -0.000015 0.005856 -0.174497 -0.048170
151 22.939968 -0.000008 -0.000008 0.063229 -0.221326 -0.164973
152 22.472073 0.000000 -0.000031 0.096007 -0.160349 -0.125819
153 -1.699203 12.875607 4.918526 -1.155266 -0.220486 0.466927
154 20.938583 0.000021 0.000008 -0.055548 -0.120679 -0.009007
155 21.993584 -0.000004 -0.000069 -0.037541 0.088166 0.023041
156 22.563797 0.000004 -0.000015 -0.008342 -0.165247 -0.058514
157 22.643349 0.000001 -0.000031 0.049875 -0.164798 -0.200246
158 22.238022 -0.000013 -0.000008 0.096216 -0.124866 -0.144948
159 -1.833771 13.936459 1.224504 -1.576601 0.004192 0.508383
160 20.406944 0.000006 -0.000038 -0.023562 -0.105783 -0.034339
161 21.655502 0.000010 -0.000008 -0.027714 0.087601 0.014970
162 22.360657 0.000005 -0.000023 0.000050 -0.220090 -0.082946
163 22.519661 0.000004 -0.000015 0.059712 -0.162368 -0.234313
164 22.140373 -0.000010 0.000000 0.096037 -0.126077 -0.154537
165 -1.972580 12.875608 -3.614557 -1.839690 0.140295 0.469104
166 20.655174 0.000008 -0.000015 -0.008278 -0.093162 -0.043197
167 21.762245 0.000010 -0.000015 -0.027428 0.087949 0.008986
168 22.392159 0.000015 -0.000023 -0.041586 -0.143689 -0.067006
169 22.541344 0.000011 -0.000023 -0.029191 -0.069782 -0.198356
170 22.217491 0.000004 -0.000015 -0.008531 -0.078508 -0.112948
171 -1.967316 9.854567 -7.722435 -2.165027 0.255703 0.360259
172 21.272713 0.000006 0.000008 0.006315 -0.077696 -0.043185
173 22.032509 0.000026 -0.000046 -0.023995 0.090256 0.001074
174 22.475670 0.000010 -0.000008 -0.050905 -0.136477 -0.070466
175 22.598709 0.000008 0.000000 -0.056034 -0.043979 -0.171747
176 22.407970 0.000013 -0.000023 -0.032571 -0.082474 -0.073519
177 -1.900833 5.333253 -10.470078 -2.602267 0.335585 0.197914
178 21.914337 0.000009 -0.000023 0.009811 -0.059092 -0.030438
179 22.319839 -0.000005 0.000000 -0.016932 0.095304 -0.003806
180 22.569618 0.000003 -0.000015 -0.042532 -0.124451 -0.079145
181 22.663219 0.000017 -0.000008 -0.055596 -0.018556 -0.138457
182 22.604523 0.000015 -0.000023 -0.032431 -0.082472 -0.071791
183 -1.865585 -0.000002 -11.435442 3.133660 0.364632 0.002499
184 22.186676 -0.000004 0.000000 -0.008459 -0.047732 -0.003296
185 22.443718 -0.000002 0.000000 -0.008063 0.099386 -0.003754
186 22.611534 -0.000005 -0.000011 -0.010148 -0.104108 -0.087084
187 22.692009 0.000004 0.000008 -0.017418 0.007160 -0.088688
188 22.687647 0.000008 0.000000 -0.008855 -0.072896 -0.089987
189 -1.900848 -5.333257 -10.470072 2.588611 0.332891 -0.194156
190 21.914337 0.000007 -0.000015 -0.023582 -0.053881 0.027730
191 22.319824 -0.000027 0.000000 0.000715 0.102705 -0.002997
192 22.569611 0.000001 -0.000031 0.026057 -0.083165 -0.087955
193 22.663223 -0.000018 0.000015 0.020511 0.018461 -0.038197
194 22.604519 0.000005 0.000000 0.022553 -0.053576 -0.080891
195 -1.967285 -9.854567 -7.722445 2.151774 0.250812 -0.355220
196 21.272705 -0.000019 0.000000 -0.019725 -0.069259 0.043629
197 22.032471 0.000000 -0.000015 0.008010 0.102385 -0.003039
198 22.475685 -0.000010 -0.000023 0.039181 -0.071068 -0.078224
199 22.598709 0.000003 -0.000023 0.029613 0.015834 0.007737
200 22.407982 -0.000012 -0.000015 0.032427 -0.031773 -0.067618
201 -1.972580 -12.875611 -3.614559 1.827033 0.133993 -0.462246
202 20.655167 0.000006 -0.000015 -0.004583 -0.083307 0.045869
203 21.762268 -0.000011 -0.000008 0.012874 0.102138 -0.005860
204 22.392166 -0.000010 -0.000031 0.038020 -0.068136 -0.064176
205 22.541336 -0.000007 -0.000023 0.016021 -0.000254 0.048290
206 22.217503 -0.000005 -0.000015 0.006622 -0.023797 -0.035051
207 0.059621 0.456168 0.250107 0.000000 -0.000000 0.000000
208 0.059621 0.456168 0.250107 0.000000 -0.000000 0.000000
time 9
  0 0.059621 0.456168 0.250107 0.000000 -0.000000 0.000000
  1 0.059621 0.456168 0.250107 0.000000 -0.000000 0.000000
  2 0.059621 0.456168 0.250107 0.000000 -0.000000 0.000000
  3 0.059621 0.456168 0.250107 0.000000 -0.000000 0.000000
  4 0.059621 0.456168 0.250107 0.000000 -0.000000 0.000000
  5 0.059621 0.456168 0.250107 0.000000 -0.000000 0.000000
  6 0.059621 0.456168 0.250107 0.000000 -0.000000 0.000000
  7 0.059621 0.456168 0.250107 0.000000 -0.000000 0.000000
  8 0.059621 0.456168 0.250107 0.000000 -0.000000 0.000000
  9 0.059621 0.456168 0.250107 0.000000 -0.000000 0.000000
 10 120.558746 39.731293 154.010239 -1.248546 -0.106903 1.691679
 11 24.668251 0.000015 -0.000031 0.964711 0.067067 -0.175043
 12 30.380150 -0.000015 -0.000008 1.639998 0.271909 0.252647
 13 19.902077 -0.000015 0.000000 0.040331 -0.337434 -0.100651
 14 -88.350739 -21.637981 107.458252 -1.150880 -2.983333 -1.165698
 15 35.349518 -0.000004 0.000015 -1.433157 -0.029681 0.432337
 16 37.124329 0.000000 -0.000015 -2.246469 0.012299 0.413836
 17 0.059621 0.456168 0.250107 0.064768 -0.005215 -0.156772
 18 0.059621 -21.868710 98.277725 0.061086 1.642216 -1.509567
 19 -65.799553 -0.000020 1.142856 0.755235 -0.312485 -3.112003
 20 11.181564 0.005760 -0.002415 -0.000000 0.254797 0.000515
 21 27.835175 -0.000010 0.000006 2.389125 0.054322 -0.146599
 22 5.330368 0.000002 -0.000004 -3.070919 -0.014572 0.003512
 23 10.134888 -4.133394 3.834196 -0.681864 -1.173930 -2.497280
 24 10.134888 4.133395 3.834196 0.681900 -1.173919 2.497249
 25 22.592346 0.000006 17.467104 -0.000010 2.956431 0.000000
 26 21.199982 -7.744013 14.169512 -0.644457 -0.154503 -3.025319
 27 18.142029 -13.440235 7.965769 1.228366 -0.180197 3.082644
 28 21.199966 7.744017 14.169493 0.644460 -0.154503 3.025318
 29 18.141998 13.440233 7.965773 -0.316157 -0.180196 -3.082644
 30 11.858856 -13.360001 3.526510 1.542249 3.132957 0.174415
 31 9.463287 -16.404871 -2.906048 1.542282 3.132901 0.176490
 32 9.125259 -10.885481 -11.371328 0.000496 2.962373 0.000256
 33 11.858841 13.360003 3.526476 -1.542248 3.132957 -0.174414
 34 9.463257 16.404865 -2.906023 -1.542281 3.132900 -0.176490
 35 9.125259 10.885471 -11.371302 -0.000492 2.962373 0.000256
 36 9.023239 -0.000008 -17.296173 0.000180 -0.167048 -3.141356
 37 12.691406 -0.000010 -19.438766 0.110005 2.080023 0.124595
 38 10.989410 0.000006 -0.000031 -0.001189 -0.578401 0.000043
 39 12.871475 -10.586849 -15.652474 1.063739 2.493019 0.819419
 40 10.727005 0.000008 -0.000031 -0.207217 -0.563171 0.337501
 41 12.871445 10.586836 -15.652470 -0.927480 2.336467 -0.666669
 42 10.726974 -0.000021 0.000015 0.222563 -0.558607 -0.347714
 43 12.847214 -17.570089 -4.701342 1.294092 2.668478 0.990810
 44 11.496490 0.000004 -0.000015 -0.220746 -0.450599 0.356522
 45 12.847183 17.570080 -4.701357 -1.223572 2.477284 -0.916473
 46 11.496468 0.000008 -0.000015 0.251221 -0.444160 -0.370890
 47 28.485962 0.000006 16.460352 -0.009445 0.337226 -0.032720
 48 23.052765 -6.207916 -0.077293 -1.470206 0.035100 -1.833545
 49 9.436909 -0.000004 -0.000031 -0.000147 0.488900 0.401350
 50 31.269333 -0.000004 -0.000031 0.007049 -0.246336 -0.006739
 51 28.756506 -0.000002 -0.000015 0.041844 -0.396994 -0.048236
 52 2.251991 -2.464408 -1.141632 0.461528 0.442303 -0.356009
 53 3.674042 -0.000023 0.000015 -0.274713 0.107492 0.212331
 54 3.614693 0.000015 0.000000 0.013384 0.120325 -0.005053
 55 9.035500 -2.494951 0.484558 -0.001047 0.228839 0.000020
 56 2.943581 0.000004 0.000000 0.011086 0.220063 -0.009953
 57 2.649426 -0.000002 0.000000 -0.005153 0.229631 0.007809
 58 9.093620 -0.386670 0.647720 0.019682 0.401810 -0.015803
 59 3.451893 0.000001 0.000000 -0.012515 0.455166 0.009235
 60 2.898178 0.000000 0.000015 0.001222 0.417253 0.000808
 61 8.894585 1.605848 0.371902 -0.000234 0.474243 -0.000922
 62 3.130402 0.000000 0.000031 0.005019 0.493551 -0.006098
 63 2.629532 -0.000002 -0.000046 0.006479 0.470774 -0.006508
 64 8.470619 3.459522 0.131485 -0.020422 0.467858 0.011471
 65 2.410275 -0.000002 -0.000046 0.023170 0.456355 -0.015786
 66 2.000786 0.000004 0.000031 -0.003434 0.460008 0.007985
 67 23.052765 6.207905 -0.077316 1.481823 0.058643 2.080206
 68 9.436882 0.000019 0.000000 -0.168866 0.387948 0.950695
 69 31.269341 -0.000031 -0.000046 -0.741548 0.247802 0.003099
 70 28.756523 -0.000013 -0.000046 -0.267968 -0.182224 0.141643
 71 2.251892 2.464409 -1.141571 -0.513217 0.249535 0.112914
 72 3.674088 0.000008 -0.000031 0.331388 -0.059506 -0.325011
 73 3.614689 0.000000 0.000015 0.067360 -0.216133 -0.086857
 74 9.035412 2.494949 0.484421 0.001362 -0.011534 -0.001673
 75 2.943569 0.000004 -0.000031 -0.011497 -0.020268 0.014556
 76 2.649441 0.000000 0.000015 0.006498 -0.010740 -0.008512
 77 9.093689 0.386665 0.647766 -0.018031 0.093461 0.020165
 78 3.451866 0.000004 -0.000015 0.014953 0.008589 -0.019838
 79 2.898209 -0.000004 -0.000015 0.000683 -0.029445 -0.000917
 80 8.894413 -1.605846 0.371902 0.000566 0.090541 -0.000704
 81 3.130432 0.000004 -0.000046 -0.003896 -0.009289 0.005063
 82 2.629524 0.000004 0.000023 -0.004892 -0.032059 0.006589
 83 8.470604 -3.459518 0.131378 0.018786 0.137518 -0.020073
 84 2.410278 0.000000 -0.000015 -0.024238 -0.029075 0.031299
 85 2.000755 0.000008 0.000015 0.005415 -0.025697 -0.007402
 86 9.832359 1.463062 -1.299438 0.016522 -0.031798 -0.020624
 87 25.040588 -5.670418 5.432785 -1.312160 -0.224887 -2.136065
 88 28.779694 -6.856323 -0.811432 -1.466235 0.019064 -1.725377
 89 29.182312 -3.955578 -4.961971 0.881870 2.552753 0.503940
 90 25.040573 5.670395 5.432745 1.296833 -0.398765 2.185823
 91 28.779724 6.856304 -0.811413 1.466235 0.019065 1.725381
 92 29.182281 3.955555 -4.961952 -0.881870 2.552752 -0.503940
 93 -65.335655 -0.000020 1.140919 -3.141591 0.044911 0.000000
 94 26.290909 -12.205291 1.157885 -2.076817 0.018475 0.129141
 95 49.071030 0.000006 0.000001 2.076808 0.328373 -0.532383
 96 61.871296 -0.000017 -0.000023 3.057370 0.371309 0.062594
 97 26.290909 12.205295 1.157844 2.040373 0.162133 -0.224784
 98 49.071053 0.000000 -0.000042 -1.647167 0.454971 1.377421
 99 61.871262 0.000029 -0.000046 -2.934511 0.713524 0.126466
100 -0.698074 -11.192117 -8.252766 1.222533 -0.390965 -0.703416
101 20.568237 -0.000002 -0.000008 -0.091702 -0.047676 0.110274
102 0.223785 -5.734810 -12.929604 2.935288 0.523085 -0.400493
103 20.803581 -0.000015 -0.000015 0.013605 0.060470 0.297985
104 -1.040009 -3.033968 12.140511 1.548365 0.109279 -1.362651
105 -1.039993 3.034005 12.140501 -1.548366 0.109282 1.362651
106 4.165436 -5.407045 12.088391 1.079737 -1.012343 -0.750799
107 16.599438 0.000000 -0.000015 0.082566 -0.354319 0.287609
108 4.165466 5.407081 12.088381 -1.167265 -1.054900 0.847581
109 16.599377 0.000011 -0.000015 -0.091935 -0.395621 -0.300476
110 6.428375 0.000001 -0.288942 -0.000001 -0.073631 0.000000
111 -1.833755 -13.936463 1.224501 1.563782 -0.001542 -0.489606
112 20.406952 -0.000004 -0.000023 0.011907 -0.085680 0.041045
113 21.655487 0.000000 -0.000015 0.017445 0.045279 0.025653
114 22.360672 -0.000005 -0.000015 0.034200 -0.056424 -0.073743
115 22.519653 -0.000007 -0.000015 -0.005971 0.019950 0.045155
116 22.140392 -0.000007 -0.000023 -0.038942 -0.025681 -0.000567
117 -1.699203 -12.875615 4.918509 1.140675 -0.223062 -0.446671
118 20.938599 0.000015 0.000008 0.045416 -0.102293 0.020219
119 21.993607 -0.000006 -0.000053 0.028850 0.033069 0.019236
120 22.563789 -0.000015 0.000008 0.034777 -0.066233 -0.060554
121 22.643349 0.000002 -0.000031 -0.021627 -0.036455 0.062345
122 22.238049 0.000002 -0.000031 -0.069563 -0.068482 0.032648
123 -1.634338 -9.854569 8.052347 0.739257 -0.391684 -0.331264
124 22.205284 0.000002 -0.000015 0.050280 -0.111093 0.006886
125 22.804382 0.000000 -0.000038 0.028205 0.023132 0.013161
126 23.051655 0.000003 0.000015 0.032819 -0.084895 -0.047737
127 22.939980 0.000010 -0.000031 -0.020553 -0.099724 0.052361
128 22.472069 0.000008 -0.000015 -0.059426 -0.119864 0.040092
129 -1.616165 -5.333254 10.147444 0.347889 -0.406305 -0.141976
130 23.451294 0.000000 -0.000015 0.029339 -0.116203 0.004402
131 23.608017 -0.000005 -0.000038 0.015800 0.015904 -0.001531
132 23.536224 -0.000002 -0.000031 0.013447 -0.310232 0.023781
133 23.233965 0.000001 0.000015 -0.004696 -0.162822 0.031364
134 22.703671 0.000007 -0.000015 -0.021154 -0.160105 0.012495
135 -1.614532 -0.000000 10.883352 -0.008527 -0.519068 0.008366
136 23.962112 0.000001 -0.000023 -0.003963 -0.118939 0.008015
137 23.938957 -0.000003 0.000023 -0.003739 0.011210 0.009868
138 23.736023 -0.000003 -0.000023 0.022876 -0.122170 -0.030722
139 23.354977 0.000005 -0.000023 0.023748 -0.176560 -0.035371
140 22.798935 -0.000010 -0.000023 0.026920 -0.179413 -0.030836
141 -1.616135 5.333251 10.147421 -0.374968 -0.486446 0.186552
142 23.451309 -0.000007 0.000000 -0.037401 -0.119409 0.010022
143 23.608009 -0.000002 -0.000046 -0.023196 0.011091 0.007339
144 23.536240 0.000000 -0.000015 0.014019 -0.133185 -0.026824
145 23.233978 -0.000020 -0.000023 0.047795 -0.175073 -0.089457
146 22.703671 0.000013 0.000000 0.066037 -0.176020 -0.075505
147 -1.634354 9.854565 8.052347 -0.753320 -0.387007 0.344921
148 22.205254 0.000002 0.000008 -0.059211 -0.117364 0.006515
149 22.804436 0.000001 -0.000069 -0.037006 0.014756 0.002388
150 23.051628 -0.000007 0.000000 0.002019 -0.137972 -0.028504
151 22.939976 -0.000010 -0.000015 0.057131 -0.147633 -0.135854
152 22.472065 -0.000004 -0.000031 0.096142 -0.150465 -0.125851
153 -1.699219 12.875607 4.918524 -1.153635 -0.216890 0.457853
154 20.938583 0.000015 0.000008 -0.055552 -0.111240 -0.009567
155 21.993591 -0.000008 -0.000061 -0.039142 0.021478 -0.007624
156 22.563797 0.000003 -0.000008 -0.013036 -0.137546 -0.033117
157 22.643353 0.000000 -0.000031 0.044069 -0.102160 -0.163503
158 22.238033 -0.000013 -0.000015 0.096255 -0.114986 -0.145036
159 -1.833771 13.936460 1.224504 -1.576601 0.004192 0.498556
160 20.406944 0.000004 -0.000038 -0.023572 -0.095983 -0.034599
161 21.655518 0.000013 0.000000 -0.029607 0.032015 -0.018870
162 22.360649 0.000004 -0.000015 -0.006805 -0.202681 -0.055573
163 22.519657 0.000002 -0.000023 0.053613 -0.111593 -0.197806
164 22.140373 0.000000 -0.000008 0.096056 -0.116469 -0.154899
165 -1.972595 12.875609 -3.614555 -1.840931 0.137620 0.459524
166 20.655174 0.000010 -0.000015 -0.008278 -0.083276 -0.043197
167 21.762253 0.000004 -0.000023 -0.029416 0.039658 -0.022395
168 22.392143 0.000016 -0.000015 -0.046030 -0.133095 -0.042482
169 22.541332 0.000013 -0.000023 -0.031867 -0.027611 -0.163426
170 22.217491 0.000004 -0.000008 -0.008750 -0.069007 -0.113869
171 -1.967316 9.854567 -7.722435 -2.166963 0.250102 0.351885
172 21.272720 0.000010 0.000000 0.006315 -0.067810 -0.043185
173 22.032509 0.000031 -0.000046 -0.025595 0.049422 -0.024248
174 22.475662 0.000008 -0.000008 -0.054351 -0.131579 -0.050982
175 22.598713 0.000008 -0.000008 -0.057517 -0.009305 -0.143557
176 22.407974 0.000015 -0.000023 -0.032932 -0.073725 -0.074484
177 -1.900848 5.333253 -10.470081 -2.603829 0.327069 0.192660
178 21.914330 0.000010 -0.000023 0.009811 -0.049207 -0.030438
179 22.319824 -0.000005 -0.000008 -0.018480 0.061853 -0.018817
180 22.569626 0.000004 -0.000015 -0.044783 -0.124804 -0.067834
181 22.663212 0.000017 -0.000023 -0.056162 0.009736 -0.121736
182 22.604519 0.000013 -0.000023 -0.032799 -0.073836 -0.072825
183 -1.865601 -0.000002 -11.435446 3.133660 0.354746 0.002499
184 22.186676 -0.000004 0.000000 -0.008459 -0.037846 -0.003296
185 22.443718 -0.000002 -0.000015 -0.008419 0.069710 -0.004003
186 22.611542 -0.000005 -0.000011 -0.010143 -0.107360 -0.087754
187 22.692017 0.000006 0.000008 -0.017381 0.032396 -0.087970
188 22.687641 0.000010 -0.000008 -0.009055 -0.064272 -0.090988
189 -1.900864 -5.333258 -10.470072 2.590195 0.324444 -0.188780
190 21.914330 0.000005 -0.000008 -0.023596 -0.043998 0.027603
191 22.319824 -0.000025 0.000008 0.002308 0.068754 0.012379
192 22.569618 0.000003 -0.000023 0.027619 -0.083182 -0.100514
193 22.663239 -0.000020 0.000008 0.020539 0.047471 -0.054365
194 22.604530 0.000005 0.000000 0.022621 -0.044867 -0.081434
195 -1.967285 -9.854568 -7.722446 2.153689 0.245320 -0.346780
196 21.272697 -0.000021 0.000000 -0.019728 -0.059375 0.043588
197 22.032471 -0.000002 -0.000031 0.010386 0.060609 0.022335
198 22.475685 -0.000010 -0.000023 0.041459 -0.065642 -0.098225
199 22.598709 0.000002 -0.000008 0.029572 0.052032 -0.019464
200 22.407990 -0.000011 -0.000015 0.032525 -0.022935 -0.067838
201 -1.972580 -12.875612 -3.614563 1.828221 0.131441 -0.452622
202 20.655167 0.000004 -0.000015 -0.004583 -0.073421 0.045869
203 21.762260 -0.000011 -0.000015 0.015689 0.052577 0.025256
204 22.392166 -0.000007 -0.000015 0.040669 -0.057141 -0.088463
205 22.541344 -0.000006 -0.000015 0.016388 0.043635 0.014818
206 22.217493 -0.000002 -0.000015 0.006668 -0.014421 -0.035207
207 0.059621 0.456168 0.250107 0.000000 -0.000000 0.000000
208 0.059621 0.456168 0.250107 0.000000 -0.000000 0.000000
time 10
  0 0.059621 0.456168 0.250107 0.000000 -0.000000 0.000000
  1 0.059621 0.456168 0.250107 0.000000 -0.000000 0.000000
  2 0.059621 0.456168 0.250107 0.000000 -0.000000 0.000000
  3 0.059621 0.456168 0.250107 0.000000 -0.000000 0.000000
  4 0.059621 0.456168 0.250107 0.000000 -0.000000 0.000000
  5 0.059621 0.456168 0.250107 0.000000 -0.000000 0.000000
  6 0.059621 0.456168 0.250107 0.000000 -0.000000 0.000000
  7 0.059621 0.456168 0.250107 0.000000 -0.000000 0.000000
  8 0.059621 0.456168 0.250107 0.000000 -0.000000 0.000000
  9 0.059621 0.456168 0.250107 0.000000 -0.000000 0.000000
 10 120.558746 39.731293 154.010239 -1.248040 -0.105104 1.678379
 11 24.668247 0.000015 -0.000046 0.964730 0.044897 -0.172137
 12 30.380150 -0.000031 0.000000 1.642004 0.269451 0.260364
 13 19.902069 -0.000015 -0.000015 0.041878 -0.325610 -0.100007
 14 -88.350739 -21.637981 107.458252 -1.153082 -2.977692 -1.160956
 15 35.349510 0.000008 0.000008 -1.432882 -0.045839 0.428360
 16 37.124321 0.000000 0.000000 -2.246622 0.009389 0.405456
 17 0.059621 0.456168 0.250107 0.064768 -0.005215 -0.156772
 18 0.059621 -21.868710 98.277725 0.054604 1.656179 -1.516076
 19 -65.799538 -0.000020 1.142856 0.618508 -0.259516 -3.117718
 20 11.181580 0.005756 -0.002417 -0.000000 0.254797 0.000515
 21 27.835175 -0.000006 0.000011 2.531954 0.019354 -0.118773
 22 5.330399 0.000001 0.000000 -3.070919 -0.014572 0.003512
 23 10.134888 -4.133398 3.834194 -0.681865 -1.173930 -2.497280
 24 10.134903 4.133394 3.834198 0.681900 -1.173919 2.497248
 25 22.592377 0.000004 17.467110 -0.000010 2.956431 0.000000
 26 21.200012 -7.744015 14.169514 -0.644457 -0.154503 -3.025319
 27 18.142029 -13.440237 7.965767 1.228366 -0.180197 3.082644
 28 21.199966 7.744019 14.169495 0.644460 -0.154503 3.025318
 29 18.141998 13.440235 7.965771 -0.316157 -0.180196 -3.082644
 30 11.858871 -13.360004 3.526508 1.542249 3.132957 0.174415
 31 9.463287 -16.404873 -2.906052 1.542282 3.132901 0.176490
 32 9.125259 -10.885483 -11.371328 0.000496 2.962373 0.000256
 33 11.858841 13.360003 3.526474 -1.542248 3.132957 -0.174414
 34 9.463242 16.404865 -2.906025 -1.542281 3.132900 -0.176490
 35 9.125275 10.885468 -11.371302 -0.000492 2.962373 0.000256
 36 9.023224 -0.000010 -17.296173 0.000180 -0.167048 -3.141356
 37 12.691406 -0.000011 -19.438765 -0.066902 2.144715 -0.080502
 38 10.989410 0.000002 0.000000 -0.000963 -0.566937 0.000035
 39 12.871490 -10.586853 -15.652473 1.023389 2.524597 0.750860
 40 10.727013 0.000006 -0.000031 -0.206628 -0.551759 0.336447
 41 12.871445 10.586836 -15.652469 -0.963857 2.485702 -0.716159
 42 10.726974 -0.000017 0.000015 0.222155 -0.547228 -0.346382
 43 12.847229 -17.570093 -4.701342 1.287928 2.719028 0.976358
 44 11.496490 0.000008 -0.000015 -0.220746 -0.450599 0.356522
 45 12.847198 17.570080 -4.701357 -1.219404 2.624256 -0.901634
 46 11.496468 0.000004 -0.000015 0.251221 -0.444160 -0.370890
 47 28.485977 0.000003 16.460350 -0.009497 0.351199 -0.033047
 48 23.052765 -6.207918 -0.077293 -1.470206 0.035100 -1.833545
 49 9.436909 -0.000004 -0.000015 -0.000147 0.488900 0.401350
 50 31.269333 0.000000 0.000000 0.006887 -0.234104 -0.006412
 51 28.756500 -0.000002 0.000000 0.041672 -0.385641 -0.047529
 52 2.251987 -2.464407 -1.141647 0.465282 0.454811 -0.349047
 53 3.674038 -0.000015 0.000015 -0.275263 0.121070 0.208986
 54 3.614697 0.000008 0.000000 0.013341 0.134285 -0.004390
 55 9.035507 -2.494949 0.484573 -0.001107 0.242812 0.000333
 56 2.943575 0.000004 0.000000 0.010991 0.234032 -0.009545
 57 2.649437 -0.000002 0.000000 -0.005408 0.243603 0.007942
 58 9.093620 -0.386673 0.647705 0.019778 0.415775 -0.015197
 59 3.451889 -0.000002 0.000015 -0.012837 0.469139 0.009231
 60 2.898186 -0.000002 0.000015 0.000860 0.431224 0.000829
 61 8.894585 1.605848 0.371902 -0.000297 0.488215 -0.000613
 62 3.130402 -0.000002 0.000031 0.004806 0.507523 -0.005902
 63 2.629532 0.000000 -0.000046 0.006178 0.484747 -0.006524
 64 8.470619 3.459522 0.131500 -0.020668 0.481833 0.011468
 65 2.410267 -0.000004 -0.000061 0.023103 0.470323 -0.015318
 66 2.000793 0.000002 0.000015 -0.003810 0.473980 0.007874
 67 23.052765 6.207907 -0.077312 1.481823 0.058643 2.080206
 68 9.436897 0.000021 0.000000 -0.098390 0.465851 0.582037
 69 31.269348 -0.000023 -0.000023 -0.746152 0.324310 -0.174135
 70 28.756531 -0.000021 -0.000023 -0.177254 -0.169339 0.103845
 71 2.251892 2.464411 -1.141563 -0.513217 0.249535 0.112914
 72 3.674088 0.000004 -0.000023 0.331388 -0.059506 -0.325011
 73 3.614685 0.000004 0.000015 0.067360 -0.216133 -0.086857
 74 9.035416 2.494946 0.484413 0.001362 -0.011534 -0.001673
 75 2.943581 0.000004 -0.000031 -0.011497 -0.020268 0.014556
 76 2.649445 0.000000 0.000015 0.006498 -0.010740 -0.008512
 77 9.093689 0.386673 0.647774 -0.018031 0.093461 0.020165
 78 3.451866 0.000004 0.000000 0.014953 0.008589 -0.019838
 79 2.898209 0.000000 -0.000008 0.000683 -0.029445 -0.000917
 80 8.894417 -1.605854 0.371910 0.000566 0.090541 -0.000704
 81 3.130432 0.000000 -0.000038 -0.003896 -0.009289 0.005063
 82 2.629524 0.000000 0.000023 -0.004892 -0.032059 0.006589
 83 8.470612 -3.459526 0.131393 0.018786 0.137518 -0.020073
 84 2.410286 0.000000 -0.000008 -0.024238 -0.029075 0.031299
 85 2.000755 0.000004 0.000015 0.005415 -0.025697 -0.007402
 86 9.832352 1.463060 -1.299446 0.016522 -0.031798 -0.020624
 87 25.040588 -5.670410 5.432789 -1.312160 -0.224887 -2.136065
 88 28.779694 -6.856318 -0.811428 -1.466235 0.019064 -1.725377
 89 29.182297 -3.955576 -4.961966 0.881870 2.552753 0.503940
 90 25.040573 5.670401 5.432745 1.296833 -0.398765 2.185823
 91 28.779724 6.856304 -0.811409 1.466235 0.019065 1.725381
 92 29.182281 3.955557 -4.961945 -0.881870 2.552752 -0.503940
 93 -65.335655 -0.000020 1.140919 -3.141591 0.044911 0.000000
 94 26.290924 -12.205292 1.157885 -2.075798 0.011655 0.116987
 95 49.071053 0.000003 0.000000 2.080885 0.323065 -0.521915
 96 61.871296 -0.000028 -0.000034 3.056948 0.357436 0.064103
 97 26.290924 12.205293 1.157845 2.041157 0.155614 -0.212330
 98 49.071060 0.000004 -0.000044 -1.651443 0.454882 1.368556
 99 61.871246 0.000029 -0.000038 -2.936447 0.700020 0.121963
100 -0.698059 -11.192117 -8.252766 1.222271 -0.421601 -0.702472
101 20.568237 -0.000004 -0.000008 -0.092434 -0.034979 0.110016
102 0.223770 -5.734810 -12.929602 2.932558 0.502499 -0.406131
103 20.803574 -0.000019 -0.000031 0.013623 0.074420 0.298847
104 -1.040024 -3.033968 12.140511 1.549533 0.108391 -1.348626
105 -1.040009 3.034004 12.140503 -1.549534 0.108394 1.348626
106 4.165436 -5.407044 12.088392 1.054276 -1.021875 -0.720799
107 16.599449 -0.000008 -0.000031 0.082258 -0.342459 0.289375
108 4.165482 5.407080 12.088384 -1.147536 -1.051332 0.824423
109 16.599377 0.000015 -0.000015 -0.091588 -0.383986 -0.302398
110 6.428391 0.000001 -0.288942 -0.000001 -0.059655 0.000000
111 -1.833771 -13.936463 1.224503 1.563782 -0.001542 -0.475630
112 20.406937 -0.000004 -0.000015 0.011906 -0.071705 0.041265
113 21.655495 -0.000008 -0.000015 0.018126 -0.015839 0.060508
114 22.360672 -0.000006 -0.000031 0.036039 -0.058250 -0.088462
115 22.519665 -0.000007 -0.000015 -0.006856 0.071822 0.002262
116 22.140388 -0.000006 -0.000023 -0.039042 -0.011711 -0.000988
117 -1.699219 -12.875612 4.918510 1.138200 -0.217765 -0.433720
118 20.938606 0.000011 -0.000008 0.045425 -0.088650 0.020882
119 21.993622 -0.000011 -0.000061 0.028957 -0.039509 0.050443
120 22.563797 -0.000018 -0.000008 0.036415 -0.062040 -0.073027
121 22.643349 -0.000002 -0.000031 -0.020596 0.030112 0.021125
122 22.238060 -0.000009 -0.000031 -0.069748 -0.054517 0.032104
123 -1.634338 -9.854568 8.052343 0.735785 -0.382208 -0.321260
124 22.205292 0.000000 -0.000031 0.050285 -0.097842 0.007601
125 22.804375 -0.000004 -0.000038 0.027903 -0.057437 0.035561
126 23.051655 -0.000002 0.000000 0.033980 -0.075417 -0.056404
127 22.939983 0.000003 -0.000038 -0.018114 -0.020246 0.020436
128 22.472065 -0.000002 -0.000015 -0.059501 -0.105895 0.039647
129 -1.616150 -5.333254 10.147438 0.347369 -0.435765 -0.141108
130 23.451309 -0.000002 -0.000023 0.029340 -0.103170 0.004820
131 23.608025 -0.000003 -0.000038 0.015974 0.024079 -0.015383
132 23.536228 -0.000001 -0.000031 0.017893 -0.277116 0.009520
133 23.233967 0.000001 0.000008 -0.005668 -0.167974 0.042360
134 22.703674 0.000009 -0.000015 -0.021127 -0.146132 0.012206
135 -1.614548 -0.000000 10.883352 -0.008527 -0.506099 0.008366
136 23.962135 0.000001 -0.000031 -0.003963 -0.105970 0.008015
137 23.938950 -0.000003 0.000008 -0.003765 -0.075025 0.008686
138 23.736023 -0.000003 -0.000023 0.022699 -0.107800 -0.029561
139 23.354973 0.000005 -0.000038 0.023485 -0.085320 -0.034163
140 22.798935 -0.000010 -0.000023 0.026920 -0.165437 -0.030836
141 -1.616119 5.333251 10.147423 -0.372724 -0.474376 0.181152
142 23.451302 -0.000007 0.000008 -0.037400 -0.106437 0.009508
143 23.608017 -0.000003 -0.000046 -0.022872 -0.073185 -0.005638
144 23.536243 -0.000001 -0.000015 0.012828 -0.119440 -0.020880
145 23.233978 -0.000023 -0.000031 0.044947 -0.086871 -0.070677
146 22.703671 0.000008 -0.000008 0.066279 -0.162046 -0.075528
147 -1.634338 9.854562 8.052341 -0.750051 -0.377623 0.334996
148 22.205254 0.000000 0.000000 -0.059212 -0.104296 0.005691
149 22.804436 0.000002 -0.000069 -0.035953 -0.064329 -0.021472
150 23.051620 -0.000007 -0.000008 0.000085 -0.127131 -0.017882
151 22.939968 -0.000006 -0.000008 0.052870 -0.068365 -0.101930
152 22.472065 0.000000 -0.000031 0.096334 -0.136490 -0.125913
153 -1.699219 12.875607 4.918524 -1.151289 -0.211722 0.445002
154 20.938583 0.000021 -0.000008 -0.055557 -0.097819 -0.010359
155 21.993591 -0.000004 -0.000069 -0.038779 -0.049249 -0.039735
156 22.563801 0.000007 -0.000023 -0.015780 -0.131959 -0.019170
157 22.643356 0.000008 -0.000038 0.040109 -0.036095 -0.120425
158 22.238029 -0.000006 -0.000031 0.096310 -0.101018 -0.145206
159 -1.833771 13.936457 1.224504 -1.576601 0.004192 0.484652
160 20.406960 0.000010 -0.000046 -0.023586 -0.082113 -0.034967
161 21.655510 0.000011 -0.000008 -0.029975 -0.027459 -0.054510
162 22.360649 0.000010 -0.000015 -0.010890 -0.203018 -0.040236
163 22.519657 0.000006 -0.000023 0.048730 -0.059493 -0.154020
164 22.140381 0.000004 -0.000015 0.096084 -0.102838 -0.155448
165 -1.972580 12.875608 -3.614557 -1.842684 0.133837 0.445977
166 20.655174 0.000008 -0.000023 -0.008278 -0.069300 -0.043197
167 21.762260 0.000008 -0.000015 -0.030091 -0.012282 -0.055778
168 22.392159 0.000019 -0.000015 -0.048890 -0.138156 -0.028489
169 22.541340 0.000013 -0.000031 -0.033231 0.013715 -0.122073
170 22.217495 0.000008 -0.000008 -0.009122 -0.055525 -0.115236
171 -1.967316 9.854566 -7.722433 -2.169699 0.242183 0.340047
172 21.272728 0.000008 -0.000008 0.006315 -0.053834 -0.043185
173 22.032516 0.000025 -0.000046 -0.026490 0.005422 -0.051470
174 22.475662 0.000010 -0.000015 -0.056723 -0.140236 -0.039669
175 22.598713 0.000008 -0.000015 -0.058167 0.023436 -0.110334
176 22.407974 0.000019 -0.000023 -0.033504 -0.061173 -0.075910
177 -1.900848 5.333252 -10.470081 -2.606036 0.315030 0.185230
178 21.914330 0.000010 -0.000015 0.009811 -0.035230 -0.030438
179 22.319832 -0.000005 0.000000 -0.019149 0.025898 -0.035088
180 22.569626 0.000008 -0.000015 -0.046092 -0.136885 -0.061238
181 22.663204 0.000023 -0.000015 -0.056211 0.034741 -0.102139
182 22.604523 0.000015 -0.000031 -0.033367 -0.061421 -0.074325
183 -1.865570 -0.000002 -11.435442 3.133660 0.340770 0.002499
184 22.186684 -0.000004 -0.000008 -0.008459 -0.023870 -0.003296
185 22.443718 -0.000002 -0.000008 -0.008568 0.037860 -0.004307
186 22.611549 -0.000004 -0.000015 -0.009800 -0.121365 -0.088711
187 22.692009 0.000006 0.000000 -0.017242 0.053769 -0.087653
188 22.687653 0.000010 -0.000008 -0.009362 -0.051864 -0.092402
189 -1.900833 -5.333256 -10.470074 2.592434 0.312502 -0.181181
190 21.914352 0.000005 -0.000008 -0.023616 -0.030025 0.027409
191 22.319824 -0.000026 0.000000 0.003005 0.032297 0.028986
192 22.569626 0.000001 -0.000031 0.028838 -0.095142 -0.108677
193 22.663235 -0.000016 0.000000 0.019810 0.073310 -0.074026
194 22.604523 0.000005 -0.000008 0.022725 -0.032346 -0.082201
195 -1.967285 -9.854567 -7.722446 2.156396 0.237556 -0.334847
196 21.272720 -0.000021 -0.000008 -0.019734 -0.045401 0.043509
197 22.032471 -0.000002 -0.000023 0.011455 0.015674 0.049548
198 22.475693 -0.000013 -0.000031 0.043108 -0.074336 -0.110456
199 22.598701 0.000001 -0.000023 0.028126 0.085889 -0.052137
200 22.407986 -0.000008 -0.000015 0.032692 -0.010254 -0.068148
201 -1.972565 -12.875611 -3.614563 1.829901 0.127832 -0.439015
202 20.655182 0.000004 -0.000023 -0.004583 -0.059445 0.045869
203 21.762268 -0.000011 -0.000008 0.016632 -0.000616 0.058261
204 22.392151 -0.000010 -0.000038 0.042459 -0.062561 -0.102629
205 22.541340 -0.000009 -0.000031 0.014763 0.086152 -0.025229
206 22.217503 -0.000001 -0.000015 0.006754 -0.001075 -0.035428
207 0.059621 0.456168 0.250107 0.000000 -0.000000 0.000000
208 0.059621 0.456168 0.250107 0.000000 -0.000000 0.000000
time 11
  0 0.059621 0.456168 0.250107 0.000000 -0.000000 0.000000
  1 0.059621 0.456168 0.250107 0.000000 -0.000000 0.000000
  2 0.059621 0.456168 0.250107 0.000000 -0.000000 0.000000
  3 0.059621 0.456168 0.250107 0.000000 -0.000000 0.000000
  4 0.059621 0.456168 0.250107 0.000000 -0.000000 0.000000
  5 0.059621 0.456168 0.250107 0.000000 -0.000000 0.000000
  6 0.059621 0.456168 0.250107 0.000000 -0.000000 0.000000
  7 0.059621 0.456168 0.250107 0.000000 -0.000000 0.000000
  8 0.059621 0.456168 0.250107 0.000000 -0.000000 0.000000
  9 0.059621 0.456168 0.250107 0.000000 -0.000000 0.000000
 10 120.558746 39.731293 154.010239 -1.247281 -0.102395 1.663133
 11 24.668251 0.000000 -0.000038 0.964760 0.024070 -0.170213
 12 30.380142 0.000000 0.000000 1.645688 0.262794 0.274549
 13 19.902096 -0.000015 -0.000031 0.043652 -0.311574 -0.099174
 14 -88.350739 -21.637981 107.458252 -1.155606 -2.971226 -1.153531
 15 35.349514 0.000008 0.000015 -1.432567 -0.062813 0.425700
 16 37.124329 0.000000 0.000000 -2.246798 0.004820 0.395109
 17 0.059621 0.456168 0.250107 0.064768 -0.005215 -0.156772
 18 0.059621 -21.868710 98.277725 0.047173 1.672187 -1.523539
 19 -65.799553 -0.000020 1.142855 0.460457 -0.197516 -3.124268
 20 11.181580 0.005758 -0.002413 -0.000000 0.254797 0.000515
 21 27.835159 -0.000004 0.000011 2.695686 -0.020730 -0.086874
 22 5.330368 0.000000 0.000000 -3.070919 -0.014572 0.003512
 23 10.134888 -4.133393 3.834196 -0.681865 -1.173930 -2.497280
 24 10.134888 4.133398 3.834200 0.681900 -1.173919 2.497248
 25 22.592346 0.000010 17.467112 -0.000010 2.956431 0.000000
 26 21.199982 -7.744007 14.169516 -0.644457 -0.154503 -3.025319
 27 18.141998 -13.440227 7.965765 1.228366 -0.180197 3.082644
 28 21.199966 7.744021 14.169500 0.644460 -0.154503 3.025318
 29 18.141983 13.440235 7.965776 -0.316157 -0.180196 -3.082644
 30 11.858856 -13.359999 3.526506 1.542249 3.132957 0.174415
 31 9.463272 -16.404865 -2.906050 1.542282 3.132901 0.176490
 32 9.125244 -10.885478 -11.371334 0.000496 2.962373 0.000256
 33 11.858856 13.360001 3.526476 -1.542248 3.132957 -0.174414
 34 9.463242 16.404861 -2.906023 -1.542281 3.132900 -0.176490
 35 9.125259 10.885468 -11.371305 -0.000492 2.962373 0.000256
 36 9.023239 -0.000009 -17.296179 0.000180 -0.167048 -3.141356
 37 12.691422 -0.000010 -19.438770 -0.200402 2.219366 -0.241428
 38 10.989410 0.000000 -0.000015 -0.000705 -0.553188 0.000026
 39 12.871460 -10.586846 -15.652478 0.975864 2.557274 0.667400
 40 10.727005 0.000010 -0.000015 -0.205759 -0.538101 0.334866
 41 12.871445 10.586835 -15.652472 -0.991849 2.602900 -0.760277
 42 10.726974 -0.000023 0.000015 0.221509 -0.533613 -0.344468
 43 12.847214 -17.570084 -4.701349 1.275875 2.767866 0.946323
 44 11.496498 0.000008 -0.000015 -0.220746 -0.450599 0.356522
 45 12.847183 17.570076 -4.701357 -1.225964 2.732839 -0.908823
 46 11.496460 0.000000 0.000000 0.251221 -0.444160 -0.370890
 47 28.485947 0.000010 16.460352 -0.009556 0.367217 -0.033422
 48 23.052750 -6.207912 -0.077293 -1.470206 0.035100 -1.833545
 49 9.436907 -0.000004 -0.000015 -0.000147 0.488900 0.401350
 50 31.269341 0.000002 0.000000 0.006684 -0.219663 -0.006015
 51 28.756516 -0.000004 -0.000031 0.041423 -0.371999 -0.046654
 52 2.251991 -2.464411 -1.141647 0.469585 0.469149 -0.341065
 53 3.674030 -0.000008 0.000015 -0.275894 0.136635 0.205153
 54 3.614700 0.000004 0.000000 0.013291 0.150288 -0.003629
 55 9.035507 -2.494947 0.484573 -0.001175 0.258829 0.000693
 56 2.943581 -0.000002 -0.000031 0.010882 0.250046 -0.009076
 57 2.649426 0.000002 0.000031 -0.005701 0.259621 0.008095
 58 9.093620 -0.386669 0.647705 0.019889 0.431783 -0.014501
 59 3.451885 0.000006 0.000000 -0.013205 0.485156 0.009226
 60 2.898178 -0.000004 0.000031 0.000446 0.447240 0.000852
 61 8.894592 1.605848 0.371902 -0.000369 0.504231 -0.000259
 62 3.130405 0.000002 0.000046 0.004561 0.523539 -0.005677
 63 2.629532 0.000002 -0.000046 0.005833 0.500765 -0.006541
 64 8.470623 3.459524 0.131485 -0.020949 0.497852 0.011465
 65 2.410275 0.000000 -0.000046 0.023025 0.486334 -0.014782
 66 2.000786 0.000004 0.000015 -0.004241 0.489997 0.007747
 67 23.052750 6.207909 -0.077314 1.481823 0.058643 2.080206
 68 9.436897 0.000025 -0.000015 -0.020384 0.493666 0.294585
 69 31.269348 -0.000010 -0.000015 -0.747343 0.349254 -0.247130
 70 28.756546 -0.000015 -0.000011 -0.073265 -0.154568 0.060516
 71 2.251892 2.464409 -1.141563 -0.513217 0.249535 0.112914
 72 3.674103 0.000008 -0.000023 0.331388 -0.059506 -0.325011
 73 3.614677 0.000004 0.000023 0.067360 -0.216133 -0.086857
 74 9.035416 2.494946 0.484421 0.001362 -0.011534 -0.001673
 75 2.943573 0.000004 -0.000031 -0.011497 -0.020268 0.014556
 76 2.649445 0.000000 0.000015 0.006498 -0.010740 -0.008512
 77 9.093681 0.386673 0.647781 -0.018031 0.093461 0.020165
 78 3.451859 0.000000 0.000000 0.014953 0.008589 -0.019838
 79 2.898201 -0.000004 -0.000011 0.000683 -0.029445 -0.000917
 80 8.894409 -1.605850 0.371914 0.000566 0.090541 -0.000704
 81 3.130440 0.000000 -0.000038 -0.003896 -0.009289 0.005063
 82 2.629524 0.000000 0.000019 -0.004892 -0.032059 0.006589
 83 8.470604 -3.459522 0.131393 0.018786 0.137518 -0.020073
 84 2.410278 -0.000004 -0.000008 -0.024238 -0.029075 0.031299
 85 2.000755 0.000000 0.000015 0.005415 -0.025697 -0.007402
 86 9.832344 1.463058 -1.299431 0.016523 -0.031798 -0.020624
 87 25.040573 -5.670408 5.432785 -1.312160 -0.224887 -2.136065
 88 28.779694 -6.856316 -0.811428 -1.466235 0.019064 -1.725377
 89 29.182312 -3.955572 -4.961969 0.881870 2.552753 0.503940
 90 25.040558 5.670404 5.432747 1.296833 -0.398765 2.185823
 91 28.779724 6.856306 -0.811407 1.466235 0.019065 1.725381
 92 29.182281 3.955561 -4.961943 -0.881870 2.552752 -0.503940
 93 -65.335655 -0.000020 1.140919 -3.141591 0.044911 0.000000
 94 26.290924 -12.205290 1.157885 -2.074629 0.003837 0.103055
 95 49.071045 0.000008 0.000002 2.085725 0.316687 -0.509311
 96 61.871307 -0.000021 -0.000031 3.056464 0.341533 0.065833
 97 26.290924 12.205296 1.157843 2.042055 0.148140 -0.198052
 98 49.071053 0.000002 -0.000042 -1.657016 0.454747 1.356780
 99 61.871265 0.000018 -0.000031 -2.938668 0.684540 0.116802
100 -0.698059 -11.192118 -8.252768 1.221911 -0.449134 -0.701516
101 20.568245 0.000000 -0.000008 -0.093274 -0.020124 0.109621
102 0.223801 -5.734811 -12.929605 2.929998 0.482651 -0.411634
103 20.803574 -0.000015 -0.000023 0.013649 0.090411 0.299836
104 -1.039993 -3.033968 12.140512 1.550871 0.107373 -1.332549
105 -1.039993 3.034005 12.140503 -1.550872 0.107376 1.332548
106 4.165466 -5.407045 12.088392 1.031792 -1.029321 -0.694465
107 16.599442 -0.000004 -0.000015 0.081769 -0.328377 0.291400
108 4.165482 5.407081 12.088385 -1.124327 -1.046706 0.797394
109 16.599380 0.000011 -0.000031 -0.091034 -0.370111 -0.304601
110 6.428391 0.000001 -0.288944 -0.000001 -0.043633 0.000000
111 -1.833755 -13.936462 1.224503 1.563782 -0.001542 -0.459608
112 20.406952 -0.000006 -0.000031 0.011904 -0.055685 0.041516
113 21.655487 -0.000004 -0.000015 0.016887 -0.071995 0.092494
114 22.360680 -0.000006 -0.000023 0.037050 -0.077705 -0.090606
115 22.519661 -0.000010 -0.000015 -0.009806 0.114927 -0.040150
116 22.140392 -0.000007 -0.000031 -0.039158 0.004303 -0.001471
117 -1.699219 -12.875612 4.918510 1.135308 -0.211545 -0.418874
118 20.938606 0.000013 0.000008 0.045436 -0.072934 0.021641
119 21.993614 -0.000010 -0.000053 0.026990 -0.105901 0.079057
120 22.563797 -0.000015 -0.000008 0.037109 -0.079630 -0.073642
121 22.643353 0.000000 -0.000031 -0.022162 0.087148 -0.018778
122 22.238052 0.000000 -0.000031 -0.069959 -0.038510 0.031481
123 -1.634369 -9.854568 8.052349 0.731772 -0.371121 -0.309791
124 22.205292 0.000002 -0.000008 0.050290 -0.082482 0.008420
125 22.804375 -0.000001 -0.000031 0.026034 -0.131061 0.056002
126 23.051662 0.000010 0.000000 0.034316 -0.091074 -0.056086
127 22.939980 0.000010 -0.000038 -0.018064 0.049253 -0.009949
128 22.472069 0.000010 -0.000008 -0.059588 -0.089882 0.039136
129 -1.616165 -5.333253 10.147442 0.347124 -0.462543 -0.140698
130 23.451302 0.000000 -0.000008 0.029341 -0.088003 0.005299
131 23.608017 -0.000005 -0.000031 0.016182 0.018533 -0.021754
132 23.536221 -0.000002 -0.000031 0.022813 -0.244011 -0.007842
133 23.233971 0.000004 0.000000 -0.006004 -0.157373 0.044807
134 22.703678 0.000007 -0.000015 -0.021085 -0.130114 0.011875
135 -1.614548 -0.000000 10.883354 -0.008527 -0.490988 0.008366
136 23.962135 0.000001 -0.000031 -0.003963 -0.090860 0.008015
137 23.938957 -0.000003 0.000008 -0.003505 -0.153769 0.007583
138 23.736027 -0.000004 -0.000015 0.022502 -0.121303 -0.028787
139 23.354967 0.000005 -0.000023 0.023285 -0.004118 -0.033039
140 22.798931 -0.000009 -0.000015 0.026920 -0.149415 -0.030836
141 -1.616150 5.333252 10.147425 -0.370093 -0.460307 0.174908
142 23.451309 -0.000007 -0.000008 -0.037400 -0.091326 0.008920
143 23.608025 -0.000004 -0.000031 -0.021421 -0.150334 -0.017411
144 23.536247 -0.000001 -0.000023 0.012507 -0.132652 -0.020166
145 23.233974 -0.000021 -0.000023 0.043755 -0.008225 -0.052978
146 22.703674 0.000010 -0.000008 0.066556 -0.146027 -0.075563
147 -1.634354 9.854565 8.052347 -0.746221 -0.366650 0.323567
148 22.205254 0.000000 -0.000008 -0.059212 -0.089101 0.004746
149 22.804451 0.000000 -0.000084 -0.034182 -0.136981 -0.043328
150 23.051636 -0.000010 -0.000008 -0.000606 -0.140847 -0.016782
151 22.939976 -0.000008 -0.000015 0.051162 0.002156 -0.069657
152 22.472069 -0.000006 -0.000023 0.096553 -0.120471 -0.126007
153 -1.699219 12.875608 4.918526 -1.148529 -0.205660 0.430230
154 20.938591 0.000019 0.000000 -0.055563 -0.082304 -0.011268
155 21.993584 -0.000006 -0.000061 -0.036501 -0.114400 -0.069340
156 22.563797 0.000007 -0.000023 -0.016779 -0.147416 -0.017369
157 22.643349 0.000006 -0.000031 0.038894 0.021649 -0.078631
158 22.238033 -0.000010 -0.000023 0.096373 -0.085005 -0.145474
159 -1.833786 13.936458 1.224504 -1.576601 0.004192 0.468696
160 20.406960 0.000008 -0.000046 -0.023603 -0.066188 -0.035389
161 21.655510 0.000010 -0.000015 -0.028298 -0.082478 -0.087416
162 22.360657 0.000011 -0.000015 -0.012205 -0.220001 -0.037928
163 22.519665 0.000008 -0.000015 0.046032 -0.015018 -0.110591
164 22.140369 0.000002 -0.000008 0.096116 -0.087135 -0.156141
165 -1.972595 12.875609 -3.614557 -1.844694 0.129501 0.430443
166 20.655190 0.000013 -0.000015 -0.008278 -0.053279 -0.043197
167 21.762253 0.000010 -0.000023 -0.028994 -0.060542 -0.086864
168 22.392143 0.000013 -0.000015 -0.050094 -0.157480 -0.026252
169 22.541340 0.000013 -0.000023 -0.032991 0.047443 -0.081082
170 22.217499 0.000004 -0.000015 -0.009656 -0.039985 -0.116912
171 -1.967331 9.854567 -7.722435 -2.172837 0.233106 0.326476
172 21.272728 0.000006 0.000000 0.006315 -0.037813 -0.043185
173 22.032516 0.000029 -0.000046 -0.026113 -0.035604 -0.077058
174 22.475670 0.000011 -0.000015 -0.057741 -0.160708 -0.037737
175 22.598709 0.000011 -0.000008 -0.057770 0.048885 -0.077273
176 22.407974 0.000019 -0.000031 -0.034261 -0.046479 -0.077646
177 -1.900864 5.333253 -10.470076 -2.608567 0.301228 0.176712
178 21.914322 0.000010 -0.000015 0.009811 -0.019209 -0.030438
179 22.319839 -0.000003 0.000000 -0.019464 -0.007639 -0.050528
180 22.569618 0.000005 -0.000015 -0.046727 -0.158447 -0.060258
181 22.663204 0.000021 -0.000015 -0.055865 0.052843 -0.082656
182 22.604528 0.000017 -0.000023 -0.034097 -0.046847 -0.076109
183 -1.865585 -0.000002 -11.435444 3.133660 0.324748 0.002499
184 22.186691 -0.000004 -0.000008 -0.008459 -0.007848 -0.003296
185 22.443718 -0.000002 -0.000011 -0.008346 0.008209 -0.004649
186 22.611542 -0.000004 -0.000015 -0.009852 -0.143661 -0.089962
187 22.692020 0.000008 0.000008 -0.017274 0.068310 -0.087701
188 22.687660 0.000013 -0.000015 -0.009753 -0.037281 -0.094023
189 -1.900864 -5.333257 -10.470072 2.595001 0.298812 -0.172469
190 21.914345 0.000009 -0.000008 -0.023640 -0.014007 0.027162
191 22.319824 -0.000025 0.000000 0.003289 -0.001621 0.044655
192 22.569626 -0.000004 -0.000031 0.029612 -0.116913 -0.111423
193 22.663239 -0.000018 0.000000 0.018683 0.091985 -0.094153
194 22.604523 0.000008 -0.000008 0.022856 -0.017647 -0.083081
195 -1.967316 -9.854567 -7.722441 2.159499 0.228655 -0.321167
196 21.272720 -0.000023 -0.000008 -0.019744 -0.029381 0.043384
197 22.032478 0.000002 -0.000031 0.011468 -0.026036 0.075028
198 22.475700 -0.000015 -0.000031 0.044127 -0.095339 -0.113505
199 22.598717 -0.000002 -0.000023 0.025661 0.112170 -0.085105
200 22.407995 -0.000009 -0.000023 0.032932 0.004594 -0.068504
201 -1.972580 -12.875610 -3.614561 1.831827 0.123694 -0.423418
202 20.655174 0.000004 -0.000023 -0.004583 -0.043423 0.045869
203 21.762276 -0.000011 -0.000015 0.016022 -0.049759 0.088814
204 22.392166 -0.000011 -0.000031 0.043525 -0.082894 -0.105246
205 22.541340 -0.000010 -0.000031 0.011634 0.120472 -0.065193
206 22.217512 0.000001 -0.000015 0.006887 0.014376 -0.035681
207 0.059621 0.456168 0.250107 0.000000 -0.000000 0.000000
208 0.059621 0.456168 0.250107 0.000000 -0.000000 0.000000
time 12
  0 0.059621 0.456168 0.250107 0.000000 -0.000000 0.000000
  1 0.059621 0.456168 0.250107 0.000000 -0.000000 0.000000
  2 0.059621 0.456168 0.250107 0.000000 -0.000000 0.000000
  3 0.059621 0.456168 0.250107 0.000000 -0.000000 0.000000
  4 0.059621 0.456168 0.250107 0.000000 -0.000000 0.000000
  5 0.059621 0.456168 0.250107 0.000000 -0.000000 0.000000
  6 0.059621 0.456168 0.250107 0.000000 -0.000000 0.000000
  7 0.059621 0.456168 0.250107 0.000000 -0.000000 0.000000
  8 0.059621 0.456168 0.250107 0.000000 -0.000000 0.000000
  9 0.059621 0.456168 0.250107 0.000000 -0.000000 0.000000
 10 120.558746 39.731293 154.010239 -1.246236 -0.098667 1.647887
 11 24.668243 0.000000 -0.000038 0.964679 0.006882 -0.170104
 12 30.380142 -0.000015 -0.000008 1.650347 0.252869 0.292828
 13 19.902065 0.000015 0.000000 0.045425 -0.296779 -0.098192
 14 -88.350739 -21.637981 107.458252 -1.158129 -2.964760 -1.142969
 15 35.349514 0.000000 0.000015 -1.432369 -0.080369 0.425531
 16 37.124321 -0.000015 -0.000008 -2.246974 -0.001693 0.383593
 17 0.059621 0.456168 0.250107 0.064768 -0.005215 -0.156772
 18 0.059621 -21.868710 98.277725 0.039741 1.688195 -1.531003
 19 -65.799545 -0.000020 1.142857 0.300331 -0.133499 -3.130819
 20 11.181595 0.005760 -0.002409 0.000000 0.254797 0.000515
 21 27.835175 -0.000003 0.000011 2.859418 -0.060815 -0.054975
 22 5.330383 0.000000 0.000000 -3.070919 -0.014572 0.003512
 23 10.134888 -4.133393 3.834198 -0.681864 -1.173930 -2.497280
 24 10.134888 4.133398 3.834200 0.681900 -1.173919 2.497248
 25 22.592361 0.000008 17.467110 -0.000010 2.956431 0.000000
 26 21.199982 -7.744009 14.169514 -0.644457 -0.154503 -3.025319
 27 18.142014 -13.440228 7.965775 1.228366 -0.180197 3.082644
 28 21.199982 7.744023 14.169498 0.644460 -0.154503 3.025318
 29 18.141998 13.440238 7.965775 -0.316157 -0.180196 -3.082644
 30 11.858871 -13.359999 3.526516 1.542249 3.132957 0.174415
 31 9.463272 -16.404865 -2.906044 1.542282 3.132901 0.176490
 32 9.125259 -10.885477 -11.371323 0.000496 2.962373 0.000256
 33 11.858856 13.360005 3.526472 -1.542248 3.132957 -0.174414
 34 9.463257 16.404865 -2.906023 -1.542281 3.132900 -0.176490
 35 9.125275 10.885473 -11.371305 -0.000492 2.962373 0.000256
 36 9.023224 -0.000004 -17.296173 0.000180 -0.167048 -3.141356
 37 12.691406 -0.000004 -19.438763 -0.292964 2.277273 -0.356897
 38 10.989410 0.000000 0.000000 -0.000446 -0.538484 0.000016
 39 12.871475 -10.586844 -15.652470 0.933512 2.585079 0.590744
 40 10.727005 0.000006 -0.000031 -0.204585 -0.523535 0.332698
 41 12.871460 10.586840 -15.652470 -1.019194 2.680271 -0.809405
 42 10.726982 -0.000023 0.000000 0.220580 -0.519098 -0.341943
 43 12.847214 -17.570084 -4.701340 1.261467 2.808164 0.908031
 44 11.496490 0.000004 -0.000031 -0.220746 -0.450599 0.356522
 45 12.847183 17.570086 -4.701357 -1.240313 2.803921 -0.938625
 46 11.496468 -0.000004 -0.000015 0.251221 -0.444160 -0.370890
 47 28.485962 0.000009 16.460358 -0.009615 0.383234 -0.033796
 48 23.052765 -6.207913 -0.077290 -1.470206 0.035100 -1.833545
 49 9.436909 -0.000006 -0.000015 -0.000147 0.488900 0.401350
 50 31.269333 0.000000 -0.000031 0.006453 -0.204560 -0.005584
 51 28.756512 0.000000 -0.000015 0.041093 -0.357370 -0.045675
 52 2.251991 -2.464409 -1.141663 0.473888 0.483487 -0.333084
 53 3.674042 -0.000023 0.000015 -0.276524 0.152199 0.201319
 54 3.614693 0.000008 0.000000 0.013242 0.166291 -0.002869
 55 9.035503 -2.494946 0.484558 -0.001244 0.274846 0.001053
 56 2.943581 0.000002 0.000000 0.010773 0.266059 -0.008607
 57 2.649429 0.000000 0.000015 -0.005994 0.275638 0.008248
 58 9.093620 -0.386671 0.647705 0.020000 0.447791 -0.013806
 59 3.451885 0.000002 0.000000 -0.013574 0.501174 0.009221
 60 2.898163 0.000002 0.000031 0.000031 0.463256 0.000876
 61 8.894585 1.605846 0.371902 -0.000441 0.520248 0.000094
 62 3.130402 0.000002 0.000046 0.004317 0.539556 -0.005452
 63 2.629539 0.000000 -0.000046 0.005487 0.516783 -0.006559
 64 8.470619 3.459524 0.131485 -0.021230 0.513871 0.011461
 65 2.410271 -0.000006 -0.000046 0.022948 0.502345 -0.014246
 66 2.000778 0.000002 0.000008 -0.004672 0.506014 0.007621
 67 23.052765 6.207910 -0.077309 1.481823 0.058643 2.080206
 68 9.436890 0.000023 0.000000 0.086376 0.447399 0.100215
 69 31.269356 -0.000011 -0.000023 -0.736847 0.258567 -0.194008
 70 28.756516 -0.000008 -0.000015 0.030724 -0.139798 0.017187
 71 2.251892 2.464405 -1.141556 -0.513217 0.249535 0.112914
 72 3.674103 0.000004 -0.000019 0.331388 -0.059506 -0.325011
 73 3.614685 0.000000 0.000015 0.067360 -0.216133 -0.086857
 74 9.035408 2.494946 0.484421 0.001362 -0.011534 -0.001673
 75 2.943573 0.000000 -0.000031 -0.011497 -0.020268 0.014556
 76 2.649437 0.000000 0.000015 0.006498 -0.010740 -0.008512
 77 9.093689 0.386669 0.647781 -0.018031 0.093461 0.020165
 78 3.451874 0.000008 -0.000008 0.014953 0.008589 -0.019838
 79 2.898209 0.000000 -0.000015 0.000684 -0.029445 -0.000917
 80 8.894409 -1.605854 0.371918 0.000566 0.090541 -0.000704
 81 3.130432 -0.000004 -0.000046 -0.003896 -0.009289 0.005063
 82 2.629524 0.000000 0.000023 -0.004892 -0.032059 0.006589
 83 8.470619 -3.459522 0.131393 0.018786 0.137518 -0.020073
 84 2.410278 0.000000 -0.000015 -0.024238 -0.029075 0.031299
 85 2.000755 0.000000 0.000023 0.005415 -0.025697 -0.007402
 86 9.832359 1.463058 -1.299431 0.016522 -0.031798 -0.020624
 87 25.040604 -5.670408 5.432793 -1.312160 -0.224888 -2.136065
 88 28.779709 -6.856315 -0.811428 -1.466235 0.019064 -1.725377
 89 29.182312 -3.955569 -4.961962 0.881870 2.552753 0.503940
 90 25.040573 5.670405 5.432751 1.296833 -0.398765 2.185823
 91 28.779739 6.856307 -0.811405 1.466235 0.019065 1.725381
 92 29.182281 3.955562 -4.961943 -0.881870 2.552752 -0.503941
 93 -65.335648 -0.000020 1.140919 -3.141591 0.044911 0.000000
 94 26.290924 -12.205290 1.157885 -2.073461 -0.003981 0.089122
 95 49.071022 0.000008 0.000003 2.090827 0.309847 -0.495753
 96 61.871307 -0.000025 -0.000038 3.055981 0.325630 0.067562
 97 26.290924 12.205294 1.157843 2.042953 0.140666 -0.183775
 98 49.071053 0.000001 -0.000038 -1.663648 0.454562 1.342455
 99 61.871262 0.000019 -0.000038 -2.940887 0.669060 0.111640
100 -0.698074 -11.192117 -8.252768 1.221560 -0.470497 -0.700772
101 20.568237 -0.000008 0.000000 -0.094113 -0.004794 0.109067
102 0.223770 -5.734809 -12.929611 2.927840 0.466138 -0.416376
103 20.803574 -0.000015 -0.000015 0.013686 0.106402 0.300825
104 -1.040009 -3.033968 12.140514 1.552210 0.106356 -1.316472
105 -1.040009 3.034004 12.140503 -1.552211 0.106358 1.316471
106 4.165421 -5.407044 12.088394 1.014903 -1.034283 -0.674820
107 16.599445 0.000004 -0.000015 0.081065 -0.313528 0.293425
108 4.165466 5.407081 12.088385 -1.100185 -1.041238 0.769606
109 16.599373 0.000008 0.000000 -0.090232 -0.355390 -0.306804
110 6.428391 0.000001 -0.288944 -0.000001 -0.027612 0.000000
111 -1.833771 -13.936462 1.224504 1.563782 -0.001542 -0.443587
112 20.406944 0.000000 -0.000015 0.011901 -0.039666 0.041768
113 21.655495 0.000000 -0.000015 0.014572 -0.116382 0.118045
114 22.360672 -0.000004 -0.000031 0.036910 -0.110621 -0.081179
115 22.519665 -0.000008 -0.000008 -0.013392 0.143102 -0.075286
116 22.140388 -0.000007 -0.000015 -0.039274 0.020317 -0.001953
117 -1.699203 -12.875611 4.918507 1.132332 -0.205092 -0.404028
118 20.938606 0.000013 0.000000 0.045448 -0.057097 0.022401
119 21.993614 -0.000002 -0.000061 0.024058 -0.158523 0.102152
120 22.563778 -0.000011 0.000000 0.036680 -0.114135 -0.063775
121 22.643345 0.000004 -0.000031 -0.024887 0.126492 -0.051029
122 22.238052 0.000001 -0.000038 -0.070171 -0.022502 0.030858
123 -1.634338 -9.854568 8.052347 0.727710 -0.359679 -0.298324
124 22.205299 0.000002 -0.000023 0.050296 -0.066851 0.009240
125 22.804375 0.000000 -0.000046 0.023445 -0.189801 0.072550
126 23.051647 0.000007 0.000000 0.033716 -0.126401 -0.048112
127 22.939976 0.000008 -0.000038 -0.019466 0.098758 -0.034005
128 22.472065 0.000006 -0.000023 -0.059674 -0.073869 0.038626
129 -1.616135 -5.333254 10.147442 0.347236 -0.483729 -0.140816
130 23.451309 0.000000 -0.000023 0.029342 -0.072479 0.005778
131 23.608017 -0.000003 -0.000023 0.016530 0.001726 -0.021056
132 23.536232 0.000001 -0.000023 0.027009 -0.216572 -0.024646
133 23.233974 0.000005 0.000015 -0.004837 -0.134223 0.039774
134 22.703678 0.000010 -0.000015 -0.021026 -0.114095 0.011544
135 -1.614532 -0.000000 10.883352 -0.008527 -0.475494 0.008366
136 23.962128 0.000001 -0.000023 -0.003963 -0.075366 0.008015
137 23.938965 -0.000003 0.000015 -0.003662 -0.216907 0.006666
138 23.736023 -0.000003 -0.000023 0.022114 -0.156750 -0.028467
139 23.354977 0.000005 -0.000023 0.023134 0.055136 -0.031880
140 22.798943 -0.000010 -0.000031 0.026920 -0.133394 -0.030836
141 -1.616119 5.333251 10.147425 -0.367371 -0.445871 0.168580
142 23.451324 -0.000008 0.000000 -0.037400 -0.075837 0.008331
143 23.608017 -0.000004 -0.000038 -0.019746 -0.212356 -0.026812
144 23.536243 -0.000001 -0.000015 0.012839 -0.167187 -0.023983
145 23.233978 -0.000021 -0.000031 0.043694 0.049300 -0.038828
146 22.703674 0.000011 0.000000 0.066834 -0.130007 -0.075613
147 -1.634354 9.854564 8.052347 -0.742261 -0.355337 0.312055
148 22.205261 0.000000 0.000008 -0.059213 -0.073571 0.003801
149 22.804443 0.000002 -0.000076 -0.031261 -0.195488 -0.061037
150 23.051624 -0.000008 0.000000 0.000093 -0.174072 -0.023870
151 22.939972 -0.000007 -0.000008 0.051258 0.053375 -0.043497
152 22.472069 -0.000002 -0.000031 0.096773 -0.104452 -0.126139
153 -1.699219 12.875607 4.918526 -1.145658 -0.199378 0.415398
154 20.938583 0.000017 -0.000008 -0.055569 -0.066587 -0.012176
155 21.993591 -0.000008 -0.000069 -0.033185 -0.166669 -0.093390
156 22.563805 0.000002 -0.000023 -0.015913 -0.179502 -0.026485
157 22.643353 0.000002 -0.000031 0.039513 0.062548 -0.044331
158 22.238033 -0.000016 -0.000015 0.096436 -0.068993 -0.145859
159 -1.833771 13.936458 1.224504 -1.576601 0.004192 0.452712
160 20.406952 0.000004 -0.000038 -0.023619 -0.050225 -0.035811
161 21.655510 0.000010 -0.000015 -0.025642 -0.126467 -0.113944
162 22.360657 0.000006 -0.000031 -0.010643 -0.249925 -0.047704
163 22.519665 0.000006 -0.000023 0.045042 0.015294 -0.074350
164 22.140373 0.000000 0.000000 0.096147 -0.071310 -0.156936
165 -1.972580 12.875609 -3.614555 -1.846704 0.125165 0.414900
166 20.655182 0.000013 -0.000015 -0.008278 -0.037257 -0.043197
167 21.762253 0.000006 -0.000023 -0.027118 -0.099200 -0.112090
168 22.392159 0.000013 -0.000015 -0.049324 -0.187553 -0.035270
169 22.541340 0.000015 -0.000023 -0.031982 0.068692 -0.046767
170 22.217491 0.000004 -0.000015 -0.010358 -0.024313 -0.118760
171 -1.967316 9.854567 -7.722435 -2.175974 0.224028 0.312906
172 21.272720 0.000006 -0.000008 0.006315 -0.021791 -0.043185
173 22.032509 0.000029 -0.000061 -0.025084 -0.068590 -0.097977
174 22.475662 0.000004 0.000000 -0.057148 -0.189636 -0.045063
175 22.598711 0.000010 -0.000015 -0.057005 0.063443 -0.049375
176 22.407970 0.000021 -0.000023 -0.035178 -0.031305 -0.079541
177 -1.900833 5.333253 -10.470081 -2.611099 0.287426 0.168192
178 21.914322 0.000008 -0.000023 0.009811 -0.003187 -0.030438
179 22.319847 -0.000003 0.000000 -0.019153 -0.034662 -0.063278
180 22.569618 0.000006 -0.000008 -0.046384 -0.186180 -0.064849
181 22.663208 0.000025 -0.000015 -0.055365 0.061386 -0.066188
182 22.604515 0.000019 -0.000031 -0.034952 -0.031734 -0.077994
183 -1.865585 -0.000002 -11.435440 3.133660 0.308727 0.002499
184 22.186676 -0.000004 -0.000008 -0.008459 0.008173 -0.003296
185 22.443726 -0.000002 -0.000008 -0.008152 -0.015632 -0.004987
186 22.611542 -0.000004 -0.000011 -0.009565 -0.170980 -0.091314
187 22.692017 0.000007 0.000000 -0.017320 0.073835 -0.088137
188 22.687653 0.000010 -0.000008 -0.010206 -0.022131 -0.095644
189 -1.900848 -5.333256 -10.470076 2.597568 0.285122 -0.163757
190 21.914345 0.000003 -0.000004 -0.023665 0.002011 0.026875
191 22.319824 -0.000027 -0.000004 0.003079 -0.028838 0.057508
192 22.569626 -0.000001 -0.000023 0.029683 -0.145063 -0.108650
193 22.663231 -0.000024 0.000000 0.017431 0.100960 -0.111702
194 22.604523 0.000006 -0.000008 0.023005 -0.002402 -0.083962
195 -1.967300 -9.854566 -7.722441 2.162601 0.219754 -0.307488
196 21.272705 -0.000021 -0.000008 -0.019757 -0.013362 0.043203
197 22.032478 0.000000 -0.000031 0.010607 -0.059343 0.095774
198 22.475685 -0.000015 -0.000031 0.044142 -0.125172 -0.107451
199 22.598709 -0.000002 -0.000023 0.023045 0.127164 -0.113276
200 22.407986 -0.000012 -0.000008 0.033247 0.019931 -0.068860
201 -1.972565 -12.875611 -3.614559 1.833752 0.119557 -0.407820
202 20.655167 0.000008 -0.000015 -0.004583 -0.027401 0.045869
203 21.762276 -0.000011 -0.000008 0.014436 -0.088781 0.113394
204 22.392159 -0.000011 -0.000046 0.043463 -0.114376 -0.096886
205 22.541340 -0.000011 -0.000015 0.008148 0.141735 -0.098732
206 22.217508 -0.000005 -0.000023 0.007075 0.030065 -0.035934
207 0.059621 0.456168 0.250107 0.000000 -0.000000 0.000000
208 0.059621 0.456168 0.250107 0.000000 -0.000000 0.000000
time 13
  0 0.059621 0.456168 0.250107 0.000000 -0.000000 0.000000
  1 0.059621 0.456168 0.250107 0.000000 -0.000000 0.000000
  2 0.059621 0.456168 0.250107 0.000000 -0.000000 0.000000
  3 0.059621 0.456168 0.250107 0.000000 -0.000000 0.000000
  4 0.059621 0.456168 0.250107 0.000000 -0.000000 0.000000
  5 0.059621 0.456168 0.250107 0.000000 -0.000000 0.000000
  6 0.059621 0.456168 0.250107 0.000000 -0.000000 0.000000
  7 0.059621 0.456168 0.250107 0.000000 -0.000000 0.000000
  8 0.059621 0.456168 0.250107 0.000000 -0.000000 0.000000
  9 0.059621 0.456168 0.250107 0.000000 -0.000000 0.000000
 10 120.558746 39.731293 154.010239 -1.244877 -0.093809 1.634588
 11 24.668251 0.000031 -0.000031 0.964614 -0.004827 -0.172458
 12 30.380142 0.000000 -0.000008 1.655171 0.240846 0.312417
 13 19.902088 -0.000015 0.000000 0.046972 -0.282677 -0.097100
 14 -88.350739 -21.637981 107.458252 -1.160331 -2.959120 -1.128816
 15 35.349510 0.000008 0.000031 -1.432424 -0.098292 0.428828
 16 37.124329 -0.000015 -0.000023 -2.247126 -0.010435 0.371705
 17 0.059621 0.456168 0.250107 0.064768 -0.005215 -0.156772
 18 0.059621 -21.868710 98.277725 0.033259 1.702158 -1.537511
 19 -65.799538 -0.000020 1.142859 0.157380 -0.074480 -3.136533
 20 11.181595 0.005759 -0.002411 -0.000000 0.254797 0.000515
 21 27.835175 -0.000001 0.000015 3.002248 -0.095782 -0.027148
 22 5.330368 -0.000000 -0.000004 -3.070919 -0.014572 0.003512
 23 10.134872 -4.133394 3.834202 -0.681864 -1.173930 -2.497281
 24 10.134888 4.133399 3.834200 0.681901 -1.173919 2.497248
 25 22.592361 0.000009 17.467115 -0.000010 2.956431 0.000000
 26 21.199982 -7.744010 14.169519 -0.644457 -0.154503 -3.025319
 27 18.142014 -13.440229 7.965773 1.228366 -0.180197 3.082644
 28 21.199966 7.744024 14.169500 0.644460 -0.154503 3.025318
 29 18.141998 13.440239 7.965773 -0.316157 -0.180196 -3.082644
 30 11.858871 -13.360003 3.526516 1.542249 3.132957 0.174415
 31 9.463272 -16.404869 -2.906042 1.542282 3.132901 0.176490
 32 9.125244 -10.885477 -11.371327 0.000496 2.962373 0.000256
 33 11.858841 13.360008 3.526476 -1.542248 3.132957 -0.174414
 34 9.463242 16.404869 -2.906021 -1.542281 3.132900 -0.176490
 35 9.125259 10.885475 -11.371304 -0.000492 2.962373 0.000256
 36 9.023224 -0.000004 -17.296177 0.000180 -0.167048 -3.141356
 37 12.691406 -0.000004 -19.438766 -0.359619 2.306270 -0.440322
 38 10.989410 0.000000 0.000000 -0.000220 -0.524150 0.000008
 39 12.871460 -10.586843 -15.652470 0.905815 2.602359 0.539656
 40 10.727020 0.000008 -0.000015 -0.203079 -0.509399 0.329882
 41 12.871460 10.586843 -15.652469 -1.046982 2.725831 -0.863308
 42 10.726990 -0.000023 0.000015 0.219324 -0.505021 -0.338779
 43 12.847214 -17.570084 -4.701338 1.249726 2.835536 0.875233
 44 11.496513 0.000008 -0.000031 -0.220746 -0.450599 0.356522
 45 12.847183 17.570086 -4.701357 -1.257612 2.849158 -0.981452
 46 11.496475 -0.000004 0.000000 0.251221 -0.444160 -0.370890
 47 28.485947 0.000010 16.460360 -0.009667 0.397207 -0.034123
 48 23.052765 -6.207912 -0.077293 -1.470206 0.035100 -1.833545
 49 9.436905 -0.000006 -0.000031 -0.000147 0.488900 0.401350
 50 31.269333 0.000008 0.000000 0.006208 -0.190342 -0.005155
 51 28.756508 0.000006 -0.000015 0.040677 -0.343053 -0.044659
 52 2.251987 -2.464407 -1.141647 0.477642 0.495995 -0.326122
 53 3.674046 -0.000015 0.000000 -0.277074 0.165777 0.197975
 54 3.614697 0.000008 0.000000 0.013198 0.180251 -0.002205
 55 9.035505 -2.494946 0.484558 -0.001304 0.288818 0.001366
 56 2.943588 -0.000004 -0.000015 0.010678 0.280029 -0.008198
 57 2.649429 0.000004 0.000031 -0.006249 0.289611 0.008382
 58 9.093620 -0.386669 0.647705 0.020096 0.461756 -0.013199
 59 3.451889 0.000000 0.000000 -0.013895 0.515146 0.009216
 60 2.898178 0.000002 0.000038 -0.000330 0.477228 0.000896
 61 8.894588 1.605854 0.371902 -0.000504 0.534220 0.000403
 62 3.130402 0.000002 0.000046 0.004104 0.553527 -0.005255
 63 2.629532 0.000000 -0.000038 0.005186 0.530756 -0.006574
 64 8.470621 3.459528 0.131485 -0.021476 0.527845 0.011458
 65 2.410263 -0.000002 -0.000046 0.022881 0.516313 -0.013778
 66 2.000786 0.000004 0.000008 -0.005048 0.519986 0.007510
 67 23.052765 6.207910 -0.077309 1.481823 0.058643 2.080206
 68 9.436897 0.000025 0.000000 0.220114 0.341494 -0.063664
 69 31.269348 -0.000008 -0.000031 -0.712568 0.053835 -0.072643
 70 28.756531 0.000000 -0.000031 0.121438 -0.126912 -0.020611
 71 2.251892 2.464409 -1.141556 -0.513217 0.249535 0.112914
 72 3.674088 0.000008 -0.000023 0.331388 -0.059506 -0.325011
 73 3.614685 0.000008 0.000015 0.067360 -0.216133 -0.086857
 74 9.035416 2.494946 0.484436 0.001362 -0.011534 -0.001673
 75 2.943573 0.000004 -0.000031 -0.011497 -0.020268 0.014556
 76 2.649441 0.000008 0.000000 0.006498 -0.010740 -0.008512
 77 9.093697 0.386673 0.647766 -0.018031 0.093461 0.020165
 78 3.451859 0.000004 -0.000008 0.014953 0.008589 -0.019838
 79 2.898201 -0.000008 -0.000015 0.000684 -0.029445 -0.000917
 80 8.894421 -1.605846 0.371902 0.000566 0.090541 -0.000704
 81 3.130440 0.000000 -0.000046 -0.003896 -0.009289 0.005063
 82 2.629517 0.000004 0.000015 -0.004892 -0.032059 0.006589
 83 8.470619 -3.459518 0.131393 0.018786 0.137518 -0.020073
 84 2.410278 0.000000 -0.000015 -0.024238 -0.029075 0.031299
 85 2.000748 -0.000004 0.000031 0.005415 -0.025697 -0.007402
 86 9.832355 1.463066 -1.299438 0.016523 -0.031798 -0.020624
 87 25.040588 -5.670407 5.432793 -1.312160 -0.224887 -2.136065
 88 28.779694 -6.856312 -0.811424 -1.466235 0.019064 -1.725377
 89 29.182312 -3.955568 -4.961964 0.881870 2.552753 0.503940
 90 25.040573 5.670406 5.432755 1.296833 -0.398765 2.185823
 91 28.779724 6.856312 -0.811401 1.466235 0.019065 1.725381
 92 29.182266 3.955563 -4.961945 -0.881870 2.552752 -0.503941
 93 -65.335655 -0.000020 1.140919 -3.141591 0.044911 0.000000
 94 26.290924 -12.205290 1.157887 -2.072441 -0.010801 0.076969
 95 49.071022 0.000004 0.000003 2.095688 0.303154 -0.482426
 96 61.871296 -0.000019 -0.000027 3.055559 0.311757 0.069071
 97 26.290924 12.205295 1.157846 2.043737 0.134146 -0.171320
 98 49.071045 0.000004 -0.000038 -1.671101 0.454320 1.325948
 99 61.871262 0.000021 -0.000031 -2.942824 0.655556 0.107137
100 -0.698059 -11.192118 -8.252764 1.221311 -0.483594 -0.700403
101 20.568245 0.000000 -0.000008 -0.094846 0.009323 0.108334
102 0.223785 -5.734809 -12.929607 2.926320 0.455348 -0.419688
103 20.803574 -0.000019 -0.000031 0.013734 0.120352 0.301687
104 -1.040009 -3.033968 12.140514 1.553378 0.105468 -1.302447
105 -1.039978 3.034004 12.140501 -1.553379 0.105470 1.302447
106 4.165451 -5.407045 12.088398 1.005106 -1.036861 -0.663501
107 16.599445 -0.000004 -0.000015 0.080111 -0.299369 0.295192
108 4.165482 5.407081 12.088385 -1.077657 -1.035141 0.744172
109 16.599380 0.000008 -0.000015 -0.089144 -0.341216 -0.308725
110 6.428391 0.000001 -0.288942 -0.000001 -0.013635 -0.000000
111 -1.833771 -13.936462 1.224506 1.563783 -0.001542 -0.429610
112 20.406944 0.000002 -0.000015 0.011898 -0.025691 0.041988
113 21.655495 -0.000002 -0.000015 0.012518 -0.143975 0.134251
114 22.360672 0.000002 -0.000031 0.035133 -0.151503 -0.062607
115 22.519657 0.000000 -0.000008 -0.015960 0.153522 -0.098036
116 22.140396 -0.000008 -0.000015 -0.039375 0.034287 -0.002374
117 -1.699219 -12.875614 4.918510 1.129603 -0.199097 -0.391077
118 20.938614 0.000013 -0.000008 0.045457 -0.043091 0.023064
119 21.993622 -0.000004 -0.000053 0.021436 -0.191908 0.117425
120 22.563782 -0.000011 0.000000 0.034681 -0.159227 -0.046036
121 22.643349 0.000006 -0.000023 -0.027028 0.144441 -0.071309
122 22.238049 0.000001 -0.000031 -0.070356 -0.008538 0.030315
123 -1.634369 -9.854568 8.052353 0.724086 -0.349141 -0.288320
124 22.205292 0.000006 -0.000008 0.050301 -0.052792 0.009955
125 22.804375 -0.000002 -0.000038 0.021129 -0.228020 0.083760
126 23.051655 0.000006 0.000000 0.031912 -0.174427 -0.034658
127 22.939983 0.000018 -0.000038 -0.020767 0.123763 -0.048758
128 22.472069 0.000015 -0.000015 -0.059749 -0.059900 0.038181
129 -1.616165 -5.333254 10.147442 0.347611 -0.497112 -0.141294
130 23.451302 0.000000 -0.000015 0.029343 -0.058375 0.006195
131 23.608017 -0.000003 -0.000031 0.016853 -0.023162 -0.014494
132 23.536224 0.000001 -0.000031 0.030111 -0.198440 -0.038412
133 23.233967 0.000005 0.000000 -0.003159 -0.103357 0.028624
134 22.703674 0.000010 -0.000015 -0.020948 -0.100122 0.011255
135 -1.614548 -0.000000 10.883356 -0.008527 -0.461374 0.008366
136 23.962128 0.000001 -0.000015 -0.003963 -0.061246 0.008015
137 23.938957 -0.000003 0.000008 -0.003151 -0.258713 0.006041
138 23.736023 -0.000003 -0.000015 0.022197 -0.206685 -0.028591
139 23.354977 0.000005 -0.000015 0.023104 0.087001 -0.030660
140 22.798935 -0.000009 -0.000023 0.026920 -0.119417 -0.030836
141 -1.616135 5.333251 10.147427 -0.364851 -0.432698 0.162926
142 23.451309 -0.000010 0.000008 -0.037399 -0.061728 0.007817
143 23.608017 -0.000004 -0.000038 -0.018291 -0.253525 -0.032932
144 23.536243 -0.000002 -0.000015 0.013943 -0.215874 -0.031276
145 23.233978 -0.000021 -0.000015 0.043998 0.080277 -0.029372
146 22.703674 0.000010 -0.000008 0.067076 -0.116033 -0.075679
147 -1.634338 9.854565 8.052347 -0.738599 -0.344934 0.301885
148 22.205261 0.000000 0.000008 -0.059214 -0.059492 0.002977
149 22.804459 0.000002 -0.000069 -0.028679 -0.234192 -0.072885
150 23.051636 -0.000010 0.000000 0.002384 -0.220233 -0.037333
151 22.939980 -0.000009 -0.000015 0.051867 0.080338 -0.026369
152 22.472073 -0.000006 -0.000031 0.096964 -0.090477 -0.126315
153 -1.699219 12.875607 4.918528 -1.142980 -0.193554 0.402362
154 20.938599 0.000017 0.000008 -0.055574 -0.052557 -0.012968
155 21.993584 -0.000010 -0.000053 -0.030311 -0.200579 -0.109353
156 22.563789 -0.000002 -0.000015 -0.012890 -0.222362 -0.044291
157 22.643351 0.000002 -0.000038 0.040368 0.082399 -0.021760
158 22.238033 -0.000013 -0.000015 0.096491 -0.055025 -0.146379
159 -1.833786 13.936460 1.224504 -1.576601 0.004192 0.438725
160 20.406967 0.000006 -0.000038 -0.023633 -0.036240 -0.036179
161 21.655510 0.000011 -0.000008 -0.023295 -0.154356 -0.130985
162 22.360645 0.000000 -0.000023 -0.005988 -0.287840 -0.067416
163 22.519663 0.000000 -0.000023 0.044701 0.028048 -0.050153
164 22.140373 -0.000006 0.000000 0.096175 -0.057311 -0.157789
165 -1.972580 12.875610 -3.614557 -1.848457 0.121382 0.401328
166 20.655174 0.000006 -0.000015 -0.008278 -0.023281 -0.043197
167 21.762238 0.000006 -0.000015 -0.025341 -0.123598 -0.128361
168 22.392159 0.000010 -0.000015 -0.046236 -0.223726 -0.053705
169 22.541348 0.000013 -0.000015 -0.031211 0.074954 -0.023982
170 22.217495 0.000008 -0.000008 -0.011235 -0.010434 -0.120641
171 -1.967316 9.854568 -7.722435 -2.178710 0.216109 0.301068
172 21.272713 0.000002 -0.000008 0.006315 -0.007815 -0.043185
173 22.032516 0.000027 -0.000046 -0.024056 -0.089458 -0.111535
174 22.475662 0.000008 -0.000015 -0.054596 -0.222737 -0.060357
175 22.598713 0.000006 -0.000008 -0.056529 0.065288 -0.030784
176 22.407974 0.000015 -0.000023 -0.036230 -0.017312 -0.081445
177 -1.900848 5.333253 -10.470076 -2.613306 0.275387 0.160756
178 21.914345 0.000008 -0.000023 0.009811 0.010789 -0.030438
179 22.319847 -0.000006 0.000000 -0.018775 -0.051820 -0.071629
180 22.569626 0.000003 -0.000015 -0.044854 -0.216076 -0.074338
181 22.663216 0.000023 -0.000015 -0.055156 0.059257 -0.055224
182 22.604511 0.000011 -0.000031 -0.035894 -0.017701 -0.079799
183 -1.865585 -0.000002 -11.435442 3.133660 0.294751 0.002499
184 22.186676 -0.000004 -0.000004 -0.008459 0.022150 -0.003296
185 22.443710 -0.000002 -0.000004 -0.008520 -0.030722 -0.005255
186 22.611542 -0.000004 -0.000008 -0.009293 -0.199392 -0.092688
187 22.692017 0.000006 0.000008 -0.017246 0.069666 -0.088866
188 22.687654 0.000011 -0.000008 -0.010699 -0.008024 -0.097059
189 -1.900848 -5.333258 -10.470074 2.599807 0.273180 -0.156157
190 21.914352 0.000005 -0.000011 -0.023690 0.015984 0.026563
191 22.319839 -0.000024 0.000004 0.002782 -0.046014 0.065900
192 22.569626 -0.000003 -0.000031 0.028820 -0.175557 -0.100836
193 22.663227 -0.000021 0.000008 0.016618 0.099131 -0.124030
194 22.604523 0.000008 -0.000015 0.023163 0.011758 -0.084729
195 -1.967316 -9.854567 -7.722441 2.165309 0.211990 -0.295555
196 21.272705 -0.000017 -0.000008 -0.019774 0.000613 0.042959
197 22.032478 0.000000 -0.000023 0.009720 -0.080210 0.109215
198 22.475693 -0.000017 -0.000038 0.042776 -0.159381 -0.093540
199 22.598705 -0.000004 -0.000015 0.021283 0.129214 -0.132342
200 22.407988 -0.000010 -0.000031 0.033640 0.034083 -0.069170
201 -1.972580 -12.875611 -3.614559 1.835432 0.115948 -0.394213
202 20.655151 0.000004 -0.000023 -0.004583 -0.013425 0.045869
203 21.762283 -0.000008 -0.000008 0.012897 -0.113083 0.129060
204 22.392166 -0.000010 -0.000031 0.041837 -0.152087 -0.079493
205 22.541340 -0.000010 -0.000023 0.005752 0.147728 -0.120831
206 22.217501 0.000004 -0.000015 0.007326 0.044127 -0.036155
207 0.059621 0.456168 0.250107 0.000000 -0.000000 0.000000
208 0.059621 0.456168 0.250107 0.000000 -0.000000 0.000000
time 14
  0 0.059621 0.456168 0.250107 0.000000 -0.000000 0.000000
  1 0.059621 0.456168 0.250107 0.000000 -0.000000 0.000000
  2 0.059621 0.456168 0.250107 0.000000 -0.000000 0.000000
  3 0.059621 0.456168 0.250107 0.000000 -0.000000 0.000000
  4 0.059621 0.456168 0.250107 0.000000 -0.000000 0.000000
  5 0.059621 0.456168 0.250107 0.000000 -0.000000 0.000000
  6 0.059621 0.456168 0.250107 0.000000 -0.000000 0.000000
  7 0.059621 0.456168 0.250107 0.000000 -0.000000 0.000000
  8 0.059621 0.456168 0.250107 0.000000 -0.000000 0.000000
  9 0.059621 0.456168 0.250107 0.000000 -0.000000 0.000000
 10 120.558746 39.731293 154.010239 -1.243173 -0.087711 1.625180
 11 24.668240 0.000000 -0.000046 0.964576 -0.009592 -0.177790
 12 30.380150 0.000000 0.000008 1.659412 0.227925 0.330488
 13 19.902084 0.000000 0.000000 0.048066 -0.270722 -0.095938
 14 -88.350739 -21.637981 107.458252 -1.161888 -2.955130 -1.110620
 15 35.349510 0.000008 0.000008 -1.432877 -0.116374 0.436392
 16 37.124336 -0.000015 -0.000008 -2.247235 -0.021693 0.360244
 17 0.059621 0.456168 0.250107 0.064768 -0.005215 -0.156772
 18 0.059621 -21.868710 98.277725 0.028673 1.712035 -1.542116
 19 -65.799545 -0.000020 1.142859 0.050853 -0.027470 -3.140575
 20 11.181580 0.005760 -0.002411 -0.000000 0.254797 0.000515
 21 27.835175 -0.000000 0.000008 3.103273 -0.120515 -0.007466
 22 5.330383 -0.000001 -0.000004 -3.070919 -0.014572 0.003512
 23 10.134888 -4.133391 3.834200 -0.681864 -1.173930 -2.497280
 24 10.134903 4.133399 3.834202 0.681901 -1.173919 2.497248
 25 22.592361 0.000010 17.467115 -0.000010 2.956431 0.000000
 26 21.199997 -7.744007 14.169519 -0.644457 -0.154503 -3.025319
 27 18.142014 -13.440224 7.965773 1.228366 -0.180197 3.082644
 28 21.199966 7.744023 14.169504 0.644460 -0.154503 3.025318
 29 18.142014 13.440236 7.965776 -0.316157 -0.180196 -3.082644
 30 11.858871 -13.359995 3.526514 1.542249 3.132957 0.174415
 31 9.463272 -16.404861 -2.906046 1.542282 3.132901 0.176490
 32 9.125244 -10.885472 -11.371326 0.000496 2.962373 0.000256
 33 11.858856 13.360003 3.526474 -1.542248 3.132957 -0.174414
 34 9.463257 16.404865 -2.906023 -1.542281 3.132900 -0.176490
 35 9.125275 10.885471 -11.371305 -0.000492 2.962373 0.000256
 36 9.023224 -0.000003 -17.296177 0.000180 -0.167048 -3.141356
 37 12.691406 -0.000003 -19.438766 -0.407642 2.310641 -0.498803
 38 10.989403 0.000000 0.000000 -0.000060 -0.511517 0.000002
 39 12.871475 -10.586840 -15.652473 0.895870 2.606995 0.521396
 40 10.727005 0.000009 -0.000046 -0.201216 -0.497030 0.326357
 41 12.871460 10.586841 -15.652473 -1.070919 2.753711 -0.911984
 42 10.726974 -0.000023 0.000015 0.217698 -0.492716 -0.334946
 43 12.847229 -17.570080 -4.701342 1.244488 2.847197 0.860050
 44 11.496506 0.000008 -0.000015 -0.220746 -0.450599 0.356522
 45 12.847183 17.570084 -4.701357 -1.271856 2.882740 -1.020552
 46 11.496468 -0.000004 -0.000015 0.251221 -0.444160 -0.370890
 47 28.485962 0.000011 16.460356 -0.009704 0.407090 -0.034354
 48 23.052765 -6.207910 -0.077293 -1.470206 0.035100 -1.833545
 49 9.436909 -0.000004 -0.000015 -0.000147 0.488900 0.401350
 50 31.269333 0.000008 -0.000031 0.005962 -0.178557 -0.004763
 51 28.756504 0.000010 -0.000015 0.040172 -0.330349 -0.043671
 52 2.251991 -2.464411 -1.141647 0.480298 0.504842 -0.321197
 53 3.674038 -0.000015 0.000015 -0.277463 0.175381 0.195610
 54 3.614700 0.000011 -0.000015 0.013168 0.190126 -0.001736
 55 9.035503 -2.494947 0.484558 -0.001346 0.298701 0.001588
 56 2.943573 0.000004 0.000000 0.010611 0.289909 -0.007909
 57 2.649429 0.000000 0.000015 -0.006430 0.299494 0.008476
 58 9.093624 -0.386673 0.647705 0.020165 0.471633 -0.012770
 59 3.451889 0.000000 0.000000 -0.014123 0.525029 0.009213
 60 2.898170 0.000000 0.000031 -0.000586 0.487110 0.000911
 61 8.894585 1.605852 0.371918 -0.000549 0.544103 0.000621
 62 3.130402 0.000000 0.000046 0.003953 0.563410 -0.005116
 63 2.629532 0.000002 -0.000038 0.004973 0.540640 -0.006585
 64 8.470623 3.459526 0.131485 -0.021649 0.537729 0.011456
 65 2.410263 0.000002 -0.000061 0.022833 0.526192 -0.013447
 66 2.000778 0.000004 0.000015 -0.005314 0.529869 0.007432
 67 23.052765 6.207911 -0.077316 1.481823 0.058643 2.080206
 68 9.436890 0.000019 -0.000015 0.334403 0.225297 -0.176825
 69 31.269356 -0.000015 -0.000061 -0.685321 -0.163954 0.059962
 70 28.756508 -0.000004 -0.000061 0.185602 -0.117799 -0.047346
 71 2.251900 2.464411 -1.141571 -0.513217 0.249535 0.112914
 72 3.674095 0.000008 -0.000031 0.331388 -0.059506 -0.325011
 73 3.614674 0.000004 0.000015 0.067360 -0.216133 -0.086857
 74 9.035419 2.494949 0.484406 0.001362 -0.011534 -0.001673
 75 2.943565 0.000002 -0.000031 -0.011497 -0.020268 0.014556
 76 2.649445 0.000002 0.000015 0.006498 -0.010740 -0.008512
 77 9.093693 0.386671 0.647766 -0.018031 0.093461 0.020165
 78 3.451859 0.000002 -0.000015 0.014953 0.008589 -0.019838
 79 2.898201 -0.000004 -0.000031 0.000684 -0.029445 -0.000917
 80 8.894417 -1.605850 0.371887 0.000566 0.090541 -0.000704
 81 3.130428 0.000000 -0.000046 -0.003896 -0.009289 0.005063
 82 2.629524 0.000002 0.000015 -0.004892 -0.032059 0.006589
 83 8.470604 -3.459520 0.131378 0.018786 0.137518 -0.020073
 84 2.410278 0.000000 0.000000 -0.024238 -0.029075 0.031299
 85 2.000748 0.000000 0.000015 0.005415 -0.025697 -0.007402
 86 9.832344 1.463058 -1.299438 0.016522 -0.031798 -0.020624
 87 25.040588 -5.670405 5.432793 -1.312160 -0.224887 -2.136065
 88 28.779709 -6.856310 -0.811432 -1.466235 0.019064 -1.725377
 89 29.182312 -3.955566 -4.961967 0.881870 2.552753 0.503940
 90 25.040573 5.670408 5.432747 1.296833 -0.398765 2.185823
 91 28.779724 6.856311 -0.811409 1.466235 0.019065 1.725381
 92 29.182281 3.955564 -4.961945 -0.881870 2.552752 -0.503941
 93 -65.335663 -0.000020 1.140920 -3.141591 0.044911 0.000000
 94 26.290909 -12.205290 1.157887 -2.071720 -0.015625 0.068372
 95 49.071030 0.000006 0.000006 2.099809 0.297215 -0.470512
 96 61.871300 -0.000022 -0.000031 3.055260 0.301945 0.070138
 97 26.290909 12.205297 1.157846 2.044291 0.129535 -0.162511
 98 49.071053 0.000002 -0.000032 -1.679134 0.454016 1.307624
 99 61.871269 0.000017 -0.000038 -2.944194 0.646004 0.103953
100 -0.698059 -11.192115 -8.252762 1.221199 -0.486943 -0.700465
101 20.568230 0.000000 0.000000 -0.095364 0.020545 0.107402
102 0.223785 -5.734809 -12.929605 2.925689 0.452296 -0.420900
103 20.803566 -0.000015 -0.000023 0.013795 0.130219 0.302297
104 -1.040024 -3.033968 12.140516 1.554204 0.104840 -1.292527
105 -1.039993 3.034004 12.140505 -1.554204 0.104842 1.292527
106 4.165436 -5.407045 12.088396 1.003091 -1.037286 -0.661245
107 16.599445 0.000004 -0.000031 0.078874 -0.287354 0.296441
108 4.165466 5.407080 12.088387 -1.059287 -1.028629 0.724201
109 16.599377 0.000011 -0.000031 -0.087730 -0.328981 -0.310085
110 6.428375 0.000001 -0.288942 -0.000001 -0.003750 0.000000
111 -1.833755 -13.936462 1.224504 1.563782 -0.001542 -0.419725
112 20.406944 -0.000002 -0.000015 0.011893 -0.015807 0.042143
113 21.655487 -0.000006 0.000000 0.011886 -0.150974 0.138707
114 22.360680 -0.000008 -0.000031 0.031396 -0.194836 -0.037852
115 22.519665 -0.000008 -0.000015 -0.016436 0.146242 -0.105618
116 22.140392 -0.000010 -0.000038 -0.039446 0.044167 -0.002672
117 -1.699203 -12.875612 4.918510 1.127451 -0.194250 -0.381917
118 20.938599 0.000011 -0.000008 0.045464 -0.032869 0.023533
119 21.993622 -0.000010 -0.000053 0.020425 -0.201904 0.123011
120 22.563789 -0.000017 0.000000 0.030873 -0.208865 -0.023236
121 22.643353 -0.000002 -0.000031 -0.027505 0.140949 -0.077736
122 22.238056 -0.000008 -0.000031 -0.070487 0.001339 0.029930
123 -1.634338 -9.854568 8.052347 0.721392 -0.340763 -0.281244
124 22.205292 0.000004 -0.000015 0.050304 -0.042145 0.010460
125 22.804382 -0.000002 -0.000031 0.020042 -0.241410 0.088511
126 23.051651 0.000003 0.000000 0.028694 -0.228712 -0.017885
127 22.939978 0.000004 -0.000038 -0.021057 0.124152 -0.053207
128 22.472061 0.000006 -0.000015 -0.059802 -0.050020 0.037866
129 -1.616135 -5.333253 10.147440 0.347502 -0.500916 -0.141807
130 23.451302 0.000001 -0.000015 0.029343 -0.047468 0.006491
131 23.608002 -0.000002 -0.000031 0.016726 -0.052891 -0.003490
132 23.536228 0.000000 -0.000023 0.032140 -0.191413 -0.047946
133 23.233967 0.000003 0.000008 -0.001508 -0.069958 0.012766
134 22.703674 0.000007 -0.000015 -0.020847 -0.090238 0.011050
135 -1.614517 -0.000000 10.883354 -0.008527 -0.450385 0.008366
136 23.962128 0.000001 -0.000023 -0.003963 -0.050257 0.008015
137 23.938957 -0.000003 0.000015 -0.003141 -0.274787 0.005811
138 23.736023 -0.000003 -0.000015 0.022206 -0.264345 -0.029317
139 23.354969 0.000005 -0.000031 0.023051 0.091264 -0.029138
140 22.798935 -0.000010 -0.000008 0.026920 -0.109532 -0.030836
141 -1.616119 5.333251 10.147423 -0.362830 -0.422420 0.158705
142 23.451317 -0.000007 0.000000 -0.037398 -0.050759 0.007454
143 23.608009 -0.000003 -0.000038 -0.017874 -0.269378 -0.035047
144 23.536243 -0.000003 -0.000023 0.016161 -0.272159 -0.041050
145 23.233971 -0.000019 -0.000023 0.044023 0.084337 -0.025371
146 22.703671 0.000013 -0.000008 0.067247 -0.106149 -0.075763
147 -1.634338 9.854565 8.052347 -0.735667 -0.336690 0.294477
148 22.205261 -0.000002 0.000000 -0.059215 -0.048656 0.002394
149 22.804443 -0.000002 -0.000069 -0.027685 -0.248632 -0.077454
150 23.051632 -0.000010 0.000000 0.006431 -0.273152 -0.055361
151 22.939970 -0.000012 -0.000015 0.051866 0.082503 -0.019535
152 22.472069 -0.000004 -0.000031 0.097100 -0.080593 -0.126540
153 -1.699219 12.875608 4.918526 -1.140797 -0.188862 0.392982
154 20.938606 0.000015 -0.000008 -0.055578 -0.042105 -0.013529
155 21.993591 -0.000004 -0.000061 -0.029199 -0.211798 -0.115073
156 22.563797 0.000002 -0.000015 -0.007458 -0.270267 -0.068317
157 22.643349 0.000006 -0.000038 0.040484 0.080677 -0.013062
158 22.238026 -0.000008 -0.000023 0.096530 -0.045145 -0.147053
159 -1.833755 13.936459 1.224504 -1.576601 0.004192 0.428760
160 20.406952 0.000006 -0.000031 -0.023643 -0.026246 -0.036440
161 21.655510 0.000011 -0.000008 -0.022542 -0.162143 -0.135863
162 22.360649 0.000002 -0.000008 0.001665 -0.328688 -0.094249
163 22.519655 0.000000 0.000000 0.044235 0.022789 -0.040873
164 22.140369 -0.000002 0.000000 0.096195 -0.047089 -0.158657
165 -1.972580 12.875609 -3.614557 -1.849698 0.118707 0.391707
166 20.655182 0.000008 -0.000015 -0.008278 -0.013395 -0.043197
167 21.762245 0.000006 -0.000023 -0.024730 -0.130052 -0.133002
168 22.392151 0.000015 -0.000015 -0.040730 -0.261082 -0.078976
169 22.541328 0.000011 -0.000023 -0.031419 0.066099 -0.015833
170 22.217495 0.000004 -0.000008 -0.012294 -0.000272 -0.122420
171 -1.967300 9.854566 -7.722433 -2.180646 0.210508 0.292694
172 21.272713 0.000006 0.000000 0.006315 0.002071 -0.043185
173 22.032509 0.000027 -0.000038 -0.023662 -0.094967 -0.115387
174 22.475662 0.000011 -0.000015 -0.050078 -0.255428 -0.081498
175 22.598721 0.000010 -0.000008 -0.056747 0.054524 -0.024276
176 22.407976 0.000015 -0.000023 -0.037391 -0.006161 -0.083209
177 -1.900833 5.333253 -10.470081 -2.614868 0.266871 0.155491
178 21.914337 0.000010 -0.000015 0.009811 0.020675 -0.030438
179 22.319839 -0.000005 0.000004 -0.018678 -0.056441 -0.074079
180 22.569633 0.000006 -0.000015 -0.042189 -0.243875 -0.087406
181 22.663216 0.000029 -0.000015 -0.055367 0.046862 -0.051532
182 22.604525 0.000019 -0.000031 -0.036887 -0.006368 -0.081341
183 -1.865585 -0.000003 -11.435446 3.133660 0.284865 0.002499
184 22.186676 -0.000004 -0.000004 -0.008459 0.032035 -0.003296
185 22.443710 -0.000002 -0.000004 -0.008429 -0.034727 -0.005376
186 22.611542 -0.000004 -0.000015 -0.009126 -0.224873 -0.093714
187 22.692017 0.000006 -0.000008 -0.017390 0.056305 -0.089844
188 22.687645 0.000010 -0.000008 -0.011209 0.003433 -0.098059
189 -1.900833 -5.333258 -10.470074 2.601391 0.264733 -0.150781
190 21.914337 0.000008 -0.000004 -0.023712 0.025867 0.026239
191 22.319824 -0.000023 0.000004 0.002615 -0.050540 0.068430
192 22.569626 -0.000003 -0.000031 0.026963 -0.204080 -0.088999
193 22.663227 -0.000020 0.000015 0.016552 0.086933 -0.129124
194 22.604521 0.000005 0.000000 0.023323 0.023198 -0.085272
195 -1.967285 -9.854567 -7.722443 2.167223 0.206498 -0.287114
196 21.272728 -0.000017 0.000000 -0.019796 0.010497 0.042641
197 22.032463 0.000002 -0.000023 0.009364 -0.085540 0.113184
198 22.475693 -0.000011 -0.000038 0.039843 -0.193255 -0.073755
199 22.598709 0.000000 -0.000023 0.020991 0.118579 -0.139427
200 22.407988 -0.000009 -0.000015 0.034115 0.045373 -0.069390
201 -1.972565 -12.875612 -3.614569 1.836620 0.113395 -0.384589
202 20.655167 0.000010 -0.000015 -0.004583 -0.003540 0.045869
203 21.762283 -0.000008 -0.000008 0.012404 -0.119184 0.133362
204 22.392159 -0.000008 -0.000031 0.038358 -0.190913 -0.055737
205 22.541348 -0.000010 -0.000031 0.005317 0.138589 -0.128434
206 22.217503 0.000000 -0.000023 0.007648 0.054696 -0.036311
207 0.059621 0.456168 0.250107 0.000000 -0.000000 0.000000
208 0.059621 0.456168 0.250107 0.000000 -0.000000 0.000000
time 15
  0 0.059621 0.456168 0.250107 0.000000 -0.000000 0.000000
  1 0.059621 0.456168 0.250107 0.000000 -0.000000 0.000000
  2 0.059621 0.456168 0.250107 0.000000 -0.000000 0.000000
  3 0.059621 0.456168 0.250107 0.000000 -0.000000 0.000000
  4 0.059621 0.456168 0.250107 0.000000 -0.000000 0.000000
  5 0.059621 0.456168 0.250107 0.000000 -0.000000 0.000000
  6 0.059621 0.456168 0.250107 0.000000 -0.000000 0.000000
  7 0.059621 0.456168 0.250107 0.000000 -0.000000 0.000000
  8 0.059621 0.456168 0.250107 0.000000 -0.000000 0.000000
  9 0.059621 0.456168 0.250107 0.000000 -0.000000 0.000000
 10 120.558746 39.731293 154.010239 -1.241095 -0.080263 1.621612
 11 24.668247 0.000015 -0.000038 0.964510 -0.006256 -0.186541
 12 30.380142 -0.000015 0.000015 1.662519 0.215312 0.344255
 13 19.902088 -0.000015 0.000000 0.048481 -0.262365 -0.094745
 14 -88.350739 -21.637981 107.458252 -1.162479 -2.953616 -1.087925
 15 35.349506 0.000004 0.000015 -1.433955 -0.134389 0.448879
 16 37.124313 -0.000015 0.000000 -2.247276 -0.035753 0.350009
 17 0.059621 0.456168 0.250107 0.064768 -0.005215 -0.156772
 18 0.059621 -21.868710 98.277725 0.026935 1.715781 -1.543862
 19 -65.799553 -0.000020 1.142856 -0.000000 0.000515 3.141077
 20 11.181564 0.005761 -0.002411 -0.000000 0.254797 0.000515
 21 27.835175 0.000002 0.000015 -3.141592 -0.129896 -0.000000
 22 5.330383 -0.000001 -0.000002 -3.070919 -0.014572 0.003512
 23 10.134872 -4.133391 3.834198 -0.681864 -1.173930 -2.497281
 24 10.134872 4.133399 3.834198 0.681901 -1.173919 2.497248
 25 22.592346 0.000011 17.467110 -0.000010 2.956431 0.000000
 26 21.199982 -7.744006 14.169518 -0.644457 -0.154503 -3.025319
 27 18.141998 -13.440224 7.965771 1.228366 -0.180197 3.082644
 28 21.199966 7.744023 14.169495 0.644460 -0.154503 3.025318
 29 18.141983 13.440238 7.965775 -0.316157 -0.180196 -3.082644
 30 11.858841 -13.359997 3.526512 1.542249 3.132957 0.174415
 31 9.463257 -16.404863 -2.906046 1.542282 3.132901 0.176490
 32 9.125244 -10.885474 -11.371326 0.000496 2.962373 0.000256
 33 11.858856 13.360005 3.526478 -1.542248 3.132957 -0.174414
 34 9.463257 16.404869 -2.906025 -1.542281 3.132900 -0.176490
 35 9.125244 10.885473 -11.371305 -0.000492 2.962373 0.000256
 36 9.023224 -0.000002 -17.296177 0.000180 -0.167048 -3.141356
 37 12.691391 -0.000001 -19.438766 -0.434235 2.302075 -0.529843
 38 10.989426 0.000000 -0.000015 0.000000 -0.501911 0.000000
 39 12.871445 -10.586839 -15.652472 0.902440 2.600043 0.534062
 40 10.727020 0.000007 -0.000031 -0.198970 -0.487765 0.322064
 41 12.871429 10.586842 -15.652472 -1.083577 2.776679 -0.940288
 42 10.726982 -0.000023 0.000000 0.215656 -0.483521 -0.330417
 43 12.847198 -17.570080 -4.701338 1.247368 2.841021 0.868421
 44 11.496490 0.000008 -0.000015 -0.220746 -0.450599 0.356522
 45 12.847168 17.570084 -4.701359 -1.276742 2.916369 -1.037550
 46 11.496468 0.000000 0.000000 0.251221 -0.444160 -0.370890
 47 28.485962 0.000013 16.460358 -0.009718 0.410839 -0.034442
 48 23.052750 -6.207909 -0.077290 -1.470206 0.035100 -1.833545
 49 9.436905 -0.000008 -0.000031 -0.000147 0.488900 0.401350
 50 31.269348 0.000004 -0.000015 0.005728 -0.170753 -0.004443
 51 28.756516 0.000004 -0.000031 0.039571 -0.320558 -0.042778
 52 2.251987 -2.464409 -1.141647 0.481305 0.508197 -0.319329
 53 3.674042 -0.000015 0.000015 -0.277611 0.179024 0.194713
 54 3.614693 0.000015 0.000000 0.013156 0.193871 -0.001558
 55 9.035507 -2.494947 0.484558 -0.001362 0.302449 0.001673
 56 2.943588 0.000000 -0.000015 0.010585 0.293657 -0.007800
 57 2.649445 0.000002 0.000015 -0.006498 0.303243 0.008512
 58 9.093624 -0.386671 0.647690 0.020190 0.475379 -0.012607
 59 3.451889 0.000000 0.000000 -0.014209 0.528778 0.009212
 60 2.898178 0.000002 0.000023 -0.000683 0.490858 0.000916
 61 8.894588 1.605848 0.371902 -0.000566 0.547851 0.000704
 62 3.130402 0.000000 0.000046 0.003896 0.567158 -0.005064
 63 2.629547 0.000000 -0.000038 0.004892 0.544388 -0.006589
 64 8.470619 3.459528 0.131500 -0.021715 0.541478 0.011455
 65 2.410263 0.000000 -0.000046 0.022815 0.529939 -0.013321
 66 2.000793 0.000004 0.000015 -0.005415 0.533618 0.007402
 67 23.052765 6.207913 -0.077312 1.481823 0.058643 2.080206
 68 9.436890 0.000023 0.000000 0.382816 0.148150 -0.219041
 69 31.269348 -0.000015 -0.000031 -0.665920 -0.293810 0.146803
 70 28.756504 -0.000008 -0.000031 0.209939 -0.114342 -0.057487
 71 2.251890 2.464405 -1.141571 -0.513217 0.249535 0.112914
 72 3.674080 0.000000 -0.000031 0.331388 -0.059506 -0.325011
 73 3.614677 0.000004 0.000015 0.067360 -0.216133 -0.086857
 74 9.035416 2.494947 0.484406 0.001362 -0.011534 -0.001673
 75 2.943573 0.000000 -0.000031 -0.011498 -0.020268 0.014556
 76 2.649437 0.000000 0.000000 0.006498 -0.010740 -0.008512
 77 9.093681 0.386669 0.647766 -0.018031 0.093461 0.020165
 78 3.451870 0.000000 -0.000015 0.014953 0.008589 -0.019838
 79 2.898197 0.000000 0.000000 0.000683 -0.029445 -0.000917
 80 8.894409 -1.605856 0.371918 0.000566 0.090541 -0.000704
 81 3.130432 0.000002 -0.000031 -0.003896 -0.009289 0.005063
 82 2.629505 -0.000002 0.000015 -0.004892 -0.032059 0.006589
 83 8.470604 -3.459524 0.131393 0.018786 0.137518 -0.020073
 84 2.410282 0.000000 -0.000015 -0.024238 -0.029075 0.031299
 85 2.000755 0.000002 0.000015 0.005415 -0.025697 -0.007402
 86 9.832344 1.463058 -1.299438 0.016523 -0.031798 -0.020624
 87 25.040604 -5.670404 5.432793 -1.312160 -0.224887 -2.136065
 88 28.779694 -6.856308 -0.811420 -1.466235 0.019064 -1.725377
 89 29.182312 -3.955564 -4.961964 0.881870 2.552753 0.503940
 90 25.040573 5.670409 5.432751 1.296833 -0.398765 2.185823
 91 28.779724 6.856312 -0.811405 1.466235 0.019065 1.725381
 92 29.182281 3.955566 -4.961941 -0.881870 2.552752 -0.503940
 93 -65.335640 -0.000020 1.140920 -3.141591 0.044911 0.000000
 94 26.290924 -12.205289 1.157883 -2.071447 -0.017454 0.065112
 95 49.071022 0.000002 0.000005 2.102688 0.292638 -0.461195
 96 61.871304 -0.000020 -0.000019 3.055147 0.298223 0.070543
 97 26.290924 12.205296 1.157843 2.044502 0.127786 -0.159169
 98 49.071060 0.000000 -0.000034 -1.687512 0.453644 1.287849
 99 61.871262 0.000021 -0.000046 -2.944713 0.642381 0.102745
100 -0.698059 -11.192117 -8.252766 1.221193 -0.479266 -0.700907
101 20.568230 0.000000 0.000000 -0.095560 0.027186 0.106251
102 0.223785 -5.734810 -12.929609 2.926218 0.458447 -0.419405
103 20.803581 -0.000019 -0.000023 0.013869 0.133962 0.302529
104 -1.040009 -3.033968 12.140512 1.554517 0.104601 -1.288764
105 -1.039993 3.034005 12.140501 -1.554518 0.104604 1.288764
106 4.165451 -5.407044 12.088392 1.009276 -1.035589 -0.668592
107 16.599442 0.000000 -0.000015 0.077320 -0.278938 0.296915
108 4.165482 5.407081 12.088385 -1.047622 -1.021916 0.712806
109 16.599377 0.000011 -0.000015 -0.085949 -0.320079 -0.310600
110 6.428391 0.000001 -0.288944 -0.000001 -0.000000 -0.000000
111 -1.833786 -13.936462 1.224506 1.563782 -0.001542 -0.415975
112 20.406952 -0.000002 -0.000023 0.011888 -0.012058 0.042202
113 21.655495 0.000000 -0.000008 0.013095 -0.134129 0.129466
114 22.360672 -0.000006 -0.000031 0.025883 -0.235791 -0.009734
115 22.519653 -0.000006 -0.000015 -0.014815 0.122889 -0.097415
116 22.140388 -0.000006 -0.000023 -0.039473 0.047915 -0.002785
117 -1.699219 -12.875611 4.918510 1.126210 -0.191240 -0.378442
118 20.938599 0.000015 -0.000008 0.045467 -0.028381 0.023710
119 21.993614 -0.000008 -0.000053 0.021663 -0.184770 0.117396
120 22.563782 -0.000015 -0.000008 0.025299 -0.258178 0.002283
121 22.643339 0.000008 -0.000031 -0.026152 0.117822 -0.070396
122 22.238049 0.000004 -0.000015 -0.070537 0.005086 0.029784
123 -1.634338 -9.854567 8.052349 0.720116 -0.335802 -0.278560
124 22.205307 0.000006 -0.000023 0.050306 -0.036751 0.010652
125 22.804382 0.000000 -0.000038 0.020879 -0.225987 0.085897
126 23.051666 0.000008 0.000000 0.024107 -0.284398 0.000631
127 22.939983 0.000016 -0.000038 -0.020374 0.101981 -0.047847
128 22.472073 0.000011 -0.000023 -0.059822 -0.046272 0.037746
129 -1.616150 -5.333254 10.147446 0.347308 -0.493567 -0.142011
130 23.451302 0.000000 -0.000015 0.029344 -0.041535 0.006603
131 23.608017 -0.000004 -0.000031 0.015891 -0.084550 0.010655
132 23.536224 -0.000002 -0.000023 0.033170 -0.195971 -0.052268
133 23.233971 0.000004 0.000015 -0.000291 -0.038640 -0.004267
134 22.703674 0.000010 -0.000015 -0.020722 -0.086490 0.010973
135 -1.614517 -0.000000 10.883352 -0.008527 -0.444286 0.008366
136 23.962120 0.000001 -0.000023 -0.003963 -0.044157 0.008015
137 23.938965 -0.000003 0.000015 -0.002888 -0.260994 0.006053
138 23.736023 -0.000003 -0.000015 0.022568 -0.324855 -0.030971
139 23.354971 0.000005 -0.000015 0.023102 0.070353 -0.028453
140 22.798927 -0.000010 -0.000023 0.026920 -0.105782 -0.030836
141 -1.616135 5.333251 10.147425 -0.361602 -0.416669 0.156678
142 23.451302 -0.000008 0.000008 -0.037397 -0.044691 0.007316
143 23.608025 -0.000003 -0.000046 -0.018184 -0.255741 -0.032586
144 23.536247 -0.000002 -0.000015 0.019750 -0.331195 -0.052784
145 23.233973 -0.000021 -0.000023 0.043673 0.063687 -0.027191
146 22.703671 0.000009 -0.000015 0.067312 -0.102400 -0.075866
147 -1.634323 9.854565 8.052347 -0.733896 -0.331853 0.291255
148 22.205246 -0.000006 0.000008 -0.059215 -0.042850 0.002173
149 22.804451 0.000000 -0.000069 -0.028630 -0.234685 -0.073598
150 23.051636 -0.000013 0.000000 0.012524 -0.328054 -0.076468
151 22.939972 -0.000015 -0.000015 0.051362 0.061662 -0.023097
152 22.472073 -0.000010 -0.000031 0.097151 -0.076844 -0.126817
153 -1.699219 12.875608 4.918526 -1.139412 -0.185980 0.389115
154 20.938599 0.000019 0.000000 -0.055579 -0.037120 -0.013741
155 21.993591 -0.000008 -0.000069 -0.030563 -0.196424 -0.108777
156 22.563801 0.000002 -0.000031 0.000140 -0.318449 -0.096374
157 22.643349 0.000000 -0.000038 0.039564 0.058889 -0.018647
158 22.238029 -0.000013 -0.000023 0.096544 -0.041397 -0.147898
159 -1.833786 13.936459 1.224506 -1.576601 0.004192 0.424842
160 20.406960 0.000008 -0.000031 -0.023647 -0.022261 -0.036538
161 21.655502 0.000010 -0.000008 -0.023830 -0.146388 -0.126382
162 22.360653 0.000004 -0.000015 0.011685 -0.367921 -0.125297
163 22.519651 -0.000002 0.000000 0.043675 0.000780 -0.047328
164 22.140366 -0.000004 0.000000 0.096202 -0.042594 -0.159497
165 -1.972595 12.875609 -3.614557 -1.850168 0.117692 0.388016
166 20.655174 0.000010 -0.000015 -0.008278 -0.009645 -0.043197
167 21.762253 0.000008 -0.000015 -0.025864 -0.115504 -0.123853
168 22.392159 0.000015 -0.000008 -0.033199 -0.294969 -0.108177
169 22.541336 0.000011 -0.000015 -0.032646 0.043561 -0.023485
170 22.217487 0.000000 -0.000015 -0.013541 0.004248 -0.123958
171 -1.967316 9.854568 -7.722437 -2.181380 0.208384 0.289519
172 21.272736 0.000006 -0.000008 0.006315 0.005821 -0.043185
173 22.032524 0.000027 -0.000053 -0.024251 -0.082527 -0.107666
174 22.475655 0.000006 -0.000015 -0.044154 -0.283235 -0.105859
175 22.598709 0.000008 -0.000015 -0.057526 0.032703 -0.031065
176 22.407972 0.000015 -0.000015 -0.038637 0.000487 -0.084682
177 -1.900848 5.333254 -10.470076 -2.615460 0.263641 0.153484
178 21.914322 0.000007 -0.000011 0.009811 0.024424 -0.030438
179 22.319824 -0.000006 -0.000004 -0.018876 -0.046443 -0.069436
180 22.569626 0.000008 -0.000015 -0.038652 -0.265382 -0.102255
181 22.663216 0.000029 -0.000031 -0.055875 0.025948 -0.055962
182 22.604515 0.000019 -0.000038 -0.037893 0.000645 -0.082437
183 -1.865585 -0.000003 -11.435442 3.133660 0.281115 0.002499
184 22.186676 -0.000004 -0.000004 -0.008459 0.035785 -0.003296
185 22.443718 -0.000002 -0.000004 -0.008401 -0.025855 -0.005281
186 22.611542 -0.000004 -0.000015 -0.008991 -0.243348 -0.094172
187 22.692009 0.000005 0.000000 -0.017577 0.035671 -0.090927
188 22.687653 0.000010 -0.000008 -0.011714 0.010631 -0.098438
189 -1.900848 -5.333257 -10.470070 2.601991 0.261529 -0.148742
190 21.914337 0.000010 -0.000011 -0.023728 0.029616 0.025917
191 22.319824 -0.000022 0.000000 0.002829 -0.040399 0.064014
192 22.569626 0.000003 -0.000031 0.024180 -0.226377 -0.074497
193 22.663239 -0.000022 0.000000 0.017041 0.066154 -0.125999
194 22.604521 0.000004 0.000000 0.023475 0.030288 -0.085478
195 -1.967300 -9.854564 -7.722439 2.167949 0.204415 -0.283912
196 21.272713 -0.000021 0.000000 -0.019824 0.014246 0.042243
197 22.032486 0.000002 -0.000023 0.009914 -0.072878 0.105975
198 22.475693 -0.000011 -0.000031 0.035467 -0.222253 -0.050472
199 22.598709 -0.000004 -0.000031 0.022066 0.096909 -0.133264
200 22.407984 -0.000014 -0.000023 0.034675 0.052123 -0.069473
201 -1.972580 -12.875610 -3.614563 1.837071 0.112427 -0.380939
202 20.655167 0.000010 -0.000015 -0.004583 0.000210 0.045869
203 21.762260 -0.000008 -0.000015 0.013429 -0.104220 0.124341
204 22.392159 -0.000008 -0.000038 0.033204 -0.226149 -0.028416
205 22.541332 -0.000004 -0.000023 0.006884 0.115901 -0.120536
206 22.217503 -0.000002 -0.000023 0.008048 0.059906 -0.036370
207 0.059621 0.456168 0.250107 0.000000 -0.000000 0.000000
208 0.059621 0.456168 0.250107 0.000000 -0.000000 0.000000
end
