version 1
nodes
  0 "_M3_Anim_Data"  -1
  1 "Object011"  -1
  2 "Object009"  -1
  3 "Object008"  -1
  4 "Object007"  -1
  5 "Object000"  -1
  6 "Object001"  -1
  7 "Object003"  -1
  8 "Object002"  -1
  9 "Object004"  -1
 10 "bone046"  -1
 11 "bone045"  10
 12 "bone044"  11
 13 "bone043"  12
 14 "bone026"  -1
 15 "bone048"  14
 16 "bone047"  15
 17 "Object005"  -1
 18 "bone0103"  -1
 19 "bone0123"  18
 20 "bone074"  19
 21 "bone073"  20
 22 "bone072"  21
 23 "bone071"  22
 24 "bone069"  22
 25 "bone067"  22
 26 "bone066"  22
 27 "bone065"  22
 28 "bone075"  22
 29 "bone064"  22
 30 "bone061"  22
 31 "bone060"  22
 32 "bone059"  22
 33 "bone058"  22
 34 "bone057"  22
 35 "bone056"  22
 36 "bone055"  22
 37 "bone054"  22
 38 "bone053"  37
 39 "bone063"  22
 40 "bone077"  39
 41 "bone089"  22
 42 "bone078"  41
 43 "bone0100"  22
 44 "bone099"  43
 45 "bone098"  22
 46 "bone097"  45
 47 "bone096"  22
 48 "bone095"  20
 49 "bone094"  48
 50 "bone093"  49
 51 "bone092"  50
 52 "bone091"  51
 53 "bone0101"  52
 54 "bone090"  53
 55 "bone088"  51
 56 "bone087"  55
 57 "bone086"  56
 58 "bone085"  51
 59 "bone084"  58
 60 "bone083"  59
 61 "bone082"  51
 62 "bone081"  61
 63 "bone080"  62
 64 "bone079"  51
 65 "bone052"  64
 66 "bone076"  65
 67 "bone051"  20
 68 "bone024"  67
 69 "bone022"  68
 70 "bone0129"  69
 71 "bone021"  70
 72 "bone020"  71
 73 "bone019"  72
 74 "bone018"  70
 75 "bone017"  74
 76 "bone016"  75
 77 "bone015"  70
 78 "bone014"  77
 79 "bone013"  78
 80 "bone023"  70
 81 "bone012"  80
 82 "bone010"  81
 83 "bone009"  70
 84 "bone008"  83
 85 "bone007"  84
 86 "bone006"  70
 87 "bone005"  20
 88 "bone004"  20
 89 "bone003"  20
 90 "bone002"  20
 91 "bone001"  20
 92 "bone011"  20
 93 "bone042"  18
 94 "bone041"  93
 95 "bone040"  94
 96 "bone039"  95
 97 "bone049"  93
 98 "bone038"  97
 99 "bone036"  98
100 "bone035"  93
101 "bone034" 100
102 "bone033"  93
103 "bone032" 102
104 "bone031"  93
105 "bone030"  93
106 "bone029"  93
107 "bone028" 106
108 "bone027"  93
109 "bone050" 108
110 "bone200"  93
111 "bone0102" 110
112 "bone0000" 111
113 "bone0104" 112
114 "bone0173" 113
115 "bone0172" 114
116 "bone0171" 115
117 "bone0170" 110
118 "bone0169" 117
119 "bone0168" 118
120 "bone0167" 119
121 "bone0166" 120
122 "bone0165" 121
123 "bone0174" 110
124 "bone0164" 123
125 "bone0162" 124
126 "bone0161" 125
127 "bone0160" 126
128 "bone0159" 127
129 "bone0158" 110
130 "bone0157" 129
131 "bone0156" 130
132 "bone0176" 131
133 "bone0154" 132
134 "bone0163" 133
135 "bone0175" 110
136 "bone0184" 135
137 "bone0177" 136
138 "bone0199" 137
139 "bone0197" 138
140 "bone0196" 139
141 "bone0195" 110
142 "bone0194" 141
143 "bone0193" 142
144 "bone0192" 143
145 "bone0191" 144
146 "bone0190" 145
147 "bone0189" 110
148 "bone0198" 147
149 "bone0187" 148
150 "bone0186" 149
151 "bone0185" 150
152 "bone0188" 151
153 "bone0183" 110
154 "bone0182" 153
155 "bone0181" 154
156 "bone0180" 155
157 "bone0179" 156
158 "bone0178" 157
159 "bone0153" 110
160 "bone0155" 159
161 "bone0151" 160
162 "bone0150" 161
163 "bone0124" 162
164 "bone0152" 163
165 "bone0122" 110
166 "bone0121" 165
167 "bone0120" 166
168 "bone0119" 167
169 "bone0118" 168
170 "bone0117" 169
171 "bone0116" 110
172 "bone0125" 171
173 "bone0115" 172
174 "bone0113" 173
175 "bone0112" 174
176 "bone0111" 175
177 "bone0110" 110
178 "bone0109" 177
179 "bone0108" 178
180 "bone0107" 179
181 "bone0106" 180
182 "bone0105" 181
183 "bone0114" 110
184 "bone0126" 183
185 "bone0127" 184
186 "bone0128" 185
187 "bone0149" 186
188 "bone0148" 187
189 "bone0147" 110
190 "bone0146" 189
191 "bone0145" 190
192 "bone0144" 191
193 "bone0143" 192
194 "bone0142" 193
195 "bone0141" 110
196 "bone0140" 195
197 "bone0139" 196
198 "bone0138" 197
199 "bone0137" 198
200 "bone0136" 199
201 "bone0135" 110
202 "bone0134" 201
203 "bone0133" 202
204 "bone0132" 203
205 "bone0131" 204
206 "bone0130" 205
207 "Object006"  -1
208 "∂‘œÛ001"  -1
end
skeleton
time 0
  0 0.059621 0.456168 0.250107 0.000000 -0.000000 0.000000
  1 0.059621 0.456168 0.250107 0.000000 -0.000000 0.000000
  2 0.059621 0.456168 0.250107 0.000000 -0.000000 0.000000
  3 0.059621 0.456168 0.250107 0.000000 -0.000000 0.000000
  4 0.059621 0.456168 0.250107 0.000000 -0.000000 0.000000
  5 0.059621 0.456168 0.250107 0.000000 -0.000000 0.000000
  6 0.059621 0.456168 0.250107 0.000000 -0.000000 0.000000
  7 0.059621 0.456168 0.250107 0.000000 -0.000000 0.000000
  8 0.059621 0.456168 0.250107 0.000000 -0.000000 0.000000
  9 0.059621 0.456168 0.250107 0.000000 -0.000000 0.000000
 10 120.558746 39.731293 154.010239 -1.241095 -0.080263 1.547801
 11 24.668255 0.000031 -0.000046 0.977499 -0.145217 -0.450703
 12 30.380142 0.000000 0.000000 1.631723 -0.394740 0.588062
 13 19.902084 0.000008 -0.000015 0.050440 -0.379715 -0.098874
 14 -88.350739 -21.637981 107.458252 -1.162479 -2.953616 -1.441304
 15 35.349510 0.000008 0.000015 -1.440078 -0.121535 0.510418
 16 37.124321 -0.000015 -0.000019 -2.293188 -0.055582 0.336110
 17 0.059621 0.456168 0.250107 0.064768 -0.005215 -0.156772
 18 0.059621 -22.661495 98.597420 3.141593 1.420663 1.570796
 19 -65.799553 -0.000020 1.142858 -0.000000 0.000514 3.141077
 20 11.181595 0.005760 -0.002409 -0.000000 0.254797 0.000515
 21 27.835159 -0.000000 0.000015 -3.141592 -0.129896 -0.000000
 22 5.330399 -0.000001 -0.000004 -3.070919 -0.014572 0.003512
 23 10.134888 -4.133392 3.834202 -0.681865 -1.173930 -2.497280
 24 10.134903 4.133399 3.834198 0.681898 -1.173920 2.497251
 25 22.592346 0.000010 17.467117 -0.000010 2.956431 0.000000
 26 21.199982 -7.744008 14.169518 -0.644457 -0.154503 -3.025319
 27 18.142014 -13.440228 7.965775 1.228366 -0.180197 3.082644
 28 21.199951 7.744024 14.169502 0.644460 -0.154503 3.025318
 29 18.141998 13.440241 7.965775 -0.316157 -0.180196 -3.082644
 30 11.858856 -13.360001 3.526516 1.542249 3.132957 0.174415
 31 9.463272 -16.404867 -2.906046 1.542282 3.132901 0.176490
 32 9.125244 -10.885475 -11.371326 0.000496 2.962373 0.000256
 33 11.858856 13.360006 3.526474 -1.542248 3.132957 -0.174414
 34 9.463257 16.404865 -2.906025 -1.542281 3.132900 -0.176490
 35 9.125275 10.885475 -11.371305 -0.000492 2.962373 0.000256
 36 9.023224 -0.000003 -17.296177 0.000180 -0.167048 -3.141356
 37 12.691391 -0.000002 -19.438765 0.001115 2.356386 0.001174
 38 10.989410 0.000002 -0.000015 0.000000 -0.586913 0.000000
 39 12.871460 -10.586842 -15.652472 0.918525 2.643986 0.555487
 40 10.727020 0.000010 -0.000031 -0.204447 -0.568539 0.332627
 41 12.871460 10.586843 -15.652472 -0.856239 2.610058 -0.522548
 42 10.726990 -0.000025 0.000015 0.241866 -0.556068 -0.406343
 43 12.847214 -17.570086 -4.701338 1.184507 2.773092 0.721465
 44 11.496490 0.000004 -0.000031 -0.225373 -0.525849 0.367229
 45 12.847183 17.570086 -4.701361 -1.132814 2.730506 -0.699808
 46 11.496475 0.000000 -0.000015 0.256930 -0.513446 -0.438973
 47 28.485962 0.000011 16.460361 -0.010063 0.426839 -0.035665
 48 23.052750 -6.207911 -0.077290 -1.470206 0.035100 -1.833545
 49 9.436909 -0.000011 -0.000031 -0.004569 0.467528 0.415478
 50 31.269333 0.000004 -0.000031 0.010995 -0.176646 -0.009999
 51 28.756504 0.000008 -0.000031 0.041016 -0.333101 -0.044347
 52 2.251987 -2.464407 -1.141632 0.481305 0.508197 -0.319329
 53 3.674046 -0.000023 0.000015 -0.277611 0.179024 0.194713
 54 3.614700 0.000015 0.000000 0.013156 0.193871 -0.001558
 55 9.035503 -2.494946 0.484558 -0.001362 0.302449 0.001673
 56 2.943573 0.000000 0.000000 0.010585 0.293657 -0.007800
 57 2.649437 0.000004 0.000000 -0.006498 0.303243 0.008512
 58 9.093624 -0.386673 0.647705 0.020190 0.475380 -0.012607
 59 3.451893 0.000000 -0.000015 -0.014209 0.528778 0.009212
 60 2.898170 -0.000002 0.000038 -0.000683 0.490858 0.000916
 61 8.894588 1.605854 0.371902 -0.000566 0.547851 0.000704
 62 3.130398 0.000002 0.000031 0.003896 0.567158 -0.005064
 63 2.629547 0.000002 -0.000046 0.004892 0.544389 -0.006589
 64 8.470619 3.459526 0.131500 -0.021715 0.541478 0.011456
 65 2.410263 0.000000 -0.000046 0.022815 0.529939 -0.013321
 66 2.000809 0.000004 0.000000 -0.005415 0.533618 0.007402
 67 23.052750 6.207910 -0.077305 1.481823 0.058643 2.080206
 68 9.436897 0.000023 -0.000015 0.410095 0.108398 -0.241491
 69 31.269356 -0.000023 -0.000046 -0.706007 -0.315081 0.084452
 70 28.756502 0.000000 -0.000046 0.205804 -0.138519 -0.063772
 71 2.251896 2.464413 -1.141556 -0.513217 0.249535 0.112914
 72 3.674088 0.000000 -0.000031 0.331388 -0.059506 -0.325011
 73 3.614681 0.000004 0.000031 0.067360 -0.216133 -0.086857
 74 9.035416 2.494949 0.484421 0.001362 -0.011534 -0.001673
 75 2.943569 0.000000 -0.000031 -0.011497 -0.020268 0.014556
 76 2.649445 0.000000 0.000031 0.006498 -0.010740 -0.008512
 77 9.093689 0.386673 0.647797 -0.018031 0.093461 0.020165
 78 3.451862 0.000000 -0.000015 0.014953 0.008589 -0.019838
 79 2.898201 0.000000 0.000000 0.000684 -0.029445 -0.000917
 80 8.894417 -1.605850 0.371902 0.000566 0.090541 -0.000704
 81 3.130432 -0.000004 -0.000046 -0.003896 -0.009289 0.005063
 82 2.629524 0.000004 0.000015 -0.004892 -0.032059 0.006589
 83 8.470604 -3.459520 0.131393 0.018786 0.137518 -0.020073
 84 2.410267 -0.000006 -0.000015 -0.024238 -0.029075 0.031299
 85 2.000751 0.000002 0.000031 0.005415 -0.025697 -0.007402
 86 9.832344 1.463066 -1.299438 0.016522 -0.031798 -0.020624
 87 25.040588 -5.670406 5.432796 -1.312159 -0.224887 -2.136065
 88 28.779694 -6.856311 -0.811420 -1.466235 0.019064 -1.725377
 89 29.182297 -3.955567 -4.961964 0.881869 2.552753 0.503940
 90 25.040558 5.670407 5.432755 1.296833 -0.398765 2.185823
 91 28.779724 6.856311 -0.811405 1.466235 0.019065 1.725381
 92 29.182281 3.955564 -4.961941 -0.881870 2.552752 -0.503941
 93 -65.335670 -0.000020 1.140916 -3.141591 0.044911 0.000000
 94 26.290924 -12.205290 1.157888 -2.071447 -0.017454 0.065112
 95 49.071030 0.000004 0.000006 2.099953 0.298500 -0.473565
 96 61.871311 -0.000019 -0.000023 3.054255 0.284928 0.071782
 97 26.290924 12.205296 1.157845 2.044502 0.127786 -0.159169
 98 49.071060 0.000006 -0.000034 -1.908292 0.429678 0.840556
 99 61.871277 0.000026 -0.000057 -2.944714 0.642381 0.102745
100 -0.698059 -11.192117 -8.252768 1.176882 -0.319462 -0.577343
101 20.568245 0.000000 0.000000 -0.099319 0.002556 0.142974
102 0.223785 -5.734810 -12.929604 2.966889 0.467007 -0.331895
103 20.803574 -0.000011 -0.000023 0.004163 0.140976 0.364811
104 -1.040009 -3.033968 12.140516 1.554517 0.104601 -1.288764
105 -1.039993 3.034005 12.140505 -1.554518 0.104604 1.288764
106 4.165451 -5.407045 12.088396 0.860403 -0.814433 -0.478535
107 16.599449 0.000000 -0.000015 0.086125 -0.326972 0.305860
108 4.165497 5.407081 12.088385 -1.054563 -1.035954 0.715918
109 16.599377 0.000008 0.000000 -0.090706 -0.329791 -0.320037
110 6.428391 0.000001 -0.288942 -0.000001 -0.000000 0.000000
111 -1.833755 -13.936462 1.224506 1.569052 0.033015 -0.345505
112 20.406960 0.000000 -0.000023 0.014969 0.056597 -0.008938
113 21.655502 -0.000002 -0.000008 0.018236 -0.037001 0.042205
114 22.360680 0.000000 -0.000015 0.004858 -0.306747 0.076846
115 22.519657 -0.000002 -0.000015 -0.012480 -0.097812 0.137867
116 22.140388 0.000000 -0.000031 -0.041652 0.048347 -0.006385
117 -1.699219 -12.875612 4.918514 1.119665 -0.126613 -0.312854
118 20.938614 0.000013 0.000000 0.048981 0.063922 -0.019974
119 21.993614 -0.000004 -0.000046 0.029193 -0.054653 0.038792
120 22.563797 -0.000015 0.000004 0.000770 -0.363603 0.088267
121 22.643356 0.000006 -0.000031 -0.032612 -0.174043 0.145549
122 22.238052 0.000002 -0.000023 -0.072442 0.007319 0.026896
123 -1.634338 -9.854568 8.052351 0.708112 -0.250464 -0.229474
124 22.205292 0.000004 -0.000008 0.052412 0.071529 -0.019179
125 22.804390 -0.000004 -0.000034 0.028118 -0.068884 0.029187
126 23.051659 0.000002 0.000000 0.002016 -0.416777 0.067961
127 22.939980 0.000012 -0.000038 -0.032491 -0.243229 0.114090
128 22.472059 0.000011 -0.000023 -0.061144 -0.042851 0.035919
129 -1.616135 -5.333254 10.147442 0.338088 -0.323080 -0.116726
130 23.451309 0.000001 -0.000015 0.029957 0.074576 -0.008388
131 23.608025 -0.000004 -0.000015 0.015516 -0.077922 0.017888
132 23.536224 -0.000001 -0.000019 0.010455 -0.455358 0.024160
133 23.233971 0.000004 0.000015 -0.011184 -0.290680 0.054759
134 22.703682 0.000008 -0.000015 -0.021398 -0.082493 0.010164
135 -1.614517 -0.000000 10.883354 -0.008061 -0.345755 0.007129
136 23.962135 0.000001 -0.000027 -0.004380 0.074247 0.006756
137 23.938965 -0.000003 0.000019 -0.003467 -0.082049 0.006694
138 23.736038 -0.000003 -0.000011 0.022631 -0.475548 -0.031494
139 23.354979 0.000005 -0.000031 0.019997 -0.311900 -0.017170
140 22.798935 -0.000010 -0.000023 0.026916 -0.101632 -0.030756
141 -1.616119 5.333251 10.147425 -0.354356 -0.321181 0.130529
142 23.451317 -0.000009 0.000015 -0.039381 0.071871 0.021420
143 23.608025 -0.000004 -0.000031 -0.022808 -0.081499 -0.005109
144 23.536247 -0.000003 -0.000004 0.033505 -0.476315 -0.089353
145 23.233974 -0.000020 -0.000031 0.050227 -0.306251 -0.093922
146 22.703671 0.000010 0.000000 0.073387 -0.098436 -0.074952
147 -1.634323 9.854566 8.052347 -0.723877 -0.246839 0.241960
148 22.205261 -0.000002 0.000000 -0.063129 0.066160 0.030788
149 22.804443 0.000001 -0.000061 -0.036429 -0.075726 -0.018410
150 23.051636 -0.000010 0.000008 0.037214 -0.456425 -0.144019
151 22.939976 -0.000012 0.000000 0.064565 -0.273406 -0.161596
152 22.472067 -0.000004 -0.000031 0.105458 -0.073451 -0.125037
153 -1.699219 12.875608 4.918526 -1.134386 -0.121718 0.323343
154 20.938599 0.000015 0.000008 -0.060729 0.056250 0.028950
155 21.993607 -0.000006 -0.000061 -0.039060 -0.063958 -0.031285
156 22.563797 0.000002 -0.000015 0.028662 -0.417067 -0.179440
157 22.643356 0.000000 -0.000031 0.053293 -0.216128 -0.208417
158 22.238026 -0.000017 -0.000015 0.099143 -0.039127 -0.145337
159 -1.833771 13.936459 1.224506 -1.584019 0.038427 0.353615
160 20.406944 0.000004 -0.000038 -0.029016 0.047731 0.014276
161 21.655502 0.000008 -0.000008 -0.030167 -0.047268 -0.038895
162 22.360649 0.000004 -0.000023 0.039617 -0.421471 -0.201537
163 22.519665 0.000002 -0.000015 0.061606 -0.182991 -0.239331
164 22.140377 -0.000006 0.000008 0.100873 -0.049200 -0.157874
165 -1.972580 12.875609 -3.614557 -1.863681 0.133224 0.323959
166 20.655174 0.000010 -0.000015 -0.013078 0.041401 0.006329
167 21.762253 0.000002 -0.000015 -0.030211 -0.034515 -0.036687
168 22.392159 0.000008 -0.000023 -0.014601 -0.324072 -0.174531
169 22.541336 0.000010 -0.000023 -0.026912 -0.092653 -0.216323
170 22.217503 0.000000 -0.000015 -0.010558 -0.002801 -0.112949
171 -1.967300 9.854568 -7.722435 -2.195524 0.208709 0.242677
172 21.272736 0.000004 0.000000 0.002550 0.032682 -0.000594
173 22.032516 0.000025 -0.000038 -0.026506 -0.019091 -0.031118
174 22.475662 0.000005 -0.000004 -0.032313 -0.270232 -0.153501
175 22.598717 0.000010 -0.000008 -0.055800 -0.032286 -0.186843
176 22.407978 0.000017 -0.000015 -0.035915 -0.001783 -0.082431
177 -1.900848 5.333252 -10.470081 -2.624545 0.254676 0.129165
178 21.914337 0.000008 -0.000019 0.007742 0.027819 -0.003916
179 22.319832 -0.000010 0.000000 -0.018871 -0.003387 -0.020768
180 22.569618 0.000001 -0.000008 -0.034484 -0.213808 -0.122606
181 22.663216 0.000022 -0.000015 -0.056318 0.027131 -0.138427
182 22.604515 0.000019 -0.000031 -0.035832 -0.002816 -0.081327
183 -1.865585 -0.000002 -11.435442 3.133115 0.269172 0.002164
184 22.186661 -0.000004 -0.000004 -0.008766 0.028400 -0.002627
185 22.443726 -0.000002 -0.000004 -0.008217 0.005865 -0.003769
186 22.611542 -0.000004 -0.000011 -0.012043 -0.176361 -0.077026
187 22.692017 0.000005 0.000008 -0.016481 0.062532 -0.063505
188 22.687653 0.000010 0.000000 -0.010707 0.006649 -0.098979
189 -1.900833 -5.333257 -10.470074 2.607828 0.252655 -0.124517
190 21.914322 0.000009 -0.000008 -0.024626 0.032412 0.000204
191 22.319839 -0.000020 0.000000 0.002585 0.001876 0.014744
192 22.569626 0.000005 -0.000031 0.015664 -0.181227 -0.025197
193 22.663231 -0.000020 0.000008 0.022965 0.054123 0.010495
194 22.604527 -0.000001 -0.000015 0.023104 0.026751 -0.087655
195 -1.967285 -9.854566 -7.722443 2.179494 0.204921 -0.237200
196 21.272720 -0.000017 -0.000008 -0.019048 0.040105 0.000093
197 22.032478 0.000010 -0.000019 0.011049 -0.010669 0.028382
198 22.475700 -0.000010 -0.000031 0.022405 -0.219216 0.018958
199 22.598709 0.000003 -0.000023 0.030674 0.010123 0.069340
200 22.407982 -0.000015 -0.000023 0.033336 0.049735 -0.072710
201 -1.972565 -12.875611 -3.614565 1.848391 0.128215 -0.317260
202 20.655182 0.000008 -0.000015 -0.002058 0.050047 -0.003610
203 21.762268 -0.000006 0.000000 0.016698 -0.024649 0.037182
204 22.392166 -0.000006 -0.000023 0.015716 -0.265959 0.052550
205 22.541340 -0.000007 -0.000015 0.013827 -0.045148 0.110900
206 22.217505 -0.000006 -0.000023 0.006063 0.058922 -0.040030
207 0.059621 0.456168 0.250107 0.000000 -0.000000 0.000000
208 0.059621 0.456168 0.250107 0.000000 -0.000000 0.000000
time 1
  0 0.059621 0.456168 0.250107 0.000000 -0.000000 0.000000
  1 0.059621 0.456168 0.250107 0.000000 -0.000000 0.000000
  2 0.059621 0.456168 0.250107 0.000000 -0.000000 0.000000
  3 0.059621 0.456168 0.250107 0.000000 -0.000000 0.000000
  4 0.059621 0.456168 0.250107 0.000000 -0.000000 0.000000
  5 0.059621 0.456168 0.250107 0.000000 -0.000000 0.000000
  6 0.059621 0.456168 0.250107 0.000000 -0.000000 0.000000
  7 0.059621 0.456168 0.250107 0.000000 -0.000000 0.000000
  8 0.059621 0.456168 0.250107 0.000000 -0.000000 0.000000
  9 0.059621 0.456168 0.250107 0.000000 -0.000000 0.000000
 10 120.189896 38.840927 154.010239 -1.240837 -0.083817 1.546528
 11 24.668251 0.000000 -0.000031 0.969399 -0.094736 -0.381675
 12 30.380142 -0.000015 0.000015 1.638436 -0.379615 0.527534
 13 19.902100 0.000008 0.000000 0.046131 -0.372888 -0.111585
 14 -88.350739 -21.637981 107.221123 -1.161692 -2.948977 -1.443584
 15 35.349510 0.000008 0.000015 -1.437834 -0.106494 0.491606
 16 37.124329 0.000000 -0.000008 -2.276872 -0.137605 0.266053
 17 0.059621 0.456168 0.250107 0.064768 -0.005215 -0.156772
 18 0.059621 -22.661495 98.455177 3.141593 1.420664 1.570796
 19 -65.799553 -0.000020 1.142857 -0.000000 0.000514 3.141077
 20 11.181595 0.005760 -0.002409 -0.000000 0.254797 0.000515
 21 27.835175 0.000000 0.000015 -3.141592 -0.129896 -0.000000
 22 5.330399 -0.000001 -0.000002 -3.070919 -0.014572 0.003512
 23 10.134888 -4.133392 3.834204 -0.681865 -1.173930 -2.497280
 24 10.134903 4.133400 3.834200 0.681898 -1.173920 2.497251
 25 22.592361 0.000010 17.467115 -0.000010 2.956431 0.000000
 26 21.199997 -7.744007 14.169519 -0.644457 -0.154503 -3.025319
 27 18.142014 -13.440228 7.965776 1.228366 -0.180197 3.082644
 28 21.199966 7.744025 14.169504 0.644460 -0.154503 3.025318
 29 18.141998 13.440240 7.965773 -0.316157 -0.180196 -3.082644
 30 11.858871 -13.360000 3.526518 1.542249 3.132957 0.174415
 31 9.463287 -16.404865 -2.906046 1.542282 3.132901 0.176490
 32 9.125259 -10.885476 -11.371326 0.000496 2.962373 0.000256
 33 11.858871 13.360007 3.526472 -1.542248 3.132957 -0.174414
 34 9.463257 16.404869 -2.906023 -1.542281 3.132900 -0.176490
 35 9.125275 10.885474 -11.371305 -0.000492 2.962373 0.000256
 36 9.023239 -0.000003 -17.296177 0.000180 -0.167048 -3.141356
 37 12.691406 -0.000002 -19.438765 0.000601 2.296338 0.000969
 38 10.989410 0.000002 0.000015 0.001244 -0.562276 -0.000172
 39 12.871460 -10.586841 -15.652472 0.944029 2.609256 0.607254
 40 10.727005 0.000009 -0.000015 -0.201523 -0.543631 0.332055
 41 12.871460 10.586843 -15.652472 -0.882344 2.572577 -0.573151
 42 10.726990 -0.000025 0.000015 0.253705 -0.530866 -0.403528
 43 12.847229 -17.570086 -4.701338 1.206258 2.750905 0.779159
 44 11.496506 0.000006 -0.000031 -0.221384 -0.500212 0.367087
 45 12.847198 17.570089 -4.701361 -1.156574 2.705627 -0.757604
 46 11.496460 0.000000 -0.000015 0.256851 -0.487324 -0.437740
 47 28.485977 0.000012 16.460360 -0.010063 0.426839 -0.035665
 48 23.052750 -6.207911 -0.077286 -1.470206 0.035100 -1.833545
 49 9.436909 -0.000008 -0.000031 -0.009782 0.457188 0.412504
 50 31.269348 0.000004 -0.000015 0.019098 -0.175039 -0.039685
 51 28.756512 0.000004 -0.000046 0.041016 -0.333101 -0.044347
 52 2.251986 -2.464409 -1.141647 0.481305 0.508197 -0.319329
 53 3.674042 -0.000015 0.000015 -0.277611 0.179024 0.194713
 54 3.614693 0.000011 -0.000015 0.013156 0.193871 -0.001558
 55 9.035505 -2.494947 0.484558 -0.001362 0.302449 0.001673
 56 2.943584 0.000000 -0.000015 0.010585 0.293657 -0.007800
 57 2.649422 0.000004 0.000015 -0.006498 0.303243 0.008512
 58 9.093620 -0.386675 0.647690 0.020190 0.475380 -0.012607
 59 3.451897 -0.000002 -0.000015 -0.014209 0.528778 0.009212
 60 2.898178 0.000002 0.000031 -0.000683 0.490858 0.000916
 61 8.894587 1.605846 0.371887 -0.000566 0.547851 0.000704
 62 3.130409 0.000004 0.000046 0.003896 0.567158 -0.005064
 63 2.629532 0.000000 -0.000046 0.004892 0.544388 -0.006589
 64 8.470623 3.459524 0.131485 -0.021715 0.541478 0.011456
 65 2.410275 -0.000002 -0.000046 0.022815 0.529939 -0.013321
 66 2.000778 0.000005 0.000015 -0.005415 0.533618 0.007402
 67 23.052750 6.207911 -0.077301 1.481823 0.058643 2.080206
 68 9.436897 0.000023 -0.000015 0.412161 0.093191 -0.238840
 69 31.269356 -0.000015 -0.000031 -0.706079 -0.309745 0.088648
 70 28.756502 -0.000011 -0.000031 0.205804 -0.138519 -0.063772
 71 2.251888 2.464409 -1.141556 -0.513217 0.249535 0.112914
 72 3.674088 0.000008 -0.000031 0.331388 -0.059506 -0.325011
 73 3.614677 0.000004 0.000015 0.067360 -0.216133 -0.086857
 74 9.035412 2.494946 0.484421 0.001362 -0.011534 -0.001673
 75 2.943569 0.000004 -0.000031 -0.011498 -0.020268 0.014556
 76 2.649437 0.000004 0.000000 0.006498 -0.010740 -0.008512
 77 9.093685 0.386665 0.647781 -0.018031 0.093461 0.020165
 78 3.451862 0.000002 0.000000 0.014953 0.008589 -0.019838
 79 2.898201 0.000000 -0.000015 0.000683 -0.029445 -0.000917
 80 8.894413 -1.605850 0.371918 0.000566 0.090541 -0.000704
 81 3.130432 0.000004 -0.000061 -0.003896 -0.009289 0.005063
 82 2.629513 -0.000002 0.000031 -0.004892 -0.032059 0.006589
 83 8.470600 -3.459520 0.131393 0.018786 0.137518 -0.020073
 84 2.410282 0.000000 -0.000015 -0.024238 -0.029075 0.031299
 85 2.000751 0.000000 0.000031 0.005415 -0.025697 -0.007402
 86 9.832348 1.463058 -1.299438 0.016523 -0.031798 -0.020624
 87 25.040604 -5.670404 5.432800 -1.312160 -0.224887 -2.136065
 88 28.779709 -6.856310 -0.811420 -1.466235 0.019064 -1.725377
 89 29.182297 -3.955565 -4.961960 0.881869 2.552753 0.503940
 90 25.040573 5.670409 5.432755 1.296833 -0.398765 2.185823
 91 28.779739 6.856312 -0.811401 1.466235 0.019065 1.725381
 92 29.182281 3.955564 -4.961937 -0.881870 2.552752 -0.503940
 93 -65.335655 -0.000020 1.140917 -3.141591 0.044651 0.000000
 94 26.290939 -12.205290 1.157887 -2.071433 -0.017253 0.065077
 95 49.071030 0.000004 0.000009 2.100024 0.298391 -0.473318
 96 61.871292 -0.000015 -0.000031 3.054273 0.285108 0.071764
 97 26.290924 12.205296 1.157843 2.044472 0.127986 -0.159139
 98 49.071053 0.000004 -0.000032 -1.891721 0.433724 0.880759
 99 61.871273 0.000017 -0.000050 -2.944705 0.642561 0.102774
100 -0.698059 -11.192117 -8.252764 1.185644 -0.341903 -0.605010
101 20.568237 -0.000002 0.000000 -0.098743 -0.015542 0.154209
102 0.223801 -5.734810 -12.929604 2.959920 0.476640 -0.348210
103 20.803589 -0.000015 -0.000015 0.000168 0.138196 0.390371
104 -1.039993 -3.033967 12.140516 1.554308 0.104664 -1.288748
105 -1.039993 3.034005 12.140505 -1.554309 0.104667 1.288747
106 4.165436 -5.407045 12.088396 0.893602 -0.863466 -0.523031
107 16.599442 0.000000 -0.000031 0.086586 -0.349107 0.305064
108 4.165466 5.407081 12.088385 -1.052595 -1.035004 0.713717
109 16.599377 0.000015 -0.000015 -0.090470 -0.320721 -0.319787
110 6.428391 0.000001 -0.288940 -0.000001 0.000260 -0.000000
111 -1.833786 -13.936462 1.224508 1.568437 0.022289 -0.361438
112 20.406952 -0.000002 -0.000015 0.014653 0.066263 -0.011255
113 21.655495 -0.000004 -0.000004 0.018068 -0.009345 0.025373
114 22.360664 -0.000006 -0.000015 0.009183 -0.301830 0.059859
115 22.519653 -0.000002 -0.000008 -0.014195 -0.118726 0.145365
116 22.140383 -0.000002 -0.000015 -0.040894 0.067896 -0.005728
117 -1.699203 -12.875612 4.918510 1.121820 -0.144238 -0.327545
118 20.938614 0.000013 0.000000 0.048187 0.074564 -0.022556
119 21.993614 -0.000006 -0.000050 0.029470 -0.019984 0.022423
120 22.563789 -0.000011 0.000004 0.005427 -0.353467 0.072933
121 22.643349 0.000004 -0.000023 -0.035137 -0.197999 0.154794
122 22.238047 0.000002 -0.000023 -0.071344 0.037675 0.026942
123 -1.634338 -9.854568 8.052349 0.710672 -0.272824 -0.240308
124 22.205284 0.000004 -0.000015 0.052233 0.082708 -0.021103
125 22.804382 -0.000007 -0.000034 0.028464 -0.028970 0.016738
126 23.051659 0.000003 0.000008 0.006210 -0.402901 0.056205
127 22.939978 0.000006 -0.000038 -0.035119 -0.269979 0.122446
128 22.472057 0.000008 -0.000023 -0.060370 -0.011153 0.035432
129 -1.616165 -5.333254 10.147442 0.339958 -0.347774 -0.122220
130 23.451302 0.000000 -0.000008 0.029896 0.085779 -0.009310
131 23.608025 -0.000005 -0.000019 0.015488 -0.035181 0.011369
132 23.536232 -0.000003 -0.000023 0.013208 -0.439479 0.017194
133 23.233974 0.000003 0.000023 -0.012864 -0.319433 0.059251
134 22.703680 0.000010 -0.000008 -0.021103 -0.047081 0.010174
135 -1.614532 -0.000000 10.883350 -0.008183 -0.371067 0.007463
136 23.962128 0.000001 -0.000015 -0.004564 0.085381 0.006921
137 23.938957 -0.000003 0.000023 -0.003568 -0.038471 0.006808
138 23.736023 -0.000003 -0.000015 0.023210 -0.459309 -0.033205
139 23.354973 0.000005 -0.000031 0.020226 -0.341410 -0.018989
140 22.798925 -0.000010 -0.000015 0.026843 -0.066286 -0.029564
141 -1.616135 5.333251 10.147423 -0.356433 -0.345773 0.136664
142 23.451309 -0.000008 0.000008 -0.039598 0.083018 0.022732
143 23.608017 -0.000004 -0.000031 -0.023167 -0.038729 0.001581
144 23.536247 -0.000003 -0.000004 0.031711 -0.461142 -0.086114
145 23.233974 -0.000021 -0.000023 0.052183 -0.335007 -0.101057
146 22.703669 0.000010 0.000000 0.072593 -0.058655 -0.071069
147 -1.634354 9.854566 8.052349 -0.726550 -0.269013 0.253359
148 22.205269 0.000004 0.000000 -0.062993 0.077223 0.033088
149 22.804443 0.000003 -0.000065 -0.036926 -0.035768 -0.005683
150 23.051643 -0.000005 0.000008 0.033868 -0.444005 -0.135848
151 22.939968 -0.000009 -0.000008 0.067682 -0.300057 -0.173076
152 22.472061 -0.000008 -0.000023 0.104400 -0.038797 -0.119807
153 -1.699219 12.875608 4.918526 -1.136534 -0.139105 0.338496
154 20.938599 0.000019 0.000000 -0.060411 0.066710 0.031859
155 21.993607 -0.000004 -0.000057 -0.039573 -0.029263 -0.014543
156 22.563805 0.000004 0.000000 0.024419 -0.408943 -0.168039
157 22.643354 0.000006 -0.000031 0.056589 -0.239698 -0.221432
158 22.238026 -0.000013 -0.000015 0.098097 -0.011188 -0.140287
159 -1.833786 13.936459 1.224506 -1.583308 0.027944 0.369907
160 20.406952 0.000006 -0.000046 -0.028616 0.057167 0.016848
161 21.655510 0.000008 -0.000008 -0.030440 -0.019641 -0.021590
162 22.360649 0.000004 -0.000023 0.035150 -0.421320 -0.189294
163 22.519655 0.000001 -0.000015 0.064270 -0.204223 -0.250736
164 22.140377 -0.000006 0.000000 0.099142 -0.032951 -0.153724
165 -1.972595 12.875609 -3.614555 -1.861604 0.126963 0.338516
166 20.655167 0.000008 -0.000008 -0.012871 0.049609 0.008439
167 21.762260 0.000008 -0.000015 -0.029991 -0.013034 -0.020619
168 22.392159 0.000013 -0.000015 -0.017959 -0.325772 -0.162452
169 22.541344 0.000010 -0.000015 -0.025432 -0.110360 -0.226211
170 22.217501 0.000000 0.000000 -0.011010 0.014632 -0.114034
171 -1.967316 9.854568 -7.722435 -2.193109 0.205774 0.253282
172 21.272728 0.000002 -0.000008 0.002656 0.039027 0.000836
173 22.032509 0.000024 -0.000042 -0.026063 -0.005877 -0.017929
174 22.475662 0.000001 -0.000004 -0.034551 -0.276983 -0.143881
175 22.598717 0.000001 -0.000008 -0.055179 -0.044806 -0.194574
176 22.407976 0.000013 -0.000023 -0.037007 0.016370 -0.083894
177 -1.900833 5.333252 -10.470081 -2.622864 0.253706 0.134676
178 21.914322 0.000007 -0.000015 0.007647 0.032591 -0.003236
179 22.319824 -0.000009 0.000008 -0.018736 0.001815 -0.012798
180 22.569611 -0.000003 -0.000008 -0.035327 -0.225638 -0.117774
181 22.663212 0.000019 -0.000015 -0.056347 0.018900 -0.142890
182 22.604519 0.000015 -0.000023 -0.036678 0.015956 -0.082268
183 -1.865585 -0.000002 -11.435440 3.133503 0.268822 0.002254
184 22.186676 -0.000004 -0.000008 -0.008405 0.032624 -0.002674
185 22.443703 -0.000002 -0.000004 -0.008415 0.007482 -0.003701
186 22.611534 -0.000004 -0.000008 -0.011837 -0.190310 -0.080024
187 22.692009 0.000006 0.000000 -0.016607 0.055708 -0.064706
188 22.687641 0.000008 -0.000004 -0.011199 0.025744 -0.098591
189 -1.900848 -5.333257 -10.470070 2.606570 0.251604 -0.129829
190 21.914352 0.000008 -0.000008 -0.024528 0.037315 -0.000520
191 22.319824 -0.000020 0.000008 0.002444 0.007175 0.006996
192 22.569626 0.000006 -0.000031 0.017290 -0.191778 -0.035771
193 22.663231 -0.000019 0.000008 0.022734 0.045924 0.011979
194 22.604519 0.000003 -0.000008 0.023082 0.045694 -0.085910
195 -1.967300 -9.854566 -7.722441 2.177531 0.201829 -0.247562
196 21.272705 -0.000017 0.000004 -0.018845 0.046651 -0.001274
197 22.032455 0.000006 -0.000019 0.010899 0.002667 0.015571
198 22.475693 -0.000008 -0.000031 0.025085 -0.223974 0.004002
199 22.598705 0.000006 -0.000015 0.029927 -0.002639 0.073328
200 22.407990 -0.000018 -0.000015 0.033811 0.068176 -0.070244
201 -1.972580 -12.875611 -3.614563 1.846787 0.121740 -0.331519
202 20.655182 0.000008 -0.000008 -0.002167 0.058481 -0.005557
203 21.762268 -0.000006 0.000000 0.016242 -0.003074 0.021588
204 22.392159 -0.000006 -0.000023 0.019360 -0.265262 0.035808
205 22.541344 -0.000007 -0.000015 0.012504 -0.062878 0.116964
206 22.217503 -0.000002 -0.000015 0.006931 0.076744 -0.037873
207 0.059621 0.456168 0.250107 0.000000 -0.000000 0.000000
208 0.059621 0.456168 0.250107 0.000000 -0.000000 0.000000
time 2
  0 0.059621 0.456168 0.250107 0.000000 -0.000000 0.000000
  1 0.059621 0.456168 0.250107 0.000000 -0.000000 0.000000
  2 0.059621 0.456168 0.250107 0.000000 -0.000000 0.000000
  3 0.059621 0.456168 0.250107 0.000000 -0.000000 0.000000
  4 0.059621 0.456168 0.250107 0.000000 -0.000000 0.000000
  5 0.059621 0.456168 0.250107 0.000000 -0.000000 0.000000
  6 0.059621 0.456168 0.250107 0.000000 -0.000000 0.000000
  7 0.059621 0.456168 0.250107 0.000000 -0.000000 0.000000
  8 0.059621 0.456168 0.250107 0.000000 -0.000000 0.000000
  9 0.059621 0.456168 0.250107 0.000000 -0.000000 0.000000
 10 119.157120 36.347904 154.010239 -1.240115 -0.093769 1.542962
 11 24.668247 0.000000 -0.000042 0.963868 -0.036692 -0.306356
 12 30.380142 0.000000 -0.000008 1.647997 -0.327266 0.455398
 13 19.902100 0.000000 -0.000015 0.034065 -0.353772 -0.126075
 14 -88.350739 -21.637981 106.557144 -1.159488 -2.935985 -1.449970
 15 35.349514 0.000004 0.000015 -1.435758 -0.089934 0.469438
 16 37.124329 -0.000015 -0.000011 -2.234793 -0.215506 0.114649
 17 0.059621 0.456168 0.250107 0.064768 -0.005215 -0.156772
 18 0.059621 -22.661495 98.048065 3.141593 1.420663 1.570796
 19 -65.799561 -0.000020 1.142856 -0.000000 0.000514 3.141077
 20 11.181595 0.005760 -0.002409 -0.000000 0.254797 0.000515
 21 27.835175 -0.000000 0.000015 -3.141592 -0.129896 -0.000000
 22 5.330399 -0.000001 -0.000002 -3.070919 -0.014572 0.003512
 23 10.134888 -4.133392 3.834202 -0.681865 -1.173930 -2.497280
 24 10.134903 4.133399 3.834198 0.681898 -1.173920 2.497250
 25 22.592346 0.000010 17.467117 -0.000010 2.956431 0.000000
 26 21.199997 -7.744008 14.169518 -0.644457 -0.154503 -3.025319
 27 18.142014 -13.440228 7.965775 1.228366 -0.180197 3.082644
 28 21.199951 7.744024 14.169502 0.644460 -0.154503 3.025318
 29 18.141998 13.440241 7.965775 -0.316157 -0.180196 -3.082644
 30 11.858856 -13.360001 3.526516 1.542249 3.132957 0.174415
 31 9.463272 -16.404867 -2.906046 1.542282 3.132901 0.176490
 32 9.125244 -10.885475 -11.371326 0.000496 2.962373 0.000256
 33 11.858856 13.360006 3.526474 -1.542248 3.132957 -0.174414
 34 9.463257 16.404867 -2.906023 -1.542281 3.132900 -0.176490
 35 9.125275 10.885475 -11.371305 -0.000492 2.962373 0.000256
 36 9.023224 -0.000003 -17.296177 0.000180 -0.167048 -3.141356
 37 12.691391 -0.000002 -19.438765 0.000776 2.232838 0.000721
 38 10.989426 0.000002 -0.000015 0.004793 -0.493690 -0.000712
 39 12.871460 -10.586842 -15.652472 0.974407 2.573662 0.664642
 40 10.727005 0.000008 -0.000031 -0.193205 -0.474290 0.330328
 41 12.871460 10.586843 -15.652472 -0.914067 2.534066 -0.629640
 42 10.726990 -0.000025 0.000015 0.264745 -0.460707 -0.395692
 43 12.847214 -17.570086 -4.701338 1.230485 2.728809 0.841100
 44 11.496490 0.000008 -0.000031 -0.210059 -0.428846 0.366643
 45 12.847183 17.570087 -4.701361 -1.183607 2.680824 -0.819945
 46 11.496468 0.000002 -0.000015 0.256595 -0.414606 -0.434307
 47 28.485962 0.000011 16.460361 -0.010063 0.426839 -0.035665
 48 23.052765 -6.207911 -0.077286 -1.470206 0.035100 -1.833545
 49 9.436909 -0.000008 -0.000031 -0.016363 0.445709 0.404137
 50 31.269341 0.000011 -0.000031 0.032083 -0.170800 -0.110228
 51 28.756508 0.000008 -0.000015 0.041016 -0.333101 -0.044347
 52 2.251986 -2.464409 -1.141632 0.481305 0.508197 -0.319329
 53 3.674049 -0.000015 0.000000 -0.277611 0.179024 0.194713
 54 3.614697 0.000015 0.000000 0.013156 0.193871 -0.001558
 55 9.035500 -2.494946 0.484573 -0.001362 0.302449 0.001673
 56 2.943581 0.000002 -0.000015 0.010585 0.293657 -0.007800
 57 2.649437 0.000004 0.000015 -0.006498 0.303243 0.008512
 58 9.093615 -0.386671 0.647705 0.020190 0.475380 -0.012607
 59 3.451885 0.000004 0.000000 -0.014209 0.528778 0.009212
 60 2.898186 0.000002 0.000031 -0.000683 0.490858 0.000916
 61 8.894579 1.605850 0.371902 -0.000566 0.547851 0.000704
 62 3.130398 -0.000004 0.000046 0.003896 0.567158 -0.005064
 63 2.629517 0.000001 -0.000046 0.004892 0.544388 -0.006589
 64 8.470615 3.459526 0.131485 -0.021715 0.541478 0.011456
 65 2.410267 0.000004 -0.000061 0.022815 0.529939 -0.013321
 66 2.000778 0.000002 0.000015 -0.005415 0.533618 0.007402
 67 23.052765 6.207910 -0.077301 1.481823 0.058643 2.080206
 68 9.436890 0.000023 -0.000015 0.413996 0.080025 -0.231417
 69 31.269348 -0.000023 -0.000046 -0.706143 -0.294732 0.100454
 70 28.756504 -0.000011 -0.000031 0.205804 -0.138519 -0.063772
 71 2.251892 2.464409 -1.141556 -0.513217 0.249535 0.112914
 72 3.674088 0.000000 -0.000031 0.331388 -0.059506 -0.325011
 73 3.614677 0.000008 0.000031 0.067360 -0.216133 -0.086857
 74 9.035408 2.494949 0.484436 0.001362 -0.011534 -0.001673
 75 2.943573 0.000000 -0.000031 -0.011498 -0.020268 0.014556
 76 2.649429 -0.000004 0.000015 0.006498 -0.010740 -0.008512
 77 9.093685 0.386673 0.647781 -0.018031 0.093461 0.020165
 78 3.451859 0.000000 -0.000015 0.014953 0.008589 -0.019838
 79 2.898190 -0.000004 -0.000015 0.000684 -0.029445 -0.000917
 80 8.894417 -1.605850 0.371918 0.000566 0.090541 -0.000704
 81 3.130432 -0.000002 -0.000046 -0.003896 -0.009289 0.005063
 82 2.629517 -0.000002 0.000000 -0.004892 -0.032059 0.006589
 83 8.470604 -3.459522 0.131409 0.018786 0.137518 -0.020073
 84 2.410282 0.000002 0.000000 -0.024238 -0.029075 0.031299
 85 2.000755 0.000004 0.000000 0.005415 -0.025697 -0.007402
 86 9.832344 1.463058 -1.299438 0.016523 -0.031798 -0.020624
 87 25.040604 -5.670406 5.432800 -1.312159 -0.224887 -2.136065
 88 28.779709 -6.856311 -0.811420 -1.466235 0.019064 -1.725377
 89 29.182312 -3.955567 -4.961960 0.881869 2.552753 0.503940
 90 25.040573 5.670407 5.432755 1.296833 -0.398765 2.185823
 91 28.779739 6.856311 -0.811401 1.466235 0.019065 1.725381
 92 29.182297 3.955564 -4.961937 -0.881870 2.552752 -0.503941
 93 -65.335663 -0.000020 1.140918 -3.141591 0.043906 0.000000
 94 26.290909 -12.205289 1.157887 -2.071392 -0.016676 0.064978
 95 49.071045 0.000006 0.000008 2.100227 0.298079 -0.472613
 96 61.871300 -0.000017 -0.000023 3.054325 0.285621 0.071713
 97 26.290909 12.205297 1.157846 2.044386 0.128558 -0.159051
 98 49.071053 0.000002 -0.000034 -1.875263 0.437469 0.919475
 99 61.871284 0.000021 -0.000053 -2.944679 0.643075 0.102858
100 -0.698074 -11.192116 -8.252766 1.195681 -0.364719 -0.633867
101 20.568237 0.000000 0.000000 -0.097121 -0.037166 0.164048
102 0.223770 -5.734810 -12.929605 2.951898 0.486438 -0.365259
103 20.803574 -0.000015 -0.000015 -0.003749 0.130376 0.415362
104 -1.040024 -3.033968 12.140516 1.553710 0.104843 -1.288701
105 -1.039993 3.034005 12.140503 -1.553711 0.104846 1.288700
106 4.165436 -5.407045 12.088396 0.933371 -0.912386 -0.573955
107 16.599442 -0.000004 -0.000031 0.086997 -0.372101 0.302836
108 4.165482 5.407081 12.088387 -1.047082 -1.032346 0.707553
109 16.599377 0.000011 -0.000015 -0.089808 -0.295325 -0.319087
110 6.428375 0.000001 -0.288940 -0.000001 0.001005 0.000000
111 -1.833771 -13.936463 1.224506 1.568087 0.011037 -0.377968
112 20.406960 -0.000002 -0.000023 0.014444 0.072183 -0.010864
113 21.655487 -0.000004 -0.000008 0.017500 0.017546 0.010175
114 22.360680 -0.000004 -0.000019 0.014148 -0.291421 0.039884
115 22.519661 -0.000003 -0.000015 -0.015674 -0.135359 0.147842
116 22.140388 -0.000001 -0.000015 -0.038821 0.114224 -0.003874
117 -1.699203 -12.875613 4.918510 1.123844 -0.162573 -0.342848
118 20.938591 0.000015 0.000008 0.048034 0.080181 -0.022654
119 21.993629 -0.000006 -0.000046 0.029071 0.013186 0.007489
120 22.563797 -0.000011 0.000008 0.011001 -0.336732 0.054441
121 22.643345 0.000004 -0.000031 -0.036933 -0.216017 0.159788
122 22.238052 0.000002 -0.000031 -0.068436 0.087059 0.027111
123 -1.634354 -9.854568 8.052349 0.714214 -0.295984 -0.251645
124 22.205299 0.000004 -0.000015 0.052195 0.087878 -0.021333
125 22.804382 -0.000002 -0.000034 0.028575 0.008872 0.005361
126 23.051666 0.000001 0.000004 0.011184 -0.381362 0.042326
127 22.939983 0.000006 -0.000031 -0.036939 -0.289750 0.127646
128 22.472063 0.000010 -0.000023 -0.058296 0.032441 0.035039
129 -1.616135 -5.333254 10.147442 0.342172 -0.373297 -0.127985
130 23.451302 0.000000 -0.000015 0.029763 0.090490 -0.009308
131 23.608025 -0.000004 -0.000019 0.015769 0.005105 0.005435
132 23.536224 -0.000003 -0.000019 0.016256 -0.415386 0.009094
133 23.233971 0.000001 0.000015 -0.013997 -0.340809 0.061765
134 22.703678 0.000007 -0.000008 -0.020294 0.002708 0.010229
135 -1.614532 -0.000000 10.883354 -0.008325 -0.397211 0.007814
136 23.962128 0.000001 -0.000031 -0.004739 0.089866 0.007147
137 23.938957 -0.000003 0.000023 -0.003724 0.002525 0.006976
138 23.736031 -0.000003 -0.000008 0.023836 -0.434662 -0.034917
139 23.354977 0.000005 -0.000023 0.020539 -0.363420 -0.021256
140 22.798937 -0.000009 -0.000023 0.026705 -0.016811 -0.027506
141 -1.616135 5.333251 10.147429 -0.358528 -0.371190 0.143101
142 23.451302 -0.000009 0.000008 -0.039604 0.087649 0.023218
143 23.608025 -0.000001 -0.000031 -0.023097 0.001569 0.007831
144 23.536247 0.000001 -0.000008 0.029576 -0.437887 -0.081010
145 23.233978 -0.000020 -0.000031 0.054046 -0.356520 -0.107454
146 22.703669 0.000008 -0.000015 0.070544 -0.000389 -0.066199
147 -1.634338 9.854565 8.052347 -0.730231 -0.291976 0.265284
148 22.205261 0.000001 0.000008 -0.062606 0.082233 0.033746
149 22.804451 0.000003 -0.000065 -0.037280 0.002043 0.006117
150 23.051636 -0.000009 0.000004 0.029092 -0.424136 -0.125012
151 22.939980 -0.000009 -0.000008 0.070334 -0.320099 -0.182376
152 22.472065 -0.000004 -0.000023 0.101611 0.010623 -0.114061
153 -1.699203 12.875607 4.918524 -1.139016 -0.157191 0.354275
154 20.938583 0.000017 0.000008 -0.060099 0.072074 0.032361
155 21.993591 -0.000008 -0.000057 -0.039469 0.003845 0.000880
156 22.563797 0.000002 -0.000008 0.018997 -0.394543 -0.153130
157 22.643351 0.000000 -0.000038 0.059226 -0.258111 -0.230905
158 22.238031 -0.000017 -0.000015 0.095294 0.030764 -0.135715
159 -1.833771 13.936458 1.224504 -1.582983 0.016944 0.386804
160 20.406960 0.000006 -0.000038 -0.028468 0.062793 0.016728
161 21.655502 0.000008 -0.000008 -0.029986 0.007110 -0.005843
162 22.360664 0.000004 -0.000023 0.029408 -0.416226 -0.173618
163 22.519669 0.000002 -0.000015 0.066600 -0.222481 -0.258606
164 22.140385 -0.000002 -0.000008 0.094579 0.009888 -0.149449
165 -1.972580 12.875609 -3.614553 -1.859900 0.120324 0.353590
166 20.655190 0.000011 -0.000023 -0.012662 0.055005 0.007974
167 21.762268 0.000006 -0.000015 -0.029611 0.008070 -0.006077
168 22.392151 0.000013 -0.000015 -0.022120 -0.323191 -0.147795
169 22.541348 0.000011 -0.000015 -0.023865 -0.125661 -0.232707
170 22.217491 0.000000 0.000000 -0.012367 0.060592 -0.116895
171 -1.967316 9.854567 -7.722437 -2.191271 0.202592 0.264254
172 21.272720 0.000006 0.000000 0.002740 0.043844 0.000098
173 22.032501 0.000025 -0.000042 -0.025727 0.007508 -0.006075
174 22.475662 0.000007 -0.000008 -0.037362 -0.280976 -0.132065
175 22.598717 0.000005 -0.000008 -0.054403 -0.057363 -0.198933
176 22.407980 0.000017 -0.000031 -0.039886 0.064226 -0.087752
177 -1.900848 5.333252 -10.470083 -2.621641 0.252577 0.140376
178 21.914322 0.000010 -0.000015 0.007851 0.037067 -0.003888
179 22.319832 -0.000010 0.000004 -0.018509 0.007792 -0.005651
180 22.569626 0.000001 -0.000004 -0.036726 -0.235884 -0.111949
181 22.663219 0.000020 -0.000023 -0.056141 0.009405 -0.146009
182 22.604523 0.000019 -0.000031 -0.038909 0.065444 -0.084748
183 -1.865570 -0.000002 -11.435444 3.133158 0.268341 0.002345
184 22.186676 -0.000004 0.000000 -0.008777 0.036916 -0.002668
185 22.443726 -0.000002 -0.000004 -0.008489 0.010493 -0.003737
186 22.611534 -0.000004 -0.000015 -0.011040 -0.202006 -0.083679
187 22.692028 0.000005 0.000000 -0.016988 0.049538 -0.067868
188 22.687647 0.000009 0.000000 -0.012498 0.076084 -0.097566
189 -1.900833 -5.333257 -10.470076 2.605403 0.250390 -0.135324
190 21.914322 0.000008 -0.000008 -0.024880 0.041950 0.000054
191 22.319832 -0.000022 0.000004 0.002029 0.013287 0.000073
192 22.569626 0.000007 -0.000027 0.019409 -0.200594 -0.047564
193 22.663239 -0.000018 0.000008 0.022224 0.036741 0.010728
194 22.604519 0.000000 -0.000008 0.023065 0.095636 -0.081312
195 -1.967285 -9.854567 -7.722445 2.175261 0.198485 -0.258285
196 21.272720 -0.000017 -0.000008 -0.019239 0.051727 -0.000457
197 22.032494 0.000001 -0.000015 0.010286 0.016240 0.004102
198 22.475693 -0.000010 -0.000023 0.028256 -0.225601 -0.012891
199 22.598701 0.000005 -0.000015 0.029144 -0.014385 0.072905
200 22.407986 -0.000011 -0.000023 0.035063 0.116793 -0.063743
201 -1.972565 -12.875611 -3.614569 1.844824 0.114880 -0.346286
202 20.655167 0.000011 -0.000023 -0.002540 0.064170 -0.004902
203 21.762283 -0.000013 0.000000 0.015647 0.018204 0.007564
204 22.392166 -0.000008 -0.000023 0.023608 -0.260013 0.016528
205 22.541336 -0.000006 -0.000031 0.011373 -0.077703 0.118003
206 22.217505 -0.000006 -0.000031 0.009222 0.123730 -0.032188
207 0.059621 0.456168 0.250107 0.000000 -0.000000 0.000000
208 0.059621 0.456168 0.250107 0.000000 -0.000000 0.000000
time 3
  0 0.059621 0.456168 0.250107 0.000000 -0.000000 0.000000
  1 0.059621 0.456168 0.250107 0.000000 -0.000000 0.000000
  2 0.059621 0.456168 0.250107 0.000000 -0.000000 0.000000
  3 0.059621 0.456168 0.250107 0.000000 -0.000000 0.000000
  4 0.059621 0.456168 0.250107 0.000000 -0.000000 0.000000
  5 0.059621 0.456168 0.250107 0.000000 -0.000000 0.000000
  6 0.059621 0.456168 0.250107 0.000000 -0.000000 0.000000
  7 0.059621 0.456168 0.250107 0.000000 -0.000000 0.000000
  8 0.059621 0.456168 0.250107 0.000000 -0.000000 0.000000
  9 0.059621 0.456168 0.250107 0.000000 -0.000000 0.000000
 10 117.571068 32.519341 154.010239 -1.239007 -0.109052 1.537486
 11 24.668243 0.000000 -0.000038 0.962821 0.019060 -0.234658
 12 30.380135 0.000000 0.000023 1.654567 -0.243568 0.382068
 13 19.902084 0.000015 -0.000015 0.015535 -0.324416 -0.141910
 14 -88.350739 -21.637981 105.537476 -1.156103 -2.916034 -1.459775
 15 35.349510 0.000000 0.000023 -1.433847 -0.073146 0.445653
 16 37.124325 -0.000031 -0.000019 -2.177257 -0.286188 -0.084521
 17 0.059621 0.456168 0.250107 0.064768 -0.005215 -0.156772
 18 0.059621 -22.661495 97.405518 3.141593 1.420663 1.570796
 19 -65.799545 -0.000020 1.142856 -0.000000 0.000514 3.141077
 20 11.181580 0.005760 -0.002409 -0.000000 0.254797 0.000515
 21 27.835175 0.000000 0.000015 -3.141592 -0.129896 -0.000000
 22 5.330399 -0.000001 -0.000002 -3.070919 -0.014572 0.003512
 23 10.134888 -4.133392 3.834202 -0.681865 -1.173930 -2.497280
 24 10.134903 4.133399 3.834202 0.681898 -1.173920 2.497250
 25 22.592361 0.000010 17.467117 -0.000010 2.956431 0.000000
 26 21.199997 -7.744007 14.169521 -0.644457 -0.154503 -3.025319
 27 18.142014 -13.440227 7.965778 1.228366 -0.180197 3.082644
 28 21.199966 7.744025 14.169506 0.644460 -0.154503 3.025318
 29 18.141998 13.440241 7.965775 -0.316157 -0.180196 -3.082644
 30 11.858871 -13.360000 3.526516 1.542249 3.132957 0.174415
 31 9.463287 -16.404865 -2.906044 1.542282 3.132901 0.176490
 32 9.125259 -10.885476 -11.371325 0.000496 2.962373 0.000256
 33 11.858871 13.360006 3.526474 -1.542248 3.132957 -0.174414
 34 9.463257 16.404867 -2.906023 -1.542281 3.132900 -0.176490
 35 9.125275 10.885475 -11.371304 -0.000492 2.962373 0.000256
 36 9.023239 -0.000002 -17.296177 0.000180 -0.167048 -3.141356
 37 12.691406 -0.000002 -19.438763 0.000161 2.166435 0.000414
 38 10.989418 0.000002 -0.000015 0.010378 -0.389146 -0.001653
 39 12.871460 -10.586841 -15.652472 1.009401 2.537865 0.727909
 40 10.727005 0.000008 -0.000031 -0.180172 -0.368597 0.327433
 41 12.871460 10.586843 -15.652471 -0.950544 2.495225 -0.692413
 42 10.726974 -0.000023 0.000015 0.274958 -0.353767 -0.383747
 43 12.847229 -17.570086 -4.701336 1.257544 2.707307 0.906916
 44 11.496506 0.000006 -0.000031 -0.192365 -0.320064 0.365874
 45 12.847183 17.570087 -4.701359 -1.213932 2.656667 -0.886507
 46 11.496475 0.000002 -0.000015 0.256133 -0.303764 -0.429073
 47 28.485962 0.000012 16.460361 -0.010063 0.426839 -0.035665
 48 23.052750 -6.207911 -0.077286 -1.470206 0.035100 -1.833545
 49 9.436909 -0.000008 -0.000031 -0.024057 0.433366 0.391205
 50 31.269333 0.000004 -0.000015 0.048114 -0.164809 -0.207816
 51 28.756508 0.000010 -0.000031 0.041016 -0.333101 -0.044347
 52 2.251984 -2.464405 -1.141647 0.481305 0.508197 -0.319329
 53 3.674042 -0.000019 0.000031 -0.277611 0.179024 0.194713
 54 3.614693 0.000011 0.000000 0.013156 0.193871 -0.001558
 55 9.035501 -2.494947 0.484558 -0.001362 0.302449 0.001673
 56 2.943588 0.000004 -0.000015 0.010585 0.293657 -0.007800
 57 2.649433 0.000004 0.000015 -0.006498 0.303243 0.008512
 58 9.093622 -0.386671 0.647705 0.020190 0.475380 -0.012607
 59 3.451881 0.000000 0.000000 -0.014209 0.528778 0.009212
 60 2.898193 0.000000 0.000023 -0.000683 0.490858 0.000916
 61 8.894587 1.605848 0.371902 -0.000566 0.547851 0.000704
 62 3.130405 0.000000 0.000046 0.003896 0.567158 -0.005064
 63 2.629532 0.000004 -0.000038 0.004892 0.544388 -0.006589
 64 8.470621 3.459526 0.131485 -0.021715 0.541478 0.011456
 65 2.410263 0.000002 -0.000061 0.022815 0.529939 -0.013321
 66 2.000793 0.000006 0.000015 -0.005415 0.533618 0.007402
 67 23.052750 6.207911 -0.077301 1.481823 0.058643 2.080206
 68 9.436890 0.000027 0.000000 0.415612 0.068753 -0.220019
 69 31.269348 -0.000008 -0.000046 -0.706202 -0.271529 0.118700
 70 28.756506 -0.000011 -0.000015 0.205804 -0.138519 -0.063772
 71 2.251888 2.464409 -1.141556 -0.513217 0.249535 0.112914
 72 3.674084 0.000000 -0.000015 0.331388 -0.059506 -0.325011
 73 3.614677 0.000008 0.000031 0.067360 -0.216133 -0.086857
 74 9.035412 2.494946 0.484436 0.001362 -0.011534 -0.001673
 75 2.943573 0.000002 -0.000046 -0.011498 -0.020268 0.014556
 76 2.649445 -0.000004 0.000031 0.006498 -0.010740 -0.008512
 77 9.093693 0.386669 0.647781 -0.018031 0.093461 0.020165
 78 3.451862 0.000002 0.000000 0.014953 0.008589 -0.019838
 79 2.898205 0.000000 -0.000015 0.000684 -0.029445 -0.000917
 80 8.894413 -1.605850 0.371918 0.000566 0.090541 -0.000704
 81 3.130436 -0.000002 -0.000031 -0.003896 -0.009289 0.005063
 82 2.629520 0.000000 0.000015 -0.004892 -0.032059 0.006589
 83 8.470615 -3.459518 0.131393 0.018786 0.137518 -0.020073
 84 2.410278 0.000000 -0.000015 -0.024238 -0.029075 0.031299
 85 2.000748 0.000000 0.000015 0.005415 -0.025697 -0.007402
 86 9.832340 1.463062 -1.299438 0.016523 -0.031798 -0.020624
 87 25.040604 -5.670405 5.432800 -1.312160 -0.224887 -2.136065
 88 28.779709 -6.856310 -0.811417 -1.466235 0.019064 -1.725377
 89 29.182312 -3.955566 -4.961960 0.881869 2.552753 0.503940
 90 25.040573 5.670408 5.432758 1.296833 -0.398765 2.185823
 91 28.779739 6.856311 -0.811401 1.466235 0.019065 1.725381
 92 29.182297 3.955565 -4.961937 -0.881870 2.552752 -0.503940
 93 -65.335648 -0.000020 1.140918 -3.141591 0.042731 0.000000
 94 26.290909 -12.205289 1.157887 -2.071328 -0.015767 0.064821
 95 49.071045 0.000008 0.000009 2.100548 0.297587 -0.471500
 96 61.871300 -0.000016 -0.000031 3.054406 0.286431 0.071632
 97 26.290924 12.205297 1.157841 2.044250 0.129462 -0.158913
 98 49.071045 0.000005 -0.000032 -1.859000 0.440925 0.956643
 99 61.871265 0.000025 -0.000069 -2.944638 0.643887 0.102991
100 -0.698059 -11.192116 -8.252766 1.206549 -0.387531 -0.663615
101 20.568237 -0.000004 -0.000008 -0.094614 -0.061609 0.172584
102 0.223770 -5.734810 -12.929604 2.943444 0.496337 -0.382897
103 20.803566 -0.000015 -0.000031 -0.007558 0.118290 0.439605
104 -1.040009 -3.033968 12.140512 1.552766 0.105127 -1.288626
105 -1.039993 3.034005 12.140499 -1.552767 0.105129 1.288626
106 4.165436 -5.407045 12.088390 0.979579 -0.959993 -0.631833
107 16.599442 -0.000004 -0.000031 0.087361 -0.395553 0.299413
108 4.165466 5.407081 12.088383 -1.038617 -1.028263 0.698086
109 16.599377 0.000011 -0.000015 -0.088792 -0.256324 -0.318012
110 6.428375 0.000001 -0.288942 -0.000001 0.002180 0.000000
111 -1.833755 -13.936462 1.224503 1.568170 -0.000549 -0.394963
112 20.406952 -0.000006 -0.000023 0.014495 0.074915 -0.008148
113 21.655495 -0.000004 -0.000008 0.016663 0.043153 -0.003177
114 22.360680 -0.000008 -0.000019 0.019462 -0.276260 0.018132
115 22.519665 -0.000006 -0.000031 -0.016398 -0.147059 0.145617
116 22.140388 -0.000005 -0.000023 -0.035731 0.178274 -0.000996
117 -1.699203 -12.875612 4.918509 1.126463 -0.181349 -0.358649
118 20.938622 0.000011 0.000000 0.047982 0.081485 -0.020655
119 21.993622 -0.000008 -0.000046 0.028357 0.044221 -0.005744
120 22.563797 -0.000013 0.000004 0.017012 -0.314373 0.033951
121 22.643360 0.000001 -0.000023 -0.037811 -0.227703 0.160178
122 22.238050 -0.000002 -0.000015 -0.064292 0.148359 0.027455
123 -1.634338 -9.854568 8.052345 0.717725 -0.319622 -0.263405
124 22.205284 0.000002 -0.000015 0.052152 0.087933 -0.019999
125 22.804375 -0.000001 -0.000042 0.027909 0.043822 -0.004739
126 23.051659 0.000000 0.000004 0.016440 -0.353532 0.026265
127 22.939976 0.000006 -0.000038 -0.037926 -0.302206 0.128903
128 22.472057 0.000002 -0.000015 -0.055293 0.083758 0.034731
129 -1.616150 -5.333254 10.147438 0.344356 -0.399296 -0.133984
130 23.451317 -0.000001 -0.000023 0.030222 0.089648 -0.008542
131 23.608025 -0.000006 -0.000027 0.015384 0.042025 0.000200
132 23.536232 -0.000003 -0.000027 0.019597 -0.384477 0.000096
133 23.233973 0.000001 0.000008 -0.014504 -0.354101 0.062182
134 22.703671 0.000006 -0.000015 -0.019083 0.060986 0.010371
135 -1.614532 -0.000000 10.883350 -0.008853 -0.423822 0.008180
136 23.962128 0.000001 -0.000031 -0.004693 0.088671 0.007434
137 23.938965 -0.000003 0.000008 -0.003667 0.039981 0.007237
138 23.736031 -0.000003 -0.000019 0.024300 -0.403093 -0.036328
139 23.354979 0.000005 -0.000038 0.021009 -0.377213 -0.023423
140 22.798929 -0.000010 -0.000031 0.026524 0.040986 -0.024899
141 -1.616135 5.333251 10.147423 -0.361360 -0.397073 0.149797
142 23.451302 -0.000007 -0.000008 -0.039462 0.086720 0.022935
143 23.608025 -0.000001 -0.000046 -0.023129 0.038425 0.013657
144 23.536255 0.000000 -0.000011 0.026837 -0.407961 -0.074267
145 23.233978 -0.000017 -0.000023 0.055400 -0.370270 -0.111874
146 22.703669 0.000010 -0.000015 0.067743 0.067394 -0.060919
147 -1.634338 9.854566 8.052345 -0.733645 -0.315405 0.277647
148 22.205254 0.000000 0.000008 -0.062511 0.082110 0.032874
149 22.804459 0.000006 -0.000069 -0.036564 0.036911 0.016753
150 23.051643 -0.000006 0.000004 0.024331 -0.398227 -0.111494
151 22.939981 -0.000005 -0.000015 0.072244 -0.333483 -0.188114
152 22.472071 -0.000004 -0.000038 0.097667 0.068834 -0.108174
153 -1.699219 12.875608 4.918524 -1.141519 -0.175709 0.370561
154 20.938599 0.000017 -0.000008 -0.060105 0.073107 0.030751
155 21.993599 -0.000004 -0.000061 -0.038864 0.034727 0.014692
156 22.563805 0.000000 -0.000008 0.012838 -0.374835 -0.135558
157 22.643356 0.000005 -0.000038 0.060890 -0.270915 -0.236497
158 22.238031 -0.000008 -0.000015 0.091236 0.082109 -0.131653
159 -1.833786 13.936459 1.224504 -1.582743 0.005617 0.404173
160 20.406967 0.000006 -0.000038 -0.028390 0.065190 0.014264
161 21.655510 0.000010 -0.000015 -0.029273 0.032494 0.008087
162 22.360649 0.000008 -0.000015 0.022736 -0.406754 -0.155639
163 22.519665 0.000003 -0.000015 0.067838 -0.237068 -0.262865
164 22.140373 -0.000010 -0.000008 0.088127 0.070453 -0.145258
165 -1.972565 12.875609 -3.614557 -1.858042 0.113454 0.369056
166 20.655190 0.000010 -0.000015 -0.012681 0.058036 0.005263
167 21.762253 0.000002 -0.000015 -0.028951 0.028388 0.006681
168 22.392166 0.000010 -0.000015 -0.026815 -0.317021 -0.131018
169 22.541348 0.000015 -0.000031 -0.023154 -0.138355 -0.235382
170 22.217497 0.000004 -0.000015 -0.014630 0.125571 -0.120941
171 -1.967300 9.854567 -7.722435 -2.188756 0.199272 0.275502
172 21.272728 0.000000 0.000000 0.002898 0.047401 -0.002553
173 22.032509 0.000029 -0.000038 -0.025205 0.020797 0.004265
174 22.475670 0.000005 -0.000008 -0.040755 -0.282431 -0.118801
175 22.598717 0.000008 -0.000008 -0.053779 -0.068824 -0.200654
176 22.407982 0.000015 -0.000023 -0.043955 0.131886 -0.093205
177 -1.900833 5.333252 -10.470079 -2.620517 0.251378 0.146211
178 21.914337 0.000010 -0.000015 0.007619 0.041332 -0.005697
179 22.319832 -0.000007 0.000004 -0.018212 0.014369 0.000580
180 22.569626 0.000001 -0.000004 -0.038105 -0.244638 -0.105447
181 22.663212 0.000022 -0.000015 -0.055946 -0.000888 -0.147748
182 22.604517 0.000019 -0.000031 -0.042062 0.135411 -0.088254
183 -1.865570 -0.000002 -11.435446 3.133582 0.267899 0.002587
184 22.186676 -0.000004 -0.000004 -0.008790 0.041595 -0.002818
185 22.443718 -0.000002 0.000000 -0.008328 0.014387 -0.003257
186 22.611542 -0.000005 -0.000008 -0.010257 -0.213457 -0.086192
187 22.692009 0.000006 0.000000 -0.016807 0.038135 -0.071418
188 22.687649 0.000008 -0.000011 -0.014333 0.147256 -0.096118
189 -1.900833 -5.333257 -10.470072 2.604331 0.249105 -0.140953
190 21.914337 0.000005 -0.000008 -0.024762 0.046400 0.001765
191 22.319832 -0.000019 0.000004 0.001760 0.020032 -0.005919
192 22.569618 0.000007 -0.000027 0.021577 -0.207795 -0.060244
193 22.663239 -0.000016 0.000000 0.021651 0.027096 0.006601
194 22.604519 0.000004 -0.000008 0.023052 0.166243 -0.074811
195 -1.967285 -9.854567 -7.722441 2.173207 0.195001 -0.269278
196 21.272713 -0.000023 0.000000 -0.019216 0.055574 0.002204
197 22.032471 0.000002 -0.000015 0.009763 0.029782 -0.005871
198 22.475685 -0.000007 -0.000023 0.031844 -0.224478 -0.031296
199 22.598713 0.000007 -0.000015 0.028510 -0.024572 0.068714
200 22.407997 -0.000016 -0.000031 0.036832 0.185528 -0.054552
201 -1.972565 -12.875611 -3.614565 1.843070 0.107786 -0.361438
202 20.655174 0.000008 -0.000015 -0.002515 0.067533 -0.002025
203 21.762276 -0.000011 -0.000004 0.014879 0.038768 -0.004697
204 22.392166 -0.000006 -0.000027 0.028146 -0.250847 -0.004448
205 22.541344 -0.000005 -0.000031 0.010666 -0.088985 0.114503
206 22.217497 -0.000002 -0.000015 0.012460 0.190158 -0.024151
207 0.059621 0.456168 0.250107 0.000000 -0.000000 0.000000
208 0.059621 0.456168 0.250107 0.000000 -0.000000 0.000000
time 4
  0 0.059621 0.456168 0.250107 0.000000 -0.000000 0.000000
  1 0.059621 0.456168 0.250107 0.000000 -0.000000 0.000000
  2 0.059621 0.456168 0.250107 0.000000 -0.000000 0.000000
  3 0.059621 0.456168 0.250107 0.000000 -0.000000 0.000000
  4 0.059621 0.456168 0.250107 0.000000 -0.000000 0.000000
  5 0.059621 0.456168 0.250107 0.000000 -0.000000 0.000000
  6 0.059621 0.456168 0.250107 0.000000 -0.000000 0.000000
  7 0.059621 0.456168 0.250107 0.000000 -0.000000 0.000000
  8 0.059621 0.456168 0.250107 0.000000 -0.000000 0.000000
  9 0.059621 0.456168 0.250107 0.000000 -0.000000 0.000000
 10 115.542397 27.622335 154.010239 -1.237589 -0.128600 1.530482
 11 24.668243 0.000031 -0.000046 0.965131 0.066861 -0.171627
 12 30.380150 0.000000 0.000000 1.655051 -0.144607 0.316795
 13 19.902084 0.000000 -0.000015 -0.008166 -0.286867 -0.158652
 14 -88.350739 -21.637981 104.233253 -1.151774 -2.890515 -1.472317
 15 35.349518 0.000000 0.000023 -1.432375 -0.057181 0.421602
 16 37.124340 -0.000015 -0.000011 -2.114568 -0.346555 -0.297882
 17 0.059621 0.456168 0.250107 0.064768 -0.005215 -0.156772
 18 0.059621 -22.661495 96.556961 3.141593 1.420664 1.570796
 19 -65.799538 -0.000020 1.142859 0.000000 0.000514 3.141077
 20 11.181580 0.005760 -0.002409 -0.000000 0.254797 0.000515
 21 27.835175 -0.000001 0.000015 -3.141592 -0.129896 -0.000000
 22 5.330399 -0.000000 -0.000002 -3.070919 -0.014572 0.003512
 23 10.134888 -4.133394 3.834202 -0.681865 -1.173930 -2.497280
 24 10.134903 4.133400 3.834202 0.681898 -1.173920 2.497250
 25 22.592346 0.000009 17.467117 -0.000010 2.956431 0.000000
 26 21.199982 -7.744012 14.169525 -0.644457 -0.154503 -3.025319
 27 18.142014 -13.440232 7.965778 1.228366 -0.180197 3.082644
 28 21.199951 7.744025 14.169502 0.644460 -0.154503 3.025318
 29 18.141983 13.440242 7.965775 -0.316157 -0.180196 -3.082644
 30 11.858856 -13.360003 3.526516 1.542249 3.132957 0.174415
 31 9.463272 -16.404873 -2.906042 1.542282 3.132901 0.176490
 32 9.125244 -10.885478 -11.371323 0.000496 2.962373 0.000256
 33 11.858856 13.360011 3.526474 -1.542248 3.132957 -0.174414
 34 9.463257 16.404873 -2.906023 -1.542281 3.132900 -0.176490
 35 9.125275 10.885476 -11.371304 -0.000492 2.962373 0.000256
 36 9.023224 -0.000002 -17.296173 0.000180 -0.167048 -3.141356
 37 12.691391 -0.000002 -19.438763 0.000199 2.098142 0.000028
 38 10.989418 0.000003 -0.000031 0.017728 -0.256635 -0.003029
 39 12.871460 -10.586844 -15.652472 1.049522 2.502819 0.796811
 40 10.727005 0.000006 -0.000015 -0.163103 -0.234629 0.323353
 41 12.871445 10.586846 -15.652471 -0.993176 2.457058 -0.761432
 42 10.726982 -0.000019 0.000015 0.284321 -0.218218 -0.368608
 43 12.847214 -17.570089 -4.701336 1.287144 2.687007 0.975734
 44 11.496506 0.000002 -0.000031 -0.169266 -0.182182 0.364753
 45 12.847183 17.570089 -4.701359 -1.247256 2.633847 -0.956457
 46 11.496460 0.000006 -0.000015 0.255437 -0.163269 -0.422439
 47 28.485962 0.000010 16.460361 -0.010063 0.426839 -0.035665
 48 23.052765 -6.207914 -0.077290 -1.470206 0.035100 -1.833545
 49 9.436913 -0.000008 -0.000031 -0.032607 0.420434 0.374540
 50 31.269341 -0.000002 0.000000 0.065353 -0.157940 -0.318636
 51 28.756519 0.000008 -0.000031 0.041016 -0.333101 -0.044347
 52 2.251987 -2.464409 -1.141647 0.481305 0.508197 -0.319329
 53 3.674042 -0.000015 0.000000 -0.277611 0.179024 0.194713
 54 3.614700 0.000011 0.000000 0.013156 0.193871 -0.001558
 55 9.035511 -2.494946 0.484558 -0.001362 0.302449 0.001673
 56 2.943573 0.000000 -0.000015 0.010585 0.293657 -0.007800
 57 2.649426 0.000004 0.000000 -0.006498 0.303243 0.008512
 58 9.093624 -0.386673 0.647720 0.020190 0.475380 -0.012607
 59 3.451878 0.000000 0.000015 -0.014209 0.528778 0.009212
 60 2.898186 0.000000 0.000031 -0.000683 0.490858 0.000916
 61 8.894588 1.605852 0.371887 -0.000566 0.547851 0.000704
 62 3.130402 0.000002 0.000031 0.003896 0.567158 -0.005064
 63 2.629524 0.000004 -0.000038 0.004892 0.544388 -0.006589
 64 8.470623 3.459530 0.131485 -0.021715 0.541478 0.011456
 65 2.410275 0.000000 -0.000061 0.022815 0.529939 -0.013321
 66 2.000801 0.000008 -0.000008 -0.005415 0.533618 0.007402
 67 23.052765 6.207911 -0.077305 1.481823 0.058643 2.080206
 68 9.436897 0.000023 -0.000015 0.417022 0.059230 -0.205438
 69 31.269356 -0.000015 -0.000046 -0.706254 -0.241625 0.142215
 70 28.756519 -0.000008 -0.000015 0.205804 -0.138519 -0.063772
 71 2.251892 2.464409 -1.141541 -0.513217 0.249535 0.112914
 72 3.674091 0.000008 -0.000015 0.331388 -0.059506 -0.325011
 73 3.614685 0.000008 0.000015 0.067360 -0.216133 -0.086857
 74 9.035419 2.494949 0.484421 0.001362 -0.011534 -0.001673
 75 2.943573 0.000002 -0.000046 -0.011497 -0.020268 0.014556
 76 2.649445 0.000000 0.000031 0.006498 -0.010740 -0.008512
 77 9.093689 0.386673 0.647781 -0.018031 0.093461 0.020165
 78 3.451862 0.000002 0.000015 0.014953 0.008589 -0.019838
 79 2.898209 0.000002 -0.000015 0.000684 -0.029445 -0.000917
 80 8.894413 -1.605850 0.371918 0.000566 0.090541 -0.000704
 81 3.130444 0.000000 -0.000031 -0.003896 -0.009289 0.005063
 82 2.629524 -0.000002 0.000031 -0.004892 -0.032059 0.006589
 83 8.470608 -3.459520 0.131393 0.018786 0.137518 -0.020073
 84 2.410278 0.000000 0.000000 -0.024238 -0.029075 0.031299
 85 2.000755 0.000000 0.000031 0.005415 -0.025697 -0.007402
 86 9.832355 1.463060 -1.299423 0.016523 -0.031798 -0.020624
 87 25.040604 -5.670408 5.432796 -1.312160 -0.224887 -2.136065
 88 28.779709 -6.856314 -0.811417 -1.466235 0.019064 -1.725377
 89 29.182312 -3.955568 -4.961960 0.881869 2.552753 0.503940
 90 25.040573 5.670408 5.432758 1.296833 -0.398765 2.185823
 91 28.779755 6.856312 -0.811401 1.466235 0.019065 1.725381
 92 29.182297 3.955565 -4.961937 -0.881870 2.552752 -0.503941
 93 -65.335655 -0.000020 1.140919 -3.141591 0.041179 0.000000
 94 26.290939 -12.205290 1.157883 -2.071244 -0.014565 0.064614
 95 49.071030 0.000004 0.000006 2.100971 0.296937 -0.470031
 96 61.871307 -0.000014 -0.000031 3.054513 0.287501 0.071524
 97 26.290924 12.205296 1.157841 2.044070 0.130656 -0.158731
 98 49.071053 0.000004 -0.000034 -1.843009 0.444101 0.992200
 99 61.871277 0.000024 -0.000061 -2.944583 0.644960 0.103166
100 -0.698059 -11.192117 -8.252768 1.218385 -0.409937 -0.693884
101 20.568245 -0.000004 -0.000008 -0.091384 -0.088162 0.179909
102 0.223785 -5.734810 -12.929605 2.934925 0.506255 -0.400943
103 20.803589 -0.000015 -0.000031 -0.011231 0.102715 0.462925
104 -1.039993 -3.033967 12.140511 1.551519 0.105501 -1.288528
105 -1.039993 3.034005 12.140501 -1.551520 0.105503 1.288528
106 4.165436 -5.407045 12.088390 1.033608 -1.005033 -0.696877
107 16.599442 0.000004 -0.000015 0.087681 -0.419065 0.295035
108 4.165466 5.407081 12.088383 -1.027788 -1.023041 0.685978
109 16.599380 0.000008 -0.000015 -0.087492 -0.206440 -0.316637
110 6.428375 0.000001 -0.288946 -0.000001 0.003732 0.000000
111 -1.833771 -13.936462 1.224506 1.568182 -0.012255 -0.412262
112 20.406952 0.000000 -0.000015 0.014584 0.074819 -0.003337
113 21.655502 -0.000006 -0.000008 0.015467 0.067137 -0.014506
114 22.360680 -0.000004 -0.000015 0.024713 -0.257058 -0.004997
115 22.519661 -0.000004 -0.000015 -0.016481 -0.153698 0.138591
116 22.140387 -0.000003 -0.000023 -0.031925 0.250988 0.002730
117 -1.699219 -12.875612 4.918512 1.129585 -0.200263 -0.374794
118 20.938606 0.000013 0.000008 0.048193 0.078948 -0.016795
119 21.993622 -0.000008 -0.000046 0.027264 0.072680 -0.017107
120 22.563797 -0.000015 0.000000 0.022816 -0.287310 0.011978
121 22.643356 0.000007 -0.000046 -0.037651 -0.232750 0.156025
122 22.238050 0.000001 -0.000031 -0.059489 0.214462 0.028021
123 -1.634338 -9.854568 8.052347 0.721619 -0.343373 -0.275478
124 22.205284 0.000004 -0.000015 0.052299 0.083435 -0.017361
125 22.804390 -0.000004 -0.000031 0.027127 0.075353 -0.013420
126 23.051666 0.000002 0.000008 0.021608 -0.320427 0.009239
127 22.939987 0.000007 -0.000038 -0.037764 -0.306769 0.126462
128 22.472061 0.000013 -0.000015 -0.051733 0.138626 0.034497
129 -1.616150 -5.333254 10.147438 0.346856 -0.425379 -0.140161
130 23.451317 0.000002 -0.000015 0.030111 0.083916 -0.007109
131 23.608025 -0.000004 -0.000023 0.015023 0.074976 -0.004228
132 23.536240 -0.000002 -0.000023 0.022801 -0.348053 -0.009567
133 23.233978 0.000002 0.000015 -0.014211 -0.358834 0.060071
134 22.703682 0.000009 -0.000008 -0.017585 0.121868 0.010640
135 -1.614532 -0.000000 10.883352 -0.009037 -0.450507 0.008557
136 23.962128 0.000001 -0.000038 -0.004864 0.082483 0.007700
137 23.938965 -0.000003 0.000023 -0.003705 0.073269 0.007575
138 23.736038 -0.000003 -0.000011 0.024495 -0.365960 -0.037234
139 23.354979 0.000005 -0.000031 0.021625 -0.382293 -0.025943
140 22.798935 -0.000009 -0.000023 0.026323 0.101298 -0.022056
141 -1.616135 5.333251 10.147423 -0.364027 -0.423039 0.156690
142 23.451317 -0.000009 0.000000 -0.039595 0.080878 0.022060
143 23.608017 -0.000004 -0.000038 -0.022747 0.071323 0.018643
144 23.536247 -0.000002 -0.000008 0.024118 -0.372458 -0.067100
145 23.233978 -0.000021 -0.000031 0.056398 -0.375488 -0.115625
146 22.703672 0.000007 -0.000008 0.064690 0.135725 -0.055807
147 -1.634338 9.854566 8.052347 -0.737731 -0.338944 0.290336
148 22.205261 0.000000 -0.000008 -0.062636 0.077411 0.030739
149 22.804459 0.000004 -0.000069 -0.036238 0.068296 0.026075
150 23.051643 -0.000009 0.000000 0.018846 -0.367047 -0.096882
151 22.939987 -0.000005 -0.000023 0.073171 -0.339127 -0.191328
152 22.472071 -0.000006 -0.000023 0.093146 0.129860 -0.102518
153 -1.699219 12.875608 4.918528 -1.144612 -0.194359 0.387198
154 20.938591 0.000019 0.000000 -0.060210 0.070267 0.027302
155 21.993607 -0.000006 -0.000061 -0.037939 0.062962 0.026707
156 22.563805 0.000002 -0.000008 0.006508 -0.350553 -0.116190
157 22.643356 0.000004 -0.000038 0.061600 -0.277737 -0.238061
158 22.238031 -0.000011 -0.000023 0.086425 0.138228 -0.128131
159 -1.833786 13.936459 1.224504 -1.582725 -0.005823 0.421841
160 20.406952 0.000006 -0.000031 -0.028500 0.064714 0.009727
161 21.655518 0.000011 -0.000008 -0.028292 0.056190 0.020036
162 22.360657 0.000006 -0.000023 0.015635 -0.393497 -0.135875
163 22.519665 0.000003 -0.000015 0.068724 -0.247744 -0.263359
164 22.140373 0.000000 0.000000 0.080732 0.139881 -0.141360
165 -1.972580 12.875610 -3.614553 -1.856243 0.106515 0.384749
166 20.655182 0.000011 -0.000023 -0.012759 0.058952 0.000561
167 21.762268 0.000004 -0.000015 -0.028156 0.047646 0.017554
168 22.392159 0.000011 -0.000023 -0.031813 -0.307669 -0.112762
169 22.541344 0.000014 -0.000023 -0.022893 -0.147999 -0.234448
170 22.217499 0.000004 -0.000008 -0.017798 0.200058 -0.125578
171 -1.967316 9.854568 -7.722435 -2.186544 0.195932 0.286911
172 21.272705 0.000008 -0.000008 0.002813 0.049840 -0.006865
173 22.032516 0.000025 -0.000046 -0.024647 0.033808 0.012972
174 22.475677 0.000004 -0.000004 -0.044259 -0.281670 -0.104378
175 22.598709 0.000006 -0.000008 -0.053508 -0.079170 -0.199404
176 22.407974 0.000011 -0.000023 -0.048620 0.209447 -0.099457
177 -1.900848 5.333252 -10.470081 -2.618768 0.250191 0.152116
178 21.914330 0.000008 -0.000023 0.007650 0.045425 -0.008546
179 22.319839 -0.000010 0.000008 -0.017920 0.021431 0.005696
180 22.569633 -0.000002 -0.000004 -0.039739 -0.252138 -0.098035
181 22.663216 0.000021 -0.000015 -0.055530 -0.011824 -0.148005
182 22.604523 0.000019 -0.000031 -0.045678 0.215616 -0.092273
183 -1.865601 -0.000002 -11.435442 3.133230 0.267355 0.002667
184 22.186691 -0.000004 -0.000008 -0.008807 0.046649 -0.002916
185 22.443726 -0.000002 -0.000008 -0.008476 0.018577 -0.003322
186 22.611549 -0.000004 -0.000004 -0.009925 -0.224435 -0.089519
187 22.692020 0.000006 0.000008 -0.017169 0.028164 -0.073642
188 22.687649 0.000010 -0.000008 -0.016437 0.228842 -0.094458
189 -1.900848 -5.333257 -10.470074 2.602533 0.247852 -0.146696
190 21.914314 0.000008 -0.000011 -0.024821 0.050683 0.004471
191 22.319832 -0.000021 0.000000 0.001477 0.027304 -0.010928
192 22.569626 0.000007 -0.000027 0.024049 -0.213487 -0.073550
193 22.663231 -0.000017 0.000008 0.021174 0.017194 -0.000051
194 22.604519 0.000005 -0.000015 0.023043 0.247183 -0.067359
195 -1.967300 -9.854566 -7.722441 2.170924 0.191495 -0.280436
196 21.272705 -0.000023 0.000000 -0.019080 0.058321 0.006539
197 22.032471 0.000000 -0.000019 0.009102 0.043095 -0.014236
198 22.475685 -0.000008 -0.000023 0.035477 -0.220976 -0.050565
199 22.598709 0.000003 -0.000015 0.028016 -0.032913 0.060446
200 22.407984 -0.000016 -0.000023 0.038861 0.264321 -0.044017
201 -1.972580 -12.875610 -3.614565 1.841429 0.100619 -0.376809
202 20.655167 0.000006 -0.000015 -0.002403 0.068805 0.002837
203 21.762283 -0.000010 -0.000008 0.013896 0.058341 -0.015042
204 22.392166 -0.000006 -0.000027 0.032792 -0.238306 -0.026663
205 22.541336 -0.000005 -0.000015 0.010329 -0.096506 0.106471
206 22.217503 -0.000002 -0.000031 0.016173 0.266307 -0.014937
207 0.059621 0.456168 0.250107 0.000000 -0.000000 0.000000
208 0.059621 0.456168 0.250107 0.000000 -0.000000 0.000000
time 5
  0 0.059621 0.456168 0.250107 0.000000 -0.000000 0.000000
  1 0.059621 0.456168 0.250107 0.000000 -0.000000 0.000000
  2 0.059621 0.456168 0.250107 0.000000 -0.000000 0.000000
  3 0.059621 0.456168 0.250107 0.000000 -0.000000 0.000000
  4 0.059621 0.456168 0.250107 0.000000 -0.000000 0.000000
  5 0.059621 0.456168 0.250107 0.000000 -0.000000 0.000000
  6 0.059621 0.456168 0.250107 0.000000 -0.000000 0.000000
  7 0.059621 0.456168 0.250107 0.000000 -0.000000 0.000000
  8 0.059621 0.456168 0.250107 0.000000 -0.000000 0.000000
  9 0.059621 0.456168 0.250107 0.000000 -0.000000 0.000000
 10 113.181763 21.924007 154.010239 -1.235939 -0.151346 1.522332
 11 24.668251 0.000015 -0.000042 0.969327 0.104722 -0.118878
 12 30.380127 0.000000 0.000000 1.650375 -0.046703 0.264791
 13 19.902084 -0.000008 -0.000015 -0.035745 -0.243174 -0.175868
 14 -88.350739 -21.637981 102.715607 -1.146737 -2.860820 -1.486912
 15 35.349510 0.000004 0.000015 -1.431300 -0.042854 0.398397
 16 37.124325 -0.000015 -0.000023 -2.057032 -0.393508 -0.491854
 17 0.059621 0.456168 0.250107 0.064768 -0.005215 -0.156772
 18 0.059621 -22.661495 95.531822 3.141593 1.420663 1.570796
 19 -65.799553 -0.000020 1.142857 -0.000000 0.000515 3.141077
 20 11.181580 0.005760 -0.002409 -0.000000 0.254797 0.000515
 21 27.835175 0.000000 0.000011 -3.141592 -0.129896 -0.000000
 22 5.330383 -0.000001 -0.000002 -3.070919 -0.014572 0.003512
 23 10.134888 -4.133393 3.834204 -0.681865 -1.173930 -2.497280
 24 10.134903 4.133399 3.834196 0.681898 -1.173920 2.497250
 25 22.592361 0.000010 17.467115 -0.000010 2.956431 0.000000
 26 21.199997 -7.744007 14.169519 -0.644457 -0.154503 -3.025319
 27 18.142014 -13.440228 7.965776 1.228366 -0.180197 3.082644
 28 21.199966 7.744024 14.169504 0.644460 -0.154503 3.025318
 29 18.141998 13.440241 7.965773 -0.316157 -0.180196 -3.082644
 30 11.858871 -13.360001 3.526518 1.542249 3.132957 0.174415
 31 9.463287 -16.404867 -2.906044 1.542282 3.132901 0.176490
 32 9.125259 -10.885475 -11.371326 0.000496 2.962373 0.000256
 33 11.858856 13.360006 3.526472 -1.542248 3.132957 -0.174414
 34 9.463242 16.404867 -2.906023 -1.542281 3.132900 -0.176490
 35 9.125275 10.885473 -11.371305 -0.000492 2.962373 0.000256
 36 9.023239 -0.000002 -17.296177 0.000180 -0.167048 -3.141356
 37 12.691406 -0.000002 -19.438766 -0.000600 2.029360 -0.000465
 38 10.989410 0.000002 -0.000015 0.026573 -0.104148 -0.004874
 39 12.871460 -10.586842 -15.652473 1.094472 2.469627 0.870534
 40 10.727005 0.000008 -0.000031 -0.142677 -0.080464 0.318074
 41 12.871460 10.586843 -15.652472 -1.041337 2.420832 -0.835925
 42 10.726982 -0.000023 0.000015 0.292807 -0.062234 -0.351185
 43 12.847229 -17.570086 -4.701338 1.318687 2.668525 1.046213
 44 11.496506 0.000004 -0.000031 -0.141728 -0.023512 0.363257
 45 12.847198 17.570087 -4.701361 -1.282914 2.613073 -1.028429
 46 11.496468 -0.000004 0.000000 0.254479 -0.001595 -0.414806
 47 28.485977 0.000011 16.460356 -0.010063 0.426839 -0.035665
 48 23.052750 -6.207910 -0.077290 -1.470206 0.035100 -1.833545
 49 9.436909 -0.000008 -0.000031 -0.041757 0.407186 0.354970
 50 31.269333 0.000008 -0.000031 0.081960 -0.151071 -0.428873
 51 28.756512 0.000011 -0.000031 0.041016 -0.333101 -0.044347
 52 2.251991 -2.464405 -1.141632 0.481305 0.508197 -0.319329
 53 3.674049 -0.000011 0.000000 -0.277611 0.179024 0.194713
 54 3.614704 0.000013 0.000000 0.013156 0.193871 -0.001558
 55 9.035515 -2.494946 0.484573 -0.001362 0.302449 0.001673
 56 2.943588 0.000004 -0.000015 0.010585 0.293657 -0.007800
 57 2.649441 0.000004 0.000000 -0.006498 0.303243 0.008512
 58 9.093628 -0.386669 0.647720 0.020190 0.475380 -0.012607
 59 3.451885 -0.000004 0.000000 -0.014209 0.528778 0.009212
 60 2.898193 0.000000 0.000046 -0.000683 0.490858 0.000916
 61 8.894596 1.605850 0.371902 -0.000566 0.547851 0.000704
 62 3.130402 0.000000 0.000031 0.003896 0.567158 -0.005064
 63 2.629524 0.000000 -0.000031 0.004892 0.544388 -0.006589
 64 8.470612 3.459526 0.131500 -0.021715 0.541478 0.011456
 65 2.410271 0.000000 -0.000046 0.022815 0.529939 -0.013321
 66 2.000786 0.000008 0.000015 -0.005415 0.533618 0.007402
 67 23.052750 6.207911 -0.077305 1.481823 0.058643 2.080206
 68 9.436897 0.000027 -0.000015 0.418237 0.051308 -0.188472
 69 31.269348 -0.000008 -0.000046 -0.706300 -0.206511 0.169829
 70 28.756504 -0.000010 -0.000031 0.205804 -0.138519 -0.063772
 71 2.251892 2.464407 -1.141571 -0.513217 0.249535 0.112914
 72 3.674080 0.000008 -0.000031 0.331388 -0.059506 -0.325011
 73 3.614681 0.000000 0.000000 0.067360 -0.216133 -0.086857
 74 9.035412 2.494944 0.484406 0.001362 -0.011534 -0.001673
 75 2.943558 -0.000002 -0.000031 -0.011498 -0.020268 0.014556
 76 2.649445 -0.000002 0.000031 0.006498 -0.010740 -0.008512
 77 9.093685 0.386665 0.647781 -0.018031 0.093461 0.020165
 78 3.451859 -0.000002 0.000000 0.014953 0.008589 -0.019838
 79 2.898201 0.000002 -0.000031 0.000683 -0.029445 -0.000917
 80 8.894421 -1.605854 0.371902 0.000566 0.090541 -0.000704
 81 3.130444 -0.000002 -0.000031 -0.003896 -0.009289 0.005063
 82 2.629513 0.000000 0.000015 -0.004892 -0.032059 0.006589
 83 8.470608 -3.459526 0.131378 0.018786 0.137518 -0.020073
 84 2.410286 -0.000002 -0.000015 -0.024238 -0.029075 0.031299
 85 2.000755 0.000000 0.000015 0.005415 -0.025697 -0.007402
 86 9.832352 1.463058 -1.299438 0.016523 -0.031798 -0.020624
 87 25.040604 -5.670404 5.432796 -1.312160 -0.224887 -2.136065
 88 28.779678 -6.856310 -0.811424 -1.466235 0.019064 -1.725377
 89 29.182297 -3.955566 -4.961960 0.881869 2.552753 0.503940
 90 25.040573 5.670409 5.432755 1.296833 -0.398765 2.185823
 91 28.779724 6.856312 -0.811405 1.466235 0.019065 1.725381
 92 29.182281 3.955564 -4.961941 -0.881870 2.552752 -0.503941
 93 -65.335655 -0.000020 1.140919 -3.141591 0.039304 0.000000
 94 26.290909 -12.205289 1.157888 -2.071142 -0.013113 0.064365
 95 49.071030 0.000000 0.000005 2.101483 0.296152 -0.468255
 96 61.871307 -0.000012 -0.000015 3.054642 0.288793 0.071395
 97 26.290909 12.205297 1.157845 2.043854 0.132098 -0.158511
 98 49.071053 0.000007 -0.000032 -1.827370 0.447006 1.026084
 99 61.871269 0.000020 -0.000046 -2.944518 0.646255 0.103378
100 -0.698059 -11.192116 -8.252768 1.230673 -0.431539 -0.724232
101 20.568237 -0.000004 -0.000008 -0.087591 -0.116118 0.186115
102 0.223785 -5.734810 -12.929605 2.925833 0.516088 -0.419167
103 20.803574 -0.000011 -0.000023 -0.014737 0.084425 0.485144
104 -1.040009 -3.033967 12.140512 1.550013 0.105952 -1.288409
105 -1.039978 3.034005 12.140501 -1.550014 0.105955 1.288409
106 4.165436 -5.407045 12.088394 1.095103 -1.046305 -0.768755
107 16.599443 0.000000 -0.000031 0.087958 -0.442235 0.289941
108 4.165482 5.407081 12.088381 -1.015188 -1.016964 0.671889
109 16.599377 0.000008 -0.000031 -0.085980 -0.148393 -0.315036
110 6.428391 0.000001 -0.288942 -0.000001 0.005607 -0.000000
111 -1.833755 -13.936462 1.224506 1.568584 -0.023845 -0.429636
112 20.406944 -0.000002 -0.000015 0.014883 0.072063 0.003337
113 21.655495 -0.000002 -0.000008 0.014269 0.089221 -0.023704
114 22.360680 -0.000002 -0.000011 0.029742 -0.234362 -0.028820
115 22.519669 -0.000005 -0.000015 -0.015803 -0.154968 0.126877
116 22.140385 -0.000001 -0.000015 -0.027703 0.323311 0.007129
117 -1.699203 -12.875612 4.918514 1.133007 -0.218995 -0.391097
118 20.938599 0.000013 0.000000 0.048397 0.072894 -0.011261
119 21.993607 -0.000008 -0.000046 0.026098 0.098199 -0.026464
120 22.563797 -0.000011 0.000000 0.028258 -0.256313 -0.010761
121 22.643353 0.000009 -0.000031 -0.036506 -0.230873 0.147053
122 22.238049 0.000005 -0.000023 -0.054604 0.278256 0.028861
123 -1.634338 -9.854568 8.052351 0.725946 -0.366850 -0.287725
124 22.205307 0.000004 -0.000015 0.052502 0.074820 -0.013536
125 22.804382 0.000000 -0.000038 0.026261 0.103026 -0.020545
126 23.051666 0.000004 0.000011 0.026647 -0.283112 -0.008441
127 22.939976 0.000010 -0.000031 -0.036447 -0.303002 0.120341
128 22.472069 0.000009 -0.000023 -0.047987 0.192875 0.034328
129 -1.616150 -5.333254 10.147444 0.349637 -0.451134 -0.146448
130 23.451302 0.000003 -0.000008 0.030162 0.073755 -0.005088
131 23.608017 -0.000003 -0.000023 0.014616 0.103483 -0.007813
132 23.536240 -0.000001 -0.000023 0.025591 -0.307195 -0.019400
133 23.233982 0.000003 0.000008 -0.013229 -0.354289 0.056232
134 22.703680 0.000009 -0.000015 -0.015911 0.179467 0.011075
135 -1.614517 -0.000000 10.883354 -0.008873 -0.476840 0.008941
136 23.962128 0.000001 -0.000015 -0.004678 0.071816 0.007943
137 23.938972 -0.000003 0.000023 -0.003788 0.101911 0.007896
138 23.736038 -0.000003 -0.000008 0.024496 -0.324363 -0.038008
139 23.354982 0.000005 -0.000023 0.022374 -0.377980 -0.028536
140 22.798931 -0.000009 -0.000015 0.026127 0.158317 -0.019296
141 -1.616119 5.333251 10.147427 -0.366890 -0.448669 0.163702
142 23.451302 -0.000008 -0.000008 -0.039490 0.070634 0.020522
143 23.608017 -0.000004 -0.000031 -0.022151 0.099727 0.022979
144 23.536263 -0.000002 -0.000011 0.021182 -0.332737 -0.058463
145 23.233994 -0.000021 -0.000038 0.056443 -0.372170 -0.115966
146 22.703672 0.000009 -0.000008 0.061889 0.195637 -0.051441
147 -1.634323 9.854566 8.052347 -0.742198 -0.362198 0.303199
148 22.205269 0.000000 0.000008 -0.062811 0.068577 0.027416
149 22.804459 0.000000 -0.000069 -0.035253 0.095783 0.033910
150 23.051643 -0.000008 0.000004 0.013714 -0.331736 -0.080934
151 22.939980 -0.000008 -0.000015 0.073012 -0.337174 -0.190715
152 22.472069 -0.000004 -0.000031 0.088626 0.187726 -0.097468
153 -1.699203 12.875608 4.918528 -1.147935 -0.212814 0.403981
154 20.938599 0.000015 0.000000 -0.060421 0.063875 0.022176
155 21.993599 -0.000010 -0.000053 -0.036872 0.088205 0.036744
156 22.563812 -0.000004 0.000000 0.000089 -0.322412 -0.095552
157 22.643364 0.000000 -0.000046 0.061152 -0.278279 -0.235368
158 22.238031 -0.000023 -0.000015 0.081363 0.194502 -0.125180
159 -1.833771 13.936459 1.224503 -1.582915 -0.017147 0.439589
160 20.406960 0.000002 -0.000038 -0.028676 0.061563 0.003315
161 21.655518 0.000010 -0.000015 -0.027165 0.077924 0.029845
162 22.360657 0.000006 -0.000023 0.008443 -0.376849 -0.114962
163 22.519667 0.000004 -0.000023 0.068412 -0.254281 -0.259823
164 22.140377 -0.000006 -0.000008 0.073337 0.209309 -0.137964
165 -1.972580 12.875609 -3.614555 -1.854656 0.099666 0.400491
166 20.655182 0.000010 -0.000015 -0.012934 0.057918 -0.005910
167 21.762253 0.000006 -0.000015 -0.027196 0.065641 0.026401
168 22.392151 0.000010 -0.000019 -0.036976 -0.295465 -0.093536
169 22.541340 0.000010 -0.000031 -0.022565 -0.154451 -0.229635
170 22.217491 0.000000 -0.000008 -0.021873 0.274545 -0.130215
171 -1.967316 9.854567 -7.722433 -2.184282 0.192684 0.298345
172 21.272713 0.000006 0.000000 0.002691 0.051230 -0.012681
173 22.032509 0.000027 -0.000046 -0.024064 0.046410 0.019967
174 22.475662 0.000003 -0.000008 -0.048452 -0.278795 -0.089268
175 22.598709 0.000004 0.000000 -0.053510 -0.087890 -0.195406
176 22.407969 0.000010 -0.000023 -0.053285 0.287008 -0.105708
177 -1.900848 5.333253 -10.470079 -2.617219 0.249120 0.158053
178 21.914322 0.000008 -0.000019 0.007564 0.049313 -0.012308
179 22.319839 -0.000009 0.000004 -0.017703 0.028923 0.009773
180 22.569618 -0.000002 -0.000011 -0.041398 -0.258097 -0.090318
181 22.663219 0.000018 -0.000015 -0.055442 -0.023085 -0.146748
182 22.604519 0.000013 -0.000031 -0.049293 0.295822 -0.096291
183 -1.865585 -0.000002 -11.435442 3.133606 0.266971 0.002743
184 22.186676 -0.000004 -0.000008 -0.008677 0.051834 -0.003043
185 22.443726 -0.000002 -0.000004 -0.008263 0.023870 -0.003438
186 22.611542 -0.000005 -0.000008 -0.009005 -0.233997 -0.092697
187 22.692020 0.000007 0.000000 -0.017198 0.016258 -0.076106
188 22.687651 0.000010 -0.000008 -0.018541 0.310429 -0.092797
189 -1.900833 -5.333257 -10.470072 2.601150 0.246690 -0.152407
190 21.914352 0.000006 -0.000008 -0.024621 0.054785 0.008087
191 22.319832 -0.000023 0.000004 0.001140 0.035024 -0.014883
192 22.569626 0.000008 -0.000027 0.026567 -0.217625 -0.087230
193 22.663235 -0.000015 0.000008 0.020566 0.007412 -0.009261
194 22.604527 0.000006 -0.000008 0.023037 0.328123 -0.059906
195 -1.967300 -9.854567 -7.722443 2.168940 0.188083 -0.291613
196 21.272697 -0.000021 -0.000008 -0.018971 0.060059 0.012356
197 22.032478 0.000004 -0.000019 0.008426 0.056030 -0.020877
198 22.475693 -0.000008 -0.000023 0.039202 -0.215185 -0.070432
199 22.598717 0.000003 -0.000015 0.027613 -0.039432 0.048468
200 22.407986 -0.000013 -0.000015 0.040890 0.343114 -0.033481
201 -1.972565 -12.875611 -3.614563 1.839940 0.093542 -0.392242
202 20.655167 0.000004 -0.000015 -0.002180 0.068172 0.009457
203 21.762276 -0.000010 0.000000 0.012851 0.076704 -0.023355
204 22.392174 -0.000004 -0.000023 0.037231 -0.222781 -0.049525
205 22.541344 -0.000003 -0.000023 0.010454 -0.100141 0.094018
206 22.217501 0.000000 -0.000015 0.019885 0.342456 -0.005723
207 0.059621 0.456168 0.250107 0.000000 -0.000000 0.000000
208 0.059621 0.456168 0.250107 0.000000 -0.000000 0.000000
time 6
  0 0.059621 0.456168 0.250107 0.000000 -0.000000 0.000000
  1 0.059621 0.456168 0.250107 0.000000 -0.000000 0.000000
  2 0.059621 0.456168 0.250107 0.000000 -0.000000 0.000000
  3 0.059621 0.456168 0.250107 0.000000 -0.000000 0.000000
  4 0.059621 0.456168 0.250107 0.000000 -0.000000 0.000000
  5 0.059621 0.456168 0.250107 0.000000 -0.000000 0.000000
  6 0.059621 0.456168 0.250107 0.000000 -0.000000 0.000000
  7 0.059621 0.456168 0.250107 0.000000 -0.000000 0.000000
  8 0.059621 0.456168 0.250107 0.000000 -0.000000 0.000000
  9 0.059621 0.456168 0.250107 0.000000 -0.000000 0.000000
 10 110.599823 15.691462 154.010239 -1.234135 -0.176225 1.513418
 11 24.668255 0.000015 -0.000046 0.974143 0.132955 -0.076094
 12 30.380150 -0.000015 0.000000 1.643222 0.039426 0.226801
 13 19.902100 -0.000015 -0.000015 -0.065909 -0.195384 -0.193121
 14 -88.350739 -21.637981 101.055679 -1.141227 -2.828341 -1.502874
 15 35.349518 0.000008 0.000031 -1.430556 -0.030749 0.376964
 16 37.124336 -0.000015 -0.000015 -2.014953 -0.423951 -0.632862
 17 0.059621 0.456168 0.250107 0.064768 -0.005215 -0.156772
 18 0.059621 -22.661495 94.359535 3.141593 1.420663 1.570796
 19 -65.799545 -0.000020 1.142857 0.000000 0.000514 3.141077
 20 11.181595 0.005760 -0.002409 -0.000000 0.254797 0.000515
 21 27.835175 -0.000001 0.000015 -3.141592 -0.129896 -0.000000
 22 5.330399 -0.000000 -0.000002 -3.070919 -0.014572 0.003512
 23 10.134888 -4.133394 3.834206 -0.681865 -1.173930 -2.497280
 24 10.134903 4.133400 3.834202 0.681898 -1.173920 2.497250
 25 22.592346 0.000009 17.467117 -0.000010 2.956431 0.000000
 26 21.199997 -7.744012 14.169525 -0.644457 -0.154503 -3.025319
 27 18.142014 -13.440232 7.965778 1.228366 -0.180197 3.082644
 28 21.199951 7.744024 14.169502 0.644460 -0.154503 3.025318
 29 18.141998 13.440242 7.965775 -0.316157 -0.180196 -3.082644
 30 11.858856 -13.360003 3.526520 1.542249 3.132957 0.174415
 31 9.463272 -16.404873 -2.906042 1.542282 3.132901 0.176490
 32 9.125244 -10.885478 -11.371323 0.000496 2.962373 0.000256
 33 11.858856 13.360011 3.526474 -1.542248 3.132957 -0.174414
 34 9.463257 16.404873 -2.906021 -1.542281 3.132900 -0.176490
 35 9.125275 10.885476 -11.371304 -0.000492 2.962373 0.000256
 36 9.023224 -0.000002 -17.296173 0.000180 -0.167048 -3.141356
 37 12.691391 -0.000002 -19.438763 -0.000817 1.961813 -0.001104
 38 10.989410 0.000003 -0.000015 0.036642 0.060325 -0.007220
 39 12.871460 -10.586844 -15.652471 1.143284 2.439448 0.947461
 40 10.727013 0.000005 -0.000031 -0.119574 0.085818 0.311580
 41 12.871460 10.586846 -15.652470 -1.094142 2.387794 -0.914439
 42 10.726990 -0.000021 0.000000 0.300390 0.106010 -0.332394
 43 12.847214 -17.570089 -4.701336 1.351259 2.652391 1.116571
 44 11.496498 0.000002 -0.000031 -0.110716 0.147629 0.361359
 45 12.847183 17.570089 -4.701359 -1.319879 2.594950 -1.100592
 46 11.496468 0.000002 -0.000015 0.253229 0.172788 -0.406572
 47 28.485962 0.000010 16.460361 -0.010063 0.426839 -0.035665
 48 23.052765 -6.207913 -0.077286 -1.470206 0.035100 -1.833545
 49 9.436909 -0.000004 -0.000031 -0.051252 0.393898 0.333325
 50 31.269333 0.000004 -0.000031 0.096098 -0.145079 -0.524716
 51 28.756508 0.000011 0.000000 0.041016 -0.333101 -0.044347
 52 2.251991 -2.464401 -1.141647 0.481305 0.508197 -0.319329
 53 3.674046 -0.000015 0.000000 -0.277611 0.179024 0.194713
 54 3.614693 0.000013 0.000000 0.013156 0.193871 -0.001558
 55 9.035507 -2.494949 0.484558 -0.001362 0.302449 0.001673
 56 2.943577 0.000000 0.000000 0.010585 0.293657 -0.007800
 57 2.649429 0.000004 0.000015 -0.006498 0.303243 0.008512
 58 9.093620 -0.386673 0.647705 0.020190 0.475380 -0.012607
 59 3.451881 0.000000 0.000015 -0.014209 0.528778 0.009212
 60 2.898193 0.000000 0.000031 -0.000683 0.490858 0.000916
 61 8.894592 1.605854 0.371902 -0.000566 0.547851 0.000704
 62 3.130398 0.000008 0.000046 0.003896 0.567158 -0.005064
 63 2.629532 0.000004 -0.000038 0.004892 0.544389 -0.006589
 64 8.470623 3.459530 0.131500 -0.021715 0.541478 0.011456
 65 2.410267 0.000000 -0.000031 0.022815 0.529939 -0.013321
 66 2.000786 0.000004 0.000015 -0.005415 0.533618 0.007402
 67 23.052765 6.207912 -0.077301 1.481823 0.058643 2.080206
 68 9.436905 0.000023 -0.000015 0.419271 0.044841 -0.169916
 69 31.269348 -0.000008 -0.000015 -0.706341 -0.167674 0.200370
 70 28.756508 -0.000013 -0.000031 0.205804 -0.138519 -0.063772
 71 2.251884 2.464411 -1.141556 -0.513217 0.249535 0.112914
 72 3.674084 0.000000 -0.000031 0.331388 -0.059506 -0.325011
 73 3.614685 0.000004 0.000031 0.067360 -0.216133 -0.086857
 74 9.035408 2.494949 0.484421 0.001362 -0.011534 -0.001673
 75 2.943558 0.000002 -0.000046 -0.011497 -0.020268 0.014556
 76 2.649452 0.000002 0.000031 0.006498 -0.010740 -0.008512
 77 9.093689 0.386671 0.647781 -0.018031 0.093461 0.020165
 78 3.451862 0.000004 0.000015 0.014953 0.008589 -0.019838
 79 2.898193 0.000002 -0.000015 0.000684 -0.029445 -0.000917
 80 8.894417 -1.605850 0.371918 0.000566 0.090541 -0.000704
 81 3.130436 -0.000002 -0.000046 -0.003896 -0.009289 0.005063
 82 2.629513 0.000002 0.000031 -0.004892 -0.032059 0.006589
 83 8.470612 -3.459520 0.131393 0.018786 0.137518 -0.020073
 84 2.410278 -0.000001 -0.000015 -0.024238 -0.029075 0.031299
 85 2.000748 0.000000 0.000031 0.005415 -0.025697 -0.007402
 86 9.832348 1.463060 -1.299423 0.016523 -0.031798 -0.020624
 87 25.040604 -5.670408 5.432800 -1.312160 -0.224887 -2.136065
 88 28.779709 -6.856313 -0.811417 -1.466235 0.019064 -1.725377
 89 29.182312 -3.955569 -4.961960 0.881869 2.552753 0.503939
 90 25.040573 5.670408 5.432762 1.296833 -0.398765 2.185823
 91 28.779755 6.856313 -0.811401 1.466235 0.019065 1.725381
 92 29.182297 3.955565 -4.961937 -0.881870 2.552752 -0.503941
 93 -65.335663 -0.000020 1.140917 -3.141591 0.037160 0.000000
 94 26.290909 -12.205289 1.157888 -2.071025 -0.011453 0.064079
 95 49.071037 0.000004 0.000007 2.102068 0.295253 -0.466225
 96 61.871307 -0.000021 -0.000038 3.054790 0.290271 0.071247
 97 26.290924 12.205297 1.157845 2.043606 0.133747 -0.158260
 98 49.071060 0.000004 -0.000034 -1.812164 0.449652 1.058233
 99 61.871269 0.000019 -0.000053 -2.944443 0.647736 0.103620
100 -0.698059 -11.192116 -8.252769 1.243469 -0.451942 -0.754136
101 20.568230 0.000000 0.000000 -0.083396 -0.144770 0.191292
102 0.223785 -5.734810 -12.929605 2.916825 0.525720 -0.437298
103 20.803574 -0.000015 -0.000023 -0.018047 0.064196 0.506086
104 -1.040009 -3.033968 12.140512 1.548291 0.106469 -1.288274
105 -1.039993 3.034004 12.140501 -1.548292 0.106472 1.288273
106 4.165436 -5.407045 12.088394 1.162956 -1.082782 -0.846303
107 16.599442 0.000004 -0.000015 0.088196 -0.464664 0.284370
108 4.165466 5.407081 12.088383 -1.001407 -1.010318 0.656479
109 16.599377 0.000008 -0.000015 -0.084326 -0.084903 -0.313286
110 6.428391 0.000001 -0.288942 -0.000001 0.007751 0.000000
111 -1.833771 -13.936462 1.224504 1.569053 -0.035079 -0.446847
112 20.406952 -0.000002 -0.000015 0.015190 0.066794 0.011699
113 21.655502 -0.000006 -0.000015 0.013095 0.109097 -0.030574
114 22.360687 -0.000006 -0.000015 0.034125 -0.208690 -0.052794
115 22.519661 -0.000004 -0.000015 -0.014534 -0.150628 0.110503
116 22.140388 -0.000004 -0.000023 -0.023362 0.386183 0.012029
117 -1.699188 -12.875612 4.918510 1.136609 -0.237183 -0.407316
118 20.938606 0.000013 0.000000 0.048704 0.063540 -0.004218
119 21.993622 -0.000006 -0.000053 0.024928 0.120410 -0.033625
120 22.563789 -0.000011 0.000000 0.033029 -0.222143 -0.033799
121 22.643356 0.000005 -0.000031 -0.034344 -0.221709 0.133364
122 22.238050 0.000002 -0.000031 -0.050212 0.332629 0.030023
123 -1.634338 -9.854568 8.052349 0.730375 -0.389634 -0.299970
124 22.205292 0.000002 -0.000015 0.052734 0.062406 -0.008669
125 22.804390 -0.000006 -0.000038 0.025397 0.126423 -0.025984
126 23.051666 -0.000002 0.000008 0.030730 -0.242527 -0.026280
127 22.939987 0.000004 -0.000031 -0.034105 -0.290604 0.110179
128 22.472065 0.000003 -0.000023 -0.044427 0.242330 0.034213
129 -1.616150 -5.333254 10.147440 0.352281 -0.476105 -0.152751
130 23.451309 0.000000 -0.000023 0.030174 0.059616 -0.002546
131 23.608025 -0.000003 -0.000023 0.014203 0.127086 -0.010467
132 23.536232 -0.000001 -0.000023 0.027981 -0.263153 -0.029226
133 23.233978 0.000003 0.000008 -0.011427 -0.340383 0.049605
134 22.703678 0.000009 -0.000015 -0.014176 0.227896 0.011718
135 -1.614517 -0.000000 10.883352 -0.009452 -0.502366 0.009327
136 23.962128 0.000001 -0.000015 -0.004501 0.057097 0.008243
137 23.938965 -0.000003 0.000015 -0.003609 0.125442 0.008310
138 23.736038 -0.000003 -0.000011 0.025097 -0.279538 -0.038773
139 23.354980 0.000005 -0.000023 0.022911 -0.363904 -0.030978
140 22.798933 -0.000009 -0.000023 0.025958 0.206236 -0.016932
141 -1.616119 5.333251 10.147425 -0.370274 -0.473513 0.170731
142 23.451317 -0.000008 0.000000 -0.039510 0.056381 0.018520
143 23.608025 -0.000003 -0.000038 -0.021679 0.123208 0.026450
144 23.536255 -0.000002 -0.000008 0.018551 -0.289647 -0.049982
145 23.233990 -0.000018 -0.000031 0.055882 -0.359342 -0.115009
146 22.703674 0.000011 -0.000015 0.059840 0.238161 -0.048398
147 -1.634338 9.854565 8.052345 -0.746801 -0.384753 0.316052
148 22.205261 0.000000 0.000000 -0.063127 0.055937 0.023047
149 22.804443 0.000004 -0.000069 -0.034342 0.118953 0.040115
150 23.051643 -0.000008 0.000008 0.008982 -0.293116 -0.064466
151 22.939980 -0.000007 -0.000008 0.071536 -0.326982 -0.186454
152 22.472065 -0.000006 -0.000038 0.084682 0.236457 -0.093399
153 -1.699219 12.875608 4.918526 -1.151593 -0.230725 0.420672
154 20.938591 0.000015 -0.000008 -0.060661 0.054175 0.015556
155 21.993591 -0.000008 -0.000069 -0.035768 0.110086 0.044630
156 22.563797 -0.000002 -0.000008 -0.005806 -0.291051 -0.074248
157 22.643364 0.000004 -0.000038 0.059452 -0.272233 -0.228155
158 22.238029 -0.000013 -0.000015 0.076552 0.246312 -0.122832
159 -1.833771 13.936459 1.224504 -1.583313 -0.028116 0.457160
160 20.406967 0.000006 -0.000038 -0.028924 0.055876 -0.004780
161 21.655518 0.000010 -0.000015 -0.026075 0.097405 0.037352
162 22.360657 0.000002 -0.000015 0.001455 -0.357167 -0.093394
163 22.519665 0.000004 -0.000015 0.067297 -0.256320 -0.252266
164 22.140377 -0.000002 -0.000008 0.066885 0.269874 -0.135279
165 -1.972580 12.875609 -3.614557 -1.853117 0.093081 0.416052
166 20.655182 0.000008 -0.000023 -0.013153 0.055006 -0.013998
167 21.762253 0.000006 -0.000023 -0.026283 0.082150 0.033049
168 22.392174 0.000011 -0.000019 -0.041961 -0.280685 -0.073760
169 22.541348 0.000013 -0.000031 -0.023640 -0.157491 -0.220913
170 22.217493 0.000004 -0.000015 -0.026856 0.339524 -0.134260
171 -1.967316 9.854567 -7.722433 -2.182137 0.189641 0.309643
172 21.272720 0.000004 -0.000008 0.002454 0.051585 -0.019847
173 22.032509 0.000023 -0.000046 -0.023471 0.058451 0.025116
174 22.475670 0.000005 -0.000008 -0.051759 -0.273941 -0.073709
175 22.598724 0.000010 -0.000008 -0.053305 -0.095101 -0.188311
176 22.407967 0.000017 -0.000031 -0.057354 0.354667 -0.111161
177 -1.900833 5.333253 -10.470079 -2.615786 0.248226 0.163915
178 21.914330 0.000010 -0.000027 0.007357 0.052952 -0.016905
179 22.319839 -0.000006 0.000000 -0.017382 0.036784 0.012709
180 22.569626 -0.000002 -0.000004 -0.043349 -0.262599 -0.082338
181 22.663223 0.000019 -0.000015 -0.055251 -0.034416 -0.143962
182 22.604523 0.000015 -0.000038 -0.052447 0.365788 -0.099797
183 -1.865585 -0.000002 -11.435442 3.133253 0.266713 0.002830
184 22.186691 -0.000004 -0.000008 -0.008854 0.057173 -0.003154
185 22.443718 -0.000002 -0.000008 -0.008382 0.029777 -0.003489
186 22.611542 -0.000004 -0.000008 -0.008511 -0.242536 -0.096181
187 22.692005 0.000006 0.000000 -0.017540 0.003026 -0.080925
188 22.687647 0.000010 -0.000008 -0.020377 0.381600 -0.091349
189 -1.900833 -5.333257 -10.470068 2.599577 0.245708 -0.158053
190 21.914330 0.000008 -0.000008 -0.024559 0.058648 0.012503
191 22.319832 -0.000023 0.000000 0.000873 0.043124 -0.017711
192 22.569626 0.000006 -0.000023 0.029296 -0.220233 -0.101006
193 22.663235 -0.000013 0.000015 0.020168 -0.002237 -0.020841
194 22.604523 0.000010 0.000000 0.023033 0.398730 -0.053405
195 -1.967300 -9.854567 -7.722445 2.166816 0.184878 -0.302654
196 21.272720 -0.000019 0.000000 -0.018756 0.060770 0.019508
197 22.032471 0.000002 -0.000023 0.007774 0.068438 -0.025699
198 22.475693 -0.000010 -0.000023 0.042868 -0.207358 -0.090448
199 22.598717 0.000007 -0.000023 0.027407 -0.043768 0.032973
200 22.407986 -0.000011 -0.000015 0.042659 0.411848 -0.024290
201 -1.972580 -12.875611 -3.614561 1.838575 0.086731 -0.407500
202 20.655182 0.000010 -0.000023 -0.001825 0.065675 0.017678
203 21.762276 -0.000006 -0.000008 0.011892 0.093612 -0.029494
204 22.392166 -0.000006 -0.000031 0.041315 -0.204633 -0.072516
205 22.541344 -0.000009 -0.000023 0.010982 -0.099625 0.077240
206 22.217501 0.000000 -0.000023 0.023123 0.408884 0.002314
207 0.059621 0.456168 0.250107 0.000000 -0.000000 0.000000
208 0.059621 0.456168 0.250107 0.000000 -0.000000 0.000000
time 7
  0 0.059621 0.456168 0.250107 0.000000 -0.000000 0.000000
  1 0.059621 0.456168 0.250107 0.000000 -0.000000 0.000000
  2 0.059621 0.456168 0.250107 0.000000 -0.000000 0.000000
  3 0.059621 0.456168 0.250107 0.000000 -0.000000 0.000000
  4 0.059621 0.456168 0.250107 0.000000 -0.000000 0.000000
  5 0.059621 0.456168 0.250107 0.000000 -0.000000 0.000000
  6 0.059621 0.456168 0.250107 0.000000 -0.000000 0.000000
  7 0.059621 0.456168 0.250107 0.000000 -0.000000 0.000000
  8 0.059621 0.456168 0.250107 0.000000 -0.000000 0.000000
  9 0.059621 0.456168 0.250107 0.000000 -0.000000 0.000000
 10 107.907227 9.191807 154.010239 -1.232253 -0.202170 1.504122
 11 24.668247 0.000000 -0.000042 0.978628 0.152902 -0.042201
 12 30.380142 -0.000015 -0.000008 1.635952 0.109975 0.201162
 13 19.902084 -0.000015 0.000000 -0.097366 -0.145546 -0.209976
 14 -88.350739 -21.637981 99.324615 -1.135481 -2.794471 -1.519521
 15 35.349514 0.000004 0.000000 -1.430176 -0.021228 0.358111
 16 37.124329 -0.000031 -0.000019 -1.998637 -0.434787 -0.687326
 17 0.059621 0.456168 0.250107 0.064768 -0.005215 -0.156772
 18 0.059621 -22.661495 93.069534 3.141593 1.420664 1.570796
 19 -65.799538 -0.000020 1.142859 -0.000000 0.000515 3.141077
 20 11.181580 0.005760 -0.002409 -0.000000 0.254797 0.000515
 21 27.835159 0.000000 0.000015 -3.141592 -0.129896 -0.000000
 22 5.330383 -0.000001 -0.000004 -3.070919 -0.014572 0.003512
 23 10.134888 -4.133392 3.834204 -0.681865 -1.173930 -2.497280
 24 10.134903 4.133399 3.834196 0.681898 -1.173920 2.497250
 25 22.592346 0.000010 17.467115 -0.000010 2.956431 0.000000
 26 21.199982 -7.744007 14.169519 -0.644457 -0.154503 -3.025319
 27 18.142014 -13.440228 7.965776 1.228366 -0.180197 3.082644
 28 21.199951 7.744025 14.169504 0.644460 -0.154503 3.025318
 29 18.141983 13.440241 7.965773 -0.316157 -0.180196 -3.082644
 30 11.858856 -13.359999 3.526518 1.542249 3.132957 0.174415
 31 9.463272 -16.404867 -2.906044 1.542282 3.132901 0.176490
 32 9.125244 -10.885475 -11.371325 0.000496 2.962373 0.000256
 33 11.858856 13.360006 3.526472 -1.542248 3.132957 -0.174414
 34 9.463257 16.404867 -2.906023 -1.542281 3.132900 -0.176490
 35 9.125275 10.885473 -11.371305 -0.000492 2.962373 0.000256
 36 9.023224 -0.000002 -17.296177 0.000180 -0.167048 -3.141356
 37 12.691391 -0.000002 -19.438766 -0.001971 1.897371 -0.001945
 38 10.989418 0.000002 -0.000015 0.047665 0.228794 -0.010103
 39 12.871460 -10.586842 -15.652473 1.194323 2.413246 1.025260
 40 10.727005 0.000008 -0.000031 -0.094472 0.256139 0.303857
 41 12.871445 10.586843 -15.652472 -1.149870 2.359040 -0.994613
 42 10.726982 -0.000021 0.000031 0.307045 0.278342 -0.313145
 43 12.847214 -17.570086 -4.701338 1.383708 2.638945 1.184744
 44 11.496490 0.000006 -0.000046 -0.077195 0.322927 0.359037
 45 12.847183 17.570087 -4.701361 -1.356827 2.579872 -1.170779
 46 11.496468 0.000000 0.000000 0.251658 0.351407 -0.398138
 47 28.485962 0.000012 16.460356 -0.010063 0.426839 -0.035665
 48 23.052750 -6.207910 -0.077286 -1.470206 0.035100 -1.833545
 49 9.436909 -0.000008 -0.000031 -0.060834 0.380843 0.310435
 50 31.269341 0.000008 -0.000015 0.105929 -0.140841 -0.592352
 51 28.756500 0.000008 -0.000031 0.041016 -0.333101 -0.044347
 52 2.251991 -2.464405 -1.141647 0.481305 0.508197 -0.319329
 53 3.674042 -0.000015 0.000031 -0.277611 0.179024 0.194713
 54 3.614704 0.000013 0.000000 0.013156 0.193871 -0.001558
 55 9.035507 -2.494942 0.484558 -0.001362 0.302449 0.001673
 56 2.943573 0.000000 0.000015 0.010585 0.293657 -0.007800
 57 2.649429 0.000000 0.000015 -0.006498 0.303243 0.008512
 58 9.093620 -0.386669 0.647705 0.020190 0.475380 -0.012607
 59 3.451889 0.000008 -0.000015 -0.014209 0.528778 0.009212
 60 2.898178 0.000000 0.000031 -0.000683 0.490858 0.000916
 61 8.894592 1.605858 0.371902 -0.000566 0.547851 0.000704
 62 3.130409 0.000004 0.000031 0.003896 0.567158 -0.005064
 63 2.629524 0.000008 -0.000031 0.004892 0.544388 -0.006589
 64 8.470627 3.459530 0.131485 -0.021715 0.541478 0.011455
 65 2.410263 -0.000004 -0.000061 0.022815 0.529939 -0.013321
 66 2.000778 0.000004 0.000000 -0.005415 0.533618 0.007402
 67 23.052750 6.207911 -0.077301 1.481823 0.058643 2.080206
 68 9.436897 0.000023 -0.000015 0.420137 0.039683 -0.150564
 69 31.269348 -0.000008 -0.000046 -0.706376 -0.126604 0.232667
 70 28.756508 -0.000008 -0.000015 0.205804 -0.138519 -0.063772
 71 2.251884 2.464408 -1.141571 -0.513217 0.249535 0.112914
 72 3.674095 0.000000 -0.000015 0.331388 -0.059506 -0.325011
 73 3.614677 0.000008 0.000031 0.067360 -0.216133 -0.086857
 74 9.035416 2.494948 0.484436 0.001362 -0.011534 -0.001673
 75 2.943565 0.000004 -0.000031 -0.011498 -0.020268 0.014556
 76 2.649437 0.000000 0.000015 0.006498 -0.010740 -0.008512
 77 9.093689 0.386671 0.647781 -0.018031 0.093461 0.020165
 78 3.451862 0.000002 0.000000 0.014953 0.008589 -0.019838
 79 2.898201 -0.000001 -0.000015 0.000683 -0.029445 -0.000917
 80 8.894424 -1.605849 0.371902 0.000566 0.090541 -0.000704
 81 3.130428 0.000001 -0.000031 -0.003896 -0.009289 0.005063
 82 2.629517 -0.000002 0.000031 -0.004892 -0.032059 0.006589
 83 8.470604 -3.459522 0.131409 0.018786 0.137518 -0.020073
 84 2.410275 0.000000 -0.000015 -0.024238 -0.029075 0.031299
 85 2.000767 0.000002 0.000015 0.005415 -0.025697 -0.007402
 86 9.832352 1.463058 -1.299438 0.016523 -0.031798 -0.020624
 87 25.040588 -5.670404 5.432800 -1.312160 -0.224887 -2.136065
 88 28.779694 -6.856310 -0.811420 -1.466235 0.019064 -1.725377
 89 29.182297 -3.955566 -4.961960 0.881869 2.552753 0.503940
 90 25.040558 5.670409 5.432755 1.296833 -0.398765 2.185823
 91 28.779724 6.856312 -0.811401 1.466235 0.019065 1.725381
 92 29.182281 3.955564 -4.961937 -0.881870 2.552752 -0.503941
 93 -65.335655 -0.000020 1.140918 -3.141591 0.034800 0.000000
 94 26.290924 -12.205290 1.157887 -2.070897 -0.009627 0.063765
 95 49.071037 0.000002 0.000008 2.102712 0.294265 -0.463991
 96 61.871292 -0.000017 -0.000034 3.054953 0.291897 0.071084
 97 26.290924 12.205296 1.157845 2.043334 0.135562 -0.157983
 98 49.071053 0.000006 -0.000034 -1.797469 0.452048 1.088583
 99 61.871265 0.000029 -0.000046 -2.944361 0.649366 0.103887
100 -0.698059 -11.192117 -8.252768 1.256284 -0.470785 -0.783013
101 20.568230 -0.000004 0.000000 -0.078959 -0.173410 0.195535
102 0.223801 -5.734810 -12.929607 2.907882 0.535005 -0.455010
103 20.803574 -0.000015 -0.000015 -0.021133 0.042803 0.525574
104 -1.040009 -3.033968 12.140514 1.546395 0.107038 -1.288124
105 -1.039993 3.034004 12.140503 -1.546396 0.107040 1.288124
106 4.165451 -5.407045 12.088392 1.235170 -1.113763 -0.927383
107 16.599438 0.000000 -0.000015 0.088396 -0.485952 0.278560
108 4.165482 5.407081 12.088383 -0.987035 -1.003387 0.640409
109 16.599377 0.000008 -0.000015 -0.082601 -0.018693 -0.311460
110 6.428391 0.000001 -0.288942 -0.000001 0.010111 -0.000000
111 -1.833771 -13.936463 1.224503 1.569657 -0.045712 -0.463599
112 20.406937 -0.000002 -0.000023 0.015563 0.059093 0.021545
113 21.655495 -0.000002 -0.000008 0.012031 0.126412 -0.034959
114 22.360680 -0.000006 -0.000019 0.037831 -0.180559 -0.076406
115 22.519661 -0.000002 -0.000015 -0.012782 -0.140388 0.089551
116 22.140388 -0.000003 -0.000015 -0.019205 0.430548 0.017253
117 -1.699219 -12.875613 4.918509 1.140469 -0.254467 -0.423171
118 20.938591 0.000013 0.000008 0.049048 0.051093 0.004130
119 21.993607 -0.000010 -0.000046 0.023878 0.138891 -0.038424
120 22.563789 -0.000013 0.000008 0.036880 -0.185601 -0.056542
121 22.643353 0.000005 -0.000023 -0.031335 -0.204912 0.114991
122 22.238047 0.000002 -0.000031 -0.046888 0.370468 0.031558
123 -1.634338 -9.854568 8.052343 0.735048 -0.411292 -0.311997
124 22.205276 0.000004 -0.000008 0.052903 0.046523 -0.002908
125 22.804390 -0.000002 -0.000031 0.024598 0.145088 -0.029607
126 23.051659 0.000001 0.000011 0.033944 -0.199773 -0.043872
127 22.939987 0.000005 -0.000023 -0.030868 -0.269085 0.096172
128 22.472065 0.000007 -0.000023 -0.041424 0.282821 0.034144
129 -1.616165 -5.333254 10.147440 0.355180 -0.499836 -0.158962
130 23.451302 0.000000 -0.000015 0.030298 0.041883 0.000438
131 23.608017 -0.000005 -0.000031 0.013738 0.145336 -0.012155
132 23.536232 -0.000004 -0.000023 0.030260 -0.217126 -0.038844
133 23.233978 0.000002 0.000015 -0.009080 -0.316404 0.041061
134 22.703682 0.000008 -0.000008 -0.012491 0.261271 0.012608
135 -1.614532 -0.000000 10.883348 -0.009312 -0.526621 0.009707
136 23.962128 0.000001 -0.000023 -0.004709 0.038776 0.008494
137 23.938950 -0.000003 0.000015 -0.003608 0.143412 0.008705
138 23.736031 -0.000003 -0.000008 0.024810 -0.232813 -0.039138
139 23.354980 0.000005 -0.000031 0.023815 -0.339597 -0.033542
140 22.798939 -0.000009 -0.000031 0.025839 0.239246 -0.015283
141 -1.616135 5.333251 10.147421 -0.373302 -0.497117 0.177655
142 23.451294 -0.000009 0.000008 -0.039859 0.038542 0.016062
143 23.608025 -0.000005 -0.000046 -0.021841 0.141330 0.028945
144 23.536255 -0.000000 -0.000008 0.016455 -0.244539 -0.041295
145 23.233978 -0.000020 -0.000023 0.054648 -0.336704 -0.112150
146 22.703672 0.000010 -0.000023 0.059046 0.254328 -0.047255
147 -1.634354 9.854565 8.052343 -0.751662 -0.406180 0.328670
148 22.205261 0.000000 0.000000 -0.063374 0.039821 0.017790
149 22.804451 0.000006 -0.000069 -0.033606 0.137349 0.044560
150 23.051636 -0.000004 0.000000 0.004639 -0.252174 -0.047963
151 22.939983 -0.000005 -0.000015 0.069087 -0.308011 -0.178545
152 22.472069 0.000002 -0.000038 0.081892 0.270078 -0.090682
153 -1.699219 12.875607 4.918524 -1.155478 -0.247735 0.436979
154 20.938591 0.000021 0.000000 -0.060865 0.041375 0.007621
155 21.993584 -0.000006 -0.000053 -0.034735 0.128196 0.050166
156 22.563805 0.000002 0.000000 -0.011132 -0.257169 -0.052825
157 22.643349 0.000003 -0.000031 0.056957 -0.259152 -0.216294
158 22.238029 -0.000015 -0.000015 0.072494 0.289038 -0.121116
159 -1.833786 13.936458 1.224503 -1.583820 -0.038489 0.474256
160 20.406952 0.000004 -0.000031 -0.029221 0.047752 -0.014367
161 21.655502 0.000011 -0.000008 -0.025051 0.114285 0.042374
162 22.360657 0.000008 -0.000015 -0.005215 -0.334819 -0.071754
163 22.519667 0.000004 -0.000015 0.065095 -0.253487 -0.240447
164 22.140377 -0.000004 0.000000 0.062322 0.312712 -0.133515
165 -1.972595 12.875609 -3.614557 -1.851759 0.086922 0.431168
166 20.655182 0.000013 -0.000015 -0.013436 0.050254 -0.023505
167 21.762245 0.000008 -0.000015 -0.025407 0.096890 0.037348
168 22.392159 0.000011 -0.000023 -0.046652 -0.263572 -0.053916
169 22.541344 0.000012 -0.000031 -0.024657 -0.156894 -0.208138
170 22.217497 0.000002 -0.000015 -0.032747 0.385484 -0.137121
171 -1.967316 9.854567 -7.722437 -2.180077 0.186901 0.320614
172 21.272705 0.000006 0.000000 0.002173 0.050880 -0.028216
173 22.032509 0.000025 -0.000038 -0.022904 0.069757 0.028277
174 22.475655 0.000005 -0.000008 -0.055994 -0.267169 -0.058025
175 22.598717 0.000002 0.000000 -0.053998 -0.100574 -0.178129
176 22.407974 0.000011 -0.000015 -0.060233 0.402524 -0.115019
177 -1.900864 5.333253 -10.470079 -2.614378 0.247568 0.169608
178 21.914314 0.000009 -0.000019 0.007231 0.056261 -0.022238
179 22.319824 -0.000006 0.000004 -0.017142 0.044914 0.014406
180 22.569626 -0.000001 -0.000004 -0.045332 -0.265506 -0.074239
181 22.663204 0.000019 -0.000008 -0.054962 -0.045690 -0.139598
182 22.604519 0.000010 -0.000031 -0.054677 0.415277 -0.102277
183 -1.865585 -0.000002 -11.435444 3.133626 0.266714 0.002907
184 22.186676 -0.000004 -0.000004 -0.008734 0.062476 -0.003312
185 22.443718 -0.000002 -0.000004 -0.008392 0.036614 -0.003593
186 22.611542 -0.000005 -0.000015 -0.007613 -0.249293 -0.099206
187 22.692013 0.000006 0.000000 -0.017440 -0.010535 -0.085033
188 22.687649 0.000010 0.000000 -0.021675 0.431941 -0.090324
189 -1.900848 -5.333257 -10.470072 2.598423 0.244965 -0.163537
190 21.914330 0.000007 -0.000011 -0.024253 0.062190 0.017635
191 22.319817 -0.000024 0.000004 0.000668 0.051506 -0.019349
192 22.569626 0.000007 -0.000023 0.031912 -0.221212 -0.114563
193 22.663231 -0.000013 0.000008 0.019758 -0.011515 -0.034650
194 22.604523 0.000008 -0.000015 0.023031 0.448672 -0.048807
195 -1.967285 -9.854567 -7.722446 2.164776 0.181980 -0.313380
196 21.272705 -0.000017 0.000008 -0.018327 0.060435 0.027840
197 22.032463 0.000002 -0.000019 0.007207 0.080128 -0.028582
198 22.475685 -0.000009 -0.000027 0.046106 -0.197604 -0.110151
199 22.598713 0.000001 -0.000015 0.027367 -0.045826 0.014045
200 22.407982 -0.000014 -0.000023 0.043911 0.460465 -0.017789
201 -1.972565 -12.875611 -3.614567 1.837304 0.080352 -0.422326
202 20.655174 0.000002 -0.000015 -0.001447 0.061346 0.027314
203 21.762276 -0.000008 0.000000 0.011010 0.108783 -0.033305
204 22.392159 -0.000004 -0.000019 0.044848 -0.184231 -0.095139
205 22.541344 -0.000003 -0.000023 0.011804 -0.094695 0.056255
206 22.217503 0.000003 -0.000008 0.025414 0.455869 0.007999
207 0.059621 0.456168 0.250107 0.000000 -0.000000 0.000000
208 0.059621 0.456168 0.250107 0.000000 -0.000000 0.000000
time 8
  0 0.059621 0.456168 0.250107 0.000000 -0.000000 0.000000
  1 0.059621 0.456168 0.250107 0.000000 -0.000000 0.000000
  2 0.059621 0.456168 0.250107 0.000000 -0.000000 0.000000
  3 0.059621 0.456168 0.250107 0.000000 -0.000000 0.000000
  4 0.059621 0.456168 0.250107 0.000000 -0.000000 0.000000
  5 0.059621 0.456168 0.250107 0.000000 -0.000000 0.000000
  6 0.059621 0.456168 0.250107 0.000000 -0.000000 0.000000
  7 0.059621 0.456168 0.250107 0.000000 -0.000000 0.000000
  8 0.059621 0.456168 0.250107 0.000000 -0.000000 0.000000
  9 0.059621 0.456168 0.250107 0.000000 -0.000000 0.000000
 10 105.214630 2.692152 154.010239 -1.230371 -0.228116 1.494826
 11 24.668251 0.000015 -0.000038 0.982368 0.166100 -0.016115
 12 30.380150 -0.000008 0.000000 1.629889 0.165822 0.185478
 13 19.902081 -0.000015 0.000000 -0.128824 -0.095709 -0.225997
 14 -88.350739 -21.637981 97.593544 -1.129735 -2.760600 -1.536167
 15 35.349510 0.000000 0.000023 -1.429847 -0.014455 0.342545
 16 37.124321 -0.000015 -0.000015 -1.999899 -0.403924 -0.659307
 17 0.059621 0.456168 0.250107 0.064768 -0.005215 -0.156772
 18 0.059621 -22.661495 91.691246 3.141593 1.420663 1.570796
 19 -65.799545 -0.000020 1.142858 0.000000 0.000514 3.141077
 20 11.181580 0.005760 -0.002409 -0.000000 0.254797 0.000515
 21 27.835190 -0.000001 0.000015 -3.141592 -0.129896 -0.000000
 22 5.330383 -0.000000 -0.000002 -3.070919 -0.014572 0.003512
 23 10.134888 -4.133394 3.834202 -0.681865 -1.173930 -2.497280
 24 10.134903 4.133400 3.834202 0.681898 -1.173920 2.497250
 25 22.592346 0.000009 17.467117 -0.000010 2.956431 0.000000
 26 21.199997 -7.744011 14.169525 -0.644457 -0.154503 -3.025319
 27 18.142014 -13.440231 7.965778 1.228366 -0.180197 3.082644
 28 21.199951 7.744025 14.169502 0.644460 -0.154503 3.025318
 29 18.141998 13.440242 7.965775 -0.316157 -0.180196 -3.082644
 30 11.858871 -13.360003 3.526516 1.542249 3.132957 0.174415
 31 9.463272 -16.404873 -2.906042 1.542282 3.132901 0.176490
 32 9.125244 -10.885477 -11.371323 0.000496 2.962373 0.000256
 33 11.858856 13.360011 3.526474 -1.542248 3.132957 -0.174414
 34 9.463257 16.404873 -2.906023 -1.542281 3.132900 -0.176490
 35 9.125275 10.885477 -11.371304 -0.000492 2.962373 0.000256
 36 9.023224 -0.000002 -17.296173 0.000180 -0.167048 -3.141356
 37 12.691391 -0.000002 -19.438763 -0.002678 1.837864 -0.003067
 38 10.989418 0.000003 -0.000015 0.059371 0.393267 -0.013555
 39 12.871460 -10.586844 -15.652472 1.245384 2.391620 1.101032
 40 10.727005 0.000006 -0.000031 -0.068050 0.422421 0.294890
 41 12.871460 10.586846 -15.652471 -1.206094 2.335272 -1.073392
 42 10.726986 -0.000019 0.000015 0.312747 0.446586 -0.294354
 43 12.847229 -17.570089 -4.701336 1.414772 2.628284 1.248589
 44 11.496498 0.000006 -0.000015 -0.042131 0.494068 0.356263
 45 12.847183 17.570087 -4.701359 -1.392287 2.567951 -1.236711
 46 11.496471 0.000004 -0.000015 0.249740 0.525790 -0.389905
 47 28.485962 0.000010 16.460361 -0.010063 0.426839 -0.035665
 48 23.052750 -6.207913 -0.077290 -1.470206 0.035100 -1.833545
 49 9.436909 -0.000008 -0.000031 -0.070248 0.368297 0.287131
 50 31.269348 0.000008 -0.000031 0.109615 -0.139234 -0.617967
 51 28.756516 0.000011 0.000000 0.041016 -0.333101 -0.044347
 52 2.251991 -2.464409 -1.141647 0.481305 0.508197 -0.319329
 53 3.674042 -0.000015 0.000015 -0.277611 0.179024 0.194713
 54 3.614693 0.000012 0.000000 0.013156 0.193871 -0.001558
 55 9.035500 -2.494949 0.484558 -0.001362 0.302449 0.001673
 56 2.943581 0.000000 0.000000 0.010585 0.293657 -0.007800
 57 2.649429 0.000004 0.000000 -0.006498 0.303243 0.008512
 58 9.093620 -0.386673 0.647720 0.020190 0.475380 -0.012607
 59 3.451874 0.000004 0.000000 -0.014209 0.528778 0.009212
 60 2.898178 0.000004 0.000015 -0.000683 0.490858 0.000916
 61 8.894585 1.605850 0.371918 -0.000566 0.547851 0.000704
 62 3.130409 0.000000 0.000046 0.003896 0.567158 -0.005064
 63 2.629539 0.000004 -0.000046 0.004892 0.544389 -0.006589
 64 8.470619 3.459526 0.131500 -0.021715 0.541478 0.011455
 65 2.410255 0.000000 -0.000046 0.022815 0.529939 -0.013321
 66 2.000793 0.000004 0.000000 -0.005415 0.533618 0.007402
 67 23.052765 6.207912 -0.077305 1.481823 0.058643 2.080206
 68 9.436905 0.000023 0.000000 0.420846 0.035687 -0.131212
 69 31.269341 -0.000008 -0.000031 -0.706406 -0.084789 0.265549
 70 28.756516 -0.000015 -0.000015 0.205804 -0.138519 -0.063772
 71 2.251892 2.464405 -1.141556 -0.513217 0.249535 0.112914
 72 3.674080 0.000008 -0.000015 0.331388 -0.059506 -0.325011
 73 3.614677 0.000004 0.000015 0.067360 -0.216133 -0.086857
 74 9.035423 2.494946 0.484436 0.001362 -0.011534 -0.001673
 75 2.943569 -0.000002 -0.000031 -0.011497 -0.020268 0.014556
 76 2.649448 0.000000 0.000031 0.006498 -0.010740 -0.008512
 77 9.093689 0.386669 0.647797 -0.018031 0.093461 0.020165
 78 3.451859 0.000003 -0.000015 0.014953 0.008589 -0.019838
 79 2.898201 -0.000002 -0.000015 0.000683 -0.029445 -0.000917
 80 8.894417 -1.605852 0.371918 0.000566 0.090541 -0.000704
 81 3.130432 0.000002 -0.000046 -0.003896 -0.009289 0.005063
 82 2.629517 0.000000 0.000015 -0.004892 -0.032059 0.006589
 83 8.470619 -3.459526 0.131393 0.018786 0.137518 -0.020073
 84 2.410275 0.000000 -0.000031 -0.024238 -0.029075 0.031299
 85 2.000751 0.000002 0.000015 0.005415 -0.025697 -0.007402
 86 9.832348 1.463060 -1.299423 0.016523 -0.031798 -0.020624
 87 25.040604 -5.670408 5.432793 -1.312160 -0.224887 -2.136065
 88 28.779694 -6.856313 -0.811420 -1.466235 0.019064 -1.725377
 89 29.182312 -3.955568 -4.961960 0.881869 2.552753 0.503939
 90 25.040573 5.670408 5.432758 1.296833 -0.398765 2.185823
 91 28.779739 6.856313 -0.811401 1.466235 0.019065 1.725381
 92 29.182281 3.955565 -4.961937 -0.881870 2.552752 -0.503941
 93 -65.335648 -0.000020 1.140920 -3.141591 0.032279 0.000000
 94 26.290924 -12.205290 1.157885 -2.070760 -0.007675 0.063429
 95 49.071037 0.000002 0.000005 2.103400 0.293209 -0.461605
 96 61.871296 -0.000021 -0.000019 3.055126 0.293634 0.070909
 97 26.290924 12.205296 1.157845 2.043042 0.137501 -0.157687
 98 49.071053 0.000005 -0.000034 -1.783366 0.454204 1.117074
 99 61.871281 0.000021 -0.000038 -2.944273 0.651107 0.104172
100 -0.698059 -11.192116 -8.252768 1.268816 -0.487749 -0.810232
101 20.568237 -0.000008 0.000000 -0.074442 -0.201330 0.198934
102 0.223785 -5.734810 -12.929605 2.899198 0.543790 -0.471936
103 20.803566 -0.000011 -0.000015 -0.023966 0.021023 0.543431
104 -1.040009 -3.033968 12.140511 1.544370 0.107645 -1.287965
105 -1.039993 3.034004 12.140503 -1.544371 0.107648 1.287964
106 4.165451 -5.407044 12.088392 1.308800 -1.138948 -1.008857
107 16.599442 0.000000 -0.000015 0.088562 -0.505700 0.272749
108 4.165482 5.407081 12.088385 -0.972663 -0.996455 0.624338
109 16.599380 0.000011 -0.000015 -0.080876 0.047517 -0.309634
110 6.428391 0.000001 -0.288944 -0.000001 0.012632 0.000000
111 -1.833771 -13.936464 1.224506 1.570462 -0.055497 -0.479560
112 20.406967 -0.000002 -0.000015 0.015963 0.049063 0.032643
113 21.655495 -0.000006 -0.000008 0.011266 0.140737 -0.036698
114 22.360672 -0.000006 -0.000015 0.040581 -0.150602 -0.099010
115 22.519669 -0.000003 -0.000008 -0.010802 -0.123949 0.064283
116 22.140392 -0.000001 -0.000023 -0.015529 0.447350 0.022627
117 -1.699219 -12.875613 4.918514 1.144372 -0.270482 -0.438338
118 20.938606 0.000013 0.000000 0.049210 0.035782 0.013579
119 21.993607 -0.000006 -0.000046 0.023102 0.153166 -0.040690
120 22.563797 -0.000017 0.000008 0.039818 -0.147614 -0.078416
121 22.643356 0.000004 -0.000031 -0.027952 -0.180131 0.092101
122 22.238050 0.000003 -0.000015 -0.045211 0.384662 0.033515
123 -1.634354 -9.854568 8.052351 0.739761 -0.431383 -0.323556
124 22.205292 0.000006 -0.000015 0.053009 0.027530 0.003591
125 22.804382 -0.000004 -0.000046 0.024074 0.158538 -0.031297
126 23.051674 0.000003 0.000008 0.036564 -0.156036 -0.060738
127 22.939983 0.000008 -0.000038 -0.027207 -0.238122 0.078591
128 22.472063 0.000004 -0.000031 -0.039350 0.310175 0.034109
129 -1.616150 -5.333254 10.147444 0.358261 -0.521861 -0.164949
130 23.451302 0.000001 -0.000008 0.030324 0.021002 0.003775
131 23.608009 -0.000003 -0.000031 0.013501 0.157774 -0.012799
132 23.536232 -0.000002 -0.000023 0.031762 -0.170468 -0.048027
133 23.233967 0.000004 0.000008 -0.006274 -0.282174 0.030460
134 22.703672 0.000010 -0.000015 -0.010970 0.273704 0.013786
135 -1.614532 -0.000000 10.883352 -0.009540 -0.549132 0.010074
136 23.962128 0.000001 -0.000031 -0.004573 0.017315 0.008758
137 23.938957 -0.000003 0.000008 -0.003582 0.155370 0.009097
138 23.736031 -0.000003 -0.000015 0.024833 -0.185520 -0.039505
139 23.354984 0.000005 -0.000015 0.024067 -0.304743 -0.036613
140 22.798933 -0.000009 -0.000031 0.025795 0.251540 -0.014663
141 -1.616135 5.333251 10.147425 -0.376665 -0.519016 0.184327
142 23.451309 -0.000009 0.000000 -0.039668 0.017554 0.013249
143 23.608025 -0.000005 -0.000046 -0.021304 0.153627 0.030390
144 23.536247 -0.000001 -0.000008 0.014624 -0.198636 -0.032873
145 23.233982 -0.000018 -0.000031 0.052943 -0.303896 -0.107295
146 22.703674 0.000010 -0.000008 0.063140 0.180398 -0.055591
147 -1.634338 9.854565 8.052349 -0.756525 -0.426046 0.340788
148 22.205254 0.000000 0.000000 -0.063353 0.020604 0.011774
149 22.804436 0.000004 -0.000061 -0.033020 0.150525 0.047015
150 23.051636 -0.000007 0.000008 0.001424 -0.210052 -0.031714
151 22.939980 -0.000010 -0.000008 0.065640 -0.280099 -0.166515
152 22.472065 -0.000004 -0.000015 0.080834 0.282613 -0.089694
153 -1.699219 12.875607 4.918528 -1.159381 -0.263482 0.452568
154 20.938583 0.000013 0.000015 -0.061055 0.025715 -0.001430
155 21.993599 -0.000008 -0.000061 -0.033969 0.142074 0.053160
156 22.563797 0.000000 0.000000 -0.015568 -0.221586 -0.031874
157 22.643356 0.000004 -0.000031 0.053104 -0.238622 -0.199719
158 22.238031 -0.000009 -0.000015 0.069691 0.318061 -0.120064
159 -1.833786 13.936457 1.224506 -1.584537 -0.048026 0.490536
160 20.406952 0.000004 -0.000038 -0.029469 0.037296 -0.025221
161 21.655502 0.000008 0.000000 -0.024250 0.128157 0.044714
162 22.360649 0.000002 -0.000023 -0.011251 -0.310224 -0.050623
163 22.519665 0.000000 -0.000015 0.061878 -0.245416 -0.224250
164 22.140381 -0.000004 0.000008 0.060592 0.328961 -0.132881
165 -1.972595 12.875609 -3.614553 -1.850500 0.081344 0.445547
166 20.655174 0.000010 -0.000015 -0.013732 0.043699 -0.034226
167 21.762253 0.000006 -0.000031 -0.024782 0.109533 0.039130
168 22.392159 0.000013 -0.000023 -0.050825 -0.244419 -0.034560
169 22.541332 0.000011 -0.000031 -0.026476 -0.152279 -0.191427
170 22.217487 0.000004 -0.000008 -0.039547 0.402917 -0.138207
171 -1.967316 9.854567 -7.722431 -2.178033 0.184550 0.331050
172 21.272720 0.000004 0.000000 0.001901 0.049080 -0.037611
173 22.032516 0.000025 -0.000046 -0.022473 0.080100 0.029327
174 22.475662 0.000002 -0.000011 -0.059079 -0.258515 -0.042699
175 22.598709 0.000000 -0.000008 -0.054628 -0.103972 -0.164984
176 22.407969 0.000008 -0.000023 -0.061325 0.420676 -0.116482
177 -1.900864 5.333253 -10.470078 -2.613015 0.247190 0.175025
178 21.914322 0.000009 -0.000015 0.006883 0.059138 -0.028198
179 22.319832 -0.000008 0.000004 -0.016920 0.053200 0.014782
180 22.569618 -0.000001 -0.000008 -0.047065 -0.266675 -0.066266
181 22.663223 0.000019 -0.000015 -0.055120 -0.056663 -0.133644
182 22.604515 0.000015 -0.000031 -0.055523 0.434048 -0.103218
183 -1.865601 -0.000002 -11.435440 3.133638 0.266905 0.003001
184 22.186668 -0.000004 -0.000011 -0.008402 0.067634 -0.003441
185 22.443718 -0.000002 -0.000004 -0.008406 0.044022 -0.003682
186 22.611542 -0.000005 -0.000008 -0.007073 -0.254454 -0.102226
187 22.692017 0.000006 0.000008 -0.017598 -0.024003 -0.090544
188 22.687649 0.000008 -0.000008 -0.022167 0.451035 -0.089936
189 -1.900848 -5.333256 -10.470070 2.597095 0.244508 -0.168754
190 21.914345 0.000008 -0.000008 -0.024018 0.065304 0.023374
191 22.319824 -0.000021 0.000000 0.000442 0.060052 -0.019723
192 22.569611 0.000006 -0.000023 0.034545 -0.220492 -0.127619
193 22.663231 -0.000010 0.000008 0.019507 -0.020279 -0.050336
194 22.604527 0.000010 0.000000 0.023030 0.467615 -0.047062
195 -1.967300 -9.854567 -7.722437 2.162926 0.179479 -0.323583
196 21.272705 -0.000017 0.000000 -0.017906 0.059007 0.037186
197 22.032471 0.000006 -0.000023 0.006783 0.090878 -0.029374
198 22.475685 -0.000008 -0.000027 0.049052 -0.186054 -0.129072
199 22.598701 0.000006 -0.000023 0.027457 -0.045360 -0.008158
200 22.407988 -0.000010 -0.000015 0.044386 0.478906 -0.015324
201 -1.972595 -12.875611 -3.614565 1.836191 0.074565 -0.436431
202 20.655159 0.000010 -0.000023 -0.001063 0.055214 0.038150
203 21.762276 -0.000010 -0.000008 0.010326 0.121878 -0.034606
204 22.392166 -0.000008 -0.000023 0.047653 -0.161944 -0.116807
205 22.541340 -0.000005 -0.000015 0.012749 -0.085197 0.031235
206 22.217514 0.000003 -0.000023 0.026283 0.473691 0.010156
207 0.059621 0.456168 0.250107 0.000000 -0.000000 0.000000
208 0.059621 0.456168 0.250107 0.000000 -0.000000 0.000000
time 9
  0 0.059621 0.456168 0.250107 0.000000 -0.000000 0.000000
  1 0.059621 0.456168 0.250107 0.000000 -0.000000 0.000000
  2 0.059621 0.456168 0.250107 0.000000 -0.000000 0.000000
  3 0.059621 0.456168 0.250107 0.000000 -0.000000 0.000000
  4 0.059621 0.456168 0.250107 0.000000 -0.000000 0.000000
  5 0.059621 0.456168 0.250107 0.000000 -0.000000 0.000000
  6 0.059621 0.456168 0.250107 0.000000 -0.000000 0.000000
  7 0.059621 0.456168 0.250107 0.000000 -0.000000 0.000000
  8 0.059621 0.456168 0.250107 0.000000 -0.000000 0.000000
  9 0.059621 0.456168 0.250107 0.000000 -0.000000 0.000000
 10 102.632690 -3.540394 154.010239 -1.228567 -0.252995 1.485911
 11 24.668243 0.000015 -0.000042 0.985184 0.173846 0.002859
 12 30.380142 -0.000023 -0.000015 1.625448 0.210111 0.177515
 13 19.902077 -0.000031 0.000000 -0.158988 -0.047919 -0.240748
 14 -88.350739 -21.637981 95.933617 -1.124225 -2.728122 -1.552130
 15 35.349510 0.000004 0.000008 -1.429680 -0.010419 0.330901
 16 37.124329 0.000000 -0.000015 -2.003473 -0.323838 -0.584687
 17 0.059621 0.456168 0.250107 0.064768 -0.005215 -0.156772
 18 0.059621 -22.661495 90.254089 3.141593 1.420663 1.570796
 19 -65.799545 -0.000020 1.142857 -0.000000 0.000514 3.141077
 20 11.181580 0.005760 -0.002409 -0.000000 0.254797 0.000515
 21 27.835175 -0.000000 0.000015 -3.141592 -0.129896 -0.000000
 22 5.330399 -0.000001 -0.000002 -3.070919 -0.014572 0.003512
 23 10.134888 -4.133392 3.834200 -0.681865 -1.173930 -2.497280
 24 10.134903 4.133399 3.834200 0.681898 -1.173919 2.497250
 25 22.592361 0.000010 17.467115 -0.000010 2.956431 0.000000
 26 21.199997 -7.744008 14.169519 -0.644457 -0.154503 -3.025319
 27 18.142014 -13.440228 7.965776 1.228366 -0.180197 3.082644
 28 21.199966 7.744024 14.169504 0.644460 -0.154503 3.025318
 29 18.141998 13.440241 7.965773 -0.316157 -0.180196 -3.082644
 30 11.858871 -13.360001 3.526518 1.542249 3.132957 0.174415
 31 9.463287 -16.404867 -2.906046 1.542282 3.132901 0.176490
 32 9.125259 -10.885475 -11.371326 0.000496 2.962373 0.000256
 33 11.858871 13.360006 3.526472 -1.542248 3.132957 -0.174414
 34 9.463257 16.404865 -2.906023 -1.542281 3.132900 -0.176490
 35 9.125275 10.885475 -11.371305 -0.000492 2.962373 0.000256
 36 9.023239 -0.000003 -17.296177 0.000180 -0.167048 -3.141356
 37 12.691406 -0.000002 -19.438765 -0.004507 1.784908 -0.004572
 38 10.989410 0.000002 0.000000 0.071490 0.545754 -0.017610
 39 12.871460 -10.586842 -15.652472 1.293968 2.374706 1.171651
 40 10.727005 0.000006 -0.000015 -0.040989 0.576586 0.284664
 41 12.871460 10.586843 -15.652472 -1.259975 2.316677 -1.147370
 42 10.726978 -0.000019 0.000015 0.317470 0.602570 -0.276931
 43 12.847229 -17.570086 -4.701338 1.442859 2.620265 1.306108
 44 11.496498 0.000006 -0.000046 -0.006488 0.652737 0.353015
 45 12.847183 17.570086 -4.701361 -1.424824 2.559022 -1.296241
 46 11.496464 -0.000002 -0.000015 0.247444 0.687464 -0.382271
 47 28.485962 0.000011 16.460360 -0.010063 0.426839 -0.035665
 48 23.052750 -6.207911 -0.077286 -1.470206 0.035100 -1.833545
 49 9.436909 -0.000011 -0.000031 -0.079238 0.356533 0.264242
 50 31.269325 0.000008 -0.000031 0.109083 -0.139458 -0.614374
 51 28.756508 0.000011 -0.000015 0.041016 -0.333101 -0.044347
 52 2.251984 -2.464405 -1.141647 0.481305 0.508197 -0.319329
 53 3.674042 -0.000015 0.000031 -0.277611 0.179024 0.194713
 54 3.614693 0.000012 0.000000 0.013156 0.193871 -0.001558
 55 9.035500 -2.494946 0.484558 -0.001362 0.302449 0.001673
 56 2.943577 0.000000 0.000000 0.010585 0.293657 -0.007800
 57 2.649437 0.000004 0.000000 -0.006498 0.303243 0.008512
 58 9.093620 -0.386669 0.647690 0.020190 0.475380 -0.012607
 59 3.451889 0.000000 0.000000 -0.014209 0.528778 0.009212
 60 2.898178 -0.000004 0.000031 -0.000683 0.490858 0.000916
 61 8.894585 1.605854 0.371902 -0.000566 0.547851 0.000704
 62 3.130402 -0.000004 0.000046 0.003896 0.567158 -0.005064
 63 2.629547 0.000004 -0.000046 0.004892 0.544388 -0.006589
 64 8.470619 3.459530 0.131485 -0.021715 0.541478 0.011456
 65 2.410263 0.000000 -0.000031 0.022815 0.529939 -0.013321
 66 2.000786 0.000000 0.000015 -0.005415 0.533618 0.007402
 67 23.052750 6.207910 -0.077301 1.481823 0.058643 2.080206
 68 9.436897 0.000023 -0.000015 0.421412 0.032708 -0.112656
 69 31.269333 -0.000015 -0.000015 -0.706431 -0.043718 0.297846
 70 28.756512 -0.000011 -0.000031 0.205804 -0.138519 -0.063772
 71 2.251896 2.464407 -1.141556 -0.513217 0.249535 0.112914
 72 3.674080 0.000000 -0.000015 0.331388 -0.059506 -0.325011
 73 3.614677 0.000006 0.000015 0.067360 -0.216133 -0.086857
 74 9.035412 2.494949 0.484436 0.001362 -0.011534 -0.001673
 75 2.943562 -0.000004 -0.000031 -0.011498 -0.020268 0.014556
 76 2.649445 0.000004 0.000015 0.006498 -0.010740 -0.008512
 77 9.093678 0.386667 0.647797 -0.018031 0.093461 0.020165
 78 3.451862 0.000002 -0.000015 0.014953 0.008589 -0.019838
 79 2.898193 -0.000004 -0.000015 0.000684 -0.029445 -0.000917
 80 8.894409 -1.605850 0.371918 0.000566 0.090541 -0.000704
 81 3.130428 0.000002 -0.000046 -0.003896 -0.009289 0.005063
 82 2.629517 0.000000 0.000015 -0.004892 -0.032059 0.006589
 83 8.470608 -3.459526 0.131393 0.018786 0.137518 -0.020073
 84 2.410271 -0.000002 -0.000015 -0.024238 -0.029075 0.031299
 85 2.000751 0.000000 0.000031 0.005415 -0.025697 -0.007402
 86 9.832344 1.463058 -1.299423 0.016523 -0.031798 -0.020624
 87 25.040604 -5.670406 5.432800 -1.312159 -0.224887 -2.136065
 88 28.779709 -6.856311 -0.811420 -1.466235 0.019064 -1.725377
 89 29.182312 -3.955566 -4.961960 0.881869 2.552753 0.503940
 90 25.040573 5.670407 5.432755 1.296833 -0.398765 2.185823
 91 28.779739 6.856311 -0.811401 1.466235 0.019065 1.725381
 92 29.182297 3.955564 -4.961937 -0.881870 2.552752 -0.503941
 93 -65.335648 -0.000020 1.140917 -3.141591 0.029650 0.000000
 94 26.290924 -12.205289 1.157887 -2.070617 -0.005640 0.063079
 95 49.071037 -0.000001 0.000007 2.104117 0.292108 -0.459116
 96 61.871300 -0.000015 -0.000027 3.055308 0.295446 0.070728
 97 26.290909 12.205297 1.157845 2.042738 0.139523 -0.157378
 98 49.071060 0.000008 -0.000034 -1.769933 0.456129 1.143644
 99 61.871273 0.000022 -0.000046 -2.944181 0.652923 0.104469
100 -0.698044 -11.192116 -8.252764 1.280665 -0.502569 -0.835141
101 20.568222 0.000000 0.000000 -0.070006 -0.227823 0.201581
102 0.223785 -5.734810 -12.929602 2.890924 0.551902 -0.487670
103 20.803574 -0.000011 -0.000023 -0.026515 -0.000369 0.559481
104 -1.040009 -3.033968 12.140514 1.542259 0.108278 -1.287798
105 -1.039993 3.034004 12.140505 -1.542260 0.108281 1.287798
106 4.165451 -5.407045 12.088392 1.379937 -1.158478 -1.086889
107 16.599445 0.000004 -0.000015 0.088695 -0.523506 0.267178
108 4.165482 5.407081 12.088385 -0.958882 -0.989809 0.608928
109 16.599380 0.000008 -0.000015 -0.079221 0.111006 -0.307884
110 6.428406 0.000001 -0.288942 -0.000001 0.015261 0.000000
111 -1.833755 -13.936463 1.224504 1.571286 -0.064208 -0.494369
112 20.406967 -0.000004 -0.000023 0.016212 0.036840 0.044731
113 21.655502 -0.000002 -0.000008 0.010827 0.151611 -0.035596
114 22.360680 -0.000006 -0.000023 0.042412 -0.119558 -0.120016
115 22.519669 -0.000005 -0.000015 -0.008992 -0.101145 0.035096
116 22.140396 -0.000006 -0.000031 -0.011754 0.375618 0.029461
117 -1.699203 -12.875612 4.918510 1.148183 -0.284874 -0.452460
118 20.938591 0.000011 0.000000 0.049334 0.017905 0.023886
119 21.993614 -0.000008 -0.000053 0.022704 0.162730 -0.040263
120 22.563797 -0.000013 0.000008 0.041639 -0.109243 -0.098848
121 22.643356 0.000007 -0.000031 -0.024766 -0.147350 0.065065
122 22.238060 0.000003 -0.000015 -0.044630 0.311845 0.040374
123 -1.634354 -9.854568 8.052349 0.744333 -0.449484 -0.334363
124 22.205284 0.000002 -0.000015 0.053078 0.005863 0.010649
125 22.804382 -0.000002 -0.000038 0.023824 0.166285 -0.030972
126 23.051659 0.000001 0.000008 0.038147 -0.112640 -0.076442
127 22.939983 0.000004 -0.000031 -0.023223 -0.197790 0.057630
128 22.472067 0.000007 -0.000031 -0.038576 0.320220 0.034100
129 -1.616150 -5.333253 10.147442 0.360998 -0.541724 -0.170565
130 23.451302 0.000001 -0.000015 0.030457 -0.002511 0.007368
131 23.608017 -0.000006 -0.000031 0.013475 0.163952 -0.012400
132 23.536224 -0.000002 -0.000031 0.032581 -0.124634 -0.056448
133 23.233978 0.000001 0.000008 -0.003698 -0.237734 0.018215
134 22.703680 0.000007 -0.000015 -0.009353 0.199590 0.015795
135 -1.614532 -0.000000 10.883354 -0.009766 -0.569436 0.010418
136 23.962128 0.000001 -0.000031 -0.004463 -0.006744 0.009009
137 23.938972 -0.000003 0.000015 -0.003179 0.160904 0.009474
138 23.736031 -0.000003 -0.000023 0.024649 -0.139188 -0.039672
139 23.354988 0.000006 -0.000038 0.024329 -0.259525 -0.038851
140 22.798939 -0.000008 -0.000031 0.028239 0.177334 -0.018525
141 -1.616119 5.333251 10.147421 -0.379715 -0.538757 0.190581
142 23.451309 -0.000007 0.000008 -0.039947 -0.006060 0.010151
143 23.608017 -0.000002 -0.000046 -0.021441 0.159656 0.030792
144 23.536247 -0.000001 -0.000015 0.012816 -0.153445 -0.024707
145 23.233982 -0.000020 -0.000023 0.050863 -0.260970 -0.100147
146 22.703678 0.000013 0.000000 0.073699 -0.010264 -0.077088
147 -1.634338 9.854566 8.052347 -0.761293 -0.443932 0.352111
148 22.205254 0.000000 0.000008 -0.063375 -0.001282 0.005178
149 22.804443 0.000004 -0.000076 -0.032783 0.157982 0.047449
150 23.051636 -0.000007 0.000000 -0.001061 -0.167996 -0.016369
151 22.939987 -0.000009 -0.000015 0.061782 -0.242837 -0.150942
152 22.472069 -0.000003 -0.000031 0.085036 0.209190 -0.100573
153 -1.699203 12.875608 4.918526 -1.163230 -0.277620 0.467074
154 20.938591 0.000019 -0.000008 -0.061022 0.007502 -0.011358
155 21.993599 -0.000004 -0.000053 -0.033546 0.151228 0.053423
156 22.563805 0.000002 -0.000008 -0.018964 -0.185287 -0.011984
157 22.643356 0.000006 -0.000031 0.048922 -0.210353 -0.178522
158 22.238029 -0.000013 -0.000015 0.068645 0.328762 -0.119706
159 -1.833771 13.936458 1.224506 -1.585255 -0.056504 0.505634
160 20.406960 0.000004 -0.000038 -0.029614 0.024656 -0.037084
161 21.655502 0.000011 -0.000015 -0.023779 0.138560 0.044186
162 22.360657 0.000006 -0.000023 -0.016367 -0.283972 -0.030602
163 22.519670 0.000006 -0.000031 0.058017 -0.231668 -0.203699
164 22.140381 0.000000 -0.000008 0.060604 0.256936 -0.140006
165 -1.972565 12.875610 -3.614553 -1.849385 0.076488 0.458866
166 20.655174 0.000008 -0.000023 -0.013971 0.035400 -0.045911
167 21.762253 0.000008 -0.000023 -0.024364 0.119690 0.038211
168 22.392166 0.000012 -0.000023 -0.054294 -0.223620 -0.016211
169 22.541344 0.000016 -0.000031 -0.028427 -0.143404 -0.170617
170 22.217497 0.000008 -0.000015 -0.049300 0.331743 -0.135284
171 -1.967300 9.854568 -7.722433 -2.176322 0.182653 0.340721
172 21.272713 0.000006 0.000000 0.001549 0.046160 -0.047811
173 22.032509 0.000029 -0.000046 -0.022197 0.089221 0.028126
174 22.475670 0.000002 -0.000004 -0.062170 -0.248092 -0.028134
175 22.598713 0.000004 -0.000008 -0.055521 -0.105184 -0.148731
176 22.407967 0.000013 -0.000023 -0.061172 0.418137 -0.116277
177 -1.900848 5.333253 -10.470079 -2.611794 0.247111 0.180049
178 21.914322 0.000007 -0.000023 0.006642 0.061465 -0.034654
179 22.319839 -0.000008 0.000000 -0.016818 0.061483 0.013785
180 22.569626 0.000001 -0.000008 -0.048806 -0.265949 -0.058675
181 22.663208 0.000017 -0.000008 -0.055321 -0.067030 -0.126101
182 22.604515 0.000011 -0.000031 -0.055405 0.431422 -0.103086
183 -1.865570 -0.000002 -11.435440 3.133639 0.267405 0.003058
184 22.186676 -0.000004 -0.000011 -0.008806 0.072448 -0.003610
185 22.443718 -0.000002 -0.000008 -0.008427 0.052210 -0.003758
186 22.611542 -0.000004 -0.000008 -0.006615 -0.257153 -0.104968
187 22.692013 0.000006 0.000000 -0.017443 -0.037290 -0.095449
188 22.687649 0.000010 -0.000008 -0.022098 0.448364 -0.089990
189 -1.900833 -5.333256 -10.470072 2.595990 0.244357 -0.173592
190 21.914330 0.000008 -0.000008 -0.023694 0.067860 0.029621
191 22.319832 -0.000027 0.000004 0.000261 0.068603 -0.018716
192 22.569633 0.000005 -0.000027 0.036596 -0.217932 -0.139720
193 22.663231 -0.000010 0.000008 0.019387 -0.028029 -0.067895
194 22.604525 0.000010 -0.000008 0.023031 0.464965 -0.047306
195 -1.967285 -9.854566 -7.722441 2.161268 0.177444 -0.333041
196 21.272705 -0.000019 -0.000008 -0.017546 0.056453 0.047331
197 22.032471 0.000000 -0.000031 0.006514 0.100410 -0.027952
198 22.475693 -0.000008 -0.000031 0.051515 -0.172918 -0.146677
199 22.598724 0.000003 -0.000015 0.027541 -0.042128 -0.033285
200 22.407993 -0.000007 -0.000023 0.044319 0.476327 -0.015669
201 -1.972565 -12.875610 -3.614565 1.835209 0.069515 -0.449502
202 20.655174 0.000010 -0.000023 -0.000667 0.047332 0.049936
203 21.762276 -0.000011 -0.000008 0.009983 0.132498 -0.033271
204 22.392166 -0.000006 -0.000019 0.049682 -0.138303 -0.136974
205 22.541336 -0.000003 -0.000023 0.013603 -0.070879 0.002739
206 22.217503 0.000003 -0.000015 0.026161 0.471198 0.009854
207 0.059621 0.456168 0.250107 0.000000 -0.000000 0.000000
208 0.059621 0.456168 0.250107 0.000000 -0.000000 0.000000
time 10
  0 0.059621 0.456168 0.250107 0.000000 -0.000000 0.000000
  1 0.059621 0.456168 0.250107 0.000000 -0.000000 0.000000
  2 0.059621 0.456168 0.250107 0.000000 -0.000000 0.000000
  3 0.059621 0.456168 0.250107 0.000000 -0.000000 0.000000
  4 0.059621 0.456168 0.250107 0.000000 -0.000000 0.000000
  5 0.059621 0.456168 0.250107 0.000000 -0.000000 0.000000
  6 0.059621 0.456168 0.250107 0.000000 -0.000000 0.000000
  7 0.059621 0.456168 0.250107 0.000000 -0.000000 0.000000
  8 0.059621 0.456168 0.250107 0.000000 -0.000000 0.000000
  9 0.059621 0.456168 0.250107 0.000000 -0.000000 0.000000
 10 100.272057 -9.238722 154.010239 -1.226917 -0.275741 1.477761
 11 24.668247 0.000015 -0.000046 0.986784 0.177028 0.014883
 12 30.380135 -0.000015 0.000000 1.622654 0.246538 0.175594
 13 19.902092 -0.000031 0.000000 -0.186567 -0.004226 -0.253794
 14 -88.350739 -21.637981 94.415970 -1.119188 -2.698426 -1.566725
 15 35.349510 0.000000 0.000015 -1.429526 -0.008978 0.323751
 16 37.124329 -0.000015 -0.000015 -2.009043 -0.213285 -0.477617
 17 0.059621 0.456168 0.250107 0.064768 -0.005215 -0.156772
 18 0.059621 -22.661495 88.787506 3.141593 1.420663 1.570796
 19 -65.799561 -0.000020 1.142856 -0.000000 0.000515 3.141077
 20 11.181580 0.005760 -0.002409 -0.000000 0.254797 0.000515
 21 27.835175 0.000000 0.000015 -3.141592 -0.129896 -0.000000
 22 5.330383 -0.000001 -0.000004 -3.070919 -0.014572 0.003512
 23 10.134888 -4.133393 3.834202 -0.681865 -1.173930 -2.497280
 24 10.134903 4.133399 3.834198 0.681898 -1.173920 2.497250
 25 22.592346 0.000010 17.467117 -0.000010 2.956431 0.000000
 26 21.199982 -7.744007 14.169521 -0.644457 -0.154503 -3.025319
 27 18.142014 -13.440228 7.965778 1.228366 -0.180197 3.082644
 28 21.199951 7.744024 14.169506 0.644460 -0.154503 3.025318
 29 18.141998 13.440240 7.965771 -0.316157 -0.180196 -3.082644
 30 11.858856 -13.360000 3.526516 1.542249 3.132957 0.174415
 31 9.463272 -16.404867 -2.906044 1.542282 3.132901 0.176490
 32 9.125244 -10.885475 -11.371325 0.000496 2.962373 0.000256
 33 11.858856 13.360007 3.526474 -1.542248 3.132957 -0.174414
 34 9.463257 16.404867 -2.906023 -1.542281 3.132900 -0.176490
 35 9.125275 10.885474 -11.371305 -0.000492 2.962373 0.000256
 36 9.023224 -0.000002 -17.296177 0.000180 -0.167048 -3.141356
 37 12.691391 -0.000002 -19.438765 -0.006120 1.739803 -0.006588
 38 10.989407 0.000002 -0.000015 0.083751 0.678265 -0.022302
 39 12.871460 -10.586842 -15.652473 1.337626 2.362204 1.234152
 40 10.727001 0.000005 -0.000031 -0.013967 0.710554 0.273164
 41 12.871460 10.586843 -15.652471 -1.308663 2.302947 -1.213229
 42 10.726974 -0.000023 0.000031 0.321187 0.738119 -0.261791
 43 12.847214 -17.570086 -4.701338 1.467645 2.614555 1.355622
 44 11.496494 0.000004 -0.000031 0.028767 0.790620 0.349266
 45 12.847183 17.570087 -4.701359 -1.453196 2.552701 -1.347558
 46 11.496468 0.000006 -0.000015 0.244743 0.827959 -0.375637
 47 28.485962 0.000012 16.460358 -0.010063 0.426839 -0.035665
 48 23.052765 -6.207911 -0.077286 -1.470206 0.035100 -1.833545
 49 9.436913 -0.000008 -0.000031 -0.087547 0.345826 0.242597
 50 31.269333 0.000004 -0.000015 0.107550 -0.140105 -0.604041
 51 28.756508 0.000008 0.000000 0.041016 -0.333101 -0.044347
 52 2.251984 -2.464417 -1.141617 0.481305 0.508197 -0.319329
 53 3.674042 -0.000015 0.000015 -0.277611 0.179024 0.194713
 54 3.614700 0.000010 0.000000 0.013156 0.193871 -0.001558
 55 9.035500 -2.494953 0.484589 -0.001362 0.302449 0.001672
 56 2.943577 0.000000 -0.000015 0.010585 0.293657 -0.007800
 57 2.649437 0.000008 0.000000 -0.006498 0.303243 0.008512
 58 9.093620 -0.386677 0.647720 0.020190 0.475380 -0.012607
 59 3.451881 0.000000 -0.000015 -0.014209 0.528778 0.009212
 60 2.898178 0.000008 0.000031 -0.000683 0.490858 0.000916
 61 8.894585 1.605843 0.371918 -0.000566 0.547851 0.000704
 62 3.130409 0.000004 0.000046 0.003896 0.567158 -0.005063
 63 2.629532 0.000000 -0.000061 0.004892 0.544388 -0.006589
 64 8.470627 3.459522 0.131516 -0.021715 0.541478 0.011455
 65 2.410271 -0.000008 -0.000061 0.022815 0.529939 -0.013321
 66 2.000793 0.000000 0.000015 -0.005415 0.533618 0.007402
 67 23.052765 6.207911 -0.077301 1.481823 0.058643 2.080206
 68 9.436890 0.000023 0.000000 0.421846 0.030599 -0.095690
 69 31.269341 -0.000015 -0.000031 -0.706452 -0.004881 0.328387
 70 28.756504 -0.000011 -0.000031 0.205804 -0.138519 -0.063772
 71 2.251892 2.464409 -1.141571 -0.513217 0.249535 0.112914
 72 3.674080 0.000000 -0.000031 0.331388 -0.059506 -0.325011
 73 3.614670 0.000010 0.000015 0.067360 -0.216133 -0.086857
 74 9.035419 2.494946 0.484421 0.001362 -0.011534 -0.001673
 75 2.943558 -0.000002 -0.000015 -0.011497 -0.020268 0.014556
 76 2.649448 0.000000 0.000015 0.006498 -0.010740 -0.008512
 77 9.093693 0.386673 0.647766 -0.018031 0.093461 0.020165
 78 3.451862 0.000002 -0.000015 0.014953 0.008589 -0.019838
 79 2.898193 -0.000002 0.000000 0.000683 -0.029445 -0.000917
 80 8.894413 -1.605850 0.371902 0.000566 0.090541 -0.000704
 81 3.130428 0.000002 -0.000031 -0.003896 -0.009289 0.005063
 82 2.629524 0.000000 0.000015 -0.004892 -0.032059 0.006589
 83 8.470604 -3.459522 0.131393 0.018786 0.137518 -0.020073
 84 2.410271 -0.000004 -0.000015 -0.024238 -0.029075 0.031299
 85 2.000755 -0.000002 0.000031 0.005415 -0.025697 -0.007402
 86 9.832352 1.463064 -1.299438 0.016523 -0.031798 -0.020624
 87 25.040604 -5.670405 5.432796 -1.312160 -0.224887 -2.136065
 88 28.779709 -6.856310 -0.811424 -1.466235 0.019064 -1.725377
 89 29.182312 -3.955566 -4.961960 0.881869 2.552753 0.503940
 90 25.040573 5.670408 5.432755 1.296833 -0.398765 2.185823
 91 28.779739 6.856311 -0.811401 1.466235 0.019065 1.725381
 92 29.182297 3.955565 -4.961941 -0.881870 2.552752 -0.503941
 93 -65.335663 -0.000020 1.140918 -3.141591 0.026968 0.000000
 94 26.290924 -12.205290 1.157887 -2.070471 -0.003563 0.062722
 95 49.071053 0.000002 0.000003 2.104850 0.290984 -0.456576
 96 61.871315 -0.000021 -0.000031 3.055493 0.297295 0.070542
 97 26.290924 12.205296 1.157845 2.042428 0.141586 -0.157064
 98 49.071053 0.000008 -0.000036 -1.757252 0.457835 1.168229
 99 61.871269 0.000024 -0.000046 -2.944088 0.654776 0.104772
100 -0.698059 -11.192116 -8.252764 1.291292 -0.515040 -0.857094
101 20.568230 0.000000 0.000000 -0.065810 -0.252182 0.203568
102 0.223785 -5.734810 -12.929605 2.883568 0.559168 -0.501787
103 20.803574 -0.000019 -0.000023 -0.028752 -0.020599 0.573546
104 -1.040009 -3.033968 12.140512 1.540104 0.108925 -1.287629
105 -1.039993 3.034004 12.140503 -1.540105 0.108928 1.287629
106 4.165436 -5.407044 12.088394 1.444759 -1.172865 -1.157458
107 16.599442 0.000000 -0.000015 0.088799 -0.538972 0.262084
108 4.165466 5.407081 12.088385 -0.946282 -0.983732 0.594839
109 16.599377 0.000008 -0.000015 -0.077709 0.169054 -0.306284
110 6.428391 0.000001 -0.288944 -0.000001 0.017943 0.000000
111 -1.833771 -13.936463 1.224501 1.572196 -0.071632 -0.507642
112 20.406944 -0.000004 -0.000015 0.016347 0.022639 0.057495
113 21.655502 -0.000006 -0.000015 0.010824 0.158525 -0.031575
114 22.360672 -0.000006 -0.000023 0.043288 -0.088315 -0.138778
115 22.519669 -0.000002 -0.000008 -0.007773 -0.072034 0.002600
116 22.140392 -0.000004 -0.000023 -0.007387 0.190627 0.038409
117 -1.699219 -12.875612 4.918510 1.151827 -0.297311 -0.465154
118 20.938614 0.000011 0.000000 0.049269 -0.002149 0.034773
119 21.993614 -0.000006 -0.000053 0.022738 0.167080 -0.037046
120 22.563789 -0.000015 0.000000 0.042293 -0.071712 -0.117221
121 22.643349 0.000007 -0.000038 -0.021669 -0.106848 0.034464
122 22.238052 0.000004 -0.000031 -0.044199 0.124054 0.054549
123 -1.634354 -9.854568 8.052345 0.748645 -0.465190 -0.344112
124 22.205284 0.000004 -0.000015 0.052922 -0.017954 0.018071
125 22.804375 -0.000006 -0.000038 0.023927 0.167897 -0.028536
126 23.051666 -0.000002 0.000008 0.038814 -0.071063 -0.090588
127 22.939983 0.000001 -0.000031 -0.020003 -0.148595 0.033814
128 22.472061 0.000001 -0.000015 -0.039027 0.246596 0.038822
129 -1.616135 -5.333253 10.147440 0.363650 -0.558988 -0.175642
130 23.451309 0.000001 -0.000023 0.030210 -0.028051 0.011120
131 23.608025 -0.000007 -0.000031 0.013538 0.163510 -0.010925
132 23.536232 -0.000001 -0.000031 0.033060 -0.081221 -0.063921
133 23.233982 0.000003 0.000015 -0.001383 -0.183712 0.004395
134 22.703682 0.000008 -0.000031 -0.007440 0.008454 0.018829
135 -1.614532 -0.000000 10.883350 -0.009614 -0.587089 0.010729
136 23.962128 0.000001 -0.000023 -0.004750 -0.032769 0.009252
137 23.938965 -0.000003 0.000008 -0.003595 0.159671 0.009832
138 23.736023 -0.000004 -0.000023 0.024618 -0.095486 -0.039702
139 23.354988 0.000005 -0.000031 0.024586 -0.204572 -0.041244
140 22.798933 -0.000009 -0.000023 0.034543 -0.014039 -0.028486
141 -1.616135 5.333251 10.147423 -0.382654 -0.555908 0.196236
142 23.451317 -0.000008 0.000008 -0.039826 -0.031695 0.006866
143 23.608017 -0.000003 -0.000038 -0.021107 0.159069 0.030026
144 23.536255 0.000000 -0.000015 0.012420 -0.110530 -0.017262
145 23.233986 -0.000016 -0.000023 0.048413 -0.208365 -0.091169
146 22.703671 0.000014 -0.000015 0.088137 -0.270965 -0.106482
147 -1.634354 9.854566 8.052345 -0.765747 -0.459439 0.362319
148 22.205261 -0.000002 0.000008 -0.063161 -0.025299 -0.001809
149 22.804451 0.000000 -0.000061 -0.032780 0.159308 0.045705
150 23.051643 -0.000008 0.000000 -0.003038 -0.127458 -0.002302
151 22.939980 -0.000010 -0.000015 0.057444 -0.196545 -0.132021
152 22.472078 -0.000003 -0.000031 0.095873 0.019837 -0.128630
153 -1.699219 12.875608 4.918524 -1.166851 -0.289825 0.480104
154 20.938599 0.000019 0.000000 -0.060846 -0.012869 -0.021894
155 21.993591 -0.000002 -0.000061 -0.033499 0.155163 0.050851
156 22.563812 0.000006 -0.000015 -0.021392 -0.149431 0.006183
157 22.643353 0.000005 -0.000038 0.044905 -0.174254 -0.153137
158 22.238033 -0.000013 -0.000023 0.070348 0.255831 -0.128569
159 -1.833786 13.936458 1.224504 -1.586042 -0.063717 0.519159
160 20.406967 0.000006 -0.000046 -0.029605 0.010057 -0.049648
161 21.655510 0.000013 -0.000015 -0.023707 0.145003 0.040675
162 22.360657 0.000007 -0.000023 -0.020363 -0.256804 -0.012384
163 22.519665 0.000005 -0.000031 0.053697 -0.211874 -0.179077
164 22.140369 0.000000 -0.000015 0.060649 0.071187 -0.158383
165 -1.972595 12.875610 -3.614555 -1.848500 0.072472 0.470793
166 20.655151 0.000010 -0.000023 -0.014143 0.025474 -0.058265
167 21.762245 0.000010 -0.000023 -0.024292 0.126946 0.034509
168 22.392151 0.000012 -0.000031 -0.057067 -0.201695 0.000447
169 22.541340 0.000014 -0.000031 -0.030972 -0.129883 -0.146213
170 22.217495 0.000010 -0.000015 -0.062777 0.148186 -0.127746
171 -1.967300 9.854568 -7.722437 -2.174691 0.181257 0.349386
172 21.272705 0.000008 -0.000008 0.001258 0.042100 -0.058580
173 22.032509 0.000027 -0.000053 -0.022116 0.096795 0.024583
174 22.475662 0.000004 -0.000008 -0.064614 -0.236068 -0.014878
175 22.598717 0.000008 -0.000008 -0.056726 -0.103754 -0.129693
176 22.407974 0.000017 -0.000023 -0.060733 0.410837 -0.115689
177 -1.900848 5.333253 -10.470085 -2.610729 0.247332 0.184551
178 21.914322 0.000010 -0.000023 0.006331 0.063118 -0.041454
179 22.319839 -0.000004 0.000008 -0.016748 0.069556 0.011326
180 22.569626 0.000002 -0.000004 -0.050394 -0.263206 -0.051706
181 22.663219 0.000023 -0.000015 -0.055618 -0.076436 -0.117048
182 22.604523 0.000017 -0.000031 -0.055065 0.423873 -0.102708
183 -1.865601 -0.000002 -11.435446 3.133275 0.268113 0.003118
184 22.186676 -0.000004 -0.000011 -0.008843 0.076798 -0.003666
185 22.443718 -0.000002 -0.000004 -0.008453 0.060712 -0.003957
186 22.611549 -0.000005 -0.000008 -0.006025 -0.257894 -0.107614
187 22.692024 0.000008 0.000000 -0.017338 -0.050417 -0.100401
188 22.687654 0.000011 -0.000015 -0.021900 0.440685 -0.090146
189 -1.900848 -5.333257 -10.470074 2.594869 0.244512 -0.177927
190 21.914337 0.000006 -0.000008 -0.023295 0.069740 0.036198
191 22.319832 -0.000024 0.000000 0.000259 0.076939 -0.016298
192 22.569633 0.000002 -0.000015 0.038601 -0.213497 -0.150580
193 22.663239 -0.000014 0.000004 0.019449 -0.034690 -0.086817
194 22.604525 0.000012 -0.000008 0.023031 0.457347 -0.048008
195 -1.967285 -9.854566 -7.722448 2.159722 0.175925 -0.341516
196 21.272713 -0.000021 0.000000 -0.017131 0.052748 0.058036
197 22.032478 -0.000002 -0.000023 0.006505 0.108399 -0.024218
198 22.475685 -0.000011 -0.000034 0.053291 -0.158444 -0.162403
199 22.598717 0.000005 -0.000023 0.027555 -0.035973 -0.060875
200 22.407993 -0.000004 -0.000015 0.044128 0.468910 -0.016660
201 -1.972580 -12.875610 -3.614567 1.834413 0.065325 -0.461209
202 20.655182 0.000011 -0.000015 -0.000399 0.037802 0.062372
203 21.762276 -0.000013 -0.000015 0.009971 0.140213 -0.029176
204 22.392166 -0.000008 -0.000015 0.051042 -0.113904 -0.154948
205 22.541336 -0.000004 -0.000015 0.014082 -0.051717 -0.028831
206 22.217510 0.000004 -0.000023 0.025812 0.464031 0.008987
207 0.059621 0.456168 0.250107 0.000000 -0.000000 0.000000
208 0.059621 0.456168 0.250107 0.000000 -0.000000 0.000000
time 11
  0 0.059621 0.456168 0.250107 0.000000 -0.000000 0.000000
  1 0.059621 0.456168 0.250107 0.000000 -0.000000 0.000000
  2 0.059621 0.456168 0.250107 0.000000 -0.000000 0.000000
  3 0.059621 0.456168 0.250107 0.000000 -0.000000 0.000000
  4 0.059621 0.456168 0.250107 0.000000 -0.000000 0.000000
  5 0.059621 0.456168 0.250107 0.000000 -0.000000 0.000000
  6 0.059621 0.456168 0.250107 0.000000 -0.000000 0.000000
  7 0.059621 0.456168 0.250107 0.000000 -0.000000 0.000000
  8 0.059621 0.456168 0.250107 0.000000 -0.000000 0.000000
  9 0.059621 0.456168 0.250107 0.000000 -0.000000 0.000000
 10 98.243385 -14.135728 154.010239 -1.225500 -0.295289 1.470757
 11 24.668247 0.000000 -0.000046 0.987174 0.176068 0.019543
 12 30.380142 -0.000015 -0.000015 1.621338 0.278700 0.178734
 13 19.902088 -0.000015 0.000000 -0.210268 0.033323 -0.264699
 14 -88.350739 -21.637981 93.111748 2.026734 -0.468685 1.562326
 15 35.349518 0.000004 0.000015 -1.429636 -0.009905 0.321618
 16 37.124336 0.000000 -0.000019 -2.016294 -0.091022 -0.352251
 17 0.059621 0.456168 0.250107 0.064768 -0.005215 -0.156772
 18 0.059621 -22.661495 87.320930 3.141593 1.420663 1.570796
 19 -65.799553 -0.000020 1.142857 -0.000000 0.000514 3.141077
 20 11.181580 0.005760 -0.002409 -0.000000 0.254797 0.000515
 21 27.835175 -0.000000 0.000015 -3.141592 -0.129896 -0.000000
 22 5.330383 -0.000001 -0.000004 -3.070919 -0.014572 0.003512
 23 10.134888 -4.133392 3.834202 -0.681865 -1.173930 -2.497280
 24 10.134903 4.133399 3.834202 0.681898 -1.173919 2.497250
 25 22.592361 0.000010 17.467117 -0.000010 2.956431 0.000000
 26 21.199997 -7.744008 14.169521 -0.644457 -0.154503 -3.025319
 27 18.142014 -13.440228 7.965778 1.228366 -0.180197 3.082644
 28 21.199966 7.744024 14.169506 0.644460 -0.154503 3.025318
 29 18.141998 13.440241 7.965775 -0.316157 -0.180196 -3.082644
 30 11.858871 -13.360000 3.526516 1.542249 3.132957 0.174415
 31 9.463287 -16.404867 -2.906044 1.542282 3.132901 0.176490
 32 9.125259 -10.885475 -11.371325 0.000496 2.962373 0.000256
 33 11.858871 13.360006 3.526474 -1.542248 3.132957 -0.174414
 34 9.463257 16.404867 -2.906023 -1.542281 3.132900 -0.176490
 35 9.125275 10.885474 -11.371304 -0.000492 2.962373 0.000256
 36 9.023239 -0.000003 -17.296177 0.000180 -0.167048 -3.141356
 37 12.691406 -0.000002 -19.438763 -0.009059 1.703487 -0.009191
 38 10.989412 0.000002 0.000000 0.095885 0.782808 -0.027665
 39 12.871460 -10.586842 -15.652472 1.374267 2.353506 1.286050
 40 10.727005 0.000004 -0.000046 0.012338 0.816247 0.260374
 41 12.871460 10.586843 -15.652471 -1.349684 2.293419 -1.268144
 42 10.726978 -0.000023 0.000015 0.323874 0.845060 -0.249847
 43 12.847229 -17.570086 -4.701336 1.487946 2.610724 1.395847
 44 11.496494 0.000008 -0.000031 0.062670 0.899401 0.344992
 45 12.847198 17.570087 -4.701359 -1.476446 2.548491 -1.389280
 46 11.496464 0.000002 -0.000015 0.241608 0.938801 -0.370404
 47 28.485977 0.000011 16.460361 -0.010063 0.426839 -0.035665
 48 23.052765 -6.207911 -0.077290 -1.470206 0.035100 -1.833545
 49 9.436909 -0.000008 -0.000031 -0.094920 0.336450 0.223027
 50 31.269333 0.000011 -0.000031 0.105110 -0.141131 -0.587636
 51 28.756500 0.000008 -0.000031 0.041016 -0.333101 -0.044347
 52 2.251984 -2.464409 -1.141632 0.481305 0.508197 -0.319329
 53 3.674042 -0.000015 0.000015 -0.277611 0.179024 0.194713
 54 3.614693 0.000011 0.000000 0.013156 0.193871 -0.001558
 55 9.035492 -2.494957 0.484573 -0.001362 0.302449 0.001673
 56 2.943581 0.000004 -0.000015 0.010585 0.293657 -0.007800
 57 2.649437 0.000000 0.000015 -0.006498 0.303243 0.008512
 58 9.093620 -0.386677 0.647705 0.020190 0.475379 -0.012607
 59 3.451881 0.000004 0.000000 -0.014209 0.528778 0.009212
 60 2.898193 0.000004 0.000015 -0.000683 0.490858 0.000916
 61 8.894577 1.605843 0.371918 -0.000566 0.547851 0.000704
 62 3.130409 0.000004 0.000031 0.003896 0.567158 -0.005064
 63 2.629532 0.000000 -0.000061 0.004892 0.544388 -0.006589
 64 8.470612 3.459526 0.131485 -0.021715 0.541478 0.011456
 65 2.410263 0.000004 -0.000076 0.022815 0.529939 -0.013321
 66 2.000793 0.000004 0.000015 -0.005415 0.533618 0.007402
 67 23.052765 6.207910 -0.077305 1.481823 0.058643 2.080206
 68 9.436890 0.000023 0.000000 0.422162 0.029213 -0.081110
 69 31.269341 -0.000008 -0.000015 -0.706468 0.030233 0.356000
 70 28.756519 -0.000015 -0.000031 0.205804 -0.138519 -0.063772
 71 2.251892 2.464407 -1.141556 -0.513217 0.249535 0.112914
 72 3.674088 0.000000 -0.000031 0.331388 -0.059506 -0.325011
 73 3.614689 0.000010 0.000015 0.067360 -0.216133 -0.086857
 74 9.035416 2.494949 0.484421 0.001362 -0.011534 -0.001673
 75 2.943565 0.000000 -0.000031 -0.011498 -0.020268 0.014556
 76 2.649448 0.000004 0.000015 0.006498 -0.010740 -0.008512
 77 9.093689 0.386667 0.647781 -0.018031 0.093461 0.020165
 78 3.451859 -0.000002 0.000000 0.014953 0.008589 -0.019838
 79 2.898197 0.000000 -0.000031 0.000683 -0.029445 -0.000917
 80 8.894409 -1.605850 0.371902 0.000566 0.090541 -0.000704
 81 3.130440 -0.000004 -0.000046 -0.003896 -0.009289 0.005063
 82 2.629528 0.000000 0.000015 -0.004892 -0.032059 0.006589
 83 8.470612 -3.459526 0.131409 0.018786 0.137518 -0.020073
 84 2.410271 0.000000 -0.000015 -0.024238 -0.029075 0.031299
 85 2.000751 0.000002 0.000015 0.005415 -0.025697 -0.007402
 86 9.832352 1.463058 -1.299423 0.016523 -0.031798 -0.020624
 87 25.040604 -5.670406 5.432796 -1.312159 -0.224887 -2.136065
 88 28.779709 -6.856311 -0.811424 -1.466235 0.019064 -1.725377
 89 29.182312 -3.955566 -4.961960 0.881869 2.552753 0.503940
 90 25.040573 5.670407 5.432755 1.296833 -0.398765 2.185823
 91 28.779739 6.856311 -0.811405 1.466235 0.019065 1.725381
 92 29.182297 3.955564 -4.961937 -0.881870 2.552752 -0.503941
 93 -65.335670 -0.000020 1.140917 -3.141591 0.024286 0.000000
 94 26.290924 -12.205289 1.157885 -2.070325 -0.001486 0.062365
 95 49.071037 0.000003 0.000005 2.105582 0.289861 -0.454036
 96 61.871296 -0.000019 -0.000023 3.055678 0.299144 0.070357
 97 26.290924 12.205297 1.157839 2.042119 0.143649 -0.156749
 98 49.071060 0.000004 -0.000034 -1.745399 0.459331 1.190768
 99 61.871265 0.000021 -0.000061 -2.943995 0.656629 0.105076
100 -0.698059 -11.192116 -8.252768 1.300488 -0.525015 -0.875480
101 20.568237 0.000000 0.000000 -0.062017 -0.273698 0.204988
102 0.223785 -5.734810 -12.929605 2.877031 0.565410 -0.513853
103 20.803574 -0.000019 -0.000023 -0.030648 -0.038889 0.585450
104 -1.040009 -3.033968 12.140514 1.537950 0.109571 -1.287459
105 -1.039993 3.034004 12.140505 -1.537951 0.109574 1.287458
106 4.165436 -5.407044 12.088394 1.499647 -1.182859 -1.216919
107 16.599438 0.000000 -0.000031 0.088875 -0.551697 0.257706
108 4.165482 5.407081 12.088383 -0.935454 -0.978510 0.582731
109 16.599384 0.000015 -0.000015 -0.076409 0.218938 -0.304908
110 6.428406 0.000001 -0.288944 -0.000001 0.020626 0.000000
111 -1.833771 -13.936463 1.224506 1.572987 -0.077591 -0.518994
112 20.406944 -0.000002 -0.000023 0.016271 0.006753 0.070586
113 21.655487 -0.000004 -0.000015 0.011292 0.161003 -0.024573
114 22.360680 -0.000006 -0.000023 0.043264 -0.057931 -0.154619
115 22.519669 -0.000006 0.000000 -0.007481 -0.037007 -0.032331
116 22.140394 -0.000005 -0.000015 -0.002854 -0.062322 0.048318
117 -1.699203 -12.875612 4.918510 1.155021 -0.307498 -0.476031
118 20.938599 0.000013 0.000000 0.048943 -0.023891 0.045934
119 21.993607 -0.000008 -0.000061 0.023227 0.165775 -0.031038
120 22.563789 -0.000015 0.000015 0.042536 -0.036386 -0.132905
121 22.643360 0.000005 -0.000031 -0.020472 -0.059371 0.001268
122 22.238064 0.000002 -0.000031 -0.043895 -0.132722 0.072988
123 -1.634338 -9.854568 8.052349 0.752424 -0.478135 -0.352487
124 22.205292 0.000002 -0.000023 0.052592 -0.043291 0.025650
125 22.804390 -0.000002 -0.000038 0.024342 0.163029 -0.024050
126 23.051659 0.000002 0.000000 0.038898 -0.032854 -0.102625
127 22.939987 0.000005 -0.000031 -0.017640 -0.091717 0.007837
128 22.472069 0.000001 -0.000023 -0.040223 0.056722 0.051000
129 -1.616150 -5.333253 10.147442 0.365909 -0.573253 -0.180013
130 23.451302 -0.000001 -0.000008 0.030097 -0.054931 0.014913
131 23.608017 -0.000006 -0.000031 0.013778 0.156202 -0.008371
132 23.536228 -0.000004 -0.000031 0.033180 -0.041920 -0.070277
133 23.233978 0.000000 0.000015 0.000372 -0.121608 -0.010648
134 22.703678 0.000006 -0.000023 -0.005428 -0.252896 0.022401
135 -1.614532 -0.000000 10.883352 -0.009809 -0.601685 0.010998
136 23.962128 0.000001 -0.000031 -0.004337 -0.060050 0.009454
137 23.938957 -0.000003 0.000023 -0.003586 0.151468 0.010124
138 23.736023 -0.000004 -0.000023 0.024382 -0.056080 -0.039643
139 23.354977 0.000005 -0.000031 0.024533 -0.141178 -0.043493
140 22.798933 -0.000008 -0.000023 0.043163 -0.275713 -0.042106
141 -1.616119 5.333252 10.147427 -0.385252 -0.570074 0.201100
142 23.451309 -0.000007 -0.000008 -0.039674 -0.058657 0.003500
143 23.608009 -0.000003 -0.000046 -0.021420 0.151623 0.028122
144 23.536251 0.000001 -0.000015 0.011871 -0.071553 -0.010732
145 23.233976 -0.000016 -0.000023 0.046378 -0.147318 -0.080636
146 22.703676 0.000011 0.000000 0.103867 -0.555013 -0.138509
147 -1.634338 9.854566 8.052347 -0.769608 -0.472209 0.371083
148 22.205261 0.000000 -0.000008 -0.062871 -0.050822 -0.008982
149 22.804443 0.000002 -0.000076 -0.033201 0.154166 0.041837
150 23.051632 -0.000003 0.000008 -0.003838 -0.089996 0.009908
151 22.939983 -0.000006 -0.000015 0.054133 -0.142079 -0.110372
152 22.472065 -0.000003 -0.000031 0.110690 -0.239075 -0.166994
153 -1.699219 12.875608 4.918528 -1.170024 -0.299808 0.491263
154 20.938599 0.000017 -0.000008 -0.060449 -0.034901 -0.032738
155 21.993584 -0.000004 -0.000061 -0.033897 0.153456 0.045393
156 22.563797 0.000004 -0.000008 -0.022787 -0.115351 0.021964
157 22.643353 0.000004 -0.000031 0.041107 -0.130739 -0.124221
158 22.238037 -0.000011 -0.000015 0.074741 0.067747 -0.151426
159 -1.833786 13.936458 1.224506 -1.586752 -0.069494 0.530722
160 20.406952 0.000008 -0.000038 -0.029381 -0.006195 -0.062565
161 21.655495 0.000008 -0.000008 -0.024086 0.147023 0.034118
162 22.360649 0.000006 -0.000023 -0.023174 -0.229652 0.003329
163 22.519665 0.000006 -0.000031 0.049197 -0.185896 -0.150860
164 22.140366 0.000002 0.000000 0.060742 -0.182797 -0.183510
165 -1.972580 12.875610 -3.614550 -1.847769 0.069390 0.480986
166 20.655167 0.000010 -0.000015 -0.014169 0.014095 -0.070950
167 21.762260 0.000010 -0.000023 -0.024556 0.130866 0.027947
168 22.392166 0.000015 -0.000031 -0.058864 -0.179321 0.014783
169 22.541348 0.000016 -0.000031 -0.032928 -0.111607 -0.118519
170 22.217495 0.000011 -0.000015 -0.078074 -0.102800 -0.117439
171 -1.967300 9.854567 -7.722435 -2.173351 0.180385 0.356798
172 21.272713 0.000008 -0.000008 0.001000 0.036934 -0.069622
173 22.032501 0.000029 -0.000046 -0.022266 0.102493 0.018635
174 22.475670 0.000006 -0.000008 -0.066859 -0.222724 -0.003452
175 22.598709 0.000008 -0.000008 -0.058145 -0.099380 -0.108142
176 22.407976 0.000017 -0.000015 -0.060036 0.399252 -0.114755
177 -1.900833 5.333253 -10.470085 -2.609750 0.247825 0.188405
178 21.914330 0.000010 -0.000015 0.005977 0.063992 -0.048414
179 22.319832 -0.000006 0.000008 -0.016796 0.077165 0.007394
180 22.569633 0.000003 0.000004 -0.051678 -0.258388 -0.045733
181 22.663216 0.000018 -0.000008 -0.056060 -0.084458 -0.106592
182 22.604517 0.000015 -0.000023 -0.054525 0.411893 -0.102107
183 -1.865601 -0.000002 -11.435440 3.133794 0.269021 0.003181
184 22.186676 -0.000004 -0.000004 -0.008886 0.080510 -0.003839
185 22.443718 -0.000002 -0.000004 -0.008486 0.069381 -0.004081
186 22.611534 -0.000004 -0.000008 -0.005594 -0.256568 -0.109644
187 22.692020 0.000008 0.000004 -0.017017 -0.063575 -0.106248
188 22.687651 0.000013 -0.000008 -0.021586 0.428499 -0.090394
189 -1.900848 -5.333256 -10.470072 2.593905 0.244951 -0.181641
190 21.914337 0.000006 -0.000008 -0.022960 0.070824 0.042933
191 22.319832 -0.000026 0.000000 0.000327 0.084806 -0.012436
192 22.569626 0.000005 -0.000023 0.039893 -0.207172 -0.159768
193 22.663239 -0.000014 0.000004 0.019551 -0.039772 -0.106931
194 22.604525 0.000016 -0.000008 0.023031 0.445257 -0.049121
195 -1.967285 -9.854567 -7.722441 2.158457 0.174947 -0.348768
196 21.272720 -0.000023 0.000000 -0.016733 0.047916 0.069000
197 22.032463 0.000002 -0.000023 0.006728 0.114495 -0.018150
198 22.475693 -0.000010 -0.000027 0.054877 -0.142997 -0.175699
199 22.598721 0.000002 -0.000023 0.027408 -0.026862 -0.090215
200 22.407990 -0.000008 -0.000023 0.043825 0.457141 -0.018234
201 -1.972565 -12.875610 -3.614565 1.833726 0.062093 -0.471219
202 20.655167 0.000008 -0.000023 -0.000196 0.026790 0.075120
203 21.762268 -0.000011 -0.000015 0.010344 0.144585 -0.022285
204 22.392159 -0.000010 -0.000023 0.051501 -0.089487 -0.170112
205 22.541340 -0.000004 -0.000023 0.013865 -0.027882 -0.062613
206 22.217506 0.000005 -0.000015 0.025257 0.452657 0.007611
207 0.059621 0.456168 0.250107 0.000000 -0.000000 0.000000
208 0.059621 0.456168 0.250107 0.000000 -0.000000 0.000000
time 12
  0 0.059621 0.456168 0.250107 0.000000 -0.000000 0.000000
  1 0.059621 0.456168 0.250107 0.000000 -0.000000 0.000000
  2 0.059621 0.456168 0.250107 0.000000 -0.000000 0.000000
  3 0.059621 0.456168 0.250107 0.000000 -0.000000 0.000000
  4 0.059621 0.456168 0.250107 0.000000 -0.000000 0.000000
  5 0.059621 0.456168 0.250107 0.000000 -0.000000 0.000000
  6 0.059621 0.456168 0.250107 0.000000 -0.000000 0.000000
  7 0.059621 0.456168 0.250107 0.000000 -0.000000 0.000000
  8 0.059621 0.456168 0.250107 0.000000 -0.000000 0.000000
  9 0.059621 0.456168 0.250107 0.000000 -0.000000 0.000000
 10 96.657333 -17.964289 154.010239 -1.224391 -0.310572 1.465282
 11 24.668243 0.000031 -0.000034 0.986220 0.170887 0.015826
 12 30.380142 -0.000015 -0.000015 1.621421 0.310088 0.186699
 13 19.902090 -0.000015 0.000000 -0.228797 0.062679 -0.273028
 14 -88.350739 -21.637981 92.092079 2.030119 -0.488636 1.552521
 15 35.349514 0.000004 0.000008 -1.429655 -0.012943 0.324990
 16 37.124336 0.000000 -0.000011 -2.024911 0.024194 -0.222739
 17 0.059621 0.456168 0.250107 0.064768 -0.005215 -0.156772
 18 0.059621 -22.661495 85.883781 3.141593 1.420663 1.570796
 19 -65.799545 -0.000020 1.142858 0.000000 0.000514 3.141077
 20 11.181595 0.005760 -0.002409 -0.000000 0.254797 0.000515
 21 27.835190 -0.000001 0.000023 -3.141592 -0.129896 -0.000000
 22 5.330383 -0.000000 -0.000002 -3.070919 -0.014572 0.003512
 23 10.134888 -4.133394 3.834204 -0.681865 -1.173930 -2.497280
 24 10.134903 4.133400 3.834200 0.681898 -1.173919 2.497250
 25 22.592346 0.000009 17.467119 -0.000010 2.956431 0.000000
 26 21.199997 -7.744011 14.169523 -0.644457 -0.154503 -3.025319
 27 18.142014 -13.440231 7.965776 1.228366 -0.180197 3.082644
 28 21.199951 7.744025 14.169500 0.644460 -0.154503 3.025318
 29 18.141998 13.440243 7.965776 -0.316157 -0.180196 -3.082644
 30 11.858871 -13.360003 3.526518 1.542249 3.132957 0.174415
 31 9.463272 -16.404873 -2.906042 1.542282 3.132901 0.176490
 32 9.125244 -10.885477 -11.371323 0.000496 2.962373 0.000256
 33 11.858856 13.360010 3.526476 -1.542248 3.132957 -0.174414
 34 9.463257 16.404873 -2.906023 -1.542281 3.132900 -0.176490
 35 9.125275 10.885477 -11.371304 -0.000492 2.962373 0.000256
 36 9.023224 -0.000002 -17.296173 0.000180 -0.167048 -3.141356
 37 12.691391 -0.000001 -19.438763 -0.011752 1.676568 -0.012270
 38 10.989410 0.000003 -0.000015 0.107620 0.851394 -0.033733
 39 12.871460 -10.586844 -15.652472 1.402320 2.347883 1.325505
 40 10.727005 0.000005 -0.000031 0.037244 0.885588 0.246280
 41 12.871460 10.586846 -15.652471 -1.381528 2.287281 -1.309996
 42 10.726982 -0.000019 0.000000 0.325505 0.915218 -0.242011
 43 12.847214 -17.570089 -4.701336 1.503198 2.608332 1.425910
 44 11.496496 0.000002 -0.000031 0.094255 0.970768 0.340168
 45 12.847183 17.570089 -4.701359 -1.493910 2.545885 -1.420464
 46 11.496467 0.000002 0.000000 0.238010 1.011519 -0.366970
 47 28.485962 0.000010 16.460363 -0.010063 0.426839 -0.035665
 48 23.052750 -6.207913 -0.077286 -1.470206 0.035100 -1.833545
 49 9.436909 -0.000004 -0.000031 -0.101101 0.328680 0.206361
 50 31.269337 0.000008 0.000000 0.101857 -0.142494 -0.565826
 51 28.756512 0.000011 0.000000 0.041016 -0.333101 -0.044347
 52 2.251991 -2.464409 -1.141663 0.481305 0.508197 -0.319329
 53 3.674042 -0.000011 0.000000 -0.277611 0.179024 0.194713
 54 3.614693 0.000013 0.000000 0.013156 0.193871 -0.001558
 55 9.035500 -2.494949 0.484558 -0.001362 0.302449 0.001672
 56 2.943584 0.000000 0.000000 0.010585 0.293657 -0.007800
 57 2.649437 0.000004 0.000015 -0.006498 0.303243 0.008512
 58 9.093620 -0.386673 0.647720 0.020190 0.475380 -0.012607
 59 3.451881 0.000000 0.000000 -0.014209 0.528778 0.009212
 60 2.898193 0.000004 0.000031 -0.000683 0.490858 0.000916
 61 8.894585 1.605850 0.371902 -0.000566 0.547851 0.000704
 62 3.130402 0.000000 0.000031 0.003896 0.567158 -0.005064
 63 2.629524 -0.000004 -0.000046 0.004892 0.544388 -0.006589
 64 8.470619 3.459530 0.131500 -0.021715 0.541478 0.011455
 65 2.410271 0.000004 -0.000061 0.022815 0.529939 -0.013321
 66 2.000801 0.000008 0.000000 -0.005415 0.533618 0.007402
 67 23.052765 6.207911 -0.077301 1.481823 0.058643 2.080206
 68 9.436897 0.000023 0.000000 0.422372 0.028405 -0.069711
 69 31.269348 -0.000015 -0.000015 -0.706480 0.060136 0.379515
 70 28.756516 -0.000018 -0.000031 0.205804 -0.138519 -0.063772
 71 2.251884 2.464409 -1.141556 -0.513217 0.249535 0.112914
 72 3.674088 0.000004 -0.000031 0.331388 -0.059506 -0.325011
 73 3.614685 0.000008 0.000015 0.067360 -0.216133 -0.086857
 74 9.035412 2.494947 0.484436 0.001362 -0.011534 -0.001673
 75 2.943562 0.000000 -0.000015 -0.011497 -0.020268 0.014556
 76 2.649437 0.000000 0.000015 0.006498 -0.010740 -0.008512
 77 9.093689 0.386663 0.647797 -0.018031 0.093461 0.020165
 78 3.451866 -0.000002 0.000015 0.014953 0.008589 -0.019838
 79 2.898201 0.000000 -0.000015 0.000684 -0.029445 -0.000917
 80 8.894409 -1.605854 0.371918 0.000566 0.090541 -0.000704
 81 3.130436 -0.000002 -0.000061 -0.003896 -0.009289 0.005063
 82 2.629513 0.000002 0.000015 -0.004892 -0.032059 0.006589
 83 8.470604 -3.459526 0.131393 0.018786 0.137518 -0.020073
 84 2.410275 -0.000002 -0.000015 -0.024238 -0.029075 0.031299
 85 2.000759 0.000000 0.000015 0.005415 -0.025697 -0.007402
 86 9.832352 1.463058 -1.299423 0.016523 -0.031798 -0.020624
 87 25.040604 -5.670407 5.432800 -1.312160 -0.224887 -2.136065
 88 28.779694 -6.856313 -0.811417 -1.466235 0.019064 -1.725377
 89 29.182312 -3.955568 -4.961956 0.881869 2.552753 0.503940
 90 25.040573 5.670409 5.432762 1.296833 -0.398765 2.185823
 91 28.779739 6.856312 -0.811398 1.466235 0.019065 1.725381
 92 29.182281 3.955565 -4.961933 -0.881870 2.552752 -0.503941
 93 -65.335648 -0.000020 1.140920 -3.141591 0.021657 0.000000
 94 26.290924 -12.205289 1.157888 -2.070182 0.000549 0.062015
 95 49.071045 -0.000004 0.000003 2.106299 0.288759 -0.451547
 96 61.871307 -0.000017 -0.000027 3.055859 0.300955 0.070175
 97 26.290924 12.205297 1.157846 2.041815 0.145671 -0.156440
 98 49.071060 0.000011 -0.000038 -1.734457 0.460627 1.211198
 99 61.871265 0.000021 -0.000053 -2.943903 0.658445 0.105373
100 -0.698059 -11.192116 -8.252766 1.307558 -0.532394 -0.889753
101 20.568230 0.000004 0.000000 -0.058787 -0.291665 0.205933
102 0.223785 -5.734810 -12.929604 2.871880 0.570455 -0.523451
103 20.803574 -0.000019 -0.000031 -0.032174 -0.054464 0.595017
104 -1.040009 -3.033968 12.140514 1.535838 0.110204 -1.287293
105 -1.039993 3.034004 12.140503 -1.535839 0.110207 1.287292
106 4.165451 -5.407045 12.088392 1.541815 -1.189282 -1.262402
107 16.599440 0.000000 -0.000015 0.088927 -0.561281 0.254284
108 4.165482 5.407081 12.088385 -0.926988 -0.974428 0.573265
109 16.599377 0.000010 -0.000031 -0.075393 0.257939 -0.303833
110 6.428391 0.000001 -0.288942 -0.000001 0.023254 -0.000000
111 -1.833771 -13.936463 1.224504 1.573596 -0.081943 -0.528052
112 20.406960 -0.000002 -0.000031 0.016022 -0.010419 0.083611
113 21.655487 -0.000004 -0.000015 0.012200 0.158630 -0.014689
114 22.360680 -0.000006 -0.000023 0.042652 -0.029571 -0.166871
115 22.519665 -0.000004 -0.000015 -0.008648 0.003114 -0.068602
116 22.140398 -0.000003 -0.000023 0.001416 -0.337922 0.058035
117 -1.699203 -12.875612 4.918510 1.157638 -0.315184 -0.484713
118 20.938614 0.000013 -0.000008 0.048346 -0.046724 0.057039
119 21.993614 -0.000006 -0.000053 0.024116 0.158497 -0.022311
120 22.563797 -0.000015 -0.000008 0.041275 -0.004698 -0.145268
121 22.643364 0.000005 -0.000031 -0.020400 -0.006369 -0.033569
122 22.238064 0.000004 -0.000031 -0.043697 -0.412494 0.092642
123 -1.634338 -9.854568 8.052349 0.755484 -0.488000 -0.359177
124 22.205292 0.000004 -0.000023 0.052034 -0.069433 0.033151
125 22.804382 -0.000002 -0.000046 0.025043 0.151522 -0.017570
126 23.051659 0.000005 0.000008 0.038355 0.000372 -0.112099
127 22.939995 0.000005 -0.000031 -0.016960 -0.029072 -0.019474
128 22.472073 0.000007 -0.000008 -0.041927 -0.202901 0.067652
129 -1.616150 -5.333254 10.147442 0.368025 -0.584167 -0.183506
130 23.451302 0.000001 -0.000015 0.029790 -0.082376 0.018656
131 23.608017 -0.000005 -0.000023 0.014141 0.141984 -0.004848
132 23.536224 -0.000004 -0.000031 0.032934 -0.008414 -0.075200
133 23.233978 0.000001 0.000000 0.001154 -0.053562 -0.026326
134 22.703688 0.000008 -0.000031 -0.003517 -0.537650 0.026026
135 -1.614517 -0.000000 10.883354 -0.010340 -0.612863 0.011212
136 23.962135 0.000001 -0.000023 -0.004324 -0.087816 0.009649
137 23.938957 -0.000003 0.000008 -0.003691 0.136302 0.010402
138 23.736015 -0.000004 -0.000023 0.024314 -0.022642 -0.039475
139 23.354980 0.000005 -0.000038 0.024361 -0.071514 -0.045802
140 22.798939 -0.000007 -0.000023 0.052554 -0.560820 -0.056945
141 -1.616135 5.333251 10.147427 -0.387357 -0.580907 0.204987
142 23.451309 -0.000009 -0.000008 -0.039340 -0.086175 0.000149
143 23.608017 -0.000006 -0.000046 -0.021754 0.137283 0.025119
144 23.536251 -0.000002 -0.000008 0.011724 -0.038254 -0.005391
145 23.233992 -0.000020 -0.000023 0.044768 -0.079897 -0.068970
146 22.703684 0.000011 0.000000 0.118305 -0.815714 -0.167903
147 -1.634338 9.854566 8.052349 -0.772852 -0.481932 0.378080
148 22.205269 -0.000002 0.000000 -0.062321 -0.077126 -0.016121
149 22.804451 0.000004 -0.000076 -0.033753 0.142406 0.035865
150 23.051643 -0.000005 -0.000008 -0.004169 -0.057228 0.019807
151 22.939987 -0.000009 -0.000015 0.051809 -0.081050 -0.086810
152 22.472076 -0.000002 -0.000038 0.126834 -0.521173 -0.208794
153 -1.699203 12.875608 4.918526 -1.172645 -0.307328 0.500164
154 20.938599 0.000019 0.000000 -0.059829 -0.057993 -0.043562
155 21.993591 -0.000008 -0.000061 -0.034674 0.145805 0.037130
156 22.563801 0.000000 0.000000 -0.023270 -0.084499 0.034689
157 22.643364 0.000003 -0.000038 0.038530 -0.080799 -0.092789
158 22.238033 -0.000015 -0.000015 0.080747 -0.189430 -0.182679
159 -1.833771 13.936458 1.224504 -1.587348 -0.073698 0.539942
160 20.406967 0.000010 -0.000053 -0.029004 -0.023691 -0.075448
161 21.655510 0.000010 -0.000015 -0.024844 0.144215 0.024594
162 22.360664 0.000007 -0.000023 -0.024834 -0.203633 0.015802
163 22.519659 0.000005 -0.000031 0.045176 -0.153890 -0.119897
164 22.140377 0.000002 -0.000015 0.060897 -0.459526 -0.210888
165 -1.972580 12.875610 -3.614557 -1.847118 0.067303 0.489117
166 20.655167 0.000008 -0.000015 -0.014015 0.001511 -0.083587
167 21.762253 0.000004 -0.000031 -0.025191 0.131054 0.018566
168 22.392166 0.000013 -0.000031 -0.059831 -0.157330 0.026111
169 22.541336 0.000013 -0.000031 -0.034788 -0.088594 -0.088356
170 22.217499 0.000008 -0.000023 -0.093288 -0.376262 -0.106210
171 -1.967300 9.854567 -7.722433 -2.172263 0.180031 0.362718
172 21.272705 0.000002 -0.000008 0.000813 0.030732 -0.080607
173 22.032501 0.000027 -0.000046 -0.022682 0.105966 0.010330
174 22.475677 0.000006 -0.000015 -0.068229 -0.208461 0.005511
175 22.598717 0.000008 -0.000015 -0.059283 -0.091870 -0.084606
176 22.407978 0.000013 -0.000031 -0.059110 0.383858 -0.113514
177 -1.900848 5.333253 -10.470081 -2.609027 0.248544 0.191485
178 21.914337 0.000007 -0.000015 0.005564 0.063979 -0.055334
179 22.319832 -0.000006 0.000000 -0.016979 0.084028 0.001987
180 22.569626 0.000003 -0.000008 -0.052619 -0.251466 -0.041035
181 22.663216 0.000020 -0.000015 -0.056671 -0.090619 -0.095028
182 22.604527 0.000017 -0.000031 -0.053807 0.395975 -0.101310
183 -1.865585 -0.000002 -11.435440 3.133277 0.270070 0.003233
184 22.186684 -0.000004 -0.000008 -0.008563 0.083338 -0.003979
185 22.443718 -0.000002 -0.000011 -0.008373 0.078099 -0.004082
186 22.611542 -0.000004 -0.000008 -0.005247 -0.252199 -0.111064
187 22.692024 0.000008 0.000000 -0.016811 -0.074514 -0.111578
188 22.687647 0.000011 -0.000008 -0.021168 0.412306 -0.090724
189 -1.900848 -5.333256 -10.470070 2.593188 0.245625 -0.184609
190 21.914345 0.000005 -0.000008 -0.022531 0.071012 0.049625
191 22.319824 -0.000025 0.000004 0.000582 0.091905 -0.007156
192 22.569626 0.000004 -0.000027 0.040818 -0.199036 -0.166772
193 22.663239 -0.000012 0.000004 0.019812 -0.042873 -0.127462
194 22.604527 0.000014 -0.000015 0.023032 0.429193 -0.050600
195 -1.967285 -9.854567 -7.722443 2.157472 0.174509 -0.354561
196 21.272705 -0.000015 0.000000 -0.016444 0.042019 0.079897
197 22.032463 0.000002 -0.000023 0.007235 0.118348 -0.009769
198 22.475693 -0.000010 -0.000031 0.055101 -0.127072 -0.185884
199 22.598724 0.000004 -0.000023 0.026640 -0.014555 -0.120592
200 22.407997 0.000000 -0.000015 0.043423 0.441503 -0.020325
201 -1.972580 -12.875610 -3.614561 1.833163 0.059886 -0.479207
202 20.655159 0.000006 -0.000031 -0.000207 0.014543 0.087797
203 21.762276 -0.000008 -0.000015 0.011109 0.145209 -0.012661
204 22.392174 -0.000008 -0.000038 0.051163 -0.065957 -0.181773
205 22.541348 -0.000006 -0.000031 0.012651 0.000292 -0.097618
206 22.217503 0.000004 -0.000008 0.024520 0.437543 0.005782
207 0.059621 0.456168 0.250107 0.000000 -0.000000 0.000000
208 0.059621 0.456168 0.250107 0.000000 -0.000000 0.000000
time 13
  0 0.059621 0.456168 0.250107 0.000000 -0.000000 0.000000
  1 0.059621 0.456168 0.250107 0.000000 -0.000000 0.000000
  2 0.059621 0.456168 0.250107 0.000000 -0.000000 0.000000
  3 0.059621 0.456168 0.250107 0.000000 -0.000000 0.000000
  4 0.059621 0.456168 0.250107 0.000000 -0.000000 0.000000
  5 0.059621 0.456168 0.250107 0.000000 -0.000000 0.000000
  6 0.059621 0.456168 0.250107 0.000000 -0.000000 0.000000
  7 0.059621 0.456168 0.250107 0.000000 -0.000000 0.000000
  8 0.059621 0.456168 0.250107 0.000000 -0.000000 0.000000
  9 0.059621 0.456168 0.250107 0.000000 -0.000000 0.000000
 10 95.624557 -20.457315 154.010239 -1.223669 -0.320523 1.461716
 11 24.668251 0.000015 -0.000050 0.983694 0.160813 0.002014
 12 30.380142 -0.000008 0.000000 1.623264 0.344535 0.200231
 13 19.902084 -0.000015 0.000000 -0.240863 0.081795 -0.278344
 14 -88.350739 -21.637981 91.428101 2.032323 -0.501628 1.546135
 15 35.349510 0.000004 0.000015 -1.429236 -0.017878 0.334329
 16 37.124321 -0.000008 -0.000015 -2.034576 0.113609 -0.103236
 17 0.059621 0.456168 0.250107 0.064768 -0.005215 -0.156772
 18 0.059621 -22.661495 84.505486 3.141593 1.420663 1.570796
 19 -65.799538 -0.000020 1.142859 -0.000000 0.000514 3.141077
 20 11.181580 0.005760 -0.002409 -0.000000 0.254797 0.000515
 21 27.835175 -0.000000 0.000015 -3.141592 -0.129896 -0.000000
 22 5.330399 -0.000001 -0.000002 -3.070919 -0.014572 0.003512
 23 10.134888 -4.133393 3.834202 -0.681865 -1.173930 -2.497280
 24 10.134903 4.133399 3.834202 0.681898 -1.173919 2.497250
 25 22.592346 0.000010 17.467117 -0.000010 2.956431 0.000000
 26 21.199997 -7.744008 14.169521 -0.644457 -0.154503 -3.025319
 27 18.142014 -13.440228 7.965778 1.228366 -0.180197 3.082644
 28 21.199951 7.744024 14.169502 0.644460 -0.154503 3.025318
 29 18.141998 13.440241 7.965775 -0.316157 -0.180196 -3.082644
 30 11.858871 -13.360001 3.526516 1.542249 3.132957 0.174415
 31 9.463272 -16.404867 -2.906044 1.542282 3.132901 0.176490
 32 9.125244 -10.885475 -11.371326 0.000496 2.962373 0.000256
 33 11.858841 13.360006 3.526474 -1.542248 3.132957 -0.174414
 34 9.463242 16.404867 -2.906023 -1.542281 3.132900 -0.176490
 35 9.125275 10.885475 -11.371304 -0.000492 2.962373 0.000256
 36 9.023224 -0.000003 -17.296177 0.000180 -0.167048 -3.141356
 37 12.691391 -0.000002 -19.438765 -0.015035 1.659398 -0.015201
 38 10.989408 0.000002 -0.000015 0.118686 0.876032 -0.040538
 39 12.871460 -10.586842 -15.652472 1.420736 2.344659 1.351294
 40 10.727003 0.000007 -0.000015 0.060075 0.910496 0.230867
 41 12.871460 10.586843 -15.652472 -1.401693 2.283775 -1.337378
 42 10.726976 -0.000025 0.000015 0.326055 0.940421 -0.239196
 43 12.847229 -17.570086 -4.701336 1.513046 2.607005 1.445259
 44 11.496494 0.000006 -0.000015 0.122557 0.996404 0.334769
 45 12.847183 17.570087 -4.701361 -1.505176 2.544451 -1.440521
 46 11.496462 -0.000002 0.000000 0.233920 1.037641 -0.365737
 47 28.485962 0.000011 16.460361 -0.010063 0.426839 -0.035665
 48 23.052750 -6.207911 -0.077293 -1.470206 0.035100 -1.833545
 49 9.436909 -0.000011 -0.000031 -0.105832 0.322791 0.193430
 50 31.269329 0.000008 -0.000015 0.097883 -0.144153 -0.539279
 51 28.756504 0.000004 0.000000 0.041016 -0.333101 -0.044347
 52 2.251976 -2.464409 -1.141632 0.481305 0.508197 -0.319329
 53 3.674042 -0.000023 0.000015 -0.277611 0.179024 0.194713
 54 3.614693 0.000015 0.000000 0.013156 0.193871 -0.001558
 55 9.035492 -2.494949 0.484573 -0.001362 0.302449 0.001673
 56 2.943573 0.000004 -0.000015 0.010585 0.293657 -0.007800
 57 2.649429 0.000004 0.000000 -0.006498 0.303243 0.008512
 58 9.093620 -0.386673 0.647705 0.020190 0.475380 -0.012607
 59 3.451881 -0.000004 0.000000 -0.014209 0.528778 0.009212
 60 2.898178 0.000008 0.000031 -0.000683 0.490858 0.000916
 61 8.894577 1.605850 0.371918 -0.000566 0.547851 0.000704
 62 3.130402 0.000000 0.000031 0.003896 0.567158 -0.005064
 63 2.629532 0.000000 -0.000046 0.004892 0.544388 -0.006589
 64 8.470619 3.459530 0.131485 -0.021715 0.541478 0.011456
 65 2.410271 0.000004 -0.000046 0.022815 0.529939 -0.013321
 66 2.000801 0.000000 0.000015 -0.005415 0.533618 0.007402
 67 23.052750 6.207910 -0.077309 1.481823 0.058643 2.080206
 68 9.436897 0.000023 -0.000015 0.422489 0.028027 -0.062288
 69 31.269341 -0.000015 -0.000031 -0.706488 0.083339 0.397762
 70 28.756500 -0.000011 -0.000015 0.205804 -0.138519 -0.063772
 71 2.251888 2.464407 -1.141571 -0.513217 0.249535 0.112914
 72 3.674088 0.000000 -0.000031 0.331388 -0.059506 -0.325011
 73 3.614689 0.000006 0.000015 0.067360 -0.216133 -0.086857
 74 9.035412 2.494947 0.484436 0.001362 -0.011534 -0.001673
 75 2.943577 -0.000004 -0.000015 -0.011497 -0.020268 0.014556
 76 2.649429 0.000006 0.000031 0.006498 -0.010740 -0.008512
 77 9.093689 0.386671 0.647766 -0.018031 0.093461 0.020165
 78 3.451870 0.000004 0.000000 0.014953 0.008589 -0.019838
 79 2.898205 0.000000 0.000000 0.000684 -0.029445 -0.000917
 80 8.894409 -1.605850 0.371902 0.000566 0.090541 -0.000704
 81 3.130432 -0.000002 -0.000031 -0.003896 -0.009289 0.005063
 82 2.629520 -0.000002 0.000015 -0.004892 -0.032059 0.006589
 83 8.470612 -3.459522 0.131378 0.018786 0.137518 -0.020073
 84 2.410278 -0.000006 -0.000015 -0.024238 -0.029075 0.031299
 85 2.000759 0.000000 0.000031 0.005415 -0.025697 -0.007402
 86 9.832344 1.463058 -1.299438 0.016523 -0.031798 -0.020624
 87 25.040604 -5.670406 5.432793 -1.312159 -0.224887 -2.136065
 88 28.779694 -6.856311 -0.811424 -1.466235 0.019064 -1.725377
 89 29.182297 -3.955566 -4.961964 0.881869 2.552753 0.503940
 90 25.040573 5.670407 5.432755 1.296833 -0.398765 2.185823
 91 28.779739 6.856311 -0.811409 1.466235 0.019065 1.725381
 92 29.182281 3.955564 -4.961941 -0.881870 2.552752 -0.503941
 93 -65.335640 -0.000020 1.140919 -3.141591 0.019136 0.000000
 94 26.290916 -12.205289 1.157885 -2.070045 0.002501 0.061679
 95 49.071037 -0.000002 0.000004 2.106987 0.287703 -0.449160
 96 61.871307 -0.000021 -0.000031 3.056033 0.302693 0.070001
 97 26.290916 12.205297 1.157845 2.041523 0.147610 -0.156144
 98 49.071068 0.000010 -0.000038 -1.724504 0.461734 1.229458
 99 61.871277 0.000019 -0.000053 -2.943815 0.660187 0.105657
100 -0.698074 -11.192116 -8.252762 1.312465 -0.537114 -0.899446
101 20.568230 -0.000004 0.000000 -0.056281 -0.305374 0.206493
102 0.223785 -5.734810 -12.929605 2.868200 0.574138 -0.530202
103 20.803566 -0.000015 -0.000023 -0.033299 -0.066550 0.602069
104 -1.040009 -3.033968 12.140511 1.533813 0.110812 -1.287133
105 -1.039993 3.034004 12.140503 -1.533814 0.110815 1.287133
106 4.165436 -5.407045 12.088392 1.569133 -1.192857 -1.291926
107 16.599442 0.000000 -0.000015 0.088956 -0.567325 0.252055
108 4.165466 5.407080 12.088383 -0.921475 -0.971769 0.567101
109 16.599380 0.000011 -0.000031 -0.074732 0.283334 -0.303133
110 6.428391 0.000001 -0.288942 -0.000001 0.025776 -0.000000
111 -1.833786 -13.936463 1.224506 1.574104 -0.084585 -0.534470
112 20.406944 -0.000004 -0.000015 0.015507 -0.028374 0.096156
113 21.655495 -0.000006 -0.000008 0.013424 0.151130 -0.002141
114 22.360672 -0.000006 -0.000015 0.041544 -0.004500 -0.174881
115 22.519676 -0.000006 -0.000008 -0.011508 0.047053 -0.104929
116 22.140390 -0.000002 -0.000015 0.004996 -0.590870 0.066404
117 -1.699219 -12.875612 4.918510 1.159470 -0.320169 -0.490852
118 20.938614 0.000011 -0.000008 0.047536 -0.069967 0.067738
119 21.993614 -0.000010 -0.000053 0.025265 0.145127 -0.011082
120 22.563793 -0.000017 0.000000 0.040554 0.021889 -0.153683
121 22.643356 0.000004 -0.000031 -0.023118 0.050106 -0.068746
122 22.238064 0.000001 -0.000031 -0.043582 -0.669270 0.110457
123 -1.634338 -9.854568 8.052347 0.757654 -0.494523 -0.363897
124 22.205292 0.000004 -0.000023 0.051369 -0.095593 0.040351
125 22.804382 -0.000004 -0.000038 0.025915 0.133433 -0.009302
126 23.051666 0.000000 0.000000 0.037673 0.027042 -0.118549
127 22.939991 0.000005 -0.000031 -0.018032 0.036748 -0.047123
128 22.472069 0.000004 -0.000015 -0.043903 -0.485775 0.085795
129 -1.616135 -5.333254 10.147440 0.369190 -0.591432 -0.185968
130 23.451317 0.000000 -0.000023 0.029387 -0.109568 0.022228
131 23.608017 -0.000005 -0.000023 0.014481 0.121060 -0.000439
132 23.536232 -0.000002 -0.000031 0.032580 0.017713 -0.078410
133 23.233971 0.000001 0.000000 0.000753 0.017619 -0.042144
134 22.703676 0.000007 -0.000031 -0.001906 -0.798999 0.029216
135 -1.614532 -0.000000 10.883354 -0.010470 -0.620313 0.011363
136 23.962135 0.000001 -0.000038 -0.004344 -0.115230 0.009819
137 23.938950 -0.000003 0.000000 -0.003762 0.114432 0.010615
138 23.736019 -0.000003 -0.000023 0.024159 0.003191 -0.039178
139 23.354982 0.000005 -0.000023 0.023931 0.001387 -0.048025
140 22.798944 -0.000008 -0.000023 0.061174 -0.822494 -0.070565
141 -1.616135 5.333251 10.147423 -0.388914 -0.588112 0.207725
142 23.451309 -0.000009 -0.000008 -0.039040 -0.113430 -0.003088
143 23.608017 -0.000003 -0.000053 -0.022237 0.116251 0.021144
144 23.536243 0.000000 -0.000015 0.011713 -0.012217 -0.001544
145 23.233986 -0.000016 -0.000023 0.043959 -0.008820 -0.057122
146 22.703686 0.000014 -0.000008 0.128864 -1.006377 -0.189400
147 -1.634354 9.854566 8.052347 -0.775041 -0.488349 0.383014
148 22.205254 0.000002 0.000000 -0.061601 -0.103420 -0.023013
149 22.804451 0.000006 -0.000076 -0.034615 0.124092 0.027997
150 23.051636 -0.000004 -0.000008 -0.004103 -0.030775 0.026885
151 22.939987 -0.000009 -0.000015 0.050681 -0.015784 -0.062394
152 22.472080 0.000002 -0.000031 0.141651 -0.780085 -0.247157
153 -1.699219 12.875608 4.918524 -1.174509 -0.312191 0.506453
154 20.938583 0.000019 0.000000 -0.058873 -0.081455 -0.054029
155 21.993584 0.000000 -0.000061 -0.035706 0.132104 0.026239
156 22.563797 0.000006 -0.000008 -0.023131 -0.058376 0.043721
157 22.643356 0.000007 -0.000031 0.037555 -0.026122 -0.060092
158 22.238033 -0.000013 -0.000015 0.087291 -0.469638 -0.216731
159 -1.833786 13.936458 1.224506 -1.587773 -0.076233 0.546471
160 20.406960 0.000010 -0.000046 -0.028318 -0.041929 -0.087887
161 21.655502 0.000013 -0.000008 -0.025910 0.136318 0.012297
162 22.360653 0.000005 -0.000023 -0.025465 -0.179987 0.024373
163 22.519661 0.000005 -0.000031 0.042285 -0.116538 -0.087386
164 22.140377 0.000003 -0.000015 0.061128 -0.713509 -0.236015
165 -1.972580 12.875610 -3.614552 -1.846650 0.066243 0.494881
166 20.655174 0.000011 -0.000015 -0.013746 -0.011931 -0.095768
167 21.762238 0.000008 -0.000023 -0.026127 0.127213 0.006559
168 22.392151 0.000014 -0.000023 -0.059994 -0.136694 0.033751
169 22.541340 0.000014 -0.000038 -0.035761 -0.061217 -0.056842
170 22.217487 0.000010 -0.000023 -0.106513 -0.627247 -0.095903
171 -1.967316 9.854567 -7.722431 -2.171425 0.180169 0.366921
172 21.272728 0.000006 -0.000008 0.000721 0.023623 -0.091176
173 22.032509 0.000029 -0.000046 -0.023334 0.106894 -0.000216
174 22.475662 0.000004 -0.000008 -0.068960 -0.193806 0.011479
175 22.598709 0.000004 0.000000 -0.060563 -0.081045 -0.059865
176 22.407976 0.000017 -0.000031 -0.057984 0.365131 -0.112005
177 -1.900864 5.333253 -10.470081 -2.608413 0.249420 0.193675
178 21.914322 0.000009 -0.000023 0.005262 0.063019 -0.061981
179 22.319839 -0.000003 0.000004 -0.017318 0.089796 -0.004816
180 22.569626 0.000006 -0.000008 -0.052996 -0.242536 -0.037977
181 22.663223 0.000023 -0.000015 -0.057341 -0.094467 -0.082614
182 22.604523 0.000017 -0.000031 -0.052934 0.376609 -0.100339
183 -1.865601 -0.000002 -11.435444 3.133638 0.271173 0.003268
184 22.186691 -0.000004 -0.000015 -0.008970 0.085167 -0.004167
185 22.443718 -0.000002 -0.000008 -0.008420 0.086415 -0.004156
186 22.611534 -0.000004 -0.000008 -0.005194 -0.245228 -0.111986
187 22.692009 0.000007 0.000004 -0.016591 -0.083448 -0.116551
188 22.687653 0.000011 -0.000004 -0.020660 0.392607 -0.091125
189 -1.900864 -5.333257 -10.470070 2.592649 0.246470 -0.186717
190 21.914345 0.000007 0.000000 -0.022219 0.070227 0.056056
191 22.319824 -0.000026 0.000004 0.000951 0.097915 -0.000525
192 22.569626 0.000003 -0.000023 0.041186 -0.189238 -0.171261
193 22.663239 -0.000012 0.000011 0.020047 -0.043755 -0.147953
194 22.604519 0.000015 -0.000008 0.023033 0.409650 -0.052399
195 -1.967300 -9.854567 -7.722441 2.156682 0.174587 -0.358676
196 21.272697 -0.000021 0.000000 -0.016230 0.035177 0.090371
197 22.032471 -0.000004 -0.000023 0.007970 0.119629 0.000778
198 22.475685 -0.000013 -0.000038 0.054673 -0.111247 -0.192404
199 22.598709 0.000003 -0.000015 0.025523 0.000755 -0.150912
200 22.407990 -0.000008 -0.000015 0.042933 0.422479 -0.022869
201 -1.972580 -12.875610 -3.614563 1.832768 0.058739 -0.484873
202 20.655159 0.000006 -0.000031 -0.000337 0.001392 0.099992
203 21.762276 -0.000013 -0.000023 0.012203 0.141763 -0.000516
204 22.392166 -0.000015 -0.000023 0.050449 -0.044331 -0.189330
205 22.541344 -0.000007 -0.000031 0.010266 0.032035 -0.132558
206 22.217508 0.000008 -0.000008 0.023624 0.419158 0.003557
207 0.059621 0.456168 0.250107 0.000000 -0.000000 0.000000
208 0.059621 0.456168 0.250107 0.000000 -0.000000 0.000000
time 14
  0 0.059621 0.456168 0.250107 0.000000 -0.000000 0.000000
  1 0.059621 0.456168 0.250107 0.000000 -0.000000 0.000000
  2 0.059621 0.456168 0.250107 0.000000 -0.000000 0.000000
  3 0.059621 0.456168 0.250107 0.000000 -0.000000 0.000000
  4 0.059621 0.456168 0.250107 0.000000 -0.000000 0.000000
  5 0.059621 0.456168 0.250107 0.000000 -0.000000 0.000000
  6 0.059621 0.456168 0.250107 0.000000 -0.000000 0.000000
  7 0.059621 0.456168 0.250107 0.000000 -0.000000 0.000000
  8 0.059621 0.456168 0.250107 0.000000 -0.000000 0.000000
  9 0.059621 0.456168 0.250107 0.000000 -0.000000 0.000000
 10 95.255707 -21.347679 154.010239 -1.223412 -0.324078 1.460442
 11 24.668247 0.000015 -0.000042 0.979342 0.144363 -0.024557
 12 30.380142 -0.000008 0.000000 1.627530 0.387126 0.221695
 13 19.902090 -0.000031 0.000000 -0.245173 0.088622 -0.280213
 14 -88.350739 -21.637981 91.190971 2.033110 -0.506267 1.543855
 15 35.349518 0.000000 0.000000 -1.429560 -0.024604 0.350058
 16 37.124329 -0.000015 -0.000027 -2.044974 0.158464 -0.007893
 17 0.059621 0.456168 0.250107 0.064768 -0.005215 -0.156772
 18 0.059621 -22.661495 83.215485 3.141593 1.420663 1.570796
 19 -65.799545 -0.000020 1.142857 -0.000000 0.000515 3.141077
 20 11.181595 0.005760 -0.002409 0.000000 0.254797 0.000515
 21 27.835175 0.000000 0.000011 -3.141592 -0.129896 -0.000000
 22 5.330399 -0.000001 -0.000002 -3.070919 -0.014572 0.003512
 23 10.134888 -4.133392 3.834202 -0.681865 -1.173930 -2.497280
 24 10.134903 4.133399 3.834198 0.681898 -1.173919 2.497250
 25 22.592346 0.000010 17.467117 -0.000010 2.956431 0.000000
 26 21.199982 -7.744007 14.169521 -0.644457 -0.154503 -3.025319
 27 18.142014 -13.440227 7.965775 1.228366 -0.180197 3.082644
 28 21.199951 7.744025 14.169502 0.644460 -0.154503 3.025318
 29 18.141998 13.440241 7.965771 -0.316157 -0.180196 -3.082644
 30 11.858856 -13.360000 3.526512 1.542249 3.132957 0.174415
 31 9.463272 -16.404865 -2.906044 1.542282 3.132901 0.176490
 32 9.125244 -10.885476 -11.371326 0.000496 2.962373 0.000256
 33 11.858856 13.360006 3.526474 -1.542248 3.132957 -0.174414
 34 9.463257 16.404867 -2.906023 -1.542281 3.132900 -0.176490
 35 9.125275 10.885473 -11.371307 -0.000492 2.962373 0.000256
 36 9.023224 -0.000003 -17.296177 0.000180 -0.167048 -3.141356
 37 12.691391 -0.000002 -19.438766 -0.016276 1.652160 -0.016813
 38 10.989412 0.000002 -0.000015 0.132261 0.731901 -0.069823
 39 12.871460 -10.586842 -15.652474 1.428899 2.343345 1.362699
 40 10.727003 0.000006 -0.000015 0.085808 0.766083 0.204611
 41 12.871460 10.586843 -15.652472 -1.411202 2.282355 -1.349459
 42 10.726973 -0.000023 0.000031 0.324322 0.801175 -0.282797
 43 12.847214 -17.570086 -4.701340 1.517289 2.606484 1.453586
 44 11.496495 0.000004 -0.000015 0.152145 0.853740 0.309350
 45 12.847183 17.570087 -4.701361 -1.510015 2.543894 -1.449124
 46 11.496466 0.000006 -0.000015 0.222245 0.897167 -0.394718
 47 28.485962 0.000012 16.460358 -0.010063 0.426839 -0.035665
 48 23.052765 -6.207910 -0.077290 -1.470206 0.035100 -1.833545
 49 9.436909 -0.000008 -0.000031 -0.108859 0.319056 0.185062
 50 31.269337 0.000015 0.000000 0.093283 -0.146064 -0.508661
 51 28.756500 0.000004 -0.000031 0.041016 -0.333101 -0.044347
 52 2.251976 -2.464409 -1.141647 0.481305 0.508197 -0.319329
 53 3.674042 -0.000015 0.000031 -0.277611 0.179024 0.194713
 54 3.614700 0.000006 0.000000 0.013156 0.193871 -0.001558
 55 9.035492 -2.494949 0.484558 -0.001362 0.302449 0.001673
 56 2.943577 0.000000 -0.000015 0.010585 0.293657 -0.007800
 57 2.649422 0.000004 0.000015 -0.006498 0.303243 0.008512
 58 9.093620 -0.386677 0.647720 0.020190 0.475380 -0.012607
 59 3.451897 0.000000 0.000015 -0.014209 0.528778 0.009212
 60 2.898178 -0.000004 0.000031 -0.000683 0.490858 0.000916
 61 8.894585 1.605850 0.371887 -0.000566 0.547851 0.000704
 62 3.130402 0.000000 0.000031 0.003896 0.567158 -0.005063
 63 2.629532 0.000000 -0.000031 0.004892 0.544388 -0.006589
 64 8.470612 3.459522 0.131500 -0.021715 0.541478 0.011455
 65 2.410255 -0.000004 -0.000061 0.022815 0.529939 -0.013321
 66 2.000793 0.000004 0.000000 -0.005415 0.533618 0.007402
 67 23.052765 6.207911 -0.077305 1.481823 0.058643 2.080206
 68 9.436897 0.000027 0.000000 0.422525 0.027933 -0.059637
 69 31.269344 -0.000008 -0.000046 -0.706493 0.098353 0.409568
 70 28.756508 -0.000013 -0.000031 0.205804 -0.138519 -0.063772
 71 2.251904 2.464407 -1.141556 -0.513217 0.249535 0.112914
 72 3.674088 0.000011 -0.000031 0.331388 -0.059506 -0.325011
 73 3.614681 0.000008 0.000015 0.067360 -0.216133 -0.086857
 74 9.035419 2.494944 0.484421 0.001362 -0.011534 -0.001673
 75 2.943569 0.000002 -0.000031 -0.011497 -0.020268 0.014556
 76 2.649448 0.000000 0.000015 0.006498 -0.010740 -0.008512
 77 9.093700 0.386667 0.647781 -0.018031 0.093461 0.020165
 78 3.451866 -0.000002 0.000000 0.014953 0.008589 -0.019838
 79 2.898201 0.000002 -0.000031 0.000683 -0.029445 -0.000917
 80 8.894417 -1.605852 0.371902 0.000566 0.090541 -0.000704
 81 3.130428 0.000000 -0.000046 -0.003896 -0.009289 0.005063
 82 2.629520 0.000000 0.000031 -0.004892 -0.032059 0.006589
 83 8.470612 -3.459522 0.131393 0.018786 0.137518 -0.020073
 84 2.410278 0.000004 -0.000015 -0.024238 -0.029075 0.031299
 85 2.000759 0.000004 0.000031 0.005415 -0.025697 -0.007402
 86 9.832355 1.463057 -1.299423 0.016523 -0.031798 -0.020624
 87 25.040604 -5.670404 5.432796 -1.312160 -0.224887 -2.136065
 88 28.779709 -6.856310 -0.811420 -1.466235 0.019064 -1.725377
 89 29.182312 -3.955566 -4.961964 0.881869 2.552753 0.503940
 90 25.040573 5.670409 5.432758 1.296833 -0.398765 2.185823
 91 28.779739 6.856312 -0.811405 1.466235 0.019065 1.725381
 92 29.182297 3.955565 -4.961941 -0.881870 2.552752 -0.503941
 93 -65.335648 -0.000020 1.140917 -3.141591 0.016776 0.000000
 94 26.290909 -12.205290 1.157885 -2.069917 0.004327 0.061365
 95 49.071030 0.000005 0.000006 2.107631 0.286715 -0.446926
 96 61.871307 -0.000021 -0.000019 3.056196 0.304319 0.069838
 97 26.290909 12.205296 1.157845 2.041251 0.149424 -0.155867
 98 49.071060 0.000008 -0.000038 -1.715620 0.462660 1.245485
 99 61.871277 0.000014 -0.000050 -2.943733 0.661817 0.105924
100 -0.698059 -11.192116 -8.252769 1.314812 -0.539135 -0.904195
101 20.568230 0.000008 0.000015 -0.054659 -0.314119 0.206762
102 0.223770 -5.734810 -12.929607 2.866242 0.576309 -0.533782
103 20.803574 -0.000019 -0.000023 -0.033996 -0.074370 0.606430
104 -1.040009 -3.033968 12.140514 1.531918 0.111380 -1.286984
105 -1.039993 3.034004 12.140507 -1.531919 0.111383 1.286983
106 4.165436 -5.407045 12.088396 1.580646 -1.194099 -1.304318
107 16.599443 0.000000 -0.000015 0.088965 -0.569429 0.251259
108 4.165482 5.407081 12.088385 -0.919506 -0.970819 0.564899
109 16.599373 0.000008 -0.000015 -0.074495 0.292404 -0.302883
110 6.428391 0.000001 -0.288942 -0.000001 0.028135 0.000000
111 -1.833771 -13.936463 1.224504 1.574330 -0.085462 -0.537954
112 20.406952 -0.000002 -0.000031 0.014831 -0.046540 0.107797
113 21.655495 -0.000002 -0.000023 0.014873 0.138421 0.012716
114 22.360680 -0.000002 -0.000015 0.039994 0.015957 -0.178072
115 22.519661 -0.000003 -0.000015 -0.015969 0.093128 -0.139874
116 22.140406 -0.000005 -0.000023 0.007457 -0.775862 0.072271
117 -1.699219 -12.875613 4.918510 1.160475 -0.322311 -0.494154
118 20.938614 0.000015 -0.000008 0.046529 -0.092862 0.077693
119 21.993607 -0.000006 -0.000053 0.026555 0.125795 0.002296
120 22.563797 -0.000017 -0.000008 0.039393 0.041930 -0.157583
121 22.643360 0.000001 -0.000038 -0.027153 0.107636 -0.102925
122 22.238064 0.000003 -0.000031 -0.043530 -0.857061 0.123384
123 -1.634354 -9.854568 8.052349 0.758851 -0.497502 -0.366408
124 22.205284 0.000006 -0.000031 0.050602 -0.120936 0.047035
125 22.804382 0.000000 -0.000038 0.026739 0.109111 0.000477
126 23.051659 0.000002 0.000000 0.036931 0.045697 -0.121534
127 22.939989 0.000004 -0.000031 -0.020916 0.102706 -0.074070
128 22.472082 0.000006 -0.000008 -0.045914 -0.745398 0.102446
129 -1.616135 -5.333253 10.147442 0.369936 -0.594817 -0.187268
130 23.451302 0.000000 -0.000023 0.029066 -0.135654 0.025546
131 23.608006 -0.000003 -0.000031 0.015008 0.093921 0.004669
132 23.536232 -0.000002 -0.000031 0.032235 0.034951 -0.079766
133 23.233974 0.000002 0.000000 -0.000731 0.088331 -0.057648
134 22.703678 0.000009 -0.000031 -0.000793 -0.990135 0.031487
135 -1.614532 -0.000000 10.883354 -0.010190 -0.623800 0.011443
136 23.962135 0.000001 -0.000031 -0.004398 -0.141445 0.009961
137 23.938965 -0.000003 0.000008 -0.003529 0.086401 0.010822
138 23.736023 -0.000003 -0.000015 0.024095 0.019901 -0.038763
139 23.354973 0.000005 -0.000023 0.023378 0.073897 -0.050029
140 22.798943 -0.000010 -0.000031 0.067478 -1.013867 -0.080526
141 -1.616135 5.333251 10.147427 -0.389481 -0.591462 0.209170
142 23.451309 -0.000009 0.000000 -0.038597 -0.139570 -0.006087
143 23.608013 -0.000003 -0.000046 -0.022495 0.089027 0.016308
144 23.536247 -0.000001 -0.000008 0.011825 0.005061 0.000628
145 23.233986 -0.000021 -0.000031 0.044017 0.062426 -0.045297
146 22.703684 0.000014 -0.000015 0.132958 -1.080306 -0.197736
147 -1.634354 9.854565 8.052347 -0.776298 -0.491267 0.385637
148 22.205261 -0.000001 0.000000 -0.060810 -0.128871 -0.029435
149 22.804443 0.000004 -0.000076 -0.035433 0.099580 0.018491
150 23.051624 -0.000008 0.000000 -0.003832 -0.012138 0.030734
151 22.939980 -0.000008 -0.000008 0.051256 0.050666 -0.038200
152 22.472076 -0.000002 -0.000038 0.152487 -0.969438 -0.275214
153 -1.699219 12.875607 4.918524 -1.175504 -0.314262 0.509832
154 20.938599 0.000013 0.000000 -0.057812 -0.104527 -0.063800
155 21.993584 -0.000006 -0.000061 -0.036872 0.112482 0.013084
156 22.563789 0.000000 0.000000 -0.022651 -0.038469 0.048472
157 22.643366 0.000007 -0.000038 0.038447 0.030980 -0.027622
158 22.238037 -0.000010 -0.000015 0.093298 -0.726815 -0.247985
159 -1.833786 13.936458 1.224504 -1.588019 -0.077049 0.550013
160 20.406960 0.000006 -0.000038 -0.027516 -0.060316 -0.099462
161 21.655502 0.000011 -0.000015 -0.027160 0.123259 -0.002436
162 22.360653 0.000006 -0.000038 -0.025098 -0.160025 0.028410
163 22.519657 0.000005 -0.000031 0.040718 -0.075082 -0.054729
164 22.140381 0.000005 -0.000015 0.061448 -0.899259 -0.254392
165 -1.972580 12.875610 -3.614555 -1.846394 0.066204 0.498019
166 20.655167 0.000011 -0.000023 -0.013278 -0.025807 -0.107070
167 21.762245 0.000006 -0.000015 -0.027245 0.119181 -0.007755
168 22.392147 0.000013 -0.000031 -0.059374 -0.118476 0.037112
169 22.541336 0.000013 -0.000031 -0.035755 -0.030252 -0.025339
170 22.217493 0.000011 -0.000023 -0.115845 -0.810804 -0.088365
171 -1.967316 9.854567 -7.722439 -2.171054 0.180746 0.369216
172 21.272720 0.000006 -0.000008 0.000728 0.015819 -0.100950
173 22.032516 0.000031 -0.000046 -0.024156 0.105030 -0.012702
174 22.475662 0.000008 -0.000015 -0.068290 -0.179416 0.013857
175 22.598717 0.000008 -0.000008 -0.061294 -0.066968 -0.034947
176 22.407978 0.000017 -0.000031 -0.056686 0.343548 -0.110265
177 -1.900848 5.333253 -10.470087 -2.608071 0.250370 0.194872
178 21.914322 0.000010 -0.000023 0.005089 0.061100 -0.068101
179 22.319839 -0.000001 0.000004 -0.017752 0.094211 -0.012784
180 22.569626 0.000003 -0.000004 -0.052984 -0.231960 -0.037018
181 22.663216 0.000020 -0.000015 -0.058008 -0.095468 -0.069854
182 22.604523 0.000017 -0.000031 -0.051928 0.354290 -0.099221
183 -1.865585 -0.000002 -11.435448 3.133630 0.272230 0.003288
184 22.186661 -0.000004 -0.000004 -0.008642 0.085937 -0.004271
185 22.443710 -0.000002 -0.000004 -0.008471 0.093853 -0.004346
186 22.611549 -0.000005 -0.000008 -0.005088 -0.236077 -0.112500
187 22.692017 0.000006 0.000008 -0.016241 -0.090372 -0.120996
188 22.687649 0.000011 -0.000008 -0.020075 0.369904 -0.091587
189 -1.900864 -5.333256 -10.470074 2.592381 0.247403 -0.187870
190 21.914337 0.000007 -0.000008 -0.021904 0.068445 0.061982
191 22.319824 -0.000025 0.000004 0.001483 0.102501 0.007282
192 22.569626 0.000001 -0.000027 0.041091 -0.178080 -0.172777
193 22.663227 -0.000016 0.000011 0.020105 -0.041971 -0.167404
194 22.604519 0.000009 -0.000008 0.023034 0.387127 -0.054473
195 -1.967300 -9.854567 -7.722448 2.156210 0.175132 -0.360923
196 21.272720 -0.000023 0.000000 -0.016098 0.027584 0.100041
197 22.032471 -0.000002 -0.000031 0.008966 0.118074 0.013210
198 22.475685 -0.000011 -0.000031 0.054199 -0.096235 -0.194707
199 22.598717 0.000003 -0.000015 0.023561 0.018646 -0.180041
200 22.407991 -0.000004 -0.000023 0.042368 0.400553 -0.025801
201 -1.972580 -12.875610 -3.614567 1.832570 0.058653 -0.487960
202 20.655167 0.000008 -0.000031 -0.000695 -0.012249 0.111282
203 21.762268 -0.000013 -0.000015 0.013478 0.134069 0.013850
204 22.392166 -0.000006 -0.000038 0.049375 -0.025626 -0.192161
205 22.541351 -0.000003 -0.000023 0.006750 0.066271 -0.166218
206 22.217510 0.000006 -0.000008 0.022591 0.397967 0.000993
207 0.059621 0.456168 0.250107 0.000000 -0.000000 0.000000
208 0.059621 0.456168 0.250107 0.000000 -0.000000 0.000000
time 15
  0 0.059621 0.456168 0.250107 0.000000 -0.000000 0.000000
  1 0.059621 0.456168 0.250107 0.000000 -0.000000 0.000000
  2 0.059621 0.456168 0.250107 0.000000 -0.000000 0.000000
  3 0.059621 0.456168 0.250107 0.000000 -0.000000 0.000000
  4 0.059621 0.456168 0.250107 0.000000 -0.000000 0.000000
  5 0.059621 0.456168 0.250107 0.000000 -0.000000 0.000000
  6 0.059621 0.456168 0.250107 0.000000 -0.000000 0.000000
  7 0.059621 0.456168 0.250107 0.000000 -0.000000 0.000000
  8 0.059621 0.456168 0.250107 0.000000 -0.000000 0.000000
  9 0.059621 0.456168 0.250107 0.000000 -0.000000 0.000000
 10 95.539871 -20.661734 154.010239 -1.223610 -0.321339 1.461060
 11 24.668251 0.000000 -0.000038 0.974419 0.120399 -0.064106
 12 30.380135 -0.000015 0.000008 1.635649 0.439571 0.252891
 13 19.902090 -0.000015 0.000000 -0.239327 0.046274 -0.270757
 14 -88.350739 -21.637981 91.373657 2.032503 -0.502693 1.544463
 15 35.349514 0.000008 0.000008 -1.430414 -0.031481 0.370288
 16 37.124329 0.000000 -0.000008 -2.056605 0.172793 0.073091
 17 0.059621 0.456168 0.250107 0.064768 -0.005215 -0.156772
 18 0.059621 -22.661495 82.043198 3.141593 1.420663 1.570796
 19 -65.799545 -0.000020 1.142859 -0.000000 0.000514 3.141077
 20 11.181580 0.005760 -0.002409 -0.000000 0.254797 0.000515
 21 27.835175 -0.000000 0.000015 -3.141592 -0.129896 -0.000000
 22 5.330383 -0.000001 -0.000004 -3.070919 -0.014572 0.003512
 23 10.134888 -4.133392 3.834202 -0.681865 -1.173930 -2.497280
 24 10.134903 4.133399 3.834202 0.681898 -1.173919 2.497250
 25 22.592361 0.000010 17.467117 -0.000010 2.956431 0.000000
 26 21.199997 -7.744008 14.169521 -0.644457 -0.154503 -3.025319
 27 18.142014 -13.440228 7.965778 1.228366 -0.180197 3.082644
 28 21.199966 7.744024 14.169506 0.644460 -0.154503 3.025318
 29 18.141998 13.440241 7.965775 -0.316157 -0.180196 -3.082644
 30 11.858871 -13.360001 3.526516 1.542249 3.132957 0.174415
 31 9.463287 -16.404867 -2.906044 1.542282 3.132901 0.176490
 32 9.125259 -10.885475 -11.371326 0.000496 2.962373 0.000256
 33 11.858871 13.360006 3.526474 -1.542248 3.132957 -0.174414
 34 9.463257 16.404867 -2.906023 -1.542281 3.132900 -0.176490
 35 9.125275 10.885475 -11.371304 -0.000492 2.962373 0.000256
 36 9.023239 -0.000003 -17.296177 0.000180 -0.167048 -3.141356
 37 12.691406 -0.000002 -19.438765 -0.015981 1.654976 -0.016151
 38 10.989410 0.000002 -0.000015 0.149794 0.371574 -0.131958
 39 12.871460 -10.586842 -15.652472 1.426486 2.343726 1.359329
 40 10.727003 0.000005 -0.000015 0.116895 0.405048 0.163759
 41 12.871460 10.586843 -15.652472 -1.408436 2.282777 -1.345806
 42 10.726976 -0.000023 0.000015 0.319783 0.453061 -0.391801
 43 12.847229 -17.570086 -4.701336 1.515816 2.606661 1.450696
 44 11.496497 0.000002 -0.000015 0.185510 0.497080 0.254582
 45 12.847183 17.570087 -4.701359 -1.508301 2.544087 -1.446077
 46 11.496462 0.000000 0.000000 0.199753 0.545981 -0.467169
 47 28.485962 0.000011 16.460361 -0.010063 0.426839 -0.035665
 48 23.052750 -6.207911 -0.077290 -1.470206 0.035100 -1.833545
 49 9.436909 -0.000008 -0.000031 -0.109925 0.317750 0.182089
 50 31.269337 0.000011 -0.000031 0.088151 -0.148186 -0.474642
 51 28.756496 0.000011 -0.000015 0.041016 -0.333101 -0.044347
 52 2.251984 -2.464409 -1.141632 0.481305 0.508197 -0.319329
 53 3.674034 -0.000015 0.000015 -0.277611 0.179024 0.194713
 54 3.614700 0.000011 0.000000 0.013156 0.193871 -0.001558
 55 9.035507 -2.494946 0.484573 -0.001362 0.302449 0.001672
 56 2.943588 0.000004 0.000000 0.010585 0.293657 -0.007800
 57 2.649429 -0.000004 0.000015 -0.006498 0.303243 0.008512
 58 9.093628 -0.386669 0.647720 0.020190 0.475380 -0.012607
 59 3.451889 0.000000 0.000000 -0.014209 0.528778 0.009212
 60 2.898193 -0.000004 0.000031 -0.000683 0.490858 0.000916
 61 8.894592 1.605854 0.371902 -0.000566 0.547851 0.000704
 62 3.130386 0.000004 0.000046 0.003896 0.567158 -0.005064
 63 2.629532 0.000004 -0.000031 0.004892 0.544388 -0.006589
 64 8.470627 3.459530 0.131485 -0.021715 0.541478 0.011455
 65 2.410263 0.000004 -0.000046 0.022815 0.529939 -0.013321
 66 2.000801 0.000004 0.000015 -0.005415 0.533618 0.007402
 67 23.052750 6.207910 -0.077305 1.481823 0.058643 2.080206
 68 9.436890 0.000027 -0.000015 0.422475 0.028566 -0.061680
 69 31.269341 -0.000015 -0.000031 -0.706495 0.103688 0.413764
 70 28.756504 -0.000011 -0.000031 0.205804 -0.138519 -0.063772
 71 2.251892 2.464403 -1.141556 -0.513217 0.249535 0.112914
 72 3.674088 0.000011 -0.000015 0.331388 -0.059506 -0.325011
 73 3.614681 0.000004 0.000000 0.067360 -0.216133 -0.086857
 74 9.035416 2.494940 0.484406 0.001362 -0.011534 -0.001673
 75 2.943562 0.000002 -0.000031 -0.011497 -0.020268 0.014556
 76 2.649437 -0.000002 0.000015 0.006498 -0.010740 -0.008512
 77 9.093689 0.386665 0.647781 -0.018031 0.093461 0.020165
 78 3.451859 0.000002 -0.000015 0.014953 0.008589 -0.019838
 79 2.898205 -0.000006 -0.000015 0.000683 -0.029445 -0.000917
 80 8.894413 -1.605854 0.371902 0.000566 0.090541 -0.000704
 81 3.130436 0.000000 -0.000046 -0.003896 -0.009289 0.005063
 82 2.629520 0.000004 0.000015 -0.004892 -0.032059 0.006589
 83 8.470604 -3.459526 0.131393 0.018786 0.137518 -0.020073
 84 2.410278 -0.000004 -0.000031 -0.024238 -0.029075 0.031299
 85 2.000755 0.000002 0.000031 0.005415 -0.025697 -0.007402
 86 9.832340 1.463058 -1.299438 0.016523 -0.031798 -0.020624
 87 25.040604 -5.670406 5.432796 -1.312159 -0.224887 -2.136065
 88 28.779694 -6.856311 -0.811424 -1.466235 0.019064 -1.725377
 89 29.182297 -3.955566 -4.961960 0.881869 2.552753 0.503940
 90 25.040573 5.670407 5.432755 1.296833 -0.398765 2.185823
 91 28.779724 6.856311 -0.811405 1.466235 0.019065 1.725381
 92 29.182281 3.955564 -4.961937 -0.881870 2.552752 -0.503941
 93 -65.335648 -0.000020 1.140918 -3.141591 0.014632 0.000000
 94 26.290932 -12.205290 1.157885 -2.069800 0.005987 0.061079
 95 49.071037 0.000001 0.000005 2.108216 0.285817 -0.444896
 96 61.871307 -0.000013 -0.000031 3.056344 0.305797 0.069690
 97 26.290924 12.205296 1.157845 2.041003 0.151073 -0.155616
 98 49.071068 0.000010 -0.000038 -1.707884 0.463416 1.259216
 99 61.871262 0.000018 -0.000046 -2.943658 0.663298 0.106167
100 -0.698059 -11.192116 -8.252768 1.314598 -0.538428 -0.903753
101 20.568230 0.000000 0.000000 -0.054082 -0.317191 0.206832
102 0.223801 -5.734810 -12.929605 2.866056 0.576836 -0.533959
103 20.803574 -0.000015 -0.000023 -0.034235 -0.077149 0.607923
104 -1.039993 -3.033968 12.140512 1.530196 0.111897 -1.286848
105 -1.039993 3.034004 12.140501 -1.530197 0.111900 1.286847
106 4.165451 -5.407045 12.088394 1.575672 -1.193234 -1.299058
107 16.599442 0.000004 -0.000015 0.088959 -0.567360 0.251872
108 4.165482 5.407081 12.088385 -0.921023 -0.971551 0.566595
109 16.599380 0.000015 -0.000038 -0.074677 0.285417 -0.303075
110 6.428391 0.000001 -0.288942 -0.000001 0.030279 0.000000
111 -1.833755 -13.936463 1.224504 1.574295 -0.084559 -0.538281
112 20.406960 -0.000004 -0.000031 0.013962 -0.064269 0.118118
113 21.655502 -0.000004 -0.000023 0.016302 0.120668 0.029391
114 22.360680 -0.000011 -0.000023 0.038798 0.030601 -0.175962
115 22.519676 -0.000007 -0.000015 -0.021888 0.139321 -0.171971
116 22.140404 -0.000001 -0.000015 0.008373 -0.847593 0.074484
117 -1.699188 -12.875612 4.918509 1.160495 -0.321526 -0.494401
118 20.938606 0.000013 -0.000008 0.045450 -0.114619 0.086564
119 21.993614 -0.000008 -0.000053 0.027696 0.100929 0.017375
120 22.563789 -0.000019 0.000000 0.038384 0.054144 -0.156501
121 22.643353 0.000007 -0.000031 -0.033183 0.163531 -0.134662
122 22.238064 0.000004 -0.000023 -0.043517 -0.929878 0.128371
123 -1.634338 -9.854568 8.052347 0.758902 -0.496807 -0.366537
124 22.205299 0.000002 -0.000031 0.049635 -0.144624 0.052969
125 22.804375 0.000000 -0.000046 0.027473 0.079214 0.011462
126 23.051662 0.000000 0.000000 0.036316 0.055108 -0.120686
127 22.939983 0.000004 -0.000031 -0.025320 0.165595 -0.099169
128 22.472076 0.000003 0.000000 -0.047723 -0.935272 0.114624
129 -1.616135 -5.333254 10.147442 0.369923 -0.594165 -0.187313
130 23.451309 0.000001 -0.000023 0.028290 -0.159797 0.028466
131 23.608021 -0.000003 -0.000023 0.015231 0.061368 0.010394
132 23.536224 -0.000003 -0.000038 0.031851 0.042203 -0.078987
133 23.233974 0.000002 -0.000008 -0.003182 0.155303 -0.071965
134 22.703690 0.000008 -0.000031 -0.000378 -1.064249 0.032352
135 -1.614517 -0.000000 10.883350 -0.010227 -0.623160 0.011445
136 23.962135 0.000001 -0.000031 -0.005005 -0.165617 0.010152
137 23.938965 -0.000003 0.000000 -0.003817 0.053030 0.010835
138 23.736023 -0.000004 -0.000015 0.023936 0.026367 -0.038156
139 23.354977 0.000005 -0.000031 0.022679 0.142427 -0.051519
140 22.798941 -0.000008 -0.000031 0.069922 -1.088073 -0.084388
141 -1.616119 5.333251 10.147425 -0.389656 -0.590806 0.209219
142 23.451309 -0.000007 -0.000008 -0.038191 -0.163749 -0.008786
143 23.608013 -0.000003 -0.000038 -0.022856 0.056410 0.010782
144 23.536243 0.000000 -0.000015 0.011949 0.012378 0.000929
145 23.233982 -0.000018 -0.000023 0.044868 0.130251 -0.034353
146 22.703682 0.000015 -0.000008 0.132392 -1.069280 -0.196357
147 -1.634338 9.854566 8.052347 -0.776258 -0.490561 0.385767
148 22.205254 0.000000 0.000000 -0.059938 -0.152634 -0.035186
149 22.804443 0.000004 -0.000084 -0.036057 0.069537 0.007681
150 23.051636 -0.000003 -0.000008 -0.003318 -0.002607 0.031025
151 22.939980 -0.000003 -0.000023 0.053361 0.114902 -0.015417
152 22.472080 -0.000001 -0.000038 0.156689 -1.042861 -0.286094
153 -1.699203 12.875608 4.918526 -1.175539 -0.313464 0.510078
154 20.938591 0.000019 -0.000008 -0.056669 -0.126411 -0.072544
155 21.993584 -0.000002 -0.000069 -0.037889 0.087385 -0.001893
156 22.563797 0.000006 -0.000015 -0.021700 -0.026121 0.048498
157 22.643360 0.000002 -0.000031 0.041212 0.087682 0.003032
158 22.238043 -0.000010 -0.000023 0.097691 -0.914900 -0.270842
159 -1.833771 13.936458 1.224504 -1.587923 -0.076136 0.550338
160 20.406960 0.000006 -0.000046 -0.026561 -0.078215 -0.109758
161 21.655518 0.000011 -0.000008 -0.028419 0.105217 -0.019096
162 22.360657 0.000004 -0.000031 -0.023619 -0.145047 0.027447
163 22.519665 0.000004 -0.000031 0.040627 -0.031302 -0.023690
164 22.140377 0.000006 -0.000023 0.061873 -0.971284 -0.261518
165 -1.972565 12.875610 -3.614557 -1.846361 0.067154 0.498327
166 20.655174 0.000011 -0.000015 -0.012693 -0.039634 -0.117077
167 21.762245 0.000004 -0.000023 -0.028443 0.106959 -0.023905
168 22.392155 0.000016 -0.000023 -0.058117 -0.103766 0.035715
169 22.541351 0.000015 -0.000038 -0.034589 0.003158 0.004572
170 22.217501 0.000011 -0.000023 -0.119379 -0.881979 -0.085443
171 -1.967316 9.854567 -7.722435 -2.171019 0.181694 0.369452
172 21.272720 0.000008 -0.000015 0.000806 0.007565 -0.109550
173 22.032516 0.000032 -0.000053 -0.025121 0.100221 -0.026775
174 22.475670 0.000013 -0.000015 -0.067242 -0.166026 0.012274
175 22.598713 0.000011 -0.000015 -0.061451 -0.049939 -0.011075
176 22.407972 0.000015 -0.000031 -0.055244 0.319584 -0.108334
177 -1.900833 5.333253 -10.470081 -2.608109 0.251300 0.194997
178 21.914330 0.000010 -0.000023 0.004869 0.058226 -0.073471
179 22.319832 -0.000001 0.000000 -0.018386 0.096877 -0.021798
180 22.569626 0.000006 -0.000004 -0.052358 -0.219854 -0.038149
181 22.663223 0.000025 -0.000008 -0.058607 -0.093299 -0.057507
182 22.604530 0.000019 -0.000031 -0.050811 0.329509 -0.097979
183 -1.865570 -0.000002 -11.435442 3.133617 0.273143 0.003285
184 22.186668 -0.000004 -0.000004 -0.008827 0.085505 -0.004426
185 22.443718 -0.000002 -0.000015 -0.008373 0.100152 -0.004398
186 22.611549 -0.000004 -0.000011 -0.005403 -0.224449 -0.112002
187 22.692020 0.000010 0.000000 -0.016108 -0.093430 -0.123644
188 22.687654 0.000017 -0.000011 -0.019425 0.344696 -0.092100
189 -1.900848 -5.333257 -10.470072 2.592298 0.248332 -0.187990
190 21.914330 0.000003 -0.000015 -0.021654 0.065681 0.067172
191 22.319832 -0.000029 0.000000 0.002040 0.105348 0.016036
192 22.569633 0.000000 -0.000023 0.040177 -0.165935 -0.171118
193 22.663231 -0.000013 0.000004 0.019971 -0.037225 -0.185234
194 22.604525 0.000016 -0.000008 0.023036 0.362119 -0.056776
195 -1.967285 -9.854567 -7.722445 2.156100 0.176076 -0.361157
196 21.272720 -0.000019 -0.000008 -0.016137 0.019490 0.108530
197 22.032486 -0.000002 -0.000031 0.010057 0.113525 0.027148
198 22.475693 -0.000010 -0.000034 0.052966 -0.082750 -0.192405
199 22.598717 0.000002 -0.000023 0.021354 0.038741 -0.206647
200 22.407995 -0.000004 -0.000015 0.041742 0.376208 -0.029056
201 -1.972565 -12.875610 -3.614565 1.832506 0.059596 -0.488269
202 20.655167 0.000006 -0.000015 -0.001096 -0.025906 0.121245
203 21.762276 -0.000011 -0.000015 0.014888 0.122135 0.029947
204 22.392166 -0.000008 -0.000031 0.047941 -0.010937 -0.189867
205 22.541344 -0.000006 -0.000023 0.002025 0.101654 -0.196985
206 22.217512 0.000008 -0.000015 0.021444 0.374440 -0.001853
207 0.059621 0.456168 0.250107 0.000000 -0.000000 0.000000
208 0.059621 0.456168 0.250107 0.000000 -0.000000 0.000000
time 16
  0 0.059621 0.456168 0.250107 0.000000 -0.000000 0.000000
  1 0.059621 0.456168 0.250107 0.000000 -0.000000 0.000000
  2 0.059621 0.456168 0.250107 0.000000 -0.000000 0.000000
  3 0.059621 0.456168 0.250107 0.000000 -0.000000 0.000000
  4 0.059621 0.456168 0.250107 0.000000 -0.000000 0.000000
  5 0.059621 0.456168 0.250107 0.000000 -0.000000 0.000000
  6 0.059621 0.456168 0.250107 0.000000 -0.000000 0.000000
  7 0.059621 0.456168 0.250107 0.000000 -0.000000 0.000000
  8 0.059621 0.456168 0.250107 0.000000 -0.000000 0.000000
  9 0.059621 0.456168 0.250107 0.000000 -0.000000 0.000000
 10 96.342949 -18.723194 154.010239 -1.224171 -0.313601 1.462840
 11 24.668247 0.000000 -0.000046 0.969028 0.089617 -0.113621
 12 30.380142 -0.000008 0.000000 1.649166 0.496725 0.294815
 13 19.902092 -0.000015 0.000000 -0.223334 -0.067218 -0.245414
 14 -88.350739 -21.637981 91.889954 2.030790 -0.492591 1.546287
 15 35.349514 0.000000 0.000023 -1.431386 -0.037160 0.392008
 16 37.124321 -0.000015 -0.000019 -2.069918 0.183478 0.155563
 17 0.059621 0.456168 0.250107 0.064768 -0.005215 -0.156772
 18 0.059621 -22.661495 81.018059 3.141593 1.420663 1.570796
 19 -65.799545 -0.000020 1.142858 -0.000000 0.000514 3.141077
 20 11.181595 0.005760 -0.002409 -0.000000 0.254797 0.000515
 21 27.835175 -0.000000 0.000015 -3.141592 -0.129896 -0.000000
 22 5.330399 -0.000001 -0.000004 -3.070919 -0.014572 0.003512
 23 10.134888 -4.133393 3.834202 -0.681865 -1.173930 -2.497280
 24 10.134903 4.133399 3.834202 0.681898 -1.173919 2.497250
 25 22.592361 0.000010 17.467117 -0.000010 2.956431 0.000000
 26 21.199997 -7.744008 14.169521 -0.644457 -0.154503 -3.025319
 27 18.142014 -13.440228 7.965778 1.228366 -0.180197 3.082644
 28 21.199966 7.744024 14.169506 0.644460 -0.154503 3.025318
 29 18.141998 13.440241 7.965775 -0.316157 -0.180196 -3.082644
 30 11.858871 -13.360001 3.526516 1.542249 3.132957 0.174415
 31 9.463272 -16.404867 -2.906044 1.542282 3.132901 0.176490
 32 9.125244 -10.885475 -11.371325 0.000496 2.962373 0.000256
 33 11.858841 13.360006 3.526474 -1.542248 3.132957 -0.174414
 34 9.463242 16.404865 -2.906023 -1.542281 3.132900 -0.176490
 35 9.125275 10.885475 -11.371304 -0.000492 2.962373 0.000256
 36 9.023224 -0.000003 -17.296177 0.000180 -0.167048 -3.141356
 37 12.691391 -0.000002 -19.438763 -0.013086 1.667953 -0.013610
 38 10.989410 0.000002 -0.000015 0.168418 -0.096850 -0.209919
 39 12.871460 -10.586842 -15.652472 1.413392 2.345901 1.341019
 40 10.727003 0.000007 -0.000015 0.148861 -0.064296 0.116949
 41 12.871460 10.586843 -15.652471 -1.393647 2.285151 -1.326252
 42 10.726978 -0.000023 0.000031 0.313428 0.000512 -0.533505
 43 12.847229 -17.570086 -4.701336 1.508564 2.607588 1.436460
 44 11.496497 0.000004 -0.000031 0.218567 0.033422 0.185613
 45 12.847183 17.570086 -4.701359 -1.499963 2.545091 -1.431245
 46 11.496465 -0.000002 0.000015 0.172216 0.089439 -0.561357
 47 28.485962 0.000011 16.460361 -0.010063 0.426839 -0.035665
 48 23.052750 -6.207911 -0.077290 -1.470206 0.035100 -1.833545
 49 9.436909 -0.000008 -0.000031 -0.108658 0.319260 0.185062
 50 31.269329 0.000011 0.000000 0.082580 -0.150477 -0.437887
 51 28.756496 0.000008 -0.000015 0.041016 -0.333101 -0.044347
 52 2.251984 -2.464409 -1.141632 0.481305 0.508197 -0.319329
 53 3.674042 -0.000019 0.000015 -0.277611 0.179024 0.194713
 54 3.614700 0.000013 0.000000 0.013156 0.193871 -0.001558
 55 9.035500 -2.494949 0.484573 -0.001362 0.302449 0.001673
 56 2.943592 0.000000 -0.000015 0.010585 0.293657 -0.007800
 57 2.649429 0.000004 0.000015 -0.006498 0.303243 0.008512
 58 9.093620 -0.386673 0.647705 0.020190 0.475380 -0.012607
 59 3.451881 0.000000 0.000000 -0.014209 0.528778 0.009212
 60 2.898186 0.000000 0.000031 -0.000683 0.490858 0.000916
 61 8.894577 1.605850 0.371902 -0.000566 0.547851 0.000704
 62 3.130409 0.000004 0.000046 0.003896 0.567158 -0.005064
 63 2.629524 0.000004 -0.000031 0.004892 0.544388 -0.006589
 64 8.470619 3.459522 0.131500 -0.021715 0.541478 0.011455
 65 2.410271 0.000000 -0.000046 0.022815 0.529939 -0.013321
 66 2.000809 0.000004 0.000000 -0.005415 0.533618 0.007402
 67 23.052750 6.207910 -0.077305 1.481823 0.058643 2.080206
 68 9.436897 0.000023 -0.000015 0.422325 0.030379 -0.067451
 69 31.269352 -0.000015 -0.000046 -0.706493 0.098353 0.409568
 70 28.756512 -0.000013 -0.000046 0.205804 -0.138519 -0.063772
 71 2.251896 2.464409 -1.141556 -0.513217 0.249535 0.112914
 72 3.674088 0.000004 -0.000031 0.331388 -0.059506 -0.325011
 73 3.614685 0.000004 0.000015 0.067360 -0.216133 -0.086857
 74 9.035404 2.494946 0.484421 0.001362 -0.011534 -0.001673
 75 2.943565 0.000000 -0.000031 -0.011497 -0.020268 0.014556
 76 2.649445 0.000004 0.000015 0.006498 -0.010740 -0.008512
 77 9.093681 0.386671 0.647766 -0.018031 0.093461 0.020165
 78 3.451855 0.000000 0.000000 0.014953 0.008589 -0.019838
 79 2.898201 -0.000004 -0.000015 0.000683 -0.029445 -0.000917
 80 8.894409 -1.605850 0.371902 0.000566 0.090541 -0.000704
 81 3.130432 -0.000002 -0.000046 -0.003896 -0.009289 0.005063
 82 2.629517 0.000002 0.000015 -0.004892 -0.032059 0.006589
 83 8.470604 -3.459524 0.131393 0.018786 0.137518 -0.020073
 84 2.410282 -0.000002 0.000000 -0.024238 -0.029075 0.031299
 85 2.000755 -0.000004 0.000000 0.005415 -0.025697 -0.007402
 86 9.832344 1.463058 -1.299438 0.016523 -0.031798 -0.020624
 87 25.040604 -5.670406 5.432796 -1.312159 -0.224887 -2.136065
 88 28.779694 -6.856311 -0.811420 -1.466235 0.019064 -1.725377
 89 29.182297 -3.955567 -4.961964 0.881869 2.552753 0.503940
 90 25.040573 5.670407 5.432758 1.296833 -0.398765 2.185823
 91 28.779739 6.856311 -0.811405 1.466235 0.019065 1.725381
 92 29.182281 3.955564 -4.961941 -0.881870 2.552752 -0.503941
 93 -65.335648 -0.000020 1.140920 -3.141591 0.012757 0.000000
 94 26.290909 -12.205289 1.157885 -2.069698 0.007439 0.060830
 95 49.071045 0.000002 0.000006 2.108728 0.285031 -0.443121
 96 61.871304 -0.000015 -0.000036 3.056473 0.307089 0.069560
 97 26.290909 12.205297 1.157843 2.040787 0.152515 -0.155396
 98 49.071060 0.000008 -0.000036 -1.701377 0.464012 1.270591
 99 61.871273 0.000021 -0.000050 -2.943593 0.664593 0.106378
100 -0.698074 -11.192116 -8.252769 1.311606 -0.534963 -0.897995
101 20.568237 0.000000 0.000000 -0.054659 -0.313549 0.206268
102 0.223770 -5.734809 -12.929607 2.868076 0.575613 -0.530595
103 20.803574 -0.000019 -0.000023 -0.033866 -0.074370 0.605586
104 -1.040024 -3.033968 12.140511 1.528690 0.112349 -1.286730
105 -1.040009 3.034004 12.140501 -1.528691 0.112352 1.286729
106 4.165436 -5.407045 12.088394 1.554408 -1.190163 -1.276157
107 16.599442 0.000000 -0.000015 0.088941 -0.561454 0.253605
108 4.165466 5.407081 12.088383 -0.925310 -0.973618 0.571389
109 16.599380 0.000011 -0.000015 -0.075192 0.265669 -0.303620
110 6.428375 0.000001 -0.288948 -0.000001 0.032154 0.000000
111 -1.833771 -13.936463 1.224503 1.574000 -0.081908 -0.535309
112 20.406944 -0.000004 -0.000023 0.013081 -0.080878 0.126729
113 21.655487 -0.000002 -0.000023 0.017502 0.098329 0.047262
114 22.360672 -0.000008 -0.000031 0.037626 0.038251 -0.168273
115 22.519669 -0.000007 -0.000015 -0.028547 0.183490 -0.199667
116 22.140394 -0.000005 -0.000023 0.007735 -0.836178 0.073454
117 -1.699203 -12.875612 4.918509 1.159504 -0.317793 -0.491462
118 20.938606 0.000011 -0.000008 0.044326 -0.134436 0.094034
119 21.993607 -0.000008 -0.000061 0.028545 0.071284 0.033602
120 22.563786 -0.000013 -0.000008 0.037668 0.057434 -0.150153
121 22.643353 0.000004 -0.000038 -0.040142 0.215136 -0.162382
122 22.238064 0.000002 -0.000031 -0.043886 -0.917937 0.127079
123 -1.634338 -9.854568 8.052345 0.757683 -0.492379 -0.364189
124 22.205292 0.000004 -0.000023 0.048795 -0.165814 0.057995
125 22.804386 -0.000004 -0.000046 0.027839 0.044722 0.023217
126 23.051662 0.000001 0.000000 0.035902 0.054252 -0.115897
127 22.939995 0.000005 -0.000031 -0.030673 0.222329 -0.121149
128 22.472078 0.000004 -0.000008 -0.049096 -1.008896 0.119347
129 -1.616135 -5.333254 10.147438 0.369225 -0.589402 -0.186057
130 23.451309 0.000001 -0.000023 0.028008 -0.181186 0.030901
131 23.608017 -0.000003 -0.000038 0.015394 0.024499 0.016443
132 23.536228 -0.000004 -0.000031 0.031670 0.038551 -0.076017
133 23.233967 0.000002 0.000000 -0.006155 0.214868 -0.084582
134 22.703682 0.000006 -0.000031 -0.000645 -1.051740 0.032070
135 -1.614532 -0.000000 10.883350 -0.010213 -0.618312 0.011367
136 23.962135 0.000001 -0.000038 -0.004745 -0.186960 0.010168
137 23.938957 -0.000003 0.000008 -0.003722 0.015491 0.010988
138 23.736023 -0.000003 -0.000015 0.023944 0.021794 -0.037296
139 23.354973 0.000005 -0.000038 0.022037 0.203312 -0.053011
140 22.798946 -0.000008 -0.000031 0.069374 -1.075505 -0.083705
141 -1.616135 5.333251 10.147421 -0.388827 -0.586066 0.207821
142 23.451309 -0.000007 0.000000 -0.037741 -0.185161 -0.011069
143 23.608025 -0.000002 -0.000038 -0.023022 0.019496 0.004808
144 23.536247 -0.000001 -0.000008 0.012106 0.008894 -0.000625
145 23.233982 -0.000018 -0.000031 0.046268 0.190989 -0.024386
146 22.703686 0.000015 -0.000008 0.130782 -1.038117 -0.192460
147 -1.634338 9.854566 8.052345 -0.775117 -0.486175 0.383310
148 22.205269 0.000000 -0.000008 -0.059058 -0.173884 -0.040053
149 22.804447 0.000000 -0.000076 -0.036468 0.034940 -0.004041
150 23.051640 -0.000008 -0.000008 -0.002925 -0.003149 0.027577
151 22.939980 -0.000008 -0.000015 0.056567 0.173468 0.004804
152 22.472076 0.000000 -0.000038 0.156184 -1.030510 -0.284042
153 -1.699219 12.875608 4.918524 -1.174510 -0.309778 0.507060
154 20.938599 0.000019 -0.000008 -0.055501 -0.146315 -0.079942
155 21.993584 -0.000008 -0.000069 -0.038576 0.057572 -0.018152
156 22.563805 0.000002 -0.000015 -0.020673 -0.022429 0.043519
157 22.643368 0.000003 -0.000046 0.045326 0.140945 0.030238
158 22.238041 -0.000014 -0.000023 0.099394 -0.987830 -0.279704
159 -1.833771 13.936458 1.224503 -1.587683 -0.073528 0.547306
160 20.406960 0.000008 -0.000046 -0.025547 -0.094922 -0.118396
161 21.655502 0.000010 -0.000015 -0.029443 0.082658 -0.037095
162 22.360649 0.000008 -0.000031 -0.021788 -0.136191 0.021185
163 22.519672 0.000008 -0.000031 0.042079 0.012502 0.004020
164 22.140381 0.000005 -0.000023 0.062789 -0.959644 -0.260197
165 -1.972595 12.875610 -3.614557 -1.846503 0.069030 0.495678
166 20.655182 0.000008 -0.000023 -0.012102 -0.052878 -0.125393
167 21.762253 0.000013 -0.000023 -0.029500 0.090804 -0.041322
168 22.392147 0.000014 -0.000031 -0.056495 -0.093589 0.029295
169 22.541344 0.000021 -0.000038 -0.032356 0.037434 0.031221
170 22.217495 0.000010 -0.000023 -0.117992 -0.870893 -0.085697
171 -1.967316 9.854567 -7.722439 -2.171259 0.182928 0.367536
172 21.272713 0.000011 -0.000015 0.001017 -0.000833 -0.116617
173 22.032509 0.000031 -0.000046 -0.026012 0.092453 -0.041917
174 22.475662 0.000010 -0.000015 -0.065680 -0.154414 0.006479
175 22.598719 0.000011 -0.000015 -0.061057 -0.030545 0.010366
176 22.407980 0.000019 -0.000023 -0.053688 0.293716 -0.106249
177 -1.900864 5.333253 -10.470083 -2.608337 0.252118 0.194003
178 21.914314 0.000007 -0.000023 0.004717 0.054507 -0.077836
179 22.319839 -0.000003 0.000000 -0.019004 0.097611 -0.031413
180 22.569626 0.000005 -0.000004 -0.050858 -0.206983 -0.041795
181 22.663208 0.000023 -0.000008 -0.059015 -0.087668 -0.046082
182 22.604525 0.000017 -0.000023 -0.049606 0.302759 -0.096639
183 -1.865585 -0.000002 -11.435444 3.133602 0.273817 0.003268
184 22.186684 -0.000004 -0.000011 -0.008486 0.083856 -0.004486
185 22.443726 -0.000002 -0.000004 -0.008430 0.104920 -0.004631
186 22.611549 -0.000004 -0.000004 -0.005566 -0.210913 -0.111599
187 22.692024 0.000009 0.000000 -0.016037 -0.092988 -0.127276
188 22.687653 0.000013 -0.000011 -0.018723 0.317486 -0.092654
189 -1.900864 -5.333257 -10.470076 2.592493 0.249164 -0.187031
190 21.914337 0.000008 -0.000008 -0.021503 0.062020 0.071391
191 22.319832 -0.000029 0.000004 0.002794 0.106191 0.025407
192 22.569626 -0.000002 -0.000023 0.038759 -0.153293 -0.166111
193 22.663231 -0.000016 0.000008 0.019765 -0.029583 -0.200224
194 22.604528 0.000016 -0.000011 0.023037 0.335124 -0.059261
195 -1.967285 -9.854567 -7.722448 2.156409 0.177337 -0.359285
196 21.272713 -0.000019 -0.000008 -0.016198 0.011199 0.115485
197 22.032478 -0.000006 -0.000031 0.011137 0.105963 0.042061
198 22.475693 -0.000015 -0.000023 0.051410 -0.071584 -0.185252
199 22.598721 0.000004 -0.000023 0.018810 0.060117 -0.229358
200 22.408001 -0.000000 -0.000008 0.041065 0.349929 -0.032570
201 -1.972580 -12.875610 -3.614565 1.832596 0.061508 -0.485673
202 20.655174 0.000008 -0.000023 -0.001628 -0.039049 0.129486
203 21.762283 -0.000017 -0.000015 0.016135 0.106194 0.047193
204 22.392170 -0.000011 -0.000031 0.046673 -0.001270 -0.182099
205 22.541336 -0.000006 -0.000031 -0.003224 0.136679 -0.223469
206 22.217512 0.000007 -0.000008 0.020206 0.349043 -0.004926
207 0.059621 0.456168 0.250107 0.000000 -0.000000 0.000000
208 0.059621 0.456168 0.250107 0.000000 -0.000000 0.000000
time 17
  0 0.059621 0.456168 0.250107 0.000000 -0.000000 0.000000
  1 0.059621 0.456168 0.250107 0.000000 -0.000000 0.000000
  2 0.059621 0.456168 0.250107 0.000000 -0.000000 0.000000
  3 0.059621 0.456168 0.250107 0.000000 -0.000000 0.000000
  4 0.059621 0.456168 0.250107 0.000000 -0.000000 0.000000
  5 0.059621 0.456168 0.250107 0.000000 -0.000000 0.000000
  6 0.059621 0.456168 0.250107 0.000000 -0.000000 0.000000
  7 0.059621 0.456168 0.250107 0.000000 -0.000000 0.000000
  8 0.059621 0.456168 0.250107 0.000000 -0.000000 0.000000
  9 0.059621 0.456168 0.250107 0.000000 -0.000000 0.000000
 10 97.590797 -15.711000 154.010239 -1.225043 -0.301577 1.465671
 11 24.668243 0.000000 -0.000046 0.964804 0.052185 -0.172369
 12 30.380142 -0.000015 -0.000008 1.670265 0.556713 0.349865
 13 19.902084 0.000000 0.000015 -0.199506 -0.231529 -0.208724
 14 -88.350739 -21.637981 92.692200 2.028127 -0.476894 1.549330
 15 35.349510 0.000000 0.000015 -1.432463 -0.042215 0.414258
 16 37.124336 -0.000015 -0.000019 -2.084516 0.191045 0.234438
 17 0.059621 0.456168 0.250107 0.064768 -0.005215 -0.156772
 18 0.059621 -22.661495 80.169502 3.141593 1.420664 1.570796
 19 -65.799545 -0.000020 1.142859 -0.000000 0.000514 3.141077
 20 11.181580 0.005760 -0.002409 -0.000000 0.254797 0.000515
 21 27.835175 -0.000000 0.000015 -3.141592 -0.129896 -0.000000
 22 5.330399 -0.000001 -0.000004 -3.070919 -0.014572 0.003512
 23 10.134888 -4.133392 3.834200 -0.681865 -1.173930 -2.497280
 24 10.134903 4.133399 3.834200 0.681898 -1.173919 2.497250
 25 22.592361 0.000010 17.467115 -0.000010 2.956431 0.000000
 26 21.199997 -7.744007 14.169519 -0.644457 -0.154503 -3.025319
 27 18.142014 -13.440228 7.965776 1.228366 -0.180197 3.082644
 28 21.199966 7.744024 14.169504 0.644460 -0.154503 3.025318
 29 18.141998 13.440241 7.965773 -0.316157 -0.180196 -3.082644
 30 11.858871 -13.360000 3.526518 1.542249 3.132957 0.174415
 31 9.463287 -16.404867 -2.906046 1.542282 3.132901 0.176490
 32 9.125259 -10.885475 -11.371326 0.000496 2.962373 0.000256
 33 11.858871 13.360006 3.526472 -1.542248 3.132957 -0.174414
 34 9.463257 16.404867 -2.906023 -1.542281 3.132900 -0.176490
 35 9.125275 10.885475 -11.371305 -0.000492 2.962373 0.000256
 36 9.023239 -0.000003 -17.296177 0.000180 -0.167048 -3.141356
 37 12.691406 -0.000002 -19.438765 -0.010433 1.691221 -0.010423
 38 10.989412 0.000002 -0.000015 0.185269 -0.565275 -0.286682
 39 12.871460 -10.586841 -15.652472 1.389718 2.350301 1.307808
 40 10.727003 0.000008 -0.000015 0.177233 -0.533641 0.072818
 41 12.871460 10.586843 -15.652472 -1.366991 2.289963 -1.290897
 42 10.726982 -0.000021 0.000000 0.306248 -0.452036 -0.675210
 43 12.847229 -17.570086 -4.701338 1.495516 2.609485 1.410784
 44 11.496494 0.000000 -0.000031 0.247235 -0.430235 0.117594
 45 12.847198 17.570087 -4.701361 -1.484984 2.547158 -1.404541
 46 11.496465 0.000002 -0.000015 0.145404 -0.367104 -0.655544
 47 28.485977 0.000011 16.460360 -0.010063 0.426839 -0.035665
 48 23.052765 -6.207911 -0.077290 -1.470206 0.035100 -1.833545
 49 9.436909 -0.000008 -0.000031 -0.105084 0.323548 0.193430
 50 31.269333 0.000011 -0.000015 0.076664 -0.152894 -0.399065
 51 28.756504 0.000008 -0.000015 0.041016 -0.333101 -0.044347
 52 2.251999 -2.464409 -1.141647 0.481305 0.508197 -0.319329
 53 3.674042 -0.000015 0.000015 -0.277611 0.179024 0.194713
 54 3.614693 0.000011 -0.000015 0.013156 0.193871 -0.001558
 55 9.035507 -2.494949 0.484573 -0.001362 0.302449 0.001673
 56 2.943581 0.000000 -0.000015 0.010585 0.293657 -0.007800
 57 2.649429 0.000000 0.000031 -0.006498 0.303243 0.008512
 58 9.093628 -0.386673 0.647705 0.020190 0.475380 -0.012607
 59 3.451889 0.000000 0.000015 -0.014209 0.528778 0.009212
 60 2.898178 0.000004 0.000031 -0.000683 0.490858 0.000916
 61 8.894592 1.605850 0.371902 -0.000566 0.547851 0.000704
 62 3.130394 0.000004 0.000031 0.003896 0.567158 -0.005064
 63 2.629532 0.000008 -0.000046 0.004892 0.544388 -0.006589
 64 8.470619 3.459522 0.131500 -0.021715 0.541478 0.011456
 65 2.410271 0.000004 -0.000061 0.022815 0.529939 -0.013321
 66 2.000793 0.000004 0.000000 -0.005415 0.533618 0.007402
 67 23.052765 6.207910 -0.077305 1.481823 0.058643 2.080206
 68 9.436897 0.000027 -0.000015 0.422076 0.033246 -0.076420
 69 31.269352 -0.000008 -0.000031 -0.706489 0.083339 0.397761
 70 28.756504 -0.000014 -0.000031 0.205804 -0.138519 -0.063772
 71 2.251892 2.464403 -1.141571 -0.513217 0.249535 0.112914
 72 3.674080 0.000000 -0.000015 0.331388 -0.059506 -0.325011
 73 3.614677 0.000006 0.000015 0.067360 -0.216133 -0.086857
 74 9.035412 2.494946 0.484406 0.001362 -0.011534 -0.001673
 75 2.943565 0.000000 -0.000031 -0.011497 -0.020268 0.014556
 76 2.649452 0.000000 0.000000 0.006498 -0.010740 -0.008512
 77 9.093685 0.386669 0.647766 -0.018031 0.093461 0.020165
 78 3.451862 0.000000 -0.000015 0.014953 0.008589 -0.019838
 79 2.898209 -0.000004 0.000000 0.000683 -0.029445 -0.000917
 80 8.894421 -1.605854 0.371902 0.000566 0.090541 -0.000704
 81 3.130440 0.000000 -0.000061 -0.003896 -0.009289 0.005063
 82 2.629517 -0.000002 0.000015 -0.004892 -0.032059 0.006589
 83 8.470619 -3.459526 0.131363 0.018786 0.137518 -0.020073
 84 2.410275 0.000000 -0.000015 -0.024238 -0.029075 0.031299
 85 2.000755 0.000000 0.000015 0.005415 -0.025697 -0.007402
 86 9.832355 1.463057 -1.299454 0.016523 -0.031798 -0.020624
 87 25.040604 -5.670406 5.432796 -1.312159 -0.224887 -2.136065
 88 28.779709 -6.856311 -0.811424 -1.466235 0.019064 -1.725377
 89 29.182312 -3.955566 -4.961964 0.881869 2.552753 0.503940
 90 25.040573 5.670407 5.432755 1.296833 -0.398765 2.185823
 91 28.779739 6.856311 -0.811405 1.466235 0.019065 1.725381
 92 29.182297 3.955564 -4.961941 -0.881870 2.552752 -0.503941
 93 -65.335663 -0.000020 1.140917 -3.141591 0.011205 0.000000
 94 26.290909 -12.205290 1.157887 -2.069614 0.008641 0.060623
 95 49.071053 0.000005 0.000005 2.109151 0.284381 -0.441651
 96 61.871307 -0.000018 -0.000019 3.056580 0.308159 0.069453
 97 26.290901 12.205296 1.157846 2.040607 0.153709 -0.155214
 98 49.071060 0.000004 -0.000034 -1.696177 0.464458 1.279546
 99 61.871254 0.000017 -0.000050 -2.943538 0.665666 0.106554
100 -0.698059 -11.192117 -8.252764 1.306058 -0.528705 -0.886920
101 20.568230 -0.000002 0.000008 -0.056281 -0.303260 0.204658
102 0.223770 -5.734809 -12.929600 2.871686 0.572565 -0.523673
103 20.803566 -0.000023 -0.000015 -0.032814 -0.066550 0.598933
104 -1.040024 -3.033968 12.140518 1.527443 0.112723 -1.286631
105 -1.040009 3.034004 12.140505 -1.527444 0.112726 1.286631
106 4.165421 -5.407045 12.088396 1.517344 -1.184456 -1.236172
107 16.599442 0.000000 -0.000015 0.088907 -0.552160 0.256298
108 4.165466 5.407081 12.088387 -0.931970 -0.976830 0.578836
109 16.599377 0.000011 -0.000015 -0.075991 0.234985 -0.304466
110 6.428375 0.000001 -0.288940 -0.000001 0.033706 -0.000000
111 -1.833771 -13.936463 1.224508 1.573459 -0.077577 -0.528996
112 20.406952 -0.000004 -0.000023 0.012128 -0.095683 0.133275
113 21.655487 -0.000004 -0.000008 0.018375 0.072148 0.065658
114 22.360672 -0.000006 -0.000031 0.036784 0.038073 -0.154943
115 22.519672 -0.000007 -0.000015 -0.035199 0.223441 -0.221431
116 22.140404 -0.000002 -0.000015 0.005942 -0.804057 0.070554
117 -1.699203 -12.875612 4.918512 1.157616 -0.311149 -0.485314
118 20.938599 0.000013 0.000000 0.043283 -0.151533 0.099830
119 21.993614 -0.000008 -0.000061 0.028930 0.037918 0.050388
120 22.563789 -0.000015 -0.000008 0.037273 0.051075 -0.138473
121 22.643356 0.000001 -0.000038 -0.047086 0.259842 -0.184632
122 22.238060 -0.000002 -0.000023 -0.044923 -0.884337 0.123440
123 -1.634354 -9.854568 8.052349 0.755321 -0.484233 -0.359362
124 22.205292 0.000004 -0.000023 0.047977 -0.183754 0.061866
125 22.804375 0.000002 -0.000038 0.027846 0.006878 0.035361
126 23.051655 0.000004 0.000000 0.035690 0.042704 -0.107005
127 22.939983 0.000008 -0.000038 -0.036060 0.270021 -0.138824
128 22.472069 0.000004 -0.000015 -0.050198 -0.994813 0.118130
129 -1.616150 -5.333254 10.147444 0.367879 -0.580534 -0.183504
130 23.451309 0.000001 -0.000023 0.027620 -0.199060 0.032808
131 23.608013 -0.000004 -0.000031 0.015167 -0.015340 0.022656
132 23.536221 -0.000003 -0.000031 0.031474 0.023690 -0.070906
133 23.233967 -0.000001 0.000000 -0.009211 0.264123 -0.094600
134 22.703682 0.000007 -0.000031 -0.001399 -1.016543 0.031274
135 -1.614517 -0.000000 10.883354 -0.010149 -0.609261 0.011210
136 23.962135 0.000001 -0.000038 -0.004886 -0.204719 0.010275
137 23.938957 -0.000003 0.000008 -0.004074 -0.024881 0.010877
138 23.736023 -0.000003 -0.000023 0.023886 0.005864 -0.036892
139 23.354975 0.000005 -0.000023 0.021307 0.253221 -0.055377
140 22.798943 -0.000009 -0.000023 0.067832 -1.040139 -0.081782
141 -1.616119 5.333251 10.147427 -0.387382 -0.577252 0.204980
142 23.451309 -0.000008 0.000000 -0.037458 -0.203048 -0.012909
143 23.608025 -0.000004 -0.000038 -0.022879 -0.020369 -0.001409
144 23.536245 -0.000001 -0.000008 0.012336 -0.005738 -0.004046
145 23.233978 -0.000020 -0.000023 0.047869 0.241378 -0.016388
146 22.703686 0.000014 0.000000 0.128262 -0.989695 -0.186405
147 -1.634338 9.854565 8.052347 -0.772796 -0.478124 0.378259
148 22.205261 0.000001 0.000000 -0.058263 -0.191838 -0.043904
149 22.804443 0.000002 -0.000084 -0.036379 -0.002959 -0.016234
150 23.051636 -0.000008 0.000000 -0.002326 -0.014279 0.020395
151 22.939980 -0.000007 -0.000015 0.060144 0.223103 0.021300
152 22.472084 -0.000001 -0.000038 0.154750 -0.995754 -0.278268
153 -1.699219 12.875608 4.918526 -1.172659 -0.303241 0.500752
154 20.938599 0.000017 -0.000008 -0.054454 -0.163445 -0.085748
155 21.993591 -0.000006 -0.000069 -0.038849 0.024106 -0.035077
156 22.563793 0.000004 -0.000008 -0.020018 -0.028142 0.033499
157 22.643360 0.000004 -0.000038 0.050031 0.187682 0.052546
158 22.238045 -0.000011 -0.000023 0.099393 -0.974001 -0.277746
159 -1.833786 13.936458 1.224506 -1.587215 -0.069293 0.540872
160 20.406967 0.000010 -0.000046 -0.024609 -0.109758 -0.125020
161 21.655502 0.000008 -0.000015 -0.030052 0.056347 -0.055720
162 22.360649 0.000006 -0.000031 -0.019000 -0.134342 0.009588
163 22.519657 0.000004 -0.000031 0.044686 0.053722 0.026556
164 22.140377 0.000003 -0.000015 0.064491 -0.926881 -0.256481
165 -1.972595 12.875610 -3.614553 -1.846817 0.071749 0.490032
166 20.655182 0.000010 -0.000023 -0.011433 -0.064985 -0.131658
167 21.762253 0.000006 -0.000023 -0.030296 0.071180 -0.059286
168 22.392151 0.000015 -0.000023 -0.054265 -0.088815 0.017792
169 22.541336 0.000013 -0.000038 -0.029442 0.070727 0.052851
170 22.217499 0.000010 -0.000031 -0.114091 -0.839687 -0.086423
171 -1.967300 9.854568 -7.722435 -2.172070 0.184362 0.363436
172 21.272720 0.000004 -0.000015 0.001229 -0.008994 -0.121832
173 22.032516 0.000031 -0.000053 -0.026854 0.081895 -0.057488
174 22.475670 0.000010 -0.000015 -0.062920 -0.145346 -0.003619
175 22.598715 0.000010 -0.000008 -0.059819 -0.009652 0.027908
176 22.407978 0.000015 -0.000023 -0.052047 0.266420 -0.104049
177 -1.900848 5.333253 -10.470081 -2.608743 0.252735 0.191872
178 21.914322 0.000012 -0.000023 0.004486 0.050061 -0.080996
179 22.319839 -0.000003 0.000000 -0.019709 0.096177 -0.041318
180 22.569626 0.000007 -0.000004 -0.049679 -0.193806 -0.047812
181 22.663216 0.000021 -0.000008 -0.059199 -0.078564 -0.036589
182 22.604521 0.000013 -0.000023 -0.048333 0.274532 -0.095225
183 -1.865585 -0.000002 -11.435444 3.133219 0.274167 0.003232
184 22.186668 -0.000004 -0.000008 -0.008868 0.081034 -0.004570
185 22.443718 -0.000002 -0.000011 -0.008479 0.107807 -0.004620
186 22.611542 -0.000004 -0.000004 -0.006102 -0.195954 -0.109914
187 22.692020 0.000008 0.000008 -0.016012 -0.088315 -0.128094
188 22.687651 0.000015 -0.000008 -0.017983 0.288773 -0.093238
189 -1.900848 -5.333257 -10.470074 2.593124 0.249811 -0.184975
190 21.914330 0.000007 -0.000008 -0.021441 0.057601 0.074435
191 22.319839 -0.000030 0.000000 0.003593 0.104848 0.034980
192 22.569611 -0.000004 -0.000027 0.036976 -0.140804 -0.157725
193 22.663235 -0.000017 0.000011 0.018706 -0.019188 -0.211553
194 22.604519 0.000011 -0.000004 0.023040 0.306638 -0.061884
195 -1.967285 -9.854566 -7.722445 2.157161 0.178828 -0.355276
196 21.272720 -0.000025 0.000000 -0.016337 0.003063 0.120587
197 22.032478 -0.000002 -0.000031 0.012208 0.095539 0.057337
198 22.475693 -0.000011 -0.000031 0.049605 -0.063467 -0.173181
199 22.598717 0.000001 -0.000015 0.015845 0.081977 -0.246866
200 22.407988 -0.000002 -0.000008 0.040351 0.322199 -0.036277
201 -1.972580 -12.875610 -3.614561 1.832888 0.064307 -0.480133
202 20.655174 0.000006 -0.000015 -0.002221 -0.051123 0.135652
203 21.762276 -0.000013 -0.000015 0.017123 0.086728 0.064893
204 22.392162 -0.000011 -0.000038 0.045269 0.002510 -0.168820
205 22.541340 -0.000007 -0.000023 -0.008603 0.169704 -0.244080
206 22.217510 0.000010 -0.000008 0.018899 0.322243 -0.008169
207 0.059621 0.456168 0.250107 0.000000 -0.000000 0.000000
208 0.059621 0.456168 0.250107 0.000000 -0.000000 0.000000
time 18
  0 0.059621 0.456168 0.250107 0.000000 -0.000000 0.000000
  1 0.059621 0.456168 0.250107 0.000000 -0.000000 0.000000
  2 0.059621 0.456168 0.250107 0.000000 -0.000000 0.000000
  3 0.059621 0.456168 0.250107 0.000000 -0.000000 0.000000
  4 0.059621 0.456168 0.250107 0.000000 -0.000000 0.000000
  5 0.059621 0.456168 0.250107 0.000000 -0.000000 0.000000
  6 0.059621 0.456168 0.250107 0.000000 -0.000000 0.000000
  7 0.059621 0.456168 0.250107 0.000000 -0.000000 0.000000
  8 0.059621 0.456168 0.250107 0.000000 -0.000000 0.000000
  9 0.059621 0.456168 0.250107 0.000000 -0.000000 0.000000
 10 99.209305 -11.804095 154.010239 -1.226175 -0.285982 1.469443
 11 24.668251 0.000000 -0.000034 0.962787 0.008550 -0.239245
 12 30.380142 -0.000008 0.000015 1.701224 0.614551 0.420738
 13 19.902092 -0.000031 0.000000 -0.170155 -0.426329 -0.165225
 14 -88.350739 -21.637981 93.732735 2.024673 -0.456535 1.553592
 15 35.349510 0.000000 0.000023 -1.433643 -0.047101 0.436190
 16 37.124329 -0.000023 -0.000015 -2.100005 0.196018 0.304634
 17 0.059621 0.456168 0.250107 0.064768 -0.005215 -0.156772
 18 0.059621 -22.661495 79.526955 3.141593 1.420663 1.570796
 19 -65.799553 -0.000020 1.142859 -0.000000 0.000514 3.141077
 20 11.181580 0.005760 -0.002409 -0.000000 0.254797 0.000515
 21 27.835175 -0.000000 0.000015 -3.141592 -0.129896 -0.000000
 22 5.330383 -0.000001 -0.000004 -3.070919 -0.014572 0.003512
 23 10.134888 -4.133392 3.834204 -0.681865 -1.173930 -2.497280
 24 10.134903 4.133399 3.834200 0.681898 -1.173919 2.497250
 25 22.592346 0.000010 17.467119 -0.000010 2.956431 0.000000
 26 21.199982 -7.744008 14.169519 -0.644457 -0.154503 -3.025319
 27 18.142014 -13.440228 7.965776 1.228366 -0.180197 3.082644
 28 21.199951 7.744024 14.169504 0.644460 -0.154503 3.025318
 29 18.141983 13.440242 7.965776 -0.316157 -0.180196 -3.082644
 30 11.858856 -13.360000 3.526518 1.542249 3.132957 0.174415
 31 9.463272 -16.404867 -2.906044 1.542282 3.132901 0.176490
 32 9.125244 -10.885475 -11.371325 0.000496 2.962373 0.000256
 33 11.858856 13.360007 3.526476 -1.542248 3.132957 -0.174414
 34 9.463257 16.404865 -2.906023 -1.542281 3.132900 -0.176490
 35 9.125275 10.885474 -11.371304 -0.000492 2.962373 0.000256
 36 9.023224 -0.000003 -17.296177 0.000180 -0.167048 -3.141356
 37 12.691391 -0.000002 -19.438763 -0.007027 1.724928 -0.007506
 38 10.989410 0.000002 -0.000015 0.197480 -0.925602 -0.345223
 39 12.871460 -10.586842 -15.652472 1.355841 2.357683 1.260008
 40 10.727001 0.000006 -0.000031 0.197537 -0.894675 0.040005
 41 12.871445 10.586843 -15.652471 -1.328959 2.298060 -1.240171
 42 10.726978 -0.000019 0.000015 0.299232 -0.800151 -0.784213
 43 12.847214 -17.570086 -4.701336 1.476714 2.612751 1.373624
 44 11.496500 0.000004 -0.000031 0.267429 -0.786895 0.065672
 45 12.847183 17.570087 -4.701359 -1.463421 2.550744 -1.365938
 46 11.496469 0.000010 -0.000015 0.125085 -0.718290 -0.727995
 47 28.485962 0.000011 16.460360 -0.010063 0.426839 -0.035665
 48 23.052750 -6.207911 -0.077286 -1.470206 0.035100 -1.833545
 49 9.436909 -0.000008 -0.000031 -0.099548 0.330254 0.206361
 50 31.269329 0.000011 -0.000015 0.070497 -0.155396 -0.358844
 51 28.756496 0.000011 -0.000031 0.041016 -0.333101 -0.044347
 52 2.251995 -2.464409 -1.141647 0.481305 0.508197 -0.319329
 53 3.674049 -0.000019 0.000015 -0.277611 0.179024 0.194713
 54 3.614693 0.000010 0.000000 0.013156 0.193871 -0.001558
 55 9.035503 -2.494949 0.484558 -0.001362 0.302449 0.001673
 56 2.943584 -0.000004 -0.000015 0.010585 0.293657 -0.007800
 57 2.649429 0.000000 0.000015 -0.006498 0.303243 0.008512
 58 9.093624 -0.386673 0.647705 0.020190 0.475380 -0.012607
 59 3.451889 0.000000 0.000000 -0.014209 0.528778 0.009212
 60 2.898186 0.000000 0.000031 -0.000683 0.490858 0.000916
 61 8.894596 1.605846 0.371902 -0.000566 0.547851 0.000704
 62 3.130402 0.000000 0.000046 0.003896 0.567158 -0.005064
 63 2.629532 0.000000 -0.000046 0.004892 0.544389 -0.006589
 64 8.470615 3.459526 0.131485 -0.021715 0.541478 0.011455
 65 2.410271 0.000000 -0.000046 0.022815 0.529939 -0.013321
 66 2.000793 0.000000 0.000000 -0.005415 0.533618 0.007402
 67 23.052750 6.207910 -0.077301 1.481823 0.058643 2.080206
 68 9.436897 0.000023 0.000000 0.421729 0.037038 -0.088052
 69 31.269348 -0.000008 -0.000031 -0.706481 0.060136 0.379515
 70 28.756504 -0.000012 -0.000031 0.205804 -0.138519 -0.063772
 71 2.251888 2.464405 -1.141571 -0.513217 0.249535 0.112914
 72 3.674095 0.000004 -0.000031 0.331388 -0.059506 -0.325011
 73 3.614681 0.000002 0.000015 0.067360 -0.216133 -0.086857
 74 9.035419 2.494946 0.484421 0.001362 -0.011534 -0.001673
 75 2.943565 -0.000004 -0.000031 -0.011498 -0.020268 0.014556
 76 2.649445 0.000000 0.000031 0.006498 -0.010740 -0.008512
 77 9.093681 0.386669 0.647781 -0.018031 0.093461 0.020165
 78 3.451862 -0.000004 0.000000 0.014953 0.008589 -0.019838
 79 2.898205 0.000002 0.000000 0.000683 -0.029445 -0.000917
 80 8.894413 -1.605854 0.371918 0.000566 0.090541 -0.000704
 81 3.130428 0.000002 -0.000046 -0.003896 -0.009289 0.005063
 82 2.629520 0.000004 0.000000 -0.004892 -0.032059 0.006589
 83 8.470608 -3.459524 0.131409 0.018786 0.137518 -0.020073
 84 2.410275 0.000002 -0.000015 -0.024238 -0.029075 0.031299
 85 2.000763 0.000002 0.000015 0.005415 -0.025697 -0.007402
 86 9.832355 1.463055 -1.299423 0.016523 -0.031798 -0.020624
 87 25.040604 -5.670406 5.432796 -1.312159 -0.224887 -2.136065
 88 28.779709 -6.856311 -0.811420 -1.466235 0.019064 -1.725377
 89 29.182297 -3.955566 -4.961960 0.881869 2.552753 0.503940
 90 25.040573 5.670407 5.432755 1.296833 -0.398765 2.185823
 91 28.779739 6.856311 -0.811405 1.466235 0.019065 1.725381
 92 29.182281 3.955564 -4.961937 -0.881870 2.552752 -0.503941
 93 -65.335655 -0.000020 1.140917 -3.141591 0.010029 0.000000
 94 26.290916 -12.205290 1.157888 -2.069550 0.009550 0.060466
 95 49.071030 0.000000 0.000004 2.109472 0.283889 -0.440538
 96 61.871304 -0.000017 -0.000023 3.056661 0.308969 0.069372
 97 26.290909 12.205296 1.157848 2.040471 0.154613 -0.155076
 98 49.071068 0.000011 -0.000036 -1.692364 0.464765 1.286020
 99 61.871254 0.000014 -0.000057 -2.943498 0.666478 0.106687
100 -0.698059 -11.192117 -8.252766 1.297836 -0.519621 -0.870668
101 20.568230 0.000000 -0.000008 -0.058787 -0.287275 0.202122
102 0.223785 -5.734809 -12.929604 2.877724 0.567659 -0.513300
103 20.803574 -0.000019 -0.000031 -0.031165 -0.054464 0.588503
104 -1.040009 -3.033968 12.140516 1.526499 0.113006 -1.286557
105 -1.039993 3.034004 12.140505 -1.526500 0.113009 1.286556
106 4.165451 -5.407045 12.088396 1.465757 -1.175376 -1.180335
107 16.599442 0.000000 0.000000 0.088857 -0.539924 0.259790
108 4.165482 5.407081 12.088388 -0.940609 -0.980997 0.588496
109 16.599384 0.000011 -0.000031 -0.077028 0.195186 -0.305563
110 6.428391 0.000001 -0.288940 -0.000001 0.034882 0.000000
111 -1.833755 -13.936463 1.224503 1.572749 -0.071670 -0.519410
112 20.406960 -0.000006 -0.000023 0.011349 -0.108024 0.137466
113 21.655502 -0.000004 -0.000008 0.018700 0.043157 0.083826
114 22.360672 -0.000008 -0.000031 0.036027 0.029550 -0.136214
115 22.519661 -0.000008 -0.000015 -0.041140 0.257080 -0.235733
116 22.140400 -0.000005 -0.000023 0.003170 -0.754416 0.066073
117 -1.699203 -12.875612 4.918507 1.154779 -0.301694 -0.476047
118 20.938614 0.000013 0.000000 0.042473 -0.165204 0.103691
119 21.993607 -0.000006 -0.000053 0.028746 0.002163 0.067104
120 22.563789 -0.000013 0.000000 0.036949 0.034788 -0.121703
121 22.643349 0.000002 -0.000038 -0.052948 0.295377 -0.199790
122 22.238064 0.000004 -0.000023 -0.046525 -0.832410 0.117818
123 -1.634338 -9.854569 8.052345 0.752025 -0.472468 -0.352150
124 22.205284 0.000003 -0.000023 0.047241 -0.197705 0.064525
125 22.804379 -0.000002 -0.000031 0.027389 -0.032824 0.047449
126 23.051647 0.000004 0.000008 0.035461 0.020380 -0.094396
127 22.939983 0.000006 -0.000031 -0.040548 0.306236 -0.150857
128 22.472069 0.000001 -0.000008 -0.051342 -0.955383 0.114725
129 -1.616135 -5.333254 10.147438 0.365780 -0.567659 -0.179713
130 23.451302 -0.000001 -0.000015 0.027133 -0.212752 0.034065
131 23.608009 -0.000005 -0.000023 0.014839 -0.056628 0.028815
132 23.536222 -0.000004 -0.000038 0.031178 -0.002141 -0.063763
133 23.233971 -0.000003 0.000008 -0.011723 0.300432 -0.101238
134 22.703674 0.000003 -0.000031 -0.002564 -0.962146 0.030045
135 -1.614502 -0.000000 10.883348 -0.010036 -0.596109 0.010977
136 23.962128 0.000001 -0.000023 -0.004662 -0.218245 0.010190
137 23.938957 -0.000003 0.000015 -0.003674 -0.066515 0.010994
138 23.736021 -0.000004 -0.000015 0.023700 -0.020984 -0.035366
139 23.354965 0.000005 -0.000023 0.020845 0.289869 -0.054834
140 22.798939 -0.000008 -0.000015 0.065449 -0.985483 -0.078810
141 -1.616119 5.333251 10.147421 -0.384948 -0.564461 0.200761
142 23.451302 -0.000007 0.000000 -0.037118 -0.216740 -0.014158
143 23.608009 -0.000003 -0.000038 -0.022552 -0.061662 -0.007631
144 23.536236 0.000000 -0.000008 0.012479 -0.031253 -0.009246
145 23.233978 -0.000018 -0.000015 0.049357 0.278521 -0.010346
146 22.703674 0.000016 0.000000 0.124965 -0.926890 -0.178551
147 -1.634338 9.854564 8.052345 -0.769422 -0.466505 0.370713
148 22.205261 0.000000 -0.000008 -0.057648 -0.205790 -0.046585
149 22.804451 0.000002 -0.000076 -0.035870 -0.042686 -0.028463
150 23.051634 -0.000008 -0.000015 -0.001583 -0.035941 0.009685
151 22.939976 -0.000012 -0.000015 0.063398 0.260918 0.033114
152 22.472073 -0.000002 -0.000038 0.152504 -0.942042 -0.269344
153 -1.699203 12.875608 4.918522 -1.169784 -0.293953 0.491243
154 20.938591 0.000017 -0.000008 -0.053520 -0.177107 -0.089679
155 21.993576 -0.000006 -0.000061 -0.038502 -0.011704 -0.052041
156 22.563801 0.000004 -0.000015 -0.018157 -0.043462 0.018675
157 22.643358 0.000007 -0.000031 0.054512 0.225181 0.068158
158 22.238041 -0.000011 -0.000023 0.099391 -0.935278 -0.272262
159 -1.833786 13.936458 1.224503 -1.586473 -0.063536 0.531105
160 20.406960 0.000004 -0.000038 -0.023982 -0.122076 -0.129323
161 21.655502 0.000013 -0.000008 -0.030139 0.027297 -0.074247
162 22.360649 0.000006 -0.000023 -0.015545 -0.140008 -0.007080
163 22.519659 0.000002 -0.000023 0.047743 0.089704 0.042330
164 22.140381 0.000004 -0.000015 0.066853 -0.876224 -0.250739
165 -1.972565 12.875610 -3.614557 -1.847522 0.075213 0.481443
166 20.655167 0.000008 -0.000023 -0.010909 -0.075384 -0.135592
167 21.762245 0.000004 -0.000023 -0.030775 0.048900 -0.077091
168 22.392155 0.000008 -0.000023 -0.051573 -0.090057 0.001470
169 22.541336 0.000011 -0.000023 -0.026325 0.100886 0.067938
170 22.217506 0.000010 -0.000023 -0.108061 -0.791438 -0.087564
171 -1.967316 9.854567 -7.722437 -2.173124 0.185911 0.357195
172 21.272720 0.000004 -0.000008 0.001363 -0.016583 -0.124932
173 22.032516 0.000027 -0.000053 -0.027423 0.068883 -0.072808
174 22.475662 0.000008 -0.000015 -0.060417 -0.139474 -0.017754
175 22.598713 0.000008 0.000000 -0.058681 0.011586 0.040174
176 22.407970 0.000013 -0.000023 -0.050348 0.238171 -0.101772
177 -1.900848 5.333253 -10.470079 -2.609571 0.253082 0.188628
178 21.914322 0.000006 -0.000023 0.004601 0.045081 -0.082783
179 22.319832 -0.000005 0.000000 -0.020219 0.092526 -0.051013
180 22.569611 0.000003 -0.000004 -0.047864 -0.181048 -0.056077
181 22.663204 0.000021 -0.000008 -0.058938 -0.066294 -0.029642
182 22.604515 0.000010 -0.000031 -0.047017 0.245320 -0.093761
183 -1.865585 -0.000002 -11.435442 3.133563 0.274132 0.003178
184 22.186661 -0.000004 -0.000008 -0.008723 0.077110 -0.004559
185 22.443726 -0.000002 -0.000008 -0.008415 0.108578 -0.004950
186 22.611542 -0.000004 -0.000008 -0.006354 -0.180266 -0.108265
187 22.692009 0.000008 0.000004 -0.016142 -0.079231 -0.127989
188 22.687649 0.000011 -0.000004 -0.017216 0.259058 -0.093843
189 -1.900848 -5.333257 -10.470072 2.593901 0.250202 -0.181846
190 21.914322 0.000008 -0.000015 -0.021572 0.052588 0.076153
191 22.319824 -0.000028 0.000000 0.004205 0.101229 0.044350
192 22.569633 -0.000001 -0.000027 0.034752 -0.129076 -0.146148
193 22.663239 -0.000020 0.000008 0.017770 -0.006056 -0.218507
194 22.604521 0.000013 -0.000008 0.023042 0.277159 -0.064598
195 -1.967300 -9.854567 -7.722443 2.158325 0.180465 -0.349172
196 21.272713 -0.000017 -0.000015 -0.016619 -0.004574 0.123579
197 22.032471 0.000002 -0.000023 0.012917 0.082561 0.072319
198 22.475685 -0.000010 -0.000038 0.047522 -0.059216 -0.156381
199 22.598709 0.000005 -0.000023 0.012982 0.103392 -0.257760
200 22.407990 -0.000001 -0.000008 0.039612 0.293502 -0.040115
201 -1.972565 -12.875610 -3.614565 1.833501 0.067895 -0.471701
202 20.655167 0.000010 -0.000015 -0.002544 -0.061569 0.139454
203 21.762268 -0.000006 -0.000008 0.017756 0.064478 0.082297
204 22.392162 -0.000010 -0.000031 0.043967 -0.000163 -0.150300
205 22.541344 -0.000006 -0.000023 -0.013355 0.198717 -0.257453
206 22.217503 0.000009 -0.000008 0.017547 0.294509 -0.011525
207 0.059621 0.456168 0.250107 0.000000 -0.000000 0.000000
208 0.059621 0.456168 0.250107 0.000000 -0.000000 0.000000
time 19
  0 0.059621 0.456168 0.250107 0.000000 -0.000000 0.000000
  1 0.059621 0.456168 0.250107 0.000000 -0.000000 0.000000
  2 0.059621 0.456168 0.250107 0.000000 -0.000000 0.000000
  3 0.059621 0.456168 0.250107 0.000000 -0.000000 0.000000
  4 0.059621 0.456168 0.250107 0.000000 -0.000000 0.000000
  5 0.059621 0.456168 0.250107 0.000000 -0.000000 0.000000
  6 0.059621 0.456168 0.250107 0.000000 -0.000000 0.000000
  7 0.059621 0.456168 0.250107 0.000000 -0.000000 0.000000
  8 0.059621 0.456168 0.250107 0.000000 -0.000000 0.000000
  9 0.059621 0.456168 0.250107 0.000000 -0.000000 0.000000
 10 101.124329 -7.181418 154.010239 -1.227513 -0.267529 1.474045
 11 24.668247 0.000000 -0.000038 0.963995 -0.040225 -0.312468
 12 30.380150 -0.000023 0.000008 1.742648 0.661961 0.507596
 13 19.902092 -0.000015 0.000000 -0.137595 -0.631294 -0.119456
 14 -88.350739 -21.637981 94.963898 2.020586 -0.432445 1.559074
 15 35.349506 0.000008 0.000015 -1.434832 -0.052159 0.457075
 16 37.124329 -0.000008 -0.000015 -2.115990 0.198920 0.361068
 17 0.059621 0.456168 0.250107 0.064768 -0.005215 -0.156772
 18 0.059621 -22.661495 79.119843 3.141593 1.420663 1.570796
 19 -65.799561 -0.000020 1.142857 -0.000000 0.000514 3.141077
 20 11.181595 0.005760 -0.002409 -0.000000 0.254797 0.000515
 21 27.835159 -0.000000 0.000015 -3.141592 -0.129896 -0.000000
 22 5.330399 -0.000001 -0.000004 -3.070919 -0.014572 0.003512
 23 10.134888 -4.133392 3.834202 -0.681865 -1.173930 -2.497280
 24 10.134903 4.133399 3.834202 0.681899 -1.173919 2.497250
 25 22.592361 0.000010 17.467117 -0.000010 2.956431 0.000000
 26 21.199997 -7.744008 14.169521 -0.644457 -0.154503 -3.025319
 27 18.142014 -13.440228 7.965778 1.228366 -0.180197 3.082644
 28 21.199966 7.744024 14.169506 0.644460 -0.154503 3.025318
 29 18.141998 13.440241 7.965775 -0.316157 -0.180196 -3.082644
 30 11.858871 -13.360001 3.526516 1.542249 3.132957 0.174415
 31 9.463287 -16.404867 -2.906044 1.542282 3.132901 0.176490
 32 9.125259 -10.885475 -11.371325 0.000496 2.962373 0.000256
 33 11.858871 13.360006 3.526474 -1.542248 3.132957 -0.174414
 34 9.463257 16.404865 -2.906023 -1.542281 3.132900 -0.176490
 35 9.125275 10.885475 -11.371304 -0.000492 2.962373 0.000256
 36 9.023239 -0.000002 -17.296177 0.000180 -0.167048 -3.141356
 37 12.691406 -0.000002 -19.438763 -0.005094 1.769160 -0.005173
 38 10.989410 0.000002 -0.000015 0.202188 -1.069732 -0.368520
 39 12.871460 -10.586842 -15.652472 1.312585 2.369078 1.198402
 40 10.727005 0.000007 -0.000031 0.205299 -1.039088 0.027147
 41 12.871460 10.586843 -15.652471 -1.280603 2.310585 -1.175084
 42 10.726978 -0.000021 0.000000 0.293372 -0.939396 -0.827815
 43 12.847229 -17.570086 -4.701336 1.452335 2.617945 1.325095
 44 11.496502 0.000004 -0.000031 0.275068 -0.929559 0.044999
 45 12.847183 17.570086 -4.701359 -1.435491 2.556489 -1.315594
 46 11.496468 0.000002 0.000000 0.117030 -0.858764 -0.756976
 47 28.485962 0.000011 16.460361 -0.010063 0.426839 -0.035665
 48 23.052750 -6.207911 -0.077290 -1.470206 0.035100 -1.833545
 49 9.436913 -0.000008 -0.000031 -0.092389 0.339014 0.223027
 50 31.269325 0.000011 -0.000031 0.064172 -0.157940 -0.317890
 51 28.756500 0.000008 -0.000046 0.041016 -0.333101 -0.044347
 52 2.251980 -2.464409 -1.141647 0.481305 0.508197 -0.319329
 53 3.674042 -0.000023 0.000000 -0.277611 0.179024 0.194713
 54 3.614693 0.000010 0.000000 0.013156 0.193871 -0.001558
 55 9.035496 -2.494949 0.484573 -0.001362 0.302449 0.001673
 56 2.943577 0.000004 -0.000015 0.010585 0.293657 -0.007800
 57 2.649429 0.000004 0.000000 -0.006498 0.303243 0.008512
 58 9.093616 -0.386673 0.647705 0.020190 0.475380 -0.012607
 59 3.451889 0.000004 0.000000 -0.014209 0.528778 0.009212
 60 2.898178 0.000004 0.000015 -0.000683 0.490858 0.000916
 61 8.894588 1.605850 0.371887 -0.000566 0.547851 0.000704
 62 3.130402 0.000000 0.000031 0.003896 0.567158 -0.005064
 63 2.629547 0.000000 -0.000038 0.004892 0.544389 -0.006589
 64 8.470615 3.459526 0.131485 -0.021715 0.541478 0.011456
 65 2.410271 0.000004 -0.000046 0.022815 0.529939 -0.013321
 66 2.000793 0.000004 0.000000 -0.005415 0.533618 0.007402
 67 23.052750 6.207910 -0.077305 1.481823 0.058643 2.080206
 68 9.436890 0.000023 -0.000015 0.421283 0.041629 -0.101815
 69 31.269352 -0.000015 -0.000031 -0.706469 0.030233 0.356000
 70 28.756512 -0.000016 -0.000031 0.205804 -0.138519 -0.063772
 71 2.251896 2.464409 -1.141556 -0.513217 0.249535 0.112914
 72 3.674095 0.000011 -0.000015 0.331388 -0.059506 -0.325011
 73 3.614685 0.000008 0.000015 0.067360 -0.216133 -0.086857
 74 9.035427 2.494946 0.484421 0.001362 -0.011534 -0.001673
 75 2.943565 0.000000 -0.000031 -0.011497 -0.020268 0.014556
 76 2.649445 -0.000002 0.000000 0.006498 -0.010740 -0.008512
 77 9.093697 0.386669 0.647781 -0.018031 0.093461 0.020165
 78 3.451862 0.000002 0.000000 0.014953 0.008589 -0.019838
 79 2.898209 0.000002 -0.000015 0.000683 -0.029445 -0.000917
 80 8.894424 -1.605852 0.371902 0.000566 0.090541 -0.000704
 81 3.130436 0.000004 -0.000031 -0.003896 -0.009289 0.005063
 82 2.629520 0.000002 0.000031 -0.004892 -0.032059 0.006589
 83 8.470612 -3.459522 0.131393 0.018786 0.137518 -0.020073
 84 2.410271 0.000002 0.000015 -0.024238 -0.029075 0.031299
 85 2.000763 0.000004 0.000015 0.005415 -0.025697 -0.007402
 86 9.832355 1.463060 -1.299438 0.016523 -0.031798 -0.020624
 87 25.040588 -5.670406 5.432796 -1.312159 -0.224887 -2.136065
 88 28.779694 -6.856311 -0.811420 -1.466235 0.019064 -1.725377
 89 29.182297 -3.955566 -4.961960 0.881869 2.552753 0.503940
 90 25.040558 5.670407 5.432755 1.296833 -0.398765 2.185823
 91 28.779724 6.856311 -0.811405 1.466235 0.019065 1.725381
 92 29.182281 3.955564 -4.961937 -0.881870 2.552752 -0.503941
 93 -65.335663 -0.000020 1.140917 -3.141591 0.009285 0.000000
 94 26.290932 -12.205289 1.157887 -2.069509 0.010127 0.060367
 95 49.071037 0.000000 0.000003 2.109675 0.283577 -0.439833
 96 61.871304 -0.000017 -0.000021 3.056712 0.309482 0.069320
 97 26.290932 12.205297 1.157845 2.040385 0.155186 -0.154988
 98 49.071060 0.000011 -0.000038 -1.690018 0.464941 1.289949
 99 61.871269 0.000017 -0.000050 -2.943472 0.666992 0.106771
100 -0.698044 -11.192117 -8.252768 1.287537 -0.507681 -0.849514
101 20.568237 -0.000010 0.000000 -0.062017 -0.266544 0.198778
102 0.223801 -5.734810 -12.929607 2.884454 0.560912 -0.499708
103 20.803574 -0.000019 -0.000031 -0.029005 -0.038889 0.574835
104 -1.039993 -3.033968 12.140511 1.525901 0.113185 -1.286510
105 -1.039978 3.034004 12.140501 -1.525902 0.113188 1.286510
106 4.165451 -5.407045 12.088390 1.401960 -1.161934 -1.110733
107 16.599442 0.000000 -0.000015 0.088787 -0.525196 0.263923
108 4.165482 5.407081 12.088385 -0.950831 -0.985926 0.599926
109 16.599377 0.000010 -0.000031 -0.078255 0.148096 -0.306861
110 6.428406 0.000001 -0.288944 -0.000001 0.035626 0.000000
111 -1.833771 -13.936463 1.224504 1.571812 -0.064319 -0.506728
112 20.406952 0.000000 -0.000031 0.010966 -0.117329 0.139058
113 21.655502 -0.000006 -0.000015 0.018220 0.012604 0.101026
114 22.360676 -0.000004 -0.000023 0.035093 0.012682 -0.112651
115 22.519657 -0.000005 -0.000015 -0.044921 0.282470 -0.241113
116 22.140400 -0.000004 -0.000015 -0.000402 -0.690439 0.060299
117 -1.699203 -12.875612 4.918509 1.151295 -0.289587 -0.463860
118 20.938606 0.000011 0.000000 0.042158 -0.174809 0.105450
119 21.993607 -0.000008 -0.000061 0.027775 -0.034489 0.083118
120 22.563789 -0.000015 0.000000 0.036308 0.008948 -0.100358
121 22.643349 0.000004 -0.000031 -0.056791 0.319657 -0.206493
122 22.238062 -0.000002 -0.000031 -0.048591 -0.765487 0.110572
123 -1.634354 -9.854568 8.052347 0.747855 -0.457259 -0.342739
124 22.205292 0.000003 -0.000023 0.047137 -0.207082 0.065778
125 22.804382 0.000004 -0.000038 0.026355 -0.072760 0.059083
126 23.051655 0.000006 0.000000 0.034880 -0.011994 -0.078377
127 22.939980 0.000008 -0.000031 -0.043270 0.328805 -0.156222
128 22.472076 0.000009 -0.000008 -0.052509 -0.894829 0.109496
129 -1.616150 -5.333254 10.147438 0.363009 -0.550968 -0.174793
130 23.451309 0.000001 -0.000015 0.026875 -0.221677 0.034687
131 23.608021 -0.000003 -0.000038 0.014152 -0.097720 0.034727
132 23.536222 -0.000002 -0.000031 0.030730 -0.038095 -0.055086
133 23.233963 -0.000001 0.000000 -0.013191 0.321577 -0.104086
134 22.703682 0.000008 -0.000038 -0.004065 -0.892042 0.028460
135 -1.614532 -0.000000 10.883352 -0.009881 -0.579048 0.010675
136 23.962128 0.000001 -0.000023 -0.004832 -0.226966 0.010210
137 23.938950 -0.000003 0.000015 -0.003801 -0.107829 0.010793
138 23.736021 -0.000003 -0.000015 0.023563 -0.057850 -0.034523
139 23.354969 0.000005 -0.000031 0.020682 0.310636 -0.054412
140 22.798946 -0.000008 -0.000015 0.062378 -0.915044 -0.074981
141 -1.616135 5.333251 10.147425 -0.381921 -0.547881 0.195285
142 23.451309 -0.000008 0.000000 -0.036920 -0.225660 -0.014827
143 23.608021 -0.000004 -0.000038 -0.022081 -0.102756 -0.013646
144 23.536238 -0.000001 -0.000015 0.013018 -0.066672 -0.016190
145 23.233976 -0.000015 -0.000023 0.050251 0.300279 -0.007317
146 22.703671 0.000016 -0.000015 0.121025 -0.852578 -0.169258
147 -1.634354 9.854565 8.052345 -0.764977 -0.451488 0.360862
148 22.205254 0.000001 0.000000 -0.057326 -0.215132 -0.047977
149 22.804443 0.000004 -0.000084 -0.034842 -0.082625 -0.040302
150 23.051626 -0.000009 -0.000008 -0.000449 -0.067420 -0.004140
151 22.939972 -0.000006 -0.000015 0.065567 0.284529 0.039428
152 22.472076 0.000001 -0.000046 0.149566 -0.872819 -0.257843
153 -1.699219 12.875608 4.918526 -1.166317 -0.282070 0.478737
154 20.938599 0.000019 0.000000 -0.053088 -0.186644 -0.091601
155 21.993591 -0.000004 -0.000069 -0.037894 -0.048324 -0.068399
156 22.563797 0.000006 -0.000015 -0.016428 -0.068031 -0.000445
157 22.643356 0.000007 -0.000038 0.057551 0.250809 0.076361
158 22.238041 -0.000010 -0.000015 0.099388 -0.875811 -0.263839
159 -1.833771 13.936458 1.224504 -1.585734 -0.056386 0.518183
160 20.406952 0.000006 -0.000038 -0.023155 -0.131261 -0.131103
161 21.655502 0.000011 0.000000 -0.029577 -0.003211 -0.091908
162 22.360645 0.000004 -0.000023 -0.011317 -0.153178 -0.028329
163 22.519665 0.000004 -0.000023 0.050458 0.117860 0.050101
164 22.140381 0.000003 -0.000015 0.069749 -0.810908 -0.243338
165 -1.972580 12.875610 -3.614555 -1.848378 0.079318 0.470063
166 20.655174 0.000008 -0.000023 -0.010300 -0.083602 -0.136963
167 21.762245 0.000008 -0.000023 -0.030753 0.024796 -0.093898
168 22.392159 0.000015 -0.000015 -0.048527 -0.097504 -0.019110
169 22.541340 0.000015 -0.000031 -0.023584 0.126024 0.075033
170 22.217499 0.000011 -0.000031 -0.100291 -0.729221 -0.089062
171 -1.967331 9.854567 -7.722433 -2.174747 0.187504 0.348928
172 21.272713 0.000010 0.000000 0.001613 -0.023194 -0.125734
173 22.032509 0.000031 -0.000053 -0.028092 0.053897 -0.087172
174 22.475662 0.000004 -0.000015 -0.057051 -0.137271 -0.035420
175 22.598713 0.000010 -0.000008 -0.057067 0.031843 0.046006
176 22.407978 0.000021 -0.000023 -0.048620 0.209447 -0.099457
177 -1.900848 5.333253 -10.470081 -2.610887 0.253114 0.184333
178 21.914322 0.000008 -0.000015 0.004539 0.039778 -0.083088
179 22.319832 -0.000003 0.000004 -0.021091 0.086669 -0.060031
180 22.569633 0.000007 -0.000008 -0.045588 -0.169198 -0.066304
181 22.663216 0.000023 -0.000015 -0.058568 -0.051377 -0.026109
182 22.604525 0.000017 -0.000023 -0.045678 0.215616 -0.092273
183 -1.865585 -0.000002 -11.435440 3.133174 0.273670 0.003105
184 22.186668 -0.000004 -0.000008 -0.008873 0.072259 -0.004587
185 22.443718 -0.000002 -0.000008 -0.008450 0.107033 -0.004935
186 22.611549 -0.000004 -0.000008 -0.007340 -0.164570 -0.105666
187 22.692024 0.000007 0.000008 -0.016315 -0.066485 -0.127263
188 22.687651 0.000015 -0.000011 -0.016437 0.228842 -0.094458
189 -1.900848 -5.333257 -10.470074 2.594794 0.250295 -0.177704
190 21.914330 0.000009 -0.000008 -0.021523 0.047225 0.076424
191 22.319839 -0.000026 0.000000 0.004700 0.095412 0.052976
192 22.569626 0.000000 -0.000031 0.032426 -0.118775 -0.131796
193 22.663239 -0.000022 0.000015 0.016867 0.008570 -0.219846
194 22.604523 0.000017 0.000000 0.023045 0.247183 -0.067358
195 -1.967285 -9.854567 -7.722445 2.159863 0.182174 -0.341085
196 21.272705 -0.000017 -0.000008 -0.016771 -0.011270 0.124289
197 22.032471 -0.000004 -0.000023 0.013507 0.067607 0.086219
198 22.475693 -0.000008 -0.000031 0.045196 -0.058704 -0.135535
199 22.598709 0.000002 -0.000015 0.010849 0.122482 -0.261035
200 22.407991 -0.000003 -0.000015 0.038861 0.264321 -0.044017
201 -1.972580 -12.875610 -3.614563 1.834364 0.072165 -0.460531
202 20.655159 0.000008 -0.000023 -0.003016 -0.069896 0.140677
203 21.762268 -0.000010 -0.000008 0.018081 0.040367 0.098652
204 22.392155 -0.000006 -0.000031 0.042514 -0.009588 -0.127041
205 22.541344 -0.000008 -0.000015 -0.016667 0.222311 -0.262220
206 22.217506 0.000007 -0.000008 0.016173 0.266307 -0.014937
207 0.059621 0.456168 0.250107 0.000000 -0.000000 0.000000
208 0.059621 0.456168 0.250107 0.000000 -0.000000 0.000000
time 20
  0 0.059621 0.456168 0.250107 0.000000 -0.000000 0.000000
  1 0.059621 0.456168 0.250107 0.000000 -0.000000 0.000000
  2 0.059621 0.456168 0.250107 0.000000 -0.000000 0.000000
  3 0.059621 0.456168 0.250107 0.000000 -0.000000 0.000000
  4 0.059621 0.456168 0.250107 0.000000 -0.000000 0.000000
  5 0.059621 0.456168 0.250107 0.000000 -0.000000 0.000000
  6 0.059621 0.456168 0.250107 0.000000 -0.000000 0.000000
  7 0.059621 0.456168 0.250107 0.000000 -0.000000 0.000000
  8 0.059621 0.456168 0.250107 0.000000 -0.000000 0.000000
  9 0.059621 0.456168 0.250107 0.000000 -0.000000 0.000000
 10 103.261742 -2.021916 154.010239 -1.229007 -0.246933 1.479366
 11 24.668247 0.000000 -0.000038 0.969050 -0.092232 -0.389325
 12 30.380150 -0.000008 0.000023 1.790717 0.687727 0.605919
 13 19.902086 -0.000015 0.000000 -0.104139 -0.826094 -0.075957
 14 -88.350739 -21.637981 96.338036 2.016025 -0.405558 1.565778
 15 35.349518 0.000004 0.000015 -1.436022 -0.057623 0.476297
 16 37.124336 -0.000015 -0.000008 -2.132076 0.200278 0.398656
 17 0.059621 0.456168 0.250107 0.064768 -0.005215 -0.156772
 18 0.059621 -22.661495 78.977600 3.141593 1.420663 1.570796
 19 -65.799545 -0.000020 1.142857 -0.000000 0.000515 3.141077
 20 11.181595 0.005760 -0.002409 -0.000000 0.254797 0.000515
 21 27.835175 0.000000 0.000011 -3.141592 -0.129896 -0.000000
 22 5.330383 -0.000001 -0.000004 -3.070919 -0.014572 0.003512
 23 10.134888 -4.133393 3.834204 -0.681865 -1.173930 -2.497280
 24 10.134903 4.133399 3.834196 0.681898 -1.173919 2.497250
 25 22.592346 0.000010 17.467119 -0.000010 2.956431 0.000000
 26 21.199982 -7.744007 14.169519 -0.644457 -0.154503 -3.025319
 27 18.142014 -13.440228 7.965776 1.228366 -0.180197 3.082644
 28 21.199951 7.744024 14.169504 0.644460 -0.154503 3.025318
 29 18.141998 13.440241 7.965773 -0.316157 -0.180196 -3.082644
 30 11.858856 -13.359999 3.526518 1.542249 3.132957 0.174415
 31 9.463272 -16.404867 -2.906044 1.542282 3.132901 0.176490
 32 9.125244 -10.885475 -11.371325 0.000496 2.962373 0.000256
 33 11.858856 13.360008 3.526476 -1.542248 3.132957 -0.174414
 34 9.463257 16.404869 -2.906023 -1.542281 3.132900 -0.176490
 35 9.125275 10.885473 -11.371305 -0.000492 2.962373 0.000256
 36 9.023224 -0.000002 -17.296177 0.000180 -0.167048 -3.141356
 37 12.691391 -0.000002 -19.438766 -0.003006 1.823823 -0.003406
 38 10.989410 0.000002 -0.000015 0.197479 -1.060608 -0.359937
 39 12.871460 -10.586842 -15.652473 1.261423 2.385665 1.124485
 40 10.727005 0.000010 -0.000046 0.195756 -1.030137 0.034262
 41 12.871460 10.586843 -15.652471 -1.223380 2.328836 -1.097476
 42 10.726978 -0.000023 0.000000 0.288386 -0.932263 -0.819899
 43 12.847214 -17.570086 -4.701338 1.422789 2.625753 1.265620
 44 11.496498 0.000006 -0.000031 0.263413 -0.922041 0.052504
 45 12.847183 17.570087 -4.701359 -1.401693 2.565179 -1.254005
 46 11.496464 0.000002 0.000000 0.120288 -0.852353 -0.751089
 47 28.485962 0.000011 16.460360 -0.010063 0.426839 -0.035665
 48 23.052750 -6.207911 -0.077290 -1.470206 0.035100 -1.833545
 49 9.436909 -0.000008 -0.000031 -0.083952 0.349468 0.242597
 50 31.269333 0.000011 -0.000015 0.057783 -0.160484 -0.276872
 51 28.756500 0.000011 -0.000046 0.041016 -0.333101 -0.044347
 52 2.251991 -2.464409 -1.141663 0.481305 0.508197 -0.319329
 53 3.674046 -0.000015 0.000031 -0.277611 0.179024 0.194713
 54 3.614700 0.000010 0.000000 0.013156 0.193871 -0.001558
 55 9.035507 -2.494946 0.484558 -0.001362 0.302449 0.001673
 56 2.943584 0.000000 -0.000015 0.010585 0.293657 -0.007800
 57 2.649429 0.000004 0.000000 -0.006498 0.303243 0.008512
 58 9.093616 -0.386673 0.647705 0.020190 0.475380 -0.012607
 59 3.451889 -0.000004 0.000000 -0.014209 0.528778 0.009212
 60 2.898178 0.000000 0.000031 -0.000683 0.490858 0.000916
 61 8.894585 1.605850 0.371887 -0.000566 0.547851 0.000704
 62 3.130405 0.000000 0.000046 0.003896 0.567158 -0.005064
 63 2.629524 0.000000 -0.000031 0.004892 0.544388 -0.006589
 64 8.470619 3.459526 0.131485 -0.021715 0.541478 0.011456
 65 2.410263 0.000000 -0.000061 0.022815 0.529939 -0.013321
 66 2.000793 0.000000 0.000023 -0.005415 0.533618 0.007402
 67 23.052750 6.207911 -0.077305 1.481823 0.058643 2.080206
 68 9.436890 0.000023 0.000000 0.420740 0.046890 -0.117177
 69 31.269348 -0.000015 -0.000031 -0.706452 -0.004882 0.328386
 70 28.756512 -0.000017 -0.000015 0.205804 -0.138519 -0.063772
 71 2.251896 2.464409 -1.141571 -0.513217 0.249535 0.112914
 72 3.674080 0.000000 -0.000015 0.331388 -0.059506 -0.325011
 73 3.614674 0.000008 0.000015 0.067360 -0.216133 -0.086857
 74 9.035419 2.494947 0.484421 0.001362 -0.011534 -0.001673
 75 2.943569 0.000000 -0.000031 -0.011498 -0.020268 0.014556
 76 2.649445 0.000002 0.000015 0.006498 -0.010740 -0.008512
 77 9.093693 0.386669 0.647781 -0.018031 0.093461 0.020165
 78 3.451862 0.000000 0.000015 0.014953 0.008589 -0.019838
 79 2.898205 0.000002 -0.000015 0.000683 -0.029445 -0.000917
 80 8.894421 -1.605848 0.371902 0.000566 0.090541 -0.000704
 81 3.130440 0.000002 -0.000031 -0.003896 -0.009289 0.005063
 82 2.629520 0.000002 0.000015 -0.004892 -0.032059 0.006589
 83 8.470612 -3.459522 0.131378 0.018786 0.137518 -0.020073
 84 2.410271 -0.000004 0.000000 -0.024238 -0.029075 0.031299
 85 2.000759 0.000000 0.000031 0.005415 -0.025697 -0.007402
 86 9.832348 1.463062 -1.299438 0.016523 -0.031798 -0.020624
 87 25.040604 -5.670405 5.432796 -1.312160 -0.224887 -2.136065
 88 28.779709 -6.856310 -0.811420 -1.466235 0.019064 -1.725377
 89 29.182297 -3.955566 -4.961964 0.881869 2.552753 0.503940
 90 25.040573 5.670408 5.432758 1.296833 -0.398765 2.185823
 91 28.779739 6.856311 -0.811405 1.466235 0.019065 1.725381
 92 29.182281 3.955565 -4.961941 -0.881870 2.552752 -0.503941
 93 -65.335648 -0.000020 1.140919 -3.141591 0.009025 0.000000
 94 26.290924 -12.205289 1.157887 -2.069495 0.010328 0.060333
 95 49.071037 0.000001 0.000006 2.109746 0.283468 -0.439587
 96 61.871307 -0.000021 -0.000027 3.056730 0.309661 0.069302
 97 26.290924 12.205297 1.157845 2.040355 0.155386 -0.154958
 98 49.071060 0.000008 -0.000034 -1.689218 0.464998 1.291273
 99 61.871262 0.000014 -0.000046 -2.943462 0.667172 0.106800
100 -0.698044 -11.192117 -8.252766 1.274879 -0.492878 -0.823869
101 20.568230 -0.000004 0.000008 -0.065810 -0.242020 0.194746
102 0.223801 -5.734810 -12.929604 2.893248 0.552402 -0.483245
103 20.803574 -0.000019 -0.000031 -0.026418 -0.020598 0.558467
104 -1.040009 -3.033968 12.140512 1.525692 0.113248 -1.286493
105 -1.039993 3.034004 12.140505 -1.525693 0.113251 1.286493
106 4.165436 -5.407045 12.088394 1.328269 -1.143010 -1.030399
107 16.599445 0.000000 -0.000031 0.088696 -0.508425 0.268535
108 4.165482 5.407081 12.088383 -0.962240 -0.991429 0.612683
109 16.599373 0.000013 -0.000015 -0.079624 0.095538 -0.308310
110 6.428391 0.000001 -0.288940 -0.000001 0.035887 0.000000
111 -1.833771 -13.936463 1.224504 1.571110 -0.055677 -0.491238
112 20.406944 0.000000 -0.000015 0.010948 -0.123066 0.137956
113 21.655487 -0.000002 -0.000023 0.017645 -0.018083 0.116534
114 22.360668 -0.000002 -0.000023 0.033759 -0.012071 -0.085207
115 22.519672 -0.000004 -0.000015 -0.046022 0.297516 -0.236718
116 22.140402 -0.000007 -0.000015 -0.004597 -0.615313 0.053518
117 -1.699219 -12.875612 4.918510 1.147375 -0.275048 -0.449061
118 20.938599 0.000015 0.000008 0.041899 -0.179840 0.104983
119 21.993607 -0.000008 -0.000061 0.026665 -0.070378 0.097830
120 22.563789 -0.000019 0.000000 0.035168 -0.025555 -0.075316
121 22.643354 -0.000002 -0.000031 -0.057585 0.330777 -0.203719
122 22.238066 -0.000001 -0.000031 -0.051016 -0.686901 0.102063
123 -1.634338 -9.854568 8.052345 0.743084 -0.438865 -0.331395
124 22.205299 0.000006 -0.000023 0.047231 -0.211391 0.065577
125 22.804379 0.000002 -0.000046 0.025176 -0.111273 0.069841
126 23.051659 0.000007 -0.000008 0.033629 -0.053069 -0.059630
127 22.939987 0.000010 -0.000023 -0.043634 0.336065 -0.154041
128 22.472076 0.000010 -0.000008 -0.053677 -0.817377 0.102807
129 -1.616135 -5.333254 10.147440 0.360043 -0.530741 -0.168894
130 23.451309 0.000002 -0.000015 0.027103 -0.225407 0.034471
131 23.608009 -0.000004 -0.000031 0.013522 -0.136985 0.040154
132 23.536224 -0.000002 -0.000031 0.029715 -0.082427 -0.044445
133 23.233963 0.000000 0.000008 -0.013078 0.326281 -0.101377
134 22.703686 0.000005 -0.000031 -0.005827 -0.809720 0.026600
135 -1.614532 -0.000000 10.883350 -0.009691 -0.558365 0.010313
136 23.962135 0.000001 -0.000031 -0.004999 -0.230448 0.010091
137 23.938957 -0.000003 0.000015 -0.003618 -0.147166 0.010706
138 23.736023 -0.000004 -0.000015 0.023474 -0.103014 -0.033591
139 23.354977 0.000005 -0.000031 0.020606 0.314134 -0.054193
140 22.798939 -0.000008 -0.000015 0.058772 -0.832329 -0.070483
141 -1.616135 5.333251 10.147425 -0.378635 -0.527784 0.188716
142 23.451309 -0.000008 0.000000 -0.037107 -0.229349 -0.014931
143 23.608013 -0.000003 -0.000038 -0.021057 -0.142000 -0.019307
144 23.536243 0.000000 -0.000023 0.013617 -0.110485 -0.023920
145 23.233974 -0.000018 -0.000038 0.050503 0.304907 -0.005939
146 22.703686 0.000013 -0.000015 0.116575 -0.769637 -0.158886
147 -1.634338 9.854565 8.052345 -0.760042 -0.433324 0.348983
148 22.205261 0.000001 -0.000008 -0.057380 -0.219375 -0.048021
149 22.804443 0.000002 -0.000076 -0.033459 -0.121110 -0.051335
150 23.051628 -0.000004 -0.000008 0.000989 -0.107305 -0.020520
151 22.939970 -0.000011 -0.000015 0.066090 0.292120 0.039917
152 22.472076 0.000003 -0.000046 0.146053 -0.791532 -0.244338
153 -1.699219 12.875608 4.918524 -1.162401 -0.267801 0.463545
154 20.938599 0.000017 0.000000 -0.052753 -0.191557 -0.091382
155 21.993591 -0.000002 -0.000061 -0.035800 -0.084173 -0.083515
156 22.563795 0.000004 0.000000 -0.013536 -0.100765 -0.023015
157 22.643351 0.000002 -0.000031 0.058727 0.262778 0.075786
158 22.238033 -0.000010 -0.000008 0.099382 -0.799749 -0.253066
159 -1.833801 13.936458 1.224504 -1.585142 -0.047990 0.502398
160 20.406960 0.000004 -0.000046 -0.023288 -0.136819 -0.130228
161 21.655502 0.000010 -0.000008 -0.028740 -0.033877 -0.107947
162 22.360649 0.000004 -0.000015 -0.006032 -0.173320 -0.053018
163 22.519657 0.000000 -0.000023 0.052257 0.136077 0.048654
164 22.140377 0.000005 0.000000 0.073053 -0.734163 -0.234647
165 -1.972595 12.875610 -3.614557 -1.849359 0.083967 0.456146
166 20.655174 0.000010 -0.000015 -0.010404 -0.089215 -0.135638
167 21.762245 0.000006 -0.000023 -0.030234 -0.000020 -0.108944
168 22.392151 0.000013 -0.000015 -0.044774 -0.110952 -0.043043
169 22.541336 0.000011 -0.000023 -0.021961 0.144061 0.073427
170 22.217497 0.000013 -0.000015 -0.091166 -0.656113 -0.090862
171 -1.967316 9.854567 -7.722439 -2.176797 0.189092 0.338820
172 21.272720 0.000006 0.000000 0.001847 -0.028514 -0.124151
173 22.032509 0.000027 -0.000046 -0.027799 0.037652 -0.099828
174 22.475662 0.000011 -0.000015 -0.053222 -0.138954 -0.055775
175 22.598711 0.000010 -0.000015 -0.055958 0.049369 0.044621
176 22.407976 0.000015 -0.000023 -0.046892 0.180722 -0.097141
177 -1.900864 5.333253 -10.470079 -2.611918 0.252822 0.179085
178 21.914330 0.000010 -0.000023 0.004644 0.034419 -0.081845
179 22.319839 -0.000003 0.000000 -0.020918 0.078945 -0.067828
180 22.569626 0.000009 -0.000008 -0.043245 -0.159608 -0.078046
181 22.663219 0.000029 -0.000015 -0.057805 -0.034616 -0.026162
182 22.604525 0.000017 -0.000023 -0.044339 0.185912 -0.090784
183 -1.865601 -0.000002 -11.435442 3.133665 0.272788 0.003017
184 22.186661 -0.000004 -0.000008 -0.008859 0.066716 -0.004515
185 22.443710 -0.000002 0.000000 -0.008482 0.103065 -0.005230
186 22.611534 -0.000004 -0.000004 -0.007473 -0.150105 -0.103169
187 22.692020 0.000006 0.000008 -0.016773 -0.050652 -0.125265
188 22.687651 0.000008 -0.000008 -0.015658 0.198627 -0.095073
189 -1.900848 -5.333256 -10.470072 2.596127 0.250077 -0.172643
190 21.914345 0.000009 -0.000008 -0.021637 0.041702 0.075233
191 22.319824 -0.000026 0.000000 0.004879 0.087523 0.060507
192 22.569633 -0.000003 -0.000027 0.029862 -0.110673 -0.115072
193 22.663239 -0.000019 0.000011 0.015915 0.024120 -0.215222
194 22.604530 0.000013 0.000000 0.023048 0.217207 -0.070119
195 -1.967300 -9.854567 -7.722445 2.161817 0.183907 -0.331198
196 21.272713 -0.000021 -0.000015 -0.017088 -0.016853 0.122613
197 22.032478 0.000000 -0.000031 0.013248 0.051188 0.098461
198 22.475685 -0.000015 -0.000031 0.042631 -0.062921 -0.111309
199 22.598705 0.000002 -0.000023 0.009593 0.139075 -0.255845
200 22.407991 -0.000002 -0.000015 0.038110 0.235140 -0.047919
201 -1.972580 -12.875610 -3.614565 1.835225 0.077017 -0.446871
202 20.655159 0.000008 -0.000023 -0.003334 -0.075715 0.139179
203 21.762268 -0.000011 -0.000008 0.017590 0.015544 0.113197
204 22.392159 -0.000006 -0.000038 0.040713 -0.025370 -0.100056
205 22.541340 -0.000009 -0.000031 -0.017888 0.238590 -0.257066
206 22.217506 0.000006 -0.000015 0.014798 0.238105 -0.018349
207 0.059621 0.456168 0.250107 0.000000 -0.000000 0.000000
208 0.059621 0.456168 0.250107 0.000000 -0.000000 0.000000
time 21
  0 0.059621 0.456168 0.250107 0.000000 -0.000000 0.000000
  1 0.059621 0.456168 0.250107 0.000000 -0.000000 0.000000
  2 0.059621 0.456168 0.250107 0.000000 -0.000000 0.000000
  3 0.059621 0.456168 0.250107 0.000000 -0.000000 0.000000
  4 0.059621 0.456168 0.250107 0.000000 -0.000000 0.000000
  5 0.059621 0.456168 0.250107 0.000000 -0.000000 0.000000
  6 0.059621 0.456168 0.250107 0.000000 -0.000000 0.000000
  7 0.059621 0.456168 0.250107 0.000000 -0.000000 0.000000
  8 0.059621 0.456168 0.250107 0.000000 -0.000000 0.000000
  9 0.059621 0.456168 0.250107 0.000000 -0.000000 0.000000
 10 105.547417 3.495474 154.010239 -1.230604 -0.224909 1.485296
 11 24.668251 0.000000 -0.000038 0.978602 -0.144729 -0.466097
 12 30.380142 -0.000015 0.000019 1.835123 0.680581 0.703959
 13 19.902086 -0.000023 -0.000015 -0.072099 -0.990404 -0.039267
 14 -88.350739 -21.637981 97.807495 -1.130445 -2.764786 -1.567888
 15 35.349514 0.000000 0.000015 -1.437198 -0.063632 0.493379
 16 37.124336 0.000000 0.000000 -2.147868 0.200614 0.412315
 17 0.059621 0.456168 0.250107 0.064768 -0.005215 -0.156772
 18 0.059621 -22.661495 79.526955 3.141593 1.420663 1.570796
 19 -65.799553 -0.000020 1.142859 -0.000000 0.000514 3.141077
 20 11.181580 0.005760 -0.002409 -0.000000 0.254797 0.000515
 21 27.835175 -0.000000 0.000015 -3.141592 -0.129896 -0.000000
 22 5.330383 -0.000001 -0.000004 -3.070919 -0.014572 0.003512
 23 10.134888 -4.133392 3.834204 -0.681865 -1.173930 -2.497280
 24 10.134903 4.133399 3.834200 0.681899 -1.173919 2.497250
 25 22.592346 0.000010 17.467119 -0.000010 2.956431 0.000000
 26 21.199982 -7.744008 14.169519 -0.644457 -0.154503 -3.025319
 27 18.142014 -13.440228 7.965776 1.228366 -0.180197 3.082644
 28 21.199951 7.744024 14.169504 0.644460 -0.154503 3.025318
 29 18.141983 13.440242 7.965776 -0.316157 -0.180196 -3.082644
 30 11.858856 -13.360000 3.526518 1.542249 3.132957 0.174415
 31 9.463272 -16.404867 -2.906044 1.542282 3.132901 0.176490
 32 9.125244 -10.885475 -11.371325 0.000496 2.962373 0.000256
 33 11.858856 13.360007 3.526476 -1.542248 3.132957 -0.174414
 34 9.463257 16.404865 -2.906023 -1.542281 3.132900 -0.176490
 35 9.125275 10.885474 -11.371304 -0.000492 2.962373 0.000256
 36 9.023224 -0.000003 -17.296177 0.000180 -0.167048 -3.141356
 37 12.691391 -0.000002 -19.438763 -0.001709 1.916080 -0.001668
 38 10.989418 0.000002 -0.000015 0.184567 -1.035290 -0.336403
 39 12.871460 -10.586842 -15.652472 1.181926 2.419159 1.006574
 40 10.727005 0.000007 -0.000031 0.169589 -1.005308 0.053771
 41 12.871445 10.586843 -15.652471 -1.136496 2.365668 -0.974897
 42 10.726982 -0.000023 0.000015 0.283354 -0.912447 -0.797927
 43 12.847214 -17.570086 -4.701336 1.374721 2.642278 1.166792
 44 11.496498 0.000006 -0.000031 0.231454 -0.901161 0.073082
 45 12.847183 17.570087 -4.701359 -1.346842 2.583668 -1.151977
 46 11.496468 -0.000002 0.000000 0.129222 -0.834543 -0.734731
 47 28.485962 0.000011 16.460360 -0.010063 0.426839 -0.035665
 48 23.052750 -6.207911 -0.077286 -1.470206 0.035100 -1.833545
 49 9.436909 -0.000008 -0.000031 -0.074579 0.361253 0.264242
 50 31.269333 0.000011 -0.000031 0.051424 -0.162985 -0.236457
 51 28.756508 0.000008 -0.000015 0.041016 -0.333101 -0.044347
 52 2.251987 -2.464409 -1.141663 0.481305 0.508197 -0.319329
 53 3.674049 -0.000011 0.000015 -0.277611 0.179024 0.194713
 54 3.614700 0.000010 0.000000 0.013156 0.193871 -0.001558
 55 9.035503 -2.494946 0.484558 -0.001362 0.302449 0.001673
 56 2.943581 0.000004 -0.000031 0.010585 0.293657 -0.007800
 57 2.649429 0.000004 0.000000 -0.006498 0.303243 0.008512
 58 9.093624 -0.386673 0.647720 0.020190 0.475380 -0.012607
 59 3.451893 0.000002 0.000000 -0.014209 0.528778 0.009212
 60 2.898178 0.000000 0.000031 -0.000683 0.490858 0.000916
 61 8.894588 1.605850 0.371887 -0.000566 0.547851 0.000704
 62 3.130402 0.000000 0.000031 0.003896 0.567158 -0.005064
 63 2.629539 0.000000 -0.000046 0.004892 0.544388 -0.006589
 64 8.470623 3.459526 0.131500 -0.021715 0.541478 0.011456
 65 2.410271 0.000004 -0.000061 0.022815 0.529939 -0.013321
 66 2.000793 0.000004 0.000015 -0.005415 0.533618 0.007402
 67 23.052750 6.207910 -0.077301 1.481823 0.058643 2.080206
 68 9.436897 0.000023 0.000000 0.420100 0.052696 -0.133604
 69 31.269341 -0.000015 -0.000031 -0.706432 -0.043718 0.297846
 70 28.756508 -0.000011 -0.000031 0.205804 -0.138519 -0.063772
 71 2.251896 2.464407 -1.141556 -0.513217 0.249535 0.112914
 72 3.674088 0.000008 -0.000015 0.331388 -0.059506 -0.325011
 73 3.614662 0.000002 0.000000 0.067360 -0.216133 -0.086857
 74 9.035419 2.494947 0.484421 0.001362 -0.011534 -0.001673
 75 2.943562 0.000004 -0.000031 -0.011498 -0.020268 0.014556
 76 2.649445 -0.000002 0.000031 0.006498 -0.010740 -0.008512
 77 9.093685 0.386669 0.647781 -0.018031 0.093461 0.020165
 78 3.451859 0.000000 0.000000 0.014953 0.008589 -0.019838
 79 2.898205 0.000000 -0.000015 0.000684 -0.029445 -0.000917
 80 8.894413 -1.605852 0.371918 0.000566 0.090541 -0.000704
 81 3.130428 0.000000 -0.000046 -0.003896 -0.009289 0.005063
 82 2.629524 -0.000002 0.000015 -0.004892 -0.032059 0.006589
 83 8.470604 -3.459524 0.131409 0.018786 0.137518 -0.020073
 84 2.410267 -0.000002 -0.000031 -0.024238 -0.029075 0.031299
 85 2.000759 -0.000002 0.000015 0.005415 -0.025697 -0.007402
 86 9.832352 1.463058 -1.299438 0.016523 -0.031798 -0.020624
 87 25.040604 -5.670406 5.432796 -1.312159 -0.224887 -2.136065
 88 28.779709 -6.856311 -0.811420 -1.466235 0.019064 -1.725377
 89 29.182297 -3.955566 -4.961960 0.881869 2.552753 0.503940
 90 25.040573 5.670407 5.432755 1.296833 -0.398765 2.185823
 91 28.779739 6.856311 -0.811405 1.466235 0.019065 1.725381
 92 29.182281 3.955564 -4.961937 -0.881870 2.552752 -0.503941
 93 -65.335655 -0.000020 1.140917 -3.141591 0.010029 0.000000
 94 26.290916 -12.205290 1.157888 -2.069550 0.009550 0.060466
 95 49.071030 0.000000 0.000004 2.109472 0.283889 -0.440538
 96 61.871304 -0.000017 -0.000023 3.056661 0.308969 0.069372
 97 26.290909 12.205296 1.157848 2.040471 0.154613 -0.155076
 98 49.071068 0.000011 -0.000036 -1.695352 0.464009 1.278653
 99 61.871258 0.000021 -0.000053 -2.943498 0.666478 0.106687
100 -0.698059 -11.192117 -8.252766 1.255962 -0.467816 -0.782042
101 20.568237 -0.000004 -0.000008 -0.070006 -0.214653 0.190147
102 0.223785 -5.734809 -12.929604 2.906587 0.538069 -0.456817
103 20.803589 -0.000019 -0.000023 -0.023490 -0.000369 0.539938
104 -1.040009 -3.033968 12.140516 1.526499 0.113006 -1.286557
105 -1.039993 3.034004 12.140505 -1.526500 0.113009 1.286556
106 4.165451 -5.407045 12.088396 1.217275 -1.105318 -0.907368
107 16.599442 0.000000 -0.000015 0.088581 -0.490059 0.273467
108 4.165482 5.407081 12.088388 -0.974440 -0.997312 0.626325
109 16.599373 0.000011 -0.000023 -0.081089 0.039334 -0.309860
110 6.428391 0.000001 -0.288940 -0.000001 0.034882 0.000000
111 -1.833755 -13.936463 1.224503 1.569747 -0.042197 -0.466194
112 20.406952 -0.000002 -0.000023 0.011161 -0.127356 0.133564
113 21.655502 -0.000004 -0.000015 0.016429 -0.051023 0.130544
114 22.360668 -0.000011 -0.000023 0.031331 -0.044850 -0.052087
115 22.519661 -0.000010 -0.000015 -0.042906 0.297190 -0.218637
116 22.140396 -0.000007 -0.000023 -0.009236 -0.532222 0.046018
117 -1.699203 -12.875612 4.918507 1.140919 -0.251781 -0.425264
118 20.938614 0.000015 0.000000 0.042197 -0.182224 0.102011
119 21.993614 -0.000008 -0.000053 0.024924 -0.107654 0.111579
120 22.563789 -0.000019 0.000000 0.032562 -0.068907 -0.045112
121 22.643351 -0.000002 -0.000031 -0.054194 0.323170 -0.188245
122 22.238056 -0.000003 -0.000023 -0.053699 -0.599985 0.092652
123 -1.634338 -9.854569 8.052345 0.735712 -0.409133 -0.313280
124 22.205292 0.000004 -0.000015 0.047261 -0.212421 0.063852
125 22.804382 0.000000 -0.000031 0.023591 -0.150492 0.079976
126 23.051651 0.000006 0.000008 0.031119 -0.102868 -0.037072
127 22.939972 0.000010 -0.000031 -0.040768 0.322421 -0.141986
128 22.472069 0.000009 -0.000015 -0.054829 -0.727250 0.095024
129 -1.616135 -5.333254 10.147438 0.355524 -0.497922 -0.159521
130 23.451302 0.000002 -0.000015 0.027227 -0.225582 0.033601
131 23.608017 -0.000006 -0.000038 0.012455 -0.176452 0.045302
132 23.536217 -0.000004 -0.000031 0.027997 -0.135122 -0.032052
133 23.233969 -0.000002 0.000008 -0.011430 0.308515 -0.094128
134 22.703678 0.000003 -0.000023 -0.007777 -0.718671 0.024542
135 -1.614502 -0.000000 10.883348 -0.009378 -0.524772 0.009739
136 23.962135 0.000001 -0.000023 -0.004850 -0.230317 0.009769
137 23.938961 -0.000003 0.000015 -0.003895 -0.186534 0.010724
138 23.736021 -0.000003 -0.000015 0.022570 -0.156119 -0.031403
139 23.354969 0.000005 -0.000031 0.021293 0.295250 -0.049333
140 22.798939 -0.000009 -0.000023 0.054784 -0.740846 -0.065510
141 -1.616119 5.333251 10.147421 -0.373584 -0.495170 0.178274
142 23.451317 -0.000009 0.000000 -0.036898 -0.229468 -0.014574
143 23.608017 -0.000003 -0.000038 -0.020703 -0.181458 -0.024675
144 23.536240 -0.000002 -0.000015 0.015163 -0.162176 -0.033076
145 23.233973 -0.000019 -0.000031 0.049694 0.287143 -0.008363
146 22.703674 0.000015 -0.000015 0.111749 -0.680942 -0.147795
147 -1.634338 9.854564 8.052345 -0.752108 -0.403955 0.329997
148 22.205261 -0.000001 0.000000 -0.057574 -0.220299 -0.046666
149 22.804443 0.000000 -0.000084 -0.031861 -0.160284 -0.061829
150 23.051626 -0.000006 -0.000008 0.004360 -0.155173 -0.039518
151 22.939976 -0.000006 -0.000015 0.064531 0.278258 0.033057
152 22.472073 -0.000002 -0.000031 0.142085 -0.701628 -0.229402
153 -1.699203 12.875608 4.918522 -1.156033 -0.244965 0.439096
154 20.938599 0.000015 0.000000 -0.053311 -0.193699 -0.088887
155 21.993587 -0.000008 -0.000053 -0.034234 -0.121301 -0.097874
156 22.563789 0.000002 -0.000015 -0.009713 -0.141154 -0.049569
157 22.643347 0.000006 -0.000031 0.056831 0.255396 0.065367
158 22.238029 -0.000008 -0.000015 0.099374 -0.711240 -0.240530
159 -1.833786 13.936458 1.224503 -1.583928 -0.034906 0.476860
160 20.406960 0.000006 -0.000046 -0.023484 -0.140777 -0.126215
161 21.655502 0.000008 -0.000015 -0.027349 -0.066512 -0.122719
162 22.360641 0.000002 -0.000031 0.000236 -0.198785 -0.081933
163 22.519661 0.000002 -0.000023 0.052240 0.139552 0.036627
164 22.140366 0.000002 -0.000015 0.076640 -0.649222 -0.225035
165 -1.972565 12.875610 -3.614557 -1.851614 0.090910 0.433607
166 20.655167 0.000010 -0.000023 -0.010538 -0.094122 -0.131061
167 21.762253 0.000004 -0.000015 -0.029323 -0.027100 -0.122507
168 22.392151 0.000010 -0.000023 -0.040665 -0.129364 -0.070724
169 22.541344 0.000011 -0.000031 -0.022252 0.150914 0.060635
170 22.217503 0.000010 -0.000015 -0.081074 -0.575190 -0.092906
171 -1.967316 9.854567 -7.722437 -2.179651 0.191087 0.322463
172 21.272713 -0.000001 0.000000 0.001879 -0.034518 -0.119423
173 22.032516 0.000025 -0.000046 -0.027730 0.018548 -0.110678
174 22.475662 0.000011 -0.000015 -0.049408 -0.142875 -0.079031
175 22.598709 0.000006 -0.000008 -0.055427 0.062143 0.033779
176 22.407976 0.000017 -0.000015 -0.045193 0.152473 -0.094864
177 -1.900848 5.333253 -10.470079 -2.614084 0.251814 0.170598
178 21.914322 0.000005 -0.000015 0.005084 0.026960 -0.078496
179 22.319839 -0.000007 -0.000004 -0.021346 0.067630 -0.074305
180 22.569633 0.000008 -0.000011 -0.041062 -0.149364 -0.090751
181 22.663216 0.000023 -0.000015 -0.056836 -0.017236 -0.031258
182 22.604523 0.000013 -0.000031 -0.043022 0.156700 -0.089320
183 -1.865585 -0.000002 -11.435442 3.133268 0.270854 0.002876
184 22.186668 -0.000003 -0.000008 -0.008823 0.058289 -0.004407
185 22.443726 -0.000002 -0.000008 -0.008486 0.095234 -0.005240
186 22.611549 -0.000004 -0.000015 -0.008389 -0.134074 -0.098553
187 22.692017 0.000005 0.000004 -0.017032 -0.031626 -0.120749
188 22.687649 0.000011 -0.000008 -0.014892 0.168912 -0.095677
189 -1.900848 -5.333257 -10.470072 2.598206 0.249189 -0.164463
190 21.914337 0.000009 -0.000008 -0.021992 0.033990 0.071993
191 22.319817 -0.000025 0.000004 0.005393 0.076019 0.066667
192 22.569626 0.000001 -0.000031 0.027033 -0.102944 -0.094430
193 22.663231 -0.000022 0.000008 0.015335 0.039304 -0.202342
194 22.604523 0.000010 -0.000004 0.023051 0.187728 -0.072833
195 -1.967300 -9.854567 -7.722443 2.164535 0.186134 -0.315202
196 21.272697 -0.000017 0.000000 -0.017104 -0.023194 0.117792
197 22.032471 0.000000 -0.000023 0.013473 0.031758 0.108771
198 22.475685 -0.000010 -0.000031 0.039616 -0.070587 -0.081776
199 22.598701 0.000003 -0.000023 0.010322 0.148705 -0.238544
200 22.407986 -0.000006 -0.000015 0.037371 0.206442 -0.051756
201 -1.972565 -12.875610 -3.614565 1.837108 0.084288 -0.424755
202 20.655159 0.000008 -0.000023 -0.003112 -0.081021 0.134307
203 21.762276 -0.000010 -0.000015 0.016889 -0.012011 0.125973
204 22.392159 -0.000004 -0.000031 0.038039 -0.047715 -0.067314
205 22.541338 -0.000006 -0.000023 -0.015700 0.243262 -0.238803
206 22.217503 0.000008 -0.000008 0.013446 0.210371 -0.021705
207 0.059621 0.456168 0.250107 0.000000 -0.000000 0.000000
208 0.059621 0.456168 0.250107 0.000000 -0.000000 0.000000
time 22
  0 0.059621 0.456168 0.250107 0.000000 -0.000000 0.000000
  1 0.059621 0.456168 0.250107 0.000000 -0.000000 0.000000
  2 0.059621 0.456168 0.250107 0.000000 -0.000000 0.000000
  3 0.059621 0.456168 0.250107 0.000000 -0.000000 0.000000
  4 0.059621 0.456168 0.250107 0.000000 -0.000000 0.000000
  5 0.059621 0.456168 0.250107 0.000000 -0.000000 0.000000
  6 0.059621 0.456168 0.250107 0.000000 -0.000000 0.000000
  7 0.059621 0.456168 0.250107 0.000000 -0.000000 0.000000
  8 0.059621 0.456168 0.250107 0.000000 -0.000000 0.000000
  9 0.059621 0.456168 0.250107 0.000000 -0.000000 0.000000
 10 107.907227 9.191807 154.010239 -1.232253 -0.202170 1.491724
 11 24.668251 0.000015 -0.000038 0.990916 -0.194459 -0.538241
 12 30.380157 -0.000015 0.000015 1.861816 0.632738 0.785449
 13 19.902098 -0.000015 0.000000 -0.043789 -1.103897 -0.013924
 14 -88.350739 -21.637981 99.324615 -1.135481 -2.794471 -1.558737
 15 35.349518 0.000004 0.000015 -1.438312 -0.070238 0.507972
 16 37.124329 0.000000 -0.000015 -2.165109 0.191828 0.409702
 17 0.059621 0.456168 0.250107 0.064768 -0.005215 -0.156772
 18 0.059621 -22.661495 81.018059 3.141593 1.420663 1.570796
 19 -65.799545 -0.000020 1.142858 -0.000000 0.000514 3.141077
 20 11.181595 0.005760 -0.002409 -0.000000 0.254797 0.000515
 21 27.835175 -0.000000 0.000015 -3.141592 -0.129896 -0.000000
 22 5.330399 -0.000001 -0.000004 -3.070919 -0.014572 0.003512
 23 10.134888 -4.133393 3.834202 -0.681865 -1.173930 -2.497280
 24 10.134903 4.133399 3.834202 0.681898 -1.173919 2.497250
 25 22.592361 0.000010 17.467117 -0.000010 2.956431 0.000000
 26 21.199997 -7.744008 14.169521 -0.644457 -0.154503 -3.025319
 27 18.142014 -13.440228 7.965778 1.228366 -0.180197 3.082644
 28 21.199966 7.744024 14.169506 0.644460 -0.154503 3.025318
 29 18.141998 13.440241 7.965775 -0.316157 -0.180196 -3.082644
 30 11.858871 -13.360001 3.526516 1.542249 3.132957 0.174415
 31 9.463272 -16.404867 -2.906044 1.542282 3.132901 0.176490
 32 9.125244 -10.885475 -11.371325 0.000496 2.962373 0.000256
 33 11.858841 13.360006 3.526474 -1.542248 3.132957 -0.174414
 34 9.463242 16.404865 -2.906023 -1.542281 3.132900 -0.176490
 35 9.125275 10.885475 -11.371304 -0.000492 2.962373 0.000256
 36 9.023224 -0.000003 -17.296177 0.000180 -0.167048 -3.141356
 37 12.691391 -0.000002 -19.438763 -0.000096 2.049210 -0.000309
 38 10.989410 0.000002 -0.000015 0.165274 -0.996857 -0.301240
 39 12.871460 -10.586842 -15.652472 1.082813 2.477694 0.851709
 40 10.727005 0.000007 -0.000031 0.130492 -0.967639 0.082919
 41 12.871460 10.586843 -15.652471 -1.028720 2.429788 -0.816533
 42 10.726990 -0.000023 0.000000 0.278313 -0.882330 -0.764556
 43 12.847229 -17.570086 -4.701336 1.309970 2.673129 1.027801
 44 11.496506 0.000008 -0.000031 0.183703 -0.869426 0.103828
 45 12.847183 17.570086 -4.701359 -1.273343 2.618311 -1.009362
 46 11.496460 0.000002 0.000000 0.142571 -0.807468 -0.709858
 47 28.485962 0.000011 16.460361 -0.010063 0.426839 -0.035665
 48 23.052750 -6.207911 -0.077290 -1.470206 0.035100 -1.833545
 49 9.436909 -0.000008 -0.000031 -0.064611 0.374007 0.287131
 50 31.269325 0.000011 -0.000015 0.045189 -0.165403 -0.197312
 51 28.756500 0.000008 0.000000 0.041016 -0.333101 -0.044347
 52 2.251984 -2.464405 -1.141632 0.481305 0.508197 -0.319329
 53 3.674042 -0.000011 0.000015 -0.277611 0.179024 0.194713
 54 3.614689 0.000013 -0.000015 0.013156 0.193871 -0.001558
 55 9.035503 -2.494946 0.484558 -0.001362 0.302449 0.001673
 56 2.943577 0.000004 -0.000015 0.010585 0.293657 -0.007800
 57 2.649429 0.000004 0.000015 -0.006498 0.303243 0.008512
 58 9.093620 -0.386669 0.647720 0.020190 0.475380 -0.012607
 59 3.451889 0.000002 -0.000015 -0.014209 0.528778 0.009212
 60 2.898193 0.000002 0.000031 -0.000683 0.490858 0.000916
 61 8.894585 1.605852 0.371918 -0.000566 0.547851 0.000704
 62 3.130398 0.000002 0.000046 0.003896 0.567158 -0.005064
 63 2.629539 0.000002 -0.000038 0.004892 0.544388 -0.006589
 64 8.470627 3.459530 0.131516 -0.021715 0.541478 0.011456
 65 2.410263 -0.000004 -0.000046 0.022815 0.529939 -0.013321
 66 2.000793 0.000004 0.000008 -0.005415 0.533618 0.007402
 67 23.052750 6.207910 -0.077305 1.481823 0.058643 2.080206
 68 9.436897 0.000023 -0.000015 0.419365 0.058918 -0.150564
 69 31.269348 -0.000015 -0.000031 -0.706408 -0.084789 0.265549
 70 28.756512 -0.000015 -0.000031 0.205804 -0.138519 -0.063772
 71 2.251884 2.464409 -1.141556 -0.513217 0.249535 0.112914
 72 3.674088 0.000000 -0.000015 0.331388 -0.059506 -0.325011
 73 3.614677 0.000004 0.000015 0.067360 -0.216133 -0.086857
 74 9.035412 2.494949 0.484421 0.001362 -0.011534 -0.001673
 75 2.943573 -0.000002 -0.000031 -0.011497 -0.020268 0.014556
 76 2.649441 0.000000 0.000015 0.006498 -0.010740 -0.008512
 77 9.093670 0.386669 0.647781 -0.018031 0.093461 0.020165
 78 3.451870 -0.000001 -0.000015 0.014953 0.008589 -0.019838
 79 2.898197 -0.000004 -0.000015 0.000683 -0.029445 -0.000917
 80 8.894402 -1.605854 0.371918 0.000566 0.090541 -0.000704
 81 3.130440 0.000000 -0.000061 -0.003896 -0.009289 0.005063
 82 2.629528 -0.000002 0.000015 -0.004892 -0.032059 0.006589
 83 8.470592 -3.459523 0.131393 0.018786 0.137518 -0.020073
 84 2.410278 0.000000 -0.000015 -0.024238 -0.029075 0.031299
 85 2.000748 0.000002 0.000031 0.005415 -0.025697 -0.007402
 86 9.832336 1.463062 -1.299438 0.016523 -0.031798 -0.020624
 87 25.040604 -5.670406 5.432796 -1.312159 -0.224887 -2.136065
 88 28.779694 -6.856311 -0.811420 -1.466235 0.019064 -1.725377
 89 29.182297 -3.955567 -4.961964 0.881869 2.552753 0.503940
 90 25.040573 5.670407 5.432758 1.296833 -0.398765 2.185823
 91 28.779739 6.856311 -0.811405 1.466235 0.019065 1.725381
 92 29.182281 3.955564 -4.961941 -0.881870 2.552752 -0.503941
 93 -65.335648 -0.000020 1.140920 -3.141591 0.012757 0.000000
 94 26.290909 -12.205289 1.157885 -2.069698 0.007439 0.060830
 95 49.071045 0.000002 0.000006 2.108728 0.285031 -0.443121
 96 61.871304 -0.000015 -0.000036 3.056473 0.307089 0.069560
 97 26.290909 12.205297 1.157843 2.040787 0.152515 -0.155396
 98 49.071060 0.000008 -0.000036 -1.712002 0.461325 1.244399
 99 61.871273 0.000022 -0.000050 -2.943593 0.664593 0.106378
100 -0.698074 -11.192116 -8.252769 1.230554 -0.430338 -0.723513
101 20.568237 0.000000 -0.000008 -0.074442 -0.185396 0.185100
102 0.223770 -5.734809 -12.929607 2.925343 0.517491 -0.420535
103 20.803574 -0.000015 -0.000015 -0.020305 0.021023 0.519787
104 -1.040024 -3.033968 12.140511 1.528690 0.112349 -1.286730
105 -1.040009 3.034004 12.140501 -1.528691 0.112352 1.286729
106 4.165436 -5.407045 12.088394 1.083656 -1.038909 -0.755441
107 16.599442 -0.000002 -0.000031 0.088440 -0.470545 0.278560
108 4.165466 5.407081 12.088383 -0.987035 -1.003387 0.640409
109 16.599373 0.000015 -0.000015 -0.082601 -0.018693 -0.311460
110 6.428375 0.000001 -0.288948 -0.000001 0.032154 0.000000
111 -1.833771 -13.936463 1.224503 1.568773 -0.023388 -0.431462
112 20.406952 0.000000 -0.000023 0.011921 -0.127022 0.124339
113 21.655487 0.000000 -0.000015 0.014853 -0.084927 0.141851
114 22.360672 -0.000004 -0.000031 0.027211 -0.085486 -0.014133
115 22.519657 -0.000004 -0.000015 -0.035363 0.277544 -0.184780
116 22.140400 -0.000010 -0.000023 -0.014142 -0.444354 0.038087
117 -1.699203 -12.875612 4.918509 1.133468 -0.219009 -0.392530
118 20.938606 0.000015 -0.000008 0.043192 -0.178129 0.095255
119 21.993607 -0.000008 -0.000053 0.022817 -0.144793 0.123497
120 22.563786 -0.000015 0.000000 0.028015 -0.120478 -0.010293
121 22.643353 -0.000001 -0.000031 -0.046503 0.292864 -0.158291
122 22.238060 -0.000004 -0.000031 -0.056535 -0.508070 0.082700
123 -1.634338 -9.854568 8.052345 0.726315 -0.367066 -0.288604
124 22.205284 0.000005 -0.000023 0.047960 -0.206163 0.059659
125 22.804382 0.000002 -0.000038 0.021700 -0.188900 0.089010
126 23.051659 0.000006 0.000000 0.026951 -0.160569 -0.011163
127 22.939983 0.000013 -0.000046 -0.034782 0.284269 -0.119043
128 22.472076 0.000010 -0.000015 -0.055943 -0.628674 0.086510
129 -1.616135 -5.333254 10.147438 0.349728 -0.451412 -0.146839
130 23.451302 0.000001 -0.000011 0.027632 -0.218205 0.031487
131 23.608025 -0.000004 -0.000031 0.011479 -0.214721 0.049883
132 23.536226 -0.000002 -0.000031 0.025275 -0.195074 -0.017727
133 23.233969 0.000002 0.000023 -0.007973 0.265782 -0.079837
134 22.703674 0.000010 -0.000023 -0.009838 -0.622386 0.022366
135 -1.614532 -0.000000 10.883350 -0.008962 -0.477137 0.008964
136 23.962135 0.000001 -0.000031 -0.004685 -0.222561 0.009442
137 23.938965 -0.000003 0.000008 -0.003842 -0.224576 0.010373
138 23.736025 -0.000004 -0.000023 0.022369 -0.216124 -0.029536
139 23.354967 0.000005 -0.000031 0.022006 0.250830 -0.045340
140 22.798935 -0.000010 -0.000023 0.050566 -0.644101 -0.060250
141 -1.616135 5.333251 10.147421 -0.367233 -0.448928 0.164136
142 23.451309 -0.000009 0.000000 -0.037227 -0.221987 -0.013273
143 23.608017 -0.000002 -0.000038 -0.019339 -0.219680 -0.029875
144 23.536243 0.000000 -0.000015 0.016967 -0.220731 -0.043092
145 23.233974 -0.000019 -0.000023 0.048175 0.244016 -0.012102
146 22.703671 0.000015 -0.000015 0.106679 -0.589372 -0.136344
147 -1.634338 9.854566 8.052345 -0.742590 -0.362372 0.304109
148 22.205269 0.000001 0.000000 -0.058065 -0.213776 -0.043408
149 22.804443 0.000002 -0.000076 -0.029974 -0.198555 -0.071588
150 23.051632 -0.000008 -0.000008 0.008413 -0.210016 -0.061019
151 22.939974 -0.000008 -0.000015 0.060821 0.239894 0.019285
152 22.472069 0.000001 -0.000031 0.137780 -0.606554 -0.213606
153 -1.699219 12.875608 4.918524 -1.148451 -0.212773 0.405430
154 20.938599 0.000019 -0.000008 -0.054233 -0.189215 -0.082843
155 21.993584 -0.000010 -0.000061 -0.031918 -0.158214 -0.110630
156 22.563791 -0.000004 -0.000015 -0.003932 -0.188475 -0.079431
157 22.643347 0.000002 -0.000038 0.052322 0.225740 0.043649
158 22.238029 -0.000013 -0.000015 0.099363 -0.614434 -0.226819
159 -1.833771 13.936458 1.224503 -1.583183 -0.016645 0.441425
160 20.406960 0.000006 -0.000046 -0.024378 -0.139882 -0.117541
161 21.655502 0.000010 -0.000008 -0.025581 -0.100019 -0.135001
162 22.360649 0.000004 -0.000023 0.008212 -0.229324 -0.113791
163 22.519661 0.000002 -0.000015 0.050318 0.125933 0.012658
164 22.140377 0.000001 -0.000008 0.080384 -0.559316 -0.214870
165 -1.972595 12.875610 -3.614557 -1.854617 0.100490 0.402268
166 20.655174 0.000008 -0.000015 -0.011069 -0.095940 -0.121673
167 21.762253 0.000006 -0.000023 -0.028125 -0.055972 -0.133076
168 22.392151 0.000013 -0.000023 -0.035210 -0.152749 -0.101028
169 22.541336 0.000011 -0.000015 -0.024324 0.144267 0.035612
170 22.217493 0.000010 -0.000023 -0.070401 -0.489529 -0.095138
171 -1.967316 9.854567 -7.722439 -2.184150 0.193758 0.299726
172 21.272736 0.000004 -0.000015 0.001853 -0.039540 -0.110389
173 22.032516 0.000027 -0.000053 -0.027127 -0.003212 -0.118460
174 22.475677 0.000008 -0.000015 -0.044886 -0.149731 -0.103748
175 22.598721 0.000017 -0.000008 -0.055378 0.067939 0.012761
176 22.407976 0.000023 -0.000023 -0.043551 0.125177 -0.092664
177 -1.900864 5.333253 -10.470083 -2.617060 0.250346 0.158815
178 21.914314 0.000010 -0.000023 0.005400 0.018183 -0.072349
179 22.319839 -0.000005 -0.000004 -0.021293 0.052407 -0.078530
180 22.569626 0.000006 -0.000008 -0.039054 -0.139981 -0.103411
181 22.663216 0.000023 -0.000015 -0.056462 0.000086 -0.041546
182 22.604525 0.000015 -0.000031 -0.041750 0.128473 -0.087906
183 -1.865585 -0.000002 -11.435444 3.133570 0.267906 0.002588
184 22.186699 -0.000004 -0.000008 -0.008764 0.047169 -0.004369
185 22.443726 -0.000002 -0.000008 -0.008835 0.082629 -0.005299
186 22.611549 -0.000004 -0.000008 -0.009352 -0.117702 -0.092012
187 22.692024 0.000008 0.000008 -0.017460 -0.008228 -0.112925
188 22.687658 0.000015 -0.000008 -0.014151 0.140199 -0.096262
189 -1.900864 -5.333257 -10.470076 2.601080 0.247890 -0.153098
190 21.914345 0.000007 -0.000008 -0.022287 0.024839 0.066061
191 22.319832 -0.000029 -0.000004 0.005268 0.060459 0.070595
192 22.569633 -0.000003 -0.000023 0.023900 -0.096856 -0.070627
193 22.663235 -0.000022 0.000008 0.015353 0.053534 -0.179796
194 22.604523 0.000010 0.000000 0.023055 0.159242 -0.075456
195 -1.967285 -9.854567 -7.722448 2.168748 0.189132 -0.292974
196 21.272713 -0.000016 -0.000008 -0.017217 -0.028793 0.108663
197 22.032478 0.000000 -0.000023 0.012989 0.009493 0.115917
198 22.475677 -0.000010 -0.000031 0.035719 -0.082401 -0.048081
199 22.598705 0.000000 -0.000023 0.013272 0.149968 -0.207014
200 22.407990 -0.000005 -0.000023 0.036657 0.178712 -0.055464
201 -1.972580 -12.875610 -3.614565 1.839988 0.094327 -0.394016
202 20.655182 0.000006 -0.000031 -0.002716 -0.083428 0.124567
203 21.762276 -0.000006 -0.000015 0.015840 -0.041337 0.135661
204 22.392166 -0.000008 -0.000038 0.034107 -0.076560 -0.029867
205 22.541340 -0.000010 -0.000031 -0.009771 0.232783 -0.204638
206 22.217508 0.000003 -0.000015 0.012139 0.183571 -0.024948
207 0.059621 0.456168 0.250107 0.000000 -0.000000 0.000000
208 0.059621 0.456168 0.250107 0.000000 -0.000000 0.000000
time 23
  0 0.059621 0.456168 0.250107 0.000000 -0.000000 0.000000
  1 0.059621 0.456168 0.250107 0.000000 -0.000000 0.000000
  2 0.059621 0.456168 0.250107 0.000000 -0.000000 0.000000
  3 0.059621 0.456168 0.250107 0.000000 -0.000000 0.000000
  4 0.059621 0.456168 0.250107 0.000000 -0.000000 0.000000
  5 0.059621 0.456168 0.250107 0.000000 -0.000000 0.000000
  6 0.059621 0.456168 0.250107 0.000000 -0.000000 0.000000
  7 0.059621 0.456168 0.250107 0.000000 -0.000000 0.000000
  8 0.059621 0.456168 0.250107 0.000000 -0.000000 0.000000
  9 0.059621 0.456168 0.250107 0.000000 -0.000000 0.000000
 10 110.267029 14.888137 154.010239 -1.233902 -0.179432 1.498540
 11 24.668251 0.000000 -0.000046 1.005366 -0.238163 -0.600851
 12 30.380157 0.000000 0.000015 1.861055 0.541854 0.837612
 13 19.902100 -0.000015 -0.000015 -0.021521 -1.146245 -0.004468
 14 -88.350739 -21.637981 100.841728 -1.140517 -2.824155 -1.548361
 15 35.349518 0.000000 0.000015 -1.439365 -0.077428 0.519857
 16 37.124332 -0.000015 -0.000008 -2.184977 0.168282 0.402698
 17 0.059621 0.456168 0.250107 0.064768 -0.005215 -0.156772
 18 0.059621 -22.661495 83.215477 3.141593 1.420663 1.570796
 19 -65.799538 -0.000020 1.142858 -0.000000 0.000515 3.141077
 20 11.181595 0.005760 -0.002409 -0.000000 0.254797 0.000515
 21 27.835175 0.000000 0.000015 -3.141592 -0.129896 -0.000000
 22 5.330399 -0.000001 -0.000004 -3.070919 -0.014572 0.003512
 23 10.134888 -4.133393 3.834202 -0.681865 -1.173930 -2.497280
 24 10.134903 4.133399 3.834198 0.681899 -1.173920 2.497250
 25 22.592346 0.000010 17.467117 -0.000010 2.956431 0.000000
 26 21.199982 -7.744007 14.169521 -0.644457 -0.154503 -3.025319
 27 18.142014 -13.440228 7.965775 1.228366 -0.180197 3.082644
 28 21.199951 7.744024 14.169502 0.644460 -0.154503 3.025318
 29 18.141998 13.440241 7.965771 -0.316157 -0.180196 -3.082644
 30 11.858856 -13.360000 3.526516 1.542249 3.132957 0.174415
 31 9.463272 -16.404867 -2.906044 1.542282 3.132901 0.176490
 32 9.125244 -10.885476 -11.371326 0.000496 2.962373 0.000256
 33 11.858841 13.360006 3.526474 -1.542248 3.132957 -0.174414
 34 9.463242 16.404867 -2.906023 -1.542281 3.132900 -0.176490
 35 9.125275 10.885474 -11.371307 -0.000492 2.962373 0.000256
 36 9.023224 -0.000002 -17.296177 0.000180 -0.167048 -3.141356
 37 12.691391 -0.000002 -19.438766 0.000248 2.187859 0.000519
 38 10.989410 0.000002 0.000000 0.141425 -0.948390 -0.257770
 39 12.871460 -10.586842 -15.652473 0.998326 2.548611 0.708248
 40 10.726990 0.000006 -0.000015 0.082160 -0.920167 0.118952
 41 12.871460 10.586843 -15.652472 -0.939246 2.506987 -0.672700
 42 10.726990 -0.000023 0.000031 0.273297 -0.844290 -0.722446
 43 12.847214 -17.570086 -4.701340 1.249153 2.713369 0.887714
 44 11.496498 0.000008 -0.000015 0.124673 -0.829345 0.141838
 45 12.847183 17.570087 -4.701361 -1.204864 2.663525 -0.866925
 46 11.496475 -0.000002 0.000000 0.159073 -0.773262 -0.678426
 47 28.485962 0.000011 16.460358 -0.010063 0.426839 -0.035665
 48 23.052765 -6.207910 -0.077286 -1.470206 0.035100 -1.833545
 49 9.436909 -0.000008 -0.000031 -0.054392 0.387370 0.310435
 50 31.269333 0.000011 -0.000031 0.039170 -0.167694 -0.160106
 51 28.756516 0.000011 -0.000031 0.041016 -0.333101 -0.044347
 52 2.251987 -2.464409 -1.141632 0.481305 0.508197 -0.319329
 53 3.674046 -0.000015 0.000015 -0.277611 0.179024 0.194713
 54 3.614700 0.000010 -0.000015 0.013156 0.193871 -0.001558
 55 9.035503 -2.494946 0.484558 -0.001362 0.302449 0.001673
 56 2.943577 0.000000 -0.000015 0.010585 0.293657 -0.007800
 57 2.649433 -0.000002 0.000015 -0.006498 0.303243 0.008512
 58 9.093620 -0.386671 0.647705 0.020190 0.475380 -0.012607
 59 3.451881 0.000004 0.000015 -0.014209 0.528778 0.009212
 60 2.898178 0.000000 0.000031 -0.000683 0.490858 0.000916
 61 8.894588 1.605850 0.371902 -0.000566 0.547851 0.000704
 62 3.130413 0.000000 0.000031 0.003896 0.567158 -0.005064
 63 2.629539 0.000002 -0.000038 0.004892 0.544388 -0.006589
 64 8.470623 3.459526 0.131485 -0.021715 0.541478 0.011456
 65 2.410275 0.000000 -0.000046 0.022815 0.529939 -0.013321
 66 2.000786 0.000006 0.000015 -0.005415 0.533618 0.007402
 67 23.052765 6.207911 -0.077301 1.481823 0.058643 2.080206
 68 9.436897 0.000027 0.000000 0.418534 0.065429 -0.167524
 69 31.269352 -0.000015 -0.000031 -0.706378 -0.126604 0.232667
 70 28.756512 -0.000015 -0.000031 0.205804 -0.138519 -0.063772
 71 2.251900 2.464407 -1.141556 -0.513217 0.249535 0.112914
 72 3.674076 0.000000 -0.000015 0.331388 -0.059506 -0.325011
 73 3.614681 0.000011 0.000015 0.067360 -0.216133 -0.086857
 74 9.035408 2.494946 0.484421 0.001362 -0.011534 -0.001673
 75 2.943562 0.000000 -0.000031 -0.011497 -0.020268 0.014556
 76 2.649445 0.000000 0.000015 0.006498 -0.010740 -0.008512
 77 9.093681 0.386671 0.647766 -0.018031 0.093461 0.020165
 78 3.451859 0.000002 0.000015 0.014953 0.008589 -0.019838
 79 2.898205 -0.000003 0.000000 0.000683 -0.029445 -0.000917
 80 8.894413 -1.605852 0.371918 0.000566 0.090541 -0.000704
 81 3.130432 0.000000 -0.000046 -0.003896 -0.009289 0.005063
 82 2.629520 0.000000 0.000031 -0.004892 -0.032059 0.006589
 83 8.470596 -3.459523 0.131378 0.018786 0.137518 -0.020073
 84 2.410278 0.000000 -0.000015 -0.024238 -0.029075 0.031299
 85 2.000751 0.000001 0.000015 0.005415 -0.025697 -0.007402
 86 9.832340 1.463058 -1.299423 0.016523 -0.031798 -0.020624
 87 25.040604 -5.670404 5.432800 -1.312160 -0.224887 -2.136065
 88 28.779694 -6.856310 -0.811424 -1.466235 0.019064 -1.725377
 89 29.182312 -3.955566 -4.961960 0.881869 2.552753 0.503940
 90 25.040573 5.670409 5.432758 1.296833 -0.398765 2.185823
 91 28.779739 6.856312 -0.811401 1.466235 0.019065 1.725381
 92 29.182297 3.955564 -4.961937 -0.881870 2.552752 -0.503941
 93 -65.335640 -0.000020 1.140920 -3.141591 0.016776 0.000000
 94 26.290924 -12.205290 1.157883 -2.069917 0.004327 0.061365
 95 49.071037 0.000004 0.000005 2.107631 0.286715 -0.446926
 96 61.871307 -0.000022 -0.000023 3.056196 0.304319 0.069838
 97 26.290924 12.205296 1.157843 2.041251 0.149424 -0.155867
 98 49.071060 0.000006 -0.000038 -1.736538 0.457369 1.193918
 99 61.871277 0.000024 -0.000050 -2.943733 0.661817 0.105924
100 -0.698074 -11.192116 -8.252769 1.206473 -0.388315 -0.662970
101 20.568237 -0.000002 0.000000 -0.078959 -0.155200 0.179725
102 0.223785 -5.734810 -12.929607 2.943256 0.495704 -0.383552
103 20.803574 -0.000019 -0.000015 -0.016950 0.042803 0.498552
104 -1.040009 -3.033968 12.140514 1.531918 0.111380 -1.286984
105 -1.039993 3.034004 12.140507 -1.531919 0.111383 1.286983
106 4.165436 -5.407045 12.088396 0.973278 -0.955313 -0.624063
107 16.599445 -0.000002 -0.000031 0.088272 -0.450334 0.283652
108 4.165482 5.407081 12.088385 -0.999631 -1.009461 0.654493
109 16.599380 0.000008 -0.000015 -0.084112 -0.076720 -0.313060
110 6.428391 0.000001 -0.288942 -0.000001 0.028135 -0.000000
111 -1.833771 -13.936463 1.224504 1.568370 -0.003262 -0.395638
112 20.406944 -0.000002 -0.000015 0.013231 -0.117483 0.109850
113 21.655502 -0.000004 -0.000015 0.013300 -0.113778 0.147934
114 22.360683 -0.000006 -0.000023 0.021390 -0.130819 0.023642
115 22.519661 -0.000006 -0.000015 -0.025692 0.241239 -0.138490
116 22.140396 -0.000007 -0.000031 -0.019137 -0.354892 0.030012
117 -1.699219 -12.875613 4.918510 1.126816 -0.184093 -0.359096
118 20.938606 0.000017 0.000008 0.044799 -0.162677 0.083863
119 21.993614 -0.000004 -0.000061 0.020953 -0.175096 0.131102
120 22.563786 -0.000011 -0.000008 0.021478 -0.176065 0.025053
121 22.643347 0.000009 -0.000031 -0.037106 0.243237 -0.116993
122 22.238056 -0.000002 -0.000031 -0.059424 -0.414489 0.072568
123 -1.634338 -9.854568 8.052349 0.717919 -0.322250 -0.263679
124 22.205307 0.000007 -0.000015 0.049193 -0.187482 0.052382
125 22.804390 0.000002 -0.000038 0.020066 -0.219618 0.095193
126 23.051662 0.000010 -0.000008 0.021084 -0.221733 0.015301
127 22.939980 0.000008 -0.000031 -0.027954 0.225788 -0.087842
128 22.472076 0.000008 -0.000015 -0.057000 -0.525873 0.077633
129 -1.616135 -5.333253 10.147442 0.344516 -0.401856 -0.134124
130 23.451309 0.000001 -0.000015 0.028305 -0.198169 0.027812
131 23.608025 -0.000005 -0.000031 0.010527 -0.245043 0.053003
132 23.536228 -0.000005 -0.000038 0.021715 -0.257981 -0.003060
133 23.233965 0.000001 0.000023 -0.004601 0.202759 -0.060985
134 22.703690 0.000008 -0.000023 -0.011937 -0.524356 0.020150
135 -1.614532 -0.000000 10.883354 -0.008925 -0.426372 0.008189
136 23.962135 0.000001 -0.000023 -0.004932 -0.202121 0.008828
137 23.938957 -0.000003 0.000023 -0.003530 -0.254608 0.009868
138 23.736019 -0.000004 -0.000023 0.021621 -0.278871 -0.027595
139 23.354973 0.000005 -0.000023 0.022602 0.186450 -0.039304
140 22.798935 -0.000010 -0.000023 0.046272 -0.545603 -0.054894
141 -1.616135 5.333251 10.147427 -0.361436 -0.399629 0.149951
142 23.451309 -0.000008 0.000015 -0.037739 -0.201791 -0.010705
143 23.608017 -0.000005 -0.000038 -0.018299 -0.249938 -0.033758
144 23.536238 -0.000001 -0.000023 0.019748 -0.282122 -0.053820
145 23.233974 -0.000020 -0.000023 0.046362 0.181116 -0.019555
146 22.703671 0.000012 0.000000 0.101500 -0.497801 -0.124893
147 -1.634338 9.854565 8.052347 -0.733858 -0.318025 0.277930
148 22.205254 -0.000002 0.000004 -0.059210 -0.194759 -0.037156
149 22.804436 0.000000 -0.000076 -0.028168 -0.229100 -0.078639
150 23.051634 -0.000008 0.000000 0.014124 -0.268081 -0.083279
151 22.939974 -0.000008 0.000000 0.056617 0.181921 -0.000604
152 22.472069 -0.000002 -0.000038 0.133258 -0.509757 -0.197525
153 -1.699219 12.875607 4.918524 -1.141837 -0.178435 0.371009
154 20.938606 0.000014 -0.000008 -0.055892 -0.173200 -0.072336
155 21.993599 -0.000006 -0.000069 -0.029898 -0.188159 -0.119269
156 22.563797 0.000002 -0.000031 0.003426 -0.239464 -0.110010
157 22.643358 -0.000002 -0.000038 0.046677 0.177819 0.013165
158 22.238037 -0.000017 -0.000023 0.099349 -0.513478 -0.212521
159 -1.833786 13.936458 1.224504 -1.582974 0.002921 0.404847
160 20.406967 0.000002 -0.000031 -0.025840 -0.129615 -0.103630
161 21.655518 0.000008 -0.000008 -0.023916 -0.128315 -0.142158
162 22.360638 0.000004 -0.000023 0.017228 -0.264064 -0.145400
163 22.519659 -0.000004 -0.000015 0.048634 0.097952 -0.020327
164 22.140369 0.000000 -0.000008 0.084158 -0.467679 -0.204521
165 -1.972580 12.875610 -3.614555 -1.858117 0.110916 0.369814
166 20.655174 0.000008 -0.000023 -0.011975 -0.090508 -0.107365
167 21.762245 0.000010 -0.000023 -0.026902 -0.081338 -0.138424
168 22.392159 0.000015 -0.000023 -0.029110 -0.180673 -0.130531
169 22.541340 0.000011 -0.000023 -0.027445 0.125807 0.001388
170 22.217499 0.000010 -0.000023 -0.059535 -0.402205 -0.097501
171 -1.967300 9.854567 -7.722439 -2.188751 0.196975 0.276178
172 21.272720 0.000006 -0.000008 0.001674 -0.040129 -0.097271
173 22.032516 0.000029 -0.000046 -0.026403 -0.023837 -0.121383
174 22.475670 0.000010 -0.000015 -0.040442 -0.161104 -0.127047
175 22.598722 0.000013 -0.000015 -0.055709 0.067257 -0.015626
176 22.407982 0.000017 -0.000023 -0.041996 0.099309 -0.090579
177 -1.900833 5.333253 -10.470087 -2.620188 0.249291 0.146613
178 21.914330 0.000009 -0.000023 0.005741 0.011268 -0.063733
179 22.319839 -0.000005 -0.000008 -0.020922 0.035725 -0.079473
180 22.569626 0.000007 -0.000011 -0.036875 -0.135306 -0.114823
181 22.663212 0.000031 -0.000015 -0.055999 0.016046 -0.055426
182 22.604525 0.000019 -0.000031 -0.040544 0.101723 -0.086566
183 -1.865570 -0.000002 -11.435448 3.133178 0.265585 0.002407
184 22.186684 -0.000004 -0.000004 -0.008693 0.037192 -0.004045
185 22.443718 -0.000002 -0.000008 -0.008425 0.067166 -0.005256
186 22.611549 -0.000004 -0.000008 -0.010314 -0.107704 -0.086049
187 22.692024 0.000006 0.000008 -0.017502 0.011799 -0.105625
188 22.687653 0.000013 -0.000008 -0.013449 0.112988 -0.096815
189 -1.900848 -5.333256 -10.470074 2.603953 0.247011 -0.141334
190 21.914352 0.000009 -0.000015 -0.022653 0.017447 0.057808
191 22.319832 -0.000025 0.000000 0.004937 0.043304 0.071396
192 22.569626 -0.000003 -0.000034 0.020861 -0.095655 -0.047662
193 22.663242 -0.000026 0.000008 0.016179 0.065164 -0.149789
194 22.604530 0.000007 0.000000 0.023060 0.132247 -0.077941
195 -1.967285 -9.854567 -7.722448 2.173165 0.192691 -0.269950
196 21.272705 -0.000016 -0.000008 -0.017172 -0.030099 0.095544
197 22.032478 0.000004 -0.000031 0.012261 -0.011819 0.118234
198 22.475685 -0.000013 -0.000031 0.031443 -0.099043 -0.015518
199 22.598709 0.000004 -0.000015 0.017614 0.143635 -0.164955
200 22.407993 -0.000009 -0.000015 0.035980 0.152433 -0.058977
201 -1.972580 -12.875610 -3.614567 1.843227 0.105230 -0.362197
202 20.655174 0.000006 -0.000023 -0.001961 -0.078757 0.109924
203 21.762276 -0.000011 -0.000015 0.014672 -0.067372 0.140064
204 22.392159 -0.000008 -0.000046 0.028986 -0.110302 0.006899
205 22.541340 -0.000006 -0.000031 -0.001861 0.209364 -0.158248
206 22.217505 -0.000001 -0.000023 0.010901 0.158174 -0.028021
207 0.059621 0.456168 0.250107 0.000000 -0.000000 0.000000
208 0.059621 0.456168 0.250107 0.000000 -0.000000 0.000000
time 24
  0 0.059621 0.456168 0.250107 0.000000 -0.000000 0.000000
  1 0.059621 0.456168 0.250107 0.000000 -0.000000 0.000000
  2 0.059621 0.456168 0.250107 0.000000 -0.000000 0.000000
  3 0.059621 0.456168 0.250107 0.000000 -0.000000 0.000000
  4 0.059621 0.456168 0.250107 0.000000 -0.000000 0.000000
  5 0.059621 0.456168 0.250107 0.000000 -0.000000 0.000000
  6 0.059621 0.456168 0.250107 0.000000 -0.000000 0.000000
  7 0.059621 0.456168 0.250107 0.000000 -0.000000 0.000000
  8 0.059621 0.456168 0.250107 0.000000 -0.000000 0.000000
  9 0.059621 0.456168 0.250107 0.000000 -0.000000 0.000000
 10 112.552711 20.405531 154.010239 -1.235500 -0.157408 1.505632
 11 24.668243 0.000015 -0.000042 1.018707 -0.273001 -0.649253
 12 30.380142 0.000000 0.000015 1.833378 0.411949 0.856938
 13 19.902088 -0.000015 -0.000015 -0.003960 -1.107656 -0.009697
 14 -88.350739 -21.637981 102.311188 -1.145394 -2.852907 -1.536757
 15 35.349510 0.000004 0.000008 -1.440298 -0.085144 0.528938
 16 37.124325 0.000000 -0.000008 -2.206228 0.134193 0.392558
 17 0.059621 0.456168 0.250107 0.064768 -0.005215 -0.156772
 18 0.059621 -22.661495 85.883774 3.141593 1.420664 1.570796
 19 -65.799538 -0.000020 1.142859 -0.000000 0.000514 3.141077
 20 11.181580 0.005760 -0.002409 -0.000000 0.254797 0.000515
 21 27.835175 -0.000000 0.000015 -3.141592 -0.129896 -0.000000
 22 5.330383 -0.000001 -0.000004 -3.070919 -0.014572 0.003512
 23 10.134888 -4.133392 3.834202 -0.681865 -1.173930 -2.497280
 24 10.134903 4.133399 3.834202 0.681899 -1.173919 2.497250
 25 22.592346 0.000010 17.467117 -0.000010 2.956431 0.000000
 26 21.199982 -7.744008 14.169521 -0.644457 -0.154503 -3.025319
 27 18.142014 -13.440228 7.965778 1.228366 -0.180197 3.082644
 28 21.199951 7.744024 14.169506 0.644460 -0.154503 3.025318
 29 18.141998 13.440242 7.965775 -0.316157 -0.180196 -3.082644
 30 11.858856 -13.360000 3.526516 1.542249 3.132957 0.174415
 31 9.463272 -16.404867 -2.906044 1.542282 3.132901 0.176490
 32 9.125244 -10.885475 -11.371326 0.000496 2.962373 0.000256
 33 11.858856 13.360007 3.526474 -1.542248 3.132957 -0.174414
 34 9.463257 16.404865 -2.906023 -1.542281 3.132900 -0.176490
 35 9.125275 10.885474 -11.371304 -0.000492 2.962373 0.000256
 36 9.023224 -0.000002 -17.296177 0.000180 -0.167048 -3.141356
 37 12.691391 -0.000002 -19.438763 0.000997 2.307745 0.001011
 38 10.989426 0.000002 -0.000015 0.114842 -0.892970 -0.209317
 39 12.871460 -10.586842 -15.652472 0.939264 2.615878 0.597088
 40 10.727005 0.000008 -0.000015 0.028287 -0.865930 0.159116
 41 12.871445 10.586843 -15.652472 -0.877088 2.579777 -0.563124
 42 10.726990 -0.000023 0.000031 0.268342 -0.800708 -0.674255
 43 12.847214 -17.570086 -4.701336 1.202524 2.754219 0.770280
 44 11.496521 0.000006 -0.000046 0.058875 -0.783428 0.184204
 45 12.847183 17.570087 -4.701359 -1.152807 2.709364 -0.748647
 46 11.496475 0.000000 -0.000015 0.177468 -0.734060 -0.642389
 47 28.485962 0.000011 16.460361 -0.010063 0.426839 -0.035665
 48 23.052750 -6.207911 -0.077293 -1.470206 0.035100 -1.833545
 49 9.436909 -0.000008 -0.000031 -0.044263 0.400978 0.333325
 50 31.269341 0.000008 -0.000031 0.033463 -0.169816 -0.125505
 51 28.756496 0.000010 -0.000031 0.041016 -0.333101 -0.044347
 52 2.251991 -2.464407 -1.141632 0.481305 0.508197 -0.319329
 53 3.674042 -0.000015 0.000015 -0.277611 0.179024 0.194713
 54 3.614700 0.000006 0.000000 0.013156 0.193871 -0.001558
 55 9.035507 -2.494947 0.484558 -0.001362 0.302449 0.001673
 56 2.943584 -0.000002 0.000000 0.010585 0.293657 -0.007800
 57 2.649429 0.000004 0.000000 -0.006498 0.303243 0.008512
 58 9.093628 -0.386671 0.647720 0.020190 0.475380 -0.012607
 59 3.451881 0.000000 0.000000 -0.014209 0.528778 0.009212
 60 2.898178 0.000000 0.000015 -0.000683 0.490858 0.000916
 61 8.894592 1.605850 0.371887 -0.000566 0.547851 0.000704
 62 3.130402 0.000004 0.000046 0.003896 0.567158 -0.005064
 63 2.629532 0.000002 -0.000031 0.004892 0.544388 -0.006589
 64 8.470619 3.459528 0.131500 -0.021715 0.541478 0.011456
 65 2.410267 0.000004 -0.000061 0.022815 0.529939 -0.013321
 66 2.000793 0.000006 0.000000 -0.005415 0.533618 0.007402
 67 23.052750 6.207910 -0.077309 1.481823 0.058643 2.080206
 68 9.436897 0.000023 0.000000 0.417607 0.072101 -0.183952
 69 31.269352 -0.000015 -0.000046 -0.706343 -0.167674 0.200370
 70 28.756512 -0.000010 -0.000046 0.205804 -0.138519 -0.063772
 71 2.251892 2.464409 -1.141556 -0.513217 0.249535 0.112914
 72 3.674088 0.000015 -0.000031 0.331388 -0.059506 -0.325011
 73 3.614685 0.000000 0.000015 0.067360 -0.216133 -0.086857
 74 9.035416 2.494946 0.484436 0.001362 -0.011534 -0.001673
 75 2.943577 0.000002 -0.000031 -0.011498 -0.020268 0.014556
 76 2.649445 -0.000002 0.000015 0.006498 -0.010740 -0.008512
 77 9.093693 0.386671 0.647766 -0.018031 0.093461 0.020165
 78 3.451859 0.000004 0.000000 0.014953 0.008589 -0.019838
 79 2.898201 0.000000 -0.000015 0.000684 -0.029445 -0.000917
 80 8.894409 -1.605852 0.371918 0.000566 0.090541 -0.000704
 81 3.130432 0.000000 -0.000031 -0.003896 -0.009289 0.005063
 82 2.629513 -0.000002 0.000015 -0.004892 -0.032059 0.006589
 83 8.470608 -3.459524 0.131393 0.018786 0.137518 -0.020073
 84 2.410278 0.000002 -0.000015 -0.024238 -0.029075 0.031299
 85 2.000751 0.000000 0.000031 0.005415 -0.025697 -0.007402
 86 9.832352 1.463060 -1.299454 0.016523 -0.031798 -0.020624
 87 25.040604 -5.670406 5.432793 -1.312159 -0.224887 -2.136065
 88 28.779694 -6.856311 -0.811424 -1.466235 0.019064 -1.725377
 89 29.182297 -3.955567 -4.961964 0.881869 2.552753 0.503940
 90 25.040573 5.670407 5.432755 1.296833 -0.398765 2.185823
 91 28.779724 6.856311 -0.811409 1.466235 0.019065 1.725381
 92 29.182281 3.955564 -4.961941 -0.881870 2.552752 -0.503941
 93 -65.335655 -0.000020 1.140919 -3.141591 0.021657 0.000000
 94 26.290924 -12.205289 1.157888 -2.070182 0.000549 0.062015
 95 49.071045 -0.000004 0.000003 2.106299 0.288759 -0.451547
 96 61.871307 -0.000017 -0.000031 3.055859 0.300955 0.070175
 97 26.290924 12.205297 1.157846 2.041815 0.145671 -0.156440
 98 49.071060 0.000011 -0.000038 -1.766332 0.452565 1.132621
 99 61.871269 0.000022 -0.000057 -2.943903 0.658445 0.105373
100 -0.698059 -11.192116 -8.252766 1.187227 -0.348071 -0.609307
101 20.568253 -0.000006 -0.000015 -0.083396 -0.125015 0.174142
102 0.223785 -5.734810 -12.929604 2.958425 0.476161 -0.351157
103 20.803581 -0.000019 -0.000023 -0.013509 0.064196 0.476772
104 -1.040009 -3.033968 12.140514 1.535838 0.110204 -1.287293
105 -1.039993 3.034004 12.140503 -1.535839 0.110207 1.287292
106 4.165451 -5.407045 12.088392 0.896305 -0.870158 -0.526869
107 16.599442 -0.000006 -0.000015 0.088073 -0.429872 0.288584
108 4.165482 5.407081 12.088385 -1.011831 -1.015345 0.668135
109 16.599377 0.000008 -0.000031 -0.085577 -0.132924 -0.314609
110 6.428391 0.000001 -0.288942 -0.000001 0.023255 -0.000000
111 -1.833771 -13.936463 1.224504 1.568616 0.015591 -0.363945
112 20.406960 0.000000 -0.000023 0.014754 -0.099467 0.091702
113 21.655502 -0.000004 -0.000015 0.012447 -0.132780 0.147287
114 22.360661 -0.000004 -0.000023 0.014635 -0.175935 0.056785
115 22.519653 -0.000002 -0.000015 -0.016528 0.192371 -0.085862
116 22.140390 -0.000004 -0.000023 -0.024043 -0.267024 0.022081
117 -1.699203 -12.875612 4.918510 1.121962 -0.151857 -0.329772
118 20.938614 0.000016 0.000000 0.046731 -0.137077 0.069019
119 21.993622 -0.000006 -0.000053 0.020015 -0.193293 0.132616
120 22.563782 -0.000017 -0.000008 0.013765 -0.229816 0.057025
121 22.643347 0.000000 -0.000031 -0.028590 0.179777 -0.069668
122 22.238052 -0.000005 -0.000023 -0.062260 -0.322574 0.062616
123 -1.634338 -9.854568 8.052349 0.711528 -0.280990 -0.242014
124 22.205292 0.000003 -0.000011 0.050704 -0.157715 0.042645
125 22.804390 0.000000 -0.000038 0.019274 -0.237150 0.097057
126 23.051659 0.000007 -0.000008 0.014445 -0.280239 0.039685
127 22.939980 0.000016 -0.000031 -0.022082 0.153265 -0.052396
128 22.472069 0.000008 -0.000023 -0.057981 -0.423073 0.068755
129 -1.616150 -5.333254 10.147442 0.340437 -0.356241 -0.123133
130 23.451317 0.000001 -0.000015 0.029105 -0.166756 0.022903
131 23.608025 -0.000004 -0.000023 0.010146 -0.261878 0.053922
132 23.536221 -0.000002 -0.000031 0.017156 -0.317990 0.010310
133 23.233967 0.000000 0.000015 -0.001606 0.126098 -0.040051
134 22.703678 0.000010 -0.000015 -0.013999 -0.428071 0.017974
135 -1.614517 -0.000000 10.883352 -0.008224 -0.379631 0.007520
136 23.962151 0.000001 -0.000027 -0.004508 -0.170259 0.008240
137 23.938957 -0.000003 0.000015 -0.003713 -0.271090 0.009691
138 23.736023 -0.000003 -0.000023 0.021052 -0.338659 -0.025829
139 23.354969 0.000005 -0.000031 0.022837 0.108906 -0.033131
140 22.798931 -0.000010 -0.000023 0.042054 -0.448859 -0.049634
141 -1.616135 5.333251 10.147427 -0.356869 -0.354229 0.137684
142 23.451324 -0.000009 0.000004 -0.038403 -0.170185 -0.006966
143 23.608017 -0.000004 -0.000031 -0.017736 -0.266655 -0.035667
144 23.536247 -0.000003 -0.000023 0.022970 -0.340715 -0.064195
145 23.233973 -0.000020 -0.000023 0.044242 0.105069 -0.028627
146 22.703678 0.000009 -0.000015 0.096345 -0.409106 -0.113801
147 -1.634338 9.854566 8.052349 -0.727271 -0.277158 0.255154
148 22.205269 -0.000001 0.000008 -0.060683 -0.164573 -0.028528
149 22.804451 0.000001 -0.000076 -0.027223 -0.246357 -0.081579
150 23.051628 -0.000008 -0.000008 0.020762 -0.323711 -0.104422
151 22.939970 -0.000013 -0.000008 0.052796 0.110857 -0.024270
152 22.472073 -0.000013 -0.000031 0.128636 -0.414683 -0.181729
153 -1.699203 12.875608 4.918526 -1.136975 -0.146695 0.340790
154 20.938614 0.000014 0.000000 -0.057850 -0.146941 -0.058381
155 21.993591 -0.000004 -0.000061 -0.028818 -0.205883 -0.121870
156 22.563797 0.000000 -0.000023 0.011621 -0.288936 -0.138208
157 22.643353 0.000006 -0.000038 0.041958 0.117347 -0.022562
158 22.238037 -0.000004 -0.000023 0.099332 -0.412523 -0.198222
159 -1.833771 13.936458 1.224504 -1.583400 0.021281 0.372464
160 20.406975 0.000004 -0.000038 -0.027553 -0.110783 -0.086007
161 21.655518 0.000008 -0.000015 -0.023021 -0.146629 -0.142534
162 22.360657 0.000004 -0.000023 0.026169 -0.299539 -0.173394
163 22.519665 -0.000002 -0.000015 0.046517 0.059246 -0.058185
164 22.140377 -0.000004 -0.000008 0.087838 -0.377541 -0.194357
165 -1.972580 12.875610 -3.614557 -1.861499 0.121042 0.340976
166 20.655182 0.000004 -0.000015 -0.013050 -0.078161 -0.089725
167 21.762253 0.000004 -0.000015 -0.026149 -0.099093 -0.137313
168 22.392155 0.000011 -0.000015 -0.023034 -0.210302 -0.155958
169 22.541348 0.000011 -0.000023 -0.030452 0.098054 -0.037659
170 22.217501 0.000004 -0.000008 -0.048863 -0.316295 -0.099939
171 -1.967300 9.854567 -7.722433 -2.192941 0.200638 0.255222
172 21.272736 0.000004 -0.000008 0.001398 -0.035965 -0.081603
173 22.032516 0.000025 -0.000053 -0.025806 -0.040055 -0.118800
174 22.475670 0.000011 -0.000015 -0.036302 -0.176057 -0.146297
175 22.598721 0.000008 -0.000015 -0.056864 0.060286 -0.047580
176 22.407976 0.000023 -0.000031 -0.040554 0.075345 -0.088648
177 -1.900848 5.333253 -10.470081 -2.622877 0.249145 0.135743
178 21.914330 0.000008 -0.000023 0.005979 0.007247 -0.053681
179 22.319839 -0.000007 -0.000008 -0.020514 0.020242 -0.076955
180 22.569626 0.000006 -0.000011 -0.035287 -0.136334 -0.123705
181 22.663219 0.000021 -0.000015 -0.055829 0.028632 -0.070983
182 22.604527 0.000019 -0.000038 -0.039427 0.076942 -0.085324
183 -1.865585 -0.000002 -11.435442 3.133159 0.264327 0.002245
184 22.186691 -0.000004 -0.000011 -0.008778 0.029311 -0.003691
185 22.443726 -0.000002 -0.000008 -0.008583 0.051428 -0.005180
186 22.611542 -0.000004 -0.000015 -0.011076 -0.103850 -0.080640
187 22.692020 0.000005 0.000000 -0.017475 0.030439 -0.096804
188 22.687653 0.000011 -0.000004 -0.012799 0.087780 -0.097328
189 -1.900848 -5.333256 -10.470070 2.606474 0.247026 -0.130857
190 21.914337 0.000008 -0.000011 -0.022978 0.012957 0.048182
191 22.319839 -0.000024 -0.000008 0.004473 0.027279 0.068885
192 22.569626 0.000002 -0.000034 0.018293 -0.099693 -0.028539
193 22.663239 -0.000023 0.000015 0.017537 0.073219 -0.116780
194 22.604521 0.000006 -0.000004 0.023065 0.107239 -0.080244
195 -1.967285 -9.854567 -7.722443 2.177161 0.196662 -0.249465
196 21.272720 -0.000011 0.000000 -0.017037 -0.026675 0.079963
197 22.032478 0.000006 -0.000031 0.011601 -0.028789 0.115184
198 22.475685 -0.000011 -0.000031 0.027181 -0.118783 0.011882
199 22.598709 0.000002 -0.000015 0.022348 0.130284 -0.117939
200 22.407991 -0.000009 -0.000015 0.035354 0.128089 -0.062233
201 -1.972565 -12.875610 -3.614561 1.846364 0.115784 -0.333933
202 20.655167 0.000007 -0.000015 -0.001102 -0.067238 0.092035
203 21.762268 -0.000008 -0.000008 0.013909 -0.085883 0.138115
204 22.392166 -0.000008 -0.000031 0.023329 -0.145254 0.038569
205 22.541346 -0.000010 -0.000031 0.006019 0.175454 -0.105834
206 22.217505 0.000001 -0.000015 0.009754 0.134646 -0.030867
207 0.059621 0.456168 0.250107 0.000000 -0.000000 0.000000
208 0.059621 0.456168 0.250107 0.000000 -0.000000 0.000000
time 25
  0 0.059621 0.456168 0.250107 0.000000 -0.000000 0.000000
  1 0.059621 0.456168 0.250107 0.000000 -0.000000 0.000000
  2 0.059621 0.456168 0.250107 0.000000 -0.000000 0.000000
  3 0.059621 0.456168 0.250107 0.000000 -0.000000 0.000000
  4 0.059621 0.456168 0.250107 0.000000 -0.000000 0.000000
  5 0.059621 0.456168 0.250107 0.000000 -0.000000 0.000000
  6 0.059621 0.456168 0.250107 0.000000 -0.000000 0.000000
  7 0.059621 0.456168 0.250107 0.000000 -0.000000 0.000000
  8 0.059621 0.456168 0.250107 0.000000 -0.000000 0.000000
  9 0.059621 0.456168 0.250107 0.000000 -0.000000 0.000000
 10 114.690125 25.565033 154.010239 -1.236993 -0.136812 1.512890
 11 24.668251 0.000015 -0.000038 1.028597 -0.296696 -0.679579
 12 30.380142 0.000000 0.000015 1.788467 0.254472 0.848360
 13 19.902090 0.000008 -0.000015 0.011598 -1.007186 -0.023184
 14 -88.350739 -21.637981 103.685326 -1.149955 -2.879794 -1.523926
 15 35.349510 0.000000 0.000015 -1.441091 -0.093293 0.535222
 16 37.124321 -0.000031 -0.000011 -2.227620 0.093778 0.380537
 17 0.059621 0.456168 0.250107 0.064768 -0.005215 -0.156772
 18 0.059621 -22.661495 88.787506 3.141593 1.420663 1.570796
 19 -65.799561 -0.000020 1.142856 -0.000000 0.000514 3.141077
 20 11.181580 0.005760 -0.002409 -0.000000 0.254797 0.000515
 21 27.835175 -0.000000 0.000015 -3.141592 -0.129896 -0.000000
 22 5.330383 -0.000001 -0.000004 -3.070919 -0.014572 0.003512
 23 10.134888 -4.133392 3.834202 -0.681865 -1.173930 -2.497280
 24 10.134903 4.133399 3.834202 0.681899 -1.173920 2.497250
 25 22.592346 0.000010 17.467117 -0.000010 2.956431 0.000000
 26 21.199982 -7.744007 14.169521 -0.644457 -0.154503 -3.025319
 27 18.142014 -13.440228 7.965778 1.228366 -0.180197 3.082644
 28 21.199951 7.744023 14.169506 0.644460 -0.154503 3.025318
 29 18.141998 13.440240 7.965775 -0.316157 -0.180196 -3.082644
 30 11.858856 -13.360001 3.526516 1.542249 3.132957 0.174415
 31 9.463272 -16.404867 -2.906044 1.542282 3.132901 0.176490
 32 9.125244 -10.885475 -11.371325 0.000496 2.962373 0.000256
 33 11.858856 13.360005 3.526474 -1.542248 3.132957 -0.174414
 34 9.463257 16.404867 -2.906023 -1.542281 3.132900 -0.176490
 35 9.125275 10.885474 -11.371304 -0.000492 2.962373 0.000256
 36 9.023224 -0.000003 -17.296177 0.000180 -0.167048 -3.141356
 37 12.691391 -0.000002 -19.438763 0.000839 2.398053 0.001302
 38 10.989410 0.000002 -0.000015 0.087347 -0.833676 -0.159203
 39 12.871460 -10.586842 -15.652472 0.902412 2.669146 0.520148
 40 10.727020 0.000006 -0.000031 -0.027434 -0.807965 0.200658
 41 12.871460 10.586843 -15.652471 -0.839332 2.637169 -0.488171
 42 10.726990 -0.000025 0.000000 0.263483 -0.753962 -0.622644
 43 12.847214 -17.570086 -4.701336 1.171213 2.788395 0.683814
 44 11.496506 0.000008 -0.000031 -0.009179 -0.734183 0.228024
 45 12.847183 17.570087 -4.701359 -1.118092 2.747649 -0.662231
 46 11.496460 0.000000 -0.000015 0.196492 -0.691996 -0.603702
 47 28.485962 0.000011 16.460361 -0.010063 0.426839 -0.035665
 48 23.052765 -6.207911 -0.077286 -1.470206 0.035100 -1.833545
 49 9.436909 -0.000008 -0.000031 -0.034567 0.414470 0.354969
 50 31.269325 0.000008 -0.000015 0.028160 -0.171727 -0.094177
 51 28.756508 0.000008 -0.000031 0.041016 -0.333101 -0.044347
 52 2.251993 -2.464407 -1.141663 0.481305 0.508197 -0.319329
 53 3.674038 -0.000011 0.000015 -0.277611 0.179024 0.194713
 54 3.614697 0.000011 0.000000 0.013156 0.193871 -0.001558
 55 9.035509 -2.494949 0.484543 -0.001362 0.302449 0.001673
 56 2.943581 0.000000 0.000000 0.010585 0.293657 -0.007800
 57 2.649426 0.000004 0.000000 -0.006498 0.303243 0.008512
 58 9.093622 -0.386669 0.647705 0.020190 0.475380 -0.012607
 59 3.451893 0.000004 0.000000 -0.014209 0.528778 0.009212
 60 2.898170 0.000002 0.000031 -0.000683 0.490858 0.000916
 61 8.894587 1.605852 0.371902 -0.000566 0.547851 0.000704
 62 3.130405 0.000000 0.000031 0.003896 0.567158 -0.005064
 63 2.629524 0.000000 -0.000031 0.004892 0.544388 -0.006589
 64 8.470621 3.459526 0.131500 -0.021715 0.541478 0.011456
 65 2.410267 0.000000 -0.000031 0.022815 0.529939 -0.013321
 66 2.000793 0.000004 0.000023 -0.005415 0.533618 0.007402
 67 23.052765 6.207910 -0.077301 1.481823 0.058643 2.080206
 68 9.436890 0.000023 0.000000 0.416587 0.078808 -0.199313
 69 31.269348 -0.000015 -0.000046 -0.706302 -0.206511 0.169829
 70 28.756500 -0.000017 -0.000031 0.205804 -0.138519 -0.063772
 71 2.251884 2.464409 -1.141556 -0.513217 0.249535 0.112914
 72 3.674088 0.000000 -0.000015 0.331388 -0.059506 -0.325011
 73 3.614677 0.000008 0.000031 0.067360 -0.216133 -0.086857
 74 9.035419 2.494946 0.484421 0.001362 -0.011534 -0.001673
 75 2.943577 -0.000006 -0.000015 -0.011497 -0.020268 0.014556
 76 2.649441 0.000000 0.000031 0.006498 -0.010740 -0.008512
 77 9.093685 0.386667 0.647781 -0.018031 0.093461 0.020165
 78 3.451862 0.000002 0.000000 0.014953 0.008589 -0.019838
 79 2.898205 0.000002 -0.000015 0.000684 -0.029445 -0.000917
 80 8.894409 -1.605850 0.371902 0.000566 0.090541 -0.000704
 81 3.130436 -0.000002 -0.000046 -0.003896 -0.009289 0.005063
 82 2.629509 -0.000002 0.000031 -0.004892 -0.032059 0.006589
 83 8.470612 -3.459524 0.131393 0.018786 0.137518 -0.020073
 84 2.410282 0.000002 -0.000015 -0.024238 -0.029075 0.031299
 85 2.000759 0.000000 0.000015 0.005415 -0.025697 -0.007402
 86 9.832344 1.463060 -1.299423 0.016523 -0.031798 -0.020624
 87 25.040604 -5.670406 5.432796 -1.312159 -0.224887 -2.136065
 88 28.779709 -6.856311 -0.811420 -1.466235 0.019064 -1.725377
 89 29.182312 -3.955566 -4.961960 0.881869 2.552753 0.503940
 90 25.040573 5.670407 5.432755 1.296833 -0.398765 2.185823
 91 28.779739 6.856311 -0.811401 1.466235 0.019065 1.725381
 92 29.182297 3.955564 -4.961937 -0.881870 2.552752 -0.503941
 93 -65.335663 -0.000020 1.140918 -3.141591 0.026968 0.000000
 94 26.290924 -12.205290 1.157887 -2.070471 -0.003563 0.062722
 95 49.071053 0.000002 0.000003 2.104850 0.290984 -0.456576
 96 61.871315 -0.000021 -0.000031 3.055493 0.297295 0.070542
 97 26.290924 12.205296 1.157845 2.042428 0.141586 -0.157064
 98 49.071053 0.000008 -0.000036 -1.798755 0.447338 1.065915
 99 61.871277 0.000025 -0.000057 -2.944088 0.654776 0.104772
100 -0.698059 -11.192116 -8.252764 1.173402 -0.313939 -0.566783
101 20.568253 -0.000002 -0.000008 -0.087591 -0.095794 0.168470
102 0.223785 -5.734810 -12.929605 2.969954 0.460755 -0.325722
103 20.803566 -0.000011 -0.000023 -0.010068 0.084425 0.454986
104 -1.040009 -3.033968 12.140512 1.540104 0.108925 -1.287629
105 -1.039993 3.034004 12.140503 -1.540105 0.108928 1.287629
106 4.165436 -5.407044 12.088394 0.847287 -0.796231 -0.460637
107 16.599449 -0.000006 -0.000031 0.087842 -0.409610 0.293196
108 4.165466 5.407081 12.088385 -1.023239 -1.020847 0.680892
109 16.599380 0.000008 -0.000031 -0.086946 -0.185483 -0.316059
110 6.428391 0.000001 -0.288944 -0.000001 0.017943 0.000000
111 -1.833771 -13.936463 1.224501 1.569266 0.031661 -0.338903
112 20.406952 0.000000 -0.000011 0.016012 -0.076157 0.072129
113 21.655502 -0.000008 -0.000008 0.012561 -0.140164 0.140011
114 22.360668 -0.000008 -0.000015 0.008195 -0.215984 0.082173
115 22.519661 -0.000004 -0.000023 -0.009879 0.136810 -0.033343
116 22.140392 -0.000006 -0.000031 -0.028683 -0.183934 0.014581
117 -1.699219 -12.875612 4.918510 1.118816 -0.125028 -0.306756
118 20.938606 0.000011 0.000004 0.048374 -0.105365 0.052583
119 21.993607 -0.000006 -0.000053 0.020334 -0.197585 0.127717
120 22.563789 -0.000019 0.000000 0.006347 -0.276240 0.082535
121 22.643343 0.000002 -0.000023 -0.022993 0.109799 -0.021947
122 22.238052 -0.000002 -0.000031 -0.064943 -0.235658 0.053205
123 -1.634354 -9.854568 8.052345 0.707128 -0.246836 -0.225107
124 22.205292 0.000004 -0.000015 0.052088 -0.121204 0.031659
125 22.804375 0.000002 -0.000038 0.019593 -0.239522 0.094199
126 23.051662 0.000004 0.000000 0.007417 -0.330411 0.059589
127 22.939983 0.000008 -0.000038 -0.018931 0.074704 -0.016503
128 22.472069 0.000008 -0.000015 -0.058865 -0.324497 0.060242
129 -1.616135 -5.333253 10.147440 0.337641 -0.318510 -0.114584
130 23.451324 0.000001 -0.000019 0.029843 -0.128327 0.017349
131 23.608017 -0.000004 -0.000031 0.010402 -0.263149 0.052397
132 23.536224 -0.000003 -0.000038 0.013019 -0.369396 0.021282
133 23.233967 0.000004 0.000023 -0.000427 0.043899 -0.019197
134 22.703676 0.000010 -0.000015 -0.015948 -0.337022 0.015917
135 -1.614532 -0.000000 10.883350 -0.008328 -0.340958 0.007000
136 23.962128 0.000001 -0.000015 -0.004664 -0.131319 0.007626
137 23.938957 -0.000003 0.000023 -0.003700 -0.271946 0.008929
138 23.736015 -0.000003 -0.000023 0.020489 -0.389902 -0.025213
139 23.354973 0.000005 -0.000031 0.022704 0.026112 -0.027790
140 22.798929 -0.000010 -0.000023 0.038066 -0.357376 -0.044660
141 -1.616135 5.333251 10.147423 -0.353753 -0.316658 0.128137
142 23.451317 -0.000008 0.000011 -0.039096 -0.131548 -0.002541
143 23.608025 -0.000002 -0.000038 -0.017812 -0.267757 -0.035321
144 23.536240 -0.000001 -0.000023 0.026314 -0.390932 -0.073456
145 23.233969 -0.000017 -0.000015 0.043172 0.023823 -0.038874
146 22.703667 0.000010 -0.000015 0.091347 -0.326165 -0.103429
147 -1.634354 9.854566 8.052345 -0.722717 -0.243300 0.237367
148 22.205261 0.000002 0.000000 -0.062061 -0.127621 -0.018577
149 22.804443 0.000003 -0.000069 -0.027389 -0.248364 -0.079878
150 23.051624 -0.000006 0.000008 0.027208 -0.371450 -0.122404
151 22.939976 -0.000006 -0.000008 0.050836 0.034448 -0.049417
152 22.472069 -0.000002 -0.000023 0.124033 -0.324779 -0.166793
153 -1.699219 12.875608 4.918524 -1.133874 -0.120244 0.317054
154 20.938599 0.000015 0.000008 -0.059671 -0.114551 -0.042749
155 21.993591 -0.000002 -0.000061 -0.029118 -0.209578 -0.118043
156 22.563801 0.000006 -0.000008 0.019491 -0.331751 -0.161323
157 22.643353 0.000006 -0.000038 0.039212 0.051334 -0.059685
158 22.238033 -0.000006 -0.000015 0.099311 -0.315717 -0.184511
159 -1.833786 13.936458 1.224504 -1.584213 0.036965 0.346866
160 20.406967 0.000004 -0.000031 -0.029047 -0.086662 -0.066855
161 21.655518 0.000008 -0.000008 -0.023200 -0.153241 -0.136122
162 22.360649 0.000008 -0.000015 0.033883 -0.331738 -0.195078
163 22.519665 -0.000002 -0.000008 0.046183 0.014712 -0.096664
164 22.140377 -0.000006 0.000015 0.091296 -0.292134 -0.184745
165 -1.972595 12.875610 -3.614555 -1.864421 0.130126 0.318093
166 20.655174 0.000007 -0.000015 -0.013999 -0.061299 -0.070865
167 21.762260 0.000008 -0.000015 -0.026109 -0.107544 -0.130019
168 22.392159 0.000013 -0.000015 -0.017776 -0.238134 -0.174974
169 22.541344 0.000010 -0.000015 -0.032500 0.064606 -0.076994
170 22.217495 0.000006 -0.000008 -0.038771 -0.234875 -0.102394
171 -1.967300 9.854568 -7.722437 -2.196327 0.204539 0.238554
172 21.272720 0.000002 -0.000004 0.001166 -0.028335 -0.065178
173 22.032516 0.000027 -0.000046 -0.025505 -0.050238 -0.111273
174 22.475662 0.000006 -0.000008 -0.033241 -0.192377 -0.159860
175 22.598719 0.000008 -0.000015 -0.057199 0.048198 -0.079274
176 22.407978 0.000013 -0.000023 -0.039256 0.053762 -0.086908
177 -1.900848 5.333253 -10.470085 -2.625007 0.249993 0.127084
178 21.914322 0.000005 -0.000019 0.006193 0.005891 -0.043308
179 22.319847 -0.000008 0.000000 -0.020034 0.007666 -0.071502
180 22.569618 0.000006 -0.000004 -0.034270 -0.141906 -0.129326
181 22.663212 0.000027 -0.000015 -0.055885 0.036555 -0.086297
182 22.604523 0.000015 -0.000023 -0.038421 0.054623 -0.084206
183 -1.865601 -0.000002 -11.435446 3.133149 0.264281 0.002114
184 22.186684 -0.000004 -0.000008 -0.009086 0.023790 -0.003371
185 22.443703 -0.000002 -0.000008 -0.008157 0.037265 -0.004982
186 22.611549 -0.000004 -0.000011 -0.011694 -0.105613 -0.076234
187 22.692028 0.000005 0.000004 -0.017458 0.045532 -0.088296
188 22.687656 0.000010 -0.000004 -0.012214 0.065077 -0.097790
189 -1.900848 -5.333257 -10.470074 2.608562 0.248003 -0.122510
190 21.914345 0.000009 -0.000011 -0.023231 0.011174 0.038251
191 22.319832 -0.000023 0.000000 0.004060 0.014196 0.063596
192 22.569618 0.000002 -0.000031 0.015967 -0.107768 -0.014725
193 22.663242 -0.000027 0.000008 0.019059 0.076780 -0.084527
194 22.604527 -0.000001 0.000000 0.023070 0.084716 -0.082318
195 -1.967285 -9.854566 -7.722448 2.180397 0.200811 -0.233173
196 21.272705 -0.000016 -0.000004 -0.016993 -0.019730 0.063688
197 22.032471 0.000004 -0.000023 0.011214 -0.039726 0.107393
198 22.475677 -0.000010 -0.000031 0.023163 -0.139055 0.031811
199 22.598705 0.000001 -0.000015 0.026376 0.111670 -0.071638
200 22.407984 -0.000010 -0.000015 0.034789 0.106163 -0.065164
201 -1.972580 -12.875610 -3.614567 1.849097 0.125207 -0.311514
202 20.655159 0.000010 -0.000008 -0.000408 -0.051167 0.073021
203 21.762276 -0.000010 -0.000008 0.013761 -0.095140 0.130193
204 22.392159 -0.000011 -0.000038 0.018069 -0.177535 0.062235
205 22.541344 -0.000012 -0.000023 0.012113 0.135360 -0.053733
206 22.217506 -0.000001 -0.000008 0.008721 0.113456 -0.033431
207 0.059621 0.456168 0.250107 0.000000 -0.000000 0.000000
208 0.059621 0.456168 0.250107 0.000000 -0.000000 0.000000
time 26
  0 0.059621 0.456168 0.250107 0.000000 -0.000000 0.000000
  1 0.059621 0.456168 0.250107 0.000000 -0.000000 0.000000
  2 0.059621 0.456168 0.250107 0.000000 -0.000000 0.000000
  3 0.059621 0.456168 0.250107 0.000000 -0.000000 0.000000
  4 0.059621 0.456168 0.250107 0.000000 -0.000000 0.000000
  5 0.059621 0.456168 0.250107 0.000000 -0.000000 0.000000
  6 0.059621 0.456168 0.250107 0.000000 -0.000000 0.000000
  7 0.059621 0.456168 0.250107 0.000000 -0.000000 0.000000
  8 0.059621 0.456168 0.250107 0.000000 -0.000000 0.000000
  9 0.059621 0.456168 0.250107 0.000000 -0.000000 0.000000
 10 116.605148 30.187710 154.010239 -1.238332 -0.118359 1.520204
 11 24.668251 0.000015 -0.000050 1.032741 -0.307378 -0.689170
 12 30.380142 0.000000 0.000008 1.739013 0.086685 0.821047
 13 19.902092 0.000008 -0.000015 0.024901 -0.867780 -0.041625
 14 -88.350739 -21.637981 104.916489 -1.154042 -2.903883 -1.509865
 15 35.349514 -0.000004 0.000015 -1.441759 -0.101774 0.538798
 16 37.124332 0.000000 -0.000011 -2.247910 0.051254 0.367889
 17 0.059621 0.456168 0.250107 0.064768 -0.005215 -0.156772
 18 0.059621 -22.661495 91.691246 3.141593 1.420663 1.570796
 19 -65.799545 -0.000020 1.142858 0.000000 0.000514 3.141077
 20 11.181580 0.005760 -0.002409 -0.000000 0.254797 0.000515
 21 27.835190 -0.000001 0.000015 -3.141592 -0.129896 -0.000000
 22 5.330383 -0.000000 -0.000002 -3.070919 -0.014572 0.003512
 23 10.134888 -4.133394 3.834202 -0.681865 -1.173930 -2.497280
 24 10.134903 4.133400 3.834202 0.681899 -1.173919 2.497250
 25 22.592346 0.000009 17.467117 -0.000010 2.956431 0.000000
 26 21.199997 -7.744012 14.169525 -0.644457 -0.154503 -3.025319
 27 18.142014 -13.440231 7.965778 1.228366 -0.180197 3.082644
 28 21.199951 7.744025 14.169502 0.644460 -0.154503 3.025318
 29 18.141998 13.440242 7.965775 -0.316157 -0.180196 -3.082644
 30 11.858871 -13.360003 3.526516 1.542249 3.132957 0.174415
 31 9.463272 -16.404873 -2.906042 1.542282 3.132901 0.176490
 32 9.125244 -10.885477 -11.371323 0.000496 2.962373 0.000256
 33 11.858856 13.360011 3.526474 -1.542248 3.132957 -0.174414
 34 9.463257 16.404871 -2.906023 -1.542281 3.132900 -0.176490
 35 9.125275 10.885477 -11.371304 -0.000492 2.962373 0.000256
 36 9.023224 -0.000002 -17.296173 0.000180 -0.167048 -3.141356
 37 12.691391 -0.000002 -19.438763 0.001313 2.457539 0.001468
 38 10.989410 0.000003 -0.000008 0.060763 -0.773588 -0.110750
 39 12.871460 -10.586844 -15.652472 0.881402 2.705094 0.472304
 40 10.727020 0.000008 -0.000023 -0.081307 -0.749311 0.240822
 41 12.871460 10.586846 -15.652471 -0.817384 2.675797 -0.441901
 42 10.726974 -0.000021 0.000015 0.258756 -0.706432 -0.570271
 43 12.847229 -17.570089 -4.701336 1.152391 2.812441 0.627577
 44 11.496506 0.000006 -0.000015 -0.074977 -0.684119 0.270391
 45 12.847183 17.570087 -4.701359 -1.097322 2.774550 -0.606323
 46 11.496475 -0.000004 0.000000 0.214887 -0.649204 -0.564322
 47 28.485962 0.000010 16.460361 -0.010063 0.426839 -0.035665
 48 23.052750 -6.207913 -0.077290 -1.470206 0.035100 -1.833545
 49 9.436909 -0.000008 -0.000031 -0.025647 0.427484 0.374540
 50 31.269333 0.000000 -0.000015 0.023356 -0.173386 -0.066790
 51 28.756508 0.000004 -0.000031 0.041016 -0.333101 -0.044347
 52 2.251989 -2.464411 -1.141647 0.481305 0.508197 -0.319329
 53 3.674042 -0.000015 0.000015 -0.277611 0.179024 0.194713
 54 3.614708 0.000008 0.000000 0.013156 0.193871 -0.001558
 55 9.035513 -2.494949 0.484543 -0.001362 0.302449 0.001673
 56 2.943588 0.000000 -0.000031 0.010585 0.293657 -0.007800
 57 2.649433 0.000000 0.000000 -0.006498 0.303243 0.008512
 58 9.093611 -0.386671 0.647690 0.020190 0.475380 -0.012607
 59 3.451889 0.000002 0.000000 -0.014209 0.528778 0.009212
 60 2.898193 -0.000001 0.000031 -0.000683 0.490858 0.000916
 61 8.894583 1.605850 0.371887 -0.000566 0.547851 0.000704
 62 3.130405 0.000000 0.000031 0.003896 0.567158 -0.005064
 63 2.629547 0.000004 -0.000031 0.004892 0.544388 -0.006589
 64 8.470613 3.459523 0.131500 -0.021715 0.541478 0.011456
 65 2.410263 -0.000002 -0.000046 0.022815 0.529939 -0.013321
 66 2.000793 0.000004 0.000015 -0.005415 0.533618 0.007402
 67 23.052765 6.207911 -0.077305 1.481823 0.058643 2.080206
 68 9.436905 0.000023 0.000000 0.415473 0.085422 -0.213076
 69 31.269356 -0.000015 -0.000031 -0.706256 -0.241625 0.142215
 70 28.756512 -0.000010 -0.000015 0.205804 -0.138519 -0.063772
 71 2.251892 2.464407 -1.141571 -0.513217 0.249535 0.112914
 72 3.674088 0.000008 -0.000031 0.331388 -0.059506 -0.325011
 73 3.614681 0.000008 0.000000 0.067360 -0.216133 -0.086857
 74 9.035416 2.494947 0.484406 0.001362 -0.011534 -0.001673
 75 2.943565 0.000000 -0.000031 -0.011497 -0.020268 0.014556
 76 2.649445 0.000004 0.000015 0.006498 -0.010740 -0.008512
 77 9.093689 0.386673 0.647766 -0.018031 0.093461 0.020165
 78 3.451862 0.000002 -0.000015 0.014953 0.008589 -0.019838
 79 2.898197 0.000000 0.000000 0.000684 -0.029445 -0.000917
 80 8.894413 -1.605852 0.371918 0.000566 0.090541 -0.000704
 81 3.130428 0.000006 -0.000061 -0.003896 -0.009289 0.005063
 82 2.629524 -0.000002 0.000015 -0.004892 -0.032059 0.006589
 83 8.470604 -3.459517 0.131378 0.018786 0.137518 -0.020073
 84 2.410286 0.000002 -0.000031 -0.024238 -0.029075 0.031299
 85 2.000767 0.000002 0.000000 0.005415 -0.025697 -0.007402
 86 9.832344 1.463062 -1.299438 0.016522 -0.031798 -0.020624
 87 25.040604 -5.670407 5.432793 -1.312160 -0.224887 -2.136065
 88 28.779694 -6.856313 -0.811420 -1.466235 0.019064 -1.725377
 89 29.182312 -3.955568 -4.961960 0.881869 2.552753 0.503940
 90 25.040573 5.670409 5.432758 1.296833 -0.398765 2.185823
 91 28.779739 6.856312 -0.811401 1.466235 0.019065 1.725381
 92 29.182281 3.955564 -4.961937 -0.881870 2.552752 -0.503941
 93 -65.335648 -0.000020 1.140920 -3.141591 0.032279 0.000000
 94 26.290924 -12.205290 1.157885 -2.070760 -0.007675 0.063429
 95 49.071037 0.000002 0.000005 2.103400 0.293209 -0.461604
 96 61.871296 -0.000020 -0.000019 3.055126 0.293634 0.070909
 97 26.290924 12.205296 1.157845 2.043042 0.137501 -0.157687
 98 49.071053 0.000005 -0.000034 -1.831178 0.442111 0.999208
 99 61.871284 0.000021 -0.000057 -2.944273 0.651107 0.104172
100 -0.698059 -11.192116 -8.252768 1.164576 -0.288401 -0.536802
101 20.568245 -0.000002 0.000000 -0.091384 -0.068489 0.162829
102 0.223785 -5.734810 -12.929605 2.977815 0.450194 -0.307913
103 20.803581 -0.000015 -0.000031 -0.006711 0.102715 0.433732
104 -1.040009 -3.033968 12.140511 1.544370 0.107645 -1.287965
105 -1.039993 3.034004 12.140503 -1.544371 0.107648 1.287964
106 4.165451 -5.407044 12.088392 0.818375 -0.740982 -0.418875
107 16.599449 -0.000002 -0.000031 0.087576 -0.389994 0.297329
108 4.165482 5.407081 12.088385 -1.033461 -1.025777 0.692321
109 16.599377 0.000011 -0.000031 -0.088173 -0.232573 -0.317357
110 6.428391 0.000001 -0.288944 -0.000001 0.012632 -0.000000
111 -1.833771 -13.936464 1.224506 1.570009 0.044097 -0.321343
112 20.406967 0.000000 -0.000015 0.016796 -0.050931 0.053056
113 21.655487 0.000000 -0.000008 0.013472 -0.136878 0.127541
114 22.360672 -0.000002 -0.000015 0.003388 -0.247856 0.098372
115 22.519653 0.000000 -0.000015 -0.006526 0.080912 0.014115
116 22.140381 0.000000 -0.000015 -0.032877 -0.108808 0.007800
117 -1.699219 -12.875613 4.918514 1.117062 -0.104952 -0.290688
118 20.938614 0.000015 0.000008 0.049543 -0.071753 0.036251
119 21.993607 -0.000008 -0.000038 0.021718 -0.189316 0.117512
120 22.563778 -0.000015 0.000008 0.000150 -0.311947 0.099891
121 22.643341 0.000008 -0.000015 -0.020971 0.040882 0.021984
122 22.238049 0.000000 -0.000015 -0.067368 -0.157072 0.044696
123 -1.634354 -9.854568 8.052351 0.704471 -0.221512 -0.213335
124 22.205292 0.000005 -0.000011 0.053002 -0.082566 0.020561
125 22.804382 -0.000001 -0.000031 0.020828 -0.228145 0.087254
126 23.051659 0.000006 0.000008 0.002051 -0.368632 0.073640
127 22.939981 0.000011 -0.000023 -0.018405 -0.002085 0.016659
128 22.472059 0.000009 -0.000023 -0.059633 -0.234370 0.052458
129 -1.616150 -5.333254 10.147444 0.335882 -0.290585 -0.108636
130 23.451309 -0.000000 -0.000011 0.030344 -0.087582 0.011709
131 23.608017 -0.000003 -0.000019 0.011128 -0.250191 0.048705
132 23.536221 0.000000 -0.000023 0.009736 -0.408557 0.029026
133 23.233965 0.000004 0.000023 -0.000850 -0.036082 0.000079
134 22.703680 0.000010 -0.000008 -0.017711 -0.254700 0.014056
135 -1.614532 -0.000000 10.883352 -0.008137 -0.312336 0.006638
136 23.962120 0.000001 -0.000023 -0.004261 -0.089997 0.007153
137 23.938957 -0.000003 0.000023 -0.003572 -0.258448 0.008403
138 23.736027 -0.000003 -0.000008 0.020260 -0.429002 -0.024721
139 23.354975 0.000005 -0.000023 0.022281 -0.054401 -0.023523
140 22.798927 -0.000010 -0.000015 0.034460 -0.274661 -0.040163
141 -1.616135 5.333251 10.147425 -0.351799 -0.288840 0.121494
142 23.451294 -0.000008 0.000008 -0.039580 -0.090607 0.002134
143 23.608017 -0.000005 -0.000031 -0.018342 -0.254585 -0.032863
144 23.536240 -0.000002 -0.000008 0.029268 -0.429194 -0.080671
145 23.233974 -0.000020 -0.000015 0.042953 -0.055079 -0.049404
146 22.703665 0.000009 0.000000 0.086640 -0.251853 -0.094137
147 -1.634338 9.854565 8.052349 -0.719925 -0.218176 0.224975
148 22.205269 0.000001 0.000008 -0.063081 -0.088570 -0.008348
149 22.804443 0.000003 -0.000061 -0.028586 -0.236545 -0.074087
150 23.051628 -0.000008 0.000000 0.032568 -0.407819 -0.135819
151 22.939970 -0.000011 -0.000008 0.050795 -0.039868 -0.074033
152 22.472073 -0.000008 -0.000015 0.119567 -0.243492 -0.153288
153 -1.699219 12.875607 4.918528 -1.132099 -0.100427 0.300474
154 20.938599 0.000017 0.000011 -0.060962 -0.080323 -0.027057
155 21.993584 -0.000008 -0.000053 -0.030538 -0.200662 -0.108763
156 22.563797 0.000002 -0.000015 0.025612 -0.364729 -0.177589
157 22.643349 0.000004 -0.000031 0.038943 -0.013340 -0.094985
158 22.238031 -0.000010 -0.000015 0.099287 -0.227208 -0.171976
159 -1.833786 13.936457 1.224506 -1.585029 0.049132 0.328909
160 20.406960 0.000004 -0.000034 -0.030017 -0.060719 -0.048078
161 21.655502 0.000006 0.000000 -0.024269 -0.149180 -0.124282
162 22.360657 0.000002 -0.000015 0.039551 -0.357893 -0.209099
163 22.519659 -0.000004 -0.000008 0.047398 -0.030552 -0.132333
164 22.140373 -0.000008 0.000008 0.094408 -0.214692 -0.176054
165 -1.972595 12.875609 -3.614553 -1.866642 0.137608 0.301982
166 20.655174 0.000004 -0.000015 -0.014534 -0.042564 -0.052577
167 21.762260 0.000008 -0.000015 -0.026682 -0.107269 -0.117977
168 22.392151 0.000017 -0.000015 -0.014038 -0.261593 -0.186665
169 22.541340 0.000010 -0.000031 -0.033206 0.029575 -0.112996
170 22.217499 0.000004 -0.000015 -0.029646 -0.161022 -0.104810
171 -1.967316 9.854567 -7.722431 -2.198754 0.208324 0.226781
172 21.272720 0.000004 0.000004 0.001077 -0.018835 -0.049458
173 22.032509 0.000019 -0.000038 -0.025523 -0.054363 -0.100158
174 22.475662 0.000002 -0.000015 -0.030901 -0.207991 -0.167397
175 22.598711 0.000006 -0.000008 -0.057954 0.033054 -0.107813
176 22.407972 0.000013 -0.000023 -0.038130 0.035035 -0.085399
177 -1.900864 5.333253 -10.470078 -2.626573 0.251590 0.120953
178 21.914330 0.000008 -0.000023 0.006444 0.006538 -0.033489
179 22.319832 -0.000009 0.000004 -0.019754 -0.001305 -0.064035
180 22.569618 0.000004 -0.000011 -0.033746 -0.150392 -0.131743
181 22.663208 0.000021 -0.000015 -0.056072 0.039942 -0.099905
182 22.604517 0.000011 -0.000031 -0.037548 0.035258 -0.083235
183 -1.865601 -0.000002 -11.435440 3.133513 0.265217 0.002019
184 22.186668 -0.000004 -0.000004 -0.008589 0.020382 -0.003098
185 22.443710 -0.000002 -0.000004 -0.008286 0.025645 -0.004779
186 22.611534 -0.000004 -0.000004 -0.012128 -0.111829 -0.072869
187 22.692005 0.000004 0.000008 -0.017072 0.055556 -0.079979
188 22.687645 0.000006 -0.000008 -0.011706 0.045378 -0.098191
189 -1.900848 -5.333256 -10.470070 2.610018 0.249692 -0.116603
190 21.914337 0.000010 -0.000011 -0.023500 0.011467 0.028844
191 22.319824 -0.000021 0.000000 0.003656 0.004769 0.056410
192 22.569618 0.000006 -0.000027 0.014712 -0.118189 -0.006517
193 22.663231 -0.000026 0.000008 0.020475 0.076165 -0.056001
194 22.604521 -0.000000 -0.000004 0.023076 0.065173 -0.084117
195 -1.967300 -9.854567 -7.722437 2.182734 0.204772 -0.221667
196 21.272705 -0.000013 0.000000 -0.017054 -0.010808 0.048151
197 22.032463 0.000005 -0.000023 0.011090 -0.044548 0.096210
198 22.475685 -0.000008 -0.000031 0.020552 -0.157640 0.043695
199 22.598694 0.000008 -0.000015 0.029212 0.090335 -0.030452
200 22.407982 -0.000010 -0.000015 0.034299 0.087138 -0.067708
201 -1.972595 -12.875611 -3.614565 1.851194 0.132929 -0.295732
202 20.655167 0.000011 -0.000011 -0.000052 -0.033118 0.054665
203 21.762268 -0.000004 -0.000008 0.014170 -0.095643 0.117758
204 22.392159 -0.000004 -0.000023 0.014067 -0.204340 0.076881
205 22.541330 -0.000002 -0.000015 0.015807 0.093767 -0.006968
206 22.217501 0.000002 -0.000015 0.007825 0.095070 -0.035656
207 0.059621 0.456168 0.250107 0.000000 -0.000000 0.000000
208 0.059621 0.456168 0.250107 0.000000 -0.000000 0.000000
time 27
  0 0.059621 0.456168 0.250107 0.000000 -0.000000 0.000000
  1 0.059621 0.456168 0.250107 0.000000 -0.000000 0.000000
  2 0.059621 0.456168 0.250107 0.000000 -0.000000 0.000000
  3 0.059621 0.456168 0.250107 0.000000 -0.000000 0.000000
  4 0.059621 0.456168 0.250107 0.000000 -0.000000 0.000000
  5 0.059621 0.456168 0.250107 0.000000 -0.000000 0.000000
  6 0.059621 0.456168 0.250107 0.000000 -0.000000 0.000000
  7 0.059621 0.456168 0.250107 0.000000 -0.000000 0.000000
  8 0.059621 0.456168 0.250107 0.000000 -0.000000 0.000000
  9 0.059621 0.456168 0.250107 0.000000 -0.000000 0.000000
 10 118.223656 34.094616 154.010239 -1.239463 -0.102764 1.527463
 11 24.668259 0.000031 -0.000038 1.030031 -0.303392 -0.676806
 12 30.380142 0.000000 0.000023 1.694982 -0.072585 0.783825
 13 19.902100 0.000008 -0.000015 0.035691 -0.712384 -0.061717
 14 -88.350739 -21.637981 105.957024 -1.157496 -2.924243 -1.494574
 15 35.349510 0.000004 0.000015 -1.442108 -0.110481 0.539806
 16 37.124329 -0.000015 -0.000004 -2.265855 0.010839 0.355867
 17 0.059621 0.456168 0.250107 0.064768 -0.005215 -0.156772
 18 0.059621 -22.661495 94.359543 3.141593 1.420664 1.570796
 19 -65.799538 -0.000020 1.142858 -0.000000 0.000514 3.141077
 20 11.181580 0.005760 -0.002409 -0.000000 0.254797 0.000515
 21 27.835175 -0.000000 0.000019 -3.141592 -0.129896 -0.000000
 22 5.330399 -0.000001 -0.000002 -3.070919 -0.014572 0.003512
 23 10.134888 -4.133392 3.834204 -0.681865 -1.173930 -2.497280
 24 10.134903 4.133399 3.834200 0.681899 -1.173919 2.497250
 25 22.592346 0.000010 17.467119 -0.000010 2.956431 0.000000
 26 21.199982 -7.744008 14.169519 -0.644457 -0.154503 -3.025319
 27 18.142014 -13.440228 7.965776 1.228366 -0.180197 3.082644
 28 21.199951 7.744024 14.169504 0.644460 -0.154503 3.025318
 29 18.141998 13.440241 7.965776 -0.316157 -0.180196 -3.082644
 30 11.858856 -13.360000 3.526518 1.542249 3.132957 0.174415
 31 9.463272 -16.404867 -2.906044 1.542282 3.132901 0.176490
 32 9.125244 -10.885475 -11.371325 0.000496 2.962373 0.000256
 33 11.858856 13.360006 3.526472 -1.542248 3.132957 -0.174414
 34 9.463257 16.404867 -2.906023 -1.542281 3.132900 -0.176490
 35 9.125275 10.885474 -11.371304 -0.000492 2.962373 0.000256
 36 9.023224 -0.000003 -17.296177 0.000180 -0.167048 -3.141356
 37 12.691391 -0.000002 -19.438763 0.000998 2.488891 0.001549
 38 10.989426 0.000002 -0.000015 0.036914 -0.715788 -0.067281
 39 12.871460 -10.586842 -15.652472 0.871332 2.724191 0.447988
 40 10.727020 0.000009 -0.000023 -0.129640 -0.693003 0.276856
 41 12.871460 10.586843 -15.652472 -0.807442 2.696288 -0.418476
 42 10.726990 -0.000025 0.000008 0.254195 -0.660499 -0.519795
 43 12.847214 -17.570086 -4.701336 1.143011 2.825651 0.597989
 44 11.496490 0.000008 -0.000031 -0.134007 -0.635745 0.308400
 45 12.847183 17.570087 -4.701361 -1.087000 2.789318 -0.576998
 46 11.496475 0.000000 0.000000 0.231389 -0.607819 -0.526204
 47 28.485962 0.000011 16.460360 -0.010063 0.426839 -0.035665
 48 23.052765 -6.207911 -0.077290 -1.470206 0.035100 -1.833545
 49 9.436909 -0.000008 -0.000031 -0.017845 0.439659 0.391205
 50 31.269348 0.000008 -0.000031 0.019143 -0.174749 -0.044011
 51 28.756504 0.000008 -0.000046 0.041016 -0.333101 -0.044347
 52 2.251989 -2.464409 -1.141663 0.481305 0.508197 -0.319329
 53 3.674038 -0.000015 0.000015 -0.277611 0.179024 0.194713
 54 3.614700 0.000008 -0.000015 0.013156 0.193871 -0.001558
 55 9.035500 -2.494947 0.484543 -0.001362 0.302449 0.001672
 56 2.943577 -0.000004 -0.000015 0.010585 0.293657 -0.007800
 57 2.649429 0.000002 0.000000 -0.006498 0.303243 0.008512
 58 9.093613 -0.386673 0.647690 0.020190 0.475380 -0.012607
 59 3.451885 0.000000 0.000000 -0.014209 0.528778 0.009212
 60 2.898186 -0.000002 0.000023 -0.000683 0.490858 0.000916
 61 8.894581 1.605850 0.371887 -0.000566 0.547851 0.000704
 62 3.130402 0.000001 0.000031 0.003896 0.567158 -0.005064
 63 2.629532 0.000002 -0.000046 0.004892 0.544388 -0.006589
 64 8.470612 3.459527 0.131485 -0.021715 0.541478 0.011455
 65 2.410263 -0.000003 -0.000031 0.022815 0.529939 -0.013321
 66 2.000801 0.000005 0.000015 -0.005415 0.533618 0.007402
 67 23.052765 6.207910 -0.077305 1.481823 0.058643 2.080206
 68 9.436890 0.000027 -0.000015 0.414267 0.091815 -0.224709
 69 31.269348 -0.000015 -0.000031 -0.706203 -0.271529 0.118700
 70 28.756508 -0.000008 -0.000031 0.205804 -0.138519 -0.063772
 71 2.251892 2.464407 -1.141556 -0.513217 0.249535 0.112914
 72 3.674091 0.000000 -0.000015 0.331388 -0.059506 -0.325011
 73 3.614681 0.000008 0.000000 0.067360 -0.216133 -0.086857
 74 9.035416 2.494944 0.484421 0.001362 -0.011534 -0.001673
 75 2.943565 0.000000 -0.000031 -0.011497 -0.020268 0.014556
 76 2.649452 0.000002 0.000015 0.006498 -0.010740 -0.008512
 77 9.093697 0.386669 0.647781 -0.018031 0.093461 0.020165
 78 3.451870 0.000000 0.000000 0.014953 0.008589 -0.019838
 79 2.898205 0.000000 -0.000015 0.000684 -0.029445 -0.000917
 80 8.894409 -1.605854 0.371918 0.000566 0.090541 -0.000704
 81 3.130432 0.000002 -0.000031 -0.003896 -0.009289 0.005063
 82 2.629520 0.000002 0.000031 -0.004892 -0.032059 0.006589
 83 8.470608 -3.459522 0.131409 0.018786 0.137518 -0.020073
 84 2.410278 0.000000 -0.000015 -0.024238 -0.029075 0.031299
 85 2.000755 0.000000 0.000031 0.005415 -0.025697 -0.007402
 86 9.832348 1.463057 -1.299438 0.016523 -0.031798 -0.020624
 87 25.040604 -5.670406 5.432796 -1.312159 -0.224887 -2.136065
 88 28.779709 -6.856311 -0.811420 -1.466235 0.019064 -1.725377
 89 29.182312 -3.955566 -4.961964 0.881869 2.552753 0.503940
 90 25.040573 5.670407 5.432758 1.296833 -0.398765 2.185823
 91 28.779739 6.856311 -0.811405 1.466235 0.019065 1.725381
 92 29.182297 3.955564 -4.961941 -0.881870 2.552752 -0.503941
 93 -65.335655 -0.000020 1.140918 -3.141591 0.037160 0.000000
 94 26.290909 -12.205289 1.157888 -2.071025 -0.011453 0.064079
 95 49.071037 0.000004 0.000007 2.102068 0.295253 -0.466225
 96 61.871307 -0.000021 -0.000038 3.054790 0.290271 0.071247
 97 26.290924 12.205297 1.157845 2.043606 0.133747 -0.158259
 98 49.071060 0.000004 -0.000034 -1.860972 0.437307 0.937910
 99 61.871284 0.000024 -0.000057 -2.944443 0.647736 0.103620
100 -0.698059 -11.192116 -8.252769 1.159861 -0.272723 -0.519479
101 20.568237 -0.000004 0.000000 -0.094614 -0.044049 0.157340
102 0.223785 -5.734810 -12.929605 2.982278 0.444516 -0.297677
103 20.803581 -0.000008 -0.000023 -0.003525 0.118290 0.413549
104 -1.040009 -3.033968 12.140512 1.548291 0.106469 -1.288274
105 -1.039993 3.034004 12.140501 -1.548292 0.106472 1.288273
106 4.165436 -5.407045 12.088394 0.803577 -0.707778 -0.396501
107 16.599449 -0.000004 -0.000023 0.087274 -0.371474 0.300821
108 4.165466 5.407081 12.088383 -1.042100 -1.029943 0.701981
109 16.599377 0.000011 -0.000031 -0.089210 -0.272371 -0.318454
110 6.428391 0.000001 -0.288942 -0.000001 0.007751 0.000000
111 -1.833771 -13.936462 1.224504 1.570572 0.052324 -0.311302
112 20.406944 0.000000 -0.000015 0.017054 -0.026202 0.035739
113 21.655495 -0.000002 -0.000008 0.014790 -0.125372 0.111851
114 22.360664 -0.000004 -0.000031 0.000217 -0.270733 0.105679
115 22.519665 -0.000007 -0.000015 -0.005995 0.029837 0.053763
116 22.140385 -0.000004 -0.000031 -0.036450 -0.044831 0.002025
117 -1.699188 -12.875612 4.918510 1.116220 -0.092323 -0.281523
118 20.938606 0.000015 0.000008 0.050061 -0.039266 0.021151
119 21.993622 -0.000002 -0.000046 0.023623 -0.171567 0.103781
120 22.563797 -0.000015 0.000000 -0.003461 -0.336282 0.108896
121 22.643349 0.000002 -0.000031 -0.021578 -0.021177 0.059461
122 22.238049 0.000000 -0.000023 -0.069434 -0.090149 0.037450
123 -1.634338 -9.854568 8.052349 0.703048 -0.205839 -0.206618
124 22.205292 0.000004 -0.000015 0.053535 -0.045185 0.010142
125 22.804398 -0.000002 -0.000038 0.022605 -0.206323 0.077519
126 23.051666 0.000004 -0.000008 -0.001394 -0.394188 0.081439
127 22.939976 0.000010 -0.000038 -0.020104 -0.071045 0.045375
128 22.472059 0.000006 -0.000031 -0.060264 -0.156918 0.045770
129 -1.616150 -5.333254 10.147442 0.334858 -0.273383 -0.105238
130 23.451317 0.000001 -0.000008 0.030623 -0.048046 0.006402
131 23.608025 -0.000004 -0.000031 0.012168 -0.226327 0.043510
132 23.536240 -0.000004 -0.000031 0.007729 -0.434657 0.033253
133 23.233967 0.000000 0.000015 -0.002456 -0.108019 0.016567
134 22.703674 0.000008 0.000000 -0.019212 -0.184596 0.012472
135 -1.614517 -0.000000 10.883352 -0.008008 -0.294717 0.006432
136 23.962143 0.000001 -0.000023 -0.004323 -0.049855 0.006808
137 23.938972 -0.000003 0.000015 -0.003817 -0.233926 0.007775
138 23.736031 -0.000003 -0.000023 0.020251 -0.455060 -0.025073
139 23.354967 0.000005 -0.000031 0.021651 -0.126811 -0.020544
140 22.798929 -0.000010 -0.000015 0.031389 -0.204222 -0.036333
141 -1.616119 5.333251 10.147425 -0.350772 -0.271696 0.117697
142 23.451309 -0.000008 0.000011 -0.039887 -0.050903 0.006718
143 23.608017 -0.000003 -0.000038 -0.019282 -0.230498 -0.028818
144 23.536243 -0.000001 -0.000008 0.031431 -0.454689 -0.085571
145 23.233973 -0.000019 -0.000023 0.043592 -0.125971 -0.059751
146 22.703665 0.000009 -0.000015 0.082357 -0.189048 -0.086283
147 -1.634338 9.854565 8.052345 -0.718502 -0.202612 0.217903
148 22.205261 0.000002 0.000008 -0.063615 -0.050852 0.001432
149 22.804451 0.000003 -0.000065 -0.030336 -0.214278 -0.065300
150 23.051640 -0.000008 -0.000008 0.036276 -0.432158 -0.144093
151 22.939972 -0.000010 -0.000015 0.052342 -0.106488 -0.096595
152 22.472065 -0.000004 -0.000031 0.115359 -0.174269 -0.141787
153 -1.699219 12.875608 4.918528 -1.131294 -0.087941 0.291015
154 20.938591 0.000017 0.000008 -0.061650 -0.047335 -0.012410
155 21.993591 -0.000006 -0.000057 -0.032583 -0.182265 -0.095772
156 22.563805 0.000002 -0.000008 0.029724 -0.387255 -0.186756
157 22.643351 0.000004 -0.000031 0.040644 -0.071443 -0.126297
158 22.238028 -0.000015 -0.000023 0.099258 -0.151146 -0.161203
159 -1.833771 13.936459 1.224504 -1.585672 0.057206 0.318638
160 20.406960 0.000002 -0.000031 -0.030506 -0.035424 -0.030935
161 21.655510 0.000010 -0.000008 -0.025778 -0.136959 -0.108983
162 22.360649 0.000006 -0.000015 0.042614 -0.377281 -0.215696
163 22.519661 0.000000 0.000000 0.049746 -0.072328 -0.163076
164 22.140377 -0.000004 0.000000 0.097048 -0.148445 -0.168653
165 -1.972580 12.875609 -3.614557 -1.867988 0.142971 0.292729
166 20.655190 0.000006 -0.000015 -0.014739 -0.023879 -0.036022
167 21.762253 0.000008 -0.000008 -0.027592 -0.100122 -0.103016
168 22.392159 0.000015 -0.000015 -0.011971 -0.279799 -0.191525
169 22.541338 0.000011 -0.000015 -0.032739 -0.003475 -0.143558
170 22.217487 0.000004 -0.000008 -0.021876 -0.097812 -0.107130
171 -1.967316 9.854567 -7.722433 -2.200208 0.211517 0.219991
172 21.272697 0.000001 0.000000 0.001159 -0.008685 -0.035376
173 22.032501 0.000023 -0.000042 -0.025715 -0.053416 -0.086985
174 22.475670 0.000008 -0.000008 -0.030382 -0.221852 -0.169632
175 22.598713 0.000006 -0.000008 -0.057707 0.017119 -0.131634
176 22.407978 0.000019 -0.000023 -0.037204 0.019642 -0.084158
177 -1.900833 5.333253 -10.470079 -2.627460 0.253483 0.117407
178 21.914322 0.000006 -0.000011 0.006645 0.008580 -0.024768
179 22.319839 -0.000010 0.000000 -0.019505 -0.006776 -0.055500
180 22.569633 0.000003 -0.000004 -0.033520 -0.160535 -0.131552
181 22.663208 0.000021 -0.000015 -0.056272 0.039809 -0.111082
182 22.604523 0.000013 -0.000031 -0.036831 0.019339 -0.082438
183 -1.865585 -0.000002 -11.435442 3.133004 0.266725 0.001967
184 22.186684 -0.000004 -0.000004 -0.008820 0.018753 -0.002864
185 22.443726 -0.000002 -0.000008 -0.008488 0.016935 -0.004518
186 22.611542 -0.000004 -0.000008 -0.012565 -0.120817 -0.071010
187 22.692017 0.000005 0.000000 -0.016829 0.061239 -0.073716
188 22.687649 0.000007 0.000000 -0.011288 0.029186 -0.098521
189 -1.900833 -5.333257 -10.470068 2.610856 0.251638 -0.113185
190 21.914352 0.000008 -0.000011 -0.023730 0.013242 0.020477
191 22.319832 -0.000021 0.000000 0.003391 -0.001080 0.048224
192 22.569626 0.000002 -0.000031 0.013838 -0.129570 -0.003369
193 22.663239 -0.000025 0.000008 0.021603 0.072663 -0.032737
194 22.604519 -0.000001 -0.000011 0.023082 0.049109 -0.085596
195 -1.967300 -9.854567 -7.722445 2.184156 0.208067 -0.215031
196 21.272728 -0.000016 -0.000004 -0.017274 -0.001100 0.034254
197 22.032463 0.000003 -0.000027 0.011146 -0.044202 0.083122
198 22.475685 -0.000008 -0.000023 0.019260 -0.173470 0.048207
199 22.598717 0.000000 -0.000023 0.030745 0.069006 0.003269
200 22.407986 -0.000017 -0.000015 0.033897 0.071500 -0.069799
201 -1.972580 -12.875611 -3.614561 1.852491 0.138429 -0.286669
202 20.655167 0.000013 -0.000011 -0.000030 -0.014965 0.038116
203 21.762276 -0.000004 -0.000008 0.014866 -0.089177 0.102634
204 22.392166 -0.000008 -0.000031 0.011735 -0.224719 0.083023
205 22.541344 -0.000010 -0.000023 0.017034 0.054883 0.031721
206 22.217506 -0.000003 -0.000015 0.007088 0.079957 -0.037484
207 0.059621 0.456168 0.250107 0.000000 -0.000000 0.000000
208 0.059621 0.456168 0.250107 0.000000 -0.000000 0.000000
time 28
  0 0.059621 0.456168 0.250107 0.000000 -0.000000 0.000000
  1 0.059621 0.456168 0.250107 0.000000 -0.000000 0.000000
  2 0.059621 0.456168 0.250107 0.000000 -0.000000 0.000000
  3 0.059621 0.456168 0.250107 0.000000 -0.000000 0.000000
  4 0.059621 0.456168 0.250107 0.000000 -0.000000 0.000000
  5 0.059621 0.456168 0.250107 0.000000 -0.000000 0.000000
  6 0.059621 0.456168 0.250107 0.000000 -0.000000 0.000000
  7 0.059621 0.456168 0.250107 0.000000 -0.000000 0.000000
  8 0.059621 0.456168 0.250107 0.000000 -0.000000 0.000000
  9 0.059621 0.456168 0.250107 0.000000 -0.000000 0.000000
 10 119.471504 37.106804 154.010239 -1.240335 -0.090739 1.534556
 11 24.668251 0.000000 -0.000046 1.020560 -0.283294 -0.642863
 12 30.380142 0.000000 0.000008 1.661566 -0.208190 0.742283
 13 19.902103 0.000000 0.000000 0.043715 -0.563944 -0.080158
 14 -88.350739 -21.637981 106.759270 -1.160159 -2.939940 -1.478051
 15 35.349518 0.000008 0.000015 -1.442331 -0.119322 0.538414
 16 37.124332 -0.000031 -0.000011 -2.280211 -0.023250 0.345728
 17 0.059621 0.456168 0.250107 0.064768 -0.005215 -0.156772
 18 0.059621 -22.661495 96.556961 3.141593 1.420664 1.570796
 19 -65.799538 -0.000020 1.142859 -0.000000 0.000514 3.141077
 20 11.181595 0.005760 -0.002409 -0.000000 0.254797 0.000515
 21 27.835175 -0.000000 0.000019 -3.141592 -0.129896 -0.000000
 22 5.330399 -0.000001 -0.000004 -3.070919 -0.014572 0.003512
 23 10.134872 -4.133392 3.834204 -0.681865 -1.173930 -2.497280
 24 10.134888 4.133399 3.834200 0.681899 -1.173920 2.497250
 25 22.592346 0.000010 17.467115 -0.000010 2.956431 0.000000
 26 21.199982 -7.744008 14.169519 -0.644457 -0.154503 -3.025319
 27 18.142014 -13.440228 7.965776 1.228366 -0.180197 3.082644
 28 21.199951 7.744024 14.169504 0.644460 -0.154503 3.025318
 29 18.141983 13.440241 7.965773 -0.316157 -0.180196 -3.082644
 30 11.858856 -13.360000 3.526518 1.542249 3.132957 0.174415
 31 9.463272 -16.404867 -2.906046 1.542282 3.132901 0.176490
 32 9.125244 -10.885475 -11.371326 0.000496 2.962373 0.000256
 33 11.858856 13.360006 3.526472 -1.542248 3.132957 -0.174414
 34 9.463257 16.404867 -2.906023 -1.542281 3.132900 -0.176490
 35 9.125275 10.885474 -11.371305 -0.000492 2.962373 0.000256
 36 9.023224 -0.000003 -17.296177 0.000180 -0.167048 -3.141356
 37 12.691391 -0.000002 -19.438765 0.001372 2.494548 0.001564
 38 10.989426 0.000002 -0.000015 0.017622 -0.663356 -0.032118
 39 12.871445 -10.586842 -15.652472 0.869642 2.727534 0.443802
 40 10.727005 0.000009 -0.000031 -0.168736 -0.642080 0.306004
 41 12.871445 10.586843 -15.652472 -0.805198 2.699873 -0.414451
 42 10.726990 -0.000025 0.000015 0.249836 -0.618541 -0.473876
 43 12.847214 -17.570086 -4.701338 1.141270 2.828204 0.592365
 44 11.496506 0.000010 -0.000046 -0.181758 -0.591569 0.339146
 45 12.847183 17.570087 -4.701361 -1.085086 2.792173 -0.571429
 46 11.496475 0.000000 -0.000015 0.244738 -0.569975 -0.491303
 47 28.485962 0.000011 16.460360 -0.010063 0.426839 -0.035665
 48 23.052765 -6.207911 -0.077286 -1.470206 0.035100 -1.833545
 49 9.436909 -0.000008 -0.000031 -0.011503 0.450633 0.404137
 50 31.269341 0.000008 -0.000046 0.015617 -0.175775 -0.026508
 51 28.756504 0.000011 -0.000031 0.041016 -0.333101 -0.044347
 52 2.251986 -2.464409 -1.141647 0.481305 0.508197 -0.319329
 53 3.674042 -0.000015 0.000000 -0.277611 0.179024 0.194713
 54 3.614700 0.000011 -0.000015 0.013156 0.193871 -0.001558
 55 9.035505 -2.494947 0.484558 -0.001362 0.302449 0.001673
 56 2.943577 0.000000 0.000000 0.010585 0.293657 -0.007800
 57 2.649429 0.000000 0.000015 -0.006498 0.303243 0.008512
 58 9.093616 -0.386669 0.647705 0.020190 0.475380 -0.012607
 59 3.451897 0.000004 0.000000 -0.014209 0.528778 0.009212
 60 2.898178 0.000004 0.000031 -0.000683 0.490858 0.000916
 61 8.894583 1.605850 0.371902 -0.000566 0.547851 0.000704
 62 3.130402 0.000002 0.000061 0.003896 0.567158 -0.005064
 63 2.629517 0.000000 -0.000031 0.004892 0.544388 -0.006589
 64 8.470612 3.459528 0.131500 -0.021715 0.541478 0.011456
 65 2.410271 -0.000001 -0.000061 0.022815 0.529939 -0.013321
 66 2.000793 0.000005 0.000008 -0.005415 0.533618 0.007402
 67 23.052765 6.207910 -0.077301 1.481823 0.058643 2.080206
 68 9.436897 0.000023 -0.000015 0.412968 0.097860 -0.233677
 69 31.269348 -0.000015 -0.000031 -0.706145 -0.294732 0.100454
 70 28.756508 -0.000008 -0.000015 0.205804 -0.138519 -0.063772
 71 2.251896 2.464409 -1.141571 -0.513217 0.249535 0.112914
 72 3.674091 0.000008 -0.000031 0.331388 -0.059506 -0.325011
 73 3.614681 0.000004 0.000015 0.067360 -0.216133 -0.086857
 74 9.035416 2.494946 0.484406 0.001362 -0.011534 -0.001673
 75 2.943573 0.000004 -0.000031 -0.011497 -0.020268 0.014556
 76 2.649445 0.000000 0.000015 0.006498 -0.010740 -0.008512
 77 9.093685 0.386669 0.647781 -0.018031 0.093461 0.020165
 78 3.451870 0.000004 0.000000 0.014953 0.008589 -0.019838
 79 2.898197 -0.000004 0.000000 0.000684 -0.029445 -0.000917
 80 8.894424 -1.605850 0.371902 0.000566 0.090541 -0.000704
 81 3.130436 0.000002 -0.000031 -0.003896 -0.009289 0.005063
 82 2.629513 0.000004 0.000015 -0.004892 -0.032059 0.006589
 83 8.470608 -3.459520 0.131378 0.018786 0.137518 -0.020073
 84 2.410282 0.000002 0.000000 -0.024238 -0.029075 0.031299
 85 2.000755 0.000000 0.000031 0.005415 -0.025697 -0.007402
 86 9.832348 1.463062 -1.299454 0.016523 -0.031798 -0.020624
 87 25.040604 -5.670406 5.432800 -1.312159 -0.224887 -2.136065
 88 28.779709 -6.856311 -0.811417 -1.466235 0.019064 -1.725377
 89 29.182312 -3.955566 -4.961960 0.881869 2.552753 0.503940
 90 25.040573 5.670407 5.432758 1.296833 -0.398765 2.185823
 91 28.779739 6.856311 -0.811401 1.466235 0.019065 1.725381
 92 29.182297 3.955564 -4.961937 -0.881870 2.552752 -0.503941
 93 -65.335655 -0.000020 1.140919 -3.141591 0.041179 0.000000
 94 26.290939 -12.205290 1.157883 -2.071244 -0.014565 0.064614
 95 49.071030 0.000004 0.000006 2.100971 0.296937 -0.470031
 96 61.871307 -0.000014 -0.000031 3.054513 0.287501 0.071524
 97 26.290924 12.205296 1.157841 2.044070 0.130656 -0.158731
 98 49.071053 0.000004 -0.000034 -1.885509 0.433351 0.887430
 99 61.871277 0.000023 -0.000061 -2.944583 0.644960 0.103166
100 -0.698059 -11.192117 -8.252768 1.158674 -0.267712 -0.514777
101 20.568237 -0.000004 -0.000008 -0.097121 -0.023427 0.152120
102 0.223785 -5.734810 -12.929605 2.983486 0.443546 -0.294913
103 20.803574 -0.000011 -0.000023 -0.000593 0.130376 0.394975
104 -1.039993 -3.033967 12.140511 1.551519 0.105501 -1.288528
105 -1.039993 3.034005 12.140501 -1.551520 0.105503 1.288528
106 4.165436 -5.407045 12.088390 0.800100 -0.698212 -0.390843
107 16.599449 -0.000008 -0.000023 0.086932 -0.354498 0.303514
108 4.165466 5.407081 12.088383 -1.048760 -1.033155 0.709429
109 16.599380 0.000011 -0.000015 -0.090009 -0.303056 -0.319300
110 6.428375 0.000001 -0.288946 -0.000001 0.003732 0.000000
111 -1.833771 -13.936462 1.224506 1.570795 0.055762 -0.308702
112 20.406944 -0.000002 -0.000015 0.016901 -0.003111 0.020777
113 21.655502 -0.000004 -0.000008 0.016100 -0.108277 0.094722
114 22.360680 -0.000006 -0.000015 -0.000715 -0.285821 0.105505
115 22.519665 -0.000008 -0.000015 -0.006846 -0.013354 0.084812
116 22.140392 -0.000004 -0.000031 -0.039221 0.004811 -0.002456
117 -1.699219 -12.875612 4.918512 1.116069 -0.087745 -0.279157
118 20.938599 0.000015 0.000008 0.050140 -0.009367 0.007849
119 21.993614 -0.000004 -0.000046 0.025575 -0.147581 0.088263
120 22.563797 -0.000017 0.000000 -0.004816 -0.350869 0.110678
121 22.643349 0.000002 -0.000023 -0.023884 -0.073122 0.089701
122 22.238054 -0.000006 -0.000023 -0.071037 -0.038221 0.031827
123 -1.634338 -9.854568 8.052347 0.702757 -0.200478 -0.204863
124 22.205292 0.000001 -0.000011 0.053583 -0.010805 0.000827
125 22.804382 -0.000004 -0.000034 0.024414 -0.177645 0.066199
126 23.051659 0.000006 0.000008 -0.002732 -0.408806 0.083688
127 22.939980 0.000011 -0.000038 -0.022964 -0.128920 0.068933
128 22.472057 0.000010 -0.000015 -0.060740 -0.096364 0.040540
129 -1.616150 -5.333254 10.147438 0.334749 -0.267615 -0.104338
130 23.451294 -0.000001 -0.000015 0.030655 -0.011612 0.001654
131 23.608032 -0.000005 -0.000031 0.013312 -0.195226 0.037491
132 23.536232 -0.000002 -0.000031 0.006902 -0.449372 0.034491
133 23.233967 0.000004 0.000023 -0.004714 -0.168659 0.030275
134 22.703678 0.000007 -0.000008 -0.020376 -0.130199 0.011242
135 -1.614532 -0.000000 10.883352 -0.007937 -0.288836 0.006376
136 23.962135 0.000001 -0.000027 -0.004480 -0.012854 0.006566
137 23.938965 -0.000003 0.000019 -0.003342 -0.202039 0.007286
138 23.736023 -0.000003 -0.000023 0.020488 -0.469717 -0.025939
139 23.354969 0.000005 -0.000023 0.020924 -0.187920 -0.018075
140 22.798922 -0.000010 -0.000023 0.029006 -0.149565 -0.033362
141 -1.616135 5.333251 10.147423 -0.350530 -0.265943 0.116691
142 23.451317 -0.000007 0.000004 -0.040024 -0.014353 0.011021
143 23.608017 -0.000002 -0.000038 -0.020309 -0.199178 -0.023743
144 23.536255 -0.000002 -0.000008 0.032750 -0.469140 -0.088347
145 23.233978 -0.000022 -0.000038 0.044828 -0.185742 -0.069368
146 22.703665 0.000008 0.000000 0.078631 -0.140626 -0.080228
147 -1.634338 9.854566 8.052347 -0.718171 -0.197277 0.216054
148 22.205254 0.000001 0.000008 -0.063854 -0.016231 0.010366
149 22.804443 0.000003 -0.000069 -0.032227 -0.185172 -0.054803
150 23.051636 -0.000008 0.000000 0.038189 -0.446187 -0.147961
151 22.939976 -0.000011 -0.000015 0.054916 -0.162360 -0.116368
152 22.472067 -0.000004 -0.000023 0.111525 -0.120557 -0.132863
153 -1.699219 12.875608 4.918528 -1.131141 -0.083397 0.288570
154 20.938614 0.000017 0.000004 -0.061826 -0.017091 0.000646
155 21.993599 -0.000002 -0.000057 -0.034717 -0.157715 -0.080752
156 22.563805 0.000006 -0.000015 0.031183 -0.401000 -0.189865
157 22.643349 0.000006 -0.000031 0.043422 -0.120068 -0.152702
158 22.238022 -0.000015 -0.000023 0.099224 -0.091679 -0.152780
159 -1.833786 13.936459 1.224504 -1.585896 0.060607 0.315978
160 20.406960 0.000004 -0.000038 -0.030471 -0.011949 -0.016021
161 21.655525 0.000010 -0.000008 -0.027359 -0.119267 -0.092030
162 22.360657 0.000004 -0.000015 0.043613 -0.391089 -0.216418
163 22.519665 0.000004 -0.000015 0.052775 -0.108134 -0.188233
164 22.140377 0.000000 0.000000 0.099089 -0.096626 -0.162910
165 -1.972580 12.875610 -3.614553 -1.868385 0.145641 0.290300
166 20.655182 0.000008 -0.000011 -0.014617 -0.006163 -0.021752
167 21.762253 0.000004 -0.000015 -0.028533 -0.088161 -0.086749
168 22.392151 0.000011 -0.000015 -0.011587 -0.293463 -0.191085
169 22.541344 0.000015 -0.000031 -0.031548 -0.032245 -0.168113
170 22.217495 0.000002 -0.000015 -0.015846 -0.048321 -0.109298
171 -1.967316 9.854568 -7.722435 -2.200627 0.213561 0.218183
172 21.272728 0.000004 0.000000 0.001404 0.001516 -0.023366
173 22.032516 0.000022 -0.000046 -0.026002 -0.048663 -0.073016
174 22.475662 0.000003 -0.000015 -0.030045 -0.234051 -0.167995
175 22.598721 0.000011 -0.000015 -0.057773 0.002093 -0.150351
176 22.407976 0.000023 -0.000031 -0.036507 0.008056 -0.083224
177 -1.900848 5.333252 -10.470081 -2.627643 0.255128 0.116450
178 21.914314 0.000007 -0.000015 0.006922 0.011691 -0.017403
179 22.319839 -0.000009 0.000004 -0.019347 -0.009268 -0.046649
180 22.569626 0.000002 -0.000008 -0.033701 -0.171731 -0.129692
181 22.663216 0.000022 -0.000015 -0.056354 0.037561 -0.119824
182 22.604525 0.000015 -0.000031 -0.036291 0.007359 -0.081837
183 -1.865601 -0.000002 -11.435442 3.133390 0.268239 0.001980
184 22.186676 -0.000004 -0.000011 -0.008643 0.018696 -0.002747
185 22.443718 -0.000002 -0.000011 -0.008331 0.010876 -0.004181
186 22.611549 -0.000004 -0.000011 -0.012876 -0.132050 -0.069978
187 22.692020 0.000006 0.000008 -0.016653 0.063559 -0.067651
188 22.687653 0.000010 -0.000004 -0.010974 0.016999 -0.098769
189 -1.900848 -5.333257 -10.470074 2.611132 0.253298 -0.112263
190 21.914352 0.000009 -0.000008 -0.024002 0.016185 0.013380
191 22.319839 -0.000021 0.000004 0.003162 -0.003850 0.039733
192 22.569633 0.000003 -0.000027 0.013544 -0.141335 -0.004390
193 22.663239 -0.000024 0.000008 0.022092 0.067735 -0.015081
194 22.604519 -0.000001 -0.000004 0.023089 0.037019 -0.086709
195 -1.967300 -9.854566 -7.722441 2.184568 0.210137 -0.213265
196 21.272736 -0.000017 0.000000 -0.017580 0.008819 0.022422
197 22.032478 0.000002 -0.000023 0.011253 -0.039891 0.069352
198 22.475693 -0.000004 -0.000023 0.018804 -0.186564 0.046741
199 22.598713 0.000000 -0.000015 0.031345 0.049784 0.029056
200 22.407991 -0.000016 -0.000015 0.033594 0.059731 -0.071373
201 -1.972580 -12.875610 -3.614565 1.852870 0.141133 -0.284292
202 20.655182 0.000011 -0.000011 -0.000323 0.002401 0.023915
203 21.762276 -0.000004 -0.000011 0.015592 -0.077754 0.086389
204 22.392166 -0.000008 -0.000023 0.011012 -0.239365 0.082142
205 22.541336 -0.000008 -0.000023 0.017032 0.021347 0.061610
206 22.217506 -0.000001 -0.000015 0.006534 0.068582 -0.038861
207 0.059621 0.456168 0.250107 0.000000 -0.000000 0.000000
208 0.059621 0.456168 0.250107 0.000000 -0.000000 0.000000
time 29
  0 0.059621 0.456168 0.250107 0.000000 -0.000000 0.000000
  1 0.059621 0.456168 0.250107 0.000000 -0.000000 0.000000
  2 0.059621 0.456168 0.250107 0.000000 -0.000000 0.000000
  3 0.059621 0.456168 0.250107 0.000000 -0.000000 0.000000
  4 0.059621 0.456168 0.250107 0.000000 -0.000000 0.000000
  5 0.059621 0.456168 0.250107 0.000000 -0.000000 0.000000
  6 0.059621 0.456168 0.250107 0.000000 -0.000000 0.000000
  7 0.059621 0.456168 0.250107 0.000000 -0.000000 0.000000
  8 0.059621 0.456168 0.250107 0.000000 -0.000000 0.000000
  9 0.059621 0.456168 0.250107 0.000000 -0.000000 0.000000
 10 120.274582 39.045349 154.010239 -1.240896 -0.083001 1.541372
 11 24.668243 0.000015 -0.000046 1.006015 -0.246251 -0.589413
 12 30.380127 -0.000015 0.000015 1.640288 -0.310516 0.697269
 13 19.902107 0.000008 -0.000015 0.048716 -0.445406 -0.093645
 14 -88.350739 -21.637981 107.275566 -1.161872 -2.950042 -1.460295
 15 35.349510 0.000000 0.000023 -1.442263 -0.128213 0.534784
 16 37.124329 0.000000 0.000004 -2.289737 -0.046796 0.338724
 17 0.059621 0.456168 0.250107 0.064768 -0.005215 -0.156772
 18 0.059621 -22.661495 98.048065 3.141593 1.420663 1.570796
 19 -65.799561 -0.000020 1.142856 -0.000000 0.000514 3.141077
 20 11.181595 0.005760 -0.002409 -0.000000 0.254797 0.000515
 21 27.835175 -0.000000 0.000015 -3.141592 -0.129896 -0.000000
 22 5.330399 -0.000001 -0.000002 -3.070919 -0.014572 0.003512
 23 10.134888 -4.133392 3.834202 -0.681865 -1.173930 -2.497280
 24 10.134903 4.133399 3.834198 0.681899 -1.173920 2.497250
 25 22.592346 0.000010 17.467117 -0.000010 2.956431 0.000000
 26 21.199997 -7.744008 14.169518 -0.644457 -0.154503 -3.025319
 27 18.142014 -13.440228 7.965775 1.228366 -0.180197 3.082644
 28 21.199951 7.744024 14.169502 0.644460 -0.154503 3.025318
 29 18.141998 13.440241 7.965775 -0.316157 -0.180196 -3.082644
 30 11.858856 -13.360001 3.526516 1.542249 3.132957 0.174415
 31 9.463272 -16.404867 -2.906046 1.542282 3.132901 0.176490
 32 9.125244 -10.885475 -11.371326 0.000496 2.962373 0.000256
 33 11.858856 13.360006 3.526474 -1.542248 3.132957 -0.174414
 34 9.463257 16.404867 -2.906023 -1.542281 3.132900 -0.176490
 35 9.125275 10.885475 -11.371305 -0.000492 2.962373 0.000256
 36 9.023224 -0.000003 -17.296177 0.000180 -0.167048 -3.141356
 37 12.691391 -0.000002 -19.438765 0.000975 2.474118 0.001512
 38 10.989426 0.000002 -0.000015 0.004710 -0.619371 -0.008583
 39 12.871460 -10.586842 -15.652472 0.876162 2.714863 0.459776
 40 10.727005 0.000011 -0.000031 -0.194903 -0.599580 0.325512
 41 12.871460 10.586843 -15.652472 -0.812232 2.686279 -0.429828
 42 10.727005 -0.000027 0.000008 0.245715 -0.582937 -0.435172
 43 12.847214 -17.570086 -4.701338 1.147099 2.819782 0.611029
 44 11.496506 0.000008 -0.000031 -0.213717 -0.554101 0.359724
 45 12.847183 17.570087 -4.701361 -1.091495 2.782761 -0.589909
 46 11.496460 -0.000004 0.000000 0.253672 -0.537806 -0.461574
 47 28.485962 0.000011 16.460361 -0.010063 0.426839 -0.035665
 48 23.052765 -6.207911 -0.077286 -1.470206 0.035100 -1.833545
 49 9.436909 -0.000008 -0.000031 -0.006963 0.460043 0.412504
 50 31.269341 0.000006 -0.000015 0.012869 -0.176421 -0.014948
 51 28.756512 0.000004 -0.000031 0.041016 -0.333101 -0.044347
 52 2.251989 -2.464409 -1.141647 0.481305 0.508197 -0.319329
 53 3.674042 -0.000023 0.000000 -0.277611 0.179024 0.194713
 54 3.614693 0.000011 0.000000 0.013156 0.193871 -0.001558
 55 9.035505 -2.494949 0.484573 -0.001362 0.302449 0.001673
 56 2.943581 -0.000002 -0.000015 0.010585 0.293657 -0.007800
 57 2.649437 0.000000 0.000015 -0.006498 0.303243 0.008512
 58 9.093620 -0.386671 0.647720 0.020190 0.475380 -0.012607
 59 3.451885 0.000000 0.000000 -0.014209 0.528778 0.009212
 60 2.898193 -0.000002 0.000031 -0.000683 0.490858 0.000916
 61 8.894590 1.605848 0.371902 -0.000566 0.547851 0.000704
 62 3.130402 0.000002 0.000031 0.003896 0.567158 -0.005064
 63 2.629532 0.000004 -0.000038 0.004892 0.544388 -0.006589
 64 8.470617 3.459526 0.131500 -0.021715 0.541478 0.011456
 65 2.410267 0.000000 -0.000061 0.022815 0.529939 -0.013321
 66 2.000778 0.000004 0.000008 -0.005415 0.533618 0.007402
 67 23.052765 6.207910 -0.077301 1.481823 0.058643 2.080206
 68 9.436890 0.000023 -0.000015 0.411577 0.103430 -0.239449
 69 31.269356 -0.000015 -0.000031 -0.706079 -0.309745 0.088648
 70 28.756508 -0.000008 -0.000015 0.205804 -0.138519 -0.063772
 71 2.251900 2.464405 -1.141571 -0.513217 0.249535 0.112914
 72 3.674088 0.000008 -0.000031 0.331388 -0.059506 -0.325011
 73 3.614677 0.000004 0.000031 0.067360 -0.216133 -0.086857
 74 9.035412 2.494946 0.484406 0.001362 -0.011534 -0.001673
 75 2.943573 -0.000004 -0.000031 -0.011498 -0.020268 0.014556
 76 2.649437 0.000000 0.000031 0.006498 -0.010740 -0.008512
 77 9.093685 0.386669 0.647766 -0.018031 0.093461 0.020165
 78 3.451862 0.000002 -0.000015 0.014953 0.008589 -0.019838
 79 2.898201 -0.000004 -0.000015 0.000683 -0.029445 -0.000917
 80 8.894413 -1.605852 0.371918 0.000566 0.090541 -0.000704
 81 3.130432 -0.000002 -0.000046 -0.003896 -0.009289 0.005063
 82 2.629517 0.000000 0.000015 -0.004892 -0.032059 0.006589
 83 8.470612 -3.459522 0.131378 0.018786 0.137518 -0.020073
 84 2.410278 0.000002 -0.000031 -0.024238 -0.029075 0.031299
 85 2.000755 0.000000 0.000015 0.005415 -0.025697 -0.007402
 86 9.832352 1.463058 -1.299438 0.016522 -0.031798 -0.020624
 87 25.040604 -5.670406 5.432800 -1.312159 -0.224887 -2.136065
 88 28.779709 -6.856311 -0.811420 -1.466235 0.019064 -1.725377
 89 29.182312 -3.955567 -4.961960 0.881869 2.552753 0.503940
 90 25.040573 5.670407 5.432755 1.296833 -0.398765 2.185823
 91 28.779739 6.856311 -0.811401 1.466235 0.019065 1.725381
 92 29.182297 3.955564 -4.961937 -0.881870 2.552752 -0.503941
 93 -65.335663 -0.000020 1.140918 -3.141591 0.043906 0.000000
 94 26.290909 -12.205289 1.157887 -2.071392 -0.016676 0.064978
 95 49.071045 0.000006 0.000008 2.100227 0.298079 -0.472613
 96 61.871300 -0.000017 -0.000023 3.054325 0.285621 0.071713
 97 26.290909 12.205297 1.157846 2.044386 0.128558 -0.159051
 98 49.071053 0.000002 -0.000034 -1.902158 0.430667 0.853176
 99 61.871281 0.000023 -0.000050 -2.944679 0.643075 0.102858
100 -0.698074 -11.192116 -8.252766 1.161006 -0.274361 -0.523320
101 20.568253 -0.000006 -0.000008 -0.098743 -0.007575 0.147292
102 0.223770 -5.734810 -12.929605 2.981239 0.447278 -0.299960
103 20.803574 -0.000008 -0.000031 0.001998 0.138196 0.378549
104 -1.040024 -3.033968 12.140516 1.553710 0.104843 -1.288701
105 -1.039993 3.034005 12.140503 -1.553711 0.104846 1.288700
106 4.165436 -5.407045 12.088396 0.807268 -0.714128 -0.402053
107 16.599457 -0.000002 -0.000023 0.086550 -0.339514 0.305247
108 4.165482 5.407081 12.088387 -1.053047 -1.035223 0.714222
109 16.599377 0.000011 -0.000015 -0.090524 -0.322803 -0.319845
110 6.428375 0.000001 -0.288940 -0.000001 0.001005 0.000000
111 -1.833771 -13.936463 1.224506 1.570504 0.053627 -0.313853
112 20.406952 -0.000004 -0.000015 0.016436 0.018410 0.008261
113 21.655487 -0.000002 -0.000004 0.017177 -0.087511 0.077278
114 22.360672 -0.000004 -0.000015 0.000044 -0.295643 0.099737
115 22.519657 -0.000005 -0.000008 -0.008598 -0.047830 0.108057
116 22.140385 0.000000 -0.000015 -0.041015 0.036932 -0.005355
117 -1.699203 -12.875613 4.918510 1.116518 -0.092159 -0.283860
118 20.938614 0.000015 0.000004 0.049831 0.017903 -0.003549
119 21.993614 -0.000002 -0.000046 0.027256 -0.119701 0.072096
120 22.563789 -0.000011 0.000000 -0.004241 -0.358833 0.106941
121 22.643353 0.000004 -0.000031 -0.026802 -0.114387 0.113173
122 22.238054 -0.000002 -0.000031 -0.072074 -0.004621 0.028189
123 -1.634354 -9.854568 8.052349 0.703494 -0.206482 -0.208270
124 22.205292 0.000002 -0.000011 0.053450 0.020361 -0.007277
125 22.804398 -0.000006 -0.000038 0.026092 -0.144702 0.054246
126 23.051666 0.000002 0.000008 -0.002323 -0.415873 0.081612
127 22.939976 0.000014 -0.000031 -0.026238 -0.175205 0.087674
128 22.472061 0.000013 -0.000015 -0.061040 -0.056933 0.037135
129 -1.616135 -5.333254 10.147442 0.335112 -0.274407 -0.106040
130 23.451309 0.000000 -0.000019 0.030509 0.021346 -0.002461
131 23.608025 -0.000004 -0.000023 0.014197 -0.159599 0.031132
132 23.536240 -0.000002 -0.000031 0.007368 -0.456189 0.032877
133 23.233974 0.000005 0.000008 -0.007006 -0.217662 0.040554
134 22.703682 0.000009 -0.000015 -0.021130 -0.095002 0.010447
135 -1.614532 -0.000000 10.883354 -0.008295 -0.295836 0.006480
136 23.962135 0.000001 -0.000027 -0.004418 0.020591 0.006478
137 23.938965 -0.000003 0.000019 -0.003482 -0.165561 0.006919
138 23.736023 -0.000003 -0.000008 0.020962 -0.476507 -0.027093
139 23.354975 0.000005 -0.000023 0.020440 -0.237535 -0.016645
140 22.798927 -0.000010 -0.000015 0.027464 -0.114200 -0.031439
141 -1.616135 5.333251 10.147429 -0.350986 -0.272702 0.118593
142 23.451324 -0.000008 0.000000 -0.039964 0.018668 0.014991
143 23.608017 -0.000004 -0.000034 -0.021313 -0.163372 -0.018023
144 23.536247 -0.000002 0.000000 0.033245 -0.476006 -0.089653
145 23.233973 -0.000018 -0.000015 0.046355 -0.234069 -0.077816
146 22.703672 0.000006 0.000000 0.075597 -0.109463 -0.076331
147 -1.634338 9.854565 8.052347 -0.718812 -0.203221 0.219641
148 22.205261 -0.000001 0.000008 -0.063712 0.015062 0.018363
149 22.804436 0.000001 -0.000057 -0.033934 -0.151900 -0.043331
150 23.051643 -0.000009 0.000000 0.039001 -0.453391 -0.148542
151 22.939972 -0.000011 -0.000008 0.058071 -0.207187 -0.133203
152 22.472061 -0.000006 -0.000015 0.108186 -0.085802 -0.127089
153 -1.699203 12.875607 4.918524 -1.131487 -0.087732 0.293425
154 20.938599 0.000017 0.000004 -0.061641 0.010357 0.012014
155 21.993607 -0.000006 -0.000057 -0.036582 -0.129404 -0.064830
156 22.563805 0.000002 -0.000008 0.031260 -0.409139 -0.188787
157 22.643347 0.000000 -0.000031 0.046766 -0.158894 -0.174354
158 22.238024 -0.000021 -0.000015 0.099186 -0.052956 -0.147296
159 -1.833771 13.936458 1.224504 -1.585567 0.058553 0.321246
160 20.406975 0.000004 -0.000038 -0.030144 0.009752 -0.003428
161 21.655518 0.000011 -0.000004 -0.028687 -0.098074 -0.074558
162 22.360664 0.000006 -0.000023 0.043066 -0.401927 -0.213411
163 22.519665 0.000004 -0.000023 0.055748 -0.137377 -0.208338
164 22.140368 -0.000004 0.000000 0.100406 -0.062467 -0.159195
165 -1.972580 12.875609 -3.614553 -1.867748 0.144934 0.294997
166 20.655174 0.000006 -0.000023 -0.014318 0.010636 -0.009857
167 21.762253 0.000004 -0.000015 -0.029320 -0.072924 -0.070180
168 22.392159 0.000011 -0.000015 -0.011942 -0.304501 -0.187344
169 22.541344 0.000015 -0.000031 -0.030092 -0.055932 -0.187420
170 22.217491 0.000006 -0.000008 -0.011945 -0.015625 -0.111256
171 -1.967316 9.854567 -7.722437 -2.199920 0.213860 0.221584
172 21.272720 0.000003 -0.000004 0.001676 0.011817 -0.013502
173 22.032516 0.000021 -0.000046 -0.026173 -0.041104 -0.059003
174 22.475662 0.000006 -0.000008 -0.030563 -0.245682 -0.164159
175 22.598717 0.000013 -0.000023 -0.057062 -0.010795 -0.164957
176 22.407970 0.000017 -0.000031 -0.036068 0.000756 -0.082636
177 -1.900848 5.333252 -10.470083 -2.627237 0.255991 0.118209
178 21.914337 0.000007 -0.000019 0.007046 0.015924 -0.011436
179 22.319832 -0.000007 0.000008 -0.019148 -0.009334 -0.037897
180 22.569618 0.000002 -0.000008 -0.034142 -0.184141 -0.127283
181 22.663216 0.000022 -0.000015 -0.056448 0.034566 -0.126729
182 22.604521 0.000017 -0.000023 -0.035950 -0.000190 -0.081459
183 -1.865570 -0.000002 -11.435444 3.133043 0.269291 0.002002
184 22.186691 -0.000004 -0.000011 -0.008742 0.020243 -0.002626
185 22.443710 -0.000002 -0.000008 -0.008551 0.007313 -0.004055
186 22.611549 -0.000005 -0.000011 -0.012785 -0.144639 -0.071257
187 22.692020 0.000005 0.000015 -0.016637 0.065271 -0.065441
188 22.687653 0.000010 -0.000008 -0.010776 0.009320 -0.098925
189 -1.900833 -5.333257 -10.470076 2.610770 0.254135 -0.113958
190 21.914352 0.000006 -0.000008 -0.024384 0.020358 0.007593
191 22.319832 -0.000023 0.000008 0.002837 -0.004076 0.031318
192 22.569618 0.000004 -0.000023 0.013802 -0.153704 -0.008779
193 22.663239 -0.000022 0.000008 0.023105 0.062842 -0.002600
194 22.604527 -0.000001 -0.000008 0.023096 0.029401 -0.087411
195 -1.967285 -9.854567 -7.722445 2.183810 0.210386 -0.216589
196 21.272720 -0.000014 0.000004 -0.017952 0.019005 0.012722
197 22.032471 0.000006 -0.000023 0.011296 -0.032618 0.055602
198 22.475693 -0.000011 -0.000031 0.019300 -0.198021 0.040711
199 22.598709 0.000000 -0.000015 0.031333 0.033907 0.047674
200 22.407978 -0.000017 -0.000015 0.033403 0.052315 -0.072365
201 -1.972565 -12.875611 -3.614569 1.852225 0.140355 -0.288893
202 20.655182 0.000011 -0.000011 -0.000825 0.019045 0.012151
203 21.762283 -0.000011 -0.000004 0.016150 -0.062897 0.069969
204 22.392174 -0.000004 -0.000031 0.011601 -0.250223 0.075916
205 22.541336 -0.000010 -0.000023 0.016102 -0.005630 0.083709
206 22.217505 -0.000008 -0.000023 0.006184 0.061415 -0.039728
207 0.059621 0.456168 0.250107 0.000000 -0.000000 0.000000
208 0.059621 0.456168 0.250107 0.000000 -0.000000 0.000000
time 30
  0 0.059621 0.456168 0.250107 0.000000 -0.000000 0.000000
  1 0.059621 0.456168 0.250107 0.000000 -0.000000 0.000000
  2 0.059621 0.456168 0.250107 0.000000 -0.000000 0.000000
  3 0.059621 0.456168 0.250107 0.000000 -0.000000 0.000000
  4 0.059621 0.456168 0.250107 0.000000 -0.000000 0.000000
  5 0.059621 0.456168 0.250107 0.000000 -0.000000 0.000000
  6 0.059621 0.456168 0.250107 0.000000 -0.000000 0.000000
  7 0.059621 0.456168 0.250107 0.000000 -0.000000 0.000000
  8 0.059621 0.456168 0.250107 0.000000 -0.000000 0.000000
  9 0.059621 0.456168 0.250107 0.000000 -0.000000 0.000000
 10 120.558746 39.731293 154.010239 -1.241095 -0.080263 1.547801
 11 24.668255 0.000031 -0.000046 0.989535 -0.192831 -0.520204
 12 30.380142 -0.000015 0.000023 1.631234 -0.373311 0.644964
 13 19.902100 0.000015 -0.000015 0.050440 -0.379715 -0.098874
 14 -88.350739 -21.637981 107.458252 -1.162479 -2.953616 -1.441304
 15 35.349510 0.000008 0.000015 -1.441959 -0.137084 0.529045
 16 37.124329 -0.000015 -0.000004 -2.293188 -0.055582 0.336110
 17 0.059621 0.456168 0.250107 0.064768 -0.005215 -0.156772
 18 0.059621 -22.661495 98.597420 3.141593 1.420663 1.570796
 19 -65.799553 -0.000020 1.142858 -0.000000 0.000514 3.141077
 20 11.181595 0.005760 -0.002409 -0.000000 0.254797 0.000515
 21 27.835159 -0.000000 0.000015 -3.141592 -0.129896 -0.000000
 22 5.330399 -0.000001 -0.000004 -3.070919 -0.014572 0.003512
 23 10.134888 -4.133392 3.834202 -0.681865 -1.173930 -2.497280
 24 10.134903 4.133399 3.834198 0.681899 -1.173919 2.497249
 25 22.592346 0.000010 17.467117 -0.000010 2.956431 0.000000
 26 21.199982 -7.744008 14.169518 -0.644457 -0.154503 -3.025319
 27 18.142014 -13.440228 7.965775 1.228366 -0.180197 3.082644
 28 21.199951 7.744024 14.169502 0.644460 -0.154503 3.025318
 29 18.141998 13.440241 7.965775 -0.316157 -0.180196 -3.082644
 30 11.858856 -13.360001 3.526516 1.542249 3.132957 0.174415
 31 9.463272 -16.404867 -2.906046 1.542282 3.132901 0.176490
 32 9.125244 -10.885475 -11.371326 0.000496 2.962373 0.000256
 33 11.858856 13.360006 3.526474 -1.542248 3.132957 -0.174414
 34 9.463257 16.404865 -2.906025 -1.542281 3.132900 -0.176490
 35 9.125275 10.885475 -11.371305 -0.000492 2.962373 0.000256
 36 9.023224 -0.000003 -17.296177 0.000180 -0.167048 -3.141356
 37 12.691391 -0.000002 -19.438765 0.001250 2.422118 0.001371
 38 10.989426 0.000002 -0.000015 0.000000 -0.586913 0.000000
 39 12.871460 -10.586842 -15.652472 0.893887 2.683157 0.501155
 40 10.727005 0.000009 -0.000031 -0.204447 -0.568539 0.332627
 41 12.871460 10.586843 -15.652472 -0.830051 2.652223 -0.469787
 42 10.726990 -0.000025 0.000015 0.241866 -0.556068 -0.406343
 43 12.847214 -17.570086 -4.701338 1.162881 2.798666 0.659387
 44 11.496490 0.000008 -0.000031 -0.225373 -0.525849 0.367229
 45 12.847183 17.570086 -4.701361 -1.108888 2.759145 -0.637917
 46 11.496475 -0.000004 -0.000015 0.256930 -0.513446 -0.438973
 47 28.485962 0.000011 16.460361 -0.010063 0.426839 -0.035665
 48 23.052750 -6.207911 -0.077290 -1.470206 0.035100 -1.833545
 49 9.436909 -0.000011 -0.000031 -0.004569 0.467528 0.415478
 50 31.269333 0.000004 -0.000031 0.010995 -0.176646 -0.009999
 51 28.756504 0.000008 -0.000031 0.041016 -0.333101 -0.044347
 52 2.251987 -2.464407 -1.141632 0.481305 0.508197 -0.319329
 53 3.674046 -0.000023 0.000015 -0.277611 0.179024 0.194713
 54 3.614700 0.000015 0.000000 0.013156 0.193871 -0.001558
 55 9.035503 -2.494946 0.484558 -0.001362 0.302449 0.001673
 56 2.943573 0.000000 0.000000 0.010585 0.293657 -0.007800
 57 2.649437 0.000004 0.000000 -0.006498 0.303243 0.008512
 58 9.093624 -0.386673 0.647705 0.020190 0.475380 -0.012607
 59 3.451893 0.000000 -0.000015 -0.014209 0.528778 0.009212
 60 2.898170 -0.000002 0.000038 -0.000683 0.490858 0.000916
 61 8.894588 1.605854 0.371902 -0.000566 0.547851 0.000704
 62 3.130398 0.000002 0.000031 0.003896 0.567158 -0.005064
 63 2.629547 0.000002 -0.000046 0.004892 0.544389 -0.006589
 64 8.470619 3.459526 0.131500 -0.021715 0.541478 0.011456
 65 2.410263 0.000000 -0.000046 0.022815 0.529939 -0.013321
 66 2.000809 0.000004 0.000000 -0.005415 0.533618 0.007402
 67 23.052750 6.207910 -0.077305 1.481823 0.058643 2.080206
 68 9.436897 0.000023 -0.000015 0.410095 0.108398 -0.241491
 69 31.269356 -0.000023 -0.000046 -0.706007 -0.315081 0.084452
 70 28.756502 0.000000 -0.000046 0.205804 -0.138519 -0.063772
 71 2.251896 2.464413 -1.141556 -0.513217 0.249535 0.112914
 72 3.674088 0.000000 -0.000031 0.331388 -0.059506 -0.325011
 73 3.614681 0.000004 0.000031 0.067360 -0.216133 -0.086857
 74 9.035416 2.494949 0.484421 0.001362 -0.011534 -0.001673
 75 2.943569 0.000000 -0.000031 -0.011497 -0.020268 0.014556
 76 2.649445 0.000000 0.000031 0.006498 -0.010740 -0.008512
 77 9.093689 0.386673 0.647797 -0.018031 0.093461 0.020165
 78 3.451862 0.000000 -0.000015 0.014953 0.008589 -0.019838
 79 2.898201 0.000000 0.000000 0.000684 -0.029445 -0.000917
 80 8.894417 -1.605850 0.371902 0.000566 0.090541 -0.000704
 81 3.130432 -0.000004 -0.000046 -0.003896 -0.009289 0.005063
 82 2.629524 0.000004 0.000015 -0.004892 -0.032059 0.006589
 83 8.470604 -3.459520 0.131393 0.018786 0.137518 -0.020073
 84 2.410267 -0.000006 -0.000015 -0.024238 -0.029075 0.031299
 85 2.000751 0.000002 0.000031 0.005415 -0.025697 -0.007402
 86 9.832344 1.463066 -1.299438 0.016522 -0.031798 -0.020624
 87 25.040588 -5.670406 5.432796 -1.312159 -0.224887 -2.136065
 88 28.779694 -6.856311 -0.811420 -1.466235 0.019064 -1.725377
 89 29.182297 -3.955567 -4.961964 0.881869 2.552753 0.503940
 90 25.040558 5.670407 5.432755 1.296833 -0.398765 2.185823
 91 28.779724 6.856311 -0.811405 1.466235 0.019065 1.725381
 92 29.182281 3.955564 -4.961941 -0.881870 2.552752 -0.503941
 93 -65.335670 -0.000020 1.140916 -3.141591 0.044911 0.000000
 94 26.290924 -12.205290 1.157888 -2.071447 -0.017454 0.065112
 95 49.071030 0.000004 0.000006 2.099953 0.298500 -0.473565
 96 61.871311 -0.000019 -0.000023 3.054255 0.284928 0.071782
 97 26.290924 12.205296 1.157845 2.044502 0.127786 -0.159169
 98 49.071060 0.000006 -0.000034 -1.908292 0.429678 0.840556
 99 61.871277 0.000026 -0.000057 -2.944714 0.642381 0.102745
100 -0.698059 -11.192117 -8.252768 1.167688 -0.294388 -0.547171
101 20.568245 0.000000 0.000000 -0.099319 0.002556 0.142974
102 0.223785 -5.734810 -12.929604 2.975150 0.456201 -0.314058
103 20.803589 -0.000008 -0.000023 0.004163 0.140976 0.364811
104 -1.040009 -3.033968 12.140516 1.554517 0.104601 -1.288764
105 -1.039993 3.034005 12.140505 -1.554518 0.104604 1.288764
106 4.165451 -5.407045 12.088396 0.829154 -0.759033 -0.434322
107 16.599449 -0.000004 -0.000031 0.086125 -0.326972 0.305860
108 4.165497 5.407081 12.088385 -1.054563 -1.035954 0.715918
109 16.599377 0.000008 0.000000 -0.090706 -0.329791 -0.320037
110 6.428391 0.000001 -0.288942 -0.000001 -0.000000 0.000000
111 -1.833755 -13.936462 1.224506 1.569747 0.044744 -0.327909
112 20.406952 0.000002 -0.000023 0.015710 0.039557 -0.002104
113 21.655502 0.000000 -0.000008 0.017714 -0.063709 0.059828
114 22.360680 -0.000002 -0.000015 0.001887 -0.303479 0.090060
115 22.519661 -0.000002 -0.000008 -0.010530 -0.074574 0.125279
116 22.140385 0.000004 -0.000023 -0.041652 0.048347 -0.006385
117 -1.699219 -12.875612 4.918514 1.117684 -0.107216 -0.296711
118 20.938614 0.000017 0.000004 0.049044 0.043809 -0.013296
119 21.993607 -0.000002 -0.000038 0.028513 -0.088694 0.055666
120 22.563789 -0.000013 0.000000 -0.002410 -0.364011 0.099494
121 22.643349 0.000004 -0.000031 -0.029759 -0.146687 0.131010
122 22.238052 0.000002 -0.000031 -0.072442 0.007319 0.026896
123 -1.634338 -9.854568 8.052351 0.705416 -0.225802 -0.217642
124 22.205292 0.000002 -0.000011 0.052773 0.049458 -0.014304
125 22.804390 -0.000003 -0.000034 0.027266 -0.108415 0.041905
126 23.051666 0.000002 0.000000 -0.000794 -0.419630 0.076213
127 22.939980 0.000006 -0.000046 -0.029474 -0.211816 0.102360
128 22.472059 0.000010 -0.000015 -0.061144 -0.042851 0.035919
129 -1.616135 -5.333254 10.147442 0.336211 -0.295831 -0.110754
130 23.451309 0.000001 -0.000011 0.030372 0.051808 -0.005974
131 23.608025 -0.000004 -0.000023 0.014891 -0.120425 0.024595
132 23.536232 -0.000003 -0.000031 0.008513 -0.459353 0.029360
133 23.233971 0.000004 0.000008 -0.009213 -0.256813 0.048690
134 22.703678 0.000008 -0.000008 -0.021398 -0.082493 0.010164
135 -1.614517 -0.000000 10.883354 -0.008002 -0.317820 0.006766
136 23.962143 0.000001 -0.000023 -0.004649 0.051369 0.006580
137 23.938957 -0.000003 0.000019 -0.003549 -0.125467 0.006711
138 23.736023 -0.000003 -0.000015 0.021845 -0.479653 -0.029555
139 23.354971 0.000005 -0.000023 0.020196 -0.277332 -0.017249
140 22.798925 -0.000010 -0.000015 0.026916 -0.101632 -0.030756
141 -1.616119 5.333251 10.147425 -0.352570 -0.294040 0.123858
142 23.451317 -0.000008 0.000004 -0.039548 0.049137 0.018675
143 23.608025 -0.000003 -0.000031 -0.021830 -0.124084 -0.011784
144 23.536247 0.000000 -0.000008 0.033450 -0.479685 -0.089895
145 23.233974 -0.000019 -0.000031 0.048102 -0.272855 -0.085169
146 22.703669 0.000010 0.000000 0.073387 -0.098436 -0.074952
147 -1.634323 9.854566 8.052347 -0.720935 -0.222380 0.229507
148 22.205269 0.000001 0.000000 -0.063385 0.044161 0.025583
149 22.804443 0.000000 -0.000061 -0.035361 -0.115373 -0.031229
150 23.051636 -0.000010 0.000000 0.038130 -0.457973 -0.147658
151 22.939970 -0.000010 -0.000015 0.061231 -0.242574 -0.148208
152 22.472061 -0.000006 -0.000015 0.105458 -0.073451 -0.125037
153 -1.699219 12.875608 4.918526 -1.132829 -0.102581 0.306686
154 20.938614 0.000015 -0.000004 -0.061225 0.036253 0.021974
155 21.993599 -0.000008 -0.000050 -0.037903 -0.098120 -0.048407
156 22.563812 0.000000 -0.000015 0.030696 -0.415588 -0.185794
157 22.643353 0.000006 -0.000038 0.050043 -0.189435 -0.192547
158 22.238028 -0.000010 -0.000015 0.099143 -0.039127 -0.145337
159 -1.833771 13.936459 1.224506 -1.584805 0.049886 0.335622
160 20.406952 0.000004 -0.000031 -0.029259 0.030864 0.007161
161 21.655510 0.000008 0.000000 -0.029669 -0.074035 -0.056908
162 22.360649 0.000002 -0.000015 0.041999 -0.413222 -0.209162
163 22.519669 -0.000004 -0.000008 0.058756 -0.161017 -0.224929
164 22.140373 -0.000010 0.000000 0.100873 -0.049200 -0.157874
165 -1.972580 12.875609 -3.614557 -1.865787 0.140005 0.307865
166 20.655182 0.000004 -0.000015 -0.013728 0.027510 -0.000071
167 21.762238 0.000004 -0.000015 -0.029833 -0.055002 -0.053520
168 22.392159 0.000013 -0.000015 -0.012842 -0.315743 -0.182180
169 22.541336 0.000011 -0.000015 -0.028565 -0.075028 -0.202950
170 22.217491 0.000006 -0.000015 -0.010558 -0.002801 -0.112949
171 -1.967300 9.854568 -7.722435 -2.197972 0.211828 0.230953
172 21.272720 0.000000 -0.000004 0.002239 0.022941 -0.005585
173 22.032516 0.000020 -0.000046 -0.026158 -0.031179 -0.045075
174 22.475670 0.000004 -0.000008 -0.031107 -0.258702 -0.159696
175 22.598713 0.000006 -0.000015 -0.056417 -0.021364 -0.176820
176 22.407976 0.000015 -0.000023 -0.035915 -0.001783 -0.082431
177 -1.900848 5.333252 -10.470081 -2.625749 0.255644 0.123073
178 21.914322 0.000007 -0.000023 0.007091 0.021787 -0.006759
179 22.319839 -0.000009 0.000004 -0.018931 -0.007280 -0.029301
180 22.569618 0.000000 -0.000008 -0.034137 -0.199018 -0.125340
181 22.663216 0.000017 -0.000023 -0.056353 0.031838 -0.132812
182 22.604517 0.000015 -0.000023 -0.035832 -0.002816 -0.081327
183 -1.865585 -0.000002 -11.435442 3.133069 0.269448 0.002086
184 22.186691 -0.000004 -0.000008 -0.008737 0.023901 -0.002595
185 22.443703 -0.000002 -0.000004 -0.008161 0.005653 -0.003910
186 22.611542 -0.000005 -0.000008 -0.012508 -0.160316 -0.073908
187 22.692017 0.000004 0.000008 -0.016541 0.065705 -0.063941
188 22.687649 0.000009 -0.000004 -0.010707 0.006649 -0.098979
189 -1.900833 -5.333257 -10.470074 2.609344 0.253715 -0.118646
190 21.914337 0.000009 -0.000011 -0.024427 0.026267 0.003025
191 22.319824 -0.000021 0.000000 0.002611 -0.002064 0.023010
192 22.569618 0.000006 -0.000027 0.014468 -0.167705 -0.016044
193 22.663231 -0.000019 0.000000 0.022940 0.059156 0.005544
194 22.604527 0.000001 -0.000008 0.023104 0.026751 -0.087655
195 -1.967285 -9.854566 -7.722443 2.181949 0.208213 -0.225745
196 21.272720 -0.000015 0.000000 -0.018365 0.030194 0.004967
197 22.032478 0.000004 -0.000023 0.011159 -0.022791 0.041981
198 22.475700 -0.000008 -0.000031 0.020480 -0.209628 0.031280
199 22.598709 0.000003 -0.000023 0.031174 0.021772 0.060721
200 22.407984 -0.000018 -0.000023 0.033336 0.049735 -0.072710
201 -1.972565 -12.875611 -3.614565 1.850372 0.135234 -0.301496
202 20.655182 0.000013 -0.000015 -0.001759 0.035972 0.002571
203 21.762276 -0.000008 0.000000 0.016321 -0.045125 0.053611
204 22.392159 -0.000004 -0.000023 0.013192 -0.259872 0.065899
205 22.541332 -0.000005 -0.000015 0.014974 -0.026667 0.099433
206 22.217505 -0.000002 -0.000015 0.006063 0.058922 -0.040030
207 0.059621 0.456168 0.250107 0.000000 -0.000000 0.000000
208 0.059621 0.456168 0.250107 0.000000 -0.000000 0.000000
end
